symbol,entry_bar,exit_bar,entry_time,exit_time,direction,outcome,entry,tp1,tp2,sl,gross_r,net_r,cost_r,mtf_score,volume_ratio,rsi,eff_ratio,vol_atr_pct,vol_ratio_regime,adaptive_pack,adaptive_reason,risk_mult,quality_score,trend_score,volatility_score,entry_quality_score,portfolio_risk_score,session,trend_1h,trend_4h,entry_source,signals,score_tags,premium,sniper,knn_score,swing_trend,mae_r,mfe_tp1,accel_ratio,buy_pressure,absorption,obv_agree,obv_strength,size_mult,signal_bar,zone_age_bars,bos_candles_ago,extension_atr,room_atr,tp1_beyond_level,entry_range_atr,run_bars
AVAXUSDT,82,88,1706256900,1706263200,LONG,TRAIL,30.894,31.26235151,32.73575756,30.28008081,0.0,-0.1509677519609713,0.1509677519609713,13,1.38,60.06,0.2629727352682476,0.007848734249398037,1.3906861917758055,base,adaptive disabled,1.0,64.5,55,91,50,80,LONDON,bullish,neutral,FVG,BOS bullish | Vol 1.4x | FVG | LiqSweep | ChoCH | Session:LONDON | Zone:FVG | MTF 13,BOS+2 | 1h+2 | 4hN+1 | Vol+1 | RSI+1 | BTC+2 | FVG+1 | LiqSweep+1 | ChoCH+1 | Zone:FVG+1 | Sess:LONDON,0,0,-1.0,range,0.1889,1.3628,0.0,-0.067,1.243,-1.0,-0.214,1.5,82,0,1,0.079,0.021,1,0.969,0
XLMUSDT,88,94,1706262300,1706268600,LONG,TRAIL,0.1137,0.11451864,0.1177932,0.1123356,1.6030876834343426,1.2697543501010098,0.3333333333333329,13,4.12,64.48,0.5555555555555572,0.00292551914408398,1.102920718294853,base,adaptive disabled,1.25,72.2,55,100,70,80,LONDON,bullish,neutral,FVG,BOS bullish | Vol 4.1x | FVG | ChoCH | Engulfing | Session:LONDON | Zone:FVG | MTF 13 | Risk x1.25,BOS+2 | 1h+2 | 4hN+1 | Vol+2 | RSI+1 | BTCok+1 | FVG+1 | ChoCH+1 | Engulfing+1 | Zone:FVG+1 | Sess:LONDON | QualityRisk:1.15 | RelStrengthRisk:1.25,0,0,-1.0,range,0.0733,1.3437,0.0,-0.2114,2.627,-1.0,-0.2409,2.0,88,2,3,0.628,-1.0,0,0.941,0
SOLUSDT,89,92,1706263200,1706266800,LONG,TRAIL,87.53,88.38441555,91.80207773,86.10597409,2.606191636632977,2.4678918356132047,0.1382998010197724,13,1.52,47.51,0.12686567164179333,0.009919232597733748,1.7763523682696682,base,adaptive disabled,1.25,61.2,55,75,50,80,LONDON,bullish,neutral,FVG,BOS bullish | Vol 1.5x | FVG | LiqSweep | ChoCH | Session:LONDON | Zone:FVG | MTF 13 | Risk x1.25,BOS+2 | 1h+2 | 4hN+1 | Vol+1 | RSI+1 | BTC+2 | FVG+1 | LiqSweep+1 | ChoCH+1 | Zone:FVG+1 | Sess:LONDON | QualityRisk:1.15 | RelStrengthRisk:1.25,0,1,-1.0,bear,0.0772,2.8558,0.0,-0.0705,1.835,1.0,-0.1327,1.125,89,7,2,1.137,1.372,1,1.408,0
SUIUSDT,147,150,1706315400,1706319000,LONG,TRAIL,1.4384,1.4686064,1.589432,1.388056,0.736237625656424,0.6558804827992811,0.08035714285714293,13,1.33,59.8,0.2472222222222233,0.025283281060827487,1.7280921945452603,base,adaptive disabled,1.15,73.0,55,89,80,80,OFF_HOURS,bullish,neutral,OB,BOS bullish | Vol 1.3x | FVG | OB | ChoCH | Zone:OB | MTF 13 | Risk x1.15,BOS+2 | BodyStrong+1 | 1h+2 | 4hN+1 | Vol+1 | RSI+1 | BTCok+1 | FVG+1 | OB+1 | ChoCH+1 | Zone:OB+1 | Sess:OFF_HOURS | QualityRisk:1.15,0,0,0.75,range,0.2344,1.0395,0.0,-0.0189,0.807,1.0,0.0777,1.40625,147,6,4,0.036,1.234,1,1.491,0
AVAXUSDT,151,165,1706319000,1706332500,LONG,TRAIL,32.513,32.85354252,34.21571261,31.94542913,0.5264470172307746,0.42977946362641106,0.09666755360436356,16,1.67,53.73,0.30501930501930424,0.006422167207182948,1.0349274527786296,base,adaptive disabled,1.15,71.5,55,96,70,80,OFF_HOURS,bullish,neutral,FVG,BOS bullish | Vol 1.7x | FVG | LiqSweep | ChoCH | Engulfing | BullWick | Zone:FVG | MTF 16 | Risk x1.15,BOS+2 | BodyStrong+1 | 1h+2 | 4hN+1 | Vol+1 | RSI+1 | BTC+2 | FVG+1 | LiqSweep+1 | ChoCH+1 | Engulfing+1 | BullWick+1 | Zone:FVG+1 | Sess:OFF_HOURS | QualityRisk:1.15,0,1,0.625,bear,0.1762,1.0865,0.0,-0.1812,2.013,1.0,-0.3546,0.84375,151,35,3,0.522,3.709,0,1.038,0
AVAXUSDT,208,236,1706370300,1706396400,LONG,TRAIL,32.674,33.05169918,34.56249589,32.04450137,1.3623461595999093,1.2066317619371218,0.1557143976627875,16,1.63,60.01,0.29130434782607717,0.006237102183718735,1.3268092473247184,base,adaptive disabled,1.15,77.5,65,94,80,80,NEW_YORK,bullish,neutral,OB,BOS bullish | Vol 1.6x | FVG | OB | ChoCH | BullWick | Session:NEW_YORK | StrongTrend1h | Zone:OB | MTF 16 | Risk x1.15,BOS+2 | BodyStrong+1 | 1h+2 | 4hN+1 | Vol+1 | RSI+1 | BTC+2 | FVG+1 | OB+1 | ChoCH+1 | BullWick+1 | Zone:OB+1 | Sess:NEW_YORK | Strong1h+1 | QualityRisk:1.15,0,0,0.6,bull,0.5878,1.1491,1.914,0.3096,1.434,1.0,0.2574,1.5,208,4,1,0.086,1.291,1,1.284,0
ADAUSDT,224,247,1706384700,1706406300,LONG,TRAIL,0.4875,0.49103215,0.50516073,0.48161309,0.6632713554042144,0.5584638778820503,0.10480747752216416,16,1.3,63.46,0.41860465116278994,0.003551698367774475,1.2182325404003271,base,adaptive disabled,1.0,75.8,65,100,70,80,DEAD_ZONE,bullish,neutral,FVG,BOS bullish | Vol 1.3x | FVG | ChoCH | Engulfing | BullWick | StrongTrend1h | Zone:FVG | MTF 16,BOS+2 | BodyStrong+1 | 1h+2 | 4hN+1 | Vol+1 | RSI+1 | BTC+2 | FVG+1 | ChoCH+1 | Engulfing+1 | BullWick+1 | Zone:FVG+1 | Sess:DEAD_ZONE | Strong1h+1,0,0,0.6,bull,0.5096,1.7553,6.0,0.3624,1.613,1.0,0.2471,0.6328125,224,0,1,0.874,0.202,1,1.076,0
AVAXUSDT,233,238,1706392800,1706398200,LONG,TRAIL,32.855,33.27567286,34.95836429,32.15387857,0.6851484596464297,0.57971201620467,0.10543644344175969,15,1.61,61.86,0.1983298538622109,0.004708588399244874,0.9900571490676344,base,adaptive disabled,1.15,69.3,65,83,60,80,DEAD_ZONE,bullish,neutral,OB,BOS bullish | Vol 1.6x | FVG | OB | ChoCH | Engulfing | StrongTrend1h | Zone:OB | MTF 15 | Risk x1.15,BOS+2 | 1h+2 | 4hN+1 | Vol+1 | RSI+1 | BTC+2 | FVG+1 | OB+1 | ChoCH+1 | Engulfing+1 | Zone:OB+1 | Sess:DEAD_ZONE | Strong1h+1 | QualityRisk:1.15,0,0,0.625,bull,0.0071,1.0816,0.275,0.0277,1.504,1.0,0.3546,1.125,233,4,1,0.053,1.832,1,1.086,0
SOLUSDT,241,247,1706400000,1706406300,LONG,TRAIL,93.92,94.91546198,98.8973099,92.2608967,0.5348085509795453,0.43928104524798517,0.09552750573156005,14,1.55,63.18,0.36121673003802257,0.007429343871022381,1.9000546950160404,base,adaptive disabled,1.25,67.8,65,90,50,80,DEAD_ZONE,bullish,neutral,FVG,BOS bullish | Vol 1.6x | FVG | ChoCH | Engulfing | BullWick | StrongTrend1h | Zone:FVG | MTF 14 | Risk x1.25,BOS+2 | 1h+2 | 4hN+1 | Vol+1 | RSI+1 | BTCok+1 | FVG+1 | ChoCH+1 | Engulfing+1 | BullWick+1 | Zone:FVG+1 | Sess:DEAD_ZONE | Strong1h+1 | QualityRisk:1.15 | RelStrengthRisk:1.25,0,0,0.7,bull,0.3436,1.1653,3.276,0.1086,1.386,1.0,0.4868,0.84375,239,1,2,0.716,-1.0,0,1.05,0
LINKUSDT,257,344,1706414400,1706493600,LONG,TRAIL,14.55,14.75983126,15.59915628,14.20028124,0.4306755159931692,0.34291526472726636,0.08776025126590291,13,2.67,71.82,0.7684210526315828,0.005043871216441305,1.448297181099075,base,adaptive disabled,1.0,75.8,65,100,70,80,OFF_HOURS,bullish,neutral,FVG,BOS bullish | Vol 2.7x | FVG | ChoCH | StrongTrend1h | Zone:FVG | MTF 13,BOS+2 | 1h+2 | 4hN+1 | Vol+2 | BTC+2 | FVG+1 | ChoCH+1 | Zone:FVG+1 | Sess:OFF_HOURS | Strong1h+1,0,0,0.775,range,1.0694,1.2867,0.0,0.1585,2.956,1.0,0.532,1.0546875,257,0,2,2.026,-1.0,0,0.971,6
AAVEUSDT,286,310,1706440500,1706463000,LONG,SL,92.55,93.38720748,96.7360374,91.1546542,-0.7793766964432768,-0.8788681630030355,0.0994914665597588,15,2.85,59.27,0.3333333333333386,0.005197366360883029,1.3660163758233068,base,adaptive disabled,1.15,84.5,90,100,70,80,OVERLAP,bullish,bullish,FVG,BOS bullish | Vol 2.9x | FVG | ChoCH | Engulfing | Session:OVERLAP | StrongTrend1h | Zone:FVG | MTF 15 | Risk x1.15,BOS+2 | 1h+2 | 4h+2 | Vol+2 | RSI+1 | BTCok+1 | FVG+1 | ChoCH+1 | Engulfing+1 | Zone:FVG+1 | Sess:OVERLAP | Strong1h+1 | QualityRisk:1.15,0,0,0.675,range,1.1897,0.7525,0.0,-0.1496,1.812,-1.0,-0.3502,0.75,285,3,4,1.252,1.465,1,2.265,1
DOTUSDT,330,336,1706480100,1706486400,LONG,TRAIL,6.699,6.80408256,7.22441282,6.52386239,1.2308877491132473,1.136757080592077,0.0941306685211702,17,3.96,66.1,0.41697416974170187,0.008864960365871003,1.6858621770321043,base,adaptive disabled,1.15,74.0,60,100,70,80,DEAD_ZONE,neutral,bullish,FVG,BOS bullish | Vol 4.0x | FVG | MACD_Div | ChoCH | BullWick | Zone:FVG | MTF 17 | Risk x1.15,BOS+2 | 1hN+1 | 4h+2 | Vol+2 | RSI+1 | BTC+2 | FVG+1 | MACD_Div+1 | ChoCH+1 | BullWick+1 | Zone:FVG+1 | Sess:DEAD_ZONE | NestedOB_1h+2 | RelStrengthRisk:1.15,0,1,0.6,bear,0.0228,1.2562,0.0,0.1007,2.013,1.0,0.1663,1.23046875,328,0,4,2.566,0.698,1,1.221,0
ADAUSDT,343,403,1706491800,1706546700,LONG,TRAIL,0.4943,0.50146454,0.53012269,0.4823591,1.0836527043132893,1.0021552355295293,0.0814974687837598,17,1.42,60.03,0.4971428571428527,0.006267066981112054,1.227593080510911,base,adaptive disabled,1.0,74.0,60,100,70,80,OFF_HOURS,neutral,bullish,FVG,BOS bullish | Vol 1.4x | FVG | ChoCH | Engulfing | BullWick | Zone:FVG | MTF 17,BOS+2 | BodyStrong+1 | 1hN+1 | 4h+2 | Vol+1 | RSI+1 | BTC+2 | FVG+1 | ChoCH+1 | Engulfing+1 | BullWick+1 | Zone:FVG+1 | Sess:OFF_HOURS | NestedOB_1h+2,0,0,0.675,bull,0.8877,1.5214,0.0,0.1871,1.941,-1.0,-0.0113,0.984375,343,0,2,0.876,1.861,1,0.693,0
AVAXUSDT,343,403,1706491800,1706546700,LONG,TRAIL,35.343,36.085203,39.054015,34.105995,1.2720209792175001,1.1841303542175003,0.08789062499999978,14,2.71,58.38,0.40109072880515856,0.01104359867789035,1.3949999775239634,base,adaptive disabled,1.25,74.0,60,100,70,80,OFF_HOURS,neutral,bullish,FVG,BOS bullish | Vol 2.7x | FVG | LiqSweep | ChoCH | Zone:FVG | MTF 14 | Risk x1.25,BOS+2 | 1hN+1 | 4h+2 | Vol+2 | RSI+1 | BTC+2 | FVG+1 | LiqSweep+1 | ChoCH+1 | Zone:FVG+1 | Sess:OFF_HOURS | QualityRisk:1.15 | RelStrengthRisk:1.25,0,0,0.6,range,0.8213,1.5427,0.0,0.0641,2.56,1.0,0.0534,1.5380859375,343,0,1,0.803,4.641,0,1.144,0
LINKUSDT,344,405,1706492700,1706548500,LONG,TRAIL,14.603,14.90417619,16.10888097,14.10103968,0.39610721814035066,0.36542431164586925,0.030682906494481462,16,2.84,69.01,0.6897810218978081,0.008448955166101642,1.3904291899582673,base,adaptive disabled,1.0,84.5,90,100,70,80,OFF_HOURS,bullish,bullish,FVG,BOS bullish | Vol 2.8x | FVG | ChoCH | Engulfing | BullWick | StrongTrend1h | Zone:FVG | MTF 16,BOS+2 | 1h+2 | 4h+2 | Vol+2 | BTC+2 | FVG+1 | ChoCH+1 | Engulfing+1 | BullWick+1 | Zone:FVG+1 | Sess:OFF_HOURS | Strong1h+1,0,0,0.475,bull,0.6973,1.1322,6.873,0.2081,1.868,1.0,0.1858,0.52734375,342,0,6,2.542,-1.0,0,1.021,0
SOLUSDT,344,352,1706492700,1706500800,LONG,TRAIL,96.58,98.60818,106.7209,93.1997,0.3401030711919187,0.3079602140490615,0.03214285714285723,14,1.91,61.94,0.4842767295597463,0.009859506119175717,1.2818672555757469,base,adaptive disabled,1.25,78.5,90,100,50,80,OFF_HOURS,bullish,bullish,FVG,BOS bullish | Vol 1.9x | FVG | ChoCH | StrongTrend1h | Zone:FVG | MTF 14 | Risk x1.25,BOS+2 | 1h+2 | 4h+2 | Vol+1 | RSI+1 | BTC+2 | FVG+1 | ChoCH+1 | Zone:FVG+1 | Sess:OFF_HOURS | Strong1h+1 | QualityRisk:1.15 | RelStrengthRisk:1.25,0,0,0.6,bull,0.0325,1.1932,0.0,0.0475,2.055,1.0,0.3165,0.5625,343,0,1,0.903,0.433,1,1.1,0
BTCUSDT,351,403,1706499000,1706546700,LONG,TRAIL,42331.5,42837.28258539,44860.41292697,41488.52902434,0.3783364425006705,0.341262149747108,0.0370742927535625,15,2.14,69.63,0.719000892060644,0.0028278104834443853,0.989825880416966,base,adaptive disabled,1.15,80.0,60,100,90,80,OFF_HOURS,neutral,bullish,FVG,BOS bullish | Vol 2.1x | FVG | ChoCH | Zone:FVG | MTF 15 | Risk x1.15,BOS+2 | BodyStrong+1 | 1hN+1 | 4h+2 | Vol+2 | BTC+2 | FVG+1 | ChoCH+1 | Zone:FVG+1 | Sess:OFF_HOURS | NestedOB_1h+2 | QualityRisk:1.15,0,0,0.65,bull,0.6444,1.4123,7.383,0.2659,1.729,1.0,0.3622,0.369140625,350,0,1,1.103,1.925,1,1.071,0
AAVEUSDT,352,405,1706499900,1706548500,LONG,TRAIL,92.11,93.27965919,97.95829596,90.16056801,0.8836111848111226,0.7595808255883826,0.12403035922273994,17,2.12,60.34,0.1333333333333307,0.0037797708336468673,0.8387403669403924,base,adaptive disabled,1.15,78.0,60,75,100,80,OFF_HOURS,neutral,bullish,OB,BOS bullish | Vol 2.1x | FVG | OB | ChoCH | Zone:OB | MTF 17 | Risk x1.15,BOS+2 | BodyStrong+1 | 1hN+1 | 4h+2 | Vol+2 | RSI+1 | BTC+2 | FVG+1 | OB+1 | ChoCH+1 | Zone:OB+1 | Sess:OFF_HOURS | NestedOB_1h+2 | QualityRisk:1.15,0,0,0.65,range,0.9593,1.0601,0.168,0.1744,1.788,-1.0,-0.0141,1.3125,352,5,3,0.237,2.609,1,0.791,0
DOTUSDT,358,411,1706505300,1706553900,LONG,TRAIL,6.915,7.05531983,7.61659916,6.68113361,0.46743517676808344,0.44248703757629965,0.0249481391917838,13,2.39,68.19,0.4170854271356733,0.006238475996592344,1.0471510197359244,base,adaptive disabled,1.25,84.5,90,100,70,80,OFF_HOURS,bullish,bullish,FVG,BOS bullish | Vol 2.4x | FVG | ChoCH | StrongTrend1h | Zone:FVG | MTF 13 | Risk x1.25,BOS+2 | 1h+2 | 4h+2 | Vol+2 | BTCok+1 | FVG+1 | ChoCH+1 | Zone:FVG+1 | Sess:OFF_HOURS | Strong1h+1 | QualityRisk:1.15 | RelStrengthRisk:1.25,0,0,0.575,range,0.8979,1.5607,0.709,0.1094,1.838,1.0,0.1654,0.421875,354,2,3,1.254,-1.0,0,0.775,0
XLMUSDT,407,444,1706549400,1706583600,LONG,TRAIL,0.1155,0.11687534,0.12237672,0.11320776,0.3411345697661749,0.284448751527247,0.056685818238927835,14,2.32,68.36,0.612903225806452,0.0054767079479966065,1.5745535364182108,base,adaptive disabled,1.15,87.0,80,100,90,80,OFF_HOURS,bullish,bullish,FVG,BOS bullish | Vol 2.3x | FVG | ChoCH | Engulfing | Zone:FVG | MTF 14 | Risk x1.15,BOS+2 | BodyStrong+1 | 1h+2 | 4h+2 | Vol+2 | BTCok+1 | FVG+1 | ChoCH+1 | Engulfing+1 | Zone:FVG+1 | Sess:OFF_HOURS | RelStrengthRisk:1.15,0,0,0.5,range,0.0436,1.0179,0.0,0.2089,1.63,1.0,0.3272,0.5625,406,0,1,1.422,0.406,1,1.016,0
ETHUSDT,427,497,1706567400,1706631300,LONG,TRAIL,2314.7,2333.08473677,2406.62368385,2284.05877205,0.880680487896752,0.7673674703615002,0.11331301753525178,13,1.89,70.51,0.6239476145930901,0.0035886427791473954,1.1002270288319822,base,adaptive disabled,1.15,78.5,90,100,50,80,DEAD_ZONE,bullish,bullish,FVG,BOS bullish | Vol 1.9x | FVG | ChoCH | Engulfing | StrongTrend1h | Zone:FVG | MTF 13 | Risk x1.15,BOS+2 | 1h+2 | 4h+2 | Vol+1 | BTCok+1 | FVG+1 | ChoCH+1 | Engulfing+1 | Zone:FVG+1 | Sess:DEAD_ZONE | Strong1h+1 | QualityRisk:1.15,0,1,0.6,bear,0.625,1.8037,0.0,0.0709,1.824,1.0,0.365,0.75,427,0,1,0.516,-1.0,0,0.939,3
SOLUSDT,432,439,1706571900,1706579100,LONG,TRAIL,101.34,102.71584572,108.21922859,99.0469238,0.3920292281573335,0.3423110809801922,0.049718147177141306,16,1.73,62.53,0.21153846153845918,0.006010186402873628,0.8888005068729113,base,adaptive disabled,1.15,75.5,90,85,50,80,DEAD_ZONE,bullish,bullish,FVG,BOS bullish | Vol 1.7x | FVG | ChoCH | Engulfing | BullWick | StrongTrend1h | Zone:FVG | MTF 16 | Risk x1.15,BOS+2 | 1h+2 | 4h+2 | Vol+1 | RSI+1 | BTC+2 | FVG+1 | ChoCH+1 | Engulfing+1 | BullWick+1 | Zone:FVG+1 | Sess:DEAD_ZONE | Strong1h+1 | QualityRisk:1.15,0,0,0.625,range,0.157,1.0103,0.423,0.072,1.603,1.0,0.3828,0.5625,432,0,1,0.152,0.135,1,1.214,3
SUIUSDT,432,439,1706571900,1706579100,LONG,TRAIL,1.5547,1.58105008,1.6864504,1.5107832,1.0329247122581098,0.9798231656973401,0.05310154656076962,15,1.5,64.06,0.29155313351498485,0.008912554633184881,0.863403730145488,base,adaptive disabled,1.15,83.3,90,94,70,80,DEAD_ZONE,bullish,bullish,FVG,BOS bullish | Vol 1.5x | FVG | ChoCH | StrongTrend1h | Zone:FVG | MTF 15 | Risk x1.15,BOS+2 | BodyStrong+1 | 1h+2 | 4h+2 | Vol+1 | RSI+1 | BTC+2 | FVG+1 | ChoCH+1 | Zone:FVG+1 | Sess:DEAD_ZONE | Strong1h+1 | QualityRisk:1.15,0,0,0.525,range,0.2846,1.3586,0.0,0.0224,1.533,1.0,0.1824,0.75,431,3,4,0.816,1.233,1,0.942,0
AVAXUSDT,439,467,1706578200,1706604300,LONG,TRAIL,36.153,36.62081911,38.49209554,35.37330149,0.3807415441085953,0.3155366532463564,0.06520489086223888,17,2.32,58.33,0.15151515151514716,0.008160887771991018,1.1017198492218334,base,adaptive disabled,1.15,80.1,90,78,70,80,OFF_HOURS,bullish,bullish,FVG,BOS bullish | Vol 2.3x | FVG | LiqSweep | MACD_Div | ChoCH | StrongTrend1h | Zone:FVG | MTF 17 | Risk x1.15,BOS+2 | 1h+2 | 4h+2 | Vol+2 | RSI+1 | BTC+2 | FVG+1 | LiqSweep+1 | MACD_Div+1 | ChoCH+1 | Zone:FVG+1 | Sess:OFF_HOURS | Strong1h+1 | QualityRisk:1.15,0,1,0.475,bear,0.8862,1.3659,10.0,-0.0606,1.838,1.0,0.1206,0.703125,439,0,1,0.321,1.393,1,1.564,4
LINKUSDT,439,477,1706578200,1706613300,LONG,TRAIL,15.04,15.17422429,15.71112147,14.81629284,1.0032953952370838,0.8457233264664641,0.15757206877061958,16,2.74,63.86,0.39130434782608875,0.006331942100608524,1.1717219771191967,base,adaptive disabled,1.15,84.5,90,100,70,80,OFF_HOURS,bullish,bullish,FVG,BOS bullish | Vol 2.7x | FVG | LiqSweep | ChoCH | StrongTrend1h | Zone:FVG | MTF 16 | Risk x1.15,BOS+2 | 1h+2 | 4h+2 | Vol+2 | RSI+1 | BTC+2 | FVG+1 | LiqSweep+1 | ChoCH+1 | Zone:FVG+1 | Sess:OFF_HOURS | Strong1h+1 | QualityRisk:1.15,0,1,0.575,bear,0.4917,1.2367,0.0,-0.023,2.197,1.0,0.0072,1.171875,439,0,1,0.882,-1.0,0,1.221,4
BTCUSDT,444,525,1706582700,1706656500,LONG,SL,43596.0,43994.99618542,45590.98092711,42931.00635763,-0.22156579305764404,-0.24922329431502718,0.02765750125738311,15,1.34,65.37,0.3417668583376936,0.004291138799755821,1.287684458177931,base,adaptive disabled,1.0,84.5,90,100,70,80,OFF_HOURS,bullish,bullish,FVG,BOS bullish | Vol 1.3x | FVG | ChoCH | StrongTrend1h | Zone:FVG | MTF 15,BOS+2 | BodyStrong+1 | 1h+2 | 4h+2 | Vol+1 | RSI+1 | BTC+2 | FVG+1 | ChoCH+1 | Zone:FVG+1 | Sess:OFF_HOURS | Strong1h+1,0,0,0.425,bull,1.0632,0.7832,2.806,0.0707,1.093,1.0,0.3377,0.2109375,444,0,6,1.59,-1.0,0,1.139,0
SOLUSDT,444,478,1706582700,1706614200,LONG,TRAIL,103.01,104.8119536,112.01976798,100.00674401,0.2762441514516075,0.247303998567737,0.028940152883870557,15,1.5,63.77,0.26315789473683904,0.008008254527962782,1.1797667721278555,base,adaptive disabled,1.15,82.7,90,91,70,80,OFF_HOURS,bullish,bullish,FVG,BOS bullish | Vol 1.5x | FVG | ChoCH | StrongTrend1h | Zone:FVG | MTF 15 | Risk x1.15,BOS+2 | BodyStrong+1 | 1h+2 | 4h+2 | Vol+1 | RSI+1 | BTC+2 | FVG+1 | ChoCH+1 | Zone:FVG+1 | Sess:OFF_HOURS | Strong1h+1 | QualityRisk:1.15,0,0,0.7,bull,0.4162,1.0711,1.337,0.1571,1.314,1.0,0.2849,0.421875,444,0,6,1.634,-1.0,0,1.827,0
SUIUSDT,445,484,1706583600,1706619600,LONG,SL,1.6055,1.6392155,1.7740775,1.5493075,-0.9259465231125159,-0.9761697373982304,0.0502232142857144,16,2.24,66.4,0.41051028179741106,0.019694845330176347,1.9079381414839247,base,adaptive disabled,1.25,88.5,90,90,90,80,OFF_HOURS,bullish,bullish,FVG,BOS bullish | Vol 2.2x | FVG | ChoCH | StrongTrend1h | Zone:FVG | MTF 16 | Risk x1.25,BOS+2 | BodyStrong+1 | 1h+2 | 4h+2 | Vol+2 | RSI+1 | BTC+2 | FVG+1 | ChoCH+1 | Zone:FVG+1 | Sess:OFF_HOURS | Strong1h+1 | QualityRisk:1.15 | RelStrengthRisk:1.25,0,0,0.575,bull,1.1425,0.875,2.867,0.1137,1.312,1.0,0.3993,0.87890625,444,2,5,1.866,-1.0,0,1.259,1
SUIUSDT,468,473,1706604300,1706609700,LONG,TRAIL,1.5993,1.6225928,1.71576398,1.56047867,0.5568195405129014,0.4795762441085793,0.07724329640432208,17,1.59,46.95,0.14072229140722395,0.010993696980743775,1.1694361935715993,base,adaptive disabled,1.15,82.7,90,76,80,80,LONDON,bullish,bullish,OB,BOS bullish | Vol 1.6x | FVG | OB | ChoCH | Discount | Session:LONDON | StrongTrend1h | Zone:OB | MTF 17 | Risk x1.15,BOS+2 | BodyStrong+1 | 1h+2 | 4h+2 | Vol+1 | RSI+1 | BTC+2 | FVG+1 | OB+1 | ChoCH+1 | Discount+1 | Zone:OB+1 | Sess:LONDON | Strong1h+1 | QualityRisk:1.15,0,0,0.575,range,0.219,1.0475,0.0,-0.0289,1.254,1.0,-0.0323,0.9375,468,15,6,1.484,3.066,0,0.935,0
AAVEUSDT,476,498,1706611500,1706632200,LONG,TRAIL,93.39,94.28204224,97.85021122,91.90326293,0.715436024290924,0.5898052024267733,0.1256308218641508,16,1.59,58.01,0.2539682539682588,0.0031059269261609784,0.8812361760508015,base,adaptive disabled,1.15,76.5,90,90,50,80,LONDON,bullish,bullish,FVG,BOS bullish | Vol 1.6x | FVG | ChoCH | Session:LONDON | StrongTrend1h | Zone:FVG | MTF 16 | Risk x1.15,BOS+2 | 1h+2 | 4h+2 | Vol+1 | RSI+1 | BTC+2 | FVG+1 | ChoCH+1 | Zone:FVG+1 | Sess:LONDON | Strong1h+1 | NestedOB_1h+2 | QualityRisk:1.15,0,0,0.45,bull,0.8071,1.0986,1.185,0.158,2.011,1.0,0.1701,1.0,476,0,1,0.221,1.389,1,0.631,4
BTCUSDT,481,482,1706616000,1706617800,LONG,TRAIL,43435.0,43747.732,44998.66,42913.78,0.0,-0.10937499999999975,0.10937499999999975,15,1.3,61.74,0.3763500415397452,0.0022791224384184332,1.1216353921029354,base,adaptive disabled,1.15,78.5,90,100,50,80,OVERLAP,bullish,bullish,FVG,BOS bullish | Vol 1.3x | FVG | ChoCH | BullWick | Session:OVERLAP | StrongTrend1h | Zone:FVG | MTF 15 | Risk x1.15,BOS+2 | 1h+2 | 4h+2 | Vol+1 | RSI+1 | BTC+2 | FVG+1 | ChoCH+1 | BullWick+1 | Zone:FVG+1 | Sess:OVERLAP | Strong1h+1 | QualityRisk:1.15,0,0,0.375,bull,0.0672,1.5141,2.808,0.2506,1.062,1.0,0.2116,0.65625,480,4,4,0.698,2.913,1,5.583,4
LINKUSDT,481,495,1706616000,1706629500,LONG,TRAIL,15.183,15.36854125,16.11070626,14.87376458,1.8859113331125648,1.6895172719147888,0.19639406119777594,15,1.55,64.49,0.4796238244514055,0.005967517641692837,1.4497217858027833,base,adaptive disabled,1.0,84.5,90,100,70,80,OVERLAP,bullish,bullish,FVG,BOS bullish | Vol 1.6x | FVG | ChoCH | Session:OVERLAP | StrongTrend1h | Zone:FVG | MTF 15,BOS+2 | BodyStrong+1 | 1h+2 | 4h+2 | Vol+1 | RSI+1 | BTC+2 | FVG+1 | ChoCH+1 | Zone:FVG+1 | Sess:OVERLAP | Strong1h+1,0,0,0.575,bull,0.6985,1.3151,1.628,0.1959,0.79,1.0,0.4541,2.0,480,3,4,1.025,-1.0,0,2.648,0
ADAUSDT,496,521,1706629500,1706652900,LONG,TRAIL,0.5211,0.52648872,0.54804362,0.51211879,0.33434653117760676,0.26907275403621905,0.06527377714138768,13,1.36,47.14,0.17821782178217668,0.0065906953133465195,1.588357570816103,base,adaptive disabled,1.15,74.7,90,81,50,80,NEW_YORK,bullish,bullish,FVG,BOS bullish | Vol 1.4x | FVG | ChoCH | Session:NEW_YORK | StrongTrend1h | Zone:FVG | MTF 13 | Risk x1.15,BOS+2 | 1h+2 | 4h+2 | Vol+1 | RSI+1 | BTCok+1 | FVG+1 | ChoCH+1 | Zone:FVG+1 | Sess:NEW_YORK | Strong1h+1 | RelStrengthRisk:1.15,0,1,0.65,bear,0.579,1.5217,0.0,-0.1154,1.199,1.0,-0.0206,0.5625,496,0,1,0.227,4.933,0,1.298,3
DOTUSDT,496,525,1706629500,1706656500,LONG,SL,6.983,7.05265249,7.33126244,6.86691252,-1.6393886748166073,-1.7972900695234266,0.15790139470681933,14,1.34,53.38,0.3684210526315802,0.005237503582327995,1.215624581475776,base,adaptive disabled,1.25,68.0,60,100,50,80,NEW_YORK,neutral,bullish,FVG,BOS bullish | Vol 1.3x | FVG | LiqSweep | ChoCH | Engulfing | BullWick | Session:NEW_YORK | Zone:FVG | MTF 14 | Risk x1.25,BOS+2 | 1hN+1 | 4h+2 | Vol+1 | RSI+1 | BTCok+1 | FVG+1 | LiqSweep+1 | ChoCH+1 | Engulfing+1 | BullWick+1 | Zone:FVG+1 | Sess:NEW_YORK | QualityRisk:1.15 | RelStrengthRisk:1.25,0,1,0.575,bear,1.318,0.8183,0.0,-0.0521,1.165,1.0,-0.2014,1.3125,496,1,2,0.512,1.458,1,1.509,0
AAVEUSDT,502,529,1706634900,1706660100,LONG,SL,94.54,96.2615409,103.14770448,91.67076517,-0.7253676061084181,-0.7624358512335477,0.03706824512512962,15,2.79,70.64,0.7824561403508841,0.004680912021605852,1.21131601092575,base,adaptive disabled,1.15,90.5,90,100,90,80,OFF_HOURS,bullish,bullish,FVG,BOS bullish | Vol 2.8x | FVG | ChoCH | Engulfing | StrongTrend1h | Zone:FVG | MTF 15 | Risk x1.15,BOS+2 | BodyStrong+1 | 1h+2 | 4h+2 | Vol+2 | BTCok+1 | FVG+1 | ChoCH+1 | Engulfing+1 | Zone:FVG+1 | Sess:OFF_HOURS | Strong1h+1 | QualityRisk:1.15,0,0,0.55,bull,1.5196,0.4996,0.0,0.0736,2.041,1.0,0.2265,0.5625,501,0,3,1.56,-1.0,0,0.443,0
BTCUSDT,516,525,1706647500,1706656500,LONG,SL,43484.7,43797.78984,45050.1492,42962.8836,-0.2373679708035246,-0.27252422080352484,0.035156250000000264,16,1.84,62.64,0.41251960644518426,0.004370258072518312,1.6006614167868984,base,adaptive disabled,1.0,78.5,90,100,50,80,DEAD_ZONE,bullish,bullish,FVG,BOS bullish | Vol 1.8x | FVG | ChoCH | Engulfing | BullWick | StrongTrend1h | Zone:FVG | MTF 16,BOS+2 | 1h+2 | 4h+2 | Vol+1 | RSI+1 | BTC+2 | FVG+1 | ChoCH+1 | Engulfing+1 | BullWick+1 | Zone:FVG+1 | Sess:DEAD_ZONE | Strong1h+1,0,0,0.6,range,1.1416,0.6586,0.0,0.0263,1.182,-1.0,-0.3709,0.2109375,515,2,3,1.212,0.797,1,0.938,0
DOTUSDT,630,749,1706750100,1706858100,SHORT,SL,6.625,6.48724929,5.93624646,6.85458451,-0.7564616402038632,-0.7970410601743134,0.04057941997045017,16,8.01,36.56,0.2699999999999967,0.009517726558135094,1.5787819103128773,base,adaptive disabled,1.15,82.9,90,92,70,80,OFF_HOURS,bearish,bearish,FVG,BOS bearish | Vol 8.0x | FVG | ChoCH | Engulfing | StrongTrend1h | Zone:FVG | MTF 16 | Risk x1.15,BOS+2 | 1h+2 | 4h+2 | Vol+2 | RSI+1 | BTC+2 | FVG+1 | ChoCH+1 | Engulfing+1 | Zone:FVG+1 | Sess:OFF_HOURS | Strong1h+1 | TrendPairRisk:1.15,0,0,0.65,range,1.0846,0.4501,0.37,0.0872,3.809,1.0,-0.4042,0.703125,630,0,1,0.773,0.708,1,1.181,2
ADAUSDT,633,721,1706752800,1706832900,SHORT,SL,0.4922,0.4818638,0.440519,0.509427,-1.2244586985545967,-1.284726555697454,0.060267857142857366,15,5.24,32.49,0.5497382198952854,0.011323763349902085,1.6629279534525168,base,adaptive disabled,1.0,75.8,65,100,70,80,OFF_HOURS,bearish,neutral,FVG,BOS bearish | Vol 5.2x | FVG | ChoCH | Engulfing | StrongTrend1h | Zone:FVG | MTF 15,BOS+2 | 1h+2 | 4hN+1 | Vol+2 | RSI+1 | BTC+2 | FVG+1 | ChoCH+1 | Engulfing+1 | Zone:FVG+1 | Sess:OFF_HOURS | Strong1h+1,0,0,0.5,bear,1.1842,0.5418,2.692,-0.0502,4.138,1.0,-0.4281,1.0546875,631,0,1,0.86,1.037,1,0.531,0
XRPUSDT,634,809,1706753700,1706912100,SHORT,SL,0.4972,0.48753381,0.44886905,0.51331032,-0.5795974257494592,-0.6143174064823061,0.034719980732846996,15,5.02,29.72,0.6198347107437937,0.007861357915848764,1.5381049125301929,base,adaptive disabled,1.15,90.5,90,100,90,80,OFF_HOURS,bearish,bearish,FVG,BOS bearish | Vol 5.0x | FVG | ChoCH | StrongTrend1h | Zone:FVG | MTF 15 | Risk x1.15,BOS+2 | BodyStrong+1 | 1h+2 | 4h+2 | Vol+2 | BTC+2 | FVG+1 | ChoCH+1 | Zone:FVG+1 | Sess:OFF_HOURS | Strong1h+1 | TrendPairRisk:1.15,0,0,0.675,bear,1.0304,0.7656,0.987,-0.1718,2.394,1.0,-0.6106,0.5625,630,0,1,1.546,3.47,0,1.134,1
XRPUSDT,651,684,1706769000,1706799600,SHORT,SL,0.4944,0.4845,0.47498554,0.50087149,-0.6345138445705759,-0.7204600486132311,0.0859462040426552,14,1.55,33.42,0.5421686746987907,0.005064650160799406,1.1768405285032477,base,adaptive disabled,1.25,84.5,90,100,70,80,OFF_HOURS,bearish,bearish,FVG,BOS bearish | Vol 1.6x | FVG | ChoCH | StrongTrend1h | Zone:FVG | MTF 14 | Risk x1.25,BOS+2 | BodyStrong+1 | 1h+2 | 4h+2 | Vol+1 | RSI+1 | BTCok+1 | FVG+1 | ChoCH+1 | Zone:FVG+1 | Sess:OFF_HOURS | Strong1h+1 | QualityRisk:1.15 | TrendPairRisk:1.25,0,1,0.6,bull,1.2362,0.4646,0.0,0.0676,2.397,1.0,-0.3911,0.5625,651,1,5,1.243,0.967,1,0.645,0
LINKUSDT,677,679,1706792400,1706795100,LONG,TRAIL,15.808,16.08579618,17.19698089,15.34500637,0.7250103186561717,0.6396527728082946,0.08535754584787705,15,1.62,56.94,0.33159947984395105,0.00933787225833442,1.2649974949002214,base,adaptive disabled,1.15,84.3,90,99,70,80,NEW_YORK,bullish,bullish,FVG,BOS bullish | Vol 1.6x | FVG | ChoCH | Session:NEW_YORK | StrongTrend1h | Zone:FVG | MTF 15 | Risk x1.15,BOS+2 | BodyStrong+1 | 1h+2 | 4h+2 | Vol+1 | RSI+1 | BTC+2 | FVG+1 | ChoCH+1 | Zone:FVG+1 | Sess:NEW_YORK | Strong1h+1 | QualityRisk:1.15,0,0,0.45,bull,0.0994,1.2311,0.0,-0.0023,1.139,-1.0,-0.0967,1.25,677,2,3,0.463,0.26,1,3.155,0
LINKUSDT,727,739,1706837400,1706849100,LONG,TRAIL,17.758,18.130918,19.62259,17.13647,0.6092287063499605,0.5590054920642462,0.05022321428571429,14,2.24,68.48,0.5804311774460991,0.014351563773522313,1.4667813801671667,base,adaptive disabled,1.0,84.5,90,100,70,80,OFF_HOURS,bullish,bullish,FVG,BOS bullish | Vol 2.2x | FVG | ChoCH | BullWick | StrongTrend1h | Zone:FVG | MTF 14,BOS+2 | 1h+2 | 4h+2 | Vol+2 | BTCok+1 | FVG+1 | ChoCH+1 | BullWick+1 | Zone:FVG+1 | Sess:OFF_HOURS | Strong1h+1,0,0,0.55,bull,0.2172,1.3408,0.0,0.1103,1.408,1.0,0.0813,0.87890625,727,2,6,1.724,-1.0,0,0.584,0
LINKUSDT,739,782,1706848200,1706887800,LONG,TRAIL,17.925,18.301425,19.807125,17.297625,1.6643477551652472,1.5973834694509617,0.06696428571428564,14,1.95,64.25,0.1955801104972369,0.016152329958251572,1.731900143431988,base,adaptive disabled,1.0,81.1,90,83,70,80,OFF_HOURS,bullish,bullish,FVG,BOS bullish | Vol 1.9x | FVG | ChoCH | StrongTrend1h | Zone:FVG | MTF 14,BOS+2 | BodyStrong+1 | 1h+2 | 4h+2 | Vol+1 | RSI+1 | BTCok+1 | FVG+1 | ChoCH+1 | Zone:FVG+1 | Sess:OFF_HOURS | Strong1h+1,0,0,0.6,range,0.4112,1.6604,0.269,0.0685,1.689,1.0,0.0773,1.171875,739,1,2,0.181,-1.0,0,1.268,0
ADAUSDT,753,756,1706860800,1706864400,LONG,TRAIL,0.508,0.5116576,0.526288,0.501904,1.2852488397237536,1.0977488397237534,0.1875000000000003,15,3.47,56.51,0.46666666666665846,0.003402268040949765,0.9620857962131302,base,adaptive disabled,1.25,90.5,90,100,90,80,LONDON,bullish,bullish,FVG,BOS bullish | Vol 3.5x | FVG | ChoCH | Session:LONDON | StrongTrend1h | Zone:FVG | MTF 15 | Risk x1.25,BOS+2 | BodyStrong+1 | 1h+2 | 4h+2 | Vol+2 | RSI+1 | BTCok+1 | FVG+1 | ChoCH+1 | Zone:FVG+1 | Sess:LONDON | Strong1h+1 | QualityRisk:1.15 | RelStrengthRisk:1.25,0,0,0.45,range,0.0984,2.1052,0.0,-0.2423,1.998,-1.0,-0.1,1.125,753,5,3,0.336,2.131,0,1.065,0
SOLUSDT,753,764,1706860800,1706871600,LONG,TRAIL,100.5,102.0959056,108.47952802,97.84015733,0.6885758923052864,0.6035614654933428,0.08501442681194363,16,2.39,66.72,0.5876288659793849,0.008391326188868646,1.6964179025921955,base,adaptive disabled,1.15,90.5,90,100,90,80,LONDON,bullish,bullish,FVG,BOS bullish | Vol 2.4x | FVG | ChoCH | Engulfing | Session:LONDON | StrongTrend1h | Zone:FVG | MTF 16 | Risk x1.15,BOS+2 | BodyStrong+1 | 1h+2 | 4h+2 | Vol+2 | RSI+1 | BTCok+1 | FVG+1 | ChoCH+1 | Engulfing+1 | Zone:FVG+1 | Sess:LONDON | Strong1h+1 | QualityRisk:1.15,0,0,0.6,range,0.2256,1.1279,0.0,-0.0399,1.492,1.0,0.3448,1.125,753,0,5,0.95,2.151,1,1.017,0
ADAUSDT,765,948,1706871600,1707037200,LONG,SL,0.5199,0.53069695,0.57388475,0.50190508,-0.9846528909269945,-1.0415330062595438,0.05688011533254932,14,1.35,69.16,0.4143646408839761,0.006961481330174174,1.8113774424593925,base,adaptive disabled,1.0,82.5,90,90,70,80,OVERLAP,bullish,bullish,FVG,BOS bullish | Vol 1.4x | FVG | ChoCH | Session:OVERLAP | StrongTrend1h | Zone:FVG | MTF 14,BOS+2 | BodyStrong+1 | 1h+2 | 4h+2 | Vol+1 | BTC+2 | FVG+1 | ChoCH+1 | Zone:FVG+1 | Sess:OVERLAP | Strong1h+1,0,0,0.525,bull,1.0336,0.5465,0.949,0.3025,0.829,1.0,0.6348,0.984375,765,1,5,1.892,3.154,1,1.299,0
ETHUSDT,770,961,1706876100,1707048900,LONG,EXPIRED,2314.52,2331.184544,2397.84272,2286.74576,0.0,-0.12499999999999914,0.12499999999999914,15,2.66,65.51,0.3041095890410876,0.0025955866708724106,1.4218476515710774,base,adaptive disabled,1.0,83.7,90,96,70,80,OVERLAP,bullish,bullish,FVG,BOS bullish | Vol 2.7x | FVG | ChoCH | Engulfing | Session:OVERLAP | StrongTrend1h | Zone:FVG | MTF 15,BOS+2 | 1h+2 | 4h+2 | Vol+2 | RSI+1 | BTCok+1 | FVG+1 | ChoCH+1 | Engulfing+1 | Zone:FVG+1 | Sess:OVERLAP | Strong1h+1,0,1,0.6,bear,1.2026,0.9841,0.0,0.0827,1.379,1.0,0.3467,0.75,769,2,3,1.391,0.2,1,1.641,5
BTCUSDT,773,786,1706878800,1706891400,LONG,TRAIL,43064.3,43374.36296,44614.6148,42547.5284,0.4090222698801513,0.2996472698801513,0.109375,15,1.87,58.58,0.34074823053588504,0.0021859097210145556,1.1766727528610135,base,adaptive disabled,1.15,78.5,90,100,50,80,OVERLAP,bullish,bullish,FVG,BOS bullish | Vol 1.9x | FVG | ChoCH | Engulfing | BullWick | Session:OVERLAP | StrongTrend1h | Zone:FVG | MTF 15 | Risk x1.15,BOS+2 | 1h+2 | 4h+2 | Vol+1 | RSI+1 | BTCok+1 | FVG+1 | ChoCH+1 | Engulfing+1 | BullWick+1 | Zone:FVG+1 | Sess:OVERLAP | Strong1h+1 | QualityRisk:1.15,0,1,0.625,bear,0.9933,1.3871,0.0,0.0942,1.171,1.0,0.1374,0.65625,769,5,5,1.064,1.098,1,0.852,0
XLMUSDT,776,809,1706881500,1706912100,SHORT,SL,0.1093,0.1084961,0.10528051,0.11063983,-1.3714426457087958,-1.5855836188173245,0.21414097310852867,14,2.91,33.68,0.7499999999999934,0.004880399723494261,1.7894799002413935,base,adaptive disabled,1.0,74.0,60,100,70,80,NEW_YORK,neutral,bearish,FVG,BOS bearish | Vol 2.9x | FVG | ChoCH | Engulfing | Session:NEW_YORK | Zone:FVG | MTF 14,BOS+2 | 1hN+1 | 4h+2 | Vol+2 | RSI+1 | BTC+2 | FVG+1 | ChoCH+1 | Engulfing+1 | Zone:FVG+1 | Sess:NEW_YORK,0,0,0.45,range,1.0449,0.4976,0.0,-0.208,1.98,1.0,-0.6713,1.3125,776,0,1,2.06,0.883,1,1.471,6
DOTUSDT,784,942,1706888700,1707031800,LONG,SL,6.973,7.119433,7.705165,6.728945,-0.5762020855954613,-0.6083449427383184,0.03214285714285721,16,1.34,67.65,0.31629392971246006,0.006400356642966416,1.7649623478899952,base,adaptive disabled,1.15,77.9,90,97,50,80,NEW_YORK,bullish,bullish,FVG,BOS bullish | Vol 1.3x | FVG | LiqSweep | ChoCH | BullWick | Session:NEW_YORK | StrongTrend1h | Zone:FVG | MTF 16 | Risk x1.15,BOS+2 | 1h+2 | 4h+2 | Vol+1 | RSI+1 | BTC+2 | FVG+1 | LiqSweep+1 | ChoCH+1 | BullWick+1 | Zone:FVG+1 | Sess:NEW_YORK | Strong1h+1 | RelStrengthRisk:1.15,0,1,0.5,bear,1.0571,0.3619,0.0,0.1385,1.548,-1.0,-0.0241,0.5625,784,0,2,1.462,1.11,1,1.219,0
ETHUSDT,819,939,1706920200,1707029100,LONG,SL,2318.56,2336.38309049,2407.67545247,2288.85484918,-1.0458413488035005,-1.1995071230545684,0.15366577425106773,13,2.26,68.96,0.7019641332195116,0.0025454080760176933,1.0703883032355845,base,adaptive disabled,1.15,74.0,60,100,70,80,OFF_HOURS,neutral,bullish,FVG,BOS bullish | Vol 2.3x | FVG | ChoCH | Engulfing | Zone:FVG | MTF 13 | Risk x1.15,BOS+2 | 1hN+1 | 4h+2 | Vol+2 | BTC+2 | FVG+1 | ChoCH+1 | Engulfing+1 | Zone:FVG+1 | Sess:OFF_HOURS | QualityRisk:1.15,0,0,0.65,bull,1.0766,0.6935,2.652,0.2394,3.707,1.0,0.1171,0.984375,819,0,1,1.657,0.055,1,1.284,0
DOTUSDT,823,876,1706923800,1706972400,LONG,SL,6.969,7.04105204,7.32926018,6.84891327,-0.5761460904131521,-0.6414332790975301,0.06528718868437805,16,2.34,58.61,0.277419354838707,0.0031462514363915406,0.7570531904639606,base,adaptive disabled,1.15,87.1,90,83,90,80,OFF_HOURS,bullish,bullish,FVG,BOS bullish | Vol 2.3x | FVG | ChoCH | Engulfing | StrongTrend1h | Zone:FVG | MTF 16 | Risk x1.15,BOS+2 | BodyStrong+1 | 1h+2 | 4h+2 | Vol+2 | RSI+1 | BTCok+1 | FVG+1 | ChoCH+1 | Engulfing+1 | Zone:FVG+1 | Sess:OFF_HOURS | Strong1h+1 | QualityRisk:1.15,0,0,0.55,range,1.324,0.2915,2.15,-0.0296,2.108,-1.0,-0.0679,0.5625,823,4,5,0.958,1.572,1,1.073,0
ADAUSDT,850,854,1706948100,1706952600,LONG,TRAIL,0.5204,0.52519128,0.54435642,0.51241453,0.754598893609497,0.6079700790250067,0.14662881458449017,15,2.1,59.84,0.15686274509803474,0.007366877298203118,2.0119329635654,base,adaptive disabled,1.25,78.1,90,68,70,80,LONDON,bullish,bullish,FVG,BOS bullish | Vol 2.1x | FVG | LiqSweep | ChoCH | Session:LONDON | StrongTrend1h | Zone:FVG | MTF 15 | Risk x1.25,BOS+2 | 1h+2 | 4h+2 | Vol+2 | RSI+1 | BTCok+1 | FVG+1 | LiqSweep+1 | ChoCH+1 | Zone:FVG+1 | Sess:LONDON | Strong1h+1 | QualityRisk:1.15 | RelStrengthRisk:1.25,0,0,0.675,range,0.0,1.1062,0.696,0.0587,1.584,1.0,0.2159,1.125,850,0,1,0.229,1.098,1,1.327,0
XRPUSDT,864,1002,1706960700,1707085800,LONG,SL,0.521,0.53159572,0.57397858,0.50334047,-1.5050301451963928,-1.5921546680460952,0.08712452284970221,13,1.74,71.01,0.573333333333338,0.008913822844076153,4.110893026992051,base,adaptive disabled,1.15,71.8,65,80,70,80,OVERLAP,bullish,neutral,FVG,BOS bullish | Vol 1.7x | FVG | ChoCH | Engulfing | Session:OVERLAP | StrongTrend1h | Zone:FVG | MTF 13 | Risk x1.15,BOS+2 | BodyStrong+1 | 1h+2 | 4hN+1 | Vol+1 | BTCok+1 | FVG+1 | ChoCH+1 | Engulfing+1 | Zone:FVG+1 | Sess:OVERLAP | Strong1h+1 | RelStrengthRisk:1.15,0,0,0.45,bull,1.2571,0.5096,7.588,0.0823,1.131,1.0,0.2991,1.4765625,864,2,1,1.013,4.412,0,0.915,0
SOLUSDT,873,878,1706968800,1706974200,SHORT,TRAIL,98.16,97.19494587,93.33472934,99.76842355,0.5678240675833077,0.4648381345559032,0.10298593302740452,13,1.52,31.56,0.3943661971831037,0.004684585974254875,1.2258821823167865,base,adaptive disabled,1.15,75.8,65,100,70,80,NEW_YORK,bearish,neutral,FVG,BOS bearish | Vol 1.5x | FVG | ChoCH | Engulfing | Session:NEW_YORK | StrongTrend1h | Zone:FVG | MTF 13 | Risk x1.15,BOS+2 | BodyStrong+1 | 1h+2 | 4hN+1 | Vol+1 | BTCok+1 | FVG+1 | ChoCH+1 | Engulfing+1 | Zone:FVG+1 | Sess:NEW_YORK | Strong1h+1 | QualityRisk:1.15,0,0,0.4,bear,0.0124,1.5647,10.0,0.0761,1.743,1.0,-0.0327,0.84375,872,0,1,0.978,1.453,1,1.004,3
AVAXUSDT,889,993,1706983200,1707077700,LONG,SL,36.288,36.94013368,39.54866838,35.20111054,-0.7148409784008776,-0.7617914750962824,0.04695049669540474,17,1.87,63.97,0.33754940711462594,0.011022932928055305,2.9213221800077784,base,adaptive disabled,1.0,82.5,90,90,70,80,OFF_HOURS,bullish,bullish,FVG,BOS bullish | Vol 1.9x | FVG | ChoCH | Engulfing | StrongTrend1h | Zone:FVG | MTF 17,BOS+2 | BodyStrong+1 | 1h+2 | 4h+2 | Vol+1 | RSI+1 | BTCok+1 | FVG+1 | ChoCH+1 | Engulfing+1 | Zone:FVG+1 | Sess:OFF_HOURS | Strong1h+1 | NestedOB_1h+2,0,0,0.45,bull,1.14,0.4232,2.033,0.1594,1.212,1.0,0.1557,0.703125,889,0,1,1.39,0.687,1,1.157,0
XLMUSDT,931,940,1707021000,1707030000,SHORT,TRAIL,0.1104,0.10960512,0.1064256,0.1117248,0.8864186134297646,0.7223561134297647,0.1640624999999999,13,1.9,33.78,0.6923076923076857,0.003931983608432846,1.450901952822407,base,adaptive disabled,1.0,74.0,60,100,70,80,OFF_HOURS,neutral,bearish,FVG,BOS bearish | Vol 1.9x | FVG | ChoCH | Zone:FVG | MTF 13,BOS+2 | BodyStrong+1 | 1hN+1 | 4h+2 | Vol+1 | RSI+1 | BTC+2 | FVG+1 | ChoCH+1 | Zone:FVG+1 | Sess:OFF_HOURS,0,0,0.65,range,0.0,1.0064,2.25,-0.1508,1.116,1.0,-0.1847,0.984375,930,0,1,1.422,1.991,1,0.853,0
DOTUSDT,932,941,1707021900,1707030900,SHORT,TRAIL,6.784,6.7351552,6.539776,6.865408,0.4237674282963944,0.31829867829639513,0.10546874999999924,15,4.71,37.39,0.32835820895522655,0.005713475568425678,1.9665782906807279,base,adaptive disabled,1.0,79.5,65,89,90,80,OFF_HOURS,bearish,neutral,FVG,BOS bearish | Vol 4.7x | FVG | ChoCH | StrongTrend1h | Zone:FVG | MTF 15,BOS+2 | BodyStrong+1 | 1h+2 | 4hN+1 | Vol+2 | RSI+1 | BTC+2 | FVG+1 | ChoCH+1 | Zone:FVG+1 | Sess:OFF_HOURS | Strong1h+1,0,0,0.475,range,0.0491,1.1874,8.8,0.0202,3.354,-1.0,0.0492,0.6328125,931,0,1,1.032,0.248,1,1.28,1
SOLUSDT,932,943,1707021900,1707032700,SHORT,TRAIL,97.92,96.65,94.39488,99.09504,0.6360024889778972,0.565689988977897,0.07031250000000026,16,2.26,36.02,0.7037037037037083,0.005596277643711394,1.3733265337681557,base,adaptive disabled,1.25,90.5,90,100,90,80,OFF_HOURS,bearish,bearish,FVG,BOS bearish | Vol 2.3x | FVG | ChoCH | StrongTrend1h | Zone:FVG | MTF 16 | Risk x1.25,BOS+2 | BodyStrong+1 | 1h+2 | 4h+2 | Vol+2 | RSI+1 | BTC+2 | FVG+1 | ChoCH+1 | Zone:FVG+1 | Sess:OFF_HOURS | Strong1h+1 | QualityRisk:1.15 | TrendPairRisk:1.25,0,0,0.4,range,0.2808,1.252,0.0,0.0768,1.305,1.0,-0.122,0.421875,930,0,1,1.8,1.052,1,1.753,0
LINKUSDT,955,959,1707042600,1707047100,LONG,TRAIL,17.847,18.09934869,19.10874344,17.42641885,2.2066056791636113,2.036869113461606,0.16973656570200532,15,1.63,60.82,0.24390243902439204,0.006448050483944686,1.2814956961871924,base,adaptive disabled,1.15,65.8,60,89,50,80,LONDON,neutral,bullish,FVG,BOS bullish | Vol 1.6x | FVG | MACD_Div | ChoCH | Session:LONDON | Zone:FVG | MTF 15 | Risk x1.15,BOS+2 | 1hN+1 | 4h+2 | Vol+1 | RSI+1 | BTC+2 | FVG+1 | MACD_Div+1 | ChoCH+1 | Zone:FVG+1 | Sess:LONDON | NestedOB_1h+2 | RelStrengthRisk:1.15,0,0,0.575,range,0.0166,1.0818,4.375,0.003,1.592,1.0,0.3247,2.0,951,0,1,0.507,0.639,1,0.497,0
SUIUSDT,977,1002,1707062400,1707085800,LONG,SL,1.5218,1.54383949,1.63199743,1.48506752,-1.1216231520441902,-1.2044817012083087,0.08285854916411861,14,1.9,64.38,0.30258302583025887,0.008410505719046503,1.2686406827450785,base,adaptive disabled,1.15,77.7,90,96,50,80,NEW_YORK,bullish,bullish,FVG,BOS bullish | Vol 1.9x | FVG | ChoCH | BullWick | Session:NEW_YORK | StrongTrend1h | Zone:FVG | MTF 14 | Risk x1.15,BOS+2 | 1h+2 | 4h+2 | Vol+1 | RSI+1 | BTCok+1 | FVG+1 | ChoCH+1 | BullWick+1 | Zone:FVG+1 | Sess:NEW_YORK | Strong1h+1 | QualityRisk:1.15,0,0,0.5,range,1.3966,0.9256,0.0,0.1354,2.356,1.0,0.3426,1.0,977,1,2,0.722,1.889,1,1.386,1
ADAUSDT,978,990,1707063300,1707075000,SHORT,TRAIL,0.5034,0.49943897,0.4929,0.51000171,0.2985568203126647,0.23421837618228117,0.06433844413038349,15,1.74,34.47,0.361702127659579,0.002318434818040147,0.8386109943481501,base,adaptive disabled,1.25,84.5,90,100,70,80,NEW_YORK,bearish,bearish,FVG,BOS bearish | Vol 1.7x | FVG | ChoCH | Session:NEW_YORK | StrongTrend1h | Zone:FVG | MTF 15 | Risk x1.25,BOS+2 | BodyStrong+1 | 1h+2 | 4h+2 | Vol+1 | RSI+1 | BTC+2 | FVG+1 | ChoCH+1 | Zone:FVG+1 | Sess:NEW_YORK | Strong1h+1 | QualityRisk:1.15 | TrendPairRisk:1.25,0,0,0.6,range,0.1969,1.6157,10.0,-0.1903,1.874,1.0,-0.2201,0.421875,978,0,6,2.212,0.856,1,1.284,3
LINKUSDT,985,1012,1707069600,1707094800,LONG,SL,18.491,18.83589944,20.2154972,17.9161676,-1.274148560519557,-1.3495414598237718,0.07539289930421482,14,2.69,68.8,0.595925297113752,0.011812355709826992,2.0923073628711686,base,adaptive disabled,1.0,82.5,90,90,70,80,OFF_HOURS,bullish,bullish,FVG,BOS bullish | Vol 2.7x | FVG | ChoCH | Engulfing | StrongTrend1h | Zone:FVG | MTF 14,BOS+2 | 1h+2 | 4h+2 | Vol+2 | BTCok+1 | FVG+1 | ChoCH+1 | Engulfing+1 | Zone:FVG+1 | Sess:OFF_HOURS | Strong1h+1,0,0,0.5,bull,1.2734,0.5712,4.558,0.0075,1.483,1.0,0.3413,1.171875,985,0,1,1.024,2.638,0,1.763,3
ADAUSDT,990,1004,1707074100,1707087600,SHORT,TRAIL,0.5001,0.49425537,0.47087684,0.50984105,0.13708069077788715,0.09376304278306126,0.04331764799482589,14,4.98,30.76,0.5128205128205294,0.005534866661273545,1.9929473460723894,base,adaptive disabled,1.15,82.5,90,90,70,80,DEAD_ZONE,bearish,bearish,FVG,BOS bearish | Vol 5.0x | FVG | ChoCH | StrongTrend1h | Zone:FVG | MTF 14 | Risk x1.15,BOS+2 | 1h+2 | 4h+2 | Vol+2 | BTC+2 | FVG+1 | ChoCH+1 | Zone:FVG+1 | Sess:DEAD_ZONE | Strong1h+1 | TrendPairRisk:1.15,0,0,0.65,range,0.4312,1.095,1.026,-0.0207,6.195,1.0,-0.1624,0.421875,990,0,3,1.264,6.892,0,0.862,0
LINKUSDT,1031,1049,1707111000,1707128100,LONG,TRAIL,18.686,19.078406,20.64803,18.03199,0.560739124860981,0.5205605534324096,0.04017857142857146,15,1.57,61.69,0.4322289156626482,0.010303952132054107,1.2658544436894497,base,adaptive disabled,1.15,84.5,90,100,70,80,OFF_HOURS,bullish,bullish,FVG,BOS bullish | Vol 1.6x | FVG | ChoCH | StrongTrend1h | Zone:FVG | MTF 15 | Risk x1.15,BOS+2 | BodyStrong+1 | 1h+2 | 4h+2 | Vol+1 | RSI+1 | BTC+2 | FVG+1 | ChoCH+1 | Zone:FVG+1 | Sess:OFF_HOURS | Strong1h+1 | RelStrengthRisk:1.15,0,0,0.6,range,0.2355,1.4118,0.0,0.1116,1.697,1.0,0.0856,0.703125,1028,2,5,2.927,0.898,1,0.758,1
XLMUSDT,1070,1091,1707146100,1707165900,SHORT,TRAIL,0.1087,0.1077692,0.10404601,0.11025133,0.286676610522845,0.18157324760199572,0.10510336292084926,16,2.36,28.33,0.7142857142857086,0.0052078047879332515,1.9025846842608283,base,adaptive disabled,1.15,88.5,90,90,90,80,NEW_YORK,bearish,bearish,FVG,BOS bearish | Vol 2.4x | FVG | MACD_Div | ChoCH | Session:NEW_YORK | StrongTrend1h | Zone:FVG | MTF 16 | Risk x1.15,BOS+2 | BodyStrong+1 | 1h+2 | 4h+2 | Vol+2 | BTC+2 | FVG+1 | MACD_Div+1 | ChoCH+1 | Zone:FVG+1 | Sess:NEW_YORK | Strong1h+1 | TrendPairRisk:1.15,0,0,0.625,range,0.1934,1.1818,0.0,-0.0171,1.659,1.0,-0.5523,0.75,1070,0,2,2.277,1.708,1,1.139,7
ADAUSDT,1090,1183,1707164100,1707248700,SHORT,SL,0.4914,0.48515497,0.46017484,0.50180839,-0.8070412426897955,-0.8778591117358248,0.07081786904602928,15,2.08,34.56,0.291666666666671,0.005632036740162882,1.6631073200735866,base,adaptive disabled,1.25,83.5,90,95,70,80,DEAD_ZONE,bearish,bearish,FVG,BOS bearish | Vol 2.1x | FVG | ChoCH | StrongTrend1h | Zone:FVG | MTF 15 | Risk x1.25,BOS+2 | 1h+2 | 4h+2 | Vol+2 | RSI+1 | BTC+2 | FVG+1 | ChoCH+1 | Zone:FVG+1 | Sess:DEAD_ZONE | Strong1h+1 | TrendPairRisk:1.15 | RelStrengthRisk:1.25,0,0,0.5,range,1.1049,0.7206,0.636,0.0092,1.326,1.0,-0.0813,0.75,1090,0,1,0.379,1.328,1,0.854,0
AVAXUSDT,1090,1148,1707164100,1707217200,SHORT,TRAIL,34.403,33.84555979,31.61579896,35.33206701,0.9272725383933609,0.8346984839126194,0.09257405448074149,16,2.37,30.73,0.4371727748691084,0.006474638717224857,1.3458719067687965,base,adaptive disabled,1.25,84.5,90,100,70,80,DEAD_ZONE,bearish,bearish,FVG,BOS bearish | Vol 2.4x | FVG | ChoCH | StrongTrend1h | Zone:FVG | MTF 16 | Risk x1.25,BOS+2 | 1h+2 | 4h+2 | Vol+2 | BTC+2 | FVG+1 | ChoCH+1 | Zone:FVG+1 | Sess:DEAD_ZONE | Strong1h+1 | NestedOB_1h+2 | TrendPairRisk:1.15 | RelStrengthRisk:1.25,0,0,0.325,range,0.3713,1.1912,1.392,-0.0511,1.632,1.0,-0.3013,1.25,1090,0,1,0.668,0.095,1,0.963,0
SOLUSDT,1090,1098,1707164100,1707172200,SHORT,TRAIL,95.68,94.48471696,89.7035848,97.6721384,0.3329467184572793,0.27891432793662035,0.054032390520658946,16,1.88,37.15,0.14851485148515547,0.006982512520043463,1.421668642884459,base,adaptive disabled,1.25,73.9,90,77,50,80,DEAD_ZONE,bearish,bearish,FVG,BOS bearish | Vol 1.9x | FVG | ChoCH | StrongTrend1h | Zone:FVG | MTF 16 | Risk x1.25,BOS+2 | 1h+2 | 4h+2 | Vol+1 | RSI+1 | BTC+2 | FVG+1 | ChoCH+1 | Zone:FVG+1 | Sess:DEAD_ZONE | Strong1h+1 | NestedOB_1h+2 | QualityRisk:1.15 | TrendPairRisk:1.25,0,1,0.35,bull,0.246,1.0123,0.283,-0.0576,1.157,1.0,-0.2352,0.5625,1090,0,1,0.166,0.184,1,0.922,4
SUIUSDT,1110,1144,1707182100,1707213600,LONG,SL,1.594,1.6638,1.76137,1.53821,-0.8053358576805888,-0.8455144291091602,0.040178571428571425,19,2.24,63.23,0.49747474747475057,0.01352780072079722,1.4730578649750332,base,adaptive disabled,1.25,90.5,90,100,90,80,OFF_HOURS,bullish,bullish,FVG,BOS bullish | Vol 2.2x | FVG | LiqSweep | MACD_Div | ChoCH | BullWick | StrongTrend1h | Zone:FVG | MTF 19 | Risk x1.25,BOS+2 | BodyStrong+1 | 1h+2 | 4h+2 | Vol+2 | RSI+1 | BTC+2 | FVG+1 | LiqSweep+1 | MACD_Div+1 | ChoCH+1 | BullWick+1 | Zone:FVG+1 | Sess:OFF_HOURS | Strong1h+1 | QualityRisk:1.15 | RelStrengthRisk:1.25,0,0,0.625,range,1.2117,0.3252,0.0,0.2113,1.358,1.0,0.1421,0.703125,1110,24,1,1.386,2.577,1,0.761,4
AVAXUSDT,1126,1149,1707196500,1707218100,SHORT,TRAIL,34.16,33.7159932,31.93996602,34.90001133,0.25993165883915303,0.20800002152219474,0.05193163731695826,16,2.21,35.6,0.6687578419071439,0.0034048341163784358,0.8044210126677878,base,adaptive disabled,1.25,84.5,90,100,70,80,OFF_HOURS,bearish,bearish,FVG,BOS bearish | Vol 2.2x | FVG | MACD_Div | ChoCH | StrongTrend1h | Zone:FVG | MTF 16 | Risk x1.25,BOS+2 | 1h+2 | 4h+2 | Vol+2 | RSI+1 | BTC+2 | FVG+1 | MACD_Div+1 | ChoCH+1 | Zone:FVG+1 | Sess:OFF_HOURS | Strong1h+1 | QualityRisk:1.15 | TrendPairRisk:1.25,0,1,0.4,bull,0.5284,1.0135,0.0,-0.1101,3.03,1.0,-0.1435,0.5625,1126,0,2,1.395,0.039,1,0.809,4
LINKUSDT,1138,1148,1707207300,1707217200,LONG,SL,19.108,19.35564378,20.34621888,18.69526037,-1.2659312603444406,-1.381670085811721,0.11573882546728044,16,1.3,53.14,0.16930022573363218,0.006904446987172416,1.1881297910988886,base,adaptive disabled,1.15,74.5,90,80,50,80,LONDON,bullish,bullish,FVG,BOS bullish | Vol 1.3x | FVG | LiqSweep | MACD_Div | ChoCH | Session:LONDON | StrongTrend1h | Zone:FVG | MTF 16 | Risk x1.15,BOS+2 | 1h+2 | 4h+2 | Vol+1 | RSI+1 | BTC+2 | FVG+1 | LiqSweep+1 | MACD_Div+1 | ChoCH+1 | Zone:FVG+1 | Sess:LONDON | Strong1h+1 | QualityRisk:1.15,0,1,0.625,bear,1.2332,0.8682,0.0,-0.0272,1.12,-1.0,-0.1,1.25,1138,35,1,0.148,2.545,0,1.177,0
ETHUSDT,1171,1184,1707237000,1707249600,LONG,TRAIL,2349.04,2378.40972168,2495.88860839,2300.09046387,0.46673898803413694,0.39475546625688995,0.07198352177724703,15,1.39,62.8,0.31583166332665996,0.0056541964654270764,1.8350973799579722,base,adaptive disabled,1.0,81.9,90,87,70,80,NEW_YORK,bullish,bullish,FVG,BOS bullish | Vol 1.4x | FVG | ChoCH | Engulfing | Session:NEW_YORK | StrongTrend1h | Zone:FVG | MTF 15,BOS+2 | BodyStrong+1 | 1h+2 | 4h+2 | Vol+1 | RSI+1 | BTCok+1 | FVG+1 | ChoCH+1 | Engulfing+1 | Zone:FVG+1 | Sess:NEW_YORK | Strong1h+1,0,0,0.525,range,0.077,1.0143,1.298,0.2088,0.986,1.0,0.0513,0.75,1171,0,1,0.364,4.284,0,0.479,0
ETHUSDT,1186,1270,1707250500,1707327000,LONG,TRAIL,2381.84,2416.62178359,2555.74891796,2323.87036068,0.4072557089291297,0.36103202992349687,0.04622367900563285,13,1.43,69.6,0.5095263065897504,0.004270298368565272,1.1811843905980934,base,adaptive disabled,1.15,84.5,90,100,70,80,DEAD_ZONE,bullish,bullish,FVG,BOS bullish | Vol 1.4x | FVG | ChoCH | StrongTrend1h | Zone:FVG | MTF 13 | Risk x1.15,BOS+2 | BodyStrong+1 | 1h+2 | 4h+2 | Vol+1 | BTCok+1 | FVG+1 | ChoCH+1 | Zone:FVG+1 | Sess:DEAD_ZONE | Strong1h+1 | QualityRisk:1.15,0,0,0.475,bull,0.4918,1.1256,2.704,0.1554,1.258,1.0,0.3021,0.5625,1186,0,4,1.795,1.143,1,0.879,0
ETHUSDT,1240,1268,1707299100,1707325200,LONG,TRAIL,2371.28,2388.353216,2456.64608,2342.82464,0.7542803345330975,0.6292803345330992,0.12499999999999833,16,1.46,57.58,0.27272727272728964,0.003056498122981664,1.4469742750750698,base,adaptive disabled,1.15,76.9,90,92,50,80,LONDON,bullish,bullish,FVG,BOS bullish | Vol 1.5x | FVG | LiqSweep | ChoCH | Engulfing | Session:LONDON | StrongTrend1h | Zone:FVG | MTF 16 | Risk x1.15,BOS+2 | 1h+2 | 4h+2 | Vol+1 | RSI+1 | BTC+2 | FVG+1 | LiqSweep+1 | ChoCH+1 | Engulfing+1 | Zone:FVG+1 | Sess:LONDON | Strong1h+1 | QualityRisk:1.15,0,0,0.475,range,0.6308,1.8128,1.73,0.0886,1.489,1.0,0.3135,0.75,1240,0,1,0.544,3.623,0,0.718,0
XLMUSDT,1261,1282,1707318000,1707337800,SHORT,SL,0.1075,0.106726,0.10363,0.10879,-1.007751937984493,-1.1744186046511598,0.16666666666666674,16,10.36,37.46,0.23076923076922257,0.00497281792426264,1.7885568484173509,base,adaptive disabled,1.15,81.9,90,87,70,80,NEW_YORK,bearish,bearish,FVG,BOS bearish | Vol 10.4x | FVG | ChoCH | Engulfing | Session:NEW_YORK | StrongTrend1h | Zone:FVG | MTF 16 | Risk x1.15,BOS+2 | 1h+2 | 4h+2 | Vol+2 | RSI+1 | BTC+2 | FVG+1 | ChoCH+1 | Engulfing+1 | Zone:FVG+1 | Sess:NEW_YORK | Strong1h+1 | TrendPairRisk:1.15,0,1,0.475,bull,1.1628,0.646,1.5,0.0183,4.618,1.0,-0.4854,1.0,1260,1,1,0.641,-1.0,0,1.922,5
BTCUSDT,1271,1282,1707327000,1707337800,LONG,TRAIL,43436.0,43842.07510752,45466.37553761,42759.20815413,0.32257459911672637,0.2864737652353839,0.03610083388134243,15,3.39,66.36,0.43831475533724146,0.00529001194926048,3.0688548324382365,base,adaptive disabled,1.0,80.5,90,80,70,80,OFF_HOURS,bullish,bullish,FVG,BOS bullish | Vol 3.4x | FVG | ChoCH | StrongTrend1h | Zone:FVG | MTF 15,BOS+2 | 1h+2 | 4h+2 | Vol+2 | RSI+1 | BTC+2 | FVG+1 | ChoCH+1 | Zone:FVG+1 | Sess:OFF_HOURS | Strong1h+1,0,0,0.425,bull,0.096,1.1151,0.0,0.0436,1.697,-1.0,-0.0082,0.28125,1271,0,1,1.011,0.152,1,1.297,0
ETHUSDT,1271,1359,1707327000,1707407100,LONG,TRAIL,2414.0,2451.84095484,2603.2047742,2350.93174193,0.4215596388793976,0.37849915040061693,0.04306048847878068,14,1.54,70.99,0.588755217284557,0.006453792184142056,3.1999985263225916,base,adaptive disabled,1.0,80.5,90,80,70,80,OFF_HOURS,bullish,bullish,FVG,BOS bullish | Vol 1.5x | FVG | ChoCH | StrongTrend1h | Zone:FVG | MTF 14,BOS+2 | BodyStrong+1 | 1h+2 | 4h+2 | Vol+1 | BTC+2 | FVG+1 | ChoCH+1 | Zone:FVG+1 | Sess:OFF_HOURS | Strong1h+1,0,0,0.475,range,0.13,1.3477,0.0,0.1189,1.334,1.0,0.3107,0.5625,1271,1,4,2.634,-1.0,0,0.88,0
SUIUSDT,1301,1363,1707354000,1707410700,LONG,SL,1.5705,1.6034805,1.7354025,1.5155325,-0.568972574703234,-0.6011154318460912,0.03214285714285711,15,1.56,67.96,0.541577825159911,0.009580619886467011,1.2834639278842475,base,adaptive disabled,1.15,84.5,90,100,70,80,OFF_HOURS,bullish,bullish,FVG,BOS bullish | Vol 1.6x | FVG | ChoCH | BullWick | StrongTrend1h | Zone:FVG | MTF 15 | Risk x1.15,BOS+2 | BodyStrong+1 | 1h+2 | 4h+2 | Vol+1 | RSI+1 | BTCok+1 | FVG+1 | ChoCH+1 | BullWick+1 | Zone:FVG+1 | Sess:OFF_HOURS | Strong1h+1 | QualityRisk:1.15,0,0,0.525,bull,1.2607,0.2699,2.605,0.2203,1.489,1.0,0.3154,0.5625,1301,1,3,1.622,0.906,1,1.028,0
ETHUSDT,1306,1359,1707358500,1707407100,LONG,TRAIL,2430.56,2448.060032,2518.06016,2401.39328,0.7908908294066072,0.6658908294066079,0.12499999999999926,13,1.39,68.3,0.5389587073608801,0.0040361820719048876,1.2465294324203233,base,adaptive disabled,1.0,84.5,90,100,70,80,OFF_HOURS,bullish,bullish,FVG,BOS bullish | Vol 1.4x | FVG | ChoCH | StrongTrend1h | Zone:FVG | MTF 13,BOS+2 | BodyStrong+1 | 1h+2 | 4h+2 | Vol+1 | BTCok+1 | FVG+1 | ChoCH+1 | Zone:FVG+1 | Sess:OFF_HOURS | Strong1h+1,0,0,0.575,range,0.6391,1.968,0.0,0.0078,1.018,1.0,0.16,0.75,1304,5,2,0.469,0.557,1,0.474,0
ADAUSDT,1329,1341,1707379200,1707390900,LONG,TRAIL,0.5236,0.5345956,0.578578,0.505274,0.8432606473146931,0.7679258258861215,0.0753348214285716,14,9.91,70.52,0.3673469387755115,0.019713094624927496,4.594943148015556,base,adaptive disabled,1.0,80.5,90,80,70,80,LONDON,bullish,bullish,FVG,BOS bullish | Vol 9.9x | FVG | ChoCH | Session:LONDON | StrongTrend1h | Zone:FVG | MTF 14,BOS+2 | 1h+2 | 4h+2 | Vol+2 | BTC+2 | FVG+1 | ChoCH+1 | Zone:FVG+1 | Sess:LONDON | Strong1h+1,0,0,0.625,bull,0.1146,1.1095,2.919,0.0131,3.004,1.0,0.1164,1.318359375,1329,0,2,1.689,0.077,1,0.921,0
DOTUSDT,1330,1347,1707380100,1707396300,LONG,SL,6.965,7.015148,7.21574,6.88142,-0.7627422828427892,-0.8877422828427899,0.12500000000000067,16,1.37,61.05,0.34513274336283034,0.0031088834325479126,1.1365423327783444,base,adaptive disabled,1.15,78.5,90,100,50,80,LONDON,bullish,bullish,FVG,BOS bullish | Vol 1.4x | FVG | LiqSweep | ChoCH | BullWick | Session:LONDON | StrongTrend1h | Zone:FVG | MTF 16 | Risk x1.15,BOS+2 | 1h+2 | 4h+2 | Vol+1 | RSI+1 | BTC+2 | FVG+1 | LiqSweep+1 | ChoCH+1 | BullWick+1 | Zone:FVG+1 | Sess:LONDON | Strong1h+1 | QualityRisk:1.15,0,1,0.65,bear,1.1007,0.1994,0.0,0.0201,1.537,1.0,0.0524,0.75,1330,0,1,1.048,0.157,1,0.786,0
XRPUSDT,1341,1355,1707390000,1707403500,LONG,TRAIL,0.5142,0.51790224,0.5327112,0.5080296,0.48632508386060835,0.2988250838606089,0.1874999999999994,15,4.0,67.5,0.542857142857113,0.004465426070705214,1.5283664967644548,base,adaptive disabled,1.15,90.5,90,100,90,80,LONDON,bullish,bullish,FVG,BOS bullish | Vol 4.0x | FVG | ChoCH | Session:LONDON | StrongTrend1h | Zone:FVG | MTF 15 | Risk x1.15,BOS+2 | BodyStrong+1 | 1h+2 | 4h+2 | Vol+2 | RSI+1 | BTCok+1 | FVG+1 | ChoCH+1 | Zone:FVG+1 | Sess:LONDON | Strong1h+1 | RelStrengthRisk:1.15,0,1,0.3,bear,0.4052,1.1885,0.0,0.047,2.036,1.0,0.087,1.125,1336,0,1,1.718,1.227,1,1.472,1
AVAXUSDT,1354,1405,1707401700,1707448500,LONG,TRAIL,35.777,36.23215439,38.05277194,35.01840935,0.644972588811661,0.5565429792455534,0.08842960956610764,18,2.11,62.52,0.34138486312399385,0.008648591164063647,2.575099849797902,base,adaptive disabled,1.0,88.5,90,90,90,80,NEW_YORK,bullish,bullish,FVG,BOS bullish | Vol 2.1x | FVG | LiqSweep | ChoCH | BullWick | Session:NEW_YORK | StrongTrend1h | Zone:FVG | MTF 18,BOS+2 | BodyStrong+1 | 1h+2 | 4h+2 | Vol+2 | RSI+1 | BTC+2 | FVG+1 | LiqSweep+1 | ChoCH+1 | BullWick+1 | Zone:FVG+1 | Sess:NEW_YORK | Strong1h+1,0,1,0.525,bear,0.7303,1.1513,0.0,0.2598,1.532,1.0,0.0858,0.9375,1354,0,2,1.954,0.842,1,1.575,0
BTCUSDT,1354,1357,1707401700,1707405300,LONG,TRAIL,44932.7,45256.21544,46550.2772,44393.5076,0.12136764702780242,0.07449264702780242,0.04687500000000001,17,6.5,70.51,0.4081028676395499,0.004756306444848829,2.0783572818225116,base,adaptive disabled,1.0,88.5,90,90,90,80,NEW_YORK,bullish,bullish,FVG,BOS bullish | Vol 6.5x | FVG | ChoCH | Engulfing | BullWick | Session:NEW_YORK | StrongTrend1h | Zone:FVG | MTF 17,BOS+2 | BodyStrong+1 | 1h+2 | 4h+2 | Vol+2 | BTC+2 | FVG+1 | ChoCH+1 | Engulfing+1 | BullWick+1 | Zone:FVG+1 | Sess:NEW_YORK | Strong1h+1,0,1,0.55,bear,0.1308,1.0612,2.802,0.355,2.915,1.0,0.4991,0.28125,1353,0,1,2.485,-1.0,0,1.579,0
AAVEUSDT,1359,1429,1707406200,1707470100,LONG,TRAIL,86.3,87.68493477,93.22467385,83.99177538,0.5495897668635653,0.4935077032384053,0.05608206362515991,16,1.49,66.74,0.6988416988416988,0.005897212107339613,1.5782413902286403,base,adaptive disabled,1.15,78.5,90,100,50,80,NEW_YORK,bullish,bullish,FVG,BOS bullish | Vol 1.5x | FVG | ChoCH | Engulfing | BullWick | Session:NEW_YORK | StrongTrend1h | Zone:FVG | MTF 16 | Risk x1.15,BOS+2 | 1h+2 | 4h+2 | Vol+1 | RSI+1 | BTC+2 | FVG+1 | ChoCH+1 | Engulfing+1 | BullWick+1 | Zone:FVG+1 | Sess:NEW_YORK | Strong1h+1 | QualityRisk:1.15,0,1,0.5,bear,0.5979,1.1914,0.0,0.2698,1.486,1.0,0.1132,0.75,1359,0,6,1.938,0.07,1,1.471,0
ADAUSDT,1361,1395,1707408000,1707439500,LONG,TRAIL,0.5281,0.53349368,0.55506842,0.51911053,0.5693503495785674,0.4812305827847525,0.08811976679381489,15,1.36,59.06,0.24175824175823962,0.00819052933839068,1.4494506755235539,base,adaptive disabled,1.15,82.3,90,89,70,80,NEW_YORK,bullish,bullish,FVG,BOS bullish | Vol 1.4x | FVG | ChoCH | Session:NEW_YORK | StrongTrend1h | Zone:FVG | MTF 15 | Risk x1.15,BOS+2 | BodyStrong+1 | 1h+2 | 4h+2 | Vol+1 | RSI+1 | BTC+2 | FVG+1 | ChoCH+1 | Zone:FVG+1 | Sess:NEW_YORK | Strong1h+1 | QualityRisk:1.15,0,0,0.475,range,0.7453,1.2978,0.0,-0.0247,1.097,-1.0,-0.0813,0.75,1359,6,1,0.158,1.108,1,0.66,0
DOTUSDT,1362,1367,1707408900,1707414300,LONG,TRAIL,6.978,7.05911798,7.38358991,6.84280336,0.0,-0.05806542233593962,0.05806542233593962,16,3.1,64.87,0.5652173913043473,0.005448626357803736,2.0847049848188677,base,adaptive disabled,1.0,82.5,90,90,70,80,NEW_YORK,bullish,bullish,FVG,BOS bullish | Vol 3.1x | FVG | LiqSweep | ChoCH | Session:NEW_YORK | StrongTrend1h | Zone:FVG | MTF 16,BOS+2 | 1h+2 | 4h+2 | Vol+2 | RSI+1 | BTC+2 | FVG+1 | LiqSweep+1 | ChoCH+1 | Zone:FVG+1 | Sess:NEW_YORK | Strong1h+1,0,1,0.375,bear,0.5252,1.0479,0.0,0.1378,2.344,-1.0,-0.0162,0.5625,1357,0,4,1.986,0.037,1,1.691,0
BTCUSDT,1383,1403,1707427800,1707446700,LONG,TRAIL,45286.1,45626.32896016,46987.2448008,44719.05173307,0.46244147683880255,0.4025443270178808,0.059897149820921716,15,2.45,58.43,0.361674438781041,0.0051340482396011996,1.5535368277750916,base,adaptive disabled,1.15,84.5,90,100,70,80,DEAD_ZONE,bullish,bullish,FVG,BOS bullish | Vol 2.5x | FVG | ChoCH | StrongTrend1h | Zone:FVG | MTF 15 | Risk x1.15,BOS+2 | 1h+2 | 4h+2 | Vol+2 | RSI+1 | BTC+2 | FVG+1 | ChoCH+1 | Zone:FVG+1 | Sess:DEAD_ZONE | Strong1h+1 | QualityRisk:1.15,0,0,0.5,range,0.1166,2.3922,0.0,-0.0217,1.332,-1.0,-0.34,0.375,1378,19,6,0.78,0.758,1,0.892,0
ADAUSDT,1394,1404,1707437700,1707447600,LONG,TRAIL,0.5327,0.53855837,0.56199183,0.52293606,0.3780099759893542,0.33197675323296655,0.04603322275638767,19,2.52,64.54,0.4285714285714361,0.005008291034593549,0.9758747828890595,base,adaptive disabled,1.15,90.5,90,100,90,80,OFF_HOURS,bullish,bullish,FVG,BOS bullish | Vol 2.5x | FVG | ChoCH | Engulfing | StrongTrend1h | Zone:FVG | MTF 19 | Risk x1.15,BOS+2 | BodyStrong+1 | 1h+2 | 4h+2 | Vol+2 | RSI+1 | BTC+2 | FVG+1 | ChoCH+1 | Engulfing+1 | Zone:FVG+1 | Sess:OFF_HOURS | Strong1h+1 | NestedOB_1h+2 | QualityRisk:1.15,0,0,0.5,bull,0.5018,1.4509,10.0,0.1886,2.689,1.0,0.1722,0.421875,1394,0,1,0.585,0.78,1,1.599,4
LINKUSDT,1395,1396,1707438600,1707440400,SHORT,TRAIL,18.137,17.97617364,17.33286818,18.40504394,0.0,-0.19030578531266298,0.19030578531266298,20,2.66,37.78,0.2836538461538424,0.005391584194816235,1.0068366608808523,base,adaptive disabled,1.15,83.5,65,94,100,80,OFF_HOURS,bearish,neutral,OB,BOS bearish | Vol 2.7x | FVG | OB | LiqSweep | ChoCH | BearWick | StrongTrend1h | Zone:OB | 💎PREMIUM | MTF 20 | Risk x1.15,BOS+2 | BodyStrong+1 | 1h+2 | 4hN+1 | Vol+2 | RSI+1 | BTCok+1 | FVG+1 | OB+1 | LiqSweep+1 | ChoCH+1 | BearWick+1 | Zone:OB+1 | Sess:OFF_HOURS | Strong1h+1 | 💎Premium+3 | QualityRisk:1.15,1,1,0.45,bull,0.0336,1.0384,0.0,-0.0991,2.389,1.0,-0.2936,1.40625,1395,19,1,1.19,0.82,1,1.977,2
SOLUSDT,1395,1405,1707438600,1707448500,LONG,TRAIL,103.29,104.94,108.09571542,101.68809486,0.8884521509001295,0.8159127432295854,0.07253940767054412,14,1.39,57.22,0.2893401015228352,0.004872653456943091,0.929052592458041,base,adaptive disabled,1.25,77.3,90,94,50,80,OFF_HOURS,bullish,bullish,FVG,BOS bullish | Vol 1.4x | FVG | ChoCH | StrongTrend1h | Zone:FVG | MTF 14 | Risk x1.25,BOS+2 | 1h+2 | 4h+2 | Vol+1 | RSI+1 | BTC+2 | FVG+1 | ChoCH+1 | Zone:FVG+1 | Sess:OFF_HOURS | Strong1h+1 | QualityRisk:1.15 | RelStrengthRisk:1.25,0,0,0.625,range,0.1249,1.5939,3.353,-0.1059,1.671,1.0,0.0673,0.5625,1395,0,1,0.244,3.273,1,0.874,0
XRPUSDT,1401,1429,1707444000,1707470100,LONG,TRAIL,0.5167,0.52042024,0.5353012,0.5104996,0.47865718498491105,0.38490718498491094,0.09375000000000008,17,1.63,60.27,0.6444444444444389,0.002001460777545418,0.7381101426048537,base,adaptive disabled,1.0,82.5,90,90,70,80,OFF_HOURS,bullish,bullish,FVG,BOS bullish | Vol 1.6x | FVG | ChoCH | Engulfing | BullWick | StrongTrend1h | Zone:FVG | MTF 17,BOS+2 | BodyStrong+1 | 1h+2 | 4h+2 | Vol+1 | RSI+1 | BTC+2 | FVG+1 | ChoCH+1 | Engulfing+1 | BullWick+1 | Zone:FVG+1 | Sess:OFF_HOURS | Strong1h+1,0,0,0.5,range,0.2419,1.3171,0.0,0.0076,1.494,-1.0,-0.061,0.5625,1401,18,2,1.429,0.42,1,1.345,3
ETHUSDT,1408,1430,1707450300,1707471000,LONG,TRAIL,2454.03,2480.61673715,2586.96368575,2409.71877142,0.2737344814654861,0.21143009861553572,0.06230438284995041,14,1.51,60.84,0.37539642797529355,0.0053916159084283245,1.7209337769846078,base,adaptive disabled,1.0,78.5,90,100,50,80,OFF_HOURS,bullish,bullish,FVG,BOS bullish | Vol 1.5x | FVG | ChoCH | BullWick | StrongTrend1h | Zone:FVG | MTF 14,BOS+2 | 1h+2 | 4h+2 | Vol+1 | RSI+1 | BTCok+1 | FVG+1 | ChoCH+1 | BullWick+1 | Zone:FVG+1 | Sess:OFF_HOURS | Strong1h+1,0,1,0.7,bear,0.3092,1.0107,0.0,0.2254,1.614,1.0,0.6467,0.5625,1407,2,6,2.256,2.077,1,0.952,2
ETHUSDT,1423,1429,1707463800,1707470100,LONG,TRAIL,2455.19,2472.867368,2543.57684,2425.72772,0.6511726353933753,0.5261726353933762,0.12499999999999918,14,1.5,65.55,0.4907998497934953,0.0029430562791443217,1.2429883031894762,base,adaptive disabled,1.0,78.5,90,100,50,80,LONDON,bullish,bullish,FVG,BOS bullish | Vol 1.5x | FVG | ChoCH | Session:LONDON | StrongTrend1h | Zone:FVG | MTF 14,BOS+2 | 1h+2 | 4h+2 | Vol+1 | RSI+1 | BTC+2 | FVG+1 | ChoCH+1 | Zone:FVG+1 | Sess:LONDON | Strong1h+1,0,0,0.575,range,0.058,1.2768,10.0,0.2157,1.108,1.0,0.59,0.75,1423,0,1,0.645,0.913,1,0.84,3
AAVEUSDT,1429,1441,1707469200,1707480900,LONG,TRAIL,87.53,88.24338582,91.09692911,86.34102363,1.4432841158050531,1.222430273268217,0.22085384253683582,17,2.69,70.05,0.4010152284263965,0.00330509115745588,1.0458777351605562,base,adaptive disabled,1.15,93.5,90,100,100,80,LONDON,bullish,bullish,OB,BOS bullish | Vol 2.7x | FVG | OB | ChoCH | BullWick | Session:LONDON | StrongTrend1h | Zone:OB | MTF 17 | Risk x1.15,BOS+2 | BodyStrong+1 | 1h+2 | 4h+2 | Vol+2 | BTC+2 | FVG+1 | OB+1 | ChoCH+1 | BullWick+1 | Zone:OB+1 | Sess:LONDON | Strong1h+1 | QualityRisk:1.15,0,0,0.5,bull,0.3112,1.3737,2.724,0.427,1.964,1.0,0.6044,1.5,1428,4,1,1.104,-1.0,0,1.739,0
SOLUSDT,1429,1442,1707469200,1707481800,LONG,TRAIL,105.21,106.32566264,110.78831322,103.35056226,0.24739588433651757,0.19965514228833237,0.04774074204818521,14,1.93,65.3,0.35042735042734274,0.004698579544588302,1.1000015429284395,base,adaptive disabled,1.15,78.5,90,100,50,80,LONDON,bullish,bullish,FVG,BOS bullish | Vol 1.9x | FVG | ChoCH | Session:LONDON | StrongTrend1h | Zone:FVG | MTF 14 | Risk x1.15,BOS+2 | 1h+2 | 4h+2 | Vol+1 | RSI+1 | BTC+2 | FVG+1 | ChoCH+1 | Zone:FVG+1 | Sess:LONDON | Strong1h+1 | QualityRisk:1.15,0,0,0.525,range,0.5055,1.6761,10.0,0.1699,1.686,1.0,0.0076,0.421875,1427,4,5,1.335,0.375,1,2.586,0
DOTUSDT,1430,1441,1707470100,1707480900,LONG,TRAIL,7.097,7.1480984,7.352492,7.011836,1.061497631761803,0.9364976317618039,0.12499999999999901,15,1.6,59.83,0.29496402877697797,0.0029061656653827893,0.8954780900373358,base,adaptive disabled,1.15,80.5,90,95,60,80,LONDON,bullish,bullish,OB,BOS bullish | Vol 1.6x | FVG | OB | ChoCH | BullWick | Session:LONDON | StrongTrend1h | Zone:OB | MTF 15 | Risk x1.15,BOS+2 | 1h+2 | 4h+2 | Vol+1 | RSI+1 | BTCok+1 | FVG+1 | OB+1 | ChoCH+1 | BullWick+1 | Zone:OB+1 | Sess:LONDON | Strong1h+1 | QualityRisk:1.15,0,0,0.4,bull,0.364,1.8396,4.1,0.1782,1.687,1.0,0.1842,0.75,1430,5,1,0.301,0.043,1,1.248,0
XRPUSDT,1434,1441,1707473700,1707480900,LONG,TRAIL,0.5212,0.52573809,0.54389046,0.51363651,0.532366370890917,0.429001389909915,0.10336498098100208,14,1.33,70.83,0.586956521739132,0.003385920383126083,1.4559457650264014,base,adaptive disabled,1.0,84.5,90,100,70,80,LONDON,bullish,bullish,FVG,BOS bullish | Vol 1.3x | FVG | ChoCH | BullWick | Session:LONDON | StrongTrend1h | Zone:FVG | MTF 14,BOS+2 | BodyStrong+1 | 1h+2 | 4h+2 | Vol+1 | BTCok+1 | FVG+1 | ChoCH+1 | BullWick+1 | Zone:FVG+1 | Sess:LONDON | Strong1h+1,0,0,0.45,range,0.0925,1.256,0.0,0.3826,1.225,1.0,0.2464,0.75,1432,0,4,2.111,2.686,1,0.64,0
BTCUSDT,1437,1441,1707476400,1707480900,LONG,TRAIL,46692.4,47120.44453249,48832.62266247,45978.99244584,1.1998962176109547,1.1139933215137046,0.08590289609724999,14,2.18,70.42,0.4522079373951917,0.0037208103176131525,1.3480781996890303,base,adaptive disabled,1.0,84.5,90,100,70,80,OVERLAP,bullish,bullish,FVG,BOS bullish | Vol 2.2x | FVG | ChoCH | Session:OVERLAP | StrongTrend1h | Zone:FVG | MTF 14,BOS+2 | 1h+2 | 4h+2 | Vol+2 | BTC+2 | FVG+1 | ChoCH+1 | Zone:FVG+1 | Sess:OVERLAP | Strong1h+1,0,0,0.6,bull,0.0264,1.5269,1.35,0.0897,1.859,1.0,0.0514,0.65625,1437,0,1,0.004,-1.0,0,0.835,0
ADAUSDT,1441,1449,1707480000,1707488100,LONG,TRAIL,0.5414,0.54697156,0.5692578,0.53211407,0.0,-0.08745489143252214,0.08745489143252214,17,2.63,67.01,0.3157894736842059,0.005349519227838616,1.1505745957375346,base,adaptive disabled,1.15,89.9,90,97,90,80,OVERLAP,bullish,bullish,FVG,BOS bullish | Vol 2.6x | FVG | ChoCH | BullWick | Session:OVERLAP | StrongTrend1h | Zone:FVG | MTF 17 | Risk x1.15,BOS+2 | BodyStrong+1 | 1h+2 | 4h+2 | Vol+2 | RSI+1 | BTC+2 | FVG+1 | ChoCH+1 | BullWick+1 | Zone:FVG+1 | Sess:OVERLAP | Strong1h+1 | QualityRisk:1.15,0,0,0.525,range,0.28,1.0051,1.091,0.1827,1.843,1.0,0.4653,0.75,1440,0,1,0.796,-1.0,0,2.179,6
AVAXUSDT,1456,1474,1707493500,1707510600,LONG,TRAIL,37.419,38.204799,41.347995,36.109335,0.9455035835751058,0.874075012146534,0.07142857142857167,17,1.78,66.88,0.2072580645161282,0.014243513369460148,3.1680894307434966,base,adaptive disabled,1.15,77.3,90,64,70,80,NEW_YORK,bullish,bullish,FVG,BOS bullish | Vol 1.8x | FVG | ChoCH | Engulfing | BullWick | Session:NEW_YORK | StrongTrend1h | Zone:FVG | MTF 17 | Risk x1.15,BOS+2 | BodyStrong+1 | 1h+2 | 4h+2 | Vol+1 | RSI+1 | BTC+2 | FVG+1 | ChoCH+1 | Engulfing+1 | BullWick+1 | Zone:FVG+1 | Sess:NEW_YORK | Strong1h+1 | RelStrengthRisk:1.15,0,0,0.55,bull,0.2138,1.3871,0.55,0.2026,1.387,1.0,0.3345,1.25,1456,0,1,0.295,0.11,1,1.037,0
BTCUSDT,1467,1601,1707503400,1707624900,LONG,TRAIL,47722.9,48535.05285823,51783.66429115,46369.31190295,0.14014972778942647,0.1252758540597609,0.014873873729665565,17,2.19,70.47,0.6613537273961808,0.007107166379460576,1.6505155916265235,base,adaptive disabled,1.0,90.5,90,100,90,80,OFF_HOURS,bullish,bullish,FVG,BOS bullish | Vol 2.2x | FVG | ChoCH | Engulfing | StrongTrend1h | Zone:FVG | MTF 17,BOS+2 | BodyStrong+1 | 1h+2 | 4h+2 | Vol+2 | BTCok+1 | FVG+1 | ChoCH+1 | Engulfing+1 | Zone:FVG+1 | Sess:OFF_HOURS | Strong1h+1 | NestedOB_1h+2,0,0,0.575,range,0.6503,1.0794,0.0,0.0964,1.208,1.0,0.1781,0.2109375,1466,0,4,1.994,-1.0,0,1.313,0
ETHUSDT,1467,1602,1707503400,1707625800,LONG,TRAIL,2507.0,2532.13190338,2632.6595169,2465.11349437,0.3283328151815429,0.26099907708189146,0.06733373809965139,14,1.69,64.12,0.4267468069120978,0.005357422464948227,1.5507347992399814,base,adaptive disabled,1.0,84.5,90,100,70,80,OFF_HOURS,bullish,bullish,FVG,BOS bullish | Vol 1.7x | FVG | ChoCH | StrongTrend1h | Zone:FVG | MTF 14,BOS+2 | BodyStrong+1 | 1h+2 | 4h+2 | Vol+1 | RSI+1 | BTCok+1 | FVG+1 | ChoCH+1 | Zone:FVG+1 | Sess:OFF_HOURS | Strong1h+1,0,0,0.5,range,0.8707,1.2761,0.0,0.019,1.124,1.0,0.0149,0.5625,1466,0,1,1.209,0.816,1,1.526,0
SOLUSDT,1482,1504,1707516900,1707537600,LONG,TRAIL,107.82,110.08422,119.1411,104.0463,0.4056052906968177,0.37547136212538906,0.030133928571428645,15,3.82,65.58,0.463157894736842,0.01734304732413008,2.708575920329898,base,adaptive disabled,1.15,88.5,90,90,90,80,DEAD_ZONE,bullish,bullish,FVG,BOS bullish | Vol 3.8x | FVG | ChoCH | StrongTrend1h | Zone:FVG | MTF 15 | Risk x1.15,BOS+2 | BodyStrong+1 | 1h+2 | 4h+2 | Vol+2 | RSI+1 | BTCok+1 | FVG+1 | ChoCH+1 | Zone:FVG+1 | Sess:DEAD_ZONE | Strong1h+1 | QualityRisk:1.15,0,0,0.6,range,0.2756,1.1704,10.0,0.1884,2.238,1.0,0.2171,0.52734375,1481,0,2,1.626,-1.0,0,1.145,1
XRPUSDT,1482,1623,1707516900,1707644700,LONG,TRAIL,0.5263,0.53135521,0.55157606,0.51787465,0.8781973104045235,0.7844979388650624,0.0936993715394613,15,1.61,60.03,0.15789473684210373,0.003922278585956959,1.3699211677167686,base,adaptive disabled,1.0,80.1,90,78,70,80,DEAD_ZONE,bullish,bullish,FVG,BOS bullish | Vol 1.6x | FVG | ChoCH | Engulfing | StrongTrend1h | Zone:FVG | MTF 15,BOS+2 | BodyStrong+1 | 1h+2 | 4h+2 | Vol+1 | RSI+1 | BTCok+1 | FVG+1 | ChoCH+1 | Engulfing+1 | Zone:FVG+1 | Sess:DEAD_ZONE | Strong1h+1,0,0,0.425,bull,0.9614,1.266,0.25,0.2464,1.543,1.0,0.1712,0.75,1481,0,1,0.522,0.116,1,2.608,1
AVAXUSDT,1495,1509,1707528600,1707542100,LONG,TRAIL,38.822,39.50314949,42.22774744,37.68675085,0.4804801633920722,0.442008652534742,0.038471510857330304,15,1.31,66.45,0.45134099616858686,0.007043352819408692,0.9622918348471128,base,adaptive disabled,1.15,84.5,90,100,70,80,OFF_HOURS,bullish,bullish,FVG,BOS bullish | Vol 1.3x | FVG | ChoCH | StrongTrend1h | Zone:FVG | MTF 15 | Risk x1.15,BOS+2 | BodyStrong+1 | 1h+2 | 4h+2 | Vol+1 | RSI+1 | BTC+2 | FVG+1 | ChoCH+1 | Zone:FVG+1 | Sess:OFF_HOURS | Strong1h+1 | QualityRisk:1.15,0,1,0.45,bear,0.0194,1.4578,5.663,0.0117,1.554,1.0,0.2255,0.5625,1495,0,5,1.786,-1.0,0,0.53,0
DOTUSDT,1496,1530,1707529500,1707561000,LONG,SL,7.238,7.32413957,7.66869784,7.09443405,-0.5837909337137387,-0.640508769663001,0.05671783594926228,15,1.48,57.31,0.18556701030927542,0.006577282347627405,1.338946763642971,base,adaptive disabled,1.15,80.9,90,82,70,80,OFF_HOURS,bullish,bullish,FVG,BOS bullish | Vol 1.5x | FVG | ChoCH | Engulfing | StrongTrend1h | Zone:FVG | MTF 15 | Risk x1.15,BOS+2 | BodyStrong+1 | 1h+2 | 4h+2 | Vol+1 | RSI+1 | BTCok+1 | FVG+1 | ChoCH+1 | Engulfing+1 | Zone:FVG+1 | Sess:OFF_HOURS | Strong1h+1 | QualityRisk:1.15,0,0,0.475,bull,1.0518,0.3251,0.8,0.1563,0.898,1.0,0.0811,0.5625,1491,1,2,0.26,2.893,0,0.463,3
SUIUSDT,1544,1614,1707572700,1707636600,LONG,TRAIL,1.7553,1.7921613,1.9396065,1.6938645,0.3937341937033987,0.35355562227482723,0.040178571428571445,21,2.03,62.34,0.520912547528519,0.012527698374327928,1.7343790161662564,base,adaptive disabled,1.15,93.5,90,100,100,80,NEW_YORK,bullish,bullish,OB,BOS bullish | Vol 2.0x | FVG | OB | LiqSweep | ChoCH | Session:NEW_YORK | StrongTrend1h | Zone:OB | 💎PREMIUM | MTF 21 | Risk x1.15,BOS+2 | BodyStrong+1 | 1h+2 | 4h+2 | Vol+2 | RSI+1 | BTC+2 | FVG+1 | OB+1 | LiqSweep+1 | ChoCH+1 | Zone:OB+1 | Sess:NEW_YORK | Strong1h+1 | 💎Premium+3 | QualityRisk:1.15,1,0,0.6,range,0.796,1.2099,0.0,-0.013,0.858,1.0,0.0478,0.703125,1544,28,1,2.319,3.919,0,0.948,2
AAVEUSDT,1551,1600,1707579000,1707624000,LONG,TRAIL,87.94,89.28513284,94.66566422,85.69811193,1.0259100214773602,0.9229421244226246,0.10296789705473558,14,2.02,68.33,0.8341968911917005,0.005852312531979741,1.716678342715943,base,adaptive disabled,1.15,80.0,60,100,90,80,NEW_YORK,neutral,bullish,FVG,BOS bullish | Vol 2.0x | FVG | LiqSweep | ChoCH | Session:NEW_YORK | Zone:FVG | MTF 14 | Risk x1.15,BOS+2 | BodyStrong+1 | 1hN+1 | 4h+2 | Vol+2 | BTC+2 | FVG+1 | LiqSweep+1 | ChoCH+1 | Zone:FVG+1 | Sess:NEW_YORK | QualityRisk:1.15,0,0,0.4,range,0.0892,1.1077,0.0,0.3062,0.868,1.0,0.2271,1.3125,1549,0,4,2.854,1.126,1,0.759,0
AVAXUSDT,1568,1573,1707594300,1707599700,LONG,TRAIL,39.343,39.85334029,41.89470143,38.49243286,1.2025582046827896,1.1331756748098394,0.06938252987295021,15,1.74,57.45,0.30888030888030665,0.005568925732775278,1.1338039690605555,base,adaptive disabled,1.15,83.9,90,97,70,80,DEAD_ZONE,bullish,bullish,FVG,BOS bullish | Vol 1.7x | FVG | ChoCH | StrongTrend1h | Zone:FVG | MTF 15 | Risk x1.15,BOS+2 | BodyStrong+1 | 1h+2 | 4h+2 | Vol+1 | RSI+1 | BTC+2 | FVG+1 | ChoCH+1 | Zone:FVG+1 | Sess:DEAD_ZONE | Strong1h+1 | QualityRisk:1.15,0,1,0.65,bear,0.2022,2.1966,1.73,0.0413,1.026,1.0,0.1877,0.75,1568,4,5,0.41,0.964,1,0.997,0
ETHUSDT,1576,1600,1707601500,1707624000,LONG,TRAIL,2504.21,2522.240312,2594.36156,2474.15948,0.6316449934743479,0.5066449934743489,0.12499999999999903,14,4.53,68.16,0.6322761942994818,0.003226958284746169,1.6659255658414616,base,adaptive disabled,1.0,84.5,90,100,70,80,DEAD_ZONE,bullish,bullish,FVG,BOS bullish | Vol 4.5x | FVG | ChoCH | StrongTrend1h | Zone:FVG | MTF 14,BOS+2 | 1h+2 | 4h+2 | Vol+2 | BTC+2 | FVG+1 | ChoCH+1 | Zone:FVG+1 | Sess:DEAD_ZONE | Strong1h+1,0,1,0.5,bear,0.4436,1.0399,0.0,0.2134,3.036,1.0,0.4144,0.75,1572,0,5,2.237,2.109,1,3.067,0
AAVEUSDT,1602,1658,1707624900,1707676200,LONG,SL,89.28,90.41180857,94.93904284,87.39365239,-0.5755169377292042,-0.6287626913048137,0.0532457535756095,15,1.52,69.66,0.9520958083832427,0.005228446524834282,1.4943237487124452,base,adaptive disabled,1.15,84.5,90,100,70,80,OFF_HOURS,bullish,bullish,FVG,BOS bullish | Vol 1.5x | FVG | ChoCH | BullWick | StrongTrend1h | Zone:FVG | MTF 15 | Risk x1.15,BOS+2 | BodyStrong+1 | 1h+2 | 4h+2 | Vol+1 | BTC+2 | FVG+1 | ChoCH+1 | BullWick+1 | Zone:FVG+1 | Sess:OFF_HOURS | Strong1h+1 | QualityRisk:1.15,0,1,0.425,bear,1.1557,0.3888,0.0,0.2171,1.253,1.0,0.2718,0.5625,1600,0,4,2.945,1.299,1,1.415,0
ETHUSDT,1602,1718,1707624900,1707730200,LONG,SL,2525.41,2548.98063,2643.26315001,2486.12561666,-0.6071114771888373,-0.6794324864156049,0.07232100922676767,13,4.52,69.76,0.6472760849492166,0.004804427413343373,2.2035068358636183,base,adaptive disabled,1.0,82.5,90,90,70,80,OFF_HOURS,bullish,bullish,FVG,BOS bullish | Vol 4.5x | FVG | ChoCH | StrongTrend1h | Zone:FVG | MTF 13,BOS+2 | 1h+2 | 4h+2 | Vol+2 | BTCok+1 | FVG+1 | ChoCH+1 | Zone:FVG+1 | Sess:OFF_HOURS | Strong1h+1,0,0,0.45,bull,1.1282,0.6529,4.006,0.1693,2.454,1.0,0.2923,0.5625,1601,0,2,1.665,-1.0,0,1.02,1
SOLUSDT,1602,1636,1707624900,1707656400,LONG,TRAIL,109.25,110.4533746,115.266873,107.24437567,0.2605169963535597,0.19923620305564443,0.06128079329791526,16,1.52,59.83,0.4776119402985067,0.006223669288475242,1.3090052116945479,base,adaptive disabled,1.15,78.5,90,100,50,80,OFF_HOURS,bullish,bullish,FVG,BOS bullish | Vol 1.5x | FVG | LiqSweep | ChoCH | Engulfing | StrongTrend1h | Zone:FVG | MTF 16 | Risk x1.15,BOS+2 | 1h+2 | 4h+2 | Vol+1 | RSI+1 | BTC+2 | FVG+1 | LiqSweep+1 | ChoCH+1 | Engulfing+1 | Zone:FVG+1 | Sess:OFF_HOURS | Strong1h+1 | QualityRisk:1.15,0,0,0.625,range,0.349,1.2216,0.0,0.1255,1.694,1.0,0.0572,0.5625,1600,0,1,0.468,1.836,1,0.972,0
XLMUSDT,1603,1667,1707625800,1707684300,LONG,SL,0.1125,0.11338273,0.11691365,0.11102878,-0.6117371976998659,-0.6977627411264093,0.08602554342654342,15,3.22,69.84,0.5384615384615286,0.002370112379379106,1.3177824841198926,base,adaptive disabled,1.0,90.5,90,100,90,80,OFF_HOURS,bullish,bullish,FVG,BOS bullish | Vol 3.2x | FVG | ChoCH | BullWick | StrongTrend1h | Zone:FVG | MTF 15,BOS+2 | BodyStrong+1 | 1h+2 | 4h+2 | Vol+2 | BTCok+1 | FVG+1 | ChoCH+1 | BullWick+1 | Zone:FVG+1 | Sess:OFF_HOURS | Strong1h+1,0,0,0.475,range,1.2235,0.6797,3.5,0.282,4.365,1.0,0.3043,0.5625,1601,0,2,1.844,1.106,1,1.106,0
AVAXUSDT,1617,1623,1707638400,1707644700,LONG,TRAIL,40.65,41.09929445,42.89647224,39.90117592,0.437950177589499,0.3565225076887125,0.08142766990078645,14,1.4,63.24,0.39176829268292857,0.006856779661882441,1.2420882568185443,base,adaptive disabled,1.15,84.5,90,100,70,80,LONDON,bullish,bullish,FVG,BOS bullish | Vol 1.4x | FVG | ChoCH | Session:LONDON | StrongTrend1h | Zone:FVG | MTF 14 | Risk x1.15,BOS+2 | BodyStrong+1 | 1h+2 | 4h+2 | Vol+1 | RSI+1 | BTCok+1 | FVG+1 | ChoCH+1 | Zone:FVG+1 | Sess:LONDON | Strong1h+1 | RelStrengthRisk:1.15,0,1,0.475,bear,0.0361,1.2664,5.14,0.1332,0.829,1.0,0.2462,0.75,1616,2,5,1.478,1.655,1,1.161,0
XLMUSDT,1624,1640,1707644700,1707660000,LONG,SL,0.1128,0.11361216,0.1168608,0.1114464,-1.6622340425531972,-1.912234042553198,0.25000000000000067,16,4.2,67.92,0.6363636363636318,0.0029522081988652793,1.109046214357812,base,adaptive disabled,1.15,84.5,90,100,70,80,LONDON,bullish,bullish,FVG,BOS bullish | Vol 4.2x | FVG | ChoCH | BullWick | Session:LONDON | StrongTrend1h | Zone:FVG | MTF 16 | Risk x1.15,BOS+2 | 1h+2 | 4h+2 | Vol+2 | RSI+1 | BTC+2 | FVG+1 | ChoCH+1 | BullWick+1 | Zone:FVG+1 | Sess:LONDON | Strong1h+1 | QualityRisk:1.15,0,0,0.525,range,1.3298,0.2463,0.0,0.3131,3.743,1.0,0.2535,1.5,1624,0,1,1.122,-1.0,0,1.122,0
XRPUSDT,1625,1669,1707645600,1707686100,LONG,SL,0.5334,0.53869554,0.5598777,0.5245741,-0.7987853929910852,-0.889439037378627,0.0906536443875418,15,1.56,70.11,0.5294117647058734,0.005433006277477138,2.3964085193433338,base,adaptive disabled,1.0,82.5,90,90,70,80,LONDON,bullish,bullish,FVG,BOS bullish | Vol 1.6x | FVG | ChoCH | BullWick | Session:LONDON | StrongTrend1h | Zone:FVG | MTF 15,BOS+2 | BodyStrong+1 | 1h+2 | 4h+2 | Vol+1 | BTC+2 | FVG+1 | ChoCH+1 | BullWick+1 | Zone:FVG+1 | Sess:LONDON | Strong1h+1,0,0,0.35,range,1.133,0.2266,3.6,0.1453,1.207,1.0,0.6475,0.75,1625,1,4,2.583,-1.0,0,0.8,0
BTCUSDT,1637,1683,1707656400,1707698700,LONG,TRAIL,48180.9,48527.80248,49915.4124,47602.7292,0.5758075965909575,0.49377634659095737,0.08203125000000003,16,1.81,62.36,0.3046944198405684,0.0038869218900836754,1.474215124215539,base,adaptive disabled,1.0,83.7,90,96,70,80,OVERLAP,bullish,bullish,FVG,BOS bullish | Vol 1.8x | FVG | MACD_Div | ChoCH | Session:OVERLAP | StrongTrend1h | Zone:FVG | MTF 16,BOS+2 | BodyStrong+1 | 1h+2 | 4h+2 | Vol+1 | RSI+1 | BTC+2 | FVG+1 | MACD_Div+1 | ChoCH+1 | Zone:FVG+1 | Sess:OVERLAP | Strong1h+1,0,1,0.525,bear,0.4322,1.6146,0.0,0.1845,1.232,1.0,0.2646,0.4921875,1632,2,2,1.322,1.551,1,2.272,1
LINKUSDT,1682,1689,1707696900,1707704100,LONG,SL,20.418,20.72378002,21.94690008,19.90836664,-1.1360706296532523,-1.2241020911950362,0.0880314615417839,16,6.1,68.17,0.4312169312169318,0.010900501477761506,1.9616079429324882,base,adaptive disabled,1.0,88.5,90,90,90,80,OFF_HOURS,bullish,bullish,FVG,BOS bullish | Vol 6.1x | FVG | LiqSweep | ChoCH | StrongTrend1h | Zone:FVG | MTF 16,BOS+2 | BodyStrong+1 | 1h+2 | 4h+2 | Vol+2 | BTC+2 | FVG+1 | LiqSweep+1 | ChoCH+1 | Zone:FVG+1 | Sess:OFF_HOURS | Strong1h+1,0,1,0.5,bear,1.1008,0.6148,0.0,0.0455,3.691,1.0,0.1498,1.0986328125,1682,0,1,1.983,0.98,1,1.837,3
BTCUSDT,1683,1742,1707697800,1707751800,LONG,TRAIL,48532.0,48967.72552707,50710.62763537,47805.79078821,0.1670788008371532,0.1388852208500123,0.02819357998714091,17,5.26,66.29,0.5017723513194092,0.005994682123296173,2.123173803298464,base,adaptive disabled,1.0,82.5,90,90,70,80,OFF_HOURS,bullish,bullish,FVG,BOS bullish | Vol 5.3x | FVG | ChoCH | Engulfing | BullWick | StrongTrend1h | Zone:FVG | MTF 17,BOS+2 | 1h+2 | 4h+2 | Vol+2 | RSI+1 | BTC+2 | FVG+1 | ChoCH+1 | Engulfing+1 | BullWick+1 | Zone:FVG+1 | Sess:OFF_HOURS | Strong1h+1,0,0,0.4,range,1.136,1.5331,0.0,0.2147,2.555,-1.0,-0.0681,0.2109375,1683,0,3,2.627,-1.0,0,0.983,0
ETHUSDT,1683,1718,1707697800,1707730200,LONG,SL,2516.67,2535.21746227,2609.40731137,2485.75756288,-1.071868334786274,-1.23214990829231,0.16028157350603586,15,2.6,60.75,0.34333958724204167,0.004270626504897407,1.9969433631402393,base,adaptive disabled,1.0,78.0,60,90,90,80,OFF_HOURS,neutral,bullish,FVG,BOS bullish | Vol 2.6x | FVG | ChoCH | Engulfing | Zone:FVG | MTF 15,BOS+2 | BodyStrong+1 | 1hN+1 | 4h+2 | Vol+2 | RSI+1 | BTC+2 | FVG+1 | ChoCH+1 | Engulfing+1 | Zone:FVG+1 | Sess:OFF_HOURS,0,0,0.575,range,1.151,0.103,0.0,0.0268,2.157,1.0,0.1007,0.984375,1683,0,2,1.551,0.855,1,0.991,0
XRPUSDT,1684,1702,1707698700,1707715800,LONG,SL,0.527,0.5346,0.545972,0.520676,-1.0740334440227737,-1.2380959440227737,0.1640625000000001,19,1.56,58.14,0.3999999999999926,0.003282863081501554,1.2385773428410434,base,adaptive disabled,1.15,71.0,60,100,60,80,OFF_HOURS,neutral,bullish,OB,BOS bullish | Vol 1.6x | FVG | OB | LiqSweep | ChoCH | Engulfing | BullWick | Zone:OB | 💎PREMIUM | MTF 19 | Risk x1.15,BOS+2 | 1hN+1 | 4h+2 | Vol+1 | RSI+1 | BTC+2 | FVG+1 | OB+1 | LiqSweep+1 | ChoCH+1 | Engulfing+1 | BullWick+1 | Zone:OB+1 | Sess:OFF_HOURS | 💎Premium+3 | QualityRisk:1.15,1,0,0.525,range,1.3757,0.2368,0.0,0.0543,1.54,-1.0,0.0065,0.984375,1683,24,1,1.488,0.338,1,1.217,0
SUIUSDT,1695,1732,1707708600,1707742800,LONG,TRAIL,1.7382,1.7747022,1.920711,1.677363,0.876053419862923,0.782303419862923,0.09374999999999996,15,2.4,69.46,0.630573248407638,0.012662826696739621,1.976446519305466,base,adaptive disabled,1.25,72.0,60,90,70,80,OFF_HOURS,neutral,bullish,FVG,BOS bullish | Vol 2.4x | FVG | ChoCH | Engulfing | BullWick | Zone:FVG | MTF 15 | Risk x1.25,BOS+2 | 1hN+1 | 4h+2 | Vol+2 | BTCok+1 | FVG+1 | ChoCH+1 | Engulfing+1 | BullWick+1 | Zone:FVG+1 | Sess:OFF_HOURS | NestedOB_1h+2 | QualityRisk:1.15 | RelStrengthRisk:1.25,0,0,0.35,range,0.4076,1.1588,3.414,0.2977,1.954,1.0,0.3071,1.640625,1695,0,1,1.017,0.966,1,1.036,3
LINKUSDT,1710,1730,1707722100,1707741000,LONG,TRAIL,20.312,20.72712669,22.38763345,19.62012218,0.4869931961647396,0.4319473500643401,0.055045846100399476,16,1.47,62.4,0.45592705167174014,0.008751726546701461,1.5749235338765497,base,adaptive disabled,1.0,78.5,90,100,50,80,LONDON,bullish,bullish,FVG,BOS bullish | Vol 1.5x | FVG | LiqSweep | ChoCH | Engulfing | Session:LONDON | StrongTrend1h | Zone:FVG | MTF 16,BOS+2 | 1h+2 | 4h+2 | Vol+1 | RSI+1 | BTC+2 | FVG+1 | LiqSweep+1 | ChoCH+1 | Engulfing+1 | Zone:FVG+1 | Sess:LONDON | Strong1h+1,0,0,0.475,range,0.5304,1.2213,1.911,0.2275,1.753,1.0,0.3233,0.9375,1710,0,5,1.979,0.516,1,0.824,3
BTCUSDT,1715,1740,1707726600,1707750000,LONG,TRAIL,48114.3,48460.72296,49846.4148,47536.9284,0.5906567172876175,0.5086254672876184,0.08203124999999918,23,1.46,54.51,0.202678425608361,0.003588798153615673,1.6062563336045381,base,adaptive disabled,1.15,73.8,60,84,80,80,LONDON,neutral,bullish,OB,BOS bullish | Vol 1.5x | FVG | OB | LiqSweep | MACD_Div | ChoCH | Engulfing | BullWick | Session:LONDON | Zone:OB | 💎PREMIUM | MTF 23 | Risk x1.15,BOS+2 | BodyStrong+1 | 1hN+1 | 4h+2 | Vol+1 | RSI+1 | BTC+2 | FVG+1 | OB+1 | LiqSweep+1 | MACD_Div+1 | ChoCH+1 | Engulfing+1 | BullWick+1 | Zone:OB+1 | Sess:LONDON | NestedOB_1h+2 | 💎Premium+3 | QualityRisk:1.15,1,1,0.45,bear,0.7054,1.2716,6.144,0.3711,1.385,1.0,0.4787,0.4921875,1711,4,2,0.601,0.964,1,0.733,0
LINKUSDT,1725,1730,1707735600,1707741000,LONG,TRAIL,20.333,20.64904697,21.91323483,19.80625506,1.2842082588474537,1.1298033584415752,0.1544049004058786,15,1.66,59.44,0.14568599717114195,0.006922906562306275,1.1747048203603225,base,adaptive disabled,1.15,73.9,90,77,50,80,OVERLAP,bullish,bullish,FVG,BOS bullish | Vol 1.7x | FVG | ChoCH | BullWick | Session:OVERLAP | StrongTrend1h | Zone:FVG | MTF 15 | Risk x1.15,BOS+2 | 1h+2 | 4h+2 | Vol+1 | RSI+1 | BTC+2 | FVG+1 | ChoCH+1 | BullWick+1 | Zone:FVG+1 | Sess:OVERLAP | Strong1h+1 | QualityRisk:1.15,0,1,0.525,bear,0.1044,1.5377,0.805,0.2893,1.23,1.0,0.1232,2.0,1725,2,3,0.44,0.151,1,1.132,0
BTCUSDT,1754,1909,1707761700,1707902100,LONG,TRAIL,49764.8,50809.8608,54990.104,48023.032,0.2792174716578687,0.2631460430864402,0.01607142857142854,14,1.88,70.98,0.35751063353481083,0.008711916169765315,3.1359361042184015,base,adaptive disabled,1.15,77.5,90,80,60,80,OFF_HOURS,bullish,bullish,OB,BOS bullish | Vol 1.9x | FVG | OB | ChoCH | StrongTrend1h | Zone:OB | MTF 14 | Risk x1.15,BOS+2 | 1h+2 | 4h+2 | Vol+1 | BTC+2 | FVG+1 | OB+1 | ChoCH+1 | Zone:OB+1 | Sess:OFF_HOURS | Strong1h+1 | QualityRisk:1.15,0,0,0.65,bull,0.8513,1.0748,0.653,0.4248,0.96,1.0,0.4764,0.28125,1751,4,1,0.25,-1.0,0,0.969,1
SUIUSDT,1778,1782,1707783300,1707787800,LONG,TRAIL,1.7723,1.79316889,1.87664443,1.73751852,0.4131784609561228,0.355853772644987,0.05732468831113583,18,1.71,61.31,0.6334661354581652,0.008214533247186179,0.9846964989007231,base,adaptive disabled,1.25,84.5,90,100,70,80,OFF_HOURS,bullish,bullish,FVG,BOS bullish | Vol 1.7x | FVG | LiqSweep | MACD_Div | ChoCH | Engulfing | StrongTrend1h | Zone:FVG | MTF 18 | Risk x1.25,BOS+2 | BodyStrong+1 | 1h+2 | 4h+2 | Vol+1 | RSI+1 | BTC+2 | FVG+1 | LiqSweep+1 | MACD_Div+1 | ChoCH+1 | Engulfing+1 | Zone:FVG+1 | Sess:OFF_HOURS | Strong1h+1 | QualityRisk:1.15 | RelStrengthRisk:1.25,0,1,0.475,bear,0.0575,1.2459,0.0,0.0282,1.272,-1.0,-0.1088,0.5625,1778,0,1,1.566,0.922,1,1.613,2
ETHUSDT,1779,1910,1707784200,1707903000,LONG,TRAIL,2672.35,2717.67294751,2898.96473757,2596.81175414,0.6285991390396939,0.5755329742861559,0.053066164753537926,14,1.34,69.1,0.44662251655629476,0.005781454752403523,1.1289706579409775,base,adaptive disabled,1.15,84.5,90,100,70,80,OFF_HOURS,bullish,bullish,FVG,BOS bullish | Vol 1.3x | FVG | ChoCH | StrongTrend1h | Zone:FVG | MTF 14 | Risk x1.15,BOS+2 | BodyStrong+1 | 1h+2 | 4h+2 | Vol+1 | BTC+2 | FVG+1 | ChoCH+1 | Zone:FVG+1 | Sess:OFF_HOURS | Strong1h+1 | QualityRisk:1.15,0,0,0.525,bull,1.1288,1.3161,1.561,0.0977,2.114,1.0,0.3667,0.75,1779,1,2,0.482,-1.0,0,0.753,0
DOTUSDT,1781,1836,1707786000,1707836400,LONG,SL,7.409,7.54231705,8.07558523,7.18680492,-0.48605936729112215,-0.5141938505119027,0.028134483220780628,13,1.49,71.34,0.6042780748663116,0.004896455195640948,1.1582485790362926,base,adaptive disabled,1.15,78.5,90,100,50,80,OFF_HOURS,bullish,bullish,FVG,BOS bullish | Vol 1.5x | FVG | ChoCH | StrongTrend1h | Zone:FVG | MTF 13 | Risk x1.15,BOS+2 | 1h+2 | 4h+2 | Vol+1 | BTC+2 | FVG+1 | ChoCH+1 | Zone:FVG+1 | Sess:OFF_HOURS | Strong1h+1 | QualityRisk:1.15,0,0,0.525,range,1.3637,0.255,2.354,0.0864,1.379,1.0,0.4938,0.421875,1781,1,4,1.959,-1.0,0,0.936,0
SOLUSDT,1802,1812,1707804900,1707814800,LONG,TRAIL,113.87,114.85460221,118.79301103,112.22899632,0.47234123729803834,0.394276969946731,0.07806426735130731,16,1.44,57.43,0.37051792828685665,0.004233548842912687,0.7129039672753663,base,adaptive disabled,1.15,82.5,90,90,70,80,OFF_HOURS,bullish,bullish,FVG,BOS bullish | Vol 1.4x | FVG | ChoCH | Engulfing | BullWick | StrongTrend1h | Zone:FVG | MTF 16 | Risk x1.15,BOS+2 | BodyStrong+1 | 1h+2 | 4h+2 | Vol+1 | RSI+1 | BTCok+1 | FVG+1 | ChoCH+1 | Engulfing+1 | BullWick+1 | Zone:FVG+1 | Sess:OFF_HOURS | Strong1h+1 | QualityRisk:1.15,0,1,0.6,bear,0.2498,1.1172,0.0,0.0333,1.109,1.0,0.2068,0.5625,1802,7,1,0.433,1.814,0,0.699,0
DOTUSDT,1803,1832,1707805800,1707832800,LONG,SL,7.387,7.46971761,7.80058803,7.24913732,-0.7507470477144352,-0.8110271394695066,0.06028009175507124,16,1.72,61.18,0.4846625766871168,0.003067344113459634,0.772336093682381,base,adaptive disabled,1.0,82.5,90,90,70,80,OFF_HOURS,bullish,bullish,FVG,BOS bullish | Vol 1.7x | FVG | ChoCH | Engulfing | BullWick | StrongTrend1h | Zone:FVG | MTF 16,BOS+2 | BodyStrong+1 | 1h+2 | 4h+2 | Vol+1 | RSI+1 | BTCok+1 | FVG+1 | ChoCH+1 | Engulfing+1 | BullWick+1 | Zone:FVG+1 | Sess:OFF_HOURS | Strong1h+1,0,0,0.675,range,1.7118,0.677,0.0,0.1286,2.453,-1.0,-0.0311,0.5625,1803,0,1,0.77,1.607,1,0.703,2
ADAUSDT,1809,1830,1707811200,1707831000,LONG,SL,0.5577,0.56469889,0.59269446,0.54603518,-0.8036986425851365,-0.8754142798602935,0.07171563727515715,18,1.4,55.39,0.3333333333333333,0.006682154568067072,1.6045886820050912,base,adaptive disabled,1.15,84.5,90,100,70,80,LONDON,bullish,bullish,FVG,BOS bullish | Vol 1.4x | FVG | LiqSweep | ChoCH | Engulfing | BullWick | Session:LONDON | StrongTrend1h | Zone:FVG | MTF 18 | Risk x1.15,BOS+2 | BodyStrong+1 | 1h+2 | 4h+2 | Vol+1 | RSI+1 | BTC+2 | FVG+1 | LiqSweep+1 | ChoCH+1 | Engulfing+1 | BullWick+1 | Zone:FVG+1 | Sess:LONDON | Strong1h+1 | QualityRisk:1.15,0,1,0.475,bear,1.7574,0.5572,0.0,0.1891,1.709,1.0,0.0514,0.75,1809,0,1,0.078,2.144,1,0.702,0
SOLUSDT,1814,1830,1707815700,1707831000,LONG,SL,114.13,114.951736,118.23868,112.76044,-1.1609568036449671,-1.2859568036449678,0.12500000000000067,16,1.35,57.9,0.24398625429553567,0.005739968148538885,1.0354720318762272,base,adaptive disabled,1.15,85.3,90,89,80,80,LONDON,bullish,bullish,OB,BOS bullish | Vol 1.4x | FVG | OB | ChoCH | Session:LONDON | StrongTrend1h | Zone:OB | MTF 16 | Risk x1.15,BOS+2 | BodyStrong+1 | 1h+2 | 4h+2 | Vol+1 | RSI+1 | BTC+2 | FVG+1 | OB+1 | ChoCH+1 | Zone:OB+1 | Sess:LONDON | Strong1h+1 | QualityRisk:1.15,0,0,0.6,bull,2.4314,0.8275,0.0,0.0349,1.28,1.0,0.0535,0.75,1814,7,3,0.242,1.053,1,0.863,1
DOTUSDT,1872,1886,1707867900,1707881400,LONG,TRAIL,7.331,7.41645513,7.75827566,7.18857478,1.530013897802557,1.4286771664989304,0.10133673130362679,15,1.81,63.93,0.1608391608391651,0.003630163700676804,0.872691353654797,base,adaptive disabled,1.15,63.8,60,79,50,80,DEAD_ZONE,neutral,bullish,FVG,BOS bullish | Vol 1.8x | FVG | ChoCH | BullWick | Zone:FVG | MTF 15 | Risk x1.15,BOS+2 | 1hN+1 | 4h+2 | Vol+1 | RSI+1 | BTC+2 | FVG+1 | ChoCH+1 | BullWick+1 | Zone:FVG+1 | Sess:DEAD_ZONE | NestedOB_1h+2 | QualityRisk:1.15,0,0,0.55,range,0.4213,2.9021,0.264,0.1838,2.19,1.0,0.2614,0.984375,1872,1,1,0.509,0.7,1,1.146,6
SUIUSDT,1873,1908,1707868800,1707901200,LONG,TRAIL,1.8562,1.88863823,2.01839116,1.80213628,1.1569838383296758,1.076514555971747,0.0804692823579287,15,3.26,65.82,0.20225988700564945,0.012710654612764096,1.43446532317075,base,adaptive disabled,1.15,87.3,90,84,90,80,OFF_HOURS,bullish,bullish,FVG,BOS bullish | Vol 3.3x | FVG | ChoCH | StrongTrend1h | Zone:FVG | MTF 15 | Risk x1.15,BOS+2 | BodyStrong+1 | 1h+2 | 4h+2 | Vol+2 | RSI+1 | BTCok+1 | FVG+1 | ChoCH+1 | Zone:FVG+1 | Sess:OFF_HOURS | Strong1h+1 | QualityRisk:1.15,0,0,0.575,bull,0.8065,1.0728,0.63,0.2092,1.897,1.0,0.3467,1.171875,1873,1,2,0.749,0.439,1,2.4,1
DOTUSDT,1886,1895,1707880500,1707889500,LONG,TRAIL,7.472,7.62300357,8.22701787,7.22032738,0.23426062052121566,0.21077586977637908,0.02348475074483661,15,4.75,69.25,0.5477707006369475,0.013970266265025651,3.1686310172797847,base,adaptive disabled,1.15,86.5,90,80,90,80,OFF_HOURS,bullish,bullish,FVG,BOS bullish | Vol 4.8x | FVG | ChoCH | StrongTrend1h | Zone:FVG | MTF 15 | Risk x1.15,BOS+2 | BodyStrong+1 | 1h+2 | 4h+2 | Vol+2 | BTC+2 | FVG+1 | ChoCH+1 | Zone:FVG+1 | Sess:OFF_HOURS | Strong1h+1 | RelStrengthRisk:1.15,0,0,0.475,bull,0.0079,1.1126,6.615,0.0495,2.734,1.0,0.2477,0.3955078125,1886,0,2,2.228,-1.0,0,0.857,0
SOLUSDT,1897,1909,1707890400,1707902100,LONG,TRAIL,112.62,114.12169068,120.12845342,110.11718219,0.9759542733423121,0.9095129734260391,0.0664412999162729,15,2.05,64.05,0.408239700374535,0.004497844743854025,0.7609535516654272,base,adaptive disabled,1.25,78.0,60,90,90,80,OFF_HOURS,neutral,bullish,FVG,BOS bullish | Vol 2.0x | FVG | ChoCH | Engulfing | Zone:FVG | MTF 15 | Risk x1.25,BOS+2 | BodyStrong+1 | 1hN+1 | 4h+2 | Vol+2 | RSI+1 | BTC+2 | FVG+1 | ChoCH+1 | Engulfing+1 | Zone:FVG+1 | Sess:OFF_HOURS | QualityRisk:1.15 | RelStrengthRisk:1.25,0,0,0.55,bull,0.0959,1.5249,1.787,0.014,1.754,1.0,0.6279,0.73828125,1896,0,2,1.274,1.484,1,0.96,0
SUIUSDT,1905,1909,1707897600,1707902100,LONG,TRAIL,1.8681,1.9073301,2.0642505,1.8027165,0.5865832932560806,0.5437261503989378,0.04285714285714284,16,1.62,67.33,0.782244556113904,0.00921888271361703,1.3638046331954048,base,adaptive disabled,1.15,84.5,90,100,70,80,LONDON,bullish,bullish,FVG,BOS bullish | Vol 1.6x | FVG | MACD_Div | ChoCH | Session:LONDON | StrongTrend1h | Zone:FVG | MTF 16 | Risk x1.15,BOS+2 | BodyStrong+1 | 1h+2 | 4h+2 | Vol+1 | RSI+1 | BTC+2 | FVG+1 | MACD_Div+1 | ChoCH+1 | Zone:FVG+1 | Sess:LONDON | Strong1h+1 | QualityRisk:1.15,0,1,0.45,bear,0.0382,1.0655,0.0,0.0946,1.604,1.0,0.1842,0.75,1905,1,4,1.362,0.769,1,1.263,0
SOLUSDT,1916,1927,1707907500,1707918300,LONG,TRAIL,114.49,116.44892151,124.28460753,111.22513082,0.6281477476412154,0.5886970857926447,0.03945066184857072,15,1.58,68.51,0.5264367816091943,0.007085969492541017,1.4709947779899024,base,adaptive disabled,1.15,84.5,90,100,70,80,LONDON,bullish,bullish,FVG,BOS bullish | Vol 1.6x | FVG | ChoCH | Engulfing | BullWick | Session:LONDON | StrongTrend1h | Zone:FVG | MTF 15 | Risk x1.15,BOS+2 | BodyStrong+1 | 1h+2 | 4h+2 | Vol+1 | BTCok+1 | FVG+1 | ChoCH+1 | Engulfing+1 | BullWick+1 | Zone:FVG+1 | Sess:LONDON | Strong1h+1 | QualityRisk:1.15,0,0,0.55,bull,0.0521,1.5978,3.053,0.2006,1.116,1.0,0.3162,0.5625,1914,5,6,2.88,-1.0,0,1.546,0
XLMUSDT,1928,1972,1707918300,1707958800,LONG,TRAIL,0.1137,0.11490969,0.11974846,0.11168385,0.4432992130013071,0.3587072927572774,0.0845919202440297,14,4.6,70.75,0.19999999999999557,0.005270379364702475,1.9517971598183108,base,adaptive disabled,1.0,79.1,90,73,70,80,NEW_YORK,bullish,bullish,FVG,BOS bullish | Vol 4.6x | FVG | ChoCH | Session:NEW_YORK | StrongTrend1h | Zone:FVG | MTF 14,BOS+2 | 1h+2 | 4h+2 | Vol+2 | BTC+2 | FVG+1 | ChoCH+1 | Zone:FVG+1 | Sess:NEW_YORK | Strong1h+1,0,0,0.425,range,0.496,1.0747,0.357,0.0886,2.395,1.0,0.2756,0.75,1927,0,1,1.201,0.961,1,0.961,0
AVAXUSDT,1932,1962,1707921900,1707949800,LONG,TRAIL,41.721,42.22115006,44.2217503,40.88741657,0.5832989402724448,0.4831985819915703,0.10010035828087448,15,2.09,71.69,0.39470655926352544,0.009468879568911725,2.010655878517303,base,adaptive disabled,1.0,82.5,90,90,70,80,NEW_YORK,bullish,bullish,FVG,BOS bullish | Vol 2.1x | FVG | ChoCH | Engulfing | Session:NEW_YORK | StrongTrend1h | Zone:FVG | MTF 15,BOS+2 | 1h+2 | 4h+2 | Vol+2 | BTC+2 | FVG+1 | ChoCH+1 | Engulfing+1 | Zone:FVG+1 | Sess:NEW_YORK | Strong1h+1,0,0,0.675,range,0.8481,1.0097,0.0,0.0203,1.174,-1.0,-0.1738,1.0,1932,1,2,0.457,0.298,1,2.485,0
XRPUSDT,1962,1973,1707948900,1707959700,LONG,TRAIL,0.5381,0.54240603,0.55963017,0.53092328,1.2764139487314439,1.1264568652727056,0.1499570834587383,17,3.03,63.51,0.21311475409837377,0.004875448709832691,1.2961380397527922,base,adaptive disabled,1.15,84.5,90,85,80,80,DEAD_ZONE,bullish,bullish,OB,BOS bullish | Vol 3.0x | FVG | OB | ChoCH | BullWick | StrongTrend1h | Zone:OB | MTF 17 | Risk x1.15,BOS+2 | 1h+2 | 4h+2 | Vol+2 | RSI+1 | BTC+2 | FVG+1 | OB+1 | ChoCH+1 | BullWick+1 | Zone:OB+1 | Sess:DEAD_ZONE | Strong1h+1 | QualityRisk:1.15,0,1,0.4,bear,0.0697,1.4398,0.351,0.3159,1.462,1.0,0.243,1.0,1962,4,1,0.202,-1.0,0,1.062,0
AAVEUSDT,1972,2008,1707957900,1707991200,LONG,TRAIL,91.56,92.50114381,96.26571903,89.99142699,0.4456142934805337,0.37994632689987745,0.0656679665806563,15,3.14,71.41,0.6124999999999958,0.006652807943840437,1.5903712463661523,base,adaptive disabled,1.15,90.5,90,100,90,80,OFF_HOURS,bullish,bullish,FVG,BOS bullish | Vol 3.1x | FVG | ChoCH | StrongTrend1h | Zone:FVG | MTF 15 | Risk x1.15,BOS+2 | BodyStrong+1 | 1h+2 | 4h+2 | Vol+2 | BTC+2 | FVG+1 | ChoCH+1 | Zone:FVG+1 | Sess:OFF_HOURS | Strong1h+1 | QualityRisk:1.15,0,0,0.475,bull,0.9754,1.2113,3.63,0.1934,1.808,1.0,0.4961,0.5625,1970,0,3,2.36,0.298,1,1.682,0
ADAUSDT,1972,2010,1707957900,1707993000,LONG,TRAIL,0.5797,0.58525699,0.60748497,0.57043834,0.3118749525947958,0.2590634830526184,0.0528114695421774,16,1.46,65.32,0.37499999999999567,0.006143556953693518,1.1387380084537615,base,adaptive disabled,1.15,78.5,90,100,50,80,OFF_HOURS,bullish,bullish,FVG,BOS bullish | Vol 1.5x | FVG | ChoCH | Engulfing | BullWick | StrongTrend1h | Zone:FVG | MTF 16 | Risk x1.15,BOS+2 | 1h+2 | 4h+2 | Vol+1 | RSI+1 | BTC+2 | FVG+1 | ChoCH+1 | Engulfing+1 | BullWick+1 | Zone:FVG+1 | Sess:OFF_HOURS | Strong1h+1 | QualityRisk:1.15,0,0,0.7,range,0.9717,1.3676,4.8,0.1358,1.385,1.0,0.1682,0.421875,1971,0,1,1.428,0.564,1,1.691,3
DOTUSDT,1972,1973,1707957900,1707959700,LONG,TRAIL,7.678,7.7332816,7.954408,7.585864,0.0,-0.09375000000000001,0.09375000000000001,16,2.05,67.57,0.28440366972476555,0.004897662549459179,1.2722100684677888,base,adaptive disabled,1.0,83.3,90,94,70,80,OFF_HOURS,bullish,bullish,FVG,BOS bullish | Vol 2.0x | FVG | ChoCH | BullWick | StrongTrend1h | Zone:FVG | MTF 16,BOS+2 | 1h+2 | 4h+2 | Vol+2 | RSI+1 | BTC+2 | FVG+1 | ChoCH+1 | BullWick+1 | Zone:FVG+1 | Sess:OFF_HOURS | Strong1h+1,0,0,0.5,range,0.1411,1.0492,0.912,0.2675,1.892,1.0,0.2795,0.5625,1971,0,1,0.981,0.21,1,2.487,3
ETHUSDT,1973,2028,1707958800,1708009200,LONG,TRAIL,2801.6,2837.15444183,2979.37220917,2742.34259694,0.5393274099989652,0.48613911896284423,0.05318829103612098,14,1.91,66.35,0.4631526355233543,0.006397179836744069,1.5690812903413909,base,adaptive disabled,1.0,84.5,90,100,70,80,OFF_HOURS,bullish,bullish,FVG,BOS bullish | Vol 1.9x | FVG | ChoCH | StrongTrend1h | Zone:FVG | MTF 14,BOS+2 | BodyStrong+1 | 1h+2 | 4h+2 | Vol+1 | RSI+1 | BTCok+1 | FVG+1 | ChoCH+1 | Zone:FVG+1 | Sess:OFF_HOURS | Strong1h+1,0,0,0.55,bull,0.7358,1.2966,4.641,0.3193,1.26,1.0,0.4166,0.5625,1973,2,3,1.354,-1.0,0,1.448,0
SOLUSDT,1973,1993,1707958800,1707977700,LONG,SL,117.25,118.38210996,122.91054979,115.36315007,-0.8011865310348272,-0.8885717596523465,0.0873852286175193,18,2.49,56.0,0.2514970059880269,0.006655573426963564,1.1902383811896398,base,adaptive disabled,1.15,91.5,90,90,100,80,OFF_HOURS,bullish,bullish,OB,BOS bullish | Vol 2.5x | FVG | OB | ChoCH | Discount | BullWick | StrongTrend1h | Zone:OB | MTF 18 | Risk x1.15,BOS+2 | BodyStrong+1 | 1h+2 | 4h+2 | Vol+2 | RSI+1 | BTCok+1 | FVG+1 | OB+1 | ChoCH+1 | Discount+1 | BullWick+1 | Zone:OB+1 | Sess:OFF_HOURS | Strong1h+1 | QualityRisk:1.15,0,0,0.625,range,1.3674,0.3887,3.0,0.1898,1.29,1.0,0.183,0.703125,1973,5,3,0.157,2.198,0,1.445,0
SUIUSDT,1975,1987,1707960600,1707972300,LONG,SL,1.9122,1.92893164,1.99585822,1.88431393,-0.7841616800072593,-0.880590873866416,0.09642919385915663,15,1.82,44.25,0.16359696641386817,0.01108105278946628,1.734413709014735,base,adaptive disabled,1.15,83.3,90,79,80,80,OFF_HOURS,bullish,bullish,OB,BOS bullish | Vol 1.8x | FVG | OB | ChoCH | StrongTrend1h | Zone:OB | MTF 15 | Risk x1.15,BOS+2 | BodyStrong+1 | 1h+2 | 4h+2 | Vol+1 | RSI+1 | BTCok+1 | FVG+1 | OB+1 | ChoCH+1 | Zone:OB+1 | Sess:OFF_HOURS | Strong1h+1 | QualityRisk:1.15,0,1,0.5,bear,1.3376,0.8427,0.0,0.1176,0.823,-1.0,0.1145,0.703125,1974,7,4,1.365,2.233,0,1.155,0
LINKUSDT,1978,1991,1707963300,1707975900,LONG,SL,20.217,20.3625624,20.944812,19.974396,-1.0288757604985863,-1.1753601354985863,0.14648437499999997,19,2.36,43.25,0.12340425531914825,0.00944434074485205,1.9104012458781576,base,adaptive disabled,1.15,86.3,90,64,100,80,OFF_HOURS,bullish,bullish,OB,BOS bullish | Vol 2.4x | FVG | OB | ChoCH | Discount | StrongTrend1h | Zone:OB | MTF 19 | Risk x1.15,BOS+2 | BodyStrong+1 | 1h+2 | 4h+2 | Vol+2 | RSI+1 | BTCok+1 | FVG+1 | OB+1 | ChoCH+1 | Discount+1 | Zone:OB+1 | Sess:OFF_HOURS | Strong1h+1 | NestedOB_1h+2 | QualityRisk:1.15,0,0,0.525,range,1.7848,0.0137,0.0,0.1209,1.046,1.0,0.2046,0.87890625,1974,18,4,1.532,0.216,1,0.753,2
DOTUSDT,2007,2013,1707989400,1707995700,LONG,TRAIL,7.722,7.86169046,8.4204523,7.48918257,0.3896220479065358,0.3523084756366247,0.03731357226991112,16,1.87,61.74,0.3172413793103435,0.007376241713205225,1.8858591313673747,base,adaptive disabled,1.15,82.1,90,88,70,80,LONDON,bullish,bullish,FVG,BOS bullish | Vol 1.9x | FVG | ChoCH | BullWick | Session:LONDON | StrongTrend1h | Zone:FVG | MTF 16 | Risk x1.15,BOS+2 | BodyStrong+1 | 1h+2 | 4h+2 | Vol+1 | RSI+1 | BTC+2 | FVG+1 | ChoCH+1 | BullWick+1 | Zone:FVG+1 | Sess:LONDON | Strong1h+1 | RelStrengthRisk:1.15,0,0,0.425,range,0.0172,1.0165,0.0,0.2007,1.533,-1.0,-0.1102,0.5625,2007,0,2,1.358,0.462,1,1.086,0
SOLUSDT,2009,2030,1707991200,1708011000,LONG,SL,116.9,118.56068971,125.20344856,114.13218381,-0.5934281351248248,-0.6409430316974906,0.04751489657266575,16,1.96,60.95,0.9344262295081942,0.004380722093734193,0.9359611877002652,base,adaptive disabled,1.15,87.5,90,100,80,80,LONDON,bullish,bullish,OB,BOS bullish | Vol 2.0x | OB | LiqSweep | ChoCH | Session:LONDON | StrongTrend1h | Zone:OB | MTF 16 | Risk x1.15,BOS+2 | BodyStrong+1 | 1h+2 | 4h+2 | Vol+1 | RSI+1 | BTC+2 | OB+1 | LiqSweep+1 | ChoCH+1 | Zone:OB+1 | Sess:LONDON | Strong1h+1 | QualityRisk:1.15,0,0,0.575,range,1.2898,0.2529,0.0,0.1504,1.644,-1.0,-0.0054,0.5625,2009,29,2,1.711,3.161,0,0.892,4
ADAUSDT,2010,2015,1707992100,1707997500,LONG,TRAIL,0.5833,0.59276434,0.63062171,0.5675261,0.4292244521078451,0.38762329449939065,0.04160115760845445,16,1.64,60.07,0.30964467005076385,0.006784923008861528,1.4627791422728649,base,adaptive disabled,1.15,83.9,90,97,70,80,LONDON,bullish,bullish,FVG,BOS bullish | Vol 1.6x | FVG | ChoCH | Engulfing | Session:LONDON | StrongTrend1h | Zone:FVG | MTF 16 | Risk x1.15,BOS+2 | BodyStrong+1 | 1h+2 | 4h+2 | Vol+1 | RSI+1 | BTC+2 | FVG+1 | ChoCH+1 | Engulfing+1 | Zone:FVG+1 | Sess:LONDON | Strong1h+1 | RelStrengthRisk:1.15,0,0,0.375,range,0.0,1.2362,3.0,0.1144,1.579,1.0,0.0155,0.5625,2010,0,4,1.512,-1.0,0,0.945,0
NEARUSDT,2010,2028,1707992100,1708009200,LONG,TRAIL,3.336,3.39436026,3.62780128,3.23873291,1.1434561443275657,1.0234155427222333,0.12004060160533242,18,1.61,58.47,0.19402985074626797,0.005486492165957424,0.9124036472261512,base,adaptive disabled,1.15,73.6,60,83,80,80,LONDON,neutral,bullish,OB,BOS bullish | Vol 1.6x | FVG | OB | LiqSweep | ChoCH | Session:LONDON | Zone:OB | 💎PREMIUM | MTF 18 | Risk x1.15,BOS+2 | BodyStrong+1 | 1hN+1 | 4h+2 | Vol+1 | RSI+1 | BTC+2 | FVG+1 | OB+1 | LiqSweep+1 | ChoCH+1 | Zone:OB+1 | Sess:LONDON | 💎Premium+3 | QualityRisk:1.15,1,0,0.55,range,0.401,1.011,0.0,0.1415,1.557,-1.0,-0.1499,1.75,2007,27,3,0.943,0.449,1,0.943,0
XRPUSDT,2012,2052,1707993900,1708030800,LONG,TRAIL,0.5514,0.55887632,0.5887816,0.53893947,0.5984570476253346,0.5320794537348661,0.0663775938904684,16,1.48,63.28,0.5144508670520248,0.005367710790008602,1.1321740760682928,base,adaptive disabled,1.15,84.5,90,100,70,80,LONDON,bullish,bullish,FVG,BOS bullish | Vol 1.5x | FVG | ChoCH | BullWick | Session:LONDON | StrongTrend1h | Zone:FVG | MTF 16 | Risk x1.15,BOS+2 | BodyStrong+1 | 1h+2 | 4h+2 | Vol+1 | RSI+1 | BTC+2 | FVG+1 | ChoCH+1 | BullWick+1 | Zone:FVG+1 | Sess:LONDON | Strong1h+1 | QualityRisk:1.15,0,0,0.65,range,0.7383,1.2306,0.0,0.1763,1.244,-1.0,-0.0947,0.75,2009,0,1,1.678,1.713,1,0.699,0
AVAXUSDT,2014,2055,1707995700,1708033500,LONG,SL,42.796,43.694716,47.28958,41.29814,-1.193703016303255,-1.2508458734461119,0.05714285714285704,15,1.32,63.51,0.12167300380228152,0.008675529432607793,1.3477987052733533,base,adaptive disabled,1.0,73.3,90,74,50,80,LONDON,bullish,bullish,FVG,BOS bullish | Vol 1.3x | FVG | ChoCH | Engulfing | Session:LONDON | StrongTrend1h | Zone:FVG | MTF 15,BOS+2 | 1h+2 | 4h+2 | Vol+1 | RSI+1 | BTC+2 | FVG+1 | ChoCH+1 | Engulfing+1 | Zone:FVG+1 | Sess:LONDON | Strong1h+1,0,0,0.525,range,1.2785,0.4662,0.266,0.1411,1.117,1.0,0.1091,1.0,2010,3,3,0.651,-1.0,0,1.285,1
BTCUSDT,2017,2027,1707998400,1708008300,LONG,TRAIL,52080.0,52454.976,53954.88,51455.04,0.4786923720569548,0.4161923720569547,0.06250000000000008,15,2.93,55.52,0.31270196370867387,0.0040926142979305314,1.3572597235318988,base,adaptive disabled,1.15,83.9,90,97,70,80,OVERLAP,bullish,bullish,FVG,BOS bullish | Vol 2.9x | FVG | ChoCH | Session:OVERLAP | StrongTrend1h | Zone:FVG | MTF 15 | Risk x1.15,BOS+2 | 1h+2 | 4h+2 | Vol+2 | RSI+1 | BTC+2 | FVG+1 | ChoCH+1 | Zone:FVG+1 | Sess:OVERLAP | Strong1h+1 | QualityRisk:1.15,0,0,0.5,range,0.0586,1.0667,0.0,-0.0571,1.372,1.0,0.0629,0.375,2015,8,1,0.309,1.823,1,1.805,0
XLMUSDT,2028,2030,1708008300,1708011000,LONG,TRAIL,0.116,0.11693722,0.12068608,0.11443797,0.571736538200555,0.4603430310335995,0.1113935071669554,14,1.66,59.69,0.5294117647058747,0.004586583300422858,1.3220826374935424,base,adaptive disabled,1.15,78.5,90,100,50,80,NEW_YORK,bullish,bullish,FVG,BOS bullish | Vol 1.7x | FVG | ChoCH | Session:NEW_YORK | StrongTrend1h | Zone:FVG | MTF 14 | Risk x1.15,BOS+2 | 1h+2 | 4h+2 | Vol+1 | RSI+1 | BTC+2 | FVG+1 | ChoCH+1 | Zone:FVG+1 | Sess:NEW_YORK | Strong1h+1 | QualityRisk:1.15,0,0,0.475,range,0.0,1.067,0.0,-0.1231,0.956,-1.0,-0.0497,0.75,2027,3,4,1.299,0.216,1,2.164,1
XLMUSDT,2055,2076,1708032600,1708052400,LONG,TRAIL,0.116,0.11729354,0.1224677,0.1138441,0.3623758704804321,0.3018443059366222,0.06053156454380995,16,1.78,61.41,0.5652173913043468,0.0063236306589258455,1.8212056313514988,base,adaptive disabled,1.15,82.5,90,90,70,80,DEAD_ZONE,bullish,bullish,FVG,BOS bullish | Vol 1.8x | FVG | ChoCH | Engulfing | BullWick | StrongTrend1h | Zone:FVG | MTF 16 | Risk x1.15,BOS+2 | BodyStrong+1 | 1h+2 | 4h+2 | Vol+1 | RSI+1 | BTCok+1 | FVG+1 | ChoCH+1 | Engulfing+1 | BullWick+1 | Zone:FVG+1 | Sess:DEAD_ZONE | Strong1h+1 | RelStrengthRisk:1.15,0,0,0.425,range,0.0928,1.005,2.167,0.3108,0.901,1.0,0.3986,0.5625,2053,29,1,1.259,1.619,1,1.439,0
AAVEUSDT,2064,2082,1708040700,1708057800,LONG,TRAIL,92.07,93.19658898,97.7029449,90.1923517,0.7626216664229599,0.6890695533887986,0.07355211303416126,19,1.61,53.09,0.20279720279720023,0.0061104195690761245,1.125661493016426,base,adaptive disabled,1.15,75.3,90,84,50,80,DEAD_ZONE,bullish,bullish,FVG,BOS bullish | Vol 1.6x | FVG | LiqSweep | MACD_Div | ChoCH | BullWick | StrongTrend1h | Zone:FVG | MTF 19 | Risk x1.15,BOS+2 | 1h+2 | 4h+2 | Vol+1 | RSI+1 | BTC+2 | FVG+1 | LiqSweep+1 | MACD_Div+1 | ChoCH+1 | BullWick+1 | Zone:FVG+1 | Sess:DEAD_ZONE | Strong1h+1 | NestedOB_1h+2 | QualityRisk:1.15,0,1,0.5,bear,0.2716,1.4025,0.0,0.0042,2.111,1.0,-0.2057,0.75,2062,0,1,0.074,0.818,1,1.135,0
ADAUSDT,2065,2124,1708041600,1708095600,LONG,SL,0.606,0.61860569,0.66902844,0.58499052,-0.5809877255410392,-0.6134373625620411,0.03244963702100191,17,2.09,57.68,0.5384615384615414,0.007530231359781616,1.011561079497989,base,adaptive disabled,1.15,90.5,90,100,90,80,OFF_HOURS,bullish,bullish,FVG,BOS bullish | Vol 2.1x | FVG | MACD_Div | ChoCH | StrongTrend1h | Zone:FVG | MTF 17 | Risk x1.15,BOS+2 | BodyStrong+1 | 1h+2 | 4h+2 | Vol+2 | RSI+1 | BTC+2 | FVG+1 | MACD_Div+1 | ChoCH+1 | Zone:FVG+1 | Sess:OFF_HOURS | Strong1h+1 | QualityRisk:1.15,0,1,0.6,bear,1.1519,0.6664,0.0,-0.0081,1.347,-1.0,-0.0907,0.5625,2065,1,2,0.232,1.74,1,1.207,0
ETHUSDT,2070,2124,1708046100,1708095600,LONG,SL,2846.0,2889.99772843,3065.98864215,2772.67045262,-0.7671873345742755,-0.8254039764673131,0.058216641893037775,18,1.56,63.27,0.703204661325564,0.004997929920903344,0.8918309953977506,base,adaptive disabled,1.15,78.5,90,100,50,80,OFF_HOURS,bullish,bullish,FVG,BOS bullish | Vol 1.6x | FVG | ChoCH | Engulfing | BullWick | StrongTrend1h | Zone:FVG | MTF 18 | Risk x1.15,BOS+2 | 1h+2 | 4h+2 | Vol+1 | RSI+1 | BTC+2 | FVG+1 | ChoCH+1 | Engulfing+1 | BullWick+1 | Zone:FVG+1 | Sess:OFF_HOURS | Strong1h+1 | NestedOB_1h+2 | QualityRisk:1.15,0,0,0.575,range,1.5092,0.2568,0.0,0.1164,1.779,1.0,0.054,0.75,2070,0,1,0.402,1.177,1,0.955,0
AAVEUSDT,2077,2087,1708052400,1708062300,LONG,TRAIL,92.67,94.09644714,99.8022357,90.2925881,0.5587752048849741,0.5003061613002255,0.05846904358474865,19,1.64,61.43,0.3173652694610809,0.003271457850120379,0.6429458757786113,base,adaptive disabled,1.15,82.1,90,88,70,80,OFF_HOURS,bullish,bullish,FVG,BOS bullish | Vol 1.6x | FVG | ChoCH | Engulfing | BullWick | StrongTrend1h | Zone:FVG | MTF 19 | Risk x1.15,BOS+2 | BodyStrong+1 | 1h+2 | 4h+2 | Vol+1 | RSI+1 | BTC+2 | FVG+1 | ChoCH+1 | Engulfing+1 | BullWick+1 | Zone:FVG+1 | Sess:OFF_HOURS | Strong1h+1 | NestedOB_1h+2 | QualityRisk:1.15,0,0,0.55,bull,0.0,1.0446,0.946,0.3343,3.418,1.0,0.062,0.75,2074,0,2,0.732,1.486,1,0.846,6
ADAUSDT,2083,2123,1708057800,1708094700,LONG,SL,0.6072,0.6150053,0.64622648,0.59419117,-0.8756071837359716,-0.9412452926204755,0.06563810888450397,15,2.32,61.84,0.42514970059880086,0.006473452366188781,1.0754921835735565,base,adaptive disabled,1.15,84.5,90,100,70,80,OFF_HOURS,bullish,bullish,FVG,BOS bullish | Vol 2.3x | FVG | ChoCH | BullWick | StrongTrend1h | Zone:FVG | MTF 15 | Risk x1.15,BOS+2 | 1h+2 | 4h+2 | Vol+2 | RSI+1 | BTCok+1 | FVG+1 | ChoCH+1 | BullWick+1 | Zone:FVG+1 | Sess:OFF_HOURS | Strong1h+1 | QualityRisk:1.15,0,0,0.575,range,1.6066,0.9225,0.0,0.2716,3.016,1.0,0.1687,0.703125,2081,0,1,0.94,0.769,1,1.311,0
DOTUSDT,2084,2123,1708058700,1708094700,LONG,SL,7.801,7.95,8.14492189,7.68635937,-0.5299168366398538,-0.587331853898569,0.05741501725871523,17,1.44,57.68,0.2700729927007337,0.003287276527838236,0.7331565879038255,base,adaptive disabled,1.15,80.9,90,82,70,80,OFF_HOURS,bullish,bullish,FVG,BOS bullish | Vol 1.4x | FVG | ChoCH | BullWick | StrongTrend1h | Zone:FVG | MTF 17 | Risk x1.15,BOS+2 | BodyStrong+1 | 1h+2 | 4h+2 | Vol+1 | RSI+1 | BTCok+1 | FVG+1 | ChoCH+1 | BullWick+1 | Zone:FVG+1 | Sess:OFF_HOURS | Strong1h+1 | NestedOB_1h+2 | QualityRisk:1.15,0,0,0.55,bull,1.7184,0.4362,2.846,0.3183,1.999,1.0,0.2001,0.421875,2081,0,1,0.228,4.863,0,0.555,0
XLMUSDT,2084,2117,1708058700,1708089300,LONG,TRAIL,0.1171,0.11812566,0.12222828,0.11539057,0.3592682595496436,0.28220309747807576,0.07706516207156781,15,1.38,66.29,1.0,0.0025546413403886225,0.7370140273407568,base,adaptive disabled,1.0,76.5,90,90,50,80,OFF_HOURS,bullish,bullish,FVG,BOS bullish | Vol 1.4x | FVG | ChoCH | BullWick | StrongTrend1h | Zone:FVG | MTF 15,BOS+2 | 1h+2 | 4h+2 | Vol+1 | RSI+1 | BTC+2 | FVG+1 | ChoCH+1 | BullWick+1 | Zone:FVG+1 | Sess:OFF_HOURS | Strong1h+1,0,1,0.425,bear,0.819,1.17,0.0,0.2658,1.886,1.0,0.2257,0.5625,2079,3,5,1.465,-1.0,0,0.977,0
XLMUSDT,2106,2124,1708078500,1708095600,LONG,SL,0.1174,0.11867449,0.12377244,0.11527585,-2.4009603841536555,-2.5667678836240317,0.16580749947037599,17,2.33,62.17,0.4166666666666662,0.004550905533697635,1.7672683171028327,base,adaptive disabled,1.0,84.5,90,100,70,80,LONDON,bullish,bullish,FVG,BOS bullish | Vol 2.3x | FVG | LiqSweep | ChoCH | BullWick | Session:LONDON | StrongTrend1h | Zone:FVG | MTF 17,BOS+2 | 1h+2 | 4h+2 | Vol+2 | RSI+1 | BTC+2 | FVG+1 | LiqSweep+1 | ChoCH+1 | BullWick+1 | Zone:FVG+1 | Sess:LONDON | Strong1h+1,0,0,0.525,range,1.6477,0.7062,0.0,0.0812,4.945,1.0,0.1171,1.5,2106,0,1,1.179,0.236,1,0.472,5
AAVEUSDT,2118,2124,1708089300,1708095600,LONG,SL,93.77,95.11093737,100.47468685,91.53510438,-2.396085057431018,-2.542935316146904,0.1468502587158865,18,1.44,59.86,0.23076923076923286,0.004119936860739777,0.9451738076136225,base,adaptive disabled,1.25,81.9,90,87,70,80,OVERLAP,bullish,bullish,FVG,BOS bullish | Vol 1.4x | FVG | MACD_Div | ChoCH | Engulfing | BullWick | Session:OVERLAP | StrongTrend1h | Zone:FVG | MTF 18 | Risk x1.25,BOS+2 | BodyStrong+1 | 1h+2 | 4h+2 | Vol+1 | RSI+1 | BTC+2 | FVG+1 | MACD_Div+1 | ChoCH+1 | Engulfing+1 | BullWick+1 | Zone:FVG+1 | Sess:OVERLAP | Strong1h+1 | QualityRisk:1.15 | RelStrengthRisk:1.25,0,0,0.4,bull,1.5705,0.1119,1.0,0.1439,1.637,1.0,0.0109,1.75,2115,0,1,0.645,2.108,1,1.484,0
SOLUSDT,2122,2125,1708092900,1708096500,SHORT,TRAIL,111.22,109.63886521,103.31432604,113.85522465,1.8979797629873982,1.7792778337230373,0.1187019292643609,15,2.27,35.07,0.33939393939393675,0.008291148781989251,1.7872900912133942,base,adaptive disabled,1.15,75.8,65,100,70,80,NEW_YORK,bearish,neutral,FVG,BOS bearish | Vol 2.3x | FVG | ChoCH | Engulfing | Session:NEW_YORK | StrongTrend1h | Zone:FVG | MTF 15 | Risk x1.15,BOS+2 | 1h+2 | 4hN+1 | Vol+2 | RSI+1 | BTC+2 | FVG+1 | ChoCH+1 | Engulfing+1 | Zone:FVG+1 | Sess:NEW_YORK | Strong1h+1 | QualityRisk:1.15,0,1,0.55,bull,0.1138,1.2965,0.0,0.1584,2.47,1.0,0.0329,1.40625,2122,0,1,1.037,0.541,1,1.263,2
BTCUSDT,2161,2213,1708128000,1708175700,LONG,SL,52079.3,52454.27096,53954.1548,51454.3484,-0.5460160334816349,-0.6280472834816347,0.08203124999999997,15,1.53,62.38,0.6318294308014322,0.002446286993731429,0.8424705611342537,base,adaptive disabled,1.15,74.0,60,100,70,80,DEAD_ZONE,neutral,bullish,FVG,BOS bullish | Vol 1.5x | FVG | ChoCH | Zone:FVG | MTF 15 | Risk x1.15,BOS+2 | BodyStrong+1 | 1hN+1 | 4h+2 | Vol+1 | RSI+1 | BTC+2 | FVG+1 | ChoCH+1 | Zone:FVG+1 | Sess:DEAD_ZONE | NestedOB_1h+2 | QualityRisk:1.15,0,0,0.55,range,1.2313,0.2606,0.0,0.172,1.363,1.0,0.1967,0.4921875,2159,0,1,1.153,1.279,1,0.791,0
AVAXUSDT,2168,2202,1708134300,1708165800,SHORT,TRAIL,39.8,39.31075114,37.35375568,40.61541477,0.4940599474248307,0.4208456739085444,0.07321427351628633,15,3.05,34.05,0.6639566395664052,0.005954170885343182,1.2089093386879073,base,adaptive disabled,1.15,84.5,90,100,70,80,OFF_HOURS,bearish,bearish,FVG,BOS bearish | Vol 3.0x | FVG | ChoCH | StrongTrend1h | Zone:FVG | MTF 15 | Risk x1.15,BOS+2 | 1h+2 | 4h+2 | Vol+2 | RSI+1 | BTC+2 | FVG+1 | ChoCH+1 | Zone:FVG+1 | Sess:OFF_HOURS | Strong1h+1 | TrendPairRisk:1.15,0,1,0.425,bull,0.8683,1.0996,0.0,-0.0167,2.34,1.0,-0.3058,0.75,2168,0,2,0.66,1.892,1,0.78,9
LINKUSDT,2168,2209,1708134300,1708172100,SHORT,SL,19.369,19.18985407,18.47327035,19.66757655,-0.8430626919629168,-0.9342877270502336,0.09122503508731683,16,4.86,37.22,0.7552742616033782,0.0045420363551293775,1.0249157849778228,base,adaptive disabled,1.25,84.5,90,100,70,80,OFF_HOURS,bearish,bearish,FVG,BOS bearish | Vol 4.9x | FVG | LiqSweep | ChoCH | StrongTrend1h | Zone:FVG | MTF 16 | Risk x1.25,BOS+2 | 1h+2 | 4h+2 | Vol+2 | RSI+1 | BTC+2 | FVG+1 | LiqSweep+1 | ChoCH+1 | Zone:FVG+1 | Sess:OFF_HOURS | Strong1h+1 | QualityRisk:1.15 | TrendPairRisk:1.25,0,1,0.475,bull,1.3296,0.441,0.0,0.0932,3.403,1.0,-0.062,0.703125,2168,0,2,0.926,3.506,0,1.178,0
SUIUSDT,2168,2215,1708134300,1708177500,SHORT,TRAIL,1.7909,1.7417,1.68708856,1.82550381,1.3785459699737284,1.3009143450168237,0.07763162495690476,19,1.46,39.86,0.5606694560669461,0.005869441014302414,1.007060629471943,base,adaptive disabled,1.25,81.5,90,100,60,80,OFF_HOURS,bearish,bearish,OB,BOS bearish | Vol 1.5x | FVG | OB | LiqSweep | ChoCH | StrongTrend1h | Zone:OB | 💎PREMIUM | MTF 19 | Risk x1.25,BOS+2 | 1h+2 | 4h+2 | Vol+1 | RSI+1 | BTC+2 | FVG+1 | OB+1 | LiqSweep+1 | ChoCH+1 | Zone:OB+1 | Sess:OFF_HOURS | Strong1h+1 | 💎Premium+3 | QualityRisk:1.15 | TrendPairRisk:1.25,1,0,0.3,range,0.0347,1.2276,0.0,-0.1539,1.38,1.0,-0.2612,0.75,2168,29,1,0.071,0.449,1,0.938,0
AAVEUSDT,2192,2218,1708155900,1708180200,LONG,SL,94.17,95.24014737,99.52073683,92.38642106,-1.384856001944047,-1.490452673768396,0.10559667182434897,16,1.98,64.36,0.5518672199170093,0.005336057759949221,1.2358309772056,base,adaptive disabled,1.25,84.5,90,100,70,80,LONDON,bullish,bullish,FVG,BOS bullish | Vol 2.0x | FVG | LiqSweep | ChoCH | Engulfing | Session:LONDON | StrongTrend1h | Zone:FVG | MTF 16 | Risk x1.25,BOS+2 | BodyStrong+1 | 1h+2 | 4h+2 | Vol+1 | RSI+1 | BTCok+1 | FVG+1 | LiqSweep+1 | ChoCH+1 | Engulfing+1 | Zone:FVG+1 | Sess:LONDON | Strong1h+1 | QualityRisk:1.15 | RelStrengthRisk:1.25,0,0,0.55,bull,1.8166,0.4112,0.0,-0.0154,3.354,1.0,0.3996,1.0,2191,1,2,1.077,0.127,1,1.098,2
AAVEUSDT,2247,2306,1708205400,1708259400,LONG,TRAIL,93.95,95.35660121,100.98300607,91.60566464,0.6222481742743942,0.5433498794075712,0.07889829486682308,13,1.99,64.7,0.5609756097560972,0.00404588776249145,0.8309354377996935,base,adaptive disabled,1.15,68.0,60,100,50,80,DEAD_ZONE,neutral,bullish,FVG,BOS bullish | Vol 2.0x | FVG | ChoCH | BullWick | Zone:FVG | MTF 13 | Risk x1.15,BOS+2 | 1hN+1 | 4h+2 | Vol+1 | RSI+1 | BTC+2 | FVG+1 | ChoCH+1 | BullWick+1 | Zone:FVG+1 | Sess:DEAD_ZONE | QualityRisk:1.15,0,0,0.5,bull,0.5759,1.1019,2.255,0.3165,2.775,1.0,0.0989,0.984375,2247,0,5,1.583,1.36,1,0.89,0
ADAUSDT,2259,2293,1708216200,1708247700,LONG,TRAIL,0.6194,0.6324074,0.684437,0.597721,0.5387016552514937,0.4985230838229223,0.040178571428571425,14,1.73,69.38,0.45783132530120446,0.014185943723900411,2.7369414096040483,base,adaptive disabled,1.15,82.5,90,90,70,80,OFF_HOURS,bullish,bullish,FVG,BOS bullish | Vol 1.7x | FVG | ChoCH | StrongTrend1h | Zone:FVG | MTF 14 | Risk x1.15,BOS+2 | BodyStrong+1 | 1h+2 | 4h+2 | Vol+1 | BTC+2 | FVG+1 | ChoCH+1 | Zone:FVG+1 | Sess:OFF_HOURS | Strong1h+1 | RelStrengthRisk:1.15,0,0,0.5,bull,0.369,1.2147,1.07,0.2424,0.965,1.0,0.2553,0.703125,2259,1,2,1.038,-1.0,0,1.104,0
AVAXUSDT,2265,2295,1708221600,1708249500,SHORT,SL,39.255,38.65204081,36.24020407,40.25993198,-0.6431405437012799,-0.6870856821573177,0.04394513845603782,16,1.74,33.11,0.6070686070686054,0.0073066904923456385,1.68137866272558,base,adaptive disabled,1.15,78.5,90,100,50,80,OFF_HOURS,bearish,bearish,FVG,BOS bearish | Vol 1.7x | FVG | LiqSweep | ChoCH | Engulfing | StrongTrend1h | Zone:FVG | MTF 16 | Risk x1.15,BOS+2 | 1h+2 | 4h+2 | Vol+1 | RSI+1 | BTC+2 | FVG+1 | LiqSweep+1 | ChoCH+1 | Engulfing+1 | Zone:FVG+1 | Sess:OFF_HOURS | Strong1h+1 | TrendPairRisk:1.15,0,0,0.5,range,1.1662,0.4279,0.0,-0.0696,1.17,1.0,-0.2828,0.5625,2265,0,2,2.373,1.596,1,0.899,4
LINKUSDT,2281,2347,1708236000,1708296300,LONG,TRAIL,20.053,20.27497952,21.16289759,19.68303414,1.3020821977992172,1.1496382331047454,0.15244396469447183,13,1.46,61.24,0.5930232558139532,0.0037523458344611367,0.9925204888588796,base,adaptive disabled,1.15,75.8,65,100,70,80,OFF_HOURS,bullish,neutral,FVG,BOS bullish | Vol 1.5x | FVG | ChoCH | StrongTrend1h | Zone:FVG | MTF 13 | Risk x1.15,BOS+2 | BodyStrong+1 | 1h+2 | 4hN+1 | Vol+1 | RSI+1 | BTCok+1 | FVG+1 | ChoCH+1 | Zone:FVG+1 | Sess:OFF_HOURS | Strong1h+1 | QualityRisk:1.15,0,1,0.575,bear,0.6082,1.1307,0.0,0.1656,1.477,-1.0,-0.0137,1.40625,2281,1,2,0.639,1.779,1,1.251,0
ETHUSDT,2282,2294,1708236900,1708248600,LONG,TRAIL,2789.0,2811.04722896,2899.23614481,2752.2546184,0.6703800097683756,0.5565289673288007,0.11385104243957497,14,1.6,61.54,0.6404494382022478,0.002579748135480309,1.0007446635476207,base,adaptive disabled,1.15,75.0,80,100,50,80,OFF_HOURS,bullish,bullish,FVG,BOS bullish | Vol 1.6x | FVG | ChoCH | Engulfing | Zone:FVG | MTF 14 | Risk x1.15,BOS+2 | 1h+2 | 4h+2 | Vol+1 | RSI+1 | BTC+2 | FVG+1 | ChoCH+1 | Engulfing+1 | Zone:FVG+1 | Sess:OFF_HOURS | QualityRisk:1.15,0,1,0.5,bear,0.2991,1.627,0.0,0.177,1.453,-1.0,-0.0835,0.75,2278,4,1,0.19,0.194,1,1.425,0
DOTUSDT,2287,2294,1708241400,1708248600,LONG,TRAIL,7.764,7.8199008,8.043504,7.670832,0.42675098371447023,0.3564384837144705,0.07031249999999972,19,1.31,47.46,0.12796208530805786,0.0056304233862405585,1.3077937956392862,base,adaptive disabled,1.15,76.5,90,75,60,80,OFF_HOURS,bullish,bullish,OB,BOS bullish | Vol 1.3x | FVG | OB | LiqSweep | ChoCH | BullWick | StrongTrend1h | Zone:OB | 💎PREMIUM | MTF 19 | Risk x1.15,BOS+2 | 1h+2 | 4h+2 | Vol+1 | RSI+1 | BTCok+1 | FVG+1 | OB+1 | LiqSweep+1 | ChoCH+1 | BullWick+1 | Zone:OB+1 | Sess:OFF_HOURS | Strong1h+1 | 💎Premium+3 | QualityRisk:1.15,1,1,0.475,bear,0.2576,1.0197,3.857,0.0269,1.59,-1.0,0.0741,0.421875,2283,6,3,1.43,0.212,1,0.636,2
BTCUSDT,2294,2346,1708247700,1708295400,LONG,TRAIL,51832.7,52205.89544,53698.6772,51210.7076,0.38249368603929707,0.31218118603929657,0.0703125000000005,14,2.57,65.36,0.642581143740339,0.0028972685759306185,1.246472544298793,base,adaptive disabled,1.0,81.0,80,100,70,80,LONDON,bullish,bullish,FVG,BOS bullish | Vol 2.6x | FVG | ChoCH | Session:LONDON | Zone:FVG | MTF 14,BOS+2 | 1h+2 | 4h+2 | Vol+2 | RSI+1 | BTC+2 | FVG+1 | ChoCH+1 | Zone:FVG+1 | Sess:LONDON,0,0,0.575,bull,0.4918,1.4121,0.0,-0.0195,1.569,1.0,0.2167,0.421875,2294,0,2,1.204,1.764,1,0.912,0
ETHUSDT,2294,2334,1708247700,1708284600,LONG,TRAIL,2811.27,2836.7090289,2938.46514449,2768.8716185,0.7412366052240829,0.6086244676593511,0.13261213756473184,15,1.33,66.38,0.6165125197383382,0.004452785470076003,1.533493195798092,base,adaptive disabled,1.0,78.5,90,100,50,80,LONDON,bullish,bullish,FVG,BOS bullish | Vol 1.3x | FVG | ChoCH | Engulfing | Session:LONDON | StrongTrend1h | Zone:FVG | MTF 15,BOS+2 | 1h+2 | 4h+2 | Vol+1 | RSI+1 | BTC+2 | FVG+1 | ChoCH+1 | Engulfing+1 | Zone:FVG+1 | Sess:LONDON | Strong1h+1,0,0,0.55,range,0.617,1.0496,0.0,-0.0693,1.129,1.0,0.0806,1.0,2294,0,1,0.984,0.55,1,0.935,0
AAVEUSDT,2298,2306,1708251300,1708259400,LONG,TRAIL,93.91,94.78456896,98.2828448,92.45238507,0.5877507936860581,0.5152702312099309,0.07248056247612711,16,1.61,66.0,0.4931506849315179,0.003217349494284118,0.8120764034365184,base,adaptive disabled,1.15,84.5,90,100,70,80,LONDON,bullish,bullish,FVG,BOS bullish | Vol 1.6x | FVG | ChoCH | Session:LONDON | StrongTrend1h | Zone:FVG | MTF 16 | Risk x1.15,BOS+2 | BodyStrong+1 | 1h+2 | 4h+2 | Vol+1 | RSI+1 | BTCok+1 | FVG+1 | ChoCH+1 | Zone:FVG+1 | Sess:LONDON | Strong1h+1 | NestedOB_1h+2 | QualityRisk:1.15,0,0,0.475,range,0.0137,1.818,10.0,0.0926,1.551,1.0,0.3765,0.5625,2297,3,5,1.812,0.374,1,1.323,0
LINKUSDT,2330,2343,1708280100,1708292700,LONG,TRAIL,20.001,20.15351925,20.76359627,19.74680124,0.48821057718296607,0.34068084493722334,0.14752973224574273,16,9.07,65.5,0.46938775510204417,0.006035343930189209,1.7283500632167987,base,adaptive disabled,1.15,84.5,90,100,70,80,OFF_HOURS,bullish,bullish,FVG,BOS bullish | Vol 9.1x | FVG | LiqSweep | MACD_Div | ChoCH | StrongTrend1h | Zone:FVG | MTF 16 | Risk x1.15,BOS+2 | 1h+2 | 4h+2 | Vol+2 | RSI+1 | BTCok+1 | FVG+1 | LiqSweep+1 | MACD_Div+1 | ChoCH+1 | Zone:FVG+1 | Sess:OFF_HOURS | Strong1h+1 | RelStrengthRisk:1.15,0,1,0.45,bear,0.6058,1.049,0.0,-0.0319,3.718,1.0,0.4728,0.9375,2330,0,1,0.924,0.567,1,2.562,2
ETHUSDT,2336,2346,1708285500,1708295400,LONG,TRAIL,2825.32,2850.87794744,2953.10973719,2782.72342094,1.0995718986748617,1.0000808105752632,0.09949108809959845,15,1.58,63.62,0.2644932880955888,0.005551927996233029,1.8309595420739302,base,adaptive disabled,1.0,80.7,90,81,70,80,DEAD_ZONE,bullish,bullish,FVG,BOS bullish | Vol 1.6x | FVG | ChoCH | Engulfing | StrongTrend1h | Zone:FVG | MTF 15,BOS+2 | BodyStrong+1 | 1h+2 | 4h+2 | Vol+1 | RSI+1 | BTCok+1 | FVG+1 | ChoCH+1 | Engulfing+1 | Zone:FVG+1 | Sess:DEAD_ZONE | Strong1h+1,0,0,0.65,bull,0.1923,2.4392,1.479,0.1462,1.321,1.0,0.2105,0.75,2335,2,3,1.137,0.992,1,0.923,0
BTCUSDT,2346,2453,1708294500,1708391700,LONG,SL,52153.4,52566.26283555,54217.71417776,51465.29527408,-0.2889730916091953,-0.3316065547942901,0.0426334631850948,15,3.32,71.68,0.5894830433125778,0.00559097749912965,2.6689677628955857,base,adaptive disabled,1.0,82.5,90,90,70,80,DEAD_ZONE,bullish,bullish,FVG,BOS bullish | Vol 3.3x | FVG | ChoCH | Engulfing | StrongTrend1h | Zone:FVG | MTF 15,BOS+2 | 1h+2 | 4h+2 | Vol+2 | BTC+2 | FVG+1 | ChoCH+1 | Engulfing+1 | Zone:FVG+1 | Sess:DEAD_ZONE | Strong1h+1,0,1,0.45,bear,1.2675,0.8359,0.0,0.1356,1.93,1.0,0.2027,0.28125,2346,0,3,2.48,0.751,1,2.306,2
XLMUSDT,2349,2365,1708297200,1708312500,LONG,TRAIL,0.1161,0.11693592,0.1202796,0.1147068,0.5339921820451619,0.40899218204516163,0.12500000000000025,17,1.82,56.3,0.37499999999999456,0.003726497348857971,1.085342353786515,base,adaptive disabled,1.15,84.5,90,100,70,80,DEAD_ZONE,bullish,bullish,FVG,BOS bullish | Vol 1.8x | FVG | ChoCH | Engulfing | StrongTrend1h | Zone:FVG | MTF 17 | Risk x1.15,BOS+2 | BodyStrong+1 | 1h+2 | 4h+2 | Vol+1 | RSI+1 | BTCok+1 | FVG+1 | ChoCH+1 | Engulfing+1 | Zone:FVG+1 | Sess:DEAD_ZONE | Strong1h+1 | NestedOB_1h+2 | QualityRisk:1.15,0,0,0.425,range,0.3589,1.0767,0.0,-0.1183,1.828,-1.0,-0.1392,0.75,2349,3,1,0.248,0.248,1,1.241,0
AAVEUSDT,2350,2365,1708298100,1708312500,LONG,TRAIL,94.62,95.61829296,99.61146482,92.95617839,0.5233089116494312,0.4380052954763006,0.08530361617313052,14,1.66,58.99,0.5185185185185215,0.00541469342229017,1.252114837482626,base,adaptive disabled,1.15,78.5,90,100,50,80,DEAD_ZONE,bullish,bullish,FVG,BOS bullish | Vol 1.7x | FVG | LiqSweep | ChoCH | StrongTrend1h | Zone:FVG | MTF 14 | Risk x1.15,BOS+2 | 1h+2 | 4h+2 | Vol+1 | RSI+1 | BTCok+1 | FVG+1 | LiqSweep+1 | ChoCH+1 | Zone:FVG+1 | Sess:DEAD_ZONE | Strong1h+1 | QualityRisk:1.15,0,1,0.45,bear,0.2344,1.0217,0.0,-0.0126,0.944,1.0,0.0676,0.75,2350,4,4,0.22,0.397,1,1.014,1
DOTUSDT,2350,2384,1708298100,1708329600,LONG,TRAIL,7.828,7.90599336,8.21796682,7.69801106,0.25762600131879965,0.20681494770146902,0.05081105361733063,16,1.51,65.64,0.3821989528795818,0.005399774064788652,1.5533350059909117,base,adaptive disabled,1.0,84.5,90,100,70,80,DEAD_ZONE,bullish,bullish,FVG,BOS bullish | Vol 1.5x | FVG | ChoCH | BullWick | StrongTrend1h | Zone:FVG | MTF 16,BOS+2 | BodyStrong+1 | 1h+2 | 4h+2 | Vol+1 | RSI+1 | BTC+2 | FVG+1 | ChoCH+1 | BullWick+1 | Zone:FVG+1 | Sess:DEAD_ZONE | Strong1h+1,0,1,0.425,bear,0.6154,1.0514,0.0,0.0872,1.018,-1.0,-0.0458,0.421875,2346,0,1,1.259,0.032,1,1.71,0
LINKUSDT,2350,2409,1708298100,1708352100,LONG,SL,20.109,20.3371101,21.24955048,19.72881651,-1.1990509503713669,-1.3230186396310977,0.1239676892597308,17,2.89,58.84,0.24812030075187608,0.009281188295229439,2.306027246815095,base,adaptive disabled,1.15,83.3,90,79,80,80,DEAD_ZONE,bullish,bullish,OB,BOS bullish | Vol 2.9x | FVG | OB | ChoCH | BullWick | StrongTrend1h | Zone:OB | MTF 17 | Risk x1.15,BOS+2 | 1h+2 | 4h+2 | Vol+2 | RSI+1 | BTC+2 | FVG+1 | OB+1 | ChoCH+1 | BullWick+1 | Zone:OB+1 | Sess:DEAD_ZONE | Strong1h+1 | QualityRisk:1.15,0,0,0.45,bull,1.2178,0.6444,6.111,0.1041,1.072,1.0,0.1925,1.171875,2346,4,1,0.305,0.305,1,1.362,0
ETHUSDT,2372,2378,1708317900,1708324200,LONG,TRAIL,2889.32,2915.65362994,3020.98814968,2845.43061677,0.7408069300316438,0.6420591308819495,0.09874779914969423,16,2.7,64.33,0.30151577222450515,0.004250492134643087,1.0356493098858714,base,adaptive disabled,1.15,83.7,90,96,70,80,OFF_HOURS,bullish,bullish,FVG,BOS bullish | Vol 2.7x | FVG | ChoCH | Engulfing | StrongTrend1h | Zone:FVG | MTF 16 | Risk x1.15,BOS+2 | 1h+2 | 4h+2 | Vol+2 | RSI+1 | BTC+2 | FVG+1 | ChoCH+1 | Engulfing+1 | Zone:FVG+1 | Sess:OFF_HOURS | Strong1h+1 | QualityRisk:1.15,0,0,0.625,range,0.1864,1.429,3.455,0.1273,2.013,1.0,0.0909,0.75,2371,0,1,0.333,0.457,1,1.545,3
AVAXUSDT,2376,2395,1708321500,1708339500,SHORT,TRAIL,40.151,39.71590771,37.97553856,40.87615381,0.6267671637888459,0.5177595571819102,0.10900760660693568,15,2.8,37.69,0.4553706505294998,0.005671256089878137,1.060211270961543,base,adaptive disabled,1.15,80.0,60,100,90,80,OFF_HOURS,neutral,bearish,FVG,BOS bearish | Vol 2.8x | FVG | ChoCH | Zone:FVG | MTF 15 | Risk x1.15,BOS+2 | BodyStrong+1 | 1hN+1 | 4h+2 | Vol+2 | RSI+1 | BTCok+1 | FVG+1 | ChoCH+1 | Zone:FVG+1 | Sess:OFF_HOURS | NestedOB_1h+2 | QualityRisk:1.15,0,0,0.325,bear,0.5944,1.3055,10.0,-0.0765,1.761,-1.0,0.009,0.984375,2373,6,6,1.097,0.103,1,1.415,0
ADAUSDT,2378,2386,1708323300,1708331400,LONG,TRAIL,0.6267,0.63334292,0.6599146,0.61562847,0.4387894231769581,0.3751092001183568,0.06368022305860137,18,1.66,61.4,0.3960396039603921,0.006390762580048317,1.278358669847435,base,adaptive disabled,1.0,78.5,90,100,50,80,OFF_HOURS,bullish,bullish,FVG,BOS bullish | Vol 1.7x | FVG | ChoCH | Engulfing | BullWick | StrongTrend1h | Zone:FVG | MTF 18,BOS+2 | 1h+2 | 4h+2 | Vol+1 | RSI+1 | BTC+2 | FVG+1 | ChoCH+1 | Engulfing+1 | BullWick+1 | Zone:FVG+1 | Sess:OFF_HOURS | Strong1h+1 | NestedOB_1h+2,0,0,0.4,range,0.2258,1.2344,0.0,0.1506,3.52,1.0,0.1501,0.5625,2378,0,1,0.82,0.063,1,0.946,3
BTCUSDT,2378,2450,1708323300,1708389000,LONG,SL,52315.6,52692.27232,54198.9616,51687.8128,-0.18612808309089449,-0.2124952705908945,0.02636718750000005,16,3.88,65.7,0.4487604401431774,0.003501367275140107,1.671449471020273,base,adaptive disabled,1.0,90.5,90,100,90,80,OFF_HOURS,bullish,bullish,FVG,BOS bullish | Vol 3.9x | FVG | ChoCH | StrongTrend1h | Zone:FVG | MTF 16,BOS+2 | BodyStrong+1 | 1h+2 | 4h+2 | Vol+2 | RSI+1 | BTC+2 | FVG+1 | ChoCH+1 | Zone:FVG+1 | Sess:OFF_HOURS | Strong1h+1,0,0,0.575,bull,1.3567,0.4856,10.0,0.1997,3.37,1.0,0.0682,0.158203125,2378,0,1,1.294,0.393,1,1.929,3
LINKUSDT,2380,2393,1708325100,1708337700,LONG,SL,20.13,20.32352453,21.09762263,19.80745912,-0.9679005650384541,-1.0849206153340947,0.11702005029564067,20,1.6,57.96,0.31190926275991654,0.005947811875673176,1.2396850814681173,base,adaptive disabled,1.15,83.9,90,97,70,80,OFF_HOURS,bullish,bullish,FVG,BOS bullish | Vol 1.6x | FVG | LiqSweep | ChoCH | Engulfing | BullWick | StrongTrend1h | Zone:FVG | MTF 20 | Risk x1.15,BOS+2 | BodyStrong+1 | 1h+2 | 4h+2 | Vol+1 | RSI+1 | BTC+2 | FVG+1 | LiqSweep+1 | ChoCH+1 | Engulfing+1 | BullWick+1 | Zone:FVG+1 | Sess:OFF_HOURS | Strong1h+1 | NestedOB_1h+2 | QualityRisk:1.15,0,1,0.55,bear,1.1564,0.5374,0.0,0.0717,1.426,-1.0,-0.0736,0.9375,2379,1,1,0.107,0.257,1,0.62,0
AAVEUSDT,2385,2506,1708329600,1708439400,LONG,SL,96.84,98.55354408,105.40772042,93.98409319,-0.8902601412263846,-0.9411231454012302,0.050863004174845475,14,1.9,70.2,0.30337078651685445,0.006407806985161975,1.2900142488014221,base,adaptive disabled,1.25,83.7,90,96,70,80,OFF_HOURS,bullish,bullish,FVG,BOS bullish | Vol 1.9x | FVG | ChoCH | StrongTrend1h | Zone:FVG | MTF 14 | Risk x1.25,BOS+2 | BodyStrong+1 | 1h+2 | 4h+2 | Vol+1 | BTC+2 | FVG+1 | ChoCH+1 | Zone:FVG+1 | Sess:OFF_HOURS | Strong1h+1 | QualityRisk:1.15 | RelStrengthRisk:1.25,0,0,0.35,bull,1.6947,0.7061,0.643,0.248,1.173,1.0,0.593,0.75,2380,2,2,1.146,-1.0,0,1.403,0
XRPUSDT,2387,2420,1708331400,1708362000,LONG,TRAIL,0.5594,0.56342768,0.5795384,0.5526872,0.0,-0.1666666666666676,0.1666666666666676,16,1.36,58.53,0.49494949494949,0.004916471625015983,1.8387603880836731,base,adaptive disabled,1.15,82.5,90,90,70,80,LONDON,bullish,bullish,FVG,BOS bullish | Vol 1.4x | FVG | ChoCH | Session:LONDON | StrongTrend1h | Zone:FVG | MTF 16 | Risk x1.15,BOS+2 | BodyStrong+1 | 1h+2 | 4h+2 | Vol+1 | RSI+1 | BTCok+1 | FVG+1 | ChoCH+1 | Zone:FVG+1 | Sess:LONDON | Strong1h+1 | NestedOB_1h+2 | QualityRisk:1.15,0,1,0.55,bear,0.6406,1.1173,0.0,-0.0623,1.113,-1.0,-0.0642,1.0,2385,7,1,0.266,0.213,1,1.86,0
SOLUSDT,2406,2453,1708348500,1708391700,LONG,SL,113.6,115.76519497,124.42597486,109.99134171,-0.7033864239886243,-0.7476549546064124,0.04426853061778821,19,2.91,65.82,0.5373493975903635,0.014471553371652153,3.152572242196482,base,adaptive disabled,1.25,80.5,90,80,70,80,NEW_YORK,bullish,bullish,FVG,BOS bullish | Vol 2.9x | FVG | LiqSweep | ChoCH | Engulfing | BullWick | Session:NEW_YORK | StrongTrend1h | Zone:FVG | MTF 19 | Risk x1.25,BOS+2 | 1h+2 | 4h+2 | Vol+2 | RSI+1 | BTCok+1 | FVG+1 | LiqSweep+1 | ChoCH+1 | Engulfing+1 | BullWick+1 | Zone:FVG+1 | Sess:NEW_YORK | Strong1h+1 | NestedOB_1h+2 | QualityRisk:1.15 | RelStrengthRisk:1.25,0,1,0.525,bear,1.1223,0.5958,0.0,0.1743,1.879,1.0,0.2482,0.703125,2406,0,1,1.49,0.073,1,1.625,0
AVAXUSDT,2412,2452,1708353900,1708390800,SHORT,TRAIL,39.651,39.05804641,36.68623206,40.63925598,0.6128117539103645,0.5325673621688642,0.08024439174150018,14,1.32,39.92,0.31746031746032355,0.006812777213789291,1.0745559310119728,base,adaptive disabled,1.25,78.1,90,98,50,80,NEW_YORK,bearish,bearish,FVG,BOS bearish | Vol 1.3x | FVG | ChoCH | Session:NEW_YORK | StrongTrend1h | Zone:FVG | MTF 14 | Risk x1.25,BOS+2 | 1h+2 | 4h+2 | Vol+1 | RSI+1 | BTC+2 | FVG+1 | ChoCH+1 | Zone:FVG+1 | Sess:NEW_YORK | Strong1h+1 | QualityRisk:1.15 | TrendPairRisk:1.25,0,1,0.3,bull,0.3855,1.1097,0.0,0.0429,1.588,1.0,-0.1526,1.0,2412,0,2,0.661,0.137,1,1.003,0
SUIUSDT,2413,2421,1708354800,1708362900,SHORT,TRAIL,1.7789,1.75135172,1.64115858,1.82481381,0.5178065089408871,0.47421913294224965,0.04358737599863739,15,2.86,34.68,0.6008403361344519,0.006917943209356265,1.112615277116529,base,adaptive disabled,1.25,84.0,80,100,80,80,NEW_YORK,bearish,bearish,OB,BOS bearish | Vol 2.9x | FVG | OB | ChoCH | Session:NEW_YORK | Zone:OB | MTF 15 | Risk x1.25,BOS+2 | 1h+2 | 4h+2 | Vol+2 | RSI+1 | BTC+2 | FVG+1 | OB+1 | ChoCH+1 | Zone:OB+1 | Sess:NEW_YORK | QualityRisk:1.15 | TrendPairRisk:1.25,0,1,0.45,bull,0.0327,1.4121,6.976,0.0057,1.873,1.0,-0.3988,0.5625,2409,4,5,1.648,0.589,1,0.879,0
AAVEUSDT,2422,2441,1708362900,1708380900,LONG,TRAIL,96.65,97.81316505,102.46582525,94.71139158,0.6701784531666563,0.5766996731663099,0.09347878000034646,21,1.96,53.33,0.19474835886214545,0.013752264148830412,2.2602661940905975,base,adaptive disabled,1.15,82.1,90,73,80,80,OFF_HOURS,bullish,bullish,OB,BOS bullish | Vol 2.0x | FVG | OB | LiqSweep | MACD_Div | ChoCH | StrongTrend1h | Zone:OB | 💎PREMIUM | MTF 21 | Risk x1.15,BOS+2 | BodyStrong+1 | 1h+2 | 4h+2 | Vol+1 | RSI+1 | BTC+2 | FVG+1 | OB+1 | LiqSweep+1 | MACD_Div+1 | ChoCH+1 | Zone:OB+1 | Sess:OFF_HOURS | Strong1h+1 | 💎Premium+3 | QualityRisk:1.15,1,0,0.625,range,0.0722,1.0059,0.0,-0.0376,1.272,1.0,0.0686,0.9375,2422,22,6,0.296,1.736,0,0.96,1
ETHUSDT,2428,2441,1708368300,1708380900,LONG,TRAIL,2926.35,2960.29067971,3096.05339855,2869.78220048,0.8122064743033734,0.7346088827893521,0.07759759151402128,16,1.82,59.54,0.23782498657872644,0.01005921452988358,3.1279628924163747,base,adaptive disabled,1.25,72.1,90,68,50,80,OFF_HOURS,bullish,bullish,FVG,BOS bullish | Vol 1.8x | FVG | LiqSweep | ChoCH | BullWick | StrongTrend1h | Zone:FVG | MTF 16 | Risk x1.25,BOS+2 | 1h+2 | 4h+2 | Vol+1 | RSI+1 | BTC+2 | FVG+1 | LiqSweep+1 | ChoCH+1 | BullWick+1 | Zone:FVG+1 | Sess:OFF_HOURS | Strong1h+1 | QualityRisk:1.15 | RelStrengthRisk:1.25,0,0,0.65,bull,0.0935,1.345,0.0,0.0852,1.515,1.0,0.1373,0.75,2423,0,4,0.837,-1.0,0,0.739,0
ADAUSDT,2442,2509,1708380900,1708442100,LONG,SL,0.6317,0.6443365,0.69488249,0.61063917,-0.7852254635738491,-0.8189687918282436,0.03374332825439448,14,1.59,66.97,0.8692810457516337,0.006788365931702796,1.1567742488155155,base,adaptive disabled,1.15,78.5,90,100,50,80,DEAD_ZONE,bullish,bullish,FVG,BOS bullish | Vol 1.6x | FVG | ChoCH | StrongTrend1h | Zone:FVG | MTF 14 | Risk x1.15,BOS+2 | 1h+2 | 4h+2 | Vol+1 | RSI+1 | BTC+2 | FVG+1 | ChoCH+1 | Zone:FVG+1 | Sess:DEAD_ZONE | Strong1h+1 | QualityRisk:1.15,0,0,0.55,bull,1.8233,0.8309,2.83,0.1702,1.303,1.0,0.2169,0.5625,2441,1,2,1.191,1.243,1,0.725,0
XLMUSDT,2445,2467,1708383600,1708404300,LONG,TRAIL,0.1186,0.11983517,0.12477583,0.11654139,0.579575950245631,0.49315841608423094,0.08641753416140006,14,2.37,68.43,0.46153846153846567,0.0044978666776177125,1.3178749376664642,base,adaptive disabled,1.0,90.5,90,100,90,80,DEAD_ZONE,bullish,bullish,FVG,BOS bullish | Vol 2.4x | FVG | ChoCH | StrongTrend1h | Zone:FVG | MTF 14,BOS+2 | BodyStrong+1 | 1h+2 | 4h+2 | Vol+2 | BTCok+1 | FVG+1 | ChoCH+1 | Zone:FVG+1 | Sess:DEAD_ZONE | Strong1h+1,0,0,0.325,range,0.923,1.4573,3.0,-0.0034,2.17,1.0,0.2322,0.75,2445,0,4,1.744,-1.0,0,0.654,3
SOLUSDT,2459,2508,1708396200,1708441200,SHORT,TRAIL,110.19,108.00437866,99.26189329,113.83270224,0.6212155566776869,0.5829310059343905,0.03828455074329649,13,2.81,28.86,0.5744680851063791,0.009691165404637004,1.7470670278665146,base,adaptive disabled,1.15,72.2,55,100,70,80,OFF_HOURS,bearish,neutral,FVG,BOS bearish | Vol 2.8x | FVG | ChoCH | Engulfing | Zone:FVG | MTF 13 | Risk x1.15,BOS+2 | 1h+2 | 4hN+1 | Vol+2 | BTC+2 | FVG+1 | ChoCH+1 | Engulfing+1 | Zone:FVG+1 | Sess:OFF_HOURS | QualityRisk:1.15,0,0,0.45,bear,0.2471,1.7981,4.154,-0.1597,1.809,1.0,-0.4794,0.6328125,2455,0,4,1.992,1.608,1,0.854,1
XRPUSDT,2464,2466,1708400700,1708403400,LONG,TRAIL,0.565,0.57255072,0.6027536,0.55241547,0.47941655434524333,0.4120719653935698,0.0673445889516736,15,2.49,63.16,0.48192771084337194,0.008234799737405991,2.024686631446362,base,adaptive disabled,1.15,82.5,90,90,70,80,OFF_HOURS,bullish,bullish,FVG,BOS bullish | Vol 2.5x | FVG | ChoCH | BullWick | StrongTrend1h | Zone:FVG | MTF 15 | Risk x1.15,BOS+2 | 1h+2 | 4h+2 | Vol+2 | RSI+1 | BTCok+1 | FVG+1 | ChoCH+1 | BullWick+1 | Zone:FVG+1 | Sess:OFF_HOURS | Strong1h+1 | RelStrengthRisk:1.15,0,1,0.525,bear,0.0397,1.2714,0.0,0.0608,1.577,1.0,0.0187,0.75,2462,0,1,0.97,0.395,1,3.627,0
AAVEUSDT,2504,2508,1708436700,1708441200,LONG,SL,96.04,97.82177966,104.94889829,93.07036724,-2.0684375801403765,-2.181630027545893,0.11319244740551651,16,1.36,60.89,0.12759643916914132,0.009024869365791425,1.9604477590527807,base,adaptive disabled,1.25,61.0,60,65,50,80,NEW_YORK,neutral,bullish,FVG,BOS bullish | Vol 1.4x | FVG | ChoCH | Engulfing | BullWick | Session:NEW_YORK | Zone:FVG | MTF 16 | Risk x1.25,BOS+2 | 1hN+1 | 4h+2 | Vol+1 | RSI+1 | BTC+2 | FVG+1 | ChoCH+1 | Engulfing+1 | BullWick+1 | Zone:FVG+1 | Sess:NEW_YORK | NestedOB_1h+2 | QualityRisk:1.15 | RelStrengthRisk:1.25,0,0,0.525,bull,1.3604,0.449,0.614,0.1425,0.935,1.0,0.3146,1.75,2504,0,1,0.509,0.102,1,3.528,2
ADAUSDT,2504,2509,1708436700,1708442100,LONG,SL,0.6359,0.6492539,0.7026695,0.6136435,-1.769146092152857,-1.8361103778671428,0.06696428571428568,18,2.21,62.02,0.19685039370078775,0.011032758288476536,1.676441076786383,base,adaptive disabled,1.15,81.1,90,83,70,80,NEW_YORK,bullish,bullish,FVG,BOS bullish | Vol 2.2x | FVG | LiqSweep | ChoCH | Engulfing | BullWick | Session:NEW_YORK | StrongTrend1h | Zone:FVG | MTF 18 | Risk x1.15,BOS+2 | 1h+2 | 4h+2 | Vol+2 | RSI+1 | BTC+2 | FVG+1 | LiqSweep+1 | ChoCH+1 | Engulfing+1 | BullWick+1 | Zone:FVG+1 | Sess:NEW_YORK | Strong1h+1 | RelStrengthRisk:1.15,0,0,0.525,range,1.914,0.2546,0.617,0.1052,1.854,1.0,0.0592,1.171875,2504,0,1,0.426,0.17,1,2.961,0
AVAXUSDT,2563,2583,1708489800,1708508700,SHORT,TRAIL,37.875,36.889,35.11414693,38.79528436,0.7416069756997421,0.6953067484525897,0.04630022724715235,16,2.77,36.12,0.38146811070999004,0.005639599097133136,1.116757504118138,base,adaptive disabled,1.25,84.5,90,100,70,80,OFF_HOURS,bearish,bearish,FVG,BOS bearish | Vol 2.8x | FVG | LiqSweep | ChoCH | StrongTrend1h | Zone:FVG | MTF 16 | Risk x1.25,BOS+2 | 1h+2 | 4h+2 | Vol+2 | RSI+1 | BTC+2 | FVG+1 | LiqSweep+1 | ChoCH+1 | Zone:FVG+1 | Sess:OFF_HOURS | Strong1h+1 | QualityRisk:1.15 | TrendPairRisk:1.25,0,0,0.425,bear,0.1967,1.0588,0.753,-0.1607,2.082,1.0,-0.4339,0.5625,2563,0,1,0.933,5.627,0,0.792,2
LINKUSDT,2563,2583,1708489800,1708508700,SHORT,TRAIL,18.942,18.62858159,17.37490794,19.46436402,0.6372343915422091,0.5862408573780452,0.05099353416416379,16,3.72,32.08,0.39344262295081467,0.0037503496622990455,0.899514245590086,base,adaptive disabled,1.25,84.5,90,100,70,80,OFF_HOURS,bearish,bearish,FVG,BOS bearish | Vol 3.7x | FVG | ChoCH | Premium | StrongTrend1h | Zone:FVG | MTF 16 | Risk x1.25,BOS+2 | 1h+2 | 4h+2 | Vol+2 | RSI+1 | BTC+2 | FVG+1 | ChoCH+1 | Premium+1 | Zone:FVG+1 | Sess:OFF_HOURS | Strong1h+1 | QualityRisk:1.15 | TrendPairRisk:1.25,0,0,0.475,range,0.2278,1.3305,0.332,-0.1088,2.708,1.0,-0.5433,0.703125,2563,0,1,0.277,7.749,0,0.68,5
SUIUSDT,2563,2574,1708489800,1708500600,SHORT,TRAIL,1.6801,1.6448179,1.5036895,1.7389035,0.30036910993843097,0.2682262527955738,0.03214285714285714,15,1.81,39.77,0.1752136752136759,0.005871881441403032,0.9480830112491532,base,adaptive disabled,1.25,74.7,90,81,50,80,OFF_HOURS,bearish,bearish,FVG,BOS bearish | Vol 1.8x | FVG | LiqSweep | ChoCH | StrongTrend1h | Zone:FVG | MTF 15 | Risk x1.25,BOS+2 | 1h+2 | 4h+2 | Vol+1 | RSI+1 | BTC+2 | FVG+1 | LiqSweep+1 | ChoCH+1 | Zone:FVG+1 | Sess:OFF_HOURS | Strong1h+1 | QualityRisk:1.15 | TrendPairRisk:1.25,0,1,0.375,bull,0.0969,1.0515,0.209,-0.1949,1.467,1.0,-0.2193,0.5625,2563,0,1,0.13,7.417,0,0.651,2
DOTUSDT,2569,2574,1708495200,1708500600,SHORT,TRAIL,7.53,7.42387501,6.99937506,7.70687498,0.3677975248375511,0.33187702607622266,0.03592049876132848,14,1.71,36.41,0.3738317757009342,0.006110811479688818,1.1674705332098247,base,adaptive disabled,1.25,78.5,90,100,50,80,OFF_HOURS,bearish,bearish,FVG,BOS bearish | Vol 1.7x | FVG | ChoCH | StrongTrend1h | Zone:FVG | MTF 14 | Risk x1.25,BOS+2 | 1h+2 | 4h+2 | Vol+1 | RSI+1 | BTC+2 | FVG+1 | ChoCH+1 | Zone:FVG+1 | Sess:OFF_HOURS | Strong1h+1 | QualityRisk:1.15 | TrendPairRisk:1.25,0,0,0.475,bear,0.0,1.5548,2.162,-0.0683,1.218,1.0,-0.0937,0.421875,2569,1,2,0.075,3.737,0,1.103,0
BTCUSDT,2573,2582,1708498800,1708507800,SHORT,TRAIL,51788.5,51415.6228,49924.114,52409.962,0.4564503551907445,0.35098160519074445,0.10546875000000008,13,3.91,30.46,0.4158569215603383,0.0037449985538199784,1.6095126633494037,base,adaptive disabled,1.0,78.2,55,100,90,80,LONDON,bearish,neutral,FVG,BOS bearish | Vol 3.9x | FVG | ChoCH | Session:LONDON | Zone:FVG | MTF 13,BOS+2 | BodyStrong+1 | 1h+2 | 4hN+1 | Vol+2 | BTC+2 | FVG+1 | ChoCH+1 | Zone:FVG+1 | Sess:LONDON,0,0,0.475,bear,0.0024,1.0221,1.698,0.0478,1.817,1.0,-0.4613,0.6328125,2573,1,2,1.498,0.06,1,1.601,4
SOLUSDT,2604,2619,1708526700,1708541100,SHORT,TRAIL,102.13,100.3133301,93.0466505,105.15778317,0.7252538272188844,0.6461969152604234,0.07905691195846085,15,2.2,32.36,0.3850415512465376,0.01079550918401622,1.8045912448911492,base,adaptive disabled,1.25,82.5,90,90,70,80,NEW_YORK,bearish,bearish,FVG,BOS bearish | Vol 2.2x | FVG | ChoCH | Session:NEW_YORK | StrongTrend1h | Zone:FVG | MTF 15 | Risk x1.25,BOS+2 | 1h+2 | 4h+2 | Vol+2 | RSI+1 | BTC+2 | FVG+1 | ChoCH+1 | Zone:FVG+1 | Sess:NEW_YORK | Strong1h+1 | QualityRisk:1.15 | TrendPairRisk:1.25,0,0,0.5,range,0.7761,1.0624,0.0,0.1987,1.588,-1.0,0.0399,1.171875,2603,0,1,0.309,-1.0,0,1.052,1
AVAXUSDT,2605,2616,1708527600,1708538400,SHORT,TRAIL,36.855,36.40604902,34.61024512,37.60325163,1.0127525005140618,0.8896154483435249,0.12313705217053691,15,1.31,39.1,0.32614861032330783,0.01205548686794354,1.8988161316224208,base,adaptive disabled,1.15,82.3,90,89,70,80,NEW_YORK,bearish,bearish,FVG,BOS bearish | Vol 1.3x | FVG | ChoCH | Session:NEW_YORK | StrongTrend1h | Zone:FVG | MTF 15 | Risk x1.15,BOS+2 | BodyStrong+1 | 1h+2 | 4h+2 | Vol+1 | RSI+1 | BTC+2 | FVG+1 | ChoCH+1 | Zone:FVG+1 | Sess:NEW_YORK | Strong1h+1 | TrendPairRisk:1.15,0,1,0.575,bull,0.2085,1.1605,0.0,0.0894,1.337,-1.0,0.0953,1.25,2604,12,2,0.423,0.51,1,1.637,2
DOTUSDT,2620,2669,1708541100,1708586100,SHORT,SL,7.33,7.23650953,6.86254767,7.48581744,-0.3228688248889212,-0.3526377366679878,0.029768911779066605,15,1.36,38.28,0.322314049586778,0.008774658787775452,1.2592495621295254,base,adaptive disabled,1.15,84.1,90,98,70,80,OFF_HOURS,bearish,bearish,FVG,BOS bearish | Vol 1.4x | FVG | ChoCH | StrongTrend1h | Zone:FVG | MTF 15 | Risk x1.15,BOS+2 | BodyStrong+1 | 1h+2 | 4h+2 | Vol+1 | RSI+1 | BTC+2 | FVG+1 | ChoCH+1 | Zone:FVG+1 | Sess:OFF_HOURS | Strong1h+1 | TrendPairRisk:1.15,0,1,0.6,bull,1.0974,0.5883,10.0,-0.01,0.738,1.0,-0.1695,0.31640625,2618,26,2,1.405,0.784,1,1.405,1
AVAXUSDT,2696,2749,1708609500,1708658100,SHORT,TRAIL,37.011,36.233769,33.124845,38.306385,1.514952916599062,1.4006672023133475,0.11428571428571464,14,1.72,33.31,0.4631578947368375,0.010780133305931118,2.091345861356169,base,adaptive disabled,1.0,72.0,60,90,70,80,NEW_YORK,neutral,bearish,FVG,BOS bearish | Vol 1.7x | FVG | LiqSweep | ChoCH | Session:NEW_YORK | Zone:FVG | MTF 14,BOS+2 | BodyStrong+1 | 1hN+1 | 4h+2 | Vol+1 | RSI+1 | BTC+2 | FVG+1 | LiqSweep+1 | ChoCH+1 | Zone:FVG+1 | Sess:NEW_YORK,0,0,0.6,bear,0.5944,1.0911,1.066,-0.0828,1.138,1.0,-0.2027,2.0,2696,1,1,0.469,0.193,1,1.181,0
XRPUSDT,2696,2772,1708609500,1708678800,SHORT,TRAIL,0.5415,0.53488334,0.50841671,0.55252776,0.8404321040856363,0.7667770735082574,0.0736550305773789,15,2.15,29.57,0.6421052631578898,0.006484932455843189,1.9688975487593052,base,adaptive disabled,1.15,82.5,90,90,70,80,NEW_YORK,bearish,bearish,FVG,BOS bearish | Vol 2.1x | FVG | ChoCH | Engulfing | Session:NEW_YORK | StrongTrend1h | Zone:FVG | MTF 15 | Risk x1.15,BOS+2 | 1h+2 | 4h+2 | Vol+2 | BTC+2 | FVG+1 | ChoCH+1 | Engulfing+1 | Zone:FVG+1 | Sess:NEW_YORK | Strong1h+1 | TrendPairRisk:1.15,0,0,0.325,range,0.9431,1.1637,3.812,0.0661,1.432,-1.0,0.0119,0.75,2696,1,5,2.538,0.235,1,1.269,0
LINKUSDT,2698,2749,1708611300,1708658100,SHORT,TRAIL,18.413,18.026327,16.479635,19.057455,1.6317964281241621,1.517510713838448,0.11428571428571419,13,1.9,29.99,0.6502546689303965,0.009084352113533317,1.9789269109952337,base,adaptive disabled,1.0,72.0,60,90,70,80,NEW_YORK,neutral,bearish,FVG,BOS bearish | Vol 1.9x | FVG | LiqSweep | ChoCH | Session:NEW_YORK | Zone:FVG | MTF 13,BOS+2 | BodyStrong+1 | 1hN+1 | 4h+2 | Vol+1 | BTC+2 | FVG+1 | LiqSweep+1 | ChoCH+1 | Zone:FVG+1 | Sess:NEW_YORK,0,1,0.425,bull,0.3383,1.2388,1.514,-0.1085,1.295,1.0,-0.5032,2.0,2696,1,1,0.247,0.091,1,1.004,0
AVAXUSDT,2730,2749,1708640100,1708658100,SHORT,TRAIL,37.011,36.40133017,33.96265086,38.02711638,1.5840513822362376,1.4645352065891133,0.11951617564712423,15,2.52,32.99,0.3742574257425725,0.008256761856307622,1.4586685069030842,base,adaptive disabled,1.0,80.0,60,100,90,80,DEAD_ZONE,neutral,bearish,FVG,BOS bearish | Vol 2.5x | FVG | MACD_Div | ChoCH | Zone:FVG | MTF 15,BOS+2 | BodyStrong+1 | 1hN+1 | 4h+2 | Vol+2 | RSI+1 | BTC+2 | FVG+1 | MACD_Div+1 | ChoCH+1 | Zone:FVG+1 | Sess:DEAD_ZONE,0,1,0.425,bull,0.1437,1.3909,0.0,0.0023,1.25,1.0,-0.3973,1.640625,2730,35,3,1.962,0.569,1,1.41,2
ADAUSDT,2732,2750,1708641900,1708659000,SHORT,TRAIL,0.5926,0.58342083,0.54670415,0.60789862,0.5026569677114402,0.4454615515562573,0.057195416155182886,13,1.48,36.65,0.24264705882352816,0.009308424161633674,1.632533331915609,base,adaptive disabled,1.0,71.8,60,89,70,80,DEAD_ZONE,neutral,bearish,FVG,BOS bearish | Vol 1.5x | FVG | ChoCH | Zone:FVG | MTF 13,BOS+2 | BodyStrong+1 | 1hN+1 | 4h+2 | Vol+1 | RSI+1 | BTC+2 | FVG+1 | ChoCH+1 | Zone:FVG+1 | Sess:DEAD_ZONE,0,1,0.575,bull,0.2026,1.1657,0.0,0.227,0.842,1.0,-0.0022,0.73828125,2730,23,3,1.334,0.691,1,1.143,1
BTCUSDT,2753,2802,1708660800,1708705800,SHORT,TRAIL,51170.0,50729.29591445,48966.47957225,51904.50680925,0.20353192756730668,0.1643449184919378,0.039187009075368866,15,6.06,34.95,0.4367541766109859,0.005148545402710215,1.734092559306933,base,adaptive disabled,1.15,84.5,90,100,70,80,OFF_HOURS,bearish,bearish,FVG,BOS bearish | Vol 6.1x | FVG | ChoCH | StrongTrend1h | Zone:FVG | MTF 15 | Risk x1.15,BOS+2 | 1h+2 | 4h+2 | Vol+2 | RSI+1 | BTC+2 | FVG+1 | ChoCH+1 | Zone:FVG+1 | Sess:OFF_HOURS | Strong1h+1 | TrendPairRisk:1.15,0,0,0.4,bear,0.2427,1.1098,2.327,-0.2488,4.631,1.0,-0.3484,0.28125,2749,0,1,0.773,0.543,1,1.256,1
XRPUSDT,2753,2773,1708660800,1708679700,SHORT,TRAIL,0.5387,0.53219022,0.50615111,0.54954963,0.4125317309215438,0.35667383530667063,0.05585789561487321,15,1.61,33.58,0.496062992125976,0.005874806414243659,1.6706094243175307,base,adaptive disabled,1.15,84.5,90,100,70,80,OFF_HOURS,bearish,bearish,FVG,BOS bearish | Vol 1.6x | FVG | ChoCH | StrongTrend1h | Zone:FVG | MTF 15 | Risk x1.15,BOS+2 | BodyStrong+1 | 1h+2 | 4h+2 | Vol+1 | RSI+1 | BTC+2 | FVG+1 | ChoCH+1 | Zone:FVG+1 | Sess:OFF_HOURS | Strong1h+1 | TrendPairRisk:1.15,0,0,0.5,range,0.2396,1.4747,3.706,-0.2538,1.438,1.0,-0.1351,0.5625,2749,0,1,1.396,0.419,1,1.396,2
LINKUSDT,2754,2773,1708661700,1708679700,SHORT,TRAIL,18.025,17.73383514,16.56917572,18.51027476,0.42556924081729147,0.3733356232065181,0.05223361761077342,16,2.42,34.06,0.4533551554828189,0.009462215052919113,1.7339509084569262,base,adaptive disabled,1.15,84.5,90,100,70,80,OFF_HOURS,bearish,bearish,FVG,BOS bearish | Vol 2.4x | FVG | ChoCH | Engulfing | StrongTrend1h | Zone:FVG | MTF 16 | Risk x1.15,BOS+2 | 1h+2 | 4h+2 | Vol+2 | RSI+1 | BTC+2 | FVG+1 | ChoCH+1 | Engulfing+1 | Zone:FVG+1 | Sess:OFF_HOURS | Strong1h+1 | TrendPairRisk:1.15,0,0,0.35,range,0.1958,1.1025,6.595,-0.131,1.979,1.0,-0.2847,0.703125,2749,0,1,0.945,-1.0,0,0.709,0
BTCUSDT,2829,2902,1708729200,1708795800,SHORT,SL,50792.0,50426.2976,48963.488,51401.504,-0.27015050352417613,-0.30530675352417613,0.03515624999999995,15,2.8,31.64,0.5171752676146231,0.0025138447489596706,0.9924744679704907,base,adaptive disabled,1.25,90.5,90,100,90,80,DEAD_ZONE,bearish,bearish,FVG,BOS bearish | Vol 2.8x | FVG | ChoCH | StrongTrend1h | Zone:FVG | MTF 15 | Risk x1.25,BOS+2 | BodyStrong+1 | 1h+2 | 4h+2 | Vol+2 | BTC+2 | FVG+1 | ChoCH+1 | Zone:FVG+1 | Sess:DEAD_ZONE | Strong1h+1 | QualityRisk:1.15 | TrendPairRisk:1.25,0,1,0.525,bull,1.3714,0.7082,7.099,-0.2112,2.381,1.0,-0.459,0.2109375,2829,0,2,2.493,0.122,1,2.334,6
ETHUSDT,2829,2887,1708729200,1708782300,SHORT,SL,2924.53,2900.38692086,2803.8146043,2964.76846523,-1.1692170596239206,-1.332746967198381,0.16352990757446048,15,4.37,31.49,0.5709219858156033,0.004104088657157459,1.2662082468451452,base,adaptive disabled,1.0,81.8,65,100,90,80,DEAD_ZONE,bearish,neutral,FVG,BOS bearish | Vol 4.4x | FVG | MACD_Div | ChoCH | StrongTrend1h | Zone:FVG | MTF 15,BOS+2 | BodyStrong+1 | 1h+2 | 4hN+1 | Vol+2 | BTC+2 | FVG+1 | MACD_Div+1 | ChoCH+1 | Zone:FVG+1 | Sess:DEAD_ZONE | Strong1h+1,0,1,0.575,bull,1.0758,0.7837,0.0,-0.2907,2.96,1.0,-0.4313,1.125,2829,0,2,2.824,0.415,1,1.963,6
AAVEUSDT,2838,2865,1708737300,1708762500,LONG,TRAIL,96.69,102.02,106.84245,93.30585,1.9969192757831604,1.9433478472117318,0.053571428571428714,16,4.69,62.97,0.6141906873614175,0.015471843066311199,1.7322938576049214,base,adaptive disabled,1.15,84.5,90,100,70,80,OFF_HOURS,bullish,bullish,FVG,BOS bullish | Vol 4.7x | FVG | ChoCH | StrongTrend1h | Zone:FVG | MTF 16 | Risk x1.15,BOS+2 | 1h+2 | 4h+2 | Vol+2 | RSI+1 | BTCok+1 | FVG+1 | ChoCH+1 | Zone:FVG+1 | Sess:OFF_HOURS | Strong1h+1 | NestedOB_1h+2 | QualityRisk:1.15,0,1,0.475,bear,0.4403,1.2045,0.0,-0.1199,2.597,1.0,0.1286,0.9375,2837,0,1,0.426,0.074,1,1.843,1
AVAXUSDT,2841,2902,1708740000,1708795800,SHORT,SL,35.481,34.735899,31.755495,36.722835,-0.7609706603534263,-0.8038278032105692,0.0428571428571428,15,1.84,31.73,0.4733044733044715,0.009520272940355139,1.4858571908882883,base,adaptive disabled,1.15,84.5,90,100,70,80,OFF_HOURS,bearish,bearish,FVG,BOS bearish | Vol 1.8x | FVG | ChoCH | Engulfing | StrongTrend1h | Zone:FVG | MTF 15 | Risk x1.15,BOS+2 | BodyStrong+1 | 1h+2 | 4h+2 | Vol+1 | BTC+2 | FVG+1 | ChoCH+1 | Engulfing+1 | Zone:FVG+1 | Sess:OFF_HOURS | Strong1h+1 | TrendPairRisk:1.15,0,0,0.45,bear,1.0694,0.055,1.165,-0.3461,1.681,1.0,-0.4104,0.75,2840,0,1,0.771,0.38,1,0.816,0
DOTUSDT,2888,2921,1708782300,1708812900,LONG,TRAIL,7.805,7.88010632,8.18053159,7.6798228,0.37888694206749646,0.3087413804156938,0.07014556165180266,15,1.6,66.22,0.48809523809523675,0.005075991844141874,1.0593732167830063,base,adaptive disabled,1.25,78.5,90,100,50,80,NEW_YORK,bullish,bullish,FVG,BOS bullish | Vol 1.6x | FVG | ChoCH | BullWick | Session:NEW_YORK | StrongTrend1h | Zone:FVG | MTF 15 | Risk x1.25,BOS+2 | 1h+2 | 4h+2 | Vol+1 | RSI+1 | BTC+2 | FVG+1 | ChoCH+1 | BullWick+1 | Zone:FVG+1 | Sess:NEW_YORK | Strong1h+1 | QualityRisk:1.15 | RelStrengthRisk:1.25,0,0,0.475,range,0.5193,1.0918,0.0,0.2468,2.191,1.0,0.455,0.5625,2888,0,2,1.609,0.059,1,1.317,6
XLMUSDT,2905,3036,1708797600,1708916400,LONG,SL,0.1169,0.11774168,0.1211084,0.1154972,-0.6014756201881915,-0.6952256201881909,0.09374999999999938,17,1.43,65.61,0.36363636363636476,0.003419304573487273,1.3266901756528535,base,adaptive disabled,1.0,84.5,90,100,70,80,OFF_HOURS,bullish,bullish,FVG,BOS bullish | Vol 1.4x | FVG | LiqSweep | MACD_Div | ChoCH | StrongTrend1h | Zone:FVG | MTF 17,BOS+2 | BodyStrong+1 | 1h+2 | 4h+2 | Vol+1 | RSI+1 | BTC+2 | FVG+1 | LiqSweep+1 | MACD_Div+1 | ChoCH+1 | Zone:FVG+1 | Sess:OFF_HOURS | Strong1h+1,0,0,0.475,range,1.1406,0.3564,4.0,0.2142,1.249,1.0,0.3307,0.5625,2903,0,1,1.713,1.142,1,1.713,0
AAVEUSDT,2908,2919,1708800300,1708811100,LONG,TRAIL,98.65,99.93875934,102.02,96.50206777,0.5285227348556774,0.45963089649446454,0.0688918383612128,16,1.38,54.66,0.34072022160664933,0.008938061377777534,1.025616859016592,base,adaptive disabled,1.25,84.5,90,100,70,80,OFF_HOURS,bullish,bullish,FVG,BOS bullish | Vol 1.4x | FVG | MACD_Div | ChoCH | StrongTrend1h | Zone:FVG | MTF 16 | Risk x1.25,BOS+2 | BodyStrong+1 | 1h+2 | 4h+2 | Vol+1 | RSI+1 | BTC+2 | FVG+1 | MACD_Div+1 | ChoCH+1 | Zone:FVG+1 | Sess:OFF_HOURS | Strong1h+1 | QualityRisk:1.15 | RelStrengthRisk:1.25,0,1,0.45,bear,0.2188,1.1018,0.0,-0.1037,0.957,1.0,-0.1323,0.75,2903,1,2,1.027,2.934,0,0.709,0
DOTUSDT,2922,2945,1708812900,1708834500,LONG,SL,7.854,7.92346103,8.20130516,7.73823161,-0.3389040393495994,-0.3818355284633374,0.04293148911373807,15,1.52,65.79,0.4825174825174829,0.0058079501330922404,1.3703242344495903,base,adaptive disabled,1.0,78.5,90,100,50,80,DEAD_ZONE,bullish,bullish,FVG,BOS bullish | Vol 1.5x | FVG | ChoCH | BullWick | StrongTrend1h | Zone:FVG | MTF 15,BOS+2 | 1h+2 | 4h+2 | Vol+1 | RSI+1 | BTC+2 | FVG+1 | ChoCH+1 | BullWick+1 | Zone:FVG+1 | Sess:DEAD_ZONE | Strong1h+1,0,0,0.5,range,1.3821,0.1872,7.667,0.1118,1.427,1.0,0.2507,0.31640625,2921,0,1,1.599,1.066,1,0.948,0
AAVEUSDT,2929,3086,1708819200,1708961400,LONG,TRAIL,100.84,102.8476992,110.87849598,97.49383467,0.6446804946359099,0.5994765118428661,0.045203982793043815,17,2.29,67.83,0.549206349206347,0.010378256704951934,1.6165756420588988,base,adaptive disabled,1.25,84.5,90,100,70,80,DEAD_ZONE,bullish,bullish,FVG,BOS bullish | Vol 2.3x | FVG | LiqSweep | ChoCH | Engulfing | StrongTrend1h | Zone:FVG | MTF 17 | Risk x1.25,BOS+2 | 1h+2 | 4h+2 | Vol+2 | RSI+1 | BTC+2 | FVG+1 | LiqSweep+1 | ChoCH+1 | Engulfing+1 | Zone:FVG+1 | Sess:DEAD_ZONE | Strong1h+1 | QualityRisk:1.15 | RelStrengthRisk:1.25,0,0,0.55,bull,1.1954,1.1805,0.0,0.0661,1.514,1.0,0.433,0.75,2927,1,2,1.297,1.035,1,1.647,1
ETHUSDT,2941,2955,1708830000,1708843500,LONG,TRAIL,3014.42,3042.03177817,3152.47889086,2968.40036971,0.29634900983616397,0.24108092404381273,0.05526808579235125,15,2.01,67.59,0.510431775075309,0.006956750189379884,2.619566912306099,base,adaptive disabled,1.15,82.5,90,90,70,80,OFF_HOURS,bullish,bullish,FVG,BOS bullish | Vol 2.0x | FVG | ChoCH | BullWick | StrongTrend1h | Zone:FVG | MTF 15 | Risk x1.15,BOS+2 | 1h+2 | 4h+2 | Vol+2 | RSI+1 | BTCok+1 | FVG+1 | ChoCH+1 | BullWick+1 | Zone:FVG+1 | Sess:OFF_HOURS | Strong1h+1 | RelStrengthRisk:1.15,0,0,0.425,bull,0.0528,1.2466,10.0,0.2193,1.623,1.0,0.4127,0.421875,2940,3,6,2.839,0.085,1,1.152,0
ETHUSDT,2976,2988,1708861500,1708873200,LONG,TRAIL,3031.04,3052.863488,3140.15744,2994.66752,2.1049325459355877,1.8132658792689207,0.2916666666666667,16,2.31,63.94,0.6263736263736235,0.0023883201607806637,0.8505755571665058,base,adaptive disabled,1.15,90.5,90,100,90,80,OVERLAP,bullish,bullish,FVG,BOS bullish | Vol 2.3x | FVG | ChoCH | Session:OVERLAP | StrongTrend1h | Zone:FVG | MTF 16 | Risk x1.15,BOS+2 | BodyStrong+1 | 1h+2 | 4h+2 | Vol+2 | RSI+1 | BTC+2 | FVG+1 | ChoCH+1 | Zone:FVG+1 | Sess:OVERLAP | Strong1h+1 | QualityRisk:1.15,0,1,0.625,bear,0.091,2.0954,0.0,0.08,1.948,1.0,0.0557,1.75,2976,23,2,1.121,0.977,1,2.081,6
DOTUSDT,2980,3007,1708865100,1708890300,LONG,TRAIL,7.756,7.81999041,8.07595203,7.64934932,1.3218291049754605,1.0309355072975097,0.2908935976779508,14,2.02,57.17,0.4678899082568746,0.003092781132451213,0.9199834337956594,base,adaptive disabled,1.15,80.0,60,100,90,80,OVERLAP,neutral,bullish,FVG,BOS bullish | Vol 2.0x | FVG | ChoCH | Session:OVERLAP | Zone:FVG | MTF 14 | Risk x1.15,BOS+2 | BodyStrong+1 | 1hN+1 | 4h+2 | Vol+2 | RSI+1 | BTC+2 | FVG+1 | ChoCH+1 | Zone:FVG+1 | Sess:OVERLAP | QualityRisk:1.15,0,0,0.675,range,0.5345,1.1095,0.0,0.112,1.675,1.0,0.0331,2.0,2980,3,4,1.014,0.741,1,1.871,1
BTCUSDT,2989,3061,1708873200,1708938900,LONG,SL,51710.0,52082.312,53571.56,51089.48,-0.3903379423709176,-0.4528379423709179,0.06250000000000032,16,2.44,58.58,0.2924467398321593,0.002087216477412658,1.5908314531243195,base,adaptive disabled,1.15,83.5,90,95,70,80,NEW_YORK,bullish,bullish,FVG,BOS bullish | Vol 2.4x | FVG | ChoCH | BullWick | Session:NEW_YORK | StrongTrend1h | Zone:FVG | MTF 16 | Risk x1.15,BOS+2 | 1h+2 | 4h+2 | Vol+2 | RSI+1 | BTC+2 | FVG+1 | ChoCH+1 | BullWick+1 | Zone:FVG+1 | Sess:NEW_YORK | Strong1h+1 | QualityRisk:1.15,0,1,0.5,bear,1.0619,0.751,0.0,0.1793,2.201,1.0,0.1123,0.375,2988,0,1,0.534,0.923,1,1.194,1
XLMUSDT,3009,3061,1708891200,1708938900,LONG,SL,0.1164,0.11723808,0.1205904,0.1150032,-1.1980509020618575,-1.3621134020618573,0.16406249999999958,15,1.71,59.8,0.46666666666666173,0.002581761964056089,0.995699531664857,base,adaptive disabled,1.15,74.0,60,100,70,80,DEAD_ZONE,neutral,bullish,FVG,BOS bullish | Vol 1.7x | FVG | ChoCH | Zone:FVG | MTF 15 | Risk x1.15,BOS+2 | BodyStrong+1 | 1hN+1 | 4h+2 | Vol+1 | RSI+1 | BTC+2 | FVG+1 | ChoCH+1 | Zone:FVG+1 | Sess:DEAD_ZONE | NestedOB_1h+2 | QualityRisk:1.15,0,0,0.35,range,1.2887,0.358,0.0,-0.237,1.488,1.0,-0.209,0.984375,3009,21,2,1.44,0.288,1,1.44,4
LINKUSDT,3010,3061,1708892100,1708938900,LONG,SL,18.789,19.00445876,19.86629381,18.42990206,-0.9848897350956636,-1.0584686346293113,0.07357889953364778,15,1.34,64.08,0.5156576200417543,0.004340206895596625,1.2911082131874898,base,adaptive disabled,1.0,78.5,90,100,50,80,DEAD_ZONE,bullish,bullish,FVG,BOS bullish | Vol 1.3x | FVG | ChoCH | Engulfing | StrongTrend1h | Zone:FVG | MTF 15,BOS+2 | 1h+2 | 4h+2 | Vol+1 | RSI+1 | BTC+2 | FVG+1 | ChoCH+1 | Engulfing+1 | Zone:FVG+1 | Sess:DEAD_ZONE | Strong1h+1,0,1,0.525,bear,1.5539,0.3156,0.0,0.1177,1.186,-1.0,-0.0535,0.703125,3010,0,4,1.505,0.143,1,1.09,0
DOTUSDT,3011,3023,1708893000,1708904700,LONG,TRAIL,7.834,7.9336488,8.332244,7.66791867,0.37045304856302835,0.3173871801719214,0.053065868391106955,16,2.3,70.65,0.696551724137922,0.0041160836630199284,1.1826880391896317,base,adaptive disabled,1.15,90.5,90,100,90,80,DEAD_ZONE,bullish,bullish,FVG,BOS bullish | Vol 2.3x | FVG | ChoCH | Engulfing | StrongTrend1h | Zone:FVG | MTF 16 | Risk x1.15,BOS+2 | BodyStrong+1 | 1h+2 | 4h+2 | Vol+2 | BTC+2 | FVG+1 | ChoCH+1 | Engulfing+1 | Zone:FVG+1 | Sess:DEAD_ZONE | Strong1h+1 | QualityRisk:1.15,0,0,0.55,range,0.3974,1.1139,0.0,0.1972,1.211,1.0,0.253,0.5625,3009,0,3,2.477,0.676,1,0.45,0
ETHUSDT,3027,3061,1708907400,1708938900,LONG,SL,3117.79,3151.1532154,3284.60607699,3062.184641,-0.7920099931375273,-0.8761149262609695,0.08410493312344208,15,2.4,66.79,0.17785809396994562,0.005607347790950801,1.4858017709686895,base,adaptive disabled,1.0,80.7,90,81,70,80,OFF_HOURS,bullish,bullish,FVG,BOS bullish | Vol 2.4x | FVG | ChoCH | Engulfing | StrongTrend1h | Zone:FVG | MTF 15,BOS+2 | 1h+2 | 4h+2 | Vol+2 | RSI+1 | BTCok+1 | FVG+1 | ChoCH+1 | Engulfing+1 | Zone:FVG+1 | Sess:OFF_HOURS | Strong1h+1,0,0,0.45,range,1.218,0.2419,0.288,-0.0568,1.559,1.0,0.1666,0.75,3027,0,1,0.351,0.836,1,0.786,0
ETHUSDT,3087,3090,1708961400,1708965000,LONG,TRAIL,3112.36,3165.46802938,3377.90014691,3023.8466177,0.45210902832532834,0.3993651394501204,0.052743888875207916,16,2.05,64.37,0.4249058380414323,0.006120461569434608,1.7907815832304337,base,adaptive disabled,1.0,90.5,90,100,90,80,NEW_YORK,bullish,bullish,FVG,BOS bullish | Vol 2.0x | FVG | ChoCH | Session:NEW_YORK | StrongTrend1h | Zone:FVG | MTF 16,BOS+2 | BodyStrong+1 | 1h+2 | 4h+2 | Vol+2 | RSI+1 | BTC+2 | FVG+1 | ChoCH+1 | Zone:FVG+1 | Sess:NEW_YORK | Strong1h+1,0,0,0.625,bull,0.0086,1.0665,3.217,0.2395,1.504,1.0,0.4756,0.75,3087,1,4,2.269,0.356,1,2.713,0
ADAUSDT,3126,3130,1708996500,1709001000,LONG,TRAIL,0.6233,0.63073416,0.6604708,0.61090973,0.2122674381271772,0.16982208584671815,0.04244535228045904,16,1.65,66.48,0.47738693467336935,0.006046592686961623,1.117153806619756,base,adaptive disabled,1.15,78.5,90,100,50,80,OFF_HOURS,bullish,bullish,FVG,BOS bullish | Vol 1.6x | FVG | LiqSweep | ChoCH | Engulfing | StrongTrend1h | Zone:FVG | MTF 16 | Risk x1.15,BOS+2 | 1h+2 | 4h+2 | Vol+1 | RSI+1 | BTC+2 | FVG+1 | LiqSweep+1 | ChoCH+1 | Engulfing+1 | Zone:FVG+1 | Sess:OFF_HOURS | Strong1h+1 | QualityRisk:1.15,0,0,0.5,bull,0.0646,1.1568,0.0,0.2256,2.356,1.0,0.3899,0.421875,3126,0,1,0.456,4.559,0,1.033,3
AVAXUSDT,3126,3256,1708996500,1709114400,LONG,TRAIL,39.471,39.99511618,42.09158092,38.59747303,0.8290609451863642,0.7612822708770861,0.067778674309278,15,1.95,66.58,0.22700421940928223,0.006922677089243995,1.162915350854018,base,adaptive disabled,1.15,75.9,90,87,50,80,OFF_HOURS,bullish,bullish,FVG,BOS bullish | Vol 1.9x | FVG | ChoCH | Engulfing | StrongTrend1h | Zone:FVG | MTF 15 | Risk x1.15,BOS+2 | 1h+2 | 4h+2 | Vol+1 | RSI+1 | BTC+2 | FVG+1 | ChoCH+1 | Engulfing+1 | Zone:FVG+1 | Sess:OFF_HOURS | Strong1h+1 | QualityRisk:1.15,0,0,0.6,bull,1.3394,1.5416,0.849,0.2027,2.0,1.0,0.4327,0.75,3126,0,5,0.802,0.961,1,1.239,3
LINKUSDT,3130,3132,1709000100,1709002800,LONG,TRAIL,19.089,19.23994559,19.84372795,18.83742402,0.7902004407731115,0.6479298034888993,0.14227063728421224,14,1.3,61.64,0.21963824289405162,0.008863421184408214,1.6993837436954258,base,adaptive disabled,1.0,75.7,90,86,50,80,OFF_HOURS,bullish,bullish,FVG,BOS bullish | Vol 1.3x | FVG | ChoCH | StrongTrend1h | Zone:FVG | MTF 14,BOS+2 | 1h+2 | 4h+2 | Vol+1 | RSI+1 | BTC+2 | FVG+1 | ChoCH+1 | Zone:FVG+1 | Sess:OFF_HOURS | Strong1h+1,0,1,0.45,bear,0.1073,1.3979,1.349,-0.311,1.272,-1.0,-0.0761,0.9375,3130,2,2,0.42,1.004,1,2.439,1
XRPUSDT,3132,3161,1709001900,1709028900,LONG,TRAIL,0.5575,0.56490489,0.59452446,0.54515851,0.17594816078586653,0.13783358750500646,0.03811457328086007,14,2.91,71.78,0.6028368794326238,0.007053728025229067,1.7631113826267604,base,adaptive disabled,1.0,84.5,90,100,70,80,OFF_HOURS,bullish,bullish,FVG,BOS bullish | Vol 2.9x | FVG | ChoCH | StrongTrend1h | Zone:FVG | MTF 14,BOS+2 | 1h+2 | 4h+2 | Vol+2 | BTC+2 | FVG+1 | ChoCH+1 | Zone:FVG+1 | Sess:OFF_HOURS | Strong1h+1,0,0,0.425,range,0.6077,1.0128,0.0,-0.2612,2.194,-1.0,-0.0972,0.421875,3132,0,6,2.12,6.587,0,0.681,0
XLMUSDT,3147,3197,1709015400,1709061300,LONG,TRAIL,0.1194,0.12064606,0.12563028,0.11732324,0.6203829274744442,0.5557028488904965,0.06468007858394774,16,1.43,58.13,0.1578947368421122,0.004458396126184566,1.3107684622128692,base,adaptive disabled,1.15,80.1,90,78,70,80,OFF_HOURS,bullish,bullish,FVG,BOS bullish | Vol 1.4x | FVG | ChoCH | BullWick | StrongTrend1h | Zone:FVG | MTF 16 | Risk x1.15,BOS+2 | BodyStrong+1 | 1h+2 | 4h+2 | Vol+1 | RSI+1 | BTC+2 | FVG+1 | ChoCH+1 | BullWick+1 | Zone:FVG+1 | Sess:OFF_HOURS | Strong1h+1 | QualityRisk:1.15,0,0,0.45,bull,0.8186,1.5248,0.25,-0.1012,0.852,1.0,0.1162,0.5625,3147,12,1,0.629,3.985,0,0.839,0
LINKUSDT,3158,3163,1709025300,1709030700,LONG,TRAIL,19.15,19.31313377,19.96566885,18.87811038,0.8887899419070755,0.712707456669132,0.1760824852379435,15,1.45,58.51,0.21186440677966345,0.004820211346090077,1.2762848486436706,base,adaptive disabled,1.15,75.5,90,85,50,80,LONDON,bullish,bullish,FVG,BOS bullish | Vol 1.4x | FVG | ChoCH | BullWick | Session:LONDON | StrongTrend1h | Zone:FVG | MTF 15 | Risk x1.15,BOS+2 | 1h+2 | 4h+2 | Vol+1 | RSI+1 | BTC+2 | FVG+1 | ChoCH+1 | BullWick+1 | Zone:FVG+1 | Sess:LONDON | Strong1h+1 | QualityRisk:1.15,0,1,0.5,bear,0.0147,1.1647,0.0,0.1481,1.535,-1.0,-0.1896,1.25,3158,0,1,0.37,0.858,1,0.93,2
ADAUSDT,3159,3177,1709026200,1709043300,LONG,TRAIL,0.6219,0.62795754,0.65218771,0.6118041,0.8061036842506011,0.667505342349434,0.13859834190116715,16,2.75,55.96,0.35570469798657467,0.005887604413077635,1.299057859638604,base,adaptive disabled,1.15,84.5,90,100,70,80,LONDON,bullish,bullish,FVG,BOS bullish | Vol 2.8x | FVG | LiqSweep | ChoCH | Session:LONDON | StrongTrend1h | Zone:FVG | MTF 16 | Risk x1.15,BOS+2 | 1h+2 | 4h+2 | Vol+2 | RSI+1 | BTC+2 | FVG+1 | LiqSweep+1 | ChoCH+1 | Zone:FVG+1 | Sess:LONDON | Strong1h+1 | QualityRisk:1.15,0,1,0.65,bear,0.4754,1.073,0.0,-0.1471,1.485,-1.0,-0.1789,1.125,3159,0,1,0.637,2.427,0,0.667,3
XRPUSDT,3160,3183,1709027100,1709048700,LONG,TRAIL,0.5618,0.57043084,0.60495422,0.54741526,0.24433334650115984,0.20039616028854842,0.0439371862126114,15,1.82,65.67,0.4859813084112164,0.007168790747810436,1.9099706781508743,base,adaptive disabled,1.15,82.5,90,90,70,80,LONDON,bullish,bullish,FVG,BOS bullish | Vol 1.8x | FVG | ChoCH | Session:LONDON | StrongTrend1h | Zone:FVG | MTF 15 | Risk x1.15,BOS+2 | BodyStrong+1 | 1h+2 | 4h+2 | Vol+1 | RSI+1 | BTC+2 | FVG+1 | ChoCH+1 | Zone:FVG+1 | Sess:LONDON | Strong1h+1 | RelStrengthRisk:1.15,0,0,0.45,range,0.5353,1.008,0.0,0.2605,1.471,1.0,0.058,0.5625,3160,0,3,2.67,4.952,0,1.315,0
BTCUSDT,3162,3201,1709028900,1709064900,LONG,TRAIL,56461.3,57641.4,59651.60484388,55397.86505204,0.36546380869101547,0.32066631358669656,0.04479749510431891,18,2.66,66.96,0.3970860500684229,0.004469012539872606,1.19529834486902,base,adaptive disabled,1.15,90.5,90,100,90,80,LONDON,bullish,bullish,FVG,BOS bullish | Vol 2.7x | FVG | ChoCH | Session:LONDON | StrongTrend1h | Zone:FVG | MTF 18 | Risk x1.15,BOS+2 | BodyStrong+1 | 1h+2 | 4h+2 | Vol+2 | RSI+1 | BTC+2 | FVG+1 | ChoCH+1 | Zone:FVG+1 | Sess:LONDON | Strong1h+1 | NestedOB_1h+2 | QualityRisk:1.15,0,0,0.575,range,0.2467,1.0319,1.972,0.2346,2.113,1.0,0.1462,0.421875,3159,0,1,0.906,3.508,1,1.317,1
AAVEUSDT,3171,3246,1709037000,1709105400,LONG,TRAIL,103.98,106.160522,114.88260999,100.34579667,1.3442233970948911,1.2548124669695258,0.0894109301253652,17,2.81,62.21,0.31328320802005166,0.01122565895786816,2.0361769818510975,base,adaptive disabled,1.15,87.9,90,87,90,80,OVERLAP,bullish,bullish,FVG,BOS bullish | Vol 2.8x | FVG | ChoCH | BullWick | Session:OVERLAP | StrongTrend1h | Zone:FVG | MTF 17 | Risk x1.15,BOS+2 | BodyStrong+1 | 1h+2 | 4h+2 | Vol+2 | RSI+1 | BTC+2 | FVG+1 | ChoCH+1 | BullWick+1 | Zone:FVG+1 | Sess:OVERLAP | Strong1h+1 | QualityRisk:1.15,0,0,0.575,bull,0.6549,1.2474,0.791,0.3353,2.04,1.0,0.3724,1.5625,3169,0,1,1.187,0.252,1,2.151,2
SUIUSDT,3175,3186,1709040600,1709051400,SHORT,TRAIL,1.6355,1.60119272,1.46396362,1.69267879,1.155015952231091,1.0611614936984777,0.09385445853261318,13,1.46,33.99,0.5137254901960798,0.01111106286056584,1.7777700577973776,base,adaptive disabled,1.15,68.0,60,100,50,80,NEW_YORK,neutral,bearish,FVG,BOS bearish | Vol 1.5x | FVG | LiqSweep | ChoCH | Engulfing | Session:NEW_YORK | Zone:FVG | MTF 13 | Risk x1.15,BOS+2 | 1hN+1 | 4h+2 | Vol+1 | RSI+1 | BTCok+1 | FVG+1 | LiqSweep+1 | ChoCH+1 | Engulfing+1 | Zone:FVG+1 | Sess:NEW_YORK | QualityRisk:1.15,0,0,0.475,range,0.0787,1.5332,0.0,-0.0031,1.948,1.0,-0.1972,1.640625,3175,0,1,1.393,0.855,1,0.676,0
DOTUSDT,3182,3199,1709046900,1709063100,LONG,TRAIL,8.118,8.2185966,8.62098302,7.95033899,0.4463773952184507,0.37374870235777935,0.07262869286067138,17,2.0,55.18,0.16799999999999807,0.010192549842308904,2.1736953663971064,base,adaptive disabled,1.15,84.5,90,70,90,80,NEW_YORK,bullish,bullish,FVG,BOS bullish | Vol 2.0x | FVG | MACD_Div | ChoCH | BullWick | Session:NEW_YORK | StrongTrend1h | Zone:FVG | MTF 17 | Risk x1.15,BOS+2 | BodyStrong+1 | 1h+2 | 4h+2 | Vol+2 | RSI+1 | BTCok+1 | FVG+1 | MACD_Div+1 | ChoCH+1 | BullWick+1 | Zone:FVG+1 | Sess:NEW_YORK | Strong1h+1 | QualityRisk:1.15,0,0,0.55,range,0.7217,1.0338,0.0,0.2934,1.616,1.0,0.2686,0.75,3179,20,3,0.099,0.033,1,1.533,0
BTCUSDT,3200,3248,1709063100,1709107200,LONG,TRAIL,57223.6,58026.48010429,61238.00052145,55885.46649285,0.25089901136796244,0.2268444048372915,0.024054606530670944,14,1.72,60.82,0.22962962962962707,0.005375064700629626,1.1889058644737927,base,adaptive disabled,1.15,75.9,90,87,50,80,DEAD_ZONE,bullish,bullish,FVG,BOS bullish | Vol 1.7x | FVG | ChoCH | StrongTrend1h | Zone:FVG | MTF 14 | Risk x1.15,BOS+2 | 1h+2 | 4h+2 | Vol+1 | RSI+1 | BTC+2 | FVG+1 | ChoCH+1 | Zone:FVG+1 | Sess:DEAD_ZONE | Strong1h+1 | QualityRisk:1.15,0,0,0.45,range,0.4959,1.001,3.053,-0.0065,1.185,1.0,0.0407,0.28125,3200,0,1,0.432,0.359,1,0.968,3
ADAUSDT,3202,3250,1709064900,1709109000,LONG,TRAIL,0.6204,0.63105092,0.67365458,0.60264847,0.38274357206074494,0.35325526879899793,0.029488303261747083,16,1.4,59.35,0.4626865671641803,0.007877064070919808,1.2905947608795647,base,adaptive disabled,1.15,84.5,90,100,70,80,DEAD_ZONE,bullish,bullish,FVG,BOS bullish | Vol 1.4x | FVG | LiqSweep | ChoCH | StrongTrend1h | Zone:FVG | MTF 16 | Risk x1.15,BOS+2 | BodyStrong+1 | 1h+2 | 4h+2 | Vol+1 | RSI+1 | BTC+2 | FVG+1 | LiqSweep+1 | ChoCH+1 | Zone:FVG+1 | Sess:DEAD_ZONE | Strong1h+1 | QualityRisk:1.15,0,0,0.475,range,0.2929,1.3051,0.0,-0.0724,1.301,1.0,-0.157,0.421875,3197,0,3,1.347,0.842,1,0.968,0
DOTUSDT,3210,3261,1709072100,1709118900,LONG,TRAIL,8.366,8.541686,9.24443,8.07319,0.5273182099680351,0.48446106711089215,0.042857142857142955,16,2.02,71.4,0.5810055865921755,0.00651464098112822,1.0373607727135996,base,adaptive disabled,1.15,90.5,90,100,90,80,DEAD_ZONE,bullish,bullish,FVG,BOS bullish | Vol 2.0x | FVG | ChoCH | Engulfing | StrongTrend1h | Zone:FVG | MTF 16 | Risk x1.15,BOS+2 | BodyStrong+1 | 1h+2 | 4h+2 | Vol+2 | BTC+2 | FVG+1 | ChoCH+1 | Engulfing+1 | Zone:FVG+1 | Sess:DEAD_ZONE | Strong1h+1 | QualityRisk:1.15,0,0,0.475,bull,0.543,1.2067,1.778,0.3815,1.359,1.0,0.3926,0.75,3210,0,1,1.188,-1.0,0,1.578,3
AAVEUSDT,3235,3246,1709094600,1709105400,LONG,TRAIL,105.02,106.31136773,111.47683867,102.86772044,0.7273756791330881,0.6541835144497974,0.07319216468329061,21,1.35,58.83,0.27756653992395486,0.006138181937107378,1.0123128623270805,base,adaptive disabled,1.15,86.1,90,93,80,80,OFF_HOURS,bullish,bullish,OB,BOS bullish | Vol 1.4x | FVG | OB | LiqSweep | ChoCH | BullWick | StrongTrend1h | Zone:OB | 💎PREMIUM | MTF 21 | Risk x1.15,BOS+2 | BodyStrong+1 | 1h+2 | 4h+2 | Vol+1 | RSI+1 | BTC+2 | FVG+1 | OB+1 | LiqSweep+1 | ChoCH+1 | BullWick+1 | Zone:OB+1 | Sess:OFF_HOURS | Strong1h+1 | 💎Premium+3 | QualityRisk:1.15,1,1,0.45,bear,0.223,1.3009,0.0,-0.0118,1.314,1.0,0.135,0.75,3235,20,1,0.791,0.933,1,1.028,3
AAVEUSDT,3248,3285,1709106300,1709140500,LONG,TRAIL,106.16,108.16804457,116.20022287,102.81325904,0.0,-0.03568546279124044,0.03568546279124044,14,1.6,68.3,0.6838905775076064,0.00911290178508154,1.5029055483664584,base,adaptive disabled,1.15,78.5,90,100,50,80,LONDON,bullish,bullish,FVG,BOS bullish | Vol 1.6x | FVG | ChoCH | BullWick | Session:LONDON | StrongTrend1h | Zone:FVG | MTF 14 | Risk x1.15,BOS+2 | 1h+2 | 4h+2 | Vol+1 | BTC+2 | FVG+1 | ChoCH+1 | BullWick+1 | Zone:FVG+1 | Sess:LONDON | Strong1h+1 | QualityRisk:1.15,0,0,0.525,bull,0.6992,1.3297,10.0,0.2997,1.863,1.0,0.1771,0.5625,3247,1,5,2.068,-1.0,0,1.5,1
SOLUSDT,3249,3256,1709107200,1709114400,LONG,TRAIL,109.45,111.07165863,117.55829313,106.74723562,1.0814365069582528,0.9917451338473271,0.08969137311092562,14,4.17,70.38,0.451612903225807,0.0060765508279144115,1.3499863737293418,base,adaptive disabled,1.15,80.0,60,100,90,80,LONDON,neutral,bullish,FVG,BOS bullish | Vol 4.2x | FVG | ChoCH | BullWick | Session:LONDON | Zone:FVG | MTF 14 | Risk x1.15,BOS+2 | BodyStrong+1 | 1hN+1 | 4h+2 | Vol+2 | BTC+2 | FVG+1 | ChoCH+1 | BullWick+1 | Zone:FVG+1 | Sess:LONDON | QualityRisk:1.15,0,0,0.65,range,0.0666,1.5046,1.217,0.3458,2.923,1.0,0.5772,1.107421875,3248,0,2,1.839,3.998,0,1.877,0
DOTUSDT,3250,3256,1709108100,1709114400,LONG,TRAIL,8.352,8.4660046,8.922023,8.16199233,0.8442701658626083,0.7515502246097104,0.09271994125289787,17,2.65,62.49,0.4000000000000041,0.00829900989286774,1.6709347967427433,base,adaptive disabled,1.0,84.5,90,100,70,80,LONDON,bullish,bullish,FVG,BOS bullish | Vol 2.6x | FVG | LiqSweep | MACD_Div | ChoCH | Session:LONDON | StrongTrend1h | Zone:FVG | MTF 17,BOS+2 | 1h+2 | 4h+2 | Vol+2 | RSI+1 | BTC+2 | FVG+1 | LiqSweep+1 | MACD_Div+1 | ChoCH+1 | Zone:FVG+1 | Sess:LONDON | Strong1h+1,0,1,0.4,bear,0.0895,1.1228,0.0,0.2454,1.457,1.0,0.4735,1.0546875,3249,0,2,1.355,1.689,1,2.133,6
XRPUSDT,3252,3283,1709109900,1709138700,LONG,TRAIL,0.5864,0.59505883,0.62969413,0.57196862,1.0080667301143151,0.9166409621004453,0.09142576801386983,16,2.05,67.78,1.0,0.008569137971197937,1.670981904669234,base,adaptive disabled,1.0,84.5,90,100,70,80,LONDON,bullish,bullish,FVG,BOS bullish | Vol 2.0x | FVG | MACD_Div | ChoCH | Session:LONDON | StrongTrend1h | Zone:FVG | MTF 16,BOS+2 | 1h+2 | 4h+2 | Vol+2 | RSI+1 | BTC+2 | FVG+1 | MACD_Div+1 | ChoCH+1 | Zone:FVG+1 | Sess:LONDON | Strong1h+1,0,1,0.425,bear,0.7761,1.3397,0.0,0.1623,1.714,1.0,0.6451,1.125,3252,0,4,1.807,0.583,1,1.603,11
AVAXUSDT,3257,3283,1709114400,1709138700,LONG,TRAIL,40.081,40.80423371,43.69716856,38.87561048,0.9491112348377395,0.8742953778025798,0.07481585703515964,13,2.25,71.28,0.5846242111302306,0.010144252706422106,2.4709761390606633,base,adaptive disabled,1.15,82.5,90,90,70,80,LONDON,bullish,bullish,FVG,BOS bullish | Vol 2.2x | FVG | ChoCH | Session:LONDON | StrongTrend1h | Zone:FVG | MTF 13 | Risk x1.15,BOS+2 | 1h+2 | 4h+2 | Vol+2 | BTCok+1 | FVG+1 | ChoCH+1 | Zone:FVG+1 | Sess:LONDON | Strong1h+1 | RelStrengthRisk:1.15,0,0,0.475,bull,0.7483,1.0577,0.0,0.1703,1.58,1.0,0.235,1.125,3256,0,1,1.358,-1.0,0,1.109,0
XLMUSDT,3263,3278,1709119800,1709134200,LONG,TRAIL,0.1224,0.12370607,0.12893037,0.12022321,1.1966300590919998,0.9998265089103101,0.19680355018168974,17,1.56,51.43,0.1851851851851867,0.007057656264257098,1.7206565986374098,base,adaptive disabled,1.15,83.9,90,82,80,80,OVERLAP,bullish,bullish,OB,BOS bullish | Vol 1.6x | FVG | OB | ChoCH | Session:OVERLAP | StrongTrend1h | Zone:OB | MTF 17 | Risk x1.15,BOS+2 | BodyStrong+1 | 1h+2 | 4h+2 | Vol+1 | RSI+1 | BTCok+1 | FVG+1 | OB+1 | ChoCH+1 | Zone:OB+1 | Sess:OVERLAP | Strong1h+1 | NestedOB_1h+2 | QualityRisk:1.15,0,0,0.525,bull,0.8269,1.0719,0.833,0.2183,0.748,1.0,0.1553,1.75,3263,10,2,0.867,2.08,1,3.641,0
LINKUSDT,3274,3278,1709129700,1709134200,LONG,TRAIL,19.627,20.039167,21.687835,18.940055,1.3857501098233034,1.2741429669661601,0.1116071428571432,17,3.73,59.86,0.3285816108339299,0.0368284335207095,7.1543882169087505,base,adaptive disabled,1.25,86.3,90,79,90,80,NEW_YORK,bullish,bullish,FVG,BOS bullish | Vol 3.7x | FVG | ChoCH | Engulfing | Session:NEW_YORK | StrongTrend1h | Zone:FVG | MTF 17 | Risk x1.25,BOS+2 | BodyStrong+1 | 1h+2 | 4h+2 | Vol+2 | RSI+1 | BTC+2 | FVG+1 | ChoCH+1 | Engulfing+1 | Zone:FVG+1 | Sess:NEW_YORK | Strong1h+1 | QualityRisk:1.15 | RelStrengthRisk:1.25,0,0,0.5,bull,0.2722,1.1233,0.0,-0.216,1.88,1.0,0.2105,1.953125,3274,0,1,0.193,-1.0,0,1.105,0
AVAXUSDT,3283,3286,1709137800,1709141400,LONG,SL,40.788,41.644548,45.07074,39.36042,-1.5918547471945523,-1.6632833186231237,0.07142857142857148,15,1.94,66.51,0.478478478478477,0.011762847605845353,1.5234568056407676,base,adaptive disabled,1.0,78.5,90,100,50,80,NEW_YORK,bullish,bullish,FVG,BOS bullish | Vol 1.9x | FVG | ChoCH | Engulfing | Session:NEW_YORK | StrongTrend1h | Zone:FVG | MTF 15,BOS+2 | 1h+2 | 4h+2 | Vol+1 | RSI+1 | BTC+2 | FVG+1 | ChoCH+1 | Engulfing+1 | Zone:FVG+1 | Sess:NEW_YORK | Strong1h+1,0,1,0.525,bear,3.4611,0.6935,0.0,0.0363,2.434,-1.0,-0.0076,1.25,3283,0,1,0.977,-1.0,0,0.74,0
AAVEUSDT,3284,3286,1709138700,1709141400,LONG,SL,106.91,109.15511,118.13555,103.16815,-0.77769017999118,-0.8205473228483229,0.042857142857142864,15,1.92,62.25,0.5762711864406779,0.00762727078628784,0.9245465622432849,base,adaptive disabled,1.15,78.5,90,100,50,80,NEW_YORK,bullish,bullish,FVG,BOS bullish | Vol 1.9x | FVG | ChoCH | BullWick | Session:NEW_YORK | StrongTrend1h | Zone:FVG | MTF 15 | Risk x1.15,BOS+2 | 1h+2 | 4h+2 | Vol+1 | RSI+1 | BTC+2 | FVG+1 | ChoCH+1 | BullWick+1 | Zone:FVG+1 | Sess:NEW_YORK | Strong1h+1 | QualityRisk:1.15,0,0,0.5,range,2.6431,0.8552,10.0,0.2797,1.953,1.0,0.3864,0.75,3284,1,2,0.961,0.235,1,2.219,4
XLMUSDT,3285,3286,1709139600,1709141400,LONG,SL,0.1235,0.12567197,0.13435986,0.11988005,-1.1049876379508023,-1.1732206245942642,0.06823298664346199,14,1.88,70.56,0.5624999999999992,0.0067036239050935545,1.3675392777563482,base,adaptive disabled,1.0,84.5,90,100,70,80,NEW_YORK,bullish,bullish,FVG,BOS bullish | Vol 1.9x | FVG | ChoCH | Session:NEW_YORK | StrongTrend1h | Zone:FVG | MTF 14,BOS+2 | BodyStrong+1 | 1h+2 | 4h+2 | Vol+1 | BTC+2 | FVG+1 | ChoCH+1 | Zone:FVG+1 | Sess:NEW_YORK | Strong1h+1,0,0,0.425,range,2.8453,0.8287,1.385,0.1858,1.13,1.0,0.5582,1.0,3284,2,1,1.111,-1.0,0,4.306,6
XRPUSDT,3285,3286,1709139600,1709141400,LONG,SL,0.5946,0.6070866,0.657033,0.573789,-0.9874585555715709,-1.0303156984287138,0.04285714285714281,14,1.38,68.4,0.5317073170731699,0.009451162955531122,1.458961102805167,base,adaptive disabled,1.0,78.5,90,100,50,80,NEW_YORK,bullish,bullish,FVG,BOS bullish | Vol 1.4x | FVG | ChoCH | BullWick | Session:NEW_YORK | StrongTrend1h | Zone:FVG | MTF 14,BOS+2 | 1h+2 | 4h+2 | Vol+1 | BTC+2 | FVG+1 | ChoCH+1 | BullWick+1 | Zone:FVG+1 | Sess:NEW_YORK | Strong1h+1,0,0,0.35,range,3.5126,0.961,5.737,0.1781,1.327,1.0,0.0307,0.75,3283,0,1,1.518,-1.0,0,4.359,2
ETHUSDT,3286,3297,1709140500,1709151300,LONG,SL,3382.35,3453.37935,3737.49675,3263.96775,-1.0282791550253514,-1.0854220121682085,0.05714285714285709,15,1.47,67.22,0.35789473684210554,0.007092263966150367,1.2384039012869346,base,adaptive disabled,1.0,78.5,90,100,50,80,NEW_YORK,bullish,bullish,FVG,BOS bullish | Vol 1.5x | FVG | ChoCH | Engulfing | Session:NEW_YORK | StrongTrend1h | Zone:FVG | MTF 15,BOS+2 | 1h+2 | 4h+2 | Vol+1 | RSI+1 | BTC+2 | FVG+1 | ChoCH+1 | Engulfing+1 | Zone:FVG+1 | Sess:NEW_YORK | Strong1h+1,0,0,0.575,bull,1.9075,0.6894,1.141,0.0457,1.947,1.0,0.2123,1.0,3283,0,1,0.281,-1.0,0,11.721,0
ADAUSDT,3318,3333,1709169300,1709183700,LONG,TRAIL,0.6437,0.6572177,0.7112885,0.6211705,0.4700142079245378,0.4323467972102522,0.03766741071428557,17,2.13,63.12,0.4016172506738573,0.01124659688390868,1.0973952112669387,base,adaptive disabled,1.25,90.5,90,100,90,80,OFF_HOURS,bullish,bullish,FVG,BOS bullish | Vol 2.1x | FVG | LiqSweep | ChoCH | StrongTrend1h | Zone:FVG | MTF 17 | Risk x1.25,BOS+2 | BodyStrong+1 | 1h+2 | 4h+2 | Vol+2 | RSI+1 | BTC+2 | FVG+1 | LiqSweep+1 | ChoCH+1 | Zone:FVG+1 | Sess:OFF_HOURS | Strong1h+1 | QualityRisk:1.15 | RelStrengthRisk:1.25,0,0,0.525,range,0.3773,1.1023,0.866,0.2192,1.507,1.0,0.1587,0.6591796875,3318,36,3,1.605,0.295,1,0.942,1
SOLUSDT,3318,3321,1709169300,1709172900,LONG,TRAIL,121.17,123.71457,133.89285,116.92905,0.4239732991155552,0.3938393705441266,0.030133928571428586,15,1.38,67.65,0.48036758563074244,0.024176329412664854,1.7109175558757925,base,adaptive disabled,1.25,84.5,90,100,70,80,OFF_HOURS,bullish,bullish,FVG,BOS bullish | Vol 1.4x | FVG | ChoCH | StrongTrend1h | Zone:FVG | MTF 15 | Risk x1.25,BOS+2 | BodyStrong+1 | 1h+2 | 4h+2 | Vol+1 | RSI+1 | BTC+2 | FVG+1 | ChoCH+1 | Zone:FVG+1 | Sess:OFF_HOURS | Strong1h+1 | QualityRisk:1.15 | RelStrengthRisk:1.25,0,0,0.575,bull,0.0,1.2969,1.127,0.2898,1.292,1.0,0.2351,0.52734375,3317,0,5,1.873,-1.0,0,0.639,1
BTCUSDT,3332,3523,1709181900,1709354700,LONG,EXPIRED,62167.0,64480.3,66774.00908017,60631.33030661,0.0,-0.01707834909934594,0.01707834909934594,17,3.29,66.35,0.5744913694473481,0.007994953936502373,1.002749809581197,base,adaptive disabled,1.15,90.5,90,100,90,80,OFF_HOURS,bullish,bullish,FVG,BOS bullish | Vol 3.3x | FVG | ChoCH | Engulfing | StrongTrend1h | Zone:FVG | MTF 17 | Risk x1.15,BOS+2 | BodyStrong+1 | 1h+2 | 4h+2 | Vol+2 | RSI+1 | BTC+2 | FVG+1 | ChoCH+1 | Engulfing+1 | Zone:FVG+1 | Sess:OFF_HOURS | Strong1h+1 | QualityRisk:1.15,0,0,0.6,range,1.1415,0.6771,0.0,0.0378,2.387,-1.0,-0.0981,0.2109375,3332,0,1,1.645,0.428,1,0.987,3
XRPUSDT,3332,3339,1709181900,1709189100,LONG,TRAIL,0.5903,0.6026963,0.6522815,0.5696395,0.5093382154581084,0.47719535831525134,0.03214285714285702,14,1.53,66.78,0.46953405017921274,0.008129137244216196,1.063254201104404,base,adaptive disabled,1.15,78.5,90,100,50,80,OFF_HOURS,bullish,bullish,FVG,BOS bullish | Vol 1.5x | FVG | ChoCH | StrongTrend1h | Zone:FVG | MTF 14 | Risk x1.15,BOS+2 | 1h+2 | 4h+2 | Vol+1 | RSI+1 | BTC+2 | FVG+1 | ChoCH+1 | Zone:FVG+1 | Sess:OFF_HOURS | Strong1h+1 | QualityRisk:1.15,0,0,0.55,bull,0.0194,1.444,3.97,0.2074,1.721,1.0,0.4595,0.5625,3332,0,4,1.715,0.239,1,1.563,3
LINKUSDT,3335,3341,1709184600,1709190900,LONG,TRAIL,19.812,20.14487449,21.47637246,19.25720918,0.41826260588400055,0.36804435425539583,0.05021825162860474,15,1.35,63.02,0.5008787346221389,0.007932269544406212,1.0298903911818997,base,adaptive disabled,1.15,78.5,90,100,50,80,OFF_HOURS,bullish,bullish,FVG,BOS bullish | Vol 1.4x | FVG | ChoCH | BullWick | StrongTrend1h | Zone:FVG | MTF 15 | Risk x1.15,BOS+2 | 1h+2 | 4h+2 | Vol+1 | RSI+1 | BTC+2 | FVG+1 | ChoCH+1 | BullWick+1 | Zone:FVG+1 | Sess:OFF_HOURS | Strong1h+1 | QualityRisk:1.15,0,1,0.7,bear,0.1081,1.0665,0.0,0.2444,1.437,1.0,0.1047,0.703125,3335,1,3,0.659,7.393,0,0.686,0
AAVEUSDT,3341,3344,1709190000,1709193600,LONG,TRAIL,107.01,108.57739982,114.84699911,104.39766696,2.3785874220640753,2.2249747341504396,0.15361268791363542,15,6.08,62.03,0.2506887052341611,0.008428074893178239,1.0836839507720608,base,adaptive disabled,1.15,82.5,90,90,70,80,LONDON,bullish,bullish,FVG,BOS bullish | Vol 6.1x | FVG | ChoCH | BullWick | Session:LONDON | StrongTrend1h | Zone:FVG | MTF 15 | Risk x1.15,BOS+2 | 1h+2 | 4h+2 | Vol+2 | RSI+1 | BTCok+1 | FVG+1 | ChoCH+1 | BullWick+1 | Zone:FVG+1 | Sess:LONDON | Strong1h+1 | QualityRisk:1.15,0,0,0.4,bull,0.0421,1.0655,4.789,0.4066,4.924,1.0,0.4505,1.875,3341,0,1,0.486,0.611,1,1.533,3
XRPUSDT,3369,3378,1709215200,1709224200,LONG,TRAIL,0.6015,0.61176797,0.65283985,0.58438672,1.8692891096214552,1.7814187539678343,0.08787035565362102,15,1.68,60.88,0.13868613138686292,0.012905513770153925,1.5903986333965205,base,adaptive disabled,1.15,73.7,90,76,50,80,NEW_YORK,bullish,bullish,FVG,BOS bullish | Vol 1.7x | FVG | ChoCH | Engulfing | Session:NEW_YORK | StrongTrend1h | Zone:FVG | MTF 15 | Risk x1.15,BOS+2 | 1h+2 | 4h+2 | Vol+1 | RSI+1 | BTC+2 | FVG+1 | ChoCH+1 | Engulfing+1 | Zone:FVG+1 | Sess:NEW_YORK | Strong1h+1 | RelStrengthRisk:1.15,0,0,0.375,bull,0.1987,1.8991,1.407,-0.0443,1.148,1.0,0.1265,1.25,3368,0,1,0.277,0.628,1,1.09,0
SOLUSDT,3371,3386,1709217000,1709231400,LONG,SL,131.85,134.61885,145.69425,127.23525,-0.9507557289127238,-1.0043271574841524,0.05357142857142856,15,1.45,66.84,0.2704663212435254,0.01730450752502692,1.5193357606985936,base,adaptive disabled,1.15,82.9,90,92,70,80,NEW_YORK,bullish,bullish,FVG,BOS bullish | Vol 1.4x | FVG | ChoCH | Session:NEW_YORK | StrongTrend1h | Zone:FVG | MTF 15 | Risk x1.15,BOS+2 | BodyStrong+1 | 1h+2 | 4h+2 | Vol+1 | RSI+1 | BTC+2 | FVG+1 | ChoCH+1 | Zone:FVG+1 | Sess:NEW_YORK | Strong1h+1 | QualityRisk:1.15,0,1,0.575,bear,1.1593,0.4767,0.0,0.006,1.045,-1.0,-0.2599,0.9375,3368,0,3,0.997,0.21,1,1.119,0
SUIUSDT,3408,3413,1709250300,1709255700,LONG,TRAIL,1.6704,1.7054784,1.845792,1.611936,0.6846681403236158,0.6310967117521873,0.053571428571428506,15,1.91,54.86,0.1312403499742669,0.016950832079033164,1.3898851382497008,base,adaptive disabled,1.15,79.5,90,75,70,80,DEAD_ZONE,bullish,bullish,FVG,BOS bullish | Vol 1.9x | FVG | LiqSweep | ChoCH | StrongTrend1h | Zone:FVG | MTF 15 | Risk x1.15,BOS+2 | BodyStrong+1 | 1h+2 | 4h+2 | Vol+1 | RSI+1 | BTCok+1 | FVG+1 | LiqSweep+1 | ChoCH+1 | Zone:FVG+1 | Sess:DEAD_ZONE | Strong1h+1 | QualityRisk:1.15,0,0,0.5,range,0.1488,1.1403,0.0,0.0817,1.683,-1.0,-0.1945,0.9375,3408,0,1,0.616,0.143,1,0.93,0
SOLUSDT,3413,3416,1709254800,1709258400,LONG,TRAIL,131.75,134.51675,145.58375,127.13875,0.8518170984291404,0.811638527000569,0.040178571428571445,15,2.92,62.1,0.7419354838709674,0.02488701576605924,1.6151919638281376,base,adaptive disabled,1.15,84.5,90,100,70,80,OFF_HOURS,bullish,bullish,FVG,BOS bullish | Vol 2.9x | FVG | LiqSweep | ChoCH | StrongTrend1h | Zone:FVG | MTF 15 | Risk x1.15,BOS+2 | 1h+2 | 4h+2 | Vol+2 | RSI+1 | BTCok+1 | FVG+1 | LiqSweep+1 | ChoCH+1 | Zone:FVG+1 | Sess:OFF_HOURS | Strong1h+1 | QualityRisk:1.15,0,1,0.575,bear,0.0304,1.8252,0.0,0.0157,1.781,1.0,0.0869,0.703125,3413,0,1,0.005,0.541,1,0.679,0
SUIUSDT,3434,3509,1709273700,1709342100,LONG,SL,1.7122,1.7481562,1.891981,1.652273,-0.7685131493316876,-0.8086917207602592,0.04017857142857153,14,2.26,64.37,0.5651162790697652,0.01614798717426338,1.371763354986149,base,adaptive disabled,1.25,84.5,90,100,70,80,OFF_HOURS,bullish,bullish,FVG,BOS bullish | Vol 2.3x | FVG | ChoCH | StrongTrend1h | Zone:FVG | MTF 14 | Risk x1.25,BOS+2 | 1h+2 | 4h+2 | Vol+2 | RSI+1 | BTCok+1 | FVG+1 | ChoCH+1 | Zone:FVG+1 | Sess:OFF_HOURS | Strong1h+1 | QualityRisk:1.15 | RelStrengthRisk:1.25,0,0,0.475,bull,1.2949,0.47,10.0,0.1246,1.994,1.0,0.1131,0.703125,3430,1,2,0.237,0.19,1,2.018,0
ADAUSDT,3445,3453,1709283600,1709291700,LONG,TRAIL,0.6764,0.68841908,0.7364954,0.6563682,1.218631479976084,1.0999217908817442,0.11870968909433974,17,2.17,58.77,0.32283464566929243,0.011303164259900267,1.26878018836219,base,adaptive disabled,1.25,90.1,90,98,90,80,LONDON,bullish,bullish,FVG,BOS bullish | Vol 2.2x | FVG | LiqSweep | ChoCH | Session:LONDON | StrongTrend1h | Zone:FVG | MTF 17 | Risk x1.25,BOS+2 | BodyStrong+1 | 1h+2 | 4h+2 | Vol+2 | RSI+1 | BTC+2 | FVG+1 | LiqSweep+1 | ChoCH+1 | Zone:FVG+1 | Sess:LONDON | Strong1h+1 | QualityRisk:1.15 | RelStrengthRisk:1.25,0,1,0.55,bear,0.0349,1.065,0.0,0.0781,1.375,1.0,0.1182,1.7578125,3445,24,2,0.852,1.278,1,0.479,1
LINKUSDT,3446,3507,1709284500,1709340300,LONG,TRAIL,19.919,20.21139509,21.38097544,19.43167485,1.0034950079320903,0.8885364684436196,0.11495853948847083,16,2.65,65.26,0.3114754098360647,0.0059948439277531735,1.046367892359324,base,adaptive disabled,1.15,89.9,90,97,90,80,LONDON,bullish,bullish,FVG,BOS bullish | Vol 2.6x | FVG | ChoCH | Session:LONDON | StrongTrend1h | Zone:FVG | MTF 16 | Risk x1.15,BOS+2 | BodyStrong+1 | 1h+2 | 4h+2 | Vol+2 | RSI+1 | BTC+2 | FVG+1 | ChoCH+1 | Zone:FVG+1 | Sess:LONDON | Strong1h+1 | QualityRisk:1.15,0,0,0.525,bull,0.6874,1.0568,0.673,0.2815,3.628,1.0,0.5463,1.40625,3444,0,1,1.068,4.122,0,0.979,7
XLMUSDT,3448,3501,1709286300,1709334900,LONG,TRAIL,0.1249,0.12638683,0.13233415,0.12242195,2.0083848448380035,1.8067747078351177,0.2016101370028857,17,2.06,65.93,0.48148148148148606,0.003735904609140009,0.7720869531782483,base,adaptive disabled,1.0,78.0,60,90,90,80,LONDON,neutral,bullish,FVG,BOS bullish | Vol 2.1x | FVG | ChoCH | Engulfing | Session:LONDON | Zone:FVG | MTF 17,BOS+2 | BodyStrong+1 | 1hN+1 | 4h+2 | Vol+2 | RSI+1 | BTC+2 | FVG+1 | ChoCH+1 | Engulfing+1 | Zone:FVG+1 | Sess:LONDON | NestedOB_1h+2,0,0,0.55,range,0.4439,1.2779,0.0,0.1537,2.973,1.0,0.3435,2.0,3448,0,2,1.038,0.173,1,1.038,4
AAVEUSDT,3460,3471,1709297100,1709307900,LONG,SL,109.48,110.71657943,115.66289716,107.41903428,-1.910512126324936,-2.0964346752938727,0.1859225489689369,17,1.48,54.04,0.2170542635658913,0.006205718899523327,1.08630108413852,base,adaptive disabled,1.15,81.7,90,86,70,80,OVERLAP,bullish,bullish,FVG,BOS bullish | Vol 1.5x | FVG | LiqSweep | ChoCH | BullWick | Session:OVERLAP | StrongTrend1h | Zone:FVG | MTF 17 | Risk x1.15,BOS+2 | BodyStrong+1 | 1h+2 | 4h+2 | Vol+1 | RSI+1 | BTC+2 | FVG+1 | LiqSweep+1 | ChoCH+1 | BullWick+1 | Zone:FVG+1 | Sess:OVERLAP | Strong1h+1 | QualityRisk:1.15,0,0,0.475,range,1.3198,0.3316,1.474,0.286,0.966,1.0,0.3524,1.75,3460,1,1,0.586,0.951,1,1.205,0
ADAUSDT,3460,3502,1709297100,1709335800,LONG,TRAIL,0.6863,0.7007123,0.7583615,0.6622795,1.2072681833432828,1.1322681833432828,0.07500000000000001,17,1.9,57.78,0.13913043478260773,0.007227967908129392,0.9528162402663124,base,adaptive disabled,1.15,82.7,90,76,80,80,OVERLAP,bullish,bullish,OB,BOS bullish | Vol 1.9x | FVG | OB | ChoCH | Engulfing | Session:OVERLAP | StrongTrend1h | Zone:OB | MTF 17 | Risk x1.15,BOS+2 | BodyStrong+1 | 1h+2 | 4h+2 | Vol+1 | RSI+1 | BTC+2 | FVG+1 | OB+1 | ChoCH+1 | Engulfing+1 | Zone:OB+1 | Sess:OVERLAP | Strong1h+1 | QualityRisk:1.15,0,0,0.475,range,0.4496,1.1726,0.178,0.1706,1.167,1.0,0.4596,1.3125,3460,4,1,0.968,3.416,0,0.664,0
XLMUSDT,3481,3492,1709316000,1709326800,LONG,TRAIL,0.1248,0.1257977,0.12978852,0.12313716,0.0,-0.1125784801905175,0.1125784801905175,16,1.95,55.43,0.18918918918919184,0.004262833480929697,0.8888007814843092,base,adaptive disabled,1.15,83.9,90,82,80,80,OFF_HOURS,bullish,bullish,OB,BOS bullish | Vol 1.9x | FVG | OB | ChoCH | StrongTrend1h | Zone:OB | MTF 16 | Risk x1.15,BOS+2 | BodyStrong+1 | 1h+2 | 4h+2 | Vol+1 | RSI+1 | BTC+2 | FVG+1 | OB+1 | ChoCH+1 | Zone:OB+1 | Sess:OFF_HOURS | Strong1h+1 | QualityRisk:1.15,0,0,0.375,range,0.0601,1.0023,0.0,0.106,1.613,0.0,-0.1188,0.75,3481,25,2,0.302,0.151,1,0.905,1
BTCUSDT,3496,3687,1709329500,1709502300,LONG,EXPIRED,62431.7,63328.64407325,66916.42036626,60936.79321125,0.0,-0.03915275466702576,0.03915275466702576,15,3.13,62.72,0.1869697558448261,0.00807989162979541,1.978027119703655,base,adaptive disabled,1.0,78.9,90,72,70,80,DEAD_ZONE,bullish,bullish,FVG,BOS bullish | Vol 3.1x | FVG | ChoCH | BullWick | StrongTrend1h | Zone:FVG | MTF 15,BOS+2 | 1h+2 | 4h+2 | Vol+2 | RSI+1 | BTCok+1 | FVG+1 | ChoCH+1 | BullWick+1 | Zone:FVG+1 | Sess:DEAD_ZONE | Strong1h+1,0,0,0.6,range,0.735,0.6893,0.298,0.2591,1.72,1.0,0.3114,0.46875,3493,2,2,0.616,2.64,1,0.388,0
AAVEUSDT,3502,3514,1709334900,1709346600,LONG,TRAIL,109.7,112.48,113.85,107.20660411,0.9581038020583648,0.8701113573447418,0.087992444713623,15,2.49,63.95,0.5113122171945728,0.003915332250751912,0.7421271866169004,base,adaptive disabled,1.25,82.5,90,90,70,80,DEAD_ZONE,bullish,bullish,FVG,BOS bullish | Vol 2.5x | FVG | ChoCH | BullWick | StrongTrend1h | Zone:FVG | MTF 15 | Risk x1.25,BOS+2 | 1h+2 | 4h+2 | Vol+2 | RSI+1 | BTCok+1 | FVG+1 | ChoCH+1 | BullWick+1 | Zone:FVG+1 | Sess:DEAD_ZONE | Strong1h+1 | QualityRisk:1.15 | RelStrengthRisk:1.25,0,0,0.45,bull,0.008,1.036,1.948,0.1649,3.442,1.0,0.4493,1.0,3502,0,2,0.976,0.416,1,0.795,4
ETHUSDT,3508,3542,1709340300,1709371800,LONG,SL,3445.97,3494.0,3570.02492,3404.61836,-0.5847863591383549,-0.6785363591383551,0.0937500000000003,14,1.73,65.16,0.4907529722589139,0.005556393415044137,1.435082731444858,base,adaptive disabled,1.15,78.5,90,100,50,80,OFF_HOURS,bullish,bullish,FVG,BOS bullish | Vol 1.7x | FVG | ChoCH | BullWick | StrongTrend1h | Zone:FVG | MTF 14 | Risk x1.15,BOS+2 | 1h+2 | 4h+2 | Vol+1 | RSI+1 | BTCok+1 | FVG+1 | ChoCH+1 | BullWick+1 | Zone:FVG+1 | Sess:OFF_HOURS | Strong1h+1 | RelStrengthRisk:1.15,0,0,0.625,range,1.6735,0.3088,10.0,0.2239,1.214,1.0,0.429,0.5625,3508,1,1,0.675,0.801,1,1.726,5
XLMUSDT,3509,3515,1709341200,1709347500,LONG,TRAIL,0.1286,0.1313006,0.142103,0.124099,0.497675062187374,0.4574964907588025,0.0401785714285715,16,3.3,66.94,0.44444444444444275,0.008782912044667128,1.829773344102836,base,adaptive disabled,1.15,88.5,90,90,90,80,OFF_HOURS,bullish,bullish,FVG,BOS bullish | Vol 3.3x | FVG | ChoCH | BullWick | StrongTrend1h | Zone:FVG | MTF 16 | Risk x1.15,BOS+2 | BodyStrong+1 | 1h+2 | 4h+2 | Vol+2 | RSI+1 | BTCok+1 | FVG+1 | ChoCH+1 | BullWick+1 | Zone:FVG+1 | Sess:OFF_HOURS | Strong1h+1 | RelStrengthRisk:1.15,0,0,0.45,range,0.2444,1.1849,2.0,0.3417,1.669,1.0,0.2365,0.703125,3509,0,4,1.694,-1.0,0,2.399,0
LINKUSDT,3512,3522,1709343900,1709353800,LONG,TRAIL,20.319,20.745699,22.452495,19.607835,0.6570393516110903,0.5942603337539472,0.06277901785714307,14,3.41,69.83,0.3899782135076247,0.013716266130772896,2.879838360481693,base,adaptive disabled,1.15,88.5,90,90,90,80,OFF_HOURS,bullish,bullish,FVG,BOS bullish | Vol 3.4x | FVG | ChoCH | StrongTrend1h | Zone:FVG | MTF 14 | Risk x1.15,BOS+2 | BodyStrong+1 | 1h+2 | 4h+2 | Vol+2 | BTCok+1 | FVG+1 | ChoCH+1 | Zone:FVG+1 | Sess:OFF_HOURS | Strong1h+1 | RelStrengthRisk:1.15,0,0,0.475,range,0.1715,1.1858,1.755,0.2577,2.602,1.0,0.223,1.0986328125,3512,0,1,1.377,0.179,1,1.898,2
XLMUSDT,3541,3554,1709370000,1709382600,LONG,TRAIL,0.1333,0.13559394,0.14476971,0.12947676,0.7222019701704654,0.6699033961860962,0.05229857398436921,13,1.88,68.36,0.4444444444444496,0.00825385980583576,1.366013798897559,base,adaptive disabled,1.15,84.5,90,100,70,80,LONDON,bullish,bullish,FVG,BOS bullish | Vol 1.9x | FVG | ChoCH | Session:LONDON | StrongTrend1h | Zone:FVG | MTF 13 | Risk x1.15,BOS+2 | BodyStrong+1 | 1h+2 | 4h+2 | Vol+1 | BTCok+1 | FVG+1 | ChoCH+1 | Zone:FVG+1 | Sess:LONDON | Strong1h+1 | RelStrengthRisk:1.15,0,0,0.525,range,0.4708,1.6129,0.0,0.1816,1.574,1.0,0.2069,0.75,3540,0,4,1.408,-1.0,0,1.3,0
XRPUSDT,3542,3550,1709370900,1709379000,LONG,TRAIL,0.6313,0.64128984,0.68124919,0.61465027,0.6786299475671999,0.6027968860100451,0.07583306155715476,15,1.98,64.29,0.4272727272727274,0.009362051201865725,1.3387733220897107,base,adaptive disabled,1.0,78.5,90,100,50,80,LONDON,bullish,bullish,FVG,BOS bullish | Vol 2.0x | FVG | ChoCH | Engulfing | BullWick | Session:LONDON | StrongTrend1h | Zone:FVG | MTF 15,BOS+2 | 1h+2 | 4h+2 | Vol+1 | RSI+1 | BTCok+1 | FVG+1 | ChoCH+1 | Engulfing+1 | BullWick+1 | Zone:FVG+1 | Sess:LONDON | Strong1h+1,0,0,0.55,range,0.2823,1.031,0.0,0.0742,1.297,-1.0,-0.212,1.0,3542,2,6,0.891,1.089,1,1.604,0
AVAXUSDT,3554,3595,1709381700,1709419500,LONG,TRAIL,42.767,43.44931982,46.17859909,41.6298003,1.6002396167306634,1.4498104528819573,0.15042916384870617,21,1.67,55.35,0.3781021897810211,0.008564147545754689,1.2474153503880254,base,adaptive disabled,1.25,77.0,60,100,80,80,OVERLAP,neutral,bullish,OB,BOS bullish | Vol 1.7x | FVG | OB | LiqSweep | MACD_Div | ChoCH | Engulfing | BullWick | Session:OVERLAP | Zone:OB | 💎PREMIUM | MTF 21 | Risk x1.25,BOS+2 | BodyStrong+1 | 1hN+1 | 4h+2 | Vol+1 | RSI+1 | BTC+2 | FVG+1 | OB+1 | LiqSweep+1 | MACD_Div+1 | ChoCH+1 | Engulfing+1 | BullWick+1 | Zone:OB+1 | Sess:OVERLAP | 💎Premium+3 | QualityRisk:1.15 | RelStrengthRisk:1.25,1,0,0.45,range,0.6085,1.0596,0.0,0.1763,1.616,-1.0,-0.0154,2.0,3554,16,1,0.809,0.108,1,0.57,2
XLMUSDT,3554,3614,1709381700,1709436600,LONG,TRAIL,0.1361,0.1389581,0.1503905,0.1313365,1.4981928345416569,1.398192834541657,0.09999999999999992,16,1.4,66.35,0.47368421052631154,0.009049784045576183,1.200906343752937,base,adaptive disabled,1.15,84.5,90,100,70,80,OVERLAP,bullish,bullish,FVG,BOS bullish | Vol 1.4x | FVG | ChoCH | Engulfing | Session:OVERLAP | StrongTrend1h | Zone:FVG | MTF 16 | Risk x1.15,BOS+2 | BodyStrong+1 | 1h+2 | 4h+2 | Vol+1 | RSI+1 | BTC+2 | FVG+1 | ChoCH+1 | Engulfing+1 | Zone:FVG+1 | Sess:OVERLAP | Strong1h+1 | RelStrengthRisk:1.15,0,0,0.45,bull,0.6928,1.3995,4.0,0.1221,1.701,1.0,0.1628,1.75,3554,0,2,1.186,-1.0,0,0.912,0
AAVEUSDT,3556,3568,1709383500,1709395200,LONG,TRAIL,114.1,116.42877309,125.74386545,110.21871152,0.7994701363480146,0.7406752281169211,0.05879490823109348,18,2.54,62.71,0.5773420479302828,0.008449671569317778,1.1336642688844891,base,adaptive disabled,1.15,90.5,90,100,90,80,OVERLAP,bullish,bullish,FVG,BOS bullish | Vol 2.5x | FVG | MACD_Div | ChoCH | BullWick | Session:OVERLAP | StrongTrend1h | Zone:FVG | MTF 18 | Risk x1.15,BOS+2 | BodyStrong+1 | 1h+2 | 4h+2 | Vol+2 | RSI+1 | BTC+2 | FVG+1 | MACD_Div+1 | ChoCH+1 | BullWick+1 | Zone:FVG+1 | Sess:OVERLAP | Strong1h+1 | QualityRisk:1.15,0,0,0.45,range,0.3324,1.1208,0.0,0.3481,1.481,1.0,0.0829,1.0,3553,32,2,1.069,0.117,1,0.811,2
DOTUSDT,3556,3591,1709383500,1709415900,LONG,TRAIL,9.127,9.318667,10.085335,8.807555,0.9919050421746771,0.9215925421746771,0.07031250000000001,14,1.85,70.97,0.6105263157894754,0.01207088670692616,1.602365169740419,base,adaptive disabled,1.15,78.5,90,100,50,80,OVERLAP,bullish,bullish,FVG,BOS bullish | Vol 1.9x | FVG | ChoCH | BullWick | Session:OVERLAP | StrongTrend1h | Zone:FVG | MTF 14 | Risk x1.15,BOS+2 | 1h+2 | 4h+2 | Vol+1 | BTC+2 | FVG+1 | ChoCH+1 | BullWick+1 | Zone:FVG+1 | Sess:OVERLAP | Strong1h+1 | RelStrengthRisk:1.15,0,0,0.425,bull,0.4946,1.273,5.043,0.2575,1.808,1.0,0.2448,1.23046875,3555,0,2,1.786,-1.0,0,0.752,0
LINKUSDT,3561,3573,1709388000,1709399700,LONG,TRAIL,21.191,21.61424563,23.30722815,20.48559062,1.4277276068240579,1.3103810757217922,0.11734653110226591,17,2.28,57.99,0.32702418506834885,0.012262638596574983,1.6620952187028144,base,adaptive disabled,1.15,84.3,90,99,70,80,NEW_YORK,bullish,bullish,FVG,BOS bullish | Vol 2.3x | FVG | MACD_Div | ChoCH | BullWick | Session:NEW_YORK | StrongTrend1h | Zone:FVG | MTF 17 | Risk x1.15,BOS+2 | 1h+2 | 4h+2 | Vol+2 | RSI+1 | BTC+2 | FVG+1 | MACD_Div+1 | ChoCH+1 | BullWick+1 | Zone:FVG+1 | Sess:NEW_YORK | Strong1h+1 | QualityRisk:1.15,0,0,0.5,range,0.2693,1.1057,0.0,0.0983,0.978,1.0,0.086,1.953125,3561,3,4,0.364,2.192,1,1.69,1
AAVEUSDT,3570,3602,1709396100,1709425800,LONG,TRAIL,116.02,118.45642,128.2021,111.9593,0.3480960570282283,0.2945246284567997,0.05357142857142861,13,2.89,68.66,0.4688057040998222,0.013852258451047867,2.086334819509003,base,adaptive disabled,1.25,82.5,90,90,70,80,NEW_YORK,bullish,bullish,FVG,BOS bullish | Vol 2.9x | FVG | ChoCH | Session:NEW_YORK | StrongTrend1h | Zone:FVG | MTF 13 | Risk x1.25,BOS+2 | 1h+2 | 4h+2 | Vol+2 | BTCok+1 | FVG+1 | ChoCH+1 | Zone:FVG+1 | Sess:NEW_YORK | Strong1h+1 | QualityRisk:1.15 | RelStrengthRisk:1.25,0,0,0.575,range,0.2857,1.3298,2.156,0.0667,2.678,1.0,0.0442,0.9375,3568,0,3,1.501,-1.0,0,1.807,0
DOTUSDT,3582,3598,1709406900,1709422200,LONG,TRAIL,9.226,9.419746,10.19473,8.90309,0.3700655285217467,0.33792267137888954,0.032142857142857126,14,1.69,65.38,0.479876160990715,0.008909133440098745,1.1470195602370965,base,adaptive disabled,1.15,78.5,90,100,50,80,DEAD_ZONE,bullish,bullish,FVG,BOS bullish | Vol 1.7x | FVG | ChoCH | StrongTrend1h | Zone:FVG | MTF 14 | Risk x1.15,BOS+2 | 1h+2 | 4h+2 | Vol+1 | RSI+1 | BTC+2 | FVG+1 | ChoCH+1 | Zone:FVG+1 | Sess:DEAD_ZONE | Strong1h+1 | QualityRisk:1.15,0,0,0.6,range,0.3716,1.1768,2.583,0.1844,1.534,1.0,0.2109,0.5625,3581,0,2,1.116,-1.0,0,0.68,0
XLMUSDT,3595,3600,1709418600,1709424000,LONG,TRAIL,0.1363,0.13825669,0.14608345,0.13303885,0.0,-0.04701945632675564,0.04701945632675564,14,2.54,67.53,0.733333333333326,0.0051369961436627315,0.8675102244031736,base,adaptive disabled,1.25,84.5,90,100,70,80,DEAD_ZONE,bullish,bullish,FVG,BOS bullish | Vol 2.5x | FVG | ChoCH | StrongTrend1h | Zone:FVG | MTF 14 | Risk x1.25,BOS+2 | 1h+2 | 4h+2 | Vol+2 | RSI+1 | BTCok+1 | FVG+1 | ChoCH+1 | Zone:FVG+1 | Sess:DEAD_ZONE | Strong1h+1 | QualityRisk:1.15 | RelStrengthRisk:1.25,0,0,0.55,range,0.092,1.1243,10.0,0.2836,2.099,1.0,0.2894,0.5625,3595,0,4,1.966,0.908,1,1.059,0
ADAUSDT,3600,3628,1709423100,1709449200,LONG,SL,0.7378,0.74550703,0.77633516,0.72495495,-0.46637615268138194,-0.5148398604910049,0.04846370780962308,17,1.64,60.22,0.622950819672136,0.006300416729593388,1.0703382375809127,base,adaptive disabled,1.15,78.5,90,100,50,80,DEAD_ZONE,bullish,bullish,FVG,BOS bullish | Vol 1.6x | FVG | ChoCH | BullWick | StrongTrend1h | Zone:FVG | MTF 17 | Risk x1.15,BOS+2 | 1h+2 | 4h+2 | Vol+1 | RSI+1 | BTC+2 | FVG+1 | ChoCH+1 | BullWick+1 | Zone:FVG+1 | Sess:DEAD_ZONE | Strong1h+1 | NestedOB_1h+2 | QualityRisk:1.15,0,0,0.55,range,1.2456,0.6358,0.0,0.0938,1.207,1.0,0.0143,0.421875,3599,1,2,1.289,0.667,1,2.117,5
ETHUSDT,3600,3619,1709423100,1709441100,LONG,TRAIL,3415.01,3439.598072,3537.95036,3374.02988,1.0158829025540985,0.7971329025540995,0.2187499999999991,15,1.59,56.96,0.3325443786982166,0.0027877559955055784,1.0448710995684882,base,adaptive disabled,1.15,73.8,60,99,70,80,DEAD_ZONE,neutral,bullish,FVG,BOS bullish | Vol 1.6x | FVG | LiqSweep | ChoCH | BullWick | Zone:FVG | MTF 15 | Risk x1.15,BOS+2 | BodyStrong+1 | 1hN+1 | 4h+2 | Vol+1 | RSI+1 | BTC+2 | FVG+1 | LiqSweep+1 | ChoCH+1 | BullWick+1 | Zone:FVG+1 | Sess:DEAD_ZONE | QualityRisk:1.15,0,0,0.575,range,0.1069,1.2604,0.0,0.0305,1.605,1.0,-0.0064,1.3125,3599,0,1,0.913,1.1,1,1.688,4
DOTUSDT,3603,3629,1709425800,1709450100,LONG,SL,9.403,9.600463,10.390315,9.073895,-1.2071090533416406,-1.247287624770212,0.040178571428571404,14,1.68,64.33,0.3063829787234041,0.014829081244651666,1.8890601830198082,base,adaptive disabled,1.0,81.7,90,86,70,80,OFF_HOURS,bullish,bullish,FVG,BOS bullish | Vol 1.7x | FVG | ChoCH | StrongTrend1h | Zone:FVG | MTF 14,BOS+2 | BodyStrong+1 | 1h+2 | 4h+2 | Vol+1 | RSI+1 | BTCok+1 | FVG+1 | ChoCH+1 | Zone:FVG+1 | Sess:OFF_HOURS | Strong1h+1,0,0,0.55,bull,2.677,0.3646,1.582,0.0978,0.837,1.0,0.078,0.703125,3603,5,6,0.957,-1.0,0,1.879,1
LINKUSDT,3605,3624,1709427600,1709445600,LONG,SL,21.41,21.65656268,22.64281342,20.99906219,-1.2718621584127332,-1.3939723324558566,0.12211017404312345,21,2.04,57.65,0.1347962382445149,0.011257420409583602,1.8417139790165509,base,adaptive disabled,1.15,86.7,90,66,100,80,OFF_HOURS,bullish,bullish,OB,BOS bullish | Vol 2.0x | FVG | OB | LiqSweep | ChoCH | StrongTrend1h | Zone:OB | 💎PREMIUM | MTF 21 | Risk x1.15,BOS+2 | BodyStrong+1 | 1h+2 | 4h+2 | Vol+2 | RSI+1 | BTC+2 | FVG+1 | OB+1 | LiqSweep+1 | ChoCH+1 | Zone:OB+1 | Sess:OFF_HOURS | Strong1h+1 | 💎Premium+3 | QualityRisk:1.15,1,0,0.45,range,1.28,0.5313,1.483,-0.0617,1.122,1.0,0.0659,1.171875,3605,29,2,0.207,0.214,1,1.651,1
XLMUSDT,3615,3629,1709436600,1709450100,LONG,SL,0.139,0.141919,0.153595,0.134135,-1.5994347379239442,-1.6530061664953726,0.053571428571428485,15,1.98,67.96,0.6285714285714301,0.012910515438307955,2.473285887954476,base,adaptive disabled,1.15,76.5,90,90,50,80,OFF_HOURS,bullish,bullish,FVG,BOS bullish | Vol 2.0x | FVG | ChoCH | BullWick | StrongTrend1h | Zone:FVG | MTF 15 | Risk x1.15,BOS+2 | 1h+2 | 4h+2 | Vol+1 | RSI+1 | BTC+2 | FVG+1 | ChoCH+1 | BullWick+1 | Zone:FVG+1 | Sess:OFF_HOURS | Strong1h+1 | RelStrengthRisk:1.15,0,0,0.475,bull,2.3433,0.1713,0.0,0.2807,1.722,1.0,0.2234,0.9375,3614,0,1,0.956,-1.0,0,0.574,0
ETHUSDT,3650,3668,1709468100,1709485200,LONG,TRAIL,3434.04,3486.61227476,3696.90137379,3346.41954207,1.2360672865841988,1.079298418622178,0.15676886796202089,15,2.35,67.56,0.5478446958116876,0.004870487170273992,1.6803278636685672,base,adaptive disabled,1.0,74.0,60,100,70,80,OVERLAP,neutral,bullish,FVG,BOS bullish | Vol 2.4x | FVG | ChoCH | Session:OVERLAP | Zone:FVG | MTF 15,BOS+2 | 1hN+1 | 4h+2 | Vol+2 | RSI+1 | BTC+2 | FVG+1 | ChoCH+1 | Zone:FVG+1 | Sess:OVERLAP | NestedOB_1h+2,0,1,0.475,bear,0.3606,1.1592,1.341,0.2414,1.856,1.0,0.3737,2.0,3650,0,1,2.15,0.28,1,1.465,6
BTCUSDT,3651,3691,1709469000,1709505900,LONG,TRAIL,62369.0,63109.40522307,66071.02611537,61134.99129488,0.2828482172338214,0.24553416661958993,0.03731405061423146,14,2.61,65.74,0.5364686003942518,0.006739204185713656,3.4178231200129927,base,adaptive disabled,1.0,76.0,60,80,90,80,OVERLAP,neutral,bullish,FVG,BOS bullish | Vol 2.6x | FVG | ChoCH | Session:OVERLAP | Zone:FVG | MTF 14,BOS+2 | BodyStrong+1 | 1hN+1 | 4h+2 | Vol+2 | RSI+1 | BTC+2 | FVG+1 | ChoCH+1 | Zone:FVG+1 | Sess:OVERLAP,0,0,0.45,range,0.3214,1.3002,7.162,0.1172,1.513,1.0,0.2049,0.369140625,3651,0,3,2.935,0.348,1,1.226,0
ADAUSDT,3691,3699,1709505000,1709513100,LONG,TRAIL,0.7306,0.73831151,0.76915754,0.71774749,1.2648816170558026,1.152968165908906,0.11191345114689676,14,2.4,68.67,0.6407185628742608,0.006948751784798615,1.1993214689274794,base,adaptive disabled,1.15,80.0,60,100,90,80,DEAD_ZONE,neutral,bullish,FVG,BOS bullish | Vol 2.4x | FVG | ChoCH | BullWick | Zone:FVG | MTF 14 | Risk x1.15,BOS+2 | BodyStrong+1 | 1hN+1 | 4h+2 | Vol+2 | BTC+2 | FVG+1 | ChoCH+1 | BullWick+1 | Zone:FVG+1 | Sess:DEAD_ZONE | QualityRisk:1.15,0,0,0.6,range,0.5446,1.3746,0.0,0.1919,1.62,-1.0,-0.0841,0.984375,3690,0,1,1.717,1.34,1,1.787,0
BTCUSDT,3691,3698,1709505000,1709512200,LONG,TRAIL,62791.1,63243.19592,65051.5796,62037.6068,0.305967116731599,0.2708108667315988,0.03515625000000013,15,4.18,69.11,0.4299442629252314,0.004293635342135489,1.50737870682316,base,adaptive disabled,1.0,84.5,90,100,70,80,DEAD_ZONE,bullish,bullish,FVG,BOS bullish | Vol 4.2x | FVG | ChoCH | BullWick | StrongTrend1h | Zone:FVG | MTF 15,BOS+2 | 1h+2 | 4h+2 | Vol+2 | BTC+2 | FVG+1 | ChoCH+1 | BullWick+1 | Zone:FVG+1 | Sess:DEAD_ZONE | Strong1h+1,0,0,0.6,range,0.1074,1.2584,10.0,0.3188,1.795,1.0,0.1217,0.2109375,3690,2,1,1.599,1.91,1,2.037,0
ETHUSDT,3691,3699,1709505000,1709513100,LONG,TRAIL,3474.43,3499.445896,3540.0,3432.73684,1.085286751574399,0.9602867515743985,0.12500000000000058,15,3.89,68.79,0.5241439859525983,0.003729624968121088,1.232543278192276,base,adaptive disabled,1.0,90.5,90,100,90,80,DEAD_ZONE,bullish,bullish,FVG,BOS bullish | Vol 3.9x | FVG | ChoCH | StrongTrend1h | Zone:FVG | MTF 15,BOS+2 | BodyStrong+1 | 1h+2 | 4h+2 | Vol+2 | BTC+2 | FVG+1 | ChoCH+1 | Zone:FVG+1 | Sess:DEAD_ZONE | Strong1h+1,0,0,0.55,range,0.3204,2.4812,0.0,0.2195,1.727,1.0,0.2159,0.75,3690,2,3,1.209,0.404,1,2.934,0
SOLUSDT,3692,3699,1709505900,1709513100,LONG,TRAIL,131.1,132.5277069,138.23853451,128.7204885,0.49259816377066334,0.43061590396649785,0.06198225980416552,16,1.89,58.24,0.258312020460367,0.009371635810727865,1.5881223369270963,base,adaptive disabled,1.25,76.5,90,90,50,80,DEAD_ZONE,bullish,bullish,FVG,BOS bullish | Vol 1.9x | FVG | LiqSweep | ChoCH | BullWick | StrongTrend1h | Zone:FVG | MTF 16 | Risk x1.25,BOS+2 | 1h+2 | 4h+2 | Vol+1 | RSI+1 | BTC+2 | FVG+1 | LiqSweep+1 | ChoCH+1 | BullWick+1 | Zone:FVG+1 | Sess:DEAD_ZONE | Strong1h+1 | QualityRisk:1.15 | RelStrengthRisk:1.25,0,0,0.325,range,0.6514,1.1557,0.0,0.0545,1.268,-1.0,-0.0177,0.5625,3692,1,1,0.247,0.247,1,0.877,0
XLMUSDT,3699,3722,1709512200,1709533800,LONG,TRAIL,0.1365,0.13869925,0.14749623,0.13283459,0.7543545916141132,0.6984945377592923,0.05586005385482103,16,3.2,68.06,0.3777777777777728,0.0048854718540887855,0.9456877667393884,base,adaptive disabled,1.15,84.5,90,100,70,80,OFF_HOURS,bullish,bullish,FVG,BOS bullish | Vol 3.2x | FVG | ChoCH | StrongTrend1h | Zone:FVG | MTF 16 | Risk x1.15,BOS+2 | 1h+2 | 4h+2 | Vol+2 | BTC+2 | FVG+1 | ChoCH+1 | Zone:FVG+1 | Sess:OFF_HOURS | Strong1h+1 | NestedOB_1h+2 | QualityRisk:1.15,0,0,0.475,bull,0.8457,1.546,1.889,0.1382,4.265,1.0,0.3371,0.75,3699,0,1,0.751,0.451,1,4.959,0
DOTUSDT,3701,3726,1709514000,1709537400,LONG,TRAIL,9.721,9.89159409,10.57397045,9.43667652,0.31839605234897106,0.273321437039764,0.045074615309207054,25,2.15,48.28,0.15173237753882787,0.026382861891730874,2.563622690045881,base,adaptive disabled,1.15,81.1,90,68,80,80,OFF_HOURS,bullish,bullish,OB,BOS bullish | Vol 2.1x | FVG | OB | LiqSweep | ChoCH | Engulfing | Discount | BullWick | StrongTrend1h | Zone:OB | 💎PREMIUM | MTF 25 | Risk x1.15,BOS+2 | 1h+2 | 4h+2 | Vol+2 | RSI+1 | BTC+2 | FVG+1 | OB+1 | LiqSweep+1 | ChoCH+1 | Engulfing+1 | Discount+1 | BullWick+1 | Zone:OB+1 | Sess:OFF_HOURS | Strong1h+1 | NestedOB_1h+2 | 💎Premium+3 | QualityRisk:1.15,1,0,0.5,range,0.3165,1.2075,0.0,0.2089,1.287,-1.0,-0.2138,0.6591796875,3701,18,2,1.5,1.538,0,0.668,0
SUIUSDT,3712,3871,1709523900,1709667900,SHORT,TP2,1.5377,1.4047,1.3762415,1.5915195,1.6875000000000047,1.6553571428571474,0.0321428571428572,14,1.95,30.94,0.6218057921635457,0.00697999500801677,1.3064507730490433,base,adaptive disabled,1.25,84.5,90,100,70,80,OFF_HOURS,bearish,bearish,FVG,BOS bearish | Vol 1.9x | FVG | ChoCH | StrongTrend1h | Zone:FVG | MTF 14 | Risk x1.25,BOS+2 | BodyStrong+1 | 1h+2 | 4h+2 | Vol+1 | BTC+2 | FVG+1 | ChoCH+1 | Zone:FVG+1 | Sess:OFF_HOURS | Strong1h+1 | QualityRisk:1.15 | TrendPairRisk:1.25,0,0,0.5,range,0.9197,3.0677,5.53,0.0577,1.809,1.0,-0.5294,0.5625,3711,1,1,0.471,10.481,1,0.765,0
DOTUSDT,3727,3732,1709537400,1709542800,LONG,TRAIL,9.814,9.98048266,10.64641331,9.5365289,0.6712399960838683,0.6314493656362288,0.03979063044763947,15,1.75,56.52,0.1889763779527564,0.007883686621487309,0.8631308139388802,base,adaptive disabled,1.15,74.9,90,82,50,80,LONDON,bullish,bullish,FVG,BOS bullish | Vol 1.8x | FVG | ChoCH | BullWick | Session:LONDON | StrongTrend1h | Zone:FVG | MTF 15 | Risk x1.15,BOS+2 | 1h+2 | 4h+2 | Vol+1 | RSI+1 | BTC+2 | FVG+1 | ChoCH+1 | BullWick+1 | Zone:FVG+1 | Sess:LONDON | Strong1h+1 | QualityRisk:1.15,0,0,0.55,range,0.2162,2.2525,7.385,0.2327,1.879,1.0,0.1839,0.5625,3725,2,6,0.487,0.709,1,1.355,1
SOLUSDT,3731,3767,1709541000,1709574300,LONG,SL,132.25,135.02725,146.13625,127.62125,-0.8713205509046728,-0.9195348366189585,0.04821428571428575,17,4.69,70.86,0.6842105263157895,0.010018939367183436,1.8063312767431745,base,adaptive disabled,1.15,88.5,90,90,90,80,LONDON,bullish,bullish,FVG,BOS bullish | Vol 4.7x | FVG | LiqSweep | ChoCH | Engulfing | Session:LONDON | StrongTrend1h | Zone:FVG | MTF 17 | Risk x1.15,BOS+2 | BodyStrong+1 | 1h+2 | 4h+2 | Vol+2 | BTC+2 | FVG+1 | LiqSweep+1 | ChoCH+1 | Engulfing+1 | Zone:FVG+1 | Sess:LONDON | Strong1h+1 | QualityRisk:1.15,0,0,0.4,range,1.0651,0.9938,0.0,0.567,2.446,1.0,0.4897,0.84375,3730,31,1,2.712,1.205,1,1.229,0
BTCUSDT,3790,3853,1709594100,1709651700,LONG,TRAIL,67725.0,68960.05375159,73900.26875795,65666.57708068,0.0,-0.018507038637417022,0.018507038637417022,16,1.47,61.76,0.19601449275362318,0.008101438562922569,1.23338882272418,base,adaptive disabled,1.0,81.1,90,83,70,80,DEAD_ZONE,bullish,bullish,FVG,BOS bullish | Vol 1.5x | FVG | ChoCH | Engulfing | StrongTrend1h | Zone:FVG | MTF 16,BOS+2 | BodyStrong+1 | 1h+2 | 4h+2 | Vol+1 | RSI+1 | BTC+2 | FVG+1 | ChoCH+1 | Engulfing+1 | Zone:FVG+1 | Sess:DEAD_ZONE | Strong1h+1,0,0,0.575,bull,1.3724,1.302,0.433,0.206,1.038,1.0,0.168,0.28125,3790,2,2,0.331,-1.0,0,1.289,0
ETHUSDT,3812,3817,1709613900,1709619300,LONG,TRAIL,3671.76,3733.33041601,3979.61208004,3569.14263999,0.26745942106862775,0.2272057057167861,0.040253715351841635,15,2.09,71.12,0.4448757122801241,0.008518936565148702,1.4380617127889703,base,adaptive disabled,1.15,90.5,90,100,90,80,OFF_HOURS,bullish,bullish,FVG,BOS bullish | Vol 2.1x | FVG | ChoCH | Engulfing | StrongTrend1h | Zone:FVG | MTF 15 | Risk x1.15,BOS+2 | BodyStrong+1 | 1h+2 | 4h+2 | Vol+2 | BTCok+1 | FVG+1 | ChoCH+1 | Engulfing+1 | Zone:FVG+1 | Sess:OFF_HOURS | Strong1h+1 | RelStrengthRisk:1.15,0,0,0.55,bull,0.255,1.135,1.801,0.1921,1.56,1.0,0.3791,0.5625,3808,0,1,1.481,-1.0,0,2.545,0
BTCUSDT,3846,3852,1709644500,1709650800,LONG,TRAIL,67688.0,68854.21188459,73519.05942294,65744.31352569,0.0,-0.03264801234084169,0.03264801234084169,17,2.19,60.0,0.35985344150746246,0.00636857921918614,1.1079428727786405,base,adaptive disabled,1.15,90.5,90,100,90,80,NEW_YORK,bullish,bullish,FVG,BOS bullish | Vol 2.2x | FVG | ChoCH | Engulfing | Session:NEW_YORK | StrongTrend1h | Zone:FVG | MTF 17 | Risk x1.15,BOS+2 | BodyStrong+1 | 1h+2 | 4h+2 | Vol+2 | RSI+1 | BTC+2 | FVG+1 | ChoCH+1 | Engulfing+1 | Zone:FVG+1 | Sess:NEW_YORK | Strong1h+1 | QualityRisk:1.15,0,0,0.45,bull,0.2088,1.0255,3.494,0.1956,1.973,1.0,0.2659,0.46875,3846,0,2,1.103,2.781,1,1.036,0
ETHUSDT,3850,3853,1709648100,1709651700,LONG,TRAIL,3753.17,3809.92777495,4036.95887475,3658.57370842,0.7551403228941564,0.675789009278951,0.07935131361520541,15,1.74,66.99,0.51703339662683,0.00520931304882875,0.9625743638755986,base,adaptive disabled,1.15,78.5,90,100,50,80,NEW_YORK,bullish,bullish,FVG,BOS bullish | Vol 1.7x | FVG | ChoCH | Engulfing | Session:NEW_YORK | StrongTrend1h | Zone:FVG | MTF 15 | Risk x1.15,BOS+2 | 1h+2 | 4h+2 | Vol+1 | RSI+1 | BTC+2 | FVG+1 | ChoCH+1 | Engulfing+1 | Zone:FVG+1 | Sess:NEW_YORK | Strong1h+1 | QualityRisk:1.15,0,0,0.65,bull,0.0325,1.0788,1.285,0.2005,1.545,1.0,0.3966,1.0,3849,7,1,0.137,-1.0,0,1.927,0
ADAUSDT,3858,3861,1709655300,1709658900,SHORT,TRAIL,0.742,0.726418,0.66409,0.76797,1.708885885876074,1.633551064447503,0.07533482142857129,14,2.12,34.89,0.4180929095354531,0.032644286361493045,3.306648580278781,base,adaptive disabled,1.0,74.2,55,80,90,80,NEW_YORK,bearish,neutral,FVG,BOS bearish | Vol 2.1x | FVG | ChoCH | Session:NEW_YORK | Zone:FVG | MTF 14,BOS+2 | BodyStrong+1 | 1h+2 | 4hN+1 | Vol+2 | RSI+1 | BTC+2 | FVG+1 | ChoCH+1 | Zone:FVG+1 | Sess:NEW_YORK,0,0,0.3,bear,0.0308,1.0653,0.0,-0.151,1.293,1.0,-0.6321,1.318359375,3858,0,4,1.797,0.008,1,1.324,0
SUIUSDT,3900,3903,1709693100,1709696700,SHORT,SL,1.3633,1.3346707,1.1297,1.4110155,-0.806047039222055,-0.8462256106506264,0.04017857142857141,21,1.41,37.97,0.5000000000000013,0.011968345542951756,0.8557648010850833,base,adaptive disabled,1.25,87.5,90,100,80,80,OFF_HOURS,bearish,bearish,OB,BOS bearish | Vol 1.4x | FVG | OB | LiqSweep | ChoCH | Engulfing | StrongTrend1h | Zone:OB | 💎PREMIUM | MTF 21 | Risk x1.25,BOS+2 | BodyStrong+1 | 1h+2 | 4h+2 | Vol+1 | RSI+1 | BTC+2 | FVG+1 | OB+1 | LiqSweep+1 | ChoCH+1 | Engulfing+1 | Zone:OB+1 | Sess:OFF_HOURS | Strong1h+1 | 💎Premium+3 | QualityRisk:1.15 | TrendPairRisk:1.25,1,1,0.5,bull,1.1652,0.1537,0.0,-0.0485,1.424,1.0,-0.0192,0.703125,3900,22,2,1.203,0.772,1,0.706,1
XRPUSDT,3900,3908,1709693100,1709701200,SHORT,SL,0.5788,0.5231,0.518026,0.599058,-0.564881003800969,-0.5950149323723976,0.030133928571428575,16,1.38,34.12,0.7180327868852423,0.01082863072023386,0.8501197025542135,base,adaptive disabled,1.25,84.5,90,100,70,80,OFF_HOURS,bearish,bearish,FVG,BOS bearish | Vol 1.4x | FVG | ChoCH | Engulfing | StrongTrend1h | Zone:FVG | MTF 16 | Risk x1.25,BOS+2 | BodyStrong+1 | 1h+2 | 4h+2 | Vol+1 | RSI+1 | BTC+2 | FVG+1 | ChoCH+1 | Engulfing+1 | Zone:FVG+1 | Sess:OFF_HOURS | Strong1h+1 | QualityRisk:1.15 | TrendPairRisk:1.25,0,1,0.5,bull,1.0761,0.0575,0.0,-0.146,1.283,1.0,-0.2546,0.52734375,3900,27,6,1.886,7.335,1,0.643,1
SUIUSDT,3944,3950,1709732700,1709739000,SHORT,TRAIL,1.4376,1.4074104,1.286652,1.487916,1.2180201329622047,1.1037344186764904,0.11428571428571423,14,5.46,36.15,0.4773722627737267,0.021704303463998344,2.136993987156012,base,adaptive disabled,1.15,72.0,60,90,70,80,OVERLAP,neutral,bearish,FVG,BOS bearish | Vol 5.5x | FVG | LiqSweep | ChoCH | Session:OVERLAP | Zone:FVG | MTF 14 | Risk x1.15,BOS+2 | 1hN+1 | 4h+2 | Vol+2 | RSI+1 | BTC+2 | FVG+1 | LiqSweep+1 | ChoCH+1 | Zone:FVG+1 | Sess:OVERLAP | QualityRisk:1.15,0,0,0.525,range,0.0397,1.4442,1.777,0.0786,1.948,1.0,-0.3521,2.0,3940,0,1,1.137,1.081,1,0.499,0
XRPUSDT,3944,3950,1709732700,1709739000,SHORT,TRAIL,0.6046,0.5919034,0.541117,0.625761,0.735291369392334,0.6683270836780483,0.06696428571428577,17,5.09,39.71,0.3919999999999991,0.01804293181114351,2.3286898805199705,base,adaptive disabled,1.15,82.5,90,90,70,80,OVERLAP,bearish,bearish,FVG,BOS bearish | Vol 5.1x | FVG | LiqSweep | ChoCH | Premium | Session:OVERLAP | StrongTrend1h | Zone:FVG | MTF 17 | Risk x1.15,BOS+2 | 1h+2 | 4h+2 | Vol+2 | RSI+1 | BTC+2 | FVG+1 | LiqSweep+1 | ChoCH+1 | Premium+1 | Zone:FVG+1 | Sess:OVERLAP | Strong1h+1 | TrendPairRisk:1.15,0,0,0.575,range,0.0945,1.2917,2.333,0.0426,2.165,-1.0,0.0863,1.171875,3940,0,2,1.338,3.378,0,0.669,0
DOTUSDT,3978,3986,1709763300,1709771400,LONG,TRAIL,10.429,10.648009,11.524045,10.063985,0.7121642370829353,0.6719856656543639,0.04017857142857147,13,1.74,66.46,0.4023437500000015,0.012479515465049404,1.188497251140772,base,adaptive disabled,1.15,78.5,90,100,50,80,DEAD_ZONE,bullish,bullish,FVG,BOS bullish | Vol 1.7x | FVG | ChoCH | StrongTrend1h | Zone:FVG | MTF 13 | Risk x1.15,BOS+2 | 1h+2 | 4h+2 | Vol+1 | RSI+1 | BTCok+1 | FVG+1 | ChoCH+1 | Zone:FVG+1 | Sess:DEAD_ZONE | Strong1h+1 | QualityRisk:1.15,0,0,0.6,bull,0.1616,1.0684,1.0,0.1865,1.55,1.0,0.3397,0.703125,3975,0,1,0.052,2.774,0,0.715,2
BTCUSDT,3993,4018,1709776800,1709800200,LONG,TRAIL,66199.3,66827.85517935,69342.07589674,65151.70803442,0.23808069209038915,0.20253526269280536,0.03554542939758379,17,1.53,50.72,0.14676577573936156,0.006480894230099006,1.0160245317191177,base,adaptive disabled,1.15,73.9,90,77,50,80,OFF_HOURS,bullish,bullish,FVG,BOS bullish | Vol 1.5x | FVG | ChoCH | Engulfing | BullWick | StrongTrend1h | Zone:FVG | MTF 17 | Risk x1.15,BOS+2 | 1h+2 | 4h+2 | Vol+1 | RSI+1 | BTCok+1 | FVG+1 | ChoCH+1 | Engulfing+1 | BullWick+1 | Zone:FVG+1 | Sess:OFF_HOURS | Strong1h+1 | NestedOB_1h+2 | QualityRisk:1.15,0,1,0.55,bear,0.4968,1.1705,0.0,0.0509,2.0,1.0,-0.2743,0.28125,3993,0,1,0.223,2.815,0,1.279,0
AAVEUSDT,4011,4020,1709793000,1709802000,LONG,TRAIL,123.93,126.53253,136.94265,119.59245,0.6684271736261927,0.6148557450547643,0.053571428571428485,20,1.54,57.18,0.30116472545757156,0.010906424392889623,0.9986703529915361,base,adaptive disabled,1.15,83.7,90,96,70,80,OFF_HOURS,bullish,bullish,FVG,BOS bullish | Vol 1.5x | FVG | LiqSweep | MACD_Div | ChoCH | BullWick | StrongTrend1h | Zone:FVG | MTF 20 | Risk x1.15,BOS+2 | BodyStrong+1 | 1h+2 | 4h+2 | Vol+1 | RSI+1 | BTC+2 | FVG+1 | LiqSweep+1 | MACD_Div+1 | ChoCH+1 | BullWick+1 | Zone:FVG+1 | Sess:OFF_HOURS | Strong1h+1 | NestedOB_1h+2 | QualityRisk:1.15,0,0,0.625,range,0.0876,1.2987,0.0,0.103,3.048,1.0,0.1459,0.9375,4011,0,1,0.475,2.411,0,0.826,3
BTCUSDT,4018,4043,1709799300,1709822700,LONG,TRAIL,66787.5,67641.79850187,71058.99250935,65363.66916355,0.0,-0.06926097921479679,0.06926097921479679,15,2.26,64.49,0.6747371990505217,0.005776348144417722,1.198817907001959,base,adaptive disabled,1.15,74.0,60,100,70,80,LONDON,neutral,bullish,FVG,BOS bullish | Vol 2.3x | FVG | ChoCH | Session:LONDON | Zone:FVG | MTF 15 | Risk x1.15,BOS+2 | 1hN+1 | 4h+2 | Vol+2 | RSI+1 | BTC+2 | FVG+1 | ChoCH+1 | Zone:FVG+1 | Sess:LONDON | NestedOB_1h+2 | QualityRisk:1.15,0,0,0.55,bull,0.1949,1.3713,0.0,0.1298,2.326,1.0,0.5205,0.73828125,4018,0,3,1.952,2.141,1,0.904,6
SOLUSDT,4031,4040,1709811000,1709820000,LONG,TRAIL,141.51,144.48171,156.36855,136.55715,0.8595137653587448,0.7925494796444589,0.06696428571428593,16,2.6,62.34,0.13862249346120414,0.026503402101325093,2.1531675671862844,base,adaptive disabled,1.25,77.7,90,66,70,80,OVERLAP,bullish,bullish,FVG,BOS bullish | Vol 2.6x | FVG | ChoCH | BullWick | Session:OVERLAP | StrongTrend1h | Zone:FVG | MTF 16 | Risk x1.25,BOS+2 | 1h+2 | 4h+2 | Vol+2 | RSI+1 | BTC+2 | FVG+1 | ChoCH+1 | BullWick+1 | Zone:FVG+1 | Sess:OVERLAP | Strong1h+1 | QualityRisk:1.15 | RelStrengthRisk:1.25,0,0,0.525,bull,0.4886,1.3292,0.657,0.182,1.583,1.0,0.1426,1.171875,4031,0,1,0.493,-1.0,0,2.047,0
AAVEUSDT,4040,4046,1709819100,1709825400,LONG,TRAIL,125.26,127.53192038,136.61960189,121.47346604,0.3395372481364044,0.2733764787767655,0.06616076935963887,18,1.32,53.26,0.22981366459627178,0.008196380106161956,0.9027623610740955,base,adaptive disabled,1.15,84.9,90,87,80,80,NEW_YORK,bullish,bullish,OB,BOS bullish | Vol 1.3x | FVG | OB | ChoCH | Session:NEW_YORK | StrongTrend1h | Zone:OB | MTF 18 | Risk x1.15,BOS+2 | BodyStrong+1 | 1h+2 | 4h+2 | Vol+1 | RSI+1 | BTC+2 | FVG+1 | OB+1 | ChoCH+1 | Zone:OB+1 | Sess:NEW_YORK | Strong1h+1 | NestedOB_1h+2 | QualityRisk:1.15,0,0,0.45,range,0.5335,1.1972,0.0,-0.0149,1.535,1.0,-0.0507,1.0,4040,24,1,0.345,1.907,0,0.83,0
ETHUSDT,4042,4043,1709820900,1709822700,LONG,TRAIL,3807.61,3844.2316884,3990.71844198,3746.57385267,0.0,-0.12476573855206348,0.12476573855206348,19,2.83,59.96,0.4189704480457558,0.005228532096804108,0.9929322306417555,base,adaptive disabled,1.15,84.5,90,100,70,80,NEW_YORK,bullish,bullish,FVG,BOS bullish | Vol 2.8x | FVG | LiqSweep | ChoCH | Engulfing | Session:NEW_YORK | StrongTrend1h | Zone:FVG | MTF 19 | Risk x1.15,BOS+2 | 1h+2 | 4h+2 | Vol+2 | RSI+1 | BTC+2 | FVG+1 | LiqSweep+1 | ChoCH+1 | Engulfing+1 | Zone:FVG+1 | Sess:NEW_YORK | Strong1h+1 | NestedOB_1h+2 | QualityRisk:1.15,0,1,0.7,bear,0.1869,1.4033,0.0,-0.0044,2.263,1.0,0.2122,1.0,4041,0,1,0.511,0.409,1,3.211,5
SUIUSDT,4042,4075,1709820900,1709851500,LONG,TRAIL,1.5453,1.57274578,1.68252892,1.49955703,1.0768808606003204,0.9818683100379056,0.09501255056241464,17,2.13,59.68,0.24085365853658636,0.008675326393253361,0.9473456422052328,base,adaptive disabled,1.15,73.3,65,88,70,80,NEW_YORK,bullish,neutral,FVG,BOS bullish | Vol 2.1x | FVG | LiqSweep | MACD_Div | ChoCH | BullWick | Session:NEW_YORK | StrongTrend1h | Zone:FVG | MTF 17 | Risk x1.15,BOS+2 | 1h+2 | 4hN+1 | Vol+2 | RSI+1 | BTC+2 | FVG+1 | LiqSweep+1 | MACD_Div+1 | ChoCH+1 | BullWick+1 | Zone:FVG+1 | Sess:NEW_YORK | Strong1h+1 | QualityRisk:1.15,0,1,0.5,bear,0.7498,1.0821,6.87,0.1999,3.519,1.0,0.2311,1.40625,4042,0,1,0.79,0.162,1,1.543,3
AVAXUSDT,4043,4144,1709821800,1709913600,LONG,SL,43.734,45.316,48.32607,42.20331,-1.2763851596338927,-1.3192423024910356,0.04285714285714286,15,2.65,68.88,0.5800106326422099,0.007072957085132757,0.8705817120537304,base,adaptive disabled,1.25,90.5,90,100,90,80,NEW_YORK,bullish,bullish,FVG,BOS bullish | Vol 2.6x | FVG | ChoCH | Session:NEW_YORK | StrongTrend1h | Zone:FVG | MTF 15 | Risk x1.25,BOS+2 | BodyStrong+1 | 1h+2 | 4h+2 | Vol+2 | BTC+2 | FVG+1 | ChoCH+1 | Zone:FVG+1 | Sess:NEW_YORK | Strong1h+1 | QualityRisk:1.15 | RelStrengthRisk:1.25,0,0,0.5,range,1.7247,0.4197,10.0,0.2909,2.788,1.0,0.1342,0.75,4042,0,1,1.169,0.253,1,3.619,0
BTCUSDT,4043,4049,1709821800,1709828100,LONG,TRAIL,66924.0,67405.8528,69333.264,66120.912,0.29258374757185224,0.21445874757185254,0.07812499999999968,17,9.0,61.34,0.14376886589046933,0.00867074608271992,2.118079573827015,base,adaptive disabled,1.15,80.9,90,67,80,80,NEW_YORK,bullish,bullish,OB,BOS bullish | Vol 9.0x | FVG | OB | ChoCH | Engulfing | Session:NEW_YORK | StrongTrend1h | Zone:OB | MTF 17 | Risk x1.15,BOS+2 | 1h+2 | 4h+2 | Vol+2 | RSI+1 | BTC+2 | FVG+1 | OB+1 | ChoCH+1 | Engulfing+1 | Zone:OB+1 | Sess:NEW_YORK | Strong1h+1 | QualityRisk:1.15,0,0,0.5,range,0.528,1.3417,1.141,-0.0354,2.517,-1.0,-0.1837,0.46875,4043,4,1,0.171,0.869,1,2.144,0
AAVEUSDT,4053,4068,1709830800,1709845200,LONG,TRAIL,128.48,131.17808,141.9704,123.9832,0.693030762128757,0.6260664764144712,0.06696428571428581,15,2.68,66.97,0.3942558746736296,0.012999986799204721,1.3868520400024906,base,adaptive disabled,1.25,84.5,90,100,70,80,NEW_YORK,bullish,bullish,FVG,BOS bullish | Vol 2.7x | FVG | ChoCH | Session:NEW_YORK | StrongTrend1h | Zone:FVG | MTF 15 | Risk x1.25,BOS+2 | 1h+2 | 4h+2 | Vol+2 | RSI+1 | BTC+2 | FVG+1 | ChoCH+1 | Zone:FVG+1 | Sess:NEW_YORK | Strong1h+1 | QualityRisk:1.15 | RelStrengthRisk:1.25,0,0,0.575,range,0.3958,1.0007,3.113,0.0777,3.044,1.0,0.4038,1.171875,4049,0,5,2.166,-1.0,0,1.135,0
ADAUSDT,4061,4143,1709838000,1709912700,LONG,SL,0.7493,0.76467501,0.82617506,0.72367498,-0.6651214321003456,-0.6980175039863383,0.032896071885992674,15,1.57,65.77,0.40869565217391396,0.006172639509981113,0.800277297981292,base,adaptive disabled,1.25,84.5,90,100,70,80,OFF_HOURS,bullish,bullish,FVG,BOS bullish | Vol 1.6x | FVG | ChoCH | BullWick | StrongTrend1h | Zone:FVG | MTF 15 | Risk x1.25,BOS+2 | BodyStrong+1 | 1h+2 | 4h+2 | Vol+1 | RSI+1 | BTCok+1 | FVG+1 | ChoCH+1 | BullWick+1 | Zone:FVG+1 | Sess:OFF_HOURS | Strong1h+1 | QualityRisk:1.15 | RelStrengthRisk:1.25,0,0,0.55,bull,1.959,0.3642,1.205,0.0849,1.581,1.0,0.0148,0.5625,4060,0,1,0.647,0.78,1,0.714,0
XLMUSDT,4062,4132,1709838900,1709902800,LONG,TRAIL,0.1412,0.14374579,0.15392893,0.13695702,0.5980125622063457,0.5480948157168499,0.049917746489495825,16,1.35,57.22,0.39534883720929515,0.0065834278842603474,1.1570374514816917,base,adaptive disabled,1.25,84.5,90,100,70,80,DEAD_ZONE,bullish,bullish,FVG,BOS bullish | Vol 1.4x | FVG | LiqSweep | ChoCH | BullWick | StrongTrend1h | Zone:FVG | MTF 16 | Risk x1.25,BOS+2 | BodyStrong+1 | 1h+2 | 4h+2 | Vol+1 | RSI+1 | BTCok+1 | FVG+1 | LiqSweep+1 | ChoCH+1 | BullWick+1 | Zone:FVG+1 | Sess:DEAD_ZONE | Strong1h+1 | QualityRisk:1.15 | RelStrengthRisk:1.25,0,0,0.5,range,0.33,1.4927,0.0,0.2881,1.034,1.0,0.2524,0.75,4062,1,2,0.475,1.661,1,1.068,0
XRPUSDT,4068,4143,1709844300,1709912700,LONG,SL,0.6345,0.64557806,0.68989028,0.61603657,-0.46612411669987713,-0.49511977866517837,0.02899566196530122,17,1.52,64.85,0.46153846153845784,0.007327706210859766,1.233035104760545,base,adaptive disabled,1.15,87.5,90,100,80,80,DEAD_ZONE,bullish,bullish,OB,BOS bullish | Vol 1.5x | FVG | OB | ChoCH | BullWick | StrongTrend1h | Zone:OB | MTF 17 | Risk x1.15,BOS+2 | BodyStrong+1 | 1h+2 | 4h+2 | Vol+1 | RSI+1 | BTC+2 | FVG+1 | OB+1 | ChoCH+1 | BullWick+1 | Zone:OB+1 | Sess:DEAD_ZONE | Strong1h+1 | QualityRisk:1.15,0,0,0.575,bull,2.0148,0.3611,10.0,0.2164,1.588,1.0,0.1562,0.421875,4068,4,2,0.126,3.986,0,1.211,0
AAVEUSDT,4073,4078,1709848800,1709854200,LONG,TRAIL,130.02,132.71219072,143.48095358,125.53301547,0.5125926369287794,0.46912691987626276,0.043465717052516645,14,1.37,70.3,0.8023715415019759,0.009357100293474295,1.0870546882234697,base,adaptive disabled,1.25,78.5,90,100,50,80,DEAD_ZONE,bullish,bullish,FVG,BOS bullish | Vol 1.4x | FVG | ChoCH | Engulfing | BullWick | StrongTrend1h | Zone:FVG | MTF 14 | Risk x1.25,BOS+2 | 1h+2 | 4h+2 | Vol+1 | BTCok+1 | FVG+1 | ChoCH+1 | Engulfing+1 | BullWick+1 | Zone:FVG+1 | Sess:DEAD_ZONE | Strong1h+1 | QualityRisk:1.15 | RelStrengthRisk:1.25,0,0,0.4,bull,0.1159,1.1218,0.0,0.1072,1.627,1.0,0.3312,0.75,4069,2,1,0.754,-1.0,0,0.943,0
XLMUSDT,4085,4143,1709859600,1709912700,LONG,SL,0.1428,0.1471,0.1487,0.13991543,-0.9100143175585961,-0.9842714858713775,0.07425716831278138,14,1.65,59.67,0.33333333333332893,0.004442352737071361,0.8929129007859574,base,adaptive disabled,1.15,78.3,90,99,50,80,OFF_HOURS,bullish,bullish,FVG,BOS bullish | Vol 1.6x | FVG | ChoCH | BullWick | StrongTrend1h | Zone:FVG | MTF 14 | Risk x1.15,BOS+2 | 1h+2 | 4h+2 | Vol+1 | RSI+1 | BTCok+1 | FVG+1 | ChoCH+1 | BullWick+1 | Zone:FVG+1 | Sess:OFF_HOURS | Strong1h+1 | QualityRisk:1.15,0,0,0.525,range,1.8027,0.6279,0.0,0.0775,3.775,-1.0,-0.1904,0.75,4085,0,3,0.73,0.876,1,1.461,0
DOTUSDT,4086,4102,1709860500,1709875800,LONG,SL,10.493,10.725,11.15244786,10.27318405,-0.7261046116080272,-0.7932325031463798,0.0671278915383526,15,2.7,62.7,0.20304568527918793,0.009694175343049593,1.5131726421979579,base,adaptive disabled,1.15,81.3,90,84,70,80,OFF_HOURS,bullish,bullish,FVG,BOS bullish | Vol 2.7x | FVG | ChoCH | StrongTrend1h | Zone:FVG | MTF 15 | Risk x1.15,BOS+2 | 1h+2 | 4h+2 | Vol+2 | RSI+1 | BTC+2 | FVG+1 | ChoCH+1 | Zone:FVG+1 | Sess:OFF_HOURS | Strong1h+1 | RelStrengthRisk:1.15,0,0,0.4,bull,1.0463,0.2457,2.286,0.0524,1.614,1.0,0.3229,0.703125,4083,0,1,0.71,3.036,1,1.253,0
AVAXUSDT,4108,4130,1709880300,1709901000,LONG,TRAIL,43.216,43.66906921,45.48134606,42.46088465,0.2588875359113709,0.19450267073812327,0.0643848651732477,18,2.28,57.78,0.24375000000000482,0.005046163712015748,0.9691746498544949,base,adaptive disabled,1.15,88.3,90,89,90,80,OFF_HOURS,bullish,bullish,FVG,BOS bullish | Vol 2.3x | FVG | LiqSweep | MACD_Div | ChoCH | StrongTrend1h | Zone:FVG | MTF 18 | Risk x1.15,BOS+2 | BodyStrong+1 | 1h+2 | 4h+2 | Vol+2 | RSI+1 | BTC+2 | FVG+1 | LiqSweep+1 | MACD_Div+1 | ChoCH+1 | Zone:FVG+1 | Sess:OFF_HOURS | Strong1h+1 | QualityRisk:1.15,0,1,0.5,bear,0.2106,1.0065,0.0,0.1353,2.59,-1.0,-0.1633,0.5625,4108,0,1,1.201,0.475,1,1.183,5
BTCUSDT,4133,4137,1709902800,1709907300,LONG,TRAIL,67328.2,67812.96304,69333.0,66520.2616,0.4595233496780845,0.3774920996780844,0.0820312500000001,17,1.57,65.1,0.4841777940369591,0.00349149381253653,1.239901563768191,base,adaptive disabled,1.0,84.5,90,100,70,80,OVERLAP,bullish,bullish,FVG,BOS bullish | Vol 1.6x | FVG | ChoCH | Engulfing | BullWick | Session:OVERLAP | StrongTrend1h | Zone:FVG | MTF 17,BOS+2 | BodyStrong+1 | 1h+2 | 4h+2 | Vol+1 | RSI+1 | BTC+2 | FVG+1 | ChoCH+1 | Engulfing+1 | BullWick+1 | Zone:FVG+1 | Sess:OVERLAP | Strong1h+1,0,0,0.525,range,0.0201,1.2383,0.0,-0.0465,1.199,-1.0,-0.0119,0.4921875,4128,4,3,1.731,1.382,1,1.229,1
XLMUSDT,4135,4143,1709904600,1709912700,LONG,SL,0.1435,0.1487,0.1505,0.13936102,-0.5707928040241792,-0.6097969789658316,0.03900417494165241,13,3.78,70.49,0.5333333333333297,0.009271219751560714,2.1694654234104482,base,adaptive disabled,1.15,82.5,90,90,70,80,OVERLAP,bullish,bullish,FVG,BOS bullish | Vol 3.8x | FVG | ChoCH | Session:OVERLAP | StrongTrend1h | Zone:FVG | MTF 13 | Risk x1.15,BOS+2 | 1h+2 | 4h+2 | Vol+2 | BTCok+1 | FVG+1 | ChoCH+1 | Zone:FVG+1 | Sess:OVERLAP | Strong1h+1 | RelStrengthRisk:1.15,0,0,0.3,range,1.4255,0.1154,1.143,0.1748,2.537,1.0,0.3792,0.5625,4132,0,3,1.895,9.743,0,1.895,0
AVAXUSDT,4141,4142,1709910000,1709911800,LONG,SL,43.412,44.029,45.15676397,42.83041201,-1.1812486017807946,-1.3305364163383144,0.14928781455751974,17,2.01,61.4,0.26452732003469215,0.007518637528963858,1.5839871365060656,base,adaptive disabled,1.0,82.7,90,91,70,80,NEW_YORK,bullish,bullish,FVG,BOS bullish | Vol 2.0x | FVG | ChoCH | Engulfing | BullWick | Session:NEW_YORK | StrongTrend1h | Zone:FVG | MTF 17,BOS+2 | 1h+2 | 4h+2 | Vol+2 | RSI+1 | BTC+2 | FVG+1 | ChoCH+1 | Engulfing+1 | BullWick+1 | Zone:FVG+1 | Sess:NEW_YORK | Strong1h+1,0,0,0.55,range,3.8275,0.316,3.315,0.0455,1.373,1.0,0.1015,1.0,4139,23,1,0.275,0.094,1,2.98,0
AAVEUSDT,4169,4225,1709935200,1709986500,LONG,TRAIL,131.49,133.48117429,137.14,128.17137618,1.0351318768314122,0.9608409166707031,0.07429096016070906,16,2.35,51.92,0.3402922755741183,0.0076384051992015355,0.7940332711805845,base,adaptive disabled,1.15,82.5,90,90,70,80,DEAD_ZONE,bullish,bullish,FVG,BOS bullish | Vol 2.4x | FVG | ChoCH | Discount | BullWick | StrongTrend1h | Zone:FVG | MTF 16 | Risk x1.15,BOS+2 | 1h+2 | 4h+2 | Vol+2 | RSI+1 | BTCok+1 | FVG+1 | ChoCH+1 | Discount+1 | BullWick+1 | Zone:FVG+1 | Sess:DEAD_ZONE | Strong1h+1 | QualityRisk:1.15,0,0,0.625,range,0.8497,1.4564,0.0,-0.11,2.384,-1.0,-0.3573,0.9375,4169,3,3,0.225,3.973,0,0.675,0
XLMUSDT,4178,4189,1709943300,1709954100,LONG,TRAIL,0.1403,0.1424,0.1453508,0.1386164,1.4685906213291071,1.249840621329108,0.21874999999999908,17,1.53,54.77,0.25000000000000216,0.0035335802129836786,0.6219101179268288,base,adaptive disabled,1.15,64.0,60,80,50,80,DEAD_ZONE,neutral,bullish,FVG,BOS bullish | Vol 1.5x | FVG | LiqSweep | ChoCH | Engulfing | BullWick | Zone:FVG | MTF 17 | Risk x1.15,BOS+2 | 1hN+1 | 4h+2 | Vol+1 | RSI+1 | BTC+2 | FVG+1 | LiqSweep+1 | ChoCH+1 | Engulfing+1 | BullWick+1 | Zone:FVG+1 | Sess:DEAD_ZONE | NestedOB_1h+2 | QualityRisk:1.15,0,0,0.55,bull,0.0,1.0,2.0,0.1572,4.127,1.0,0.0268,1.3125,4174,13,1,0.124,1.36,1,1.484,0
BTCUSDT,4207,4278,1709969400,1710034200,LONG,TRAIL,68357.1,68849.27112,70817.9556,67536.8148,0.2523714483979018,0.21721519839790235,0.035156249999999445,19,2.65,60.14,0.4431451612903414,0.0021267761041641824,0.7276002443250881,base,adaptive disabled,1.0,82.5,90,90,70,80,OFF_HOURS,bullish,bullish,FVG,BOS bullish | Vol 2.6x | FVG | ChoCH | Discount | BullWick | StrongTrend1h | Zone:FVG | MTF 19,BOS+2 | 1h+2 | 4h+2 | Vol+2 | RSI+1 | BTC+2 | FVG+1 | ChoCH+1 | Discount+1 | BullWick+1 | Zone:FVG+1 | Sess:OFF_HOURS | Strong1h+1 | NestedOB_1h+2,0,0,0.55,bull,0.4957,1.3944,0.757,0.1972,2.262,1.0,0.4267,0.2109375,4204,0,1,0.291,5.386,0,1.875,0
DOTUSDT,4208,4216,1709970300,1709978400,LONG,TRAIL,10.683,10.864,10.999,10.50389195,0.8698848500817795,0.7804165096023874,0.0894683404793922,14,1.94,63.37,0.27407407407407575,0.00641921014891305,1.0158886364551485,base,adaptive disabled,1.15,76.9,90,92,50,80,LONDON,bullish,bullish,FVG,BOS bullish | Vol 1.9x | FVG | ChoCH | BullWick | Session:LONDON | StrongTrend1h | Zone:FVG | MTF 14 | Risk x1.15,BOS+2 | 1h+2 | 4h+2 | Vol+1 | RSI+1 | BTCok+1 | FVG+1 | ChoCH+1 | BullWick+1 | Zone:FVG+1 | Sess:LONDON | Strong1h+1 | QualityRisk:1.15,0,0,0.575,range,0.1842,1.0994,2.312,0.1135,2.311,1.0,0.0268,0.75,4206,3,1,0.602,0.285,1,1.474,0
SUIUSDT,4214,4221,1709975700,1709982900,LONG,TRAIL,1.5437,1.559039,1.620395,1.518135,0.6787678470788601,0.5580011738928639,0.1207666731859962,15,1.8,60.76,0.17006802721088773,0.004238460586783128,0.8772467885325433,base,adaptive disabled,1.15,74.5,90,80,50,80,LONDON,bullish,bullish,FVG,BOS bullish | Vol 1.8x | FVG | ChoCH | Engulfing | Session:LONDON | StrongTrend1h | Zone:FVG | MTF 15 | Risk x1.15,BOS+2 | 1h+2 | 4h+2 | Vol+1 | RSI+1 | BTC+2 | FVG+1 | ChoCH+1 | Engulfing+1 | Zone:FVG+1 | Sess:LONDON | Strong1h+1 | QualityRisk:1.15,0,0,0.55,bull,0.8449,1.1344,0.5,-0.0004,1.326,-1.0,-0.0294,1.0,4210,4,3,0.421,0.462,1,1.331,0
ADAUSDT,4220,4264,1709981100,1710021600,SHORT,SL,0.7298,0.72124598,0.68702991,0.7440567,-1.636401656764892,-1.7875720275379319,0.15117037077303994,17,3.63,33.18,0.6597938144329848,0.009068409115290919,2.2142032259524775,base,adaptive disabled,1.0,78.0,60,90,90,80,LONDON,neutral,bearish,FVG,BOS bearish | Vol 3.6x | FVG | LiqSweep | MACD_Div | ChoCH | Engulfing | Session:LONDON | Zone:FVG | MTF 17,BOS+2 | BodyStrong+1 | 1hN+1 | 4h+2 | Vol+2 | RSI+1 | BTC+2 | FVG+1 | LiqSweep+1 | MACD_Div+1 | ChoCH+1 | Engulfing+1 | Zone:FVG+1 | Sess:LONDON,0,1,0.575,bull,1.1153,0.4793,0.0,-0.1373,1.566,1.0,-0.1958,1.4765625,4218,0,1,2.13,1.384,1,1.118,0
DOTUSDT,4224,4247,1709984700,1710006300,LONG,SL,10.879,11.10009524,11.98447619,10.51050794,-1.7096704878797158,-1.8065429109924418,0.0968724231127261,15,1.32,61.06,0.19410977242302682,0.010670465094425785,1.68248127563972,base,adaptive disabled,1.15,75.1,90,83,50,80,OVERLAP,bullish,bullish,FVG,BOS bullish | Vol 1.3x | FVG | ChoCH | Engulfing | Session:OVERLAP | StrongTrend1h | Zone:FVG | MTF 15 | Risk x1.15,BOS+2 | 1h+2 | 4h+2 | Vol+1 | RSI+1 | BTC+2 | FVG+1 | ChoCH+1 | Engulfing+1 | Zone:FVG+1 | Sess:OVERLAP | Strong1h+1 | RelStrengthRisk:1.15,0,0,0.45,range,1.1452,0.2623,5.0,0.0344,1.491,-1.0,-0.2117,1.640625,4224,0,1,0.044,1.138,1,1.182,0
SUIUSDT,4226,4231,1709986500,1709991900,LONG,TRAIL,1.5844,1.6176724,1.750762,1.528946,2.12468398513056,2.010398270844846,0.11428571428571406,15,2.35,67.26,0.40655737704918216,0.018790597040801913,3.530111554052983,base,adaptive disabled,1.25,80.5,90,80,70,80,OVERLAP,bullish,bullish,FVG,BOS bullish | Vol 2.4x | FVG | ChoCH | Session:OVERLAP | StrongTrend1h | Zone:FVG | MTF 15 | Risk x1.25,BOS+2 | 1h+2 | 4h+2 | Vol+2 | RSI+1 | BTC+2 | FVG+1 | ChoCH+1 | Zone:FVG+1 | Sess:OVERLAP | Strong1h+1 | QualityRisk:1.15 | RelStrengthRisk:1.25,0,0,0.45,range,0.0866,1.4186,0.0,-0.0721,1.219,1.0,0.2662,2.0,4226,0,3,2.084,0.215,1,1.274,0
XLMUSDT,4233,4307,1709992800,1710060300,LONG,TRAIL,0.1424,0.14416354,0.15121771,0.13946076,0.5331008896398273,0.4604290424956678,0.07267184714415947,16,2.34,62.47,0.5294117647058747,0.003745822931147476,1.0668103715399648,base,adaptive disabled,1.25,90.5,90,100,90,80,NEW_YORK,bullish,bullish,FVG,BOS bullish | Vol 2.3x | FVG | LiqSweep | ChoCH | Session:NEW_YORK | StrongTrend1h | Zone:FVG | MTF 16 | Risk x1.25,BOS+2 | BodyStrong+1 | 1h+2 | 4h+2 | Vol+2 | RSI+1 | BTCok+1 | FVG+1 | LiqSweep+1 | ChoCH+1 | Zone:FVG+1 | Sess:NEW_YORK | Strong1h+1 | QualityRisk:1.15 | RelStrengthRisk:1.25,0,0,0.5,range,0.4083,1.1341,0.0,0.0593,2.526,1.0,0.05,0.75,4232,0,4,2.411,0.371,1,1.669,4
SUIUSDT,4274,4279,1710029700,1710035100,LONG,TRAIL,1.6082,1.63842466,1.75932331,1.55782556,0.5134823024050733,0.46559492142376624,0.04788738098130707,23,2.09,53.42,0.1851851851851838,0.006999037698532784,0.8771409399345849,base,adaptive disabled,1.15,89.9,90,82,100,80,OFF_HOURS,bullish,bullish,OB,BOS bullish | Vol 2.1x | FVG | OB | LiqSweep | MACD_Div | ChoCH | BullWick | StrongTrend1h | Zone:OB | 💎PREMIUM | MTF 23 | Risk x1.15,BOS+2 | BodyStrong+1 | 1h+2 | 4h+2 | Vol+2 | RSI+1 | BTC+2 | FVG+1 | OB+1 | LiqSweep+1 | MACD_Div+1 | ChoCH+1 | BullWick+1 | Zone:OB+1 | Sess:OFF_HOURS | Strong1h+1 | 💎Premium+3 | QualityRisk:1.15,1,1,0.65,bear,0.1429,1.0389,0.0,0.0359,1.768,-1.0,0.0376,0.75,4274,18,1,0.728,0.18,1,0.747,4
BTCUSDT,4278,4290,1710033300,1710045000,LONG,TRAIL,68909.4,69439.64569158,70286.2,68025.6571807,0.15125668920337354,0.12658507166081714,0.024671617542556413,14,10.32,71.01,0.4694374543388142,0.006208104855269419,3.754406447614651,base,adaptive disabled,1.0,80.5,90,80,70,80,OFF_HOURS,bullish,bullish,FVG,BOS bullish | Vol 10.3x | FVG | ChoCH | StrongTrend1h | Zone:FVG | MTF 14,BOS+2 | 1h+2 | 4h+2 | Vol+2 | BTC+2 | FVG+1 | ChoCH+1 | Zone:FVG+1 | Sess:OFF_HOURS | Strong1h+1,0,0,0.5,range,0.2992,1.6924,10.0,-0.0861,4.25,-1.0,-0.1764,0.158203125,4278,0,1,2.817,2.143,1,2.426,0
ETHUSDT,4278,4309,1710033300,1710062100,LONG,TRAIL,3925.11,3956.21104274,4080.61521369,3873.27492877,0.9186980600245314,0.7199250381011668,0.19877302192336443,13,8.19,61.96,0.3245337854201975,0.004873256488455906,1.8806881042726027,base,adaptive disabled,1.0,71.6,60,88,70,80,OFF_HOURS,neutral,bullish,FVG,BOS bullish | Vol 8.2x | FVG | ChoCH | Zone:FVG | MTF 13,BOS+2 | 1hN+1 | 4h+2 | Vol+2 | RSI+1 | BTC+2 | FVG+1 | ChoCH+1 | Zone:FVG+1 | Sess:OFF_HOURS,0,0,0.6,bull,0.2703,1.3791,2.498,-0.0466,5.093,-1.0,-0.0674,1.3125,4278,0,4,1.093,0.717,1,1.434,0
BTCUSDT,4290,4374,1710044100,1710120600,LONG,SL,69430.0,70318.54118236,73872.70591179,67949.0980294,-0.3012479953816602,-0.32762001444526967,0.026372019063609517,14,1.82,69.36,0.37088076692630473,0.006200379305638263,3.1535553895233654,base,adaptive disabled,1.0,74.5,90,80,50,80,OFF_HOURS,bullish,bullish,FVG,BOS bullish | Vol 1.8x | FVG | ChoCH | Engulfing | StrongTrend1h | Zone:FVG | MTF 14,BOS+2 | 1h+2 | 4h+2 | Vol+1 | BTC+2 | FVG+1 | ChoCH+1 | Engulfing+1 | Zone:FVG+1 | Sess:OFF_HOURS | Strong1h+1,0,0,0.475,range,1.7084,0.6122,0.633,-0.0728,1.416,1.0,0.0371,0.28125,4290,0,1,0.672,3.28,1,1.241,0
SOLUSDT,4305,4317,1710057600,1710069300,LONG,SL,147.86,149.17520345,154.43601725,145.66799425,-0.8485379201217861,-0.9497192240485653,0.10118130392677932,15,1.82,63.61,0.17551020408163626,0.004608561802951323,1.0421021750742159,base,adaptive disabled,1.25,74.7,90,81,50,80,LONDON,bullish,bullish,FVG,BOS bullish | Vol 1.8x | FVG | ChoCH | BullWick | Session:LONDON | StrongTrend1h | Zone:FVG | MTF 15 | Risk x1.25,BOS+2 | 1h+2 | 4h+2 | Vol+1 | RSI+1 | BTC+2 | FVG+1 | ChoCH+1 | BullWick+1 | Zone:FVG+1 | Sess:LONDON | Strong1h+1 | QualityRisk:1.15 | RelStrengthRisk:1.25,0,0,0.4,range,1.2774,0.3193,1.593,0.0549,2.24,1.0,0.0862,0.75,4304,1,1,0.046,0.215,1,0.767,0
SUIUSDT,4309,4318,1710061200,1710070200,LONG,SL,1.6162,1.6534,1.71466573,1.58337809,-1.0876880717788835,-1.1861710668270082,0.09848299504812484,16,1.69,63.46,0.4989561586638832,0.009125459721506505,1.5450844171532274,base,adaptive disabled,1.25,78.5,90,100,50,80,LONDON,bullish,bullish,FVG,BOS bullish | Vol 1.7x | FVG | LiqSweep | ChoCH | BullWick | Session:LONDON | StrongTrend1h | Zone:FVG | MTF 16 | Risk x1.25,BOS+2 | 1h+2 | 4h+2 | Vol+1 | RSI+1 | BTC+2 | FVG+1 | LiqSweep+1 | ChoCH+1 | BullWick+1 | Zone:FVG+1 | Sess:LONDON | Strong1h+1 | QualityRisk:1.15 | RelStrengthRisk:1.25,0,0,0.4,range,1.1425,0.0511,0.0,0.1619,1.273,1.0,0.2354,1.0,4304,0,1,0.494,0.184,1,1.996,0
ETHUSDT,4310,4330,1710062100,1710081000,LONG,SL,3925.11,3979.99,4066.41396,3878.00868,-1.1146184438143083,-1.2812851104809742,0.1666666666666659,18,1.49,61.85,0.3741820345032709,0.0038184231936219414,1.514243447720798,base,adaptive disabled,1.0,84.5,90,100,70,80,LONDON,bullish,bullish,FVG,BOS bullish | Vol 1.5x | FVG | ChoCH | BullWick | Session:LONDON | StrongTrend1h | Zone:FVG | MTF 18,BOS+2 | BodyStrong+1 | 1h+2 | 4h+2 | Vol+1 | RSI+1 | BTC+2 | FVG+1 | ChoCH+1 | BullWick+1 | Zone:FVG+1 | Sess:LONDON | Strong1h+1 | NestedOB_1h+2,0,0,0.55,range,1.4605,0.611,0.0,-0.0584,0.992,-1.0,-0.059,1.0,4309,31,1,0.381,0.129,1,2.598,0
BTCUSDT,4315,4362,1710066600,1710109800,LONG,SL,69597.0,70098.0984,72102.492,68761.836,-0.4651331953963483,-0.527633195396348,0.06249999999999968,17,1.42,63.49,0.3552967453733185,0.0038090299926430895,1.4740542887295576,base,adaptive disabled,1.15,87.5,90,100,80,80,LONDON,bullish,bullish,OB,BOS bullish | Vol 1.4x | FVG | OB | ChoCH | Engulfing | BullWick | Session:LONDON | StrongTrend1h | Zone:OB | MTF 17 | Risk x1.15,BOS+2 | BodyStrong+1 | 1h+2 | 4h+2 | Vol+1 | RSI+1 | BTCok+1 | FVG+1 | OB+1 | ChoCH+1 | Engulfing+1 | BullWick+1 | Zone:OB+1 | Sess:LONDON | Strong1h+1 | QualityRisk:1.15,0,0,0.525,bull,1.3036,0.6037,0.0,0.3478,1.713,1.0,0.4175,0.375,4314,4,3,0.153,1.852,1,1.088,0
ADAUSDT,4365,4372,1710111600,1710118800,SHORT,TRAIL,0.713,0.7044611,0.67030552,0.72723149,1.1709435001691955,1.1145808143225273,0.05636268584666815,15,3.27,35.76,0.4652406417112222,0.006687285373631458,1.4165243902229427,base,adaptive disabled,1.15,84.5,90,100,70,80,DEAD_ZONE,bearish,bearish,FVG,BOS bearish | Vol 3.3x | FVG | ChoCH | StrongTrend1h | Zone:FVG | MTF 15 | Risk x1.15,BOS+2 | 1h+2 | 4h+2 | Vol+2 | RSI+1 | BTC+2 | FVG+1 | ChoCH+1 | Zone:FVG+1 | Sess:DEAD_ZONE | Strong1h+1 | TrendPairRisk:1.15,0,0,0.425,range,0.4778,1.0189,10.0,-0.0545,2.306,1.0,-0.2735,0.5625,4362,0,1,0.965,0.965,1,1.152,0
DOTUSDT,4365,4372,1710111600,1710118800,SHORT,TRAIL,10.159,10.03763844,9.55219221,10.36126926,0.0,-0.0847549078886235,0.0847549078886235,14,2.57,32.57,0.6776859504132244,0.007358313744649026,1.4280682109093785,base,adaptive disabled,1.0,75.8,65,100,70,80,DEAD_ZONE,bearish,neutral,FVG,BOS bearish | Vol 2.6x | FVG | ChoCH | StrongTrend1h | Zone:FVG | MTF 14,BOS+2 | 1h+2 | 4hN+1 | Vol+2 | RSI+1 | BTC+2 | FVG+1 | ChoCH+1 | Zone:FVG+1 | Sess:DEAD_ZONE | Strong1h+1,0,0,0.425,range,1.0926,3.2877,0.0,-0.0245,1.657,1.0,-0.3221,0.84375,4362,0,4,1.694,1.537,1,1.048,0
XLMUSDT,4365,4372,1710111600,1710118800,SHORT,TRAIL,0.1395,0.13827793,0.13338965,0.14153678,3.1424220625729697,2.98831852659952,0.1541035359734492,14,3.82,29.81,0.7037037037036961,0.005026392750192351,1.4134216423593666,base,adaptive disabled,1.0,81.8,65,100,90,80,DEAD_ZONE,bearish,neutral,FVG,BOS bearish | Vol 3.8x | FVG | ChoCH | StrongTrend1h | Zone:FVG | MTF 14,BOS+2 | BodyStrong+1 | 1h+2 | 4hN+1 | Vol+2 | BTC+2 | FVG+1 | ChoCH+1 | Zone:FVG+1 | Sess:DEAD_ZONE | Strong1h+1,0,0,0.375,range,0.3928,1.5547,0.0,0.0059,2.052,1.0,-0.3203,1.125,4362,0,1,2.422,1.863,1,2.049,0
AVAXUSDT,4366,4372,1710112500,1710118800,SHORT,TRAIL,41.773,41.33888114,39.60240568,42.49653144,1.9371335520519515,1.8505312338444657,0.08660231820748582,15,3.75,31.11,0.7745454545454621,0.0059012662457847325,1.1810883340058531,base,adaptive disabled,1.25,90.5,90,100,90,80,DEAD_ZONE,bearish,bearish,FVG,BOS bearish | Vol 3.8x | FVG | ChoCH | StrongTrend1h | Zone:FVG | MTF 15 | Risk x1.25,BOS+2 | BodyStrong+1 | 1h+2 | 4h+2 | Vol+2 | BTC+2 | FVG+1 | ChoCH+1 | Zone:FVG+1 | Sess:DEAD_ZONE | Strong1h+1 | QualityRisk:1.15 | TrendPairRisk:1.25,0,0,0.5,range,0.5971,1.4673,0.0,0.0801,2.265,1.0,-0.3546,0.75,4362,0,4,1.697,1.919,1,1.177,0
AVAXUSDT,4427,4452,1710167400,1710190800,LONG,TRAIL,47.637,48.637377,52.638885,45.969705,0.9991666709979945,0.9277380995694231,0.0714285714285713,15,1.5,67.31,0.25815602836879464,0.02313662491872437,2.372789422226036,base,adaptive disabled,1.15,80.5,90,80,70,80,NEW_YORK,bullish,bullish,FVG,BOS bullish | Vol 1.5x | FVG | ChoCH | Session:NEW_YORK | StrongTrend1h | Zone:FVG | MTF 15 | Risk x1.15,BOS+2 | BodyStrong+1 | 1h+2 | 4h+2 | Vol+1 | RSI+1 | BTC+2 | FVG+1 | ChoCH+1 | Zone:FVG+1 | Sess:NEW_YORK | Strong1h+1 | RelStrengthRisk:1.15,0,0,0.425,range,0.8409,1.2895,0.579,-0.0772,1.548,1.0,0.1133,1.25,4427,0,2,0.991,-1.0,0,0.654,0
DOTUSDT,4442,4489,1710180900,1710224100,LONG,SL,11.144,11.378024,12.31412,10.75396,-0.4350139769318525,-0.45761442336042385,0.022600446428571383,14,1.48,71.04,0.5218579234972666,0.012030045152506691,1.3642071203069126,base,adaptive disabled,1.0,84.5,90,100,70,80,OFF_HOURS,bullish,bullish,FVG,BOS bullish | Vol 1.5x | FVG | ChoCH | StrongTrend1h | Zone:FVG | MTF 14,BOS+2 | BodyStrong+1 | 1h+2 | 4h+2 | Vol+1 | BTC+2 | FVG+1 | ChoCH+1 | Zone:FVG+1 | Sess:OFF_HOURS | Strong1h+1,0,0,0.55,bull,1.0999,0.4615,8.884,0.2382,1.549,1.0,0.347,0.3955078125,4442,0,1,2.024,-1.0,0,1.272,5
LINKUSDT,4462,4479,1710198900,1710215100,LONG,SL,21.384,21.61563088,22.54215441,20.99794853,-1.3380663982447716,-1.4419256064482782,0.1038592082035067,17,1.81,56.72,0.3657289002557512,0.004150520857464566,0.7309067230029628,base,adaptive disabled,1.15,79.5,90,90,60,80,DEAD_ZONE,bullish,bullish,OB,BOS bullish | Vol 1.8x | FVG | OB | ChoCH | BullWick | StrongTrend1h | Zone:OB | MTF 17 | Risk x1.15,BOS+2 | 1h+2 | 4h+2 | Vol+1 | RSI+1 | BTCok+1 | FVG+1 | OB+1 | ChoCH+1 | BullWick+1 | Zone:OB+1 | Sess:DEAD_ZONE | Strong1h+1 | NestedOB_1h+2 | QualityRisk:1.15,0,0,0.6,bull,1.6293,0.1252,0.0,0.2204,1.941,-1.0,-0.0203,0.9375,4462,5,2,0.375,0.375,1,0.807,0
SOLUSDT,4465,4475,1710201600,1710211500,LONG,TRAIL,148.1,149.64053474,155.8026737,145.5324421,1.131669938977831,1.0505556532980416,0.08111428567978944,16,3.6,51.56,0.17799352750809574,0.007092171251039826,1.1339765119876624,base,adaptive disabled,1.15,89.7,90,81,100,80,OFF_HOURS,bullish,bullish,OB,BOS bullish | Vol 3.6x | FVG | OB | ChoCH | StrongTrend1h | Zone:OB | MTF 16 | Risk x1.15,BOS+2 | BodyStrong+1 | 1h+2 | 4h+2 | Vol+2 | RSI+1 | BTCok+1 | FVG+1 | OB+1 | ChoCH+1 | Zone:OB+1 | Sess:OFF_HOURS | Strong1h+1 | QualityRisk:1.15,0,0,0.5,bull,0.3311,2.3044,0.0,0.0359,1.776,1.0,0.076,0.703125,4465,5,2,0.877,0.353,1,1.048,0
AAVEUSDT,4467,4488,1710203400,1710223200,LONG,SL,137.45,140.10408791,150.72043955,133.02652015,-0.7311833917362621,-0.7748795470380662,0.04369615530180406,15,3.18,63.27,0.40808823529411975,0.010392276593706944,1.4037804907727627,base,adaptive disabled,1.15,90.5,90,100,90,80,OFF_HOURS,bullish,bullish,FVG,BOS bullish | Vol 3.2x | FVG | ChoCH | StrongTrend1h | Zone:FVG | MTF 15 | Risk x1.15,BOS+2 | BodyStrong+1 | 1h+2 | 4h+2 | Vol+2 | RSI+1 | BTCok+1 | FVG+1 | ChoCH+1 | Zone:FVG+1 | Sess:OFF_HOURS | Strong1h+1 | QualityRisk:1.15,0,0,0.7,bull,1.1552,0.0829,3.7,0.2975,1.722,1.0,0.3477,0.703125,4467,1,5,1.668,0.638,1,1.254,0
SUIUSDT,4468,4474,1710204300,1710210600,LONG,TRAIL,1.5728,1.59591271,1.68836356,1.53427881,1.0447880173900543,0.9682327500164346,0.07655526737361959,15,2.25,65.47,0.23287671232877347,0.006642164835119729,1.0893150330295713,base,adaptive disabled,1.15,84.4,80,87,90,80,OFF_HOURS,bullish,bullish,FVG,BOS bullish | Vol 2.2x | FVG | ChoCH | BullWick | Zone:FVG | MTF 15 | Risk x1.15,BOS+2 | BodyStrong+1 | 1h+2 | 4h+2 | Vol+2 | RSI+1 | BTCok+1 | FVG+1 | ChoCH+1 | BullWick+1 | Zone:FVG+1 | Sess:OFF_HOURS | QualityRisk:1.15,0,0,0.475,bull,0.0389,1.2158,0.317,0.4211,1.597,1.0,0.4077,0.9375,4466,5,5,0.681,0.153,1,1.091,0
SOLUSDT,4479,4484,1710214200,1710219600,LONG,TRAIL,150.77,153.5129561,164.48478052,146.19840649,0.3338555889154815,0.3077680932708284,0.02608749564465316,16,1.7,65.78,0.35774647887323574,0.011906824473009996,1.9329617356031965,base,adaptive disabled,1.25,82.5,90,90,70,80,OFF_HOURS,bullish,bullish,FVG,BOS bullish | Vol 1.7x | FVG | ChoCH | Engulfing | BullWick | StrongTrend1h | Zone:FVG | MTF 16 | Risk x1.25,BOS+2 | BodyStrong+1 | 1h+2 | 4h+2 | Vol+1 | RSI+1 | BTCok+1 | FVG+1 | ChoCH+1 | Engulfing+1 | BullWick+1 | Zone:FVG+1 | Sess:OFF_HOURS | Strong1h+1 | QualityRisk:1.15 | RelStrengthRisk:1.25,0,0,0.55,range,0.3128,1.5203,10.0,0.2,1.67,1.0,0.2077,0.3955078125,4476,1,2,1.35,1.417,1,2.634,0
BTCUSDT,4511,4521,1710243000,1710252900,LONG,TRAIL,72072.4,72634.86987436,74884.74937181,71134.9502094,0.0,-0.10090676423262847,0.10090676423262847,17,1.56,54.69,0.34443866041992716,0.004321354177604595,1.2908695182413243,base,adaptive disabled,1.15,78.5,90,100,50,80,OVERLAP,bullish,bullish,FVG,BOS bullish | Vol 1.6x | FVG | ChoCH | Engulfing | Session:OVERLAP | StrongTrend1h | Zone:FVG | MTF 17 | Risk x1.15,BOS+2 | 1h+2 | 4h+2 | Vol+1 | RSI+1 | BTC+2 | FVG+1 | ChoCH+1 | Engulfing+1 | Zone:FVG+1 | Sess:OVERLAP | Strong1h+1 | NestedOB_1h+2 | QualityRisk:1.15,0,0,0.575,range,0.6106,2.3423,2.416,0.0581,1.195,-1.0,-0.1266,0.65625,4510,17,1,0.016,0.962,1,0.406,1
XRPUSDT,4516,4532,1710247500,1710262800,LONG,SL,0.7034,0.7181714,0.777257,0.678781,-2.380275397051052,-2.494561111336766,0.11428571428571403,15,1.76,57.72,0.3571428571428545,0.019236052112826967,2.1275684308160727,base,adaptive disabled,1.15,76.5,90,90,50,80,OVERLAP,bullish,bullish,FVG,BOS bullish | Vol 1.8x | FVG | ChoCH | Engulfing | Session:OVERLAP | StrongTrend1h | Zone:FVG | MTF 15 | Risk x1.15,BOS+2 | 1h+2 | 4h+2 | Vol+1 | RSI+1 | BTC+2 | FVG+1 | ChoCH+1 | Engulfing+1 | Zone:FVG+1 | Sess:OVERLAP | Strong1h+1 | QualityRisk:1.15,0,0,0.5,bull,1.511,0.3046,0.0,-0.0416,1.332,-1.0,-0.0727,2.0,4516,0,1,0.075,0.527,1,0.778,0
AAVEUSDT,4561,4576,1710288000,1710302400,LONG,TRAIL,134.73,137.47867378,148.4733689,130.14887703,0.8951589342515369,0.8510442048885747,0.044114729362962325,14,1.9,62.44,0.3689095127610239,0.005694702816054695,0.604425571249186,base,adaptive disabled,1.15,76.5,90,90,50,80,OFF_HOURS,bullish,bullish,FVG,BOS bullish | Vol 1.9x | FVG | ChoCH | Engulfing | StrongTrend1h | Zone:FVG | MTF 14 | Risk x1.15,BOS+2 | 1h+2 | 4h+2 | Vol+1 | RSI+1 | BTCok+1 | FVG+1 | ChoCH+1 | Engulfing+1 | Zone:FVG+1 | Sess:OFF_HOURS | Strong1h+1 | QualityRisk:1.15,0,0,0.575,range,0.1943,1.0914,1.12,0.0977,1.645,1.0,0.0732,0.75,4561,4,5,0.513,0.045,1,0.675,0
SOLUSDT,4561,4600,1710288000,1710324000,LONG,TRAIL,150.4,153.21506113,164.47530564,145.70823145,0.5295923126331586,0.4664817825964629,0.06311053003669578,14,1.67,63.91,0.5706984667802343,0.009879188661605838,1.1190632103028058,base,adaptive disabled,1.25,68.0,60,100,50,80,DEAD_ZONE,neutral,bullish,FVG,BOS bullish | Vol 1.7x | FVG | ChoCH | Engulfing | BullWick | Zone:FVG | MTF 14 | Risk x1.25,BOS+2 | 1hN+1 | 4h+2 | Vol+1 | RSI+1 | BTC+2 | FVG+1 | ChoCH+1 | Engulfing+1 | BullWick+1 | Zone:FVG+1 | Sess:DEAD_ZONE | QualityRisk:1.15 | RelStrengthRisk:1.25,0,0,0.475,range,0.3495,1.0195,0.0,0.3568,1.979,1.0,0.0081,0.984375,4560,0,1,0.774,1.285,1,0.526,0
DOTUSDT,4576,4591,1710301500,1710315900,LONG,TRAIL,10.876,11.06164653,11.80423266,10.56658911,0.2994048706867134,0.2598603672595714,0.03954450342714197,14,1.57,69.47,0.6666666666666644,0.007143283135259991,1.1423841438391318,base,adaptive disabled,1.25,78.5,90,100,50,80,OFF_HOURS,bullish,bullish,FVG,BOS bullish | Vol 1.6x | FVG | ChoCH | Engulfing | StrongTrend1h | Zone:FVG | MTF 14 | Risk x1.25,BOS+2 | 1h+2 | 4h+2 | Vol+1 | BTC+2 | FVG+1 | ChoCH+1 | Engulfing+1 | Zone:FVG+1 | Sess:OFF_HOURS | Strong1h+1 | QualityRisk:1.15 | RelStrengthRisk:1.25,0,0,0.45,bull,0.1357,1.1204,2.047,0.1457,1.871,1.0,0.1961,0.5625,4576,1,2,1.177,0.489,1,1.04,1
SOLUSDT,4584,4607,1710308700,1710330300,LONG,TRAIL,151.63,153.95421242,163.25106208,147.75631264,0.4414291496149543,0.3973926195218287,0.044036530093125636,13,1.87,69.27,0.683741648106912,0.009647844424407047,1.519432860202327,base,adaptive disabled,1.25,78.5,90,100,50,80,OFF_HOURS,bullish,bullish,FVG,BOS bullish | Vol 1.9x | FVG | ChoCH | BullWick | StrongTrend1h | Zone:FVG | MTF 13 | Risk x1.25,BOS+2 | 1h+2 | 4h+2 | Vol+1 | BTCok+1 | FVG+1 | ChoCH+1 | BullWick+1 | Zone:FVG+1 | Sess:OFF_HOURS | Strong1h+1 | QualityRisk:1.15 | RelStrengthRisk:1.25,0,1,0.475,bear,0.3175,1.1058,0.0,0.1499,1.999,1.0,0.3644,0.5625,4583,0,1,1.196,0.339,1,0.608,0
AAVEUSDT,4604,4609,1710326700,1710332100,LONG,TRAIL,148.52,151.63892,164.1146,143.3218,0.0,-0.07142857142857124,0.07142857142857124,15,1.47,67.02,0.2727272727272754,0.011727020215483337,1.3193874994113273,base,adaptive disabled,1.15,85.9,90,92,80,80,LONDON,bullish,bullish,OB,BOS bullish | Vol 1.5x | FVG | OB | ChoCH | Session:LONDON | StrongTrend1h | Zone:OB | MTF 15 | Risk x1.15,BOS+2 | BodyStrong+1 | 1h+2 | 4h+2 | Vol+1 | RSI+1 | BTCok+1 | FVG+1 | OB+1 | ChoCH+1 | Zone:OB+1 | Sess:LONDON | Strong1h+1 | QualityRisk:1.15,0,0,0.55,bull,0.1385,1.7217,0.398,0.1031,1.134,1.0,0.175,1.25,4602,4,1,0.785,-1.0,0,0.822,0
SOLUSDT,4610,4621,1710332100,1710342900,LONG,TRAIL,153.24,155.54543152,164.76715761,149.39761413,1.2433517956251285,1.1386629346909198,0.10468886093420868,13,1.62,65.64,0.2798264642082466,0.00617095920064423,1.0008770635434452,base,adaptive disabled,1.25,77.1,90,93,50,80,OVERLAP,bullish,bullish,FVG,BOS bullish | Vol 1.6x | FVG | ChoCH | Session:OVERLAP | StrongTrend1h | Zone:FVG | MTF 13 | Risk x1.25,BOS+2 | 1h+2 | 4h+2 | Vol+1 | RSI+1 | BTCok+1 | FVG+1 | ChoCH+1 | Zone:FVG+1 | Sess:OVERLAP | Strong1h+1 | QualityRisk:1.15 | RelStrengthRisk:1.25,0,0,0.55,bull,0.9005,1.1711,3.308,0.0598,1.687,1.0,0.1123,1.3125,4606,0,1,0.499,1.566,1,1.367,0
AVAXUSDT,4612,4649,1710333900,1710368100,LONG,TRAIL,54.193,55.02629723,58.35948614,52.80417129,1.668432424266126,1.5123498213942423,0.15608260287188347,15,2.47,53.12,0.26593406593406554,0.016545007749970475,1.9362694504642683,base,adaptive disabled,1.25,86.7,90,81,90,80,OVERLAP,bullish,bullish,FVG,BOS bullish | Vol 2.5x | FVG | ChoCH | Session:OVERLAP | StrongTrend1h | Zone:FVG | MTF 15 | Risk x1.25,BOS+2 | BodyStrong+1 | 1h+2 | 4h+2 | Vol+2 | RSI+1 | BTCok+1 | FVG+1 | ChoCH+1 | Zone:FVG+1 | Sess:OVERLAP | Strong1h+1 | QualityRisk:1.15 | RelStrengthRisk:1.25,0,1,0.45,bear,1.4552,1.6081,0.0,0.0181,1.466,-1.0,-0.0358,2.0,4612,18,1,0.445,0.758,1,1.542,0
SOLUSDT,4623,4636,1710343800,1710356400,LONG,TRAIL,157.32,160.62372,173.8386,151.8138,0.5397597425716686,0.4995811711430972,0.040178571428571376,13,1.86,69.76,0.45151199165797823,0.016653378575242763,2.3938446165201883,base,adaptive disabled,1.25,76.5,90,90,50,80,NEW_YORK,bullish,bullish,FVG,BOS bullish | Vol 1.9x | FVG | ChoCH | Session:NEW_YORK | StrongTrend1h | Zone:FVG | MTF 13 | Risk x1.25,BOS+2 | 1h+2 | 4h+2 | Vol+1 | BTC+2 | FVG+1 | ChoCH+1 | Zone:FVG+1 | Sess:NEW_YORK | Strong1h+1 | QualityRisk:1.15 | RelStrengthRisk:1.25,0,0,0.475,range,0.2107,1.3863,3.608,0.2335,1.451,1.0,0.3313,0.703125,4623,0,3,1.703,-1.0,0,1.111,0
SOLUSDT,4650,4660,1710368100,1710378000,LONG,TRAIL,163.47,166.90287,180.63435,157.74855,0.711131033549629,0.6709524621210577,0.0401785714285714,14,1.42,65.65,0.286561264822134,0.015846010265668273,1.9289031376205348,base,adaptive disabled,1.15,81.3,90,84,70,80,DEAD_ZONE,bullish,bullish,FVG,BOS bullish | Vol 1.4x | FVG | ChoCH | StrongTrend1h | Zone:FVG | MTF 14 | Risk x1.15,BOS+2 | BodyStrong+1 | 1h+2 | 4h+2 | Vol+1 | RSI+1 | BTCok+1 | FVG+1 | ChoCH+1 | Zone:FVG+1 | Sess:DEAD_ZONE | Strong1h+1 | QualityRisk:1.15,0,0,0.55,bull,0.0787,1.7332,1.559,0.1408,0.875,1.0,0.2062,0.703125,4649,1,3,1.036,-1.0,0,0.683,1
DOTUSDT,4659,4694,1710376200,1710408600,LONG,TRAIL,11.192,11.427032,12.36716,10.80028,0.7332502622225239,0.7049997041868096,0.02825055803571433,15,2.31,60.05,0.2966442953020146,0.015544805554308413,2.0463626169178295,base,adaptive disabled,1.0,87.5,90,85,90,80,OFF_HOURS,bullish,bullish,FVG,BOS bullish | Vol 2.3x | FVG | ChoCH | StrongTrend1h | Zone:FVG | MTF 15,BOS+2 | BodyStrong+1 | 1h+2 | 4h+2 | Vol+2 | RSI+1 | BTCok+1 | FVG+1 | ChoCH+1 | Zone:FVG+1 | Sess:OFF_HOURS | Strong1h+1,0,0,0.575,range,0.6535,1.3743,10.0,0.2451,1.13,1.0,0.2794,0.494384765625,4657,0,4,1.447,0.446,1,1.536,0
AAVEUSDT,4669,4711,1710385200,1710423900,LONG,SL,142.27,145.25767,157.20835,137.29055,-1.4233499683700013,-1.493662468370001,0.0703124999999998,18,1.37,51.65,0.2921535893155282,0.015739585936961707,2.4399779851424817,base,adaptive disabled,1.15,74.0,60,85,80,80,OFF_HOURS,neutral,bullish,OB,BOS bullish | Vol 1.4x | FVG | OB | LiqSweep | ChoCH | Zone:OB | 💎PREMIUM | MTF 18 | Risk x1.15,BOS+2 | BodyStrong+1 | 1hN+1 | 4h+2 | Vol+1 | RSI+1 | BTC+2 | FVG+1 | OB+1 | LiqSweep+1 | ChoCH+1 | Zone:OB+1 | Sess:OFF_HOURS | 💎Premium+3 | QualityRisk:1.15,1,0,0.675,range,1.4821,0.4586,0.0,0.0604,1.119,1.0,0.1199,1.23046875,4669,25,1,0.665,9.379,0,1.258,0
BTCUSDT,4674,4686,1710389700,1710401400,LONG,TRAIL,73137.3,73663.88856,75770.2428,72259.6524,0.08601486736531186,0.05085861736531173,0.03515625000000014,18,5.46,66.59,0.7197185458200662,0.003537462717096283,1.0888786094806415,base,adaptive disabled,1.15,90.5,90,100,90,80,OFF_HOURS,bullish,bullish,FVG,BOS bullish | Vol 5.5x | FVG | ChoCH | Engulfing | StrongTrend1h | Zone:FVG | MTF 18 | Risk x1.15,BOS+2 | BodyStrong+1 | 1h+2 | 4h+2 | Vol+2 | RSI+1 | BTCok+1 | FVG+1 | ChoCH+1 | Engulfing+1 | Zone:FVG+1 | Sess:OFF_HOURS | Strong1h+1 | NestedOB_1h+2 | QualityRisk:1.15,0,1,0.5,bear,0.5125,1.3648,0.0,0.1908,2.464,1.0,0.1639,0.2109375,4673,3,3,1.633,0.332,1,2.292,0
ADAUSDT,4686,4689,1710400500,1710404100,LONG,TRAIL,0.7621,0.77609335,0.83206673,0.73877776,0.8005305810348431,0.7515151348341351,0.04901544620070789,14,1.58,57.91,0.5104895104895054,0.008725134604601944,1.4522501821598766,base,adaptive disabled,1.15,84.5,90,100,70,80,LONDON,bullish,bullish,FVG,BOS bullish | Vol 1.6x | FVG | ChoCH | Session:LONDON | StrongTrend1h | Zone:FVG | MTF 14 | Risk x1.15,BOS+2 | BodyStrong+1 | 1h+2 | 4h+2 | Vol+1 | RSI+1 | BTCok+1 | FVG+1 | ChoCH+1 | Zone:FVG+1 | Sess:LONDON | Strong1h+1 | QualityRisk:1.15,0,1,0.6,bear,0.0,2.3082,0.0,0.0692,1.478,-1.0,-0.0935,0.75,4686,0,1,0.301,0.714,1,2.537,0
DOTUSDT,4689,4694,1710403200,1710408600,LONG,TRAIL,11.238,11.47349818,12.41549092,10.84550303,1.43812133629217,1.377725567504452,0.06039576878771831,17,3.05,66.45,0.6729222520107172,0.010679759126456231,1.415633483280578,base,adaptive disabled,1.0,90.5,90,100,90,80,LONDON,bullish,bullish,FVG,BOS bullish | Vol 3.0x | FVG | LiqSweep | ChoCH | Engulfing | Session:LONDON | StrongTrend1h | Zone:FVG | MTF 17,BOS+2 | BodyStrong+1 | 1h+2 | 4h+2 | Vol+2 | RSI+1 | BTCok+1 | FVG+1 | LiqSweep+1 | ChoCH+1 | Engulfing+1 | Zone:FVG+1 | Sess:LONDON | Strong1h+1,0,1,0.525,bear,0.0025,1.1762,0.0,0.1112,1.837,1.0,0.0438,1.0546875,4688,0,6,1.613,0.707,1,0.707,0
SOLUSDT,4695,4717,1710408600,1710429300,LONG,SL,171.96,175.57116,190.0158,165.9414,-0.9860058817665225,-1.0395773103379509,0.05357142857142839,15,1.92,67.04,0.371229698375871,0.01716748621826258,2.1441421593209964,base,adaptive disabled,1.25,82.5,90,90,70,80,LONDON,bullish,bullish,FVG,BOS bullish | Vol 1.9x | FVG | ChoCH | Session:LONDON | StrongTrend1h | Zone:FVG | MTF 15 | Risk x1.25,BOS+2 | BodyStrong+1 | 1h+2 | 4h+2 | Vol+1 | RSI+1 | BTC+2 | FVG+1 | ChoCH+1 | Zone:FVG+1 | Sess:LONDON | Strong1h+1 | QualityRisk:1.15 | RelStrengthRisk:1.25,0,0,0.475,bull,1.2644,0.6009,1.25,-0.0018,1.28,1.0,0.1782,0.9375,4695,1,2,1.135,-1.0,0,1.203,0
ETHUSDT,4707,4720,1710419400,1710432000,SHORT,TRAIL,3941.97,3828.07,3702.97227583,4021.63590806,1.6442445156698648,1.514356192019469,0.129888323650396,15,1.8,34.63,0.44288499025340833,0.008640280205463422,2.1414934489241633,base,adaptive disabled,1.15,82.5,90,90,70,80,OVERLAP,bearish,bearish,FVG,BOS bearish | Vol 1.8x | FVG | ChoCH | Session:OVERLAP | StrongTrend1h | Zone:FVG | MTF 15 | Risk x1.15,BOS+2 | BodyStrong+1 | 1h+2 | 4h+2 | Vol+1 | RSI+1 | BTC+2 | FVG+1 | ChoCH+1 | Zone:FVG+1 | Sess:OVERLAP | Strong1h+1 | TrendPairRisk:1.15,0,1,0.525,bull,0.1491,1.0709,0.0,0.0647,2.238,1.0,-0.298,1.3125,4707,0,6,1.489,0.008,1,0.979,2
LINKUSDT,4707,4717,1710419400,1710429300,LONG,SL,21.615,22.068915,22.914,20.858475,-2.6436667658041637,-2.7552739086613065,0.11160714285714286,16,3.54,61.86,0.1292448048656861,0.014736594459172142,2.4200251213536856,base,adaptive disabled,1.0,83.5,90,65,90,80,OVERLAP,bullish,bullish,FVG,BOS bullish | Vol 3.5x | FVG | ChoCH | BullWick | Session:OVERLAP | StrongTrend1h | Zone:FVG | MTF 16,BOS+2 | BodyStrong+1 | 1h+2 | 4h+2 | Vol+2 | RSI+1 | BTCok+1 | FVG+1 | ChoCH+1 | BullWick+1 | Zone:FVG+1 | Sess:OVERLAP | Strong1h+1,0,0,0.55,bull,1.3919,0.0264,0.282,0.0688,2.307,1.0,0.1119,1.953125,4707,2,2,0.314,0.194,1,0.763,0
XLMUSDT,4712,4720,1710423900,1710432000,SHORT,TRAIL,0.1448,0.1417592,0.129596,0.149868,0.5469669710493924,0.46660982819224933,0.08035714285714304,14,6.69,30.59,0.482352941176471,0.015209442698452173,2.494348604236139,base,adaptive disabled,1.0,73.8,65,90,70,80,NEW_YORK,bearish,neutral,FVG,BOS bearish | Vol 6.7x | FVG | ChoCH | Engulfing | Session:NEW_YORK | StrongTrend1h | Zone:FVG | MTF 14,BOS+2 | 1h+2 | 4hN+1 | Vol+2 | BTC+2 | FVG+1 | ChoCH+1 | Engulfing+1 | Zone:FVG+1 | Sess:NEW_YORK | Strong1h+1,0,0,0.65,range,0.1579,1.0852,5.857,0.035,3.319,1.0,-0.4432,1.40625,4712,0,3,1.876,0.486,1,1.181,4
ETHUSDT,4719,4733,1710430200,1710443700,SHORT,TRAIL,3859.95,3778.89105,3454.65525,3995.04825,0.7597754643637247,0.6704897500780104,0.08928571428571429,16,2.13,33.75,0.3792299898682882,0.01059819010081592,2.202904727636034,base,adaptive disabled,1.15,88.5,90,90,90,80,NEW_YORK,bearish,bearish,FVG,BOS bearish | Vol 2.1x | FVG | ChoCH | Session:NEW_YORK | StrongTrend1h | Zone:FVG | MTF 16 | Risk x1.15,BOS+2 | BodyStrong+1 | 1h+2 | 4h+2 | Vol+2 | RSI+1 | BTC+2 | FVG+1 | ChoCH+1 | Zone:FVG+1 | Sess:NEW_YORK | Strong1h+1 | TrendPairRisk:1.15,0,0,0.45,bear,0.2782,1.2467,1.358,0.0073,1.567,1.0,-0.2728,1.5625,4719,0,1,0.219,0.737,1,0.824,0
XLMUSDT,4736,4765,1710445500,1710472500,SHORT,TRAIL,0.1407,0.1377453,0.1259265,0.1456245,0.5838178072384768,0.5302463786670482,0.05357142857142859,15,1.41,36.6,0.3478260869565242,0.01813402126154298,2.0393799309623035,base,adaptive disabled,1.15,82.5,90,90,70,80,DEAD_ZONE,bearish,bearish,FVG,BOS bearish | Vol 1.4x | FVG | ChoCH | StrongTrend1h | Zone:FVG | MTF 15 | Risk x1.15,BOS+2 | BodyStrong+1 | 1h+2 | 4h+2 | Vol+1 | RSI+1 | BTC+2 | FVG+1 | ChoCH+1 | Zone:FVG+1 | Sess:DEAD_ZONE | Strong1h+1 | TrendPairRisk:1.15,0,0,0.525,bear,1.0153,1.4553,2.133,-0.0577,0.94,1.0,-0.3493,0.9375,4736,1,2,0.6,0.12,1,1.32,0
SOLUSDT,4808,4828,1710510300,1710529200,LONG,TRAIL,181.14,184.94394,200.1597,174.8001,0.79069881050754,0.7505202390789685,0.040178571428571425,14,1.56,68.14,0.8911644236395575,0.024341819309254737,1.2282809361310034,base,adaptive disabled,1.15,78.5,90,100,50,80,NEW_YORK,bullish,bullish,FVG,BOS bullish | Vol 1.6x | FVG | LiqSweep | ChoCH | Session:NEW_YORK | StrongTrend1h | Zone:FVG | MTF 14 | Risk x1.15,BOS+2 | 1h+2 | 4h+2 | Vol+1 | BTC+2 | FVG+1 | LiqSweep+1 | ChoCH+1 | Zone:FVG+1 | Sess:NEW_YORK | Strong1h+1 | QualityRisk:1.15,0,0,0.525,range,0.4527,1.7009,0.0,0.1542,1.744,1.0,0.3423,0.703125,4808,0,3,2.268,1.374,0,0.888,7
SOLUSDT,4830,4834,1710530100,1710534600,LONG,SL,186.07,189.97747,205.60735,179.55755,-0.9824931477400971,-1.0226717191686685,0.04017857142857142,15,1.6,66.92,0.4491103202846991,0.017554933309234723,1.06257587912555,base,adaptive disabled,1.15,78.5,90,100,50,80,OFF_HOURS,bullish,bullish,FVG,BOS bullish | Vol 1.6x | FVG | ChoCH | Engulfing | StrongTrend1h | Zone:FVG | MTF 15 | Risk x1.15,BOS+2 | 1h+2 | 4h+2 | Vol+1 | RSI+1 | BTC+2 | FVG+1 | ChoCH+1 | Engulfing+1 | Zone:FVG+1 | Sess:OFF_HOURS | Strong1h+1 | QualityRisk:1.15,0,1,0.35,bear,1.5724,0.6116,0.0,-0.0641,2.073,1.0,0.0909,0.703125,4828,0,1,0.873,0.109,1,0.951,0
LINKUSDT,4836,4854,1710535500,1710552600,SHORT,SL,19.106,18.704774,17.09987,19.77471,-1.2705199189484246,-1.3374842046627105,0.066964285714286,16,1.34,39.93,0.18484042553191343,0.010709123633736543,1.0472109526973223,base,adaptive disabled,1.25,74.9,90,82,50,80,DEAD_ZONE,bearish,bearish,FVG,BOS bearish | Vol 1.3x | FVG | MACD_Div | ChoCH | Engulfing | StrongTrend1h | Zone:FVG | MTF 16 | Risk x1.25,BOS+2 | 1h+2 | 4h+2 | Vol+1 | RSI+1 | BTC+2 | FVG+1 | MACD_Div+1 | ChoCH+1 | Engulfing+1 | Zone:FVG+1 | Sess:DEAD_ZONE | Strong1h+1 | QualityRisk:1.15 | TrendPairRisk:1.25,0,0,0.475,range,1.0902,0.172,4.344,0.0389,2.047,1.0,-0.1298,1.171875,4836,0,3,0.654,0.286,1,0.921,0
SUIUSDT,4836,4840,1710535500,1710540000,SHORT,SL,1.4036,1.3741244,1.256222,1.452726,-1.3873763383951467,-1.4409477669665753,0.05357142857142857,17,1.53,38.62,0.2639225181598066,0.0130993111321489,1.1186496061592934,base,adaptive disabled,1.25,76.7,90,91,50,80,DEAD_ZONE,bearish,bearish,FVG,BOS bearish | Vol 1.5x | FVG | MACD_Div | ChoCH | Engulfing | BearWick | StrongTrend1h | Zone:FVG | MTF 17 | Risk x1.25,BOS+2 | 1h+2 | 4h+2 | Vol+1 | RSI+1 | BTC+2 | FVG+1 | MACD_Div+1 | ChoCH+1 | Engulfing+1 | BearWick+1 | Zone:FVG+1 | Sess:DEAD_ZONE | Strong1h+1 | QualityRisk:1.15 | TrendPairRisk:1.25,0,1,0.5,bull,1.6549,0.3596,0.0,0.0013,2.064,1.0,-0.2197,0.9375,4836,0,1,0.543,0.439,1,1.15,2
ADAUSDT,4870,4905,1710566100,1710598500,SHORT,TRAIL,0.7139,0.70085353,0.64866766,0.73564411,0.40730439344625124,0.37960249509308797,0.027701898353163244,15,1.66,33.4,0.4846153846153884,0.008234543287895194,1.1282877993382974,base,adaptive disabled,1.25,84.5,90,100,70,80,OFF_HOURS,bearish,bearish,FVG,BOS bearish | Vol 1.7x | FVG | ChoCH | StrongTrend1h | Zone:FVG | MTF 15 | Risk x1.25,BOS+2 | BodyStrong+1 | 1h+2 | 4h+2 | Vol+1 | RSI+1 | BTC+2 | FVG+1 | ChoCH+1 | Zone:FVG+1 | Sess:OFF_HOURS | Strong1h+1 | QualityRisk:1.15 | TrendPairRisk:1.25,0,0,0.55,bear,0.9888,1.3644,2.377,-0.2646,1.411,1.0,-0.1124,0.421875,4870,0,1,1.665,0.917,1,1.254,2
SUIUSDT,4886,4898,1710580500,1710592200,LONG,SL,1.6764,1.7116044,1.852422,1.617726,-2.112306984354227,-2.219449841497084,0.10714285714285733,16,2.06,65.65,0.30229419703104055,0.02179133833739176,1.5370539612444154,base,adaptive disabled,1.15,89.7,90,96,90,80,LONDON,bullish,bullish,FVG,BOS bullish | Vol 2.1x | FVG | ChoCH | Engulfing | Session:LONDON | StrongTrend1h | Zone:FVG | MTF 16 | Risk x1.15,BOS+2 | BodyStrong+1 | 1h+2 | 4h+2 | Vol+2 | RSI+1 | BTCok+1 | FVG+1 | ChoCH+1 | Engulfing+1 | Zone:FVG+1 | Sess:LONDON | Strong1h+1 | QualityRisk:1.15,0,0,0.5,bull,1.2748,0.517,3.09,-0.0259,1.272,1.0,0.2745,1.875,4886,0,1,0.433,0.481,1,0.794,0
ADAUSDT,4894,4905,1710587700,1710598500,SHORT,TRAIL,0.7139,0.6989081,0.6389405,0.7388865,1.6799225415632477,1.5656368272775336,0.11428571428571417,15,1.62,37.88,0.4775510204081614,0.011117493930709673,1.6158165681116925,base,adaptive disabled,1.0,74.0,60,100,70,80,OVERLAP,neutral,bearish,FVG,BOS bearish | Vol 1.6x | FVG | LiqSweep | ChoCH | BearWick | Session:OVERLAP | Zone:FVG | MTF 15,BOS+2 | BodyStrong+1 | 1hN+1 | 4h+2 | Vol+1 | RSI+1 | BTC+2 | FVG+1 | LiqSweep+1 | ChoCH+1 | BearWick+1 | Zone:FVG+1 | Sess:OVERLAP,0,0,0.35,range,0.3282,1.1873,0.0,-0.0097,0.825,-1.0,0.0011,2.0,4894,24,2,1.318,0.463,1,1.692,4
XRPUSDT,4895,4902,1710588600,1710595800,SHORT,TRAIL,0.6311,0.62172125,0.58420623,0.64673126,1.192658160203147,1.031161262320315,0.16149689788283186,16,2.18,39.1,0.403141361256536,0.010486608041909984,2.0337664084457234,base,adaptive disabled,1.15,88.5,90,90,90,80,OVERLAP,bearish,bearish,FVG,BOS bearish | Vol 2.2x | FVG | ChoCH | Session:OVERLAP | StrongTrend1h | Zone:FVG | MTF 16 | Risk x1.15,BOS+2 | BodyStrong+1 | 1h+2 | 4h+2 | Vol+2 | RSI+1 | BTC+2 | FVG+1 | ChoCH+1 | Zone:FVG+1 | Sess:OVERLAP | Strong1h+1 | TrendPairRisk:1.15,0,0,0.55,range,0.0704,1.0023,0.0,-0.0601,1.223,1.0,-0.248,2.0,4895,0,1,0.051,0.051,1,0.712,0
ETHUSDT,4897,4900,1710590400,1710594000,SHORT,TRAIL,3708.87,3679.07718069,3559.90590345,3758.52469885,1.5344657666821648,1.2730394505300122,0.2614263161521524,18,2.0,35.78,0.6479424190267581,0.004922271240236266,1.1639871201450147,base,adaptive disabled,1.25,84.5,90,100,70,80,OVERLAP,bearish,bearish,FVG,BOS bearish | Vol 2.0x | FVG | ChoCH | Engulfing | Session:OVERLAP | StrongTrend1h | Zone:FVG | MTF 18 | Risk x1.25,BOS+2 | 1h+2 | 4h+2 | Vol+2 | RSI+1 | BTC+2 | FVG+1 | ChoCH+1 | Engulfing+1 | Zone:FVG+1 | Sess:OVERLAP | Strong1h+1 | NestedOB_1h+2 | QualityRisk:1.15 | TrendPairRisk:1.25,0,0,0.4,range,0.1027,1.0328,0.0,0.025,1.459,1.0,-0.1108,1.75,4893,23,4,1.142,0.233,1,1.852,0
SOLUSDT,4913,4918,1710604800,1710610200,LONG,SL,193.89,197.96169,214.24845,187.10385,-0.8067903008333139,-0.8496474436904569,0.0428571428571429,17,1.79,64.11,0.3247033441208175,0.010309549783213629,0.9565190423272643,base,adaptive disabled,1.15,84.1,90,98,70,80,NEW_YORK,bullish,bullish,FVG,BOS bullish | Vol 1.8x | FVG | LiqSweep | ChoCH | BullWick | Session:NEW_YORK | StrongTrend1h | Zone:FVG | MTF 17 | Risk x1.15,BOS+2 | BodyStrong+1 | 1h+2 | 4h+2 | Vol+1 | RSI+1 | BTC+2 | FVG+1 | LiqSweep+1 | ChoCH+1 | BullWick+1 | Zone:FVG+1 | Sess:NEW_YORK | Strong1h+1 | QualityRisk:1.15,0,1,0.525,bear,1.1361,0.0835,0.0,-0.0628,1.894,-1.0,0.1564,0.75,4912,0,1,0.616,1.245,1,0.797,0
ADAUSDT,4942,4973,1710630900,1710659700,SHORT,TRAIL,0.6627,0.6487833,0.5931165,0.6858945,1.2697312481669687,1.2027669624526829,0.0669642857142857,16,3.03,32.64,0.43455497382198804,0.016631209237639933,1.4660726727538869,base,adaptive disabled,1.25,84.5,90,100,70,80,DEAD_ZONE,bearish,bearish,FVG,BOS bearish | Vol 3.0x | FVG | ChoCH | BearWick | StrongTrend1h | Zone:FVG | MTF 16 | Risk x1.25,BOS+2 | 1h+2 | 4h+2 | Vol+2 | RSI+1 | BTC+2 | FVG+1 | ChoCH+1 | BearWick+1 | Zone:FVG+1 | Sess:DEAD_ZONE | Strong1h+1 | TrendPairRisk:1.15 | RelStrengthRisk:1.25,0,0,0.5,bear,0.4743,1.4659,3.0,-0.0487,2.046,-1.0,0.0758,1.171875,4942,0,1,0.202,-1.0,0,1.032,0
DOTUSDT,4942,4973,1710630900,1710659700,SHORT,TRAIL,9.71,9.50609,8.69045,10.04985,1.0303657799751993,0.9767943514037705,0.05357142857142883,15,2.3,33.83,0.45283018867924624,0.018470237606839055,1.7496666204184008,base,adaptive disabled,1.25,84.5,90,100,70,80,DEAD_ZONE,bearish,bearish,FVG,BOS bearish | Vol 2.3x | FVG | ChoCH | StrongTrend1h | Zone:FVG | MTF 15 | Risk x1.25,BOS+2 | 1h+2 | 4h+2 | Vol+2 | RSI+1 | BTC+2 | FVG+1 | ChoCH+1 | Zone:FVG+1 | Sess:DEAD_ZONE | Strong1h+1 | TrendPairRisk:1.15 | RelStrengthRisk:1.25,0,0,0.425,bear,0.4384,1.3781,0.0,-0.0168,1.314,1.0,-0.0302,0.9375,4942,0,1,0.805,-1.0,0,0.941,0
LINKUSDT,4942,4973,1710630900,1710659700,SHORT,TRAIL,18.155,17.7927165,16.3435825,18.75880583,1.8723161336318428,1.754864520503165,0.11745161312867769,17,3.88,36.82,0.30555555555555464,0.016254725329313414,1.6856242001196262,base,adaptive disabled,1.25,83.7,90,96,70,80,DEAD_ZONE,bearish,bearish,FVG,BOS bearish | Vol 3.9x | FVG | ChoCH | Engulfing | BearWick | StrongTrend1h | Zone:FVG | MTF 17 | Risk x1.25,BOS+2 | 1h+2 | 4h+2 | Vol+2 | RSI+1 | BTC+2 | FVG+1 | ChoCH+1 | Engulfing+1 | BearWick+1 | Zone:FVG+1 | Sess:DEAD_ZONE | Strong1h+1 | TrendPairRisk:1.15 | RelStrengthRisk:1.25,0,0,0.6,bear,0.4339,1.1345,0.0,-0.0262,2.284,1.0,-0.0077,1.953125,4942,0,1,0.077,-1.0,0,1.001,0
SOLUSDT,5008,5035,1710690300,1710715500,LONG,TRAIL,194.95,199.04395,215.41975,188.12675,1.1417988396655443,1.0989416968084014,0.042857142857142844,16,1.38,65.68,0.5333333333333357,0.009098035278051336,0.708802982287587,base,adaptive disabled,1.25,82.5,90,90,70,80,NEW_YORK,bullish,bullish,FVG,BOS bullish | Vol 1.4x | FVG | ChoCH | Engulfing | Session:NEW_YORK | StrongTrend1h | Zone:FVG | MTF 16 | Risk x1.25,BOS+2 | BodyStrong+1 | 1h+2 | 4h+2 | Vol+1 | RSI+1 | BTC+2 | FVG+1 | ChoCH+1 | Engulfing+1 | Zone:FVG+1 | Sess:NEW_YORK | Strong1h+1 | QualityRisk:1.15 | RelStrengthRisk:1.25,0,0,0.45,range,0.403,1.1236,0.0,0.0155,2.568,1.0,0.0453,0.75,5008,0,1,1.083,0.222,1,1.305,3
SUIUSDT,5037,5042,1710716400,1710721800,LONG,TRAIL,1.5818,1.6388,1.72296485,1.53474505,1.4654721700643358,1.4024421381548344,0.06303003190950135,18,4.19,64.36,0.43419434194342116,0.009256504390825966,1.08511476479467,base,adaptive disabled,1.25,87.0,80,100,90,80,DEAD_ZONE,bullish,bullish,FVG,BOS bullish | Vol 4.2x | FVG | ChoCH | BullWick | Zone:FVG | MTF 18 | Risk x1.25,BOS+2 | BodyStrong+1 | 1h+2 | 4h+2 | Vol+2 | RSI+1 | BTC+2 | FVG+1 | ChoCH+1 | BullWick+1 | Zone:FVG+1 | Sess:DEAD_ZONE | NestedOB_1h+2 | QualityRisk:1.15 | RelStrengthRisk:1.25,0,0,0.475,range,0.2763,1.3018,0.0,0.1765,3.092,1.0,0.1082,0.9375,5036,0,4,1.869,0.588,1,1.599,0
SOLUSDT,5040,5054,1710719100,1710732600,LONG,TRAIL,200.6,204.8126,221.663,193.579,0.5479444417445455,0.49772122745883113,0.050223214285714385,16,2.23,63.08,0.3125884016973126,0.02139901271882752,2.503814969888973,base,adaptive disabled,1.15,87.9,90,87,90,80,DEAD_ZONE,bullish,bullish,FVG,BOS bullish | Vol 2.2x | FVG | ChoCH | StrongTrend1h | Zone:FVG | MTF 16 | Risk x1.15,BOS+2 | BodyStrong+1 | 1h+2 | 4h+2 | Vol+2 | RSI+1 | BTC+2 | FVG+1 | ChoCH+1 | Zone:FVG+1 | Sess:DEAD_ZONE | Strong1h+1 | QualityRisk:1.15,0,0,0.55,bull,0.9543,1.1608,5.325,0.1573,1.162,1.0,0.3198,0.87890625,5036,0,2,1.331,-1.0,0,1.457,0
AVAXUSDT,5041,5050,1710720000,1710729000,LONG,TRAIL,56.97,58.16637,62.95185,54.97605,1.1082972746157227,1.054725846044294,0.053571428571428624,16,1.32,57.42,0.12706043956043872,0.01675963916151869,1.4376699932365267,base,adaptive disabled,1.25,79.5,90,75,70,80,DEAD_ZONE,bullish,bullish,FVG,BOS bullish | Vol 1.3x | FVG | ChoCH | BullWick | StrongTrend1h | Zone:FVG | MTF 16 | Risk x1.25,BOS+2 | BodyStrong+1 | 1h+2 | 4h+2 | Vol+1 | RSI+1 | BTC+2 | FVG+1 | ChoCH+1 | BullWick+1 | Zone:FVG+1 | Sess:DEAD_ZONE | Strong1h+1 | QualityRisk:1.15 | RelStrengthRisk:1.25,0,1,0.525,bear,0.8551,1.4176,0.503,0.0396,0.848,1.0,0.2333,0.9375,5036,0,1,0.415,0.424,1,1.116,0
ADAUSDT,5100,5110,1710773100,1710783000,SHORT,TRAIL,0.6561,0.6423219,0.5872095,0.6790635,0.3386200327794814,0.29844146135091,0.04017857142857139,14,1.48,29.54,0.7407407407407403,0.012712494306721655,1.3645427358700861,base,adaptive disabled,1.15,78.5,90,100,50,80,NEW_YORK,bearish,bearish,FVG,BOS bearish | Vol 1.5x | FVG | ChoCH | Engulfing | Session:NEW_YORK | StrongTrend1h | Zone:FVG | MTF 14 | Risk x1.15,BOS+2 | 1h+2 | 4h+2 | Vol+1 | BTC+2 | FVG+1 | ChoCH+1 | Engulfing+1 | Zone:FVG+1 | Sess:NEW_YORK | Strong1h+1 | TrendPairRisk:1.15,0,0,0.65,range,0.5008,1.0524,0.0,-0.1668,1.562,1.0,-0.3086,0.703125,5100,0,6,2.469,0.624,1,0.965,0
ETHUSDT,5100,5142,1710773100,1710811800,SHORT,TRAIL,3517.57,3443.70103,3148.22515,3640.68495,0.7130760844040582,0.6702189415469153,0.04285714285714297,15,2.31,32.96,0.5704220626719442,0.008608278800623028,1.3719610760144847,base,adaptive disabled,1.15,84.5,90,100,70,80,NEW_YORK,bearish,bearish,FVG,BOS bearish | Vol 2.3x | FVG | ChoCH | Session:NEW_YORK | StrongTrend1h | Zone:FVG | MTF 15 | Risk x1.15,BOS+2 | 1h+2 | 4h+2 | Vol+2 | RSI+1 | BTC+2 | FVG+1 | ChoCH+1 | Zone:FVG+1 | Sess:NEW_YORK | Strong1h+1 | TrendPairRisk:1.15,0,0,0.475,range,0.3978,1.2394,0.0,-0.0469,2.239,1.0,-0.0324,0.75,5100,0,6,2.366,1.834,1,1.278,0
AVAXUSDT,5109,5127,1710781200,1710798300,LONG,TRAIL,63.113,64.438373,69.739865,60.904045,0.5987257904509075,0.5485025761651932,0.05022321428571438,16,2.64,52.05,0.2694063926940643,0.02853374952537871,1.7137067249356648,base,adaptive disabled,1.15,82.9,90,92,70,80,OFF_HOURS,bullish,bullish,FVG,BOS bullish | Vol 2.6x | FVG | ChoCH | BullWick | StrongTrend1h | Zone:FVG | MTF 16 | Risk x1.15,BOS+2 | 1h+2 | 4h+2 | Vol+2 | RSI+1 | BTC+2 | FVG+1 | ChoCH+1 | BullWick+1 | Zone:FVG+1 | Sess:OFF_HOURS | Strong1h+1 | QualityRisk:1.15,0,0,0.55,bull,0.8298,1.1936,0.0,0.2251,1.802,1.0,-0.1474,0.87890625,5109,3,3,1.373,1.373,0,1.236,0
DOTUSDT,5143,5151,1710811800,1710819900,SHORT,TRAIL,9.45,9.25155,8.45775,9.78075,0.0,-0.03013392857142856,0.03013392857142856,15,2.88,30.48,0.817351598173515,0.017542367002350952,1.510972195005635,base,adaptive disabled,1.15,84.5,90,100,70,80,OFF_HOURS,bearish,bearish,FVG,BOS bearish | Vol 2.9x | FVG | MACD_Div | ChoCH | StrongTrend1h | Zone:FVG | MTF 15 | Risk x1.15,BOS+2 | 1h+2 | 4h+2 | Vol+2 | BTC+2 | FVG+1 | MACD_Div+1 | ChoCH+1 | Zone:FVG+1 | Sess:OFF_HOURS | Strong1h+1 | TrendPairRisk:1.15,0,1,0.35,bull,0.393,1.1187,0.0,-0.1892,2.703,1.0,-0.411,0.52734375,5143,0,4,2.399,1.952,0,0.886,0
ETHUSDT,5145,5165,1710813600,1710832500,SHORT,TRAIL,3422.38,3350.51002,3063.0301,3542.1633,0.5370843604002405,0.49690578897166915,0.04017857142857141,14,4.15,28.45,0.6928997020854046,0.011229363789453724,1.4848273726190546,base,adaptive disabled,1.15,84.5,90,100,70,80,OFF_HOURS,bearish,bearish,FVG,BOS bearish | Vol 4.2x | FVG | ChoCH | StrongTrend1h | Zone:FVG | MTF 14 | Risk x1.15,BOS+2 | 1h+2 | 4h+2 | Vol+2 | BTC+2 | FVG+1 | ChoCH+1 | Zone:FVG+1 | Sess:OFF_HOURS | Strong1h+1 | TrendPairRisk:1.15,0,1,0.4,bull,0.1827,1.0266,0.0,-0.1109,2.962,1.0,-0.3137,0.703125,5143,0,4,2.988,0.341,1,0.722,0
XLMUSDT,5158,5166,1710825300,1710833400,SHORT,TRAIL,0.1247,0.1220813,0.1116065,0.1290645,0.9600685269716437,0.906497098400215,0.053571428571428645,17,1.87,32.59,0.3749999999999974,0.012602705342264348,1.2244012969140223,base,adaptive disabled,1.15,84.5,90,100,70,80,OFF_HOURS,bearish,bearish,FVG,BOS bearish | Vol 1.9x | FVG | LiqSweep | ChoCH | Engulfing | StrongTrend1h | Zone:FVG | MTF 17 | Risk x1.15,BOS+2 | BodyStrong+1 | 1h+2 | 4h+2 | Vol+1 | RSI+1 | BTC+2 | FVG+1 | LiqSweep+1 | ChoCH+1 | Engulfing+1 | Zone:FVG+1 | Sess:OFF_HOURS | Strong1h+1 | TrendPairRisk:1.15,0,0,0.525,bear,0.4124,1.222,0.612,-0.2646,2.027,1.0,-0.5298,0.9375,5158,0,1,0.591,-1.0,0,1.117,4
ADAUSDT,5164,5166,1710830700,1710833400,SHORT,TRAIL,0.619,0.606001,0.554005,0.640665,0.6211051506700234,0.580926579241452,0.04017857142857134,15,1.68,35.77,0.4278074866310178,0.013845350826321398,1.3604106079172793,base,adaptive disabled,1.15,78.5,90,100,50,80,OFF_HOURS,bearish,bearish,FVG,BOS bearish | Vol 1.7x | FVG | ChoCH | Engulfing | StrongTrend1h | Zone:FVG | MTF 15 | Risk x1.15,BOS+2 | 1h+2 | 4h+2 | Vol+1 | RSI+1 | BTC+2 | FVG+1 | ChoCH+1 | Engulfing+1 | Zone:FVG+1 | Sess:OFF_HOURS | Strong1h+1 | TrendPairRisk:1.15,0,0,0.475,bear,0.0,1.2309,0.0,-0.0786,1.748,1.0,-0.2813,0.703125,5164,0,1,0.123,-1.0,0,1.972,0
BTCUSDT,5231,5255,1710891000,1710913500,SHORT,TRAIL,62194.4,60888.3176,55663.988,64371.204,0.17024798344190892,0.1551810191561946,0.01506696428571431,15,1.47,30.66,0.6194097048524233,0.011673521886389515,1.4650958806239813,base,adaptive disabled,1.15,84.5,90,100,70,80,DEAD_ZONE,bearish,bearish,FVG,BOS bearish | Vol 1.5x | FVG | ChoCH | BearWick | StrongTrend1h | Zone:FVG | MTF 15 | Risk x1.15,BOS+2 | BodyStrong+1 | 1h+2 | 4h+2 | Vol+1 | BTC+2 | FVG+1 | ChoCH+1 | BearWick+1 | Zone:FVG+1 | Sess:DEAD_ZONE | Strong1h+1 | TrendPairRisk:1.15,0,0,0.425,bear,0.5943,1.0936,1.875,-0.4579,1.374,1.0,-0.5028,0.263671875,5231,1,6,2.828,-1.0,0,0.841,0
DOTUSDT,5252,5255,1710909900,1710913500,SHORT,TRAIL,8.698,8.515342,7.78471,9.00243,0.5362091713088569,0.4859859570231427,0.050223214285714295,16,2.92,37.08,0.33736762481089577,0.014101449787326468,1.238992088190486,base,adaptive disabled,1.15,90.5,90,100,90,80,OFF_HOURS,bearish,bearish,FVG,BOS bearish | Vol 2.9x | FVG | ChoCH | StrongTrend1h | Zone:FVG | MTF 16 | Risk x1.15,BOS+2 | BodyStrong+1 | 1h+2 | 4h+2 | Vol+2 | RSI+1 | BTC+2 | FVG+1 | ChoCH+1 | Zone:FVG+1 | Sess:OFF_HOURS | Strong1h+1 | TrendPairRisk:1.15,0,1,0.475,bull,0.0493,1.1661,0.0,0.0103,2.548,1.0,-0.1004,0.87890625,5251,21,1,0.722,0.132,1,1.268,0
ADAUSDT,5256,5261,1710913500,1710918900,SHORT,SL,0.5838,0.5715402,0.522501,0.604233,-0.7123128028189698,-0.7524913742475411,0.04017857142857136,16,1.64,37.47,0.3862660944206033,0.01341086580147046,1.2075968853756627,base,adaptive disabled,1.15,84.5,90,100,70,80,OFF_HOURS,bearish,bearish,FVG,BOS bearish | Vol 1.6x | FVG | ChoCH | Engulfing | StrongTrend1h | Zone:FVG | MTF 16 | Risk x1.15,BOS+2 | BodyStrong+1 | 1h+2 | 4h+2 | Vol+1 | RSI+1 | BTC+2 | FVG+1 | ChoCH+1 | Engulfing+1 | Zone:FVG+1 | Sess:OFF_HOURS | Strong1h+1 | TrendPairRisk:1.15,0,0,0.475,range,1.0277,0.3834,0.0,0.0168,1.199,1.0,-0.1294,0.703125,5253,23,2,0.617,0.054,1,1.046,0
LINKUSDT,5257,5262,1710914400,1710919800,SHORT,SL,16.718,16.366922,14.96261,17.30313,-1.2657443645002004,-1.3327086502144863,0.06696428571428578,15,1.5,37.16,0.418750000000003,0.013940557795097707,1.2763025572905173,base,adaptive disabled,1.15,84.5,90,100,70,80,OFF_HOURS,bearish,bearish,FVG,BOS bearish | Vol 1.5x | FVG | ChoCH | StrongTrend1h | Zone:FVG | MTF 15 | Risk x1.15,BOS+2 | BodyStrong+1 | 1h+2 | 4h+2 | Vol+1 | RSI+1 | BTC+2 | FVG+1 | ChoCH+1 | Zone:FVG+1 | Sess:OFF_HOURS | Strong1h+1 | TrendPairRisk:1.15,0,1,0.5,bull,1.1177,0.1994,0.0,-0.0143,1.045,1.0,-0.2479,1.171875,5253,23,2,0.843,0.422,1,0.989,0
ADAUSDT,5299,5304,1710952200,1710957600,SHORT,SL,0.5887,0.5763373,0.5268865,0.6093045,-0.5528221990341897,-0.5829561276056183,0.030133928571428537,16,6.56,30.75,0.5356200527704443,0.02125198597503515,2.393209754360031,base,adaptive disabled,1.15,82.5,90,90,70,80,NEW_YORK,bearish,bearish,FVG,BOS bearish | Vol 6.6x | FVG | ChoCH | Session:NEW_YORK | StrongTrend1h | Zone:FVG | MTF 16 | Risk x1.15,BOS+2 | 1h+2 | 4h+2 | Vol+2 | BTC+2 | FVG+1 | ChoCH+1 | Zone:FVG+1 | Sess:NEW_YORK | Strong1h+1 | NestedOB_1h+2 | TrendPairRisk:1.15,0,0,0.5,range,1.092,0.2427,6.548,-0.0577,3.36,1.0,-0.1251,0.52734375,5299,0,4,2.578,0.984,1,0.984,0
AVAXUSDT,5299,5304,1710952200,1710957600,SHORT,SL,51.654,50.569266,46.23033,53.46189,-1.35149780960125,-1.4017210238869646,0.050223214285714475,18,3.31,37.52,0.34999999999999964,0.025362735049763625,1.7949221157711603,base,adaptive disabled,1.15,84.5,90,100,70,80,NEW_YORK,bearish,bearish,FVG,BOS bearish | Vol 3.3x | FVG | ChoCH | Engulfing | Session:NEW_YORK | StrongTrend1h | Zone:FVG | MTF 18 | Risk x1.15,BOS+2 | 1h+2 | 4h+2 | Vol+2 | RSI+1 | BTC+2 | FVG+1 | ChoCH+1 | Engulfing+1 | Zone:FVG+1 | Sess:NEW_YORK | Strong1h+1 | NestedOB_1h+2 | TrendPairRisk:1.15,0,0,0.55,bear,1.5969,0.5135,6.021,-0.0679,2.448,1.0,-0.1291,0.87890625,5299,0,4,1.213,1.263,1,0.836,0
SOLUSDT,5299,5304,1710952200,1710957600,SHORT,SL,168.5,164.9615,150.8075,174.3975,-1.3576661191182706,-1.407889333403985,0.050223214285714225,15,2.53,37.19,0.34400000000000275,0.021630262264041147,1.7238335830711442,base,adaptive disabled,1.25,84.5,90,100,70,80,NEW_YORK,bearish,bearish,FVG,BOS bearish | Vol 2.5x | FVG | ChoCH | Session:NEW_YORK | StrongTrend1h | Zone:FVG | MTF 15 | Risk x1.25,BOS+2 | 1h+2 | 4h+2 | Vol+2 | RSI+1 | BTC+2 | FVG+1 | ChoCH+1 | Zone:FVG+1 | Sess:NEW_YORK | Strong1h+1 | QualityRisk:1.15 | TrendPairRisk:1.25,0,0,0.575,range,1.599,0.4833,5.437,-0.1467,2.058,-1.0,0.055,0.87890625,5299,0,4,1.514,0.775,1,1.009,0
SUIUSDT,5358,5386,1711005300,1711031400,LONG,TRAIL,1.8679,1.9071259,2.0640295,1.8025235,1.4341926218963268,1.3627640504677554,0.07142857142857148,15,1.88,67.48,0.36885813148789054,0.0131700028637105,1.0630396732659757,base,adaptive disabled,1.15,84.5,90,100,70,80,LONDON,bullish,bullish,FVG,BOS bullish | Vol 1.9x | FVG | ChoCH | Engulfing | Session:LONDON | StrongTrend1h | Zone:FVG | MTF 15 | Risk x1.15,BOS+2 | BodyStrong+1 | 1h+2 | 4h+2 | Vol+1 | RSI+1 | BTCok+1 | FVG+1 | ChoCH+1 | Engulfing+1 | Zone:FVG+1 | Sess:LONDON | Strong1h+1 | QualityRisk:1.15,0,0,0.425,range,0.6547,1.9961,0.0,-0.0364,1.975,1.0,0.0714,1.25,5358,0,1,1.016,-1.0,0,0.918,2
LINKUSDT,5383,5390,1711027800,1711035000,LONG,TRAIL,18.445,18.74439292,19.94196461,17.9460118,1.0433923525372009,0.8955331446441083,0.14785920789309262,14,2.63,64.03,0.35644937586685005,0.010639562592131578,1.691873892892445,base,adaptive disabled,1.15,81.8,65,100,90,80,NEW_YORK,bullish,neutral,FVG,BOS bullish | Vol 2.6x | FVG | ChoCH | Session:NEW_YORK | StrongTrend1h | Zone:FVG | MTF 14 | Risk x1.15,BOS+2 | BodyStrong+1 | 1h+2 | 4hN+1 | Vol+2 | RSI+1 | BTCok+1 | FVG+1 | ChoCH+1 | Zone:FVG+1 | Sess:NEW_YORK | Strong1h+1 | RelStrengthRisk:1.15,0,0,0.325,range,0.1904,1.1089,5.245,0.0602,2.035,1.0,0.4645,2.0,5382,0,1,1.515,0.037,1,1.067,0
XLMUSDT,5386,5471,1711030500,1711107900,LONG,SL,0.1324,0.1377,0.14229306,0.12910231,-1.0310247476263672,-1.1113233809120917,0.08029863328572444,16,1.72,57.3,0.18918918918917865,0.007304613517458445,1.1933912343278161,base,adaptive disabled,1.25,80.9,90,82,70,80,NEW_YORK,bullish,bullish,FVG,BOS bullish | Vol 1.7x | FVG | LiqSweep | ChoCH | Session:NEW_YORK | StrongTrend1h | Zone:FVG | MTF 16 | Risk x1.25,BOS+2 | BodyStrong+1 | 1h+2 | 4h+2 | Vol+1 | RSI+1 | BTC+2 | FVG+1 | LiqSweep+1 | ChoCH+1 | Zone:FVG+1 | Sess:NEW_YORK | Strong1h+1 | QualityRisk:1.15 | RelStrengthRisk:1.25,0,0,0.475,range,1.1826,0.5849,1.75,0.1507,3.088,1.0,0.2178,1.0,5386,0,1,0.111,0.446,1,1.225,0
XRPUSDT,5388,5480,1711032300,1711116000,LONG,SL,0.6269,0.6687,0.6927245,0.6049585,-0.7690905361985265,-0.8092691076270978,0.04017857142857132,14,2.39,69.34,0.5760869565217465,0.010874604091339295,1.8825147974472276,base,adaptive disabled,1.15,82.5,90,90,70,80,NEW_YORK,bullish,bullish,FVG,BOS bullish | Vol 2.4x | FVG | ChoCH | Session:NEW_YORK | StrongTrend1h | Zone:FVG | MTF 14 | Risk x1.15,BOS+2 | 1h+2 | 4h+2 | Vol+2 | BTC+2 | FVG+1 | ChoCH+1 | Zone:FVG+1 | Sess:NEW_YORK | Strong1h+1 | RelStrengthRisk:1.15,0,1,0.375,bear,1.144,0.6794,3.655,0.0284,1.495,1.0,0.4275,0.703125,5388,0,4,1.856,4.053,1,1.92,0
ADAUSDT,5437,5454,1711076400,1711092600,SHORT,SL,0.6287,0.62125337,0.59146684,0.64111105,-0.7495210920913199,-0.8243185382179571,0.07479744612663727,14,3.01,35.52,0.505494505494508,0.008043639796981772,0.9130967535260238,base,adaptive disabled,1.15,80.0,60,100,90,80,OFF_HOURS,neutral,bearish,FVG,BOS bearish | Vol 3.0x | FVG | ChoCH | Zone:FVG | MTF 14 | Risk x1.15,BOS+2 | BodyStrong+1 | 1hN+1 | 4h+2 | Vol+2 | RSI+1 | BTC+2 | FVG+1 | ChoCH+1 | Zone:FVG+1 | Sess:OFF_HOURS | QualityRisk:1.15,0,0,0.625,range,1.128,0.4834,2.044,-0.1375,2.099,1.0,-0.2841,0.73828125,5432,30,1,1.393,0.436,1,1.164,0
DOTUSDT,5470,5478,1711106100,1711114200,SHORT,TRAIL,9.145,8.97907822,8.31539109,9.4215363,0.7645054338712426,0.6993992660733802,0.06510616779786232,14,1.83,35.31,0.484615384615393,0.007433253918817784,1.2052303985694182,base,adaptive disabled,1.15,78.5,90,100,50,80,OVERLAP,bearish,bearish,FVG,BOS bearish | Vol 1.8x | FVG | ChoCH | Session:OVERLAP | StrongTrend1h | Zone:FVG | MTF 14 | Risk x1.15,BOS+2 | 1h+2 | 4h+2 | Vol+1 | RSI+1 | BTC+2 | FVG+1 | ChoCH+1 | Zone:FVG+1 | Sess:OVERLAP | Strong1h+1 | TrendPairRisk:1.15,0,0,0.35,bear,0.0796,1.1994,1.135,-0.1464,1.658,1.0,-0.3175,0.984375,5469,2,6,1.885,0.601,1,0.926,0
SOLUSDT,5484,5525,1711118700,1711156500,SHORT,SL,170.24,166.66496,152.3648,176.1984,-0.7316351705155754,-0.771813741944147,0.04017857142857154,14,1.5,28.87,0.42723004694835803,0.011003343310203514,1.3394278116990812,base,adaptive disabled,1.25,78.5,90,100,50,80,NEW_YORK,bearish,bearish,FVG,BOS bearish | Vol 1.5x | FVG | ChoCH | BearWick | Session:NEW_YORK | StrongTrend1h | Zone:FVG | MTF 14 | Risk x1.25,BOS+2 | 1h+2 | 4h+2 | Vol+1 | BTC+2 | FVG+1 | ChoCH+1 | BearWick+1 | Zone:FVG+1 | Sess:NEW_YORK | Strong1h+1 | QualityRisk:1.15 | TrendPairRisk:1.25,0,0,0.575,range,1.0691,0.5818,0.924,-0.1848,1.551,1.0,-0.394,0.703125,5483,2,4,1.234,1.736,1,1.891,1
ADAUSDT,5511,5526,1711143000,1711157400,SHORT,SL,0.6062,0.59624046,0.55640232,0.62279923,-0.6065793413308913,-0.6476640783939958,0.041084737063104546,16,1.71,37.38,0.3694581280788176,0.006821883269744263,0.8279404869649629,base,adaptive disabled,1.25,78.5,90,100,50,80,DEAD_ZONE,bearish,bearish,FVG,BOS bearish | Vol 1.7x | FVG | ChoCH | StrongTrend1h | Zone:FVG | MTF 16 | Risk x1.25,BOS+2 | 1h+2 | 4h+2 | Vol+1 | RSI+1 | BTC+2 | FVG+1 | ChoCH+1 | Zone:FVG+1 | Sess:DEAD_ZONE | Strong1h+1 | NestedOB_1h+2 | QualityRisk:1.15 | TrendPairRisk:1.25,0,0,0.5,bear,1.1025,0.5623,3.947,-0.2878,1.71,1.0,-0.5135,0.5625,5510,0,1,0.609,1.305,1,1.044,4
DOTUSDT,5511,5526,1711143000,1711157400,SHORT,SL,8.789,8.63611389,8.02456944,9.04381019,-0.480136803006191,-0.5092397158449592,0.02910291283876827,15,1.31,35.67,0.4264150943396257,0.006792260409612852,0.826957704879808,base,adaptive disabled,1.25,78.5,90,100,50,80,DEAD_ZONE,bearish,bearish,FVG,BOS bearish | Vol 1.3x | FVG | ChoCH | Engulfing | StrongTrend1h | Zone:FVG | MTF 15 | Risk x1.25,BOS+2 | 1h+2 | 4h+2 | Vol+1 | RSI+1 | BTC+2 | FVG+1 | ChoCH+1 | Engulfing+1 | Zone:FVG+1 | Sess:DEAD_ZONE | Strong1h+1 | QualityRisk:1.15 | TrendPairRisk:1.25,0,0,0.475,range,1.1734,0.5167,7.062,-0.1584,1.329,-1.0,0.053,0.421875,5510,0,1,0.895,0.833,1,1.049,1
SOLUSDT,5511,5525,1711143000,1711156500,SHORT,SL,170.54,167.75445441,156.61227206,175.18257598,-0.7148509823634595,-0.7561766388150745,0.041325656451615005,14,1.41,38.38,0.3822152886115446,0.009435746196635212,0.9824753647201693,base,adaptive disabled,1.25,78.5,90,100,50,80,DEAD_ZONE,bearish,bearish,FVG,BOS bearish | Vol 1.4x | FVG | ChoCH | StrongTrend1h | Zone:FVG | MTF 14 | Risk x1.25,BOS+2 | 1h+2 | 4h+2 | Vol+1 | RSI+1 | BTC+2 | FVG+1 | ChoCH+1 | Zone:FVG+1 | Sess:DEAD_ZONE | Strong1h+1 | QualityRisk:1.15 | TrendPairRisk:1.25,0,1,0.575,bull,1.3075,0.8544,0.0,-0.1572,1.288,-1.0,0.0939,0.5625,5510,0,1,0.804,1.454,1,0.898,0
AVAXUSDT,5514,5527,1711145700,1711158300,SHORT,SL,52.128,51.033312,46.65456,53.95248,-1.130185039024816,-1.1873278961676732,0.057142857142857106,14,2.22,33.89,0.8700396825396822,0.009449392301471045,0.8147746107933121,base,adaptive disabled,1.25,84.5,90,100,70,80,DEAD_ZONE,bearish,bearish,FVG,BOS bearish | Vol 2.2x | FVG | ChoCH | StrongTrend1h | Zone:FVG | MTF 14 | Risk x1.25,BOS+2 | 1h+2 | 4h+2 | Vol+2 | RSI+1 | BTCok+1 | FVG+1 | ChoCH+1 | Zone:FVG+1 | Sess:DEAD_ZONE | Strong1h+1 | QualityRisk:1.15 | TrendPairRisk:1.25,0,0,0.525,range,1.1894,0.1389,0.0,-0.146,2.465,1.0,-0.3828,1.0,5514,0,4,0.634,2.827,0,0.713,2
BTCUSDT,5516,5549,1711147500,1711178100,SHORT,SL,63277.3,62503.80241161,59409.81205804,64566.46264732,-0.2825235052824131,-0.3101332730056669,0.027609767723253808,15,2.53,29.98,0.5128375521053607,0.010038627603818491,1.409085492185569,base,adaptive disabled,1.15,90.5,90,100,90,80,DEAD_ZONE,bearish,bearish,FVG,BOS bearish | Vol 2.5x | FVG | ChoCH | StrongTrend1h | Zone:FVG | MTF 15 | Risk x1.15,BOS+2 | BodyStrong+1 | 1h+2 | 4h+2 | Vol+2 | BTC+2 | FVG+1 | ChoCH+1 | Zone:FVG+1 | Sess:DEAD_ZONE | Strong1h+1 | TrendPairRisk:1.15,0,1,0.55,bull,1.2479,0.3757,0.0,-0.1187,1.139,-1.0,0.1213,0.28125,5511,1,2,1.719,0.428,1,0.805,1
XLMUSDT,5563,5573,1711189800,1711199700,LONG,TRAIL,0.1301,0.13150848,0.13714238,0.12775254,0.6769234846849134,0.5660802754289515,0.11084320925596196,15,1.41,63.8,0.25925925925926613,0.004081187385487662,0.8822166738431297,base,adaptive disabled,1.15,82.2,80,91,80,80,LONDON,bullish,bullish,OB,BOS bullish | Vol 1.4x | FVG | OB | ChoCH | BullWick | Session:LONDON | Zone:OB | MTF 15 | Risk x1.15,BOS+2 | BodyStrong+1 | 1h+2 | 4h+2 | Vol+1 | RSI+1 | BTCok+1 | FVG+1 | OB+1 | ChoCH+1 | BullWick+1 | Zone:OB+1 | Sess:LONDON | QualityRisk:1.15,0,0,0.325,bull,0.0,1.136,0.7,0.1072,1.54,1.0,0.2545,1.0,5563,6,3,0.731,2.557,1,1.096,0
DOTUSDT,5618,5630,1711239300,1711251000,SHORT,TRAIL,9.082,8.99742961,8.65914804,9.22295065,0.46317432032033584,0.33632008091100957,0.12685423940932622,14,1.3,32.79,0.3906250000000052,0.004009791798828591,1.0140317926926914,base,adaptive disabled,1.15,74.0,60,100,70,80,DEAD_ZONE,neutral,bearish,FVG,BOS bearish | Vol 1.3x | FVG | ChoCH | BearWick | Zone:FVG | MTF 14 | Risk x1.15,BOS+2 | BodyStrong+1 | 1hN+1 | 4h+2 | Vol+1 | RSI+1 | BTC+2 | FVG+1 | ChoCH+1 | BearWick+1 | Zone:FVG+1 | Sess:DEAD_ZONE | QualityRisk:1.15,0,0,0.5,bear,0.3973,1.0169,0.704,-0.3027,0.957,1.0,-0.7263,0.984375,5614,0,1,0.707,0.766,1,1.767,0
SUIUSDT,5648,5679,1711266300,1711295100,SHORT,SL,1.6343,1.61125374,1.5106,1.67271043,-0.44921880593370145,-0.48511896703577717,0.03590016110207577,14,2.3,30.51,0.600000000000005,0.005914477408297669,1.254324170435566,base,adaptive disabled,1.25,84.5,90,100,70,80,OFF_HOURS,bearish,bearish,FVG,BOS bearish | Vol 2.3x | FVG | ChoCH | StrongTrend1h | Zone:FVG | MTF 14 | Risk x1.25,BOS+2 | 1h+2 | 4h+2 | Vol+2 | BTC+2 | FVG+1 | ChoCH+1 | Zone:FVG+1 | Sess:OFF_HOURS | Strong1h+1 | QualityRisk:1.15 | TrendPairRisk:1.25,0,0,0.55,bear,1.1716,0.4643,2.097,-0.0188,1.773,1.0,-0.4256,0.421875,5644,3,5,1.53,12.327,0,1.541,1
AAVEUSDT,5653,5660,1711270800,1711278000,LONG,TRAIL,122.74,124.6521711,132.30085551,119.55304816,1.1887555494665936,1.0539590349387804,0.13479651452781322,14,1.39,58.26,0.5840455840455888,0.006512651107264326,1.1272390064399598,base,adaptive disabled,1.15,74.0,60,100,70,80,LONDON,neutral,bullish,FVG,BOS bullish | Vol 1.4x | FVG | LiqSweep | ChoCH | BullWick | Session:LONDON | Zone:FVG | MTF 14 | Risk x1.15,BOS+2 | BodyStrong+1 | 1hN+1 | 4h+2 | Vol+1 | RSI+1 | BTCok+1 | FVG+1 | LiqSweep+1 | ChoCH+1 | BullWick+1 | Zone:FVG+1 | Sess:LONDON | QualityRisk:1.15,0,0,0.575,range,0.1757,1.3388,0.0,0.1855,1.979,-1.0,-0.0675,1.75,5653,0,1,0.317,0.291,1,1.149,0
LINKUSDT,5653,5668,1711270800,1711285200,LONG,TRAIL,18.231,18.42925849,19.22229247,17.90056918,1.3225847608588326,1.1018910616451818,0.22069369921365076,14,1.51,57.61,0.4439024390243867,0.004653860137792485,1.2940595097066108,base,adaptive disabled,1.15,74.0,60,100,70,80,LONDON,neutral,bullish,FVG,BOS bullish | Vol 1.5x | FVG | ChoCH | Engulfing | BullWick | Session:LONDON | Zone:FVG | MTF 14 | Risk x1.15,BOS+2 | BodyStrong+1 | 1hN+1 | 4h+2 | Vol+1 | RSI+1 | BTCok+1 | FVG+1 | ChoCH+1 | Engulfing+1 | BullWick+1 | Zone:FVG+1 | Sess:LONDON | QualityRisk:1.15,0,0,0.525,range,0.1332,1.0744,0.0,0.243,1.419,1.0,0.2751,2.0,5653,0,4,0.779,1.438,1,1.075,0
XLMUSDT,5674,5736,1711289700,1711346400,LONG,TRAIL,0.1346,0.13581535,0.14067674,0.13257442,0.5862461177597673,0.45334591139911995,0.13290020636064737,16,4.29,65.95,0.46666666666666173,0.007928113481916698,1.7692906600357112,base,adaptive disabled,1.0,84.5,90,100,70,80,NEW_YORK,bullish,bullish,FVG,BOS bullish | Vol 4.3x | FVG | ChoCH | Engulfing | Session:NEW_YORK | StrongTrend1h | Zone:FVG | MTF 16,BOS+2 | 1h+2 | 4h+2 | Vol+2 | RSI+1 | BTC+2 | FVG+1 | ChoCH+1 | Engulfing+1 | Zone:FVG+1 | Sess:NEW_YORK | Strong1h+1,0,0,0.525,range,1.0367,1.0697,0.0,0.1008,2.983,1.0,0.4877,1.0,5674,0,1,1.119,0.799,1,1.439,3
XLMUSDT,5700,5735,1711313100,1711345500,LONG,TRAIL,0.1343,0.13569328,0.14126639,0.13197787,0.5133941982198685,0.42664194920710885,0.08675224901275964,16,1.89,55.15,0.23076923076925376,0.002977855006345282,0.7974695712948369,base,adaptive disabled,1.15,73.9,90,77,50,80,DEAD_ZONE,bullish,bullish,FVG,BOS bullish | Vol 1.9x | FVG | LiqSweep | ChoCH | BullWick | StrongTrend1h | Zone:FVG | MTF 16 | Risk x1.15,BOS+2 | 1h+2 | 4h+2 | Vol+1 | RSI+1 | BTC+2 | FVG+1 | LiqSweep+1 | ChoCH+1 | BullWick+1 | Zone:FVG+1 | Sess:DEAD_ZONE | Strong1h+1 | QualityRisk:1.15,0,0,0.4,range,0.0861,1.0766,0.0,0.0542,1.643,1.0,-0.1546,0.75,5700,2,2,0.192,0.192,1,1.341,0
BTCUSDT,5710,5770,1711322100,1711377000,LONG,TRAIL,67326.0,68616.3253683,73777.62684149,65175.4577195,0.2855475768788123,0.2679376580488533,0.017609918829959055,15,1.65,71.76,0.6055995130858168,0.006088169869321054,1.5122872740828486,base,adaptive disabled,1.0,84.5,90,100,70,80,DEAD_ZONE,bullish,bullish,FVG,BOS bullish | Vol 1.6x | FVG | ChoCH | Engulfing | StrongTrend1h | Zone:FVG | MTF 15,BOS+2 | BodyStrong+1 | 1h+2 | 4h+2 | Vol+1 | BTC+2 | FVG+1 | ChoCH+1 | Engulfing+1 | Zone:FVG+1 | Sess:DEAD_ZONE | Strong1h+1,0,0,0.45,range,0.4319,1.1655,2.57,0.2498,1.725,1.0,0.512,0.28125,5710,0,1,0.828,1.023,1,0.485,0
ADAUSDT,5711,5736,1711323000,1711346400,LONG,TRAIL,0.6451,0.65561316,0.69766582,0.62757806,0.3061163988774538,0.2646976119166491,0.04141878696080467,15,1.9,63.97,0.20245398773005835,0.005464530992652178,1.139442849740913,base,adaptive disabled,1.15,75.3,90,84,50,80,DEAD_ZONE,bullish,bullish,FVG,BOS bullish | Vol 1.9x | FVG | ChoCH | BullWick | StrongTrend1h | Zone:FVG | MTF 15 | Risk x1.15,BOS+2 | 1h+2 | 4h+2 | Vol+1 | RSI+1 | BTC+2 | FVG+1 | ChoCH+1 | BullWick+1 | Zone:FVG+1 | Sess:DEAD_ZONE | Strong1h+1 | QualityRisk:1.15,0,0,0.475,bull,0.3595,1.0178,0.337,0.3872,1.854,1.0,0.2791,0.5625,5711,1,2,0.062,0.186,1,0.714,0
AVAXUSDT,5719,5742,1711330200,1711351800,LONG,TRAIL,55.765,56.80218731,60.95093654,54.03635449,0.5150884389918926,0.4666993970997813,0.048389041892111254,13,1.51,65.31,0.13558441558441672,0.007875747987916954,1.2615978243189498,base,adaptive disabled,1.15,73.7,90,76,50,80,OFF_HOURS,bullish,bullish,FVG,BOS bullish | Vol 1.5x | FVG | ChoCH | StrongTrend1h | Zone:FVG | MTF 13 | Risk x1.15,BOS+2 | 1h+2 | 4h+2 | Vol+1 | RSI+1 | BTCok+1 | FVG+1 | ChoCH+1 | Zone:FVG+1 | Sess:OFF_HOURS | Strong1h+1 | RelStrengthRisk:1.15,0,0,0.425,bull,0.0937,1.1975,0.289,0.2332,1.602,1.0,0.0757,0.75,5719,1,2,0.041,0.388,1,1.147,0
ADAUSDT,5729,5732,1711339200,1711342800,LONG,TRAIL,0.6443,0.64949186,0.67025928,0.63564691,0.4574409467645604,0.3736746274497263,0.08376631931483407,17,2.58,60.42,0.1975308641975284,0.005056100924325484,1.0498748920948173,base,adaptive disabled,1.15,87.1,90,83,90,80,OFF_HOURS,bullish,bullish,FVG,BOS bullish | Vol 2.6x | FVG | ChoCH | Engulfing | StrongTrend1h | Zone:FVG | MTF 17 | Risk x1.15,BOS+2 | BodyStrong+1 | 1h+2 | 4h+2 | Vol+2 | RSI+1 | BTC+2 | FVG+1 | ChoCH+1 | Engulfing+1 | Zone:FVG+1 | Sess:OFF_HOURS | Strong1h+1 | QualityRisk:1.15,0,0,0.525,range,0.1618,1.4253,0.0,0.0685,2.203,-1.0,-0.1407,0.5625,5727,1,2,0.539,0.412,1,1.047,0
BTCUSDT,5735,5769,1711344600,1711376100,LONG,TRAIL,67300.0,68010.78552431,70853.92762153,66115.35745949,0.2714103596970289,0.24744347810270698,0.023966881594321986,15,1.58,68.33,0.7108138965911093,0.0033316593495855626,0.7831150502365901,base,adaptive disabled,1.0,82.5,90,90,70,80,OFF_HOURS,bullish,bullish,FVG,BOS bullish | Vol 1.6x | FVG | ChoCH | Engulfing | StrongTrend1h | Zone:FVG | MTF 15,BOS+2 | BodyStrong+1 | 1h+2 | 4h+2 | Vol+1 | BTC+2 | FVG+1 | ChoCH+1 | Engulfing+1 | Zone:FVG+1 | Sess:OFF_HOURS | Strong1h+1,0,1,0.5,bear,0.4796,1.055,0.0,0.0408,1.78,-1.0,-0.1011,0.2109375,5732,0,4,1.573,0.557,1,0.668,0
DOTUSDT,5736,5771,1711345500,1711377900,LONG,TRAIL,9.459,9.58658959,10.09694795,9.24635068,0.497686497121692,0.44764460185487404,0.050041895266817966,16,2.37,67.11,0.3087557603686611,0.004111563488979605,0.9150186650453259,base,adaptive disabled,1.15,89.9,90,97,90,80,OFF_HOURS,bullish,bullish,FVG,BOS bullish | Vol 2.4x | FVG | ChoCH | BullWick | StrongTrend1h | Zone:FVG | MTF 16 | Risk x1.15,BOS+2 | BodyStrong+1 | 1h+2 | 4h+2 | Vol+2 | RSI+1 | BTCok+1 | FVG+1 | ChoCH+1 | BullWick+1 | Zone:FVG+1 | Sess:OFF_HOURS | Strong1h+1 | QualityRisk:1.15,0,0,0.575,bull,0.5549,1.591,0.65,0.3344,1.907,1.0,0.4296,0.5625,5735,3,3,0.703,0.774,1,1.125,0
DOTUSDT,5754,5771,1711361700,1711377900,LONG,TRAIL,9.506,9.63111752,10.13158758,9.29747081,0.3806915308523818,0.3294073437321038,0.05128418712027795,15,1.58,66.09,0.7119999999999911,0.005532995782994716,1.2313550377191698,base,adaptive disabled,1.0,78.5,90,100,50,80,LONDON,bullish,bullish,FVG,BOS bullish | Vol 1.6x | FVG | LiqSweep | ChoCH | BullWick | Session:LONDON | StrongTrend1h | Zone:FVG | MTF 15,BOS+2 | 1h+2 | 4h+2 | Vol+1 | RSI+1 | BTCok+1 | FVG+1 | LiqSweep+1 | ChoCH+1 | BullWick+1 | Zone:FVG+1 | Sess:LONDON | Strong1h+1,0,1,0.6,bear,0.5515,1.2468,0.0,0.0822,1.603,1.0,0.0159,0.5625,5754,0,2,1.378,0.069,1,1.309,0
AAVEUSDT,5756,5770,1711363500,1711377000,LONG,TRAIL,126.49,127.93474348,133.71371741,124.0820942,0.9490578426849224,0.8439955931567222,0.1050622495282002,14,1.87,67.48,0.32011331444759067,0.008578282647427203,1.631043468828,base,adaptive disabled,1.15,78.1,90,98,50,80,LONDON,bullish,bullish,FVG,BOS bullish | Vol 1.9x | FVG | ChoCH | BullWick | Session:LONDON | StrongTrend1h | Zone:FVG | MTF 14 | Risk x1.15,BOS+2 | 1h+2 | 4h+2 | Vol+1 | RSI+1 | BTCok+1 | FVG+1 | ChoCH+1 | BullWick+1 | Zone:FVG+1 | Sess:LONDON | Strong1h+1 | QualityRisk:1.15,0,1,0.525,bear,0.868,1.0244,0.0,0.3375,1.504,1.0,0.4251,1.0,5753,0,1,0.962,3.009,0,1.572,0
SOLUSDT,5756,5771,1711363500,1711377900,LONG,TRAIL,190.15,193.75102386,208.15511931,184.14829356,0.34609836774655733,0.310455379849935,0.03564298789662233,14,1.36,63.32,0.36995153473343817,0.008589356932354191,1.3355018470329327,base,adaptive disabled,1.15,84.5,90,100,70,80,LONDON,bullish,bullish,FVG,BOS bullish | Vol 1.4x | FVG | ChoCH | Session:LONDON | StrongTrend1h | Zone:FVG | MTF 14 | Risk x1.15,BOS+2 | BodyStrong+1 | 1h+2 | 4h+2 | Vol+1 | RSI+1 | BTCok+1 | FVG+1 | ChoCH+1 | Zone:FVG+1 | Sess:LONDON | Strong1h+1 | QualityRisk:1.15,0,0,0.575,bull,0.6298,1.2385,2.663,0.0835,0.898,1.0,0.3601,0.5625,5755,1,2,0.037,4.487,0,1.138,0
SOLUSDT,5772,5831,1711377900,1711431900,LONG,TRAIL,191.56,195.58276,211.6738,184.8554,0.5881403730213065,0.5345689444498779,0.05357142857142858,17,2.43,67.98,0.5384615384615352,0.014132924856139407,2.197434266383274,base,adaptive disabled,1.15,88.5,90,90,90,80,NEW_YORK,bullish,bullish,FVG,BOS bullish | Vol 2.4x | FVG | ChoCH | BullWick | Session:NEW_YORK | StrongTrend1h | Zone:FVG | MTF 17 | Risk x1.15,BOS+2 | BodyStrong+1 | 1h+2 | 4h+2 | Vol+2 | RSI+1 | BTC+2 | FVG+1 | ChoCH+1 | BullWick+1 | Zone:FVG+1 | Sess:NEW_YORK | Strong1h+1 | QualityRisk:1.15,0,0,0.55,bull,0.5011,1.141,0.0,0.1407,1.846,1.0,0.2137,0.9375,5771,1,1,0.537,1.813,1,1.429,0
DOTUSDT,5811,5836,1711413000,1711436400,LONG,TRAIL,9.839,9.98995449,10.59377246,9.58740918,0.2647180845194493,0.23172142649353253,0.032996658025916774,17,1.57,61.36,0.28220858895705486,0.007154226396696189,1.3128680365090846,base,adaptive disabled,1.15,83.1,90,93,70,80,OFF_HOURS,bullish,bullish,FVG,BOS bullish | Vol 1.6x | FVG | LiqSweep | ChoCH | BullWick | StrongTrend1h | Zone:FVG | MTF 17 | Risk x1.15,BOS+2 | BodyStrong+1 | 1h+2 | 4h+2 | Vol+1 | RSI+1 | BTC+2 | FVG+1 | LiqSweep+1 | ChoCH+1 | BullWick+1 | Zone:FVG+1 | Sess:OFF_HOURS | Strong1h+1 | RelStrengthRisk:1.15,0,0,0.6,bull,0.1351,1.0136,0.0,0.2055,2.339,1.0,0.1653,0.421875,5811,0,1,0.671,10.214,0,1.043,4
LINKUSDT,5811,5818,1711413000,1711420200,LONG,TRAIL,19.467,19.69227841,20.59339207,19.09153598,0.47571895083418037,0.4028079199716224,0.07291103086255794,17,3.55,64.01,0.49770290964778485,0.00707796677758477,1.309423853859998,base,adaptive disabled,1.0,90.5,90,100,90,80,OFF_HOURS,bullish,bullish,FVG,BOS bullish | Vol 3.5x | FVG | ChoCH | BullWick | StrongTrend1h | Zone:FVG | MTF 17,BOS+2 | BodyStrong+1 | 1h+2 | 4h+2 | Vol+2 | RSI+1 | BTC+2 | FVG+1 | ChoCH+1 | BullWick+1 | Zone:FVG+1 | Sess:OFF_HOURS | Strong1h+1,0,1,0.625,bear,0.0346,1.0254,0.0,0.0512,2.345,1.0,0.1153,0.703125,5810,0,1,1.655,-1.0,0,0.914,0
XRPUSDT,5838,5861,1711437300,1711458900,LONG,SL,0.6503,0.663,0.67715859,0.64134714,-1.1434893430702648,-1.3069203584106153,0.16343101534035023,14,2.38,71.29,0.47826086956520564,0.003996848347383015,1.0758183470037659,base,adaptive disabled,1.15,90.5,90,100,90,80,LONDON,bullish,bullish,FVG,BOS bullish | Vol 2.4x | FVG | ChoCH | Session:LONDON | StrongTrend1h | Zone:FVG | MTF 14 | Risk x1.15,BOS+2 | BodyStrong+1 | 1h+2 | 4h+2 | Vol+2 | BTCok+1 | FVG+1 | ChoCH+1 | Zone:FVG+1 | Sess:LONDON | Strong1h+1 | QualityRisk:1.15,0,0,0.425,range,2.4126,0.189,2.292,0.3089,1.829,1.0,0.5245,1.125,5838,0,2,2.555,1.208,1,1.301,7
AAVEUSDT,5839,5865,1711438200,1711462500,LONG,SL,130.8,132.4814347,139.20717348,127.99760884,-1.0812195111263447,-1.151231150757694,0.07001163963134936,13,1.43,71.71,0.5153846153846178,0.004058506108737436,0.8661528453737324,base,adaptive disabled,1.15,84.5,90,100,70,80,LONDON,bullish,bullish,FVG,BOS bullish | Vol 1.4x | FVG | ChoCH | Session:LONDON | StrongTrend1h | Zone:FVG | MTF 13 | Risk x1.15,BOS+2 | BodyStrong+1 | 1h+2 | 4h+2 | Vol+1 | BTCok+1 | FVG+1 | ChoCH+1 | Zone:FVG+1 | Sess:LONDON | Strong1h+1 | QualityRisk:1.15,0,0,0.4,bull,1.4737,0.3687,1.229,0.2722,1.698,1.0,0.3192,0.75,5838,2,5,2.181,-1.0,0,3.503,0
ADAUSDT,5839,5865,1711438200,1711462500,LONG,SL,0.6772,0.68766038,0.72950192,0.65976603,-0.6581977598906027,-0.7018969288119671,0.0436991689213644,14,1.36,67.36,0.4385964912280709,0.0055049905766575,1.2182544147978034,base,adaptive disabled,1.0,84.5,90,100,70,80,LONDON,bullish,bullish,FVG,BOS bullish | Vol 1.4x | FVG | ChoCH | Session:LONDON | StrongTrend1h | Zone:FVG | MTF 14,BOS+2 | BodyStrong+1 | 1h+2 | 4h+2 | Vol+1 | RSI+1 | BTCok+1 | FVG+1 | ChoCH+1 | Zone:FVG+1 | Sess:LONDON | Strong1h+1,0,0,0.525,bull,1.5602,0.7457,1.21,0.3168,1.284,1.0,0.5145,0.5625,5839,1,3,1.397,-1.0,0,2.113,0
BTCUSDT,5839,5865,1711438200,1711462500,LONG,SL,71125.0,71834.58474912,74672.9237456,69942.35875147,-0.6767029950923492,-0.7401327532973349,0.0634297582049857,15,2.71,65.28,0.39573570759138516,0.007229949625435158,1.991256216503564,base,adaptive disabled,1.0,88.5,90,90,90,80,LONDON,bullish,bullish,FVG,BOS bullish | Vol 2.7x | FVG | ChoCH | Session:LONDON | StrongTrend1h | Zone:FVG | MTF 15,BOS+2 | BodyStrong+1 | 1h+2 | 4h+2 | Vol+2 | RSI+1 | BTCok+1 | FVG+1 | ChoCH+1 | Zone:FVG+1 | Sess:LONDON | Strong1h+1,0,0,0.325,bull,1.3257,0.2779,2.697,0.2095,1.585,1.0,0.2735,0.52734375,5839,0,2,1.769,0.073,1,2.895,0
ADAUSDT,5852,5865,1711449900,1711462500,LONG,SL,0.6811,0.69048976,0.72804878,0.66545041,-2.183563594956801,-2.3059689582921985,0.12240536333539735,14,6.08,67.09,0.4450867052023178,0.0072510877146077304,1.6484972865399872,base,adaptive disabled,1.15,84.5,90,100,70,80,LONDON,bullish,bullish,FVG,BOS bullish | Vol 6.1x | FVG | ChoCH | Session:LONDON | StrongTrend1h | Zone:FVG | MTF 14 | Risk x1.15,BOS+2 | 1h+2 | 4h+2 | Vol+2 | RSI+1 | BTCok+1 | FVG+1 | ChoCH+1 | Zone:FVG+1 | Sess:LONDON | Strong1h+1 | RelStrengthRisk:1.15,0,0,0.35,bull,1.9873,0.1384,1.571,0.1139,5.225,1.0,0.6595,1.40625,5852,0,1,0.448,-1.0,0,1.194,2
SUIUSDT,5853,5857,1711450800,1711455300,LONG,TRAIL,1.7883,1.81423462,1.91797309,1.74507564,0.885605603579818,0.7770027810047699,0.10860282257504807,14,1.72,60.13,0.3093525179856121,0.007111943062828614,1.1318059478403355,base,adaptive disabled,1.25,83.9,90,97,70,80,OVERLAP,bullish,bullish,FVG,BOS bullish | Vol 1.7x | FVG | ChoCH | Session:OVERLAP | StrongTrend1h | Zone:FVG | MTF 14 | Risk x1.25,BOS+2 | BodyStrong+1 | 1h+2 | 4h+2 | Vol+1 | RSI+1 | BTCok+1 | FVG+1 | ChoCH+1 | Zone:FVG+1 | Sess:OVERLAP | Strong1h+1 | QualityRisk:1.15 | RelStrengthRisk:1.25,0,0,0.475,bull,0.0393,1.1028,0.0,-0.0458,1.092,-1.0,-0.1258,1.3125,5853,1,2,0.119,13.621,0,0.955,0
LINKUSDT,5910,5938,1711502100,1711528200,LONG,SL,20.059,20.36989395,21.61346974,19.54084342,-0.7232671348108738,-0.7777062172017605,0.054439082390886614,18,2.54,62.36,0.5523349436392926,0.006869957141189961,1.1780483028256943,base,adaptive disabled,1.15,90.5,90,100,90,80,OFF_HOURS,bullish,bullish,FVG,BOS bullish | Vol 2.5x | FVG | ChoCH | BullWick | StrongTrend1h | Zone:FVG | MTF 18 | Risk x1.15,BOS+2 | BodyStrong+1 | 1h+2 | 4h+2 | Vol+2 | RSI+1 | BTCok+1 | FVG+1 | ChoCH+1 | BullWick+1 | Zone:FVG+1 | Sess:OFF_HOURS | Strong1h+1 | NestedOB_1h+2 | QualityRisk:1.15,0,0,0.475,bull,1.0672,0.1801,4.183,0.4121,2.823,1.0,0.0802,0.703125,5909,1,2,0.937,5.064,0,0.742,0
BTCUSDT,5911,5958,1711503000,1711546200,LONG,TRAIL,70336.0,71068.77485108,73999.87425539,69114.70858154,0.575852609352082,0.5191609803489851,0.05669162900309694,18,2.04,64.35,0.50016511458953,0.005434071441560103,1.1330507410087154,base,adaptive disabled,1.15,80.0,60,100,90,80,OFF_HOURS,neutral,bullish,FVG,BOS bullish | Vol 2.0x | FVG | ChoCH | Engulfing | BullWick | Zone:FVG | MTF 18 | Risk x1.15,BOS+2 | BodyStrong+1 | 1hN+1 | 4h+2 | Vol+2 | RSI+1 | BTC+2 | FVG+1 | ChoCH+1 | Engulfing+1 | BullWick+1 | Zone:FVG+1 | Sess:OFF_HOURS | NestedOB_1h+2 | QualityRisk:1.15,0,0,0.475,bull,0.7481,1.3536,1.88,0.4143,1.469,1.0,0.4526,0.4921875,5908,0,1,1.098,1.919,1,1.044,1
SUIUSDT,5912,5917,1711503900,1711509300,LONG,TRAIL,1.9091,1.9491911,2.1095555,1.8422815,2.1201275494824476,2.053163263768162,0.0669642857142856,14,2.44,63.74,0.3433333333333347,0.014523579065388004,1.246813442342205,base,adaptive disabled,1.25,84.5,90,100,70,80,OFF_HOURS,bullish,bullish,FVG,BOS bullish | Vol 2.4x | FVG | ChoCH | StrongTrend1h | Zone:FVG | MTF 14 | Risk x1.25,BOS+2 | 1h+2 | 4h+2 | Vol+2 | RSI+1 | BTCok+1 | FVG+1 | ChoCH+1 | Zone:FVG+1 | Sess:OFF_HOURS | Strong1h+1 | QualityRisk:1.15 | RelStrengthRisk:1.25,0,0,0.425,bull,0.1137,1.6887,0.0,0.0859,2.264,1.0,0.0316,1.171875,5912,0,1,0.957,1.538,1,0.672,0
SUIUSDT,5953,5957,1711540800,1711545300,LONG,TRAIL,2.0475,2.0904975,2.2624875,1.9758375,0.9036813833141415,0.8099313833141414,0.09375000000000004,16,1.73,66.32,0.7272727272727258,0.023553209840670036,1.8301288447275113,base,adaptive disabled,1.15,76.5,90,90,50,80,OVERLAP,bullish,bullish,FVG,BOS bullish | Vol 1.7x | FVG | LiqSweep | ChoCH | BullWick | Session:OVERLAP | StrongTrend1h | Zone:FVG | MTF 16 | Risk x1.15,BOS+2 | 1h+2 | 4h+2 | Vol+1 | RSI+1 | BTC+2 | FVG+1 | LiqSweep+1 | ChoCH+1 | BullWick+1 | Zone:FVG+1 | Sess:OVERLAP | Strong1h+1 | QualityRisk:1.15,0,0,0.375,range,0.007,1.4536,0.0,0.0786,1.806,1.0,0.1772,1.640625,5951,0,2,2.089,0.708,1,0.918,6
AVAXUSDT,5956,5961,1711543500,1711548900,SHORT,TRAIL,54.721,54.05064611,51.36923054,55.83825649,2.720155174851926,2.5487321384102226,0.1714230364417033,14,1.79,33.8,0.459276018099546,0.006372745311173475,1.114765117894986,base,adaptive disabled,1.25,78.5,90,100,50,80,OVERLAP,bearish,bearish,FVG,BOS bearish | Vol 1.8x | FVG | ChoCH | Session:OVERLAP | StrongTrend1h | Zone:FVG | MTF 14 | Risk x1.25,BOS+2 | 1h+2 | 4h+2 | Vol+1 | RSI+1 | BTC+2 | FVG+1 | ChoCH+1 | Zone:FVG+1 | Sess:OVERLAP | Strong1h+1 | QualityRisk:1.15 | TrendPairRisk:1.25,0,0,0.45,range,0.6784,1.2933,0.0,-0.0357,1.583,1.0,-0.4459,1.75,5956,1,3,1.168,0.888,1,2.705,5
XRPUSDT,6012,6026,1711593900,1711607400,SHORT,SL,0.6067,0.59892735,0.56783675,0.61965442,-0.7873760461680216,-0.857626200169513,0.07025015400149127,16,2.56,38.92,0.3593073593073563,0.006267040297774058,1.3266675998035102,base,adaptive disabled,1.15,90.5,90,100,90,80,OFF_HOURS,bearish,bearish,FVG,BOS bearish | Vol 2.6x | FVG | ChoCH | StrongTrend1h | Zone:FVG | MTF 16 | Risk x1.15,BOS+2 | BodyStrong+1 | 1h+2 | 4h+2 | Vol+2 | RSI+1 | BTC+2 | FVG+1 | ChoCH+1 | Zone:FVG+1 | Sess:OFF_HOURS | Strong1h+1 | TrendPairRisk:1.15,0,0,0.5,range,1.0653,0.0901,0.0,-0.0103,2.061,1.0,-0.0929,0.75,6012,0,1,0.557,0.458,1,0.949,0
XLMUSDT,6051,6057,1711629000,1711635300,LONG,TRAIL,0.1373,0.13833961,0.14249805,0.13556732,0.0,-0.15848281275249773,0.15848281275249773,15,5.49,65.41,0.16666666666665703,0.005318390442144911,1.041644757357,base,adaptive disabled,1.15,79.8,80,79,80,80,OVERLAP,bullish,bullish,OB,BOS bullish | Vol 5.5x | FVG | OB | ChoCH | Session:OVERLAP | Zone:OB | MTF 15 | Risk x1.15,BOS+2 | 1h+2 | 4h+2 | Vol+2 | RSI+1 | BTC+2 | FVG+1 | OB+1 | ChoCH+1 | Zone:OB+1 | Sess:OVERLAP | QualityRisk:1.15,0,0,0.35,bull,0.404,1.1543,0.4,0.0774,3.16,1.0,0.1351,1.0,6049,7,1,0.158,0.316,1,1.423,0
SOLUSDT,6060,6187,1711637100,1711752300,LONG,TRAIL,187.46,191.1849174,206.084587,181.25180433,0.44507823941518726,0.41110822442047634,0.033970014994710966,17,2.3,67.67,0.5580808080808074,0.008517648451732349,1.3779333199661998,base,adaptive disabled,1.25,87.0,80,100,90,80,NEW_YORK,bullish,bullish,FVG,BOS bullish | Vol 2.3x | FVG | LiqSweep | ChoCH | Engulfing | Session:NEW_YORK | Zone:FVG | MTF 17 | Risk x1.25,BOS+2 | BodyStrong+1 | 1h+2 | 4h+2 | Vol+2 | RSI+1 | BTC+2 | FVG+1 | LiqSweep+1 | ChoCH+1 | Engulfing+1 | Zone:FVG+1 | Sess:NEW_YORK | QualityRisk:1.15 | RelStrengthRisk:1.25,0,1,0.575,bear,0.6491,1.2188,0.0,0.0247,1.526,1.0,0.0799,0.5625,6060,0,1,1.282,1.657,1,1.311,3
SOLUSDT,6087,6093,1711661400,1711667700,LONG,TRAIL,187.57,190.01541445,199.79707224,183.49430925,0.2677302892122498,0.2386072158718596,0.029123073340390163,16,1.47,64.25,0.5555555555555556,0.005804310746079535,0.978679999312444,base,adaptive disabled,1.15,81.0,80,100,70,80,DEAD_ZONE,bullish,bullish,FVG,BOS bullish | Vol 1.5x | FVG | ChoCH | Zone:FVG | MTF 16 | Risk x1.15,BOS+2 | BodyStrong+1 | 1h+2 | 4h+2 | Vol+1 | RSI+1 | BTC+2 | FVG+1 | ChoCH+1 | Zone:FVG+1 | Sess:DEAD_ZONE | NestedOB_1h+2 | QualityRisk:1.15,0,0,0.65,range,0.3018,1.0673,6.795,0.1651,1.179,1.0,0.3347,0.31640625,6085,1,3,1.661,0.629,1,1.06,0
LINKUSDT,6108,6129,1711680300,1711700100,SHORT,TRAIL,18.983,18.7554495,17.84524748,19.36225084,0.43461437703558836,0.35542747472378355,0.07918690231180482,13,1.69,30.34,0.4604316546762557,0.006459346879192439,1.6560904152084348,base,adaptive disabled,1.0,75.8,65,100,70,80,OFF_HOURS,bearish,neutral,FVG,BOS bearish | Vol 1.7x | FVG | ChoCH | StrongTrend1h | Zone:FVG | MTF 13,BOS+2 | BodyStrong+1 | 1h+2 | 4hN+1 | Vol+1 | BTC+2 | FVG+1 | ChoCH+1 | Zone:FVG+1 | Sess:OFF_HOURS | Strong1h+1,0,0,0.45,range,0.327,1.2129,2.246,-0.0574,1.658,1.0,-0.2938,0.791015625,6106,0,1,1.945,11.458,0,1.182,0
AAVEUSDT,6115,6127,1711686600,1711698300,LONG,SL,128.88,131.07476309,139.85381546,125.22206151,-1.153313543006025,-1.2276330677173333,0.07431952471130825,14,2.33,66.11,0.44565217391304407,0.007258270366342054,1.6235604766830276,base,adaptive disabled,1.25,75.8,65,100,70,80,OFF_HOURS,bullish,neutral,FVG,BOS bullish | Vol 2.3x | FVG | ChoCH | BullWick | StrongTrend1h | Zone:FVG | MTF 14 | Risk x1.25,BOS+2 | 1h+2 | 4hN+1 | Vol+2 | RSI+1 | BTCok+1 | FVG+1 | ChoCH+1 | BullWick+1 | Zone:FVG+1 | Sess:OFF_HOURS | Strong1h+1 | QualityRisk:1.15 | RelStrengthRisk:1.25,0,0,0.5,range,1.2165,0.4055,0.0,0.371,2.212,1.0,0.3847,1.0546875,6115,0,1,1.341,1.016,1,1.641,5
XLMUSDT,6116,6124,1711687500,1711695600,LONG,TRAIL,0.1395,0.14125094,0.1482547,0.13658177,0.5180519968508739,0.46427367917200724,0.05377831767886659,14,10.36,69.56,0.6444444444444447,0.0066848508329020034,1.8436818610513412,base,adaptive disabled,1.15,88.5,90,90,90,80,OFF_HOURS,bullish,bullish,FVG,BOS bullish | Vol 10.4x | FVG | ChoCH | StrongTrend1h | Zone:FVG | MTF 14 | Risk x1.15,BOS+2 | BodyStrong+1 | 1h+2 | 4h+2 | Vol+2 | BTCok+1 | FVG+1 | ChoCH+1 | Zone:FVG+1 | Sess:OFF_HOURS | Strong1h+1 | RelStrengthRisk:1.15,0,0,0.45,range,0.3084,1.3707,0.0,0.3456,6.407,1.0,0.5587,0.5625,6116,0,2,2.75,-1.0,0,2.103,3
ETHUSDT,6117,6158,1711688400,1711726200,LONG,SL,3562.4,3588.04928,3690.6464,3519.6512,-2.1031292106444943,-2.321879210644493,0.21874999999999845,13,1.48,49.6,0.1343442404894926,0.004407203935350834,1.45794971188361,base,adaptive disabled,1.15,72.2,60,76,80,80,OFF_HOURS,neutral,bullish,OB,BOS bullish | Vol 1.5x | FVG | OB | ChoCH | Zone:OB | MTF 13 | Risk x1.15,BOS+2 | BodyStrong+1 | 1hN+1 | 4h+2 | Vol+1 | RSI+1 | BTCok+1 | FVG+1 | OB+1 | ChoCH+1 | Zone:OB+1 | Sess:OFF_HOURS | QualityRisk:1.15,0,1,0.55,bear,1.9275,0.5879,0.0,0.1316,1.052,1.0,0.2224,1.3125,6116,27,2,0.586,1.808,1,1.275,1
XLMUSDT,6141,6163,1711710000,1711730700,LONG,TRAIL,0.1435,0.1465135,0.1585675,0.1384775,0.3000682301369775,0.2679253729941203,0.03214285714285724,14,3.72,69.74,0.5593220338983057,0.009766743013546617,1.6945299140711914,base,adaptive disabled,1.15,84.5,90,100,70,80,OVERLAP,bullish,bullish,FVG,BOS bullish | Vol 3.7x | FVG | ChoCH | Session:OVERLAP | StrongTrend1h | Zone:FVG | MTF 14 | Risk x1.15,BOS+2 | 1h+2 | 4h+2 | Vol+2 | BTC+2 | FVG+1 | ChoCH+1 | Zone:FVG+1 | Sess:OVERLAP | Strong1h+1 | RelStrengthRisk:1.15,0,1,0.5,bear,0.3982,1.0619,10.0,-0.0119,2.753,1.0,0.2868,0.5625,6141,0,1,1.641,-1.0,0,0.965,6
AAVEUSDT,6142,6158,1711710900,1711726200,LONG,TRAIL,127.85,130.37556687,140.47783435,123.64072188,0.5354721097199431,0.47852202394133914,0.05695008577860385,16,2.55,60.02,0.39943342776203855,0.006837811229950579,1.1522611634479367,base,adaptive disabled,1.25,81.0,80,100,70,80,OVERLAP,bullish,bullish,FVG,BOS bullish | Vol 2.5x | FVG | LiqSweep | ChoCH | Engulfing | Session:OVERLAP | Zone:FVG | MTF 16 | Risk x1.25,BOS+2 | 1h+2 | 4h+2 | Vol+2 | RSI+1 | BTC+2 | FVG+1 | LiqSweep+1 | ChoCH+1 | Engulfing+1 | Zone:FVG+1 | Sess:OVERLAP | QualityRisk:1.15 | RelStrengthRisk:1.25,0,0,0.65,range,0.0641,1.0572,0.0,-0.1039,2.651,1.0,0.1153,0.9375,6142,0,2,1.216,2.154,1,1.33,3
AAVEUSDT,6156,6280,1711723500,1711836000,LONG,SL,128.84,131.3980531,141.6302655,124.57657817,-1.0836366149581793,-1.1440763298807817,0.060439714922602465,15,1.34,64.07,0.30555555555555847,0.007861856541918686,1.178076079699952,base,adaptive disabled,1.15,77.7,90,96,50,80,NEW_YORK,bullish,bullish,FVG,BOS bullish | Vol 1.3x | FVG | ChoCH | BullWick | Session:NEW_YORK | StrongTrend1h | Zone:FVG | MTF 15 | Risk x1.15,BOS+2 | 1h+2 | 4h+2 | Vol+1 | RSI+1 | BTC+2 | FVG+1 | ChoCH+1 | BullWick+1 | Zone:FVG+1 | Sess:NEW_YORK | Strong1h+1 | QualityRisk:1.15,0,0,0.6,bull,1.1305,0.6567,0.936,0.0962,1.644,1.0,0.4756,1.0,6152,0,1,0.813,0.435,1,2.095,0
SOLUSDT,6179,6190,1711744200,1711755000,LONG,TRAIL,188.94,192.48873824,206.68369122,183.02543626,0.29647615539103284,0.26952266701760297,0.026953488373429865,13,1.32,64.3,0.5223300970873748,0.007194200883742188,1.234404968302749,base,adaptive disabled,1.25,81.0,80,100,70,80,DEAD_ZONE,bullish,bullish,FVG,BOS bullish | Vol 1.3x | FVG | ChoCH | Zone:FVG | MTF 13 | Risk x1.25,BOS+2 | BodyStrong+1 | 1h+2 | 4h+2 | Vol+1 | RSI+1 | BTCok+1 | FVG+1 | ChoCH+1 | Zone:FVG+1 | Sess:DEAD_ZONE | QualityRisk:1.15 | RelStrengthRisk:1.25,0,0,0.5,range,0.2519,1.0595,3.202,0.0268,1.421,1.0,0.2014,0.421875,6179,0,3,2.026,0.519,1,0.954,0
DOTUSDT,6190,6381,1711754100,1711926900,LONG,EXPIRED,9.588,9.73443185,10.32015924,9.34394692,0.0,-0.07734536683577237,0.07734536683577237,13,1.46,62.05,0.4285714285714326,0.004102473386140232,0.6916626182669973,base,adaptive disabled,1.0,66.0,60,90,50,80,DEAD_ZONE,neutral,bullish,FVG,BOS bullish | Vol 1.5x | FVG | MACD_Div | ChoCH | Zone:FVG | MTF 13,BOS+2 | 1hN+1 | 4h+2 | Vol+1 | RSI+1 | BTC+2 | FVG+1 | MACD_Div+1 | ChoCH+1 | Zone:FVG+1 | Sess:DEAD_ZONE,0,1,0.425,bear,0.8236,0.799,0.0,0.2983,2.232,1.0,0.0594,0.984375,6190,0,2,1.06,0.122,1,0.53,6
SOLUSDT,6192,6212,1711755900,1711774800,LONG,TRAIL,191.13,195.14373,211.19865,184.44045,0.4674809648314894,0.44337382197434655,0.02410714285714287,15,1.65,69.54,0.3906249999999984,0.00876057880303431,1.3695950256448588,base,adaptive disabled,1.25,84.5,90,100,70,80,DEAD_ZONE,bullish,bullish,FVG,BOS bullish | Vol 1.6x | FVG | ChoCH | Engulfing | StrongTrend1h | Zone:FVG | MTF 15 | Risk x1.25,BOS+2 | BodyStrong+1 | 1h+2 | 4h+2 | Vol+1 | BTC+2 | FVG+1 | ChoCH+1 | Engulfing+1 | Zone:FVG+1 | Sess:DEAD_ZONE | Strong1h+1 | QualityRisk:1.15 | RelStrengthRisk:1.25,0,0,0.6,bull,0.0538,1.3479,1.406,0.3222,1.773,1.0,0.4061,0.421875,6187,0,1,1.341,0.652,1,0.997,1
ETHUSDT,6211,6237,1711773000,1711797300,SHORT,SL,3500.67,3475.465176,3374.64588,3542.67804,-0.43253996734910755,-0.502852467349108,0.07031250000000049,16,1.81,35.81,0.8455619675735117,0.003203332740777009,1.2335903708534588,base,adaptive disabled,1.15,78.5,90,100,50,80,OFF_HOURS,bearish,bearish,FVG,BOS bearish | Vol 1.8x | FVG | LiqSweep | ChoCH | Engulfing | StrongTrend1h | Zone:FVG | MTF 16 | Risk x1.15,BOS+2 | 1h+2 | 4h+2 | Vol+1 | RSI+1 | BTC+2 | FVG+1 | LiqSweep+1 | ChoCH+1 | Engulfing+1 | Zone:FVG+1 | Sess:OFF_HOURS | Strong1h+1 | TrendPairRisk:1.15,0,0,0.45,range,1.0986,0.3269,10.0,-0.1121,2.116,1.0,-0.3547,0.421875,6208,1,2,1.459,1.606,1,1.391,0
DOTUSDT,6240,6268,1711799100,1711825200,LONG,SL,9.577,9.66106148,9.99730742,9.43689753,-1.3396444759325108,-1.5190818905619596,0.1794374146294489,14,4.08,59.6,0.4956521739130459,0.003825837272919123,0.9422350514556678,base,adaptive disabled,1.25,80.0,60,100,90,80,OVERLAP,neutral,bullish,FVG,BOS bullish | Vol 4.1x | FVG | ChoCH | Session:OVERLAP | Zone:FVG | MTF 14 | Risk x1.25,BOS+2 | BodyStrong+1 | 1hN+1 | 4h+2 | Vol+2 | RSI+1 | BTC+2 | FVG+1 | ChoCH+1 | Zone:FVG+1 | Sess:OVERLAP | QualityRisk:1.15 | RelStrengthRisk:1.25,0,0,0.55,range,1.0992,0.4877,0.0,0.1825,3.983,1.0,0.2812,1.3125,6240,0,1,1.129,0.184,1,1.47,4
SOLUSDT,6246,6365,1711804500,1711912500,LONG,TRAIL,196.42,199.14024371,210.02121853,191.88626049,1.021089065138567,0.907363409118245,0.11372565602032189,14,1.32,62.92,0.656140350877199,0.0074129461381548965,1.3455183624659526,base,adaptive disabled,1.15,78.5,90,100,50,80,OVERLAP,bullish,bullish,FVG,BOS bullish | Vol 1.3x | FVG | ChoCH | Session:OVERLAP | StrongTrend1h | Zone:FVG | MTF 14 | Risk x1.15,BOS+2 | 1h+2 | 4h+2 | Vol+1 | RSI+1 | BTC+2 | FVG+1 | ChoCH+1 | Zone:FVG+1 | Sess:OVERLAP | Strong1h+1 | QualityRisk:1.15,0,0,0.575,range,0.6661,1.1212,0.0,0.0996,1.299,1.0,0.1288,1.3125,6242,4,3,0.953,2.002,1,1.259,0
SUIUSDT,6281,6390,1711836000,1711935000,SHORT,SL,1.8877,1.84851704,1.69178522,1.95300493,-0.7533887564078234,-0.7967476574892578,0.04335890108143434,14,2.05,29.32,0.6513026052104167,0.006411143307865036,1.1732392254009512,base,adaptive disabled,1.25,90.5,90,100,90,80,DEAD_ZONE,bearish,bearish,FVG,BOS bearish | Vol 2.0x | FVG | ChoCH | StrongTrend1h | Zone:FVG | MTF 14 | Risk x1.25,BOS+2 | BodyStrong+1 | 1h+2 | 4h+2 | Vol+2 | BTCok+1 | FVG+1 | ChoCH+1 | Zone:FVG+1 | Sess:DEAD_ZONE | Strong1h+1 | QualityRisk:1.15 | TrendPairRisk:1.25,0,0,0.475,bear,1.0137,0.6253,1.816,-0.3303,1.874,1.0,-0.5624,0.75,6281,0,4,1.837,0.552,1,1.209,3
SUIUSDT,6317,6385,1711868400,1711930500,SHORT,SL,1.8893,1.86173379,1.75146895,1.93524368,-0.6048165928371455,-0.6510789405637534,0.04626234772660795,16,1.61,38.07,0.4295900178253084,0.007367843294410904,1.2400145467298769,base,adaptive disabled,1.25,84.5,90,100,70,80,OFF_HOURS,bearish,bearish,FVG,BOS bearish | Vol 1.6x | FVG | ChoCH | Engulfing | StrongTrend1h | Zone:FVG | MTF 16 | Risk x1.25,BOS+2 | BodyStrong+1 | 1h+2 | 4h+2 | Vol+1 | RSI+1 | BTC+2 | FVG+1 | ChoCH+1 | Engulfing+1 | Zone:FVG+1 | Sess:OFF_HOURS | Strong1h+1 | QualityRisk:1.15 | TrendPairRisk:1.25,0,0,0.525,range,1.2537,0.9178,0.0,0.0441,1.341,1.0,-0.0418,0.5625,6315,0,1,1.262,0.206,1,0.421,1
BTCUSDT,6342,6364,1711890900,1711911600,LONG,TRAIL,70658.4,71167.14048,73202.1024,69810.4992,0.3041144029404883,0.24161440294048742,0.06250000000000085,15,1.66,66.55,0.4752156559804304,0.001993141604781564,1.2080071847603773,base,adaptive disabled,1.0,78.5,90,100,50,80,NEW_YORK,bullish,bullish,FVG,BOS bullish | Vol 1.7x | FVG | ChoCH | Engulfing | Session:NEW_YORK | StrongTrend1h | Zone:FVG | MTF 15,BOS+2 | 1h+2 | 4h+2 | Vol+1 | RSI+1 | BTC+2 | FVG+1 | ChoCH+1 | Engulfing+1 | Zone:FVG+1 | Sess:NEW_YORK | Strong1h+1,0,0,0.625,range,0.4148,1.0426,0.0,0.0772,1.934,-1.0,-0.0583,0.375,6342,0,5,1.159,3.039,1,1.059,0
SOLUSDT,6347,6364,1711895400,1711911600,LONG,TRAIL,196.22,197.632784,203.28392,193.86536,1.0304809884958486,0.9054809884958481,0.12500000000000058,16,3.02,56.93,0.25730994152047576,0.003568828353428691,0.93617505367189,base,adaptive disabled,1.15,85.5,90,90,80,80,NEW_YORK,bullish,bullish,OB,BOS bullish | Vol 3.0x | FVG | OB | ChoCH | Session:NEW_YORK | StrongTrend1h | Zone:OB | MTF 16 | Risk x1.15,BOS+2 | 1h+2 | 4h+2 | Vol+2 | RSI+1 | BTC+2 | FVG+1 | OB+1 | ChoCH+1 | Zone:OB+1 | Sess:NEW_YORK | Strong1h+1 | QualityRisk:1.15,0,1,0.6,bear,0.2803,1.3307,0.0,0.0555,2.109,0.0,-0.164,0.75,6344,5,1,0.176,0.419,1,0.933,0
BTCUSDT,6364,6384,1711910700,1711929600,LONG,TRAIL,70875.3,71385.60216,73426.8108,70024.7964,0.1868524294683212,0.139977429468321,0.04687500000000021,14,4.57,68.18,0.5668677357657522,0.005649083319407194,3.4236842130663985,base,adaptive disabled,1.0,80.5,90,80,70,80,OFF_HOURS,bullish,bullish,FVG,BOS bullish | Vol 4.6x | FVG | ChoCH | StrongTrend1h | Zone:FVG | MTF 14,BOS+2 | 1h+2 | 4h+2 | Vol+2 | BTC+2 | FVG+1 | ChoCH+1 | Zone:FVG+1 | Sess:OFF_HOURS | Strong1h+1,0,0,0.525,bull,0.2447,1.0713,0.0,-0.069,1.766,-1.0,-0.1228,0.28125,6364,0,1,1.167,0.839,1,2.01,0
DOTUSDT,6384,6401,1711928700,1711944900,LONG,TRAIL,9.618,9.69997579,10.02787896,9.48137368,0.4469900470321723,0.3413954588152017,0.10559458821697057,17,2.16,64.96,0.3142857142857078,0.002945411585686876,1.171292007253796,base,adaptive disabled,1.15,89.9,90,97,90,80,DEAD_ZONE,bullish,bullish,FVG,BOS bullish | Vol 2.2x | FVG | ChoCH | Engulfing | StrongTrend1h | Zone:FVG | MTF 17 | Risk x1.15,BOS+2 | BodyStrong+1 | 1h+2 | 4h+2 | Vol+2 | RSI+1 | BTC+2 | FVG+1 | ChoCH+1 | Engulfing+1 | Zone:FVG+1 | Sess:DEAD_ZONE | Strong1h+1 | QualityRisk:1.15,0,0,0.4,range,0.1317,1.0369,1.692,0.1824,2.948,1.0,0.1414,0.75,6383,0,1,1.153,1.013,1,1.607,3
ETHUSDT,6385,6405,1711929600,1711948500,LONG,SL,3637.72,3663.911584,3768.67792,3594.06736,-0.7513291292347992,-0.8763291292347999,0.1250000000000006,14,1.62,51.94,0.27856792545364745,0.002391150782687047,0.8841352919924373,base,adaptive disabled,1.15,83.1,90,93,70,80,OFF_HOURS,bullish,bullish,FVG,BOS bullish | Vol 1.6x | FVG | ChoCH | StrongTrend1h | Zone:FVG | MTF 14 | Risk x1.15,BOS+2 | BodyStrong+1 | 1h+2 | 4h+2 | Vol+1 | RSI+1 | BTCok+1 | FVG+1 | ChoCH+1 | Zone:FVG+1 | Sess:OFF_HOURS | Strong1h+1 | QualityRisk:1.15,0,0,0.575,range,1.1617,0.139,0.0,-0.039,1.788,1.0,0.1238,0.75,6385,3,2,0.851,0.313,1,0.636,0
AAVEUSDT,6386,6407,1711930500,1711950300,LONG,SL,128.58,130.53504061,138.35520304,125.32159899,-0.9529213839766126,-0.9973150910605664,0.044393707083953855,13,1.6,71.78,0.9912280701754341,0.004248956363937303,1.176221963878714,base,adaptive disabled,1.15,78.5,90,100,50,80,OFF_HOURS,bullish,bullish,FVG,BOS bullish | Vol 1.6x | FVG | ChoCH | BullWick | StrongTrend1h | Zone:FVG | MTF 13 | Risk x1.15,BOS+2 | 1h+2 | 4h+2 | Vol+1 | BTCok+1 | FVG+1 | ChoCH+1 | BullWick+1 | Zone:FVG+1 | Sess:OFF_HOURS | Strong1h+1 | QualityRisk:1.15,0,0,0.475,range,2.0194,0.6701,0.0,0.4137,1.622,1.0,0.6201,0.5625,6386,0,4,2.4,0.59,1,2.282,7
AVAXUSDT,6444,6446,1711982700,1711985400,SHORT,TRAIL,51.963,50.871777,46.506885,53.781705,0.6158491242928583,0.5444205528642869,0.07142857142857138,20,1.95,38.05,0.3649075327018528,0.011681966687453645,1.6513475735937593,base,adaptive disabled,1.25,81.5,90,100,60,80,NEW_YORK,bearish,bearish,OB,BOS bearish | Vol 1.9x | FVG | OB | LiqSweep | ChoCH | BearWick | Session:NEW_YORK | StrongTrend1h | Zone:OB | 💎PREMIUM | MTF 20 | Risk x1.25,BOS+2 | 1h+2 | 4h+2 | Vol+1 | RSI+1 | BTC+2 | FVG+1 | OB+1 | LiqSweep+1 | ChoCH+1 | BearWick+1 | Zone:OB+1 | Sess:NEW_YORK | Strong1h+1 | 💎Premium+3 | QualityRisk:1.15 | TrendPairRisk:1.25,1,1,0.375,bull,0.0434,1.041,0.0,0.0329,1.423,-1.0,0.0371,1.25,6444,15,1,0.964,2.85,0,2.712,5
AVAXUSDT,6484,6490,1712018700,1712025000,SHORT,TRAIL,50.962,50.29488433,47.62642163,52.07385946,0.9102637226237636,0.8586994268988345,0.05156429572492922,16,2.38,29.7,0.7879310344827609,0.007452528552363464,1.1899053820682728,base,adaptive disabled,1.25,90.5,90,100,90,80,OFF_HOURS,bearish,bearish,FVG,BOS bearish | Vol 2.4x | FVG | LiqSweep | ChoCH | StrongTrend1h | Zone:FVG | MTF 16 | Risk x1.25,BOS+2 | BodyStrong+1 | 1h+2 | 4h+2 | Vol+2 | BTC+2 | FVG+1 | LiqSweep+1 | ChoCH+1 | Zone:FVG+1 | Sess:OFF_HOURS | Strong1h+1 | QualityRisk:1.15 | TrendPairRisk:1.25,0,0,0.475,range,0.0009,1.2067,0.0,-0.0505,1.482,1.0,-0.3176,0.5625,6483,0,2,2.513,0.331,1,1.611,0
SOLUSDT,6484,6491,1712018700,1712025900,SHORT,TRAIL,190.97,188.39681461,178.10407306,195.25864231,0.9212207896837389,0.8836492400293682,0.037571549654370685,18,3.82,32.07,0.7647058823529411,0.00952390998578141,1.4558732558431136,base,adaptive disabled,1.25,90.5,90,100,90,80,OFF_HOURS,bearish,bearish,FVG,BOS bearish | Vol 3.8x | FVG | LiqSweep | ChoCH | Engulfing | StrongTrend1h | Zone:FVG | MTF 18 | Risk x1.25,BOS+2 | BodyStrong+1 | 1h+2 | 4h+2 | Vol+2 | RSI+1 | BTC+2 | FVG+1 | LiqSweep+1 | ChoCH+1 | Engulfing+1 | Zone:FVG+1 | Sess:OFF_HOURS | Strong1h+1 | QualityRisk:1.15 | TrendPairRisk:1.25,0,0,0.575,range,0.1073,1.6516,0.0,-0.1524,1.725,1.0,-0.3788,0.421875,6483,0,2,2.36,2.002,1,1.732,0
XRPUSDT,6484,6490,1712018700,1712025000,SHORT,TP2,0.6097,0.5986,0.5939,0.6170164,1.2147367557815345,1.1209867557815345,0.09375,20,2.34,36.24,0.5961538461538338,0.00444186852851818,1.163962679383535,base,adaptive disabled,1.25,90.5,90,100,90,80,OFF_HOURS,bearish,bearish,FVG,BOS bearish | Vol 2.3x | FVG | LiqSweep | MACD_Div | ChoCH | Engulfing | Premium | StrongTrend1h | Zone:FVG | MTF 20 | Risk x1.25,BOS+2 | BodyStrong+1 | 1h+2 | 4h+2 | Vol+2 | RSI+1 | BTC+2 | FVG+1 | LiqSweep+1 | MACD_Div+1 | ChoCH+1 | Engulfing+1 | Premium+1 | Zone:FVG+1 | Sess:OFF_HOURS | Strong1h+1 | QualityRisk:1.15 | TrendPairRisk:1.25,0,0,0.5,range,1.2301,2.4324,0.0,-0.0501,1.102,1.0,-0.1426,0.5625,6483,1,3,2.175,1.75,1,1.419,0
BTCUSDT,6527,6718,1712057400,1712230200,SHORT,EXPIRED,65550.0,64370.23400088,59651.1700044,67516.2766652,0.0,-0.043754969238395065,0.043754969238395065,15,2.28,28.55,0.5028499050031693,0.008381680340748134,1.6846392967722272,base,adaptive disabled,1.15,84.5,90,100,70,80,OVERLAP,bearish,bearish,FVG,BOS bearish | Vol 2.3x | FVG | ChoCH | Engulfing | Session:OVERLAP | StrongTrend1h | Zone:FVG | MTF 15 | Risk x1.15,BOS+2 | 1h+2 | 4h+2 | Vol+2 | BTC+2 | FVG+1 | ChoCH+1 | Engulfing+1 | Zone:FVG+1 | Sess:OVERLAP | Strong1h+1 | TrendPairRisk:1.15,0,0,0.45,bear,0.7025,0.9536,1.335,0.0587,1.841,1.0,-0.1102,0.65625,6527,0,1,0.691,-1.0,0,0.907,0
SOLUSDT,6527,6557,1712057400,1712085300,SHORT,SL,179.37,175.60323,160.53615,185.64795,-1.7274000669008145,-1.8211500669008145,0.09374999999999994,16,1.45,35.6,0.3326086956521766,0.012543686511442045,1.554908599588097,base,adaptive disabled,1.25,84.3,90,99,70,80,OVERLAP,bearish,bearish,FVG,BOS bearish | Vol 1.4x | FVG | ChoCH | Engulfing | Session:OVERLAP | StrongTrend1h | Zone:FVG | MTF 16 | Risk x1.25,BOS+2 | BodyStrong+1 | 1h+2 | 4h+2 | Vol+1 | RSI+1 | BTC+2 | FVG+1 | ChoCH+1 | Engulfing+1 | Zone:FVG+1 | Sess:OVERLAP | Strong1h+1 | QualityRisk:1.15 | TrendPairRisk:1.25,0,0,0.55,bear,1.0704,0.8947,0.89,-0.0413,1.442,1.0,-0.1826,1.640625,6527,0,1,0.182,-1.0,0,0.815,0
ETHUSDT,6535,6579,1712064600,1712105100,SHORT,TRAIL,3273.95,3205.19705,2930.18525,3388.53825,0.0,-0.0892857142857141,0.0892857142857141,15,3.01,28.07,0.37032391352468325,0.011644670262236522,1.9649415554663685,base,adaptive disabled,1.15,82.5,90,90,70,80,NEW_YORK,bearish,bearish,FVG,BOS bearish | Vol 3.0x | FVG | ChoCH | Engulfing | Session:NEW_YORK | StrongTrend1h | Zone:FVG | MTF 15 | Risk x1.15,BOS+2 | 1h+2 | 4h+2 | Vol+2 | BTC+2 | FVG+1 | ChoCH+1 | Engulfing+1 | Zone:FVG+1 | Sess:NEW_YORK | Strong1h+1 | TrendPairRisk:1.15,0,0,0.375,bear,0.389,1.0741,1.137,0.0624,1.768,1.0,-0.1073,1.5625,6535,0,1,0.706,-1.0,0,0.944,2
SOLUSDT,6577,6579,1712102400,1712105100,SHORT,TRAIL,181.7,177.8843,162.6215,188.0595,0.0,-0.032142857142857015,0.032142857142857015,18,1.57,38.92,0.34010152284264306,0.0067468859706088374,0.7604762744330315,base,adaptive disabled,1.25,76.5,90,90,50,80,OFF_HOURS,bearish,bearish,FVG,BOS bearish | Vol 1.6x | FVG | LiqSweep | ChoCH | BearWick | StrongTrend1h | Zone:FVG | MTF 18 | Risk x1.25,BOS+2 | 1h+2 | 4h+2 | Vol+1 | RSI+1 | BTC+2 | FVG+1 | LiqSweep+1 | ChoCH+1 | BearWick+1 | Zone:FVG+1 | Sess:OFF_HOURS | Strong1h+1 | NestedOB_1h+2 | QualityRisk:1.15 | TrendPairRisk:1.25,0,1,0.55,bull,0.0456,1.2658,0.817,0.0186,1.257,1.0,-0.1289,0.5625,6577,1,3,0.831,0.678,1,1.723,1
BTCUSDT,6579,6610,1712104200,1712133000,SHORT,SL,65273.2,64517.06173209,61492.50866044,66533.43044652,-0.2836981132992531,-0.3128326062020298,0.029134492902776674,15,7.3,38.12,0.5638456619057876,0.00853424573881081,1.512457994822597,base,adaptive disabled,1.15,84.5,90,100,70,80,OFF_HOURS,bearish,bearish,FVG,BOS bearish | Vol 7.3x | FVG | ChoCH | StrongTrend1h | Zone:FVG | MTF 15 | Risk x1.15,BOS+2 | 1h+2 | 4h+2 | Vol+2 | RSI+1 | BTC+2 | FVG+1 | ChoCH+1 | Zone:FVG+1 | Sess:OFF_HOURS | Strong1h+1 | TrendPairRisk:1.15,0,0,0.35,range,1.094,0.2156,1.239,0.0845,3.015,1.0,-0.0608,0.28125,6579,0,1,0.017,1.822,1,0.819,0
DOTUSDT,6579,6605,1712104200,1712128500,SHORT,SL,8.531,8.41092286,7.9306143,8.73112857,-0.730780217936905,-0.7907252760063255,0.059945058069420486,17,10.02,33.15,0.6837209302325766,0.013795589116695805,2.2863535963281714,base,adaptive disabled,1.15,82.5,90,90,70,80,OFF_HOURS,bearish,bearish,FVG,BOS bearish | Vol 10.0x | FVG | LiqSweep | ChoCH | Engulfing | StrongTrend1h | Zone:FVG | MTF 17 | Risk x1.15,BOS+2 | 1h+2 | 4h+2 | Vol+2 | RSI+1 | BTC+2 | FVG+1 | LiqSweep+1 | ChoCH+1 | Engulfing+1 | Zone:FVG+1 | Sess:OFF_HOURS | Strong1h+1 | TrendPairRisk:1.15,0,0,0.575,range,1.1443,0.508,3.267,0.1083,3.207,1.0,-0.5565,0.703125,6579,0,1,1.031,1.62,1,1.472,2
SUIUSDT,6580,6648,1712105100,1712167200,SHORT,TRAIL,1.7025,1.6667475,1.5237375,1.7620875,0.28491092430584186,0.25477699573441337,0.03013392857142851,15,2.02,31.76,0.607390300230945,0.015283794420787276,2.059520918076208,base,adaptive disabled,1.25,88.5,90,90,90,80,OFF_HOURS,bearish,bearish,FVG,BOS bearish | Vol 2.0x | FVG | ChoCH | StrongTrend1h | Zone:FVG | MTF 15 | Risk x1.25,BOS+2 | BodyStrong+1 | 1h+2 | 4h+2 | Vol+2 | BTC+2 | FVG+1 | ChoCH+1 | Zone:FVG+1 | Sess:OFF_HOURS | Strong1h+1 | QualityRisk:1.15 | TrendPairRisk:1.25,0,0,0.575,bear,1.0472,1.0041,7.205,-0.0814,1.805,1.0,-0.5725,0.52734375,6580,1,5,2.533,-1.0,0,1.09,0
DOTUSDT,6632,6646,1712151900,1712165400,SHORT,TRAIL,8.632,8.51256991,8.03484953,8.83105016,0.7564375357479418,0.67106081462398,0.08537672112396169,13,1.35,37.27,0.5589743589743428,0.00767427606876542,1.3792912426251387,base,adaptive disabled,1.0,68.0,60,100,50,80,NEW_YORK,neutral,bearish,FVG,BOS bearish | Vol 1.4x | FVG | ChoCH | BearWick | Session:NEW_YORK | Zone:FVG | MTF 13,BOS+2 | 1hN+1 | 4h+2 | Vol+1 | RSI+1 | BTC+2 | FVG+1 | ChoCH+1 | BearWick+1 | Zone:FVG+1 | Sess:NEW_YORK,0,0,0.6,range,0.633,1.0299,3.028,-0.0575,0.937,1.0,-0.1257,0.984375,6631,3,4,1.134,3.939,0,2.555,0
XRPUSDT,6632,6660,1712151900,1712178000,SHORT,TRAIL,0.5803,0.5709056,0.53332801,0.59595733,0.5240765870401644,0.4684828172211719,0.05559376981899243,15,1.35,29.08,0.46666666666665846,0.006339604674967462,1.4964002877328693,base,adaptive disabled,1.15,78.5,90,100,50,80,NEW_YORK,bearish,bearish,FVG,BOS bearish | Vol 1.4x | FVG | ChoCH | Engulfing | BearWick | Session:NEW_YORK | StrongTrend1h | Zone:FVG | MTF 15 | Risk x1.15,BOS+2 | 1h+2 | 4h+2 | Vol+1 | BTC+2 | FVG+1 | ChoCH+1 | Engulfing+1 | BearWick+1 | Zone:FVG+1 | Sess:NEW_YORK | Strong1h+1 | TrendPairRisk:1.15,0,0,0.4,range,0.3257,1.1496,0.457,-0.1195,1.144,1.0,-0.2595,0.75,6631,0,1,0.879,3.855,0,2.198,0
ADAUSDT,6651,6691,1712169000,1712205900,SHORT,TRAIL,0.5773,0.5617,0.53079935,0.59280022,0.6143137039129364,0.5724134921740062,0.04190021173893029,13,1.31,32.68,0.45222929936305883,0.006943154167676259,1.3476662241773993,base,adaptive disabled,1.15,78.5,90,100,50,80,OFF_HOURS,bearish,bearish,FVG,BOS bearish | Vol 1.3x | FVG | ChoCH | StrongTrend1h | Zone:FVG | MTF 13 | Risk x1.15,BOS+2 | 1h+2 | 4h+2 | Vol+1 | RSI+1 | BTCok+1 | FVG+1 | ChoCH+1 | Zone:FVG+1 | Sess:OFF_HOURS | Strong1h+1 | TrendPairRisk:1.15,0,0,0.425,range,0.1935,1.1731,0.0,0.0574,1.098,1.0,-0.2222,0.5625,6650,0,1,1.0,0.583,1,1.055,0
AVAXUSDT,6651,6662,1712169000,1712179800,SHORT,TRAIL,46.061,45.093719,41.224595,47.673135,0.4632497649457886,0.4203926220886458,0.0428571428571428,16,1.34,32.29,0.5858641634456101,0.007368511723865298,1.086878362849193,base,adaptive disabled,1.25,84.5,90,100,70,80,OFF_HOURS,bearish,bearish,FVG,BOS bearish | Vol 1.3x | FVG | ChoCH | Engulfing | StrongTrend1h | Zone:FVG | MTF 16 | Risk x1.25,BOS+2 | BodyStrong+1 | 1h+2 | 4h+2 | Vol+1 | RSI+1 | BTC+2 | FVG+1 | ChoCH+1 | Engulfing+1 | Zone:FVG+1 | Sess:OFF_HOURS | Strong1h+1 | QualityRisk:1.15 | TrendPairRisk:1.25,0,0,0.45,bear,0.0409,1.1382,0.0,-0.1522,1.608,1.0,-0.31,0.75,6647,0,1,0.58,2.128,1,1.329,0
ADAUSDT,6683,6691,1712197800,1712205900,SHORT,TRAIL,0.5704,0.5637858,0.53732898,0.58142367,0.6397153416625627,0.5669514617568684,0.0727638799056943,16,2.47,37.99,0.3380281690140892,0.008670224036565373,1.5117717913656923,base,adaptive disabled,1.15,84.5,90,100,70,80,OFF_HOURS,bearish,bearish,FVG,BOS bearish | Vol 2.5x | FVG | ChoCH | Engulfing | StrongTrend1h | Zone:FVG | MTF 16 | Risk x1.15,BOS+2 | 1h+2 | 4h+2 | Vol+2 | RSI+1 | BTC+2 | FVG+1 | ChoCH+1 | Engulfing+1 | Zone:FVG+1 | Sess:OFF_HOURS | Strong1h+1 | TrendPairRisk:1.15,0,0,0.525,range,0.1542,1.7236,0.0,0.127,1.709,1.0,-0.0299,0.703125,6683,0,1,0.227,0.426,1,0.993,0
DOTUSDT,6683,6690,1712197800,1712205000,SHORT,TRAIL,8.412,8.29762973,7.84014867,8.60261711,0.5348126770517593,0.4727543707433695,0.0620583063083897,15,2.45,39.65,0.44700460829493216,0.007734850860569876,1.3398655939855364,base,adaptive disabled,1.15,84.5,90,100,70,80,OFF_HOURS,bearish,bearish,FVG,BOS bearish | Vol 2.5x | FVG | ChoCH | StrongTrend1h | Zone:FVG | MTF 15 | Risk x1.15,BOS+2 | 1h+2 | 4h+2 | Vol+2 | RSI+1 | BTC+2 | FVG+1 | ChoCH+1 | Zone:FVG+1 | Sess:OFF_HOURS | Strong1h+1 | TrendPairRisk:1.15,0,1,0.575,bull,0.1154,1.1104,0.0,0.2074,1.849,1.0,0.1939,0.703125,6683,0,1,0.237,0.257,1,0.929,0
XLMUSDT,6683,6691,1712197800,1712205900,SHORT,TRAIL,0.126,0.12469481,0.11947403,0.12817532,0.6837328321939848,0.5751281211629645,0.1086047110310203,16,2.48,38.72,0.3142857142857111,0.0077019774334532234,1.6520741607594087,base,adaptive disabled,1.15,83.9,90,97,70,80,OFF_HOURS,bearish,bearish,FVG,BOS bearish | Vol 2.5x | FVG | ChoCH | BearWick | StrongTrend1h | Zone:FVG | MTF 16 | Risk x1.15,BOS+2 | 1h+2 | 4h+2 | Vol+2 | RSI+1 | BTC+2 | FVG+1 | ChoCH+1 | BearWick+1 | Zone:FVG+1 | Sess:OFF_HOURS | Strong1h+1 | TrendPairRisk:1.15,0,0,0.525,range,0.1379,1.3791,0.0,0.1097,1.675,0.0,0.0821,0.9375,6683,0,1,0.444,0.444,1,1.333,0
ETHUSDT,6775,6779,1712280600,1712285100,SHORT,TRAIL,3306.38,3275.00054804,3149.4827402,3358.6790866,0.7838055378386191,0.6889746273500218,0.09483091048859732,14,1.61,39.41,0.3266570035577791,0.006297393372039183,1.3140455086643277,base,adaptive disabled,1.15,78.3,90,99,50,80,OFF_HOURS,bearish,bearish,FVG,BOS bearish | Vol 1.6x | FVG | ChoCH | StrongTrend1h | Zone:FVG | MTF 14 | Risk x1.15,BOS+2 | 1h+2 | 4h+2 | Vol+1 | RSI+1 | BTC+2 | FVG+1 | ChoCH+1 | Zone:FVG+1 | Sess:OFF_HOURS | Strong1h+1 | TrendPairRisk:1.15,0,0,0.475,range,0.0692,1.0638,0.0,0.1074,1.441,1.0,-0.0869,0.75,6775,0,1,0.231,1.424,1,0.539,0
SUIUSDT,6775,6779,1712280600,1712285100,SHORT,TRAIL,1.6586,1.63118461,1.52152306,1.70429231,0.47233520242508886,0.431498462063308,0.040836740361780824,14,1.71,35.9,0.3770014556040775,0.007831232736287594,1.268584403039123,base,adaptive disabled,1.25,78.5,90,100,50,80,OFF_HOURS,bearish,bearish,FVG,BOS bearish | Vol 1.7x | FVG | ChoCH | StrongTrend1h | Zone:FVG | MTF 14 | Risk x1.25,BOS+2 | 1h+2 | 4h+2 | Vol+1 | RSI+1 | BTC+2 | FVG+1 | ChoCH+1 | Zone:FVG+1 | Sess:OFF_HOURS | Strong1h+1 | QualityRisk:1.15 | TrendPairRisk:1.25,0,0,0.575,bear,0.0153,1.0213,10.0,0.055,1.468,1.0,-0.2345,0.5625,6775,0,1,0.345,0.078,1,0.871,3
SOLUSDT,6778,6780,1712283300,1712286000,SHORT,TRAIL,181.27,178.21250254,165.9825127,186.3658291,0.39355164454540614,0.3535328868519819,0.040018757693424195,15,3.1,34.21,0.5000000000000023,0.00742988935471867,1.1934096839853165,base,adaptive disabled,1.25,84.5,90,100,70,80,OFF_HOURS,bearish,bearish,FVG,BOS bearish | Vol 3.1x | FVG | ChoCH | StrongTrend1h | Zone:FVG | MTF 15 | Risk x1.25,BOS+2 | 1h+2 | 4h+2 | Vol+2 | RSI+1 | BTC+2 | FVG+1 | ChoCH+1 | Zone:FVG+1 | Sess:OFF_HOURS | Strong1h+1 | QualityRisk:1.15 | TrendPairRisk:1.25,0,1,0.425,bull,0.0137,1.063,0.0,0.2151,2.607,1.0,-0.0316,0.5625,6778,0,1,0.866,0.024,1,2.686,0
XLMUSDT,6778,6791,1712283300,1712295900,SHORT,TRAIL,0.1281,0.12685452,0.1218726,0.1301758,1.1940626557780123,1.0320708935658545,0.16199176221215786,13,3.04,39.06,0.3333333333333333,0.004421407945982641,0.9601824263394818,base,adaptive disabled,1.15,74.0,60,100,70,80,OFF_HOURS,neutral,bearish,FVG,BOS bearish | Vol 3.0x | FVG | ChoCH | Zone:FVG | MTF 13 | Risk x1.15,BOS+2 | 1hN+1 | 4h+2 | Vol+2 | RSI+1 | BTC+2 | FVG+1 | ChoCH+1 | Zone:FVG+1 | Sess:OFF_HOURS | QualityRisk:1.15,0,0,0.55,range,0.289,1.927,0.0,0.1746,3.504,1.0,-0.5369,1.3125,6778,0,1,0.868,0.174,1,2.084,6
ADAUSDT,6780,6818,1712285100,1712320200,SHORT,TRAIL,0.572,0.56222445,0.52312227,0.58829258,0.22890533724322573,0.18940883024433422,0.03949650699889151,16,2.04,29.9,0.5795454545454518,0.008154687898518172,1.7037472933744848,base,adaptive disabled,1.15,84.5,90,100,70,80,OFF_HOURS,bearish,bearish,FVG,BOS bearish | Vol 2.0x | FVG | ChoCH | StrongTrend1h | Zone:FVG | MTF 16 | Risk x1.15,BOS+2 | 1h+2 | 4h+2 | Vol+2 | BTC+2 | FVG+1 | ChoCH+1 | Zone:FVG+1 | Sess:OFF_HOURS | Strong1h+1 | NestedOB_1h+2 | TrendPairRisk:1.15,0,1,0.475,bull,0.4542,1.3196,0.0,0.1212,1.928,1.0,-0.4236,0.5625,6780,0,1,0.859,1.031,1,1.346,5
DOTUSDT,6781,6790,1712286000,1712295000,SHORT,TRAIL,8.397,8.30416209,7.93281047,8.55172984,0.7349457561187033,0.6738933760477357,0.0610523800709676,15,4.03,31.94,0.5217391304347823,0.0054802497954653554,1.2478676899282393,base,adaptive disabled,1.15,90.5,90,100,90,80,OFF_HOURS,bearish,bearish,FVG,BOS bearish | Vol 4.0x | FVG | ChoCH | StrongTrend1h | Zone:FVG | MTF 15 | Risk x1.15,BOS+2 | BodyStrong+1 | 1h+2 | 4h+2 | Vol+2 | BTC+2 | FVG+1 | ChoCH+1 | Zone:FVG+1 | Sess:OFF_HOURS | Strong1h+1 | TrendPairRisk:1.15,0,1,0.425,bull,0.181,1.1525,0.0,-0.0108,3.173,1.0,-0.5437,0.5625,6778,0,1,0.815,0.096,1,1.078,0
AVAXUSDT,6783,6788,1712287800,1712293200,SHORT,TRAIL,45.91,45.32707154,42.99535771,46.88154743,0.4981864740921202,0.4273047056127368,0.07088176847938338,15,1.83,31.49,0.4874001229256288,0.0062058129927558625,1.1594364392592622,base,adaptive disabled,1.25,84.5,90,100,70,80,OFF_HOURS,bearish,bearish,FVG,BOS bearish | Vol 1.8x | FVG | ChoCH | Engulfing | StrongTrend1h | Zone:FVG | MTF 15 | Risk x1.25,BOS+2 | BodyStrong+1 | 1h+2 | 4h+2 | Vol+1 | BTC+2 | FVG+1 | ChoCH+1 | Engulfing+1 | Zone:FVG+1 | Sess:OFF_HOURS | Strong1h+1 | QualityRisk:1.15 | TrendPairRisk:1.25,0,0,0.45,range,0.1585,1.0842,0.0,0.0344,1.619,1.0,-0.2613,0.75,6778,0,1,1.118,0.934,1,0.743,0
LINKUSDT,6791,6818,1712295000,1712320200,SHORT,TRAIL,17.282,16.93410165,15.54250824,17.86183059,0.4251727672262245,0.36928790954736346,0.055884857678860964,16,1.5,36.8,0.17862595419847335,0.008640740218110503,1.736494213160757,base,adaptive disabled,1.25,80.7,90,81,70,80,OFF_HOURS,bearish,bearish,FVG,BOS bearish | Vol 1.5x | FVG | ChoCH | Engulfing | StrongTrend1h | Zone:FVG | MTF 16 | Risk x1.25,BOS+2 | BodyStrong+1 | 1h+2 | 4h+2 | Vol+1 | RSI+1 | BTC+2 | FVG+1 | ChoCH+1 | Engulfing+1 | Zone:FVG+1 | Sess:OFF_HOURS | Strong1h+1 | TrendPairRisk:1.15 | RelStrengthRisk:1.25,0,0,0.475,range,0.2708,1.2187,0.412,0.0962,1.264,1.0,-0.283,0.9375,6791,1,1,0.354,-1.0,0,0.511,0
LINKUSDT,6861,6900,1712358000,1712394000,SHORT,SL,17.377,17.083,17.018,17.58612915,-1.0489929309233026,-1.2047907955442778,0.15579786462097517,17,1.89,39.69,0.48148148148147857,0.00342807189129221,0.773408635011331,base,adaptive disabled,1.15,82.5,90,90,70,80,DEAD_ZONE,bearish,bearish,FVG,BOS bearish | Vol 1.9x | FVG | ChoCH | Premium | StrongTrend1h | Zone:FVG | MTF 17 | Risk x1.15,BOS+2 | BodyStrong+1 | 1h+2 | 4h+2 | Vol+1 | RSI+1 | BTCok+1 | FVG+1 | ChoCH+1 | Premium+1 | Zone:FVG+1 | Sess:DEAD_ZONE | Strong1h+1 | NestedOB_1h+2 | TrendPairRisk:1.15,0,0,0.475,range,1.1715,0.398,0.0,-0.1547,1.518,1.0,-0.1163,0.9375,6860,7,3,0.982,2.978,1,1.247,0
SOLUSDT,6922,6956,1712412900,1712444400,SHORT,SL,175.24,172.77816762,162.93083811,179.34305396,-0.5703069037873457,-0.6183552604314296,0.048048356644083925,15,1.8,33.22,0.5333333333333338,0.004641467166942873,1.0718124839459444,base,adaptive disabled,1.25,84.5,90,100,70,80,NEW_YORK,bearish,bearish,FVG,BOS bearish | Vol 1.8x | FVG | ChoCH | Session:NEW_YORK | StrongTrend1h | Zone:FVG | MTF 15 | Risk x1.25,BOS+2 | BodyStrong+1 | 1h+2 | 4h+2 | Vol+1 | RSI+1 | BTC+2 | FVG+1 | ChoCH+1 | Zone:FVG+1 | Sess:NEW_YORK | Strong1h+1 | QualityRisk:1.15 | TrendPairRisk:1.25,0,0,0.5,bear,1.0894,0.3534,2.333,-0.13,1.492,1.0,-0.2716,0.5625,6918,2,3,1.747,0.467,1,1.943,1
BTCUSDT,6926,6955,1712416500,1712443500,LONG,TRAIL,68116.1,68606.53592,70568.2796,67298.7068,0.2195278393416417,0.17265283934164202,0.04687499999999966,17,1.69,60.82,0.35272945410917184,0.003147893778376723,1.4662876300826373,base,adaptive disabled,1.0,84.5,90,100,70,80,NEW_YORK,bullish,bullish,FVG,BOS bullish | Vol 1.7x | FVG | LiqSweep | ChoCH | Engulfing | Session:NEW_YORK | StrongTrend1h | Zone:FVG | MTF 17,BOS+2 | BodyStrong+1 | 1h+2 | 4h+2 | Vol+1 | RSI+1 | BTC+2 | FVG+1 | LiqSweep+1 | ChoCH+1 | Engulfing+1 | Zone:FVG+1 | Sess:NEW_YORK | Strong1h+1,0,1,0.475,bear,0.2091,1.3027,0.0,0.241,1.895,1.0,0.1627,0.28125,6926,0,3,1.747,0.79,1,0.774,0
AVAXUSDT,6957,6968,1712444400,1712455200,LONG,TRAIL,48.376,48.85891984,50.79059922,47.57113359,0.7744956158360983,0.6392607512080657,0.13523486462803264,14,12.49,66.83,0.48953140578265164,0.007189786606414203,1.4596511795745604,base,adaptive disabled,1.0,75.8,65,100,70,80,DEAD_ZONE,bullish,neutral,FVG,BOS bullish | Vol 12.5x | FVG | ChoCH | Engulfing | StrongTrend1h | Zone:FVG | MTF 14,BOS+2 | 1h+2 | 4hN+1 | Vol+2 | RSI+1 | BTCok+1 | FVG+1 | ChoCH+1 | Engulfing+1 | Zone:FVG+1 | Sess:DEAD_ZONE | Strong1h+1,0,0,0.55,range,0.3852,1.0954,0.0,-0.0875,6.243,1.0,0.3278,1.125,6957,0,1,1.213,0.078,1,1.401,2
AAVEUSDT,6967,7015,1712453400,1712497500,LONG,TRAIL,119.75,121.75128983,129.75644915,116.41451695,0.5480818600601277,0.4942290905189962,0.053852769541131496,15,2.0,64.92,0.15918367346938964,0.003927651608793644,0.8289448993637707,base,adaptive disabled,1.15,80.3,90,79,70,80,OFF_HOURS,bullish,bullish,FVG,BOS bullish | Vol 2.0x | FVG | ChoCH | StrongTrend1h | Zone:FVG | MTF 15 | Risk x1.15,BOS+2 | 1h+2 | 4h+2 | Vol+2 | RSI+1 | BTC+2 | FVG+1 | ChoCH+1 | Zone:FVG+1 | Sess:OFF_HOURS | Strong1h+1 | QualityRisk:1.15,0,0,0.55,range,0.072,1.1093,0.195,0.0975,2.608,-1.0,-0.0121,0.75,6967,0,1,0.512,2.974,1,0.863,0
XLMUSDT,6998,7039,1712481300,1712519100,LONG,SL,0.1298,0.13073456,0.1344728,0.1282424,-2.311248073959945,-2.6445814072932796,0.333333333333335,15,3.37,57.74,0.714285714285737,0.0020506907885451263,0.8865819849311736,base,adaptive disabled,1.15,81.8,65,100,90,80,LONDON,bullish,neutral,FVG,BOS bullish | Vol 3.4x | FVG | ChoCH | BullWick | Session:LONDON | StrongTrend1h | Zone:FVG | MTF 15 | Risk x1.15,BOS+2 | BodyStrong+1 | 1h+2 | 4hN+1 | Vol+2 | RSI+1 | BTCok+1 | FVG+1 | ChoCH+1 | BullWick+1 | Zone:FVG+1 | Sess:LONDON | Strong1h+1 | QualityRisk:1.15,0,0,0.5,range,1.2198,0.642,0.0,0.3153,3.272,1.0,0.0389,2.0,6998,32,1,0.0,1.029,1,1.714,0
XRPUSDT,6998,7090,1712481300,1712565000,LONG,TRAIL,0.5958,0.6053,0.6171,0.5886504,1.3542659430063884,1.213640943006388,0.14062500000000044,17,2.11,67.91,0.5384615384615253,0.00239687599367298,1.192445807052068,base,adaptive disabled,1.15,90.5,90,100,90,80,LONDON,bullish,bullish,FVG,BOS bullish | Vol 2.1x | FVG | ChoCH | Engulfing | BullWick | Session:LONDON | StrongTrend1h | Zone:FVG | MTF 17 | Risk x1.15,BOS+2 | BodyStrong+1 | 1h+2 | 4h+2 | Vol+2 | RSI+1 | BTCok+1 | FVG+1 | ChoCH+1 | Engulfing+1 | BullWick+1 | Zone:FVG+1 | Sess:LONDON | Strong1h+1 | QualityRisk:1.15,0,0,0.45,range,1.105,1.0421,7.0,0.4166,1.074,1.0,0.3114,0.84375,6997,6,2,1.878,0.898,1,1.552,0
ADAUSDT,7010,7016,1712492100,1712498400,LONG,TRAIL,0.5913,0.59555736,0.6125868,0.5842044,0.844822649180075,0.6260726491800779,0.21874999999999722,15,1.42,63.81,0.12359550561797612,0.0036495758763338613,1.3419034302575668,base,adaptive disabled,1.0,73.3,90,74,50,80,OVERLAP,bullish,bullish,FVG,BOS bullish | Vol 1.4x | FVG | ChoCH | BullWick | Session:OVERLAP | StrongTrend1h | Zone:FVG | MTF 15,BOS+2 | 1h+2 | 4h+2 | Vol+1 | RSI+1 | BTC+2 | FVG+1 | ChoCH+1 | BullWick+1 | Zone:FVG+1 | Sess:OVERLAP | Strong1h+1,0,0,0.55,range,0.0564,1.2214,0.524,0.3009,1.94,1.0,0.2901,1.3125,7007,3,1,0.183,0.55,1,1.71,0
BTCUSDT,7015,7022,1712496600,1712503800,LONG,TRAIL,69372.1,69871.57912,71869.4956,68539.6348,0.0,-0.06249999999999955,0.06249999999999955,18,2.79,51.27,0.13241881298990776,0.0025123413980514017,1.1803746365082197,base,adaptive disabled,1.15,79.5,90,75,70,80,NEW_YORK,bullish,bullish,FVG,BOS bullish | Vol 2.8x | FVG | LiqSweep | ChoCH | Engulfing | Discount | Session:NEW_YORK | StrongTrend1h | Zone:FVG | MTF 18 | Risk x1.15,BOS+2 | 1h+2 | 4h+2 | Vol+2 | RSI+1 | BTC+2 | FVG+1 | LiqSweep+1 | ChoCH+1 | Engulfing+1 | Discount+1 | Zone:FVG+1 | Sess:NEW_YORK | Strong1h+1 | QualityRisk:1.15,0,0,0.6,range,0.1659,1.0557,0.0,-0.0409,1.596,1.0,-0.2187,0.375,7015,24,2,0.247,1.222,1,0.409,0
AAVEUSDT,7047,7055,1712525400,1712533500,LONG,TRAIL,121.38,122.43526458,126.65632292,119.62122569,0.6479332674653108,0.5444123103050935,0.10352095716021731,16,1.43,59.39,0.49466192170819234,0.00254061036354879,0.5942585356128764,base,adaptive disabled,1.15,85.5,90,90,80,80,DEAD_ZONE,bullish,bullish,OB,BOS bullish | Vol 1.4x | FVG | OB | ChoCH | BullWick | StrongTrend1h | Zone:OB | MTF 16 | Risk x1.15,BOS+2 | BodyStrong+1 | 1h+2 | 4h+2 | Vol+1 | RSI+1 | BTCok+1 | FVG+1 | OB+1 | ChoCH+1 | BullWick+1 | Zone:OB+1 | Sess:DEAD_ZONE | Strong1h+1 | QualityRisk:1.15,0,0,0.475,range,0.2843,1.1466,0.0,0.0696,2.441,-1.0,-0.1587,0.75,7045,21,2,0.113,0.889,1,0.473,0
DOTUSDT,7057,7088,1712534400,1712563200,LONG,TRAIL,8.663,8.76193245,9.15766223,8.49811259,0.5742176836031023,0.5151114425626252,0.05910624104047711,16,1.73,60.99,0.4468085106382987,0.003840652490595018,1.103035395311715,base,adaptive disabled,1.15,78.5,90,100,50,80,DEAD_ZONE,bullish,bullish,FVG,BOS bullish | Vol 1.7x | FVG | MACD_Div | ChoCH | BullWick | StrongTrend1h | Zone:FVG | MTF 16 | Risk x1.15,BOS+2 | 1h+2 | 4h+2 | Vol+1 | RSI+1 | BTC+2 | FVG+1 | MACD_Div+1 | ChoCH+1 | BullWick+1 | Zone:FVG+1 | Sess:DEAD_ZONE | Strong1h+1 | QualityRisk:1.15,0,0,0.6,range,0.564,1.3747,0.0,0.2961,1.546,-1.0,-0.033,0.5625,7054,0,2,0.885,0.915,1,1.357,0
BTCUSDT,7063,7087,1712539800,1712562300,LONG,TRAIL,69534.6,70046.88255535,72096.01277675,68680.79574108,0.4419028537300045,0.3960923390934587,0.04581051463654578,17,4.11,62.24,0.49804151978063604,0.0034252565117135303,0.9703409450283308,base,adaptive disabled,1.15,90.5,90,100,90,80,OFF_HOURS,bullish,bullish,FVG,BOS bullish | Vol 4.1x | FVG | LiqSweep | ChoCH | StrongTrend1h | Zone:FVG | MTF 17 | Risk x1.15,BOS+2 | BodyStrong+1 | 1h+2 | 4h+2 | Vol+2 | RSI+1 | BTC+2 | FVG+1 | LiqSweep+1 | ChoCH+1 | Zone:FVG+1 | Sess:OFF_HOURS | Strong1h+1 | QualityRisk:1.15,0,0,0.525,bull,0.4706,1.2114,0.0,0.2056,2.832,1.0,0.5181,0.28125,7062,0,1,1.054,0.47,1,1.591,0
BTCUSDT,7080,7088,1712555100,1712563200,LONG,TRAIL,69688.9,70190.66008,72197.7004,68852.6332,0.38928531158848934,0.34241031158848917,0.04687500000000013,14,1.89,61.19,0.4406239701197528,0.0021305886316628753,0.7678978070376045,base,adaptive disabled,1.0,76.5,90,90,50,80,OFF_HOURS,bullish,bullish,FVG,BOS bullish | Vol 1.9x | FVG | ChoCH | StrongTrend1h | Zone:FVG | MTF 14,BOS+2 | 1h+2 | 4h+2 | Vol+1 | RSI+1 | BTC+2 | FVG+1 | ChoCH+1 | Zone:FVG+1 | Sess:OFF_HOURS | Strong1h+1,0,0,0.525,range,0.0656,2.3752,0.0,0.1713,2.725,1.0,0.3942,0.28125,7080,0,3,1.112,0.67,1,0.956,2
AVAXUSDT,7081,7089,1712556000,1712564100,LONG,TRAIL,49.015,49.65051052,52.19255261,47.9558158,0.5085633234846494,0.4391490516327843,0.06941427185186505,14,1.4,57.49,0.1642611683848772,0.005887291489027339,1.1738631894805658,base,adaptive disabled,1.15,74.3,90,79,50,80,OFF_HOURS,bullish,bullish,FVG,BOS bullish | Vol 1.4x | FVG | ChoCH | StrongTrend1h | Zone:FVG | MTF 14 | Risk x1.15,BOS+2 | 1h+2 | 4h+2 | Vol+1 | RSI+1 | BTC+2 | FVG+1 | ChoCH+1 | Zone:FVG+1 | Sess:OFF_HOURS | Strong1h+1 | QualityRisk:1.15,0,0,0.5,range,0.6694,1.0842,0.0,-0.0035,1.069,1.0,0.0052,0.75,7081,0,1,0.294,0.076,1,0.747,0
AAVEUSDT,7127,7141,1712597400,1712610900,LONG,TRAIL,127.68,129.19521773,135.25608865,125.15463712,0.39966124297157823,0.3427822886091858,0.05687895436239241,16,1.54,53.39,0.21886792452830287,0.005523321290406252,1.0144500103387313,base,adaptive disabled,1.15,84.7,90,86,80,80,OFF_HOURS,bullish,bullish,OB,BOS bullish | Vol 1.5x | FVG | OB | ChoCH | BullWick | StrongTrend1h | Zone:OB | MTF 16 | Risk x1.15,BOS+2 | BodyStrong+1 | 1h+2 | 4h+2 | Vol+1 | RSI+1 | BTCok+1 | FVG+1 | OB+1 | ChoCH+1 | BullWick+1 | Zone:OB+1 | Sess:OFF_HOURS | Strong1h+1 | QualityRisk:1.15,0,0,0.65,bull,0.2138,1.0692,0.0,0.071,1.556,-1.0,-0.0457,0.5625,7125,7,4,0.866,5.59,0,0.751,1
AAVEUSDT,7146,7189,1712614500,1712654100,LONG,TRAIL,128.79,130.26192653,136.14963267,126.33678911,0.4421048275573835,0.3830439654885704,0.05906086206881314,14,1.89,62.97,0.22923588039867754,0.004080606260509383,0.7720263426605615,base,adaptive disabled,1.15,76.9,90,77,60,80,DEAD_ZONE,bullish,bullish,OB,BOS bullish | Vol 1.9x | FVG | OB | ChoCH | StrongTrend1h | Zone:OB | MTF 14 | Risk x1.15,BOS+2 | 1h+2 | 4h+2 | Vol+1 | RSI+1 | BTCok+1 | FVG+1 | OB+1 | ChoCH+1 | Zone:OB+1 | Sess:DEAD_ZONE | Strong1h+1 | QualityRisk:1.15,0,0,0.45,bull,1.1006,1.121,4.929,-0.0094,3.11,-1.0,-0.0049,0.5625,7141,4,5,0.759,4.366,0,0.708,0
ETHUSDT,7151,7156,1712619000,1712624400,LONG,TRAIL,3691.08,3721.76626382,3844.51131912,3639.93622696,0.18001787621745172,0.07176188197021893,0.10825599424723278,15,2.5,70.78,0.7332232087549015,0.006179369450246572,1.6106676114918108,base,adaptive disabled,1.15,90.5,90,100,90,80,DEAD_ZONE,bullish,bullish,FVG,BOS bullish | Vol 2.5x | FVG | ChoCH | StrongTrend1h | Zone:FVG | MTF 15 | Risk x1.15,BOS+2 | BodyStrong+1 | 1h+2 | 4h+2 | Vol+2 | BTC+2 | FVG+1 | ChoCH+1 | Zone:FVG+1 | Sess:DEAD_ZONE | Strong1h+1 | RelStrengthRisk:1.15,0,0,0.65,range,0.0485,1.166,2.028,0.2399,1.043,1.0,0.5369,0.75,7148,11,1,1.559,-1.0,0,0.621,0
SOLUSDT,7157,7169,1712624400,1712636100,SHORT,TRAIL,179.19,177.33256418,169.9028209,182.28572637,0.6181164223047105,0.5112815462724498,0.10683487603226076,17,4.6,36.93,0.41288782816229175,0.006347590339959889,1.4144938967449279,base,adaptive disabled,1.15,80.0,60,100,90,80,OFF_HOURS,neutral,bearish,FVG,BOS bearish | Vol 4.6x | FVG | ChoCH | Engulfing | Zone:FVG | MTF 17 | Risk x1.15,BOS+2 | BodyStrong+1 | 1hN+1 | 4h+2 | Vol+2 | RSI+1 | BTC+2 | FVG+1 | ChoCH+1 | Engulfing+1 | Zone:FVG+1 | Sess:OFF_HOURS | NestedOB_1h+2 | QualityRisk:1.15,0,0,0.5,range,0.407,1.2598,0.0,-0.0169,2.517,1.0,-0.1628,0.9228515625,7157,22,3,1.296,0.375,1,1.247,2
XRPUSDT,7181,7184,1712646000,1712649600,LONG,SL,0.6148,0.61922656,0.6369328,0.6074224,-1.2834458360442444,-1.4396958360442447,0.15625000000000033,16,2.85,48.28,0.12280701754385828,0.008579225561440685,2.5079936062030392,base,adaptive disabled,1.15,83.3,90,64,90,80,OFF_HOURS,bullish,bullish,FVG,BOS bullish | Vol 2.9x | FVG | LiqSweep | ChoCH | StrongTrend1h | Zone:FVG | MTF 16 | Risk x1.15,BOS+2 | BodyStrong+1 | 1h+2 | 4h+2 | Vol+2 | RSI+1 | BTCok+1 | FVG+1 | LiqSweep+1 | ChoCH+1 | Zone:FVG+1 | Sess:OFF_HOURS | Strong1h+1 | RelStrengthRisk:1.15,0,0,0.425,range,1.8976,0.6325,0.0,0.2435,1.167,1.0,0.0371,0.9375,7179,8,1,1.15,0.453,1,2.509,2
AAVEUSDT,7190,7198,1712654100,1712662200,LONG,TRAIL,129.94,132.66874,143.5837,125.3921,0.3866227224121713,0.32947986526931416,0.05714285714285716,17,1.62,60.71,0.2888402625820549,0.009630050765901602,1.754703757162872,base,adaptive disabled,1.15,83.3,90,94,70,80,LONDON,bullish,bullish,FVG,BOS bullish | Vol 1.6x | FVG | LiqSweep | MACD_Div | ChoCH | BullWick | Session:LONDON | StrongTrend1h | Zone:FVG | MTF 17 | Risk x1.15,BOS+2 | BodyStrong+1 | 1h+2 | 4h+2 | Vol+1 | RSI+1 | BTCok+1 | FVG+1 | LiqSweep+1 | MACD_Div+1 | ChoCH+1 | BullWick+1 | Zone:FVG+1 | Sess:LONDON | Strong1h+1 | QualityRisk:1.15,0,0,0.65,range,0.343,1.0847,0.0,0.1461,2.221,1.0,0.2103,1.0,7189,0,1,0.812,-1.0,0,1.402,0
XLMUSDT,7202,7258,1712664900,1712716200,LONG,SL,0.1349,0.1377329,0.1490645,0.1301785,-2.0153817642698337,-2.109131764269834,0.09375000000000021,15,2.02,61.34,0.3793103448275839,0.013772330197434545,3.055161917759531,base,adaptive disabled,1.0,86.5,90,80,90,80,OVERLAP,bullish,bullish,FVG,BOS bullish | Vol 2.0x | FVG | ChoCH | Session:OVERLAP | StrongTrend1h | Zone:FVG | MTF 15,BOS+2 | BodyStrong+1 | 1h+2 | 4h+2 | Vol+2 | RSI+1 | BTCok+1 | FVG+1 | ChoCH+1 | Zone:FVG+1 | Sess:OVERLAP | Strong1h+1,0,0,0.45,range,1.2284,0.2118,5.5,0.1482,0.844,-1.0,-0.004,1.640625,7202,1,5,1.708,-1.0,0,1.139,0
ADAUSDT,7207,7245,1712669400,1712704500,LONG,SL,0.6144,0.6273024,0.678912,0.592896,-0.44337681361607123,-0.4674839564732141,0.024107142857142893,14,2.52,69.43,0.8536585365853797,0.008106288621377083,1.682474180006025,base,adaptive disabled,1.15,84.5,90,100,70,80,OVERLAP,bullish,bullish,FVG,BOS bullish | Vol 2.5x | FVG | ChoCH | BullWick | Session:OVERLAP | StrongTrend1h | Zone:FVG | MTF 14 | Risk x1.15,BOS+2 | 1h+2 | 4h+2 | Vol+2 | BTCok+1 | FVG+1 | ChoCH+1 | BullWick+1 | Zone:FVG+1 | Sess:OVERLAP | Strong1h+1 | RelStrengthRisk:1.15,0,0,0.625,range,1.0696,0.124,7.368,0.2101,2.196,-1.0,-0.0292,0.421875,7202,0,2,2.205,-1.0,0,2.233,0
SOLUSDT,7209,7212,1712671200,1712674800,SHORT,TRAIL,174.32,172.43238112,164.8819056,177.46603147,1.0637400038464815,0.9806257685015947,0.08311423534488682,15,3.45,33.8,0.4986807387862734,0.008139084942403866,1.7601996953762478,base,adaptive disabled,1.25,84.5,90,100,70,80,NEW_YORK,bearish,bearish,FVG,BOS bearish | Vol 3.5x | FVG | ChoCH | Session:NEW_YORK | StrongTrend1h | Zone:FVG | MTF 15 | Risk x1.25,BOS+2 | 1h+2 | 4h+2 | Vol+2 | RSI+1 | BTC+2 | FVG+1 | ChoCH+1 | Zone:FVG+1 | Sess:NEW_YORK | Strong1h+1 | QualityRisk:1.15 | TrendPairRisk:1.25,0,1,0.725,bull,0.1208,2.2886,0.0,-0.0748,1.809,1.0,-0.2627,0.75,7209,0,1,0.458,0.312,1,1.763,0
SUIUSDT,7247,7255,1712705400,1712713500,SHORT,TRAIL,1.5829,1.56086585,1.47272923,1.61962359,0.6459526289952575,0.5853389165286932,0.06061371246656436,15,3.37,35.71,0.39113680154142844,0.007196601779244634,1.273478666038279,base,adaptive disabled,1.25,84.5,90,100,70,80,DEAD_ZONE,bearish,bearish,FVG,BOS bearish | Vol 3.4x | FVG | ChoCH | StrongTrend1h | Zone:FVG | MTF 15 | Risk x1.25,BOS+2 | 1h+2 | 4h+2 | Vol+2 | RSI+1 | BTC+2 | FVG+1 | ChoCH+1 | Zone:FVG+1 | Sess:DEAD_ZONE | Strong1h+1 | QualityRisk:1.15 | TrendPairRisk:1.25,0,0,0.55,range,0.1416,1.4931,8.826,-0.055,2.583,1.0,-0.2194,0.703125,7247,0,2,1.711,1.44,1,1.711,0
AVAXUSDT,7261,7269,1712718000,1712726100,SHORT,SL,46.198,45.42907394,42.35336971,47.47954343,-0.8204950182609116,-0.8745680979379695,0.05407307967705788,18,3.2,28.36,0.4970760233918103,0.009810855595980815,1.8224348293369639,base,adaptive disabled,1.15,88.5,90,90,90,80,OFF_HOURS,bearish,bearish,FVG,BOS bearish | Vol 3.2x | FVG | LiqSweep | ChoCH | Engulfing | BearWick | StrongTrend1h | Zone:FVG | MTF 18 | Risk x1.15,BOS+2 | BodyStrong+1 | 1h+2 | 4h+2 | Vol+2 | BTC+2 | FVG+1 | LiqSweep+1 | ChoCH+1 | Engulfing+1 | BearWick+1 | Zone:FVG+1 | Sess:OFF_HOURS | Strong1h+1 | TrendPairRisk:1.15,0,0,0.375,range,1.1151,0.3745,2.604,-0.2685,2.086,1.0,-0.3393,0.75,7260,0,1,0.998,2.053,1,0.998,0
LINKUSDT,7261,7300,1712718000,1712754000,SHORT,TRAIL,17.226,16.984049,16.01624501,17.62925166,0.40957183781405404,0.3495000144271401,0.06007182338691393,15,3.07,32.65,0.47730829420970006,0.008138445834758702,1.758507148157549,base,adaptive disabled,1.15,84.5,90,100,70,80,OFF_HOURS,bearish,bearish,FVG,BOS bearish | Vol 3.1x | FVG | ChoCH | StrongTrend1h | Zone:FVG | MTF 15 | Risk x1.15,BOS+2 | 1h+2 | 4h+2 | Vol+2 | RSI+1 | BTC+2 | FVG+1 | ChoCH+1 | Zone:FVG+1 | Sess:OFF_HOURS | Strong1h+1 | TrendPairRisk:1.15,0,1,0.55,bull,0.8903,1.8392,10.0,0.0284,2.139,1.0,-0.5247,0.703125,7260,0,1,0.542,2.651,0,1.045,0
BTCUSDT,7374,7391,1712819700,1712835900,LONG,SL,70894.0,71404.4368,73446.184,70043.272,-0.5880698648686714,-0.6818198648686711,0.0937499999999997,15,3.92,61.12,0.3286106999365637,0.003963354827733426,1.1741061569999152,base,adaptive disabled,1.15,84.3,90,99,70,80,LONDON,bullish,bullish,FVG,BOS bullish | Vol 3.9x | FVG | ChoCH | Session:LONDON | StrongTrend1h | Zone:FVG | MTF 15 | Risk x1.15,BOS+2 | 1h+2 | 4h+2 | Vol+2 | RSI+1 | BTC+2 | FVG+1 | ChoCH+1 | Zone:FVG+1 | Sess:LONDON | Strong1h+1 | QualityRisk:1.15,0,0,0.7,bull,1.1825,0.7327,0.0,-0.0285,2.146,1.0,0.3332,0.5625,7374,0,1,0.302,0.216,1,0.837,2
AVAXUSDT,7391,7492,1712835000,1712926800,SHORT,TRAIL,46.374,45.55129962,42.26049808,47.74516731,1.516987846099182,1.3986149831988839,0.11837286290029797,14,1.53,35.77,0.7011033099297896,0.004454267419497722,1.0370908505747203,base,adaptive disabled,1.25,78.5,90,100,50,80,OVERLAP,bearish,bearish,FVG,BOS bearish | Vol 1.5x | FVG | ChoCH | Session:OVERLAP | StrongTrend1h | Zone:FVG | MTF 14 | Risk x1.25,BOS+2 | 1h+2 | 4h+2 | Vol+1 | RSI+1 | BTC+2 | FVG+1 | ChoCH+1 | Zone:FVG+1 | Sess:OVERLAP | Strong1h+1 | QualityRisk:1.15 | TrendPairRisk:1.25,0,0,0.45,range,0.3836,1.4136,0.0,-0.1666,1.133,1.0,-0.0761,1.75,7391,2,4,0.581,3.266,1,2.425,0
BTCUSDT,7429,7455,1712869200,1712893500,LONG,TRAIL,70281.1,70873.34112371,73242.30561854,69294.03146049,0.35511860565748093,0.28502929063702276,0.07008931502045818,17,1.67,61.29,0.4531415886497417,0.003470104081914501,0.9225500859586445,base,adaptive disabled,1.15,74.0,60,100,70,80,DEAD_ZONE,neutral,bullish,FVG,BOS bullish | Vol 1.7x | FVG | ChoCH | Engulfing | BullWick | Zone:FVG | MTF 17 | Risk x1.15,BOS+2 | BodyStrong+1 | 1hN+1 | 4h+2 | Vol+1 | RSI+1 | BTC+2 | FVG+1 | ChoCH+1 | Engulfing+1 | BullWick+1 | Zone:FVG+1 | Sess:DEAD_ZONE | NestedOB_1h+2 | QualityRisk:1.15,0,0,0.475,bull,0.4985,1.1711,0.905,0.2675,1.778,1.0,0.5336,0.4921875,7426,3,3,0.831,1.046,1,1.099,0
XLMUSDT,7544,7616,1712972700,1713038400,SHORT,TP2,0.1114,0.0994,0.097412,0.115299,1.8918913503462427,1.8617574217748143,0.030133928571428575,17,3.17,29.39,0.5873015873015878,0.011912971513110306,1.7095114136204606,base,adaptive disabled,1.15,90.5,90,100,90,80,OFF_HOURS,bearish,bearish,FVG,BOS bearish | Vol 3.2x | FVG | ChoCH | Engulfing | BearWick | StrongTrend1h | Zone:FVG | MTF 17 | Risk x1.15,BOS+2 | BodyStrong+1 | 1h+2 | 4h+2 | Vol+2 | BTC+2 | FVG+1 | ChoCH+1 | Engulfing+1 | BearWick+1 | Zone:FVG+1 | Sess:OFF_HOURS | Strong1h+1 | TrendPairRisk:1.15,0,0,0.475,range,0.8977,1.8667,3.0,-0.1957,2.088,1.0,-0.3742,0.52734375,7544,28,1,1.771,9.866,1,1.181,2
SOLUSDT,7545,7557,1712973600,1712985300,SHORT,SL,149.14,146.00806,138.36,154.3599,-0.5344256475219828,-0.5645595760934112,0.030133928571428433,16,2.21,37.92,0.4575432811211904,0.016620355707646545,1.4739936393291089,base,adaptive disabled,1.25,93.5,90,100,100,80,OFF_HOURS,bearish,bearish,OB,BOS bearish | Vol 2.2x | FVG | OB | ChoCH | StrongTrend1h | Zone:OB | MTF 16 | Risk x1.25,BOS+2 | BodyStrong+1 | 1h+2 | 4h+2 | Vol+2 | RSI+1 | BTCok+1 | FVG+1 | OB+1 | ChoCH+1 | Zone:OB+1 | Sess:OFF_HOURS | Strong1h+1 | QualityRisk:1.15 | TrendPairRisk:1.25,0,0,0.45,range,1.1111,0.5524,0.0,-0.0643,1.73,1.0,-0.2468,0.52734375,7545,24,3,0.549,4.779,0,1.019,0
ETHUSDT,7546,7579,1712974500,1713005100,SHORT,SL,3204.59,3055.01,3009.44596995,3269.63801002,-0.7649758422233155,-0.8342547438548095,0.06927890163149401,15,4.71,30.27,0.2837240343705653,0.008388595828135885,1.3400781835447564,base,adaptive disabled,1.15,89.3,90,94,90,80,OFF_HOURS,bearish,bearish,FVG,BOS bearish | Vol 4.7x | FVG | ChoCH | StrongTrend1h | Zone:FVG | MTF 15 | Risk x1.15,BOS+2 | BodyStrong+1 | 1h+2 | 4h+2 | Vol+2 | BTC+2 | FVG+1 | ChoCH+1 | Zone:FVG+1 | Sess:OFF_HOURS | Strong1h+1 | TrendPairRisk:1.15,0,1,0.675,bull,1.159,0.0927,1.837,-0.0497,2.729,1.0,-0.3848,0.703125,7543,0,1,1.013,5.797,1,0.938,0
BTCUSDT,7548,7597,1712976300,1713021300,SHORT,SL,66683.2,64800.1,63412.70733266,67773.36422245,-0.23487931999322553,-0.2606845834761684,0.02580526348294282,17,3.06,31.43,0.3791950464396305,0.006035837000030564,1.1404467972086223,base,adaptive disabled,1.25,90.5,90,100,90,80,OFF_HOURS,bearish,bearish,FVG,BOS bearish | Vol 3.1x | FVG | ChoCH | Engulfing | Premium | StrongTrend1h | Zone:FVG | MTF 17 | Risk x1.25,BOS+2 | BodyStrong+1 | 1h+2 | 4h+2 | Vol+2 | BTC+2 | FVG+1 | ChoCH+1 | Engulfing+1 | Premium+1 | Zone:FVG+1 | Sess:OFF_HOURS | Strong1h+1 | QualityRisk:1.15 | TrendPairRisk:1.25,0,0,0.575,range,1.1651,0.1077,1.631,-0.146,2.234,1.0,-0.3733,0.2109375,7543,1,4,1.565,1.102,1,0.776,1
DOTUSDT,7597,7603,1713020400,1713026700,SHORT,TRAIL,7.177,6.961,6.331,7.37706254,0.783725238436084,0.729914565033657,0.053810673402427,16,1.43,34.09,0.3591160220994496,0.006404419813648385,1.0257034132800984,base,adaptive disabled,1.25,84.5,90,100,70,80,NEW_YORK,bearish,bearish,FVG,BOS bearish | Vol 1.4x | FVG | MACD_Div | ChoCH | Engulfing | Session:NEW_YORK | StrongTrend1h | Zone:FVG | MTF 16 | Risk x1.25,BOS+2 | BodyStrong+1 | 1h+2 | 4h+2 | Vol+1 | RSI+1 | BTCok+1 | FVG+1 | MACD_Div+1 | ChoCH+1 | Engulfing+1 | Zone:FVG+1 | Sess:NEW_YORK | Strong1h+1 | QualityRisk:1.15 | TrendPairRisk:1.25,0,0,0.375,bear,0.1899,1.0417,1.912,-0.323,1.245,1.0,-0.0777,0.75,7595,3,2,1.126,3.081,1,2.869,1
LINKUSDT,7597,7601,1713020400,1713024900,SHORT,TRAIL,15.075,14.89121799,14.15608994,15.38130335,1.5842706785955647,1.4612308881394696,0.12303979045609512,14,1.36,36.13,0.2585812356979388,0.005474366851736021,0.9836264154023758,base,adaptive disabled,1.25,82.7,90,91,70,80,NEW_YORK,bearish,bearish,FVG,BOS bearish | Vol 1.4x | FVG | ChoCH | Session:NEW_YORK | StrongTrend1h | Zone:FVG | MTF 14 | Risk x1.25,BOS+2 | BodyStrong+1 | 1h+2 | 4h+2 | Vol+1 | RSI+1 | BTCok+1 | FVG+1 | ChoCH+1 | Zone:FVG+1 | Sess:NEW_YORK | Strong1h+1 | QualityRisk:1.15 | TrendPairRisk:1.25,0,1,0.55,bull,0.2187,1.0937,2.568,-0.2528,1.41,1.0,-0.1034,1.25,7595,3,1,0.817,2.923,0,2.676,1
BTCUSDT,7611,7615,1713033000,1713037500,SHORT,TP2,67217.8,65724.4,64800.1,68232.96255237,0.3767748272624395,0.35582435782126715,0.020950469441172324,17,4.74,33.49,0.4028912633563787,0.006027974283233115,1.9126853132201973,base,adaptive disabled,1.15,88.5,90,90,90,80,OFF_HOURS,bearish,bearish,FVG,BOS bearish | Vol 4.7x | FVG | MACD_Div | ChoCH | StrongTrend1h | Zone:FVG | MTF 17 | Risk x1.15,BOS+2 | BodyStrong+1 | 1h+2 | 4h+2 | Vol+2 | RSI+1 | BTC+2 | FVG+1 | MACD_Div+1 | ChoCH+1 | Zone:FVG+1 | Sess:OFF_HOURS | Strong1h+1 | TrendPairRisk:1.15,0,1,0.475,bull,0.0642,2.4894,0.0,-0.2005,2.352,1.0,-0.3326,0.158203125,7606,0,1,2.081,3.789,1,0.924,0
DOTUSDT,7690,7702,1713104100,1713115800,SHORT,TRAIL,6.51,6.37329,5.82645,6.73785,0.0,-0.06696428571428568,0.06696428571428568,15,2.77,35.24,0.39568345323740733,0.011884816846989827,1.071721389475024,base,adaptive disabled,1.25,84.5,90,100,70,80,NEW_YORK,bearish,bearish,FVG,BOS bearish | Vol 2.8x | FVG | ChoCH | Session:NEW_YORK | StrongTrend1h | Zone:FVG | MTF 15 | Risk x1.25,BOS+2 | 1h+2 | 4h+2 | Vol+2 | RSI+1 | BTC+2 | FVG+1 | ChoCH+1 | Zone:FVG+1 | Sess:NEW_YORK | Strong1h+1 | QualityRisk:1.15 | TrendPairRisk:1.25,0,0,0.65,bear,1.0094,1.1411,0.615,-0.1858,2.93,1.0,-0.0314,1.171875,7690,0,2,1.025,2.157,0,1.758,0
LINKUSDT,7841,7844,1713240000,1713243600,SHORT,TRAIL,13.364,13.10169159,12.05245793,13.80118069,1.040785653362597,0.9691405059065189,0.07164514745607818,14,1.88,39.97,0.30158730158730174,0.012472725246340013,1.2545713786762858,base,adaptive disabled,1.15,77.7,90,96,50,80,OFF_HOURS,bearish,bearish,FVG,BOS bearish | Vol 1.9x | FVG | ChoCH | StrongTrend1h | Zone:FVG | MTF 14 | Risk x1.15,BOS+2 | 1h+2 | 4h+2 | Vol+1 | RSI+1 | BTC+2 | FVG+1 | ChoCH+1 | Zone:FVG+1 | Sess:OFF_HOURS | Strong1h+1 | TrendPairRisk:1.15,0,0,0.475,bear,0.0549,1.0751,2.313,-0.0542,1.149,1.0,-0.2341,1.171875,7841,1,2,0.029,0.33,1,1.645,1
BTCUSDT,7845,7986,1713243600,1713371400,SHORT,TRAIL,62689.8,59666.0,57748.20688582,64336.99770473,0.4789589093483835,0.4521990580576574,0.026759851290726083,17,2.26,35.8,0.32885968159940987,0.007974675715558334,1.24929101886927,base,adaptive disabled,1.15,84.3,90,99,70,80,OFF_HOURS,bearish,bearish,FVG,BOS bearish | Vol 2.3x | FVG | MACD_Div | ChoCH | Engulfing | StrongTrend1h | Zone:FVG | MTF 17 | Risk x1.15,BOS+2 | 1h+2 | 4h+2 | Vol+2 | RSI+1 | BTC+2 | FVG+1 | MACD_Div+1 | ChoCH+1 | Engulfing+1 | Zone:FVG+1 | Sess:OFF_HOURS | Strong1h+1 | TrendPairRisk:1.15,0,0,0.45,bear,1.1237,1.0211,4.478,-0.157,2.023,1.0,-0.3406,0.3515625,7842,0,1,0.767,0.383,1,0.69,0
XRPUSDT,7846,7867,1713244500,1713264300,SHORT,TRAIL,0.4897,0.48146033,0.44850166,0.50343278,0.9995481960689646,0.9159719372925188,0.08357625877644585,16,2.28,39.73,0.29850746268656814,0.011437350050065818,1.31210343740494,base,adaptive disabled,1.15,89.5,90,95,90,80,OFF_HOURS,bearish,bearish,FVG,BOS bearish | Vol 2.3x | FVG | ChoCH | StrongTrend1h | Zone:FVG | MTF 16 | Risk x1.15,BOS+2 | BodyStrong+1 | 1h+2 | 4h+2 | Vol+2 | RSI+1 | BTC+2 | FVG+1 | ChoCH+1 | Zone:FVG+1 | Sess:OFF_HOURS | Strong1h+1 | TrendPairRisk:1.15,0,0,0.425,range,0.9029,1.2622,2.105,0.049,1.472,1.0,-0.1307,1.171875,7841,1,2,0.3,1.108,1,0.739,0
ADAUSDT,7866,7888,1713262500,1713283200,SHORT,TRAIL,0.4537,0.4441723,0.4060615,0.4695795,1.4067841039601912,1.301315353960191,0.10546875000000006,19,3.9,36.6,0.6554054054054078,0.01301320233569619,1.389750858828395,base,adaptive disabled,1.15,83.0,60,100,100,80,LONDON,neutral,bearish,OB,BOS bearish | Vol 3.9x | FVG | OB | LiqSweep | ChoCH | Session:LONDON | Zone:OB | 💎PREMIUM | MTF 19 | Risk x1.15,BOS+2 | BodyStrong+1 | 1hN+1 | 4h+2 | Vol+2 | RSI+1 | BTC+2 | FVG+1 | OB+1 | LiqSweep+1 | ChoCH+1 | Zone:OB+1 | Sess:LONDON | 💎Premium+3 | QualityRisk:1.15,1,0,0.6,range,0.825,1.291,0.0,-0.1726,1.626,-1.0,0.0793,1.845703125,7866,26,1,2.564,1.881,1,1.509,4
AVAXUSDT,7880,7886,1713275100,1713281400,SHORT,TRAIL,34.36,33.63844,30.7522,35.5626,0.8844882333938241,0.8130596619652529,0.0714285714285712,14,1.85,38.78,0.27784200385356456,0.018743274018310857,1.7994564489456237,base,adaptive disabled,1.15,77.1,90,93,50,80,NEW_YORK,bearish,bearish,FVG,BOS bearish | Vol 1.9x | FVG | ChoCH | Session:NEW_YORK | StrongTrend1h | Zone:FVG | MTF 14 | Risk x1.15,BOS+2 | 1h+2 | 4h+2 | Vol+1 | RSI+1 | BTC+2 | FVG+1 | ChoCH+1 | Zone:FVG+1 | Sess:NEW_YORK | Strong1h+1 | TrendPairRisk:1.15,0,0,0.6,range,0.2137,1.0422,1.148,-0.0021,1.39,-1.0,0.002,1.25,7880,13,3,0.855,0.177,1,1.425,0
DOTUSDT,7973,7979,1713358800,1713365100,SHORT,TRAIL,6.567,6.47688086,6.11640429,6.71719857,1.2074505147637173,1.1213725897208888,0.08607792504282848,14,1.78,30.33,0.6407766990291222,0.006721444442898866,1.2472013577565855,base,adaptive disabled,1.15,78.5,90,100,50,80,OVERLAP,bearish,bearish,FVG,BOS bearish | Vol 1.8x | FVG | ChoCH | BearWick | Session:OVERLAP | StrongTrend1h | Zone:FVG | MTF 14 | Risk x1.15,BOS+2 | 1h+2 | 4h+2 | Vol+1 | BTC+2 | FVG+1 | ChoCH+1 | BearWick+1 | Zone:FVG+1 | Sess:OVERLAP | Strong1h+1 | TrendPairRisk:1.15,0,1,0.55,bull,0.3129,1.9308,0.0,-0.1635,1.545,1.0,-0.4304,0.984375,7969,0,5,1.911,1.021,1,1.466,0
ETHUSDT,7974,7978,1713359700,1713364200,SHORT,TRAIL,3050.65,3016.07043782,2877.75218908,3108.28260364,2.3899162185140153,2.250967849982526,0.13894836853148962,14,1.39,29.04,0.6211836203154275,0.006169162499344134,1.6263877184273396,base,adaptive disabled,1.15,78.5,90,100,50,80,OVERLAP,bearish,bearish,FVG,BOS bearish | Vol 1.4x | FVG | ChoCH | BearWick | Session:OVERLAP | StrongTrend1h | Zone:FVG | MTF 14 | Risk x1.15,BOS+2 | 1h+2 | 4h+2 | Vol+1 | BTC+2 | FVG+1 | ChoCH+1 | BearWick+1 | Zone:FVG+1 | Sess:OVERLAP | Strong1h+1 | TrendPairRisk:1.15,0,0,0.425,range,0.2471,1.5226,0.0,-0.1293,1.129,1.0,-0.3332,1.3125,7969,0,1,1.241,0.991,1,2.171,0
SOLUSDT,7980,7983,1713365100,1713368700,SHORT,TRAIL,131.69,128.92451,117.86255,136.29915,0.830225781074641,0.7766543525032124,0.053571428571428575,15,1.42,37.07,0.13619402985074475,0.022495270395893607,2.3808925499182387,base,adaptive disabled,1.25,71.7,90,66,50,80,NEW_YORK,bearish,bearish,FVG,BOS bearish | Vol 1.4x | FVG | ChoCH | BearWick | Session:NEW_YORK | StrongTrend1h | Zone:FVG | MTF 15 | Risk x1.25,BOS+2 | 1h+2 | 4h+2 | Vol+1 | RSI+1 | BTC+2 | FVG+1 | ChoCH+1 | BearWick+1 | Zone:FVG+1 | Sess:NEW_YORK | Strong1h+1 | QualityRisk:1.15 | TrendPairRisk:1.25,0,0,0.6,bear,0.0673,1.215,0.241,-0.1839,1.117,1.0,-0.3548,0.9375,7980,2,2,0.439,0.538,1,1.459,1
XRPUSDT,7984,7992,1713368700,1713376800,SHORT,SL,0.4791,0.4690389,0.4287945,0.4958685,-1.1181679935593525,-1.171739422130781,0.05357142857142869,13,1.31,29.86,0.5344827586206894,0.010740890578790746,1.8166920103348017,base,adaptive disabled,1.15,76.5,90,90,50,80,NEW_YORK,bearish,bearish,FVG,BOS bearish | Vol 1.3x | FVG | ChoCH | Session:NEW_YORK | StrongTrend1h | Zone:FVG | MTF 13 | Risk x1.15,BOS+2 | 1h+2 | 4h+2 | Vol+1 | BTC+2 | FVG+1 | ChoCH+1 | Zone:FVG+1 | Sess:NEW_YORK | Strong1h+1 | TrendPairRisk:1.15,0,0,0.525,bear,1.3418,0.7554,10.0,-0.0084,1.436,1.0,-0.3808,0.9375,7984,1,1,0.065,0.544,1,2.959,0
AVAXUSDT,8019,8028,1713400200,1713409200,SHORT,SL,33.373,32.672167,29.868835,34.541055,-0.7813469828047476,-0.8215255542333189,0.04017857142857134,16,1.68,34.88,0.8206078576723471,0.010807832553718666,0.8950185544888526,base,adaptive disabled,1.25,84.5,90,100,70,80,OFF_HOURS,bearish,bearish,FVG,BOS bearish | Vol 1.7x | FVG | LiqSweep | ChoCH | BearWick | StrongTrend1h | Zone:FVG | MTF 16 | Risk x1.25,BOS+2 | BodyStrong+1 | 1h+2 | 4h+2 | Vol+1 | RSI+1 | BTCok+1 | FVG+1 | LiqSweep+1 | ChoCH+1 | BearWick+1 | Zone:FVG+1 | Sess:OFF_HOURS | Strong1h+1 | QualityRisk:1.15 | TrendPairRisk:1.25,0,0,0.425,range,1.1164,0.4894,0.0,-0.2436,1.565,1.0,-0.1772,0.703125,8018,0,4,1.837,0.975,1,1.368,0
XLMUSDT,8019,8061,1713400200,1713438900,SHORT,SL,0.1059,0.1036761,0.0947805,0.1096065,-0.6677458518818291,-0.6998887090246863,0.03214285714285713,13,1.35,32.42,0.6129032258064502,0.010371082967153306,1.243377614658836,base,adaptive disabled,1.15,78.5,90,100,50,80,OFF_HOURS,bearish,bearish,FVG,BOS bearish | Vol 1.4x | FVG | ChoCH | StrongTrend1h | Zone:FVG | MTF 13 | Risk x1.15,BOS+2 | 1h+2 | 4h+2 | Vol+1 | RSI+1 | BTCok+1 | FVG+1 | ChoCH+1 | Zone:FVG+1 | Sess:OFF_HOURS | Strong1h+1 | TrendPairRisk:1.15,0,0,0.575,range,1.2411,0.1799,4.75,-0.3695,1.203,1.0,-0.4358,0.5625,8019,0,2,2.128,0.25,1,1.377,3
ETHUSDT,8044,8061,1713422700,1713438900,SHORT,SL,2976.79,2930.75300969,2746.60504846,3053.51831718,-0.5842122784322485,-0.6278583386233474,0.04364606019109881,14,1.96,32.12,0.7349619728047929,0.006505091427617442,1.0574892053087988,base,adaptive disabled,1.25,84.5,90,100,70,80,OFF_HOURS,bearish,bearish,FVG,BOS bearish | Vol 2.0x | FVG | ChoCH | StrongTrend1h | Zone:FVG | MTF 14 | Risk x1.25,BOS+2 | BodyStrong+1 | 1h+2 | 4h+2 | Vol+1 | RSI+1 | BTCok+1 | FVG+1 | ChoCH+1 | Zone:FVG+1 | Sess:OFF_HOURS | Strong1h+1 | QualityRisk:1.15 | TrendPairRisk:1.25,0,0,0.475,range,1.1675,0.5155,0.0,-0.0626,1.871,1.0,-0.3762,0.5625,8043,25,3,1.51,0.551,1,0.908,0
XLMUSDT,8141,8228,1713510000,1713589200,LONG,TRAIL,0.1113,0.1136373,0.1229865,0.1074045,0.895540672360022,0.8151835295028791,0.08035714285714293,13,1.79,65.53,0.3571428571428579,0.012619024263360557,2.2903529059030987,base,adaptive disabled,1.0,67.8,65,90,50,80,LONDON,bullish,neutral,FVG,BOS bullish | Vol 1.8x | FVG | LiqSweep | ChoCH | Session:LONDON | StrongTrend1h | Zone:FVG | MTF 13,BOS+2 | 1h+2 | 4hN+1 | Vol+1 | RSI+1 | BTCok+1 | FVG+1 | LiqSweep+1 | ChoCH+1 | Zone:FVG+1 | Sess:LONDON | Strong1h+1,0,0,0.525,range,0.3337,1.0696,0.571,0.037,1.568,1.0,0.1425,1.40625,8141,0,2,1.56,0.104,1,0.936,0
SUIUSDT,8150,8168,1713518100,1713535200,LONG,TRAIL,1.2871,1.3141291,1.3574,1.2420515,1.4007891663014462,1.3293605948728746,0.0714285714285717,13,1.36,70.65,0.48666666666666086,0.013535985401472711,1.2074895213544283,base,adaptive disabled,1.15,78.5,90,100,50,80,LONDON,bullish,bullish,FVG,BOS bullish | Vol 1.4x | FVG | ChoCH | Session:LONDON | StrongTrend1h | Zone:FVG | MTF 13 | Risk x1.15,BOS+2 | 1h+2 | 4h+2 | Vol+1 | BTC+2 | FVG+1 | ChoCH+1 | Zone:FVG+1 | Sess:LONDON | Strong1h+1 | QualityRisk:1.15,0,0,0.375,bull,0.2864,1.6871,0.578,0.1047,1.196,1.0,0.4612,1.25,8150,1,3,1.034,0.618,1,0.744,0
XLMUSDT,8157,8279,1713524400,1713635100,LONG,TRAIL,0.113,0.115373,0.124865,0.109045,1.498030965179061,1.398030965179061,0.1,13,1.37,70.96,0.4285714285714361,0.00471872628461738,0.7435364423788072,base,adaptive disabled,1.0,76.5,90,90,50,80,OVERLAP,bullish,bullish,FVG,BOS bullish | Vol 1.4x | FVG | ChoCH | Session:OVERLAP | StrongTrend1h | Zone:FVG | MTF 13,BOS+2 | 1h+2 | 4h+2 | Vol+1 | BTC+2 | FVG+1 | ChoCH+1 | Zone:FVG+1 | Sess:OVERLAP | Strong1h+1,0,0,0.5,range,0.7585,1.1799,0.225,0.042,1.646,1.0,0.318,1.75,8157,0,1,0.415,1.246,1,0.83,0
SUIUSDT,8164,8168,1713530700,1713535200,LONG,TRAIL,1.2882,1.3152522,1.423461,1.243113,2.1920075547398397,2.077721840454126,0.11428571428571403,15,1.32,63.02,0.29938271604938416,0.010898011558045297,0.9041617398185012,base,adaptive disabled,1.15,77.5,90,95,50,80,OVERLAP,bullish,bullish,FVG,BOS bullish | Vol 1.3x | FVG | ChoCH | Engulfing | Session:OVERLAP | StrongTrend1h | Zone:FVG | MTF 15 | Risk x1.15,BOS+2 | 1h+2 | 4h+2 | Vol+1 | RSI+1 | BTC+2 | FVG+1 | ChoCH+1 | Engulfing+1 | Zone:FVG+1 | Sess:OVERLAP | Strong1h+1 | QualityRisk:1.15,0,0,0.575,range,0.0311,1.645,0.795,-0.0386,0.897,1.0,0.2632,2.0,8164,7,1,0.33,0.007,1,1.111,0
SUIUSDT,8186,8192,1713550500,1713556800,LONG,TRAIL,1.3606,1.3891726,1.503463,1.312979,0.24884347310664764,0.22624302667807628,0.022600446428571366,14,1.61,66.72,0.5378323108384473,0.014713826005287395,1.1841431277343017,base,adaptive disabled,1.25,84.5,90,100,70,80,OFF_HOURS,bullish,bullish,FVG,BOS bullish | Vol 1.6x | FVG | ChoCH | StrongTrend1h | Zone:FVG | MTF 14 | Risk x1.25,BOS+2 | BodyStrong+1 | 1h+2 | 4h+2 | Vol+1 | RSI+1 | BTCok+1 | FVG+1 | ChoCH+1 | Zone:FVG+1 | Sess:OFF_HOURS | Strong1h+1 | QualityRisk:1.15 | RelStrengthRisk:1.25,0,0,0.5,bull,0.0672,1.0115,10.0,-0.0252,1.561,1.0,0.082,0.3955078125,8186,0,5,1.42,9.051,0,0.739,0
XRPUSDT,8203,8224,1713565800,1713585600,LONG,TRAIL,0.5055,0.51040112,0.5300056,0.49733147,0.8933407824358177,0.7889118031702699,0.10442897926554778,16,1.66,60.25,0.2035398230088452,0.005634989911942843,1.0944884254209937,base,adaptive disabled,1.15,69.5,65,84,60,80,DEAD_ZONE,bullish,neutral,OB,BOS bullish | Vol 1.7x | FVG | OB | ChoCH | BullWick | StrongTrend1h | Zone:OB | MTF 16 | Risk x1.15,BOS+2 | 1h+2 | 4hN+1 | Vol+1 | RSI+1 | BTCok+1 | FVG+1 | OB+1 | ChoCH+1 | BullWick+1 | Zone:OB+1 | Sess:DEAD_ZONE | Strong1h+1 | NestedOB_1h+2 | QualityRisk:1.15,0,0,0.325,bull,1.1752,1.9587,0.767,0.1705,1.333,1.0,0.2447,0.84375,8203,8,3,0.195,4.205,0,1.324,1
LINKUSDT,8217,8261,1713578400,1713618900,LONG,TRAIL,14.022,14.28620524,15.34302622,13.58165793,0.513701914907608,0.4689220974806698,0.04477981742693812,16,1.43,56.93,0.20507399577166888,0.009167788957660688,1.2794965658227795,base,adaptive disabled,1.15,75.3,90,84,50,80,OFF_HOURS,bullish,bullish,FVG,BOS bullish | Vol 1.4x | FVG | LiqSweep | ChoCH | Engulfing | StrongTrend1h | Zone:FVG | MTF 16 | Risk x1.15,BOS+2 | 1h+2 | 4h+2 | Vol+1 | RSI+1 | BTC+2 | FVG+1 | LiqSweep+1 | ChoCH+1 | Engulfing+1 | Zone:FVG+1 | Sess:OFF_HOURS | Strong1h+1 | QualityRisk:1.15,0,0,0.575,range,0.2771,1.162,10.0,0.0157,1.385,-1.0,-0.4367,0.703125,8217,1,2,0.122,0.551,1,0.49,0
ADAUSDT,8218,8232,1713579300,1713592800,LONG,TRAIL,0.4765,0.4865065,0.5265325,0.4598225,0.43684022716352316,0.4067062985920945,0.03013392857142865,16,2.04,64.13,0.5080645161290348,0.01169374389901204,1.4185410871261408,base,adaptive disabled,1.0,84.5,90,100,70,80,OFF_HOURS,bullish,bullish,FVG,BOS bullish | Vol 2.0x | FVG | LiqSweep | ChoCH | StrongTrend1h | Zone:FVG | MTF 16,BOS+2 | 1h+2 | 4h+2 | Vol+2 | RSI+1 | BTC+2 | FVG+1 | LiqSweep+1 | ChoCH+1 | Zone:FVG+1 | Sess:OFF_HOURS | Strong1h+1,0,0,0.6,bull,0.072,1.2192,0.0,0.0386,1.8,-1.0,-0.1903,0.52734375,8216,0,1,0.873,3.801,0,0.992,0
XRPUSDT,8225,8248,1713585600,1713607200,LONG,TRAIL,0.5111,0.5218331,0.5647655,0.4932115,0.5214848682873737,0.47862772543023074,0.04285714285714292,14,1.76,64.04,0.5670103092783543,0.008081348757795183,1.4231533832462469,base,adaptive disabled,1.0,78.5,90,100,50,80,OFF_HOURS,bullish,bullish,FVG,BOS bullish | Vol 1.8x | FVG | ChoCH | StrongTrend1h | Zone:FVG | MTF 14,BOS+2 | 1h+2 | 4h+2 | Vol+1 | RSI+1 | BTC+2 | FVG+1 | ChoCH+1 | Zone:FVG+1 | Sess:OFF_HOURS | Strong1h+1,0,0,0.55,bull,0.0503,1.3696,1.146,0.0089,1.873,1.0,0.2797,0.75,8225,1,2,0.032,0.032,1,0.517,0
AVAXUSDT,8228,8273,1713588300,1713629700,LONG,TRAIL,35.648,36.396608,39.39104,34.40032,0.9091857583471648,0.8556143297757363,0.05357142857142847,16,2.6,64.4,0.36631578947368715,0.009850037328532924,1.2835074663223909,base,adaptive disabled,1.15,84.5,90,100,70,80,OFF_HOURS,bullish,bullish,FVG,BOS bullish | Vol 2.6x | FVG | ChoCH | Engulfing | StrongTrend1h | Zone:FVG | MTF 16 | Risk x1.15,BOS+2 | 1h+2 | 4h+2 | Vol+2 | RSI+1 | BTC+2 | FVG+1 | ChoCH+1 | Engulfing+1 | Zone:FVG+1 | Sess:OFF_HOURS | Strong1h+1 | RelStrengthRisk:1.15,0,0,0.575,bull,0.634,1.3532,2.531,-0.0221,2.733,-1.0,-0.0308,0.9375,8228,0,2,1.043,0.347,1,1.036,0
SOLUSDT,8230,8273,1713590100,1713629700,LONG,TRAIL,143.42,146.43182,158.4791,138.4003,0.6883049093680532,0.6481263379394818,0.040178571428571425,18,1.49,57.08,0.2542372881355942,0.011040651744902735,1.269327213601842,base,adaptive disabled,1.15,76.5,90,90,50,80,OFF_HOURS,bullish,bullish,FVG,BOS bullish | Vol 1.5x | FVG | LiqSweep | ChoCH | BullWick | StrongTrend1h | Zone:FVG | MTF 18 | Risk x1.15,BOS+2 | 1h+2 | 4h+2 | Vol+1 | RSI+1 | BTC+2 | FVG+1 | LiqSweep+1 | ChoCH+1 | BullWick+1 | Zone:FVG+1 | Sess:OFF_HOURS | Strong1h+1 | NestedOB_1h+2 | QualityRisk:1.15,0,0,0.475,range,0.6614,1.3513,1.304,0.2141,1.3,1.0,0.0418,0.703125,8230,2,3,0.429,2.13,1,0.835,1
DOTUSDT,8240,8272,1713599100,1713628800,LONG,TRAIL,6.773,6.83933647,7.10468236,6.66243921,0.9937740236882132,0.9248560555731157,0.06891796811509752,18,1.47,64.48,0.538461538461531,0.0040681410042412245,0.7450195525714975,base,adaptive disabled,1.25,79.5,90,90,60,80,OFF_HOURS,bullish,bullish,OB,BOS bullish | Vol 1.5x | FVG | OB | ChoCH | Engulfing | BullWick | StrongTrend1h | Zone:OB | MTF 18 | Risk x1.25,BOS+2 | 1h+2 | 4h+2 | Vol+1 | RSI+1 | BTCok+1 | FVG+1 | OB+1 | ChoCH+1 | Engulfing+1 | BullWick+1 | Zone:OB+1 | Sess:OFF_HOURS | Strong1h+1 | NestedOB_1h+2 | QualityRisk:1.15 | RelStrengthRisk:1.25,0,0,0.45,bull,0.5608,1.9597,2.333,0.0381,1.644,1.0,0.2107,0.5625,8236,4,1,0.268,0.656,1,1.43,0
DOTUSDT,8260,8272,1713617100,1713628800,LONG,TRAIL,6.773,6.83099417,7.06297084,6.67634305,2.652062321136481,2.4681218491890418,0.18394047194743915,16,1.93,50.83,0.25581395348837016,0.006459720287821557,1.2485716499359607,base,adaptive disabled,1.15,79.5,90,90,60,80,OVERLAP,bullish,bullish,OB,BOS bullish | Vol 1.9x | OB | ChoCH | Session:OVERLAP | StrongTrend1h | Zone:OB | MTF 16 | Risk x1.15,BOS+2 | 1h+2 | 4h+2 | Vol+1 | RSI+1 | BTC+2 | OB+1 | ChoCH+1 | Zone:OB+1 | Sess:OVERLAP | Strong1h+1 | NestedOB_1h+2 | QualityRisk:1.15,0,0,0.45,range,0.1448,2.2416,0.0,-0.0698,1.907,1.0,-0.3147,1.3125,8260,28,3,0.202,0.404,1,0.894,0
XLMUSDT,8272,8279,1713627900,1713635100,LONG,TRAIL,0.1142,0.11525924,0.11949618,0.11243461,0.9306833568226315,0.8336509730434094,0.09703238377922205,14,1.91,70.36,0.5,0.0052481170400471835,1.4865291529053513,base,adaptive disabled,1.0,84.5,90,100,70,80,NEW_YORK,bullish,bullish,FVG,BOS bullish | Vol 1.9x | FVG | ChoCH | Session:NEW_YORK | StrongTrend1h | Zone:FVG | MTF 14,BOS+2 | BodyStrong+1 | 1h+2 | 4h+2 | Vol+1 | BTC+2 | FVG+1 | ChoCH+1 | Zone:FVG+1 | Sess:NEW_YORK | Strong1h+1,0,0,0.45,range,0.0566,1.5105,1.667,0.0702,1.267,1.0,0.2174,0.75,8272,0,1,1.934,-1.0,0,1.934,3
BTCUSDT,8281,8417,1713636000,1713759300,LONG,TRAIL,64990.5,65924.24799839,69659.23999197,63434.25333601,0.16084101949063753,0.13735042696703817,0.02349059252359938,13,1.58,68.88,0.3594138985703107,0.0055701617665333885,1.8543398561559488,base,adaptive disabled,1.0,76.5,90,90,50,80,OFF_HOURS,bullish,bullish,FVG,BOS bullish | Vol 1.6x | FVG | ChoCH | BullWick | StrongTrend1h | Zone:FVG | MTF 13,BOS+2 | 1h+2 | 4h+2 | Vol+1 | BTCok+1 | FVG+1 | ChoCH+1 | BullWick+1 | Zone:FVG+1 | Sess:OFF_HOURS | Strong1h+1,0,0,0.575,bull,0.4931,1.2232,0.709,0.1408,0.944,1.0,0.3414,0.28125,8281,3,4,0.354,0.47,1,0.585,0
AAVEUSDT,8298,8315,1713651300,1713667500,LONG,TRAIL,91.36,92.51683335,97.14416673,89.43194442,0.6492443367978669,0.5781675476111156,0.07107678918675134,17,1.59,67.87,0.34374999999999795,0.005435352723255338,0.8856660201067081,base,adaptive disabled,1.15,84.5,90,100,70,80,DEAD_ZONE,bullish,bullish,FVG,BOS bullish | Vol 1.6x | FVG | ChoCH | Engulfing | StrongTrend1h | Zone:FVG | MTF 17 | Risk x1.15,BOS+2 | BodyStrong+1 | 1h+2 | 4h+2 | Vol+1 | RSI+1 | BTCok+1 | FVG+1 | ChoCH+1 | Engulfing+1 | Zone:FVG+1 | Sess:DEAD_ZONE | Strong1h+1 | NestedOB_1h+2 | QualityRisk:1.15,0,0,0.525,range,0.5601,1.3744,2.0,0.0936,1.379,1.0,0.1353,0.75,8298,9,5,0.511,-1.0,0,2.025,1
ETHUSDT,8315,8417,1713666600,1713759300,LONG,TRAIL,3166.67,3199.08991993,3328.76959966,3112.63680011,0.6216999931614432,0.5118137331937292,0.10988625996771388,16,4.15,60.48,0.2598215474763641,0.007021442400262983,1.9566729897327737,base,adaptive disabled,1.15,86.7,90,81,90,80,OFF_HOURS,bullish,bullish,FVG,BOS bullish | Vol 4.2x | FVG | ChoCH | StrongTrend1h | Zone:FVG | MTF 16 | Risk x1.15,BOS+2 | BodyStrong+1 | 1h+2 | 4h+2 | Vol+2 | RSI+1 | BTC+2 | FVG+1 | ChoCH+1 | Zone:FVG+1 | Sess:OFF_HOURS | Strong1h+1 | RelStrengthRisk:1.15,0,1,0.375,bear,0.9505,1.3664,0.0,0.0327,2.536,-1.0,-0.0864,0.9375,8315,0,1,0.86,0.373,1,1.426,0
XLMUSDT,8315,8359,1713666600,1713707100,LONG,SL,0.1158,0.11694124,0.12150622,0.11389793,-0.8674759604010316,-0.9587975205959769,0.09132156019494524,15,1.91,54.99,0.12499999999999838,0.005173433789751918,1.4666684806879853,base,adaptive disabled,1.15,79.3,90,74,70,80,OFF_HOURS,bullish,bullish,FVG,BOS bullish | Vol 1.9x | FVG | ChoCH | StrongTrend1h | Zone:FVG | MTF 15 | Risk x1.15,BOS+2 | BodyStrong+1 | 1h+2 | 4h+2 | Vol+1 | RSI+1 | BTC+2 | FVG+1 | ChoCH+1 | Zone:FVG+1 | Sess:OFF_HOURS | Strong1h+1 | QualityRisk:1.15,0,1,0.475,bear,1.3669,0.6134,0.0,0.0177,1.596,0.0,-0.1022,0.75,8315,0,1,0.398,2.191,1,0.996,0
DOTUSDT,8317,8359,1713668400,1713707100,LONG,SL,7.217,7.2920701,7.5923505,7.09188317,-0.6294117266238287,-0.6943040756387456,0.06489234901491689,15,1.89,60.84,0.45454545454545325,0.00685230166319055,1.1500711884635175,base,adaptive disabled,1.15,84.5,90,100,70,80,OFF_HOURS,bullish,bullish,FVG,BOS bullish | Vol 1.9x | FVG | MACD_Div | ChoCH | StrongTrend1h | Zone:FVG | MTF 15 | Risk x1.15,BOS+2 | BodyStrong+1 | 1h+2 | 4h+2 | Vol+1 | RSI+1 | BTCok+1 | FVG+1 | MACD_Div+1 | ChoCH+1 | Zone:FVG+1 | Sess:OFF_HOURS | Strong1h+1 | QualityRisk:1.15,0,1,0.55,bear,1.3587,0.8392,0.0,0.2167,1.771,1.0,0.2976,0.5625,8317,2,3,0.812,0.093,1,1.647,2
LINKUSDT,8317,8370,1713668400,1713717000,LONG,SL,14.946,15.14177982,15.92489909,14.6197003,-1.2031213176107705,-1.3104756532108337,0.10735433560006342,17,2.53,60.65,0.3304535637149044,0.007614885774261515,1.444094748379983,base,adaptive disabled,1.15,87.3,90,99,80,80,OFF_HOURS,bullish,bullish,OB,BOS bullish | Vol 2.5x | FVG | OB | ChoCH | BullWick | StrongTrend1h | Zone:OB | MTF 17 | Risk x1.15,BOS+2 | 1h+2 | 4h+2 | Vol+2 | RSI+1 | BTC+2 | FVG+1 | OB+1 | ChoCH+1 | BullWick+1 | Zone:OB+1 | Sess:OFF_HOURS | Strong1h+1 | QualityRisk:1.15,0,1,0.55,bear,1.2933,0.4035,0.0,0.1763,2.475,1.0,0.1707,1.171875,8316,28,2,0.352,0.316,1,1.288,2
AVAXUSDT,8318,8353,1713669300,1713701700,LONG,SL,38.157,38.65402214,40.64211069,37.32862977,-0.9925362720965942,-1.0789039038739943,0.08636763177740009,14,1.51,51.94,0.17458945548833085,0.010551031891562992,1.3302948570200341,base,adaptive disabled,1.15,80.5,90,80,70,80,OFF_HOURS,bullish,bullish,FVG,BOS bullish | Vol 1.5x | FVG | ChoCH | StrongTrend1h | Zone:FVG | MTF 14 | Risk x1.15,BOS+2 | BodyStrong+1 | 1h+2 | 4h+2 | Vol+1 | RSI+1 | BTCok+1 | FVG+1 | ChoCH+1 | Zone:FVG+1 | Sess:OFF_HOURS | Strong1h+1 | QualityRisk:1.15,0,0,0.5,range,1.1456,0.3601,0.0,-0.0178,0.878,1.0,-0.2007,0.9375,8318,3,4,0.426,1.678,0,0.965,0
LINKUSDT,8387,8398,1713731400,1713742200,LONG,TRAIL,14.876,15.13677241,16.17986203,14.44137932,0.4256892753270668,0.3615126236316159,0.06417665169545084,15,1.31,55.47,0.33333333333333764,0.005898380174430351,1.2374136999821164,base,adaptive disabled,1.25,78.5,90,100,50,80,DEAD_ZONE,bullish,bullish,FVG,BOS bullish | Vol 1.3x | FVG | LiqSweep | ChoCH | StrongTrend1h | Zone:FVG | MTF 15 | Risk x1.25,BOS+2 | 1h+2 | 4h+2 | Vol+1 | RSI+1 | BTC+2 | FVG+1 | LiqSweep+1 | ChoCH+1 | Zone:FVG+1 | Sess:DEAD_ZONE | Strong1h+1 | QualityRisk:1.15 | RelStrengthRisk:1.25,0,1,0.375,bear,0.0828,1.1773,0.0,-0.0545,1.479,1.0,-0.1181,0.9375,8386,20,5,0.811,1.222,1,1.428,3
AAVEUSDT,8389,8416,1713733200,1713758400,LONG,TRAIL,91.44,93.17754492,100.12772461,88.5440918,1.1011035880458568,1.0182176733611301,0.08288591468472671,16,2.04,62.85,0.5825242718446649,0.005094483584550847,0.9226109771631774,base,adaptive disabled,1.15,80.0,60,100,90,80,DEAD_ZONE,neutral,bullish,FVG,BOS bullish | Vol 2.0x | FVG | ChoCH | Zone:FVG | MTF 16 | Risk x1.15,BOS+2 | BodyStrong+1 | 1hN+1 | 4h+2 | Vol+2 | RSI+1 | BTC+2 | FVG+1 | ChoCH+1 | Zone:FVG+1 | Sess:DEAD_ZONE | NestedOB_1h+2 | QualityRisk:1.15,0,0,0.525,bull,0.3384,1.1108,4.0,0.0622,1.627,1.0,0.117,1.3125,8389,0,1,1.407,1.997,1,1.331,5
ADAUSDT,8389,8423,1713733200,1713764700,LONG,TRAIL,0.5015,0.51175846,0.55279232,0.48440256,0.45080983042996153,0.40749948140987424,0.04331034902008731,13,1.56,65.38,0.5040000000000062,0.00591034195932651,1.1006370139779127,base,adaptive disabled,1.15,74.0,60,100,70,80,DEAD_ZONE,neutral,bullish,FVG,BOS bullish | Vol 1.6x | FVG | ChoCH | Zone:FVG | MTF 13 | Risk x1.15,BOS+2 | BodyStrong+1 | 1hN+1 | 4h+2 | Vol+1 | RSI+1 | BTC+2 | FVG+1 | ChoCH+1 | Zone:FVG+1 | Sess:DEAD_ZONE | QualityRisk:1.15,0,0,0.475,range,0.3977,1.082,1.853,0.1121,1.334,1.0,0.2125,0.73828125,8389,0,1,1.401,1.401,1,1.334,2
DOTUSDT,8389,8417,1713733200,1713759300,LONG,TRAIL,7.153,7.29231202,7.8495601,6.9208133,0.7132517683413321,0.6526002807668929,0.06065148757443908,15,2.39,67.02,0.6750000000000009,0.0058161538866343615,1.1184306730806808,base,adaptive disabled,1.15,80.0,60,100,90,80,DEAD_ZONE,neutral,bullish,FVG,BOS bullish | Vol 2.4x | FVG | ChoCH | Engulfing | Zone:FVG | MTF 15 | Risk x1.15,BOS+2 | BodyStrong+1 | 1hN+1 | 4h+2 | Vol+2 | RSI+1 | BTC+2 | FVG+1 | ChoCH+1 | Engulfing+1 | Zone:FVG+1 | Sess:DEAD_ZONE | QualityRisk:1.15,0,0,0.475,range,0.2843,1.1844,3.273,0.0342,1.756,-1.0,-0.0146,0.984375,8389,0,1,1.624,0.34,1,1.388,2
AAVEUSDT,8416,8426,1713757500,1713767400,LONG,TRAIL,93.07,95.02447,102.84235,89.81255,0.27406474156696103,0.24995759870981812,0.02410714285714292,14,4.9,68.32,0.6071428571428591,0.008451487507257284,1.3257375742330546,base,adaptive disabled,1.25,84.5,90,100,70,80,OFF_HOURS,bullish,bullish,FVG,BOS bullish | Vol 4.9x | FVG | ChoCH | StrongTrend1h | Zone:FVG | MTF 14 | Risk x1.25,BOS+2 | 1h+2 | 4h+2 | Vol+2 | BTC+2 | FVG+1 | ChoCH+1 | Zone:FVG+1 | Sess:OFF_HOURS | Strong1h+1 | QualityRisk:1.15 | RelStrengthRisk:1.25,0,0,0.425,range,0.0368,1.0489,10.0,0.1943,4.192,1.0,0.1409,0.421875,8416,0,2,1.3,0.101,1,1.17,0
ADAUSDT,8423,8490,1713763800,1713825000,LONG,TRAIL,0.5105,0.5212205,0.5641025,0.4926325,0.35365277261349826,0.32150991547064106,0.032142857142857174,14,1.71,70.92,0.800000000000002,0.005542246531402677,0.9443988091357568,base,adaptive disabled,1.15,78.5,90,100,50,80,OFF_HOURS,bullish,bullish,FVG,BOS bullish | Vol 1.7x | FVG | ChoCH | BullWick | StrongTrend1h | Zone:FVG | MTF 14 | Risk x1.15,BOS+2 | 1h+2 | 4h+2 | Vol+1 | BTC+2 | FVG+1 | ChoCH+1 | BullWick+1 | Zone:FVG+1 | Sess:OFF_HOURS | Strong1h+1 | QualityRisk:1.15,0,0,0.5,range,0.3358,1.1007,1.913,0.1054,1.67,1.0,0.2683,0.5625,8423,1,2,0.09,0.422,1,0.994,0
DOTUSDT,8443,8582,1713781800,1713907800,LONG,SL,7.515,7.63717144,8.12585718,7.31138094,-1.243130186339139,-1.3261712827865937,0.08304109644745462,16,2.06,63.33,0.2692307692307662,0.008101660131487283,1.1941211609647038,base,adaptive disabled,1.15,88.9,90,92,90,80,LONDON,bullish,bullish,FVG,BOS bullish | Vol 2.1x | FVG | ChoCH | Session:LONDON | StrongTrend1h | Zone:FVG | MTF 16 | Risk x1.15,BOS+2 | BodyStrong+1 | 1h+2 | 4h+2 | Vol+2 | RSI+1 | BTC+2 | FVG+1 | ChoCH+1 | Zone:FVG+1 | Sess:LONDON | Strong1h+1 | QualityRisk:1.15,0,0,0.475,range,1.1639,0.3929,3.043,-0.0848,1.675,1.0,0.1066,1.125,8443,1,2,0.262,0.443,1,0.484,0
AVAXUSDT,8444,8635,1713782700,1713955500,LONG,EXPIRED,39.35,40.17635,43.48175,37.97275,0.0,-0.057142857142856995,0.057142857142856995,15,1.3,68.31,0.5235707121364095,0.009373598883439112,1.253806231669692,base,adaptive disabled,1.15,84.5,90,100,70,80,LONDON,bullish,bullish,FVG,BOS bullish | Vol 1.3x | FVG | ChoCH | Engulfing | Session:LONDON | StrongTrend1h | Zone:FVG | MTF 15 | Risk x1.15,BOS+2 | BodyStrong+1 | 1h+2 | 4h+2 | Vol+1 | BTC+2 | FVG+1 | ChoCH+1 | Engulfing+1 | Zone:FVG+1 | Sess:LONDON | Strong1h+1 | RelStrengthRisk:1.15,0,0,0.575,bull,0.9984,0.6946,0.0,0.196,1.365,1.0,0.2404,1.0,8443,0,1,0.876,-1.0,0,0.792,1
ADAUSDT,8454,8464,1713791700,1713801600,LONG,TRAIL,0.5108,0.51624505,0.53802525,0.50172492,0.7874205068514758,0.6396697432218441,0.14775076362963172,16,1.71,66.56,0.5000000000000092,0.0074757587364070385,1.2738692889329502,base,adaptive disabled,1.0,78.5,90,100,50,80,OVERLAP,bullish,bullish,FVG,BOS bullish | Vol 1.7x | FVG | ChoCH | Engulfing | BullWick | Session:OVERLAP | StrongTrend1h | Zone:FVG | MTF 16,BOS+2 | 1h+2 | 4h+2 | Vol+1 | RSI+1 | BTC+2 | FVG+1 | ChoCH+1 | Engulfing+1 | BullWick+1 | Zone:FVG+1 | Sess:OVERLAP | Strong1h+1,0,0,0.55,range,0.3636,1.4141,0.833,0.0812,1.434,1.0,0.0897,1.3125,8451,9,1,0.541,0.793,1,1.802,0
XRPUSDT,8455,8464,1713792600,1713801600,LONG,TRAIL,0.5333,0.53713976,0.5524988,0.5269004,1.0560729102496782,0.8894062435830102,0.166666666666668,17,2.13,50.39,0.15492957746478742,0.004804610520677305,1.1182208748691556,base,adaptive disabled,1.15,80.1,90,78,70,80,NEW_YORK,bullish,bullish,FVG,BOS bullish | Vol 2.1x | FVG | ChoCH | Discount | BullWick | Session:NEW_YORK | StrongTrend1h | Zone:FVG | MTF 17 | Risk x1.15,BOS+2 | 1h+2 | 4h+2 | Vol+2 | RSI+1 | BTC+2 | FVG+1 | ChoCH+1 | Discount+1 | BullWick+1 | Zone:FVG+1 | Sess:NEW_YORK | Strong1h+1 | QualityRisk:1.15,0,0,0.45,range,0.3594,2.7345,0.0,0.0353,1.198,-1.0,-0.0303,1.0,8455,13,3,0.433,1.636,1,1.011,0
BTCUSDT,8471,8493,1713807000,1713827700,LONG,TRAIL,66528.8,67206.36305118,69916.6152559,65399.52824803,0.17972869111541667,0.14659012200243127,0.03313856911298539,15,1.65,66.03,0.6790759270159005,0.005335957866183574,1.7491438778179358,base,adaptive disabled,1.0,78.5,90,100,50,80,OFF_HOURS,bullish,bullish,FVG,BOS bullish | Vol 1.6x | FVG | ChoCH | BullWick | StrongTrend1h | Zone:FVG | MTF 15,BOS+2 | 1h+2 | 4h+2 | Vol+1 | RSI+1 | BTC+2 | FVG+1 | ChoCH+1 | BullWick+1 | Zone:FVG+1 | Sess:OFF_HOURS | Strong1h+1,0,1,0.55,bear,0.3477,1.0771,0.0,0.1932,1.448,1.0,0.2163,0.28125,8471,0,1,0.994,0.608,1,1.119,0
AAVEUSDT,8472,8650,1713807900,1713969000,LONG,SL,96.01,97.5365332,103.642666,93.465778,-1.2159905857271907,-1.2867464985366859,0.07075591280949527,17,2.23,55.8,0.41449275362319177,0.007543290670989488,1.1162909686819118,base,adaptive disabled,1.15,90.5,90,100,90,80,OFF_HOURS,bullish,bullish,FVG,BOS bullish | Vol 2.2x | FVG | ChoCH | BullWick | StrongTrend1h | Zone:FVG | MTF 17 | Risk x1.15,BOS+2 | BodyStrong+1 | 1h+2 | 4h+2 | Vol+2 | RSI+1 | BTC+2 | FVG+1 | ChoCH+1 | BullWick+1 | Zone:FVG+1 | Sess:OFF_HOURS | Strong1h+1 | QualityRisk:1.15,0,0,0.525,range,1.5132,0.963,0.0,-0.0845,2.15,1.0,-0.2767,0.9375,8472,1,2,0.415,0.801,1,0.934,0
SOLUSDT,8472,8492,1713807900,1713826800,LONG,TRAIL,154.91,157.63748793,168.54743965,150.36418678,0.4376300796031613,0.3992928797302636,0.03833719987289767,14,1.44,58.1,0.4280879864636173,0.008540128470700679,1.2363232711330818,base,adaptive disabled,1.15,78.5,90,100,50,80,OFF_HOURS,bullish,bullish,FVG,BOS bullish | Vol 1.4x | FVG | ChoCH | StrongTrend1h | Zone:FVG | MTF 14 | Risk x1.15,BOS+2 | 1h+2 | 4h+2 | Vol+1 | RSI+1 | BTC+2 | FVG+1 | ChoCH+1 | Zone:FVG+1 | Sess:OFF_HOURS | Strong1h+1 | QualityRisk:1.15,0,0,0.525,range,0.3564,1.0596,0.0,0.0589,1.348,1.0,0.0694,0.5625,8472,0,1,0.129,0.017,1,0.703,0
AVAXUSDT,8493,8523,1713826800,1713854700,LONG,SL,39.48,39.97754401,41.96772003,38.65075999,-1.1263325318806048,-1.221552249993338,0.09521971811273318,15,2.05,62.38,0.34309240622140785,0.00681316278457035,1.089912175048276,base,adaptive disabled,1.15,84.5,90,100,70,80,DEAD_ZONE,bullish,bullish,FVG,BOS bullish | Vol 2.0x | FVG | ChoCH | BullWick | StrongTrend1h | Zone:FVG | MTF 15 | Risk x1.15,BOS+2 | 1h+2 | 4h+2 | Vol+2 | RSI+1 | BTCok+1 | FVG+1 | ChoCH+1 | BullWick+1 | Zone:FVG+1 | Sess:DEAD_ZONE | Strong1h+1 | QualityRisk:1.15,0,0,0.45,bull,1.2288,0.8924,3.049,0.1358,2.003,1.0,0.2214,1.0,8493,0,1,0.523,0.242,1,1.025,3
AAVEUSDT,8494,8500,1713827700,1713834000,LONG,TRAIL,96.28,96.973216,99.74608,95.12464,0.7968583581793595,0.630191691512693,0.16666666666666644,17,2.35,56.75,0.23943661971830799,0.004098451797041358,0.697907791725486,base,adaptive disabled,1.15,86.1,90,78,90,80,DEAD_ZONE,bullish,bullish,FVG,BOS bullish | Vol 2.4x | FVG | ChoCH | BullWick | StrongTrend1h | Zone:FVG | MTF 17 | Risk x1.15,BOS+2 | BodyStrong+1 | 1h+2 | 4h+2 | Vol+2 | RSI+1 | BTC+2 | FVG+1 | ChoCH+1 | BullWick+1 | Zone:FVG+1 | Sess:DEAD_ZONE | Strong1h+1 | QualityRisk:1.15,0,0,0.65,range,0.1558,1.457,0.0,-0.1555,3.054,-1.0,-0.3394,1.0,8490,8,3,0.043,0.107,1,1.456,0
BTCUSDT,8494,8542,1713827700,1713871800,LONG,SL,66914.9,67525.89310611,69969.86553055,65896.57815648,-0.28168587055784367,-0.31864828228407405,0.03696241172623034,14,2.0,71.59,0.6644779432164879,0.005464298536854387,1.4845746503237878,base,adaptive disabled,1.0,90.5,90,100,90,80,DEAD_ZONE,bullish,bullish,FVG,BOS bullish | Vol 2.0x | FVG | ChoCH | StrongTrend1h | Zone:FVG | MTF 14,BOS+2 | BodyStrong+1 | 1h+2 | 4h+2 | Vol+2 | BTCok+1 | FVG+1 | ChoCH+1 | Zone:FVG+1 | Sess:DEAD_ZONE | Strong1h+1,0,0,0.375,range,1.0457,0.4339,0.0,0.163,1.402,1.0,0.3296,0.28125,8493,0,4,1.841,-1.0,0,0.959,0
LINKUSDT,8553,8638,1713880800,1713958200,LONG,TRAIL,15.39,15.54798179,16.17990893,15.12669702,1.6739190755844058,1.4401199746399354,0.23379910094447034,17,1.34,56.32,0.2941176470588255,0.008005292176373595,1.8142582019248747,base,adaptive disabled,1.15,68.0,60,85,60,80,NEW_YORK,neutral,bullish,OB,BOS bullish | Vol 1.3x | OB | LiqSweep | MACD_Div | ChoCH | BullWick | Session:NEW_YORK | Zone:OB | MTF 17 | Risk x1.15,BOS+2 | 1hN+1 | 4h+2 | Vol+1 | RSI+1 | BTC+2 | OB+1 | LiqSweep+1 | MACD_Div+1 | ChoCH+1 | BullWick+1 | Zone:OB+1 | Sess:NEW_YORK | NestedOB_1h+2 | QualityRisk:1.15,0,0,0.525,range,1.1394,1.0191,0.0,0.1018,0.831,1.0,0.1848,2.0,8553,18,1,1.009,0.504,1,1.144,3
DOTUSDT,8554,8556,1713881700,1713884400,LONG,TRAIL,7.43,7.52210062,7.8905031,7.27649897,0.6787208893786039,0.5879641693748359,0.09075672000376796,16,2.24,56.46,0.26086956521739213,0.007810714870620769,1.5560210624899158,base,adaptive disabled,1.25,82.7,90,91,70,80,NEW_YORK,bullish,bullish,FVG,BOS bullish | Vol 2.2x | FVG | LiqSweep | ChoCH | Session:NEW_YORK | StrongTrend1h | Zone:FVG | MTF 16 | Risk x1.25,BOS+2 | 1h+2 | 4h+2 | Vol+2 | RSI+1 | BTC+2 | FVG+1 | LiqSweep+1 | ChoCH+1 | Zone:FVG+1 | Sess:NEW_YORK | Strong1h+1 | QualityRisk:1.15 | RelStrengthRisk:1.25,0,1,0.45,bear,0.0065,1.1618,0.0,-0.0382,2.215,-1.0,-0.0208,0.9375,8554,0,1,0.69,0.506,1,2.483,0
XLMUSDT,8554,8608,1713881700,1713931200,LONG,TRAIL,0.1165,0.1187,0.119,0.115102,2.9924746387803403,2.700807972113676,0.2916666666666646,16,3.36,59.2,0.38461538461538625,0.004570148029545259,1.3264854667180563,base,adaptive disabled,1.15,80.0,60,100,90,80,NEW_YORK,neutral,bullish,FVG,BOS bullish | Vol 3.4x | FVG | LiqSweep | ChoCH | BullWick | Session:NEW_YORK | Zone:FVG | MTF 16 | Risk x1.15,BOS+2 | BodyStrong+1 | 1hN+1 | 4h+2 | Vol+2 | RSI+1 | BTC+2 | FVG+1 | LiqSweep+1 | ChoCH+1 | BullWick+1 | Zone:FVG+1 | Sess:NEW_YORK | QualityRisk:1.15,0,0,0.575,range,0.7868,1.0909,0.0,0.1368,3.176,1.0,0.1775,1.75,8552,0,1,1.059,1.059,1,1.483,0
SUIUSDT,8791,8814,1714095000,1714116600,SHORT,TRAIL,1.2028,1.1775412,1.076506,1.244898,0.41781061710399375,0.3776320456754223,0.040178571428571466,14,2.17,31.87,0.5696821515892392,0.012997853559349667,1.9710201886727148,base,adaptive disabled,1.25,82.5,90,90,70,80,OFF_HOURS,bearish,bearish,FVG,BOS bearish | Vol 2.2x | FVG | ChoCH | Engulfing | StrongTrend1h | Zone:FVG | MTF 14 | Risk x1.25,BOS+2 | 1h+2 | 4h+2 | Vol+2 | BTCok+1 | FVG+1 | ChoCH+1 | Engulfing+1 | Zone:FVG+1 | Sess:OFF_HOURS | Strong1h+1 | QualityRisk:1.15 | TrendPairRisk:1.25,0,0,0.55,bear,0.3729,1.1085,1.553,-0.0257,1.589,1.0,-0.3618,0.703125,8791,1,4,1.929,1.561,1,2.265,0
XRPUSDT,8791,8839,1714095000,1714139100,SHORT,TRAIL,0.5243,0.51793402,0.49247011,0.53490996,0.4414210898180218,0.34413367073255896,0.09728741908546282,14,2.46,28.66,0.7169811320754624,0.0064400019095373975,1.6014138084783065,base,adaptive disabled,1.0,80.0,60,100,90,80,OFF_HOURS,neutral,bearish,FVG,BOS bearish | Vol 2.5x | FVG | LiqSweep | ChoCH | Zone:FVG | MTF 14,BOS+2 | BodyStrong+1 | 1hN+1 | 4h+2 | Vol+2 | BTC+2 | FVG+1 | LiqSweep+1 | ChoCH+1 | Zone:FVG+1 | Sess:OFF_HOURS,0,0,0.55,bear,1.0933,1.1467,5.067,-0.3759,1.236,1.0,-0.578,0.984375,8787,0,1,1.706,1.043,1,1.327,0
ETHUSDT,8876,8884,1714171500,1714179600,SHORT,TRAIL,3136.24,3113.659072,3023.33536,3173.87488,1.240111326340155,1.0760488263401555,0.16406249999999972,15,1.3,39.13,0.46287451150672915,0.005216113877803886,1.395261421925666,base,adaptive disabled,1.0,74.0,60,100,70,80,DEAD_ZONE,neutral,bearish,FVG,BOS bearish | Vol 1.3x | FVG | ChoCH | Engulfing | BearWick | Zone:FVG | MTF 15,BOS+2 | BodyStrong+1 | 1hN+1 | 4h+2 | Vol+1 | RSI+1 | BTC+2 | FVG+1 | ChoCH+1 | Engulfing+1 | BearWick+1 | Zone:FVG+1 | Sess:DEAD_ZONE,0,1,0.425,bull,0.0813,2.3059,0.0,0.0308,1.044,1.0,-0.1492,0.984375,8875,0,1,1.549,0.636,1,0.582,0
SUIUSDT,8876,8884,1714171500,1714179600,SHORT,TRAIL,1.1722,1.15838592,1.10312959,1.19522347,0.30005733122152706,0.2427799095296623,0.05727742169186475,17,1.42,32.55,0.6685082872928175,0.007165185813072367,1.5435113003717396,base,adaptive disabled,1.25,84.5,90,100,70,80,DEAD_ZONE,bearish,bearish,FVG,BOS bearish | Vol 1.4x | FVG | MACD_Div | ChoCH | BearWick | StrongTrend1h | Zone:FVG | MTF 17 | Risk x1.25,BOS+2 | BodyStrong+1 | 1h+2 | 4h+2 | Vol+1 | RSI+1 | BTC+2 | FVG+1 | MACD_Div+1 | ChoCH+1 | BearWick+1 | Zone:FVG+1 | Sess:DEAD_ZONE | Strong1h+1 | QualityRisk:1.15 | TrendPairRisk:1.25,0,1,0.675,bull,0.4951,1.1582,0.0,-0.2424,0.947,1.0,-0.2499,0.5625,8875,0,1,2.026,0.388,1,1.131,0
ADAUSDT,8880,8884,1714175100,1714179600,SHORT,TRAIL,0.4641,0.45975376,0.44236882,0.47134373,0.5476989149502998,0.4756210627940212,0.07207785215627857,18,2.52,33.19,0.6380952380952359,0.007347063670091722,1.4876206747375949,base,adaptive disabled,1.15,90.5,90,100,90,80,DEAD_ZONE,bearish,bearish,FVG,BOS bearish | Vol 2.5x | FVG | LiqSweep | MACD_Div | ChoCH | StrongTrend1h | Zone:FVG | MTF 18 | Risk x1.15,BOS+2 | BodyStrong+1 | 1h+2 | 4h+2 | Vol+2 | RSI+1 | BTC+2 | FVG+1 | LiqSweep+1 | MACD_Div+1 | ChoCH+1 | Zone:FVG+1 | Sess:DEAD_ZONE | Strong1h+1 | TrendPairRisk:1.15,0,0,0.475,range,0.2899,1.8407,0.0,-0.219,1.638,1.0,-0.3252,0.5625,8875,0,1,1.536,-1.0,0,1.365,0
BTCUSDT,8884,8887,1714178700,1714182300,SHORT,TRAIL,63199.3,62513.61841429,59770.89207145,64342.10264285,0.1432375337780358,0.11407435668189249,0.029163177096143314,17,5.12,33.91,0.4315774804905164,0.007225626598347064,2.043837979040331,base,adaptive disabled,1.15,88.5,90,90,90,80,OFF_HOURS,bearish,bearish,FVG,BOS bearish | Vol 5.1x | FVG | LiqSweep | ChoCH | StrongTrend1h | Zone:FVG | MTF 17 | Risk x1.15,BOS+2 | BodyStrong+1 | 1h+2 | 4h+2 | Vol+2 | RSI+1 | BTC+2 | FVG+1 | LiqSweep+1 | ChoCH+1 | Zone:FVG+1 | Sess:OFF_HOURS | Strong1h+1 | TrendPairRisk:1.15,0,0,0.4,bear,0.0776,1.2302,0.0,-0.0573,3.297,1.0,-0.1343,0.263671875,8884,0,2,2.12,1.137,1,1.263,0
XLMUSDT,8888,9004,1714182300,1714287600,SHORT,SL,0.1127,0.11078224,0.10311121,0.11589626,-1.5880071063524268,-1.6964728038590438,0.1084656975066169,13,25.14,31.21,0.4418604651162776,0.012741157706087759,3.5993770551551028,base,adaptive disabled,1.0,70.0,60,80,70,80,OFF_HOURS,neutral,bearish,FVG,BOS bearish | Vol 25.1x | FVG | ChoCH | Engulfing | Zone:FVG | MTF 13,BOS+2 | 1hN+1 | 4h+2 | Vol+2 | BTC+2 | FVG+1 | ChoCH+1 | Engulfing+1 | Zone:FVG+1 | Sess:OFF_HOURS,0,0,0.425,range,1.0325,0.5736,1.727,0.0274,9.213,1.0,-0.6319,1.5380859375,8886,0,3,2.298,0.144,1,1.005,1
DOTUSDT,8928,8951,1714218300,1714239900,SHORT,SL,6.658,6.501,6.30194995,6.77668335,-1.8910613830836431,-2.038320876517221,0.14725949343357828,14,2.19,38.61,0.1683168316831718,0.005331529643465427,1.1039598568167202,base,adaptive disabled,1.25,80.5,90,80,70,80,OVERLAP,bearish,bearish,FVG,BOS bearish | Vol 2.2x | FVG | ChoCH | Session:OVERLAP | StrongTrend1h | Zone:FVG | MTF 14 | Risk x1.25,BOS+2 | 1h+2 | 4h+2 | Vol+2 | RSI+1 | BTCok+1 | FVG+1 | ChoCH+1 | Zone:FVG+1 | Sess:OVERLAP | Strong1h+1 | QualityRisk:1.15 | TrendPairRisk:1.25,0,0,0.625,bear,1.5251,0.3694,0.202,-0.0087,1.389,1.0,-0.1926,1.3125,8925,3,2,0.063,1.704,1,2.399,1
LINKUSDT,8945,8976,1714233600,1714262400,SHORT,SL,13.98,13.79310787,13.04553936,14.29148688,-0.9601126699140549,-1.044265492016867,0.08415282210281207,14,1.32,35.33,0.5405405405405421,0.005086018852384951,1.1285399019254254,base,adaptive disabled,1.25,78.5,90,100,50,80,NEW_YORK,bearish,bearish,FVG,BOS bearish | Vol 1.3x | FVG | ChoCH | Session:NEW_YORK | StrongTrend1h | Zone:FVG | MTF 14 | Risk x1.25,BOS+2 | 1h+2 | 4h+2 | Vol+1 | RSI+1 | BTC+2 | FVG+1 | ChoCH+1 | Zone:FVG+1 | Sess:NEW_YORK | Strong1h+1 | QualityRisk:1.15 | TrendPairRisk:1.25,0,1,0.55,bull,1.3548,0.6046,0.0,0.0106,1.431,1.0,-0.2427,0.9375,8945,1,4,1.273,0.056,1,1.413,8
AAVEUSDT,9010,9021,1714292100,1714302900,LONG,SL,92.27,92.934344,95.59172,91.16276,-1.0115241501390848,-1.1781908168057529,0.16666666666666816,16,1.88,56.04,0.21025641025640973,0.006391409788680768,1.8369311195800684,base,adaptive disabled,1.15,82.5,90,75,80,80,LONDON,bullish,bullish,OB,BOS bullish | Vol 1.9x | FVG | OB | ChoCH | Discount | Session:LONDON | StrongTrend1h | Zone:OB | MTF 16 | Risk x1.15,BOS+2 | BodyStrong+1 | 1h+2 | 4h+2 | Vol+1 | RSI+1 | BTCok+1 | FVG+1 | OB+1 | ChoCH+1 | Discount+1 | Zone:OB+1 | Sess:LONDON | Strong1h+1 | QualityRisk:1.15,0,0,0.55,range,1.2012,0.1656,0.0,-0.1103,1.087,-1.0,-0.0029,1.0,9006,4,2,0.483,1.507,1,1.706,0
NEARUSDT,9011,9034,1714293000,1714314600,LONG,TRAIL,7.298,7.38340726,7.72503631,7.15565456,0.8754503415438688,0.7472762321379052,0.12817410940596366,15,1.63,52.5,0.1316526610644277,0.013020542016388456,1.5370439837647947,base,adaptive disabled,1.15,82.5,90,75,80,80,LONDON,bullish,bullish,OB,BOS bullish | Vol 1.6x | FVG | OB | ChoCH | Session:LONDON | StrongTrend1h | Zone:OB | MTF 15 | Risk x1.15,BOS+2 | BodyStrong+1 | 1h+2 | 4h+2 | Vol+1 | RSI+1 | BTCok+1 | FVG+1 | OB+1 | ChoCH+1 | Zone:OB+1 | Sess:LONDON | Strong1h+1 | QualityRisk:1.15,0,0,0.625,range,0.7938,1.1943,4.7,-0.0084,0.77,1.0,0.2875,1.25,9011,21,2,0.811,0.077,1,1.01,0
AAVEUSDT,9043,9070,1714321800,1714347000,LONG,SL,91.73,92.58192176,95.98960878,90.31013041,-1.1902501552977074,-1.3194592047006173,0.1292090494029099,23,3.28,58.65,0.46976744186046937,0.005131511966228061,1.3598506710518694,base,adaptive disabled,1.15,93.5,90,100,100,80,NEW_YORK,bullish,bullish,OB,BOS bullish | Vol 3.3x | FVG | OB | LiqSweep | MACD_Div | ChoCH | Engulfing | BullWick | Session:NEW_YORK | StrongTrend1h | Zone:OB | 💎PREMIUM | MTF 23 | Risk x1.15,BOS+2 | BodyStrong+1 | 1h+2 | 4h+2 | Vol+2 | RSI+1 | BTCok+1 | FVG+1 | OB+1 | LiqSweep+1 | MACD_Div+1 | ChoCH+1 | Engulfing+1 | BullWick+1 | Zone:OB+1 | Sess:NEW_YORK | Strong1h+1 | 💎Premium+3 | QualityRisk:1.15,1,0,0.475,range,1.3452,0.9977,0.0,-0.026,2.933,-1.0,-0.1897,1.0,9038,4,2,0.476,2.31,0,0.834,0
ADAUSDT,9100,9205,1714373100,1714468500,SHORT,TRAIL,0.4504,0.4409416,0.403108,0.466164,0.3869581109181045,0.3548152537752473,0.03214285714285715,15,2.22,30.64,0.450000000000003,0.008884465613939234,1.95289015632515,base,adaptive disabled,1.15,82.5,90,90,70,80,OFF_HOURS,bearish,bearish,FVG,BOS bearish | Vol 2.2x | FVG | ChoCH | Engulfing | StrongTrend1h | Zone:FVG | MTF 15 | Risk x1.15,BOS+2 | 1h+2 | 4h+2 | Vol+2 | BTC+2 | FVG+1 | ChoCH+1 | Engulfing+1 | Zone:FVG+1 | Sess:OFF_HOURS | Strong1h+1 | TrendPairRisk:1.15,0,0,0.55,bear,0.812,1.2476,0.711,0.0588,1.437,1.0,-0.2463,0.5625,9100,0,1,0.252,2.197,1,1.08,0
SUIUSDT,9100,9159,1714373100,1714427100,SHORT,TRAIL,1.1931,1.16874096,1.07130481,1.2336984,0.6148494786601325,0.5597472455672027,0.05510223309292988,14,1.96,34.91,0.3993610223642145,0.010650894757477561,1.75480687694346,base,adaptive disabled,1.25,75.0,80,100,50,80,OFF_HOURS,bearish,bearish,FVG,BOS bearish | Vol 2.0x | FVG | LiqSweep | ChoCH | Zone:FVG | MTF 14 | Risk x1.25,BOS+2 | 1h+2 | 4h+2 | Vol+1 | RSI+1 | BTC+2 | FVG+1 | LiqSweep+1 | ChoCH+1 | Zone:FVG+1 | Sess:OFF_HOURS | QualityRisk:1.15 | TrendPairRisk:1.25,0,1,0.525,bull,0.4064,1.0058,0.661,0.0867,1.177,1.0,-0.2092,0.9375,9100,0,1,0.264,0.471,1,1.276,0
SOLUSDT,9101,9204,1714374000,1714467600,SHORT,TRAIL,135.28,132.66180681,122.18903407,139.64365531,0.6525627428113563,0.6176860192417305,0.034876723569625755,15,2.04,33.3,0.3518518518518585,0.007893266632807606,1.4756254252501413,base,adaptive disabled,1.25,84.5,90,100,70,80,OFF_HOURS,bearish,bearish,FVG,BOS bearish | Vol 2.0x | FVG | ChoCH | StrongTrend1h | Zone:FVG | MTF 15 | Risk x1.25,BOS+2 | 1h+2 | 4h+2 | Vol+2 | RSI+1 | BTC+2 | FVG+1 | ChoCH+1 | Zone:FVG+1 | Sess:OFF_HOURS | Strong1h+1 | QualityRisk:1.15 | TrendPairRisk:1.25,0,0,0.4,range,1.0312,1.375,0.485,0.105,1.327,1.0,-0.2542,0.5625,9100,0,1,0.521,3.055,0,0.656,0
BTCUSDT,9128,9134,1714398300,1714404600,SHORT,SL,62090.1,61572.06977882,59499.94889408,62953.48370197,-0.3809575038879156,-0.4348936332053278,0.053936129317412186,16,3.45,35.93,0.2816046450250702,0.006252406982502863,2.246716209066097,base,adaptive disabled,1.15,81.1,90,83,70,80,NEW_YORK,bearish,bearish,FVG,BOS bearish | Vol 3.5x | FVG | LiqSweep | ChoCH | Session:NEW_YORK | StrongTrend1h | Zone:FVG | MTF 16 | Risk x1.15,BOS+2 | 1h+2 | 4h+2 | Vol+2 | RSI+1 | BTC+2 | FVG+1 | LiqSweep+1 | ChoCH+1 | Zone:FVG+1 | Sess:NEW_YORK | Strong1h+1 | TrendPairRisk:1.15,0,1,0.475,bull,1.133,0.3917,5.5,-0.0029,2.626,1.0,-0.034,0.375,9128,0,1,0.105,0.564,1,1.778,0
AVAXUSDT,9234,9294,1714493700,1714548600,SHORT,TRAIL,32.567,31.883093,29.147465,33.706845,2.2676255931057936,2.178339878820079,0.08928571428571419,15,3.26,29.09,0.18158236057068797,0.015056285383398668,2.0530095579961336,base,adaptive disabled,1.15,78.7,90,71,70,80,NEW_YORK,bearish,bearish,FVG,BOS bearish | Vol 3.3x | FVG | ChoCH | Engulfing | Session:NEW_YORK | StrongTrend1h | Zone:FVG | MTF 15 | Risk x1.15,BOS+2 | 1h+2 | 4h+2 | Vol+2 | BTC+2 | FVG+1 | ChoCH+1 | Engulfing+1 | Zone:FVG+1 | Sess:NEW_YORK | Strong1h+1 | TrendPairRisk:1.15,0,0,0.625,bear,0.4369,2.1304,0.404,0.0047,1.571,1.0,-0.5097,1.5625,9234,0,1,0.532,-1.0,0,1.097,2
SUIUSDT,9234,9256,1714493700,1714514400,SHORT,SL,1.0943,1.0713197,0.9793985,1.1326005,-1.3283116408402018,-1.3997402122687737,0.07142857142857172,13,1.86,30.75,0.22758620689655112,0.015624221174695202,2.0072831842745456,base,adaptive disabled,1.25,73.9,90,77,50,80,NEW_YORK,bearish,bearish,FVG,BOS bearish | Vol 1.9x | FVG | ChoCH | Session:NEW_YORK | StrongTrend1h | Zone:FVG | MTF 13 | Risk x1.25,BOS+2 | 1h+2 | 4h+2 | Vol+1 | BTC+2 | FVG+1 | ChoCH+1 | Zone:FVG+1 | Sess:NEW_YORK | Strong1h+1 | QualityRisk:1.15 | TrendPairRisk:1.25,0,0,0.5,bear,1.0705,0.4526,0.613,-0.0174,1.185,1.0,-0.2316,1.25,9234,0,1,0.642,-1.0,0,1.086,2
LINKUSDT,9246,9295,1714504500,1714549500,SHORT,TRAIL,12.938,12.666302,11.57951,13.39083,1.0173401652247525,0.9280544509390378,0.08928571428571454,15,3.5,29.88,0.44217687074830053,0.010196522423391387,1.4025529021031542,base,adaptive disabled,1.25,84.5,90,100,70,80,DEAD_ZONE,bearish,bearish,FVG,BOS bearish | Vol 3.5x | FVG | ChoCH | Engulfing | StrongTrend1h | Zone:FVG | MTF 15 | Risk x1.25,BOS+2 | 1h+2 | 4h+2 | Vol+2 | BTC+2 | FVG+1 | ChoCH+1 | Engulfing+1 | Zone:FVG+1 | Sess:DEAD_ZONE | Strong1h+1 | TrendPairRisk:1.15 | RelStrengthRisk:1.25,0,1,0.525,bull,0.7442,1.1704,0.884,0.0819,2.117,1.0,-0.3809,1.5625,9246,0,1,0.777,-1.0,0,1.34,2
ETHUSDT,9368,9408,1714614300,1714651200,SHORT,SL,2916.22,2863.56595595,2652.94977974,3003.97674009,-0.7629328520104082,-0.8127789378553683,0.04984608584496007,17,1.67,33.15,0.6188123906555586,0.009023913643010329,1.4196281433577398,base,adaptive disabled,1.15,78.5,90,100,50,80,OFF_HOURS,bearish,bearish,FVG,BOS bearish | Vol 1.7x | FVG | LiqSweep | ChoCH | Engulfing | BearWick | StrongTrend1h | Zone:FVG | MTF 17 | Risk x1.15,BOS+2 | 1h+2 | 4h+2 | Vol+1 | RSI+1 | BTC+2 | FVG+1 | LiqSweep+1 | ChoCH+1 | Engulfing+1 | BearWick+1 | Zone:FVG+1 | Sess:OFF_HOURS | Strong1h+1 | TrendPairRisk:1.15,0,1,0.575,bull,1.0196,0.355,0.0,-0.271,2.134,1.0,-0.2004,0.75,9368,0,1,0.211,2.129,1,0.694,0
SUIUSDT,9384,9405,1714628700,1714648500,SHORT,SL,1.1077,1.0844383,0.9913915,1.1464695,-0.7290685977379104,-0.7692471691664817,0.04017857142857129,14,2.86,31.35,0.42944785276074,0.0087038970179649,1.3017548381228716,base,adaptive disabled,1.25,84.5,90,100,70,80,OFF_HOURS,bearish,bearish,FVG,BOS bearish | Vol 2.9x | FVG | ChoCH | Engulfing | StrongTrend1h | Zone:FVG | MTF 14 | Risk x1.25,BOS+2 | 1h+2 | 4h+2 | Vol+2 | BTCok+1 | FVG+1 | ChoCH+1 | Engulfing+1 | Zone:FVG+1 | Sess:OFF_HOURS | Strong1h+1 | QualityRisk:1.15 | TrendPairRisk:1.25,0,0,0.525,range,1.104,0.3267,0.628,-0.1805,1.919,1.0,-0.5,0.703125,9381,0,5,1.371,2.044,1,0.979,0
SOLUSDT,9411,9422,1714653000,1714663800,LONG,TRAIL,136.81,139.68301,151.17505,132.02165,1.4042991954677413,1.2988304454677415,0.10546874999999983,15,1.94,67.77,0.4822190611664316,0.01193800958323511,1.607651957210232,base,adaptive disabled,1.15,75.8,65,100,70,80,OVERLAP,bullish,neutral,FVG,BOS bullish | Vol 1.9x | FVG | ChoCH | Engulfing | Session:OVERLAP | StrongTrend1h | Zone:FVG | MTF 15 | Risk x1.15,BOS+2 | BodyStrong+1 | 1h+2 | 4hN+1 | Vol+1 | RSI+1 | BTC+2 | FVG+1 | ChoCH+1 | Engulfing+1 | Zone:FVG+1 | Sess:OVERLAP | Strong1h+1 | QualityRisk:1.15,0,0,0.5,bull,0.3759,1.2287,1.926,0.2737,1.192,1.0,0.2775,1.845703125,9410,3,6,2.389,0.284,1,1.09,1
XRPUSDT,9414,9420,1714655700,1714662000,LONG,TRAIL,0.5144,0.51810368,0.5329184,0.5082272,1.7456071743189783,1.4539405076523104,0.2916666666666677,18,1.71,57.13,0.15151515151514744,0.004572556631094065,1.0190837085026052,base,adaptive disabled,1.15,83.1,90,78,80,80,OVERLAP,bullish,bullish,OB,BOS bullish | Vol 1.7x | FVG | OB | ChoCH | Session:OVERLAP | StrongTrend1h | Zone:OB | MTF 18 | Risk x1.15,BOS+2 | BodyStrong+1 | 1h+2 | 4h+2 | Vol+1 | RSI+1 | BTC+2 | FVG+1 | OB+1 | ChoCH+1 | Zone:OB+1 | Sess:OVERLAP | Strong1h+1 | NestedOB_1h+2 | QualityRisk:1.15,0,0,0.475,range,0.2754,2.025,1.25,0.0976,1.046,1.0,0.1059,1.75,9410,7,5,0.562,0.468,1,1.358,1
DOTUSDT,9433,9436,1714672800,1714676400,LONG,TRAIL,7.127,7.276667,7.875335,6.877555,0.4026895862295284,0.3785824433723855,0.024107142857142886,14,1.84,69.71,0.5024390243902382,0.006974535404682525,1.1800573683653586,base,adaptive disabled,1.25,78.5,90,100,50,80,OFF_HOURS,bullish,bullish,FVG,BOS bullish | Vol 1.8x | FVG | ChoCH | Engulfing | StrongTrend1h | Zone:FVG | MTF 14 | Risk x1.25,BOS+2 | 1h+2 | 4h+2 | Vol+1 | BTC+2 | FVG+1 | ChoCH+1 | Engulfing+1 | Zone:FVG+1 | Sess:OFF_HOURS | Strong1h+1 | QualityRisk:1.15 | RelStrengthRisk:1.25,0,0,0.325,range,0.0882,1.7105,3.029,0.1127,1.795,1.0,0.2215,0.421875,9433,0,3,1.602,-1.0,0,1.112,2
SUIUSDT,9444,9488,1714682700,1714723200,SHORT,TRAIL,1.1176,1.0954508,1.00685399,1.15451534,1.0755074286199955,0.996036401128443,0.07947102749155235,13,1.84,35.0,0.6198347107438147,0.006895323529105556,1.0136125588680611,base,adaptive disabled,1.15,68.0,60,100,50,80,DEAD_ZONE,neutral,bearish,FVG,BOS bearish | Vol 1.8x | FVG | LiqSweep | ChoCH | Zone:FVG | MTF 13 | Risk x1.15,BOS+2 | 1hN+1 | 4h+2 | Vol+1 | RSI+1 | BTC+2 | FVG+1 | LiqSweep+1 | ChoCH+1 | Zone:FVG+1 | Sess:DEAD_ZONE | QualityRisk:1.15,0,0,0.65,bear,0.7504,1.079,1.049,-0.0434,1.315,1.0,-0.3131,1.3125,9443,0,6,1.078,1.357,1,1.144,4
SOLUSDT,9450,9467,1714688100,1714704300,LONG,TRAIL,138.99,141.75256715,152.80283577,134.38572141,0.1717346920676003,0.137774160152871,0.03396053191472929,16,1.52,59.07,0.19269776876267958,0.010015208414125237,1.255239454571282,base,adaptive disabled,1.15,75.1,90,83,50,80,DEAD_ZONE,bullish,bullish,FVG,BOS bullish | Vol 1.5x | FVG | LiqSweep | ChoCH | Engulfing | StrongTrend1h | Zone:FVG | MTF 16 | Risk x1.15,BOS+2 | 1h+2 | 4h+2 | Vol+1 | RSI+1 | BTC+2 | FVG+1 | LiqSweep+1 | ChoCH+1 | Engulfing+1 | Zone:FVG+1 | Sess:DEAD_ZONE | Strong1h+1 | QualityRisk:1.15,0,1,0.5,bear,0.4908,1.0172,0.0,-0.1956,1.683,1.0,-0.2396,0.5625,9450,0,1,0.387,0.626,1,0.568,0
ADAUSDT,9463,9492,1714699800,1714726800,LONG,SL,0.4589,0.46404038,0.48460192,0.45033269,-0.5777776221474406,-0.6380372018755,0.06025957972805936,14,1.73,62.78,0.1250000000000036,0.005575351616265709,1.2853973154088256,base,adaptive disabled,1.0,73.5,90,75,50,80,OFF_HOURS,bullish,bullish,FVG,BOS bullish | Vol 1.7x | FVG | ChoCH | StrongTrend1h | Zone:FVG | MTF 14,BOS+2 | 1h+2 | 4h+2 | Vol+1 | RSI+1 | BTC+2 | FVG+1 | ChoCH+1 | Zone:FVG+1 | Sess:OFF_HOURS | Strong1h+1,0,0,0.525,bull,1.0505,0.8171,0.255,-0.0806,1.887,1.0,0.3082,0.5625,9463,1,2,0.29,0.919,1,1.209,0
SOLUSDT,9466,9509,1714702500,1714742100,LONG,TRAIL,139.65,142.34785799,153.13928993,135.15357002,0.5902294076130686,0.5465541333680555,0.04367527424501321,15,1.84,57.47,0.2687704026115334,0.013031202956199759,1.7499766921386908,base,adaptive disabled,1.15,82.9,90,92,70,80,OFF_HOURS,bullish,bullish,FVG,BOS bullish | Vol 1.8x | FVG | ChoCH | StrongTrend1h | Zone:FVG | MTF 15 | Risk x1.15,BOS+2 | BodyStrong+1 | 1h+2 | 4h+2 | Vol+1 | RSI+1 | BTC+2 | FVG+1 | ChoCH+1 | Zone:FVG+1 | Sess:OFF_HOURS | Strong1h+1 | QualityRisk:1.15,0,0,0.425,bull,0.8362,1.0935,3.012,-0.1107,1.194,1.0,0.1624,0.703125,9466,3,1,0.666,0.345,1,0.948,0
SUIUSDT,9478,9483,1714713300,1714718700,SHORT,TRAIL,1.1257,1.10973972,1.0458986,1.15230047,0.7053325866038644,0.6220174468713711,0.08331513973249348,14,1.41,39.53,0.3544303797468378,0.007942054864819708,1.2035432873247212,base,adaptive disabled,1.15,74.0,60,100,70,80,OFF_HOURS,neutral,bearish,FVG,BOS bearish | Vol 1.4x | FVG | LiqSweep | ChoCH | Zone:FVG | MTF 14 | Risk x1.15,BOS+2 | BodyStrong+1 | 1hN+1 | 4h+2 | Vol+1 | RSI+1 | BTC+2 | FVG+1 | LiqSweep+1 | ChoCH+1 | Zone:FVG+1 | Sess:OFF_HOURS | QualityRisk:1.15,0,1,0.5,bull,0.0376,1.0401,0.0,-0.1542,1.473,1.0,-0.0404,0.984375,9477,1,2,1.386,1.428,1,1.171,0
XRPUSDT,9491,9521,1714725000,1714752900,LONG,TRAIL,0.5222,0.52657734,0.5440867,0.51490443,1.2737409418435512,1.0053246289303737,0.26841631291317775,18,4.94,59.37,0.36283185840707616,0.007655078941130592,2.3474074428098843,base,adaptive disabled,1.15,82.5,90,90,70,80,LONDON,bullish,bullish,FVG,BOS bullish | Vol 4.9x | FVG | LiqSweep | ChoCH | Session:LONDON | StrongTrend1h | Zone:FVG | MTF 18 | Risk x1.15,BOS+2 | 1h+2 | 4h+2 | Vol+2 | RSI+1 | BTC+2 | FVG+1 | LiqSweep+1 | ChoCH+1 | Zone:FVG+1 | Sess:LONDON | Strong1h+1 | NestedOB_1h+2 | QualityRisk:1.15,0,1,0.475,bear,1.0691,1.2793,0.0,-0.0865,3.387,1.0,0.4129,1.875,9491,0,1,0.455,0.729,1,1.731,0
DOTUSDT,9539,9564,1714768200,1714791600,LONG,SL,7.314,7.40235841,7.75579203,7.16673599,-0.5805899214614637,-0.6364640620610577,0.055874140599593974,15,2.06,68.32,0.41414141414141703,0.006820773700478438,1.5440526464671198,base,adaptive disabled,1.0,84.5,90,100,70,80,DEAD_ZONE,bullish,bullish,FVG,BOS bullish | Vol 2.1x | FVG | ChoCH | BullWick | StrongTrend1h | Zone:FVG | MTF 15,BOS+2 | 1h+2 | 4h+2 | Vol+2 | BTC+2 | FVG+1 | ChoCH+1 | BullWick+1 | Zone:FVG+1 | Sess:DEAD_ZONE | Strong1h+1,0,0,0.5,range,1.1748,0.8375,6.308,0.1594,1.276,1.0,0.2907,0.5625,9539,0,1,0.939,0.832,1,2.066,6
ADAUSDT,9540,9598,1714769100,1714822200,LONG,TRAIL,0.47,0.47529647,0.49648233,0.46117256,0.11754041476630192,0.07261657501208081,0.044923839754221116,13,1.72,68.88,0.4727272727272707,0.00666129816111937,1.5477526280691492,base,adaptive disabled,1.0,78.5,90,100,50,80,DEAD_ZONE,bullish,bullish,FVG,BOS bullish | Vol 1.7x | FVG | ChoCH | StrongTrend1h | Zone:FVG | MTF 13,BOS+2 | 1h+2 | 4h+2 | Vol+1 | BTC+2 | FVG+1 | ChoCH+1 | Zone:FVG+1 | Sess:DEAD_ZONE | Strong1h+1,0,1,0.5,bear,0.6004,1.1328,0.0,0.1204,0.971,1.0,0.4489,0.421875,9540,0,2,1.184,3.699,0,1.381,0
AVAXUSDT,9540,9597,1714769100,1714821300,LONG,TRAIL,35.61,36.07128938,37.91644692,34.84118436,0.7660064841773773,0.6965294896667036,0.06947699451067361,15,1.6,66.78,0.26099158091674896,0.0075185630262310475,1.624587964672756,base,adaptive disabled,1.0,82.7,90,91,70,80,DEAD_ZONE,bullish,bullish,FVG,BOS bullish | Vol 1.6x | FVG | ChoCH | StrongTrend1h | Zone:FVG | MTF 15,BOS+2 | BodyStrong+1 | 1h+2 | 4h+2 | Vol+1 | RSI+1 | BTC+2 | FVG+1 | ChoCH+1 | Zone:FVG+1 | Sess:DEAD_ZONE | Strong1h+1,0,0,0.475,bull,0.5671,1.5218,1.026,0.1987,0.924,-1.0,-0.0056,0.75,9540,1,2,0.863,1.366,1,0.922,0
SOLUSDT,9540,9597,1714769100,1714821300,LONG,TRAIL,144.05,146.390089,155.75044501,140.14985166,0.5506446002023396,0.5194811220716592,0.031163478130680416,14,1.69,62.88,0.38565022421525064,0.00901514834227212,1.4323603133592846,base,adaptive disabled,1.15,78.5,90,100,50,80,DEAD_ZONE,bullish,bullish,FVG,BOS bullish | Vol 1.7x | FVG | ChoCH | StrongTrend1h | Zone:FVG | MTF 14 | Risk x1.15,BOS+2 | 1h+2 | 4h+2 | Vol+1 | RSI+1 | BTC+2 | FVG+1 | ChoCH+1 | Zone:FVG+1 | Sess:DEAD_ZONE | Strong1h+1 | QualityRisk:1.15,0,1,0.375,bear,0.4641,2.1153,10.0,0.2645,1.051,1.0,0.1626,0.421875,9540,1,3,1.113,0.134,1,0.825,0
XLMUSDT,9541,9650,1714770000,1714869000,LONG,SL,0.112,0.11300713,0.11703565,0.11032145,-0.8489470078341417,-0.9490333919156406,0.10008638408149886,15,2.82,64.16,0.42857142857142666,0.004456603383983719,1.2322508367856566,base,adaptive disabled,1.0,84.5,90,100,70,80,DEAD_ZONE,bullish,bullish,FVG,BOS bullish | Vol 2.8x | FVG | ChoCH | BullWick | StrongTrend1h | Zone:FVG | MTF 15,BOS+2 | 1h+2 | 4h+2 | Vol+2 | RSI+1 | BTCok+1 | FVG+1 | ChoCH+1 | BullWick+1 | Zone:FVG+1 | Sess:DEAD_ZONE | Strong1h+1,0,0,0.425,range,1.2511,0.4965,9.0,0.3568,2.673,1.0,0.2411,0.75,9541,1,3,0.792,2.377,1,0.792,0
XRPUSDT,9541,9605,1714770000,1714828500,LONG,TRAIL,0.5325,0.53827156,0.56135779,0.52288074,0.36663032980961874,0.3199222800220053,0.04670804978761351,15,1.47,70.54,0.6173913043478281,0.006550487438563869,1.9072835928924041,base,adaptive disabled,1.0,82.5,90,90,70,80,DEAD_ZONE,bullish,bullish,FVG,BOS bullish | Vol 1.5x | FVG | ChoCH | Engulfing | StrongTrend1h | Zone:FVG | MTF 15,BOS+2 | BodyStrong+1 | 1h+2 | 4h+2 | Vol+1 | BTC+2 | FVG+1 | ChoCH+1 | Engulfing+1 | Zone:FVG+1 | Sess:DEAD_ZONE | Strong1h+1,0,0,0.4,bull,0.551,1.1089,10.0,0.3344,0.899,1.0,0.4255,0.421875,9540,1,5,2.724,0.941,1,1.09,0
BTCUSDT,9579,9596,1714804200,1714820400,LONG,TRAIL,62937.7,63390.85144,65203.4572,62182.4476,0.4349605346668605,0.3998042846668604,0.03515625000000012,15,1.32,65.14,0.5441562226756057,0.004098108908602498,1.1475671135244143,base,adaptive disabled,1.15,78.5,90,100,50,80,OFF_HOURS,bullish,bullish,FVG,BOS bullish | Vol 1.3x | FVG | ChoCH | BullWick | StrongTrend1h | Zone:FVG | MTF 15 | Risk x1.15,BOS+2 | 1h+2 | 4h+2 | Vol+1 | RSI+1 | BTC+2 | FVG+1 | ChoCH+1 | BullWick+1 | Zone:FVG+1 | Sess:OFF_HOURS | Strong1h+1 | QualityRisk:1.15,0,1,0.5,bear,0.0957,2.0816,0.0,0.0323,0.961,1.0,0.2076,0.2109375,9576,3,4,2.017,1.031,1,0.754,0
AVAXUSDT,9597,9621,1714820400,1714842900,LONG,TRAIL,35.951,36.43721922,38.38209611,35.14063463,1.4963788274820358,1.357741517499256,0.13863730998277984,17,2.8,59.71,0.25,0.012401664704013873,3.2677008532424012,base,adaptive disabled,1.15,84.5,90,70,90,80,OVERLAP,bullish,bullish,FVG,BOS bullish | Vol 2.8x | FVG | LiqSweep | ChoCH | Engulfing | Session:OVERLAP | StrongTrend1h | Zone:FVG | MTF 17 | Risk x1.15,BOS+2 | BodyStrong+1 | 1h+2 | 4h+2 | Vol+2 | RSI+1 | BTCok+1 | FVG+1 | LiqSweep+1 | ChoCH+1 | Engulfing+1 | Zone:FVG+1 | Sess:OVERLAP | Strong1h+1 | QualityRisk:1.15,0,1,0.525,bear,0.4282,1.3924,0.0,0.2167,1.228,-1.0,-0.0151,1.5625,9597,0,2,1.151,-1.0,0,0.565,0
ADAUSDT,9598,9646,1714821300,1714865400,LONG,SL,0.4707,0.47540489,0.49422446,0.46285851,-0.980362150560669,-1.0929125076994268,0.11255035713875798,16,8.4,58.84,0.22666666666666824,0.009384885736385068,2.9149455103468584,base,adaptive disabled,1.15,85.9,90,77,90,80,OVERLAP,bullish,bullish,FVG,BOS bullish | Vol 8.4x | FVG | ChoCH | Engulfing | Session:OVERLAP | StrongTrend1h | Zone:FVG | MTF 16 | Risk x1.15,BOS+2 | BodyStrong+1 | 1h+2 | 4h+2 | Vol+2 | RSI+1 | BTCok+1 | FVG+1 | ChoCH+1 | Engulfing+1 | Zone:FVG+1 | Sess:OVERLAP | Strong1h+1 | QualityRisk:1.15,0,0,0.4,bull,1.0712,0.2125,2.0,0.0999,3.234,-1.0,-0.0434,0.9375,9597,0,2,1.127,1.127,1,0.588,1
LINKUSDT,9599,9618,1714822200,1714840200,LONG,TRAIL,14.193,14.31555228,14.80576142,13.98874619,1.1283864751406467,0.9329540741489581,0.1954324009916886,15,3.48,71.89,0.5789473684210448,0.0064240474611530415,1.8956293383419585,base,adaptive disabled,1.0,88.5,90,90,90,80,LONDON,bullish,bullish,FVG,BOS bullish | Vol 3.5x | FVG | ChoCH | Session:LONDON | StrongTrend1h | Zone:FVG | MTF 15,BOS+2 | BodyStrong+1 | 1h+2 | 4h+2 | Vol+2 | BTC+2 | FVG+1 | ChoCH+1 | Zone:FVG+1 | Sess:LONDON | Strong1h+1,0,0,0.425,bull,0.3133,1.4035,1.919,0.205,1.334,1.0,0.5472,1.40625,9596,0,1,1.973,2.063,1,2.66,2
AAVEUSDT,9603,9774,1714825800,1714980600,LONG,TRAIL,89.61,90.91096926,96.11484629,87.4417179,0.5925316491539343,0.530540176734363,0.061991472419571265,16,8.16,63.05,0.38095238095238687,0.004394987396473193,1.303406762215544,base,adaptive disabled,1.15,90.5,90,100,90,80,OVERLAP,bullish,bullish,FVG,BOS bullish | Vol 8.2x | FVG | ChoCH | BullWick | Session:OVERLAP | StrongTrend1h | Zone:FVG | MTF 16 | Risk x1.15,BOS+2 | BodyStrong+1 | 1h+2 | 4h+2 | Vol+2 | RSI+1 | BTCok+1 | FVG+1 | ChoCH+1 | BullWick+1 | Zone:FVG+1 | Sess:OVERLAP | Strong1h+1 | QualityRisk:1.15,0,0,0.475,range,1.07,1.0915,4.364,0.0941,5.683,-1.0,-0.3329,0.75,9599,2,4,2.555,0.804,1,0.689,2
LINKUSDT,9620,9714,1714841100,1714926600,LONG,TRAIL,14.416,14.63013734,15.48668669,14.05910444,0.6504058447511293,0.5746694024148895,0.07573644233623979,15,2.19,66.23,0.49168646080759715,0.005594782543772818,1.4962348636980531,base,adaptive disabled,1.15,84.5,90,100,70,80,NEW_YORK,bullish,bullish,FVG,BOS bullish | Vol 2.2x | FVG | ChoCH | Session:NEW_YORK | StrongTrend1h | Zone:FVG | MTF 15 | Risk x1.15,BOS+2 | 1h+2 | 4h+2 | Vol+2 | RSI+1 | BTC+2 | FVG+1 | ChoCH+1 | Zone:FVG+1 | Sess:NEW_YORK | Strong1h+1 | RelStrengthRisk:1.15,0,0,0.55,bull,0.8574,1.1535,4.929,0.1077,2.217,1.0,0.0864,0.9375,9620,0,3,1.86,0.043,1,1.102,0
AVAXUSDT,9621,9627,1714842000,1714848300,LONG,TRAIL,36.37,36.9554817,39.29740849,35.39419717,0.8053399041207558,0.7494320933184444,0.055907810802311414,15,3.13,68.9,0.6286019210245466,0.006195351528824695,1.4165512415530082,base,adaptive disabled,1.15,90.5,90,100,90,80,NEW_YORK,bullish,bullish,FVG,BOS bullish | Vol 3.1x | FVG | ChoCH | Session:NEW_YORK | StrongTrend1h | Zone:FVG | MTF 15 | Risk x1.15,BOS+2 | BodyStrong+1 | 1h+2 | 4h+2 | Vol+2 | BTC+2 | FVG+1 | ChoCH+1 | Zone:FVG+1 | Sess:NEW_YORK | Strong1h+1 | RelStrengthRisk:1.15,0,0,0.575,range,0.2183,1.0145,2.975,0.2804,2.546,1.0,0.5456,0.75,9620,0,1,1.506,-1.0,0,2.116,0
SUIUSDT,9625,9656,1714845600,1714874400,SHORT,TRAIL,1.0849,1.0674177,0.99748851,1.11403716,0.5397555059706763,0.4839041464009724,0.05585135956970391,14,1.64,33.72,0.5698924731182781,0.006685565938032681,1.278116000586442,base,adaptive disabled,1.25,78.5,90,100,50,80,OFF_HOURS,bearish,bearish,FVG,BOS bearish | Vol 1.6x | FVG | ChoCH | StrongTrend1h | Zone:FVG | MTF 14 | Risk x1.25,BOS+2 | 1h+2 | 4h+2 | Vol+1 | RSI+1 | BTC+2 | FVG+1 | ChoCH+1 | Zone:FVG+1 | Sess:OFF_HOURS | Strong1h+1 | QualityRisk:1.15 | TrendPairRisk:1.25,0,0,0.55,range,0.3157,1.5387,0.721,0.029,1.851,1.0,-0.3713,0.75,9624,1,2,0.887,0.413,1,0.658,0
ETHUSDT,9634,9650,1714853700,1714869000,LONG,SL,3137.11,3159.697192,3250.04596,3099.46468,-0.8335697505028525,-0.9585697505028522,0.12499999999999975,14,1.6,62.94,0.45800043187215367,0.00364721286656965,1.2184031431797624,base,adaptive disabled,1.0,84.5,90,100,70,80,DEAD_ZONE,bullish,bullish,FVG,BOS bullish | Vol 1.6x | FVG | ChoCH | StrongTrend1h | Zone:FVG | MTF 14,BOS+2 | BodyStrong+1 | 1h+2 | 4h+2 | Vol+1 | RSI+1 | BTCok+1 | FVG+1 | ChoCH+1 | Zone:FVG+1 | Sess:DEAD_ZONE | Strong1h+1,0,0,0.65,range,1.4047,0.1824,0.0,0.2073,1.541,1.0,0.205,0.75,9633,0,1,1.176,2.657,0,1.307,0
AVAXUSDT,9638,9774,1714857300,1714980600,LONG,TRAIL,37.212,37.993452,41.11926,35.90958,0.7253497155730392,0.653921144144468,0.07142857142857116,15,2.29,67.82,0.39845474613686505,0.007059187445277615,1.272316721811156,base,adaptive disabled,1.0,84.5,90,100,70,80,DEAD_ZONE,bullish,bullish,FVG,BOS bullish | Vol 2.3x | FVG | ChoCH | BullWick | StrongTrend1h | Zone:FVG | MTF 15,BOS+2 | 1h+2 | 4h+2 | Vol+2 | RSI+1 | BTCok+1 | FVG+1 | ChoCH+1 | BullWick+1 | Zone:FVG+1 | Sess:DEAD_ZONE | Strong1h+1,0,0,0.675,bull,0.4307,1.1351,1.218,0.1162,1.561,1.0,0.1684,1.25,9635,3,1,0.214,-1.0,0,2.194,0
AVAXUSDT,9653,9660,1714870800,1714878000,LONG,TRAIL,37.246,37.61832299,39.10761497,36.62546168,0.3058991060038921,0.22149305755872936,0.08440604844516271,16,2.34,53.33,0.2361733931240687,0.009197603234697167,1.7021909158880035,base,adaptive disabled,1.25,91.1,90,88,100,80,OFF_HOURS,bullish,bullish,OB,BOS bullish | Vol 2.3x | FVG | OB | ChoCH | StrongTrend1h | Zone:OB | MTF 16 | Risk x1.25,BOS+2 | BodyStrong+1 | 1h+2 | 4h+2 | Vol+2 | RSI+1 | BTCok+1 | FVG+1 | OB+1 | ChoCH+1 | Zone:OB+1 | Sess:OFF_HOURS | Strong1h+1 | QualityRisk:1.15 | RelStrengthRisk:1.25,0,0,0.6,bull,0.7832,1.0179,0.0,0.0409,1.077,1.0,-0.0557,0.703125,9651,22,1,1.709,1.709,0,1.38,0
NEARUSDT,9681,9698,1714896000,1714912200,LONG,TRAIL,6.969,7.115349,7.700745,6.725085,1.2825524038911944,1.1754095467483374,0.10714285714285701,17,2.06,62.15,0.21967213114754303,0.012575431525714756,2.1203404424030428,base,adaptive disabled,1.15,88.7,90,76,100,80,LONDON,bullish,bullish,OB,BOS bullish | Vol 2.1x | FVG | OB | ChoCH | Session:LONDON | StrongTrend1h | Zone:OB | MTF 17 | Risk x1.15,BOS+2 | BodyStrong+1 | 1h+2 | 4h+2 | Vol+2 | RSI+1 | BTC+2 | FVG+1 | OB+1 | ChoCH+1 | Zone:OB+1 | Sess:LONDON | Strong1h+1 | QualityRisk:1.15,0,0,0.45,bull,0.1312,1.1616,0.424,0.1045,1.752,1.0,0.3393,1.875,9680,4,1,0.19,0.087,1,1.177,1
BTCUSDT,9682,9713,1714896900,1714925700,LONG,TRAIL,63650.0,64539.1,66130.93052305,62823.02315898,0.444193486967344,0.37925250574982844,0.06494098121751553,18,4.31,66.95,0.4519897426156338,0.0037937963696913317,1.4734894981928373,base,adaptive disabled,1.0,90.5,90,100,90,80,LONDON,bullish,bullish,FVG,BOS bullish | Vol 4.3x | FVG | LiqSweep | ChoCH | Engulfing | Session:LONDON | StrongTrend1h | Zone:FVG | MTF 18,BOS+2 | BodyStrong+1 | 1h+2 | 4h+2 | Vol+2 | RSI+1 | BTC+2 | FVG+1 | LiqSweep+1 | ChoCH+1 | Engulfing+1 | Zone:FVG+1 | Sess:LONDON | Strong1h+1,0,0,0.55,bull,0.1311,1.1427,3.125,0.2856,2.69,1.0,0.4735,0.421875,9679,0,1,2.364,1.53,1,1.718,1
AAVEUSDT,9684,9710,1714898700,1714923000,LONG,TRAIL,88.8,89.7072691,93.33634549,87.28788484,1.8784476808094348,1.6472152923979586,0.23123238841147625,16,2.82,62.49,0.5434782608695642,0.006410570130144758,1.911204641469312,base,adaptive disabled,1.25,72.0,60,90,70,80,LONDON,neutral,bullish,FVG,BOS bullish | Vol 2.8x | FVG | LiqSweep | ChoCH | Engulfing | Session:LONDON | Zone:FVG | MTF 16 | Risk x1.25,BOS+2 | 1hN+1 | 4h+2 | Vol+2 | RSI+1 | BTCok+1 | FVG+1 | LiqSweep+1 | ChoCH+1 | Engulfing+1 | Zone:FVG+1 | Sess:LONDON | NestedOB_1h+2 | QualityRisk:1.15 | RelStrengthRisk:1.25,0,0,0.55,bull,0.41,1.2235,0.0,0.1014,1.416,1.0,0.2594,1.96875,9684,0,5,1.491,1.657,1,1.049,3
BTCUSDT,9706,9711,1714918500,1714923900,LONG,TRAIL,63784.0,64243.2448,66080.224,63018.592,0.2524278361684557,0.20555283616845593,0.04687499999999981,16,2.96,70.1,0.5584566965846903,0.005927106361318268,2.2969142483236817,base,adaptive disabled,1.0,88.5,90,90,90,80,NEW_YORK,bullish,bullish,FVG,BOS bullish | Vol 3.0x | FVG | ChoCH | BullWick | Session:NEW_YORK | StrongTrend1h | Zone:FVG | MTF 16,BOS+2 | BodyStrong+1 | 1h+2 | 4h+2 | Vol+2 | BTC+2 | FVG+1 | ChoCH+1 | BullWick+1 | Zone:FVG+1 | Sess:NEW_YORK | Strong1h+1,0,0,0.475,bull,0.0549,1.5127,0.0,0.1288,1.335,1.0,0.404,0.28125,9703,1,1,1.217,0.099,1,1.522,1
XRPUSDT,9715,9764,1714926600,1714971600,LONG,TRAIL,0.5307,0.53452104,0.5498052,0.5243316,1.11878395620768,0.8271172895410106,0.29166666666666935,13,1.47,60.8,0.4814814814814703,0.0033259754709550706,1.591932805264053,base,adaptive disabled,1.0,74.0,60,100,70,80,NEW_YORK,neutral,bullish,FVG,BOS bullish | Vol 1.5x | FVG | ChoCH | Session:NEW_YORK | Zone:FVG | MTF 13,BOS+2 | BodyStrong+1 | 1hN+1 | 4h+2 | Vol+1 | RSI+1 | BTC+2 | FVG+1 | ChoCH+1 | Zone:FVG+1 | Sess:NEW_YORK,0,0,0.375,range,0.4868,1.23,0.0,0.2621,1.617,1.0,0.1902,1.75,9711,0,3,1.187,0.768,1,0.698,0
XRPUSDT,9746,9764,1714954500,1714971600,LONG,TRAIL,0.5309,0.53472248,0.5500124,0.5245292,0.5990486535406617,0.43498615354066195,0.16406249999999978,17,2.27,59.5,0.37254901960783804,0.0028258790043407447,1.3605322918013272,base,adaptive disabled,1.15,74.0,60,100,70,80,OFF_HOURS,neutral,bullish,FVG,BOS bullish | Vol 2.3x | FVG | LiqSweep | ChoCH | Engulfing | Zone:FVG | MTF 17 | Risk x1.15,BOS+2 | 1hN+1 | 4h+2 | Vol+2 | RSI+1 | BTC+2 | FVG+1 | LiqSweep+1 | ChoCH+1 | Engulfing+1 | Zone:FVG+1 | Sess:OFF_HOURS | NestedOB_1h+2 | QualityRisk:1.15,0,0,0.35,range,0.3924,1.1772,0.0,0.0306,1.371,1.0,0.0247,0.984375,9746,0,4,1.217,0.956,1,1.13,0
AVAXUSDT,9750,9765,1714958100,1714972500,LONG,TRAIL,37.356,37.67584279,38.95521397,36.82292868,0.277109130857564,0.17199374029406586,0.10511539056349814,16,2.37,58.72,0.16037735849057086,0.003827804042512111,0.8795915634996265,base,adaptive disabled,1.15,89.3,90,79,100,80,OFF_HOURS,bullish,bullish,OB,BOS bullish | Vol 2.4x | FVG | OB | ChoCH | StrongTrend1h | Zone:OB | MTF 16 | Risk x1.15,BOS+2 | BodyStrong+1 | 1h+2 | 4h+2 | Vol+2 | RSI+1 | BTCok+1 | FVG+1 | OB+1 | ChoCH+1 | Zone:OB+1 | Sess:OFF_HOURS | Strong1h+1 | QualityRisk:1.15,0,0,0.525,bull,0.6735,1.2506,0.498,-0.0334,3.165,1.0,0.1652,0.75,9750,5,1,0.164,1.013,1,1.322,0
LINKUSDT,9750,9766,1714958100,1714973400,LONG,TRAIL,14.37,14.473464,14.665,14.19756,1.2455966496373312,1.0893466496373312,0.15625000000000006,15,1.75,54.39,0.171717171717169,0.003129472180598534,1.0106108828615759,base,adaptive disabled,1.15,80.5,90,80,70,80,OFF_HOURS,bullish,bullish,FVG,BOS bullish | Vol 1.8x | FVG | ChoCH | StrongTrend1h | Zone:FVG | MTF 15 | Risk x1.15,BOS+2 | BodyStrong+1 | 1h+2 | 4h+2 | Vol+1 | RSI+1 | BTC+2 | FVG+1 | ChoCH+1 | Zone:FVG+1 | Sess:OFF_HOURS | Strong1h+1 | QualityRisk:1.15,0,1,0.5,bear,0.5683,1.1985,0.0,-0.0769,1.079,-1.0,-0.0502,0.9375,9746,3,4,0.27,0.719,1,1.461,0
DOTUSDT,9770,9780,1714976100,1714986000,LONG,TRAIL,7.36,7.4623181,7.87159052,7.18946983,0.19630266401655191,0.1598868204153874,0.0364158436011645,15,1.98,68.05,0.8333333333333343,0.005296235007809653,1.133082748451096,base,adaptive disabled,1.15,78.5,90,100,50,80,OFF_HOURS,bullish,bullish,FVG,BOS bullish | Vol 2.0x | FVG | MACD_Div | ChoCH | Engulfing | StrongTrend1h | Zone:FVG | MTF 15 | Risk x1.15,BOS+2 | 1h+2 | 4h+2 | Vol+1 | BTC+2 | FVG+1 | MACD_Div+1 | ChoCH+1 | Engulfing+1 | Zone:FVG+1 | Sess:OFF_HOURS | Strong1h+1 | QualityRisk:1.15,0,0,0.4,range,0.0117,1.036,0.0,0.1468,2.079,-1.0,-0.0123,0.421875,9770,0,1,1.353,0.184,1,1.26,2
SOLUSDT,9772,9779,1714977900,1714985100,LONG,TRAIL,148.16,150.26765179,158.69825896,144.64724701,1.0608258079951522,1.013375844825382,0.047449963169770216,16,1.75,65.24,0.6126482213438618,0.006340713753899672,1.5600305229096696,base,adaptive disabled,1.25,78.5,90,100,50,80,OFF_HOURS,bullish,bullish,FVG,BOS bullish | Vol 1.8x | FVG | ChoCH | Engulfing | BullWick | StrongTrend1h | Zone:FVG | MTF 16 | Risk x1.25,BOS+2 | 1h+2 | 4h+2 | Vol+1 | RSI+1 | BTC+2 | FVG+1 | ChoCH+1 | Engulfing+1 | BullWick+1 | Zone:FVG+1 | Sess:OFF_HOURS | Strong1h+1 | QualityRisk:1.15 | RelStrengthRisk:1.25,0,0,0.425,range,0.1566,3.1457,0.0,0.0356,2.724,1.0,0.173,0.5625,9767,0,1,0.551,0.826,1,1.98,0
SUIUSDT,9779,9795,1714984200,1714999500,LONG,SL,1.1434,1.1674114,1.263457,1.103381,-1.2678352782428315,-1.3321209925285458,0.06428571428571424,15,2.08,68.96,0.5216284987277389,0.0076088572567988245,1.2269825817479325,base,adaptive disabled,1.15,90.5,90,100,90,80,LONDON,bullish,bullish,FVG,BOS bullish | Vol 2.1x | FVG | ChoCH | Session:LONDON | StrongTrend1h | Zone:FVG | MTF 15 | Risk x1.15,BOS+2 | BodyStrong+1 | 1h+2 | 4h+2 | Vol+2 | BTC+2 | FVG+1 | ChoCH+1 | Zone:FVG+1 | Sess:LONDON | Strong1h+1 | QualityRisk:1.15,0,0,0.575,range,1.5093,0.279,0.895,0.1918,2.052,1.0,0.4332,1.125,9779,0,4,1.668,0.89,1,1.816,2
XRPUSDT,9814,9836,1715015700,1715036400,LONG,SL,0.5612,0.5729852,0.620126,0.541558,-0.9498141737093972,-1.0033856022808256,0.053571428571428444,14,3.04,66.81,0.4563662374821174,0.016383195871177945,3.371787735502108,base,adaptive disabled,1.0,80.5,90,80,70,80,OFF_HOURS,bullish,bullish,FVG,BOS bullish | Vol 3.0x | FVG | ChoCH | StrongTrend1h | Zone:FVG | MTF 14,BOS+2 | 1h+2 | 4h+2 | Vol+2 | RSI+1 | BTCok+1 | FVG+1 | ChoCH+1 | Zone:FVG+1 | Sess:OFF_HOURS | Strong1h+1,0,0,0.475,bull,1.0691,0.0424,0.0,0.1134,2.143,1.0,0.1171,0.9375,9814,0,1,0.316,-1.0,0,1.956,0
ADAUSDT,9842,9855,1715040900,1715053500,SHORT,TRAIL,0.4549,0.4493196,0.42699799,0.46420067,0.3252961689921548,0.29434502178985633,0.030951147202298482,14,1.44,32.03,0.666666666666681,0.004043301369208004,0.888756148776549,base,adaptive disabled,1.25,78.5,90,100,50,80,OFF_HOURS,bearish,bearish,FVG,BOS bearish | Vol 1.4x | FVG | ChoCH | BearWick | StrongTrend1h | Zone:FVG | MTF 14 | Risk x1.25,BOS+2 | 1h+2 | 4h+2 | Vol+1 | RSI+1 | BTCok+1 | FVG+1 | ChoCH+1 | BearWick+1 | Zone:FVG+1 | Sess:OFF_HOURS | Strong1h+1 | QualityRisk:1.15 | TrendPairRisk:1.25,0,0,0.525,bear,0.1183,1.6486,10.0,0.0482,0.832,1.0,-0.0515,0.31640625,9841,3,6,1.315,0.474,1,1.21,0
SOLUSDT,9849,9914,1715047200,1715106600,LONG,SL,157.11,160.40931,173.60655,151.61115,-0.5370441092228392,-0.5671780377942678,0.03013392857142855,14,3.13,66.12,0.5978835978836058,0.011351011278502599,1.4641850682783926,base,adaptive disabled,1.15,84.5,90,100,70,80,OFF_HOURS,bullish,bullish,FVG,BOS bullish | Vol 3.1x | FVG | ChoCH | StrongTrend1h | Zone:FVG | MTF 14 | Risk x1.15,BOS+2 | 1h+2 | 4h+2 | Vol+2 | RSI+1 | BTCok+1 | FVG+1 | ChoCH+1 | Zone:FVG+1 | Sess:OFF_HOURS | Strong1h+1 | QualityRisk:1.15,0,0,0.5,bull,1.1366,0.8759,0.0,0.1181,3.633,1.0,0.0977,0.52734375,9849,0,2,1.373,-1.0,0,0.747,0
ADAUSDT,9855,9929,1715052600,1715120100,SHORT,TRAIL,0.4501,0.44455393,0.42236964,0.45934345,0.5751769065271944,0.4895820900625627,0.08559481646463184,16,2.35,36.95,0.27950310559006325,0.011143694141491307,2.4532046679646777,base,adaptive disabled,1.15,87.1,90,83,90,80,OFF_HOURS,bearish,bearish,FVG,BOS bearish | Vol 2.4x | FVG | ChoCH | StrongTrend1h | Zone:FVG | MTF 16 | Risk x1.15,BOS+2 | BodyStrong+1 | 1h+2 | 4h+2 | Vol+2 | RSI+1 | BTC+2 | FVG+1 | ChoCH+1 | Zone:FVG+1 | Sess:OFF_HOURS | Strong1h+1 | TrendPairRisk:1.15,0,0,0.575,range,0.6924,1.154,4.091,-0.1243,1.247,1.0,-0.1937,0.87890625,9855,0,1,0.432,1.415,1,0.472,0
ETHUSDT,9855,9873,1715052600,1715069700,SHORT,SL,3054.8,3019.98066216,2880.7033108,3112.83222973,-1.3476145667477477,-1.4864106887471085,0.13879612199936078,16,4.98,39.06,0.27688399661303953,0.010522604410870216,3.1011936418829458,base,adaptive disabled,1.0,76.3,65,73,90,80,OFF_HOURS,bearish,neutral,FVG,BOS bearish | Vol 5.0x | FVG | MACD_Div | ChoCH | StrongTrend1h | Zone:FVG | MTF 16,BOS+2 | BodyStrong+1 | 1h+2 | 4hN+1 | Vol+2 | RSI+1 | BTC+2 | FVG+1 | MACD_Div+1 | ChoCH+1 | Zone:FVG+1 | Sess:OFF_HOURS | Strong1h+1,0,1,0.525,bull,1.1042,0.3056,10.0,0.0975,2.167,1.0,-0.0315,1.318359375,9855,0,1,0.32,0.491,1,0.693,0
SOLUSDT,9878,9913,1715073300,1715105700,LONG,SL,157.82,161.13422,174.3911,152.2963,-0.7866669985698014,-0.8268455699983729,0.040178571428571494,13,1.49,64.25,0.5594125500667547,0.011569752975327837,1.6425864889294806,base,adaptive disabled,1.15,78.5,90,100,50,80,LONDON,bullish,bullish,FVG,BOS bullish | Vol 1.5x | FVG | ChoCH | Session:LONDON | StrongTrend1h | Zone:FVG | MTF 13 | Risk x1.15,BOS+2 | 1h+2 | 4h+2 | Vol+1 | RSI+1 | BTCok+1 | FVG+1 | ChoCH+1 | Zone:FVG+1 | Sess:LONDON | Strong1h+1 | QualityRisk:1.15,0,0,0.6,bull,1.1224,0.2293,0.0,0.0453,2.149,1.0,0.238,0.703125,9878,1,4,1.81,-1.0,0,0.517,0
ETHUSDT,9888,9916,1715082300,1715108400,SHORT,TRAIL,3072.41,3029.21464099,2856.43320497,3144.40226501,0.7404016325380547,0.6283746495159244,0.11202698302213032,17,1.57,35.99,0.8235212633328748,0.005872123425764146,1.6709645336549817,base,adaptive disabled,1.15,84.5,90,100,70,80,OVERLAP,bearish,bearish,FVG,BOS bearish | Vol 1.6x | FVG | LiqSweep | ChoCH | Engulfing | Session:OVERLAP | StrongTrend1h | Zone:FVG | MTF 17 | Risk x1.15,BOS+2 | BodyStrong+1 | 1h+2 | 4h+2 | Vol+1 | RSI+1 | BTC+2 | FVG+1 | LiqSweep+1 | ChoCH+1 | Engulfing+1 | Zone:FVG+1 | Sess:OVERLAP | Strong1h+1 | TrendPairRisk:1.15,0,1,0.325,bull,0.4916,1.0598,0.0,-0.0197,1.647,-1.0,0.0559,1.3125,9888,0,1,1.814,0.601,1,0.778,3
ETHUSDT,9915,9937,1715106600,1715127300,SHORT,TRAIL,3046.04,3001.09435976,2821.3117988,3120.9494004,0.4209786598957497,0.35998417888799605,0.06099448100775358,14,1.66,31.05,0.7384767556874474,0.0046624747364217255,1.3245521921493013,base,adaptive disabled,1.15,78.5,90,100,50,80,OFF_HOURS,bearish,bearish,FVG,BOS bearish | Vol 1.7x | FVG | ChoCH | Engulfing | StrongTrend1h | Zone:FVG | MTF 14 | Risk x1.15,BOS+2 | 1h+2 | 4h+2 | Vol+1 | BTC+2 | FVG+1 | ChoCH+1 | Engulfing+1 | Zone:FVG+1 | Sess:OFF_HOURS | Strong1h+1 | TrendPairRisk:1.15,0,0,0.525,range,0.2196,1.0243,0.0,-0.0002,1.127,1.0,-0.3795,0.75,9915,0,1,0.622,1.258,1,1.311,4
XLMUSDT,9930,9934,1715120100,1715124600,SHORT,TRAIL,0.109,0.1081534,0.10476699,0.110411,0.8446349454883487,0.6901345911297373,0.1545003543586114,17,2.2,37.48,0.33333333333332305,0.005208911006200052,1.4155215672371004,base,adaptive disabled,1.15,84.3,90,99,70,80,DEAD_ZONE,bearish,bearish,FVG,BOS bearish | Vol 2.2x | FVG | ChoCH | Engulfing | BearWick | StrongTrend1h | Zone:FVG | MTF 17 | Risk x1.15,BOS+2 | 1h+2 | 4h+2 | Vol+2 | RSI+1 | BTC+2 | FVG+1 | ChoCH+1 | Engulfing+1 | BearWick+1 | Zone:FVG+1 | Sess:DEAD_ZONE | Strong1h+1 | TrendPairRisk:1.15,0,0,0.65,range,0.1417,1.4174,2.0,-0.1334,2.266,1.0,-0.2349,1.0,9930,1,1,0.73,2.19,0,0.973,0
ADAUSDT,9934,9940,1715123700,1715130000,SHORT,TRAIL,0.4432,0.43771473,0.41577367,0.45234211,0.11266023535970365,0.08198214244679855,0.030678092912905103,13,1.31,31.93,0.3793103448275862,0.007297096442184026,2.0591494027348856,base,adaptive disabled,1.15,76.5,90,90,50,80,DEAD_ZONE,bearish,bearish,FVG,BOS bearish | Vol 1.3x | FVG | ChoCH | StrongTrend1h | Zone:FVG | MTF 13 | Risk x1.15,BOS+2 | 1h+2 | 4h+2 | Vol+1 | BTC+2 | FVG+1 | ChoCH+1 | Zone:FVG+1 | Sess:DEAD_ZONE | Strong1h+1 | TrendPairRisk:1.15,0,1,0.6,bull,0.0109,1.3308,5.0,-0.1537,1.282,1.0,-0.4941,0.31640625,9934,0,5,1.873,7.493,0,0.847,3
ETHUSDT,9934,9973,1715123700,1715159700,SHORT,TRAIL,3018.0,2982.79875844,2841.99379219,3076.66873594,0.17046810375748322,0.12706445001924302,0.043403653738240205,14,1.4,31.44,0.40352403741570464,0.00652991223185958,1.858144142448319,base,adaptive disabled,1.15,76.5,90,90,50,80,DEAD_ZONE,bearish,bearish,FVG,BOS bearish | Vol 1.4x | FVG | ChoCH | Engulfing | StrongTrend1h | Zone:FVG | MTF 14 | Risk x1.15,BOS+2 | 1h+2 | 4h+2 | Vol+1 | BTC+2 | FVG+1 | ChoCH+1 | Engulfing+1 | Zone:FVG+1 | Sess:DEAD_ZONE | Strong1h+1 | TrendPairRisk:1.15,0,1,0.525,bull,0.3578,1.0048,0.0,-0.0635,1.735,1.0,-0.3363,0.421875,9934,0,1,1.497,3.847,0,0.937,3
SUIUSDT,9939,9963,1715128200,1715150700,SHORT,TRAIL,1.0768,1.0541872,0.963736,1.114488,0.7716513983907616,0.7180799698193329,0.053571428571428645,14,2.43,29.46,0.5973741794310764,0.010941870863209932,1.5615612847630544,base,adaptive disabled,1.25,84.5,90,100,70,80,OFF_HOURS,bearish,bearish,FVG,BOS bearish | Vol 2.4x | FVG | ChoCH | Engulfing | StrongTrend1h | Zone:FVG | MTF 14 | Risk x1.25,BOS+2 | 1h+2 | 4h+2 | Vol+2 | BTCok+1 | FVG+1 | ChoCH+1 | Engulfing+1 | Zone:FVG+1 | Sess:OFF_HOURS | Strong1h+1 | QualityRisk:1.15 | TrendPairRisk:1.25,0,0,0.575,bear,0.0929,1.4284,3.25,-0.1736,1.385,1.0,-0.2999,0.9375,9939,0,1,0.324,0.379,1,1.127,0
LINKUSDT,9941,9969,1715130000,1715156100,SHORT,TRAIL,14.027,13.77911831,12.78759155,14.44013615,0.8753104435210469,0.7857872829207222,0.08952316060032477,14,4.5,31.89,0.3501048218029357,0.007517225870924422,1.676928652499056,base,adaptive disabled,1.15,78.8,65,100,80,80,OFF_HOURS,bearish,neutral,OB,BOS bearish | Vol 4.5x | FVG | OB | ChoCH | Engulfing | StrongTrend1h | Zone:OB | MTF 14 | Risk x1.15,BOS+2 | 1h+2 | 4hN+1 | Vol+2 | BTCok+1 | FVG+1 | OB+1 | ChoCH+1 | Engulfing+1 | Zone:OB+1 | Sess:OFF_HOURS | Strong1h+1 | QualityRisk:1.15,0,0,0.45,range,0.1912,1.0287,1.392,0.007,2.151,1.0,-0.1701,1.318359375,9939,4,1,0.27,18.57,0,0.916,0
AVAXUSDT,9946,9956,1715134500,1715144400,SHORT,TRAIL,35.491,34.83563239,32.21416194,36.58327935,0.3396252133555971,0.30307103424381576,0.03655417911178131,15,1.3,35.3,0.4403940886699593,0.007477117673910789,1.3913891208560383,base,adaptive disabled,1.15,78.5,90,100,50,80,OFF_HOURS,bearish,bearish,FVG,BOS bearish | Vol 1.3x | FVG | ChoCH | Engulfing | StrongTrend1h | Zone:FVG | MTF 15 | Risk x1.15,BOS+2 | 1h+2 | 4h+2 | Vol+1 | RSI+1 | BTC+2 | FVG+1 | ChoCH+1 | Engulfing+1 | Zone:FVG+1 | Sess:OFF_HOURS | Strong1h+1 | TrendPairRisk:1.15,0,0,0.4,bear,0.0073,1.0345,0.943,-0.0085,1.993,1.0,-0.0182,0.5625,9941,7,3,0.466,9.149,0,0.866,0
AVAXUSDT,9964,9987,1715150700,1715172300,SHORT,TRAIL,34.828,34.30010021,32.18850107,35.70783298,0.4582837176800385,0.4137508337229036,0.04453288395713488,17,1.62,34.83,0.4914675767918135,0.008152596303659583,1.6329064850684554,base,adaptive disabled,1.25,87.5,90,100,80,80,OFF_HOURS,bearish,bearish,OB,BOS bearish | Vol 1.6x | FVG | OB | ChoCH | BearWick | StrongTrend1h | Zone:OB | MTF 17 | Risk x1.25,BOS+2 | BodyStrong+1 | 1h+2 | 4h+2 | Vol+1 | RSI+1 | BTC+2 | FVG+1 | OB+1 | ChoCH+1 | BearWick+1 | Zone:OB+1 | Sess:OFF_HOURS | Strong1h+1 | QualityRisk:1.15 | TrendPairRisk:1.25,0,0,0.625,range,0.0602,1.1063,0.0,-0.1986,1.023,1.0,-0.398,0.5625,9963,4,1,0.259,6.881,0,1.02,0
SUIUSDT,9964,9973,1715150700,1715159700,SHORT,TRAIL,1.0578,1.0395791,0.96669549,1.08816817,0.3007662895047306,0.23545530764444736,0.06531098186028327,17,2.33,33.96,0.4672304439746312,0.010488392505169577,1.597633309209798,base,adaptive disabled,1.25,90.5,90,100,90,80,OFF_HOURS,bearish,bearish,FVG,BOS bearish | Vol 2.3x | FVG | ChoCH | Engulfing | StrongTrend1h | Zone:FVG | MTF 17 | Risk x1.25,BOS+2 | BodyStrong+1 | 1h+2 | 4h+2 | Vol+2 | RSI+1 | BTC+2 | FVG+1 | ChoCH+1 | Engulfing+1 | Zone:FVG+1 | Sess:OFF_HOURS | Strong1h+1 | QualityRisk:1.15 | TrendPairRisk:1.25,0,0,0.4,bear,0.0692,1.1855,0.0,-0.1703,1.665,1.0,-0.2401,0.9375,9963,1,1,0.33,0.076,1,0.877,0
DOTUSDT,9984,10066,1715168700,1715243400,SHORT,TRAIL,6.996,6.89337153,6.48285766,7.16704745,0.8609380294414474,0.7535730848018165,0.10736494463963092,17,1.43,39.27,0.4412955465587046,0.006756210929776812,1.2915318893780303,base,adaptive disabled,1.15,84.5,90,100,70,80,OVERLAP,bearish,bearish,FVG,BOS bearish | Vol 1.4x | FVG | MACD_Div | ChoCH | BearWick | Session:OVERLAP | StrongTrend1h | Zone:FVG | MTF 17 | Risk x1.15,BOS+2 | BodyStrong+1 | 1h+2 | 4h+2 | Vol+1 | RSI+1 | BTC+2 | FVG+1 | MACD_Div+1 | ChoCH+1 | BearWick+1 | Zone:FVG+1 | Sess:OVERLAP | Strong1h+1 | TrendPairRisk:1.15,0,0,0.375,range,1.1225,1.5493,0.0,-0.1479,1.398,1.0,-0.377,1.3125,9983,1,2,0.649,1.124,1,1.298,1
BTCUSDT,10021,10030,1715202000,1715211000,SHORT,TRAIL,61756.7,60984.94585707,57897.92928534,63042.95690489,0.10562818328835014,0.0904366567860718,0.015191526502278334,14,1.49,32.69,0.6695530888591826,0.005634092423274329,1.4210681388063935,base,adaptive disabled,1.15,78.5,90,100,50,80,DEAD_ZONE,bearish,bearish,FVG,BOS bearish | Vol 1.5x | FVG | ChoCH | StrongTrend1h | Zone:FVG | MTF 14 | Risk x1.15,BOS+2 | 1h+2 | 4h+2 | Vol+1 | RSI+1 | BTC+2 | FVG+1 | ChoCH+1 | Zone:FVG+1 | Sess:DEAD_ZONE | Strong1h+1 | TrendPairRisk:1.15,0,0,0.5,range,0.0072,1.0705,0.0,0.0283,1.522,1.0,-0.4721,0.158203125,10020,1,2,1.298,18.329,0,1.612,6
XLMUSDT,10034,10175,1715213700,1715341500,SHORT,SL,0.1066,0.10487769,0.09798843,0.10947052,-0.5878725805777354,-0.6296507253041264,0.04177814472639101,15,1.72,38.73,0.2727272727272712,0.006570537490514964,1.4100373467786176,base,adaptive disabled,1.15,82.9,90,92,70,80,OFF_HOURS,bearish,bearish,FVG,BOS bearish | Vol 1.7x | FVG | ChoCH | Engulfing | StrongTrend1h | Zone:FVG | MTF 15 | Risk x1.15,BOS+2 | BodyStrong+1 | 1h+2 | 4h+2 | Vol+1 | RSI+1 | BTCok+1 | FVG+1 | ChoCH+1 | Engulfing+1 | Zone:FVG+1 | Sess:OFF_HOURS | Strong1h+1 | TrendPairRisk:1.15,0,0,0.45,range,1.0451,0.4645,1.125,-0.2546,2.447,1.0,-0.549,0.5625,10034,0,1,0.526,6.31,0,0.701,0
ADAUSDT,10037,10158,1715216400,1715326200,LONG,TRAIL,0.4607,0.46868585,0.50062927,0.44739024,0.483805521955166,0.4253949082401178,0.058410613715048194,15,1.68,61.42,0.5384615384615374,0.008107128475007391,1.0865936608445959,base,adaptive disabled,1.15,69.8,65,100,50,80,OFF_HOURS,bullish,neutral,FVG,BOS bullish | Vol 1.7x | FVG | LiqSweep | MACD_Div | ChoCH | StrongTrend1h | Zone:FVG | MTF 15 | Risk x1.15,BOS+2 | 1h+2 | 4hN+1 | Vol+1 | RSI+1 | BTC+2 | FVG+1 | LiqSweep+1 | MACD_Div+1 | ChoCH+1 | Zone:FVG+1 | Sess:OFF_HOURS | Strong1h+1 | QualityRisk:1.15,0,1,0.5,bear,1.0368,1.0018,0.0,-0.0799,2.206,0.0,-0.1517,0.84375,10037,0,1,0.763,0.704,1,1.026,5
SUIUSDT,10048,10052,1715226300,1715230800,SHORT,TRAIL,0.9954,0.97760968,0.90644839,1.02505054,0.5771919314651794,0.5142461975932164,0.06294573387196296,13,1.52,31.89,0.43589743589744,0.011184583683984986,1.69286663061439,base,adaptive disabled,1.25,84.5,90,100,70,80,OFF_HOURS,bearish,bearish,FVG,BOS bearish | Vol 1.5x | FVG | ChoCH | StrongTrend1h | Zone:FVG | MTF 13 | Risk x1.25,BOS+2 | BodyStrong+1 | 1h+2 | 4h+2 | Vol+1 | BTCok+1 | FVG+1 | ChoCH+1 | Zone:FVG+1 | Sess:OFF_HOURS | Strong1h+1 | QualityRisk:1.15 | TrendPairRisk:1.25,0,0,0.425,bear,0.0135,1.276,0.0,-0.1298,1.341,1.0,-0.1641,0.9375,10047,0,2,1.159,-1.0,0,1.048,1
ADAUSDT,10124,10147,1715294700,1715316300,LONG,TRAIL,0.4624,0.46769418,0.48887091,0.45357636,0.3291707355278073,0.2702154744337461,0.05895526109406118,14,1.96,70.94,0.5774647887323937,0.004541873372837844,1.1569160788335062,base,adaptive disabled,1.15,84.5,90,100,70,80,DEAD_ZONE,bullish,bullish,FVG,BOS bullish | Vol 2.0x | FVG | ChoCH | StrongTrend1h | Zone:FVG | MTF 14 | Risk x1.15,BOS+2 | BodyStrong+1 | 1h+2 | 4h+2 | Vol+1 | BTC+2 | FVG+1 | ChoCH+1 | Zone:FVG+1 | Sess:DEAD_ZONE | Strong1h+1 | QualityRisk:1.15,0,0,0.625,bull,0.2153,1.0955,1.139,0.0284,1.702,1.0,0.2725,0.5625,10124,0,1,0.932,0.439,1,1.097,5
SOLUSDT,10126,10136,1715296500,1715306400,LONG,TRAIL,151.33,154.50793,167.21965,146.03345,0.2085083045514246,0.18440116169428186,0.024107142857142747,15,1.51,61.82,0.21489001692046977,0.0069678075048374725,0.9390846871390719,base,adaptive disabled,1.15,81.5,90,85,70,80,DEAD_ZONE,bullish,bullish,FVG,BOS bullish | Vol 1.5x | FVG | ChoCH | Engulfing | StrongTrend1h | Zone:FVG | MTF 15 | Risk x1.15,BOS+2 | BodyStrong+1 | 1h+2 | 4h+2 | Vol+1 | RSI+1 | BTCok+1 | FVG+1 | ChoCH+1 | Engulfing+1 | Zone:FVG+1 | Sess:DEAD_ZONE | Strong1h+1 | QualityRisk:1.15,0,0,0.4,bull,0.0019,1.0069,0.416,0.0648,1.694,1.0,0.1564,0.421875,10126,4,5,0.063,3.789,0,0.909,0
ADAUSDT,10147,10158,1715315400,1715326200,LONG,TRAIL,0.4649,0.46846062,0.48270308,0.45896564,0.32884564630251295,0.24071272211186687,0.08813292419064607,18,2.04,57.61,0.16216216216216015,0.004002568067031863,1.237060370850818,base,adaptive disabled,1.15,86.3,90,79,90,80,OFF_HOURS,bullish,bullish,FVG,BOS bullish | Vol 2.0x | FVG | ChoCH | StrongTrend1h | Zone:FVG | MTF 18 | Risk x1.15,BOS+2 | BodyStrong+1 | 1h+2 | 4h+2 | Vol+2 | RSI+1 | BTC+2 | FVG+1 | ChoCH+1 | Zone:FVG+1 | Sess:OFF_HOURS | Strong1h+1 | NestedOB_1h+2 | QualityRisk:1.15,0,0,0.575,range,0.3202,1.0672,0.8,0.1441,1.358,1.0,0.0144,0.5625,10147,8,1,0.587,2.411,0,0.521,0
SOLUSDT,10160,10185,1715327100,1715350500,LONG,SL,154.25,156.01847371,163.09236856,151.30254381,-1.8034619201583475,-1.9506492223723289,0.1471873022139815,15,3.51,60.89,0.18450184501845157,0.008172471347231118,1.2885543998415936,base,adaptive disabled,1.15,80.9,90,82,70,80,LONDON,bullish,bullish,FVG,BOS bullish | Vol 3.5x | FVG | ChoCH | Engulfing | Session:LONDON | StrongTrend1h | Zone:FVG | MTF 15 | Risk x1.15,BOS+2 | 1h+2 | 4h+2 | Vol+2 | RSI+1 | BTCok+1 | FVG+1 | ChoCH+1 | Engulfing+1 | Zone:FVG+1 | Sess:LONDON | Strong1h+1 | QualityRisk:1.15,0,0,0.45,range,1.3842,0.6899,1.351,0.0186,2.196,1.0,0.0726,1.40625,10157,0,1,0.101,1.175,1,0.901,0
ADAUSDT,10179,10185,1715344200,1715350500,LONG,SL,0.4633,0.46663576,0.4799788,0.4577404,-1.3692531836822732,-1.5880031836822732,0.21875000000000006,22,1.45,54.25,0.1315789473684203,0.00372865567066547,1.2355166899961645,base,adaptive disabled,1.15,82.5,90,75,80,80,OVERLAP,bullish,bullish,OB,BOS bullish | Vol 1.4x | FVG | OB | LiqSweep | MACD_Div | ChoCH | Session:OVERLAP | StrongTrend1h | Zone:OB | 💎PREMIUM | MTF 22 | Risk x1.15,BOS+2 | BodyStrong+1 | 1h+2 | 4h+2 | Vol+1 | RSI+1 | BTCok+1 | FVG+1 | OB+1 | LiqSweep+1 | MACD_Div+1 | ChoCH+1 | Zone:OB+1 | Sess:OVERLAP | Strong1h+1 | NestedOB_1h+2 | 💎Premium+3 | QualityRisk:1.15,1,1,0.45,bear,1.0612,0.4197,0.0,-0.0609,1.088,-1.0,0.0898,1.3125,10177,4,2,0.664,2.59,0,0.797,0
SOLUSDT,10234,10425,1715393700,1715566500,SHORT,TP1,144.32,141.63280759,130.88403793,148.79865402,0.0,-0.0362519630395563,0.0362519630395563,13,1.44,36.27,0.26793557833088916,0.009574189883092865,1.323947880249723,base,adaptive disabled,1.25,76.9,90,92,50,80,OFF_HOURS,bearish,bearish,FVG,BOS bearish | Vol 1.4x | FVG | ChoCH | StrongTrend1h | Zone:FVG | MTF 13 | Risk x1.25,BOS+2 | 1h+2 | 4h+2 | Vol+1 | RSI+1 | BTCok+1 | FVG+1 | ChoCH+1 | Zone:FVG+1 | Sess:OFF_HOURS | Strong1h+1 | QualityRisk:1.15 | TrendPairRisk:1.25,0,1,0.55,bull,0.777,1.1425,3.389,-0.2653,2.307,1.0,-0.3745,0.5625,10234,0,1,0.934,0.953,1,1.117,0
AVAXUSDT,10270,10407,1715426100,1715550300,SHORT,TRAIL,33.254,32.88367348,31.40236738,33.87121087,0.3272071059902678,0.21945138872624767,0.10775571726402014,16,3.54,36.26,0.1935483870967816,0.005850118155057377,1.426157065021942,base,adaptive disabled,1.15,81.1,90,83,70,80,OVERLAP,bearish,bearish,FVG,BOS bearish | Vol 3.5x | FVG | ChoCH | Engulfing | Session:OVERLAP | StrongTrend1h | Zone:FVG | MTF 16 | Risk x1.15,BOS+2 | 1h+2 | 4h+2 | Vol+2 | RSI+1 | BTC+2 | FVG+1 | ChoCH+1 | Engulfing+1 | Zone:FVG+1 | Sess:OVERLAP | Strong1h+1 | TrendPairRisk:1.15,0,0,0.525,range,1.233,1.4744,0.434,-0.0748,2.709,1.0,-0.1636,1.0,10270,0,1,0.519,-1.0,0,1.531,0
ETHUSDT,10270,10382,1715426100,1715527800,SHORT,SL,2900.51,2878.46945736,2790.30728679,2937.24423774,-1.0026068938922361,-1.1605255103355365,0.15791861644330035,15,3.83,38.5,0.2686662412252723,0.004474478177560963,2.0041463109799476,base,adaptive disabled,1.15,80.9,90,82,70,80,OVERLAP,bearish,bearish,FVG,BOS bearish | Vol 3.8x | FVG | ChoCH | Session:OVERLAP | StrongTrend1h | Zone:FVG | MTF 15 | Risk x1.15,BOS+2 | 1h+2 | 4h+2 | Vol+2 | RSI+1 | BTC+2 | FVG+1 | ChoCH+1 | Zone:FVG+1 | Sess:OVERLAP | Strong1h+1 | TrendPairRisk:1.15,0,0,0.675,bear,1.2596,0.2137,1.143,0.0291,2.149,1.0,-0.2779,1.0,10270,0,1,0.445,2.77,0,1.32,0
LINKUSDT,10270,10308,1715426100,1715461200,SHORT,TRAIL,13.475,13.34069137,12.80345683,13.69884772,0.7267387263157543,0.5762457929948344,0.15049293332092,15,2.63,34.58,0.19148936170212486,0.0038358175389571684,1.2429875406093063,base,adaptive disabled,1.15,80.9,90,82,70,80,OVERLAP,bearish,bearish,FVG,BOS bearish | Vol 2.6x | FVG | ChoCH | Session:OVERLAP | StrongTrend1h | Zone:FVG | MTF 15 | Risk x1.15,BOS+2 | 1h+2 | 4h+2 | Vol+2 | RSI+1 | BTC+2 | FVG+1 | ChoCH+1 | Zone:FVG+1 | Sess:OVERLAP | Strong1h+1 | TrendPairRisk:1.15,0,0,0.475,bear,0.746,1.0349,0.281,-0.1015,1.82,1.0,-0.2624,1.25,10270,0,1,0.28,-1.0,0,1.564,0
DOTUSDT,10272,10407,1715427900,1715550300,SHORT,TRAIL,6.694,6.61851385,6.31656926,6.81981025,0.7561783002199155,0.6165096325239208,0.13966866769599479,18,2.43,35.88,0.34374999999999417,0.004505533218065103,1.2226214940721511,base,adaptive disabled,1.25,93.5,90,100,100,80,OVERLAP,bearish,bearish,OB,BOS bearish | Vol 2.4x | FVG | OB | ChoCH | Engulfing | Session:OVERLAP | StrongTrend1h | Zone:OB | MTF 18 | Risk x1.25,BOS+2 | BodyStrong+1 | 1h+2 | 4h+2 | Vol+2 | RSI+1 | BTC+2 | FVG+1 | OB+1 | ChoCH+1 | Engulfing+1 | Zone:OB+1 | Sess:OVERLAP | Strong1h+1 | QualityRisk:1.15 | TrendPairRisk:1.25,0,0,0.625,bear,0.771,1.444,0.629,-0.0175,1.745,1.0,-0.3071,1.3125,10270,6,4,0.775,-1.0,0,1.356,1
XRPUSDT,10272,10407,1715427900,1715550300,SHORT,TRAIL,0.5033,0.4971,0.4851812,0.5093396,1.2964568922680046,1.0047902256013397,0.291666666666665,17,2.02,39.9,0.1525423728813604,0.002924761955008169,1.3387433133081401,base,adaptive disabled,1.15,86.1,90,78,90,80,OVERLAP,bearish,bearish,FVG,BOS bearish | Vol 2.0x | FVG | ChoCH | Engulfing | Session:OVERLAP | StrongTrend1h | Zone:FVG | MTF 17 | Risk x1.15,BOS+2 | BodyStrong+1 | 1h+2 | 4h+2 | Vol+2 | RSI+1 | BTC+2 | FVG+1 | ChoCH+1 | Engulfing+1 | Zone:FVG+1 | Sess:OVERLAP | Strong1h+1 | TrendPairRisk:1.15,0,0,0.575,bear,0.9107,1.3226,0.3,-0.0661,1.444,1.0,-0.4866,1.75,10270,9,1,0.312,1.714,1,1.247,1
NEARUSDT,10312,10328,1715463900,1715479200,SHORT,TRAIL,7.062,6.93361412,6.42007061,7.27597646,0.3057829495455621,0.25627750394654614,0.04950544559901599,16,1.68,37.05,0.6146788990825605,0.004109137201299892,0.741541221106661,base,adaptive disabled,1.25,85.5,90,90,80,80,DEAD_ZONE,bearish,bearish,OB,BOS bearish | Vol 1.7x | FVG | OB | ChoCH | StrongTrend1h | Zone:OB | MTF 16 | Risk x1.25,BOS+2 | BodyStrong+1 | 1h+2 | 4h+2 | Vol+1 | RSI+1 | BTC+2 | FVG+1 | OB+1 | ChoCH+1 | Zone:OB+1 | Sess:DEAD_ZONE | Strong1h+1 | QualityRisk:1.15 | TrendPairRisk:1.25,0,0,0.325,range,0.0514,1.0126,0.615,-0.2821,2.197,1.0,-0.3437,0.75,10309,29,3,0.632,1.317,1,0.974,0
ETHUSDT,10352,10428,1715499900,1715569200,SHORT,TRAIL,2912.55,2891.57964,2807.6982,2947.5006,2.255287775069934,1.927162775069931,0.32812500000000316,13,6.07,33.75,0.6127167630057496,0.0031791970312951175,1.7097698214805501,base,adaptive disabled,1.0,74.0,60,100,70,80,LONDON,neutral,bearish,FVG,BOS bearish | Vol 6.1x | FVG | ChoCH | Session:LONDON | Zone:FVG | MTF 13,BOS+2 | 1hN+1 | 4h+2 | Vol+2 | RSI+1 | BTC+2 | FVG+1 | ChoCH+1 | Zone:FVG+1 | Sess:LONDON,0,1,0.475,bull,1.2269,1.9675,0.0,-0.0912,3.229,1.0,-0.3467,1.96875,10351,0,5,2.23,0.506,1,0.979,4
ADAUSDT,10412,10424,1715553900,1715565600,SHORT,TRAIL,0.4378,0.43389347,0.41826735,0.44431088,0.5074586772192358,0.43181222082624426,0.07564645639299146,17,1.86,33.45,0.24000000000000932,0.00527741553107119,1.9438480543843741,base,adaptive disabled,1.25,83.1,90,78,80,80,DEAD_ZONE,bearish,bearish,OB,BOS bearish | Vol 1.9x | FVG | OB | ChoCH | Engulfing | StrongTrend1h | Zone:OB | MTF 17 | Risk x1.25,BOS+2 | BodyStrong+1 | 1h+2 | 4h+2 | Vol+1 | RSI+1 | BTC+2 | FVG+1 | OB+1 | ChoCH+1 | Engulfing+1 | Zone:OB+1 | Sess:DEAD_ZONE | Strong1h+1 | QualityRisk:1.15 | TrendPairRisk:1.25,0,0,0.675,bear,0.384,1.3567,0.324,-0.0186,1.526,1.0,-0.3976,0.5625,10407,4,1,0.229,0.229,1,0.992,1
SUIUSDT,10424,10427,1715564700,1715568300,SHORT,TRAIL,0.9923,0.97514307,0.90651534,1.02089489,0.8594404284400412,0.813690715543349,0.04574971289669214,16,2.64,34.89,0.3025404157043877,0.010481261207718015,2.393777133791831,base,adaptive disabled,1.25,87.7,90,86,90,80,OFF_HOURS,bearish,bearish,FVG,BOS bearish | Vol 2.6x | FVG | ChoCH | StrongTrend1h | Zone:FVG | MTF 16 | Risk x1.25,BOS+2 | BodyStrong+1 | 1h+2 | 4h+2 | Vol+2 | RSI+1 | BTC+2 | FVG+1 | ChoCH+1 | Zone:FVG+1 | Sess:OFF_HOURS | Strong1h+1 | QualityRisk:1.15 | TrendPairRisk:1.25,0,1,0.45,bull,0.1049,1.2123,6.55,-0.0741,1.787,1.0,-0.3106,0.6591796875,10424,0,2,1.527,0.271,1,0.916,0
XLMUSDT,10424,10427,1715564700,1715568300,SHORT,TRAIL,0.104,0.10306273,0.09931367,0.10556211,0.8607385977026469,0.7608736714170465,0.09986492628560054,16,2.38,35.65,0.230769230769225,0.006095354393560241,2.14150117896932,base,adaptive disabled,1.15,79.9,90,77,70,80,OFF_HOURS,bearish,bearish,FVG,BOS bearish | Vol 2.4x | FVG | LiqSweep | ChoCH | StrongTrend1h | Zone:FVG | MTF 16 | Risk x1.15,BOS+2 | 1h+2 | 4h+2 | Vol+2 | RSI+1 | BTC+2 | FVG+1 | LiqSweep+1 | ChoCH+1 | Zone:FVG+1 | Sess:OFF_HOURS | Strong1h+1 | TrendPairRisk:1.15,0,0,0.525,range,0.064,1.2803,3.0,-0.3836,1.437,1.0,-0.3862,0.75,10424,0,1,1.105,0.276,1,1.105,0
BTCUSDT,10484,10536,1715618700,1715666400,LONG,SL,62811.7,63263.94424,65072.9212,62057.9596,-0.5080164205076468,-0.5705164205076472,0.0625000000000004,16,1.56,61.19,0.12197973499609902,0.005666457865943338,1.5198776971612695,base,adaptive disabled,1.15,76.3,90,74,60,80,NEW_YORK,bullish,bullish,OB,BOS bullish | Vol 1.6x | FVG | OB | ChoCH | Engulfing | Session:NEW_YORK | StrongTrend1h | Zone:OB | MTF 16 | Risk x1.15,BOS+2 | 1h+2 | 4h+2 | Vol+1 | RSI+1 | BTC+2 | FVG+1 | OB+1 | ChoCH+1 | Engulfing+1 | Zone:OB+1 | Sess:NEW_YORK | Strong1h+1 | QualityRisk:1.15,0,0,0.575,bull,1.4404,0.854,0.416,-0.0616,1.084,1.0,0.1971,0.375,10483,12,1,0.075,0.865,1,2.102,1
AVAXUSDT,10508,10521,1715640300,1715652900,SHORT,TRAIL,32.488,32.11523685,30.62418427,33.10927191,0.6839451688032335,0.6055060840553005,0.07843908474793303,15,3.08,31.19,0.5703703703703639,0.005567486751151952,1.0521910018703338,base,adaptive disabled,1.25,84.5,90,100,70,80,DEAD_ZONE,bearish,bearish,FVG,BOS bearish | Vol 3.1x | FVG | ChoCH | BearWick | StrongTrend1h | Zone:FVG | MTF 15 | Risk x1.25,BOS+2 | 1h+2 | 4h+2 | Vol+2 | BTC+2 | FVG+1 | ChoCH+1 | BearWick+1 | Zone:FVG+1 | Sess:DEAD_ZONE | Strong1h+1 | QualityRisk:1.15 | TrendPairRisk:1.25,0,0,0.625,range,0.2076,1.0972,0.0,-0.1482,3.532,1.0,-0.2823,0.75,10507,0,4,2.037,2.635,0,0.731,0
SUIUSDT,10509,10538,1715641200,1715668200,SHORT,TRAIL,0.9698,0.9481,0.90540874,0.99126375,0.9824661476723225,0.9316350953166065,0.05083105235571603,17,3.03,32.84,0.6176470588235308,0.007193454026419286,1.1311991912211052,base,adaptive disabled,1.25,90.5,90,100,90,80,DEAD_ZONE,bearish,bearish,FVG,BOS bearish | Vol 3.0x | FVG | ChoCH | Engulfing | StrongTrend1h | Zone:FVG | MTF 17 | Risk x1.25,BOS+2 | BodyStrong+1 | 1h+2 | 4h+2 | Vol+2 | RSI+1 | BTC+2 | FVG+1 | ChoCH+1 | Engulfing+1 | Zone:FVG+1 | Sess:DEAD_ZONE | Strong1h+1 | QualityRisk:1.15 | TrendPairRisk:1.25,0,0,0.575,range,0.3122,1.5945,0.0,-0.2171,2.481,1.0,-0.2467,0.5625,10507,0,2,1.995,4.116,0,0.467,0
ADAUSDT,10517,10521,1715648400,1715652900,SHORT,TRAIL,0.438,0.434421,0.4257,0.443965,0.5245630752819662,0.44195620185363427,0.08260687342833196,16,3.98,36.57,0.17808219178082713,0.00580714451673497,1.4340420768163191,base,adaptive disabled,1.15,80.7,90,81,70,80,OFF_HOURS,bearish,bearish,FVG,BOS bearish | Vol 4.0x | FVG | ChoCH | Engulfing | StrongTrend1h | Zone:FVG | MTF 16 | Risk x1.15,BOS+2 | 1h+2 | 4h+2 | Vol+2 | RSI+1 | BTC+2 | FVG+1 | ChoCH+1 | Engulfing+1 | Zone:FVG+1 | Sess:OFF_HOURS | Strong1h+1 | TrendPairRisk:1.15,0,0,0.425,bear,0.0,1.1735,0.283,-0.197,2.472,1.0,-0.3502,0.5625,10516,9,3,0.054,1.448,1,1.287,0
SUIUSDT,10522,10538,1715652900,1715668200,SHORT,TRAIL,0.958,0.94114717,0.87373584,0.98608805,0.6858140448846582,0.6346534979616786,0.051160546922979645,16,1.7,35.13,0.3602150537634439,0.006934948478907614,1.2663986473600637,base,adaptive disabled,1.25,78.5,90,100,50,80,OFF_HOURS,bearish,bearish,FVG,BOS bearish | Vol 1.7x | FVG | LiqSweep | ChoCH | BearWick | StrongTrend1h | Zone:FVG | MTF 16 | Risk x1.25,BOS+2 | 1h+2 | 4h+2 | Vol+1 | RSI+1 | BTC+2 | FVG+1 | LiqSweep+1 | ChoCH+1 | BearWick+1 | Zone:FVG+1 | Sess:OFF_HOURS | Strong1h+1 | QualityRisk:1.15 | TrendPairRisk:1.25,0,0,0.525,range,0.2635,1.3529,1.763,-0.2528,2.095,1.0,-0.2443,0.75,10522,0,3,1.192,2.609,1,1.054,0
DOTUSDT,10525,10659,1715655600,1715777100,SHORT,SL,6.659,6.445,6.428,6.738908,-0.8051251126295178,-0.8930157376295172,0.0878906249999994,16,3.21,34.8,0.3783783783783727,0.006585021315143179,1.8344771880710733,base,adaptive disabled,1.15,88.5,90,90,90,80,OFF_HOURS,bearish,bearish,FVG,BOS bearish | Vol 3.2x | FVG | ChoCH | StrongTrend1h | Zone:FVG | MTF 16 | Risk x1.15,BOS+2 | BodyStrong+1 | 1h+2 | 4h+2 | Vol+2 | RSI+1 | BTC+2 | FVG+1 | ChoCH+1 | Zone:FVG+1 | Sess:OFF_HOURS | Strong1h+1 | TrendPairRisk:1.15,0,0,0.65,range,2.1525,0.9439,1.806,-0.0909,2.051,1.0,-0.1463,0.52734375,10521,1,2,1.291,0.917,1,1.155,0
NEARUSDT,10531,10566,1715661000,1715693400,LONG,SL,7.278,7.3987442,7.881721,7.07675967,-0.7751925272632981,-0.829441096623128,0.05424856935982983,18,1.57,53.24,0.530120481927713,0.009218476891022924,1.2530171230915297,base,adaptive disabled,1.25,81.5,90,100,60,80,OFF_HOURS,bullish,bullish,OB,BOS bullish | Vol 1.6x | FVG | OB | LiqSweep | ChoCH | Engulfing | BullWick | StrongTrend1h | Zone:OB | MTF 18 | Risk x1.25,BOS+2 | 1h+2 | 4h+2 | Vol+1 | RSI+1 | BTC+2 | FVG+1 | OB+1 | LiqSweep+1 | ChoCH+1 | Engulfing+1 | BullWick+1 | Zone:OB+1 | Sess:OFF_HOURS | Strong1h+1 | QualityRisk:1.15 | RelStrengthRisk:1.25,0,1,0.425,bear,1.0684,0.969,0.0,0.0932,1.228,1.0,-0.0639,0.75,10531,24,1,0.249,0.871,1,1.156,3
SOLUSDT,10569,10613,1715695200,1715735700,SHORT,TRAIL,144.67,141.71540753,129.89703763,149.59432079,0.4308592655491973,0.3895455095662125,0.04131375598298481,14,1.74,31.86,0.4208955223880618,0.010656848375642583,1.8131512259593763,base,adaptive disabled,1.25,79.0,80,90,70,80,NEW_YORK,bearish,bearish,FVG,BOS bearish | Vol 1.7x | FVG | ChoCH | Engulfing | BearWick | Session:NEW_YORK | Zone:FVG | MTF 14 | Risk x1.25,BOS+2 | BodyStrong+1 | 1h+2 | 4h+2 | Vol+1 | BTCok+1 | FVG+1 | ChoCH+1 | Engulfing+1 | BearWick+1 | Zone:FVG+1 | Sess:NEW_YORK | QualityRisk:1.15 | TrendPairRisk:1.25,0,0,0.525,range,0.1807,1.1744,5.127,-0.1502,1.332,1.0,-0.5849,0.703125,10569,0,1,1.37,0.267,1,2.811,3
SUIUSDT,10570,10574,1715696100,1715700600,SHORT,TRAIL,0.9236,0.9046761,0.8289805,0.95513983,0.6905555663029463,0.5990442930969717,0.09151127320597466,17,2.66,38.45,0.2180180180180176,0.013614445500193606,2.3636190107024158,base,adaptive disabled,1.25,88.7,90,76,100,80,NEW_YORK,bearish,bearish,OB,BOS bearish | Vol 2.7x | FVG | OB | ChoCH | Engulfing | Session:NEW_YORK | StrongTrend1h | Zone:OB | MTF 17 | Risk x1.25,BOS+2 | BodyStrong+1 | 1h+2 | 4h+2 | Vol+2 | RSI+1 | BTCok+1 | FVG+1 | OB+1 | ChoCH+1 | Engulfing+1 | Zone:OB+1 | Sess:NEW_YORK | Strong1h+1 | QualityRisk:1.15 | TrendPairRisk:1.25,0,0,0.575,bear,0.0159,1.1203,1.08,-0.1078,1.275,1.0,-0.5101,1.5625,10570,4,2,0.012,-1.0,0,1.841,0
SOLUSDT,10608,10658,1715730300,1715776200,SHORT,SL,142.64,138.4,137.85,145.38490598,-1.116841532036729,-1.1753025507999286,0.05846101876319946,17,1.56,36.75,0.19999999999999266,0.003469813595718361,0.6271139053126603,base,adaptive disabled,1.25,76.1,90,73,60,80,DEAD_ZONE,bearish,bearish,OB,BOS bearish | Vol 1.6x | FVG | OB | ChoCH | Engulfing | BearWick | StrongTrend1h | Zone:OB | MTF 17 | Risk x1.25,BOS+2 | 1h+2 | 4h+2 | Vol+1 | RSI+1 | BTC+2 | FVG+1 | OB+1 | ChoCH+1 | Engulfing+1 | BearWick+1 | Zone:OB+1 | Sess:DEAD_ZONE | Strong1h+1 | QualityRisk:1.15 | TrendPairRisk:1.25,0,0,0.475,bear,2.6449,0.3396,0.517,-0.1358,2.418,1.0,-0.4479,0.5625,10608,9,1,0.376,0.286,1,0.993,4
BTCUSDT,10641,10649,1715760000,1715768100,LONG,TRAIL,62080.6,62527.58032,64315.5016,61335.6328,0.45407622107856566,0.37204497107856555,0.0820312500000001,13,1.35,62.23,0.33395978199587456,0.0034496843463169154,1.8219509345526053,base,adaptive disabled,1.0,72.0,60,90,70,80,LONDON,neutral,bullish,FVG,BOS bullish | Vol 1.4x | FVG | ChoCH | Engulfing | Session:LONDON | Zone:FVG | MTF 13,BOS+2 | BodyStrong+1 | 1hN+1 | 4h+2 | Vol+1 | RSI+1 | BTCok+1 | FVG+1 | ChoCH+1 | Engulfing+1 | Zone:FVG+1 | Sess:LONDON,0,0,0.45,bull,0.2103,1.9334,10.0,0.0331,1.144,1.0,0.1175,0.4921875,10641,1,2,0.395,1.532,1,0.641,0
BTCUSDT,10653,10660,1715770800,1715778000,LONG,TRAIL,62450.8,62936.19378768,64877.76893842,61641.81035386,0.9030484276734932,0.8216307254330852,0.08141770224040797,15,2.73,67.83,0.3333904402946711,0.007110881213154815,3.755612215834245,base,adaptive disabled,1.0,80.5,90,80,70,80,LONDON,bullish,bullish,FVG,BOS bullish | Vol 2.7x | FVG | ChoCH | Session:LONDON | StrongTrend1h | Zone:FVG | MTF 15,BOS+2 | 1h+2 | 4h+2 | Vol+2 | RSI+1 | BTC+2 | FVG+1 | ChoCH+1 | Zone:FVG+1 | Sess:LONDON | Strong1h+1,0,0,0.5,bull,0.2358,3.6362,3.238,0.0254,1.409,1.0,0.3298,0.52734375,10649,1,2,1.306,1.315,1,1.326,0
ADAUSDT,10689,10714,1715803200,1715826600,LONG,TRAIL,0.4515,0.45725042,0.48025212,0.44191596,0.40704775021124906,0.3407999178774943,0.06624783233375475,14,3.95,65.89,0.3700787401574852,0.00730818075210144,1.5566425005456224,base,adaptive disabled,1.15,84.5,90,100,70,80,DEAD_ZONE,bullish,bullish,FVG,BOS bullish | Vol 4.0x | FVG | ChoCH | StrongTrend1h | Zone:FVG | MTF 14 | Risk x1.15,BOS+2 | 1h+2 | 4h+2 | Vol+2 | RSI+1 | BTCok+1 | FVG+1 | ChoCH+1 | Zone:FVG+1 | Sess:DEAD_ZONE | Strong1h+1 | RelStrengthRisk:1.15,0,0,0.375,range,0.1148,1.0086,9.4,-0.1213,3.188,-1.0,-0.0544,0.703125,10689,0,5,1.084,0.658,1,0.658,0
AVAXUSDT,10700,10828,1715813100,1715929200,LONG,TRAIL,34.542,35.11312854,37.39764268,33.59011911,0.8226542292848052,0.7818300564200679,0.04082417286473739,15,1.34,67.36,0.4799357945425262,0.0049402275858673695,0.8347524454351143,base,adaptive disabled,1.15,78.5,90,100,50,80,DEAD_ZONE,bullish,bullish,FVG,BOS bullish | Vol 1.3x | FVG | ChoCH | BullWick | StrongTrend1h | Zone:FVG | MTF 15 | Risk x1.15,BOS+2 | 1h+2 | 4h+2 | Vol+1 | RSI+1 | BTC+2 | FVG+1 | ChoCH+1 | BullWick+1 | Zone:FVG+1 | Sess:DEAD_ZONE | Strong1h+1 | QualityRisk:1.15,0,0,0.425,bull,0.8478,1.371,0.842,0.3002,2.088,1.0,0.691,0.5625,10699,1,1,0.263,7.505,0,0.681,0
ETHUSDT,10706,10760,1715818500,1715868000,LONG,SL,3017.52,3043.03437101,3145.09185506,2974.99604831,-1.018955160044295,-1.160876118942835,0.1419209588985399,17,2.42,67.96,0.3827636013480898,0.004220743820898809,1.0318692162768333,base,adaptive disabled,1.15,93.5,90,100,100,80,DEAD_ZONE,bullish,bullish,OB,BOS bullish | Vol 2.4x | FVG | OB | ChoCH | StrongTrend1h | Zone:OB | MTF 17 | Risk x1.15,BOS+2 | BodyStrong+1 | 1h+2 | 4h+2 | Vol+2 | RSI+1 | BTC+2 | FVG+1 | OB+1 | ChoCH+1 | Zone:OB+1 | Sess:DEAD_ZONE | Strong1h+1 | QualityRisk:1.15,0,0,0.375,range,1.1996,0.4695,1.345,0.2412,2.255,-1.0,-0.0121,1.0,10704,4,1,0.761,2.605,0,1.123,0
AAVEUSDT,10720,10761,1715831100,1715868900,LONG,SL,86.54,87.31503836,90.41519179,85.2482694,-0.9231801120140646,-1.023673202446388,0.10049309043232327,16,1.82,61.88,0.32530120481927877,0.004084021200287853,0.9270728124664287,base,adaptive disabled,1.25,78.3,90,99,50,80,OFF_HOURS,bullish,bullish,FVG,BOS bullish | Vol 1.8x | FVG | LiqSweep | MACD_Div | ChoCH | StrongTrend1h | Zone:FVG | MTF 16 | Risk x1.25,BOS+2 | 1h+2 | 4h+2 | Vol+1 | RSI+1 | BTC+2 | FVG+1 | LiqSweep+1 | MACD_Div+1 | ChoCH+1 | Zone:FVG+1 | Sess:OFF_HOURS | Strong1h+1 | QualityRisk:1.15 | RelStrengthRisk:1.25,0,0,0.475,range,1.4399,0.3097,0.0,-0.0265,2.063,1.0,0.4478,0.75,10719,0,1,0.625,0.398,1,0.995,0
LINKUSDT,10730,10754,1715840100,1715862600,LONG,SL,13.964,14.08650898,14.57654491,13.75981836,-0.778259249950195,-0.87443280894404,0.09617355899384497,17,1.68,65.89,0.1931330472102982,0.004447091050758207,1.1265694474665295,base,adaptive disabled,1.15,81.1,90,83,70,80,OFF_HOURS,bullish,bullish,FVG,BOS bullish | Vol 1.7x | FVG | ChoCH | Engulfing | BullWick | StrongTrend1h | Zone:FVG | MTF 17 | Risk x1.15,BOS+2 | BodyStrong+1 | 1h+2 | 4h+2 | Vol+1 | RSI+1 | BTC+2 | FVG+1 | ChoCH+1 | Engulfing+1 | BullWick+1 | Zone:FVG+1 | Sess:OFF_HOURS | Strong1h+1 | QualityRisk:1.15,0,0,0.55,bull,1.3566,0.4979,0.271,0.1302,1.301,1.0,0.0823,0.703125,10729,9,1,0.63,5.736,0,1.207,0
ETHUSDT,10737,10756,1715846400,1715864400,LONG,SL,3014.17,3035.872024,3122.68012,2977.99996,-1.0575050511417745,-1.2241717178084413,0.1666666666666668,14,1.55,57.7,0.44380816034358134,0.0027736993694196885,1.2457748770501078,base,adaptive disabled,1.15,78.5,90,100,50,80,LONDON,bullish,bullish,FVG,BOS bullish | Vol 1.6x | FVG | ChoCH | Session:LONDON | StrongTrend1h | Zone:FVG | MTF 14 | Risk x1.15,BOS+2 | 1h+2 | 4h+2 | Vol+1 | RSI+1 | BTC+2 | FVG+1 | ChoCH+1 | Zone:FVG+1 | Sess:LONDON | Strong1h+1 | QualityRisk:1.15,0,1,0.625,bear,1.3177,0.2788,3.333,0.1027,0.812,1.0,0.2171,1.0,10737,7,4,0.011,3.015,1,1.561,1
XLMUSDT,10737,10754,1715846400,1715862600,LONG,SL,0.1076,0.10850461,0.11212307,0.10609231,-1.193879378386802,-1.3544561547798264,0.16057677639302445,14,4.88,70.4,0.6363636363636478,0.003716327985279374,1.3254903159883813,base,adaptive disabled,1.0,84.5,90,100,70,80,LONDON,bullish,bullish,FVG,BOS bullish | Vol 4.9x | FVG | ChoCH | Session:LONDON | StrongTrend1h | Zone:FVG | MTF 14,BOS+2 | 1h+2 | 4h+2 | Vol+2 | BTC+2 | FVG+1 | ChoCH+1 | Zone:FVG+1 | Sess:LONDON | Strong1h+1,0,0,0.275,range,1.2602,0.1105,1.167,0.3691,3.755,1.0,0.6706,1.125,10737,0,1,0.975,6.825,0,0.65,0
BTCUSDT,10755,10771,1715862600,1715877900,LONG,SL,66013.1,66488.39432,68389.5716,65220.9428,-0.5005516897403693,-0.5786766897403686,0.07812499999999915,17,7.59,46.99,0.12676830105754383,0.008076088246822929,3.5779075059950944,base,adaptive disabled,1.0,75.5,90,55,70,80,OVERLAP,bullish,bullish,FVG,BOS bullish | Vol 7.6x | FVG | LiqSweep | ChoCH | Session:OVERLAP | StrongTrend1h | Zone:FVG | MTF 17,BOS+2 | 1h+2 | 4h+2 | Vol+2 | RSI+1 | BTCok+1 | FVG+1 | LiqSweep+1 | ChoCH+1 | Zone:FVG+1 | Sess:OVERLAP | Strong1h+1 | NestedOB_1h+2,0,1,0.45,bear,1.1274,0.8191,0.0,-0.0936,2.133,1.0,-0.2809,0.46875,10755,21,3,1.125,1.356,1,1.475,0
SUIUSDT,10760,10764,1715867100,1715871600,LONG,SL,1.0547,1.0768487,1.1654435,1.0177855,-1.2476042611981721,-1.314568546912458,0.06696428571428578,15,2.61,67.51,0.2132132132132131,0.015842030717644357,1.99003287120826,base,adaptive disabled,1.25,79.5,90,75,70,80,NEW_YORK,bullish,bullish,FVG,BOS bullish | Vol 2.6x | FVG | ChoCH | Session:NEW_YORK | StrongTrend1h | Zone:FVG | MTF 15 | Risk x1.25,BOS+2 | 1h+2 | 4h+2 | Vol+2 | RSI+1 | BTC+2 | FVG+1 | ChoCH+1 | Zone:FVG+1 | Sess:NEW_YORK | Strong1h+1 | QualityRisk:1.15 | RelStrengthRisk:1.25,0,0,0.3,range,1.089,0.2077,0.922,-0.0048,1.592,1.0,0.3784,1.171875,10760,0,1,0.742,4.381,0,1.073,3
SOLUSDT,10804,10824,1715906700,1715925600,LONG,TRAIL,160.86,163.47631599,173.94157996,156.49947335,0.2826017429254687,0.25147577216686795,0.03112597075860074,17,1.95,66.2,0.9112149532710291,0.00633413766871838,0.9470133374897359,base,adaptive disabled,1.25,84.5,90,100,70,80,OFF_HOURS,bullish,bullish,FVG,BOS bullish | Vol 1.9x | FVG | ChoCH | Engulfing | BullWick | StrongTrend1h | Zone:FVG | MTF 17 | Risk x1.25,BOS+2 | BodyStrong+1 | 1h+2 | 4h+2 | Vol+1 | RSI+1 | BTC+2 | FVG+1 | ChoCH+1 | Engulfing+1 | BullWick+1 | Zone:FVG+1 | Sess:OFF_HOURS | Strong1h+1 | QualityRisk:1.15 | RelStrengthRisk:1.25,0,1,0.425,bear,0.2706,1.0664,0.0,0.2234,1.736,1.0,0.3633,0.421875,10803,0,4,2.451,2.146,1,1.61,4
DOTUSDT,10809,10830,1715911200,1715931000,LONG,TRAIL,7.046,7.15946346,7.6133173,6.85689423,0.601799776598701,0.5598827584135869,0.041917018185114015,15,1.71,65.48,0.3373493975903592,0.005190712548653824,0.9883397271833875,base,adaptive disabled,1.15,87.5,90,100,80,80,OFF_HOURS,bullish,bullish,OB,BOS bullish | Vol 1.7x | FVG | OB | ChoCH | StrongTrend1h | Zone:OB | MTF 15 | Risk x1.15,BOS+2 | BodyStrong+1 | 1h+2 | 4h+2 | Vol+1 | RSI+1 | BTCok+1 | FVG+1 | OB+1 | ChoCH+1 | Zone:OB+1 | Sess:OFF_HOURS | Strong1h+1 | QualityRisk:1.15,0,0,0.575,bull,0.2485,1.5952,0.496,0.2697,2.078,1.0,0.496,0.5625,10807,5,3,0.44,2.052,1,1.026,0
SUIUSDT,10811,10815,1715913000,1715917500,LONG,TRAIL,1.0274,1.04252083,1.10300415,1.00219862,0.9416737995118412,0.8805223863749418,0.06115141313689926,17,1.57,53.7,0.12471655328798378,0.008486685083578423,1.1058472944157314,base,adaptive disabled,1.15,73.3,90,74,50,80,OFF_HOURS,bullish,bullish,FVG,BOS bullish | Vol 1.6x | FVG | LiqSweep | MACD_Div | ChoCH | Engulfing | StrongTrend1h | Zone:FVG | MTF 17 | Risk x1.15,BOS+2 | 1h+2 | 4h+2 | Vol+1 | RSI+1 | BTC+2 | FVG+1 | LiqSweep+1 | MACD_Div+1 | ChoCH+1 | Engulfing+1 | Zone:FVG+1 | Sess:OFF_HOURS | Strong1h+1 | QualityRisk:1.15,0,0,0.475,range,0.0079,1.8187,3.056,0.1924,1.574,1.0,0.0173,0.75,10810,0,1,0.101,3.177,0,0.937,1
LINKUSDT,10812,10818,1715913900,1715920200,LONG,TRAIL,15.711,16.01206006,17.21630028,15.20923324,0.6395168127479761,0.5661308111523344,0.07338600159564168,16,1.59,59.83,0.1396825396825402,0.017940401747869154,1.6697237438622348,base,adaptive disabled,1.15,79.7,90,76,70,80,OFF_HOURS,bullish,bullish,FVG,BOS bullish | Vol 1.6x | FVG | ChoCH | Engulfing | StrongTrend1h | Zone:FVG | MTF 16 | Risk x1.15,BOS+2 | BodyStrong+1 | 1h+2 | 4h+2 | Vol+1 | RSI+1 | BTC+2 | FVG+1 | ChoCH+1 | Engulfing+1 | Zone:FVG+1 | Sess:OFF_HOURS | Strong1h+1 | QualityRisk:1.15,0,0,0.525,bull,0.2451,1.1194,0.0,0.0357,1.038,1.0,-0.2015,1.171875,10812,5,1,0.838,0.426,1,0.934,0
XRPUSDT,10812,10830,1715913900,1715931000,LONG,TRAIL,0.5161,0.51981592,0.5346796,0.5099068,1.2236729850280166,1.004922985028017,0.21874999999999967,14,1.3,53.7,0.17777777777778492,0.0030319207777555874,1.3022099742987077,base,adaptive disabled,1.15,70.2,60,81,70,80,OFF_HOURS,neutral,bullish,FVG,BOS bullish | Vol 1.3x | FVG | ChoCH | BullWick | Zone:FVG | MTF 14 | Risk x1.15,BOS+2 | BodyStrong+1 | 1hN+1 | 4h+2 | Vol+1 | RSI+1 | BTC+2 | FVG+1 | ChoCH+1 | BullWick+1 | Zone:FVG+1 | Sess:OFF_HOURS | QualityRisk:1.15,0,1,0.525,bear,0.1776,1.2917,0.0,0.3079,1.206,1.0,0.1956,1.3125,10812,0,1,0.308,2.236,1,0.925,0
AVAXUSDT,10816,10828,1715917500,1715929200,LONG,TRAIL,34.746,35.14078214,36.71991071,34.08802976,1.3548491895753714,1.2756374003005257,0.0792117892748457,15,1.41,61.37,0.4138266796494556,0.006826918935455767,1.5346644283307185,base,adaptive disabled,1.0,78.5,90,100,50,80,OFF_HOURS,bullish,bullish,FVG,BOS bullish | Vol 1.4x | FVG | ChoCH | Engulfing | StrongTrend1h | Zone:FVG | MTF 15,BOS+2 | 1h+2 | 4h+2 | Vol+1 | RSI+1 | BTC+2 | FVG+1 | ChoCH+1 | Engulfing+1 | Zone:FVG+1 | Sess:OFF_HOURS | Strong1h+1,0,0,0.525,bull,0.1018,1.4666,0.0,0.1903,1.283,1.0,0.183,0.75,10816,0,1,0.712,1.23,1,0.735,0
ADAUSDT,10822,10830,1715922900,1715931000,LONG,TRAIL,0.463,0.4689226,0.492613,0.453129,0.8866073592899507,0.8338391493821401,0.052768209907810656,16,2.57,62.91,0.4821428571428615,0.0068263029460252644,1.7460165983515095,base,adaptive disabled,1.15,90.5,90,100,90,80,OFF_HOURS,bullish,bullish,FVG,BOS bullish | Vol 2.6x | FVG | ChoCH | Engulfing | StrongTrend1h | Zone:FVG | MTF 16 | Risk x1.15,BOS+2 | BodyStrong+1 | 1h+2 | 4h+2 | Vol+2 | RSI+1 | BTCok+1 | FVG+1 | ChoCH+1 | Engulfing+1 | Zone:FVG+1 | Sess:OFF_HOURS | Strong1h+1 | RelStrengthRisk:1.15,0,0,0.5,range,0.0203,2.0768,0.0,0.1294,1.614,1.0,0.0753,0.5625,10820,0,3,0.966,2.511,1,0.29,0
AAVEUSDT,10825,10829,1715925600,1715930100,LONG,TRAIL,85.84,86.59001229,89.59006147,84.58997951,0.9511942236244193,0.8739394899840128,0.07725473364040635,16,1.86,56.06,0.231884057971023,0.0033253824373233854,0.9855745534078806,base,adaptive disabled,1.15,81.9,90,87,70,80,OFF_HOURS,bullish,bullish,FVG,BOS bullish | Vol 1.9x | FVG | ChoCH | BullWick | StrongTrend1h | Zone:FVG | MTF 16 | Risk x1.15,BOS+2 | BodyStrong+1 | 1h+2 | 4h+2 | Vol+1 | RSI+1 | BTC+2 | FVG+1 | ChoCH+1 | BullWick+1 | Zone:FVG+1 | Sess:OFF_HOURS | Strong1h+1 | QualityRisk:1.15,0,0,0.625,range,0.096,1.84,8.0,0.108,3.596,1.0,0.1524,0.5625,10822,10,1,0.387,1.871,1,0.968,0
BTCUSDT,10830,10863,1715930100,1715960700,LONG,TRAIL,66260.0,67025.26524337,70086.32621684,64984.55792772,0.3956018218947168,0.35176849052274783,0.04383333137196899,14,3.81,71.21,0.6950400000000005,0.0052220686105099974,2.167326714359172,base,adaptive disabled,1.0,82.5,90,90,70,80,LONDON,bullish,bullish,FVG,BOS bullish | Vol 3.8x | FVG | ChoCH | Session:LONDON | StrongTrend1h | Zone:FVG | MTF 14,BOS+2 | 1h+2 | 4h+2 | Vol+2 | BTC+2 | FVG+1 | ChoCH+1 | Zone:FVG+1 | Sess:LONDON | Strong1h+1,0,0,0.65,bull,0.3494,1.5197,4.563,0.1344,3.162,1.0,0.3134,0.421875,10830,0,2,2.132,0.56,1,1.048,0
XRPUSDT,10830,10862,1715930100,1715959800,LONG,TRAIL,0.52,0.52437533,0.54187667,0.51270778,0.9981768186123481,0.8377318512361597,0.1604449673761884,16,2.74,71.79,0.5555555555555658,0.005323113040133133,2.294705313494358,base,adaptive disabled,1.0,82.5,90,90,70,80,LONDON,bullish,bullish,FVG,BOS bullish | Vol 2.7x | FVG | LiqSweep | ChoCH | BullWick | Session:LONDON | StrongTrend1h | Zone:FVG | MTF 16,BOS+2 | 1h+2 | 4h+2 | Vol+2 | BTC+2 | FVG+1 | LiqSweep+1 | ChoCH+1 | BullWick+1 | Zone:FVG+1 | Sess:LONDON | Strong1h+1,0,0,0.425,range,0.3017,1.3256,2.353,0.4025,2.155,1.0,0.2152,1.125,10830,0,1,2.077,0.268,1,2.077,4
XLMUSDT,10852,10863,1715949900,1715960700,LONG,TRAIL,0.1082,0.10897904,0.1120952,0.1069016,1.0043393552451458,0.7855893552451467,0.21874999999999914,15,1.77,62.64,0.4000000000000028,0.004012949570782738,1.444661846819461,base,adaptive disabled,1.0,84.5,90,100,70,80,OVERLAP,bullish,bullish,FVG,BOS bullish | Vol 1.8x | FVG | ChoCH | Session:OVERLAP | StrongTrend1h | Zone:FVG | MTF 15,BOS+2 | BodyStrong+1 | 1h+2 | 4h+2 | Vol+1 | RSI+1 | BTC+2 | FVG+1 | ChoCH+1 | Zone:FVG+1 | Sess:OVERLAP | Strong1h+1,0,0,0.5,range,0.6932,1.0269,0.0,0.1993,2.861,1.0,0.1621,1.3125,10851,0,1,0.93,4.651,0,1.55,3
BTCUSDT,10863,11054,1715959800,1716132600,LONG,EXPIRED,67168.6,68153.20477,72091.62385001,65527.59205,0.0,-0.0287798251525837,0.0287798251525837,15,2.12,68.37,0.4396157157746865,0.006290986711695802,2.1998906734767885,base,adaptive disabled,1.0,88.5,90,90,90,80,NEW_YORK,bullish,bullish,FVG,BOS bullish | Vol 2.1x | FVG | ChoCH | Session:NEW_YORK | StrongTrend1h | Zone:FVG | MTF 15,BOS+2 | BodyStrong+1 | 1h+2 | 4h+2 | Vol+2 | BTC+2 | FVG+1 | ChoCH+1 | Zone:FVG+1 | Sess:NEW_YORK | Strong1h+1,0,1,0.625,bear,0.5804,0.6352,0.0,0.1709,2.086,1.0,0.3729,0.3515625,10863,0,3,2.247,-1.0,0,0.787,0
ETHUSDT,10863,11054,1715959800,1716132600,LONG,EXPIRED,3098.0,3154.21353665,3379.06768326,3004.31077225,0.0,-0.06613353689426683,0.06613353689426683,14,1.66,68.12,0.17054035500637352,0.007235666267840349,1.7829293977931477,base,adaptive disabled,1.0,80.5,90,80,70,80,NEW_YORK,bullish,bullish,FVG,BOS bullish | Vol 1.7x | FVG | ChoCH | Session:NEW_YORK | StrongTrend1h | Zone:FVG | MTF 14,BOS+2 | BodyStrong+1 | 1h+2 | 4h+2 | Vol+1 | BTC+2 | FVG+1 | ChoCH+1 | Zone:FVG+1 | Sess:NEW_YORK | Strong1h+1,0,0,0.575,bull,0.3819,0.8791,0.37,0.2787,1.276,1.0,0.2934,1.0,10863,0,1,0.403,-1.0,0,1.05,0
SOLUSDT,10863,10906,1715959800,1715999400,LONG,TRAIL,169.32,172.15441051,183.49205256,164.59598248,1.0212281497882252,0.9540236996235271,0.06720445016469809,17,3.0,60.61,0.23699421965317982,0.009425123801179934,1.5006275542279885,base,adaptive disabled,1.15,82.1,90,88,70,80,NEW_YORK,bullish,bullish,FVG,BOS bullish | Vol 3.0x | FVG | LiqSweep | ChoCH | Engulfing | Session:NEW_YORK | StrongTrend1h | Zone:FVG | MTF 17 | Risk x1.15,BOS+2 | 1h+2 | 4h+2 | Vol+2 | RSI+1 | BTC+2 | FVG+1 | LiqSweep+1 | ChoCH+1 | Engulfing+1 | Zone:FVG+1 | Sess:NEW_YORK | Strong1h+1 | QualityRisk:1.15,0,0,0.375,range,0.6478,1.4712,0.0,0.0183,2.26,1.0,0.0196,0.9375,10863,0,1,0.498,0.49,1,0.988,0
AAVEUSDT,10866,11043,1715962500,1716122700,LONG,SL,88.79,90.29906197,96.33530986,86.27489671,-0.8021539346004347,-0.8551080222236112,0.052954087623176424,15,1.47,68.39,0.29599999999999627,0.006154164821565379,1.3274983824874687,base,adaptive disabled,1.15,77.5,90,95,50,80,NEW_YORK,bullish,bullish,FVG,BOS bullish | Vol 1.5x | FVG | ChoCH | Engulfing | BullWick | Session:NEW_YORK | StrongTrend1h | Zone:FVG | MTF 15 | Risk x1.15,BOS+2 | 1h+2 | 4h+2 | Vol+1 | BTC+2 | FVG+1 | ChoCH+1 | Engulfing+1 | BullWick+1 | Zone:FVG+1 | Sess:NEW_YORK | Strong1h+1 | QualityRisk:1.15,0,0,0.325,bull,1.0775,0.8283,0.974,0.2096,1.751,1.0,0.1695,0.75,10863,0,2,1.183,3.72,0,1.097,0
AVAXUSDT,10866,10910,1715962500,1716003000,LONG,TRAIL,36.907,37.35797195,39.16185975,36.15538008,0.56425806500545,0.4660515140135598,0.09820655099189013,16,1.81,62.99,0.22934472934472333,0.008117791371018106,1.3640841427482306,base,adaptive disabled,1.0,81.9,90,87,70,80,NEW_YORK,bullish,bullish,FVG,BOS bullish | Vol 1.8x | FVG | ChoCH | BullWick | Session:NEW_YORK | StrongTrend1h | Zone:FVG | MTF 16,BOS+2 | BodyStrong+1 | 1h+2 | 4h+2 | Vol+1 | RSI+1 | BTC+2 | FVG+1 | ChoCH+1 | BullWick+1 | Zone:FVG+1 | Sess:NEW_YORK | Strong1h+1,0,0,0.375,range,0.906,1.3571,0.0,0.0378,2.156,1.0,0.0733,1.0,10863,1,1,0.307,2.032,0,1.161,1
XLMUSDT,10867,11029,1715963400,1716110100,LONG,SL,0.1089,0.11009248,0.11486241,0.10691253,-1.0063044976779578,-1.1158910574750873,0.1095865597971295,16,2.89,66.72,0.3333333333333295,0.004288097585306026,1.5408564004159537,base,adaptive disabled,1.15,84.3,90,99,70,80,NEW_YORK,bullish,bullish,FVG,BOS bullish | Vol 2.9x | FVG | ChoCH | Engulfing | Session:NEW_YORK | StrongTrend1h | Zone:FVG | MTF 16 | Risk x1.15,BOS+2 | 1h+2 | 4h+2 | Vol+2 | RSI+1 | BTC+2 | FVG+1 | ChoCH+1 | Engulfing+1 | Zone:FVG+1 | Sess:NEW_YORK | Strong1h+1 | RelStrengthRisk:1.15,0,0,0.375,range,1.0063,0.5032,4.0,0.1527,3.729,1.0,0.2194,1.0,10863,0,1,0.774,2.065,1,0.774,0
AVAXUSDT,10907,10913,1715999400,1716005700,LONG,TRAIL,37.043,37.58914876,39.77374382,36.13275206,0.3599483133047533,0.3141658696773608,0.04578244362739244,13,1.69,71.68,0.7656612529002201,0.00662802567580387,1.5135775900451294,base,adaptive disabled,1.15,78.5,90,100,50,80,OFF_HOURS,bullish,bullish,FVG,BOS bullish | Vol 1.7x | FVG | ChoCH | BullWick | StrongTrend1h | Zone:FVG | MTF 13 | Risk x1.15,BOS+2 | 1h+2 | 4h+2 | Vol+1 | BTCok+1 | FVG+1 | ChoCH+1 | BullWick+1 | Zone:FVG+1 | Sess:OFF_HOURS | Strong1h+1 | RelStrengthRisk:1.15,0,0,0.35,range,0.0099,1.1352,5.41,0.3532,1.096,1.0,0.5124,0.5625,10907,1,4,2.082,0.431,1,1.708,0
ADAUSDT,10912,10951,1716003900,1716039900,LONG,SL,0.4843,0.48848608,0.50523042,0.47732319,-0.6046817958350599,-0.6827744341611717,0.0780926383261118,17,1.66,65.25,0.5909090909090944,0.0033024282179164575,1.1365070826588415,base,adaptive disabled,1.25,84.5,90,100,70,80,OFF_HOURS,bullish,bullish,FVG,BOS bullish | Vol 1.7x | FVG | ChoCH | Engulfing | BullWick | StrongTrend1h | Zone:FVG | MTF 17 | Risk x1.25,BOS+2 | BodyStrong+1 | 1h+2 | 4h+2 | Vol+1 | RSI+1 | BTC+2 | FVG+1 | ChoCH+1 | Engulfing+1 | BullWick+1 | Zone:FVG+1 | Sess:OFF_HOURS | Strong1h+1 | QualityRisk:1.15 | RelStrengthRisk:1.25,0,0,0.45,bull,1.2183,0.4061,0.0,0.2109,1.745,-1.0,-0.2462,0.5625,10912,0,1,1.015,3.298,0,1.268,2
BTCUSDT,10927,11036,1716017400,1716116400,LONG,TRAIL,67005.4,67487.83888,69417.5944,66201.3352,0.41234836522581303,0.31859836522581225,0.09375000000000082,16,2.46,56.16,0.21617573639542614,0.003228903183759979,1.8583074824556463,base,adaptive disabled,1.15,85.5,90,75,90,80,LONDON,bullish,bullish,FVG,BOS bullish | Vol 2.5x | FVG | ChoCH | Engulfing | Session:LONDON | StrongTrend1h | Zone:FVG | MTF 16 | Risk x1.15,BOS+2 | BodyStrong+1 | 1h+2 | 4h+2 | Vol+2 | RSI+1 | BTCok+1 | FVG+1 | ChoCH+1 | Engulfing+1 | Zone:FVG+1 | Sess:LONDON | Strong1h+1 | QualityRisk:1.15,0,1,0.5,bear,0.5498,1.6346,0.0,0.0611,1.818,1.0,0.1819,0.5625,10927,0,1,0.098,0.51,1,1.751,0
LINKUSDT,10955,10957,1716042600,1716045300,LONG,TRAIL,16.243,16.40376193,17.04680963,15.97506346,0.8261343765371931,0.674577966948564,0.1515564095886292,14,1.48,54.37,0.2,0.006273123913058994,1.116340314820917,base,adaptive disabled,1.25,75.3,90,84,50,80,NEW_YORK,bullish,bullish,FVG,BOS bullish | Vol 1.5x | FVG | ChoCH | BullWick | Session:NEW_YORK | StrongTrend1h | Zone:FVG | MTF 14 | Risk x1.25,BOS+2 | 1h+2 | 4h+2 | Vol+1 | RSI+1 | BTCok+1 | FVG+1 | ChoCH+1 | BullWick+1 | Zone:FVG+1 | Sess:NEW_YORK | Strong1h+1 | QualityRisk:1.15 | RelStrengthRisk:1.25,0,1,0.475,bear,0.0149,1.269,0.0,0.067,1.479,1.0,0.2597,1.25,10953,32,4,0.386,1.564,1,2.168,2
LINKUSDT,10995,11002,1716078600,1716085800,LONG,TRAIL,16.351,16.50094224,17.10071118,16.10109627,0.6928240131642472,0.5701442716493846,0.12267974151486266,16,1.32,62.42,0.6837944664031882,0.003747128841906422,0.803463310632687,base,adaptive disabled,1.15,84.5,90,100,70,80,OFF_HOURS,bullish,bullish,FVG,BOS bullish | Vol 1.3x | FVG | MACD_Div | ChoCH | BullWick | StrongTrend1h | Zone:FVG | MTF 16 | Risk x1.15,BOS+2 | BodyStrong+1 | 1h+2 | 4h+2 | Vol+1 | RSI+1 | BTCok+1 | FVG+1 | MACD_Div+1 | ChoCH+1 | BullWick+1 | Zone:FVG+1 | Sess:OFF_HOURS | Strong1h+1 | QualityRisk:1.15,0,1,0.575,bear,0.1361,1.0671,0.0,-0.0114,1.677,1.0,0.2417,0.9375,10994,0,1,0.561,0.288,1,1.715,6
SOLUSDT,11005,11040,1716087600,1716120000,LONG,SL,174.0,175.7937227,182.9686135,171.01046217,-0.5625869601389226,-0.6280653086768304,0.06547834853790786,14,1.62,63.62,0.4926253687315576,0.0028521835924754393,0.7663460790036726,base,adaptive disabled,1.15,76.5,90,90,50,80,OFF_HOURS,bullish,bullish,FVG,BOS bullish | Vol 1.6x | FVG | ChoCH | BullWick | StrongTrend1h | Zone:FVG | MTF 14 | Risk x1.15,BOS+2 | 1h+2 | 4h+2 | Vol+1 | RSI+1 | BTCok+1 | FVG+1 | ChoCH+1 | BullWick+1 | Zone:FVG+1 | Sess:OFF_HOURS | Strong1h+1 | QualityRisk:1.15,0,0,0.425,bull,1.047,0.8139,4.175,0.335,2.092,1.0,0.4028,0.5625,11005,0,1,0.549,0.178,1,2.195,6
ETHUSDT,11036,11052,1716115500,1716130800,LONG,SL,3107.02,3129.390544,3218.87272,3069.73576,-2.114264632992386,-2.4423896329923864,0.3281250000000004,18,2.4,43.66,0.1322174158360002,0.004540815140510695,2.202486908786467,base,adaptive disabled,1.0,73.0,60,65,90,80,LONDON,neutral,bullish,FVG,BOS bullish | Vol 2.4x | FVG | LiqSweep | MACD_Div | ChoCH | Session:LONDON | Zone:FVG | MTF 18,BOS+2 | BodyStrong+1 | 1hN+1 | 4h+2 | Vol+2 | RSI+1 | BTC+2 | FVG+1 | LiqSweep+1 | MACD_Div+1 | ChoCH+1 | Zone:FVG+1 | Sess:LONDON | NestedOB_1h+2,0,1,0.5,bear,1.2016,0.0434,1.075,0.02,0.998,1.0,-0.1491,1.96875,11036,3,1,1.589,1.647,1,3.294,0
LINKUSDT,11057,11063,1716134400,1716140700,LONG,TRAIL,16.745,17.096645,18.503225,16.158925,0.7323694430710347,0.6430837287853206,0.08928571428571414,15,2.81,63.97,0.5474452554744492,0.013831914180539815,1.9698064451071438,base,adaptive disabled,1.15,88.5,90,90,90,80,NEW_YORK,bullish,bullish,FVG,BOS bullish | Vol 2.8x | FVG | ChoCH | Session:NEW_YORK | StrongTrend1h | Zone:FVG | MTF 15 | Risk x1.15,BOS+2 | BodyStrong+1 | 1h+2 | 4h+2 | Vol+2 | RSI+1 | BTCok+1 | FVG+1 | ChoCH+1 | Zone:FVG+1 | Sess:NEW_YORK | Strong1h+1 | RelStrengthRisk:1.15,0,0,0.475,range,0.186,1.1119,0.0,-0.0289,1.67,1.0,0.1383,1.5625,11055,0,1,0.916,-1.0,0,1.407,0
DOTUSDT,11079,11096,1716154200,1716170400,SHORT,TRAIL,6.939,6.87768877,6.63244386,7.04118538,0.5658424813334709,0.41305399045542146,0.15278849087804944,13,2.23,39.94,0.269230769230764,0.0056818727494881175,1.3490659865057637,base,adaptive disabled,1.0,74.2,65,92,70,80,DEAD_ZONE,bearish,neutral,FVG,BOS bearish | Vol 2.2x | FVG | ChoCH | StrongTrend1h | Zone:FVG | MTF 13,BOS+2 | 1h+2 | 4hN+1 | Vol+2 | RSI+1 | BTCok+1 | FVG+1 | ChoCH+1 | Zone:FVG+1 | Sess:DEAD_ZONE | Strong1h+1,0,0,0.425,bear,0.2642,1.4353,1.556,0.0817,1.434,1.0,-0.0887,1.125,11079,1,1,0.298,1.093,1,1.06,0
SOLUSDT,11104,11109,1716176700,1716182100,LONG,TRAIL,171.83,175.05926762,187.97633808,166.44788731,0.9185603594782794,0.8714194412202115,0.0471409182580678,16,1.57,67.1,0.537750385208013,0.007515224008295451,1.3047349109919548,base,adaptive disabled,1.25,74.0,60,100,70,80,OFF_HOURS,neutral,bullish,FVG,BOS bullish | Vol 1.6x | FVG | ChoCH | BullWick | Zone:FVG | MTF 16 | Risk x1.25,BOS+2 | BodyStrong+1 | 1hN+1 | 4h+2 | Vol+1 | RSI+1 | BTC+2 | FVG+1 | ChoCH+1 | BullWick+1 | Zone:FVG+1 | Sess:OFF_HOURS | NestedOB_1h+2 | QualityRisk:1.15 | RelStrengthRisk:1.25,0,1,0.5,bear,0.0093,1.1798,0.0,0.2768,1.464,1.0,0.4083,0.73828125,11099,0,1,1.557,0.736,1,0.795,0
LINKUSDT,11108,11180,1716180300,1716246000,LONG,TRAIL,16.972,17.328412,18.75406,16.37798,0.4682476052057378,0.4146761766343093,0.053571428571428534,15,3.21,62.43,0.450704225352111,0.009785956484071538,1.1634803262739486,base,adaptive disabled,1.15,87.5,90,100,80,80,OFF_HOURS,bullish,bullish,OB,BOS bullish | Vol 3.2x | OB | ChoCH | StrongTrend1h | Zone:OB | MTF 15 | Risk x1.15,BOS+2 | 1h+2 | 4h+2 | Vol+2 | RSI+1 | BTC+2 | OB+1 | ChoCH+1 | Zone:OB+1 | Sess:OFF_HOURS | Strong1h+1 | QualityRisk:1.15,0,0,0.55,bull,1.0505,1.0578,4.518,-0.0228,1.878,1.0,0.4249,0.9375,11108,6,1,0.127,0.647,1,0.967,0
XLMUSDT,11153,11157,1716220800,1716225300,LONG,TRAIL,0.1067,0.10750863,0.11074314,0.10535229,0.6749393493893124,0.46711459480561146,0.20782475458370095,13,4.3,59.64,0.41666666666666474,0.0028072369754722627,0.9937618902528982,base,adaptive disabled,1.15,74.0,60,100,70,80,NEW_YORK,neutral,bullish,FVG,BOS bullish | Vol 4.3x | FVG | ChoCH | Session:NEW_YORK | Zone:FVG | MTF 13 | Risk x1.15,BOS+2 | 1hN+1 | 4h+2 | Vol+2 | RSI+1 | BTC+2 | FVG+1 | ChoCH+1 | Zone:FVG+1 | Sess:NEW_YORK | QualityRisk:1.15,0,0,0.4,range,0.0,1.113,0.0,-0.0239,3.736,1.0,0.4404,1.3125,11153,2,4,1.726,0.575,1,0.863,1
ETHUSDT,11156,11165,1716223500,1716232500,LONG,TP2,3132.37,3175.8239312,3349.63965602,3059.94678133,2.2500000001035567,2.1851236374358165,0.06487636266774048,15,1.37,65.44,0.5706707532712556,0.006083032994573041,1.780203062130614,base,adaptive disabled,1.0,84.5,90,100,70,80,NEW_YORK,bullish,bullish,FVG,BOS bullish | Vol 1.4x | FVG | ChoCH | Session:NEW_YORK | StrongTrend1h | Zone:FVG | MTF 15,BOS+2 | BodyStrong+1 | 1h+2 | 4h+2 | Vol+1 | RSI+1 | BTC+2 | FVG+1 | ChoCH+1 | Zone:FVG+1 | Sess:NEW_YORK | Strong1h+1,0,0,0.475,range,0.0874,5.1521,0.0,0.0642,1.237,1.0,0.1959,0.75,11156,0,6,2.41,0.145,1,0.884,0
SOLUSDT,11169,11186,1716235200,1716251400,LONG,TRAIL,183.68,187.53728,202.9664,177.2512,0.7251115640246237,0.6748883497389094,0.05022321428571433,16,2.58,61.84,0.23293768545994192,0.020633566981858798,3.530919149772598,base,adaptive disabled,1.15,83.9,90,67,90,80,DEAD_ZONE,bullish,bullish,FVG,BOS bullish | Vol 2.6x | FVG | ChoCH | Engulfing | StrongTrend1h | Zone:FVG | MTF 16 | Risk x1.15,BOS+2 | BodyStrong+1 | 1h+2 | 4h+2 | Vol+2 | RSI+1 | BTCok+1 | FVG+1 | ChoCH+1 | Engulfing+1 | Zone:FVG+1 | Sess:DEAD_ZONE | Strong1h+1 | QualityRisk:1.15,0,0,0.35,bull,0.2178,1.1459,0.833,0.1599,1.15,1.0,0.4121,0.87890625,11169,0,2,1.206,-1.0,0,1.345,0
AVAXUSDT,11205,11239,1716267600,1716299100,LONG,TRAIL,40.509,41.22163316,44.07216581,39.32127806,0.0,-0.0599527752787827,0.0599527752787827,16,2.87,67.66,0.3685714285714275,0.01350063830927141,1.5753968342304687,base,adaptive disabled,1.15,90.5,90,100,90,80,OFF_HOURS,bullish,bullish,FVG,BOS bullish | Vol 2.9x | FVG | ChoCH | StrongTrend1h | Zone:FVG | MTF 16 | Risk x1.15,BOS+2 | BodyStrong+1 | 1h+2 | 4h+2 | Vol+2 | RSI+1 | BTC+2 | FVG+1 | ChoCH+1 | Zone:FVG+1 | Sess:OFF_HOURS | Strong1h+1 | RelStrengthRisk:1.15,0,0,0.525,range,0.2938,1.284,0.0,-0.0004,1.678,-1.0,-0.0006,0.87890625,11205,18,3,1.923,0.653,1,1.225,1
XRPUSDT,11212,11221,1716273900,1716282900,LONG,TRAIL,0.5349,0.5434,0.5541564,0.5284812,1.3855886038460326,1.2605886038460337,0.12499999999999889,15,1.44,57.17,0.20879120879120772,0.0034721367609584935,0.8443605306636476,base,adaptive disabled,1.15,84.5,90,85,80,80,OFF_HOURS,bullish,bullish,OB,BOS bullish | Vol 1.4x | FVG | OB | ChoCH | StrongTrend1h | Zone:OB | MTF 15 | Risk x1.15,BOS+2 | BodyStrong+1 | 1h+2 | 4h+2 | Vol+1 | RSI+1 | BTCok+1 | FVG+1 | OB+1 | ChoCH+1 | Zone:OB+1 | Sess:OFF_HOURS | Strong1h+1 | QualityRisk:1.15,0,1,0.425,bear,0.0312,1.1529,1.583,0.08,1.58,1.0,0.189,0.75,11210,29,1,0.241,2.886,1,1.347,0
DOTUSDT,11221,11240,1716282000,1716300000,LONG,TRAIL,7.535,7.61987236,7.95936179,7.39354607,0.7066130368854527,0.6267106969504647,0.07990233993498805,17,1.53,56.94,0.23671497584541262,0.004281087006225725,0.7651933370515259,base,adaptive disabled,1.15,77.1,90,78,60,80,LONDON,bullish,bullish,OB,BOS bullish | Vol 1.5x | FVG | OB | MACD_Div | ChoCH | BullWick | Session:LONDON | StrongTrend1h | Zone:OB | MTF 17 | Risk x1.15,BOS+2 | 1h+2 | 4h+2 | Vol+1 | RSI+1 | BTC+2 | FVG+1 | OB+1 | MACD_Div+1 | ChoCH+1 | BullWick+1 | Zone:OB+1 | Sess:LONDON | Strong1h+1 | QualityRisk:1.15,0,0,0.425,bull,0.2898,1.5671,0.0,0.0544,1.211,-1.0,-0.0556,0.75,11218,5,1,0.027,3.21,0,1.097,0
ADAUSDT,11223,11243,1716283800,1716302700,LONG,TRAIL,0.5006,0.5102,0.52613381,0.49208873,0.5189147125230643,0.45274656135408536,0.06616815116897894,15,1.32,62.45,0.2602739726027309,0.004036647317103014,0.7505173902182781,base,adaptive disabled,1.15,74.7,90,81,50,80,LONDON,bullish,bullish,FVG,BOS bullish | Vol 1.3x | FVG | ChoCH | BullWick | Session:LONDON | StrongTrend1h | Zone:FVG | MTF 15 | Risk x1.15,BOS+2 | 1h+2 | 4h+2 | Vol+1 | RSI+1 | BTC+2 | FVG+1 | ChoCH+1 | BullWick+1 | Zone:FVG+1 | Sess:LONDON | Strong1h+1 | RelStrengthRisk:1.15,0,0,0.475,range,0.4347,1.0938,1.9,0.2308,1.225,1.0,0.3343,0.5625,11220,3,4,1.41,2.405,1,1.7,0
BTCUSDT,11226,11246,1716286500,1716305400,LONG,SL,71060.0,71571.632,73618.16,70207.28,-0.38642520405291125,-0.44892520405291114,0.06249999999999992,16,1.49,54.71,0.27027333560168276,0.003466619781345288,1.2304982499692416,base,adaptive disabled,1.15,82.9,90,92,70,80,LONDON,bullish,bullish,FVG,BOS bullish | Vol 1.5x | FVG | ChoCH | Engulfing | Session:LONDON | StrongTrend1h | Zone:FVG | MTF 16 | Risk x1.15,BOS+2 | BodyStrong+1 | 1h+2 | 4h+2 | Vol+1 | RSI+1 | BTC+2 | FVG+1 | ChoCH+1 | Engulfing+1 | Zone:FVG+1 | Sess:LONDON | Strong1h+1 | QualityRisk:1.15,0,0,0.55,range,1.2265,0.772,0.0,0.052,1.248,1.0,0.2562,0.375,11226,18,1,0.144,1.303,1,0.528,0
SOLUSDT,11229,11236,1716289200,1716296400,LONG,SL,182.37,184.20297372,188.4,179.3150438,-0.6223493482492489,-0.6895078397523351,0.06715849150308621,18,1.88,55.12,0.5647382920110197,0.0047992896965104925,0.7444498200907929,base,adaptive disabled,1.25,82.5,90,90,70,80,LONDON,bullish,bullish,FVG,BOS bullish | Vol 1.9x | FVG | LiqSweep | MACD_Div | ChoCH | Engulfing | Session:LONDON | StrongTrend1h | Zone:FVG | MTF 18 | Risk x1.25,BOS+2 | BodyStrong+1 | 1h+2 | 4h+2 | Vol+1 | RSI+1 | BTC+2 | FVG+1 | LiqSweep+1 | MACD_Div+1 | ChoCH+1 | Engulfing+1 | Zone:FVG+1 | Sess:LONDON | Strong1h+1 | QualityRisk:1.15 | RelStrengthRisk:1.25,0,1,0.475,bear,1.2308,0.4255,0.0,0.0279,1.585,1.0,0.0327,0.5625,11224,0,1,0.882,4.995,0,0.872,2
AAVEUSDT,11232,11243,1716291900,1716302700,LONG,SL,98.35,100.16,101.96537795,97.14487402,-1.8006416225463888,-2.0862756605745147,0.28563403802812587,17,1.93,58.16,0.2579710144927557,0.007090624116222528,1.2562007525189416,base,adaptive disabled,1.15,82.5,90,90,70,80,OVERLAP,bullish,bullish,FVG,BOS bullish | Vol 1.9x | FVG | LiqSweep | ChoCH | BullWick | Session:OVERLAP | StrongTrend1h | Zone:FVG | MTF 17 | Risk x1.15,BOS+2 | BodyStrong+1 | 1h+2 | 4h+2 | Vol+1 | RSI+1 | BTC+2 | FVG+1 | LiqSweep+1 | ChoCH+1 | BullWick+1 | Zone:FVG+1 | Sess:OVERLAP | Strong1h+1 | QualityRisk:1.15,0,1,0.325,bear,1.1368,0.4365,0.0,0.242,1.248,1.0,0.1396,1.75,11229,19,4,0.706,0.084,1,1.596,0
XRPUSDT,11243,11246,1716301800,1716305400,LONG,TRAIL,0.5472,0.55291695,0.57578473,0.53767176,0.7744952225796502,0.6883512967339532,0.08614392584569691,14,2.08,59.51,0.2294372294372303,0.005422289298893654,1.2633934068779293,base,adaptive disabled,1.25,81.9,90,87,70,80,NEW_YORK,bullish,bullish,FVG,BOS bullish | Vol 2.1x | FVG | ChoCH | Session:NEW_YORK | StrongTrend1h | Zone:FVG | MTF 14 | Risk x1.25,BOS+2 | 1h+2 | 4h+2 | Vol+2 | RSI+1 | BTCok+1 | FVG+1 | ChoCH+1 | Zone:FVG+1 | Sess:NEW_YORK | Strong1h+1 | QualityRisk:1.15 | RelStrengthRisk:1.25,0,0,0.5,range,0.021,1.7667,10.0,0.0442,2.331,-1.0,-0.0846,0.75,11243,0,4,0.726,-1.0,0,1.057,0
ADAUSDT,11247,11269,1716305400,1716326100,LONG,SL,0.5006,0.5102,0.52306963,0.49311012,-1.314273392898143,-1.470922264442145,0.15664887154400214,14,4.64,55.03,0.12686567164178927,0.012988219861714426,2.7204908857428247,base,adaptive disabled,1.25,77.5,90,65,70,80,NEW_YORK,bullish,bullish,FVG,BOS bullish | Vol 4.6x | FVG | ChoCH | Session:NEW_YORK | StrongTrend1h | Zone:FVG | MTF 14 | Risk x1.25,BOS+2 | 1h+2 | 4h+2 | Vol+2 | RSI+1 | BTCok+1 | FVG+1 | ChoCH+1 | Zone:FVG+1 | Sess:NEW_YORK | Strong1h+1 | QualityRisk:1.15 | RelStrengthRisk:1.25,0,0,0.45,range,1.3084,0.5,0.0,-0.1156,1.833,1.0,0.1933,1.171875,11242,25,3,0.185,1.504,1,1.61,0
XLMUSDT,11247,11248,1716305400,1716307200,LONG,TRAIL,0.1124,0.11320928,0.1164464,0.1110512,0.0,-0.12500000000000028,0.12500000000000028,14,1.31,57.36,0.1578947368421068,0.006474589424972033,1.8242155721045283,base,adaptive disabled,1.25,72.1,90,68,50,80,NEW_YORK,bullish,bullish,FVG,BOS bullish | Vol 1.3x | FVG | ChoCH | BullWick | Session:NEW_YORK | StrongTrend1h | Zone:FVG | MTF 14 | Risk x1.25,BOS+2 | 1h+2 | 4h+2 | Vol+1 | RSI+1 | BTCok+1 | FVG+1 | ChoCH+1 | BullWick+1 | Zone:FVG+1 | Sess:NEW_YORK | Strong1h+1 | QualityRisk:1.15 | RelStrengthRisk:1.25,0,0,0.4,range,0.1483,1.2357,6.0,0.1177,1.483,1.0,0.0899,0.75,11242,34,3,0.532,0.177,1,2.127,0
AVAXUSDT,11275,11307,1716330600,1716360300,LONG,TRAIL,40.977,41.63070247,44.24551234,39.88749589,0.5693025226701731,0.5128864895080771,0.056416033162096105,16,1.49,52.27,0.16685082872928067,0.0070810111873804114,0.9274986229255195,base,adaptive disabled,1.15,80.5,90,80,70,80,DEAD_ZONE,bullish,bullish,FVG,BOS bullish | Vol 1.5x | FVG | ChoCH | Engulfing | StrongTrend1h | Zone:FVG | MTF 16 | Risk x1.15,BOS+2 | BodyStrong+1 | 1h+2 | 4h+2 | Vol+1 | RSI+1 | BTC+2 | FVG+1 | ChoCH+1 | Engulfing+1 | Zone:FVG+1 | Sess:DEAD_ZONE | Strong1h+1 | QualityRisk:1.15,0,0,0.575,range,0.7168,1.0907,0.0,-0.1292,1.166,1.0,-0.1305,0.75,11275,1,1,0.351,0.384,1,1.396,0
ETHUSDT,11280,11423,1716335100,1716464700,LONG,TRAIL,3777.63,3851.62943207,4147.62716036,3654.29761321,0.6311648239707262,0.5852203227129313,0.04594450125779476,18,2.04,66.59,0.5998646476609364,0.00720633496673399,1.0132922672808515,base,adaptive disabled,1.25,90.5,90,100,90,80,DEAD_ZONE,bullish,bullish,FVG,BOS bullish | Vol 2.0x | FVG | LiqSweep | MACD_Div | ChoCH | StrongTrend1h | Zone:FVG | MTF 18 | Risk x1.25,BOS+2 | BodyStrong+1 | 1h+2 | 4h+2 | Vol+2 | RSI+1 | BTC+2 | FVG+1 | LiqSweep+1 | MACD_Div+1 | ChoCH+1 | Zone:FVG+1 | Sess:DEAD_ZONE | Strong1h+1 | QualityRisk:1.15 | RelStrengthRisk:1.25,0,0,0.4,range,1.0078,1.4503,0.0,0.1341,1.311,1.0,0.1344,0.75,11276,1,3,2.12,1.24,1,0.864,0
AVAXUSDT,11304,11330,1716356700,1716381000,LONG,SL,41.309,42.13520363,45.44001813,39.93199396,-0.6078404710555961,-0.6415895060271495,0.033749034971553266,17,2.33,62.49,0.4570082449941126,0.007676047094639815,1.367000975671247,base,adaptive disabled,1.15,90.5,90,100,90,80,OFF_HOURS,bullish,bullish,FVG,BOS bullish | Vol 2.3x | FVG | LiqSweep | ChoCH | StrongTrend1h | Zone:FVG | MTF 17 | Risk x1.15,BOS+2 | BodyStrong+1 | 1h+2 | 4h+2 | Vol+2 | RSI+1 | BTC+2 | FVG+1 | LiqSweep+1 | ChoCH+1 | Zone:FVG+1 | Sess:OFF_HOURS | Strong1h+1 | RelStrengthRisk:1.15,0,1,0.55,bear,1.1678,0.6064,0.0,-0.0016,2.46,1.0,0.3481,0.5625,11304,0,1,2.125,0.068,1,1.136,5
ETHUSDT,11400,11408,1716443100,1716451200,LONG,TRAIL,3761.0,3815.0,3896.396,3715.868,1.1416245095772495,1.0166245095772497,0.12499999999999983,16,1.77,64.36,0.4765610859728458,0.004643371856926644,1.031430980221571,base,adaptive disabled,1.15,84.5,90,100,70,80,OFF_HOURS,bullish,bullish,FVG,BOS bullish | Vol 1.8x | FVG | ChoCH | BullWick | StrongTrend1h | Zone:FVG | MTF 16 | Risk x1.15,BOS+2 | BodyStrong+1 | 1h+2 | 4h+2 | Vol+1 | RSI+1 | BTC+2 | FVG+1 | ChoCH+1 | BullWick+1 | Zone:FVG+1 | Sess:OFF_HOURS | Strong1h+1 | QualityRisk:1.15,0,0,0.475,range,0.0168,1.3691,1.207,0.1755,1.372,1.0,0.2767,0.75,11395,15,3,0.994,0.221,1,0.491,0
AAVEUSDT,11408,11423,1716450300,1716464700,LONG,TRAIL,96.1,97.01959229,100.69796143,94.56734619,0.8014509968349993,0.6760475960500563,0.1254034007849431,17,1.61,55.36,0.1297297297297317,0.00794388424580898,1.682514683264097,base,adaptive disabled,1.15,79.5,90,75,70,80,LONDON,bullish,bullish,FVG,BOS bullish | Vol 1.6x | FVG | ChoCH | Session:LONDON | StrongTrend1h | Zone:FVG | MTF 17 | Risk x1.15,BOS+2 | BodyStrong+1 | 1h+2 | 4h+2 | Vol+1 | RSI+1 | BTC+2 | FVG+1 | ChoCH+1 | Zone:FVG+1 | Sess:LONDON | Strong1h+1 | NestedOB_1h+2 | QualityRisk:1.15,0,0,0.575,range,0.92,1.1744,4.8,0.1214,1.144,1.0,0.0959,1.0,11408,0,1,0.892,0.481,1,0.927,0
AAVEUSDT,11427,11429,1716467400,1716470100,LONG,TRAIL,96.72,98.32078713,104.72393564,94.05202145,1.8479049431801355,1.7210223638580495,0.12688257932208635,15,1.94,65.71,0.41059602649006505,0.009137050113507484,1.9352272140429034,base,adaptive disabled,1.25,82.5,90,90,70,80,OVERLAP,bullish,bullish,FVG,BOS bullish | Vol 1.9x | FVG | ChoCH | Session:OVERLAP | StrongTrend1h | Zone:FVG | MTF 15 | Risk x1.25,BOS+2 | BodyStrong+1 | 1h+2 | 4h+2 | Vol+1 | RSI+1 | BTC+2 | FVG+1 | ChoCH+1 | Zone:FVG+1 | Sess:OVERLAP | Strong1h+1 | QualityRisk:1.15 | RelStrengthRisk:1.25,0,1,0.45,bear,0.2099,2.0178,0.0,0.1697,1.994,1.0,0.2368,1.75,11423,0,1,1.097,0.361,1,5.941,2
ETHUSDT,11428,11448,1716468300,1716487200,LONG,SL,3875.58,3946.69085534,4231.13427669,3757.06190777,-1.810509441744831,-1.9126979538286792,0.1021885120838482,21,5.77,54.59,0.16408407846074732,0.01709381100692495,3.9160878212605494,base,adaptive disabled,1.15,85.3,90,59,100,80,OVERLAP,bullish,bullish,OB,BOS bullish | Vol 5.8x | FVG | OB | LiqSweep | ChoCH | BullWick | Session:OVERLAP | StrongTrend1h | Zone:OB | 💎PREMIUM | MTF 21 | Risk x1.15,BOS+2 | BodyStrong+1 | 1h+2 | 4h+2 | Vol+2 | RSI+1 | BTCok+1 | FVG+1 | OB+1 | LiqSweep+1 | ChoCH+1 | BullWick+1 | Zone:OB+1 | Sess:OVERLAP | Strong1h+1 | 💎Premium+3 | QualityRisk:1.15,1,0,0.6,bull,1.4815,0.3874,2.105,0.204,1.326,1.0,0.0718,1.5625,11428,5,6,0.513,-1.0,0,2.057,0
SOLUSDT,11430,11433,1716470100,1716473700,SHORT,TRAIL,173.66,170.25964951,156.65824754,179.32725082,0.6458625066946926,0.5596798467925849,0.08618265990210765,14,1.74,36.45,0.14580645161290265,0.01420129727573304,2.6523538690891453,base,adaptive disabled,1.25,69.2,65,67,70,80,NEW_YORK,bearish,neutral,FVG,BOS bearish | Vol 1.7x | FVG | ChoCH | Session:NEW_YORK | StrongTrend1h | Zone:FVG | MTF 14 | Risk x1.25,BOS+2 | BodyStrong+1 | 1h+2 | 4hN+1 | Vol+1 | RSI+1 | BTC+2 | FVG+1 | ChoCH+1 | Zone:FVG+1 | Sess:NEW_YORK | Strong1h+1 | QualityRisk:1.15 | RelStrengthRisk:1.25,0,0,0.475,bear,0.0124,1.4293,0.404,0.0479,1.307,1.0,-0.4407,1.40625,11429,0,1,0.42,2.291,1,1.09,1
XLMUSDT,11454,11458,1716491700,1716496200,SHORT,TRAIL,0.1077,0.1054383,0.0963915,0.1114695,0.45489400724010687,0.412036864382964,0.04285714285714291,15,1.71,30.75,0.5714285714285764,0.006838559247746233,1.8600881170966264,base,adaptive disabled,1.15,82.5,90,90,70,80,OFF_HOURS,bearish,bearish,FVG,BOS bearish | Vol 1.7x | FVG | ChoCH | Engulfing | StrongTrend1h | Zone:FVG | MTF 15 | Risk x1.15,BOS+2 | BodyStrong+1 | 1h+2 | 4h+2 | Vol+1 | BTC+2 | FVG+1 | ChoCH+1 | Engulfing+1 | Zone:FVG+1 | Sess:OFF_HOURS | Strong1h+1 | TrendPairRisk:1.15,0,0,0.6,range,0.0,1.5475,1.333,-0.2377,0.978,1.0,-0.7471,0.75,11449,1,1,1.022,1.606,1,0.584,0
AVAXUSDT,11458,11483,1716495300,1716518700,SHORT,SL,37.537,36.748723,33.595615,38.850795,-1.0604715252379548,-1.120739382380812,0.06026785714285719,13,1.54,37.73,0.2376333656644039,0.020131228956570733,2.677102732956426,base,adaptive disabled,1.0,71.3,65,78,70,80,DEAD_ZONE,bearish,neutral,FVG,BOS bearish | Vol 1.5x | FVG | ChoCH | StrongTrend1h | Zone:FVG | MTF 13,BOS+2 | BodyStrong+1 | 1h+2 | 4hN+1 | Vol+1 | RSI+1 | BTCok+1 | FVG+1 | ChoCH+1 | Zone:FVG+1 | Sess:DEAD_ZONE | Strong1h+1,0,0,0.6,bear,1.074,0.3983,0.863,-0.0986,0.977,1.0,-0.5639,1.0546875,11458,1,1,0.184,3.951,0,0.799,0
AAVEUSDT,11461,11477,1716498000,1716513300,LONG,TRAIL,97.56,99.60876,107.8038,94.1454,1.1725826147441507,1.0582969004584366,0.11428571428571406,16,4.54,62.17,0.3954802259887012,0.0204665054084006,1.9319570550880696,base,adaptive disabled,1.15,78.0,60,90,90,80,DEAD_ZONE,neutral,bullish,FVG,BOS bullish | Vol 4.5x | FVG | LiqSweep | MACD_Div | ChoCH | Zone:FVG | MTF 16 | Risk x1.15,BOS+2 | BodyStrong+1 | 1hN+1 | 4h+2 | Vol+2 | RSI+1 | BTC+2 | FVG+1 | LiqSweep+1 | MACD_Div+1 | ChoCH+1 | Zone:FVG+1 | Sess:DEAD_ZONE | QualityRisk:1.15,0,1,0.6,bear,0.4715,1.025,0.0,0.0049,1.734,-1.0,-0.147,2.0,11461,36,1,1.718,0.193,1,1.383,4
AAVEUSDT,11491,11497,1716525000,1716531300,LONG,SL,101.56,103.69276,112.2238,98.0054,-1.120906712428963,-1.1744781410003913,0.05357142857142845,14,1.78,64.69,0.35853976531942694,0.029527331141728373,2.9587014045131435,base,adaptive disabled,1.15,82.5,90,90,70,80,OFF_HOURS,bullish,bullish,FVG,BOS bullish | Vol 1.8x | FVG | ChoCH | StrongTrend1h | Zone:FVG | MTF 14 | Risk x1.15,BOS+2 | BodyStrong+1 | 1h+2 | 4h+2 | Vol+1 | RSI+1 | BTCok+1 | FVG+1 | ChoCH+1 | Zone:FVG+1 | Sess:OFF_HOURS | Strong1h+1 | QualityRisk:1.15,0,0,0.475,bull,1.235,0.211,1.59,0.3031,1.419,1.0,0.5759,0.9375,11491,1,2,0.725,-1.0,0,0.452,0
AVAXUSDT,11496,11500,1716529500,1716534000,SHORT,TRAIL,38.29,37.69942387,35.33711934,39.27429355,0.4483308841363556,0.4045672630093048,0.043763621127050796,22,4.5,34.65,0.7001434720229521,0.009794015387895106,1.459270331500199,base,adaptive disabled,1.15,90.5,90,100,90,80,OFF_HOURS,bearish,bearish,FVG,BOS bearish | Vol 4.5x | FVG | LiqSweep | MACD_Div | ChoCH | Engulfing | Premium | StrongTrend1h | Zone:FVG | MTF 22 | Risk x1.15,BOS+2 | BodyStrong+1 | 1h+2 | 4h+2 | Vol+2 | RSI+1 | BTC+2 | FVG+1 | LiqSweep+1 | MACD_Div+1 | ChoCH+1 | Engulfing+1 | Premium+1 | Zone:FVG+1 | Sess:OFF_HOURS | Strong1h+1 | NestedOB_1h+2 | TrendPairRisk:1.15,0,0,0.5,range,0.003,1.1548,0.0,-0.0846,2.663,1.0,-0.3715,0.5625,11495,0,2,1.954,1.079,1,0.977,0
BTCUSDT,11496,11501,1716529500,1716534900,SHORT,TRAIL,67444.5,66958.8996,65016.498,68253.834,0.15330666749744043,0.11815041749744053,0.035156249999999896,16,4.19,32.73,0.8762153189471249,0.00436101639078557,1.2254691592852447,base,adaptive disabled,1.15,90.5,90,100,90,80,OFF_HOURS,bearish,bearish,FVG,BOS bearish | Vol 4.2x | FVG | ChoCH | StrongTrend1h | Zone:FVG | MTF 16 | Risk x1.15,BOS+2 | BodyStrong+1 | 1h+2 | 4h+2 | Vol+2 | RSI+1 | BTC+2 | FVG+1 | ChoCH+1 | Zone:FVG+1 | Sess:OFF_HOURS | Strong1h+1 | TrendPairRisk:1.15,0,0,0.325,range,0.1968,1.2206,0.0,-0.0461,2.325,1.0,-0.5499,0.2109375,11495,0,2,1.914,3.156,0,1.792,0
NEARUSDT,11499,11544,1716532200,1716573600,SHORT,SL,7.679,7.517741,6.872705,7.947765,-0.8921013710862626,-0.932279942514834,0.04017857142857141,22,1.42,38.72,0.4755555555555562,0.011048568821790524,1.251802847524661,base,adaptive disabled,1.25,81.5,90,100,60,80,OFF_HOURS,bearish,bearish,OB,BOS bearish | Vol 1.4x | FVG | OB | LiqSweep | MACD_Div | ChoCH | Engulfing | BearWick | StrongTrend1h | Zone:OB | 💎PREMIUM | MTF 22 | Risk x1.25,BOS+2 | 1h+2 | 4h+2 | Vol+1 | RSI+1 | BTC+2 | FVG+1 | OB+1 | LiqSweep+1 | MACD_Div+1 | ChoCH+1 | Engulfing+1 | BearWick+1 | Zone:OB+1 | Sess:OFF_HOURS | Strong1h+1 | 💎Premium+3 | QualityRisk:1.15 | TrendPairRisk:1.25,1,1,0.5,bull,1.2985,0.5581,0.0,-0.0151,1.268,1.0,-0.288,0.703125,11499,29,4,1.348,0.195,1,0.973,2
ADAUSDT,11501,11692,1716534000,1716706800,SHORT,EXPIRED,0.4595,0.45213628,0.42268142,0.47177286,0.0,-0.03159028335693556,0.03159028335693556,17,2.0,35.62,0.6172839506172848,0.0073261793505783246,1.3204029401590895,base,adaptive disabled,1.15,84.5,90,100,70,80,OFF_HOURS,bearish,bearish,FVG,BOS bearish | Vol 2.0x | FVG | ChoCH | Engulfing | BearWick | StrongTrend1h | Zone:FVG | MTF 17 | Risk x1.15,BOS+2 | 1h+2 | 4h+2 | Vol+2 | RSI+1 | BTC+2 | FVG+1 | ChoCH+1 | Engulfing+1 | BearWick+1 | Zone:FVG+1 | Sess:OFF_HOURS | Strong1h+1 | TrendPairRisk:1.15,0,1,0.5,bull,0.4237,0.6926,0.0,-0.156,2.673,1.0,-0.1614,0.421875,11499,0,6,2.956,0.599,1,1.085,0
XRPUSDT,11528,11614,1716558300,1716636600,LONG,TRAIL,0.5313,0.54103719,0.57998595,0.51507135,0.8917032851759292,0.7934880916755453,0.09821519350038385,13,1.68,68.51,0.5094339622641499,0.004565066728495034,1.1484403586287826,base,adaptive disabled,1.25,72.2,55,100,70,80,NEW_YORK,bullish,neutral,FVG,BOS bullish | Vol 1.7x | FVG | LiqSweep | ChoCH | Engulfing | Session:NEW_YORK | Zone:FVG | MTF 13 | Risk x1.25,BOS+2 | BodyStrong+1 | 1h+2 | 4hN+1 | Vol+1 | BTCok+1 | FVG+1 | LiqSweep+1 | ChoCH+1 | Engulfing+1 | Zone:FVG+1 | Sess:NEW_YORK | QualityRisk:1.15 | RelStrengthRisk:1.25,0,0,0.4,bull,0.0863,1.1091,1.11,0.1883,1.297,1.0,0.2774,1.5,11526,2,3,1.065,0.228,1,1.217,0
AAVEUSDT,11554,11575,1716581700,1716601500,LONG,TRAIL,98.61,100.68081,108.96405,95.15865,0.652916647736559,0.6100595048794162,0.0428571428571428,16,1.47,58.98,0.300518134715024,0.008746963874491627,1.1780459540421238,base,adaptive disabled,1.25,77.7,90,96,50,80,DEAD_ZONE,bullish,bullish,FVG,BOS bullish | Vol 1.5x | FVG | LiqSweep | ChoCH | StrongTrend1h | Zone:FVG | MTF 16 | Risk x1.25,BOS+2 | 1h+2 | 4h+2 | Vol+1 | RSI+1 | BTCok+1 | FVG+1 | LiqSweep+1 | ChoCH+1 | Zone:FVG+1 | Sess:DEAD_ZONE | Strong1h+1 | NestedOB_1h+2 | QualityRisk:1.15 | RelStrengthRisk:1.25,0,0,0.475,range,0.1333,1.4825,0.0,-0.1945,1.858,-1.0,-0.0273,0.75,11554,0,1,0.208,0.247,1,0.584,0
LINKUSDT,11588,11636,1716612300,1716656400,LONG,TRAIL,17.163,17.29233509,17.80967545,16.94744152,0.33709890911425305,0.18780937524854657,0.1492895338657065,20,1.34,57.34,0.3187499999999901,0.003481219534428488,0.7902826398400318,base,adaptive disabled,1.25,79.1,90,88,60,80,OFF_HOURS,bullish,bullish,OB,BOS bullish | Vol 1.3x | OB | LiqSweep | ChoCH | Engulfing | Discount | BullWick | StrongTrend1h | Zone:OB | MTF 20 | Risk x1.25,BOS+2 | 1h+2 | 4h+2 | Vol+1 | RSI+1 | BTC+2 | OB+1 | LiqSweep+1 | ChoCH+1 | Engulfing+1 | Discount+1 | BullWick+1 | Zone:OB+1 | Sess:OFF_HOURS | Strong1h+1 | NestedOB_1h+2 | QualityRisk:1.15 | RelStrengthRisk:1.25,0,0,0.45,range,1.1969,1.1598,0.0,-0.0019,2.12,-1.0,0.0881,0.9375,11588,4,2,0.617,0.724,1,1.006,0
XLMUSDT,11614,11684,1716635700,1716699600,LONG,SL,0.1113,0.11210136,0.1153068,0.1099644,-1.5723270440251647,-1.8223270440251662,0.2500000000000014,16,2.08,64.51,0.666666666666659,0.002095092326410565,1.1596336037158412,base,adaptive disabled,1.15,84.5,90,100,70,80,LONDON,bullish,bullish,FVG,BOS bullish | Vol 2.1x | FVG | LiqSweep | ChoCH | Session:LONDON | StrongTrend1h | Zone:FVG | MTF 16 | Risk x1.15,BOS+2 | 1h+2 | 4h+2 | Vol+2 | RSI+1 | BTC+2 | FVG+1 | LiqSweep+1 | ChoCH+1 | Zone:FVG+1 | Sess:LONDON | Strong1h+1 | QualityRisk:1.15,0,0,0.425,range,1.0482,0.4992,0.0,-0.0388,1.642,0.0,-0.1512,1.5,11612,0,1,0.843,0.843,1,2.108,0
XRPUSDT,11615,11727,1716636600,1716738300,LONG,SL,0.5378,0.5491,0.5571608,0.5313464,-0.5839763852733342,-0.6777263852733351,0.09375000000000075,14,1.58,69.51,0.6507936507936295,0.002907815217732534,1.4168990518140312,base,adaptive disabled,1.0,78.5,90,100,50,80,LONDON,bullish,bullish,FVG,BOS bullish | Vol 1.6x | FVG | ChoCH | BullWick | Session:LONDON | StrongTrend1h | Zone:FVG | MTF 14,BOS+2 | 1h+2 | 4h+2 | Vol+1 | BTC+2 | FVG+1 | ChoCH+1 | BullWick+1 | Zone:FVG+1 | Sess:LONDON | Strong1h+1,0,0,0.35,range,1.3171,0.4513,0.0,0.4317,1.327,1.0,0.4136,0.5625,11610,0,3,2.555,8.433,1,1.278,0
AAVEUSDT,11616,11625,1716637500,1716646500,LONG,SL,107.41,109.50032505,117.86162523,103.92612492,-2.003516153627417,-2.1268386006538473,0.12332244702643048,14,1.78,63.48,0.25905292479108505,0.0115779928683709,1.711291668129432,base,adaptive disabled,1.25,82.7,90,91,70,80,OVERLAP,bullish,bullish,FVG,BOS bullish | Vol 1.8x | FVG | ChoCH | Session:OVERLAP | StrongTrend1h | Zone:FVG | MTF 14 | Risk x1.25,BOS+2 | BodyStrong+1 | 1h+2 | 4h+2 | Vol+1 | RSI+1 | BTCok+1 | FVG+1 | ChoCH+1 | Zone:FVG+1 | Sess:OVERLAP | Strong1h+1 | QualityRisk:1.15 | RelStrengthRisk:1.25,0,0,0.425,range,1.0534,0.2918,0.679,0.0409,1.324,1.0,0.5115,2.0,11616,0,2,0.709,0.522,1,1.045,0
ADAUSDT,11617,11625,1716638400,1716646500,SHORT,TRAIL,0.4614,0.45807792,0.4447896,0.4669368,1.2051936243903396,0.9180842493903401,0.28710937499999956,14,2.26,39.45,0.4000000000000056,0.0038259021066404182,1.476479388306431,base,adaptive disabled,1.0,74.0,60,100,70,80,OVERLAP,neutral,bearish,FVG,BOS bearish | Vol 2.3x | FVG | LiqSweep | ChoCH | Engulfing | Session:OVERLAP | Zone:FVG | MTF 14,BOS+2 | 1hN+1 | 4h+2 | Vol+2 | RSI+1 | BTCok+1 | FVG+1 | LiqSweep+1 | ChoCH+1 | Engulfing+1 | Zone:FVG+1 | Sess:OVERLAP,0,1,0.525,bull,0.0361,1.2342,0.0,-0.177,1.985,1.0,-0.0995,1.72265625,11617,0,1,1.365,0.303,1,0.834,3
XRPUSDT,11634,11729,1716653700,1716740100,LONG,SL,0.5379,0.5491,0.55836243,0.53107919,-0.8356778740354929,-0.9539702762575162,0.11829240222202331,15,3.25,66.87,0.50495049504951,0.005064076769568515,2.2598442588419956,base,adaptive disabled,1.0,88.5,90,90,90,80,NEW_YORK,bullish,bullish,FVG,BOS bullish | Vol 3.2x | FVG | ChoCH | Session:NEW_YORK | StrongTrend1h | Zone:FVG | MTF 15,BOS+2 | BodyStrong+1 | 1h+2 | 4h+2 | Vol+2 | RSI+1 | BTCok+1 | FVG+1 | ChoCH+1 | Zone:FVG+1 | Sess:NEW_YORK | Strong1h+1,0,1,0.475,bear,1.2608,0.4375,0.0,0.0444,1.119,1.0,0.0197,0.75,11629,0,1,2.15,0.523,1,1.046,0
AAVEUSDT,11644,11710,1716662700,1716723000,LONG,TRAIL,106.73,108.83803502,117.27017512,103.21660829,0.5890993701048626,0.5549240603441414,0.03417530976072115,17,2.0,65.36,0.48695652173912685,0.004145674072813586,0.7358571479251095,base,adaptive disabled,1.25,88.5,90,90,90,80,OFF_HOURS,bullish,bullish,FVG,BOS bullish | Vol 2.0x | FVG | LiqSweep | ChoCH | StrongTrend1h | Zone:FVG | MTF 17 | Risk x1.25,BOS+2 | BodyStrong+1 | 1h+2 | 4h+2 | Vol+2 | RSI+1 | BTC+2 | FVG+1 | LiqSweep+1 | ChoCH+1 | Zone:FVG+1 | Sess:OFF_HOURS | Strong1h+1 | QualityRisk:1.15 | RelStrengthRisk:1.25,0,1,0.425,bear,0.8937,1.3852,0.546,0.1472,1.689,1.0,0.4112,0.5625,11644,0,2,1.7,1.223,1,1.509,3
ETHUSDT,11645,11696,1716663600,1716710400,LONG,TRAIL,3758.21,3785.269112,3893.50556,3713.11148,0.5588244140418499,0.4338244140418499,0.12499999999999997,14,1.42,63.32,0.3872017353579266,0.0023284068092708737,0.8762157539925323,base,adaptive disabled,1.15,81.0,80,100,70,80,DEAD_ZONE,bullish,bullish,FVG,BOS bullish | Vol 1.4x | FVG | ChoCH | Engulfing | Zone:FVG | MTF 14 | Risk x1.15,BOS+2 | BodyStrong+1 | 1h+2 | 4h+2 | Vol+1 | RSI+1 | BTCok+1 | FVG+1 | ChoCH+1 | Engulfing+1 | Zone:FVG+1 | Sess:DEAD_ZONE | QualityRisk:1.15,0,1,0.375,bear,0.6065,1.3748,0.81,0.1397,1.448,1.0,0.436,0.75,11645,0,1,0.804,1.244,1,0.9,2
SUIUSDT,11652,11685,1716669900,1716700500,SHORT,TRAIL,1.0554,1.04474878,1.00214391,1.07315203,0.4983959382350193,0.43151203819654493,0.06688390003847436,14,1.47,33.49,0.6142857142857193,0.0026887360514779263,0.7396092400754826,base,adaptive disabled,1.25,76.5,90,90,50,80,DEAD_ZONE,bearish,bearish,FVG,BOS bearish | Vol 1.5x | FVG | ChoCH | StrongTrend1h | Zone:FVG | MTF 14 | Risk x1.25,BOS+2 | 1h+2 | 4h+2 | Vol+1 | RSI+1 | BTC+2 | FVG+1 | ChoCH+1 | Zone:FVG+1 | Sess:DEAD_ZONE | Strong1h+1 | QualityRisk:1.15 | TrendPairRisk:1.25,0,0,0.475,bear,0.8844,1.183,1.536,-0.1381,1.538,1.0,-0.48,0.5625,11651,1,2,1.211,0.084,1,1.07,0
BTCUSDT,11663,11750,1716679800,1716759000,LONG,SL,69254.2,69752.83024,71747.3512,68423.1496,-0.29263793748249356,-0.339512937482494,0.0468750000000004,18,2.87,66.17,0.5173913043478467,0.0018897973677008573,1.2330187252098086,base,adaptive disabled,1.0,90.5,90,100,90,80,DEAD_ZONE,bullish,bullish,FVG,BOS bullish | Vol 2.9x | FVG | ChoCH | Engulfing | BullWick | StrongTrend1h | Zone:FVG | MTF 18,BOS+2 | BodyStrong+1 | 1h+2 | 4h+2 | Vol+2 | RSI+1 | BTC+2 | FVG+1 | ChoCH+1 | Engulfing+1 | BullWick+1 | Zone:FVG+1 | Sess:DEAD_ZONE | Strong1h+1,0,1,0.575,bear,1.3241,0.654,0.0,0.11,2.606,1.0,0.2689,0.28125,11662,0,1,1.57,3.086,1,0.624,0
ADAUSDT,11675,11751,1716690600,1716759900,SHORT,TRAIL,0.4598,0.45648944,0.4432472,0.4653176,0.6657758618303378,0.542728986830338,0.12304687499999975,14,1.76,35.42,0.5873015873015817,0.004642675052422839,2.132844919547318,base,adaptive disabled,1.0,66.0,60,90,50,80,OFF_HOURS,neutral,bearish,FVG,BOS bearish | Vol 1.8x | FVG | ChoCH | Zone:FVG | MTF 14,BOS+2 | 1hN+1 | 4h+2 | Vol+1 | RSI+1 | BTC+2 | FVG+1 | ChoCH+1 | Zone:FVG+1 | Sess:OFF_HOURS | NestedOB_1h+2,0,0,0.5,range,0.5981,1.1478,0.0,0.0709,1.124,1.0,-0.2495,0.73828125,11675,0,2,1.813,0.082,1,1.236,6
AVAXUSDT,11675,11698,1716690600,1716712200,SHORT,TRAIL,37.834,37.45987812,35.96339062,38.45753646,0.36381226983992215,0.2955512254095768,0.0682610444303453,15,1.46,29.09,0.6534296028880889,0.006242390012014255,2.1918806690866237,base,adaptive disabled,1.15,82.5,90,90,70,80,OFF_HOURS,bearish,bearish,FVG,BOS bearish | Vol 1.5x | FVG | LiqSweep | ChoCH | StrongTrend1h | Zone:FVG | MTF 15 | Risk x1.15,BOS+2 | BodyStrong+1 | 1h+2 | 4h+2 | Vol+1 | BTC+2 | FVG+1 | LiqSweep+1 | ChoCH+1 | Zone:FVG+1 | Sess:OFF_HOURS | Strong1h+1 | TrendPairRisk:1.15,0,0,0.4,range,0.1508,1.0211,0.0,-0.1046,0.935,1.0,-0.4626,0.5625,11675,0,2,2.641,0.339,1,1.018,5
SUIUSDT,11675,11687,1716690600,1716702300,SHORT,TRAIL,1.053,1.03948747,0.98543733,1.07552089,0.2850249259276394,0.2324237631849592,0.052601162742680195,15,1.94,31.86,0.47794117647059464,0.007250615635279911,2.2594197842070503,base,adaptive disabled,1.25,82.5,90,90,70,80,OFF_HOURS,bearish,bearish,FVG,BOS bearish | Vol 1.9x | FVG | LiqSweep | ChoCH | StrongTrend1h | Zone:FVG | MTF 15 | Risk x1.25,BOS+2 | BodyStrong+1 | 1h+2 | 4h+2 | Vol+1 | BTC+2 | FVG+1 | LiqSweep+1 | ChoCH+1 | Zone:FVG+1 | Sess:OFF_HOURS | Strong1h+1 | QualityRisk:1.15 | TrendPairRisk:1.25,0,0,0.5,range,0.1021,1.0953,0.0,-0.0166,1.24,1.0,-0.2352,0.5625,11675,0,2,2.443,1.267,1,1.086,5
AAVEUSDT,11690,11710,1716704100,1716723000,LONG,TRAIL,105.62,107.15902305,113.31511527,103.05496158,1.3128364845920273,1.2549316501685337,0.057904834423493576,17,2.8,62.46,0.3951612903225691,0.00655642495821275,1.6639269911822618,base,adaptive disabled,1.15,90.5,90,100,90,80,OFF_HOURS,bullish,bullish,FVG,BOS bullish | Vol 2.8x | FVG | ChoCH | StrongTrend1h | Zone:FVG | MTF 17 | Risk x1.15,BOS+2 | BodyStrong+1 | 1h+2 | 4h+2 | Vol+2 | RSI+1 | BTCok+1 | FVG+1 | ChoCH+1 | Zone:FVG+1 | Sess:OFF_HOURS | Strong1h+1 | NestedOB_1h+2 | QualityRisk:1.15,0,0,0.475,range,0.5497,2.6185,0.0,-0.071,1.116,-1.0,-0.109,0.703125,11690,20,4,1.346,2.392,1,1.813,1
BTCUSDT,11698,11750,1716711300,1716759000,LONG,SL,69282.1,69780.93112,71776.2556,68450.7148,-0.6039168125677492,-0.6976668125677488,0.09374999999999954,15,2.89,58.62,0.23515439429930343,0.0031112676304336346,2.6148543077294897,base,adaptive disabled,1.15,86.1,90,78,90,80,LONDON,bullish,bullish,FVG,BOS bullish | Vol 2.9x | FVG | ChoCH | Session:LONDON | StrongTrend1h | Zone:FVG | MTF 15 | Risk x1.15,BOS+2 | BodyStrong+1 | 1h+2 | 4h+2 | Vol+2 | RSI+1 | BTCok+1 | FVG+1 | ChoCH+1 | Zone:FVG+1 | Sess:LONDON | Strong1h+1 | QualityRisk:1.15,0,0,0.6,bull,1.3571,0.2522,0.773,0.1925,1.177,1.0,0.3624,0.5625,11698,2,3,0.791,0.501,1,1.329,0
AAVEUSDT,11711,11728,1716723000,1716739200,LONG,TRAIL,108.21,110.48241,119.57205,104.42265,0.9057130120462861,0.8119630120462858,0.09375000000000026,14,1.62,64.51,0.318568994889268,0.022720045629170054,4.965276638546231,base,adaptive disabled,1.15,80.1,90,78,70,80,OVERLAP,bullish,bullish,FVG,BOS bullish | Vol 1.6x | FVG | ChoCH | Session:OVERLAP | StrongTrend1h | Zone:FVG | MTF 14 | Risk x1.15,BOS+2 | BodyStrong+1 | 1h+2 | 4h+2 | Vol+1 | RSI+1 | BTCok+1 | FVG+1 | ChoCH+1 | Zone:FVG+1 | Sess:OVERLAP | Strong1h+1 | QualityRisk:1.15,0,0,0.4,range,0.5043,1.0033,4.561,0.0984,1.26,1.0,0.2153,1.640625,11711,1,3,1.929,0.302,1,1.387,0
DOTUSDT,11718,11722,1716729300,1716733800,LONG,TRAIL,7.46,7.53510825,7.83554125,7.33481958,0.38618095186137513,0.2967899752214185,0.08939097663995668,16,1.31,60.9,0.4366197183098546,0.0037915911519086853,1.0843950694604754,base,adaptive disabled,1.15,84.5,90,100,70,80,NEW_YORK,bullish,bullish,FVG,BOS bullish | Vol 1.3x | FVG | MACD_Div | ChoCH | Session:NEW_YORK | StrongTrend1h | Zone:FVG | MTF 16 | Risk x1.15,BOS+2 | BodyStrong+1 | 1h+2 | 4h+2 | Vol+1 | RSI+1 | BTC+2 | FVG+1 | MACD_Div+1 | ChoCH+1 | Zone:FVG+1 | Sess:NEW_YORK | Strong1h+1 | QualityRisk:1.15,0,0,0.425,range,0.1518,1.1583,0.0,-0.0027,1.23,-1.0,-0.0053,0.75,11717,1,2,0.441,0.294,1,1.545,2
XLMUSDT,11718,11749,1716729300,1716758100,SHORT,TRAIL,0.1094,0.10857799,0.10528996,0.11077001,1.3079463707916428,1.0683860756113166,0.2395602951803263,13,3.55,38.19,0.33333333333334875,0.002440327795905883,0.8988540723054586,base,adaptive disabled,1.15,75.8,65,100,70,80,NEW_YORK,bearish,neutral,FVG,BOS bearish | Vol 3.5x | FVG | ChoCH | Session:NEW_YORK | StrongTrend1h | Zone:FVG | MTF 13 | Risk x1.15,BOS+2 | 1h+2 | 4hN+1 | Vol+2 | RSI+1 | BTCok+1 | FVG+1 | ChoCH+1 | Zone:FVG+1 | Sess:NEW_YORK | Strong1h+1 | QualityRisk:1.15,0,0,0.6,range,0.438,1.2165,0.8,-0.085,4.79,1.0,-0.134,1.5,11718,4,1,0.0,1.111,1,1.111,0
AVAXUSDT,11720,11818,1716731100,1716820200,SHORT,SL,37.196,36.265,35.76696496,37.67234501,-1.0748511882175429,-1.2310237069555885,0.1561725187380457,14,1.61,31.69,0.5067385444744019,0.003870467724059886,1.0602837814547028,base,adaptive disabled,1.25,84.5,90,100,70,80,NEW_YORK,bearish,bearish,FVG,BOS bearish | Vol 1.6x | FVG | ChoCH | Engulfing | Session:NEW_YORK | StrongTrend1h | Zone:FVG | MTF 14 | Risk x1.25,BOS+2 | BodyStrong+1 | 1h+2 | 4h+2 | Vol+1 | BTCok+1 | FVG+1 | ChoCH+1 | Engulfing+1 | Zone:FVG+1 | Sess:NEW_YORK | Strong1h+1 | QualityRisk:1.15 | TrendPairRisk:1.25,0,0,0.525,bear,1.268,0.7873,3.0,0.0365,1.194,1.0,-0.0876,1.0,11719,5,2,0.656,0.556,1,1.468,0
SOLUSDT,11739,11804,1716748200,1716807600,SHORT,SL,162.29,159.61145566,148.8972783,166.75424057,-0.6262263326010654,-0.6671238261696074,0.04089749356854202,14,2.24,30.81,0.5975359342915904,0.005723548977502072,1.3478957842025774,base,adaptive disabled,1.25,90.5,90,100,90,80,OFF_HOURS,bearish,bearish,FVG,BOS bearish | Vol 2.2x | FVG | ChoCH | StrongTrend1h | Zone:FVG | MTF 14 | Risk x1.25,BOS+2 | BodyStrong+1 | 1h+2 | 4h+2 | Vol+2 | BTCok+1 | FVG+1 | ChoCH+1 | Zone:FVG+1 | Sess:OFF_HOURS | Strong1h+1 | QualityRisk:1.15 | TrendPairRisk:1.25,0,0,0.425,bear,1.1133,0.4816,0.0,-0.039,1.822,1.0,-0.4454,0.5625,11737,0,1,0.895,-1.0,0,0.872,0
DOTUSDT,11757,11781,1716764400,1716786900,LONG,SL,7.573,7.65129739,7.96448695,7.44250435,-0.7284725582806787,-0.7937592172612653,0.06528665898058657,15,1.69,62.0,0.17880794701986974,0.003211030904070334,0.8939747891191735,base,adaptive disabled,1.15,80.7,90,81,70,80,DEAD_ZONE,bullish,bullish,FVG,BOS bullish | Vol 1.7x | FVG | MACD_Div | ChoCH | StrongTrend1h | Zone:FVG | MTF 15 | Risk x1.15,BOS+2 | BodyStrong+1 | 1h+2 | 4h+2 | Vol+1 | RSI+1 | BTCok+1 | FVG+1 | MACD_Div+1 | ChoCH+1 | Zone:FVG+1 | Sess:DEAD_ZONE | Strong1h+1 | QualityRisk:1.15,0,0,0.425,range,1.3104,0.2938,0.435,0.129,2.186,1.0,0.1279,0.5625,11757,0,1,0.526,1.93,1,1.369,4
ETHUSDT,11795,11821,1716798600,1716822900,LONG,TRAIL,3921.38,3952.57853562,4077.37267811,3869.38244063,0.7753701404958085,0.6056870802348979,0.16968306026091057,17,4.33,66.1,0.4681323562069742,0.005014042730069185,1.3286798850987,base,adaptive disabled,1.0,90.5,90,100,90,80,LONDON,bullish,bullish,FVG,BOS bullish | Vol 4.3x | FVG | LiqSweep | ChoCH | Engulfing | Session:LONDON | StrongTrend1h | Zone:FVG | MTF 17,BOS+2 | BodyStrong+1 | 1h+2 | 4h+2 | Vol+2 | RSI+1 | BTCok+1 | FVG+1 | LiqSweep+1 | ChoCH+1 | Engulfing+1 | Zone:FVG+1 | Sess:LONDON | Strong1h+1,0,0,0.35,range,0.736,1.0754,0.0,0.0211,2.084,1.0,0.0301,1.125,11794,0,3,1.651,0.166,1,1.101,0
LINKUSDT,11811,11824,1716813000,1716825600,LONG,TRAIL,17.381,17.67040325,18.82801624,16.89866125,2.269796403234252,2.1515570823213044,0.11823932091294753,14,1.48,66.81,0.6086105675146737,0.005498322685462464,1.3909935749125126,base,adaptive disabled,1.0,78.5,90,100,50,80,OVERLAP,bullish,bullish,FVG,BOS bullish | Vol 1.5x | FVG | ChoCH | Session:OVERLAP | StrongTrend1h | Zone:FVG | MTF 14,BOS+2 | 1h+2 | 4h+2 | Vol+1 | RSI+1 | BTC+2 | FVG+1 | ChoCH+1 | Zone:FVG+1 | Sess:OVERLAP | Strong1h+1,0,0,0.425,bull,0.141,1.8555,6.761,0.2153,1.468,1.0,0.1106,1.640625,11811,0,1,0.522,0.735,1,1.032,0
DOTUSDT,11819,11822,1716820200,1716823800,LONG,TRAIL,7.493,7.5469496,7.762748,7.403084,1.1310243470321657,0.9122743470321671,0.21874999999999867,15,1.39,54.58,0.2,0.0032008851396728294,0.9562964443414445,base,adaptive disabled,1.15,64.8,60,84,50,80,NEW_YORK,neutral,bullish,FVG,BOS bullish | Vol 1.4x | FVG | ChoCH | BullWick | Session:NEW_YORK | Zone:FVG | MTF 15 | Risk x1.15,BOS+2 | 1hN+1 | 4h+2 | Vol+1 | RSI+1 | BTC+2 | FVG+1 | ChoCH+1 | BullWick+1 | Zone:FVG+1 | Sess:NEW_YORK | NestedOB_1h+2 | QualityRisk:1.15,0,0,0.525,bull,0.2002,1.2975,0.636,0.009,1.563,-1.0,-0.0377,1.3125,11819,5,6,0.116,1.123,1,2.053,0
SOLUSDT,11908,12080,1716900300,1717056000,LONG,SL,170.71,174.21419166,188.23095829,164.86968057,-2.373157866812099,-2.4882492814267274,0.11509141461462848,13,1.35,69.61,0.4977168949771646,0.007373132112314426,1.216280463304932,base,adaptive disabled,1.25,75.8,65,100,70,80,OVERLAP,bullish,neutral,FVG,BOS bullish | Vol 1.4x | FVG | ChoCH | Engulfing | Session:OVERLAP | StrongTrend1h | Zone:FVG | MTF 13 | Risk x1.25,BOS+2 | BodyStrong+1 | 1h+2 | 4hN+1 | Vol+1 | BTCok+1 | FVG+1 | ChoCH+1 | Engulfing+1 | Zone:FVG+1 | Sess:OVERLAP | Strong1h+1 | QualityRisk:1.15 | RelStrengthRisk:1.25,0,0,0.575,bull,1.214,0.916,0.71,-0.0112,1.043,1.0,0.158,1.96875,11908,0,1,0.861,0.782,1,1.485,3
AVAXUSDT,11915,12018,1716906600,1717000200,SHORT,TRAIL,36.809,36.24168609,33.97243045,37.75452318,0.4114147177756521,0.35302006265995217,0.05839465511569994,14,1.51,38.99,0.2695035460992946,0.009564077510242458,1.5977202606407388,base,adaptive disabled,1.15,82.9,90,92,70,80,NEW_YORK,bearish,bearish,FVG,BOS bearish | Vol 1.5x | FVG | ChoCH | Session:NEW_YORK | StrongTrend1h | Zone:FVG | MTF 14 | Risk x1.15,BOS+2 | BodyStrong+1 | 1h+2 | 4h+2 | Vol+1 | RSI+1 | BTCok+1 | FVG+1 | ChoCH+1 | Zone:FVG+1 | Sess:NEW_YORK | Strong1h+1 | TrendPairRisk:1.15,0,0,0.5,range,0.7414,1.0241,10.0,-0.0754,0.853,1.0,-0.1492,0.75,11915,29,3,1.152,0.176,1,1.501,1
SUIUSDT,11916,12018,1716907500,1717000200,SHORT,TRAIL,1.0342,1.0189348,0.95787398,1.05964201,0.5206298517934546,0.45965589572630394,0.06097395606715059,14,1.39,38.44,0.43055555555555974,0.00719988977426388,1.3396937759826582,base,adaptive disabled,1.25,78.5,90,100,50,80,NEW_YORK,bearish,bearish,FVG,BOS bearish | Vol 1.4x | FVG | MACD_Div | ChoCH | Session:NEW_YORK | StrongTrend1h | Zone:FVG | MTF 14 | Risk x1.25,BOS+2 | 1h+2 | 4h+2 | Vol+1 | RSI+1 | BTCok+1 | FVG+1 | MACD_Div+1 | ChoCH+1 | Zone:FVG+1 | Sess:NEW_YORK | Strong1h+1 | QualityRisk:1.15 | TrendPairRisk:1.25,0,1,0.625,bull,0.5228,1.0809,0.0,-0.0059,1.308,1.0,-0.3158,0.75,11916,0,4,1.354,0.648,1,1.167,6
LINKUSDT,11934,12003,1716923700,1716986700,LONG,TRAIL,18.468,18.855828,20.40714,17.82162,0.5080715126323774,0.46789294120380603,0.04017857142857139,16,1.5,62.84,0.3859095688748707,0.00868218700010697,1.2507818374395803,base,adaptive disabled,1.0,84.5,90,100,70,80,DEAD_ZONE,bullish,bullish,FVG,BOS bullish | Vol 1.5x | FVG | ChoCH | BullWick | StrongTrend1h | Zone:FVG | MTF 16,BOS+2 | BodyStrong+1 | 1h+2 | 4h+2 | Vol+1 | RSI+1 | BTC+2 | FVG+1 | ChoCH+1 | BullWick+1 | Zone:FVG+1 | Sess:DEAD_ZONE | Strong1h+1,0,0,0.55,bull,0.6823,1.2299,10.0,0.1514,2.093,-1.0,-0.0464,0.703125,11934,0,2,0.832,2.319,1,0.75,3
XRPUSDT,11934,11986,1716923700,1716971400,SHORT,TRAIL,0.5274,0.52240156,0.50240778,0.53573074,0.23068816739647446,0.17727229437679076,0.0534158730196837,16,3.94,34.03,0.4852941176470645,0.004639596730384574,1.3673922588516354,base,adaptive disabled,1.15,90.5,90,100,90,80,OFF_HOURS,bearish,bearish,FVG,BOS bearish | Vol 3.9x | FVG | ChoCH | Engulfing | StrongTrend1h | Zone:FVG | MTF 16 | Risk x1.15,BOS+2 | BodyStrong+1 | 1h+2 | 4h+2 | Vol+2 | RSI+1 | BTCok+1 | FVG+1 | ChoCH+1 | Engulfing+1 | Zone:FVG+1 | Sess:OFF_HOURS | Strong1h+1 | TrendPairRisk:1.15,0,0,0.6,range,0.5522,1.3204,10.0,-0.0259,1.69,1.0,-0.2442,0.421875,11931,2,3,1.793,0.672,1,0.672,1
DOTUSDT,11959,11976,1716946200,1716962400,SHORT,SL,7.371,7.27885032,6.9102516,7.5245828,-0.6079782371463465,-0.6619710996283433,0.0539928624819968,15,1.79,34.78,0.4579439252336551,0.005183973252978322,1.0975211944311023,base,adaptive disabled,1.25,78.5,90,100,50,80,OFF_HOURS,bearish,bearish,FVG,BOS bearish | Vol 1.8x | FVG | ChoCH | StrongTrend1h | Zone:FVG | MTF 15 | Risk x1.25,BOS+2 | 1h+2 | 4h+2 | Vol+1 | RSI+1 | BTCok+1 | FVG+1 | ChoCH+1 | Zone:FVG+1 | Sess:OFF_HOURS | Strong1h+1 | NestedOB_1h+2 | QualityRisk:1.15 | TrendPairRisk:1.25,0,0,0.475,bear,1.2762,0.662,0.662,-0.2767,1.656,1.0,-0.5114,0.5625,11958,9,2,0.752,0.033,1,1.21,0
ETHUSDT,11986,12018,1716970500,1717000200,SHORT,TRAIL,3806.0,3744.51311176,3498.56555879,3908.47814707,0.91670117212632,0.7913549361993006,0.1253462359270193,16,2.06,33.67,0.5951233342784169,0.007357279358835639,2.29980178618097,base,adaptive disabled,1.0,79.8,65,90,90,80,LONDON,bearish,neutral,FVG,BOS bearish | Vol 2.1x | FVG | ChoCH | Engulfing | Session:LONDON | StrongTrend1h | Zone:FVG | MTF 16,BOS+2 | BodyStrong+1 | 1h+2 | 4hN+1 | Vol+2 | RSI+1 | BTC+2 | FVG+1 | ChoCH+1 | Engulfing+1 | Zone:FVG+1 | Sess:LONDON | Strong1h+1,0,0,0.45,range,0.3432,1.0083,0.0,-0.0508,1.418,1.0,-0.1073,1.6875,11986,0,4,2.407,1.825,1,1.078,0
SUIUSDT,12004,12018,1716986700,1717000200,SHORT,TRAIL,1.0384,1.0225,0.99381737,1.05326088,2.9439417397899037,2.664442813750532,0.27949892603937176,13,1.53,39.75,0.5250836120401308,0.0076484070343074695,1.5271809662473352,base,adaptive disabled,1.15,68.0,60,100,50,80,OVERLAP,neutral,bearish,FVG,BOS bearish | Vol 1.5x | FVG | LiqSweep | ChoCH | BearWick | Session:OVERLAP | Zone:FVG | MTF 13 | Risk x1.15,BOS+2 | 1hN+1 | 4h+2 | Vol+1 | RSI+1 | BTCok+1 | FVG+1 | LiqSweep+1 | ChoCH+1 | BearWick+1 | Zone:FVG+1 | Sess:OVERLAP | QualityRisk:1.15,0,0,0.425,range,0.0606,1.3019,0.0,-0.0049,1.298,1.0,-0.1864,2.0,12003,3,3,0.671,0.495,1,1.549,0
DOTUSDT,12005,12007,1716987600,1716990300,SHORT,TRAIL,7.4,7.31873946,6.99369732,7.53543423,1.2977877400050601,1.109539078643748,0.18824866136131232,15,1.45,37.83,0.5261044176706845,0.007199361420488927,1.447460800209113,base,adaptive disabled,1.0,68.0,60,100,50,80,OVERLAP,neutral,bearish,FVG,BOS bearish | Vol 1.4x | FVG | LiqSweep | ChoCH | Engulfing | Session:OVERLAP | Zone:FVG | MTF 15,BOS+2 | 1hN+1 | 4h+2 | Vol+1 | RSI+1 | BTCok+1 | FVG+1 | LiqSweep+1 | ChoCH+1 | Engulfing+1 | Zone:FVG+1 | Sess:OVERLAP | NestedOB_1h+2,0,0,0.525,range,0.0,1.1075,0.0,-0.2138,1.324,1.0,-0.4271,1.72265625,12003,2,3,1.28,0.392,1,1.858,0
ETHUSDT,12011,12018,1716993000,1717000200,SHORT,TRAIL,3788.69,3744.93761663,3569.92808313,3861.61063896,0.524970540122133,0.4210578467054376,0.10391269341669535,16,1.52,38.97,0.3199802176063287,0.006629385050090106,1.62703388373892,base,adaptive disabled,1.15,84.1,90,98,70,80,NEW_YORK,bearish,bearish,FVG,BOS bearish | Vol 1.5x | FVG | ChoCH | Engulfing | Session:NEW_YORK | StrongTrend1h | Zone:FVG | MTF 16 | Risk x1.15,BOS+2 | BodyStrong+1 | 1h+2 | 4h+2 | Vol+1 | RSI+1 | BTC+2 | FVG+1 | ChoCH+1 | Engulfing+1 | Zone:FVG+1 | Sess:NEW_YORK | Strong1h+1 | TrendPairRisk:1.15,0,1,0.425,bull,0.1688,1.0214,0.0,0.0638,1.367,1.0,-0.2294,1.0,12011,0,1,0.501,0.086,1,0.529,0
XRPUSDT,12019,12032,1717000200,1717012800,SHORT,TRAIL,0.5284,0.52417752,0.50728761,0.53543746,1.3316862521412987,1.0688925737402866,0.2627936784010121,16,3.95,36.49,0.4285714285714146,0.004616817500851682,1.1634380104344775,base,adaptive disabled,1.15,80.0,60,100,90,80,NEW_YORK,neutral,bearish,FVG,BOS bearish | Vol 4.0x | FVG | ChoCH | Engulfing | Session:NEW_YORK | Zone:FVG | MTF 16 | Risk x1.15,BOS+2 | BodyStrong+1 | 1hN+1 | 4h+2 | Vol+2 | RSI+1 | BTCok+1 | FVG+1 | ChoCH+1 | Engulfing+1 | Zone:FVG+1 | Sess:NEW_YORK | NestedOB_1h+2 | QualityRisk:1.15,0,0,0.625,range,0.1279,1.0184,2.6,-0.1011,2.456,1.0,-0.1139,1.75,12017,0,1,1.117,0.045,1,0.626,0
AVAXUSDT,12055,12078,1717032600,1717054200,SHORT,TRAIL,36.284,35.85345665,34.13128323,37.00157226,0.578266783406326,0.507159833146014,0.07110695026031202,16,2.98,39.18,0.29344073647871177,0.006598491122389638,1.1960581804304884,base,adaptive disabled,1.25,89.5,90,95,90,80,OFF_HOURS,bearish,bearish,FVG,BOS bearish | Vol 3.0x | FVG | ChoCH | StrongTrend1h | Zone:FVG | MTF 16 | Risk x1.25,BOS+2 | BodyStrong+1 | 1h+2 | 4h+2 | Vol+2 | RSI+1 | BTC+2 | FVG+1 | ChoCH+1 | Zone:FVG+1 | Sess:OFF_HOURS | Strong1h+1 | QualityRisk:1.15 | TrendPairRisk:1.25,0,0,0.525,range,1.08,1.0614,7.083,-0.1057,1.707,1.0,-0.2758,0.703125,12051,3,3,0.228,-1.0,0,0.722,2
ADAUSDT,12129,12210,1717099200,1717173000,SHORT,TRAIL,0.4488,0.44382086,0.42390428,0.45709857,0.34298271281407916,0.2821409051291407,0.06084180768493845,18,4.99,35.76,0.7922077922077874,0.007043065710361752,1.7599838651249893,base,adaptive disabled,1.15,90.5,90,100,90,80,DEAD_ZONE,bearish,bearish,FVG,BOS bearish | Vol 5.0x | FVG | LiqSweep | ChoCH | Engulfing | StrongTrend1h | Zone:FVG | MTF 18 | Risk x1.15,BOS+2 | BodyStrong+1 | 1h+2 | 4h+2 | Vol+2 | RSI+1 | BTC+2 | FVG+1 | LiqSweep+1 | ChoCH+1 | Engulfing+1 | Zone:FVG+1 | Sess:DEAD_ZONE | Strong1h+1 | TrendPairRisk:1.15,0,0,0.45,range,0.9761,1.0444,0.0,-0.0965,1.917,-1.0,-0.0533,0.5625,12129,21,2,2.001,0.801,1,1.651,4
SOLUSDT,12167,12190,1717133400,1717155000,SHORT,SL,165.8,164.26767928,158.13839639,168.35386787,-0.5924836667450665,-0.6655199432850905,0.07303627654002387,17,1.46,35.72,0.5191637630662045,0.005602555738903184,1.531885691298762,base,adaptive disabled,1.25,78.5,90,100,50,80,OFF_HOURS,bearish,bearish,FVG,BOS bearish | Vol 1.5x | FVG | ChoCH | Engulfing | StrongTrend1h | Zone:FVG | MTF 17 | Risk x1.25,BOS+2 | 1h+2 | 4h+2 | Vol+1 | RSI+1 | BTC+2 | FVG+1 | ChoCH+1 | Engulfing+1 | Zone:FVG+1 | Sess:OFF_HOURS | Strong1h+1 | NestedOB_1h+2 | QualityRisk:1.15 | TrendPairRisk:1.25,0,0,0.575,range,1.1629,0.124,0.0,0.0506,1.942,1.0,-0.3579,0.5625,12167,0,1,0.768,0.045,1,0.934,4
SUIUSDT,12167,12194,1717133400,1717158600,SHORT,SL,1.0047,0.99245874,0.94349372,1.02510209,-0.7030529715337956,-0.7584535456906586,0.05540057415686292,15,2.5,33.86,0.5565610859728438,0.007828517025224071,1.9140724128536868,base,adaptive disabled,1.25,82.5,90,90,70,80,OFF_HOURS,bearish,bearish,FVG,BOS bearish | Vol 2.5x | FVG | ChoCH | StrongTrend1h | Zone:FVG | MTF 15 | Risk x1.25,BOS+2 | 1h+2 | 4h+2 | Vol+2 | RSI+1 | BTC+2 | FVG+1 | ChoCH+1 | Zone:FVG+1 | Sess:OFF_HOURS | Strong1h+1 | QualityRisk:1.15 | TrendPairRisk:1.25,0,1,0.45,bull,1.4606,0.098,0.0,-0.071,1.774,1.0,-0.2677,0.5625,12167,0,1,1.658,1.431,1,0.818,0
LINKUSDT,12288,12372,1717242300,1717318800,LONG,SL,18.555,18.69978599,19.27892993,18.31369002,-2.1549046583153957,-2.4624758578157224,0.3075711995003267,16,1.74,55.39,0.3108433734939712,0.004609652892847159,1.3206655538079122,base,adaptive disabled,1.15,86.9,90,97,80,80,OVERLAP,bullish,bullish,OB,BOS bullish | Vol 1.7x | FVG | OB | ChoCH | Session:OVERLAP | StrongTrend1h | Zone:OB | MTF 16 | Risk x1.15,BOS+2 | BodyStrong+1 | 1h+2 | 4h+2 | Vol+1 | RSI+1 | BTC+2 | FVG+1 | OB+1 | ChoCH+1 | Zone:OB+1 | Sess:OVERLAP | Strong1h+1 | QualityRisk:1.15,0,0,0.575,range,1.1479,0.8841,0.0,-0.0808,1.012,1.0,-0.1439,2.0,12288,4,5,0.085,0.142,1,0.711,0
XRPUSDT,12336,12375,1717285500,1717321500,SHORT,TRAIL,0.5191,0.51536248,0.5004124,0.5253292,1.3243505232706265,1.1056005232706283,0.2187499999999984,14,2.0,33.78,0.714285714285737,0.0018629289491944054,1.3844223422247561,base,adaptive disabled,1.0,80.0,60,100,90,80,DEAD_ZONE,neutral,bearish,FVG,BOS bearish | Vol 2.0x | FVG | ChoCH | Zone:FVG | MTF 14,BOS+2 | BodyStrong+1 | 1hN+1 | 4h+2 | Vol+2 | RSI+1 | BTC+2 | FVG+1 | ChoCH+1 | Zone:FVG+1 | Sess:DEAD_ZONE,0,0,0.6,range,0.1284,1.2843,0.0,-0.0774,1.323,1.0,-0.1946,1.3125,12335,0,2,1.786,0.137,1,1.374,0
SOLUSDT,12337,12367,1717286400,1717314300,SHORT,TRAIL,166.53,165.330984,160.53492,168.52836,0.7502206223578102,0.5861581223578094,0.16406250000000075,17,2.59,31.69,0.44444444444444947,0.001962925584953824,1.090536024148229,base,adaptive disabled,1.15,80.0,60,100,90,80,DEAD_ZONE,neutral,bearish,FVG,BOS bearish | Vol 2.6x | FVG | ChoCH | Engulfing | BearWick | Zone:FVG | MTF 17 | Risk x1.15,BOS+2 | BodyStrong+1 | 1hN+1 | 4h+2 | Vol+2 | BTC+2 | FVG+1 | ChoCH+1 | Engulfing+1 | BearWick+1 | Zone:FVG+1 | Sess:DEAD_ZONE | NestedOB_1h+2 | QualityRisk:1.15,0,0,0.525,bear,0.3002,1.0258,0.0,-0.4644,2.38,1.0,-0.6431,0.984375,12334,0,3,1.916,1.43,1,1.602,0
AVAXUSDT,12339,12406,1717288200,1717349400,SHORT,TP2,35.865,35.293,35.199,36.29538,1.160602258469268,1.0356022584692677,0.12500000000000014,16,3.87,30.87,0.4732510288065669,0.002614306211655846,1.1886820142145205,base,adaptive disabled,1.25,90.5,90,100,90,80,DEAD_ZONE,bearish,bearish,FVG,BOS bearish | Vol 3.9x | FVG | ChoCH | BearWick | StrongTrend1h | Zone:FVG | MTF 16 | Risk x1.25,BOS+2 | BodyStrong+1 | 1h+2 | 4h+2 | Vol+2 | BTC+2 | FVG+1 | ChoCH+1 | BearWick+1 | Zone:FVG+1 | Sess:DEAD_ZONE | Strong1h+1 | QualityRisk:1.15 | TrendPairRisk:1.25,0,1,0.575,bull,0.7598,1.1084,0.0,-0.2456,2.478,1.0,-0.0802,0.75,12334,0,1,1.26,1.123,1,3.17,1
ETHUSDT,12345,12408,1717293600,1717351200,LONG,SL,3815.62,3843.092464,3952.98232,3769.83256,-0.7983630445379735,-0.9233630445379734,0.12499999999999983,16,2.01,64.85,0.19708816392559642,0.0029793147288691446,1.484440635105928,base,adaptive disabled,1.15,84.1,90,83,80,80,OFF_HOURS,bullish,bullish,OB,BOS bullish | Vol 2.0x | FVG | OB | ChoCH | BullWick | StrongTrend1h | Zone:OB | MTF 16 | Risk x1.15,BOS+2 | 1h+2 | 4h+2 | Vol+2 | RSI+1 | BTCok+1 | FVG+1 | OB+1 | ChoCH+1 | BullWick+1 | Zone:OB+1 | Sess:OFF_HOURS | Strong1h+1 | QualityRisk:1.15,0,0,0.475,bull,1.4098,0.3913,0.312,0.0682,1.357,1.0,0.2346,0.75,12341,4,1,0.277,1.093,1,1.376,0
DOTUSDT,12368,12375,1717314300,1717321500,SHORT,TRAIL,7.061,7.0101608,6.806804,7.145732,1.2307396272403988,0.9846458772403981,0.24609375000000056,16,3.87,37.64,0.4666666666666623,0.003256908937511316,1.3558320324172237,base,adaptive disabled,1.0,80.0,60,100,90,80,LONDON,neutral,bearish,FVG,BOS bearish | Vol 3.9x | FVG | LiqSweep | ChoCH | Engulfing | Session:LONDON | Zone:FVG | MTF 16,BOS+2 | BodyStrong+1 | 1hN+1 | 4h+2 | Vol+2 | RSI+1 | BTC+2 | FVG+1 | LiqSweep+1 | ChoCH+1 | Engulfing+1 | Zone:FVG+1 | Sess:LONDON,0,0,0.625,bear,0.1298,1.0818,0.0,-0.0581,2.9,1.0,-0.2927,1.4765625,12367,0,1,1.015,4.166,0,1.602,4
AVAXUSDT,12370,12406,1717316100,1717349400,SHORT,TP2,35.896,35.293,35.199,36.326752,2.123756825273028,1.905006825273027,0.2187500000000009,16,1.69,36.96,0.5007800312012296,0.004848468832208019,1.841907791103941,base,adaptive disabled,1.0,72.0,60,90,70,80,LONDON,neutral,bearish,FVG,BOS bearish | Vol 1.7x | FVG | LiqSweep | MACD_Div | ChoCH | Engulfing | Session:LONDON | Zone:FVG | MTF 16,BOS+2 | BodyStrong+1 | 1hN+1 | 4h+2 | Vol+1 | RSI+1 | BTC+2 | FVG+1 | LiqSweep+1 | MACD_Div+1 | ChoCH+1 | Engulfing+1 | Zone:FVG+1 | Sess:LONDON,0,0,0.5,range,0.5061,1.1028,0.0,-0.0708,1.105,1.0,-0.4076,1.3125,12367,0,1,1.429,0.573,1,0.847,0
BTCUSDT,12376,12393,1717321500,1717337700,SHORT,SL,67555.4,67069.00112,65123.4056,68366.0648,-0.7432311457522336,-0.8662780207522338,0.1230468750000002,15,2.62,37.22,0.32539184952981937,0.0025490348247406585,2.7651358794985965,base,adaptive disabled,1.0,77.8,60,89,90,80,LONDON,neutral,bearish,FVG,BOS bearish | Vol 2.6x | FVG | ChoCH | BearWick | Session:LONDON | Zone:FVG | MTF 15,BOS+2 | BodyStrong+1 | 1hN+1 | 4h+2 | Vol+2 | RSI+1 | BTC+2 | FVG+1 | ChoCH+1 | BearWick+1 | Zone:FVG+1 | Sess:LONDON,0,0,0.5,bear,1.0926,0.3606,2.346,-0.1812,1.778,1.0,-0.2435,0.73828125,12376,0,2,1.427,0.286,1,1.239,0
ETHUSDT,12388,12396,1717332300,1717340400,LONG,TRAIL,3782.55,3809.78436,3918.7218,3737.1594,1.0752447462381687,0.7419114129048366,0.33333333333333204,17,1.35,55.78,0.5415194346289725,0.004063540026980205,1.9655054331009196,base,adaptive disabled,1.15,69.0,60,90,60,80,OVERLAP,neutral,bullish,OB,BOS bullish | Vol 1.4x | FVG | OB | LiqSweep | ChoCH | BullWick | Session:OVERLAP | Zone:OB | 💎PREMIUM | MTF 17 | Risk x1.15,BOS+2 | 1hN+1 | 4h+2 | Vol+1 | RSI+1 | BTCok+1 | FVG+1 | OB+1 | LiqSweep+1 | ChoCH+1 | BullWick+1 | Zone:OB+1 | Sess:OVERLAP | 💎Premium+3 | QualityRisk:1.15,1,1,0.45,bear,0.1331,1.0373,0.0,0.1103,0.795,-1.0,0.1145,2.0,12385,4,1,0.076,0.058,1,1.427,0
DOTUSDT,12407,12410,1717349400,1717353000,SHORT,TRAIL,7.013,6.93089359,6.60246796,7.14984401,0.17104834292540844,0.12780773085915864,0.043240612066249774,14,1.56,34.49,0.6969696969697007,0.00618124736030297,2.07189524618052,base,adaptive disabled,1.15,73.0,80,90,50,80,OFF_HOURS,bearish,bearish,FVG,BOS bearish | Vol 1.6x | FVG | MACD_Div | ChoCH | Zone:FVG | MTF 14 | Risk x1.15,BOS+2 | 1h+2 | 4h+2 | Vol+1 | RSI+1 | BTC+2 | FVG+1 | MACD_Div+1 | ChoCH+1 | Zone:FVG+1 | Sess:OFF_HOURS | TrendPairRisk:1.15,0,1,0.6,bull,0.0512,1.1814,0.0,-0.0957,1.093,1.0,-0.326,0.421875,12407,0,4,1.586,0.696,1,1.703,0
AVAXUSDT,12435,12452,1717374600,1717390800,SHORT,SL,34.849,34.56518762,33.42993808,35.32202064,-0.593393768187368,-0.6762762508629652,0.08288248267559715,14,3.43,29.73,0.3755047106325683,0.006209210151516394,1.5833032659393718,base,adaptive disabled,1.15,90.5,90,100,90,80,OFF_HOURS,bearish,bearish,FVG,BOS bearish | Vol 3.4x | FVG | ChoCH | StrongTrend1h | Zone:FVG | MTF 14 | Risk x1.15,BOS+2 | BodyStrong+1 | 1h+2 | 4h+2 | Vol+2 | BTCok+1 | FVG+1 | ChoCH+1 | Zone:FVG+1 | Sess:OFF_HOURS | Strong1h+1 | TrendPairRisk:1.15,0,0,0.5,range,1.1416,0.8738,3.577,-0.041,1.765,1.0,-0.2855,0.5625,12435,0,1,1.801,-1.0,0,1.808,2
DOTUSDT,12436,12440,1717375500,1717380000,SHORT,SL,6.993,6.801,6.741252,7.076916,-0.5965787215787224,-0.690328721578723,0.09375000000000064,14,1.53,34.67,0.34375000000000344,0.005405342889867225,1.5936752620517076,base,adaptive disabled,1.15,84.5,90,100,70,80,OFF_HOURS,bearish,bearish,FVG,BOS bearish | Vol 1.5x | FVG | ChoCH | StrongTrend1h | Zone:FVG | MTF 14 | Risk x1.15,BOS+2 | BodyStrong+1 | 1h+2 | 4h+2 | Vol+1 | RSI+1 | BTCok+1 | FVG+1 | ChoCH+1 | Zone:FVG+1 | Sess:OFF_HOURS | Strong1h+1 | TrendPairRisk:1.15,0,1,0.475,bull,1.0725,0.1458,4.889,-0.069,0.817,-1.0,0.2044,0.5625,12435,17,1,0.991,1.029,1,2.896,0
ADAUSDT,12461,12512,1717398000,1717444800,LONG,TRAIL,0.4529,0.45720746,0.47443728,0.44572091,1.1943770461449454,1.0879194380079809,0.10645760813696445,13,1.78,69.15,0.41935483870967716,0.005881832903850473,1.8624403763321966,base,adaptive disabled,1.0,70.2,55,90,70,80,OFF_HOURS,bullish,neutral,FVG,BOS bullish | Vol 1.8x | FVG | ChoCH | BullWick | Zone:FVG | MTF 13,BOS+2 | BodyStrong+1 | 1h+2 | 4hN+1 | Vol+1 | BTC+2 | FVG+1 | ChoCH+1 | BullWick+1 | Zone:FVG+1 | Sess:OFF_HOURS,0,1,0.425,bear,0.7243,1.2769,5.2,0.003,1.392,1.0,0.3687,0.84375,12459,0,1,1.171,0.958,1,1.011,0
BTCUSDT,12467,12488,1717403400,1717423200,LONG,TRAIL,69250.0,69924.99741857,72624.98709286,68125.00430238,0.3615147445703626,0.3153479013460935,0.046166843224269095,15,1.33,70.66,0.39247545399251216,0.002504794359382437,1.0369335617673312,base,adaptive disabled,1.15,78.5,90,100,50,80,LONDON,bullish,bullish,FVG,BOS bullish | Vol 1.3x | FVG | ChoCH | Engulfing | BullWick | Session:LONDON | StrongTrend1h | Zone:FVG | MTF 15 | Risk x1.15,BOS+2 | 1h+2 | 4h+2 | Vol+1 | BTC+2 | FVG+1 | ChoCH+1 | Engulfing+1 | BullWick+1 | Zone:FVG+1 | Sess:LONDON | Strong1h+1 | QualityRisk:1.15,0,0,0.55,bull,0.3421,1.1111,1.142,0.2923,2.46,1.0,0.4646,0.375,12467,0,1,0.382,1.172,1,0.866,3
BTCUSDT,12488,12593,1717422300,1717517700,LONG,TRAIL,69794.6,70495.28870476,73298.04352378,68626.78549207,0.15364644551961348,0.12843302620082822,0.025213419318785266,15,5.75,64.59,0.3681607810816052,0.004911281789398103,1.715047679651154,base,adaptive disabled,1.0,84.5,90,100,70,80,NEW_YORK,bullish,bullish,FVG,BOS bullish | Vol 5.8x | FVG | ChoCH | Session:NEW_YORK | StrongTrend1h | Zone:FVG | MTF 15,BOS+2 | 1h+2 | 4h+2 | Vol+2 | RSI+1 | BTC+2 | FVG+1 | ChoCH+1 | Zone:FVG+1 | Sess:NEW_YORK | Strong1h+1,0,0,0.5,range,1.0983,1.005,9.458,0.0576,2.522,1.0,0.1406,0.2109375,12488,0,1,0.078,3.944,0,1.989,0
XLMUSDT,12513,12531,1717444800,1717461900,SHORT,TRAIL,0.1057,0.10492177,0.10180887,0.10699704,0.8015199498420398,0.5162935882803298,0.2852263615617099,13,3.38,38.19,0.45454545454544765,0.002523162082033011,0.8974046480174359,base,adaptive disabled,1.15,74.0,60,100,70,80,DEAD_ZONE,neutral,bearish,FVG,BOS bearish | Vol 3.4x | FVG | ChoCH | Zone:FVG | MTF 13 | Risk x1.15,BOS+2 | 1hN+1 | 4h+2 | Vol+2 | RSI+1 | BTC+2 | FVG+1 | ChoCH+1 | Zone:FVG+1 | Sess:DEAD_ZONE | QualityRisk:1.15,0,0,0.6,range,0.0,1.285,0.0,0.0591,3.343,1.0,-0.1236,1.75,12513,1,1,0.0,1.01,1,0.673,0
DOTUSDT,12518,12531,1717449300,1717461900,SHORT,TRAIL,7.056,6.99382639,6.74513194,7.15962269,0.8168086016390701,0.6380639656910938,0.1787446359479764,14,2.03,35.3,0.6206896551724114,0.003498002239796172,0.8908662132977103,base,adaptive disabled,1.15,74.0,60,100,70,80,DEAD_ZONE,neutral,bearish,FVG,BOS bearish | Vol 2.0x | FVG | ChoCH | Engulfing | Zone:FVG | MTF 14 | Risk x1.15,BOS+2 | 1hN+1 | 4h+2 | Vol+2 | RSI+1 | BTC+2 | FVG+1 | ChoCH+1 | Engulfing+1 | Zone:FVG+1 | Sess:DEAD_ZONE | QualityRisk:1.15,0,0,0.6,range,0.0193,1.3671,0.0,-0.0689,1.731,-1.0,0.0764,1.3125,12518,0,1,0.429,1.015,1,1.015,0
AVAXUSDT,12523,12530,1717453800,1717461000,SHORT,TRAIL,35.419,34.91984581,32.92322905,36.25092365,1.1460525904599734,1.0342936868634716,0.11175890359650188,14,6.61,32.94,0.5570731707317023,0.005715313157336715,1.2093266446066884,base,adaptive disabled,1.0,80.0,60,100,90,80,DEAD_ZONE,neutral,bearish,FVG,BOS bearish | Vol 6.6x | FVG | ChoCH | Zone:FVG | MTF 14,BOS+2 | BodyStrong+1 | 1hN+1 | 4h+2 | Vol+2 | RSI+1 | BTC+2 | FVG+1 | ChoCH+1 | Zone:FVG+1 | Sess:DEAD_ZONE,0,1,0.5,bull,0.0349,1.0337,0.0,-0.3013,3.497,1.0,-0.3686,1.3125,12522,23,1,2.018,0.252,1,0.671,0
XRPUSDT,12542,12563,1717470900,1717490700,LONG,TRAIL,0.5207,0.52444904,0.5394452,0.5144516,0.4818567438657979,0.2943567438657992,0.18749999999999872,16,1.31,49.43,0.18309859154930413,0.003452102181015261,1.7940575038188398,base,adaptive disabled,1.0,72.0,65,81,70,80,OFF_HOURS,bullish,neutral,FVG,BOS bullish | Vol 1.3x | FVG | ChoCH | Engulfing | BullWick | StrongTrend1h | Zone:FVG | MTF 16,BOS+2 | BodyStrong+1 | 1h+2 | 4hN+1 | Vol+1 | RSI+1 | BTC+2 | FVG+1 | ChoCH+1 | Engulfing+1 | BullWick+1 | Zone:FVG+1 | Sess:OFF_HOURS | Strong1h+1,0,1,0.475,bear,0.3681,1.2003,0.0,0.1477,0.863,1.0,-0.1898,1.125,12542,7,1,1.013,0.169,1,0.928,0
XRPUSDT,12586,12659,1717510500,1717577100,LONG,TRAIL,0.5261,0.53172061,0.55420307,0.51673231,0.4054878682162055,0.3212461821655359,0.08424168605066956,13,1.36,70.61,0.8620689655172545,0.004177774798394235,1.6727167561400234,base,adaptive disabled,1.0,78.5,90,100,50,80,NEW_YORK,bullish,bullish,FVG,BOS bullish | Vol 1.4x | FVG | ChoCH | Session:NEW_YORK | StrongTrend1h | Zone:FVG | MTF 13,BOS+2 | 1h+2 | 4h+2 | Vol+1 | BTC+2 | FVG+1 | ChoCH+1 | Zone:FVG+1 | Sess:NEW_YORK | Strong1h+1,0,0,0.5,range,0.2028,1.1742,2.5,-0.0152,1.096,1.0,0.2363,0.75,12584,0,3,1.697,3.338,0,1.471,0
BTCUSDT,12587,12593,1717511400,1717517700,LONG,TRAIL,69514.1,70228.11642964,73084.1821482,68324.07261727,0.33410533298236433,0.2930330834931364,0.04107224948922797,17,2.76,62.35,0.4007527181488742,0.0066640875651175525,2.990605765860437,base,adaptive disabled,1.0,88.5,90,90,90,80,NEW_YORK,bullish,bullish,FVG,BOS bullish | Vol 2.8x | FVG | ChoCH | BullWick | Session:NEW_YORK | StrongTrend1h | Zone:FVG | MTF 17,BOS+2 | BodyStrong+1 | 1h+2 | 4h+2 | Vol+2 | RSI+1 | BTC+2 | FVG+1 | ChoCH+1 | BullWick+1 | Zone:FVG+1 | Sess:NEW_YORK | Strong1h+1,0,0,0.6,range,0.0639,1.3791,2.367,0.0333,1.254,1.0,0.0772,0.3515625,12587,3,6,1.377,3.18,0,1.216,0
DOTUSDT,12604,12795,1717526700,1717699500,LONG,EXPIRED,7.192,7.32048318,7.83441592,6.97786136,0.0,-0.028337949657287472,0.028337949657287472,14,1.57,71.48,0.5373134328358165,0.0035624125030267358,0.9980454868622056,base,adaptive disabled,1.15,78.5,90,100,50,80,OFF_HOURS,bullish,bullish,FVG,BOS bullish | Vol 1.6x | FVG | ChoCH | BullWick | StrongTrend1h | Zone:FVG | MTF 14 | Risk x1.15,BOS+2 | 1h+2 | 4h+2 | Vol+1 | BTC+2 | FVG+1 | ChoCH+1 | BullWick+1 | Zone:FVG+1 | Sess:OFF_HOURS | Strong1h+1 | QualityRisk:1.15,0,0,0.525,range,0.2475,0.8172,0.673,0.1459,1.626,1.0,0.1421,0.421875,12603,0,1,0.653,11.139,0,0.902,0
LINKUSDT,12610,12647,1717532100,1717566300,SHORT,SL,17.678,17.52699767,16.92298835,17.92967055,-1.753594629963646,-1.9840782423688321,0.23048361240518606,14,1.71,39.77,0.43958868894601855,0.00428402711099768,1.1021746271718307,base,adaptive disabled,1.15,68.0,60,100,50,80,DEAD_ZONE,neutral,bearish,FVG,BOS bearish | Vol 1.7x | FVG | ChoCH | Zone:FVG | MTF 14 | Risk x1.15,BOS+2 | 1hN+1 | 4h+2 | Vol+1 | RSI+1 | BTC+2 | FVG+1 | ChoCH+1 | Zone:FVG+1 | Sess:DEAD_ZONE | NestedOB_1h+2 | QualityRisk:1.15,0,0,0.425,range,1.1245,0.4172,0.0,-0.0407,1.039,-1.0,0.0063,1.640625,12607,0,1,0.629,0.201,1,0.737,2
DOTUSDT,12629,12651,1717549200,1717569900,LONG,TRAIL,7.192,7.2437824,7.450912,7.105696,0.5249311275732863,0.4311811275732864,0.09374999999999983,18,2.0,50.72,0.1600000000000007,0.0033315205896648392,0.9210373076478539,base,adaptive disabled,1.15,86.3,90,79,90,80,OFF_HOURS,bullish,bullish,FVG,BOS bullish | Vol 2.0x | FVG | LiqSweep | ChoCH | BullWick | StrongTrend1h | Zone:FVG | MTF 18 | Risk x1.15,BOS+2 | BodyStrong+1 | 1h+2 | 4h+2 | Vol+2 | RSI+1 | BTC+2 | FVG+1 | LiqSweep+1 | ChoCH+1 | BullWick+1 | Zone:FVG+1 | Sess:OFF_HOURS | Strong1h+1 | QualityRisk:1.15,0,1,0.525,bear,0.1159,1.5449,0.0,-0.053,1.844,1.0,-0.0314,0.5625,12629,26,2,1.043,2.086,1,1.738,0
ADAUSDT,12632,12798,1717551900,1717702200,LONG,SL,0.4615,0.4648228,0.478114,0.455962,-0.5256297399783287,-0.5959422399783283,0.07031249999999946,16,2.06,63.85,0.3230769230769299,0.003525583368987676,1.2472429167307395,base,adaptive disabled,1.0,90.1,90,98,90,80,OFF_HOURS,bullish,bullish,FVG,BOS bullish | Vol 2.1x | FVG | ChoCH | StrongTrend1h | Zone:FVG | MTF 16,BOS+2 | BodyStrong+1 | 1h+2 | 4h+2 | Vol+2 | RSI+1 | BTC+2 | FVG+1 | ChoCH+1 | Zone:FVG+1 | Sess:OFF_HOURS | Strong1h+1,0,0,0.425,range,1.4807,0.8728,7.0,0.0505,1.047,-1.0,-0.0837,0.421875,12630,5,3,1.021,0.157,1,2.671,0
BTCUSDT,12632,12656,1717551900,1717574400,LONG,TRAIL,70820.8,71339.96510516,73416.62552579,69955.52482474,0.13982939192494123,0.10529988518042811,0.03452950674451313,16,2.23,66.1,0.39924514406702344,0.003975284075306365,1.1214578498028995,base,adaptive disabled,1.15,90.5,90,100,90,80,OFF_HOURS,bullish,bullish,FVG,BOS bullish | Vol 2.2x | FVG | ChoCH | StrongTrend1h | Zone:FVG | MTF 16 | Risk x1.15,BOS+2 | BodyStrong+1 | 1h+2 | 4h+2 | Vol+2 | RSI+1 | BTC+2 | FVG+1 | ChoCH+1 | Zone:FVG+1 | Sess:OFF_HOURS | Strong1h+1 | QualityRisk:1.15,0,0,0.5,range,0.19,1.1108,1.42,0.028,1.237,1.0,0.3956,0.2109375,12630,27,3,1.221,0.378,1,1.722,0
XRPUSDT,12632,12659,1717551900,1717577100,LONG,TRAIL,0.5259,0.52968648,0.5448324,0.5195892,0.6273925728383493,0.5023925728383505,0.1249999999999988,16,1.5,61.26,0.4444444444444787,0.0024062839648475802,1.0593665157245915,base,adaptive disabled,1.15,84.5,90,100,70,80,OFF_HOURS,bullish,bullish,FVG,BOS bullish | Vol 1.5x | FVG | ChoCH | Engulfing | StrongTrend1h | Zone:FVG | MTF 16 | Risk x1.15,BOS+2 | BodyStrong+1 | 1h+2 | 4h+2 | Vol+1 | RSI+1 | BTC+2 | FVG+1 | ChoCH+1 | Engulfing+1 | Zone:FVG+1 | Sess:OFF_HOURS | Strong1h+1 | QualityRisk:1.15,0,0,0.4,bull,0.2377,1.7959,0.0,-0.0172,1.118,1.0,0.059,0.75,12630,0,1,0.767,3.259,1,1.917,0
BTCUSDT,12656,12688,1717573500,1717603200,LONG,TRAIL,71100.3,71612.22216,73659.9108,70247.0964,0.2507130485911079,0.18821304859110846,0.06249999999999942,15,1.43,57.57,0.13233915636983795,0.0036494596764365377,1.5145769263708606,base,adaptive disabled,1.15,79.5,90,75,70,80,LONDON,bullish,bullish,FVG,BOS bullish | Vol 1.4x | FVG | ChoCH | Session:LONDON | StrongTrend1h | Zone:FVG | MTF 15 | Risk x1.15,BOS+2 | BodyStrong+1 | 1h+2 | 4h+2 | Vol+1 | RSI+1 | BTC+2 | FVG+1 | ChoCH+1 | Zone:FVG+1 | Sess:LONDON | Strong1h+1 | QualityRisk:1.15,0,0,0.45,bull,0.8173,1.2979,0.818,0.2164,1.124,1.0,0.249,0.375,12656,12,1,0.256,0.757,1,0.955,0
SUIUSDT,12662,12675,1717578900,1717591500,LONG,TRAIL,1.0773,1.09350262,1.15831308,1.05029564,0.45481221430750185,0.3750250984491733,0.07978711585832854,14,1.53,61.67,0.23512747875354256,0.005895507798652044,1.2742719000289324,base,adaptive disabled,1.15,82.1,90,88,70,80,LONDON,bullish,bullish,FVG,BOS bullish | Vol 1.5x | FVG | ChoCH | Session:LONDON | StrongTrend1h | Zone:FVG | MTF 14 | Risk x1.15,BOS+2 | BodyStrong+1 | 1h+2 | 4h+2 | Vol+1 | RSI+1 | BTCok+1 | FVG+1 | ChoCH+1 | Zone:FVG+1 | Sess:LONDON | Strong1h+1 | QualityRisk:1.15,0,0,0.575,bull,0.1703,1.0554,0.561,0.0568,1.553,1.0,0.078,1.0,12661,7,2,0.305,-1.0,0,1.389,1
SUIUSDT,12674,12685,1717589700,1717600500,LONG,TRAIL,1.0837,1.09418515,1.13612574,1.06622475,1.4791414327084127,1.2620944662844722,0.21704696642394045,14,1.52,56.37,0.2546583850931707,0.00784560140945929,1.4638810079485112,base,adaptive disabled,1.15,82.5,90,90,70,80,OVERLAP,bullish,bullish,FVG,BOS bullish | Vol 1.5x | FVG | ChoCH | Session:OVERLAP | StrongTrend1h | Zone:FVG | MTF 14 | Risk x1.15,BOS+2 | BodyStrong+1 | 1h+2 | 4h+2 | Vol+1 | RSI+1 | BTCok+1 | FVG+1 | ChoCH+1 | Zone:FVG+1 | Sess:OVERLAP | Strong1h+1 | QualityRisk:1.15,0,0,0.35,range,0.4006,1.3352,0.0,-0.008,0.874,-1.0,-0.0872,1.75,12674,4,4,0.695,-1.0,0,1.096,0
ETHUSDT,12678,12696,1717593300,1717610400,LONG,TRAIL,3802.22,3829.595984,3939.09992,3756.59336,2.0856804415289694,1.7523471081956357,0.33333333333333365,14,2.15,61.36,0.47163695299839076,0.0040023574364886376,1.5516226819896155,base,adaptive disabled,1.0,80.0,60,100,90,80,OVERLAP,neutral,bullish,FVG,BOS bullish | Vol 2.1x | FVG | ChoCH | BullWick | Session:OVERLAP | Zone:FVG | MTF 14,BOS+2 | BodyStrong+1 | 1hN+1 | 4h+2 | Vol+2 | RSI+1 | BTCok+1 | FVG+1 | ChoCH+1 | BullWick+1 | Zone:FVG+1 | Sess:OVERLAP,0,1,0.475,bear,0.4392,1.0341,0.0,0.0852,1.183,-1.0,-0.107,2.0,12675,23,2,0.84,0.136,1,1.856,1
LINKUSDT,12686,12738,1717600500,1717648200,SHORT,TRAIL,17.759,17.60949492,17.01147462,18.00817513,2.0239675549048233,1.7901090685061216,0.23385848639870174,13,2.1,34.14,0.45200000000000207,0.0071132089024464286,2.0478010596852014,base,adaptive disabled,1.0,72.0,60,90,70,80,NEW_YORK,neutral,bearish,FVG,BOS bearish | Vol 2.1x | FVG | ChoCH | BearWick | Session:NEW_YORK | Zone:FVG | MTF 13,BOS+2 | 1hN+1 | 4h+2 | Vol+2 | RSI+1 | BTCok+1 | FVG+1 | ChoCH+1 | BearWick+1 | Zone:FVG+1 | Sess:NEW_YORK,0,0,0.575,bear,0.8067,1.3043,0.0,-0.0724,1.585,1.0,-0.0265,1.640625,12683,3,3,1.222,0.349,1,1.048,0
ADAUSDT,12687,12798,1717601400,1717702200,LONG,SL,0.4617,0.46544831,0.48044153,0.45545282,-1.1187547821577055,-1.264255932276639,0.14550115011893322,14,1.81,58.63,0.2954545454545453,0.0036799983654548646,1.4134260391718139,base,adaptive disabled,1.15,73.0,60,95,70,80,NEW_YORK,neutral,bullish,FVG,BOS bullish | Vol 1.8x | FVG | MACD_Div | ChoCH | Session:NEW_YORK | Zone:FVG | MTF 14 | Risk x1.15,BOS+2 | BodyStrong+1 | 1hN+1 | 4h+2 | Vol+1 | RSI+1 | BTC+2 | FVG+1 | MACD_Div+1 | ChoCH+1 | Zone:FVG+1 | Sess:NEW_YORK | QualityRisk:1.15,0,1,0.4,bear,1.3446,0.5069,0.0,0.1227,2.014,-1.0,-0.0883,0.984375,12687,0,4,1.451,1.175,1,0.829,0
BTCUSDT,12687,12878,1717601400,1717774200,LONG,EXPIRED,71434.5,72221.41082049,75369.05410245,70122.98196585,0.0,-0.03063770775827892,0.03063770775827892,16,2.25,65.38,0.2742035581299183,0.00580177841929985,2.405182821504516,base,adaptive disabled,1.0,80.9,90,82,70,80,NEW_YORK,bullish,bullish,FVG,BOS bullish | Vol 2.2x | FVG | MACD_Div | ChoCH | Session:NEW_YORK | StrongTrend1h | Zone:FVG | MTF 16,BOS+2 | 1h+2 | 4h+2 | Vol+2 | RSI+1 | BTC+2 | FVG+1 | MACD_Div+1 | ChoCH+1 | Zone:FVG+1 | Sess:NEW_YORK | Strong1h+1,0,0,0.475,range,1.0043,0.7462,2.334,0.0569,1.905,-1.0,-0.0165,0.28125,12687,0,1,1.322,-1.0,0,1.124,0
SOLUSDT,12690,12796,1717604100,1717700400,LONG,SL,174.23,176.48581502,185.50907509,170.4703083,-0.7819790117365203,-0.8514913603155276,0.06951234857900733,16,1.95,63.99,0.2095400340715532,0.005505348390579985,1.4438193226152198,base,adaptive disabled,1.15,81.5,90,85,70,80,NEW_YORK,bullish,bullish,FVG,BOS bullish | Vol 1.9x | FVG | MACD_Div | ChoCH | Session:NEW_YORK | StrongTrend1h | Zone:FVG | MTF 16 | Risk x1.15,BOS+2 | BodyStrong+1 | 1h+2 | 4h+2 | Vol+1 | RSI+1 | BTC+2 | FVG+1 | MACD_Div+1 | ChoCH+1 | Zone:FVG+1 | Sess:NEW_YORK | Strong1h+1 | QualityRisk:1.15,0,1,0.45,bear,1.0453,0.4211,1.557,0.0977,1.74,1.0,0.1873,0.75,12687,0,1,1.096,-1.0,0,1.239,0
AAVEUSDT,12698,12798,1717611300,1717702200,LONG,SL,104.59,106.18180707,112.54903537,101.93698821,-1.1364442522888294,-1.225146270458149,0.08870201816931968,13,3.82,69.28,0.5948275862068964,0.00503740193439911,1.477973727554162,base,adaptive disabled,1.15,75.8,65,100,70,80,OFF_HOURS,bullish,neutral,FVG,BOS bullish | Vol 3.8x | FVG | ChoCH | Engulfing | StrongTrend1h | Zone:FVG | MTF 13 | Risk x1.15,BOS+2 | 1h+2 | 4hN+1 | Vol+2 | BTCok+1 | FVG+1 | ChoCH+1 | Engulfing+1 | Zone:FVG+1 | Sess:OFF_HOURS | Strong1h+1 | QualityRisk:1.15,0,0,0.525,bull,1.0931,0.4963,3.286,-0.0127,2.378,1.0,0.0894,1.125,12697,0,3,0.846,0.19,1,1.882,1
ADAUSDT,12914,13105,1717805700,1717978500,SHORT,EXPIRED,0.4457,0.4219,0.41922212,0.45452596,0.0,-0.04260832532664991,0.04260832532664991,13,1.32,31.78,0.5445544554455481,0.005605736115043307,1.0937912309914786,base,adaptive disabled,1.25,78.5,90,100,50,80,OFF_HOURS,bearish,bearish,FVG,BOS bearish | Vol 1.3x | FVG | ChoCH | Premium | StrongTrend1h | Zone:FVG | MTF 13 | Risk x1.25,BOS+2 | 1h+2 | 4h+2 | Vol+1 | BTCok+1 | FVG+1 | ChoCH+1 | Premium+1 | Zone:FVG+1 | Sess:OFF_HOURS | Strong1h+1 | QualityRisk:1.15 | TrendPairRisk:1.25,0,0,0.6,range,0.1926,0.5924,0.0,0.0582,1.934,1.0,-0.063,0.421875,12914,0,1,1.504,0.376,1,0.923,3
XLMUSDT,12961,13137,1717848000,1718007300,SHORT,SL,0.098,0.0915,0.0912173,0.1002609,-1.0013987792472026,-1.0867353708700076,0.08533659162280523,13,1.91,28.13,0.46153846153847056,0.006139164147750461,2.0402488871487328,base,adaptive disabled,1.15,76.5,90,90,50,80,OVERLAP,bearish,bearish,FVG,BOS bearish | Vol 1.9x | FVG | ChoCH | Session:OVERLAP | StrongTrend1h | Zone:FVG | MTF 13 | Risk x1.15,BOS+2 | 1h+2 | 4h+2 | Vol+1 | BTC+2 | FVG+1 | ChoCH+1 | Zone:FVG+1 | Sess:OVERLAP | Strong1h+1 | TrendPairRisk:1.15,0,0,0.55,range,1.0615,0.2462,2.4,-0.2865,1.152,1.0,-0.3956,0.984375,12961,1,4,2.771,17.179,1,1.385,0
DOTUSDT,12997,13084,1717880400,1717959600,SHORT,SL,6.401,6.018,5.89764,6.51573384,-0.5785128432901744,-0.6412765841359438,0.06276374084576943,15,1.3,32.77,0.6058394160583935,0.003447128074060663,0.7888998821044669,base,adaptive disabled,1.15,76.5,90,90,50,80,DEAD_ZONE,bearish,bearish,FVG,BOS bearish | Vol 1.3x | FVG | ChoCH | Engulfing | StrongTrend1h | Zone:FVG | MTF 15 | Risk x1.15,BOS+2 | 1h+2 | 4h+2 | Vol+1 | RSI+1 | BTC+2 | FVG+1 | ChoCH+1 | Engulfing+1 | Zone:FVG+1 | Sess:DEAD_ZONE | Strong1h+1 | TrendPairRisk:1.15,0,1,0.65,bull,1.0459,0.1697,0.0,0.1346,1.543,1.0,-0.03,0.5625,12994,2,1,0.605,0.572,1,1.076,0
ETHUSDT,13019,13210,1717900200,1718073000,SHORT,EXPIRED,3675.85,3565.41,3543.5194,3719.9602,0.0,-0.09374999999999983,0.09374999999999983,17,5.0,36.51,0.4572526416906776,0.0016011175912818015,1.0818256886279156,base,adaptive disabled,1.25,90.5,90,100,90,80,OFF_HOURS,bearish,bearish,FVG,BOS bearish | Vol 5.0x | FVG | ChoCH | Engulfing | StrongTrend1h | Zone:FVG | MTF 17 | Risk x1.25,BOS+2 | BodyStrong+1 | 1h+2 | 4h+2 | Vol+2 | RSI+1 | BTC+2 | FVG+1 | ChoCH+1 | Engulfing+1 | Zone:FVG+1 | Sess:OFF_HOURS | Strong1h+1 | QualityRisk:1.15 | TrendPairRisk:1.25,0,1,0.525,bull,1.1596,0.9913,0.0,0.0916,2.784,1.0,-0.201,0.5625,13019,0,1,1.43,0.365,1,1.632,3
SOLUSDT,13019,13058,1717900200,1717936200,SHORT,SL,157.65,151.58,150.89502903,159.90165699,-0.5870676598925508,-0.6658346527283473,0.0787669928357965,14,1.99,34.97,0.44888888888888484,0.003783282493943997,1.06350062106146,base,adaptive disabled,1.25,78.5,90,100,50,80,OFF_HOURS,bearish,bearish,FVG,BOS bearish | Vol 2.0x | FVG | ChoCH | StrongTrend1h | Zone:FVG | MTF 14 | Risk x1.25,BOS+2 | 1h+2 | 4h+2 | Vol+1 | RSI+1 | BTC+2 | FVG+1 | ChoCH+1 | Zone:FVG+1 | Sess:OFF_HOURS | Strong1h+1 | QualityRisk:1.15 | TrendPairRisk:1.25,0,1,0.525,bull,1.0881,0.1812,1.87,0.0274,1.929,1.0,-0.2227,0.5625,13019,0,1,1.106,0.036,1,1.215,4
XRPUSDT,13023,13110,1717903800,1717983000,SHORT,SL,0.4931,0.45,0.441,0.4990172,-0.703457716487523,-0.7972077164875228,0.09374999999999982,16,14.35,35.02,0.2962962962962936,0.0030476348796711814,1.5027887594706217,base,adaptive disabled,1.15,89.5,90,95,90,80,OFF_HOURS,bearish,bearish,FVG,BOS bearish | Vol 14.3x | FVG | ChoCH | StrongTrend1h | Zone:FVG | MTF 16 | Risk x1.15,BOS+2 | BodyStrong+1 | 1h+2 | 4h+2 | Vol+2 | RSI+1 | BTC+2 | FVG+1 | ChoCH+1 | Zone:FVG+1 | Sess:OFF_HOURS | Strong1h+1 | TrendPairRisk:1.15,0,1,0.55,bull,1.2844,0.0232,1.778,-0.1312,5.872,1.0,-0.5515,0.5625,13019,0,1,1.759,0.977,1,0.782,0
BTCUSDT,13133,13209,1718002800,1718072100,SHORT,TRAIL,69495.9,68995.52952,66994.0476,70329.8508,0.5695281385104213,0.48749688851042194,0.0820312499999994,14,4.27,34.2,0.5559400230680545,0.0019693013871591217,1.6802359042293549,base,adaptive disabled,1.0,74.0,60,100,70,80,OFF_HOURS,neutral,bearish,FVG,BOS bearish | Vol 4.3x | FVG | ChoCH | Engulfing | Zone:FVG | MTF 14,BOS+2 | 1hN+1 | 4h+2 | Vol+2 | RSI+1 | BTC+2 | FVG+1 | ChoCH+1 | Engulfing+1 | Zone:FVG+1 | Sess:OFF_HOURS,0,1,0.45,bull,0.8264,2.0677,0.0,0.1353,2.072,1.0,-0.1687,0.4921875,13132,0,1,0.771,0.27,1,1.132,4
SUIUSDT,13204,13209,1718066700,1718072100,SHORT,TRAIL,1.0286,1.013349,0.9771,1.05401833,0.5219550269836742,0.4612547370747776,0.060700289908896615,14,1.67,29.87,0.6842105263157566,0.005217830506708883,0.9029455692729352,base,adaptive disabled,1.25,78.5,90,100,50,80,OFF_HOURS,bearish,bearish,FVG,BOS bearish | Vol 1.7x | FVG | ChoCH | Engulfing | StrongTrend1h | Zone:FVG | MTF 14 | Risk x1.25,BOS+2 | 1h+2 | 4h+2 | Vol+1 | BTC+2 | FVG+1 | ChoCH+1 | Engulfing+1 | Zone:FVG+1 | Sess:OFF_HOURS | Strong1h+1 | QualityRisk:1.15 | TrendPairRisk:1.25,0,0,0.375,bear,0.2479,2.1703,1.625,-0.1936,1.923,1.0,-0.1827,0.75,13204,0,1,0.598,2.773,0,1.45,0
AVAXUSDT,13256,13264,1718113500,1718121600,SHORT,TRAIL,31.555,30.98164935,28.68824676,32.51058441,0.5757641376698425,0.5262316217511284,0.049532515918714076,14,5.24,29.86,0.5205855443732853,0.00976674941473617,1.742767913627157,base,adaptive disabled,1.15,84.5,90,100,70,80,NEW_YORK,bearish,bearish,FVG,BOS bearish | Vol 5.2x | FVG | ChoCH | Session:NEW_YORK | StrongTrend1h | Zone:FVG | MTF 14 | Risk x1.15,BOS+2 | 1h+2 | 4h+2 | Vol+2 | BTC+2 | FVG+1 | ChoCH+1 | Zone:FVG+1 | Sess:NEW_YORK | Strong1h+1 | TrendPairRisk:1.15,0,0,0.55,range,0.1946,1.3988,3.27,0.0546,4.132,1.0,-0.2533,0.75,13256,0,5,2.058,3.241,0,1.664,2
DOTUSDT,13256,13346,1718113500,1718195400,SHORT,SL,6.28,6.17069573,5.73347864,6.46217379,-0.481103957106016,-0.5029186347278628,0.02181467762184678,15,7.15,30.2,0.46953405017920774,0.00872609560411248,1.4990017205570716,base,adaptive disabled,1.15,90.5,90,100,90,80,NEW_YORK,bearish,bearish,FVG,BOS bearish | Vol 7.2x | FVG | ChoCH | Session:NEW_YORK | StrongTrend1h | Zone:FVG | MTF 15 | Risk x1.15,BOS+2 | BodyStrong+1 | 1h+2 | 4h+2 | Vol+2 | BTC+2 | FVG+1 | ChoCH+1 | Zone:FVG+1 | Sess:NEW_YORK | Strong1h+1 | TrendPairRisk:1.15,0,0,0.5,range,1.6193,0.613,9.357,0.0524,4.862,1.0,-0.1761,0.31640625,13256,0,6,2.679,5.217,0,1.612,2
LINKUSDT,13256,13264,1718113500,1718121600,SHORT,TRAIL,15.355,15.15219803,14.34099016,15.69300328,2.3671179980202766,2.2251537691524383,0.14196422886783872,15,4.97,33.83,0.33601609657947534,0.007349023127156482,1.2950795362590632,base,adaptive disabled,1.15,84.5,90,100,70,80,NEW_YORK,bearish,bearish,FVG,BOS bearish | Vol 5.0x | FVG | ChoCH | Session:NEW_YORK | StrongTrend1h | Zone:FVG | MTF 15 | Risk x1.15,BOS+2 | 1h+2 | 4h+2 | Vol+2 | RSI+1 | BTC+2 | FVG+1 | ChoCH+1 | Zone:FVG+1 | Sess:NEW_YORK | Strong1h+1 | TrendPairRisk:1.15,0,0,0.425,bear,0.1006,2.9043,1.876,0.0594,3.796,1.0,-0.2522,1.5625,13256,0,1,1.093,0.876,1,1.474,3
BTCUSDT,13264,13335,1718120700,1718185500,SHORT,SL,66455.2,65749.33957876,62925.8978938,67631.6340354,-0.5104939860021989,-0.563452118906622,0.05295813290442305,16,3.03,34.24,0.44186644937169933,0.008140559190999425,2.0954411522736693,base,adaptive disabled,1.15,82.5,90,90,70,80,NEW_YORK,bearish,bearish,FVG,BOS bearish | Vol 3.0x | FVG | ChoCH | BearWick | Session:NEW_YORK | StrongTrend1h | Zone:FVG | MTF 16 | Risk x1.15,BOS+2 | 1h+2 | 4h+2 | Vol+2 | RSI+1 | BTC+2 | FVG+1 | ChoCH+1 | BearWick+1 | Zone:FVG+1 | Sess:NEW_YORK | Strong1h+1 | TrendPairRisk:1.15,0,0,0.525,bear,1.1405,0.4196,0.0,0.004,3.168,1.0,-0.0979,0.46875,13264,0,1,0.797,-1.0,0,1.542,0
ETHUSDT,13303,13312,1718155800,1718164800,SHORT,SL,3482.0,3431.4,3356.648,3523.784,-0.4367775344629534,-0.5070900344629533,0.07031249999999983,17,3.97,34.72,0.562626105851309,0.004576838719950085,1.3917569568405137,base,adaptive disabled,1.15,90.5,90,100,90,80,OFF_HOURS,bearish,bearish,FVG,BOS bearish | Vol 4.0x | FVG | MACD_Div | ChoCH | StrongTrend1h | Zone:FVG | MTF 17 | Risk x1.15,BOS+2 | BodyStrong+1 | 1h+2 | 4h+2 | Vol+2 | RSI+1 | BTC+2 | FVG+1 | MACD_Div+1 | ChoCH+1 | Zone:FVG+1 | Sess:OFF_HOURS | Strong1h+1 | TrendPairRisk:1.15,0,0,0.5,range,1.1244,0.3656,0.0,-0.2133,2.15,1.0,-0.3339,0.421875,13303,0,2,2.292,3.527,1,1.71,4
LINKUSDT,13303,13310,1718155800,1718163000,SHORT,SL,14.881,14.70665752,14.00928761,15.1715708,-0.5480860860760963,-0.6020997883734367,0.05401370229734039,15,5.1,30.77,0.5065420560747643,0.008027155231215876,1.6854826765051916,base,adaptive disabled,1.15,90.5,90,100,90,80,OFF_HOURS,bearish,bearish,FVG,BOS bearish | Vol 5.1x | FVG | ChoCH | StrongTrend1h | Zone:FVG | MTF 15 | Risk x1.15,BOS+2 | BodyStrong+1 | 1h+2 | 4h+2 | Vol+2 | BTC+2 | FVG+1 | ChoCH+1 | Zone:FVG+1 | Sess:OFF_HOURS | Strong1h+1 | TrendPairRisk:1.15,0,0,0.55,range,1.0841,0.7858,10.0,-0.3157,2.588,1.0,-0.3261,0.52734375,13303,0,1,2.393,1.158,1,2.876,4
SOLUSDT,13303,13313,1718155800,1718165700,SHORT,SL,147.09,144.66062066,134.9431033,151.13896557,-0.42615051182072616,-0.45680209068806626,0.03065157886734013,16,2.93,28.28,0.7626459143968923,0.009185216149973528,1.5370272373219067,base,adaptive disabled,1.25,90.5,90,100,90,80,OFF_HOURS,bearish,bearish,FVG,BOS bearish | Vol 2.9x | FVG | MACD_Div | ChoCH | StrongTrend1h | Zone:FVG | MTF 16 | Risk x1.25,BOS+2 | BodyStrong+1 | 1h+2 | 4h+2 | Vol+2 | BTC+2 | FVG+1 | MACD_Div+1 | ChoCH+1 | Zone:FVG+1 | Sess:OFF_HOURS | Strong1h+1 | QualityRisk:1.15 | TrendPairRisk:1.25,0,0,0.575,range,1.0447,0.6957,0.0,-0.2019,1.659,1.0,-0.1268,0.421875,13303,0,2,2.392,0.823,1,2.136,6
ADAUSDT,13304,13311,1718156700,1718163900,SHORT,SL,0.4189,0.4129,0.40294337,0.42421888,-0.43624080633516654,-0.5026921786165487,0.06645137228138223,17,2.83,32.28,0.4936708860759431,0.005650016698072229,1.5872780247550913,base,adaptive disabled,1.15,90.5,90,100,90,80,OFF_HOURS,bearish,bearish,FVG,BOS bearish | Vol 2.8x | FVG | ChoCH | Engulfing | StrongTrend1h | Zone:FVG | MTF 17 | Risk x1.15,BOS+2 | BodyStrong+1 | 1h+2 | 4h+2 | Vol+2 | RSI+1 | BTC+2 | FVG+1 | ChoCH+1 | Engulfing+1 | Zone:FVG+1 | Sess:OFF_HOURS | Strong1h+1 | TrendPairRisk:1.15,0,0,0.475,range,1.1093,0.1667,3.0,-0.1767,1.24,1.0,-0.0692,0.421875,13302,33,1,1.915,2.965,1,1.853,0
BTCUSDT,13401,13406,1718244000,1718249400,SHORT,TRAIL,68147.8,67657.13584,65694.4792,68965.5736,0.33496277925965456,0.2734393417596546,0.061523437499999965,15,2.46,36.62,0.3624222887404968,0.002686783087520278,0.8047025603880615,base,adaptive disabled,1.15,80.0,60,100,90,80,OFF_HOURS,neutral,bearish,FVG,BOS bearish | Vol 2.5x | FVG | ChoCH | Engulfing | Zone:FVG | MTF 15 | Risk x1.15,BOS+2 | BodyStrong+1 | 1hN+1 | 4h+2 | Vol+2 | RSI+1 | BTC+2 | FVG+1 | ChoCH+1 | Engulfing+1 | Zone:FVG+1 | Sess:OFF_HOURS | QualityRisk:1.15,0,0,0.525,range,0.0473,1.0553,10.0,0.0413,3.363,1.0,-0.0967,0.369140625,13401,2,1,0.4,3.069,0,1.472,2
SUIUSDT,13402,13405,1718244900,1718248500,SHORT,TRAIL,1.008,0.99394658,0.93773289,1.03142237,0.6284749715668301,0.5800597172607971,0.04841525430603303,16,2.72,31.49,0.4603174603174545,0.007055405135203141,1.1446554903804291,base,adaptive disabled,1.25,90.5,90,100,90,80,OFF_HOURS,bearish,bearish,FVG,BOS bearish | Vol 2.7x | FVG | ChoCH | Engulfing | StrongTrend1h | Zone:FVG | MTF 16 | Risk x1.25,BOS+2 | BodyStrong+1 | 1h+2 | 4h+2 | Vol+2 | BTC+2 | FVG+1 | ChoCH+1 | Engulfing+1 | Zone:FVG+1 | Sess:OFF_HOURS | Strong1h+1 | QualityRisk:1.15 | TrendPairRisk:1.25,0,0,0.45,bear,0.0213,1.352,2.5,-0.106,2.429,1.0,-0.0904,0.5625,13401,0,2,1.411,0.215,1,1.641,0
DOTUSDT,13431,13456,1718271000,1718294400,SHORT,TRAIL,6.489,6.40146994,6.05134968,6.63488344,0.9516338703016044,0.8515522572000764,0.1000816131015279,13,1.37,31.29,0.2968749999999976,0.004055442920083489,0.9440791432375606,base,adaptive disabled,1.15,71.2,55,95,70,80,LONDON,bearish,neutral,FVG,BOS bearish | Vol 1.4x | FVG | ChoCH | Engulfing | Session:LONDON | Zone:FVG | MTF 13 | Risk x1.15,BOS+2 | BodyStrong+1 | 1h+2 | 4hN+1 | Vol+1 | BTC+2 | FVG+1 | ChoCH+1 | Engulfing+1 | Zone:FVG+1 | Sess:LONDON | QualityRisk:1.15,0,0,0.6,range,0.5278,1.4281,0.776,-0.0017,1.709,1.0,-0.1674,1.125,13429,0,1,0.703,0.1,1,1.238,4
BTCUSDT,13450,13455,1718288100,1718293500,SHORT,TRAIL,67694.9,67037.03058679,64405.55293394,68791.34902202,0.40122693668363274,0.3549218427117641,0.04630509397186862,16,1.38,38.53,0.3145155697343795,0.006977489425489389,2.2298504189251407,base,adaptive disabled,1.15,75.9,90,87,50,80,NEW_YORK,bearish,bearish,FVG,BOS bearish | Vol 1.4x | FVG | LiqSweep | ChoCH | Engulfing | Session:NEW_YORK | StrongTrend1h | Zone:FVG | MTF 16 | Risk x1.15,BOS+2 | 1h+2 | 4h+2 | Vol+1 | RSI+1 | BTC+2 | FVG+1 | LiqSweep+1 | ChoCH+1 | Engulfing+1 | Zone:FVG+1 | Sess:NEW_YORK | Strong1h+1 | TrendPairRisk:1.15,0,0,0.525,range,0.0581,1.1773,0.0,-0.1476,0.844,1.0,-0.186,0.375,13450,1,1,0.567,0.106,1,1.599,3
ETHUSDT,13456,13554,1718293500,1718382600,SHORT,TRAIL,3452.18,3388.01834341,3131.37171705,3559.11609432,0.407388719985443,0.35896475207331474,0.048423967912128274,15,1.52,32.39,0.4597938144329918,0.008334176825172344,2.029212786698345,base,adaptive disabled,1.15,76.5,90,90,50,80,NEW_YORK,bearish,bearish,FVG,BOS bearish | Vol 1.5x | FVG | MACD_Div | ChoCH | Session:NEW_YORK | StrongTrend1h | Zone:FVG | MTF 15 | Risk x1.15,BOS+2 | 1h+2 | 4h+2 | Vol+1 | RSI+1 | BTC+2 | FVG+1 | MACD_Div+1 | ChoCH+1 | Zone:FVG+1 | Sess:NEW_YORK | Strong1h+1 | TrendPairRisk:1.15,0,0,0.525,range,0.758,1.0586,0.0,-0.2046,1.612,1.0,-0.4304,0.75,13456,0,1,1.483,0.801,1,1.725,5
SUIUSDT,13456,13486,1718293500,1718321400,SHORT,TRAIL,0.9826,0.9619654,0.879427,1.016991,0.5898339473520264,0.5362625187805977,0.05357142857142866,16,1.33,37.93,0.5866666666666623,0.010596562605741058,1.8052523296193699,base,adaptive disabled,1.25,76.5,90,90,50,80,NEW_YORK,bearish,bearish,FVG,BOS bearish | Vol 1.3x | FVG | LiqSweep | ChoCH | BearWick | Session:NEW_YORK | StrongTrend1h | Zone:FVG | MTF 16 | Risk x1.25,BOS+2 | 1h+2 | 4h+2 | Vol+1 | RSI+1 | BTC+2 | FVG+1 | LiqSweep+1 | ChoCH+1 | BearWick+1 | Zone:FVG+1 | Sess:NEW_YORK | Strong1h+1 | QualityRisk:1.15 | TrendPairRisk:1.25,0,1,0.6,bull,0.3111,1.2067,0.0,-0.28,1.635,1.0,-0.3431,0.9375,13456,0,2,1.291,0.209,1,1.709,0
XLMUSDT,13456,13554,1718293500,1718382600,SHORT,TRAIL,0.0982,0.09689196,0.09165981,0.10038006,1.279964177729264,1.1898749141310143,0.09008926359824969,14,1.76,34.23,0.5833333333333328,0.005774743409145099,1.4335800527639653,base,adaptive disabled,1.15,75.0,80,100,50,80,NEW_YORK,bearish,bearish,FVG,BOS bearish | Vol 1.8x | FVG | ChoCH | BearWick | Session:NEW_YORK | Zone:FVG | MTF 14 | Risk x1.15,BOS+2 | 1h+2 | 4h+2 | Vol+1 | RSI+1 | BTC+2 | FVG+1 | ChoCH+1 | BearWick+1 | Zone:FVG+1 | Sess:NEW_YORK | TrendPairRisk:1.15,0,0,0.55,range,0.367,3.058,0.0,-0.3937,2.115,1.0,-0.2656,1.0,13456,0,1,1.042,0.625,1,1.875,0
SUIUSDT,13486,13536,1718320500,1718366400,SHORT,SL,0.9668,0.94721105,0.86885526,0.99944825,-0.8086191449771418,-0.8530380648273634,0.044418919850221616,16,1.61,39.01,0.23620309050772414,0.00719225414556825,1.0942184808110156,base,adaptive disabled,1.25,82.1,90,88,70,80,DEAD_ZONE,bearish,bearish,FVG,BOS bearish | Vol 1.6x | FVG | ChoCH | Engulfing | StrongTrend1h | Zone:FVG | MTF 16 | Risk x1.25,BOS+2 | BodyStrong+1 | 1h+2 | 4h+2 | Vol+1 | RSI+1 | BTC+2 | FVG+1 | ChoCH+1 | Engulfing+1 | Zone:FVG+1 | Sess:DEAD_ZONE | Strong1h+1 | QualityRisk:1.15 | TrendPairRisk:1.25,0,0,0.55,bear,1.0843,0.7402,0.799,-0.2082,1.647,1.0,-0.4695,0.75,13486,0,1,0.065,1.139,1,0.732,0
ADAUSDT,13547,13553,1718375400,1718381700,SHORT,TRAIL,0.4173,0.41225389,0.39206946,0.42571018,1.3288223905736798,1.2730016471413157,0.05582074343236418,14,4.95,28.8,0.6226415094339619,0.007427123031939831,2.4223847432962646,base,adaptive disabled,1.15,82.5,90,90,70,80,NEW_YORK,bearish,bearish,FVG,BOS bearish | Vol 5.0x | FVG | ChoCH | Session:NEW_YORK | StrongTrend1h | Zone:FVG | MTF 14 | Risk x1.15,BOS+2 | 1h+2 | 4h+2 | Vol+2 | BTC+2 | FVG+1 | ChoCH+1 | Zone:FVG+1 | Sess:NEW_YORK | Strong1h+1 | TrendPairRisk:1.15,0,0,0.55,range,0.2497,1.0107,0.0,-0.1228,3.323,1.0,-0.1393,0.5625,13547,0,2,2.857,1.615,1,1.987,0
LINKUSDT,13547,13554,1718375400,1718382600,SHORT,TRAIL,15.244,15.07273394,14.3876697,15.52944343,2.5905236278086474,2.4152896944159616,0.1752339333926861,14,2.78,34.4,0.5061728395061694,0.008111228872349064,2.537655890080073,base,adaptive disabled,1.0,72.0,60,90,70,80,NEW_YORK,neutral,bearish,FVG,BOS bearish | Vol 2.8x | FVG | LiqSweep | ChoCH | Session:NEW_YORK | Zone:FVG | MTF 14,BOS+2 | 1hN+1 | 4h+2 | Vol+2 | RSI+1 | BTC+2 | FVG+1 | LiqSweep+1 | ChoCH+1 | Zone:FVG+1 | Sess:NEW_YORK,0,1,0.65,bull,0.508,3.7252,0.0,-0.0066,1.907,-1.0,0.0038,1.640625,13547,0,2,2.048,0.326,1,2.033,0
ETHUSDT,13548,13554,1718376300,1718382600,SHORT,TRAIL,3481.8,3448.57257823,3315.66289117,3537.17903628,2.083067583813794,1.9180281462585982,0.165039437555196,13,1.47,38.85,0.40677966101695234,0.005745692246403997,2.2369277329629034,base,adaptive disabled,1.0,72.0,60,90,70,80,NEW_YORK,neutral,bearish,FVG,BOS bearish | Vol 1.5x | FVG | ChoCH | Session:NEW_YORK | Zone:FVG | MTF 13,BOS+2 | BodyStrong+1 | 1hN+1 | 4h+2 | Vol+1 | RSI+1 | BTC+2 | FVG+1 | ChoCH+1 | Zone:FVG+1 | Sess:NEW_YORK,0,0,0.55,range,0.3025,2.9355,0.0,-0.0544,1.058,1.0,-0.1414,1.3125,13548,1,3,1.54,1.091,1,1.292,0
DOTUSDT,13549,13554,1718377200,1718382600,SHORT,TRAIL,6.274,6.142246,5.61523,6.49359,0.5309886174743662,0.4988457603315092,0.03214285714285712,14,1.41,30.68,0.4666666666666656,0.007598669101864952,2.110447748846689,base,adaptive disabled,1.15,82.5,90,90,70,80,NEW_YORK,bearish,bearish,FVG,BOS bearish | Vol 1.4x | FVG | ChoCH | Session:NEW_YORK | StrongTrend1h | Zone:FVG | MTF 14 | Risk x1.15,BOS+2 | BodyStrong+1 | 1h+2 | 4h+2 | Vol+1 | BTC+2 | FVG+1 | ChoCH+1 | Zone:FVG+1 | Sess:NEW_YORK | Strong1h+1 | TrendPairRisk:1.15,0,0,0.45,range,0.1184,2.2618,1.167,-0.2876,0.882,1.0,-0.5067,0.5625,13549,2,4,2.502,1.377,1,1.012,1
SUIUSDT,13666,13686,1718482500,1718501400,SHORT,TRAIL,0.9429,0.93076014,0.88220068,0.96313311,0.5893343610643591,0.49758700363883257,0.09174735742552653,13,1.91,30.24,0.9763313609467352,0.0051409469700176005,1.32539170681455,base,adaptive disabled,1.15,74.0,60,100,70,80,DEAD_ZONE,neutral,bearish,FVG,BOS bearish | Vol 1.9x | FVG | ChoCH | Engulfing | Zone:FVG | MTF 13 | Risk x1.15,BOS+2 | BodyStrong+1 | 1hN+1 | 4h+2 | Vol+1 | BTC+2 | FVG+1 | ChoCH+1 | Engulfing+1 | Zone:FVG+1 | Sess:DEAD_ZONE | QualityRisk:1.15,0,0,0.6,range,0.2076,1.3344,0.0,-0.0314,1.075,1.0,-0.3251,0.984375,13666,0,1,1.523,0.185,1,1.315,3
LINKUSDT,13671,13685,1718487000,1718500500,SHORT,TRAIL,14.878,14.75524058,14.26420291,15.08259903,1.1300641271784053,0.9482695214073033,0.18179460577110204,16,2.98,32.58,0.5596330275229353,0.004360405299768567,1.3236054781468243,base,adaptive disabled,1.15,84.5,90,100,70,80,DEAD_ZONE,bearish,bearish,FVG,BOS bearish | Vol 3.0x | FVG | ChoCH | BearWick | StrongTrend1h | Zone:FVG | MTF 16 | Risk x1.15,BOS+2 | 1h+2 | 4h+2 | Vol+2 | RSI+1 | BTC+2 | FVG+1 | ChoCH+1 | BearWick+1 | Zone:FVG+1 | Sess:DEAD_ZONE | Strong1h+1 | TrendPairRisk:1.15,0,0,0.4,bear,0.1711,1.0997,3.297,-0.2661,2.363,1.0,-0.3747,1.25,13667,1,1,0.523,2.985,0,0.969,0
ETHUSDT,13735,13738,1718544600,1718548200,LONG,TRAIL,3578.0,3603.7616,3706.808,3535.064,0.745414743502969,0.5787480768363029,0.1666666666666661,16,4.52,63.5,0.2542110358180097,0.004819271051575904,2.4235957338694742,base,adaptive disabled,1.15,80.5,90,80,70,80,NEW_YORK,bullish,bullish,FVG,BOS bullish | Vol 4.5x | FVG | ChoCH | Engulfing | Session:NEW_YORK | StrongTrend1h | Zone:FVG | MTF 16 | Risk x1.15,BOS+2 | 1h+2 | 4h+2 | Vol+2 | RSI+1 | BTC+2 | FVG+1 | ChoCH+1 | Engulfing+1 | Zone:FVG+1 | Sess:NEW_YORK | Strong1h+1 | RelStrengthRisk:1.15,0,0,0.375,range,0.0163,1.3388,0.907,0.0384,2.612,1.0,0.1776,1.0,13735,0,1,1.053,1.533,1,1.697,0
ETHUSDT,13770,13800,1718576100,1718604000,LONG,SL,3631.38,3666.22687062,3805.61435309,3573.3018823,-1.0590800362663997,-1.1763158863531873,0.11723585008678772,16,2.61,67.52,0.4073994867407953,0.007988388724680462,3.227246144072423,base,adaptive disabled,1.15,86.5,90,80,90,80,DEAD_ZONE,bullish,bullish,FVG,BOS bullish | Vol 2.6x | FVG | ChoCH | StrongTrend1h | Zone:FVG | MTF 16 | Risk x1.15,BOS+2 | BodyStrong+1 | 1h+2 | 4h+2 | Vol+2 | RSI+1 | BTC+2 | FVG+1 | ChoCH+1 | Zone:FVG+1 | Sess:DEAD_ZONE | Strong1h+1 | RelStrengthRisk:1.15,0,0,0.35,bull,1.159,0.3312,0.0,0.2863,1.658,1.0,0.2337,0.9375,13770,0,1,2.378,1.617,1,1.633,0
BTCUSDT,13783,13806,1718587800,1718609400,SHORT,TRAIL,66474.0,65995.3872,64080.936,67271.688,0.317343651145407,0.23531240114540644,0.08203125000000056,15,1.67,35.83,0.4317352153808733,0.0029783373701185553,2.1067615228404697,base,adaptive disabled,1.0,72.0,60,90,70,80,OFF_HOURS,neutral,bearish,FVG,BOS bearish | Vol 1.7x | FVG | LiqSweep | ChoCH | Engulfing | Zone:FVG | MTF 15,BOS+2 | BodyStrong+1 | 1hN+1 | 4h+2 | Vol+1 | RSI+1 | BTC+2 | FVG+1 | LiqSweep+1 | ChoCH+1 | Engulfing+1 | Zone:FVG+1 | Sess:OFF_HOURS,0,1,0.5,bull,0.1073,1.1072,0.0,-0.1161,1.514,-1.0,0.0126,0.4921875,13783,0,1,0.902,0.542,1,1.266,2
XRPUSDT,13816,13830,1718617500,1718631000,LONG,TRAIL,0.496,0.50551733,0.54358666,0.48013778,0.6478251162101479,0.569651947511189,0.07817316869895899,15,1.7,58.01,0.33692722371967815,0.012602830601462675,3.0681591105562274,base,adaptive disabled,1.25,83.5,90,80,80,80,LONDON,bullish,bullish,OB,BOS bullish | Vol 1.7x | FVG | OB | ChoCH | Session:LONDON | StrongTrend1h | Zone:OB | MTF 15 | Risk x1.25,BOS+2 | BodyStrong+1 | 1h+2 | 4h+2 | Vol+1 | RSI+1 | BTCok+1 | FVG+1 | OB+1 | ChoCH+1 | Zone:OB+1 | Sess:LONDON | Strong1h+1 | QualityRisk:1.15 | RelStrengthRisk:1.25,0,0,0.475,bull,0.2396,1.1243,0.0,0.1372,1.125,1.0,0.1152,1.25,13815,4,1,0.909,0.126,1,1.943,1
BTCUSDT,13834,13842,1718633700,1718641800,SHORT,TRAIL,65638.6,65143.05785101,63160.88925506,66464.50358165,0.0,-0.05960617085792272,0.05960617085792272,17,1.63,33.93,0.5144636400160648,0.005399807366000048,2.3206056856688098,base,adaptive disabled,1.25,85.5,90,90,80,80,NEW_YORK,bearish,bearish,OB,BOS bearish | Vol 1.6x | FVG | OB | ChoCH | Session:NEW_YORK | StrongTrend1h | Zone:OB | MTF 17 | Risk x1.25,BOS+2 | BodyStrong+1 | 1h+2 | 4h+2 | Vol+1 | RSI+1 | BTCok+1 | FVG+1 | OB+1 | ChoCH+1 | Zone:OB+1 | Sess:NEW_YORK | Strong1h+1 | NestedOB_1h+2 | QualityRisk:1.15 | TrendPairRisk:1.25,0,0,0.4,bear,0.2787,1.0052,2.128,-0.1484,1.068,1.0,-0.3576,0.375,13833,4,2,0.968,1.386,1,1.19,0
XRPUSDT,13839,13878,1718638200,1718674200,LONG,SL,0.5091,0.5197911,0.5625555,0.4912815,-2.6833066756460973,-2.7725923899318117,0.0892857142857142,17,5.4,61.73,0.29341317365269665,0.019140614413284025,3.0427402531549856,base,adaptive disabled,1.0,85.5,90,75,90,80,NEW_YORK,bullish,bullish,FVG,BOS bullish | Vol 5.4x | FVG | ChoCH | Engulfing | Session:NEW_YORK | StrongTrend1h | Zone:FVG | MTF 17,BOS+2 | BodyStrong+1 | 1h+2 | 4h+2 | Vol+2 | RSI+1 | BTC+2 | FVG+1 | ChoCH+1 | Engulfing+1 | Zone:FVG+1 | Sess:NEW_YORK | Strong1h+1,0,0,0.5,bull,2.3347,0.9541,3.63,0.0884,2.077,1.0,0.0753,1.5625,13835,0,2,0.685,-1.0,0,1.733,0
AVAXUSDT,13876,13878,1718671500,1718674200,SHORT,TP2,28.322,27.264,25.34819,29.31327,2.109375,2.069196428571429,0.040178571428571425,17,3.31,39.94,0.4804722979109888,0.013650938096330703,1.7683600543199274,base,adaptive disabled,1.15,90.5,90,100,90,80,OFF_HOURS,bearish,bearish,FVG,BOS bearish | Vol 3.3x | FVG | ChoCH | BearWick | StrongTrend1h | Zone:FVG | MTF 17 | Risk x1.15,BOS+2 | BodyStrong+1 | 1h+2 | 4h+2 | Vol+2 | RSI+1 | BTC+2 | FVG+1 | ChoCH+1 | BearWick+1 | Zone:FVG+1 | Sess:OFF_HOURS | Strong1h+1 | TrendPairRisk:1.15,0,0,0.65,range,0.0424,1.1664,1.856,-0.2569,1.882,1.0,-0.3926,0.703125,13876,37,3,0.74,3.885,1,1.554,0
ADAUSDT,13919,13965,1718710200,1718752500,SHORT,SL,0.3746,0.3546,0.3486213,0.38325957,-0.48230599209891545,-0.518805350612098,0.0364993585131825,16,2.73,31.1,0.7345132743362837,0.005262801905595052,1.0025637632789968,base,adaptive disabled,1.25,90.5,90,100,90,80,OVERLAP,bearish,bearish,FVG,BOS bearish | Vol 2.7x | FVG | ChoCH | Premium | Session:OVERLAP | StrongTrend1h | Zone:FVG | MTF 16 | Risk x1.25,BOS+2 | BodyStrong+1 | 1h+2 | 4h+2 | Vol+2 | BTC+2 | FVG+1 | ChoCH+1 | Premium+1 | Zone:FVG+1 | Sess:OVERLAP | Strong1h+1 | QualityRisk:1.15 | TrendPairRisk:1.25,0,0,0.475,range,1.2241,0.44,0.0,-0.1653,2.808,1.0,-0.3068,0.421875,13918,0,5,2.037,8.335,1,1.389,5
AVAXUSDT,13919,13972,1718710200,1718758800,SHORT,SL,26.13,24.641,23.6296329,26.9634557,-0.4636569166183629,-0.4901096572979215,0.026452740679558554,18,4.08,33.33,0.6026871401151623,0.00648737476663278,1.0001495156247067,base,adaptive disabled,1.25,90.5,90,100,90,80,OVERLAP,bearish,bearish,FVG,BOS bearish | Vol 4.1x | FVG | ChoCH | Premium | BearWick | Session:OVERLAP | StrongTrend1h | Zone:FVG | MTF 18 | Risk x1.25,BOS+2 | BodyStrong+1 | 1h+2 | 4h+2 | Vol+2 | RSI+1 | BTC+2 | FVG+1 | ChoCH+1 | Premium+1 | BearWick+1 | Zone:FVG+1 | Sess:OVERLAP | Strong1h+1 | QualityRisk:1.15 | TrendPairRisk:1.25,0,0,0.375,bear,1.1614,0.3842,10.0,-0.1846,2.748,1.0,-0.2589,0.421875,13917,37,4,1.523,7.568,1,2.169,4
BTCUSDT,13919,13930,1718710200,1718721000,SHORT,TRAIL,65369.7,64523.1,63016.3908,66154.1364,0.42846910848211733,0.31909410848211817,0.10937499999999915,17,2.29,34.93,0.6334868343369982,0.00268314185564125,0.9377298051867641,base,adaptive disabled,1.25,90.5,90,100,90,80,OVERLAP,bearish,bearish,FVG,BOS bearish | Vol 2.3x | FVG | ChoCH | Premium | Session:OVERLAP | StrongTrend1h | Zone:FVG | MTF 17 | Risk x1.25,BOS+2 | BodyStrong+1 | 1h+2 | 4h+2 | Vol+2 | RSI+1 | BTC+2 | FVG+1 | ChoCH+1 | Premium+1 | Zone:FVG+1 | Sess:OVERLAP | Strong1h+1 | QualityRisk:1.15 | TrendPairRisk:1.25,0,0,0.575,range,0.1291,1.4313,0.0,-0.1322,2.322,1.0,-0.3242,0.65625,13918,0,5,1.126,0.426,1,1.441,0
AAVEUSDT,14014,14110,1718795700,1718883000,LONG,TRAIL,87.98,89.76690021,96.91450103,85.00183299,0.5967784633124692,0.5469269104944157,0.04985155281805356,15,2.07,71.7,0.38574938574938955,0.00856569677705571,1.1349548229611854,base,adaptive disabled,1.25,84.5,90,100,70,80,LONDON,bullish,bullish,FVG,BOS bullish | Vol 2.1x | FVG | ChoCH | BullWick | Session:LONDON | StrongTrend1h | Zone:FVG | MTF 15 | Risk x1.25,BOS+2 | 1h+2 | 4h+2 | Vol+2 | BTC+2 | FVG+1 | ChoCH+1 | BullWick+1 | Zone:FVG+1 | Sess:LONDON | Strong1h+1 | QualityRisk:1.15 | RelStrengthRisk:1.25,0,0,0.4,range,0.8596,1.2368,1.915,0.278,1.594,1.0,0.4167,0.84375,14012,0,1,1.239,7.373,0,1.121,0
BTCUSDT,14027,14093,1718807400,1718867700,SHORT,SL,65027.5,64559.302,62686.51,65807.83,-0.6951626235054433,-0.8045376235054431,0.10937499999999975,14,2.05,36.12,0.5313977042538796,0.0025834771770545635,1.069462773425387,base,adaptive disabled,1.15,80.0,60,100,90,80,NEW_YORK,neutral,bearish,FVG,BOS bearish | Vol 2.0x | FVG | ChoCH | Session:NEW_YORK | Zone:FVG | MTF 14 | Risk x1.15,BOS+2 | BodyStrong+1 | 1hN+1 | 4h+2 | Vol+2 | RSI+1 | BTC+2 | FVG+1 | ChoCH+1 | Zone:FVG+1 | Sess:NEW_YORK | QualityRisk:1.15,0,0,0.525,bear,1.2309,0.8785,0.0,-0.1101,1.973,1.0,-0.4049,0.65625,14026,0,1,0.691,0.617,1,0.978,0
SOLUSDT,14027,14074,1718807400,1718850600,SHORT,TRAIL,136.37,133.90482515,124.04412576,140.47862475,0.8023392986769808,0.7152125173859902,0.08712678129099061,13,1.35,35.31,0.31553398058252197,0.00753618943435815,1.1804098094491189,base,adaptive disabled,1.15,73.4,60,97,70,80,NEW_YORK,neutral,bearish,FVG,BOS bearish | Vol 1.4x | FVG | ChoCH | Session:NEW_YORK | Zone:FVG | MTF 13 | Risk x1.15,BOS+2 | BodyStrong+1 | 1hN+1 | 4h+2 | Vol+1 | RSI+1 | BTC+2 | FVG+1 | ChoCH+1 | Zone:FVG+1 | Sess:NEW_YORK | QualityRisk:1.15,0,0,0.525,bear,0.6596,1.0425,3.824,-0.1024,1.425,1.0,-0.239,1.3125,14027,0,2,0.74,0.163,1,0.871,0
AAVEUSDT,14037,14110,1718816400,1718883000,LONG,TRAIL,88.0,89.848,97.24,84.92,0.7925738944645923,0.7256096087503064,0.06696428571428574,22,2.53,57.24,0.33561643835616395,0.013804791236532638,1.6682706742945654,base,adaptive disabled,1.25,93.5,90,100,100,80,OFF_HOURS,bullish,bullish,OB,BOS bullish | Vol 2.5x | FVG | OB | LiqSweep | ChoCH | BullWick | StrongTrend1h | Zone:OB | 💎PREMIUM | MTF 22 | Risk x1.25,BOS+2 | BodyStrong+1 | 1h+2 | 4h+2 | Vol+2 | RSI+1 | BTC+2 | FVG+1 | OB+1 | LiqSweep+1 | ChoCH+1 | BullWick+1 | Zone:OB+1 | Sess:OFF_HOURS | Strong1h+1 | 💎Premium+3 | QualityRisk:1.15 | RelStrengthRisk:1.25,1,1,0.425,bear,0.5519,1.1851,0.0,-0.0287,1.584,-1.0,-0.0364,1.171875,14037,21,2,0.816,0.024,1,0.71,1
ETHUSDT,14038,14095,1718817300,1718869500,LONG,TRAIL,3561.08,3599.33641698,3752.36208489,3497.31930504,0.4813908819674668,0.4185588346926796,0.0628320472747872,17,3.61,67.16,0.6879162702188479,0.0065852949473333006,1.9460375255815052,base,adaptive disabled,1.0,82.5,90,90,70,80,OFF_HOURS,bullish,bullish,FVG,BOS bullish | Vol 3.6x | FVG | LiqSweep | MACD_Div | ChoCH | StrongTrend1h | Zone:FVG | MTF 17,BOS+2 | 1h+2 | 4h+2 | Vol+2 | RSI+1 | BTC+2 | FVG+1 | LiqSweep+1 | MACD_Div+1 | ChoCH+1 | Zone:FVG+1 | Sess:OFF_HOURS | Strong1h+1,0,1,0.425,bear,0.455,1.4484,0.0,0.1033,2.102,1.0,0.2528,0.5625,14038,0,1,1.286,0.255,1,0.968,2
XRPUSDT,14090,14095,1718864100,1718869500,LONG,TRAIL,0.4946,0.49816112,0.5124056,0.4886648,0.8552382930178319,0.6364882930178309,0.21875000000000097,15,1.48,63.16,0.45454545454545847,0.003428934852652809,1.1267479928103077,base,adaptive disabled,1.15,74.0,60,100,70,80,OFF_HOURS,neutral,bullish,FVG,BOS bullish | Vol 1.5x | FVG | ChoCH | Engulfing | Zone:FVG | MTF 15 | Risk x1.15,BOS+2 | BodyStrong+1 | 1hN+1 | 4h+2 | Vol+1 | RSI+1 | BTCok+1 | FVG+1 | ChoCH+1 | Engulfing+1 | Zone:FVG+1 | Sess:OFF_HOURS | NestedOB_1h+2 | QualityRisk:1.15,0,0,0.4,range,0.219,1.4041,0.0,-0.0141,1.049,-1.0,-0.0299,1.3125,14089,19,1,0.983,0.43,1,0.737,0
ETHUSDT,14095,14120,1718868600,1718892000,LONG,SL,3604.0,3648.35417504,3825.77087519,3530.07637494,-1.366460991570855,-1.476155287452832,0.10969429588197716,15,2.03,71.15,0.5690629261640382,0.004838555952586777,1.4595002374675599,base,adaptive disabled,1.0,84.5,90,100,70,80,LONDON,bullish,bullish,FVG,BOS bullish | Vol 2.0x | FVG | ChoCH | Engulfing | Session:LONDON | StrongTrend1h | Zone:FVG | MTF 15,BOS+2 | 1h+2 | 4h+2 | Vol+2 | BTC+2 | FVG+1 | ChoCH+1 | Engulfing+1 | Zone:FVG+1 | Sess:LONDON | Strong1h+1,0,0,0.35,bull,1.3392,0.496,0.934,0.1314,2.287,1.0,0.4779,1.125,14095,0,1,0.941,3.594,0,0.636,3
AAVEUSDT,14098,14127,1718871300,1718898300,LONG,SL,88.54,90.25287452,97.10437261,85.68520913,-1.8849892146390408,-2.0012937059729365,0.11630449133389577,16,2.29,62.24,0.4121212121212123,0.008800604285449843,1.389055378219573,base,adaptive disabled,1.15,90.5,90,100,90,80,LONDON,bullish,bullish,FVG,BOS bullish | Vol 2.3x | FVG | LiqSweep | ChoCH | Session:LONDON | StrongTrend1h | Zone:FVG | MTF 16 | Risk x1.15,BOS+2 | BodyStrong+1 | 1h+2 | 4h+2 | Vol+2 | RSI+1 | BTCok+1 | FVG+1 | LiqSweep+1 | ChoCH+1 | Zone:FVG+1 | Sess:LONDON | Strong1h+1 | QualityRisk:1.15,0,0,0.55,range,1.0754,0.9633,1.679,0.0537,2.468,1.0,0.1761,1.875,14097,0,1,0.895,0.049,1,0.683,1
XRPUSDT,14103,14107,1718875800,1718880300,LONG,TRAIL,0.4953,0.49886616,0.5131308,0.4893564,0.8507966221029508,0.684129955436284,0.16666666666666688,15,1.33,58.9,0.19083969465649114,0.006476598021677775,1.998030490092393,base,adaptive disabled,1.15,78.9,90,72,70,80,LONDON,bullish,bullish,FVG,BOS bullish | Vol 1.3x | FVG | ChoCH | Engulfing | Session:LONDON | StrongTrend1h | Zone:FVG | MTF 15 | Risk x1.15,BOS+2 | BodyStrong+1 | 1h+2 | 4h+2 | Vol+1 | RSI+1 | BTCok+1 | FVG+1 | ChoCH+1 | Engulfing+1 | Zone:FVG+1 | Sess:LONDON | Strong1h+1 | QualityRisk:1.15,0,0,0.525,bull,0.2187,1.1217,1.0,-0.116,1.914,1.0,0.3393,1.0,14098,4,4,0.324,0.093,1,0.555,0
AAVEUSDT,14110,14117,1718882100,1718889300,LONG,SL,88.54,89.63120702,93.99603512,86.72132163,-2.2035232100989957,-2.373916175183856,0.1703929650848599,14,1.65,61.47,0.3443983402489645,0.009035886277284572,1.419619878583759,base,adaptive disabled,1.15,84.5,90,100,70,80,OVERLAP,bullish,bullish,FVG,BOS bullish | Vol 1.6x | FVG | ChoCH | Session:OVERLAP | StrongTrend1h | Zone:FVG | MTF 14 | Risk x1.15,BOS+2 | BodyStrong+1 | 1h+2 | 4h+2 | Vol+1 | RSI+1 | BTCok+1 | FVG+1 | ChoCH+1 | Zone:FVG+1 | Sess:OVERLAP | Strong1h+1 | QualityRisk:1.15,0,0,0.475,bull,1.5066,0.8248,0.965,0.0555,1.046,1.0,0.1087,1.75,14110,13,3,0.346,-1.0,0,1.555,0
SOLUSDT,14122,14192,1718892900,1718956800,SHORT,TRAIL,134.52,131.69508,120.3954,139.2282,1.0125852368928328,0.9422727368928325,0.07031250000000035,16,2.04,34.95,0.7445482866043565,0.012592673370866355,1.9056912367924952,base,adaptive disabled,1.15,72.0,60,90,70,80,NEW_YORK,neutral,bearish,FVG,BOS bearish | Vol 2.0x | FVG | ChoCH | Engulfing | Session:NEW_YORK | Zone:FVG | MTF 16 | Risk x1.15,BOS+2 | 1hN+1 | 4h+2 | Vol+2 | RSI+1 | BTC+2 | FVG+1 | ChoCH+1 | Engulfing+1 | Zone:FVG+1 | Sess:NEW_YORK | NestedOB_1h+2 | QualityRisk:1.15,0,1,0.5,bull,0.2782,1.0089,0.0,-0.0358,1.311,1.0,-0.2539,1.23046875,14122,0,4,1.82,1.53,1,0.651,0
XRPUSDT,14153,14197,1718920800,1718961300,SHORT,TRAIL,0.4897,0.48617416,0.4720708,0.4955764,1.090426566791298,0.8404265667912958,0.2500000000000022,14,3.1,34.93,0.31250000000000216,0.0023151210544974567,0.7227518543456243,base,adaptive disabled,1.0,73.2,65,87,70,80,DEAD_ZONE,bearish,neutral,FVG,BOS bearish | Vol 3.1x | FVG | ChoCH | StrongTrend1h | Zone:FVG | MTF 14,BOS+2 | 1h+2 | 4hN+1 | Vol+2 | RSI+1 | BTC+2 | FVG+1 | ChoCH+1 | Zone:FVG+1 | Sess:DEAD_ZONE | Strong1h+1,0,0,0.5,range,0.5956,1.5315,1.429,-0.0099,3.963,1.0,-0.1398,1.5,14153,1,2,0.142,1.137,1,0.426,0
SOLUSDT,14161,14193,1718928000,1718957700,SHORT,TRAIL,133.09,131.59082123,125.59410615,135.58863128,0.35048775725678794,0.3055452767880408,0.04494248046874717,18,2.86,35.87,0.44347826086957065,0.005110876303827584,0.8440517569920063,base,adaptive disabled,1.25,90.5,90,100,90,80,OFF_HOURS,bearish,bearish,FVG,BOS bearish | Vol 2.9x | FVG | ChoCH | Engulfing | BearWick | StrongTrend1h | Zone:FVG | MTF 18 | Risk x1.25,BOS+2 | BodyStrong+1 | 1h+2 | 4h+2 | Vol+2 | RSI+1 | BTC+2 | FVG+1 | ChoCH+1 | Engulfing+1 | BearWick+1 | Zone:FVG+1 | Sess:OFF_HOURS | Strong1h+1 | QualityRisk:1.15 | TrendPairRisk:1.25,0,0,0.575,range,0.7244,1.6476,5.1,-0.2,1.623,1.0,-0.3278,0.421875,14161,31,3,1.411,0.127,1,2.314,2
ETHUSDT,14162,14197,1718928900,1718961300,SHORT,TRAIL,3508.67,3465.41,3382.35788,3550.77404,1.451421243559666,1.2639212435596647,0.18750000000000128,13,4.01,36.89,0.32204234122043357,0.004327611876339248,1.198531090091328,base,adaptive disabled,1.15,71.8,55,98,70,80,OFF_HOURS,bearish,neutral,FVG,BOS bearish | Vol 4.0x | FVG | ChoCH | Zone:FVG | MTF 13 | Risk x1.15,BOS+2 | 1h+2 | 4hN+1 | Vol+2 | RSI+1 | BTC+2 | FVG+1 | ChoCH+1 | Zone:FVG+1 | Sess:OFF_HOURS | QualityRisk:1.15,0,0,0.55,range,0.6634,1.4371,1.172,-0.1096,2.444,1.0,-0.1732,1.125,14162,0,4,1.032,1.643,1,1.6,0
XLMUSDT,14165,14197,1718931600,1718961300,SHORT,TRAIL,0.0938,0.0924,0.09041492,0.09492836,1.3901019075294783,1.2264407089758265,0.16366119855365183,13,10.74,30.17,0.5294117647058747,0.0060637185214213254,1.8979438992261477,base,adaptive disabled,1.0,78.0,60,90,90,80,OFF_HOURS,neutral,bearish,FVG,BOS bearish | Vol 10.7x | FVG | ChoCH | Zone:FVG | MTF 13,BOS+2 | BodyStrong+1 | 1hN+1 | 4h+2 | Vol+2 | BTC+2 | FVG+1 | ChoCH+1 | Zone:FVG+1 | Sess:OFF_HOURS,0,0,0.375,bear,0.6204,1.2857,2.25,-0.3871,5.039,1.0,-0.4356,0.984375,14164,2,3,2.132,0.609,1,1.523,0
ADAUSDT,14166,14197,1718932500,1718961300,SHORT,TRAIL,0.3862,0.3809,0.3722968,0.3908344,0.7125789879220946,0.6188289879220954,0.09374999999999922,16,2.23,38.46,0.43333333333334073,0.005222518210778054,1.3609882460769276,base,adaptive disabled,1.15,84.5,90,100,70,80,OFF_HOURS,bearish,bearish,FVG,BOS bearish | Vol 2.2x | FVG | ChoCH | Premium | StrongTrend1h | Zone:FVG | MTF 16 | Risk x1.15,BOS+2 | 1h+2 | 4h+2 | Vol+2 | RSI+1 | BTC+2 | FVG+1 | ChoCH+1 | Premium+1 | Zone:FVG+1 | Sess:OFF_HOURS | Strong1h+1 | TrendPairRisk:1.15,0,0,0.425,range,0.9926,1.283,1.529,0.1052,1.159,1.0,-0.0606,0.5625,14162,15,5,0.962,0.824,1,0.824,0
SUIUSDT,14169,14180,1718935200,1718946000,LONG,TRAIL,0.8987,0.91226093,0.96650463,0.87609846,0.5433469062878602,0.4837027404478335,0.059644165840026755,13,1.62,56.99,0.2625994694960213,0.0065056934254689594,0.9421896320711863,base,adaptive disabled,1.15,76.7,90,91,50,80,OFF_HOURS,bullish,bullish,FVG,BOS bullish | Vol 1.6x | FVG | ChoCH | StrongTrend1h | Zone:FVG | MTF 13 | Risk x1.15,BOS+2 | 1h+2 | 4h+2 | Vol+1 | RSI+1 | BTCok+1 | FVG+1 | ChoCH+1 | Zone:FVG+1 | Sess:OFF_HOURS | Strong1h+1 | QualityRisk:1.15,0,1,0.575,bear,0.1947,1.3052,0.0,-0.0333,1.329,0.0,0.0963,0.75,14169,1,2,1.111,1.746,1,1.095,5
NEARUSDT,14185,14201,1718949600,1718964900,LONG,TRAIL,5.281,5.391901,5.835505,5.096165,0.5276651504288538,0.4848080075717108,0.04285714285714294,16,2.07,56.99,0.2712550607287458,0.009476630629961166,1.0865163031165987,base,adaptive disabled,1.15,91.9,90,92,100,80,OFF_HOURS,bullish,bullish,OB,BOS bullish | Vol 2.1x | FVG | OB | ChoCH | StrongTrend1h | Zone:OB | MTF 16 | Risk x1.15,BOS+2 | BodyStrong+1 | 1h+2 | 4h+2 | Vol+2 | RSI+1 | BTCok+1 | FVG+1 | OB+1 | ChoCH+1 | Zone:OB+1 | Sess:OFF_HOURS | Strong1h+1 | QualityRisk:1.15,0,0,0.5,bull,0.7628,1.3616,0.893,0.0106,2.026,1.0,0.283,0.75,14185,4,1,0.355,1.356,1,0.605,0
SOLUSDT,14217,14230,1718978400,1718991000,SHORT,TRAIL,131.6,130.31765059,125.18825293,133.73724902,0.7035181368286917,0.6342468452690403,0.06927129155965134,16,1.37,37.4,0.5155279503105672,0.006945800379499523,1.3527967680317678,base,adaptive disabled,1.25,84.5,90,100,70,80,NEW_YORK,bearish,bearish,FVG,BOS bearish | Vol 1.4x | FVG | ChoCH | Engulfing | Session:NEW_YORK | StrongTrend1h | Zone:FVG | MTF 16 | Risk x1.25,BOS+2 | BodyStrong+1 | 1h+2 | 4h+2 | Vol+1 | RSI+1 | BTC+2 | FVG+1 | ChoCH+1 | Engulfing+1 | Zone:FVG+1 | Sess:NEW_YORK | Strong1h+1 | QualityRisk:1.15 | TrendPairRisk:1.25,0,0,0.425,range,1.0153,1.0684,0.0,0.0009,1.076,-1.0,0.0383,0.5625,14213,3,4,1.204,0.342,1,1.7,0
XLMUSDT,14217,14231,1718978400,1718991900,SHORT,TRAIL,0.0929,0.0916,0.0906,0.09419664,1.0932490033251359,0.9857789268197066,0.10747007650542928,16,13.49,34.31,0.5199999999999978,0.009011028116907153,2.1063278245798167,base,adaptive disabled,1.15,88.5,90,90,90,80,NEW_YORK,bearish,bearish,FVG,BOS bearish | Vol 13.5x | FVG | ChoCH | Session:NEW_YORK | StrongTrend1h | Zone:FVG | MTF 16 | Risk x1.15,BOS+2 | BodyStrong+1 | 1h+2 | 4h+2 | Vol+2 | RSI+1 | BTC+2 | FVG+1 | ChoCH+1 | Zone:FVG+1 | Sess:NEW_YORK | Strong1h+1 | TrendPairRisk:1.15,0,0,0.575,range,0.4627,1.3077,0.0,-0.0134,6.698,1.0,-0.3837,0.75,14216,19,5,1.812,0.403,1,0.805,0
XRPUSDT,14217,14228,1718978400,1718989200,SHORT,TRAIL,0.4881,0.48173562,0.45627808,0.49870731,0.6646222171694017,0.5725913441205329,0.09203087304886881,15,1.6,36.43,0.4999999999999979,0.006648486898990329,1.914373139835679,base,adaptive disabled,1.15,82.5,90,90,70,80,NEW_YORK,bearish,bearish,FVG,BOS bearish | Vol 1.6x | FVG | ChoCH | Session:NEW_YORK | StrongTrend1h | Zone:FVG | MTF 15 | Risk x1.15,BOS+2 | BodyStrong+1 | 1h+2 | 4h+2 | Vol+1 | RSI+1 | BTC+2 | FVG+1 | ChoCH+1 | Zone:FVG+1 | Sess:NEW_YORK | Strong1h+1 | TrendPairRisk:1.15,0,1,0.45,bull,0.4242,1.0056,0.0,-0.0929,0.933,-1.0,0.048,1.0,14216,19,2,0.558,0.439,1,0.798,0
LINKUSDT,14231,14422,1718991000,1719163800,SHORT,EXPIRED,14.042,13.307,13.293,14.53347,0.0,-0.030133928571428596,0.030133928571428596,13,1.38,29.72,0.8500914076782443,0.006496554033393032,0.9828068148710061,base,adaptive disabled,1.25,84.5,90,100,70,80,OFF_HOURS,bearish,bearish,FVG,BOS bearish | Vol 1.4x | FVG | ChoCH | StrongTrend1h | Zone:FVG | MTF 13 | Risk x1.25,BOS+2 | BodyStrong+1 | 1h+2 | 4h+2 | Vol+1 | BTCok+1 | FVG+1 | ChoCH+1 | Zone:FVG+1 | Sess:OFF_HOURS | Strong1h+1 | QualityRisk:1.15 | TrendPairRisk:1.25,0,1,0.5,bull,0.3601,0.9973,0.0,-0.2384,1.985,1.0,-0.2629,0.52734375,14230,0,3,2.203,6.94,1,0.655,0
DOTUSDT,14233,14308,1718992800,1719061200,SHORT,SL,5.614,5.5276634,5.182317,5.75789433,-0.4368440021229462,-0.4697626897460096,0.03291868762306335,15,1.47,32.04,0.7469879518072385,0.005780495544589711,1.0585765550714246,base,adaptive disabled,1.25,84.5,90,100,70,80,OFF_HOURS,bearish,bearish,FVG,BOS bearish | Vol 1.5x | FVG | ChoCH | BearWick | StrongTrend1h | Zone:FVG | MTF 15 | Risk x1.25,BOS+2 | BodyStrong+1 | 1h+2 | 4h+2 | Vol+1 | RSI+1 | BTCok+1 | FVG+1 | ChoCH+1 | BearWick+1 | Zone:FVG+1 | Sess:OFF_HOURS | Strong1h+1 | QualityRisk:1.15 | TrendPairRisk:1.25,0,1,0.425,bull,1.0494,0.8571,0.0,-0.2931,1.136,1.0,-0.3038,0.421875,14230,0,1,1.504,0.106,1,1.372,0
SUIUSDT,14237,14390,1718996400,1719135000,LONG,TRAIL,0.9075,0.9265575,1.0027875,0.8757375,0.7266583082780204,0.6730868797065919,0.05357142857142853,16,1.59,62.49,0.21338912133891255,0.01424948996262163,1.558755182670314,base,adaptive disabled,1.15,75.5,90,85,50,80,DEAD_ZONE,bullish,bullish,FVG,BOS bullish | Vol 1.6x | FVG | LiqSweep | ChoCH | Engulfing | StrongTrend1h | Zone:FVG | MTF 16 | Risk x1.15,BOS+2 | 1h+2 | 4h+2 | Vol+1 | RSI+1 | BTC+2 | FVG+1 | LiqSweep+1 | ChoCH+1 | Engulfing+1 | Zone:FVG+1 | Sess:DEAD_ZONE | Strong1h+1 | QualityRisk:1.15,0,0,0.375,range,0.6328,1.3486,0.85,-0.0824,1.421,1.0,0.343,0.9375,14237,0,1,0.52,0.531,1,0.874,3
ADAUSDT,14262,14310,1719018900,1719063000,SHORT,SL,0.3744,0.36934213,0.34911066,0.38282978,-0.442905241892433,-0.47101095758133593,0.028105715688902917,14,1.47,28.34,0.7611940298507408,0.005443587955780017,1.040814017417318,base,adaptive disabled,1.25,84.5,90,100,70,80,OFF_HOURS,bearish,bearish,FVG,BOS bearish | Vol 1.5x | FVG | ChoCH | StrongTrend1h | Zone:FVG | MTF 14 | Risk x1.25,BOS+2 | BodyStrong+1 | 1h+2 | 4h+2 | Vol+1 | BTC+2 | FVG+1 | ChoCH+1 | Zone:FVG+1 | Sess:OFF_HOURS | Strong1h+1 | QualityRisk:1.15 | TrendPairRisk:1.25,0,0,0.65,range,1.9218,0.3954,10.0,-0.2891,1.001,1.0,-0.2914,0.31640625,14258,0,1,2.025,3.007,1,1.534,1
LINKUSDT,14341,14411,1719090000,1719153900,SHORT,TRAIL,13.57,13.42514394,12.84571969,13.81142677,0.3091527444389187,0.23011091945820106,0.07904182498071764,13,1.74,34.35,0.4166666666666605,0.0034895478467276597,1.0548515413196753,base,adaptive disabled,1.25,78.5,90,100,50,80,DEAD_ZONE,bearish,bearish,FVG,BOS bearish | Vol 1.7x | FVG | ChoCH | StrongTrend1h | Zone:FVG | MTF 13 | Risk x1.25,BOS+2 | 1h+2 | 4h+2 | Vol+1 | RSI+1 | BTCok+1 | FVG+1 | ChoCH+1 | Zone:FVG+1 | Sess:DEAD_ZONE | Strong1h+1 | QualityRisk:1.15 | TrendPairRisk:1.25,0,0,0.5,bear,0.4805,1.2909,0.49,-0.1469,1.479,1.0,-0.441,0.703125,14341,0,2,0.542,16.004,0,0.943,0
SOLUSDT,14352,14410,1719099900,1719153000,SHORT,TRAIL,133.8,132.83664,128.9832,135.4056,0.7194131503054224,0.5553506503054204,0.16406250000000194,14,7.07,32.06,0.46391752577320616,0.003168756760837863,1.2552936709340128,base,adaptive disabled,1.15,80.0,60,100,90,80,DEAD_ZONE,neutral,bearish,FVG,BOS bearish | Vol 7.1x | FVG | ChoCH | Zone:FVG | MTF 14 | Risk x1.15,BOS+2 | BodyStrong+1 | 1hN+1 | 4h+2 | Vol+2 | RSI+1 | BTC+2 | FVG+1 | ChoCH+1 | Zone:FVG+1 | Sess:DEAD_ZONE | QualityRisk:1.15,0,1,0.7,bull,0.8097,1.1211,0.0,-0.1977,3.467,1.0,-0.4637,0.984375,14351,0,1,2.038,2.372,1,1.49,0
SOLUSDT,14396,14410,1719139500,1719153000,SHORT,TRAIL,134.14,133.174192,129.31096,135.74968,1.8510538080377676,1.522928808037773,0.32812499999999467,14,2.81,37.29,0.35384615384614443,0.0026600181033295937,1.0528977539598798,base,adaptive disabled,1.15,80.0,60,100,90,80,LONDON,neutral,bearish,FVG,BOS bearish | Vol 2.8x | FVG | ChoCH | Session:LONDON | Zone:FVG | MTF 14 | Risk x1.15,BOS+2 | BodyStrong+1 | 1hN+1 | 4h+2 | Vol+2 | RSI+1 | BTC+2 | FVG+1 | ChoCH+1 | Zone:FVG+1 | Sess:LONDON | QualityRisk:1.15,0,0,0.425,range,0.1677,1.4703,0.0,0.1107,2.141,1.0,-0.2627,1.96875,14396,0,1,1.038,0.489,1,2.046,4
SOLUSDT,14410,14417,1719152100,1719159300,SHORT,TRAIL,133.17,131.9067167,126.8535835,135.27547217,0.6843205709415066,0.5894463651238163,0.09487420581769017,16,2.99,37.1,0.347826086956515,0.004409817261718365,1.693873807616764,base,adaptive disabled,1.25,90.5,90,100,90,80,NEW_YORK,bearish,bearish,FVG,BOS bearish | Vol 3.0x | FVG | ChoCH | Session:NEW_YORK | StrongTrend1h | Zone:FVG | MTF 16 | Risk x1.25,BOS+2 | BodyStrong+1 | 1h+2 | 4h+2 | Vol+2 | RSI+1 | BTC+2 | FVG+1 | ChoCH+1 | Zone:FVG+1 | Sess:NEW_YORK | Strong1h+1 | QualityRisk:1.15 | TrendPairRisk:1.25,0,0,0.5,bear,0.0047,1.3932,1.882,-0.1638,2.424,1.0,-0.1943,0.75,14410,0,1,0.808,1.167,1,1.257,0
ETHUSDT,14413,14421,1719154800,1719162900,SHORT,TRAIL,3487.07,3461.963096,3361.53548,3528.91484,0.5865974119268277,0.41993074526016,0.16666666666666768,15,3.02,28.26,0.7265253137169857,0.002619475113811101,1.9378079419635919,base,adaptive disabled,1.15,82.5,90,90,70,80,NEW_YORK,bearish,bearish,FVG,BOS bearish | Vol 3.0x | FVG | ChoCH | Engulfing | Session:NEW_YORK | StrongTrend1h | Zone:FVG | MTF 15 | Risk x1.15,BOS+2 | 1h+2 | 4h+2 | Vol+2 | BTC+2 | FVG+1 | ChoCH+1 | Engulfing+1 | Zone:FVG+1 | Sess:NEW_YORK | Strong1h+1 | TrendPairRisk:1.15,0,0,0.55,bear,0.0927,1.0384,0.0,0.0781,2.064,1.0,-0.1845,1.0,14413,0,1,0.397,1.448,1,1.659,3
DOTUSDT,14435,14471,1719174600,1719207900,SHORT,TRAIL,5.66,5.59935538,5.35677689,5.76107437,0.810562352820816,0.7318146445739084,0.07874770824690763,15,13.92,32.05,0.4,0.007252462592546995,2.190243702987349,base,adaptive disabled,1.15,82.5,90,90,70,80,DEAD_ZONE,bearish,bearish,FVG,BOS bearish | Vol 13.9x | FVG | ChoCH | StrongTrend1h | Zone:FVG | MTF 15 | Risk x1.15,BOS+2 | 1h+2 | 4h+2 | Vol+2 | RSI+1 | BTC+2 | FVG+1 | ChoCH+1 | Zone:FVG+1 | Sess:DEAD_ZONE | Strong1h+1 | TrendPairRisk:1.15,0,1,0.5,bull,0.6827,1.3851,1.467,0.3039,4.241,1.0,-0.7022,0.703125,14435,0,1,1.205,0.332,1,1.745,3
SOLUSDT,14466,14471,1719202500,1719207900,SHORT,TRAIL,126.67,124.2658596,114.649298,130.67690067,0.48601401130076854,0.45044942866288656,0.035564582637881995,17,1.51,32.72,0.39130434782608664,0.006878296432080572,1.1617174688217589,base,adaptive disabled,1.25,87.5,90,100,80,80,OFF_HOURS,bearish,bearish,OB,BOS bearish | Vol 1.5x | FVG | OB | ChoCH | BearWick | StrongTrend1h | Zone:OB | MTF 17 | Risk x1.25,BOS+2 | BodyStrong+1 | 1h+2 | 4h+2 | Vol+1 | RSI+1 | BTC+2 | FVG+1 | OB+1 | ChoCH+1 | BearWick+1 | Zone:OB+1 | Sess:OFF_HOURS | Strong1h+1 | QualityRisk:1.15 | TrendPairRisk:1.25,0,0,0.6,bear,0.0125,1.1563,1.256,0.0633,1.911,1.0,-0.4122,0.5625,14466,5,1,0.212,-1.0,0,0.78,0
DOTUSDT,14472,14488,1719207900,1719223200,SHORT,TRAIL,5.6,5.50085001,5.10425005,5.76524998,0.2662089021692558,0.23761585786147438,0.028593044307781378,15,3.78,29.58,0.7989417989417976,0.010371968432644638,2.028971617911393,base,adaptive disabled,1.15,88.5,90,90,90,80,OFF_HOURS,bearish,bearish,FVG,BOS bearish | Vol 3.8x | FVG | ChoCH | StrongTrend1h | Zone:FVG | MTF 15 | Risk x1.15,BOS+2 | BodyStrong+1 | 1h+2 | 4h+2 | Vol+2 | BTC+2 | FVG+1 | ChoCH+1 | Zone:FVG+1 | Sess:OFF_HOURS | Strong1h+1 | TrendPairRisk:1.15,0,0,0.575,range,0.3328,2.4004,0.0,-0.0933,2.406,1.0,-0.5848,0.421875,14471,0,1,1.297,0.386,1,1.379,0
AVAXUSDT,14512,14531,1719243900,1719261900,SHORT,TRAIL,24.072,23.566488,21.54444,24.91452,0.0,-0.05357142857142854,0.05357142857142854,17,1.5,34.69,0.692679002413517,0.011153772600360143,1.1025978363729114,base,adaptive disabled,1.25,84.5,90,100,70,80,NEW_YORK,bearish,bearish,FVG,BOS bearish | Vol 1.5x | FVG | MACD_Div | ChoCH | Engulfing | Session:NEW_YORK | StrongTrend1h | Zone:FVG | MTF 17 | Risk x1.25,BOS+2 | BodyStrong+1 | 1h+2 | 4h+2 | Vol+1 | RSI+1 | BTC+2 | FVG+1 | MACD_Div+1 | ChoCH+1 | Engulfing+1 | Zone:FVG+1 | Sess:NEW_YORK | Strong1h+1 | QualityRisk:1.15 | TrendPairRisk:1.25,0,1,0.425,bull,0.5056,1.1216,0.0,-0.1386,1.313,1.0,-0.1799,0.9375,14512,0,5,2.009,1.647,1,1.315,2
BTCUSDT,14513,14517,1719244800,1719249300,SHORT,TRAIL,60952.6,60330.15502151,57840.37510757,61990.00829748,0.4188796145399055,0.37481359915228407,0.04406601538762142,15,1.86,37.99,0.27989577619308825,0.005697704857224241,1.3779339320121615,base,adaptive disabled,1.15,77.1,90,93,50,80,NEW_YORK,bearish,bearish,FVG,BOS bearish | Vol 1.9x | FVG | ChoCH | Engulfing | Session:NEW_YORK | StrongTrend1h | Zone:FVG | MTF 15 | Risk x1.15,BOS+2 | 1h+2 | 4h+2 | Vol+1 | RSI+1 | BTC+2 | FVG+1 | ChoCH+1 | Engulfing+1 | Zone:FVG+1 | Sess:NEW_YORK | Strong1h+1 | TrendPairRisk:1.15,0,1,0.525,bull,0.0998,1.6599,0.0,-0.0727,1.806,1.0,-0.0148,0.375,14513,0,1,0.57,1.11,1,1.141,0
ETHUSDT,14516,14556,1719247500,1719284400,SHORT,SL,3272.3,3221.26305993,3017.11529967,3357.36156678,-0.6937548558519517,-0.7370333615197497,0.04327850566779802,14,3.48,29.52,0.5955727725511778,0.007702620588886354,1.5205183822085662,base,adaptive disabled,1.15,84.5,90,100,70,80,NEW_YORK,bearish,bearish,FVG,BOS bearish | Vol 3.5x | FVG | ChoCH | Session:NEW_YORK | StrongTrend1h | Zone:FVG | MTF 14 | Risk x1.15,BOS+2 | 1h+2 | 4h+2 | Vol+2 | BTC+2 | FVG+1 | ChoCH+1 | Zone:FVG+1 | Sess:NEW_YORK | Strong1h+1 | TrendPairRisk:1.15,0,0,0.575,bear,1.3229,0.5204,8.215,0.0452,2.381,1.0,-0.3775,0.5625,14516,0,4,1.545,2.436,1,1.85,3
AAVEUSDT,14553,14565,1719280800,1719292500,LONG,TRAIL,88.77,90.63417,98.09085,85.66305,0.5129398051747834,0.48079694803192624,0.03214285714285717,14,1.85,69.38,0.50710900473933,0.008661080132330908,0.9496757323489201,base,adaptive disabled,1.25,78.5,90,100,50,80,OFF_HOURS,bullish,bullish,FVG,BOS bullish | Vol 1.9x | FVG | ChoCH | Engulfing | StrongTrend1h | Zone:FVG | MTF 14 | Risk x1.25,BOS+2 | 1h+2 | 4h+2 | Vol+1 | BTC+2 | FVG+1 | ChoCH+1 | Engulfing+1 | Zone:FVG+1 | Sess:OFF_HOURS | Strong1h+1 | QualityRisk:1.15 | RelStrengthRisk:1.25,0,0,0.475,bull,0.0129,1.3625,2.019,0.1572,2.544,1.0,0.576,0.5625,14553,0,4,1.572,0.048,1,1.239,3
AAVEUSDT,14586,14603,1719310500,1719326700,LONG,TRAIL,92.15,93.89978937,100.89894685,89.23368438,1.6020250001235181,1.507230733651085,0.09479426647243328,13,2.38,69.55,0.6923076923076965,0.009077004740604138,1.1748624643374825,base,adaptive disabled,1.15,84.5,90,100,70,80,LONDON,bullish,bullish,FVG,BOS bullish | Vol 2.4x | FVG | ChoCH | Session:LONDON | StrongTrend1h | Zone:FVG | MTF 13 | Risk x1.15,BOS+2 | 1h+2 | 4h+2 | Vol+2 | BTCok+1 | FVG+1 | ChoCH+1 | Zone:FVG+1 | Sess:LONDON | Strong1h+1 | QualityRisk:1.15,0,0,0.35,range,0.2949,1.3887,0.0,0.0519,2.049,1.0,0.3074,1.5,14585,0,3,1.174,-1.0,0,1.266,7
LINKUSDT,14603,14608,1719325800,1719331200,LONG,TRAIL,13.998,14.13515091,14.68375456,13.76941515,0.6509958292312628,0.536175227603464,0.1148206016277987,15,1.48,59.09,0.2766990291262161,0.006802303486160656,1.6602394052657308,base,adaptive disabled,1.15,83.1,90,93,70,80,NEW_YORK,bullish,bullish,FVG,BOS bullish | Vol 1.5x | FVG | ChoCH | Session:NEW_YORK | StrongTrend1h | Zone:FVG | MTF 15 | Risk x1.15,BOS+2 | BodyStrong+1 | 1h+2 | 4h+2 | Vol+1 | RSI+1 | BTC+2 | FVG+1 | ChoCH+1 | Zone:FVG+1 | Sess:NEW_YORK | Strong1h+1 | QualityRisk:1.15,0,0,0.4,range,0.1137,1.2031,0.0,-0.1068,1.178,-1.0,-0.0814,0.9375,14603,0,1,1.321,1.541,1,0.802,0
LINKUSDT,14622,14756,1719342900,1719464400,LONG,SL,14.117,14.30806745,15.07233725,13.79855425,-0.7529245562234711,-0.8152649430868537,0.06234038686338246,13,1.57,62.46,0.21212121212120777,0.004868079673864473,1.3376719323533983,base,adaptive disabled,1.0,75.5,90,85,50,80,DEAD_ZONE,bullish,bullish,FVG,BOS bullish | Vol 1.6x | FVG | ChoCH | StrongTrend1h | Zone:FVG | MTF 13,BOS+2 | 1h+2 | 4h+2 | Vol+1 | RSI+1 | BTCok+1 | FVG+1 | ChoCH+1 | Zone:FVG+1 | Sess:DEAD_ZONE | Strong1h+1,0,0,0.4,bull,1.1242,0.9421,0.368,0.166,1.121,1.0,0.2148,0.703125,14621,2,1,0.033,7.031,0,1.042,1
SUIUSDT,14645,14663,1719363600,1719380700,SHORT,TRAIL,0.8776,0.8576,0.8539,0.89195238,0.8509763328533082,0.7821863481957111,0.06878998465759714,19,2.16,39.41,0.45964912280701986,0.007041269167190734,1.396571727934405,base,adaptive disabled,1.25,84.5,90,100,70,80,OFF_HOURS,bearish,bearish,FVG,BOS bearish | Vol 2.2x | FVG | ChoCH | Engulfing | BearWick | StrongTrend1h | Zone:FVG | MTF 19 | Risk x1.25,BOS+2 | 1h+2 | 4h+2 | Vol+2 | RSI+1 | BTC+2 | FVG+1 | ChoCH+1 | Engulfing+1 | BearWick+1 | Zone:FVG+1 | Sess:OFF_HOURS | Strong1h+1 | NestedOB_1h+2 | QualityRisk:1.15 | TrendPairRisk:1.25,0,0,0.575,range,0.9127,1.15,10.0,-0.2657,2.14,1.0,-0.2376,0.5625,14644,6,1,0.414,0.368,1,1.631,0
SOLUSDT,14650,14790,1719368100,1719495000,LONG,TRAIL,138.64,140.81600008,149.52000039,135.0133332,1.8852901882887287,1.8348920255046535,0.05039816278407516,15,3.45,60.45,0.43350604490500555,0.010742393673776161,1.9528540920657977,base,adaptive disabled,1.15,88.5,90,90,90,80,OFF_HOURS,bullish,bullish,FVG,BOS bullish | Vol 3.5x | FVG | ChoCH | StrongTrend1h | Zone:FVG | MTF 15 | Risk x1.15,BOS+2 | BodyStrong+1 | 1h+2 | 4h+2 | Vol+2 | RSI+1 | BTCok+1 | FVG+1 | ChoCH+1 | Zone:FVG+1 | Sess:OFF_HOURS | Strong1h+1 | QualityRisk:1.15,0,0,0.55,range,1.0506,4.8392,0.0,0.0371,1.691,1.0,0.1029,0.6591796875,14650,1,4,2.099,0.034,1,0.97,0
ADAUSDT,14652,14683,1719369900,1719398700,LONG,SL,0.3928,0.39562816,0.4069408,0.3880864,-0.4385581084521364,-0.5088706084521366,0.07031250000000024,16,1.92,60.19,0.5416666666666681,0.0033915957370579575,1.106508109497811,base,adaptive disabled,1.15,84.5,90,100,70,80,OFF_HOURS,bullish,bullish,FVG,BOS bullish | Vol 1.9x | FVG | LiqSweep | MACD_Div | ChoCH | StrongTrend1h | Zone:FVG | MTF 16 | Risk x1.15,BOS+2 | BodyStrong+1 | 1h+2 | 4h+2 | Vol+1 | RSI+1 | BTCok+1 | FVG+1 | LiqSweep+1 | MACD_Div+1 | ChoCH+1 | Zone:FVG+1 | Sess:OFF_HOURS | Strong1h+1 | QualityRisk:1.15,0,1,0.625,bear,1.4638,0.3182,0.0,-0.0336,1.572,1.0,0.2368,0.421875,14649,0,1,1.394,2.875,0,1.045,0
LINKUSDT,14653,14671,1719370800,1719387900,LONG,TRAIL,14.167,14.2690024,14.677012,13.996996,0.5561660205688481,0.39991602056884856,0.15624999999999956,14,1.59,59.3,0.28571428571428664,0.004305546200439756,1.0850745272721027,base,adaptive disabled,1.15,77.3,90,94,50,80,OFF_HOURS,bullish,bullish,FVG,BOS bullish | Vol 1.6x | FVG | ChoCH | BullWick | StrongTrend1h | Zone:FVG | MTF 14 | Risk x1.15,BOS+2 | 1h+2 | 4h+2 | Vol+1 | RSI+1 | BTCok+1 | FVG+1 | ChoCH+1 | BullWick+1 | Zone:FVG+1 | Sess:OFF_HOURS | Strong1h+1 | QualityRisk:1.15,0,1,0.425,bear,0.3294,1.2745,0.0,0.1407,1.549,-1.0,-0.0594,0.9375,14649,2,2,0.523,0.715,1,1.675,2
LINKUSDT,14670,14683,1719386100,1719398700,LONG,SL,14.23,14.33508882,14.7554441,14.05485197,-2.0768146807018035,-2.3814855354068194,0.30467085470501587,16,2.46,56.03,0.2982456140350825,0.004543708325227292,1.2883230585440155,base,adaptive disabled,1.15,83.5,90,95,70,80,LONDON,bullish,bullish,FVG,BOS bullish | Vol 2.5x | FVG | ChoCH | Engulfing | Session:LONDON | StrongTrend1h | Zone:FVG | MTF 16 | Risk x1.15,BOS+2 | 1h+2 | 4h+2 | Vol+2 | RSI+1 | BTC+2 | FVG+1 | ChoCH+1 | Engulfing+1 | Zone:FVG+1 | Sess:LONDON | Strong1h+1 | QualityRisk:1.15,0,1,0.425,bear,1.1819,0.3711,0.0,-0.143,2.064,1.0,0.0444,1.875,14670,0,1,0.303,1.015,1,1.371,0
AVAXUSDT,14687,14720,1719401400,1719432000,LONG,TRAIL,26.073,26.45688234,27.9924117,25.4331961,1.0309645620934682,0.9239917458915039,0.10697281620196432,16,1.34,62.53,0.31672597864768354,0.007351122981249541,1.244322652534919,base,adaptive disabled,1.0,84.1,90,98,70,80,OVERLAP,bullish,bullish,FVG,BOS bullish | Vol 1.3x | FVG | ChoCH | BullWick | Session:OVERLAP | StrongTrend1h | Zone:FVG | MTF 16,BOS+2 | BodyStrong+1 | 1h+2 | 4h+2 | Vol+1 | RSI+1 | BTC+2 | FVG+1 | ChoCH+1 | BullWick+1 | Zone:FVG+1 | Sess:OVERLAP | Strong1h+1,0,0,0.5,bull,0.8471,1.1853,1.638,0.2415,1.195,1.0,0.1206,1.3125,14687,2,2,0.343,10.885,0,0.757,1
BTCUSDT,14688,14710,1719402300,1719423000,SHORT,TRAIL,61571.9,61128.58232,59355.3116,62310.7628,0.6341048840240767,0.524729884024076,0.10937500000000068,14,1.62,33.34,0.5171434368025759,0.002314184398841047,1.0697559887996047,base,adaptive disabled,1.15,68.0,60,100,50,80,LONDON,neutral,bearish,FVG,BOS bearish | Vol 1.6x | FVG | ChoCH | Session:LONDON | Zone:FVG | MTF 14 | Risk x1.15,BOS+2 | 1hN+1 | 4h+2 | Vol+1 | RSI+1 | BTC+2 | FVG+1 | ChoCH+1 | Zone:FVG+1 | Sess:LONDON | NestedOB_1h+2 | QualityRisk:1.15,0,0,0.55,range,0.5632,1.604,5.984,0.0862,1.319,1.0,-0.1095,0.65625,14684,10,5,0.644,0.935,1,1.501,0
DOTUSDT,14689,14708,1719403200,1719421200,LONG,SL,5.871,5.949,6.082356,5.800548,-1.6580437744847536,-1.8767937744847523,0.21874999999999875,13,1.94,55.16,0.18518518518518812,0.004200770700213784,1.2226343123182517,base,adaptive disabled,1.15,74.9,90,82,50,80,OVERLAP,bullish,bullish,FVG,BOS bullish | Vol 1.9x | FVG | ChoCH | Session:OVERLAP | StrongTrend1h | Zone:FVG | MTF 13 | Risk x1.15,BOS+2 | 1h+2 | 4h+2 | Vol+1 | RSI+1 | BTCok+1 | FVG+1 | ChoCH+1 | Zone:FVG+1 | Sess:OVERLAP | Strong1h+1 | QualityRisk:1.15,0,1,0.425,bear,1.6039,0.9744,2.5,-0.0882,1.87,1.0,0.0554,1.3125,14689,0,1,0.0,0.181,1,0.948,0
SOLUSDT,14698,14708,1719411300,1719421200,LONG,SL,137.78,139.27490094,145.2545047,135.28849843,-0.5689340183719038,-0.6311465017459361,0.062212483374032235,17,2.33,64.01,0.4576271186440587,0.006907007911973652,1.2480781533579521,base,adaptive disabled,1.25,90.5,90,100,90,80,NEW_YORK,bullish,bullish,FVG,BOS bullish | Vol 2.3x | FVG | ChoCH | Engulfing | Session:NEW_YORK | StrongTrend1h | Zone:FVG | MTF 17 | Risk x1.25,BOS+2 | BodyStrong+1 | 1h+2 | 4h+2 | Vol+2 | RSI+1 | BTC+2 | FVG+1 | ChoCH+1 | Engulfing+1 | Zone:FVG+1 | Sess:NEW_YORK | Strong1h+1 | QualityRisk:1.15 | RelStrengthRisk:1.25,0,0,0.475,bull,1.1118,0.5954,8.217,0.1143,1.533,1.0,0.0933,0.5625,14696,0,1,1.195,0.617,1,1.615,0
ETHUSDT,14703,14710,1719415800,1719423000,SHORT,TRAIL,3363.07,3335.72567661,3226.34838306,3408.64387231,0.4730131722985276,0.36232244657555424,0.11069072572297331,17,1.98,37.46,0.1967029896619109,0.005394548414206747,1.9867418172773765,base,adaptive disabled,1.15,79.1,90,73,70,80,NEW_YORK,bearish,bearish,FVG,BOS bearish | Vol 2.0x | FVG | ChoCH | Engulfing | BearWick | Session:NEW_YORK | StrongTrend1h | Zone:FVG | MTF 17 | Risk x1.15,BOS+2 | BodyStrong+1 | 1h+2 | 4h+2 | Vol+1 | RSI+1 | BTC+2 | FVG+1 | ChoCH+1 | Engulfing+1 | BearWick+1 | Zone:FVG+1 | Sess:NEW_YORK | Strong1h+1 | TrendPairRisk:1.15,0,1,0.475,bull,0.0614,1.3725,10.0,-0.2137,1.664,-1.0,0.0216,0.75,14702,0,1,0.754,0.115,1,0.839,1
AAVEUSDT,14718,14726,1719429300,1719437400,LONG,TRAIL,92.9,94.71288221,101.96441105,89.87852965,1.047901744779341,0.9518185579957937,0.09608318678354726,16,2.88,59.72,0.3043478260869593,0.0120314515497169,2.6257210691624997,base,adaptive disabled,1.15,87.7,90,86,90,80,DEAD_ZONE,bullish,bullish,FVG,BOS bullish | Vol 2.9x | FVG | ChoCH | StrongTrend1h | Zone:FVG | MTF 16 | Risk x1.15,BOS+2 | BodyStrong+1 | 1h+2 | 4h+2 | Vol+2 | RSI+1 | BTC+2 | FVG+1 | ChoCH+1 | Zone:FVG+1 | Sess:DEAD_ZONE | Strong1h+1 | QualityRisk:1.15,0,0,0.525,bull,0.2251,1.2135,2.41,0.059,1.392,1.0,0.3167,1.5625,14718,1,2,0.088,3.448,0,1.027,0
SOLUSDT,14720,14786,1719431100,1719491400,LONG,TRAIL,137.78,140.05370538,149.14852691,133.99049103,0.4389757554492949,0.38529049362235185,0.05368526182694305,14,1.33,61.44,0.5477386934673248,0.007756238147419492,1.4015318220867201,base,adaptive disabled,1.25,74.0,60,100,70,80,DEAD_ZONE,neutral,bullish,FVG,BOS bullish | Vol 1.3x | FVG | LiqSweep | ChoCH | Zone:FVG | MTF 14 | Risk x1.25,BOS+2 | BodyStrong+1 | 1hN+1 | 4h+2 | Vol+1 | RSI+1 | BTC+2 | FVG+1 | LiqSweep+1 | ChoCH+1 | Zone:FVG+1 | Sess:DEAD_ZONE | QualityRisk:1.15 | RelStrengthRisk:1.25,0,0,0.475,range,0.6808,1.1479,0.0,-0.0092,0.744,1.0,-0.0917,0.73828125,14720,24,1,1.68,0.536,1,1.906,5
AVAXUSDT,14722,14778,1719432900,1719484200,LONG,TRAIL,26.277,26.828817,29.036085,25.357305,0.29068962767312245,0.2585467705302653,0.03214285714285711,15,2.4,66.96,0.7176241480038861,0.009059312327817405,1.34114059701526,base,adaptive disabled,1.15,84.5,90,100,70,80,DEAD_ZONE,bullish,bullish,FVG,BOS bullish | Vol 2.4x | FVG | ChoCH | StrongTrend1h | Zone:FVG | MTF 15 | Risk x1.15,BOS+2 | 1h+2 | 4h+2 | Vol+2 | RSI+1 | BTC+2 | FVG+1 | ChoCH+1 | Zone:FVG+1 | Sess:DEAD_ZONE | Strong1h+1 | RelStrengthRisk:1.15,0,0,0.375,range,1.0036,1.0348,0.0,0.0439,1.777,-1.0,-0.0076,0.5625,14719,0,2,1.624,8.799,0,0.608,0
AAVEUSDT,14758,14778,1719465300,1719484200,LONG,TRAIL,93.61,94.59852227,98.55261135,91.96246288,0.4176457907330908,0.3324185759435386,0.0852272147895523,15,1.95,57.76,0.4242424242424236,0.007603604388791215,1.1462745239245922,base,adaptive disabled,1.25,78.5,90,100,50,80,OFF_HOURS,bullish,bullish,FVG,BOS bullish | Vol 1.9x | FVG | ChoCH | BullWick | StrongTrend1h | Zone:FVG | MTF 15 | Risk x1.25,BOS+2 | 1h+2 | 4h+2 | Vol+1 | RSI+1 | BTC+2 | FVG+1 | ChoCH+1 | BullWick+1 | Zone:FVG+1 | Sess:OFF_HOURS | Strong1h+1 | QualityRisk:1.15 | RelStrengthRisk:1.25,0,0,0.55,range,0.8255,1.1027,0.0,-0.0562,2.002,1.0,-0.0313,0.75,14756,2,1,0.255,1.578,0,1.163,0
XRPUSDT,14762,14788,1719468900,1719493200,SHORT,SL,0.468,0.4646304,0.451152,0.473616,-0.5183293269230783,-0.5886418269230789,0.07031250000000058,14,1.68,35.72,0.5263157894736812,0.0024221405361897165,1.1398593365730938,base,adaptive disabled,1.25,78.5,90,100,50,80,OFF_HOURS,bearish,bearish,FVG,BOS bearish | Vol 1.7x | FVG | ChoCH | StrongTrend1h | Zone:FVG | MTF 14 | Risk x1.25,BOS+2 | 1h+2 | 4h+2 | Vol+1 | RSI+1 | BTC+2 | FVG+1 | ChoCH+1 | Zone:FVG+1 | Sess:OFF_HOURS | Strong1h+1 | QualityRisk:1.15 | TrendPairRisk:1.25,0,0,0.475,range,1.3711,0.6529,10.0,-0.0974,1.29,1.0,-0.3215,0.421875,14759,0,2,1.409,2.817,1,1.625,0
AVAXUSDT,14766,14774,1719472500,1719480600,LONG,TRAIL,25.856,26.24444132,27.7982066,25.2085978,1.9545978110928437,1.8148145357193588,0.13978327537348456,16,1.51,59.05,0.2996389891696768,0.007548565788410066,1.4519722626643565,base,adaptive disabled,1.15,67.0,60,95,50,80,LONDON,neutral,bullish,FVG,BOS bullish | Vol 1.5x | FVG | LiqSweep | ChoCH | Engulfing | Discount | BullWick | Session:LONDON | Zone:FVG | MTF 16 | Risk x1.15,BOS+2 | 1hN+1 | 4h+2 | Vol+1 | RSI+1 | BTC+2 | FVG+1 | LiqSweep+1 | ChoCH+1 | Engulfing+1 | Discount+1 | BullWick+1 | Zone:FVG+1 | Sess:LONDON | QualityRisk:1.15,0,0,0.475,range,0.0371,1.1302,1.169,0.0822,1.805,1.0,0.2031,1.75,14765,0,1,0.275,2.201,1,1.286,0
AAVEUSDT,14786,14797,1719490500,1719501300,LONG,SL,95.32,97.32172,105.3286,91.9838,-1.7949407259756618,-1.888690725975662,0.09375000000000026,14,1.97,67.48,0.31851851851851565,0.012042543360259292,2.2432849771515095,base,adaptive disabled,1.25,76.1,90,88,50,80,OVERLAP,bullish,bullish,FVG,BOS bullish | Vol 2.0x | FVG | ChoCH | Session:OVERLAP | StrongTrend1h | Zone:FVG | MTF 14 | Risk x1.25,BOS+2 | 1h+2 | 4h+2 | Vol+1 | RSI+1 | BTC+2 | FVG+1 | ChoCH+1 | Zone:FVG+1 | Sess:OVERLAP | Strong1h+1 | QualityRisk:1.15 | RelStrengthRisk:1.25,0,0,0.35,bull,1.2379,0.4646,0.777,0.2812,1.109,1.0,0.397,1.640625,14786,0,1,1.215,-1.0,0,1.717,0
ETHUSDT,14787,14792,1719491400,1719496800,LONG,TRAIL,3425.05,3466.06915154,3630.1457577,3356.68474743,1.0065446325712297,0.8186723287740798,0.18787230379714995,14,3.07,68.01,0.3325505544683614,0.008085990820670194,3.330884539026876,base,adaptive disabled,1.15,71.5,65,79,70,80,OVERLAP,bullish,neutral,FVG,BOS bullish | Vol 3.1x | FVG | ChoCH | Engulfing | Session:OVERLAP | StrongTrend1h | Zone:FVG | MTF 14 | Risk x1.15,BOS+2 | 1h+2 | 4hN+1 | Vol+2 | BTC+2 | FVG+1 | ChoCH+1 | Engulfing+1 | Zone:FVG+1 | Sess:OVERLAP | Strong1h+1 | RelStrengthRisk:1.15,0,0,0.45,bull,0.0774,1.0729,1.013,0.1643,1.399,1.0,0.4378,1.875,14787,1,2,1.014,0.073,1,1.296,0
LINKUSDT,14808,14920,1719510300,1719612000,LONG,SL,14.369,14.670749,15.877745,13.866085,-0.957697871409682,-1.0079210856953962,0.05022321428571431,13,1.32,69.78,0.6405919661733585,0.011588053616258464,2.3793000675199436,base,adaptive disabled,1.15,76.5,90,90,50,80,OFF_HOURS,bullish,bullish,FVG,BOS bullish | Vol 1.3x | FVG | ChoCH | StrongTrend1h | Zone:FVG | MTF 13 | Risk x1.15,BOS+2 | 1h+2 | 4h+2 | Vol+1 | BTC+2 | FVG+1 | ChoCH+1 | Zone:FVG+1 | Sess:OFF_HOURS | Strong1h+1 | RelStrengthRisk:1.15,0,0,0.475,bull,1.1036,0.7821,2.806,0.1228,1.172,1.0,0.4469,0.87890625,14808,0,1,1.3,2.257,1,0.806,0
AVAXUSDT,14811,14882,1719513000,1719577800,LONG,TRAIL,28.205,28.797305,31.166525,27.217825,0.577160912865669,0.534303770008526,0.04285714285714298,13,1.35,71.18,0.2631578947368446,0.0072257533743277725,1.0000519950893156,base,adaptive disabled,1.15,76.7,90,91,50,80,OFF_HOURS,bullish,bullish,FVG,BOS bullish | Vol 1.4x | FVG | ChoCH | StrongTrend1h | Zone:FVG | MTF 13 | Risk x1.15,BOS+2 | 1h+2 | 4h+2 | Vol+1 | BTC+2 | FVG+1 | ChoCH+1 | Zone:FVG+1 | Sess:OFF_HOURS | Strong1h+1 | QualityRisk:1.15,0,0,0.325,bull,0.5399,1.089,0.42,0.1248,1.682,1.0,0.1418,0.75,14811,0,4,1.115,2.967,0,1.078,0
SUIUSDT,14836,14855,1719535500,1719553500,SHORT,TRAIL,0.8304,0.82225482,0.78967412,0.84397529,0.3992452894639201,0.3074903435290636,0.09175494593485653,14,1.47,33.57,0.4010152284263958,0.006139321602129801,1.2521221278816785,base,adaptive disabled,1.25,78.5,90,100,50,80,OFF_HOURS,bearish,bearish,FVG,BOS bearish | Vol 1.5x | FVG | ChoCH | StrongTrend1h | Zone:FVG | MTF 14 | Risk x1.25,BOS+2 | 1h+2 | 4h+2 | Vol+1 | RSI+1 | BTC+2 | FVG+1 | ChoCH+1 | Zone:FVG+1 | Sess:OFF_HOURS | Strong1h+1 | QualityRisk:1.15 | TrendPairRisk:1.25,0,0,0.675,range,1.0608,1.0313,0.0,-0.0423,1.347,1.0,-0.1773,0.75,14836,0,1,0.762,0.816,1,1.36,3
ADAUSDT,14841,14854,1719540000,1719552600,LONG,SL,0.3931,0.39619084,0.40855422,0.38794859,-0.5425547325877773,-0.6230370968822128,0.08048236429443553,16,4.01,70.03,0.4146341463414687,0.006269409270113389,1.531695052696425,base,adaptive disabled,1.0,90.5,90,100,90,80,OFF_HOURS,bullish,bullish,FVG,BOS bullish | Vol 4.0x | FVG | LiqSweep | ChoCH | StrongTrend1h | Zone:FVG | MTF 16,BOS+2 | BodyStrong+1 | 1h+2 | 4h+2 | Vol+2 | BTC+2 | FVG+1 | LiqSweep+1 | ChoCH+1 | Zone:FVG+1 | Sess:OFF_HOURS | Strong1h+1,0,1,0.475,bear,1.0483,0.55,0.0,0.2351,2.076,1.0,0.3799,0.52734375,14839,0,1,2.136,0.827,1,1.722,0
ETHUSDT,14841,14890,1719540000,1719585000,LONG,SL,3469.09,3495.61401167,3601.71005835,3424.88331388,-0.6327167891317144,-0.7154826822693064,0.08276589313759203,16,2.38,61.83,0.3243679397525632,0.0064233239853093175,2.856177597719382,base,adaptive disabled,1.0,88.1,90,88,90,80,OFF_HOURS,bullish,bullish,FVG,BOS bullish | Vol 2.4x | FVG | MACD_Div | ChoCH | StrongTrend1h | Zone:FVG | MTF 16,BOS+2 | BodyStrong+1 | 1h+2 | 4h+2 | Vol+2 | RSI+1 | BTCok+1 | FVG+1 | MACD_Div+1 | ChoCH+1 | Zone:FVG+1 | Sess:OFF_HOURS | Strong1h+1,0,1,0.55,bear,1.2828,0.5093,10.0,0.1411,1.649,1.0,0.4699,0.52734375,14841,1,3,1.476,0.6,1,1.673,0
LINKUSDT,14842,14861,1719540900,1719558900,LONG,SL,14.395,14.50988516,14.96942582,14.20352473,-1.1261245381714342,-1.267085953188632,0.14096141501719794,15,1.49,61.41,0.22565320665083224,0.00589923888102787,1.315155715628977,base,adaptive disabled,1.0,75.9,90,87,50,80,OFF_HOURS,bullish,bullish,FVG,BOS bullish | Vol 1.5x | FVG | ChoCH | StrongTrend1h | Zone:FVG | MTF 15,BOS+2 | 1h+2 | 4h+2 | Vol+1 | RSI+1 | BTCok+1 | FVG+1 | ChoCH+1 | Zone:FVG+1 | Sess:OFF_HOURS | Strong1h+1 | NestedOB_1h+2,0,0,0.475,range,1.2586,0.4091,1.532,0.0231,1.099,-1.0,-0.0612,0.9375,14841,2,1,0.382,1.466,1,0.809,0
AAVEUSDT,14844,14858,1719542700,1719556200,LONG,TRAIL,93.37,94.65399854,99.78999272,91.23000243,0.6438792528215879,0.578432916824113,0.06544633599747482,15,1.52,53.42,0.2447129909365564,0.008641796927586499,1.402851701246373,base,adaptive disabled,1.15,85.3,90,89,80,80,OFF_HOURS,bullish,bullish,OB,BOS bullish | Vol 1.5x | FVG | OB | ChoCH | StrongTrend1h | Zone:OB | MTF 15 | Risk x1.15,BOS+2 | BodyStrong+1 | 1h+2 | 4h+2 | Vol+1 | RSI+1 | BTCok+1 | FVG+1 | OB+1 | ChoCH+1 | Zone:OB+1 | Sess:OFF_HOURS | Strong1h+1 | QualityRisk:1.15,0,0,0.575,range,0.1168,1.5576,0.862,-0.0392,1.084,1.0,0.2401,0.75,14844,8,2,0.844,1.547,1,0.953,0
AVAXUSDT,14866,14873,1719562500,1719569700,LONG,TRAIL,27.97,28.378,28.97692,27.63436,1.8279792683193363,1.5779792683193348,0.25000000000000155,15,3.58,61.16,0.2827380952380999,0.005916329054794323,1.3156319348164456,base,adaptive disabled,1.0,89.1,90,93,90,80,LONDON,bullish,bullish,FVG,BOS bullish | Vol 3.6x | FVG | ChoCH | Session:LONDON | StrongTrend1h | Zone:FVG | MTF 15,BOS+2 | BodyStrong+1 | 1h+2 | 4h+2 | Vol+2 | RSI+1 | BTCok+1 | FVG+1 | ChoCH+1 | Zone:FVG+1 | Sess:LONDON | Strong1h+1,0,0,0.375,range,0.5333,1.2255,1.712,0.0681,4.156,1.0,0.2078,1.5,14861,35,4,0.821,0.956,1,1.602,0
BTCUSDT,14866,14892,1719562500,1719586800,SHORT,TRAIL,61425.7,60983.43496,59214.3748,62162.8084,0.8607011247433487,0.6966386247433497,0.16406249999999897,15,4.48,35.45,0.4100787401574779,0.0024229740918306256,1.2859105421158237,base,adaptive disabled,1.0,80.0,60,100,90,80,LONDON,neutral,bearish,FVG,BOS bearish | Vol 4.5x | FVG | ChoCH | Engulfing | Session:LONDON | Zone:FVG | MTF 15,BOS+2 | BodyStrong+1 | 1hN+1 | 4h+2 | Vol+2 | RSI+1 | BTC+2 | FVG+1 | ChoCH+1 | Engulfing+1 | Zone:FVG+1 | Sess:LONDON,0,0,0.5,bear,0.6163,1.2547,2.228,-0.0043,3.256,1.0,-0.4063,0.984375,14864,0,1,0.979,1.303,1,0.739,0
DOTUSDT,14872,14878,1719567900,1719574200,LONG,TRAIL,6.311,6.369756,6.60478001,6.21307333,0.630194032578283,0.5486293334518854,0.08156469912639762,16,2.12,65.89,0.5572519083969486,0.004488532638907487,1.3448498744978516,base,adaptive disabled,1.0,90.5,90,100,90,80,LONDON,bullish,bullish,FVG,BOS bullish | Vol 2.1x | FVG | ChoCH | Session:LONDON | StrongTrend1h | Zone:FVG | MTF 16,BOS+2 | BodyStrong+1 | 1h+2 | 4h+2 | Vol+2 | RSI+1 | BTC+2 | FVG+1 | ChoCH+1 | Zone:FVG+1 | Sess:LONDON | Strong1h+1,0,0,0.425,bull,0.0408,1.1743,10.0,0.3335,2.206,1.0,0.3975,0.6328125,14872,0,4,1.63,2.048,1,1.045,3
AAVEUSDT,14879,14889,1719574200,1719584100,LONG,TRAIL,95.74,96.82519982,101.16599908,93.93133364,0.7804277074998895,0.6480926316155782,0.13233507588431145,16,3.61,69.31,0.40444444444444805,0.007074449349886778,1.2089590807210349,base,adaptive disabled,1.25,84.5,90,100,70,80,OVERLAP,bullish,bullish,FVG,BOS bullish | Vol 3.6x | FVG | LiqSweep | ChoCH | Engulfing | Session:OVERLAP | StrongTrend1h | Zone:FVG | MTF 16 | Risk x1.25,BOS+2 | 1h+2 | 4h+2 | Vol+2 | BTC+2 | FVG+1 | LiqSweep+1 | ChoCH+1 | Engulfing+1 | Zone:FVG+1 | Sess:OVERLAP | Strong1h+1 | QualityRisk:1.15 | RelStrengthRisk:1.25,0,0,0.475,range,0.1548,1.1611,0.0,0.1262,3.091,1.0,0.2401,1.25,14879,0,1,0.557,0.91,1,0.631,2
SOLUSDT,14882,14883,1719576900,1719578700,LONG,TRAIL,145.59,146.9023369,152.1516845,143.40277183,0.0,-0.2293327480667006,0.2293327480667006,17,1.77,61.52,0.2852664576802474,0.0060158104820681735,1.1486240250704272,base,adaptive disabled,1.15,72.8,60,94,70,80,OVERLAP,neutral,bullish,FVG,BOS bullish | Vol 1.8x | FVG | LiqSweep | ChoCH | Engulfing | BullWick | Session:OVERLAP | Zone:FVG | MTF 17 | Risk x1.15,BOS+2 | BodyStrong+1 | 1hN+1 | 4h+2 | Vol+1 | RSI+1 | BTCok+1 | FVG+1 | LiqSweep+1 | ChoCH+1 | Engulfing+1 | BullWick+1 | Zone:FVG+1 | Sess:OVERLAP | NestedOB_1h+2 | QualityRisk:1.15,0,0,0.525,bull,0.3612,1.0135,0.636,0.5043,1.146,1.0,0.3118,1.72265625,14882,3,1,0.834,5.868,0,2.998,2
AVAXUSDT,14883,14984,1719577800,1719669600,LONG,SL,28.758,29.361918,31.77759,27.75147,-1.2642444835226008,-1.3356730549511722,0.07142857142857158,15,4.96,64.32,0.34188034188034216,0.00963705209095921,1.7982612398476179,base,adaptive disabled,1.15,90.5,90,100,90,80,OVERLAP,bullish,bullish,FVG,BOS bullish | Vol 5.0x | FVG | ChoCH | Session:OVERLAP | StrongTrend1h | Zone:FVG | MTF 15 | Risk x1.15,BOS+2 | BodyStrong+1 | 1h+2 | 4h+2 | Vol+2 | RSI+1 | BTCok+1 | FVG+1 | ChoCH+1 | Zone:FVG+1 | Sess:OVERLAP | Strong1h+1 | RelStrengthRisk:1.15,0,0,0.575,range,1.0442,0.5895,1.493,0.1316,2.773,1.0,0.094,1.25,14883,1,2,0.597,-1.0,0,0.823,0
ETHUSDT,14883,14892,1719577800,1719586800,LONG,SL,3454.52,3481.29628755,3588.40143776,3409.89285408,-0.7745846006367227,-0.8906973363534318,0.11611273571670919,17,5.85,53.74,0.24014195583595987,0.005315079750106062,2.2583147018329415,base,adaptive disabled,1.15,86.1,90,78,90,80,OVERLAP,bullish,bullish,FVG,BOS bullish | Vol 5.8x | FVG | LiqSweep | ChoCH | BullWick | Session:OVERLAP | StrongTrend1h | Zone:FVG | MTF 17 | Risk x1.15,BOS+2 | BodyStrong+1 | 1h+2 | 4h+2 | Vol+2 | RSI+1 | BTCok+1 | FVG+1 | LiqSweep+1 | ChoCH+1 | BullWick+1 | Zone:FVG+1 | Sess:OVERLAP | Strong1h+1 | QualityRisk:1.15,0,1,0.55,bear,1.1397,0.8097,3.068,0.1389,1.809,-1.0,-0.3422,0.75,14883,4,1,1.226,1.405,1,1.64,0
DOTUSDT,14888,14916,1719582300,1719608400,LONG,SL,6.376,6.46083197,6.80015984,6.23461339,-1.113966874232288,-1.1985222645906815,0.0845553903583936,17,2.71,55.99,0.1226415094339625,0.010009324421441031,2.5207482623358004,base,adaptive disabled,1.15,83.3,90,64,90,80,NEW_YORK,bullish,bullish,FVG,BOS bullish | Vol 2.7x | FVG | ChoCH | Engulfing | BullWick | Session:NEW_YORK | StrongTrend1h | Zone:FVG | MTF 17 | Risk x1.15,BOS+2 | BodyStrong+1 | 1h+2 | 4h+2 | Vol+2 | RSI+1 | BTCok+1 | FVG+1 | ChoCH+1 | Engulfing+1 | BullWick+1 | Zone:FVG+1 | Sess:NEW_YORK | Strong1h+1 | QualityRisk:1.15,0,0,0.525,bull,1.457,0.6955,0.0,0.226,1.334,1.0,0.0871,0.9375,14888,10,1,0.907,0.082,1,1.841,0
BTCUSDT,14895,14911,1719588600,1719603900,SHORT,TRAIL,61174.8,60609.58660459,58348.73302296,62116.82232568,0.2791723903445808,0.24264371786841554,0.03652867247616526,16,1.84,32.38,0.4894384047766595,0.005283280325983713,2.416885504383531,base,adaptive disabled,1.15,79.0,80,90,70,80,NEW_YORK,bearish,bearish,FVG,BOS bearish | Vol 1.8x | FVG | LiqSweep | ChoCH | Engulfing | Session:NEW_YORK | Zone:FVG | MTF 16 | Risk x1.15,BOS+2 | BodyStrong+1 | 1h+2 | 4h+2 | Vol+1 | RSI+1 | BTC+2 | FVG+1 | LiqSweep+1 | ChoCH+1 | Engulfing+1 | Zone:FVG+1 | Sess:NEW_YORK | TrendPairRisk:1.15,0,0,0.55,range,0.0232,1.7247,0.0,-0.1389,1.436,1.0,-0.3268,0.28125,14891,0,1,1.503,0.569,1,1.156,1
XLMUSDT,15023,15035,1719703800,1719715500,SHORT,TRAIL,0.0902,0.08955056,0.0869528,0.0912824,0.7233919152141642,0.5358919152141638,0.1875000000000005,14,1.46,32.38,0.4999999999999942,0.0025893067969313312,1.1781345938983754,base,adaptive disabled,1.15,75.8,65,100,70,80,DEAD_ZONE,bearish,neutral,FVG,BOS bearish | Vol 1.5x | FVG | ChoCH | StrongTrend1h | Zone:FVG | MTF 14 | Risk x1.15,BOS+2 | BodyStrong+1 | 1h+2 | 4hN+1 | Vol+1 | RSI+1 | BTC+2 | FVG+1 | ChoCH+1 | Zone:FVG+1 | Sess:DEAD_ZONE | Strong1h+1 | QualityRisk:1.15,0,0,0.6,range,0.2772,1.2318,0.0,0.2063,1.459,1.0,-0.3529,1.125,15020,1,1,1.0,2.5,1,1.5,8
XRPUSDT,15037,15114,1719716400,1719786600,SHORT,SL,0.4717,0.46830376,0.4547188,0.4773604,-0.8082467670129299,-0.9332467670129296,0.12499999999999978,13,1.82,30.95,0.38095238095237527,0.002050300709043843,1.6200792772712218,base,adaptive disabled,1.15,78.5,90,100,50,80,OFF_HOURS,bearish,bearish,FVG,BOS bearish | Vol 1.8x | FVG | ChoCH | StrongTrend1h | Zone:FVG | MTF 13 | Risk x1.15,BOS+2 | 1h+2 | 4h+2 | Vol+1 | BTC+2 | FVG+1 | ChoCH+1 | Zone:FVG+1 | Sess:OFF_HOURS | Strong1h+1 | TrendPairRisk:1.15,0,0,0.525,bear,1.1483,0.3533,2.0,-0.0203,1.505,1.0,-0.3763,0.75,15035,0,1,0.941,1.21,1,1.21,0
AAVEUSDT,15054,15057,1719731700,1719735300,LONG,TRAIL,95.27,96.06089736,99.22448681,93.95183773,1.247732815579415,0.9947707883777114,0.2529620272017037,16,1.97,51.18,0.15102040816326612,0.0087173162395914,1.8565946408962362,base,adaptive disabled,1.15,67.6,60,68,70,80,LONDON,neutral,bullish,FVG,BOS bullish | Vol 2.0x | FVG | LiqSweep | ChoCH | Engulfing | Discount | Session:LONDON | Zone:FVG | MTF 16 | Risk x1.15,BOS+2 | BodyStrong+1 | 1hN+1 | 4h+2 | Vol+1 | RSI+1 | BTC+2 | FVG+1 | LiqSweep+1 | ChoCH+1 | Engulfing+1 | Discount+1 | Zone:FVG+1 | Sess:LONDON | QualityRisk:1.15,0,0,0.425,bull,0.0683,1.1127,0.0,-0.0846,1.337,-1.0,-0.0134,1.75,15054,1,1,0.276,0.453,1,1.633,0
SOLUSDT,15088,15101,1719762300,1719774900,LONG,TRAIL,143.3,145.48163782,154.20818909,139.66393697,0.23976364298374545,0.20651081595560675,0.033252827028138705,14,2.19,69.9,0.3904761904761883,0.005374213353349355,1.2369500898537213,base,adaptive disabled,1.25,87.0,80,100,90,80,NEW_YORK,bullish,bullish,FVG,BOS bullish | Vol 2.2x | FVG | ChoCH | Session:NEW_YORK | Zone:FVG | MTF 14 | Risk x1.25,BOS+2 | BodyStrong+1 | 1h+2 | 4h+2 | Vol+2 | BTC+2 | FVG+1 | ChoCH+1 | Zone:FVG+1 | Sess:NEW_YORK | QualityRisk:1.15 | RelStrengthRisk:1.25,0,0,0.45,range,0.1595,1.2101,1.302,0.1757,2.117,1.0,0.3611,0.421875,15088,0,3,1.879,4.674,0,1.065,2
DOTUSDT,15101,15116,1719774000,1719788400,LONG,TRAIL,6.181,6.24836393,6.51781967,6.06872678,0.30819394177440507,0.24625909212815797,0.061934849646247105,13,1.88,60.72,0.4532374100719432,0.0063571151487646265,1.6987317263018973,base,adaptive disabled,1.0,81.0,80,100,70,80,DEAD_ZONE,bullish,bullish,FVG,BOS bullish | Vol 1.9x | FVG | ChoCH | Zone:FVG | MTF 13,BOS+2 | BodyStrong+1 | 1h+2 | 4h+2 | Vol+1 | RSI+1 | BTCok+1 | FVG+1 | ChoCH+1 | Zone:FVG+1 | Sess:DEAD_ZONE,0,0,0.475,bull,0.285,1.1876,0.0,0.1222,1.523,1.0,0.2973,0.5625,15101,0,1,0.742,0.824,1,0.742,0
BTCUSDT,15109,15115,1719781200,1719787500,LONG,TRAIL,61876.8,62322.31296,64104.3648,61134.2784,0.5534499203328598,0.4909499203328598,0.0625,15,2.95,63.6,0.39429005027032316,0.0033989318850709536,1.8265271390737556,base,adaptive disabled,1.0,88.5,90,90,90,80,DEAD_ZONE,bullish,bullish,FVG,BOS bullish | Vol 3.0x | FVG | ChoCH | StrongTrend1h | Zone:FVG | MTF 15,BOS+2 | BodyStrong+1 | 1h+2 | 4h+2 | Vol+2 | RSI+1 | BTCok+1 | FVG+1 | ChoCH+1 | Zone:FVG+1 | Sess:DEAD_ZONE | Strong1h+1,0,0,0.45,bull,0.0766,2.4426,0.0,0.0095,1.553,1.0,0.1636,0.375,15107,6,1,0.045,0.66,1,0.856,0
AAVEUSDT,15115,15121,1719786600,1719792900,LONG,TRAIL,96.34,97.46497741,101.96488705,94.46503765,0.9704826461599237,0.8018842607043442,0.1685983854555796,19,3.25,56.17,0.2918660287081332,0.010151759441905682,2.311942358617357,base,adaptive disabled,1.15,80.0,60,85,100,80,DEAD_ZONE,neutral,bullish,OB,BOS bullish | Vol 3.2x | FVG | OB | ChoCH | Engulfing | BullWick | Zone:OB | MTF 19 | Risk x1.15,BOS+2 | BodyStrong+1 | 1hN+1 | 4h+2 | Vol+2 | RSI+1 | BTC+2 | FVG+1 | OB+1 | ChoCH+1 | Engulfing+1 | BullWick+1 | Zone:OB+1 | Sess:DEAD_ZONE | NestedOB_1h+2 | QualityRisk:1.15,0,1,0.425,bear,0.0853,1.0845,0.0,-0.0851,2.013,-1.0,-0.1491,1.640625,15115,24,2,1.211,0.624,1,0.789,0
DOTUSDT,15115,15128,1719786600,1719799200,LONG,TRAIL,6.239,6.32744993,6.68124966,6.09158345,0.3129482525817611,0.2494648784287233,0.06348337415303779,15,2.14,67.76,0.30487804878048563,0.005561121562118229,1.6447679058510756,base,adaptive disabled,1.0,83.7,90,96,70,80,DEAD_ZONE,bullish,bullish,FVG,BOS bullish | Vol 2.1x | FVG | ChoCH | StrongTrend1h | Zone:FVG | MTF 15,BOS+2 | 1h+2 | 4h+2 | Vol+2 | RSI+1 | BTC+2 | FVG+1 | ChoCH+1 | Zone:FVG+1 | Sess:DEAD_ZONE | Strong1h+1,0,0,0.425,bull,0.312,1.1532,0.893,0.0067,2.374,1.0,0.0426,0.75,15115,0,1,0.942,2.498,1,0.819,0
ETHUSDT,15115,15126,1719786600,1719797400,LONG,TRAIL,3447.66,3477.38318768,3596.27593839,3398.12135387,1.583117055152854,1.3873801001187134,0.1957369550341405,15,2.2,67.63,0.2590317031211629,0.006276464813412853,3.42834680771087,base,adaptive disabled,1.0,76.0,65,71,90,80,DEAD_ZONE,bullish,neutral,FVG,BOS bullish | Vol 2.2x | FVG | ChoCH | StrongTrend1h | Zone:FVG | MTF 15,BOS+2 | BodyStrong+1 | 1h+2 | 4hN+1 | Vol+2 | RSI+1 | BTC+2 | FVG+1 | ChoCH+1 | Zone:FVG+1 | Sess:DEAD_ZONE | Strong1h+1,0,0,0.35,bull,0.3145,1.4874,1.198,0.1581,1.757,1.0,0.1936,1.40625,15115,0,1,1.449,1.819,1,0.851,0
SOLUSDT,15116,15126,1719787500,1719797400,LONG,TRAIL,146.64,148.92422631,158.06113156,142.83295615,0.28161509666964546,0.24099056459339935,0.04062453207624613,15,2.38,70.45,0.2716535433070866,0.01001133248812377,2.27606849567457,base,adaptive disabled,1.15,80.9,90,82,70,80,DEAD_ZONE,bullish,bullish,FVG,BOS bullish | Vol 2.4x | FVG | ChoCH | BullWick | StrongTrend1h | Zone:FVG | MTF 15 | Risk x1.15,BOS+2 | 1h+2 | 4h+2 | Vol+2 | BTC+2 | FVG+1 | ChoCH+1 | BullWick+1 | Zone:FVG+1 | Sess:DEAD_ZONE | Strong1h+1 | QualityRisk:1.15,0,0,0.425,range,0.1629,1.1164,0.836,0.1338,3.473,1.0,0.0102,0.52734375,15116,1,2,1.334,4.581,0,0.826,0
DOTUSDT,15127,15170,1719797400,1719837000,LONG,TRAIL,6.29,6.3913619,6.79680948,6.12106351,0.2383397799000641,0.20692449774284635,0.03141528215721776,17,2.17,71.34,0.45641025641025956,0.0073679687353133795,2.078771906401202,base,adaptive disabled,1.0,88.5,90,90,90,80,OFF_HOURS,bullish,bullish,FVG,BOS bullish | Vol 2.2x | FVG | ChoCH | Engulfing | BullWick | StrongTrend1h | Zone:FVG | MTF 17,BOS+2 | BodyStrong+1 | 1h+2 | 4h+2 | Vol+2 | BTC+2 | FVG+1 | ChoCH+1 | Engulfing+1 | BullWick+1 | Zone:FVG+1 | Sess:OFF_HOURS | Strong1h+1,0,0,0.4,bull,0.1717,1.0162,4.944,0.2112,2.017,1.0,0.116,0.421875,15126,0,1,2.04,2.184,1,0.644,0
XLMUSDT,15129,15259,1719799200,1719917100,LONG,TRAIL,0.0924,0.09400587,0.10042937,0.08972354,0.5020240547392103,0.4437661319606146,0.05825792277859578,13,4.07,70.77,0.43999999999999556,0.004327447703047767,1.3126591380336006,base,adaptive disabled,1.0,81.8,65,100,90,80,OFF_HOURS,bullish,neutral,FVG,BOS bullish | Vol 4.1x | FVG | ChoCH | StrongTrend1h | Zone:FVG | MTF 13,BOS+2 | BodyStrong+1 | 1h+2 | 4hN+1 | Vol+2 | BTCok+1 | FVG+1 | ChoCH+1 | Zone:FVG+1 | Sess:OFF_HOURS | Strong1h+1,0,0,0.6,range,0.4857,1.1832,1.1,0.0019,3.829,1.0,0.1378,0.84375,15129,1,4,2.391,0.531,1,0.797,0
BTCUSDT,15130,15320,1719800100,1719972000,LONG,SL,63403.3,64495.75912936,68865.59564682,61582.53478439,-0.21448657089440457,-0.22917724433114348,0.01469067343673889,13,2.2,70.48,0.3975789223831006,0.004047278674776637,1.7802429789381033,base,adaptive disabled,1.0,84.5,90,100,70,80,OFF_HOURS,bullish,bullish,FVG,BOS bullish | Vol 2.2x | FVG | ChoCH | StrongTrend1h | Zone:FVG | MTF 13,BOS+2 | 1h+2 | 4h+2 | Vol+2 | BTCok+1 | FVG+1 | ChoCH+1 | Zone:FVG+1 | Sess:OFF_HOURS | Strong1h+1,0,0,0.525,bull,1.1727,0.4235,0.701,0.2932,1.453,1.0,0.2703,0.2109375,15129,3,4,1.833,-1.0,0,1.025,1
AAVEUSDT,15137,15251,1719806400,1719909900,LONG,SL,99.31,101.39551,109.73755,95.83415,-0.576118071838542,-0.608260928981399,0.03214285714285707,13,1.51,70.23,0.4999999999999974,0.007191729731162895,1.2717375407953224,base,adaptive disabled,1.15,78.5,90,100,50,80,OFF_HOURS,bullish,bullish,FVG,BOS bullish | Vol 1.5x | FVG | ChoCH | BullWick | StrongTrend1h | Zone:FVG | MTF 13 | Risk x1.15,BOS+2 | 1h+2 | 4h+2 | Vol+1 | BTCok+1 | FVG+1 | ChoCH+1 | BullWick+1 | Zone:FVG+1 | Sess:OFF_HOURS | Strong1h+1 | QualityRisk:1.15,0,0,0.325,bull,1.0645,0.374,0.913,0.1971,1.554,1.0,0.2793,0.5625,15137,3,5,1.246,-1.0,0,1.549,0
DOTUSDT,15145,15161,1719813600,1719828900,LONG,TRAIL,6.306,6.37368136,6.6444068,6.19319773,0.3667344149419972,0.3038433933340103,0.0628910216079869,14,2.47,67.87,0.7611940298507435,0.004491981722642104,1.3441720545491005,base,adaptive disabled,1.0,84.5,90,100,70,80,OFF_HOURS,bullish,bullish,FVG,BOS bullish | Vol 2.5x | FVG | ChoCH | StrongTrend1h | Zone:FVG | MTF 14,BOS+2 | 1h+2 | 4h+2 | Vol+2 | RSI+1 | BTCok+1 | FVG+1 | ChoCH+1 | Zone:FVG+1 | Sess:OFF_HOURS | Strong1h+1,0,1,0.325,bear,0.2216,1.2559,0.0,-0.0683,1.612,1.0,0.0605,0.5625,15145,0,1,0.746,1.009,1,1.14,3
XRPUSDT,15151,15166,1719819000,1719833400,LONG,TRAIL,0.4796,0.48305312,0.4968656,0.4738448,0.9324308495870453,0.682430849587046,0.24999999999999933,15,3.98,66.88,0.34482758620689524,0.004377584891600826,2.6079461997184965,base,adaptive disabled,1.0,82.5,90,90,70,80,LONDON,bullish,bullish,FVG,BOS bullish | Vol 4.0x | FVG | LiqSweep | ChoCH | Session:LONDON | StrongTrend1h | Zone:FVG | MTF 15,BOS+2 | 1h+2 | 4h+2 | Vol+2 | RSI+1 | BTCok+1 | FVG+1 | LiqSweep+1 | ChoCH+1 | Zone:FVG+1 | Sess:LONDON | Strong1h+1,0,0,0.375,range,0.2085,1.5638,3.0,-0.0469,1.86,1.0,0.3448,1.5,15151,0,1,1.069,0.624,1,1.515,2
BTCUSDT,15194,15274,1719857700,1719930600,LONG,SL,63500.0,64220.96510794,67104.82553972,62298.39148676,-0.37431076348421793,-0.40403654322564847,0.02972577974143057,14,2.08,63.75,0.3580862658169374,0.004087087696098206,1.7914477059885139,base,adaptive disabled,1.0,84.5,90,100,70,80,OFF_HOURS,bullish,bullish,FVG,BOS bullish | Vol 2.1x | FVG | ChoCH | StrongTrend1h | Zone:FVG | MTF 14,BOS+2 | 1h+2 | 4h+2 | Vol+2 | RSI+1 | BTCok+1 | FVG+1 | ChoCH+1 | Zone:FVG+1 | Sess:OFF_HOURS | Strong1h+1,0,0,0.45,bull,1.3409,0.3051,2.224,0.0863,1.062,-1.0,-0.1417,0.28125,15194,2,3,0.811,1.484,1,0.638,0
XLMUSDT,15194,15198,1719857700,1719862200,LONG,TRAIL,0.092,0.09277573,0.09587867,0.09070711,0.301131563303783,0.22107834918657304,0.08005321411720998,18,2.48,62.23,0.29999999999999444,0.004712162477396145,1.0861534522178586,base,adaptive disabled,1.15,89.5,90,95,90,80,OFF_HOURS,bullish,bullish,FVG,BOS bullish | Vol 2.5x | FVG | LiqSweep | ChoCH | Engulfing | StrongTrend1h | Zone:FVG | MTF 18 | Risk x1.15,BOS+2 | BodyStrong+1 | 1h+2 | 4h+2 | Vol+2 | RSI+1 | BTC+2 | FVG+1 | LiqSweep+1 | ChoCH+1 | Engulfing+1 | Zone:FVG+1 | Sess:OFF_HOURS | Strong1h+1 | QualityRisk:1.15,0,0,0.45,range,0.0773,1.0313,0.0,0.0177,1.952,-1.0,-0.084,0.5625,15191,21,1,1.273,0.509,1,0.764,0
DOTUSDT,15206,15234,1719868500,1719894600,LONG,TRAIL,6.41,6.48598285,6.78991423,6.28336192,0.3790946737566386,0.32215090139369695,0.056943772362941604,14,1.92,59.2,0.365853658536593,0.005556658061681174,1.1423413492790369,base,adaptive disabled,1.15,84.5,90,100,70,80,DEAD_ZONE,bullish,bullish,FVG,BOS bullish | Vol 1.9x | FVG | ChoCH | StrongTrend1h | Zone:FVG | MTF 14 | Risk x1.15,BOS+2 | BodyStrong+1 | 1h+2 | 4h+2 | Vol+1 | RSI+1 | BTCok+1 | FVG+1 | ChoCH+1 | Zone:FVG+1 | Sess:DEAD_ZONE | Strong1h+1 | QualityRisk:1.15,0,0,0.35,bull,0.687,1.1845,0.0,-0.0022,1.649,1.0,0.2039,0.5625,15205,0,1,0.153,0.858,1,0.95,1
LINKUSDT,15206,15218,1719868500,1719880200,LONG,SL,14.467,14.5711624,14.987812,14.293396,-1.0044411419091666,-1.160691141909166,0.15624999999999914,14,1.38,58.21,0.23846153846154478,0.003170516386620545,0.7077187046809081,base,adaptive disabled,1.15,74.1,90,78,50,80,DEAD_ZONE,bullish,bullish,FVG,BOS bullish | Vol 1.4x | FVG | ChoCH | StrongTrend1h | Zone:FVG | MTF 14 | Risk x1.15,BOS+2 | 1h+2 | 4h+2 | Vol+1 | RSI+1 | BTC+2 | FVG+1 | ChoCH+1 | Zone:FVG+1 | Sess:DEAD_ZONE | Strong1h+1 | QualityRisk:1.15,0,0,0.6,range,1.1232,0.0384,0.984,0.0455,1.797,1.0,0.1078,0.9375,15204,12,1,0.098,0.782,1,0.359,0
SOLUSDT,15226,15232,1719886500,1719892800,LONG,TRAIL,147.96,149.52301415,155.77507073,145.35497642,0.33833896611137926,0.2744412719492403,0.06389769416213899,15,1.49,60.39,0.5607843137254854,0.004479035056119619,1.053213100339703,base,adaptive disabled,1.25,78.5,90,100,50,80,OFF_HOURS,bullish,bullish,FVG,BOS bullish | Vol 1.5x | FVG | ChoCH | Engulfing | StrongTrend1h | Zone:FVG | MTF 15 | Risk x1.25,BOS+2 | 1h+2 | 4h+2 | Vol+1 | RSI+1 | BTC+2 | FVG+1 | ChoCH+1 | Engulfing+1 | Zone:FVG+1 | Sess:OFF_HOURS | Strong1h+1 | QualityRisk:1.15 | RelStrengthRisk:1.25,0,0,0.4,range,0.0768,1.3436,0.0,-0.0172,1.55,-1.0,-0.1261,0.5625,15226,0,1,0.214,1.45,1,0.702,0
DOTUSDT,15241,15306,1719900000,1719959400,LONG,TRAIL,6.477,6.58684323,7.02621614,6.29392795,0.4695585664003878,0.41980612603606143,0.049752440364326314,16,2.64,61.18,0.25179856115107735,0.00774250861480504,1.5987031498110258,base,adaptive disabled,1.15,88.5,90,90,90,80,OFF_HOURS,bullish,bullish,FVG,BOS bullish | Vol 2.6x | FVG | ChoCH | BullWick | StrongTrend1h | Zone:FVG | MTF 16 | Risk x1.15,BOS+2 | BodyStrong+1 | 1h+2 | 4h+2 | Vol+2 | RSI+1 | BTCok+1 | FVG+1 | ChoCH+1 | BullWick+1 | Zone:FVG+1 | Sess:OFF_HOURS | Strong1h+1 | RelStrengthRisk:1.15,0,0,0.525,range,0.8849,1.1744,0.824,0.1621,1.88,1.0,0.1243,0.703125,15239,0,1,0.378,-1.0,0,0.62,2
XLMUSDT,15258,15324,1719915300,1719975600,LONG,SL,0.0936,0.09446878,0.09794389,0.09215204,-1.2431282632116898,-1.3724136025857059,0.129285339374016,13,1.62,71.24,0.6190476190476115,0.006044651186971219,1.8778716374339754,base,adaptive disabled,1.0,76.5,90,90,50,80,LONDON,bullish,bullish,FVG,BOS bullish | Vol 1.6x | FVG | ChoCH | Session:LONDON | StrongTrend1h | Zone:FVG | MTF 13,BOS+2 | 1h+2 | 4h+2 | Vol+1 | BTC+2 | FVG+1 | ChoCH+1 | Zone:FVG+1 | Sess:LONDON | Strong1h+1,0,0,0.475,bull,1.3122,0.8057,0.0,0.1767,0.807,1.0,0.4818,1.0,15258,0,1,1.15,-1.0,0,1.15,3
SOLUSDT,15268,15291,1719924300,1719945900,LONG,TRAIL,150.43,152.97229598,163.1414799,146.19284003,0.44170921413603603,0.38845538336315627,0.053253830772879776,15,2.53,64.99,0.44978165938864834,0.007751612034113186,1.7877155253685233,base,adaptive disabled,1.15,84.5,90,100,70,80,OVERLAP,bullish,bullish,FVG,BOS bullish | Vol 2.5x | FVG | ChoCH | Session:OVERLAP | StrongTrend1h | Zone:FVG | MTF 15 | Risk x1.15,BOS+2 | 1h+2 | 4h+2 | Vol+2 | RSI+1 | BTC+2 | FVG+1 | ChoCH+1 | Zone:FVG+1 | Sess:OVERLAP | Strong1h+1 | QualityRisk:1.15,0,0,0.575,bull,0.767,1.3059,2.0,0.0437,1.56,1.0,0.3591,0.75,15268,0,1,0.385,0.894,1,0.756,0
DOTUSDT,15293,15346,1719946800,1719995400,LONG,SL,6.491,6.62086208,7.14031042,6.27456319,-0.4385662263272136,-0.4638705229946798,0.0253042966674662,16,2.11,69.31,0.7628865979381464,0.009160765782635976,1.8912548712834487,base,adaptive disabled,1.0,88.5,90,90,90,80,OFF_HOURS,bullish,bullish,FVG,BOS bullish | Vol 2.1x | FVG | ChoCH | Engulfing | StrongTrend1h | Zone:FVG | MTF 16,BOS+2 | BodyStrong+1 | 1h+2 | 4h+2 | Vol+2 | BTC+2 | FVG+1 | ChoCH+1 | Engulfing+1 | Zone:FVG+1 | Sess:OFF_HOURS | Strong1h+1,0,1,0.55,bear,1.1135,0.8856,0.0,0.2986,2.033,1.0,0.1827,0.421875,15291,0,1,2.127,0.445,1,0.989,0
XRPUSDT,15305,15362,1719957600,1720009800,LONG,SL,0.4845,0.4879884,0.501942,0.478686,-0.5297020123839002,-0.6000145123839004,0.07031250000000017,16,1.66,64.4,0.7419354838709908,0.001855799244694388,0.8233000287240452,base,adaptive disabled,1.15,84.5,90,100,70,80,DEAD_ZONE,bullish,bullish,FVG,BOS bullish | Vol 1.7x | FVG | ChoCH | Engulfing | StrongTrend1h | Zone:FVG | MTF 16 | Risk x1.15,BOS+2 | BodyStrong+1 | 1h+2 | 4h+2 | Vol+1 | RSI+1 | BTC+2 | FVG+1 | ChoCH+1 | Engulfing+1 | Zone:FVG+1 | Sess:DEAD_ZONE | Strong1h+1 | QualityRisk:1.15,0,0,0.45,range,1.3588,0.688,1.438,0.3006,1.171,1.0,0.2638,0.421875,15305,1,5,1.631,4.022,0,1.087,1
ADAUSDT,15316,15324,1719967500,1719975600,LONG,SL,0.4204,0.42342688,0.4355344,0.4153552,-0.4933917102759275,-0.5637042102759272,0.07031249999999979,14,2.83,69.55,0.3939393939393929,0.005226515421539498,1.4568040655122092,base,adaptive disabled,1.15,90.5,90,100,90,80,OFF_HOURS,bullish,bullish,FVG,BOS bullish | Vol 2.8x | FVG | ChoCH | StrongTrend1h | Zone:FVG | MTF 14 | Risk x1.15,BOS+2 | BodyStrong+1 | 1h+2 | 4h+2 | Vol+2 | BTCok+1 | FVG+1 | ChoCH+1 | Zone:FVG+1 | Sess:OFF_HOURS | Strong1h+1 | RelStrengthRisk:1.15,0,0,0.475,range,1.229,0.7929,1.238,-0.0185,1.278,1.0,0.279,0.421875,15315,0,1,1.574,-1.0,0,1.717,5
ETHUSDT,15364,15391,1720010700,1720035900,SHORT,TRAIL,3301.79,3259.40700712,3089.87503558,3372.42832147,0.5838220372489009,0.42022436449123296,0.16359767275766796,14,1.91,28.07,0.27948631294356,0.00539607429914319,1.71702572722509,base,adaptive disabled,1.25,80.1,90,93,60,80,OVERLAP,bearish,bearish,OB,BOS bearish | Vol 1.9x | FVG | OB | ChoCH | Session:OVERLAP | StrongTrend1h | Zone:OB | MTF 14 | Risk x1.25,BOS+2 | 1h+2 | 4h+2 | Vol+1 | BTC+2 | FVG+1 | OB+1 | ChoCH+1 | Zone:OB+1 | Sess:OVERLAP | Strong1h+1 | QualityRisk:1.15 | TrendPairRisk:1.25,0,0,0.575,range,0.3453,1.1984,0.363,0.0614,1.423,1.0,-0.1329,1.75,15364,4,1,0.127,-1.0,0,1.688,0
SUIUSDT,15364,15390,1720010700,1720035000,SHORT,TRAIL,0.7914,0.7747806,0.708303,0.819099,1.7299821632990928,1.6156964490133787,0.11428571428571417,14,1.32,30.79,0.3598130841121483,0.011471658415475426,1.774860358837145,base,adaptive disabled,1.25,78.5,90,100,50,80,OVERLAP,bearish,bearish,FVG,BOS bearish | Vol 1.3x | FVG | ChoCH | Engulfing | Session:OVERLAP | StrongTrend1h | Zone:FVG | MTF 14 | Risk x1.25,BOS+2 | 1h+2 | 4h+2 | Vol+1 | BTC+2 | FVG+1 | ChoCH+1 | Engulfing+1 | Zone:FVG+1 | Sess:OVERLAP | Strong1h+1 | QualityRisk:1.15 | TrendPairRisk:1.25,0,0,0.5,bear,0.5921,1.1192,1.588,0.0894,1.176,1.0,-0.1932,2.0,15364,0,1,1.081,0.398,1,1.621,4
DOTUSDT,15384,15397,1720028700,1720041300,SHORT,TRAIL,6.115,6.02493337,5.66466686,6.26511105,0.3494579560232078,0.303629384442368,0.045828571580839784,21,2.01,37.2,0.3456221198156641,0.005569159045408413,1.0985615342977322,base,adaptive disabled,1.25,87.5,90,100,80,80,OFF_HOURS,bearish,bearish,OB,BOS bearish | Vol 2.0x | FVG | OB | LiqSweep | ChoCH | Engulfing | StrongTrend1h | Zone:OB | 💎PREMIUM | MTF 21 | Risk x1.25,BOS+2 | 1h+2 | 4h+2 | Vol+2 | RSI+1 | BTC+2 | FVG+1 | OB+1 | LiqSweep+1 | ChoCH+1 | Engulfing+1 | Zone:OB+1 | Sess:OFF_HOURS | Strong1h+1 | 💎Premium+3 | QualityRisk:1.15 | TrendPairRisk:1.25,1,1,0.55,bull,0.1199,1.0215,0.0,0.2667,1.488,1.0,0.3232,0.5625,15384,24,1,0.566,0.539,1,0.808,0
SUIUSDT,15385,15391,1720029600,1720035900,SHORT,TRAIL,0.7842,0.7677318,0.701859,0.811647,0.28647733143601983,0.24362018857887696,0.04285714285714286,16,2.17,33.01,0.3511705685618709,0.005825507410593615,0.8148556243945437,base,adaptive disabled,1.25,90.5,90,100,90,80,OFF_HOURS,bearish,bearish,FVG,BOS bearish | Vol 2.2x | FVG | ChoCH | StrongTrend1h | Zone:FVG | MTF 16 | Risk x1.25,BOS+2 | BodyStrong+1 | 1h+2 | 4h+2 | Vol+2 | RSI+1 | BTC+2 | FVG+1 | ChoCH+1 | Zone:FVG+1 | Sess:OFF_HOURS | Strong1h+1 | QualityRisk:1.15 | TrendPairRisk:1.25,0,0,0.575,bear,0.1494,1.0262,0.0,0.1207,2.096,1.0,-0.2599,0.75,15384,0,1,0.862,1.516,1,1.706,5
AVAXUSDT,15435,15441,1720074600,1720080900,SHORT,TRAIL,25.866,25.5324028,24.19801399,26.42199534,0.4179532690422769,0.3481703100699947,0.06978295897228215,15,1.61,38.39,0.3245469522240536,0.0074297924778512665,1.3635974994573892,base,adaptive disabled,1.15,78.1,90,98,50,80,OFF_HOURS,bearish,bearish,FVG,BOS bearish | Vol 1.6x | FVG | ChoCH | BearWick | StrongTrend1h | Zone:FVG | MTF 15 | Risk x1.15,BOS+2 | 1h+2 | 4h+2 | Vol+1 | RSI+1 | BTC+2 | FVG+1 | ChoCH+1 | BearWick+1 | Zone:FVG+1 | Sess:OFF_HOURS | Strong1h+1 | TrendPairRisk:1.15,0,0,0.575,range,0.0432,1.0582,0.0,0.1455,0.952,1.0,-0.0056,0.75,15435,1,2,0.69,3.07,0,0.633,0
ADAUSDT,15464,15500,1720100700,1720134000,SHORT,TRAIL,0.3817,0.3736843,0.3416215,0.3950595,0.4965375984867642,0.4563590270581928,0.04017857142857136,15,2.03,34.74,0.4835680751173701,0.013178658446601378,2.098569571563948,base,adaptive disabled,1.15,88.5,90,90,90,80,NEW_YORK,bearish,bearish,FVG,BOS bearish | Vol 2.0x | FVG | ChoCH | Session:NEW_YORK | StrongTrend1h | Zone:FVG | MTF 15 | Risk x1.15,BOS+2 | BodyStrong+1 | 1h+2 | 4h+2 | Vol+2 | RSI+1 | BTCok+1 | FVG+1 | ChoCH+1 | Zone:FVG+1 | Sess:NEW_YORK | Strong1h+1 | TrendPairRisk:1.15,0,0,0.5,bear,0.4341,1.0854,2.711,-0.0602,1.26,1.0,-0.4887,0.703125,15464,3,6,2.466,0.609,1,1.218,0
SOLUSDT,15668,15750,1720284300,1720359000,LONG,SL,142.3,145.2883,157.2415,137.3195,-0.7425835759461918,-0.7827621473747632,0.040178571428571376,16,1.67,66.35,0.5397039030955568,0.010543230275033599,1.6752702524237446,base,adaptive disabled,1.15,84.5,90,100,70,80,NEW_YORK,bullish,bullish,FVG,BOS bullish | Vol 1.7x | FVG | ChoCH | BullWick | Session:NEW_YORK | StrongTrend1h | Zone:FVG | MTF 16 | Risk x1.15,BOS+2 | BodyStrong+1 | 1h+2 | 4h+2 | Vol+1 | RSI+1 | BTC+2 | FVG+1 | ChoCH+1 | BullWick+1 | Zone:FVG+1 | Sess:NEW_YORK | Strong1h+1 | QualityRisk:1.15,0,0,0.6,range,1.1123,0.7596,0.0,0.1556,1.255,1.0,0.4459,0.703125,15668,1,5,1.581,0.207,1,0.97,0
DOTUSDT,15739,15748,1720348200,1720357200,LONG,SL,6.25,6.32148641,6.60743203,6.13085599,-0.8435170177669864,-0.9222033067377873,0.07868628897080077,20,1.96,53.46,0.2126696832579163,0.007181842254843258,1.183492005277536,base,adaptive disabled,1.25,84.5,90,85,80,80,LONDON,bullish,bullish,OB,BOS bullish | Vol 2.0x | FVG | OB | LiqSweep | ChoCH | BullWick | Session:LONDON | StrongTrend1h | Zone:OB | 💎PREMIUM | MTF 20 | Risk x1.25,BOS+2 | BodyStrong+1 | 1h+2 | 4h+2 | Vol+1 | RSI+1 | BTCok+1 | FVG+1 | OB+1 | LiqSweep+1 | ChoCH+1 | BullWick+1 | Zone:OB+1 | Sess:LONDON | Strong1h+1 | 💎Premium+3 | QualityRisk:1.15 | RelStrengthRisk:1.25,1,0,0.45,range,1.1247,0.3777,0.0,-0.0936,1.805,1.0,-0.0409,0.75,15739,4,2,0.136,1.246,1,1.065,0
XRPUSDT,15757,15783,1720364400,1720388700,SHORT,TRAIL,0.4289,0.4218325,0.39356249,0.44067917,0.545858964235084,0.4775869637460852,0.06827200048899877,15,2.58,28.87,0.37142857142857144,0.008660136100296005,2.257748423833676,base,adaptive disabled,1.15,85.0,80,90,90,80,NEW_YORK,bearish,bearish,FVG,BOS bearish | Vol 2.6x | FVG | ChoCH | BearWick | Session:NEW_YORK | Zone:FVG | MTF 15 | Risk x1.15,BOS+2 | BodyStrong+1 | 1h+2 | 4h+2 | Vol+2 | BTC+2 | FVG+1 | ChoCH+1 | BearWick+1 | Zone:FVG+1 | Sess:NEW_YORK | TrendPairRisk:1.15,0,0,0.675,range,0.3735,1.0753,1.444,-0.3281,2.677,1.0,-0.4489,0.9375,15752,1,5,2.934,2.068,1,1.25,0
ADAUSDT,15777,15782,1720382400,1720387800,SHORT,TRAIL,0.3573,0.35294392,0.33551959,0.36456014,0.6863605200656735,0.6309948521859905,0.055365667879682987,16,1.87,38.31,0.1632653061224484,0.004204203336462638,0.6534794318286234,base,adaptive disabled,1.15,78.3,90,69,70,80,DEAD_ZONE,bearish,bearish,FVG,BOS bearish | Vol 1.9x | FVG | ChoCH | Engulfing | StrongTrend1h | Zone:FVG | MTF 16 | Risk x1.15,BOS+2 | BodyStrong+1 | 1h+2 | 4h+2 | Vol+1 | RSI+1 | BTC+2 | FVG+1 | ChoCH+1 | Engulfing+1 | Zone:FVG+1 | Sess:DEAD_ZONE | Strong1h+1 | TrendPairRisk:1.15,0,0,0.475,range,0.0689,1.3544,0.0,-0.0684,3.212,-1.0,-0.0295,0.5625,15776,1,1,0.485,2.087,1,1.019,0
XLMUSDT,15777,15782,1720382400,1720387800,SHORT,TRAIL,0.0869,0.08585915,0.08169577,0.08863474,0.7744554649633908,0.6993145216520011,0.07514094331138968,13,1.72,36.07,0.3684210526315697,0.0038437933424527357,0.8427516912937157,base,adaptive disabled,1.25,81.0,80,100,70,80,DEAD_ZONE,bearish,bearish,FVG,BOS bearish | Vol 1.7x | FVG | ChoCH | Zone:FVG | MTF 13 | Risk x1.25,BOS+2 | BodyStrong+1 | 1h+2 | 4h+2 | Vol+1 | RSI+1 | BTCok+1 | FVG+1 | ChoCH+1 | Zone:FVG+1 | Sess:DEAD_ZONE | QualityRisk:1.15 | TrendPairRisk:1.25,0,0,0.4,range,0.0576,1.0568,0.0,0.0574,2.496,1.0,-0.133,0.75,15777,2,3,0.92,0.23,1,0.92,0
LINKUSDT,15783,15796,1720387800,1720400400,SHORT,TRAIL,12.466,12.23107921,11.29139604,12.85753465,0.7630812151182335,0.7211062124747892,0.04197500264344414,15,1.37,38.06,0.39382239382239453,0.012378659866948463,1.8369931242696966,base,adaptive disabled,1.15,79.0,80,90,70,80,DEAD_ZONE,bearish,bearish,FVG,BOS bearish | Vol 1.4x | FVG | ChoCH | Engulfing | Zone:FVG | MTF 15 | Risk x1.15,BOS+2 | BodyStrong+1 | 1h+2 | 4h+2 | Vol+1 | RSI+1 | BTC+2 | FVG+1 | ChoCH+1 | Engulfing+1 | Zone:FVG+1 | Sess:DEAD_ZONE | TrendPairRisk:1.15,0,0,0.55,range,0.1711,1.4175,8.16,-0.2108,1.176,1.0,-0.3733,0.6591796875,15783,0,2,1.211,0.377,1,0.834,0
ADAUSDT,15792,15796,1720395900,1720400400,SHORT,TRAIL,0.3475,0.3402025,0.3110125,0.3596625,0.8672967571312248,0.8137253285597963,0.05357142857142848,14,2.61,30.44,0.1475409836065556,0.00815172125088387,1.2670610208722588,base,adaptive disabled,1.15,79.9,90,77,70,80,DEAD_ZONE,bearish,bearish,FVG,BOS bearish | Vol 2.6x | FVG | ChoCH | StrongTrend1h | Zone:FVG | MTF 14 | Risk x1.15,BOS+2 | 1h+2 | 4h+2 | Vol+2 | BTC+2 | FVG+1 | ChoCH+1 | Zone:FVG+1 | Sess:DEAD_ZONE | Strong1h+1 | TrendPairRisk:1.15,0,0,0.6,range,0.0082,1.2333,0.168,-0.3767,2.171,1.0,-0.6385,0.9375,15792,0,1,0.746,0.124,1,1.865,3
XRPUSDT,15793,15796,1720396800,1720400400,SHORT,TRAIL,0.4204,0.41262895,0.3986,0.43335175,0.6518596918877784,0.6031712907064707,0.04868840118130761,14,2.85,31.48,0.1937984496124021,0.005553312347222586,1.1853545207923255,base,adaptive disabled,1.25,81.1,90,83,70,80,DEAD_ZONE,bearish,bearish,FVG,BOS bearish | Vol 2.9x | FVG | ChoCH | StrongTrend1h | Zone:FVG | MTF 14 | Risk x1.25,BOS+2 | 1h+2 | 4h+2 | Vol+2 | BTC+2 | FVG+1 | ChoCH+1 | Zone:FVG+1 | Sess:DEAD_ZONE | Strong1h+1 | QualityRisk:1.15 | TrendPairRisk:1.25,0,0,0.65,bear,0.0154,1.0552,0.301,-0.2695,2.669,1.0,-0.5241,0.75,15792,0,4,0.837,10.503,0,1.208,4
BTCUSDT,15794,15798,1720397700,1720402200,SHORT,TRAIL,55930.0,54924.97359251,50904.86796254,57605.04401249,0.2070809217464597,0.1929944448693986,0.0140864768770611,16,1.79,35.85,0.35074027315505574,0.007164235507990768,1.8594052259653129,base,adaptive disabled,1.15,82.5,90,90,70,80,OFF_HOURS,bearish,bearish,FVG,BOS bearish | Vol 1.8x | FVG | ChoCH | Engulfing | StrongTrend1h | Zone:FVG | MTF 16 | Risk x1.15,BOS+2 | BodyStrong+1 | 1h+2 | 4h+2 | Vol+1 | RSI+1 | BTC+2 | FVG+1 | ChoCH+1 | Engulfing+1 | Zone:FVG+1 | Sess:OFF_HOURS | Strong1h+1 | TrendPairRisk:1.15,0,0,0.55,range,0.0294,1.6217,1.207,-0.2674,1.165,1.0,-0.2722,0.2109375,15794,1,3,0.777,9.88,0,2.898,0
AVAXUSDT,15874,15892,1720469700,1720486800,SHORT,TRAIL,25.488,24.952752,22.81176,26.38008,0.5451736310034923,0.5023164881463493,0.04285714285714286,14,2.05,30.45,0.6603351955307304,0.007315703155686221,0.813550147930115,base,adaptive disabled,1.25,87.0,80,100,90,80,DEAD_ZONE,bearish,bearish,FVG,BOS bearish | Vol 2.0x | FVG | ChoCH | Zone:FVG | MTF 14 | Risk x1.25,BOS+2 | BodyStrong+1 | 1h+2 | 4h+2 | Vol+2 | BTC+2 | FVG+1 | ChoCH+1 | Zone:FVG+1 | Sess:DEAD_ZONE | QualityRisk:1.15 | TrendPairRisk:1.25,0,0,0.425,range,0.0751,1.0724,1.242,-0.4146,1.998,1.0,-0.5383,0.75,15873,1,2,1.279,1.891,1,0.717,0
LINKUSDT,15882,16073,1720476900,1720649700,LONG,EXPIRED,13.13,13.40573,14.50865,12.67045,0.0,-0.040178571428571425,0.040178571428571425,15,1.51,64.51,0.5596707818930018,0.0074976117561319465,0.8941571448875364,base,adaptive disabled,1.15,78.5,90,100,50,80,DEAD_ZONE,bullish,bullish,FVG,BOS bullish | Vol 1.5x | FVG | LiqSweep | ChoCH | StrongTrend1h | Zone:FVG | MTF 15 | Risk x1.15,BOS+2 | 1h+2 | 4h+2 | Vol+1 | RSI+1 | BTC+2 | FVG+1 | LiqSweep+1 | ChoCH+1 | Zone:FVG+1 | Sess:DEAD_ZONE | Strong1h+1 | QualityRisk:1.15,0,0,0.325,bull,0.9575,0.7,2.365,0.2075,1.509,1.0,0.3329,0.703125,15882,0,4,1.608,0.783,1,1.092,3
LINKUSDT,15895,15902,1720488600,1720495800,LONG,TRAIL,12.995,13.18049829,13.92249143,12.68583619,0.37388228107725185,0.2999966169126782,0.07388566416457361,19,1.53,44.23,0.2525547445255473,0.01657399635161093,2.001923911189115,base,adaptive disabled,1.0,80.5,90,80,70,80,OFF_HOURS,bullish,bullish,FVG,BOS bullish | Vol 1.5x | FVG | LiqSweep | ChoCH | Engulfing | StrongTrend1h | Zone:FVG | MTF 19,BOS+2 | BodyStrong+1 | 1h+2 | 4h+2 | Vol+1 | RSI+1 | BTC+2 | FVG+1 | LiqSweep+1 | ChoCH+1 | Engulfing+1 | Zone:FVG+1 | Sess:OFF_HOURS | Strong1h+1 | NestedOB_1h+2,0,1,0.5,bear,0.2458,1.1375,0.0,-0.0014,1.234,1.0,0.0883,0.87890625,15895,16,2,2.038,0.032,1,0.379,0
SOLUSDT,15906,15924,1720498500,1720515600,LONG,TRAIL,140.82,143.77722,155.6061,135.8913,0.38059702233926807,0.34845416519641087,0.032142857142857195,18,1.71,57.64,0.5103857566765525,0.008893007991275395,1.168927173042724,base,adaptive disabled,1.15,87.5,90,100,80,80,OFF_HOURS,bullish,bullish,OB,BOS bullish | Vol 1.7x | FVG | OB | ChoCH | Engulfing | BullWick | StrongTrend1h | Zone:OB | MTF 18 | Risk x1.15,BOS+2 | BodyStrong+1 | 1h+2 | 4h+2 | Vol+1 | RSI+1 | BTC+2 | FVG+1 | OB+1 | ChoCH+1 | Engulfing+1 | BullWick+1 | Zone:OB+1 | Sess:OFF_HOURS | Strong1h+1 | QualityRisk:1.15,0,0,0.425,range,0.0812,1.1903,0.0,-0.026,1.806,-1.0,-0.0369,0.5625,15906,27,1,0.421,0.079,1,0.676,0
AAVEUSDT,15935,15941,1720524600,1720530900,LONG,TRAIL,82.97,84.0114599,88.17729951,81.2342335,1.4648343794898833,1.2766210598987973,0.1882133195910859,15,2.06,63.23,0.4112149532710231,0.007880385259427395,1.7119100083329666,base,adaptive disabled,1.15,81.8,65,100,90,80,OVERLAP,bullish,neutral,FVG,BOS bullish | Vol 2.1x | FVG | LiqSweep | ChoCH | Session:OVERLAP | StrongTrend1h | Zone:FVG | MTF 15 | Risk x1.15,BOS+2 | BodyStrong+1 | 1h+2 | 4hN+1 | Vol+2 | RSI+1 | BTCok+1 | FVG+1 | LiqSweep+1 | ChoCH+1 | Zone:FVG+1 | Sess:OVERLAP | Strong1h+1 | QualityRisk:1.15,0,1,0.65,bear,0.2362,1.0082,0.0,0.0954,1.688,1.0,0.2055,1.96875,15935,0,1,1.55,0.681,1,1.456,2
LINKUSDT,15937,15948,1720526400,1720537200,LONG,SL,13.166,13.37830958,14.22754792,12.81215069,-2.0743293239712677,-2.223161039935331,0.14883171596406347,14,1.61,57.66,0.1235955056179813,0.005731516981579739,0.9403986487598592,base,adaptive disabled,1.15,73.3,90,74,50,80,OVERLAP,bullish,bullish,FVG,BOS bullish | Vol 1.6x | FVG | ChoCH | BullWick | Session:OVERLAP | StrongTrend1h | Zone:FVG | MTF 14 | Risk x1.15,BOS+2 | 1h+2 | 4h+2 | Vol+1 | RSI+1 | BTCok+1 | FVG+1 | ChoCH+1 | BullWick+1 | Zone:FVG+1 | Sess:OVERLAP | Strong1h+1 | QualityRisk:1.15,0,0,0.425,range,1.1361,0.2685,0.407,0.124,2.05,1.0,0.1874,2.0,15937,2,3,0.217,1.135,1,0.881,1
ADAUSDT,15971,16003,1720557000,1720586700,LONG,TRAIL,0.3777,0.38375246,0.4079623,0.36761257,0.43830701924481225,0.39618405036175663,0.04212296888305564,14,1.33,66.82,0.4146341463414687,0.0044931554609373035,0.8920096001657131,base,adaptive disabled,1.25,78.5,90,100,50,80,DEAD_ZONE,bullish,bullish,FVG,BOS bullish | Vol 1.3x | FVG | ChoCH | Engulfing | StrongTrend1h | Zone:FVG | MTF 14 | Risk x1.25,BOS+2 | 1h+2 | 4h+2 | Vol+1 | RSI+1 | BTCok+1 | FVG+1 | ChoCH+1 | Engulfing+1 | Zone:FVG+1 | Sess:DEAD_ZONE | Strong1h+1 | QualityRisk:1.15 | RelStrengthRisk:1.25,0,0,0.4,range,0.6146,1.2557,2.429,0.2632,1.099,1.0,0.3634,0.5625,15967,0,4,1.057,0.654,1,1.157,2
XLMUSDT,16003,16133,1720585800,1720703700,LONG,TRAIL,0.0887,0.09018684,0.09613418,0.08622194,0.29337337544492154,0.2531049800065545,0.04026839543836704,15,2.42,69.35,0.6800000000000098,0.006759764905601641,1.9761046096574113,base,adaptive disabled,1.0,82.5,90,90,70,80,OFF_HOURS,bullish,bullish,FVG,BOS bullish | Vol 2.4x | FVG | ChoCH | BullWick | StrongTrend1h | Zone:FVG | MTF 15,BOS+2 | 1h+2 | 4h+2 | Vol+2 | BTC+2 | FVG+1 | ChoCH+1 | BullWick+1 | Zone:FVG+1 | Sess:OFF_HOURS | Strong1h+1,0,0,0.35,bull,0.8474,1.0089,0.0,0.2804,3.045,1.0,0.1273,0.5625,16003,0,2,2.91,2.91,1,1.058,0
XLMUSDT,16048,16127,1720626300,1720698300,LONG,TRAIL,0.0879,0.08865526,0.0916763,0.08664123,1.3802705514754965,1.1358652987287685,0.24440525274672775,15,1.62,51.61,0.1428571428571372,0.004164089873646661,1.2186903044085846,base,adaptive disabled,1.15,72.4,60,77,80,80,NEW_YORK,neutral,bullish,OB,BOS bullish | Vol 1.6x | FVG | OB | ChoCH | Session:NEW_YORK | Zone:OB | MTF 15 | Risk x1.15,BOS+2 | BodyStrong+1 | 1hN+1 | 4h+2 | Vol+1 | RSI+1 | BTCok+1 | FVG+1 | OB+1 | ChoCH+1 | Zone:OB+1 | Sess:NEW_YORK | NestedOB_1h+2 | QualityRisk:1.15,0,0,0.575,bull,1.0328,1.324,0.0,0.0441,1.452,1.0,-0.3167,1.75,16048,4,1,0.0,0.557,1,1.115,0
ETHUSDT,16053,16120,1720630800,1720692000,LONG,TRAIL,3109.29,3138.10599739,3253.36998697,3061.26333768,0.775458150837234,0.6459763234604778,0.12948182737675615,15,1.97,59.86,0.2368024132730066,0.005103715828029177,1.2462590877488176,base,adaptive disabled,1.25,79.1,90,88,60,80,NEW_YORK,bullish,bullish,OB,BOS bullish | Vol 2.0x | FVG | OB | ChoCH | BullWick | Session:NEW_YORK | StrongTrend1h | Zone:OB | MTF 15 | Risk x1.25,BOS+2 | 1h+2 | 4h+2 | Vol+1 | RSI+1 | BTCok+1 | FVG+1 | OB+1 | ChoCH+1 | BullWick+1 | Zone:OB+1 | Sess:NEW_YORK | Strong1h+1 | QualityRisk:1.15 | RelStrengthRisk:1.25,0,0,0.55,bull,1.1594,1.2878,3.651,0.2546,1.889,-1.0,-0.0781,1.0,16048,4,1,0.037,0.548,1,1.569,0
AAVEUSDT,16060,16081,1720637100,1720656900,LONG,TRAIL,89.22,91.09362,98.5881,86.0973,0.37989560560069335,0.34775274845783616,0.0321428571428572,14,2.75,69.97,0.6533333333333329,0.0048413930538999264,0.8580134138799147,base,adaptive disabled,1.25,84.5,90,100,70,80,OFF_HOURS,bullish,bullish,FVG,BOS bullish | Vol 2.8x | FVG | ChoCH | Engulfing | StrongTrend1h | Zone:FVG | MTF 14 | Risk x1.25,BOS+2 | 1h+2 | 4h+2 | Vol+2 | BTCok+1 | FVG+1 | ChoCH+1 | Engulfing+1 | Zone:FVG+1 | Sess:OFF_HOURS | Strong1h+1 | QualityRisk:1.15 | RelStrengthRisk:1.25,0,0,0.4,range,0.0576,1.0675,1.5,0.1924,4.099,1.0,0.4464,0.5625,16060,2,4,1.688,-1.0,0,0.835,2
SUIUSDT,16079,16088,1720654200,1720663200,LONG,TRAIL,0.7369,0.74702415,0.78752075,0.72002642,1.5579055224805547,1.4432669869711967,0.11463853550935804,16,3.02,63.41,0.7604790419161681,0.004890308459191719,0.901039333728331,base,adaptive disabled,1.25,83.0,60,100,100,80,DEAD_ZONE,neutral,bullish,OB,BOS bullish | Vol 3.0x | FVG | OB | ChoCH | Engulfing | Zone:OB | MTF 16 | Risk x1.25,BOS+2 | BodyStrong+1 | 1hN+1 | 4h+2 | Vol+2 | RSI+1 | BTC+2 | FVG+1 | OB+1 | ChoCH+1 | Engulfing+1 | Zone:OB+1 | Sess:DEAD_ZONE | QualityRisk:1.15 | RelStrengthRisk:1.25,0,1,0.475,bear,0.1007,1.3334,0.0,0.0428,1.831,-1.0,-0.0834,1.3125,16079,27,1,2.043,0.196,1,0.923,3
ADAUSDT,16080,16088,1720655100,1720663200,LONG,TRAIL,0.3884,0.3928051,0.41042549,0.38105817,0.5569325903677909,0.4974174558577304,0.05951513451006044,17,3.22,63.65,0.5217391304347863,0.005834888324457123,1.3985497956330057,base,adaptive disabled,1.15,90.5,90,100,90,80,DEAD_ZONE,bullish,bullish,FVG,BOS bullish | Vol 3.2x | FVG | ChoCH | Engulfing | StrongTrend1h | Zone:FVG | MTF 17 | Risk x1.15,BOS+2 | BodyStrong+1 | 1h+2 | 4h+2 | Vol+2 | RSI+1 | BTC+2 | FVG+1 | ChoCH+1 | Engulfing+1 | Zone:FVG+1 | Sess:DEAD_ZONE | Strong1h+1 | RelStrengthRisk:1.15,0,0,0.45,range,0.3133,1.2486,0.0,-0.1005,2.762,1.0,0.1425,0.5625,16080,0,2,1.167,16.474,0,1.427,0
AAVEUSDT,16085,16089,1720659600,1720664100,LONG,TRAIL,89.8,90.56678058,93.63390289,88.52203237,0.43988837723909174,0.3081362138450932,0.13175216339399853,15,2.19,63.8,0.4461538461538458,0.006493336519374387,1.1560736339107145,base,adaptive disabled,1.15,90.5,90,100,90,80,OFF_HOURS,bullish,bullish,FVG,BOS bullish | Vol 2.2x | FVG | ChoCH | StrongTrend1h | Zone:FVG | MTF 15 | Risk x1.15,BOS+2 | BodyStrong+1 | 1h+2 | 4h+2 | Vol+2 | RSI+1 | BTCok+1 | FVG+1 | ChoCH+1 | Zone:FVG+1 | Sess:OFF_HOURS | Strong1h+1 | QualityRisk:1.15,0,0,0.675,bull,0.2269,1.4346,4.833,0.1078,1.6,1.0,0.4174,0.9375,16081,16,4,0.502,-1.0,0,1.081,0
XLMUSDT,16089,16127,1720663200,1720698300,LONG,TRAIL,0.0879,0.0888511,0.0926555,0.08631483,0.6174484783233013,0.5082784050819461,0.1091700732413551,16,3.33,71.35,0.5,0.004926455902282787,1.4434515810110342,base,adaptive disabled,1.0,80.0,60,100,90,80,OFF_HOURS,neutral,bullish,FVG,BOS bullish | Vol 3.3x | FVG | ChoCH | BullWick | Zone:FVG | MTF 16,BOS+2 | BodyStrong+1 | 1hN+1 | 4h+2 | Vol+2 | BTC+2 | FVG+1 | ChoCH+1 | BullWick+1 | Zone:FVG+1 | Sess:OFF_HOURS | NestedOB_1h+2,0,0,0.475,range,0.6939,1.0514,3.333,0.2361,1.897,1.0,0.3368,0.984375,16088,0,1,2.455,0.351,1,1.052,0
XRPUSDT,16089,16108,1720663200,1720681200,LONG,TRAIL,0.4415,0.44558648,0.46193238,0.43468921,0.3034161349879528,0.23048957287107658,0.07292656211687619,15,1.85,64.09,0.2371134020618585,0.0058870046499977955,2.329113112970695,base,adaptive disabled,1.0,80.1,90,78,70,80,OFF_HOURS,bullish,bullish,FVG,BOS bullish | Vol 1.9x | FVG | ChoCH | BullWick | StrongTrend1h | Zone:FVG | MTF 15,BOS+2 | BodyStrong+1 | 1h+2 | 4h+2 | Vol+1 | RSI+1 | BTCok+1 | FVG+1 | ChoCH+1 | BullWick+1 | Zone:FVG+1 | Sess:OFF_HOURS | Strong1h+1,0,0,0.525,bull,0.7782,1.1501,0.852,-0.0222,1.612,1.0,0.194,0.5625,16089,0,5,2.136,0.839,1,0.992,0
ETHUSDT,16091,16113,1720665000,1720685700,LONG,TRAIL,3101.54,3123.871088,3213.19544,3064.32152,0.5618752084645477,0.4368752084645478,0.125,20,2.53,55.53,0.15697256929484465,0.005790424148122353,1.5056757192017953,base,adaptive disabled,1.15,83.1,90,78,80,80,OFF_HOURS,bullish,bullish,OB,BOS bullish | Vol 2.5x | FVG | OB | LiqSweep | ChoCH | BullWick | StrongTrend1h | Zone:OB | 💎PREMIUM | MTF 20 | Risk x1.15,BOS+2 | 1h+2 | 4h+2 | Vol+2 | RSI+1 | BTCok+1 | FVG+1 | OB+1 | LiqSweep+1 | ChoCH+1 | BullWick+1 | Zone:OB+1 | Sess:OFF_HOURS | Strong1h+1 | 💎Premium+3 | QualityRisk:1.15,1,0,0.45,range,1.2878,1.0058,1.298,0.121,2.041,1.0,0.3244,0.75,16090,5,3,0.315,0.323,1,0.644,0
ADAUSDT,16118,16128,1720689300,1720699200,LONG,TRAIL,0.3917,0.39569942,0.41169708,0.38503431,0.5817874192931074,0.4936420059900585,0.08814541330304887,17,1.77,61.03,0.3513513513513497,0.003979600667810514,1.0169206242464859,base,adaptive disabled,1.15,84.5,90,100,70,80,LONDON,bullish,bullish,FVG,BOS bullish | Vol 1.8x | FVG | ChoCH | BullWick | Session:LONDON | StrongTrend1h | Zone:FVG | MTF 17 | Risk x1.15,BOS+2 | BodyStrong+1 | 1h+2 | 4h+2 | Vol+1 | RSI+1 | BTCok+1 | FVG+1 | ChoCH+1 | BullWick+1 | Zone:FVG+1 | Sess:LONDON | Strong1h+1 | NestedOB_1h+2 | QualityRisk:1.15,0,0,0.475,range,0.015,1.1502,0.283,0.0802,2.355,1.0,0.4571,0.75,16115,13,2,0.273,1.637,1,1.569,0
XRPUSDT,16128,16143,1720698300,1720712700,LONG,SL,0.4499,0.45472035,0.47400173,0.44186609,-1.5356781442659893,-1.6826784840756204,0.14700033980963134,15,1.51,68.71,0.37500000000000555,0.006875244672109346,2.157353560818038,base,adaptive disabled,1.0,82.5,90,90,70,80,OVERLAP,bullish,bullish,FVG,BOS bullish | Vol 1.5x | FVG | ChoCH | Engulfing | Session:OVERLAP | StrongTrend1h | Zone:FVG | MTF 15,BOS+2 | BodyStrong+1 | 1h+2 | 4h+2 | Vol+1 | BTC+2 | FVG+1 | ChoCH+1 | Engulfing+1 | Zone:FVG+1 | Sess:OVERLAP | Strong1h+1,0,0,0.5,bull,1.3941,0.9958,3.818,0.1525,1.74,1.0,0.2354,1.3125,16128,1,2,1.673,-1.0,0,0.923,0
XRPUSDT,16177,16180,1720742400,1720746000,LONG,TRAIL,0.4487,0.45219737,0.46618684,0.44287105,0.45875600130818217,0.34328923628189095,0.1154667650262912,17,1.36,57.19,0.527272727272724,0.0034154593510855036,0.8083853002761744,base,adaptive disabled,1.15,78.5,90,100,50,80,OFF_HOURS,bullish,bullish,FVG,BOS bullish | Vol 1.4x | FVG | ChoCH | Engulfing | BullWick | StrongTrend1h | Zone:FVG | MTF 17 | Risk x1.15,BOS+2 | 1h+2 | 4h+2 | Vol+1 | RSI+1 | BTCok+1 | FVG+1 | ChoCH+1 | Engulfing+1 | BullWick+1 | Zone:FVG+1 | Sess:OFF_HOURS | Strong1h+1 | NestedOB_1h+2 | QualityRisk:1.15,0,1,0.425,bear,0.0515,1.2295,0.0,0.1105,1.383,-1.0,-0.0695,0.75,16177,21,2,0.058,0.521,1,1.446,0
ADAUSDT,16180,16230,1720745100,1720791000,LONG,TRAIL,0.3987,0.40456241,0.42801204,0.38892932,0.39518717085417576,0.36075731285043383,0.03442985800374189,19,2.06,58.5,0.37704918032786694,0.008490824463651719,1.3364557709184124,base,adaptive disabled,1.25,90.5,90,100,90,80,OFF_HOURS,bullish,bullish,FVG,BOS bullish | Vol 2.1x | FVG | MACD_Div | ChoCH | BullWick | StrongTrend1h | Zone:FVG | MTF 19 | Risk x1.25,BOS+2 | BodyStrong+1 | 1h+2 | 4h+2 | Vol+2 | RSI+1 | BTCok+1 | FVG+1 | MACD_Div+1 | ChoCH+1 | BullWick+1 | Zone:FVG+1 | Sess:OFF_HOURS | Strong1h+1 | NestedOB_1h+2 | QualityRisk:1.15 | RelStrengthRisk:1.25,0,0,0.475,range,0.5731,1.1258,0.0,0.2822,1.439,-1.0,-0.0868,0.421875,16180,1,4,1.603,2.362,1,1.097,0
BTCUSDT,16183,16233,1720747800,1720793700,SHORT,SL,56842.7,56211.79086202,53688.15431008,57894.21522997,-0.2453805511938336,-0.27103693500206627,0.025656383808232663,15,1.49,34.74,0.3246233668812897,0.0067469563296482585,1.7527149536532234,base,adaptive disabled,1.0,75.3,65,98,70,80,OFF_HOURS,bearish,neutral,FVG,BOS bearish | Vol 1.5x | FVG | ChoCH | Engulfing | StrongTrend1h | Zone:FVG | MTF 15,BOS+2 | BodyStrong+1 | 1h+2 | 4hN+1 | Vol+1 | RSI+1 | BTC+2 | FVG+1 | ChoCH+1 | Engulfing+1 | Zone:FVG+1 | Sess:OFF_HOURS | Strong1h+1,0,0,0.5,bear,1.0997,0.2233,2.649,-0.2137,1.426,1.0,-0.453,0.2373046875,16183,0,2,1.366,7.265,0,1.034,0
XLMUSDT,16183,16203,1720747800,1720766700,LONG,TRAIL,0.089,0.08969389,0.09246945,0.08784352,0.8384517906354388,0.7230152936791578,0.11543649695628098,22,2.23,51.15,0.1999999999999963,0.005977012766986082,1.7711881186092444,base,adaptive disabled,1.25,84.1,90,83,80,80,OFF_HOURS,bullish,bullish,OB,BOS bullish | Vol 2.2x | FVG | OB | LiqSweep | MACD_Div | ChoCH | Engulfing | BullWick | StrongTrend1h | Zone:OB | 💎PREMIUM | MTF 22 | Risk x1.25,BOS+2 | 1h+2 | 4h+2 | Vol+2 | RSI+1 | BTCok+1 | FVG+1 | OB+1 | LiqSweep+1 | MACD_Div+1 | ChoCH+1 | Engulfing+1 | BullWick+1 | Zone:OB+1 | Sess:OFF_HOURS | Strong1h+1 | 💎Premium+3 | QualityRisk:1.15 | RelStrengthRisk:1.25,1,0,0.35,range,0.3459,1.5853,3.0,0.2513,2.65,1.0,0.0659,0.75,16181,20,3,0.561,0.561,1,1.403,1
XRPUSDT,16200,16209,1720763100,1720772100,LONG,TRAIL,0.4539,0.46101645,0.48948225,0.44203925,0.800462765600841,0.7430591444133108,0.05740362118753015,15,3.89,62.46,0.2233009708737839,0.005652018033136045,1.414574513607198,base,adaptive disabled,1.15,81.7,90,86,70,80,OFF_HOURS,bullish,bullish,FVG,BOS bullish | Vol 3.9x | FVG | ChoCH | StrongTrend1h | Zone:FVG | MTF 15 | Risk x1.15,BOS+2 | 1h+2 | 4h+2 | Vol+2 | RSI+1 | BTC+2 | FVG+1 | ChoCH+1 | Zone:FVG+1 | Sess:OFF_HOURS | Strong1h+1 | RelStrengthRisk:1.15,0,0,0.625,range,0.0084,1.4333,0.852,-0.0322,2.357,-1.0,-0.1299,0.75,16200,0,2,0.825,0.194,1,1.553,0
AAVEUSDT,16203,16233,1720765800,1720793700,LONG,TRAIL,94.18,95.67028079,101.63140395,91.69619868,0.33225573580805556,0.289598338395931,0.042657397412124536,14,1.51,63.43,0.5487804878048747,0.007799469783709854,1.2286147825402873,base,adaptive disabled,1.15,78.5,90,100,50,80,OFF_HOURS,bullish,bullish,FVG,BOS bullish | Vol 1.5x | FVG | ChoCH | StrongTrend1h | Zone:FVG | MTF 14 | Risk x1.15,BOS+2 | 1h+2 | 4h+2 | Vol+1 | RSI+1 | BTC+2 | FVG+1 | ChoCH+1 | Zone:FVG+1 | Sess:OFF_HOURS | Strong1h+1 | QualityRisk:1.15,0,1,0.5,bear,0.6442,1.1944,0.0,0.0217,1.65,1.0,0.1846,0.5625,16203,1,5,1.305,0.932,1,1.755,3
XLMUSDT,16206,16209,1720768500,1720772100,LONG,TRAIL,0.0898,0.09084601,0.09503003,0.08805666,0.3129283669803213,0.26946653509440144,0.043461831885919885,15,2.24,69.75,0.6842105263157926,0.005187692834364927,1.5372863116460647,base,adaptive disabled,1.15,84.5,90,100,70,80,OFF_HOURS,bullish,bullish,FVG,BOS bullish | Vol 2.2x | FVG | ChoCH | BullWick | StrongTrend1h | Zone:FVG | MTF 15 | Risk x1.15,BOS+2 | 1h+2 | 4h+2 | Vol+2 | BTC+2 | FVG+1 | ChoCH+1 | BullWick+1 | Zone:FVG+1 | Sess:OFF_HOURS | Strong1h+1 | RelStrengthRisk:1.15,0,0,0.575,range,0.0,1.0516,10.0,0.3178,1.541,1.0,0.2898,0.421875,16203,0,1,1.748,0.583,1,2.039,0
XRPUSDT,16267,16284,1720823400,1720839600,LONG,TRAIL,0.475,0.48206414,0.51032072,0.46322643,0.8641597685565237,0.7885136391327376,0.07564612942378593,15,2.56,71.28,0.4267515923566901,0.006598032002662,1.4038812641390166,base,adaptive disabled,1.15,90.5,90,100,90,80,DEAD_ZONE,bullish,bullish,FVG,BOS bullish | Vol 2.6x | FVG | ChoCH | StrongTrend1h | Zone:FVG | MTF 15 | Risk x1.15,BOS+2 | BodyStrong+1 | 1h+2 | 4h+2 | Vol+2 | BTC+2 | FVG+1 | ChoCH+1 | Zone:FVG+1 | Sess:DEAD_ZONE | Strong1h+1 | RelStrengthRisk:1.15,0,0,0.45,range,0.1869,1.1183,2.913,0.1893,2.535,1.0,0.3364,0.9375,16266,0,1,1.938,0.716,1,0.758,0
ADAUSDT,16273,16301,1720828800,1720854900,LONG,TRAIL,0.4161,0.42117412,0.44147059,0.40764314,0.2673297444236585,0.22581500077175937,0.041514743651899125,14,1.38,65.13,0.5283018867924578,0.00649765834136026,1.2197876798325353,base,adaptive disabled,1.0,78.5,90,100,50,80,OFF_HOURS,bullish,bullish,FVG,BOS bullish | Vol 1.4x | FVG | ChoCH | Engulfing | StrongTrend1h | Zone:FVG | MTF 14,BOS+2 | 1h+2 | 4h+2 | Vol+1 | RSI+1 | BTCok+1 | FVG+1 | ChoCH+1 | Engulfing+1 | Zone:FVG+1 | Sess:OFF_HOURS | Strong1h+1,0,0,0.55,range,0.5676,1.1431,0.0,0.1208,1.775,-1.0,-0.1634,0.421875,16273,0,2,1.264,0.583,1,0.632,3
ADAUSDT,16296,16301,1720849500,1720854900,LONG,TRAIL,0.417,0.42157243,0.43986215,0.40937928,0.24698866493691998,0.20081930692350372,0.04616935801341624,17,2.16,69.74,0.5728155339805769,0.008623799962007095,2.113338273549753,base,adaptive disabled,1.15,88.5,90,90,90,80,OFF_HOURS,bullish,bullish,FVG,BOS bullish | Vol 2.2x | FVG | ChoCH | Engulfing | BullWick | StrongTrend1h | Zone:FVG | MTF 17 | Risk x1.15,BOS+2 | BodyStrong+1 | 1h+2 | 4h+2 | Vol+2 | BTC+2 | FVG+1 | ChoCH+1 | Engulfing+1 | BullWick+1 | Zone:FVG+1 | Sess:OFF_HOURS | Strong1h+1 | RelStrengthRisk:1.15,0,1,0.6,bear,0.1312,1.0716,0.0,0.1847,1.657,1.0,0.502,0.421875,16295,0,2,2.447,-1.0,0,0.989,0
BTCUSDT,16300,16313,1720853100,1720865700,LONG,TRAIL,58002.0,58419.6144,60090.072,57305.976,0.3052297047246085,0.2583547047246083,0.04687500000000016,14,2.49,68.09,0.6212838477560886,0.0036029658289389705,1.6471136299140232,base,adaptive disabled,1.0,90.5,90,100,90,80,OFF_HOURS,bullish,bullish,FVG,BOS bullish | Vol 2.5x | FVG | ChoCH | StrongTrend1h | Zone:FVG | MTF 14,BOS+2 | BodyStrong+1 | 1h+2 | 4h+2 | Vol+2 | BTCok+1 | FVG+1 | ChoCH+1 | Zone:FVG+1 | Sess:OFF_HOURS | Strong1h+1,0,0,0.45,range,0.1407,2.0859,0.0,0.0845,1.338,1.0,0.3241,0.28125,16298,1,2,1.187,0.577,1,0.669,0
AAVEUSDT,16305,16327,1720857600,1720878300,LONG,SL,97.55,98.47748288,102.1874144,96.0041952,-1.2590528894722062,-1.4010420332502562,0.1419891437780502,16,2.4,65.25,0.6266666666666652,0.004490073404996193,1.066009134738456,base,adaptive disabled,1.15,90.5,90,100,90,80,LONDON,bullish,bullish,FVG,BOS bullish | Vol 2.4x | FVG | ChoCH | Session:LONDON | StrongTrend1h | Zone:FVG | MTF 16 | Risk x1.15,BOS+2 | BodyStrong+1 | 1h+2 | 4h+2 | Vol+2 | RSI+1 | BTC+2 | FVG+1 | ChoCH+1 | Zone:FVG+1 | Sess:LONDON | Strong1h+1 | QualityRisk:1.15,0,0,0.4,range,1.1192,0.496,5.423,0.0943,2.496,1.0,0.6218,1.125,16301,2,3,1.644,0.587,1,1.292,1
AVAXUSDT,16306,16314,1720858500,1720866600,LONG,TRAIL,25.973,26.27745284,27.4952642,25.4655786,0.7546351385367888,0.6394660699874525,0.11516906854933628,13,1.85,61.54,0.3276047261009698,0.008097673452241591,1.9455606458975505,base,adaptive disabled,1.15,73.5,65,89,70,80,LONDON,bullish,neutral,FVG,BOS bullish | Vol 1.9x | FVG | ChoCH | Session:LONDON | StrongTrend1h | Zone:FVG | MTF 13 | Risk x1.15,BOS+2 | BodyStrong+1 | 1h+2 | 4hN+1 | Vol+1 | RSI+1 | BTCok+1 | FVG+1 | ChoCH+1 | Zone:FVG+1 | Sess:LONDON | Strong1h+1 | RelStrengthRisk:1.15,0,0,0.4,range,0.2247,1.2153,0.0,0.1427,1.356,1.0,0.2958,1.125,16306,0,4,1.735,0.517,1,0.875,0
SOLUSDT,16311,16314,1720863000,1720866600,LONG,TRAIL,139.66,141.01058373,146.41291867,137.40902711,0.7045307706782689,0.49513131407263955,0.2093994566056293,14,2.29,60.88,0.2575757575757615,0.004874381023106631,1.3582950158998686,base,adaptive disabled,1.15,70.2,55,90,70,80,LONDON,bullish,neutral,FVG,BOS bullish | Vol 2.3x | FVG | LiqSweep | ChoCH | Session:LONDON | Zone:FVG | MTF 14 | Risk x1.15,BOS+2 | 1h+2 | 4hN+1 | Vol+2 | RSI+1 | BTC+2 | FVG+1 | LiqSweep+1 | ChoCH+1 | Zone:FVG+1 | Sess:LONDON | QualityRisk:1.15,0,0,0.575,bull,0.0178,1.0144,0.747,0.2215,2.296,1.0,0.4602,1.6875,16311,0,1,0.294,0.509,1,2.172,3
SUIUSDT,16311,16315,1720863000,1720867500,LONG,TRAIL,0.7516,0.75874261,0.78731303,0.73969566,0.6995694979754877,0.573296222850618,0.12627327512486972,17,1.91,56.73,0.13488372093023343,0.006467942652059859,1.4248497197175554,base,adaptive disabled,1.15,79.7,90,76,70,80,LONDON,bullish,bullish,FVG,BOS bullish | Vol 1.9x | FVG | LiqSweep | ChoCH | BullWick | Session:LONDON | StrongTrend1h | Zone:FVG | MTF 17 | Risk x1.15,BOS+2 | BodyStrong+1 | 1h+2 | 4h+2 | Vol+1 | RSI+1 | BTC+2 | FVG+1 | LiqSweep+1 | ChoCH+1 | BullWick+1 | Zone:FVG+1 | Sess:LONDON | Strong1h+1 | QualityRisk:1.15,0,1,0.4,bear,0.0168,1.344,0.906,0.1444,1.566,-1.0,-0.0406,1.0,16311,0,1,0.083,0.083,1,1.332,0
SUIUSDT,16324,16376,1720874700,1720922400,LONG,TRAIL,0.7611,0.77304614,0.82083069,0.74118977,1.1097381588302375,0.9759451288150143,0.13379303001522314,15,1.42,65.83,0.2217898832684835,0.0056340258270054155,1.2394856821069131,base,adaptive disabled,1.15,75.7,90,86,50,80,OVERLAP,bullish,bullish,FVG,BOS bullish | Vol 1.4x | FVG | ChoCH | BullWick | Session:OVERLAP | StrongTrend1h | Zone:FVG | MTF 15 | Risk x1.15,BOS+2 | 1h+2 | 4h+2 | Vol+1 | RSI+1 | BTC+2 | FVG+1 | ChoCH+1 | BullWick+1 | Zone:FVG+1 | Sess:OVERLAP | Strong1h+1 | QualityRisk:1.15,0,0,0.475,bull,0.9241,1.1719,0.582,0.2087,1.258,1.0,0.2863,1.75,16324,1,2,0.943,0.782,1,1.24,3
AVAXUSDT,16336,16463,1720885500,1721000700,LONG,TRAIL,26.159,26.54152106,28.07160529,25.5214649,0.5940488195126654,0.5325016199937681,0.061547199518897325,15,1.91,64.43,0.5109289617486302,0.008720780064969751,1.8627443255239264,base,adaptive disabled,1.15,76.5,90,90,50,80,NEW_YORK,bullish,bullish,FVG,BOS bullish | Vol 1.9x | FVG | LiqSweep | ChoCH | Session:NEW_YORK | StrongTrend1h | Zone:FVG | MTF 15 | Risk x1.15,BOS+2 | 1h+2 | 4h+2 | Vol+1 | RSI+1 | BTC+2 | FVG+1 | LiqSweep+1 | ChoCH+1 | Zone:FVG+1 | Sess:NEW_YORK | Strong1h+1 | RelStrengthRisk:1.15,0,1,0.35,bear,0.9976,1.2078,0.0,0.1064,1.882,-1.0,-0.0205,0.75,16336,0,1,1.267,1.003,1,1.135,0
AAVEUSDT,16338,16361,1720887300,1720908900,LONG,TRAIL,98.17,100.04157316,107.52786581,95.0507114,0.7139162022256307,0.666708322839286,0.04720787938634463,15,1.48,69.13,0.7943925233644875,0.009880268546233152,2.338731859543634,base,adaptive disabled,1.25,76.5,90,90,50,80,NEW_YORK,bullish,bullish,FVG,BOS bullish | Vol 1.5x | FVG | LiqSweep | MACD_Div | ChoCH | Engulfing | Session:NEW_YORK | StrongTrend1h | Zone:FVG | MTF 15 | Risk x1.25,BOS+2 | 1h+2 | 4h+2 | Vol+1 | BTCok+1 | FVG+1 | LiqSweep+1 | MACD_Div+1 | ChoCH+1 | Engulfing+1 | Zone:FVG+1 | Sess:NEW_YORK | Strong1h+1 | QualityRisk:1.15 | RelStrengthRisk:1.25,0,1,0.5,bear,0.0866,1.8327,0.0,0.0285,1.155,1.0,0.3797,0.75,16338,0,2,1.928,0.148,1,1.483,3
DOTUSDT,16353,16457,1720900800,1720995300,LONG,TRAIL,6.278,6.33747647,6.57538237,6.17887254,0.4117281537859588,0.340478976211954,0.07124917757400481,16,1.68,58.86,0.14285714285714285,0.004136363952275923,1.164198436041176,base,adaptive disabled,1.15,79.9,90,77,70,80,DEAD_ZONE,bullish,bullish,FVG,BOS bullish | Vol 1.7x | FVG | ChoCH | StrongTrend1h | Zone:FVG | MTF 16 | Risk x1.15,BOS+2 | BodyStrong+1 | 1h+2 | 4h+2 | Vol+1 | RSI+1 | BTCok+1 | FVG+1 | ChoCH+1 | Zone:FVG+1 | Sess:DEAD_ZONE | Strong1h+1 | NestedOB_1h+2 | QualityRisk:1.15,0,0,0.475,range,1.1803,1.1601,0.267,0.1255,1.617,1.0,0.141,0.5625,16353,1,1,0.045,0.407,1,0.542,0
ETHUSDT,16353,16403,1720900800,1720946700,LONG,TRAIL,3162.02,3216.66,3275.85272,3124.07576,1.026255117687732,0.9012551176877313,0.12500000000000064,14,1.49,63.65,0.43119266055045136,0.0018693673167018024,0.9313982820903431,base,adaptive disabled,1.15,78.5,90,100,50,80,DEAD_ZONE,bullish,bullish,FVG,BOS bullish | Vol 1.5x | FVG | ChoCH | Engulfing | StrongTrend1h | Zone:FVG | MTF 14 | Risk x1.15,BOS+2 | 1h+2 | 4h+2 | Vol+1 | RSI+1 | BTCok+1 | FVG+1 | ChoCH+1 | Engulfing+1 | Zone:FVG+1 | Sess:DEAD_ZONE | Strong1h+1 | QualityRisk:1.15,0,0,0.375,range,0.5013,1.0238,0.0,-0.0858,1.382,-1.0,-0.1302,0.75,16353,0,1,0.694,1.161,1,1.0,2
LINKUSDT,16353,16404,1720900800,1720947600,LONG,TRAIL,13.009,13.166,13.477324,12.852892,0.8779346860961067,0.7607471860961065,0.11718750000000025,16,1.44,59.71,0.3888888888888988,0.00562743137226741,1.6285786391466963,base,adaptive disabled,1.25,84.5,90,100,70,80,DEAD_ZONE,bullish,bullish,FVG,BOS bullish | Vol 1.4x | FVG | LiqSweep | ChoCH | Engulfing | StrongTrend1h | Zone:FVG | MTF 16 | Risk x1.25,BOS+2 | BodyStrong+1 | 1h+2 | 4h+2 | Vol+1 | RSI+1 | BTCok+1 | FVG+1 | LiqSweep+1 | ChoCH+1 | Engulfing+1 | Zone:FVG+1 | Sess:DEAD_ZONE | Strong1h+1 | QualityRisk:1.15 | RelStrengthRisk:1.25,0,1,0.375,bear,0.8456,1.0127,10.0,-0.1385,1.215,-1.0,-0.0835,0.703125,16352,17,1,0.629,0.777,1,1.073,0
AVAXUSDT,16365,16464,1720911600,1721001600,LONG,TRAIL,26.159,26.62944545,28.51122723,25.37492426,0.33900846092030457,0.29209195544342287,0.04691650547688168,16,1.95,64.13,0.3953974895397478,0.011521311816247817,2.6452116262113865,base,adaptive disabled,1.0,76.5,90,90,50,80,DEAD_ZONE,bullish,bullish,FVG,BOS bullish | Vol 1.9x | FVG | LiqSweep | MACD_Div | ChoCH | BullWick | StrongTrend1h | Zone:FVG | MTF 16,BOS+2 | 1h+2 | 4h+2 | Vol+1 | RSI+1 | BTCok+1 | FVG+1 | LiqSweep+1 | MACD_Div+1 | ChoCH+1 | BullWick+1 | Zone:FVG+1 | Sess:DEAD_ZONE | Strong1h+1,0,1,0.575,bear,0.7244,1.0798,10.0,0.1559,1.364,1.0,0.3001,0.703125,16365,29,1,0.952,1.202,1,2.958,3
BTCUSDT,16389,16452,1720933200,1720990800,LONG,TRAIL,59951.4,60553.91962682,62963.9981341,58947.20062197,0.07156559750070723,0.03798395700402049,0.033581640496686736,15,3.51,67.87,0.7853720050441254,0.0050596426818924215,2.227066704081558,base,adaptive disabled,1.0,82.5,90,90,70,80,OFF_HOURS,bullish,bullish,FVG,BOS bullish | Vol 3.5x | FVG | ChoCH | StrongTrend1h | Zone:FVG | MTF 15,BOS+2 | 1h+2 | 4h+2 | Vol+2 | RSI+1 | BTC+2 | FVG+1 | ChoCH+1 | Zone:FVG+1 | Sess:OFF_HOURS | Strong1h+1,0,0,0.675,range,0.4846,1.035,0.0,-0.2141,2.453,1.0,0.0913,0.28125,16389,0,2,0.81,-1.0,0,1.449,0
ADAUSDT,16406,16493,1720948500,1721027700,LONG,TRAIL,0.4351,0.44088849,0.46404245,0.42545252,0.30413764714870184,0.2660846400421828,0.038053007106519064,16,1.82,67.59,0.7391304347825934,0.008039068922785888,1.5738304481126457,base,adaptive disabled,1.0,78.5,90,100,50,80,LONDON,bullish,bullish,FVG,BOS bullish | Vol 1.8x | FVG | ChoCH | Engulfing | Session:LONDON | StrongTrend1h | Zone:FVG | MTF 16,BOS+2 | 1h+2 | 4h+2 | Vol+1 | RSI+1 | BTCok+1 | FVG+1 | ChoCH+1 | Engulfing+1 | Zone:FVG+1 | Sess:LONDON | Strong1h+1 | NestedOB_1h+2,0,0,0.475,range,1.078,1.0884,4.857,0.3391,1.168,1.0,0.6647,0.421875,16405,0,3,2.314,3.693,0,1.557,5
AVAXUSDT,16407,16416,1720949400,1720958400,LONG,SL,26.241,26.53111726,27.69158632,25.75747123,-1.1002447693029735,-1.208784329420565,0.10853956011759146,14,1.53,60.62,0.5334608030592736,0.0059662557288691865,1.1094660293554537,base,adaptive disabled,1.25,78.5,90,100,50,80,LONDON,bullish,bullish,FVG,BOS bullish | Vol 1.5x | FVG | ChoCH | Engulfing | Session:LONDON | StrongTrend1h | Zone:FVG | MTF 14 | Risk x1.25,BOS+2 | 1h+2 | 4h+2 | Vol+1 | RSI+1 | BTCok+1 | FVG+1 | ChoCH+1 | Engulfing+1 | Zone:FVG+1 | Sess:LONDON | Strong1h+1 | QualityRisk:1.15 | RelStrengthRisk:1.25,0,0,0.425,range,1.1292,0.2654,0.0,-0.1197,1.269,1.0,0.1142,1.0,16407,0,1,0.438,0.374,1,0.544,0
SOLUSDT,16433,16455,1720972800,1720993500,LONG,TRAIL,145.3,146.88311928,153.21559638,142.66146787,0.517154594424693,0.4552025347391439,0.061952059685549114,19,2.62,61.9,0.33802816901408467,0.00446818829434436,1.0622568302397566,base,adaptive disabled,1.25,93.5,90,100,100,80,NEW_YORK,bullish,bullish,OB,BOS bullish | Vol 2.6x | FVG | OB | ChoCH | Session:NEW_YORK | StrongTrend1h | Zone:OB | MTF 19 | Risk x1.25,BOS+2 | BodyStrong+1 | 1h+2 | 4h+2 | Vol+2 | RSI+1 | BTC+2 | FVG+1 | OB+1 | ChoCH+1 | Zone:OB+1 | Sess:NEW_YORK | Strong1h+1 | NestedOB_1h+2 | QualityRisk:1.15 | RelStrengthRisk:1.25,0,1,0.45,bear,0.2956,1.6044,0.0,0.0481,1.931,1.0,0.1113,0.5625,16432,27,4,1.581,0.085,1,1.129,0
ADAUSDT,16456,16494,1720993500,1721028600,LONG,TRAIL,0.436,0.44147655,0.46338273,0.42687242,0.2997168771549444,0.2459786464300426,0.05373823072490175,17,1.33,64.98,0.5384615384615425,0.007017174032649408,1.9961521069554782,base,adaptive disabled,1.0,82.5,90,90,70,80,DEAD_ZONE,bullish,bullish,FVG,BOS bullish | Vol 1.3x | FVG | ChoCH | StrongTrend1h | Zone:FVG | MTF 17,BOS+2 | BodyStrong+1 | 1h+2 | 4h+2 | Vol+1 | RSI+1 | BTC+2 | FVG+1 | ChoCH+1 | Zone:FVG+1 | Sess:DEAD_ZONE | Strong1h+1 | NestedOB_1h+2,0,0,0.5,bull,0.5478,1.1138,4.667,0.166,0.97,1.0,0.3606,0.5625,16455,0,1,0.821,1.149,1,1.806,1
DOTUSDT,16457,16468,1720994400,1721005200,LONG,TRAIL,6.308,6.3780708,6.65835402,6.19121533,0.35885422653446203,0.2980885455593817,0.060765680975080304,15,2.06,65.53,0.6423841059602723,0.004476087237474244,1.3325951147207957,base,adaptive disabled,1.0,90.5,90,100,90,80,DEAD_ZONE,bullish,bullish,FVG,BOS bullish | Vol 2.1x | FVG | ChoCH | StrongTrend1h | Zone:FVG | MTF 15,BOS+2 | BodyStrong+1 | 1h+2 | 4h+2 | Vol+2 | RSI+1 | BTCok+1 | FVG+1 | ChoCH+1 | Zone:FVG+1 | Sess:DEAD_ZONE | Strong1h+1,0,0,0.375,range,0.0942,1.1132,0.0,0.1358,1.594,1.0,0.3252,0.5625,16457,2,3,1.21,-1.0,0,1.251,0
LINKUSDT,16458,16469,1720995300,1721006100,LONG,TRAIL,13.411,13.57281806,14.22009032,13.14130323,0.8475701637948613,0.7543335076791797,0.0932366561156815,13,3.66,70.98,0.5449438202247271,0.007143650402139617,1.799238256106493,base,adaptive disabled,1.15,84.5,90,100,70,80,DEAD_ZONE,bullish,bullish,FVG,BOS bullish | Vol 3.7x | FVG | ChoCH | StrongTrend1h | Zone:FVG | MTF 13 | Risk x1.15,BOS+2 | 1h+2 | 4h+2 | Vol+2 | BTCok+1 | FVG+1 | ChoCH+1 | Zone:FVG+1 | Sess:DEAD_ZONE | Strong1h+1 | RelStrengthRisk:1.15,0,0,0.575,bull,0.0742,1.273,0.0,-0.1163,2.169,1.0,0.1599,0.9375,16458,1,2,1.584,1.533,1,1.329,1
AVAXUSDT,16464,16471,1721000700,1721007900,LONG,TRAIL,26.343,26.83886211,28.82231056,25.51656315,0.5804909094734609,0.5008024251083216,0.0796884843651393,18,5.13,60.38,0.23303167420814322,0.008173707868157057,1.7677005549602296,base,adaptive disabled,1.15,90.9,90,87,100,80,DEAD_ZONE,bullish,bullish,OB,BOS bullish | Vol 5.1x | FVG | OB | ChoCH | StrongTrend1h | Zone:OB | MTF 18 | Risk x1.15,BOS+2 | BodyStrong+1 | 1h+2 | 4h+2 | Vol+2 | RSI+1 | BTCok+1 | FVG+1 | OB+1 | ChoCH+1 | Zone:OB+1 | Sess:DEAD_ZONE | Strong1h+1 | NestedOB_1h+2 | QualityRisk:1.15,0,0,0.425,range,0.1029,1.1717,0.606,-0.0932,2.949,-1.0,-0.1458,1.25,16464,6,3,0.823,0.168,1,0.848,0
BTCUSDT,16470,16476,1721006100,1721012400,LONG,TRAIL,61392.3,62441.56056223,66638.60281114,59643.53239629,0.19966171118927958,0.17991456544118928,0.019747145748090278,15,2.61,67.15,0.36380828170850915,0.0059441297330399614,2.220078754429913,base,adaptive disabled,1.0,82.5,90,90,70,80,OFF_HOURS,bullish,bullish,FVG,BOS bullish | Vol 2.6x | FVG | ChoCH | StrongTrend1h | Zone:FVG | MTF 15,BOS+2 | 1h+2 | 4h+2 | Vol+2 | RSI+1 | BTC+2 | FVG+1 | ChoCH+1 | Zone:FVG+1 | Sess:OFF_HOURS | Strong1h+1,0,0,0.575,range,0.1185,1.0895,0.643,-0.0363,1.722,1.0,0.3787,0.28125,16470,0,2,0.841,0.221,1,0.809,0
SOLUSDT,16470,16493,1721006100,1721027700,LONG,TRAIL,149.74,152.88454,165.4627,144.4991,0.32282799893865827,0.29872085608151544,0.02410714285714281,14,1.64,70.87,0.5750798722044702,0.008577087582189237,1.7419944075387768,base,adaptive disabled,1.15,78.5,90,100,50,80,OFF_HOURS,bullish,bullish,FVG,BOS bullish | Vol 1.6x | FVG | ChoCH | Engulfing | StrongTrend1h | Zone:FVG | MTF 14 | Risk x1.15,BOS+2 | 1h+2 | 4h+2 | Vol+1 | BTC+2 | FVG+1 | ChoCH+1 | Engulfing+1 | Zone:FVG+1 | Sess:OFF_HOURS | Strong1h+1 | QualityRisk:1.15,0,0,0.5,bull,0.0019,1.3102,2.628,0.0683,1.282,1.0,0.3861,0.421875,16469,0,3,1.883,-1.0,0,0.87,1
DOTUSDT,16471,16475,1721007000,1721011500,LONG,TRAIL,6.354,6.43559725,6.76198624,6.21800459,0.5932924619158614,0.5407300261689493,0.052562435746912155,14,1.33,65.96,0.35135135135134943,0.003975301549302914,1.1289856400201301,base,adaptive disabled,1.15,78.5,90,100,50,80,OFF_HOURS,bullish,bullish,FVG,BOS bullish | Vol 1.3x | FVG | ChoCH | StrongTrend1h | Zone:FVG | MTF 14 | Risk x1.15,BOS+2 | 1h+2 | 4h+2 | Vol+1 | RSI+1 | BTC+2 | FVG+1 | ChoCH+1 | Zone:FVG+1 | Sess:OFF_HOURS | Strong1h+1 | QualityRisk:1.15,0,0,0.45,bull,0.0147,1.3358,0.852,0.0292,1.325,1.0,0.0097,0.5625,16470,3,4,0.857,-1.0,0,0.714,0
ADAUSDT,16478,16489,1721013300,1721024100,LONG,TRAIL,0.434,0.4371248,0.449624,0.428792,0.4705417412572423,0.37679174125724213,0.09375000000000018,19,5.12,53.25,0.19480519480519537,0.006102608240444736,1.541088069548952,base,adaptive disabled,1.15,90.1,90,83,100,80,OFF_HOURS,bullish,bullish,OB,BOS bullish | Vol 5.1x | FVG | OB | ChoCH | StrongTrend1h | Zone:OB | MTF 19 | Risk x1.15,BOS+2 | BodyStrong+1 | 1h+2 | 4h+2 | Vol+2 | RSI+1 | BTC+2 | FVG+1 | OB+1 | ChoCH+1 | Zone:OB+1 | Sess:OFF_HOURS | Strong1h+1 | NestedOB_1h+2 | QualityRisk:1.15,0,0,0.45,range,0.2304,1.1201,0.0,-0.2772,3.178,-1.0,-0.0992,0.5625,16477,26,2,1.014,1.382,1,1.152,1
XRPUSDT,16491,16509,1721025000,1721042100,LONG,TRAIL,0.5301,0.53591576,0.5591788,0.52040707,0.8081257161378691,0.7260916975284294,0.08203401860943971,16,1.46,54.83,0.22891566265059646,0.007270443505608109,1.4161208297504808,base,adaptive disabled,1.15,81.9,90,87,70,80,OFF_HOURS,bullish,bullish,FVG,BOS bullish | Vol 1.5x | FVG | ChoCH | Engulfing | StrongTrend1h | Zone:FVG | MTF 16 | Risk x1.15,BOS+2 | BodyStrong+1 | 1h+2 | 4h+2 | Vol+1 | RSI+1 | BTC+2 | FVG+1 | ChoCH+1 | Engulfing+1 | Zone:FVG+1 | Sess:OFF_HOURS | Strong1h+1 | QualityRisk:1.15,0,0,0.425,bull,0.3714,1.2724,3.167,0.1811,0.928,1.0,0.0856,0.75,16491,0,1,0.036,0.143,1,1.683,0
AAVEUSDT,16493,16498,1721026800,1721032200,LONG,TRAIL,104.95,106.33676674,111.88383369,102.6387221,0.5278580127261775,0.40014862953171215,0.1277093831944653,15,2.41,63.82,0.3846153846153832,0.008763734310430616,1.6369403729855625,base,adaptive disabled,1.15,84.5,90,100,70,80,LONDON,bullish,bullish,FVG,BOS bullish | Vol 2.4x | FVG | LiqSweep | ChoCH | Session:LONDON | StrongTrend1h | Zone:FVG | MTF 15 | Risk x1.15,BOS+2 | 1h+2 | 4h+2 | Vol+2 | RSI+1 | BTCok+1 | FVG+1 | LiqSweep+1 | ChoCH+1 | Zone:FVG+1 | Sess:LONDON | Strong1h+1 | QualityRisk:1.15,0,1,0.35,bear,0.2077,1.2115,0.0,0.0797,1.758,1.0,0.5984,1.40625,16493,0,2,1.787,0.354,1,1.738,5
AVAXUSDT,16498,16556,1721031300,1721084400,LONG,TRAIL,27.206,27.61369183,29.24445915,26.52651362,0.9966502526607032,0.9165721207046219,0.08007813195608128,14,1.46,70.2,0.6799999999999987,0.003946075395469195,0.7480869693410076,base,adaptive disabled,1.0,76.5,90,90,50,80,LONDON,bullish,bullish,FVG,BOS bullish | Vol 1.5x | FVG | ChoCH | Engulfing | Session:LONDON | StrongTrend1h | Zone:FVG | MTF 14,BOS+2 | 1h+2 | 4h+2 | Vol+1 | BTC+2 | FVG+1 | ChoCH+1 | Engulfing+1 | Zone:FVG+1 | Sess:LONDON | Strong1h+1,0,0,0.45,bull,0.911,1.6066,0.0,0.1916,2.266,1.0,0.3094,1.0,16498,0,3,0.982,1.319,1,1.212,2
XRPUSDT,16513,16547,1721044800,1721076300,LONG,TRAIL,0.5321,0.53767449,0.55997243,0.52280919,0.6944892492158784,0.46540265719645235,0.22908659201942608,16,1.46,54.82,0.19282511210762018,0.013628271283149149,2.676693430672861,base,adaptive disabled,1.15,82.1,90,73,80,80,OVERLAP,bullish,bullish,OB,BOS bullish | Vol 1.5x | FVG | OB | ChoCH | Engulfing | Session:OVERLAP | StrongTrend1h | Zone:OB | MTF 16 | Risk x1.15,BOS+2 | BodyStrong+1 | 1h+2 | 4h+2 | Vol+1 | RSI+1 | BTCok+1 | FVG+1 | OB+1 | ChoCH+1 | Engulfing+1 | Zone:OB+1 | Sess:OVERLAP | Strong1h+1 | QualityRisk:1.15,0,1,0.45,bear,1.044,1.2019,0.0,-0.0828,1.056,1.0,-0.0949,2.0,16510,7,2,0.244,0.271,1,0.894,0
ETHUSDT,16524,16525,1721054700,1721056500,LONG,TRAIL,3364.41,3394.10859641,3512.90298203,3314.91233932,0.0,-0.13594218206596645,0.13594218206596645,16,2.07,68.59,0.5551782682512822,0.004353714998786357,1.2434689683101676,base,adaptive disabled,1.0,90.5,90,100,90,80,NEW_YORK,bullish,bullish,FVG,BOS bullish | Vol 2.1x | FVG | MACD_Div | ChoCH | Session:NEW_YORK | StrongTrend1h | Zone:FVG | MTF 16,BOS+2 | BodyStrong+1 | 1h+2 | 4h+2 | Vol+2 | BTC+2 | FVG+1 | MACD_Div+1 | ChoCH+1 | Zone:FVG+1 | Sess:NEW_YORK | Strong1h+1,0,0,0.575,range,0.0404,1.0559,0.0,0.1103,2.171,1.0,0.1442,1.0,16524,0,1,0.789,0.101,1,2.659,3
BTCUSDT,16532,16554,1721061900,1721082600,LONG,TRAIL,63374.0,64100.85706511,67008.28532556,62162.57155815,0.2720563388645505,0.2328212521206608,0.0392350867438897,14,1.55,66.17,0.37228260869565216,0.005128477005669634,1.478554600585646,base,adaptive disabled,1.0,78.5,90,100,50,80,NEW_YORK,bullish,bullish,FVG,BOS bullish | Vol 1.6x | FVG | ChoCH | Session:NEW_YORK | StrongTrend1h | Zone:FVG | MTF 14,BOS+2 | 1h+2 | 4h+2 | Vol+1 | RSI+1 | BTC+2 | FVG+1 | ChoCH+1 | Zone:FVG+1 | Sess:NEW_YORK | Strong1h+1,0,0,0.55,bull,0.3079,1.9121,1.383,0.1576,1.48,1.0,0.3747,0.375,16532,0,1,0.312,-1.0,0,1.816,0
SOLUSDT,16532,16539,1721061900,1721069100,LONG,TRAIL,153.65,155.51628657,162.98143285,150.53952238,0.6417640888676074,0.5676677512125565,0.07409633765505091,16,1.64,57.95,0.2928571428571428,0.007215274874458971,1.5491500026242742,base,adaptive disabled,1.15,83.5,90,95,70,80,NEW_YORK,bullish,bullish,FVG,BOS bullish | Vol 1.6x | FVG | ChoCH | BullWick | Session:NEW_YORK | StrongTrend1h | Zone:FVG | MTF 16 | Risk x1.15,BOS+2 | BodyStrong+1 | 1h+2 | 4h+2 | Vol+1 | RSI+1 | BTC+2 | FVG+1 | ChoCH+1 | BullWick+1 | Zone:FVG+1 | Sess:NEW_YORK | Strong1h+1 | QualityRisk:1.15,0,0,0.575,bull,0.0836,1.1788,2.828,0.0735,1.509,1.0,0.2335,0.75,16532,1,1,0.684,0.293,1,1.293,0
SOLUSDT,16544,16556,1721072700,1721084400,LONG,TRAIL,155.55,158.23393961,168.96969804,151.07676732,0.4965706662807539,0.4574504678653209,0.039120198415432995,14,1.7,63.37,0.35714285714285976,0.009209259607835136,1.7514860616663335,base,adaptive disabled,1.15,78.5,90,100,50,80,DEAD_ZONE,bullish,bullish,FVG,BOS bullish | Vol 1.7x | FVG | ChoCH | BullWick | StrongTrend1h | Zone:FVG | MTF 14 | Risk x1.15,BOS+2 | 1h+2 | 4h+2 | Vol+1 | RSI+1 | BTCok+1 | FVG+1 | ChoCH+1 | BullWick+1 | Zone:FVG+1 | Sess:DEAD_ZONE | Strong1h+1 | QualityRisk:1.15,0,0,0.525,bull,0.076,1.4494,0.601,-0.0381,1.001,1.0,0.0201,0.5625,16543,4,5,0.532,-1.0,0,0.608,0
ADAUSDT,16556,16562,1721083500,1721089800,LONG,TRAIL,0.4406,0.44635895,0.46939477,0.43100174,0.17801231171293658,0.13928068223009268,0.038731629482843886,17,2.57,67.0,0.5593220338983057,0.007706026441571051,1.4715160060472408,base,adaptive disabled,1.0,90.5,90,100,90,80,DEAD_ZONE,bullish,bullish,FVG,BOS bullish | Vol 2.6x | FVG | ChoCH | Engulfing | StrongTrend1h | Zone:FVG | MTF 17,BOS+2 | BodyStrong+1 | 1h+2 | 4h+2 | Vol+2 | RSI+1 | BTC+2 | FVG+1 | ChoCH+1 | Engulfing+1 | Zone:FVG+1 | Sess:DEAD_ZONE | Strong1h+1,0,0,0.3,bull,0.0625,1.0245,10.0,0.1682,1.564,-1.0,-0.0959,0.421875,16555,31,2,1.841,0.24,1,0.881,0
AVAXUSDT,16556,16593,1721083500,1721117700,LONG,SL,27.671,28.252091,30.576455,26.702515,-0.6847679623329204,-0.7169108194757775,0.032142857142857105,13,1.53,71.02,0.5812274368231106,0.00875369136715102,1.4540619624017896,base,adaptive disabled,1.0,78.5,90,100,50,80,DEAD_ZONE,bullish,bullish,FVG,BOS bullish | Vol 1.5x | FVG | ChoCH | StrongTrend1h | Zone:FVG | MTF 13,BOS+2 | 1h+2 | 4h+2 | Vol+1 | BTC+2 | FVG+1 | ChoCH+1 | Zone:FVG+1 | Sess:DEAD_ZONE | Strong1h+1,0,0,0.425,bull,1.2184,0.7641,1.388,0.0746,1.38,1.0,0.2607,0.5625,16556,0,5,1.848,-1.0,0,1.187,0
SOLUSDT,16562,16593,1721088900,1721117700,LONG,SL,158.32,161.1477825,172.45891251,153.60702916,-0.4797929112584951,-0.5081364984638851,0.028343587205389983,14,1.69,71.43,0.33663366336633677,0.005095348968196311,0.858818268947761,base,adaptive disabled,1.15,84.5,90,100,70,80,DEAD_ZONE,bullish,bullish,FVG,BOS bullish | Vol 1.7x | FVG | ChoCH | StrongTrend1h | Zone:FVG | MTF 14 | Risk x1.15,BOS+2 | BodyStrong+1 | 1h+2 | 4h+2 | Vol+1 | BTC+2 | FVG+1 | ChoCH+1 | Zone:FVG+1 | Sess:DEAD_ZONE | Strong1h+1 | QualityRisk:1.15,0,0,0.6,bull,1.1797,0.3395,1.229,0.1108,1.362,-1.0,-0.034,0.421875,16559,3,6,2.246,-1.0,0,1.123,0
XLMUSDT,16567,16577,1721093400,1721103300,LONG,TRAIL,0.1054,0.10736964,0.11524819,0.10211727,0.5101542871118944,0.4499528693894499,0.06020141772244448,14,1.32,65.36,0.3913043478260867,0.010776552570353695,1.894877162083273,base,adaptive disabled,1.0,76.5,90,90,50,80,OFF_HOURS,bullish,bullish,FVG,BOS bullish | Vol 1.3x | FVG | ChoCH | StrongTrend1h | Zone:FVG | MTF 14,BOS+2 | 1h+2 | 4h+2 | Vol+1 | RSI+1 | BTC+2 | FVG+1 | ChoCH+1 | Zone:FVG+1 | Sess:OFF_HOURS | Strong1h+1,0,0,0.4,bull,0.2742,1.0154,4.5,0.3411,1.5,1.0,0.2537,0.9375,16567,0,3,0.732,0.732,1,1.172,0
LINKUSDT,16624,16632,1721144700,1721152800,LONG,TRAIL,14.325,14.61910194,15.7955097,13.8348301,0.5394238086893401,0.48462775736101493,0.054796051328325164,14,1.63,68.74,0.7546468401486963,0.007831976566272658,1.213181776691906,base,adaptive disabled,1.0,78.5,90,100,50,80,NEW_YORK,bullish,bullish,FVG,BOS bullish | Vol 1.6x | FVG | ChoCH | BullWick | Session:NEW_YORK | StrongTrend1h | Zone:FVG | MTF 14,BOS+2 | 1h+2 | 4h+2 | Vol+1 | BTC+2 | FVG+1 | ChoCH+1 | BullWick+1 | Zone:FVG+1 | Sess:NEW_YORK | Strong1h+1,0,1,0.525,bear,0.0143,1.0201,0.0,0.2548,1.543,1.0,0.4137,0.9375,16622,0,3,2.608,1.233,1,1.772,8
SUIUSDT,16624,16630,1721144700,1721151000,LONG,TRAIL,0.8568,0.8747928,0.946764,0.826812,0.4016783993829447,0.36149982795437324,0.04017857142857141,15,1.32,66.74,0.4244186046511623,0.011392217994896368,1.2604349991072386,base,adaptive disabled,1.25,84.5,90,100,70,80,NEW_YORK,bullish,bullish,FVG,BOS bullish | Vol 1.3x | FVG | ChoCH | Session:NEW_YORK | StrongTrend1h | Zone:FVG | MTF 15 | Risk x1.25,BOS+2 | BodyStrong+1 | 1h+2 | 4h+2 | Vol+1 | RSI+1 | BTC+2 | FVG+1 | ChoCH+1 | Zone:FVG+1 | Sess:NEW_YORK | Strong1h+1 | QualityRisk:1.15 | RelStrengthRisk:1.25,0,0,0.45,range,0.0567,1.0004,10.0,0.1536,1.136,1.0,0.1971,0.703125,16623,0,6,2.8,0.83,1,1.436,5
ETHUSDT,16626,16663,1721146500,1721180700,LONG,TRAIL,3443.81,3496.91911561,3709.35557804,3355.29480732,0.502660286473628,0.444300643980671,0.058359642492957,16,1.75,68.05,0.5997012696041796,0.0077961074541912125,1.490917359353295,base,adaptive disabled,1.0,84.5,90,100,70,80,NEW_YORK,bullish,bullish,FVG,BOS bullish | Vol 1.8x | FVG | LiqSweep | ChoCH | Engulfing | Session:NEW_YORK | StrongTrend1h | Zone:FVG | MTF 16,BOS+2 | BodyStrong+1 | 1h+2 | 4h+2 | Vol+1 | BTC+2 | FVG+1 | LiqSweep+1 | ChoCH+1 | Engulfing+1 | Zone:FVG+1 | Sess:NEW_YORK | Strong1h+1,0,0,0.5,range,0.3394,1.405,0.0,0.2412,1.324,1.0,0.4541,0.75,16623,0,2,1.849,2.04,1,1.133,0
SOLUSDT,16655,16662,1721172600,1721179800,LONG,TRAIL,160.98,162.71388526,169.64942631,158.09019123,0.5373503144812005,0.47468094276356954,0.06266937171763094,15,1.32,57.03,0.2895752895752892,0.006224881594009136,1.0206840062099034,base,adaptive disabled,1.15,80.3,90,94,60,80,DEAD_ZONE,bullish,bullish,OB,BOS bullish | Vol 1.3x | FVG | OB | ChoCH | StrongTrend1h | Zone:OB | MTF 15 | Risk x1.15,BOS+2 | 1h+2 | 4h+2 | Vol+1 | RSI+1 | BTC+2 | FVG+1 | OB+1 | ChoCH+1 | Zone:OB+1 | Sess:DEAD_ZONE | Strong1h+1 | QualityRisk:1.15,0,1,0.525,bear,0.2457,1.3034,0.0,0.0461,1.361,1.0,-0.0902,0.5625,16655,26,1,0.072,1.371,1,0.99,0
BTCUSDT,16656,16662,1721173500,1721179800,LONG,TRAIL,65000.0,65720.50192421,68602.50962103,63799.16345966,0.35699215633965614,0.3163954569868891,0.04059669935276706,19,2.28,62.93,0.3834765698513272,0.00596728248319582,1.2250025172174157,base,adaptive disabled,1.0,84.5,90,100,70,80,DEAD_ZONE,bullish,bullish,FVG,BOS bullish | Vol 2.3x | FVG | LiqSweep | ChoCH | BullWick | StrongTrend1h | Zone:FVG | MTF 19,BOS+2 | 1h+2 | 4h+2 | Vol+2 | RSI+1 | BTC+2 | FVG+1 | LiqSweep+1 | ChoCH+1 | BullWick+1 | Zone:FVG+1 | Sess:DEAD_ZONE | Strong1h+1 | NestedOB_1h+2,0,1,0.625,bear,0.0558,1.2769,0.0,0.1057,1.784,-1.0,-0.0773,0.375,16655,0,1,0.03,0.171,1,1.221,0
XLMUSDT,16678,16686,1721193300,1721201400,LONG,TRAIL,0.1084,0.11020651,0.11743255,0.10538915,0.4007001550977177,0.36272811231910035,0.03797204277861739,13,1.95,71.47,0.47368421052631693,0.010475630303541665,2.2501653912958735,base,adaptive disabled,1.0,76.5,90,90,50,80,OFF_HOURS,bullish,bullish,FVG,BOS bullish | Vol 1.9x | FVG | ChoCH | StrongTrend1h | Zone:FVG | MTF 13,BOS+2 | 1h+2 | 4h+2 | Vol+1 | BTC+2 | FVG+1 | ChoCH+1 | Zone:FVG+1 | Sess:OFF_HOURS | Strong1h+1,0,0,0.45,range,0.0996,1.0518,9.0,0.2502,1.326,1.0,0.2333,0.52734375,16675,0,1,2.619,0.819,1,1.31,0
XRPUSDT,16689,16692,1721203200,1721206800,LONG,TRAIL,0.6054,0.6181134,0.668967,0.584211,1.3189564326943355,1.2046707184086212,0.11428571428571423,14,3.13,63.27,0.1907894736842086,0.01617254892011759,2.178262644911253,base,adaptive disabled,1.0,78.9,90,72,70,80,LONDON,bullish,bullish,FVG,BOS bullish | Vol 3.1x | FVG | ChoCH | Session:LONDON | StrongTrend1h | Zone:FVG | MTF 14,BOS+2 | 1h+2 | 4h+2 | Vol+2 | RSI+1 | BTCok+1 | FVG+1 | ChoCH+1 | Zone:FVG+1 | Sess:LONDON | Strong1h+1,0,0,0.325,bull,0.1038,1.054,0.354,0.0478,1.413,1.0,0.3302,2.0,16688,5,3,0.285,-1.0,0,1.409,0
SUIUSDT,16696,16722,1721209500,1721233800,LONG,SL,0.8804,0.8988884,0.972842,0.849586,-0.7910365418316341,-0.833893684688777,0.042857142857142844,15,1.71,62.71,0.25141776937618077,0.010211146379593635,1.7435031898767184,base,adaptive disabled,1.25,76.5,90,90,50,80,LONDON,bullish,bullish,FVG,BOS bullish | Vol 1.7x | FVG | ChoCH | BullWick | Session:LONDON | StrongTrend1h | Zone:FVG | MTF 15 | Risk x1.25,BOS+2 | 1h+2 | 4h+2 | Vol+1 | RSI+1 | BTC+2 | FVG+1 | ChoCH+1 | BullWick+1 | Zone:FVG+1 | Sess:LONDON | Strong1h+1 | QualityRisk:1.15 | RelStrengthRisk:1.25,0,1,0.45,bear,1.1391,0.4868,1.198,0.2797,1.318,1.0,0.5056,0.75,16696,2,3,1.394,-1.0,0,1.269,2
XRPUSDT,16740,16763,1721249100,1721270700,LONG,SL,0.6256,0.6387376,0.691288,0.603704,-0.7672634271099765,-0.8101205699671193,0.04285714285714281,14,1.44,65.19,0.42068965517241463,0.009105594032570875,1.0765613869490678,base,adaptive disabled,1.15,78.5,90,100,50,80,DEAD_ZONE,bullish,bullish,FVG,BOS bullish | Vol 1.4x | FVG | ChoCH | BullWick | StrongTrend1h | Zone:FVG | MTF 14 | Risk x1.15,BOS+2 | 1h+2 | 4h+2 | Vol+1 | RSI+1 | BTCok+1 | FVG+1 | ChoCH+1 | BullWick+1 | Zone:FVG+1 | Sess:DEAD_ZONE | Strong1h+1 | QualityRisk:1.15,0,0,0.475,bull,1.1281,0.9667,0.931,0.2933,1.656,1.0,0.3132,0.75,16740,0,1,0.646,1.291,1,1.863,0
XLMUSDT,16749,16762,1721257200,1721269800,LONG,SL,0.1103,0.11195629,0.11858147,0.10753951,-0.590927697618903,-0.6358789562722581,0.044951258653355176,15,1.41,62.6,0.33333333333333076,0.007845451264225789,1.2294942921001766,base,adaptive disabled,1.0,84.3,90,99,70,80,DEAD_ZONE,bullish,bullish,FVG,BOS bullish | Vol 1.4x | FVG | ChoCH | Engulfing | StrongTrend1h | Zone:FVG | MTF 15,BOS+2 | BodyStrong+1 | 1h+2 | 4h+2 | Vol+1 | RSI+1 | BTCok+1 | FVG+1 | ChoCH+1 | Engulfing+1 | Zone:FVG+1 | Sess:DEAD_ZONE | Strong1h+1,0,0,0.35,bull,1.123,0.5434,4.0,0.0173,1.859,1.0,0.1283,0.5625,16749,0,2,1.211,3.179,0,0.908,0
SOLUSDT,16783,16802,1721287800,1721305800,LONG,TRAIL,158.57,160.03946076,165.91730382,156.12089873,1.6098858956516202,1.4399271213458111,0.1699587743058089,13,1.3,59.66,0.3994334277620498,0.004679058739397584,1.0157403266202922,base,adaptive disabled,1.15,68.0,60,100,50,80,LONDON,neutral,bullish,FVG,BOS bullish | Vol 1.3x | FVG | ChoCH | Session:LONDON | Zone:FVG | MTF 13 | Risk x1.15,BOS+2 | 1hN+1 | 4h+2 | Vol+1 | RSI+1 | BTCok+1 | FVG+1 | ChoCH+1 | Zone:FVG+1 | Sess:LONDON | NestedOB_1h+2 | QualityRisk:1.15,0,0,0.475,range,0.1674,1.6401,0.0,0.1584,1.253,1.0,0.2442,1.3125,16781,5,2,0.175,0.763,1,0.801,1
SOLUSDT,16802,16812,1721304900,1721314800,LONG,SL,160.61,162.54737342,170.29686709,157.3810443,-0.9267702248129346,-1.0013810347413583,0.07461080992842362,15,2.51,63.73,0.2901785714285728,0.006185224263586349,1.2886426446011747,base,adaptive disabled,1.25,83.3,90,94,70,80,OVERLAP,bullish,bullish,FVG,BOS bullish | Vol 2.5x | FVG | ChoCH | Session:OVERLAP | StrongTrend1h | Zone:FVG | MTF 15 | Risk x1.25,BOS+2 | 1h+2 | 4h+2 | Vol+2 | RSI+1 | BTC+2 | FVG+1 | ChoCH+1 | Zone:FVG+1 | Sess:OVERLAP | Strong1h+1 | QualityRisk:1.15 | RelStrengthRisk:1.25,0,0,0.55,range,1.3751,0.5316,2.826,0.0085,1.994,1.0,0.017,0.75,16802,0,1,1.066,2.362,1,0.86,0
ETHUSDT,16809,16812,1721311200,1721314800,LONG,SL,3457.51,3482.404072,3581.98036,3416.01988,-1.5715789686797668,-1.790328968679765,0.21874999999999795,16,2.02,65.2,0.6220949814752488,0.0040104566752204,1.364450885393765,base,adaptive disabled,1.0,90.5,90,100,90,80,OVERLAP,bullish,bullish,FVG,BOS bullish | Vol 2.0x | FVG | ChoCH | Session:OVERLAP | StrongTrend1h | Zone:FVG | MTF 16,BOS+2 | BodyStrong+1 | 1h+2 | 4h+2 | Vol+2 | RSI+1 | BTC+2 | FVG+1 | ChoCH+1 | Zone:FVG+1 | Sess:OVERLAP | Strong1h+1,0,0,0.475,bull,1.3377,0.5017,10.0,0.1582,2.031,1.0,0.2173,1.3125,16804,3,3,1.006,2.213,1,1.783,0
XLMUSDT,16855,16890,1721352600,1721385000,SHORT,TRAIL,0.1024,0.1014412,0.09760602,0.10399799,0.3132983060514087,0.2412077422806714,0.07209056377073728,15,2.0,31.68,0.5555555555555487,0.008164647979391102,1.683550414983373,base,adaptive disabled,1.15,90.5,90,100,90,80,OFF_HOURS,bearish,bearish,FVG,BOS bearish | Vol 2.0x | FVG | ChoCH | StrongTrend1h | Zone:FVG | MTF 15 | Risk x1.15,BOS+2 | BodyStrong+1 | 1h+2 | 4h+2 | Vol+2 | BTC+2 | FVG+1 | ChoCH+1 | Zone:FVG+1 | Sess:OFF_HOURS | Strong1h+1 | TrendPairRisk:1.15,0,0,0.475,range,0.8761,1.2516,0.0,0.0909,0.996,1.0,-0.0003,0.5625,16851,0,2,2.61,1.004,1,1.205,0
SOLUSDT,16865,16874,1721361600,1721370600,LONG,TRAIL,161.32,164.70772,178.2586,155.6738,0.3227255914894504,0.2986184486323075,0.024107142857142886,14,1.94,63.12,0.5343750000000023,0.00755364394169038,1.2705553997842718,base,adaptive disabled,1.15,84.5,90,100,70,80,OFF_HOURS,bullish,bullish,FVG,BOS bullish | Vol 1.9x | FVG | ChoCH | StrongTrend1h | Zone:FVG | MTF 14 | Risk x1.15,BOS+2 | BodyStrong+1 | 1h+2 | 4h+2 | Vol+1 | RSI+1 | BTCok+1 | FVG+1 | ChoCH+1 | Zone:FVG+1 | Sess:OFF_HOURS | Strong1h+1 | QualityRisk:1.15,0,0,0.55,range,0.1134,1.1719,0.0,0.1199,1.501,1.0,0.1128,0.421875,16865,1,3,1.319,0.404,1,0.52,0
ETHUSDT,16874,16914,1721369700,1721406600,LONG,TRAIL,3439.37,3479.75268296,3641.28341478,3372.06552841,0.8789827769673753,0.7783763903850898,0.10060638658228555,13,1.54,63.78,0.2659555234134907,0.00403980779478478,1.3093716480898074,base,adaptive disabled,1.0,66.2,60,91,50,80,OFF_HOURS,neutral,bullish,FVG,BOS bullish | Vol 1.5x | FVG | ChoCH | BullWick | Zone:FVG | MTF 13,BOS+2 | 1hN+1 | 4h+2 | Vol+1 | RSI+1 | BTC+2 | FVG+1 | ChoCH+1 | BullWick+1 | Zone:FVG+1 | Sess:OFF_HOURS,0,0,0.525,bull,0.9314,1.4519,0.653,0.2367,1.414,1.0,0.2053,0.984375,16874,0,1,0.843,4.062,0,0.69,0
SOLUSDT,16900,16905,1721393100,1721398500,LONG,TRAIL,163.56,166.9569002,180.544501,157.89849967,1.0171659949867704,0.9413300901957871,0.07583590479098326,14,1.32,59.72,0.32057416267942396,0.00605188113659019,0.9451211352374933,base,adaptive disabled,1.15,78.1,90,98,50,80,OVERLAP,bullish,bullish,FVG,BOS bullish | Vol 1.3x | FVG | ChoCH | Session:OVERLAP | StrongTrend1h | Zone:FVG | MTF 14 | Risk x1.15,BOS+2 | 1h+2 | 4h+2 | Vol+1 | RSI+1 | BTC+2 | FVG+1 | ChoCH+1 | Zone:FVG+1 | Sess:OVERLAP | Strong1h+1 | QualityRisk:1.15,0,0,0.55,range,0.2314,1.2453,1.314,0.0362,1.832,1.0,0.2869,1.3125,16900,0,2,0.731,1.632,1,1.266,5
ETHUSDT,16909,16919,1721401200,1721411100,LONG,TRAIL,3451.0,3502.25660633,3707.28303164,3365.57232279,0.35950703723149957,0.31406070032061456,0.045446336910884996,13,4.3,71.77,0.6693872578876827,0.007839309887623406,2.3358811561914177,base,adaptive disabled,1.0,79.0,80,90,70,80,NEW_YORK,bullish,bullish,FVG,BOS bullish | Vol 4.3x | FVG | ChoCH | Session:NEW_YORK | Zone:FVG | MTF 13,BOS+2 | 1h+2 | 4h+2 | Vol+2 | BTC+2 | FVG+1 | ChoCH+1 | Zone:FVG+1 | Sess:NEW_YORK,0,0,0.625,range,0.1366,1.2572,6.549,0.1135,3.022,1.0,0.6336,0.5625,16906,0,6,2.998,1.889,1,1.864,0
ETHUSDT,16928,17119,1721418300,1721591100,LONG,EXPIRED,3508.0,3560.10495845,3768.52479225,3421.15840258,0.0,-0.06059308161445826,0.06059308161445826,15,1.34,67.91,0.302221225039262,0.00793605674683585,1.71482597616234,base,adaptive disabled,1.15,80.7,90,96,60,80,DEAD_ZONE,bullish,bullish,OB,BOS bullish | Vol 1.3x | FVG | OB | ChoCH | StrongTrend1h | Zone:OB | MTF 15 | Risk x1.15,BOS+2 | 1h+2 | 4h+2 | Vol+1 | RSI+1 | BTC+2 | FVG+1 | OB+1 | ChoCH+1 | Zone:OB+1 | Sess:DEAD_ZONE | Strong1h+1 | QualityRisk:1.15,0,0,0.425,bull,1.1258,0.6312,0.958,-0.0096,0.807,1.0,0.3989,0.75,16927,5,2,0.162,0.002,1,1.72,1
SOLUSDT,16949,17017,1721437200,1721499300,LONG,TRAIL,169.76,172.76,177.92938913,167.03687029,1.2499529864322483,1.162287312952449,0.08766567347979926,17,2.29,59.24,0.20740740740740912,0.006822523988119323,1.0766321882368934,base,adaptive disabled,1.25,87.3,90,84,90,80,OFF_HOURS,bullish,bullish,FVG,BOS bullish | Vol 2.3x | FVG | LiqSweep | ChoCH | Engulfing | StrongTrend1h | Zone:FVG | MTF 17 | Risk x1.25,BOS+2 | BodyStrong+1 | 1h+2 | 4h+2 | Vol+2 | RSI+1 | BTCok+1 | FVG+1 | LiqSweep+1 | ChoCH+1 | Engulfing+1 | Zone:FVG+1 | Sess:OFF_HOURS | Strong1h+1 | QualityRisk:1.15 | RelStrengthRisk:1.25,0,1,0.6,bear,0.9364,1.6333,5.6,0.0229,1.747,1.0,0.0185,0.703125,16949,24,4,0.713,2.529,1,1.301,2
AVAXUSDT,16962,17016,1721448900,1721498400,LONG,TRAIL,28.345,28.66225247,29.93126235,27.81624588,0.5656178455925008,0.5053098048721749,0.060308040720325896,16,1.35,66.08,0.7673267326732663,0.004091376246451014,0.9204297704945116,base,adaptive disabled,1.25,84.5,90,100,70,80,OFF_HOURS,bullish,bullish,FVG,BOS bullish | Vol 1.4x | FVG | ChoCH | Engulfing | StrongTrend1h | Zone:FVG | MTF 16 | Risk x1.25,BOS+2 | BodyStrong+1 | 1h+2 | 4h+2 | Vol+1 | RSI+1 | BTC+2 | FVG+1 | ChoCH+1 | Engulfing+1 | Zone:FVG+1 | Sess:OFF_HOURS | Strong1h+1 | QualityRisk:1.15 | RelStrengthRisk:1.25,0,0,0.475,bull,1.095,1.2325,0.0,0.12,1.648,1.0,0.3052,0.5625,16962,0,4,1.434,0.06,1,0.743,2
XLMUSDT,16963,16972,1721449800,1721458800,LONG,TRAIL,0.1052,0.10614494,0.10992471,0.1036251,0.7460305324023376,0.6333090897710597,0.1127214426312779,14,1.45,64.89,0.6190476190476196,0.004430007567437171,1.5416426349448318,base,adaptive disabled,1.0,72.2,55,100,70,80,OFF_HOURS,bullish,neutral,FVG,BOS bullish | Vol 1.4x | FVG | LiqSweep | ChoCH | Zone:FVG | MTF 14,BOS+2 | BodyStrong+1 | 1h+2 | 4hN+1 | Vol+1 | RSI+1 | BTC+2 | FVG+1 | LiqSweep+1 | ChoCH+1 | Zone:FVG+1 | Sess:OFF_HOURS,0,0,0.375,range,0.381,1.2699,0.0,0.1372,0.775,1.0,0.1716,0.84375,16963,0,2,2.667,1.067,1,1.867,5
XRPUSDT,16965,17156,1721451600,1721624400,LONG,EXPIRED,0.5884,0.6111,0.650182,0.567806,0.0,-0.03214285714285715,0.03214285714285715,15,2.01,70.88,0.6482412060301546,0.009279758801408916,1.4516552419414603,base,adaptive disabled,1.15,84.5,90,100,70,80,OFF_HOURS,bullish,bullish,FVG,BOS bullish | Vol 2.0x | FVG | ChoCH | BullWick | StrongTrend1h | Zone:FVG | MTF 15 | Risk x1.15,BOS+2 | 1h+2 | 4h+2 | Vol+2 | BTC+2 | FVG+1 | ChoCH+1 | BullWick+1 | Zone:FVG+1 | Sess:OFF_HOURS | Strong1h+1 | RelStrengthRisk:1.15,0,0,0.35,bull,0.8061,0.859,2.804,0.1238,2.518,1.0,0.5596,0.5625,16964,0,2,1.335,0.984,1,1.124,0
LINKUSDT,16975,17017,1721460600,1721499300,LONG,TRAIL,14.111,14.29185848,15.01529238,13.80956921,0.33116600152272097,0.26533465844725107,0.06583134307546988,16,1.38,65.26,0.4803921568627386,0.0032720802114190703,0.9227920612309374,base,adaptive disabled,1.15,81.5,90,100,60,80,OFF_HOURS,bullish,bullish,OB,BOS bullish | Vol 1.4x | FVG | OB | ChoCH | BullWick | StrongTrend1h | Zone:OB | MTF 16 | Risk x1.15,BOS+2 | 1h+2 | 4h+2 | Vol+1 | RSI+1 | BTC+2 | FVG+1 | OB+1 | ChoCH+1 | BullWick+1 | Zone:OB+1 | Sess:OFF_HOURS | Strong1h+1 | QualityRisk:1.15,0,0,0.4,bull,0.8858,1.0229,0.598,0.3683,1.421,-1.0,-0.0013,0.703125,16971,5,2,0.078,6.144,0,1.264,0
SUIUSDT,16975,16998,1721460600,1721482200,LONG,SL,0.8807,0.8991947,0.9731735,0.8498755,-0.5803013836396376,-0.6124442407824947,0.03214285714285711,13,1.39,71.71,0.5174129353233854,0.010340789926502602,1.8939046744186059,base,adaptive disabled,1.25,76.5,90,90,50,80,LONDON,bullish,bullish,FVG,BOS bullish | Vol 1.4x | FVG | ChoCH | Engulfing | Session:LONDON | StrongTrend1h | Zone:FVG | MTF 13 | Risk x1.25,BOS+2 | 1h+2 | 4h+2 | Vol+1 | BTCok+1 | FVG+1 | ChoCH+1 | Engulfing+1 | Zone:FVG+1 | Sess:LONDON | Strong1h+1 | QualityRisk:1.15 | RelStrengthRisk:1.25,0,0,0.425,bull,1.0576,0.584,10.0,0.1213,1.573,1.0,0.2619,0.5625,16975,0,6,2.947,0.277,1,1.265,0
LINKUSDT,17006,17011,1721488500,1721493900,LONG,TRAIL,14.02,14.16355126,14.7377563,13.7807479,0.9860674056240392,0.8395692139676231,0.14649819165641606,16,1.33,55.91,0.28921568627450844,0.00519127963558403,1.4188479772730334,base,adaptive disabled,1.25,83.3,90,94,70,80,NEW_YORK,bullish,bullish,FVG,BOS bullish | Vol 1.3x | FVG | LiqSweep | ChoCH | Session:NEW_YORK | StrongTrend1h | Zone:FVG | MTF 16 | Risk x1.25,BOS+2 | BodyStrong+1 | 1h+2 | 4h+2 | Vol+1 | RSI+1 | BTC+2 | FVG+1 | LiqSweep+1 | ChoCH+1 | Zone:FVG+1 | Sess:NEW_YORK | Strong1h+1 | QualityRisk:1.15 | RelStrengthRisk:1.25,0,1,0.55,bear,0.1254,1.1007,0.0,0.0002,1.795,1.0,0.0055,1.25,17004,1,2,1.091,0.838,1,1.154,0
ETHUSDT,17016,17111,1721497500,1721583900,LONG,SL,3522.75,3554.88765195,3683.43825977,3469.18724674,-0.5700323105459429,-0.6440220423799781,0.07398973183403512,15,1.81,67.27,0.3770972471086519,0.005768835299283286,2.9273988265953523,base,adaptive disabled,1.0,76.5,90,90,50,80,OFF_HOURS,bullish,bullish,FVG,BOS bullish | Vol 1.8x | FVG | ChoCH | Engulfing | StrongTrend1h | Zone:FVG | MTF 15,BOS+2 | 1h+2 | 4h+2 | Vol+1 | RSI+1 | BTC+2 | FVG+1 | ChoCH+1 | Engulfing+1 | Zone:FVG+1 | Sess:OFF_HOURS | Strong1h+1,0,0,0.55,range,1.3582,0.4907,1.851,0.0471,1.212,1.0,0.2553,0.5625,17016,0,1,1.649,1.205,1,1.113,0
LINKUSDT,17030,17082,1721510100,1721557800,LONG,TRAIL,14.211,14.35638451,14.93792253,13.96869249,0.416672946618707,0.3067067924536957,0.1099661541650113,17,1.8,59.96,0.27338129496402375,0.003964604367241718,0.9540585221439555,base,adaptive disabled,1.15,85.9,90,92,80,80,DEAD_ZONE,bullish,bullish,OB,BOS bullish | Vol 1.8x | FVG | OB | ChoCH | Engulfing | BullWick | StrongTrend1h | Zone:OB | MTF 17 | Risk x1.15,BOS+2 | BodyStrong+1 | 1h+2 | 4h+2 | Vol+1 | RSI+1 | BTCok+1 | FVG+1 | OB+1 | ChoCH+1 | Engulfing+1 | BullWick+1 | Zone:OB+1 | Sess:DEAD_ZONE | Strong1h+1 | QualityRisk:1.15,0,0,0.35,range,1.139,1.018,1.727,-0.0042,1.267,1.0,0.0385,0.9375,17029,11,4,0.077,3.016,0,0.551,0
AVAXUSDT,17034,17087,1721513700,1721562300,LONG,TRAIL,28.971,29.44746053,31.35330265,28.17689912,0.5014331261674548,0.446708970717583,0.054724155449871914,14,1.43,66.51,0.48363636363636087,0.00525402240206155,1.1462388717038599,base,adaptive disabled,1.25,78.5,90,100,50,80,DEAD_ZONE,bullish,bullish,FVG,BOS bullish | Vol 1.4x | FVG | ChoCH | StrongTrend1h | Zone:FVG | MTF 14 | Risk x1.25,BOS+2 | 1h+2 | 4h+2 | Vol+1 | RSI+1 | BTC+2 | FVG+1 | ChoCH+1 | Zone:FVG+1 | Sess:DEAD_ZONE | Strong1h+1 | QualityRisk:1.15 | RelStrengthRisk:1.25,0,0,0.45,range,0.5428,1.2005,1.735,0.2136,1.244,1.0,0.3522,0.75,17034,0,1,0.571,1.356,1,1.201,4
LINKUSDT,17043,17048,1721521800,1721527200,LONG,TRAIL,14.211,14.3133192,14.722596,14.040468,0.4401984945433172,0.323010994543317,0.11718750000000022,15,1.58,46.13,0.25072046109510177,0.005568471054223152,1.2254919758649176,base,adaptive disabled,1.15,85.5,90,90,80,80,OFF_HOURS,bullish,bullish,OB,BOS bullish | Vol 1.6x | FVG | OB | ChoCH | StrongTrend1h | Zone:OB | MTF 15 | Risk x1.15,BOS+2 | BodyStrong+1 | 1h+2 | 4h+2 | Vol+1 | RSI+1 | BTCok+1 | FVG+1 | OB+1 | ChoCH+1 | Zone:OB+1 | Sess:OFF_HOURS | Strong1h+1 | QualityRisk:1.15,0,1,0.525,bear,0.2404,1.0946,0.0,0.0382,0.766,1.0,-0.1628,0.703125,17043,25,2,1.65,0.485,1,0.695,0
SOLUSDT,17051,17052,1721529000,1721530800,LONG,TRAIL,173.81,175.061432,180.06716,171.72428,0.0,-0.0703124999999997,0.0703124999999997,16,2.85,67.15,0.3934837092731747,0.004308114005740714,1.0534248908972788,base,adaptive disabled,1.15,90.5,90,100,90,80,OFF_HOURS,bullish,bullish,FVG,BOS bullish | Vol 2.9x | FVG | ChoCH | StrongTrend1h | Zone:FVG | MTF 16 | Risk x1.15,BOS+2 | BodyStrong+1 | 1h+2 | 4h+2 | Vol+2 | RSI+1 | BTC+2 | FVG+1 | ChoCH+1 | Zone:FVG+1 | Sess:OFF_HOURS | Strong1h+1 | QualityRisk:1.15,0,1,0.475,bear,0.1295,1.5342,0.0,0.0656,1.881,1.0,0.0665,0.421875,17051,4,4,1.463,0.027,1,2.912,3
XRPUSDT,17063,17085,1721539800,1721560500,LONG,SL,0.6016,0.61167898,0.65199488,0.58480171,-1.1496705914709215,-1.2168202834931452,0.06714969202222372,15,1.61,59.58,0.24302788844621373,0.010479362416625018,2.149714725068321,base,adaptive disabled,1.15,80.3,90,79,70,80,OFF_HOURS,bullish,bullish,FVG,BOS bullish | Vol 1.6x | FVG | ChoCH | StrongTrend1h | Zone:FVG | MTF 15 | Risk x1.15,BOS+2 | BodyStrong+1 | 1h+2 | 4h+2 | Vol+1 | RSI+1 | BTC+2 | FVG+1 | ChoCH+1 | Zone:FVG+1 | Sess:OFF_HOURS | Strong1h+1 | QualityRisk:1.15,0,0,0.325,range,1.2442,0.0298,1.968,0.0576,1.27,1.0,0.3345,0.9375,17063,2,3,1.055,1.082,1,1.649,1
AVAXUSDT,17086,17099,1721560500,1721573100,LONG,TRAIL,29.297,29.84211889,32.02259444,28.38846852,0.821071571892064,0.756578484651983,0.06449308724008106,15,5.72,65.09,0.48534201954397527,0.007068376152483328,1.5038615189291256,base,adaptive disabled,1.0,84.5,90,100,70,80,OVERLAP,bullish,bullish,FVG,BOS bullish | Vol 5.7x | FVG | ChoCH | Session:OVERLAP | StrongTrend1h | Zone:FVG | MTF 15,BOS+2 | 1h+2 | 4h+2 | Vol+2 | RSI+1 | BTC+2 | FVG+1 | ChoCH+1 | Zone:FVG+1 | Sess:OVERLAP | Strong1h+1,0,1,0.45,bear,0.2939,1.0677,2.584,0.2684,3.525,1.0,0.4126,1.0,17086,0,1,0.865,0.033,1,1.59,2
BTCUSDT,17100,17110,1721573100,1721583000,LONG,TRAIL,67248.0,67734.54216168,69680.71080839,66437.0963972,0.16307723532533563,0.08144330279448336,0.08163393253085227,16,2.09,63.28,0.2839945744320165,0.0038440595155906465,2.225157501225897,base,adaptive disabled,1.0,76.8,60,84,90,80,NEW_YORK,neutral,bullish,FVG,BOS bullish | Vol 2.1x | FVG | LiqSweep | ChoCH | BullWick | Session:NEW_YORK | Zone:FVG | MTF 16,BOS+2 | BodyStrong+1 | 1hN+1 | 4h+2 | Vol+2 | RSI+1 | BTC+2 | FVG+1 | LiqSweep+1 | ChoCH+1 | BullWick+1 | Zone:FVG+1 | Sess:NEW_YORK,0,1,0.5,bear,0.3621,1.0182,0.0,0.2185,2.106,1.0,0.2116,0.4921875,17100,0,2,1.737,0.799,1,1.774,0
ETHUSDT,17101,17110,1721574000,1721583000,LONG,TRAIL,3499.57,3524.766904,3625.55452,3457.57516,0.5674907127130404,0.3487407127130419,0.2187499999999985,16,2.61,63.05,0.23020753266717758,0.004594231788159737,2.518143089230015,base,adaptive disabled,1.0,75.4,60,77,90,80,NEW_YORK,neutral,bullish,FVG,BOS bullish | Vol 2.6x | FVG | LiqSweep | ChoCH | BullWick | Session:NEW_YORK | Zone:FVG | MTF 16,BOS+2 | BodyStrong+1 | 1hN+1 | 4h+2 | Vol+2 | RSI+1 | BTC+2 | FVG+1 | LiqSweep+1 | ChoCH+1 | BullWick+1 | Zone:FVG+1 | Sess:NEW_YORK,0,1,0.5,bear,0.2946,1.0882,1.802,0.2639,1.762,1.0,0.3681,1.3125,17099,1,1,1.234,0.309,1,1.035,0
SOLUSDT,17101,17104,1721574000,1721577600,LONG,TRAIL,173.64,175.49957889,182.93789447,170.54070184,0.5284617494320464,0.444423368303849,0.08403838112819738,19,2.09,60.88,0.18546845124282998,0.005863004812854279,1.620364314005096,base,adaptive disabled,1.15,80.9,90,82,70,80,NEW_YORK,bullish,bullish,FVG,BOS bullish | Vol 2.1x | FVG | LiqSweep | ChoCH | BullWick | Session:NEW_YORK | StrongTrend1h | Zone:FVG | MTF 19 | Risk x1.15,BOS+2 | 1h+2 | 4h+2 | Vol+2 | RSI+1 | BTC+2 | FVG+1 | LiqSweep+1 | ChoCH+1 | BullWick+1 | Zone:FVG+1 | Sess:NEW_YORK | Strong1h+1 | NestedOB_1h+2 | QualityRisk:1.15,0,0,0.625,range,0.0936,1.737,2.31,0.3073,1.817,1.0,0.2377,0.75,17100,0,1,0.741,0.766,1,1.409,0
AVAXUSDT,17107,17122,1721579400,1721593800,LONG,TRAIL,31.217,31.872557,34.494785,30.124405,1.0207117668215802,0.9671403382501516,0.0535714285714286,15,2.64,70.04,0.5992606284658032,0.015336412650741857,2.388051676822632,base,adaptive disabled,1.15,88.5,90,90,90,80,NEW_YORK,bullish,bullish,FVG,BOS bullish | Vol 2.6x | FVG | ChoCH | Session:NEW_YORK | StrongTrend1h | Zone:FVG | MTF 15 | Risk x1.15,BOS+2 | BodyStrong+1 | 1h+2 | 4h+2 | Vol+2 | BTC+2 | FVG+1 | ChoCH+1 | Zone:FVG+1 | Sess:NEW_YORK | Strong1h+1 | RelStrengthRisk:1.15,0,0,0.425,range,1.3491,1.3698,8.356,0.2879,1.519,1.0,0.5042,0.9375,17107,1,2,0.168,-1.0,0,1.316,0
DOTUSDT,17123,17224,1721593800,1721685600,LONG,SL,6.368,6.501728,7.03664,6.14512,-1.0909037374371857,-1.1471537374371856,0.056250000000000015,14,1.54,66.15,0.725000000000002,0.009054278960146869,2.26465625354812,base,adaptive disabled,1.15,66.0,60,90,50,80,DEAD_ZONE,neutral,bullish,FVG,BOS bullish | Vol 1.5x | FVG | LiqSweep | ChoCH | BullWick | Zone:FVG | MTF 14 | Risk x1.15,BOS+2 | 1hN+1 | 4h+2 | Vol+1 | RSI+1 | BTC+2 | FVG+1 | LiqSweep+1 | ChoCH+1 | BullWick+1 | Zone:FVG+1 | Sess:DEAD_ZONE | RelStrengthRisk:1.15,0,0,0.475,range,1.1935,0.8151,0.0,0.1384,2.128,-1.0,-0.1941,0.984375,17123,0,1,1.118,0.066,1,0.811,0
SOLUSDT,17123,17250,1721593800,1721709000,LONG,SL,182.68,186.51628,201.8614,176.2862,-0.5509487706841009,-0.5810826992555295,0.03013392857142858,13,1.79,71.39,0.6880967536600877,0.018093794139606368,3.3860687441493313,base,adaptive disabled,1.25,74.5,90,80,50,80,DEAD_ZONE,bullish,bullish,FVG,BOS bullish | Vol 1.8x | FVG | ChoCH | StrongTrend1h | Zone:FVG | MTF 13 | Risk x1.25,BOS+2 | 1h+2 | 4h+2 | Vol+1 | BTC+2 | FVG+1 | ChoCH+1 | Zone:FVG+1 | Sess:DEAD_ZONE | Strong1h+1 | QualityRisk:1.15 | RelStrengthRisk:1.25,0,0,0.55,range,1.0979,0.6699,0.0,0.0839,1.472,-1.0,-0.0434,0.52734375,17123,0,1,1.943,-1.0,0,0.57,0
LINKUSDT,17133,17158,1721602800,1721626200,LONG,SL,14.936,15.249656,16.50428,14.41324,-0.7814592260310654,-0.8216377974596369,0.04017857142857144,14,1.3,68.27,0.492187500000006,0.004632253230579399,0.6653768540450595,base,adaptive disabled,1.0,82.5,90,90,70,80,DEAD_ZONE,bullish,bullish,FVG,BOS bullish | Vol 1.3x | FVG | ChoCH | StrongTrend1h | Zone:FVG | MTF 14,BOS+2 | BodyStrong+1 | 1h+2 | 4h+2 | Vol+1 | BTC+2 | FVG+1 | ChoCH+1 | Zone:FVG+1 | Sess:DEAD_ZONE | Strong1h+1,0,0,0.625,range,1.1363,0.2009,0.438,0.2628,2.067,1.0,0.2607,0.703125,17133,2,6,2.008,-1.0,0,1.177,1
BTCUSDT,17140,17194,1721609100,1721658600,LONG,SL,68120.2,68811.26839189,71575.54195946,66968.41934685,-0.2941966415856029,-0.3274647924224879,0.03326815083688502,16,1.64,59.27,0.14280259641083273,0.003598099888601219,0.8747642774706423,base,adaptive disabled,1.15,79.9,90,77,70,80,OFF_HOURS,bullish,bullish,FVG,BOS bullish | Vol 1.6x | FVG | ChoCH | Engulfing | StrongTrend1h | Zone:FVG | MTF 16 | Risk x1.15,BOS+2 | BodyStrong+1 | 1h+2 | 4h+2 | Vol+1 | RSI+1 | BTC+2 | FVG+1 | ChoCH+1 | Engulfing+1 | Zone:FVG+1 | Sess:OFF_HOURS | Strong1h+1 | QualityRisk:1.15,0,1,0.55,bear,1.1853,0.1622,0.243,-0.032,1.292,1.0,0.0501,0.28125,17140,3,2,0.079,-1.0,0,0.82,0
AVAXUSDT,17155,17170,1721622600,1721637000,LONG,SL,32.65,33.10617028,34.93085141,31.8897162,-0.7635306710467831,-0.8279474059555105,0.06441673490872751,15,1.85,61.36,0.36011904761904523,0.007779255076337134,0.9407982384541974,base,adaptive disabled,1.25,78.5,90,100,50,80,OFF_HOURS,bullish,bullish,FVG,BOS bullish | Vol 1.9x | FVG | LiqSweep | ChoCH | StrongTrend1h | Zone:FVG | MTF 15 | Risk x1.25,BOS+2 | 1h+2 | 4h+2 | Vol+1 | RSI+1 | BTC+2 | FVG+1 | LiqSweep+1 | ChoCH+1 | Zone:FVG+1 | Sess:OFF_HOURS | Strong1h+1 | QualityRisk:1.15 | RelStrengthRisk:1.25,0,0,0.425,range,1.2377,0.274,0.0,-0.072,2.562,-1.0,-0.0174,0.75,17155,0,1,0.354,1.137,1,0.578,4
XLMUSDT,17160,17183,1721627100,1721648700,SHORT,SL,0.1031,0.10186904,0.09694519,0.1051516,-0.9504776759602278,-1.025857867030612,0.07538019107038406,14,2.83,30.28,0.6666666666666629,0.0035561111058306743,0.9245888884050086,base,adaptive disabled,1.25,84.5,90,100,70,80,OFF_HOURS,bearish,bearish,FVG,BOS bearish | Vol 2.8x | FVG | ChoCH | StrongTrend1h | Zone:FVG | MTF 14 | Risk x1.25,BOS+2 | 1h+2 | 4h+2 | Vol+2 | BTC+2 | FVG+1 | ChoCH+1 | Zone:FVG+1 | Sess:OFF_HOURS | Strong1h+1 | QualityRisk:1.15 | TrendPairRisk:1.25,0,0,0.5,range,1.4623,0.7311,1.0,-0.13,1.993,1.0,-0.6169,0.75,17160,0,1,1.138,1.422,1,2.56,6
XRPUSDT,17169,17178,1721635200,1721644200,LONG,TRAIL,0.5969,0.6065087,0.64494352,0.58088549,0.6957526228352163,0.6025715014646592,0.09318112137055719,16,1.44,55.21,0.19148936170212724,0.01463523066086231,2.5603044701600726,base,adaptive disabled,1.15,72.9,90,72,50,80,LONDON,bullish,bullish,FVG,BOS bullish | Vol 1.4x | FVG | LiqSweep | MACD_Div | ChoCH | BullWick | Session:LONDON | StrongTrend1h | Zone:FVG | MTF 16 | Risk x1.15,BOS+2 | 1h+2 | 4h+2 | Vol+1 | RSI+1 | BTCok+1 | FVG+1 | LiqSweep+1 | MACD_Div+1 | ChoCH+1 | BullWick+1 | Zone:FVG+1 | Sess:LONDON | Strong1h+1 | QualityRisk:1.15,0,1,0.475,bear,0.3497,1.0095,0.0,0.1289,1.676,1.0,-0.0779,1.25,17169,1,2,0.533,0.023,1,1.252,0
AVAXUSDT,17179,17252,1721644200,1721710800,LONG,SL,32.421,33.04043899,35.51819493,31.38860169,-1.353159905889425,-1.415967060232791,0.06280715434336592,23,1.43,56.44,0.26968641114982833,0.010057844699291342,1.401592758354891,base,adaptive disabled,1.15,85.9,90,92,80,80,LONDON,bullish,bullish,OB,BOS bullish | Vol 1.4x | FVG | OB | LiqSweep | MACD_Div | ChoCH | Engulfing | BullWick | Session:LONDON | StrongTrend1h | Zone:OB | 💎PREMIUM | MTF 23 | Risk x1.15,BOS+2 | BodyStrong+1 | 1h+2 | 4h+2 | Vol+1 | RSI+1 | BTC+2 | FVG+1 | OB+1 | LiqSweep+1 | MACD_Div+1 | ChoCH+1 | Engulfing+1 | BullWick+1 | Zone:OB+1 | Sess:LONDON | Strong1h+1 | 💎Premium+3 | QualityRisk:1.15,1,1,0.55,bear,1.5178,0.3358,0.0,0.2316,1.334,-1.0,-0.2953,1.0,17179,28,1,0.011,1.673,1,0.72,0
XRPUSDT,17184,17213,1721648700,1721675700,LONG,TRAIL,0.6103,0.6231163,0.6743815,0.5889395,0.7683960290769034,0.6933960290769035,0.07499999999999998,14,1.64,68.22,0.4239130434782545,0.006991644509076536,1.2190137840234663,base,adaptive disabled,1.15,78.5,90,100,50,80,OVERLAP,bullish,bullish,FVG,BOS bullish | Vol 1.6x | FVG | ChoCH | Engulfing | Session:OVERLAP | StrongTrend1h | Zone:FVG | MTF 14 | Risk x1.15,BOS+2 | 1h+2 | 4h+2 | Vol+1 | BTC+2 | FVG+1 | ChoCH+1 | Engulfing+1 | Zone:FVG+1 | Sess:OVERLAP | Strong1h+1 | RelStrengthRisk:1.15,0,0,0.55,bull,0.2481,1.0065,0.553,0.1459,1.935,1.0,0.3105,1.3125,17184,0,2,0.972,5.729,0,1.12,4
BTCUSDT,17219,17287,1721680200,1721742300,LONG,SL,67917.8,68872.10955826,72689.34779132,66327.28406956,-0.24070903986110215,-0.25872383702636753,0.018014797165265415,14,1.56,70.98,0.6582347873756634,0.004816889191682816,1.6881667843483865,base,adaptive disabled,1.0,78.5,90,100,50,80,DEAD_ZONE,bullish,bullish,FVG,BOS bullish | Vol 1.6x | FVG | ChoCH | Engulfing | BullWick | StrongTrend1h | Zone:FVG | MTF 14,BOS+2 | 1h+2 | 4h+2 | Vol+1 | BTCok+1 | FVG+1 | ChoCH+1 | Engulfing+1 | BullWick+1 | Zone:FVG+1 | Sess:DEAD_ZONE | Strong1h+1,0,0,0.525,bull,1.2329,0.2652,1.684,0.258,1.306,1.0,0.3994,0.2109375,17217,1,4,1.913,1.312,1,1.44,1
ETHUSDT,17226,17267,1721686500,1721724300,SHORT,SL,3450.65,3411.59688308,3255.38441539,3515.7385282,-0.9236218602958066,-1.0130841977619043,0.08946233746609755,13,1.65,35.22,0.6738997180335945,0.005029448995822112,1.5369339151134611,base,adaptive disabled,1.0,69.8,65,100,50,80,DEAD_ZONE,bearish,neutral,FVG,BOS bearish | Vol 1.6x | FVG | ChoCH | StrongTrend1h | Zone:FVG | MTF 13,BOS+2 | 1h+2 | 4hN+1 | Vol+1 | RSI+1 | BTC+2 | FVG+1 | ChoCH+1 | Zone:FVG+1 | Sess:DEAD_ZONE | Strong1h+1,0,1,0.425,bull,1.2758,0.7331,0.0,0.0609,1.606,1.0,-0.062,0.84375,17226,0,4,1.365,0.559,1,0.91,3
ETHUSDT,17255,17266,1721712600,1721723400,SHORT,SL,3439.04,3398.25995781,3235.13978906,3507.00673698,-0.9310620578801847,-1.0164476488010452,0.08538559092086054,14,1.63,35.16,0.6436018957345985,0.005489268746850566,1.3949249895588012,base,adaptive disabled,1.0,69.8,65,100,50,80,OFF_HOURS,bearish,neutral,FVG,BOS bearish | Vol 1.6x | FVG | ChoCH | Engulfing | StrongTrend1h | Zone:FVG | MTF 14,BOS+2 | 1h+2 | 4hN+1 | Vol+1 | RSI+1 | BTC+2 | FVG+1 | ChoCH+1 | Engulfing+1 | Zone:FVG+1 | Sess:OFF_HOURS | Strong1h+1,0,0,0.45,range,1.2353,0.2205,0.0,-0.1639,1.778,1.0,-0.3281,0.84375,17255,0,4,2.334,0.743,1,0.809,3
LINKUSDT,17255,17302,1721712600,1721755800,SHORT,TRAIL,13.775,13.49116241,12.35581205,14.24806265,0.20767541015035237,0.17696421299179416,0.030711197158558225,13,1.57,29.22,0.7301204819277132,0.0089098586474205,1.6726774634209711,base,adaptive disabled,1.15,78.5,90,100,50,80,OFF_HOURS,bearish,bearish,FVG,BOS bearish | Vol 1.6x | FVG | ChoCH | StrongTrend1h | Zone:FVG | MTF 13 | Risk x1.15,BOS+2 | 1h+2 | 4h+2 | Vol+1 | BTC+2 | FVG+1 | ChoCH+1 | Zone:FVG+1 | Sess:OFF_HOURS | Strong1h+1 | TrendPairRisk:1.15,0,0,0.5,range,0.7547,1.0147,3.0,-0.3245,1.313,1.0,-0.2167,0.52734375,17255,0,5,2.951,4.879,0,0.893,0
ADAUSDT,17256,17298,1721713500,1721752200,SHORT,TRAIL,0.4204,0.41354775,0.38613876,0.43182041,0.2453471090827577,0.22205246598325426,0.02329464309950345,14,1.37,31.86,0.5873015873015887,0.006354750917937465,1.4311567991688938,base,adaptive disabled,1.15,84.5,90,100,70,80,OFF_HOURS,bearish,bearish,FVG,BOS bearish | Vol 1.4x | FVG | ChoCH | StrongTrend1h | Zone:FVG | MTF 14 | Risk x1.15,BOS+2 | BodyStrong+1 | 1h+2 | 4h+2 | Vol+1 | BTC+2 | FVG+1 | ChoCH+1 | Zone:FVG+1 | Sess:OFF_HOURS | Strong1h+1 | TrendPairRisk:1.15,0,0,0.6,range,0.6042,1.2113,8.222,-0.2451,1.692,1.0,-0.4325,0.31640625,17256,1,6,2.927,1.396,1,0.991,0
ADAUSDT,17289,17298,1721743200,1721752200,SHORT,TRAIL,0.4204,0.41461031,0.39145153,0.43004949,0.5156042678180364,0.46659131480186655,0.049012953016169855,16,1.45,32.17,0.5114503816793902,0.01020761125331119,1.9496537498464377,base,adaptive disabled,1.15,82.5,90,90,70,80,NEW_YORK,bearish,bearish,FVG,BOS bearish | Vol 1.4x | FVG | LiqSweep | ChoCH | Session:NEW_YORK | StrongTrend1h | Zone:FVG | MTF 16 | Risk x1.15,BOS+2 | BodyStrong+1 | 1h+2 | 4h+2 | Vol+1 | RSI+1 | BTC+2 | FVG+1 | LiqSweep+1 | ChoCH+1 | Zone:FVG+1 | Sess:NEW_YORK | Strong1h+1 | TrendPairRisk:1.15,0,0,0.5,range,0.2902,1.4336,3.045,-0.0905,1.106,1.0,-0.3938,0.5625,17288,33,6,1.891,0.073,1,0.946,0
XLMUSDT,17290,17298,1721744100,1721752200,SHORT,TRAIL,0.1025,0.10132528,0.0966264,0.10445787,0.9505499943091794,0.8196679643480482,0.13088202996113119,15,4.56,32.02,0.40000000000000696,0.00818472486191153,1.6926011030802481,base,adaptive disabled,1.15,84.5,90,100,70,80,NEW_YORK,bearish,bearish,FVG,BOS bearish | Vol 4.6x | FVG | ChoCH | Session:NEW_YORK | StrongTrend1h | Zone:FVG | MTF 15 | Risk x1.15,BOS+2 | 1h+2 | 4h+2 | Vol+2 | RSI+1 | BTC+2 | FVG+1 | ChoCH+1 | Zone:FVG+1 | Sess:NEW_YORK | Strong1h+1 | TrendPairRisk:1.15,0,0,0.525,range,0.2043,1.362,1.143,-0.1379,3.631,1.0,-0.5711,1.25,17288,10,1,0.896,0.359,1,1.255,0
BTCUSDT,17312,17430,1721763900,1721871000,SHORT,TRAIL,65779.9,64673.72968699,60249.04843494,67623.51718835,0.25762183737559524,0.23504321138328466,0.022578625992310575,13,1.43,33.84,0.3927525315925919,0.004653030019736603,1.228841935551337,base,adaptive disabled,1.0,69.8,65,100,50,80,DEAD_ZONE,bearish,neutral,FVG,BOS bearish | Vol 1.4x | FVG | ChoCH | StrongTrend1h | Zone:FVG | MTF 13,BOS+2 | 1h+2 | 4hN+1 | Vol+1 | RSI+1 | BTC+2 | FVG+1 | ChoCH+1 | Zone:FVG+1 | Sess:DEAD_ZONE | Strong1h+1,0,0,0.55,bear,0.7304,1.3766,0.387,-0.2264,1.211,1.0,-0.3065,0.31640625,17312,0,1,0.517,5.582,0,1.256,3
AVAXUSDT,17332,17338,1721781900,1721788200,SHORT,TRAIL,29.411,28.793369,26.322845,30.440385,0.7562495029444186,0.6959816458015613,0.06026785714285728,15,3.66,29.72,0.37948290241868327,0.008379276890844995,1.2766177479783096,base,adaptive disabled,1.0,81.8,65,100,90,80,OFF_HOURS,bearish,neutral,FVG,BOS bearish | Vol 3.7x | FVG | ChoCH | BearWick | StrongTrend1h | Zone:FVG | MTF 15,BOS+2 | BodyStrong+1 | 1h+2 | 4hN+1 | Vol+2 | BTC+2 | FVG+1 | ChoCH+1 | BearWick+1 | Zone:FVG+1 | Sess:OFF_HOURS | Strong1h+1,0,0,0.475,bear,0.1088,1.0767,2.615,-0.446,3.709,1.0,-0.5253,1.0546875,17332,0,2,2.209,1.14,1,1.541,5
BTCUSDT,17339,17381,1721788200,1721826900,SHORT,SL,65862.9,65388.68712,63491.8356,66653.2548,-0.28795611793589787,-0.3348311179358978,0.046874999999999944,21,1.55,38.71,0.35571976428771457,0.003689494036691532,1.0200276800620152,base,adaptive disabled,1.25,87.5,90,100,80,80,OFF_HOURS,bearish,bearish,OB,BOS bearish | Vol 1.6x | FVG | OB | LiqSweep | ChoCH | Engulfing | BearWick | StrongTrend1h | Zone:OB | 💎PREMIUM | MTF 21 | Risk x1.25,BOS+2 | BodyStrong+1 | 1h+2 | 4h+2 | Vol+1 | RSI+1 | BTCok+1 | FVG+1 | OB+1 | LiqSweep+1 | ChoCH+1 | Engulfing+1 | BearWick+1 | Zone:OB+1 | Sess:OFF_HOURS | Strong1h+1 | 💎Premium+3 | QualityRisk:1.15 | TrendPairRisk:1.25,1,0,0.55,range,1.1705,0.5544,0.0,-0.2847,2.045,1.0,-0.1842,0.28125,17337,28,1,0.938,0.623,1,1.267,0
XRPUSDT,17344,17365,1721792700,1721812500,LONG,TRAIL,0.6019,0.61028031,0.64380154,0.58793282,1.2057005430967989,1.0925791041234338,0.11312143897336498,14,2.21,64.51,0.34751773049645224,0.006141874672928867,1.1057235587276548,base,adaptive disabled,1.25,80.0,60,100,90,80,OFF_HOURS,neutral,bullish,FVG,BOS bullish | Vol 2.2x | FVG | ChoCH | Zone:FVG | MTF 14 | Risk x1.25,BOS+2 | BodyStrong+1 | 1hN+1 | 4h+2 | Vol+2 | RSI+1 | BTC+2 | FVG+1 | ChoCH+1 | Zone:FVG+1 | Sess:OFF_HOURS | QualityRisk:1.15 | RelStrengthRisk:1.25,0,0,0.275,range,0.3723,1.6825,5.444,0.0262,2.192,1.0,0.0808,1.3125,17344,0,1,0.923,0.173,1,0.836,3
SUIUSDT,17350,17386,1721798100,1721831400,SHORT,SL,0.7952,0.7785008,0.711704,0.823032,-0.584084866340904,-0.6162277234837611,0.03214285714285718,13,1.95,31.99,0.46887966804979353,0.005494468458081817,0.9311979356664758,base,adaptive disabled,1.25,78.5,90,100,50,80,OFF_HOURS,bearish,bearish,FVG,BOS bearish | Vol 1.9x | FVG | ChoCH | StrongTrend1h | Zone:FVG | MTF 13 | Risk x1.25,BOS+2 | 1h+2 | 4h+2 | Vol+1 | BTC+2 | FVG+1 | ChoCH+1 | Zone:FVG+1 | Sess:OFF_HOURS | Strong1h+1 | QualityRisk:1.15 | TrendPairRisk:1.25,0,0,0.6,range,1.103,0.1497,1.13,-0.1992,1.78,1.0,-0.4533,0.5625,17350,0,3,1.341,1.733,1,0.743,6
LINKUSDT,17352,17406,1721799900,1721849400,SHORT,TRAIL,13.773,13.64642906,13.14014528,13.98395157,0.4725050445417467,0.3806911687312944,0.09181387581045233,17,4.3,35.69,0.45565749235473746,0.004435503164167203,0.9809502474092792,base,adaptive disabled,1.25,90.5,90,100,90,80,OFF_HOURS,bearish,bearish,FVG,BOS bearish | Vol 4.3x | FVG | ChoCH | Engulfing | StrongTrend1h | Zone:FVG | MTF 17 | Risk x1.25,BOS+2 | BodyStrong+1 | 1h+2 | 4h+2 | Vol+2 | RSI+1 | BTC+2 | FVG+1 | ChoCH+1 | Engulfing+1 | Zone:FVG+1 | Sess:OFF_HOURS | Strong1h+1 | QualityRisk:1.15 | TrendPairRisk:1.25,0,0,0.525,range,0.8817,1.0824,6.208,-0.117,3.172,1.0,-0.3178,0.703125,17350,0,1,1.049,0.597,1,0.856,0
XRPUSDT,17365,17369,1721811600,1721816100,LONG,TRAIL,0.6105,0.62102666,0.66313328,0.59295557,0.5998223949815935,0.5345773285987018,0.0652450663828917,15,1.49,63.68,0.4878048780487818,0.011623925215412187,2.4157723201694083,base,adaptive disabled,1.15,82.5,90,90,70,80,LONDON,bullish,bullish,FVG,BOS bullish | Vol 1.5x | FVG | ChoCH | Engulfing | Session:LONDON | StrongTrend1h | Zone:FVG | MTF 15 | Risk x1.15,BOS+2 | BodyStrong+1 | 1h+2 | 4h+2 | Vol+1 | RSI+1 | BTCok+1 | FVG+1 | ChoCH+1 | Engulfing+1 | Zone:FVG+1 | Sess:LONDON | Strong1h+1 | RelStrengthRisk:1.15,0,0,0.45,bull,0.0684,1.064,0.0,0.1438,1.296,1.0,0.2889,0.9375,17365,0,2,1.255,1.709,1,1.148,0
SOLUSDT,17389,17399,1721833200,1721843100,LONG,TRAIL,179.22,181.7597207,191.91860351,174.98713216,0.7018164375444643,0.622428771143805,0.07938766640065925,13,2.36,68.78,0.385600000000004,0.00797405789504281,1.619466999397591,base,adaptive disabled,1.25,81.0,80,100,70,80,NEW_YORK,bullish,bullish,FVG,BOS bullish | Vol 2.4x | FVG | ChoCH | Session:NEW_YORK | Zone:FVG | MTF 13 | Risk x1.25,BOS+2 | 1h+2 | 4h+2 | Vol+2 | BTC+2 | FVG+1 | ChoCH+1 | Zone:FVG+1 | Sess:NEW_YORK | QualityRisk:1.15 | RelStrengthRisk:1.25,0,0,0.475,bull,0.6355,1.0395,1.883,0.0285,2.111,1.0,0.3224,0.9375,17387,0,2,1.157,1.938,1,2.493,0
AVAXUSDT,17398,17414,1721841300,1721856600,SHORT,TRAIL,29.269,28.654351,26.195755,30.293415,0.482568981969816,0.43971183911267325,0.04285714285714281,13,2.41,31.05,0.7556179775280906,0.008795625412937722,1.2590249969091916,base,adaptive disabled,1.15,84.5,90,100,70,80,NEW_YORK,bearish,bearish,FVG,BOS bearish | Vol 2.4x | FVG | ChoCH | Session:NEW_YORK | StrongTrend1h | Zone:FVG | MTF 13 | Risk x1.15,BOS+2 | 1h+2 | 4h+2 | Vol+2 | BTCok+1 | FVG+1 | ChoCH+1 | Zone:FVG+1 | Sess:NEW_YORK | Strong1h+1 | TrendPairRisk:1.15,0,0,0.55,bear,0.2226,1.1991,0.0,-0.1879,1.847,1.0,-0.2394,0.75,17393,0,3,2.553,0.399,1,1.455,0
BTCUSDT,17405,17416,1721847600,1721858400,SHORT,TRAIL,65982.3,65141.20650779,61776.83253897,67384.12248701,0.23076248759461257,0.18442899875107335,0.04633348884353923,14,1.52,33.04,0.3592505163765107,0.0057253642904400775,2.0441675584843995,base,adaptive disabled,1.0,72.0,60,90,70,80,OFF_HOURS,neutral,bearish,FVG,BOS bearish | Vol 1.5x | FVG | ChoCH | Engulfing | Zone:FVG | MTF 14,BOS+2 | BodyStrong+1 | 1hN+1 | 4h+2 | Vol+1 | RSI+1 | BTC+2 | FVG+1 | ChoCH+1 | Engulfing+1 | Zone:FVG+1 | Sess:OFF_HOURS,0,0,0.575,bear,0.1004,1.0673,5.46,-0.1568,1.483,-1.0,0.0054,0.4921875,17404,0,1,0.788,0.007,1,1.095,0
AVAXUSDT,17476,17501,1721911500,1721934900,SHORT,TRAIL,27.027,26.64209891,25.10249453,27.66850182,2.135212081191353,1.987754198686826,0.14745788250452702,13,1.42,35.98,0.23253388946819592,0.009516380924750418,1.572381301234973,base,adaptive disabled,1.15,75.9,90,87,50,80,OVERLAP,bearish,bearish,FVG,BOS bearish | Vol 1.4x | FVG | ChoCH | Session:OVERLAP | StrongTrend1h | Zone:FVG | MTF 13 | Risk x1.15,BOS+2 | 1h+2 | 4h+2 | Vol+1 | RSI+1 | BTCok+1 | FVG+1 | ChoCH+1 | Zone:FVG+1 | Sess:OVERLAP | Strong1h+1 | TrendPairRisk:1.15,0,0,0.475,bear,0.6641,1.6524,4.551,0.0816,1.536,-1.0,0.0334,1.75,17476,0,1,0.243,2.389,0,1.155,0
XRPUSDT,17476,17494,1721911500,1721928600,LONG,TRAIL,0.6126,0.62369983,0.66809913,0.59410029,0.9185015112128474,0.7860453808194524,0.13245613039339496,13,4.45,61.21,0.662222222222221,0.014267494466355715,1.8758653597127832,base,adaptive disabled,1.15,72.0,60,90,70,80,OVERLAP,neutral,bullish,FVG,BOS bullish | Vol 4.5x | FVG | ChoCH | Session:OVERLAP | Zone:FVG | MTF 13 | Risk x1.15,BOS+2 | 1hN+1 | 4h+2 | Vol+2 | RSI+1 | BTC+2 | FVG+1 | ChoCH+1 | Zone:FVG+1 | Sess:OVERLAP | RelStrengthRisk:1.15,0,1,0.525,bear,0.627,1.1892,0.0,-0.0422,1.836,1.0,0.1895,2.0,17475,1,2,0.769,0.192,1,2.058,1
LINKUSDT,17477,17500,1721912400,1721934000,SHORT,TRAIL,12.837,12.66226902,11.96334509,13.1282183,1.8390027956227528,1.6626814586738046,0.17632133694894825,14,1.73,33.36,0.23493975903614636,0.007819625461214718,1.804518211358237,base,adaptive disabled,1.15,80.1,90,78,70,80,OVERLAP,bearish,bearish,FVG,BOS bearish | Vol 1.7x | FVG | ChoCH | Session:OVERLAP | StrongTrend1h | Zone:FVG | MTF 14 | Risk x1.15,BOS+2 | BodyStrong+1 | 1h+2 | 4h+2 | Vol+1 | RSI+1 | BTCok+1 | FVG+1 | ChoCH+1 | Zone:FVG+1 | Sess:OVERLAP | Strong1h+1 | TrendPairRisk:1.15,0,0,0.5,bear,0.6353,1.1103,0.69,-0.1637,2.115,1.0,-0.2714,2.0,17476,0,1,0.784,0.245,1,1.274,1
ADAUSDT,17478,17482,1721913300,1721917800,SHORT,TRAIL,0.3933,0.38933054,0.37345268,0.39991577,1.1628972844327736,1.0068440207915048,0.15605326364126876,14,1.5,39.35,0.13513513513513595,0.007461466573356005,1.641522646552876,base,adaptive disabled,1.15,73.7,90,76,50,80,OVERLAP,bearish,bearish,FVG,BOS bearish | Vol 1.5x | FVG | ChoCH | Engulfing | Session:OVERLAP | StrongTrend1h | Zone:FVG | MTF 14 | Risk x1.15,BOS+2 | 1h+2 | 4h+2 | Vol+1 | RSI+1 | BTCok+1 | FVG+1 | ChoCH+1 | Engulfing+1 | Zone:FVG+1 | Sess:OVERLAP | Strong1h+1 | TrendPairRisk:1.15,0,0,0.55,bear,0.0907,1.5367,0.682,-0.0402,1.794,1.0,-0.014,1.3125,17476,0,1,0.157,1.253,1,1.305,0
SUIUSDT,17478,17502,1721913300,1721935800,SHORT,TRAIL,0.7332,0.7178028,0.656214,0.758862,0.5807335119296131,0.5235906547867561,0.057142857142856975,15,1.87,37.9,0.24590163934426634,0.00825081668440559,1.4002010952433268,base,adaptive disabled,1.25,82.3,90,89,70,80,NEW_YORK,bearish,bearish,FVG,BOS bearish | Vol 1.9x | FVG | ChoCH | Session:NEW_YORK | StrongTrend1h | Zone:FVG | MTF 15 | Risk x1.25,BOS+2 | BodyStrong+1 | 1h+2 | 4h+2 | Vol+1 | RSI+1 | BTC+2 | FVG+1 | ChoCH+1 | Zone:FVG+1 | Sess:NEW_YORK | Strong1h+1 | QualityRisk:1.15 | TrendPairRisk:1.25,0,0,0.45,bear,0.5417,1.3769,1.415,-0.0903,1.244,1.0,-0.291,1.0,17478,1,3,0.967,-1.0,0,1.152,0
ADAUSDT,17501,17506,1721934000,1721939400,SHORT,TRAIL,0.3885,0.38239548,0.3579774,0.3986742,0.27584775113899856,0.2436293089027538,0.032218442236244725,15,1.61,30.24,0.7373737373737331,0.008412205054938879,1.8446096311253068,base,adaptive disabled,1.15,82.5,90,90,70,80,OFF_HOURS,bearish,bearish,FVG,BOS bearish | Vol 1.6x | FVG | LiqSweep | ChoCH | StrongTrend1h | Zone:FVG | MTF 15 | Risk x1.15,BOS+2 | BodyStrong+1 | 1h+2 | 4h+2 | Vol+1 | BTC+2 | FVG+1 | LiqSweep+1 | ChoCH+1 | Zone:FVG+1 | Sess:OFF_HOURS | Strong1h+1 | TrendPairRisk:1.15,0,0,0.525,range,0.1081,1.1631,0.0,0.024,1.032,1.0,-0.2017,0.421875,17500,0,1,1.601,-1.0,0,1.769,8
ETHUSDT,17501,17506,1721934000,1721939400,SHORT,TRAIL,3133.38,3095.10669275,2942.01346375,3197.16884542,0.43462484915988103,0.36094315812042554,0.07368169103945546,16,2.19,33.52,0.6263257300595654,0.00855149178052444,1.8441013171708944,base,adaptive disabled,1.15,88.5,90,90,90,80,OFF_HOURS,bearish,bearish,FVG,BOS bearish | Vol 2.2x | FVG | ChoCH | StrongTrend1h | Zone:FVG | MTF 16 | Risk x1.15,BOS+2 | BodyStrong+1 | 1h+2 | 4h+2 | Vol+2 | RSI+1 | BTC+2 | FVG+1 | ChoCH+1 | Zone:FVG+1 | Sess:OFF_HOURS | Strong1h+1 | TrendPairRisk:1.15,0,0,0.575,range,0.1038,1.2118,0.0,0.0259,1.262,1.0,-0.2254,0.75,17500,0,1,0.863,0.647,1,1.217,0
SUIUSDT,17501,17514,1721934000,1721946600,SHORT,SL,0.7231,0.7079149,0.6471745,0.7484085,-0.9594108698658541,-1.0129822984372825,0.05357142857142843,13,3.45,30.44,0.9338842975206678,0.011876840196555681,1.8699705843912822,base,adaptive disabled,1.25,82.5,90,90,70,80,DEAD_ZONE,bearish,bearish,FVG,BOS bearish | Vol 3.5x | FVG | ChoCH | StrongTrend1h | Zone:FVG | MTF 13 | Risk x1.25,BOS+2 | 1h+2 | 4h+2 | Vol+2 | BTCok+1 | FVG+1 | ChoCH+1 | Zone:FVG+1 | Sess:DEAD_ZONE | Strong1h+1 | QualityRisk:1.15 | TrendPairRisk:1.25,0,0,0.475,range,1.1261,0.8627,0.0,0.1603,1.88,1.0,-0.155,0.9375,17501,0,3,1.986,-1.0,0,1.638,5
AVAXUSDT,17503,17529,1721935800,1721960100,SHORT,SL,26.706,26.145174,23.90187,27.64071,-0.9588535481593226,-1.0124249767307512,0.05357142857142863,16,3.25,32.94,0.634972677595626,0.010837885599369613,1.6925269088974308,base,adaptive disabled,1.15,84.5,90,100,70,80,OFF_HOURS,bearish,bearish,FVG,BOS bearish | Vol 3.2x | FVG | ChoCH | Engulfing | StrongTrend1h | Zone:FVG | MTF 16 | Risk x1.15,BOS+2 | 1h+2 | 4h+2 | Vol+2 | RSI+1 | BTC+2 | FVG+1 | ChoCH+1 | Engulfing+1 | Zone:FVG+1 | Sess:OFF_HOURS | Strong1h+1 | TrendPairRisk:1.15,0,0,0.55,range,1.1041,0.7008,0.0,0.0178,2.294,1.0,-0.2475,0.9375,17500,0,1,0.931,-1.0,0,1.92,1
XRPUSDT,17552,17563,1721979900,1721990700,SHORT,TRAIL,0.6026,0.59658974,0.57254872,0.61261709,0.645826095347768,0.44279557450788243,0.20303052083988565,15,2.22,38.43,0.42245989304812726,0.005490792945051555,0.9371999159779794,base,adaptive disabled,1.15,81.8,65,100,90,80,LONDON,bearish,neutral,FVG,BOS bearish | Vol 2.2x | FVG | ChoCH | Session:LONDON | StrongTrend1h | Zone:FVG | MTF 15 | Risk x1.15,BOS+2 | BodyStrong+1 | 1h+2 | 4hN+1 | Vol+2 | RSI+1 | BTC+2 | FVG+1 | ChoCH+1 | Zone:FVG+1 | Sess:LONDON | Strong1h+1 | QualityRisk:1.15,0,0,0.575,range,0.1797,1.198,0.0,0.0372,1.64,-1.0,0.0856,1.6875,17552,0,1,1.688,1.296,1,1.779,4
BTCUSDT,17560,17576,1721987100,1722002400,LONG,TRAIL,67278.0,67762.4016,69700.008,66470.664,0.4918115551809497,0.39806155518094927,0.09375000000000051,15,3.02,67.46,0.3734417344173397,0.0016461637272002494,0.6699121897385892,base,adaptive disabled,1.0,82.5,90,90,70,80,LONDON,bullish,bullish,FVG,BOS bullish | Vol 3.0x | FVG | ChoCH | Session:LONDON | StrongTrend1h | Zone:FVG | MTF 15,BOS+2 | 1h+2 | 4h+2 | Vol+2 | RSI+1 | BTC+2 | FVG+1 | ChoCH+1 | Zone:FVG+1 | Sess:LONDON | Strong1h+1,0,0,0.525,bull,0.2459,1.0347,3.305,0.1778,4.011,1.0,0.3906,0.5625,17559,0,1,0.849,0.17,1,0.738,0
SOLUSDT,17563,17577,1721989800,1722003300,LONG,TRAIL,178.46,180.61246265,189.22231325,174.87256225,0.8279450085121616,0.7649854665661032,0.06295954194605849,15,2.85,69.56,0.43222506393862187,0.0039757827850859274,0.7804732683227217,base,adaptive disabled,1.15,82.5,90,90,70,80,LONDON,bullish,bullish,FVG,BOS bullish | Vol 2.9x | FVG | ChoCH | Engulfing | Session:LONDON | StrongTrend1h | Zone:FVG | MTF 15 | Risk x1.15,BOS+2 | 1h+2 | 4h+2 | Vol+2 | BTC+2 | FVG+1 | ChoCH+1 | Engulfing+1 | Zone:FVG+1 | Sess:LONDON | Strong1h+1 | QualityRisk:1.15,0,0,0.525,bull,0.2648,2.5041,3.38,0.1574,2.951,1.0,0.2866,0.6328125,17558,0,3,1.346,4.416,0,0.734,0
BTCUSDT,17577,17601,1722002400,1722024900,LONG,TRAIL,67529.9,68016.11528,69960.9764,66719.5412,0.12329976573030543,0.08814351573030488,0.035156250000000555,16,4.07,70.9,0.4848740678204636,0.005817002784076849,2.524590467004422,base,adaptive disabled,1.0,88.5,90,90,90,80,NEW_YORK,bullish,bullish,FVG,BOS bullish | Vol 4.1x | FVG | ChoCH | Engulfing | Session:NEW_YORK | StrongTrend1h | Zone:FVG | MTF 16,BOS+2 | BodyStrong+1 | 1h+2 | 4h+2 | Vol+2 | BTC+2 | FVG+1 | ChoCH+1 | Engulfing+1 | Zone:FVG+1 | Sess:NEW_YORK | Strong1h+1,0,0,0.5,range,0.8326,1.3735,7.142,0.0705,1.878,1.0,0.3921,0.2109375,17576,0,1,1.742,1.834,1,2.779,0
XLMUSDT,17580,17693,1722005100,1722107700,SHORT,TRAIL,0.1021,0.10111963,0.09719816,0.10373395,1.5972409646741013,1.3785378219830775,0.21870314269102362,14,2.03,34.8,0.42857142857142433,0.006204697483307055,2.1261430063480558,base,adaptive disabled,1.0,72.0,60,90,70,80,NEW_YORK,neutral,bearish,FVG,BOS bearish | Vol 2.0x | FVG | LiqSweep | ChoCH | Session:NEW_YORK | Zone:FVG | MTF 14,BOS+2 | 1hN+1 | 4h+2 | Vol+2 | RSI+1 | BTC+2 | FVG+1 | LiqSweep+1 | ChoCH+1 | Zone:FVG+1 | Sess:NEW_YORK,0,0,0.675,range,0.918,1.224,0.0,0.0426,1.257,1.0,-0.0721,1.75,17580,0,1,1.152,0.461,1,0.691,4
XRPUSDT,17582,17670,1722006900,1722087000,SHORT,SL,0.5932,0.58532162,0.55380808,0.60633064,-0.8282155325254508,-0.8959806985798087,0.06776516605435792,14,2.11,29.58,0.5515695067264568,0.007404133213957459,1.6505732526746415,base,adaptive disabled,1.15,84.5,90,100,70,80,NEW_YORK,bearish,bearish,FVG,BOS bearish | Vol 2.1x | FVG | ChoCH | Session:NEW_YORK | StrongTrend1h | Zone:FVG | MTF 14 | Risk x1.15,BOS+2 | 1h+2 | 4h+2 | Vol+2 | BTC+2 | FVG+1 | ChoCH+1 | Zone:FVG+1 | Sess:NEW_YORK | Strong1h+1 | TrendPairRisk:1.15,0,0,0.55,range,1.1728,0.4569,3.0,0.0898,2.187,1.0,-0.5358,0.75,17580,2,5,2.091,1.072,1,0.777,0
BTCUSDT,17602,17609,1722024900,1722032100,LONG,TRAIL,67628.5,68115.4252,70063.126,66816.958,0.16008576329596835,0.09758576329596845,0.0624999999999999,16,3.17,64.33,0.37832274232524477,0.004451961746611682,1.6211459202560292,base,adaptive disabled,1.0,84.5,90,100,70,80,DEAD_ZONE,bullish,bullish,FVG,BOS bullish | Vol 3.2x | FVG | ChoCH | BullWick | StrongTrend1h | Zone:FVG | MTF 16,BOS+2 | 1h+2 | 4h+2 | Vol+2 | RSI+1 | BTC+2 | FVG+1 | ChoCH+1 | BullWick+1 | Zone:FVG+1 | Sess:DEAD_ZONE | Strong1h+1,0,0,0.55,range,0.2533,1.2378,1.821,0.141,1.896,1.0,0.4134,0.375,17600,2,2,1.019,0.008,1,2.034,1
SOLUSDT,17616,17629,1722037500,1722050100,LONG,TRAIL,182.38,183.693136,188.94568,180.19144,0.5024192467330052,0.40866924673300503,0.0937500000000002,14,1.3,61.14,0.8031088082901556,0.003803216468556614,0.8578366034637922,base,adaptive disabled,1.15,81.5,90,100,60,80,DEAD_ZONE,bullish,bullish,OB,BOS bullish | Vol 1.3x | FVG | OB | ChoCH | StrongTrend1h | Zone:OB | MTF 14 | Risk x1.15,BOS+2 | 1h+2 | 4h+2 | Vol+1 | RSI+1 | BTCok+1 | FVG+1 | OB+1 | ChoCH+1 | Zone:OB+1 | Sess:DEAD_ZONE | Strong1h+1 | QualityRisk:1.15,0,0,0.475,range,0.4843,1.4774,0.0,0.1537,1.217,1.0,0.3674,0.5625,17614,20,2,0.026,0.5,1,1.632,1
AAVEUSDT,17637,17676,1722056400,1722092400,LONG,TP2,98.48,101.03,101.41,96.62182966,0.6652209021913439,0.6205035271416486,0.04471737504969537,15,1.97,66.6,0.46913580246913766,0.006247236412822848,1.5635711442468256,base,adaptive disabled,1.15,84.5,90,100,70,80,OFF_HOURS,bullish,bullish,FVG,BOS bullish | Vol 2.0x | FVG | ChoCH | StrongTrend1h | Zone:FVG | MTF 15 | Risk x1.15,BOS+2 | BodyStrong+1 | 1h+2 | 4h+2 | Vol+1 | RSI+1 | BTC+2 | FVG+1 | ChoCH+1 | Zone:FVG+1 | Sess:OFF_HOURS | Strong1h+1 | QualityRisk:1.15,0,0,0.35,bull,0.1023,1.149,8.444,0.3847,1.382,1.0,0.4908,0.421875,17637,1,2,1.892,3.036,1,1.752,1
BTCUSDT,17645,17670,1722063600,1722087000,LONG,TRAIL,68099.9,68590.21928,70551.4964,67282.7012,0.42153818885880356,0.35122568885880345,0.07031250000000014,14,5.98,66.41,0.6653242045912106,0.001819615990584492,1.0907160479343716,base,adaptive disabled,1.15,84.5,90,100,70,80,LONDON,bullish,bullish,FVG,BOS bullish | Vol 6.0x | FVG | ChoCH | Session:LONDON | StrongTrend1h | Zone:FVG | MTF 14 | Risk x1.15,BOS+2 | 1h+2 | 4h+2 | Vol+2 | RSI+1 | BTCok+1 | FVG+1 | ChoCH+1 | Zone:FVG+1 | Sess:LONDON | Strong1h+1 | QualityRisk:1.15,0,0,0.475,range,0.2348,1.695,2.306,0.0762,3.726,1.0,0.4518,0.421875,17645,0,1,1.351,0.556,1,2.473,5
AAVEUSDT,17653,17697,1722070800,1722111300,LONG,TRAIL,99.92,101.66545833,108.64729164,97.01090279,0.0,-0.10304227681686862,0.10304227681686862,17,2.03,62.8,0.36186770428015175,0.005021608776926932,1.1960002367498077,base,adaptive disabled,1.15,90.5,90,100,90,80,LONDON,bullish,bullish,FVG,BOS bullish | Vol 2.0x | FVG | ChoCH | BullWick | Session:LONDON | StrongTrend1h | Zone:FVG | MTF 17 | Risk x1.15,BOS+2 | BodyStrong+1 | 1h+2 | 4h+2 | Vol+2 | RSI+1 | BTC+2 | FVG+1 | ChoCH+1 | BullWick+1 | Zone:FVG+1 | Sess:LONDON | Strong1h+1 | QualityRisk:1.15,0,0,0.45,bull,0.3919,1.2432,0.782,0.2302,1.428,1.0,0.3416,1.5,17653,5,2,0.981,0.605,1,1.461,0
ADAUSDT,17666,17671,1722082500,1722087900,LONG,TRAIL,0.4195,0.42258514,0.4349257,0.4143581,1.2013288102822457,1.04070907341455,0.16061973686769554,15,1.7,61.12,0.24999999999999478,0.00412728518444577,1.4338876615068334,base,adaptive disabled,1.0,82.3,90,89,70,80,OVERLAP,bullish,bullish,FVG,BOS bullish | Vol 1.7x | FVG | ChoCH | Session:OVERLAP | StrongTrend1h | Zone:FVG | MTF 15,BOS+2 | BodyStrong+1 | 1h+2 | 4h+2 | Vol+1 | RSI+1 | BTC+2 | FVG+1 | ChoCH+1 | Zone:FVG+1 | Sess:OVERLAP | Strong1h+1,0,0,0.55,range,0.0194,1.3614,6.667,0.0461,1.245,1.0,0.0939,0.984375,17666,0,1,0.966,0.161,1,0.886,0
SOLUSDT,17672,17677,1722087900,1722093300,LONG,SL,187.41,189.84628723,199.59143616,183.34952128,-0.860735947903208,-0.9299679324510794,0.06923198454787138,15,2.41,64.67,0.5938864628820942,0.005441555336950604,1.3561238314067057,base,adaptive disabled,1.15,84.5,90,100,70,80,NEW_YORK,bullish,bullish,FVG,BOS bullish | Vol 2.4x | FVG | ChoCH | Session:NEW_YORK | StrongTrend1h | Zone:FVG | MTF 15 | Risk x1.15,BOS+2 | 1h+2 | 4h+2 | Vol+2 | RSI+1 | BTC+2 | FVG+1 | ChoCH+1 | Zone:FVG+1 | Sess:NEW_YORK | Strong1h+1 | QualityRisk:1.15,0,0,0.475,range,1.1674,0.1478,0.0,0.146,2.28,-1.0,-0.1521,0.75,17672,0,3,0.677,-1.0,0,1.588,0
ADAUSDT,17684,17712,1722098700,1722124800,LONG,SL,0.4268,0.43351398,0.46036989,0.41561004,-0.6384071078002062,-0.6813161083685728,0.04290900056836665,14,1.57,64.74,0.1654676258992827,0.007333768678673562,2.0451436260150166,base,adaptive disabled,1.15,78.3,90,69,70,80,NEW_YORK,bullish,bullish,FVG,BOS bullish | Vol 1.6x | FVG | ChoCH | Session:NEW_YORK | StrongTrend1h | Zone:FVG | MTF 14 | Risk x1.15,BOS+2 | BodyStrong+1 | 1h+2 | 4h+2 | Vol+1 | RSI+1 | BTCok+1 | FVG+1 | ChoCH+1 | Zone:FVG+1 | Sess:NEW_YORK | Strong1h+1 | RelStrengthRisk:1.15,0,0,0.4,bull,1.269,0.0298,0.365,0.1354,1.369,1.0,0.2487,0.5625,17684,0,1,0.0,11.244,0,0.909,0
AAVEUSDT,17689,17702,1722103200,1722115800,LONG,TRAIL,100.87,102.5068577,109.05428851,98.14190383,0.5738172189992377,0.5183554645113084,0.055461754487929206,13,1.63,60.69,0.5424354243542415,0.006679285215958955,1.3413340570702132,base,adaptive disabled,1.15,78.5,90,100,50,80,OFF_HOURS,bullish,bullish,FVG,BOS bullish | Vol 1.6x | FVG | ChoCH | StrongTrend1h | Zone:FVG | MTF 13 | Risk x1.15,BOS+2 | 1h+2 | 4h+2 | Vol+1 | RSI+1 | BTCok+1 | FVG+1 | ChoCH+1 | Zone:FVG+1 | Sess:OFF_HOURS | Strong1h+1 | QualityRisk:1.15,0,0,0.425,range,0.6085,1.3257,0.0,-0.115,1.489,-1.0,-0.0381,0.75,17689,0,1,0.674,0.596,1,0.909,2
DOTUSDT,17770,17784,1722176100,1722189600,SHORT,TRAIL,5.716,5.67111908,5.4915954,5.79080153,0.19299047448327003,0.10702298157236326,0.08596749291090679,16,3.73,32.57,0.35064935064934855,0.003849123475752955,1.5751163137839015,base,adaptive disabled,1.15,84.5,90,100,70,80,NEW_YORK,bearish,bearish,FVG,BOS bearish | Vol 3.7x | FVG | ChoCH | Engulfing | Session:NEW_YORK | StrongTrend1h | Zone:FVG | MTF 16 | Risk x1.15,BOS+2 | 1h+2 | 4h+2 | Vol+2 | RSI+1 | BTC+2 | FVG+1 | ChoCH+1 | Engulfing+1 | Zone:FVG+1 | Sess:NEW_YORK | Strong1h+1 | TrendPairRisk:1.15,0,0,0.525,range,0.1872,1.0249,2.25,0.038,2.982,-1.0,0.0266,0.5625,17770,0,1,1.309,0.179,1,1.309,2
SUIUSDT,17771,17783,1722177000,1722188700,SHORT,TRAIL,0.7682,0.76086171,0.73150855,0.78043048,0.6326317797513297,0.5070111990382264,0.12562058071310322,18,2.19,39.88,0.25471698113207364,0.005421126772195912,1.451179556481993,base,adaptive disabled,1.25,82.5,90,90,70,80,NEW_YORK,bearish,bearish,FVG,BOS bearish | Vol 2.2x | FVG | LiqSweep | MACD_Div | ChoCH | Engulfing | Session:NEW_YORK | StrongTrend1h | Zone:FVG | MTF 18 | Risk x1.25,BOS+2 | 1h+2 | 4h+2 | Vol+2 | RSI+1 | BTC+2 | FVG+1 | LiqSweep+1 | MACD_Div+1 | ChoCH+1 | Engulfing+1 | Zone:FVG+1 | Sess:NEW_YORK | Strong1h+1 | QualityRisk:1.15 | TrendPairRisk:1.25,0,0,0.5,range,0.139,1.0493,0.0,-0.1462,2.28,-1.0,0.0226,1.0,17771,0,1,0.639,1.086,1,1.533,0
BTCUSDT,17787,17810,1722191400,1722213000,LONG,TRAIL,68196.3,68687.31336,70651.3668,67377.9444,0.3701175127707264,0.30859407527072713,0.06152343749999927,13,1.55,66.08,0.6767751479289844,0.0025946251746640342,1.3660701544606162,base,adaptive disabled,1.0,74.0,60,100,70,80,OFF_HOURS,neutral,bullish,FVG,BOS bullish | Vol 1.6x | FVG | ChoCH | Zone:FVG | MTF 13,BOS+2 | BodyStrong+1 | 1hN+1 | 4h+2 | Vol+1 | RSI+1 | BTC+2 | FVG+1 | ChoCH+1 | Zone:FVG+1 | Sess:OFF_HOURS,0,1,0.525,bear,0.4642,1.5635,0.0,0.1415,1.512,1.0,0.1229,0.369140625,17787,0,6,2.543,0.197,1,1.034,0
ADAUSDT,17798,17812,1722201300,1722214800,SHORT,SL,0.4068,0.3814,0.373772,0.41299019,-0.6996958090139402,-0.7736273038468938,0.07393149483295362,13,1.32,36.34,0.5384615384615384,0.0036882253967139796,1.3676610360803572,base,adaptive disabled,1.15,78.5,90,100,50,80,DEAD_ZONE,bearish,bearish,FVG,BOS bearish | Vol 1.3x | FVG | ChoCH | StrongTrend1h | Zone:FVG | MTF 13 | Risk x1.15,BOS+2 | 1h+2 | 4h+2 | Vol+1 | RSI+1 | BTCok+1 | FVG+1 | ChoCH+1 | Zone:FVG+1 | Sess:DEAD_ZONE | Strong1h+1 | TrendPairRisk:1.15,0,1,0.525,bull,1.3085,0.0945,0.0,0.1468,0.943,-1.0,0.1779,0.5625,17798,0,1,0.388,0.155,1,1.085,0
