symbol,direction,entry_time,exit_time,entry,sl,tp1,outcome,net_r,risk_pct,size_mult,eff_ratio,z
DOTUSDT,LONG,1771665300,1771691400,1.374,1.3618571428571429,1.3982857142857144,SL,-1.0452611764705881,0.008837596173840733,1,0.5000000000000017,2.3440966720748144
AAVEUSDT,LONG,1771666200,1771683300,120.93,119.47142857142858,123.84714285714286,TP2,1.9668360430949952,0.012061286931046288,1,0.7678275290215579,2.248832682991716
ADAUSDT,LONG,1771666200,1771671600,0.2858,0.28344285714285716,0.29051428571428567,SL,-1.0484993939393943,0.008247525742277242,1,0.3203883495145609,2.570963457839489
ETHUSDT,LONG,1771672500,1771677000,1978.06,1969.4171428571428,1995.3457142857142,SL,-1.091546578512397,0.004369360455626781,1,0.4149947201689566,2.054335529172968
HYPEUSDT,SHORT,1771677900,1771685100,29.902,30.15514285714286,29.395714285714288,SL,-1.0472492099322799,0.00846575002149881,1,0.13285714285714229,-2.5073383188194085
ZECUSDT,SHORT,1771677900,1771684200,259.55,261.96000000000004,254.73,SL,-1.0430788381742737,0.009285301483336577,1,0.12761506276150317,-2.5216015408285744
AVAXUSDT,LONG,1771680600,1771684200,9.328,9.27742857142857,9.429142857142857,TP2,1.9262192090395487,0.005421465327125747,1,0.5663430420711952,2.076582560684169
BTCUSDT,LONG,1771684200,1771691400,68413.7,68146.94285714286,68947.21428571428,SL,-1.1025857441225304,0.003899177253344597,1,0.20169342599249235,2.559975485748384
ADAUSDT,SHORT,1771690500,1771729200,0.2811,0.28344285714285716,0.2764142857142857,TP2,1.9520073170731709,0.008334603852213256,1,0.2777777777777772,-2.454025553359359
HYPEUSDT,SHORT,1771690500,1771698600,29.709,30.003999999999998,29.119,SL,-1.0402833898305086,0.009929650947524292,1,0.44649933949801685,-1.869011473181817
LINKUSDT,SHORT,1771690500,1771696800,8.878,8.951714285714287,8.730571428571428,SL,-1.0481751937984494,0.008303028352589122,1,0.2703583061889285,-2.3079456153663505
XLMUSDT,SHORT,1771718400,1771726500,0.16087,0.1617157142857143,0.15917857142857147,TP2,1.923912837837804,0.005257128648686983,1,0.3015873015873056,-1.5517702973884682
AVAXUSDT,SHORT,1771719300,1771740900,9.07,9.127,8.956000000000001,TP2,1.936350877192951,0.006284454244762913,1,0.5482233502538052,-1.8590760817552756
DOTUSDT,LONG,1771726500,1771729200,1.363,1.3534285714285714,1.3821428571428571,SL,-1.056961194029851,0.007022324703909415,1,0.2352941176470573,2.4165919887140697
TAOUSDT,SHORT,1771727400,1771766100,178.1,179.9857142857143,174.32857142857142,TP2,1.962221212121197,0.010587952193791645,1,0.4639175257731964,-1.9707613895638345
ZECUSDT,SHORT,1771730100,1771749900,255.13,258.20714285714286,248.97571428571428,TP2,1.966835468895079,0.012061078105839628,1,0.35032774945375494,-3.0031751948277665
HYPEUSDT,SHORT,1771742700,1771758900,29.576,29.75257142857143,29.222857142857144,SL,-1.067000647249191,0.005970091580045583,1,0.360902255639096,-1.5479382173867693
DOTUSDT,SHORT,1771750800,1771754400,1.322,1.3322857142857143,1.3014285714285714,SL,-1.051411111111111,0.007780419278149996,1,0.6170212765957543,-2.385678863853195
BTCUSDT,LONG,1771758900,1771762500,68187.9,68029.54285714285,68504.61428571428,SL,-1.1722382679296302,0.0023223642736782775,1,0.16445580949337035,2.729365453839425
ETHUSDT,LONG,1771758900,1771762500,1980.91,1974.657142857143,1993.4157142857143,SL,-1.1267203107151025,0.0031565579167438743,1,0.18264840182648956,2.6453004225329537
ADAUSDT,SHORT,1771762500,1771774200,0.2736,0.2751857142857143,0.27042857142857146,TP2,1.9309837837837487,0.005795739348370927,1,0.3611111111111135,-3.296601923647952
AVAXUSDT,SHORT,1771762500,1771770600,8.948,8.995714285714286,8.85257142857143,TP2,1.9249868263473044,0.005332396704770356,1,0.2094861660079057,-2.2675285024721674
NEARUSDT,LONG,1771805700,1771807500,1.0228,1.0135571428571428,1.0412857142857141,SL,-1.0442633693972179,0.009036817699312808,1,0.35516372795969914,2.3445319927112753
SOLUSDT,SHORT,1771806600,1771809300,82.19,82.98714285714286,80.59571428571428,TP2,1.95875770609319,0.00969878156883875,1,0.3163841807909599,-2.57837831040903
XLMUSDT,SHORT,1771806600,1771809300,0.1542,0.15510857142857143,0.15238285714285713,TP2,1.9321132075472012,0.005892162312395831,1,0.23142250530784902,-2.0941645571880048
AAVEUSDT,SHORT,1771807500,1771809300,116.96,117.91857142857143,115.04285714285713,TP2,1.9511940387481372,0.008195720148524537,1,0.17578125000000094,-2.053734332013382
ADAUSDT,SHORT,1771810200,1771827300,0.2592,0.2629714285714285,0.25165714285714286,SL,-1.0274909090909092,0.01455026455026451,1,0.5508021390374382,-3.220844215866563
AVAXUSDT,SHORT,1771810200,1771829100,8.422,8.53657142857143,8.192857142857143,SL,-1.0294034912718204,0.013603826712351996,1,0.5851393188854451,-3.2669772514486444
BTCUSDT,SHORT,1771810200,1771829100,65010.0,65667.4857142857,63695.02857142858,SL,-1.0395506692160614,0.01011360889533474,1,0.6525349169690986,-3.1634790312041843
LABUSDT,LONG,1771828200,1771857000,0.13695,0.13447571428571428,0.14189857142857143,SL,-1.0221397228637414,0.01806707348876024,1,0.2601156069364163,3.049288265377478
LABUSDT,LONG,1771892100,1771896600,0.13598,0.13469857142857142,0.13854285714285713,SL,-1.0424463768115941,0.009423654739142317,1,0.39212007504690466,1.7860014131224151
SEIUSDT,LONG,1771893900,1771895700,0.06711,0.06658857142857143,0.06815285714285714,SL,-1.0514816438356167,0.007769759669625532,1,0.2738461538461542,2.041946376328022
ETHUSDT,SHORT,1771895700,1771896600,1844.9,1861.0528571428572,1812.5942857142857,TP2,1.9543139648005803,0.00875541066879352,1,0.0531233025529586,-2.582797461743652
SOLUSDT,SHORT,1771895700,1771896600,77.42,78.2357142857143,75.78857142857143,TP2,1.962035726795079,0.010536221721961855,1,0.11659192825112034,-2.6224571552584615
XRPUSDT,SHORT,1771895700,1771896600,1.3438,1.3549,1.3216,SL,-1.0484252252252253,0.00826015776157165,1,0.13575525812619335,-2.686121906159156
SUIUSDT,SHORT,1771903800,1771947000,0.8626,0.8760571428571429,0.8356857142857143,EXPIRED,-0.34517282377919156,0.01560067569805572,1,0.3797909407665478,-2.8793878432302837
TAOUSDT,SHORT,1771903800,1771947000,167.4,170.35714285714286,161.4857142857143,EXPIRED,-0.8342376811594227,0.017665130568356387,1,0.3170731707317082,-2.7784564421125086
AAVEUSDT,SHORT,1771904700,1771945200,112.38,114.07142857142857,108.99714285714286,SL,-1.0265763513513513,0.01505097500826277,1,0.36050156739811956,-2.406623505215112
HYPEUSDT,LONG,1771928100,1771938900,26.576,26.25857142857143,27.21085714285714,SL,-1.0334891089108913,0.011944181646168351,1,0.25727773406766663,1.9634393296416321
HYPEUSDT,LONG,1771945200,1771946100,26.774,26.39057142857143,27.540857142857142,SL,-1.0279311475409836,0.014320929686582919,1,0.12019826517967665,2.5041226080109573
TAOUSDT,SHORT,1771978500,1771982100,165.8,167.6,162.20000000000002,SL,-1.0368444444444445,0.010856453558504193,1,0.4805194805194762,-2.358333624942783
XLMUSDT,SHORT,1771978500,1771980300,0.14932,0.15034857142857144,0.14726285714285714,SL,-1.0580688888888885,0.00688837013508863,1,0.18689788053950077,-1.9348017985729213
SEIUSDT,LONG,1771980300,1771982100,0.06614,0.06566857142857144,0.06708285714285715,TP2,1.9438812121212417,0.007127737699252692,1,0.14644351464435001,2.0637045167493895
AAVEUSDT,LONG,1771982100,1771997400,118.29,116.53571428571429,121.79857142857144,SL,-1.026971661237785,0.014830380541767827,1,0.3903192584963943,3.9574583342440097
ADAUSDT,LONG,1771982100,1771998300,0.2662,0.26294285714285714,0.27271428571428574,SL,-1.0326912280701752,0.012235698186111463,1,0.3488372093023283,3.880690627923722
AVAXUSDT,LONG,1771983000,1771992000,8.623,8.504571428571428,8.859857142857143,SL,-1.0291247285886609,0.01373403356471901,1,0.42207792207792316,3.269634280269639
ZECUSDT,SHORT,1771992900,1772026200,237.26,242.75857142857143,226.26285714285714,SL,-1.0172597557807224,0.02317529894871209,1,0.3021806853582551,-2.126366866147283
TAOUSDT,LONG,1771995600,1771997400,174.8,172.18571428571428,180.02857142857144,SL,-1.0267453551912569,0.014955867930696315,1,0.5769230769230782,1.076650051931416
LABUSDT,LONG,1772071200,1772079300,0.15079,0.14779714285714288,0.15677571428571427,SL,-1.0201533174224344,0.01984784894792184,1,0.2910216718266258,2.288661537816378
XRPUSDT,LONG,1772080200,1772091900,1.4518,1.4355142857142857,1.4843714285714287,SL,-1.035658245614035,0.011217601794816318,1,0.36419001218026814,2.1576232298528844
BTCUSDT,LONG,1772081100,1772083800,68705.9,68153.2,69811.29999999999,SL,-1.0497238284783792,0.008044432865299735,1,0.2842752787389443,2.214616033272974
XLMUSDT,LONG,1772081100,1772082900,0.16483,0.16315285714285716,0.1681842857142857,SL,-1.0393120954003408,0.01017498548287844,1,0.2874172185430449,2.5768850609735394
AAVEUSDT,SHORT,1772082900,1772093700,117.38,118.99714285714286,114.14571428571428,TP2,1.9709660777385072,0.0137769880485846,1,0.305288461538462,-2.1174685352701403
HYPEUSDT,SHORT,1772151300,1772158500,28.036,28.354000000000003,27.400000000000002,SL,-1.0352654088050315,0.011342559566271932,1,0.43720930232558414,-2.024972282335606
BTCUSDT,SHORT,1772153100,1772159400,67102.1,67484.68571428572,66336.92857142858,SL,-1.07015640939472,0.005701546066154637,1,0.29321366307224905,-2.8705199081582835
ETHUSDT,SHORT,1772153100,1772159400,2012.87,2028.2171428571428,1982.175714285714,SL,-1.0524624034254861,0.007624507721384358,1,0.2462311557788936,-3.0549590710065018
LABUSDT,LONG,1772156700,1772192700,0.15772,0.15397714285714287,0.1652057142857143,SL,-1.016855572519084,0.023731024238252213,1,0.2893910860012567,2.728800864818519
AVAXUSDT,SHORT,1772252100,1772260200,8.867,8.912857142857144,8.775285714285713,TP2,1.9226554517134355,0.005171663793520196,1,0.30044843049327014,-1.9521752425143628
DOTUSDT,SHORT,1772252100,1772261100,1.56,1.5891428571428572,1.5017142857142858,TP2,1.9785882352941175,0.018681318681318677,1,0.2740740740740739,-2.421868546458853
BTCUSDT,SHORT,1772253000,1772260200,65638.6,65887.1,65141.6,TP2,1.8943443058350402,0.0037858820876740524,1,0.11939084793376108,-2.194016839280016
AAVEUSDT,SHORT,1772261100,1772270100,107.98,109.37857142857143,105.18285714285715,TP2,1.9691170582226762,0.012952133993067508,1,0.7964285714285732,-2.987776763802359
ADAUSDT,SHORT,1772261100,1772270100,0.267,0.2705,0.26,TP2,1.9694857142857143,0.01310861423220972,1,0.6397515527950294,-3.0735278574142866
ETHUSDT,SHORT,1772262000,1772263800,1841.81,1867.3157142857142,1790.7985714285712,SL,-1.0288846645009522,0.013848178848911838,1,0.7197419354838688,-3.208841326779614
LABUSDT,LONG,1772263800,1772273700,0.16687,0.16061714285714285,0.1793757142857143,SL,-1.0106748000913868,0.037471427715330206,1,0.31166797180892725,2.589934897757334
SEIUSDT,SHORT,1772266500,1772309700,0.06539,0.06669142857142858,0.06278714285714286,SL,-1.0200979143798024,0.019902562646101428,1,0.5384615384615364,-1.7536518489629087
DOTUSDT,SHORT,1772272800,1772287200,1.459,1.5025714285714287,1.3718571428571429,SL,-1.0133940983606557,0.029863898952315667,1,0.45454545454545453,-1.629016789686397
AAVEUSDT,SHORT,1772273700,1772287200,104.98,107.18714285714286,100.5657142857143,SL,-1.0190255016181229,0.02102441281332497,1,0.4976452119309256,-1.1642222244021525
HYPEUSDT,LONG,1772278200,1772298900,27.606,27.073857142857143,28.670285714285715,TP2,1.979249181208047,0.019276347791887898,1,0.3038799207023496,1.7285314883693295
XRPUSDT,LONG,1772287200,1772290800,1.3403,1.3206714285714285,1.379557142857143,SL,-1.0273132459970888,0.014644908922309526,1,0.531992687385742,3.4554282446059137
HYPEUSDT,LONG,1772323200,1772326800,31.193,30.549857142857146,32.479285714285716,SL,-1.019400355397601,0.020618178987043774,1,0.7965260545905718,1.51718209116845
LABUSDT,LONG,1772327700,1772370900,0.1624,0.15912285714285715,0.1689542857142857,EXPIRED,0.6118256320837049,0.020179451090781106,1,0.32165605095541266,2.8405061014313455
AAVEUSDT,LONG,1772330400,1772347500,115.77,113.85,119.61000000000001,SL,-1.02411875,0.016584607411246486,1,0.3926206244087028,3.7895190740102014
ADAUSDT,LONG,1772330400,1772352900,0.286,0.28138571428571424,0.2952285714285714,SL,-1.0247925696594427,0.01613386613386616,1,0.38235294117646873,3.156139922991105
NEARUSDT,LONG,1772351100,1772355600,1.2002,1.1776714285714285,1.2452571428571426,SL,-1.0213098287888396,0.018770681076963332,1,0.20642978003384177,2.205555040591722
LABUSDT,LONG,1772410500,1772424900,0.1691,0.16596857142857144,0.17536285714285715,SL,-1.0216003649635037,0.018518205626425633,1,0.5614871306005744,1.4202050960919952
HYPEUSDT,LONG,1772411400,1772418600,32.556,31.71342857142857,34.241142857142854,SL,-1.015455544252289,0.02588068032225791,1,0.2734899328859059,3.319342662285953
NEARUSDT,LONG,1772411400,1772426700,1.166,1.1411142857142855,1.2157714285714285,TP2,1.9812583237657777,0.021342808135261012,1,0.30491803278688473,2.2269619653384116
SEIUSDT,LONG,1772425800,1772432100,0.0698,0.06903571428571428,0.07132857142857144,SL,-1.036530841121495,0.010949652067130621,1,0.3756906077348083,1.748629605906767
LABUSDT,SHORT,1772426700,1772440200,0.16532,0.16832285714285714,0.15931428571428569,TP2,1.9779783063748904,0.018163907227541447,1,0.20285158781594223,-1.817669055510439
HYPEUSDT,SHORT,1772428500,1772462700,30.915,31.630857142857142,29.483285714285714,SL,-1.0172743963280781,0.023155657216792584,1,0.5060055435786882,-2.6063131124684857
ADAUSDT,SHORT,1772432100,1772463600,0.2737,0.27664285714285713,0.2678142857142858,SL,-1.037201941747573,0.01075212693773153,1,0.19444444444444808,-2.3044527574474554
TAOUSDT,LONG,1772452800,1772460000,178.7,176.45714285714286,183.18571428571428,SL,-1.0318700636942675,0.012550963306419392,1,0.4,1.8351952790381563
BTCUSDT,SHORT,1772459100,1772462700,65566.2,66068.11428571428,64562.37142857143,SL,-1.052252906016964,0.007655076635740394,1,0.3688458434221146,-2.620890677882762
AAVEUSDT,LONG,1772462700,1772464500,116.85,115.24142857142857,120.06714285714285,TP2,1.970943161634112,0.013766122623632257,1,0.3140376266280736,3.7930858602126376
AVAXUSDT,LONG,1772462700,1772464500,9.068,8.979142857142858,9.245714285714286,TP2,1.9591794212218847,0.009798979141722827,1,0.3036211699164345,3.668104981513023
DOTUSDT,LONG,1772462700,1772466300,1.538,1.5142857142857142,1.5854285714285714,TP2,1.974057831325292,0.015418911387702018,1,0.3131313131313153,3.5338016508852506
LABUSDT,SHORT,1772496000,1772521200,0.16165,0.16389428571428571,0.15716142857142856,SL,-1.0288109484404837,0.01388361097609474,1,0.40307101727447314,-2.2282857730033014
ADAUSDT,SHORT,1772496900,1772517600,0.2754,0.2783428571428571,0.2695142857142857,TP2,1.9625669902912621,0.010685755783794975,1,0.3188405797101465,-2.467571232298704
XLMUSDT,SHORT,1772496900,1772527500,0.15465,0.15643571428571432,0.15107857142857142,TP2,1.9653583999999846,0.011546810770865147,1,0.35999999999999843,-2.1110999229553253
NEARUSDT,LONG,1772510400,1772517600,1.419,1.3786428571428573,1.4997142857142858,SL,-1.0140644247787611,0.028440551696365647,1,0.3974683544303781,2.1589335536817496
HYPEUSDT,LONG,1772514900,1772517600,33.467,32.93571428571429,34.52957142857142,SL,-1.0251969884377523,0.015874913027331742,1,0.39929577464788896,2.3189865345667235
ADAUSDT,SHORT,1772519400,1772538300,0.2692,0.27221428571428574,0.26317142857142856,TP2,1.9642767772511667,0.011197198047123815,1,0.48251748251748067,-2.2943855703732123
NEARUSDT,LONG,1772584200,1772605800,1.377,1.3534714285714284,1.424057142857143,SL,-1.0234098360655737,0.01708683473389361,1,0.1690821256038649,2.260250996554652
DOTUSDT,LONG,1772587800,1772595900,1.543,1.5188571428571427,1.5912857142857144,SL,-1.02556449704142,0.015646699379687132,1,0.07547169811320739,2.193111269065113
SOLUSDT,LONG,1772588700,1772595000,87.64,86.17857142857143,90.56285714285714,SL,-1.0239874877810362,0.01667536023994263,1,0.44200626959247896,1.4463569226368949
ZECUSDT,SHORT,1772595000,1772611200,217.64,221.28571428571428,210.3485714285714,SL,-1.0238789968652038,0.016751122430225543,1,0.15971776779987196,-2.626076221545329
BTCUSDT,SHORT,1772595900,1772603100,67537.9,68272.37142857142,66068.95714285715,SL,-1.0367817711473755,0.010874952116832547,1,0.19139155871291327,-2.673155127443213
ETHUSDT,SHORT,1772595900,1772603100,1950.0,1976.65,1896.7,SL,-1.0292682926829269,0.013666666666666681,1,0.2737591055395563,-2.82549594421321
NEARUSDT,SHORT,1772669700,1772675100,1.2924,1.3127285714285715,1.251742857142857,TP2,1.9745697821503865,0.01572931865410975,1,0.2664576802507836,-2.80103479749389
SEIUSDT,SHORT,1772675100,1772700300,0.06888,0.06962857142857143,0.06738285714285713,TP2,1.963193893129771,0.010867761738841897,1,0.3645833333333359,-1.9403270930431247
LABUSDT,SHORT,1772678700,1772721900,0.18144,0.1848257142857143,0.17466857142857142,EXPIRED,0.2532475949367039,0.01866024187452761,1,0.3057733428367784,-3.2122416978155575
AVAXUSDT,SHORT,1772689500,1772702100,9.398,9.475999999999999,9.241999999999999,SL,-1.048194871794872,0.008299638220898055,1,0.11796733212341028,-2.061124351006005
SOLUSDT,LONG,1772694000,1772697600,90.83,89.90857142857143,92.67285714285713,SL,-1.03943007751938,0.010144540035545147,1,0.14960629921259766,2.497443118887474
AAVEUSDT,LONG,1772702100,1772727300,116.91,115.29428571428572,120.14142857142856,SL,-1.0289432360742707,0.013820154697752801,1,0.12928759894458994,2.3578958671610737
BTCUSDT,LONG,1772706600,1772717400,73122.8,72427.22857142857,74513.94285714286,SL,-1.0420504908605461,0.009512374096334257,1,0.2369416137922207,2.404653975610298
ETHUSDT,LONG,1772706600,1772717400,2142.3,2116.3528571428574,2194.1942857142863,SL,-1.0330256014975499,0.012111815738758781,1,0.23692420627638244,2.096822326508645
ZECUSDT,SHORT,1772713800,1772757000,233.01,237.13,224.76999999999998,EXPIRED,1.5162126213592224,0.017681644564610983,1,0.13111545988258316,-1.7485036634153341
AAVEUSDT,SHORT,1772757000,1772761500,116.46,117.91571428571429,113.5485714285714,SL,-1.032000785083415,0.012499693334314714,1,0.2852071005917169,-1.4114380876243464
SUIUSDT,SHORT,1772757000,1772761500,0.9507,0.9603857142857143,0.9313285714285715,SL,-1.039261946902655,0.010187981787855545,1,0.11475409836065534,-1.9181607057242758
ADAUSDT,SHORT,1772760600,1772761500,0.2673,0.26928571428571424,0.26332857142857147,SL,-1.0538446043165475,0.007428785206562879,1,0.4252873563218376,-1.8675797453110865
NEARUSDT,LONG,1772761500,1772764200,1.2968,1.2781714285714285,1.3340571428571428,SL,-1.027845398773006,0.014365030404512215,1,0.22964509394571966,2.773153938704168
XLMUSDT,LONG,1772761500,1772772300,0.15884,0.15744714285714287,0.1616257142857143,SL,-1.04561558974359,0.008768931899125787,1,0.11111111111111192,2.621074421114162
LABUSDT,LONG,1772843400,1772855100,0.16785,0.16455999999999998,0.17443,SL,-1.0204072948328267,0.019600834078045894,1,0.29875986471251487,2.159556350349528
SEIUSDT,SHORT,1772846100,1772850600,0.06577,0.06605285714285714,0.06520428571428571,SL,-1.0930080808080818,0.0043007015790959445,1,0.09459459459458991,-2.7063216161336876
AAVEUSDT,SHORT,1772850600,1772853300,110.48,111.02,109.4,SL,-1.0818370370370374,0.004887762490948571,1,0.3897058823529422,-1.6916779097733037
DOTUSDT,LONG,1772852400,1772856900,1.505,1.4909999999999999,1.5329999999999997,SL,-1.0430000000000001,0.009302325581395316,1,0.3333333333333333,2.8381102529836038
ZECUSDT,SHORT,1772855100,1772878500,208.49,210.31000000000003,204.85,SL,-1.0458219780219777,0.008729435464530718,1,0.42857142857143143,-2.356237769989299
AAVEUSDT,SHORT,1772931600,1772965800,108.06,108.81714285714285,106.54571428571428,SL,-1.0570883018867923,0.007006689405356827,1,0.284345047923322,-2.8182780005380503
ADAUSDT,SHORT,1772938800,1772962200,0.2516,0.25365714285714286,0.24748571428571428,SL,-1.0489222222222223,0.008176243470361099,1,0.37837837837837796,-3.4676101940381523
BTCUSDT,SHORT,1772938800,1772954100,66897.6,67260.15714285715,66172.48571428572,SL,-1.0738064068718234,0.005419583704903344,1,0.245115562403694,-3.6130210868640824
LABUSDT,LONG,1772944200,1772968500,0.15487,0.15186142857142856,0.16088714285714287,TP2,1.979409496676154,0.019426431384848144,1,0.2724850099933395,2.5614515106040687
XRPUSDT,LONG,1772954100,1772972100,1.3588,1.3504,1.3756000000000002,SL,-1.0647047619047616,0.006181925228142498,1,0.16629711751662976,2.5215357484853342
BTCUSDT,LONG,1772961300,1772970300,67730.1,67385.6,68419.1,SL,-1.078641625544267,0.005086364851078029,1,0.3757500619885999,2.371255946650302
LABUSDT,SHORT,1773018000,1773032400,0.15022,0.15291,0.14484000000000002,TP2,1.9776624535315883,0.017907069631207497,1,0.2269692923898542,-2.3127417109834334
NEARUSDT,LONG,1773024300,1773067500,1.2333,1.2118714285714287,1.276157142857143,EXPIRED,1.4049784000000032,0.017374986968759762,1,0.13484358144552205,2.3783319677788994
TAOUSDT,LONG,1773024300,1773031500,187.9,183.28571428571428,197.12857142857146,TP2,1.9837114551083592,0.024557135254314653,1,0.21259842519685104,2.5564059277833184
AAVEUSDT,LONG,1773026100,1773040500,108.12,106.34285714285716,111.67428571428572,SL,-1.024335691318328,0.0164367633845991,1,0.40189445196210694,3.202542908561765
LABUSDT,SHORT,1773033300,1773041400,0.14215,0.14515285714285714,0.13614428571428572,SL,-1.0189352997145575,0.021124566604693213,1,0.6657126502575819,-2.6045961808055558
ADAUSDT,LONG,1773035100,1773041400,0.2574,0.25302857142857144,0.2661428571428571,SL,-1.0235529411764706,0.01698301698301696,1,0.2520325203252053,2.230014353663396
SEIUSDT,SHORT,1773041400,1773049500,0.06237,0.06315285714285715,0.060804285714285713,SL,-1.0318678832116788,0.012551822075631628,1,0.18215613382899698,-2.1746034709239677
ETHUSDT,SHORT,1773100800,1773102600,1992.25,2010.4871428571428,1955.7757142857142,SL,-1.0436965376782077,0.009154043346539274,1,0.1409878966306843,-1.8739628191273752
TAOUSDT,LONG,1773103500,1773107100,196.8,193.92857142857144,202.54285714285717,SL,-1.0274149253731342,0.014590592334494808,1,0.17829457364341125,2.346283154185934
LABUSDT,SHORT,1773104400,1773108000,0.14707,0.14891142857142858,0.14338714285714288,SL,-1.0319469356089992,0.01252076270774848,1,0.4104560622914336,-1.974990297823954
SEIUSDT,LONG,1773105300,1773148500,0.06545,0.06417714285714285,0.06799571428571428,EXPIRED,-0.36624691358024314,0.019447779111644664,1,0.3824756606397777,1.5448268873141553
SEIUSDT,SHORT,1773187200,1773194400,0.0637,0.06424714285714286,0.06260571428571429,TP2,1.9534308093994777,0.008589369813859578,1,0.4448398576512492,-1.439746171705816
XLMUSDT,SHORT,1773187200,1773201600,0.1585,0.15991,0.15568,TP2,1.9550354609929077,0.00889589905362775,1,0.4168157423971346,-1.5603890217484517
DOTUSDT,SHORT,1773189900,1773198900,1.475,1.4891428571428573,1.4467142857142858,SL,-1.0417171717171718,0.00958837772397094,1,0.4782608695652174,-1.7150543581467483
HYPEUSDT,LONG,1773189900,1773231300,34.372,33.99057142857143,35.13485714285714,TP2,1.963954456928839,0.011097072367874161,1,0.23851687880464872,1.818194558072198
NEARUSDT,LONG,1773191700,1773192600,1.2977,1.2839714285714285,1.325157142857143,SL,-1.037810197710718,0.010579156529684395,1,0.17813051146384692,2.5143958025228272
AAVEUSDT,SHORT,1773197100,1773233100,109.93,111.01714285714287,107.75571428571429,SL,-1.040447306176084,0.00988941014411772,1,0.18610421836228283,-2.604717360437285
TAOUSDT,SHORT,1773199800,1773236700,196.6,199.47142857142856,190.85714285714283,SL,-1.0273870646766168,0.014605435256503431,1,0.15000000000000238,-2.669415046389188
LABUSDT,SHORT,1773202500,1773214200,0.15077,0.15309999999999999,0.14610999999999996,TP2,1.974116738197437,0.015454002785700117,1,0.22383720930232429,-2.169580203227272
AVAXUSDT,LONG,1773203400,1773207900,9.64,9.558428571428571,9.803142857142857,SL,-1.0472714535901926,0.008461766449318312,1,0.3004484304932685,3.35289382289179
SOLUSDT,LONG,1773205200,1773207900,86.67,85.92714285714285,88.1557142857143,SL,-1.0466684615384614,0.00857109891377807,1,0.17277486910995013,2.810840973105391
ADAUSDT,SHORT,1773215100,1773227700,0.2569,0.2597285714285715,0.2512428571428571,SL,-1.0363292929292927,0.01101039870989276,1,0.252032520325203,-2.085898417922319
DOTUSDT,LONG,1773225900,1773232200,1.504,1.4902857142857142,1.5314285714285714,TP2,1.956133333333317,0.009118541033434659,1,0.3802816901408441,2.4818803423504785
SEIUSDT,LONG,1773225900,1773226800,0.06399,0.06328428571428572,0.06540142857142858,SL,-1.0362696356275303,0.011028508918804292,1,0.5806451612903228,3.3071298824473843
ZECUSDT,SHORT,1773228600,1773233100,210.72,212.97,206.22,SL,-1.0374613333333333,0.010677676537585421,1,0.24334975369457967,-2.9209538202955563
AVAXUSDT,LONG,1773232200,1773236700,9.617,9.530857142857144,9.789285714285715,TP2,1.9553439469320066,0.008957352307669449,1,0.3194805194805211,2.108208507590514
HYPEUSDT,LONG,1773232200,1773240300,35.545,34.98657142857143,36.66185714285715,TP2,1.974539268355091,0.01571046761650227,1,0.5235934664246789,3.0923483947163364
AAVEUSDT,LONG,1773234900,1773243900,111.73,110.51714285714286,114.1557142857143,SL,-1.036848527679623,0.010855250540205372,1,0.43147208121827907,3.1466433620133647
AAVEUSDT,SHORT,1773273600,1773283500,110.22,111.14285714285714,108.37428571428572,TP2,1.9522266253869969,0.008372864660289801,1,0.37662337662337825,-1.895446848807205
XRPUSDT,SHORT,1773273600,1773293400,1.3839,1.3919,1.3679,TP2,1.9308049999999999,0.005780764506105916,1,0.3944954128440387,-2.112095363384186
HYPEUSDT,LONG,1773277200,1773280800,36.744,36.307,37.618,SL,-1.0336329519450802,0.011893098192902234,1,0.25020242914979923,2.6181712458917965
BTCUSDT,SHORT,1773278100,1773309600,69876.6,70330.62857142858,68968.54285714286,SL,-1.061561412120068,0.006497576748562051,1,0.2904981396123743,-2.433288564118914
SEIUSDT,LONG,1773281700,1773283500,0.06332,0.06264285714285714,0.06467428571428573,SL,-1.0374042194092825,0.010693980687663633,1,0.11436950146627621,2.2251655167963302
AAVEUSDT,SHORT,1773284400,1773304200,108.12,109.21142857142857,105.93714285714286,SL,-1.0396251308900524,0.010094603879287564,1,0.7838983050847436,-1.978033748434355
LABUSDT,LONG,1773286200,1773296100,0.15163,0.1492642857142857,0.15636142857142854,SL,-1.025637922705314,0.015601888054568863,1,0.32887029288702946,3.1841032211940306
TAOUSDT,LONG,1773296100,1773311400,203.7,200.6,209.89999999999998,TP2,1.973716129032258,0.015218458517427582,1,0.3137254901960813,2.733062882706396
LABUSDT,LONG,1773297000,1773317700,0.15674,0.15274714285714286,0.16472571428571428,SL,-1.0157020393559928,0.02547439800215095,1,0.46467009826860056,2.8652649734796025
NEARUSDT,LONG,1773297900,1773303300,1.2998,1.2857428571428573,1.3279142857142858,TP2,1.9630138211382273,0.010814850636361643,1,0.08793969849246316,2.0560249330216975
XLMUSDT,LONG,1773304200,1773307800,0.15906,0.15820428571428571,0.16077142857142857,SL,-1.0743519198664444,0.005379820732517799,1,0.3056768558951973,2.2929510818904912
ADAUSDT,LONG,1773308700,1773322200,0.2628,0.2607428571428571,0.26691428571428566,SL,-1.0511000000000001,0.00782778864970644,1,0.49425287356321895,2.6943875949170737
BTCUSDT,LONG,1773360900,1773391500,71084.9,70607.15714285713,72040.3857142857,TP2,1.940482710364182,0.0067207361499116505,1,0.38049187161317194,3.3662014860918505
HYPEUSDT,LONG,1773360900,1773365400,37.503,37.16057142857142,38.18785714285715,TP2,1.956191739674573,0.0091306981155794,1,0.14006888633754372,1.9711244238393875
LINKUSDT,LONG,1773360900,1773361800,9.119,9.046142857142858,9.264714285714286,TP2,1.9499349019608088,0.007989597856907867,1,0.2598870056497157,2.8641983229768
TAOUSDT,LONG,1773365400,1773388800,224.6,219.57142857142858,234.65714285714284,TP2,1.9821340909090965,0.022389009031929738,1,0.49579831932772955,2.251344987316474
NEARUSDT,LONG,1773366300,1773369900,1.4166,1.3880000000000001,1.4737999999999998,SL,-1.0198125874125874,0.020189185373429265,1,0.6999161777032691,2.5798387169611483
SUIUSDT,LONG,1773375300,1773417600,1.0308,1.0139999999999998,1.0644,SL,-1.024542857142857,0.016298020954598407,1,0.5410256410256417,1.4175502136021647
DOTUSDT,SHORT,1773385200,1773396900,1.501,1.5177142857142856,1.4675714285714285,SL,-1.0359213675213674,0.011135433520510135,1,0.4499999999999975,-3.006424740634906
HYPEUSDT,SHORT,1773386100,1773414000,37.43,37.87342857142857,36.54314285714286,TP2,1.966235824742268,0.011846876073432282,1,0.27306791569086936,-1.7324675658573827
NEARUSDT,SHORT,1773389700,1773398700,1.3363,1.3545,1.2999,SL,-1.0293692307692308,0.013619696176008377,1,0.5081967213114733,-2.0988486961098203
XLMUSDT,LONG,1773391500,1773406800,0.16391,0.1625214285714286,0.16668714285714284,TP2,1.952783127572036,0.008471547974933913,1,0.17593984962405962,2.584136007248283
ZECUSDT,LONG,1773394200,1773404100,215.69,212.63,221.81,TP2,1.97180522875817,0.014187027678612817,1,0.25635439360929546,2.828729415924504
AAVEUSDT,LONG,1773405900,1773408600,116.43,115.30714285714286,118.6757142857143,TP2,1.95852366412215,0.009644053447197,1,0.37800687285223,1.717337079983577
AVAXUSDT,LONG,1773408600,1773414000,10.173,10.055142857142858,10.408714285714284,SL,-1.0345265454545458,0.0115852887896532,1,0.6597701149425352,2.08092469419104
NEARUSDT,LONG,1773409500,1773414000,1.3647,1.3486571428571428,1.3967857142857143,SL,-1.034026357969724,0.011755592542578724,1,0.43515151515151207,1.886791045818932
DOTUSDT,SHORT,1773416700,1773440100,1.504,1.5294285714285714,1.453142857142857,TP2,1.9763415730337168,0.01690729483282674,1,0.19047619047619047,-1.9180515205734026
NEARUSDT,SHORT,1773447300,1773490500,1.3255,1.3407285714285713,1.2950428571428572,EXPIRED,1.206272045028142,0.011488926011747568,1,0.24962178517398306,-2.0040259270740917
XLMUSDT,LONG,1773448200,1773450000,0.16641,0.16425142857142858,0.17072714285714286,SL,-1.0308370615486433,0.012971404534411552,1,0.4111776447105789,2.2839050307488646
ZECUSDT,SHORT,1773449100,1773458100,206.23,208.86285714285714,200.9642857142857,SL,-1.0313317417254475,0.012766605939277254,1,0.5615453728661278,-1.566216296104748
AVAXUSDT,SHORT,1773450000,1773459000,9.658,9.722857142857142,9.528285714285714,SL,-1.0595647577092513,0.0067153802916900705,1,0.44561403508772074,-1.7018588197871134
TAOUSDT,LONG,1773457200,1773474300,240.4,234.61428571428573,251.97142857142856,SL,-1.0166202469135803,0.024067031138578505,1,0.307984790874524,1.9488340011900451
LABUSDT,LONG,1773459000,1773485100,0.17507,0.17091285714285714,0.18338428571428572,TP2,1.9831547766323023,0.023745603799296595,1,0.26127320954907185,2.217342933954113
ADAUSDT,LONG,1773532800,1773537300,0.2632,0.2614714285714286,0.26665714285714287,SL,-1.060905785123967,0.006567520625271385,1,0.5421686746987865,2.6331252439941144
AVAXUSDT,LONG,1773532800,1773537300,9.723,9.668857142857144,9.831285714285716,SL,-1.0718321899736145,0.0055685341091080255,1,0.7094017094017164,2.4377874951879304
LINKUSDT,LONG,1773532800,1773538200,9.164,9.112285714285713,9.267428571428571,SL,-1.0708817679558007,0.005643200099769313,1,0.6561085972850551,2.1325298127578183
DOTUSDT,SHORT,1773537300,1773540900,1.398,1.4118571428571427,1.370285714285714,SL,-1.0403546391752578,0.009912119354179438,1,0.21951219512195333,-2.7054644734914857
SUIUSDT,LONG,1773538200,1773580500,1.003,0.9953571428571427,1.0182857142857142,SL,-1.0524934579439253,0.0076199971514029335,1,0.5611510791366883,1.6304204497199903
TAOUSDT,LONG,1773538200,1773581400,258.4,250.87142857142854,273.45714285714286,EXPIRED,0.6636903225806472,0.029135338345864674,1,0.4854111405835541,2.5277497243459197
NEARUSDT,LONG,1773626400,1773632700,1.3653,1.3469142857142855,1.4020714285714286,TP2,1.9702965034964917,0.013466428100574494,1,0.21796276013143584,2.39163883712389
XLMUSDT,SHORT,1773628200,1773632700,0.16701,0.16893285714285713,0.1631642857142857,SL,-1.0347420505200595,0.011513425201228304,1,0.16517055655296328,-1.6941623541770965
HYPEUSDT,LONG,1773629100,1773646200,37.814,37.30142857142857,38.83914285714285,TP2,1.970490746934225,0.013555070306537968,1,0.21230982019363942,2.198697165857482
ADAUSDT,LONG,1773631800,1773635400,0.273,0.26902857142857145,0.28094285714285716,TP2,1.9725035971223022,0.014547357404500284,1,0.16256157635468071,2.3442114031809926
DOTUSDT,LONG,1773636300,1773639900,1.498,1.474142857142857,1.5457142857142858,TP2,1.9748838323353202,0.015925996566851085,1,0.5454545454545443,2.3010457744264143
AVAXUSDT,LONG,1773637200,1773651600,10.419,10.232428571428573,10.792142857142858,SL,-1.0223378254211333,0.017906846009351034,1,0.49572649572649713,1.9324448011728554
LABUSDT,SHORT,1773637200,1773654300,0.19579,0.19944714285714285,0.18847571428571427,TP2,1.97858546875,0.01867890524103813,1,0.25284450063211145,-1.9009703080382332
ETHUSDT,LONG,1773640800,1773650700,2279.41,2242.5242857142857,2353.1814285714286,SL,-1.0247186212238575,0.01618213234377068,1,0.7831209754760936,1.5283682033592951
TAOUSDT,SHORT,1773644400,1773652500,272.4,278.4285714285714,260.34285714285716,SL,-1.0180739336492892,0.022131319488147647,1,0.13725490196078569,-1.723579820867709
SUIUSDT,LONG,1773647100,1773650700,1.0698,1.0539142857142858,1.1015714285714284,SL,-1.0269374100719426,0.014849237507678244,1,0.6722222222222216,1.385042686295259
ADAUSDT,LONG,1773706500,1773718200,0.2923,0.2878857142857143,0.3011285714285714,SL,-1.0264867313915857,0.015101901177850536,1,0.22580645161290283,2.258259185043547
AVAXUSDT,LONG,1773706500,1773718200,10.521,10.385857142857143,10.791285714285715,SL,-1.0311403805496828,0.012845058182953865,1,0.3583724569640034,1.6906065820485563
BTCUSDT,LONG,1773706500,1773719100,75373.6,74634.3142857143,76852.17142857143,SL,-1.0407818512077298,0.009808284522507987,1,0.40170833593116106,2.503033626707548
SUIUSDT,SHORT,1773717300,1773760500,1.0451,1.0652714285714284,1.0047571428571427,EXPIRED,1.1542048158640181,0.019300955479311648,1,0.35883014623171977,-1.7054876612897465
ADAUSDT,SHORT,1773719100,1773762300,0.2853,0.29019999999999996,0.2755,EXPIRED,-0.06410612244897551,0.01717490361023478,1,0.2337164750957861,-3.1073753232622012
AVAXUSDT,SHORT,1773719100,1773762300,10.29,10.40342857142857,10.063142857142857,EXPIRED,0.4133350125944458,0.011023184784117712,1,0.29275362318840775,-3.1268985592034775
AAVEUSDT,SHORT,1773792000,1773800100,119.6,120.61857142857143,117.56285714285714,SL,-1.0469677419354837,0.00851648351648353,1,0.43141153081510836,-2.3073556149275984
BTCUSDT,SHORT,1773792000,1773801900,73870.6,74336.70000000001,72938.40000000001,SL,-1.063394636344132,0.0063096820656662,1,0.3328287455682565,-2.2400700680111694
XLMUSDT,SHORT,1773792000,1773801000,0.17356,0.17486857142857143,0.17094285714285715,SL,-1.0530532751091704,0.007539591084186614,1,0.23545706371190836,-2.297334250609403
LABUSDT,LONG,1773796500,1773804600,0.20475,0.1996742857142857,0.21490142857142855,SL,-1.016135660005629,0.02478981336124194,1,0.46080090242526706,2.1016647488393216
ZECUSDT,LONG,1773800100,1773834300,277.96,272.53999999999996,288.79999999999995,SL,-1.0205136531365313,0.01949920851921137,1,0.132391879964695,2.1593004187991744
DOTUSDT,LONG,1773801900,1773819000,1.645,1.620857142857143,1.693285714285714,SL,-1.0272544378698227,0.01467650890143284,1,0.2954545454545459,2.816138462176573
TAOUSDT,LONG,1773879300,1773882900,275.1,270.8,283.7,SL,-1.0255906976744187,0.01563067975281714,1,0.38797814207650494,2.861604350989701
NEARUSDT,SHORT,1773881100,1773891000,1.3783,1.3888,1.3573,SL,-1.0525066666666665,0.007618080243778581,1,0.21023765996343588,-1.7068109357470078
HYPEUSDT,SHORT,1773882000,1773905400,41.445,42.07828571428571,40.178428571428576,TP2,1.9738222422738552,0.015280147527704482,1,0.19161676646706532,-1.9470252093765525
SEIUSDT,SHORT,1773882000,1773891000,0.06434,0.06474714285714285,0.06352571428571428,SL,-1.0632112280701755,0.006327989697588685,1,0.27173913043478165,-2.6888082474970454
AAVEUSDT,LONG,1773890100,1773894600,117.46,116.38714285714285,119.60571428571428,SL,-1.043793342210386,0.009133808469752645,1,0.5111111111111089,2.75586380893374
TAOUSDT,LONG,1773964800,1773983700,282.4,272.4142857142857,302.37142857142857,TP2,1.9886878397711074,0.035360178065560494,1,0.6218487394958,1.787196109543025
SEIUSDT,LONG,1773966600,1773990900,0.064,0.06360428571428571,0.06479142857142857,SL,-1.0646931407942237,0.006183035714285734,1,0.35519125683060293,1.4392971414871842
ADAUSDT,LONG,1773968400,1774008000,0.2694,0.26718571428571425,0.2738285714285714,SL,-1.0486658064516128,0.008219323364089549,1,0.2553191489361637,2.1659523495724664
ZECUSDT,SHORT,1773973800,1773977400,232.85,236.51,225.53000000000003,SL,-1.025448087431694,0.015718273566673758,1,0.3758700696055683,-2.240812919779163
LABUSDT,SHORT,1773983700,1773995400,0.18978,0.19180285714285714,0.18573428571428574,TP2,1.962472881355932,0.010658958493292948,1,0.204701273261512,-2.924860251048616
AAVEUSDT,LONG,1773985500,1773990900,112.8,111.68142857142857,115.03714285714285,SL,-1.0403371647509578,0.009916413373860162,1,0.1331168831168827,1.9323999545307393
HYPEUSDT,SHORT,1773989100,1773993600,39.333,39.89257142857143,38.213857142857144,SL,-1.0281165177431708,0.01422651281548389,1,0.14181818181818204,-2.1575324803787073
AVAXUSDT,SHORT,1773990900,1773992700,9.46,9.534428571428572,9.311142857142856,SL,-1.0508406909788865,0.007867713681667209,1,0.13189448441246995,-2.806821509969186
LABUSDT,SHORT,1774051200,1774066500,0.18296,0.18583857142857144,0.17720285714285716,SL,-1.0254237220843672,0.015733337497657568,1,0.7949552481692419,-2.0503293186012224
SEIUSDT,LONG,1774055700,1774059300,0.06366,0.06329857142857143,0.06438285714285714,SL,-1.0704537549407114,0.005677483057313417,1,0.36842105263158803,1.4931574509566463
SOLUSDT,LONG,1774062000,1774073700,90.41,89.88714285714285,91.4557142857143,SL,-1.0691661202185785,0.005783178219855641,1,0.23958333333332987,3.061709291981407
SEIUSDT,LONG,1774066500,1774069200,0.06385,0.06353714285714286,0.06447571428571429,SL,-1.0816347031963467,0.004899876943729749,1,0.19780219780219865,2.3461986090260267
ZECUSDT,SHORT,1774067400,1774080900,232.39,234.60142857142856,227.96714285714285,SL,-1.0420343669250645,0.00951602294172974,1,0.2456896551724139,-2.6113978603777044
AAVEUSDT,SHORT,1774137600,1774146600,108.26,109.22571428571429,106.32857142857144,SL,-1.0448414201183434,0.008920324087514173,1,0.6687116564417217,-4.0402438507064105
ADAUSDT,SHORT,1774137600,1774138500,0.257,0.2594714285714286,0.25205714285714287,TP2,1.9584046242774567,0.00961645358532517,1,0.5867768595041318,-4.094118883911055
AVAXUSDT,SHORT,1774137600,1774138500,9.205,9.280857142857142,9.053285714285714,TP2,1.9514613935970104,0.008240862885077995,1,0.691139240506329,-4.223068062591754
TAOUSDT,LONG,1774145700,1774168200,278.4,270.7571428571428,293.6857142857143,SL,-1.0145704672897196,0.02745279146141227,1,0.12786885245901564,1.7659642705098657
LABUSDT,LONG,1774158300,1774168200,0.21636,0.21153999999999998,0.226,TP2,1.9820448132780026,0.02227768533924943,1,0.2022471910112375,1.9827259668685568
HYPEUSDT,SHORT,1774159200,1774202400,38.45,38.90942857142858,37.53114285714286,EXPIRED,0.7762251243781036,0.011948727475385501,1,0.34180230250099336,-2.246307862612965
ZECUSDT,SHORT,1774159200,1774187100,218.89,221.44285714285712,213.78428571428572,SL,-1.0342972579742586,0.011662739928078668,1,0.19553805774278396,-1.884321825457637
AAVEUSDT,SHORT,1774165500,1774177200,108.53,109.26285714285714,107.06428571428572,TP2,1.9407633528265107,0.006752576641086724,1,0.14029850746268527,-1.9725151698374943
LABUSDT,LONG,1774173600,1774179000,0.23162,0.22372571428571428,0.24740857142857142,SL,-1.011736083966703,0.03408291906694465,1,0.5160098522167477,1.6781137057082591
AAVEUSDT,SHORT,1774178100,1774214100,106.95,107.8257142857143,105.19857142857143,TP2,1.951148450244682,0.0081880718626862,1,0.4516853932584232,-1.8667879890830066
SEIUSDT,SHORT,1774188900,1774215000,0.05987,0.06027142857142857,0.05906714285714286,TP2,1.9403430604982033,0.006705003698489568,1,0.38554216867470104,-1.7895518086407323
ADAUSDT,SHORT,1774205100,1774214100,0.2526,0.25448571428571426,0.24882857142857143,TP2,1.9464181818181965,0.007465218866644039,1,0.44444444444444703,-2.346440366427977
HYPEUSDT,LONG,1774220400,1774226700,38.416,37.83485714285714,39.57828571428571,SL,-1.0264416912487708,0.01512762539418099,1,0.12062615101289172,2.4951539958370503
AAVEUSDT,LONG,1774233000,1774248300,107.6,106.52571428571429,109.74857142857142,SL,-1.040063829787234,0.009984067976633027,1,0.3268482490272377,2.7630526316315467
AVAXUSDT,LONG,1774233000,1774248300,9.125,9.036142857142858,9.302714285714284,SL,-1.0410771704180066,0.009737769080234776,1,0.3810623556581999,2.214890336602461
NEARUSDT,LONG,1774233000,1774246500,1.2878,1.2751428571428571,1.3131142857142857,SL,-1.0406979683972912,0.009828500432631485,1,0.17627118644067755,2.6266044425907733
LABUSDT,SHORT,1774246500,1774251900,0.21003,0.21390142857142858,0.20228714285714283,SL,-1.021700516605166,0.018432740900959754,1,0.28266812465828406,-2.8127188928406195
ADAUSDT,SHORT,1774248300,1774260900,0.2488,0.25085714285714283,0.24468571428571426,SL,-1.0483777777777776,0.008268259072117623,1,0.15492957746479027,-2.791724033693077
DOTUSDT,SHORT,1774248300,1774264500,1.413,1.4261428571428572,1.386714285714286,SL,-1.0430043478260873,0.009301385097563382,1,0.1388888888888876,-3.000519165877369
TAOUSDT,LONG,1774313100,1774324800,297.6,290.1714285714286,312.4571428571429,TP2,1.9839753846153847,0.02496159754224273,1,0.3586005830903816,2.638725112247139
LABUSDT,LONG,1774314000,1774338300,0.2127,0.20705714285714286,0.2239857142857143,SL,-1.0150774683544304,0.026529652763785348,1,0.38517707192405903,2.61114977374939
XRPUSDT,SHORT,1774321200,1774336500,1.4086,1.4207857142857143,1.3842285714285714,SL,-1.0462377491207502,0.008650940143201979,1,0.408560311284044,-1.7609370476836348
ZECUSDT,SHORT,1774321200,1774324800,225.25,229.01857142857142,217.71285714285713,SL,-1.0239082638362396,0.016730616775011888,1,0.1594014313597916,-2.21097150933264
HYPEUSDT,LONG,1774324800,1774340100,37.854,37.43485714285714,38.69228571428571,TP2,1.96387484662575,0.011072617349364842,1,0.37637028014615787,2.3237432926323884
SUIUSDT,SHORT,1774329300,1774335600,0.9372,0.9453714285714286,0.9208571428571428,SL,-1.0458769230769227,0.00871898054996652,1,0.30366492146596613,-1.7261674106438054
LINKUSDT,LONG,1774335600,1774361700,9.131,9.057428571428572,9.278142857142855,SL,-1.0496442718446606,0.008057324342506613,1,0.24579124579124959,2.294926884047128
AAVEUSDT,LONG,1774397700,1774408500,112.58,111.56714285714285,114.60571428571428,SL,-1.0444603667136814,0.008996776895160253,1,0.6219081272084859,1.2550655549350735
ADAUSDT,LONG,1774397700,1774433700,0.268,0.2654142857142857,0.27317142857142857,TP2,1.9585414364640668,0.009648187633262232,1,0.5937500000000007,1.66086707315412
HYPEUSDT,LONG,1774397700,1774408500,40.56,40.014,41.652,SL,-1.0297142857142858,0.01346153846153842,1,0.4165712103856411,2.089297557779645
SUIUSDT,SHORT,1774408500,1774411200,0.9446,0.9530000000000001,0.9278,SL,-1.0449809523809521,0.00889265297480418,1,0.1111111111111111,-2.518326910041716
SOLUSDT,LONG,1774411200,1774439100,91.66,90.86,93.25999999999999,TP2,1.95417,0.00872790748418066,1,0.2769953051643159,2.2481568593333505
TAOUSDT,LONG,1774488600,1774494900,359.4,349.2571428571428,379.6857142857143,SL,-1.0141735211267606,0.02822163924000325,1,0.20973782771535457,2.8763762529274333
ADAUSDT,SHORT,1774491300,1774502100,0.2683,0.27022857142857143,0.2644428571428571,TP2,1.9443525925925929,0.00718811564879403,1,0.07894736842105128,-2.021150474119406
AVAXUSDT,SHORT,1774491300,1774502100,9.612,9.661999999999999,9.512,TP2,1.923104000000035,0.0052018310445276425,1,0.12918660287080894,-2.727590551497418
NEARUSDT,SHORT,1774491300,1774502100,1.263,1.272857142857143,1.243285714285714,TP2,1.9487478260869344,0.0078045469969460915,1,0.1743119266055072,-2.6202678229119165
LABUSDT,LONG,1774493100,1774508400,0.19733,0.19422857142857142,0.20353285714285715,SL,-1.025450207277752,0.015716964330961213,1,0.45373134328357867,2.8609609202002595
NEARUSDT,SHORT,1774503000,1774543500,1.2368,1.2487571428571427,1.2128857142857143,TP2,1.9586255675029867,0.009667806320458262,1,0.6069565217391328,-2.042934982543629
AAVEUSDT,SHORT,1774503900,1774518300,108.78,109.81714285714287,106.70571428571428,TP2,1.958046280991722,0.0095343156567647,1,0.6175438596491187,-2.002657487731341
ADAUSDT,SHORT,1774503900,1774517400,0.2635,0.26554285714285714,0.2594142857142857,TP2,1.9484055944056216,0.007752778530767165,1,0.6590909090909078,-1.959622482571197
ADAUSDT,SHORT,1774518300,1774556100,0.2575,0.25992857142857145,0.2526428571428571,TP2,1.9575882352941179,0.00943134535367549,1,0.7297297297297295,-2.1747598216292787
AVAXUSDT,SHORT,1774520100,1774533600,9.237,9.309285714285714,9.09242857142857,SL,-1.0511138339920945,0.007825670053666215,1,0.741758241758239,-2.6604821999000703
LABUSDT,SHORT,1774537200,1774562400,0.18799,0.19067285714285712,0.1826242857142857,SL,-1.0280283280085198,0.014271275827741549,1,0.3582887700534762,-3.7219401397024177
NEARUSDT,SHORT,1774544400,1774556100,1.2113,1.2242428571428572,1.1854142857142858,SL,-1.0374353200883002,0.010685096295597411,1,0.21486268174474646,-1.9308547502228526
LABUSDT,LONG,1774563300,1774566000,0.19476,0.19167142857142855,0.20093714285714284,SL,-1.025223311748381,0.01585834580289294,1,0.6464497041420089,3.221506793143325
HYPEUSDT,LONG,1774570500,1774572300,39.309,38.91571428571428,40.095571428571425,SL,-1.0399800944424265,0.010004978867071518,1,0.3588150979455344,1.7957119475991608
NEARUSDT,LONG,1774575000,1774584900,1.2346,1.225142857142857,1.2535142857142856,SL,-1.0522187311178248,0.007660086552035365,1,0.15930902111324316,2.080159261392963
DOTUSDT,LONG,1774575900,1774581300,1.33,1.3195714285714286,1.350857142857143,SL,-1.0510136986301368,0.007841031149301845,1,0.4615384615384576,2.086688120153365
HYPEUSDT,SHORT,1774575900,1774597500,38.68,39.07857142857143,37.88285714285715,SL,-1.0388186379928317,0.01030432855665531,1,0.09833422890918792,-2.6134356585119995
ZECUSDT,LONG,1774576800,1774584900,224.7,222.51142857142855,229.07714285714283,SL,-1.0410678851174935,0.009739970754656982,1,0.2176591375770013,2.4227648564843673
LABUSDT,SHORT,1774581300,1774596600,0.18668,0.18909428571428571,0.18185142857142858,SL,-1.0309292307692308,0.012932749701551926,1,0.5511221945137149,-1.748351754432296
SEIUSDT,SHORT,1774581300,1774601100,0.05821,0.05857,0.057490000000000006,TP2,1.9353222222222024,0.006184504380690555,1,0.24183006535947696,-3.546315493117751
HYPEUSDT,SHORT,1774657800,1774666800,38.091,38.39142857142858,37.49014285714286,SL,-1.050715549215406,0.007887127442928084,1,0.1844835363103283,-2.4131728774019434
XLMUSDT,SHORT,1774657800,1774672200,0.16651,0.16741857142857142,0.16469285714285714,TP2,1.9266937106918234,0.005456557735700086,1,0.3668341708542822,-2.0832599664122937
AAVEUSDT,SHORT,1774660500,1774685700,97.3,98.10714285714285,95.68571428571428,SL,-1.048219469026549,0.008295404492732313,1,0.2056737588652484,-3.2107305357769884
LABUSDT,LONG,1774669500,1774677600,0.20688,0.2023557142857143,0.21592857142857144,TP2,1.9817093779602208,0.02186913048281958,1,0.26519634211942045,2.4043977994808077
ADAUSDT,SHORT,1774671300,1774679400,0.2442,0.2458142857142857,0.2409714285714286,SL,-1.0605097345132743,0.006610506610506597,1,0.183098591549296,-2.037171176180948
XLMUSDT,SHORT,1774674900,1774676700,0.16449,0.16534428571428572,0.16278142857142858,SL,-1.0770187290969901,0.005193541943496335,1,0.5272727272727218,-1.614744885348147
XRPUSDT,LONG,1774675800,1774705500,1.3385,1.3317714285714286,1.351957142857143,TP2,1.920428874734641,0.005026949143497581,1,0.335135135135139,3.200985450298958
DOTUSDT,LONG,1774676700,1774700100,1.288,1.2784285714285715,1.3071428571428572,SL,-1.0538268656716419,0.007431233362910376,1,0.2195121951219491,2.386761239312206
ETHUSDT,LONG,1774679400,1774689300,2002.47,1995.1942857142856,2017.0214285714287,SL,-1.110090634203808,0.0036333699309924043,1,0.47005988023951784,3.2797079741103503
XLMUSDT,SHORT,1774744200,1774755000,0.16742,0.16881857142857143,0.16462285714285715,SL,-1.0478831460674158,0.008353669983104908,1,0.4075235109717892,-1.7215670723414511
NEARUSDT,SHORT,1774745100,1774747800,1.1616,1.1735,1.1378000000000001,SL,-1.0390453781512607,0.010244490358126685,1,0.5232323232323276,-1.9154955724176035
HYPEUSDT,SHORT,1774748700,1774753200,39.365,39.72071428571429,38.65357142857143,SL,-1.0442658634538153,0.00903630854094462,1,0.412710007304596,-1.5936999298228625
AAVEUSDT,LONG,1774755000,1774761300,97.81,97.04142857142857,99.34714285714287,SL,-1.0509048327137545,0.0078578001080813,1,0.10379746835442907,2.301997524227578
BTCUSDT,LONG,1774755000,1774762200,66931.7,66612.71428571429,67569.67142857143,SL,-1.0839306552017558,0.004765839120860721,1,0.21128107074569116,2.298894228826079
ETHUSDT,LONG,1774755000,1774761300,2012.59,2001.0671428571427,2035.6357142857141,SL,-1.0698642697743614,0.0057253872586354665,1,0.07662761666986775,1.7636246614689657
AAVEUSDT,LONG,1774830600,1774873800,96.85,95.24428571428571,100.06142857142858,EXPIRED,1.0595035587188675,0.01657939376060185,1,0.2710280373831767,2.7753424942266336
DOTUSDT,LONG,1774830600,1774873800,1.275,1.2535714285714286,1.3178571428571424,EXPIRED,-0.023800000000000154,0.016806722689075522,1,0.2839506172839524,2.3697969182920176
LINKUSDT,LONG,1774830600,1774858500,8.503,8.372142857142858,8.764714285714286,TP2,1.974008296943245,0.015389526385645377,1,0.18454935622317548,1.8078473737638807
TAOUSDT,SHORT,1774851300,1774894500,318.1,324.51428571428573,305.2714285714286,EXPIRED,1.4612320712694886,0.020164368796874287,1,0.10975609756097415,-1.9086748219072434
HYPEUSDT,SHORT,1774855800,1774857600,38.038,38.43671428571428,37.24057142857143,SL,-1.0381606592619133,0.010481999203803704,1,0.18903803131991365,-2.040493613117614
NEARUSDT,LONG,1774859400,1774863900,1.2127,1.2017,1.2347,SL,-1.0440981818181818,0.009070668755669163,1,0.4371859296482403,2.50148906024302
LINKUSDT,LONG,1774870200,1774891800,8.828,8.752714285714285,8.978571428571428,SL,-1.0469039848197346,0.008528060068612816,1,0.426356589147288,1.6551696635862103
AAVEUSDT,LONG,1774877400,1774881900,99.55,98.63,101.38999999999999,SL,-1.0432826086956524,0.009241587142139584,1,0.09046454767725887,2.124863460054148
SEIUSDT,SHORT,1774881900,1774895400,0.0527,0.05323571428571428,0.05162857142857142,TP2,1.9606506666666796,0.010165356465166758,1,0.11811023622047338,-2.3564905326035963
XRPUSDT,SHORT,1774881900,1774882800,1.3357,1.346757142857143,1.3135857142857144,SL,-1.0483198966408267,0.008278163402817179,1,0.3317535545023698,-3.1461093699233813
NEARUSDT,SHORT,1774888200,1774920600,1.1734,1.1862285714285714,1.1477428571428572,SL,-1.0365870824053454,0.010932820375465639,1,0.5270541082164321,-1.7009078855353907
BTCUSDT,LONG,1774918800,1774921500,67178.1,66749.6,68035.09999999999,TP2,1.937289988331354,0.00637856682460498,1,0.3400366646297449,3.0545759260106076
AVAXUSDT,LONG,1774919700,1774921500,8.878,8.813714285714285,9.006571428571428,TP2,1.9447591111110836,0.007241013098188126,1,0.31086142322097304,2.393092661163663
AAVEUSDT,LONG,1774920600,1774934100,98.44,97.45142857142856,100.41714285714286,SL,-1.0398312138728323,0.010042375341034467,1,0.3675889328063228,2.8796952832274174
LABUSDT,SHORT,1774923300,1774934100,0.21586,0.2186042857142857,0.21037142857142857,SL,-1.0314631962519523,0.012713266535188117,1,0.3033492822966525,-2.3463389794182006
XLMUSDT,LONG,1774924200,1774930500,0.17061,0.16882428571428573,0.1741814285714286,SL,-1.03821664,0.010466644896045292,1,0.20255183413078226,2.0472975175134116
ZECUSDT,LONG,1774924200,1774931400,232.65,228.55714285714285,240.8357142857143,SL,-1.022737172774869,0.017592336741272932,1,0.14203894616265686,2.382739152103054
TAOUSDT,SHORT,1775002500,1775005200,303.3,306.6857142857143,296.52857142857147,SL,-1.0358329113924052,0.011162922142150596,1,0.3289473684210492,-3.060049921415278
SEIUSDT,LONG,1775004300,1775007900,0.05135,0.05058714285714286,0.05287571428571428,SL,-1.0269250936329588,0.014856030045903457,1,0.30392156862744896,2.5327644481175886
ADAUSDT,LONG,1775005200,1775010600,0.2444,0.24174285714285715,0.24971428571428572,SL,-1.0367913978494623,0.010872106616787471,1,0.2710280373831759,3.046835574878128
AVAXUSDT,LONG,1775005200,1775007900,8.968,8.900285714285713,9.103428571428571,SL,-1.0529755274261603,0.007550656301771381,1,0.046153846153846996,2.576246367775462
BTCUSDT,LONG,1775091600,1775092500,68563.2,68180.45714285714,69328.68571428572,SL,-1.0716545834577482,0.005582336547052337,1,0.32751599767305956,2.4753325969056834
TAOUSDT,LONG,1775091600,1775092500,315.6,311.0,324.8,SL,-1.0274434782608697,0.01457541191381495,1,0.25333333333333535,2.1987256106865853
LINKUSDT,SHORT,1775092500,1775093400,8.921,9.005285714285712,8.752428571428572,TP2,1.9576630508474782,0.009448011914103072,1,0.13183279742765544,-1.6224975790273386
AAVEUSDT,SHORT,1775093400,1775101500,96.56,97.76714285714286,94.1457142857143,TP2,1.9680037869822367,0.012501479465025389,1,0.433070866141733,-3.1226347140421034
ADAUSDT,SHORT,1775093400,1775105100,0.2441,0.24771428571428572,0.23687142857142857,TP2,1.9729849802371617,0.014806578100310186,1,0.2749999999999994,-3.166294302887737
AVAXUSDT,SHORT,1775094300,1775105100,8.891,9.001999999999999,8.669,TP2,1.9679603603603761,0.01248453492295573,1,0.40701754385964517,-3.445217285257045
AAVEUSDT,SHORT,1775104200,1775147400,93.84,95.49000000000001,90.53999999999999,EXPIRED,-0.3136581818181745,0.01758312020460362,1,0.540229885057473,-1.2694291068202825
XLMUSDT,SHORT,1775106000,1775148300,0.16295,0.1647514285714286,0.15934714285714285,SL,-1.0361823949246627,0.011055100162188306,1,0.5199349064279946,-1.193600003601107
ADAUSDT,SHORT,1775106900,1775141100,0.2364,0.23997142857142856,0.22925714285714288,SL,-1.0264768,0.015107565868987151,1,0.47457627118643997,-1.1819340419356608
LABUSDT,LONG,1775111400,1775118600,0.20958,0.20668714285714285,0.2153657142857143,SL,-1.0289789629629629,0.013803116436955594,1,0.3031875463306127,3.5891918984995663
LABUSDT,SHORT,1775143800,1775150100,0.20479,0.20780142857142855,0.19876714285714286,TP2,1.972798292220123,0.014704959087008944,1,0.26506899055918814,-1.6117434736397196
SEIUSDT,SHORT,1775152800,1775160900,0.05079,0.05146428571428571,0.049441428571428574,SL,-1.0301296610169492,0.013275954209208752,1,0.18769230769230816,-2.286092070747758
LABUSDT,SHORT,1775155500,1775193300,0.19463,0.19955714285714285,0.18477571428571427,SL,-1.015800637866048,0.02531543368002294,1,0.5970370370370374,-1.7015972754703323
ZECUSDT,LONG,1775160000,1775176200,241.68,237.89142857142858,249.2571428571429,SL,-1.025516742081448,0.015675982408852374,1,0.37739345274860875,3.031887264922792
XRPUSDT,LONG,1775161800,1775184300,1.3154,1.3046714285714285,1.3368571428571427,SL,-1.0490428761651132,0.008156128499750207,1,0.24738675958188086,2.6676893546621048
HYPEUSDT,LONG,1775162700,1775204100,35.238,34.87771428571428,35.95857142857143,TP2,1.9608777160983348,0.010224351957708017,1,0.20862470862470675,1.8797867145698466
AAVEUSDT,SHORT,1775166300,1775179800,93.82,94.61857142857143,92.22285714285714,SL,-1.0469939177101966,0.008511739805707004,1,0.21226415094339854,-2.34765171254416
XLMUSDT,SHORT,1775171700,1775183400,0.16284,0.1637857142857143,0.16094857142857144,SL,-1.068874924471299,0.005807628873214737,1,0.1226252158894676,-2.227377231588052
AVAXUSDT,LONG,1775177100,1775195100,8.759,8.705428571428572,8.866142857142858,TP2,1.9345994666666666,0.006116158074144145,1,0.25523012552301527,1.8897121046617404
BTCUSDT,SHORT,1775180700,1775200500,66535.7,66839.07142857142,65928.95714285715,SL,-1.0877283669240927,0.004559528622550348,1,0.3514267125197582,-3.255302170535204
LINKUSDT,SHORT,1775261700,1775286000,8.631,8.669428571428572,8.554142857142857,SL,-1.0898394052044609,0.004452389228197363,1,0.13450292397660685,-1.8958009075817637
TAOUSDT,LONG,1775263500,1775268900,311.7,308.64285714285717,317.8142857142857,SL,-1.0407831775700938,0.009807965534625724,1,0.23308270676691453,1.9830789499865866
AVAXUSDT,SHORT,1775264400,1775270700,8.864,8.907714285714286,8.77657142857143,SL,-1.0811084967320264,0.004931665807117056,1,0.49090909090908386,-1.8477835861425123
SUIUSDT,SHORT,1775265300,1775281500,0.8689,0.8727857142857143,0.8611285714285715,SL,-1.0894455882352945,0.00447199250283608,1,0.30386740331491613,-2.0404812381119593
XLMUSDT,SHORT,1775271600,1775277900,0.16183,0.16250285714285714,0.16048428571428572,SL,-1.0962046709129518,0.0041578022792877565,1,0.42948717948718806,-2.295518836922757
NEARUSDT,LONG,1775272500,1775287800,1.2148,1.208257142857143,1.2278857142857145,TP2,1.9257327510917035,0.005385954184110292,1,0.3053435114503845,2.7462220199791307
HYPEUSDT,LONG,1775274300,1775279700,35.916,35.71414285714285,36.319714285714284,SL,-1.0711711252653926,0.005620256789652061,1,0.30726256983240446,2.401747815975698
SEIUSDT,LONG,1775276100,1775280600,0.05448,0.05407571428571428,0.05528857142857143,SL,-1.0539024734982332,0.007420809733585079,1,0.09787234042553186,2.485024162745367
XRPUSDT,SHORT,1775350800,1775356200,1.3118,1.3154857142857144,1.3044285714285715,SL,-1.1423658914728692,0.002809661751573609,1,0.2933333333333369,-2.207030050443956
AAVEUSDT,SHORT,1775353500,1775368800,94.31,94.7,93.53,TP2,1.9032717948717945,0.004135298483723873,1,0.10059171597633165,-1.8079354143506685
BTCUSDT,SHORT,1775353500,1775369700,67062.0,67212.65714285713,66760.68571428572,TP2,1.8219480371705816,0.0022465351891851936,1,0.26253687315634217,-2.166971736443699
AVAXUSDT,SHORT,1775362500,1775369700,8.931,8.975285714285715,8.84242857142857,TP2,1.9193329032257669,0.004958651246860891,1,0.15789473684210883,-2.4128093094451866
NEARUSDT,LONG,1775363400,1775368800,1.266,1.2572857142857143,1.2834285714285714,SL,-1.0581114754098362,0.006883322049198819,1,0.25130890052356153,2.672046334576685
AAVEUSDT,SHORT,1775369700,1775393100,92.63,93.15714285714286,91.57571428571427,TP2,1.9297116531165317,0.005690843756265367,1,0.7835497835497741,-3.6275287219306382
LABUSDT,LONG,1775369700,1775394000,0.22274,0.21803285714285714,0.2321542857142857,SL,-1.0189278300455236,0.021132903192703865,1,0.17836257309941567,3.243771915672261
SEIUSDT,SHORT,1775373300,1775392200,0.05245,0.052765714285714284,0.05181857142857142,TP2,1.9335475113122176,0.006019338145172302,1,0.6666666666666666,-1.8570950060338511
ADAUSDT,SHORT,1775375100,1775385900,0.2413,0.24297142857142856,0.23795714285714284,SL,-1.0577470085470086,0.0069267657332307084,1,0.7999999999999984,-1.7408599526360855
ZECUSDT,LONG,1775381400,1775384100,249.58,246.8057142857143,255.12857142857146,SL,-1.0359847579814623,0.011115817430425997,1,0.08919667590027743,2.7257804627538036
ADAUSDT,SHORT,1775386800,1775388600,0.2403,0.24181428571428573,0.23727142857142858,SL,-1.0634754716981132,0.006301646751084952,1,0.3793103448275846,-3.2147549496530363
AAVEUSDT,LONG,1775434500,1775467800,94.6,93.51,96.77999999999999,TP2,1.9652844036697374,0.011522198731501006,1,0.5348837209302354,2.34842786035343
ADAUSDT,LONG,1775434500,1775477700,0.2546,0.2502,0.2634,EXPIRED,0.158672727272732,0.01728201099764345,1,0.5806451612903228,2.867861710510433
AVAXUSDT,LONG,1775434500,1775437200,9.186,9.079714285714285,9.39857142857143,TP2,1.9654290322580645,0.011570402164784947,1,0.5703971119133584,2.8009697116709926
DOTUSDT,LONG,1775441700,1775471400,1.263,1.2472857142857143,1.294428571428571,TP2,1.9678509090909089,0.012442031444406653,1,0.6875000000000037,1.8805040629763514
ZECUSDT,LONG,1775469600,1775480400,256.9,253.41142857142856,263.8771428571428,SL,-1.0294561834561835,0.013579491742200961,1,0.20754716981132082,1.9853257108872835
DOTUSDT,LONG,1775472300,1775484900,1.3,1.2857142857142858,1.3285714285714285,SL,-1.0364,0.010989010989010974,1,0.7142857142857086,2.224522522791747
LABUSDT,LONG,1775478600,1775486700,0.2735,0.26487714285714287,0.29074571428571433,TP2,1.9873127899271041,0.03152781405066598,1,0.3295206971677552,2.6368679267872275
HYPEUSDT,LONG,1775487600,1775494800,37.7,37.313428571428574,38.473142857142854,SL,-1.0390096082779012,0.010253884046987452,1,0.15352260778128363,2.3957295493386694
ETHUSDT,LONG,1775488500,1775494800,2166.3,2142.86,2213.1800000000003,SL,-1.0369675767918087,0.010820292664912547,1,0.17521309700987475,2.8956442451074365
BTCUSDT,LONG,1775491200,1775495700,69923.0,69384.04285714285,71000.91428571429,SL,-1.0518950353857979,0.00770786640815103,1,0.16791733300528489,2.4448285413730697
XLMUSDT,SHORT,1775494800,1775511000,0.15968,0.1612942857142857,0.15645142857142857,TP2,1.9604332743362831,0.01010950472373316,1,0.4222222222222271,-2.1839608807876747
AAVEUSDT,SHORT,1775495700,1775538900,94.88,96.41,91.82,EXPIRED,1.4000313725490137,0.016125632377740295,1,0.27728613569321614,-2.537577123527626
ADAUSDT,SHORT,1775495700,1775517300,0.2514,0.25401428571428575,0.2461714285714286,TP2,1.961534426229487,0.01039890896692805,1,0.4814814814814769,-2.9626281057380774
AVAXUSDT,SHORT,1775524500,1775542500,8.77,8.904714285714284,8.500571428571428,TP2,1.9739597030753049,0.015360807949177355,1,0.8391812865497082,-1.417296045835074
NEARUSDT,SHORT,1775526300,1775553300,1.2348,1.247385714285714,1.2096285714285713,SL,-1.039244494892168,0.010192512379101308,1,0.5594125500667566,-1.384118145668794
LABUSDT,LONG,1775533500,1775548800,0.30195,0.29179285714285713,0.3222642857142857,TP2,1.9881088607594937,0.03363849265488615,1,0.15664243225379978,2.8684070005595084
ZECUSDT,LONG,1775538000,1775581200,261.66,256.0242857142857,272.93142857142857,EXPIRED,1.3335196958174778,0.021538310348216325,1,0.402971634398919,3.303871185347617
AAVEUSDT,SHORT,1775540700,1775556900,92.12,92.70285714285714,90.95428571428573,TP2,1.9367803921568623,0.006327150921158689,1,0.23863636363636084,-2.3542624090414512
HYPEUSDT,LONG,1775555100,1775557800,36.824,36.52571428571428,37.42057142857143,SL,-1.049380842911877,0.008100307253033795,1,0.26131386861313155,2.8054803901218333
SEIUSDT,SHORT,1775556900,1775583000,0.05243,0.05277285714285714,0.051744285714285715,SL,-1.0611683333333333,0.006539331353369116,1,0.41379310344827647,-2.237294004080528
AAVEUSDT,SHORT,1775557800,1775560500,89.86,90.88,87.82,TP2,1.9647607843137394,0.01135099042955709,1,0.46502057613169107,-3.459661188700741
BTCUSDT,SHORT,1775559600,1775583900,68199.3,68643.54285714286,67310.81428571428,SL,-1.0614072225616618,0.006513891742919044,1,0.15446722617656658,-2.071597484480553
DOTUSDT,SHORT,1775564100,1775592900,1.223,1.2355714285714285,1.197857142857143,SL,-1.0389136363636364,0.010279172993809118,1,0.23404255319148976,-3.3598137895952296
LABUSDT,LONG,1775574000,1775578500,0.32982,0.31984142857142855,0.34977714285714284,SL,-1.0132211309949892,0.03025459774595668,1,0.3896006028636026,2.3181417583224313
HYPEUSDT,LONG,1775583900,1775592900,36.478,36.12057142857143,37.19285714285714,TP2,1.9591772981614706,0.0097984695276213,1,0.20431328036322158,2.334574565553751
SEIUSDT,LONG,1775583900,1775588400,0.05329,0.05279285714285714,0.054284285714285715,SL,-1.0428770114942527,0.009329008390746081,1,0.4522821576763536,3.4750741643023777
SEIUSDT,LONG,1775614500,1775657700,0.05672,0.056005714285714284,0.05814857142857143,EXPIRED,0.16423680000000132,0.012593189603062676,1,0.5619047619047628,1.344211214473258
HYPEUSDT,LONG,1775625300,1775659500,39.058,38.68742857142857,39.799142857142854,SL,-1.0421597532767928,0.009487721556951911,1,0.26293995859213265,2.934619950466704
DOTUSDT,LONG,1775626200,1775646900,1.325,1.3098571428571428,1.3552857142857142,SL,-1.035,0.011428571428571439,1,0.4375,2.3331360371803007
LABUSDT,SHORT,1775652300,1775664000,0.35562,0.3713885714285714,0.3240828571428571,TP2,1.9909790179380358,0.04434107032386094,1,0.3121801432958029,-1.9362044187242256
BTCUSDT,LONG,1775653200,1775655000,72036.3,71645.75714285714,72817.38571428572,TP2,1.9262193137756596,0.005421473023223812,1,0.19379314279194215,2.5558382511705084
ADAUSDT,SHORT,1775659500,1775702700,0.2535,0.25711428571428574,0.24627142857142859,EXPIRED,1.1063320158102676,0.014257537334460404,1,0.36363636363636265,-2.779889247419427
LINKUSDT,SHORT,1775659500,1775694600,9.008,9.123285714285714,8.77742857142857,TP2,1.9687454770755732,0.012798147678254258,1,0.42259414225941333,-3.2314631114670638
LABUSDT,LONG,1775665800,1775666700,0.39152,0.36006142857142853,0.4544371428571428,SL,-1.0049782298714862,0.08034984529161071,1,0.14310605180624933,2.575680413951082
HYPEUSDT,SHORT,1775673000,1775682900,38.166,38.66757142857142,37.16285714285714,SL,-1.0304371404158361,0.013141839033994287,1,0.4225352112676054,-2.245077211073345
HYPEUSDT,LONG,1775683800,1775690100,39.316,38.712428571428575,40.52314285714286,SL,-1.026055573964497,0.01535180152028255,1,0.2130538604404349,2.3514725063103348
TAOUSDT,SHORT,1775684700,1775716200,326.1,329.8285714285715,318.64285714285717,TP2,1.9650160919540078,0.011433828361151302,1,0.5243243243243267,-1.8855973053468609
AAVEUSDT,SHORT,1775695500,1775738700,90.86,91.93571428571428,88.70857142857143,EXPIRED,0.7935713147410377,0.011839250338039663,1,0.47134935304991105,-1.956569542498956
LABUSDT,SHORT,1775718000,1775729700,0.36196,0.3744228571428571,0.33703428571428573,SL,-1.0116172397982577,0.03443158675781062,1,0.2483085250338297,-2.055455210596272
HYPEUSDT,LONG,1775718900,1775749500,38.852,38.489285714285714,39.57742857142857,TP2,1.9571541551792238,0.009335794443382193,1,0.30625832223702026,2.3474122989031057
NEARUSDT,LONG,1775718900,1775726100,1.3528,1.3388428571428572,1.3807142857142858,SL,-1.0387701125895599,0.010317225648390629,1,0.27093596059113123,2.588134175929251
XLMUSDT,SHORT,1775719800,1775725200,0.15532,0.15610142857142859,0.15375714285714287,TP2,1.9204943327239485,0.00503108789227767,1,0.24352331606217684,-1.9567384632784455
BTCUSDT,LONG,1775724300,1775742300,71304.8,70997.28571428571,71919.82857142857,SL,-1.0927499024435563,0.00431267299977402,1,0.22747702421681745,3.298398864212021
ZECUSDT,SHORT,1775731500,1775747700,315.17,319.43,306.65000000000003,SL,-1.0295934272300469,0.0135165148967224,1,0.20022560631697794,-2.4864635307212346
SEIUSDT,SHORT,1775734200,1775746800,0.05468,0.05509,0.05386,SL,-1.0533463414634148,0.007498171177761515,1,0.24401913875598236,-2.3023729076806663
TAOUSDT,LONG,1775740500,1775748600,328.7,324.6142857142857,336.87142857142857,TP2,1.9678195804195804,0.012429918727454461,1,0.320574162679423,2.83190670394832
ETHUSDT,SHORT,1775742300,1775747700,2169.22,2184.311428571428,2139.0371428571425,SL,-1.0574954184021206,0.006957076078695824,1,0.25267700175803315,-2.4955323564736527
AVAXUSDT,LONG,1775746800,1775750400,9.152,9.07042857142857,9.315142857142858,TP2,1.9551215411558671,0.00891296203796209,1,0.10204081632652638,2.466760852085245
TAOUSDT,SHORT,1775779200,1775781000,305.0,314.6857142857143,285.6285714285714,TP2,1.9874041297935103,0.0317564402810305,1,0.6268656716417912,-3.477980214291242
AAVEUSDT,SHORT,1775780100,1775823300,90.08,91.36285714285714,87.5142857142857,EXPIRED,-0.16060400890868762,0.014241309312357299,1,0.18578352180937094,-2.305935839968124
SEIUSDT,LONG,1775783700,1775804400,0.05696,0.056237142857142854,0.05840571428571428,SL,-1.0315193675889327,0.012690609951845913,1,0.2842809364548497,2.651889916219908
HYPEUSDT,LONG,1775786400,1775808000,40.55,40.01557142857143,41.61885714285714,SL,-1.0303501737503342,0.013179496212788444,1,0.27907967618235996,2.7790022205785654
LABUSDT,LONG,1775790000,1775806200,0.45259,0.43291285714285715,0.4919442857142857,TP2,1.990799680557575,0.04347675126967643,1,0.5541635165784635,3.293808977919834
SOLUSDT,SHORT,1775791800,1775799900,82.76,83.50285714285714,81.27428571428572,SL,-1.0445630769230771,0.008976040875509173,1,0.5490196078431391,-1.6478021087235395
TAOUSDT,SHORT,1775793600,1775798100,276.3,287.4857142857143,253.92857142857142,TP2,1.9901195402298826,0.04048394602140534,1,0.7489768076398354,-1.2877771830458395
ADAUSDT,SHORT,1775803500,1775825100,0.2507,0.2527857142857143,0.2465285714285714,SL,-1.0480794520547945,0.00831956236822611,1,0.24999999999999653,-2.1683821921893256
BTCUSDT,SHORT,1775805300,1775819700,71687.9,72011.82857142856,71040.04285714286,SL,-1.0885230959206185,0.004518594789756253,1,0.304504025014963,-1.827501550255177
ZECUSDT,LONG,1775807100,1775834100,375.69,368.7242857142857,389.6214285714286,TP2,1.9784263330598932,0.018541122429966996,1,0.10741471666196836,2.0979990478321486
NEARUSDT,LONG,1775814300,1775820600,1.3811,1.3638,1.4157000000000002,SL,-1.0319329479768784,0.012526247194265485,1,0.10594315245477968,2.1610917899374784
HYPEUSDT,LONG,1775815200,1775830500,40.949,40.5,41.847,TP2,1.9635198218262966,0.010964858726708836,1,0.14926004228329862,2.230607124835556
SEIUSDT,SHORT,1775866500,1775878200,0.05615,0.056498571428571426,0.055452857142857144,SL,-1.0644344262295082,0.006207861595216887,1,0.33640552995391154,-2.050780880134188
XLMUSDT,SHORT,1775867400,1775877300,0.15452,0.15530714285714287,0.15294571428571424,SL,-1.078521960072594,0.005094116341851354,1,0.32916666666666256,-1.4480780220578962
AVAXUSDT,SHORT,1775868300,1775885400,9.363,9.417285714285715,9.254428571428571,TP2,1.9310094736841783,0.005797897499275302,1,0.49375000000000896,-1.2915962330512347
LABUSDT,LONG,1775871000,1775878200,0.54112,0.5186557142857143,0.5860485714285715,SL,-1.0096352050874404,0.0415144251077131,1,0.30792580101180456,2.978410292528417
HYPEUSDT,LONG,1775871900,1775885400,41.87,41.56214285714285,42.48571428571428,SL,-1.054401856148492,0.007352690299907858,1,0.211629479377956,2.432174379477222
TAOUSDT,LONG,1775878200,1775881800,266.5,260.95714285714286,277.5857142857143,SL,-1.0192319587628866,0.020798713481640346,1,0.30000000000000177,2.4903338038740577
LABUSDT,SHORT,1775952000,1775953800,0.42675,0.44728285714285715,0.38568428571428576,SL,-1.0083135044875808,0.04811448656791362,1,0.4766804500432733,-1.8029302383300256
XLMUSDT,SHORT,1775952900,1775959200,0.15315,0.15425428571428573,0.15094142857142856,TP2,1.944525226390686,0.00721048458560708,1,0.6036363636363612,-1.7016923309172316
AAVEUSDT,SHORT,1775958300,1776001500,91.27,92.76285714285714,88.2842857142857,EXPIRED,1.0339180861243975,0.01635649329305519,1,0.4974358974358961,-3.4398212970539315
ADAUSDT,SHORT,1775958300,1775987100,0.2446,0.24742857142857144,0.23894285714285715,TP2,1.965410101010101,0.011564069618035298,1,0.5606060606060662,-3.035982272004678
SEIUSDT,SHORT,1775960100,1776003300,0.05443,0.05502,0.05325,EXPIRED,1.2003864406779683,0.01083961050891055,1,0.5043731778425639,-2.5498998665374493
LABUSDT,LONG,1775977200,1776009600,0.4764,0.45274,0.52372,TP2,1.9919459002535902,0.04966414777497904,1,0.5372279495990833,2.739190698926439
TAOUSDT,LONG,1775987100,1775991600,266.3,263.4857142857143,271.92857142857144,SL,-1.0378497461928935,0.010568102569604599,1,0.27407407407407436,2.3628311961184947
AVAXUSDT,SHORT,1775991600,1775992500,8.986,9.02857142857143,8.900857142857143,SL,-1.0844322147650998,0.0047375282184986735,1,0.40776699029125424,-2.1476307819665443
BTCUSDT,SHORT,1775998800,1776026700,71053.9,71310.35714285713,70540.98571428572,SL,-1.1108238190730857,0.0036093323921296133,1,0.4479082539169873,-3.310513698248066
ADAUSDT,SHORT,1776002400,1776016800,0.2378,0.2397142857142857,0.23397142857142858,SL,-1.049689552238806,0.008049981977652285,1,0.333333333333331,-2.7454218919852758
ETHUSDT,SHORT,1776005100,1776016800,2182.68,2198.092857142857,2151.854285714285,SL,-1.0566456946890346,0.00706143692289173,1,0.4741900480545658,-1.8086406628484983
LABUSDT,LONG,1776015000,1776019500,0.55131,0.5213114285714285,0.6113071428571428,TP2,1.9926488499452355,0.05441325466356756,1,0.5715417524956431,2.208059545436822
NEARUSDT,LONG,1776017700,1776032100,1.3642,1.3501,1.3924,SL,-1.0387007092198581,0.010335727899135025,1,0.36388140161725335,2.7193404265498917
AAVEUSDT,LONG,1776021300,1776023100,91.4,90.61714285714287,92.9657142857143,SL,-1.0467007299270072,0.008565176617693035,1,0.38992042440318164,2.287281031296179
XLMUSDT,LONG,1776026700,1776030300,0.15215,0.15141714285714286,0.15361571428571427,SL,-1.0830448343079928,0.0048166752734613094,1,0.5605095541401265,2.255865067943201
XRPUSDT,LONG,1776026700,1776032100,1.337,1.3317428571428571,1.3475142857142857,SL,-1.1017282608695647,0.0039320440217972185,1,0.5720164609053353,2.594775495943994
NEARUSDT,LONG,1776040200,1776059100,1.368,1.3510000000000002,1.4020000000000001,SL,-1.0321882352941176,0.01242690058479532,1,0.2015810276679852,1.8653722492764737
HYPEUSDT,LONG,1776042900,1776086100,41.367,40.88214285714285,42.33671428571429,EXPIRED,1.5189076016499652,0.011720867910584371,1,0.1535580524344576,2.6479641940096337
AAVEUSDT,LONG,1776044700,1776051000,91.78,90.65857142857143,94.02285714285713,TP2,1.9672631847133757,0.012218659527441366,1,0.07936507936507944,1.7662662641637539
AAVEUSDT,LONG,1776055500,1776068100,96.57,94.93857142857142,99.83285714285715,SL,-1.023677408056042,0.01689374103167211,1,0.8500000000000012,2.0696825862930712
DOTUSDT,SHORT,1776055500,1776056400,1.214,1.225142857142857,1.1917142857142857,TP2,1.9564205128205128,0.00917863026594491,1,0.17647058823529513,-2.8908255975691652
XLMUSDT,SHORT,1776056400,1776060900,0.14991,0.15064999999999998,0.14842999999999998,SL,-1.0810324324324325,0.004936295110399564,1,0.2714776632302358,-2.351858885064891
XRPUSDT,SHORT,1776056400,1776060000,1.3219,1.3289142857142857,1.3078714285714288,SL,-1.0753832993890025,0.005306215080025472,1,0.16149068322981408,-1.9442081274864098
BTCUSDT,SHORT,1776059100,1776061800,70724.2,71028.52857142857,70115.54285714285,SL,-1.0929576867107904,0.00430303306970706,1,0.3158134589093092,-2.248112369791068
SEIUSDT,LONG,1776060000,1776065400,0.05413,0.05379285714285714,0.05480428571428571,SL,-1.0642220338983053,0.006228391966430007,1,0.23711340206185264,3.075342352881175
HYPEUSDT,LONG,1776126600,1776169800,44.685,43.985285714285716,46.084428571428575,EXPIRED,0.26600285830951476,0.01565881807573649,1,0.37723214285713697,1.8297818514097821
LABUSDT,LONG,1776132000,1776133800,0.61164,0.5954328571428571,0.6440542857142856,TP2,1.9849044336712138,0.02649784653904718,1,0.25783132530120323,2.414468643010741
ZECUSDT,SHORT,1776136500,1776144600,359.88,365.7528571428571,348.13428571428574,SL,-1.0245114084164437,0.01631893170739451,1,0.5468708740427765,-1.3176461620847295
TAOUSDT,SHORT,1776146400,1776165300,253.8,256.4714285714286,248.45714285714286,TP2,1.961997860962567,0.01052572329168078,1,0.21212121212121265,-3.068974527617105
NEARUSDT,LONG,1776149100,1776163500,1.4191,1.4080714285714286,1.4411571428571428,SL,-1.0514699481865286,0.007771525212156591,1,0.12625250501002047,2.2069579112652202
BTCUSDT,LONG,1776150900,1776152700,74736.1,74444.14285714287,75320.01428571428,SL,-1.102393247541226,0.003906507602847061,1,0.2893047714793923,3.291606184667411
LABUSDT,SHORT,1776151800,1776195000,0.55393,0.613497142857143,0.43479571428571423,EXPIRED,0.7760726095402536,0.10753550603351125,1,0.4470196775859099,-2.000614151697891
ZECUSDT,LONG,1776155400,1776177000,371.24,364.4014285714286,384.9171428571429,SL,-1.0217144767077502,0.018420890605999992,1,0.41098370549185165,2.044362807532307
BTCUSDT,LONG,1776212100,1776231000,74509.9,73995.58571428571,75538.52857142857,SL,-1.0579489250597187,0.006902630196984393,1,0.16656191074795929,2.7069176746039334
LABUSDT,SHORT,1776213000,1776219300,0.47176,0.48675857142857143,0.4417628571428572,TP2,1.987418535098581,0.03179280021318345,1,0.4617346938775513,-2.0085750991081994
HYPEUSDT,LONG,1776217500,1776224700,44.228,43.779857142857146,45.12428571428572,SL,-1.0394766974816703,0.010132559852194497,1,0.5667159034958208,2.383190072119301
XLMUSDT,LONG,1776217500,1776227400,0.15566,0.15461571428571427,0.1577485714285714,SL,-1.0596235294117649,0.006708760852407246,1,0.25498007968127717,2.3064388260859405
LABUSDT,SHORT,1776225600,1776226500,0.41213,0.44732857142857146,0.3417328571428571,SL,-1.0046834855310687,0.08540647715180028,1,0.511363636363636,-2.2090829528932634
AVAXUSDT,LONG,1776226500,1776233700,9.396,9.315857142857144,9.556285714285716,SL,-1.046896256684492,0.008529465426017149,1,0.23261390887289668,2.5775000188515294
AVAXUSDT,SHORT,1776299400,1776307500,9.376,9.463857142857142,9.200285714285714,SL,-1.042687479674797,0.00937042905899559,1,0.3715710723192077,-2.011915791987922
XLMUSDT,LONG,1776306600,1776311100,0.1589,0.15794285714285716,0.16081428571428574,TP2,1.9335940298507754,0.006023554796367922,1,0.2692307692307668,2.5903573153878745
AAVEUSDT,LONG,1776307500,1776333600,106.55,105.34857142857142,108.95285714285716,SL,-1.0354744351961949,0.011275725682107716,1,0.21004566210045655,2.6158049866657183
XRPUSDT,LONG,1776307500,1776347100,1.408,1.3964285714285714,1.431142857142857,TP2,1.9513283950617284,0.008218344155844153,1,0.36666666666666803,2.469886136413725
ZECUSDT,SHORT,1776308400,1776321900,338.91,344.33571428571435,328.0585714285714,SL,-1.024985466034755,0.016009307148547734,1,0.542605288932421,-2.204794691075182
DOTUSDT,LONG,1776312000,1776318300,1.201,1.1867142857142858,1.2295714285714288,TP2,1.9663720000000156,0.011894849530153455,1,0.34328358208955106,1.9990610391096268
SEIUSDT,LONG,1776320100,1776335400,0.05705,0.05650142857142857,0.058147142857142856,SL,-1.0415989583333334,0.009615625391260806,1,0.5780590717299582,1.8493554916916768
LABUSDT,SHORT,1776324600,1776337200,0.4794,0.4977285714285714,0.44274285714285716,SL,-1.010462353858145,0.038232314202276615,1,0.2612137203166224,-2.346070157905486
ETHUSDT,SHORT,1776326400,1776348000,2340.55,2354.3757142857144,2312.8985714285714,TP2,1.932284149617723,0.005907036502409425,1,0.3203766780204275,-3.173886455840503
AVAXUSDT,SHORT,1776330000,1776341700,9.435,9.522285714285715,9.260428571428573,SL,-1.0432373158756139,0.009251268074797469,1,0.22015915119363613,-2.0044333313843232
TAOUSDT,LONG,1776384000,1776401100,252.5,248.47142857142856,260.5571428571429,SL,-1.0250709219858156,0.015954738330975965,1,0.5728155339805825,2.397611645513479
ETHUSDT,SHORT,1776389400,1776415500,2332.33,2347.5885714285714,2301.812857142857,SL,-1.0611415036045315,0.006542200901489678,1,0.194547290474591,-2.712837797877506
NEARUSDT,SHORT,1776392100,1776422700,1.415,1.4311428571428573,1.3827142857142858,TP2,1.9649380530973313,0.011408379606259464,1,0.07692307692307535,-2.547224061480446
XRPUSDT,SHORT,1776393000,1776397500,1.422,1.4347142857142856,1.3965714285714284,SL,-1.0447370786516852,0.008941129194293794,1,0.5102040816326566,-2.2453655975512463
ADAUSDT,SHORT,1776402900,1776410100,0.2529,0.2553,0.24810000000000004,SL,-1.0421500000000001,0.009489916963226529,1,0.5789473684210502,-1.7939874036897991
DOTUSDT,LONG,1776408300,1776422700,1.318,1.300857142857143,1.3522857142857143,SL,-1.0307533333333334,0.013006720138738359,1,0.17647058823529527,2.957600328445873
BTCUSDT,LONG,1776409200,1776416400,74896.8,74622.61428571428,75445.17142857143,TP2,1.890735664044129,0.003660846849073827,1,0.18630046326935518,2.4963773815370343
SEIUSDT,SHORT,1776471300,1776504600,0.05801,0.05846428571428571,0.057101428571428574,TP2,1.9489220125786162,0.007831162114906285,1,0.610619469026547,-2.5132003767899644
ZECUSDT,LONG,1776472200,1776506400,335.38,330.3071428571429,345.5257142857143,SL,-1.0264450577302169,0.015125699632825873,1,0.2199741713301769,2.9440433513212154
AAVEUSDT,SHORT,1776473100,1776480300,114.49,115.77714285714285,111.91571428571427,SL,-1.0355795782463928,0.011242404202488076,1,0.5520361990950251,-1.8143116097801142
NEARUSDT,SHORT,1776473100,1776489300,1.394,1.409142857142857,1.3637142857142857,SL,-1.036822641509434,0.010862881738061088,1,0.4328358208955219,-2.451626642627886
HYPEUSDT,LONG,1776474000,1776501000,44.88,44.46000000000001,45.72,SL,-1.0427428571428574,0.009358288770053423,1,0.26872246696035096,1.7630779526563722
LABUSDT,LONG,1776474000,1776489300,0.6079,0.5826857142857143,0.6583285714285714,SL,-1.0096437393767705,0.04147768664958992,1,0.5223555070883296,2.0698682230662278
AVAXUSDT,SHORT,1776484800,1776498300,9.637,9.722285714285714,9.46642857142857,SL,-1.045198659966499,0.008849819890600236,1,0.27157894736842236,-2.428887509146117
AAVEUSDT,SHORT,1776556800,1776573900,101.07,104.74428571428571,93.72142857142856,TP2,1.9889970451010885,0.036353870726088,1,0.22707633221315432,-2.137802528463881
TAOUSDT,SHORT,1776556800,1776586500,243.0,245.27142857142857,238.45714285714288,SL,-1.0427924528301888,0.009347442680775985,1,0.3186813186813215,-3.139092691815048
AVAXUSDT,SHORT,1776557700,1776565800,9.313,9.363428571428571,9.212142857142858,TP2,1.9261291784702892,0.005414857879155039,1,0.22374429223744663,-2.489751774345436
HYPEUSDT,SHORT,1776567600,1776604500,43.32,43.74714285714286,42.465714285714284,SL,-1.0405672240802675,0.009860176757683713,1,0.3727272727272736,-1.5103269061882278
AAVEUSDT,SHORT,1776579300,1776622500,92.24,94.65714285714284,87.40571428571428,EXPIRED,0.9528208037825046,0.02620493123528681,1,0.4845980465815173,-1.7512581548225437
LABUSDT,LONG,1776580200,1776591000,0.5564,0.5318714285714286,0.6054571428571429,TP2,1.9909264997087943,0.04408442025264457,1,0.2805755395683452,2.0189306382158265
TAOUSDT,LONG,1776594600,1776618900,245.9,242.65714285714287,252.3857142857143,SL,-1.0303312775330395,0.013187706965665494,1,0.22424242424242644,1.7251083897762465
ZECUSDT,LONG,1776594600,1776604500,326.07,321.9528571428571,334.3042857142857,TP2,1.9683207494795143,0.012626561343094625,1,0.16497597437266218,2.727206277017913
NEARUSDT,LONG,1776597300,1776605400,1.355,1.3434285714285714,1.3781428571428571,TP2,1.9531604938271605,0.00853979968371112,1,0.35714285714286,3.66141811003836
ADAUSDT,LONG,1776605400,1776613500,0.2497,0.24745714285714288,0.2541857142857143,SL,-1.0445324840764332,0.008982207220092662,1,0.681159420289852,2.211371151270729
LABUSDT,LONG,1776607200,1776616200,0.6448,0.6071428571428572,0.7201142857142857,SL,-1.0068491654021245,0.05840127614321158,1,0.29291640076579384,2.5066139134211265
ZECUSDT,SHORT,1776617100,1776618900,321.38,326.8614285714286,310.41714285714284,TP2,1.9765477195725827,0.017055910670945834,1,0.39523121387283217,-1.6308280017195649
ETHUSDT,SHORT,1776618000,1776636900,2310.45,2330.712857142857,2269.924285714286,TP2,1.9543904399322956,0.00877009116962371,1,0.2676441351888678,-2.4952372732031276
HYPEUSDT,SHORT,1776643200,1776646800,40.73,41.22857142857142,39.73285714285714,SL,-1.0326773638968483,0.012240889481252808,1,0.5866666666666656,-1.8388725149485337
LABUSDT,SHORT,1776643200,1776653100,0.5353,0.5557714285714286,0.4943571428571429,TP2,1.9895405443126282,0.038242907848736324,1,0.7333333333333331,-1.8034947517003357
AAVEUSDT,LONG,1776647700,1776653100,92.34,90.84714285714286,95.32571428571428,SL,-1.0247418181818182,0.01616696061140506,1,0.33088235294117524,3.1565880199427223
LINKUSDT,LONG,1776657600,1776662100,9.188,9.134714285714287,9.294571428571428,SL,-1.0689715817694379,0.005799490018035881,1,0.5498154981549905,1.4254045552927899
NEARUSDT,LONG,1776657600,1776662100,1.358,1.3450000000000002,1.3840000000000001,SL,-1.0417846153846153,0.00957290132547864,1,0.34177215189873134,1.4701065183670012
HYPEUSDT,SHORT,1776732300,1776734100,40.37,40.75285714285714,39.60428571428571,SL,-1.0421776119402983,0.009483704306592615,1,0.48936170212765795,-1.7932251152139291
XLMUSDT,LONG,1776733200,1776736800,0.1749,0.17347142857142858,0.17775714285714286,SL,-1.048972,0.008167932696234568,1,0.3448275862068985,2.9944680019314243
LABUSDT,LONG,1776739500,1776744900,0.5915,0.573857142857143,0.6267857142857143,SL,-1.0134105263157895,0.029827315541601188,1,0.2930107526881725,2.8545276434098024
ADAUSDT,SHORT,1776741300,1776747600,0.2466,0.2482857142857143,0.24322857142857146,SL,-1.0585152542372882,0.006835824354072515,1,0.3043478260869569,-1.923730344310605
ETHUSDT,SHORT,1776741300,1776748500,2302.83,2316.0785714285716,2276.332857142857,SL,-1.069526892387319,0.005753169547283788,1,0.3241746066917676,-2.0402297956305024
LINKUSDT,SHORT,1776741300,1776744000,9.248,9.298428571428571,9.147142857142857,SL,-1.0733552407932012,0.005452916460701924,1,0.2727272727272727,-2.09626635553955
AAVEUSDT,LONG,1776743100,1776775500,92.97,91.58285714285714,95.74428571428572,SL,-1.0268090628218332,0.0149203276018378,1,0.30463576158940187,2.3391802242066473
HYPEUSDT,LONG,1776744000,1776753000,41.23,40.76714285714286,42.15571428571428,SL,-1.035630864197531,0.011226222237621687,1,0.34463276836158235,2.66429393731868
AVAXUSDT,LONG,1776816000,1776825000,9.387,9.322285714285714,9.516428571428571,TP2,1.9419788079469924,0.006894032780897611,1,0.19702602230483304,2.012906472630408
BTCUSDT,LONG,1776816000,1776825000,76302.2,75881.22857142857,77144.14285714287,TP2,1.927498927650368,0.005517159774835236,1,0.2175740888770474,2.428550476468431
NEARUSDT,LONG,1776816000,1776833100,1.385,1.3744285714285713,1.4061428571428571,TP2,1.9475945945945736,0.007632800412583813,1,0.3142857142857141,2.122933812004905
TAOUSDT,SHORT,1776821400,1776825000,242.0,244.65714285714287,236.68571428571428,SL,-1.0364301075268816,0.010979929161747358,1,0.11290322580645203,-1.8662722567253966
ADAUSDT,LONG,1776825900,1776869100,0.254,0.25142857142857145,0.2591428571428571,EXPIRED,0.07715555555556489,0.010123734533183345,1,0.4744525547445244,2.6701352942120318
DOTUSDT,LONG,1776825900,1776835800,1.292,1.281857142857143,1.3122857142857143,TP2,1.9490478873239652,0.007850508624502402,1,0.5102040816326588,2.6793406688630497
SEIUSDT,LONG,1776834900,1776837600,0.06275,0.06146571428571428,0.06531857142857143,SL,-1.019543937708565,0.0204667046101309,1,0.7122708039492245,1.843657957816781
AAVEUSDT,LONG,1776836700,1776840300,93.94,92.91,95.99999999999999,SL,-1.0364815533980585,0.010964445390674848,1,0.40956340956340914,2.1622466603590054
LABUSDT,SHORT,1776837600,1776880800,0.5733,0.6000714285714286,0.5197571428571429,EXPIRED,0.6862046958377829,0.04669706710523034,1,0.3008849557522127,-1.8553026924791673
SOLUSDT,LONG,1776849300,1776877200,88.37,87.66857142857144,89.77285714285715,SL,-1.0503942973523424,0.00793740603630835,1,0.42384105960265195,1.5705056116013816
NEARUSDT,LONG,1776851100,1776863700,1.42,1.4109999999999998,1.4380000000000002,SL,-1.0631111111111105,0.006338028169014146,1,0.33333333333332954,1.9754684555580047
XLMUSDT,SHORT,1776861000,1776867300,0.1784,0.1793714285714286,0.17645714285714284,SL,-1.073458823529411,0.0054452274183216555,1,0.49999999999999056,-2.6918318305605142
ADAUSDT,SHORT,1776902400,1776945600,0.2481,0.2499142857142857,0.24447142857142856,EXPIRED,0.38624566929133614,0.007312719525536917,1,0.5853658536585409,-2.3512569356191424
AVAXUSDT,SHORT,1776902400,1776904200,9.328,9.384285714285713,9.21542857142857,TP2,1.9337096446700826,0.006034060279343328,1,0.5434083601286039,-2.603159028174579
ETHUSDT,SHORT,1776902400,1776904200,2372.94,2388.1242857142856,2342.5714285714284,TP2,1.9374895850974052,0.006398933691659197,1,0.24468587623996438,-2.691596465875471
DOTUSDT,SHORT,1776911400,1776954600,1.258,1.2711428571428571,1.2317142857142855,EXPIRED,1.0269304347826114,0.010447422212128129,1,0.4358974358974368,-2.5903977633024935
NEARUSDT,SHORT,1776911400,1776954600,1.391,1.4044285714285716,1.364142857142857,EXPIRED,-0.4882425531914849,0.009653897504364848,1,0.43396226415094274,-2.1088784746999267
LABUSDT,LONG,1776912300,1776928500,0.5897,0.5731285714285714,0.6228428571428573,TP2,1.9857658620689722,0.028101455946122778,1,0.18670076726342738,2.383290521359709
HYPEUSDT,LONG,1776931200,1776935700,41.21,40.92142857142857,41.787142857142854,SL,-1.0571227722772278,0.007002461261136326,1,0.29655172413793174,1.9295188094551783
LABUSDT,LONG,1776932100,1776942900,0.6286,0.6075571428571429,0.6706857142857143,TP2,1.9880510522742703,0.033475751102222645,1,0.5023923444976087,1.8611126596649699
SEIUSDT,LONG,1776934800,1776935700,0.06167,0.06114,0.06273000000000001,SL,-1.046543396226415,0.008594130047024497,1,0.4634146341463405,1.720200689698447
ZECUSDT,LONG,1776944700,1776950100,320.33,316.31857142857143,328.3528571428571,TP2,1.968058262108262,0.01252280014806154,1,0.1821909783245423,3.1305982746115744
LABUSDT,LONG,1776945600,1776951000,0.6803,0.6470714285714286,0.7467571428571429,SL,-1.0081893379191746,0.048843997396106745,1,0.5353697749196148,2.6139703789565254
SEIUSDT,SHORT,1776950100,1776951000,0.06015,0.06067857142857143,0.05909285714285715,SL,-1.045518918918919,0.008787554922218251,1,0.5234375000000004,-1.1975918496144542
LINKUSDT,LONG,1776955500,1776964500,9.303,9.246571428571428,9.415857142857146,SL,-1.0659453164556951,0.006065631670275436,1,0.4715447154471488,1.665458977437235
ADAUSDT,LONG,1776956400,1776964500,0.249,0.24728571428571428,0.25242857142857145,SL,-1.0581,0.006884681583476754,1,0.733333333333334,2.0037983532498287
TAOUSDT,LONG,1776956400,1776960000,245.2,243.09999999999997,249.4,SL,-1.0467047619047616,0.008564437194127287,1,0.5555555555555579,2.0272090922479076
DOTUSDT,SHORT,1776964500,1776996000,1.235,1.2475714285714286,1.209857142857143,SL,-1.0392954545454547,0.010179294389820664,1,0.2571428571428532,-2.9236600053592303
SOLUSDT,SHORT,1776964500,1776983400,85.31,86.06,83.81000000000002,SL,-1.045498666666667,0.00879146641659824,1,0.22695035460993554,-2.457689455132465
TAOUSDT,SHORT,1776964500,1776974400,241.6,244.35714285714283,236.0857142857143,SL,-1.0350507772020727,0.011412015137180672,1,0.05343511450381812,-2.1935228157770164
AAVEUSDT,LONG,1776989700,1776993300,95.63,94.14571428571428,98.59857142857142,SL,-1.0257713185755535,0.015521130547795822,1,0.4044117647058801,1.792248897705793
HYPEUSDT,LONG,1776989700,1776994200,41.3,41.068571428571424,41.762857142857136,SL,-1.0713827160493827,0.005603597371151842,1,0.26415094339622336,1.3853639288023556
SUIUSDT,LONG,1776989700,1777001400,0.948,0.9422714285714285,0.9594571428571429,SL,-1.0661945137157103,0.0060427968655817135,1,0.3663911845730033,1.6637822665909465
LABUSDT,LONG,1776994200,1776997800,0.7838,0.7479857142857144,0.8554285714285714,TP2,1.9912459513362584,0.04569314329457221,1,0.7280858676207519,2.0592384530180214
AVAXUSDT,LONG,1776996000,1776999600,9.431,9.37042857142857,9.552142857142856,SL,-1.062280188679245,0.0064225881212415185,1,0.4088050314465451,2.0773275554695556
ADAUSDT,SHORT,1777076100,1777080600,0.2495,0.2508142857142857,0.24687142857142855,SL,-1.0759347826086954,0.0052676782135700215,1,0.23076923076923866,-1.9990088705471512
HYPEUSDT,SHORT,1777077000,1777083300,41.0,41.207142857142856,40.585714285714296,SL,-1.079172413793105,0.005052264808362281,1,0.27083333333333104,-2.2325293972140554
TAOUSDT,SHORT,1777077000,1777088700,247.4,249.55714285714288,243.0857142857143,SL,-1.0458754966887416,0.008719251645686599,1,0.32743362831858436,-1.7470375405703058
SEIUSDT,LONG,1777085100,1777109400,0.06195,0.06149857142857143,0.06285285714285714,TP2,1.9451075949367242,0.0072869825896460195,1,0.06607929515418402,1.8234327934613557
HYPEUSDT,LONG,1777161600,1777163400,41.48,41.35285714285714,41.73428571428571,SL,-1.1304988764044954,0.0030651604904256557,1,0.2777777777777696,1.2167192432604372
XLMUSDT,SHORT,1777162500,1777181400,0.1691,0.1698285714285714,0.16764285714285718,SL,-1.092839215686276,0.004308524119286906,1,0.3142857142857211,-3.21588997170911
SEIUSDT,SHORT,1777163400,1777181400,0.06011,0.06044571428571428,0.059438571428571424,SL,-1.0716204255319148,0.005584998930532131,1,0.09433962264150812,-2.335949935540107
ADAUSDT,SHORT,1777166100,1777169700,0.2483,0.24942857142857142,0.24604285714285712,SL,-1.0880050632911387,0.004545193026868446,1,0.19148936170213093,-2.8553588264181147
SOLUSDT,LONG,1777170600,1777174200,86.23,85.98142857142858,86.72714285714285,SL,-1.1387609195402315,0.0028826560196152824,1,0.35766423357664856,2.2164742359859306
BTCUSDT,SHORT,1777174200,1777179600,77395.5,77570.3,77045.90000000001,SL,-1.1771064073226558,0.0022585292426562107,1,0.19956511234598712,-2.155520048600459
HYPEUSDT,LONG,1777250700,1777279500,42.68,42.18142857142857,43.67714285714286,SL,-1.034241833810888,0.011681617351720498,1,0.276264591439689,2.1529834653328286
TAOUSDT,LONG,1777250700,1777267800,253.0,250.05714285714285,258.8857142857143,SL,-1.0343883495145632,0.011631846414455123,1,0.11764705882352855,2.5501339359763704
ADAUSDT,LONG,1777251600,1777266900,0.2546,0.25202857142857144,0.2597428571428571,SL,-1.0396044444444446,0.01009987655706425,1,0.22222222222222165,3.2812124497183954
AVAXUSDT,SHORT,1777266900,1777270500,9.388,9.459714285714286,9.24457142857143,TP2,1.947636653386429,0.0076389311583175915,1,0.07906976744186246,-2.946943373788754
DOTUSDT,SHORT,1777266900,1777270500,1.254,1.264,1.234,TP2,1.94984,0.007974481658692191,1,0.06896551724137852,-2.6851582871024977
NEARUSDT,SHORT,1777266900,1777303800,1.382,1.3944285714285714,1.357142857142857,TP2,1.9555218390804598,0.008993177589414947,1,0.1470588235294113,-3.0398412916045974
ADAUSDT,SHORT,1777272300,1777315500,0.2471,0.24965714285714283,0.2419857142857143,EXPIRED,0.5479396648044624,0.01034861536682657,1,0.7413793103448237,-1.7283613620392977
SUIUSDT,SHORT,1777272300,1777301100,0.9267,0.9371714285714285,0.9057571428571427,SL,-1.0353991814461116,0.011299696311026878,1,0.5898366606170563,-1.9587770921834273
ZECUSDT,LONG,1777280400,1777284900,360.66,355.6328571428572,370.7142857142858,SL,-1.0286970161977833,0.013938731373434437,1,0.11100875172731411,1.7992068819697695
AAVEUSDT,LONG,1777299300,1777303800,97.91,96.89,99.95,SL,-1.0383960784313724,0.010417730568889817,1,0.3703703703703695,4.018351379865346
HYPEUSDT,LONG,1777299300,1777302900,42.63,42.27714285714286,43.33571428571428,SL,-1.048325506072875,0.00827720250661836,1,0.2185430463576177,3.204081632653049
ZECUSDT,LONG,1777301100,1777303800,360.59,355.9157142857143,369.93857142857144,SL,-1.0308573349633252,0.012962882260422436,1,0.15936446798266798,2.5281643272629575
SUIUSDT,LONG,1777334400,1777336200,0.935,0.9301,0.9448000000000001,SL,-1.0763265306122447,0.005240641711229963,1,0.38351254480286445,2.2961314291905683
TAOUSDT,LONG,1777338000,1777338900,249.8,248.17142857142858,253.05714285714285,SL,-1.0613543859649126,0.006519501315337955,1,0.5200000000000027,2.640984747218627
HYPEUSDT,SHORT,1777343400,1777358700,41.23,41.505714285714284,40.67857142857142,TP2,1.9401844559585493,0.006687224974879595,1,0.13333333333333397,-1.9774287443301024
BTCUSDT,SHORT,1777344300,1777354200,76654.4,77043.35714285713,75876.4857142857,SL,-1.0788306901237743,0.0050741659038116855,1,0.042767638245709616,-2.1274418442894873
ETHUSDT,SHORT,1777344300,1777354200,2280.11,2293.7957142857144,2252.7385714285715,SL,-1.0666420459290187,0.00600221668503463,1,0.09897384971863565,-2.2574447020386508
BTCUSDT,LONG,1777424400,1777426200,76477.2,76260.44285714286,76910.71428571428,SL,-1.141129743623543,0.002834271428048375,1,0.11913202277366816,2.514072949790459
LABUSDT,LONG,1777425300,1777444200,0.6932,0.6712285714285714,0.7371428571428572,SL,-1.0126200260078024,0.03169565575797546,1,0.3844468784227839,3.230066995534932
TAOUSDT,LONG,1777430700,1777435200,259.5,257.12857142857143,264.24285714285713,TP2,1.9562289156626504,0.009138453069088857,1,0.29032258064516325,2.6211120980768907
AVAXUSDT,LONG,1777432500,1777437000,9.19,9.151428571428571,9.267142857142858,TP2,1.904696296296343,0.004197108658479735,1,0.13609467455621363,2.6510046986479323
AAVEUSDT,LONG,1777437000,1777446000,97.67,96.88714285714285,99.2357142857143,SL,-1.0499043795620435,0.008015328584592479,1,0.39255014326647913,2.805374968886003
ADAUSDT,LONG,1777437900,1777456800,0.2495,0.24777142857142856,0.2529571428571429,TP2,1.9422644628099173,0.0069281419982822785,1,0.38888888888888784,2.066891538105059
XLMUSDT,LONG,1777448700,1777451400,0.1643,0.16310000000000002,0.16669999999999996,SL,-1.0547666666666675,0.007303712720632884,1,0.4827586206896547,1.7598361154529276
HYPEUSDT,LONG,1777509900,1777517100,40.17,39.85714285714286,40.79571428571429,SL,-1.051358904109589,0.0077883281766776835,1,0.151515151515151,2.453280774221391
AVAXUSDT,LONG,1777510800,1777517100,9.208,9.149571428571429,9.324857142857143,SL,-1.063037652811736,0.006345413925778809,1,0.45882352941177096,2.9845720690121293
XRPUSDT,LONG,1777510800,1777517100,1.382,1.3737142857142857,1.3985714285714284,SL,-1.066717241379311,0.005995451726276578,1,0.7575757575757568,2.667567343401888
AAVEUSDT,SHORT,1777517100,1777535100,91.85,92.77285714285713,90.0042857142857,SL,-1.0398111455108359,0.010047437592347807,1,0.4778325123152753,-3.4072160540078875
BTCUSDT,SHORT,1777517100,1777536000,75582.8,76060.85714285714,74626.68571428572,SL,-1.0632416447525697,0.006324946189571491,1,0.13091209244737573,-1.8009990148817572
ETHUSDT,SHORT,1777517100,1777536000,2240.52,2260.3371428571427,2200.885714285714,SL,-1.045223875432526,0.008844885498519464,1,0.11859443631039278,-2.1485602713018057
HYPEUSDT,LONG,1777593600,1777596300,39.68,39.48285714285714,40.074285714285715,TP2,1.919489855072464,0.004968317972350239,1,0.6444444444444487,1.5369455681866366
XLMUSDT,SHORT,1777593600,1777594500,0.1582,0.1588857142857143,0.15682857142857143,SL,-1.0922833333333333,0.004334477153693334,1,0.3571428571428543,-1.9730011566174037
SUIUSDT,LONG,1777594500,1777597200,0.9103,0.9064857142857143,0.9179285714285714,SL,-1.0954621722846447,0.004190141397655378,1,0.13615023474178478,2.4296840421337373
BTCUSDT,LONG,1777599900,1777606200,76585.1,76338.57142857143,77078.15714285715,TP2,1.8757383786289619,0.003219014813959517,1,0.09620991253644315,1.9128788417042604
SOLUSDT,LONG,1777599900,1777606200,83.5,83.16571428571429,84.16857142857144,TP2,1.900085470085514,0.0040034217279726805,1,0.2911392405063371,2.3820071564720036
ETHUSDT,LONG,1777600800,1777606200,2266.27,2257.3700000000003,2284.0699999999997,TP2,1.8981451685393749,0.0039271578408573695,1,0.07685492801772188,2.08549119571551
SEIUSDT,LONG,1777612500,1777617900,0.05789,0.05748428571428571,0.058701428571428564,SL,-1.057074647887324,0.007008365619524703,1,0.3555555555555493,2.317783921568504
LABUSDT,SHORT,1777614300,1777626000,0.6758,0.6901428571428571,0.6471142857142858,SL,-1.0188470119521913,0.021223523443115,1,0.30192719486081254,-2.305978423555564
TAOUSDT,LONG,1777615200,1777625100,254.5,252.2142857142857,259.0714285714286,TP2,1.9554625,0.008981195621667167,1,0.41284403669724856,1.60044334993118
AVAXUSDT,SHORT,1777618800,1777624200,9.078,9.12542857142857,8.983142857142857,SL,-1.0765614457831336,0.00522456173480621,1,0.14285714285714493,-1.8020863116657622
AAVEUSDT,SHORT,1777620600,1777637700,92.28,92.95285714285716,90.9342857142857,SL,-1.0548585987261143,0.00729147315623264,1,0.12025316455695856,-2.193996897338596
HYPEUSDT,LONG,1777625100,1777649400,40.43,40.08714285714286,41.11571428571428,TP2,1.9528316666666665,0.008480265714992398,1,0.07784431137724795,1.7274419581114542
TAOUSDT,LONG,1777628700,1777647600,260.1,257.22857142857146,265.8428571428572,TP2,1.9637671641791248,0.011039710001647792,1,0.5897435897435903,1.8575374192316196
DOTUSDT,SHORT,1777630500,1777637700,1.194,1.2021428571428572,1.1777142857142857,SL,-1.0586526315789475,0.006819813352476662,1,0.4666666666666667,-2.49032462506344
LINKUSDT,SHORT,1777630500,1777635000,9.121,9.160428571428572,9.042142857142856,SL,-1.0925318840579699,0.004322834275690374,1,0.17647058823529044,-2.1571953303523634
LABUSDT,LONG,1777632300,1777653000,0.7031,0.6857857142857142,0.7377285714285713,SL,-1.0162432343234324,0.02462563748298347,1,0.2595744680851053,2.791402120430741
HYPEUSDT,LONG,1777680000,1777708800,41.16,40.88142857142857,41.71714285714285,TP2,1.9408984615384866,0.006768013327780053,1,0.13821138211382367,2.206022940042695
LABUSDT,LONG,1777680000,1777688100,1.2149,1.0874000000000001,1.4699,SL,-1.0038114509803922,0.1049469092106346,1,0.791059125140202,2.399209393961778
SOLUSDT,LONG,1777687200,1777695300,84.0,83.65285714285714,84.69428571428571,SL,-1.0967901234567898,0.004132653061224502,1,0.30952380952380854,2.2615890371335334
ETHUSDT,LONG,1777690800,1777734000,2302.37,2293.945714285714,2319.2185714285715,EXPIRED,0.23254814312363148,0.003658962596926537,1,0.22200056996295045,2.3886367828485526
LABUSDT,LONG,1777696200,1777698900,1.5718,1.373614285714286,1.9681714285714287,TP2,1.9968276219995689,0.12608837911039208,1,0.4134399687896227,2.3717402721091356
DOTUSDT,SHORT,1777698000,1777713300,1.199,1.2061428571428572,1.1847142857142858,SL,-1.0671439999999999,0.005957345406886696,1,0.1724137931034451,-2.483066027141942
AAVEUSDT,SHORT,1777698900,1777713300,91.76,92.29285714285714,90.69428571428573,SL,-1.068881501340483,0.0058070743554614135,1,0.13265306122449283,-2.60358239037578
AVAXUSDT,SHORT,1777698900,1777706100,9.067,9.102285714285713,8.996428571428572,SL,-1.102783805668017,0.0038916636468196777,1,0.04761904761904647,-2.259646571307159
TAOUSDT,LONG,1777705200,1777707900,276.9,273.71428571428567,283.27142857142854,SL,-1.0347677130044841,0.01150492699788478,1,0.34782608695652095,3.5155514327080417
HYPEUSDT,LONG,1777709700,1777713300,41.85,41.58857142857143,42.37285714285714,TP2,1.935967213114727,0.006246799795186886,1,0.37984496124031186,3.056749695171286
SEIUSDT,LONG,1777713300,1777722300,0.05802,0.05776714285714286,0.05852571428571429,SL,-1.0917830508474569,0.0043581031171517565,1,0.12582781456953265,2.2664210810848995
ADAUSDT,LONG,1777715100,1777726800,0.2485,0.24765714285714288,0.25018571428571423,SL,-1.1179322033898325,0.0033917792469099774,1,0.20930232558139716,2.56350156345424
NEARUSDT,SHORT,1777722300,1777741200,1.283,1.290285714285714,1.2684285714285715,SL,-1.0704392156862752,0.005678654938202817,1,0.2666666666666647,-2.5413099042982856
ZECUSDT,SHORT,1777722300,1777741200,372.39,376.4485714285714,364.2728571428571,SL,-1.0367015839493134,0.01089871217962738,1,0.252756947507722,-3.280480903604796
XRPUSDT,LONG,1777730400,1777770900,1.39,1.3841428571428571,1.4017142857142857,SL,-1.0949268292682928,0.004213771839671113,1,0.29999999999999666,2.293412361469283
LABUSDT,LONG,1777731300,1777738500,2.4889,2.218971428571429,3.0287571428571427,TP2,1.9963117650172004,0.10845295971255227,1,0.5331258337038679,3.1358251395959496
LINKUSDT,LONG,1777734900,1777737600,9.152,9.120999999999999,9.213999999999999,SL,-1.118090322580645,0.0033872377622377707,1,0.40506329113923767,2.8532338180207506
AAVEUSDT,LONG,1777738500,1777745700,92.75,92.27571428571429,93.69857142857144,SL,-1.0782228915662646,0.005113592606854096,1,0.2276422764227644,2.395573493996333
XLMUSDT,LONG,1777741200,1777744800,0.1607,0.15990000000000001,0.1623,SL,-1.0803500000000006,0.004978220286247636,1,0.5000000000000039,1.8316381565184232
HYPEUSDT,SHORT,1777766400,1777788900,41.26,41.464285714285715,40.85142857142856,TP2,1.9192111888111896,0.004951180666158902,1,0.617977528089884,-1.3710917698925995
AAVEUSDT,SHORT,1777770900,1777808700,92.14,92.87857142857143,90.66285714285715,SL,-1.0499017408123792,0.00801575242643183,1,0.2039800995024868,-2.3514797604819977
ADAUSDT,SHORT,1777770900,1777810500,0.2489,0.25042857142857144,0.2458428571428571,SL,-1.0651327102803732,0.006141307467141207,1,0.26027397260274443,-2.4663865784969405
TAOUSDT,LONG,1777785300,1777803300,287.5,284.65714285714284,293.18571428571425,SL,-1.0404522613065328,0.009888198757763964,1,0.14074074074073906,2.2981861936865244
HYPEUSDT,SHORT,1777789800,1777795200,40.84,41.06,40.4,SL,-1.0742545454545451,0.005386875612144977,1,0.3260869565217356,-2.113009095323302
ETHUSDT,LONG,1777792500,1777801500,2306.7,2300.2242857142855,2319.6514285714284,TP2,1.8575168762409013,0.0028073500176504706,1,0.25223834516824395,2.942702739102905
XLMUSDT,LONG,1777793400,1777800600,0.1594,0.1587285714285714,0.1607428571428571,SL,-1.094961702127661,0.00421222441297717,1,0.4375000000000141,2.668670988623623
LINKUSDT,LONG,1777801500,1777844700,9.137,9.099142857142857,9.212714285714288,EXPIRED,-0.6776739622641429,0.004143279288294127,1,0.26857142857143634,1.9476352628706624
ZECUSDT,LONG,1777802400,1777808700,391.47,387.0028571428572,400.4042857142857,TP2,1.9649467220978571,0.011411201004273222,1,0.5352358765288288,2.8564554562868163
BTCUSDT,LONG,1777808700,1777841100,78680.5,78474.65714285715,79092.1857142857,TP2,1.8471056978277445,0.0026161864393700373,1,0.44669946699469026,2.9732358526791094
AVAXUSDT,LONG,1777810500,1777816800,9.116,9.051285714285715,9.24542857142857,SL,-1.0563461368653424,0.007098978248605241,1,0.2057761732852005,2.698694413888206
SOLUSDT,LONG,1777818600,1777844700,84.21,83.85571428571428,84.91857142857141,SL,-1.0950758064516137,0.004207169151950016,1,0.16249999999999779,1.7524300555785715
HYPEUSDT,SHORT,1777820400,1777830300,40.84,41.10142857142858,40.317142857142855,SL,-1.0624874316939885,0.0064012872533931,1,0.152000000000003,-2.5945325175783998
XLMUSDT,SHORT,1777828500,1777847400,0.1587,0.15934285714285715,0.15741428571428576,SL,-1.098746666666669,0.004050769646232687,1,0.4482758620689576,-1.6567755727586297
XRPUSDT,SHORT,1777852800,1777859100,1.386,1.3972857142857142,1.3634285714285712,SL,-1.0491240506329114,0.008142650999793876,1,0.10714285714285672,-1.8773777942003027
AAVEUSDT,SHORT,1777853700,1777859100,92.07,93.05714285714286,90.09571428571427,SL,-1.037307670043415,0.010721655882946289,1,0.12925170068027264,-2.3271147885299834
AVAXUSDT,SHORT,1777853700,1777859100,9.043,9.125571428571428,8.877857142857142,SL,-1.0438069204152247,0.009130977393722078,1,0.14352941176470552,-2.2504706405431256
ZECUSDT,LONG,1777856400,1777890600,419.64,408.46714285714285,441.98571428571427,SL,-1.0150235519754507,0.026624862126720855,1,0.33145539906103366,2.4697027314515902
LABUSDT,LONG,1777941000,1777950000,1.8288,1.6056857142857144,2.2750285714285714,SL,-1.0032786784479446,0.12200037495313083,1,0.15446696696696713,2.853606497770134
XLMUSDT,LONG,1777942800,1777944600,0.1587,0.1579,0.16030000000000003,SL,-1.0793499999999998,0.005040957781978595,1,0.3809523809523794,2.8311090152562772
TAOUSDT,LONG,1777943700,1777949100,290.2,286.6714285714286,297.2571428571428,SL,-1.0328971659919028,0.012159102097075875,1,0.4719101123595535,2.5872398530151415
AVAXUSDT,LONG,1777947300,1777977000,9.257,9.194285714285714,9.382428571428571,TP2,1.9409576309794991,0.006774795907344277,1,0.1409395973154356,1.884697289119641
SUIUSDT,LONG,1778031900,1778057100,0.9807,0.9701714285714286,1.0017571428571428,TP2,1.9627413839891348,0.010735771824789872,1,0.16904276985743277,2.1516022289990895
AVAXUSDT,LONG,1778032800,1778057100,9.495,9.415857142857142,9.653285714285714,TP2,1.9520108303249095,0.008335214022417792,1,0.13125000000000003,1.953252624337277
DOTUSDT,LONG,1778032800,1778035500,1.295,1.2804285714285715,1.324142857142857,SL,-1.0355490196078432,0.011252068394925523,1,0.12280701754385842,2.448472202068816
TAOUSDT,SHORT,1778034600,1778050800,284.3,290.6571428571429,271.5857142857143,SL,-1.0178885393258428,0.022360685392693865,1,0.09128630705394157,-2.1510422949132004
BTCUSDT,LONG,1778038200,1778046300,81571.0,81096.75714285714,82519.4857142857,SL,-1.0688010362382143,0.005813865922237765,1,0.24848227552536895,2.2423285669905457
HYPEUSDT,SHORT,1778113800,1778124600,42.92,43.21571428571429,42.32857142857142,TP2,1.9419439613526577,0.006889894820929375,1,0.20289855072463708,-1.617514204345041
ETHUSDT,SHORT,1778114700,1778116500,2335.73,2347.3142857142857,2312.561428571429,TP2,1.919348329017101,0.004959599660185698,1,0.20485937760027553,-3.077866804377099
LINKUSDT,SHORT,1778114700,1778130900,9.923,9.996571428571428,9.775857142857143,SL,-1.053950291262136,0.007414232446984647,1,0.2027027027027012,-2.4725170841682016
DOTUSDT,SHORT,1778120100,1778128200,1.288,1.304857142857143,1.2542857142857144,SL,-1.0305627118644067,0.013087843833185436,1,0.2530120481927694,-2.4595192093005185
HYPEUSDT,SHORT,1778126400,1778129100,42.29,42.638571428571424,41.59285714285714,SL,-1.0485295081967214,0.0082424078640678,1,0.5519999999999919,-1.9058427086111813
NEARUSDT,LONG,1778130900,1778144400,1.502,1.476,1.554,SL,-1.0231076923076923,0.01731025299600532,1,0.20879120879120783,2.35124026441593
ZECUSDT,LONG,1778198400,1778207400,574.59,562.7828571428572,598.2042857142858,SL,-1.0194658439201452,0.020548813688269642,1,0.2742407199100108,2.4075367367148246
ETHUSDT,SHORT,1778206500,1778230800,2277.0,2287.558571428571,2255.882857142857,SL,-1.0862616695981602,0.004637053767488541,1,0.3826530612244908,-2.7316255617582987
BTCUSDT,SHORT,1778207400,1778229900,79449.0,79766.91428571429,78813.17142857143,SL,-1.0999627932057148,0.00400148882571573,1,0.22106232729505385,-2.456669336891191
SEIUSDT,LONG,1778211900,1778232600,0.06109,0.06042714285714285,0.06241571428571428,TP2,1.9631353448275757,0.010850501601852065,1,0.2650176678445246,2.489020320858156
DOTUSDT,LONG,1778214600,1778220900,1.32,1.3058571428571428,1.3482857142857143,SL,-1.0373333333333334,0.010714285714285711,1,0.11428571428571392,2.5505541633270297
HYPEUSDT,SHORT,1778215500,1778219100,42.08,42.39714285714285,41.44571428571428,SL,-1.0530738738738736,0.0075366648560565115,1,0.27848101265823244,-2.2469148296192745
AAVEUSDT,LONG,1778219100,1778225400,92.97,92.27285714285715,94.36428571428571,SL,-1.0533434426229509,0.007498578650563155,1,0.18644067796609876,1.8336544217220925
NEARUSDT,LONG,1778286600,1778289300,1.606,1.582142857142857,1.653714285714286,SL,-1.0269269461077843,0.01485500800569298,1,0.2982456140350877,1.9358374308224098
SEIUSDT,LONG,1778286600,1778294700,0.06656,0.06562714285714286,0.06842571428571427,TP2,1.9714597243491576,0.014015281593406493,1,0.4778947368421064,2.313748060026701
SUIUSDT,LONG,1778286600,1778287500,1.041,1.0286857142857142,1.0656285714285711,TP2,1.9661856148491699,0.011829285028132236,1,0.3046357615894046,3.5686066932722444
LINKUSDT,LONG,1778288400,1778292000,10.419,10.34442857142857,10.568142857142858,TP2,1.9441126436781375,0.007157253917979566,1,0.17590361445783265,2.045769530443716
AAVEUSDT,LONG,1778290200,1778292000,97.55,96.66857142857143,99.31285714285715,TP2,1.9557309562398866,0.009035659368821895,1,0.5034482758620659,2.3951399279373824
BILLUSDT,SHORT,1778292900,1778303700,0.08312,0.09133857142857142,0.06668285714285714,SL,-1.00404547192769,0.09887597965076309,1,0.18979865771812104,-2.2869897039773424
XLMUSDT,LONG,1778292900,1778308200,0.1671,0.16562857142857143,0.17004285714285716,SL,-1.0454252427184463,0.008805676669231478,1,0.49999999999999817,2.3714102196215014
HYPEUSDT,LONG,1778300100,1778301900,44.3,43.91428571428571,45.07142857142857,SL,-1.0459407407407406,0.008706868752015512,1,0.6333333333333296,1.8771638122381649
LINKUSDT,LONG,1778300100,1778308200,10.599,10.491714285714286,10.81357142857143,SL,-1.039516910785619,0.010122248729664565,1,0.4836488812392426,1.2722854461075985
ZECUSDT,LONG,1778305500,1778309100,636.19,620.8328571428572,666.9042857142857,SL,-1.016570530232558,0.02413923962517936,1,0.52865595942519,2.5724660952669747
HYPEUSDT,SHORT,1778372100,1778395500,42.81,43.02142857142857,42.387142857142855,SL,-1.0809918918918913,0.004938765975906868,1,0.11111111111111549,-2.4640853355349184
SUIUSDT,LONG,1778372100,1778373000,1.0785,1.0668,1.1019,TP2,1.9631282051282053,0.010848400556328274,1,0.26515151515151447,2.2614556024217882
DOTUSDT,SHORT,1778374800,1778398200,1.336,1.3442857142857143,1.3194285714285714,SL,-1.0644965517241378,0.00620188195038495,1,0.44827586206895653,-2.6654864956822233
XRPUSDT,SHORT,1778374800,1778400900,1.416,1.4217142857142857,1.4045714285714286,SL,-1.0991199999999999,0.004035512510088785,1,0.25000000000000233,-2.5491413677938475
TAOUSDT,LONG,1778378400,1778391900,312.6,309.8285714285715,318.14285714285717,SL,-1.045117525773196,0.008865734393565477,1,0.2388059701492543,3.320626696193179
ZECUSDT,LONG,1778380200,1778382900,609.74,601.6785714285714,625.8628571428571,SL,-1.0302546872231082,0.013221091893968872,1,0.43421434795236763,3.5567824444009286
AAVEUSDT,LONG,1778391900,1778400900,96.4,95.81285714285715,97.57428571428572,TP2,1.9343260340632848,0.006090693538826318,1,0.32384341637010855,2.613226213694012
ZECUSDT,LONG,1778394600,1778405400,612.1,603.7014285714286,628.8971428571429,SL,-1.0291525769688723,0.013720913949634738,1,0.35631564772421165,2.015878540582365
TAOUSDT,LONG,1778464800,1778467500,324.5,319.3142857142857,334.87142857142857,SL,-1.025030303030303,0.01598062953995158,1,0.35426008968609657,2.7005988023952083
AVAXUSDT,SHORT,1778466600,1778494500,10.042,10.164285714285715,9.797428571428572,SL,-1.032847663551402,0.012177426238370247,1,0.21626617375230917,-2.308424524762903
BILLUSDT,SHORT,1778466600,1778481900,0.11538,0.12250142857142857,0.10113714285714286,SL,-1.0064807221664995,0.061721516479706785,1,0.3061386138613861,-1.6818981206126313
NEARUSDT,SHORT,1778466600,1778485500,1.532,1.554,1.4880000000000002,SL,-1.0278545454545456,0.014360313315926864,1,0.2037037037037041,-1.9228633725626072
SEIUSDT,LONG,1778480100,1778481900,0.07685,0.07535285714285715,0.07984428571428571,SL,-1.0205324427480915,0.019481364439074243,1,0.3333333333333333,2.610184898117916
XLMUSDT,SHORT,1778544900,1778548500,0.1678,0.16892857142857143,0.16554285714285716,SL,-1.059473417721519,0.006725693853226622,1,0.20000000000000184,-1.7422977238327761
HYPEUSDT,SHORT,1778545800,1778550300,41.8,42.05571428571429,41.28857142857142,TP2,1.9346145251396378,0.006117566643882503,1,0.31707317073171043,-1.5999800211858766
ETHUSDT,SHORT,1778546700,1778550300,2331.27,2340.917142857143,2311.9757142857143,TP2,1.9033384273655685,0.004138149102052909,1,0.21980091471616092,-2.73314285828355
SEIUSDT,LONG,1778547600,1778548500,0.07695,0.07576428571428573,0.07932142857142857,SL,-1.0259590361445783,0.015408892601875009,1,0.3908045977011524,2.3210269139716884
AAVEUSDT,SHORT,1778549400,1778578200,100.35,101.27857142857142,98.49285714285712,TP2,1.9567723076923231,0.009253327638977925,1,0.4054054054053987,-1.8796741257038758
SUIUSDT,SHORT,1778551200,1778554800,1.2693,1.2955285714285716,1.2168428571428571,SL,-1.0193575163398692,0.020663807948137967,1,0.2244541484716155,-2.5191214836130387
HYPEUSDT,SHORT,1778556600,1778597100,41.07,41.41142857142857,40.38714285714285,TP2,1.9518845188284732,0.008313332637657038,1,0.6240601503759461,-1.7970917979403211
BILLUSDT,LONG,1778558400,1778563800,0.14672,0.1401042857142857,0.15995142857142855,TP2,1.991129000215936,0.04509074622215298,1,0.27112317611129955,1.9364751062450178
LABUSDT,SHORT,1778563800,1778607000,4.7062,5.038728571428572,4.041142857142857,EXPIRED,-0.1319660437341574,0.0706575520438085,1,0.15125570776255687,-2.7072530142169127
TAOUSDT,LONG,1778565600,1778568300,322.2,319.27142857142854,328.0571428571429,SL,-1.0440078048780486,0.009089296798794031,1,0.2432432432432474,2.4577588267268475
NEARUSDT,LONG,1778566500,1778571900,1.549,1.5351428571428571,1.5767142857142857,TP2,1.9552865979381604,0.008945863690860482,1,0.27906976744185974,1.998080429541416
ZECUSDT,LONG,1778570100,1778577300,561.89,555.1142857142856,575.4414285714287,SL,-1.033170820156019,0.012058791375027753,1,0.3265931372549034,2.5769836083401843
NEARUSDT,LONG,1778580900,1778581800,1.601,1.5698571428571428,1.6632857142857143,SL,-1.0205633027522936,0.019452128134201815,1,0.42857142857142905,2.396969349346894
SUIUSDT,SHORT,1778580900,1778599800,1.2603,1.2825,1.2159,TP2,1.9772918918918918,0.017614853606284217,1,0.21135029354207485,-1.7922982320135945
BILLUSDT,LONG,1778582700,1778593500,0.15373,0.14473571428571427,0.17171857142857144,TP2,1.993163214739514,0.05850702995046978,1,0.2364485981308404,3.252003325752426
ADAUSDT,SHORT,1778599800,1778613300,0.2682,0.27167142857142856,0.26125714285714285,SL,-1.0309037037037039,0.01294343240651962,1,0.4655172413793118,-2.4250014110253946
BILLUSDT,LONG,1778600700,1778643900,0.18107,0.16779714285714287,0.2076157142857143,EXPIRED,0.1836508879560854,0.07330235347024434,1,0.40056207637626046,1.883868113552554
BTCUSDT,SHORT,1778605200,1778611500,79950.0,80566.94285714286,78716.11428571428,SL,-1.051836243226972,0.00771660859465736,1,0.34502875924404597,-2.2412746791592277
NEARUSDT,LONG,1778607000,1778634900,1.577,1.5344285714285713,1.6621428571428571,TP2,1.9851825503355653,0.026995198840474705,1,0.10909090909090888,2.5448776479205306
ZECUSDT,LONG,1778615100,1778619600,554.79,547.3214285714286,569.7271428571429,SL,-1.0297133129303748,0.013461979178736923,1,0.08723913787204765,2.229247167669778
ETHUSDT,SHORT,1778630400,1778632200,2274.05,2282.197142857143,2257.7557142857145,SL,-1.1116489566894623,0.003582657750332148,1,0.30649350649350077,-2.968973227106731
SOLUSDT,SHORT,1778630400,1778634900,94.24,94.66999999999999,93.38,SL,-1.0876651162790705,0.004562818336162953,1,0.35483870967741443,-2.6384915470371753
ZECUSDT,LONG,1778632200,1778648400,580.89,569.21,604.25,SL,-1.019893493150685,0.020107077071390422,1,0.48830245180610043,2.13419735588827
LABUSDT,SHORT,1778633100,1778641200,4.7855,4.9483,4.4599,SL,-1.0117579852579852,0.0340194337059868,1,0.19362685477985864,-2.385776643158665
AAVEUSDT,LONG,1778635800,1778665500,97.84,97.05714285714286,99.40571428571428,TP2,1.9500087591240873,0.008001401705408211,1,0.34806629834254105,3.095546051115275
ETHUSDT,LONG,1778647500,1778675400,2303.78,2292.688571428572,2325.962857142857,SL,-1.0830832560535812,0.004814447808136405,1,0.5954336070498721,1.5526818142594516
LABUSDT,LONG,1778649300,1778667300,5.337,5.061185714285714,5.888628571428572,TP2,1.9922600093230465,0.05167964881286975,1,0.4663379480371706,1.9362222348451255
ZECUSDT,SHORT,1778650200,1778680800,557.52,569.6171428571429,533.3257142857142,TP2,1.9815652338214456,0.021698132546173948,1,0.34592066516542697,-2.5622026120682837
HYPEUSDT,SHORT,1778651100,1778653800,39.92,40.17857142857143,39.402857142857144,SL,-1.0617546961325963,0.006477240194675098,1,0.2923076923076933,-3.0046156916759394
SUIUSDT,SHORT,1778651100,1778653800,1.2241,1.2397571428571428,1.1927857142857141,SL,-1.0312726277372262,0.012790738385052616,1,0.126520681265207,-2.7505613802211686
AAVEUSDT,LONG,1778719500,1778728500,97.14,96.34571428571428,98.72857142857144,SL,-1.0489194244604314,0.008176711079737685,1,0.29953917050691253,2.29674749692197
BILLUSDT,LONG,1778719500,1778728500,0.18867,0.18155428571428572,0.20290142857142857,SL,-1.0106058221240715,0.03771513375583975,1,0.21821515892420532,2.741910815258835
NEARUSDT,LONG,1778724000,1778726700,1.606,1.5871428571428572,1.643714285714286,SL,-1.0340666666666667,0.011741682974559697,1,0.44736842105263286,2.6643527410515695
HYPEUSDT,SHORT,1778727600,1778736600,38.67,38.93714285714286,38.135714285714286,SL,-1.0579016042780747,0.006908271454431285,1,0.11304347826087333,-2.6320169102076014
SEIUSDT,SHORT,1778727600,1778737500,0.06615,0.06666428571428572,0.06512142857142858,SL,-1.0514500000000002,0.007774538386783267,1,0.20603015075376654,-2.920316705020886
SOLUSDT,SHORT,1778727600,1778737500,90.52,91.03571428571428,89.48857142857142,SL,-1.0702094182825486,0.005697241335774257,1,0.20418848167539486,-3.689913155225992
HYPEUSDT,LONG,1778805000,1778809500,44.84,44.15714285714286,46.205714285714286,TP2,1.9737338912133786,0.015228749840703456,1,0.042505592841164605,2.0273164724982897
BILLUSDT,LONG,1778805900,1778809500,0.21598,0.20690714285714287,0.2341257142857143,SL,-1.0095220280270822,0.042007857870437745,1,0.3102958579881654,1.9627171928589984
ETHUSDT,SHORT,1778810400,1778823900,2274.89,2291.1442857142856,2242.381428571429,TP2,1.9440174723149652,0.007145086450019803,1,0.23627424201037953,-2.779323909739461
SOLUSDT,SHORT,1778810400,1778814000,91.69,92.34285714285714,90.38428571428571,SL,-1.0561776805251641,0.0071202654908620565,1,0.3055555555555514,-2.729521403800645
AAVEUSDT,SHORT,1778811300,1778850000,97.78,98.84285714285714,95.6542857142857,TP2,1.9632010752688305,0.010869882827338357,1,0.38204592901879053,-1.8975064612893027
ADAUSDT,SHORT,1778821200,1778852700,0.2676,0.27002857142857145,0.26274285714285717,TP2,1.95592470588233,0.009075379030535959,1,0.4639175257731916,-2.129605145134035
LABUSDT,SHORT,1778824800,1778827500,3.3935,4.1532,1.8741000000000003,SL,-1.0017867579307622,0.22386916163253273,1,0.7399424407568426,-3.7591022529187303
NEARUSDT,LONG,1778830200,1778833800,1.591,1.5677142857142856,1.6375714285714285,SL,-1.0273300613496932,0.014635898356828573,1,0.21008403361344652,2.2119357258315335
BILLUSDT,LONG,1778832900,1778839200,0.23098,0.2182157142857143,0.2565085714285714,SL,-1.0072383212087297,0.0552614326534146,1,0.3416315587897359,2.524512471473777
ZECUSDT,SHORT,1778833800,1778852700,537.53,545.8642857142858,520.8614285714285,TP2,1.9742015083990265,0.015504782457324682,1,0.308436324556694,-2.2548783234665777
SUIUSDT,SHORT,1778893200,1778912100,1.0906,1.0999571428571429,1.0718857142857146,TP2,1.9533789312976857,0.00857981189908562,1,0.17829457364341067,-1.8744820516502183
SEIUSDT,SHORT,1778894100,1778912100,0.06335,0.06374857142857143,0.06255285714285715,TP2,1.9364229390681005,0.006291577404442442,1,0.2688172043010754,-2.039825569240919
TAOUSDT,SHORT,1778894100,1778905800,283.7,285.77142857142854,279.5571428571428,TP2,1.9452165517241657,0.007301475401581176,1,0.3333333333333297,-2.5092088206210668
NEARUSDT,LONG,1778902200,1778906700,1.549,1.536142857142857,1.5747142857142857,SL,-1.0481911111111109,0.008300285898736541,1,0.16279069767441645,2.485184431566455
AAVEUSDT,SHORT,1778906700,1778913000,91.39,92.08857142857143,89.99285714285715,TP2,1.9476703476482617,0.007643849749112907,1,0.39726027397260133,-2.3115335369111256
AVAXUSDT,SHORT,1778913000,1778915700,9.404,9.460571428571429,9.290857142857144,TP2,1.9335070707070392,0.006015677219420292,1,0.44531249999999645,-2.3051710066529703
BTCUSDT,SHORT,1778913000,1778914800,78797.4,78981.84285714285,78428.51428571428,TP2,1.8291126016575021,0.00234072262717879,1,0.22271037512672945,-2.6227790467507797
DOTUSDT,SHORT,1778913900,1778915700,1.279,1.2897142857142856,1.2575714285714286,TP2,1.9522506666666666,0.00837708030827655,1,0.8571428571428616,-2.4748133262993455
ADAUSDT,SHORT,1778915700,1778958900,0.2542,0.2564285714285714,0.24974285714285716,EXPIRED,-0.4943435897435936,0.008767000112397377,1,0.772727272727283,-2.4956364509811593
HYPEUSDT,SHORT,1778922900,1778966100,41.2,41.98571428571429,39.628571428571426,EXPIRED,-0.682792727272723,0.019070735090152613,1,0.4864048338368575,-1.9265607911362075
ETHUSDT,SHORT,1778923800,1778967000,2169.66,2190.091428571428,2128.797142857143,EXPIRED,-0.5994619493777277,0.009416880327529803,1,0.7206627413391797,-2.1505545326552467
ZECUSDT,LONG,1778952600,1778980500,510.38,503.31857142857143,524.5028571428571,SL,-1.0289108638478657,0.013835629474957005,1,0.27045938545786385,3.2189191367201944
ADAUSDT,SHORT,1778967900,1778968800,0.2544,0.2555,0.25220000000000004,SL,-1.0925090909090918,0.004323899371069142,1,0.17391304347824565,-2.5381426040290203
LABUSDT,SHORT,1778967900,1778979600,4.5698,4.6820571428571425,4.345285714285714,SL,-1.0162833290913718,0.02456500128170661,1,0.2589718719689606,-3.1273362676135963
DOTUSDT,SHORT,1778973300,1778982300,1.266,1.2714285714285714,1.2551428571428571,TP2,1.9067157894737252,0.004287971112615667,1,0.3333333333333333,-1.9165952251871976
TAOUSDT,SHORT,1778973300,1778979600,272.8,274.24285714285713,269.91428571428577,TP2,1.924372277227722,0.005289065772936693,1,0.40298507462686467,-2.010173822710146
SEIUSDT,LONG,1778975100,1778978700,0.06267,0.06242714285714286,0.06315571428571429,SL,-1.1032211764705881,0.003875173812943081,1,0.11504424778761595,2.396525466167853
SUIUSDT,SHORT,1778980500,1778991300,1.0549,1.0621857142857143,1.0403285714285715,SL,-1.0579160784313728,0.006906544967024595,1,0.4113475177304919,-2.6987023202234375
SOLUSDT,SHORT,1778981400,1778988600,85.82,86.24285714285713,84.9742857142857,SL,-1.081181081081081,0.004927256383793335,1,0.5782312925169962,-3.094499500882081
XLMUSDT,SHORT,1778983200,1778987700,0.1501,0.1509714285714286,0.14835714285714285,SL,-1.0688983606557374,0.005805653373941203,1,0.4358974358974414,-2.6041789392918635
LABUSDT,LONG,1778987700,1778993100,4.8411,4.674714285714286,5.173871428571428,TP2,1.9883617412209151,0.03436940246756192,1,0.5540662923383429,3.1556621833467537
HYPEUSDT,LONG,1778989500,1779013800,42.29,41.747142857142855,43.37571428571428,TP2,1.9688389473684078,0.012836536837482655,1,0.26373626373626197,2.509079832287663
NEARUSDT,LONG,1778989500,1778994900,1.504,1.489857142857143,1.5322857142857143,TP2,1.9574626262626418,0.00940349544072946,1,0.16363636363636128,1.8450953960816066
ZECUSDT,LONG,1779079500,1779084900,541.07,528.32,566.57,SL,-1.0169747450980393,0.023564418651930433,1,0.09405693357749453,2.634201730782913
LABUSDT,LONG,1779081300,1779124500,4.7615,4.474914285714286,5.334671428571428,EXPIRED,0.802187228951698,0.06018811598985909,1,0.5084250343878945,2.1399562860275245
BILLUSDT,SHORT,1779083100,1779107400,0.14538,0.1542,0.12774000000000002,SL,-1.0065931972789115,0.060668592653734976,1,0.2026901669758806,-3.024135477442106
DOTUSDT,SHORT,1779083100,1779104700,1.23,1.241142857142857,1.2077142857142857,SL,-1.0441538461538462,0.00905923344947736,1,0.28301886792452796,-2.2012550279485867
XLMUSDT,SHORT,1779083100,1779100200,0.1484,0.14942857142857144,0.14634285714285716,TP2,1.9422888888888616,0.006931074316519044,1,0.17857142857143068,-2.8153064901988407
ZECUSDT,SHORT,1779102000,1779106500,519.57,529.397142857143,499.9157142857143,SL,-1.021148364587876,0.018913992064866877,1,0.2686942602332494,-2.069594665648793
NEARUSDT,LONG,1779104700,1779111900,1.525,1.5032857142857141,1.5684285714285717,SL,-1.0280921052631578,0.014238875878220236,1,0.25714285714285584,2.54885755236473
HYPEUSDT,LONG,1779149700,1779156900,48.35,47.03142857142857,50.98714285714286,SL,-1.0146673889490792,0.027271384251735867,1,0.4889589905362781,1.8781147301462475
LINKUSDT,LONG,1779149700,1779169500,9.62,9.549571428571427,9.760857142857143,TP2,1.9453630831643005,0.007321057321057353,1,0.5204359673024556,1.4494573030921294
SUIUSDT,LONG,1779149700,1779154200,1.066,1.0558571428571428,1.0862857142857143,SL,-1.0420394366197183,0.009514875368533899,1,0.5472527472527546,1.6072605698823843
LABUSDT,SHORT,1779152400,1779159600,4.7078,4.818014285714286,4.487371428571429,SL,-1.0170859883344134,0.023410995733524294,1,0.3033811949976853,-2.0485080051458993
BILLUSDT,SHORT,1779153300,1779154200,0.14823,0.1536242857142857,0.13744142857142858,TP2,1.9890083686440678,0.036391322365821474,1,0.20850367947669654,-2.4248796099124417
BTCUSDT,SHORT,1779154200,1779174900,76729.9,77083.84285714285,76022.0142857143,SL,-1.0867144494672272,0.00461284137139308,1,0.1551017366028203,-2.8554592909746934
LINKUSDT,LONG,1779171300,1779183000,9.764,9.677428571428571,9.937142857142858,SL,-1.0451141914191417,0.008866389652952588,1,0.33193277310924196,1.7540235483072595
SUIUSDT,LONG,1779171300,1779177600,1.0753,1.0622571428571428,1.1013857142857144,TP2,1.9670225629792064,0.012129505387200966,1,0.31065088757396264,2.7799281567961143
ETHUSDT,LONG,1779173100,1779183000,2138.71,2127.43,2161.2700000000004,SL,-1.075840780141843,0.005274207349290056,1,0.27495817066369166,2.069115074946192
BILLUSDT,SHORT,1779174000,1779192000,0.12467,0.12972,0.11457,TP2,1.9901251485148514,0.04050693831715727,1,0.35442531037244573,-1.6818772921767202
LABUSDT,SHORT,1779179400,1779201900,4.3708,4.5809428571428565,3.9505142857142874,SL,-1.0083196736913664,0.04807880871759321,1,0.4317203375236758,-3.508390825286395
XLMUSDT,LONG,1779180300,1779183000,0.1477,0.14665714285714287,0.14978571428571427,SL,-1.0566520547945213,0.007060644162878342,1,0.17241379310344532,3.002551237811171
AAVEUSDT,SHORT,1779183000,1779226200,88.43,89.10142857142857,87.08714285714287,EXPIRED,0.26008425531916424,0.007592769099045231,1,0.24764890282131985,-3.1574155809920006
AAVEUSDT,SHORT,1779236100,1779254100,86.92,87.48428571428572,85.79142857142858,SL,-1.0616141772151901,0.006492012359476675,1,0.32646048109965614,-2.227784398042263
BTCUSDT,SHORT,1779236100,1779237900,76544.5,76803.34285714285,76026.81428571428,SL,-1.118287212318561,0.0033815996857103556,1,0.17370547190598234,-2.402685165492621
DOTUSDT,SHORT,1779236100,1779237900,1.219,1.2268571428571429,1.2032857142857143,SL,-1.0620581818181818,0.006445564279854675,1,0.10526315789473868,-1.8965599332410836
ZECUSDT,LONG,1779239700,1779282900,578.7,569.3671428571429,597.3657142857143,EXPIRED,0.9363177713148515,0.016127280357451413,1,0.14103677961193237,2.1534492931019122
ADAUSDT,SHORT,1779240600,1779248700,0.2469,0.24857142857142858,0.24355714285714286,SL,-1.0590871794871792,0.0067696580454782405,1,0.2647058823529384,-2.245069061639191
NEARUSDT,SHORT,1779240600,1779254100,1.586,1.6022857142857143,1.5534285714285714,SL,-1.0389543859649122,0.010268420104485705,1,0.6307692307692302,-1.8946201484655012
HYPEUSDT,LONG,1779321600,1779347700,54.81,53.64857142857143,57.13285714285714,TP2,1.981123247232466,0.021190085229494084,1,0.5320754716981143,1.9047206211602292
SUIUSDT,LONG,1779321600,1779324300,1.0792,1.069842857142857,1.0979142857142856,TP2,1.953866259541985,0.00867044371492112,1,0.27804878048780635,2.4766012045898536
SOLUSDT,LONG,1779323400,1779359400,86.33,85.81,87.37,SL,-1.066407692307692,0.006023398586818048,1,0.08786610878660824,2.0148663643709637
AVAXUSDT,LONG,1779325200,1779350400,9.348,9.291285714285715,9.461428571428574,TP2,1.9340695214106112,0.006066996760193196,1,0.0666666666666675,2.080745731706426
BILLUSDT,SHORT,1779330600,1779335100,0.08307,0.08642428571428572,0.07636142857142858,SL,-1.009906132879046,0.0403790262945192,1,0.3349196906603212,-2.1902143245914982
LABUSDT,SHORT,1779330600,1779336900,4.2717,4.397457142857143,4.020185714285714,SL,-1.0135871407474724,0.02943960082804112,1,0.5516953399031238,-2.0785608441111627
ADAUSDT,SHORT,1779342300,1779359400,0.2493,0.2509142857142857,0.24607142857142855,TP2,1.9382265486725838,0.006475273623288067,1,0.14285714285714182,-2.9489290953936855
ETHUSDT,SHORT,1779345900,1779351300,2130.76,2139.457142857143,2113.365714285714,SL,-1.0979981603153737,0.0040817092761000475,1,0.3171390013495321,-2.514015799256099
XRPUSDT,SHORT,1779346800,1779351300,1.37,1.3775714285714287,1.3548571428571432,SL,-1.0723773584905667,0.005526590198122992,1,0.285714285714271,-2.085066290542377
HYPEUSDT,LONG,1779348600,1779372000,57.43,56.434285714285714,59.42142857142857,TP2,1.97692912482066,0.01733787716723466,1,0.3318584070796463,2.461187829221875
AVAXUSDT,LONG,1779351300,1779354000,9.494,9.429285714285713,9.62342857142857,SL,-1.0586825607064017,0.006816335128953642,1,0.4682539682539815,2.8976092616379665
SUIUSDT,SHORT,1779408900,1779448500,1.1066,1.124957142857143,1.0698857142857143,SL,-1.0241126848249027,0.016588779014226368,1,0.37081081081081335,-1.9157361275854674
TAOUSDT,SHORT,1779408900,1779417000,277.8,280.5857142857143,272.2285714285714,SL,-1.0398892307692307,0.010027769207034895,1,0.26666666666666794,-2.086087794185321
AAVEUSDT,SHORT,1779409800,1779424200,87.78,88.36571428571428,86.60857142857144,SL,-1.0599473170731712,0.006672525469517895,1,0.4126394052044633,-1.7114117652859746
NEARUSDT,LONG,1779411600,1779417000,1.977,1.9254285714285715,2.0801428571428575,TP2,1.9846659279778438,0.02608569983380305,1,0.26424870466321254,2.5912981542160565
DOTUSDT,LONG,1779417900,1779429600,1.306,1.2921428571428573,1.3337142857142859,TP2,1.962301030927851,0.010610369722161474,1,0.14285714285714157,2.398442004305399
XLMUSDT,LONG,1779419700,1779431400,0.1478,0.14677142857142855,0.14985714285714283,SL,-1.0574777777777782,0.006959211289387161,1,0.14893617021276695,2.4534897688535127
BTCUSDT,LONG,1779420600,1779429600,77766.9,77474.84285714285,78351.01428571428,SL,-1.1065091567207979,0.0037555456480474875,1,0.128917660061564,1.9842123813149173
BILLUSDT,SHORT,1779427800,1779441300,0.07446,0.07862999999999999,0.06612,SL,-1.0071424460431655,0.05600322320709102,1,0.069107551487414,-2.0878393040312226
SOLUSDT,SHORT,1779431400,1779435900,86.53,86.99857142857142,85.59285714285714,SL,-1.0738670731707316,0.00541513265424048,1,0.15053763440860396,-2.6197087270790287
NEARUSDT,LONG,1779435000,1779476400,2.226,2.142857142857143,2.392285714285715,SL,-1.0107092783505154,0.03735078937235279,1,0.3611940298507468,1.6135685927792414
DOTUSDT,SHORT,1779494400,1779523200,1.257,1.272285714285714,1.2264285714285714,TP2,1.9671065420560891,0.012160472780997765,1,0.32558139534883807,-3.2280237226940867
SEIUSDT,SHORT,1779494400,1779523200,0.06069,0.06129857142857143,0.05947285714285714,TP2,1.9601098591549297,0.010027540427935912,1,0.3510638297872333,-2.5619983638633044
SUIUSDT,SHORT,1779494400,1779521400,1.0479,1.0614857142857144,1.0207285714285714,TP2,1.9691470031545741,0.012964704920044165,1,0.3144560357675089,-2.7022346731938587
LABUSDT,LONG,1779501600,1779514200,4.8099,4.713114285714286,5.003471428571428,SL,-1.019878553505535,0.020122188462486576,1,0.3063019052271611,3.0161197860004565
BILLUSDT,LONG,1779507900,1779509700,0.09627,0.08994999999999999,0.10890999999999999,SL,-1.0060930379746835,0.06564869637477927,1,0.2117052023121384,2.772954077680264
AVAXUSDT,SHORT,1779522300,1779523200,9.072,9.118714285714285,8.978571428571428,TP2,1.9223192660550459,0.0051492819349962205,1,0.6042780748663192,-2.0066532245887085
BILLUSDT,LONG,1779541200,1779559200,0.09224,0.08648857142857143,0.10374285714285715,TP2,1.9935848981619473,0.062352868293891715,1,0.32230215827338127,3.2296343340411346
ZECUSDT,SHORT,1779543900,1779545700,579.94,588.3242857142858,563.1714285714286,SL,-1.0276679502470607,0.014457160592967814,1,0.36424762346394424,-1.9710301719120773
NEARUSDT,LONG,1779545700,1779552000,2.138,2.077,2.26,TP2,1.9859803278688524,0.028531337698783913,1,0.26428571428571435,2.5276631217283305
HYPEUSDT,LONG,1779547500,1779555600,56.17,55.19714285714286,58.11571428571429,TP2,1.9769051395007342,0.017319870800376433,1,0.20649651972157707,2.491595823299231
LABUSDT,SHORT,1779551100,1779555600,4.5456,4.657442857142858,4.321914285714286,TP2,1.9837429045855155,0.02460464122290951,1,0.11712808031639835,-2.3930299760806166
TAOUSDT,LONG,1779552900,1779559200,272.6,268.34285714285716,281.1142857142858,SL,-1.0256134228187919,0.015616811654962886,1,0.5357142857142808,1.746900209827734
SEIUSDT,LONG,1779556500,1779569100,0.06084,0.06033285714285714,0.06185428571428571,TP2,1.9520135211267469,0.008335681412604485,1,0.7647058823529406,1.4696758972945696
AAVEUSDT,LONG,1779560100,1779569100,86.23,85.48857142857143,87.71285714285715,TP2,1.9534789980732177,0.008598267092990502,1,0.5851063829787234,1.715156076901745
ADAUSDT,LONG,1779560100,1779569100,0.2437,0.24178571428571427,0.24752857142857143,TP2,1.9490776119402842,0.007855091154229468,1,0.3478260869565221,2.067099791328237
AVAXUSDT,LONG,1779570000,1779576300,9.541,9.418000000000001,9.787,SL,-1.0310276422764229,0.012891730426580006,1,0.6117647058823505,2.6796066010457147
BTCUSDT,LONG,1779570000,1779572700,77257.1,76698.08571428573,78375.12857142858,SL,-1.0552809486085202,0.0072357658482428725,1,0.7010096192066018,3.089971834302324
DOTUSDT,LONG,1779570000,1779576300,1.326,1.3017142857142858,1.3745714285714288,SL,-1.02184,0.01831501831501833,1,0.6417910447761188,2.575438461275578
HYPEUSDT,LONG,1779584400,1779606900,59.87,58.81142857142857,61.98714285714285,TP2,1.9773770580296897,0.017681166336586392,1,0.24825174825174706,2.0534463953090056
ETHUSDT,LONG,1779606000,1779611400,2127.15,2118.2957142857144,2144.8585714285714,SL,-1.0960958373668939,0.004162511207148337,1,0.08126934984519726,2.3703544656498967
LINKUSDT,LONG,1779606000,1779626700,9.598,9.528428571428572,9.737142857142857,SL,-1.0551835728952774,0.007248533920757275,1,0.03448275862069207,2.1010984076825725
LABUSDT,SHORT,1779608700,1779627600,4.216,4.315642857142857,4.016714285714286,SL,-1.0169244444444445,0.023634453781512535,1,0.21840193704600397,-2.259423860181017
BILLUSDT,LONG,1779611400,1779616800,0.09867,0.09408857142857142,0.10783285714285712,SL,-1.0086147801683816,0.04643182904052463,1,0.10994764397905739,1.9305075966316738
HYPEUSDT,LONG,1779612300,1779655500,62.57,61.17142857142857,65.36714285714285,EXPIRED,-0.1751987742594475,0.02235210849562775,1,0.40540540540540554,1.7538799875690243
BTCUSDT,LONG,1779618600,1779629400,77199.5,76935.18571428572,77728.12857142856,SL,-1.1168298562317598,0.0034237823524023245,1,0.4005586972814834,2.882896805978839
ADAUSDT,SHORT,1779625800,1779633000,0.2441,0.2454,0.2415,TP2,1.9248923076923292,0.005325686194182727,1,0.19230769230768902,-3.1704347839831035
DOTUSDT,SHORT,1779625800,1779633000,1.268,1.2778571428571428,1.2482857142857142,TP2,1.9485449275362547,0.007773771969355585,1,0.15789473684210342,-2.874420825482417
XLMUSDT,LONG,1779669000,1779692400,0.1477,0.14645714285714287,0.15018571428571426,TP2,1.9524643678160916,0.008414740303704352,1,0.22580645161290236,1.6454078476150193
HYPEUSDT,SHORT,1779674400,1779684300,60.96,62.18714285714286,58.50571428571429,SL,-1.0198705471478464,0.02013029621297337,1,0.2429022082018933,-2.269695124572713
NEARUSDT,SHORT,1779674400,1779703200,2.361,2.422714285714286,2.237571428571429,SL,-1.0153027777777779,0.026139045198765625,1,0.376543209876542,-1.6012571149450507
BTCUSDT,LONG,1779675300,1779718500,77359.9,76906.81428571428,78266.07142857143,EXPIRED,0.10782957497793647,0.005856854963433474,1,0.2693014419633133,1.384657390508905
ZECUSDT,SHORT,1779677100,1779685200,648.39,661.04,623.0900000000001,SL,-1.0205024505928855,0.0195098628911611,1,0.08521303258145337,-1.8748010019669672
SEIUSDT,LONG,1779684300,1779718500,0.06128,0.060765714285714284,0.062308571428571435,TP2,1.952337777777778,0.008392390898918344,1,0.18571428571428533,2.2220858132425785
AAVEUSDT,LONG,1779693300,1779695100,86.65,86.15142857142857,87.64714285714287,SL,-1.0695186246418333,0.005753853763086346,1,0.5000000000000067,1.5746227632037406
ADAUSDT,LONG,1779696000,1779739200,0.2448,0.2432,0.24799999999999997,EXPIRED,0.2513000000000018,0.006535947712418261,1,0.4418604651162776,1.692727199290138
LABUSDT,SHORT,1779703200,1779707700,4.2135,4.2769571428571425,4.086585714285714,TP2,1.9734403421882178,0.015060434996355265,1,0.29876699336073187,-2.177806141374463
DOTUSDT,SHORT,1779710400,1779716700,1.255,1.2645714285714285,1.2358571428571428,SL,-1.0524477611940297,0.007626636311895296,1,0.19148936170212866,-2.46208360339436
BILLUSDT,SHORT,1779717600,1779723000,0.11324,0.11959428571428571,0.10053142857142856,TP2,1.992871582733813,0.056113437957309394,1,0.2806246949731573,-3.184894157321694
AVAXUSDT,LONG,1779719400,1779723000,9.487,9.430714285714286,9.599571428571428,SL,-1.067420304568528,0.0059329307774548656,1,0.38408304498269075,3.356621597255353
DOTUSDT,LONG,1779719400,1779741900,1.281,1.2697142857142856,1.3035714285714284,SL,-1.0454025316455697,0.008810081409613021,1,0.2758620689655162,2.7891504489144547
NEARUSDT,LONG,1779724800,1779768000,2.712,2.612857142857143,2.9102857142857146,EXPIRED,0.08992276657060297,0.036557100716392746,1,0.46743295019157105,1.5574593098619687
HYPEUSDT,SHORT,1779725700,1779756300,62.08,63.02428571428571,60.19142857142857,TP2,1.9737028744326854,0.015210787923416805,1,0.15748031496063059,-2.518092031277601
BILLUSDT,SHORT,1779729300,1779772500,0.09812,0.10691857142857143,0.08052285714285715,EXPIRED,1.2934772528007787,0.08967153922310872,1,0.5864262990455991,-1.3161626316989792
ZECUSDT,SHORT,1779735600,1779757200,660.35,672.7242857142858,635.6014285714286,TP2,1.9786541214500024,0.0187389804108211,1,0.2740336967294349,-2.1503290316615264
BTCUSDT,SHORT,1779757200,1779791400,76750.0,77105.81428571428,76038.37142857144,SL,-1.0862809651905092,0.004636016751977632,1,0.43967882234861,-2.8338369567202624
AAVEUSDT,SHORT,1779759900,1779769800,85.15,85.89571428571429,83.65857142857143,SL,-1.0456743295019155,0.008757654559181297,1,0.6016260162601634,-2.429256384343608
SEIUSDT,LONG,1779768900,1779773400,0.0621,0.06152,0.06326000000000001,TP2,1.9571724137931037,0.009339774557165895,1,0.07874015748031425,1.9957675052553225
TAOUSDT,LONG,1779769800,1779813000,281.9,277.09999999999997,291.49999999999994,EXPIRED,0.393174999999999,0.0170273146505853,1,0.11206896551724214,2.287745062315845
LABUSDT,LONG,1779771600,1779805800,4.4399,4.348385714285714,4.622928571428571,TP2,1.980593630970955,0.020611789840826563,1,0.4037610619469037,1.9907472227131755
LINKUSDT,LONG,1779774300,1779779700,9.537,9.474857142857145,9.661285714285714,SL,-1.061387586206897,0.006515975374106816,1,0.29512893982808747,2.5271410808777337
SEIUSDT,LONG,1779784200,1779788700,0.06404,0.06295428571428571,0.06621142857142856,SL,-1.0235936842105264,0.01695368965824927,1,0.40787401574803195,1.33326975975333
ZECUSDT,SHORT,1779787800,1779791400,607.2,616.9128571428572,587.7742857142858,SL,-1.0250060302985733,0.01599614153961975,1,0.3949400798934739,-2.3096455590584157
AAVEUSDT,LONG,1779790500,1779792300,86.9,86.24714285714286,88.20571428571428,TP2,1.946757111597352,0.007512740424132771,1,0.21321321321321327,2.1601137604657628
LABUSDT,SHORT,1779840000,1779842700,4.4632,4.522028571428571,4.345542857142856,SL,-1.0303471588149586,0.013180805571915132,1,0.18463259977620297,-1.9710586555364031
NEARUSDT,SHORT,1779840000,1779883200,2.551,2.613,2.427000000000001,EXPIRED,0.46741290322581164,0.024304194433555353,1,0.18248175182481743,-3.188720055063478
SEIUSDT,LONG,1779840900,1779858900,0.06677,0.06549571428571428,0.06931857142857141,TP2,1.9790408071748768,0.019084704422430883,1,0.2913992297817711,1.8841250226214794
TAOUSDT,LONG,1779842700,1779848100,283.7,279.8857142857143,291.3285714285714,SL,-1.0297513108614231,0.01344478573946321,1,0.1037735849056623,2.4115792782339454
XLMUSDT,LONG,1779844500,1779848100,0.1484,0.1476,0.15000000000000002,SL,-1.0741999999999998,0.005390835579514845,1,0.14285714285713907,2.344211403181004
SEIUSDT,SHORT,1779926400,1779929100,0.06606,0.06715857142857143,0.06386285714285714,SL,-1.024053055916775,0.016629903550884517,1,0.6449704142011801,-1.461909271362466
NEARUSDT,SHORT,1779927300,1779970500,2.467,2.5454285714285714,2.310142857142857,EXPIRED,1.1859606557377054,0.031791070704731014,1,0.558375634517767,-1.6523406385619481
ZECUSDT,SHORT,1779927300,1779970500,539.33,548.9542857142858,520.0814285714287,EXPIRED,1.475877630993026,0.01784489220752733,1,0.481580352375872,-1.9524088247209757
XLMUSDT,LONG,1779929100,1779955200,0.1717,0.16592857142857143,0.18324285714285712,SL,-1.0119,0.03361344537815123,1,0.1843575418994412,2.2487279962361684
BILLUSDT,LONG,1779930900,1779932700,0.08035,0.07868142857142857,0.08368714285714286,SL,-1.0192619863013699,0.020766290336918854,1,0.14219114219114246,2.3510055785956174
AAVEUSDT,SHORT,1779931800,1779941700,82.24,83.23142857142857,80.25714285714284,TP2,1.9668195965418012,0.012055308504724919,1,0.6077586206896518,-1.7796172414158231
BILLUSDT,LONG,1779941700,1779946200,0.0843,0.08123999999999999,0.09042,TP2,1.9889803921568583,0.036298932384341676,1,0.5102040816326521,3.4896048738022127
HYPEUSDT,SHORT,1779957900,1779961500,56.51,57.432857142857145,54.66428571428571,SL,-1.0244934984520124,0.016330864322370273,1,0.11678832116788324,-1.952904403068876
XLMUSDT,LONG,1779963300,1779972300,0.1739,0.16912857142857143,0.18344285714285713,TP2,1.9854215568862275,0.02743777211862315,1,0.2146118721461186,2.4998123132092527
SEIUSDT,SHORT,1779966000,1779970500,0.06682,0.06835571428571428,0.06374857142857143,SL,-1.0174042790697675,0.02298285372215332,1,0.08823529411764586,-2.4798290045148295
AVAXUSDT,SHORT,1779971400,1779972300,8.778,8.834000000000001,8.666,SL,-1.0626999999999995,0.006379585326953797,1,0.2189781021897807,-1.7994821071971547
LINKUSDT,SHORT,1779971400,1779973200,8.82,8.876,8.708000000000002,SL,-1.063000000000001,0.006349206349206254,1,0.30685920577617865,-2.328029613505189
NEARUSDT,SHORT,1779971400,1779980400,2.357,2.399857142857143,2.271285714285715,TP2,1.9780013333333333,0.01818292017698033,1,0.3063583815028913,-2.1240532681712776
XLMUSDT,LONG,1779974100,1779987600,0.1944,0.188,0.2072,TP2,1.9878500000000043,0.032921810699588466,1,0.8950819672131137,2.523598068174195
BTCUSDT,SHORT,1779975000,1779978600,73135.2,73484.85714285713,72435.88571428572,SL,-1.0836650433077313,0.004780969257719094,1,0.07829688106639088,-2.5264174662469494
ETHUSDT,SHORT,1779975900,1779977700,1975.14,1988.1257142857144,1949.1685714285713,SL,-1.0608403960396036,0.006574579161838838,1,0.2427536231884077,-3.2853578051152654
HYPEUSDT,LONG,1779977700,1779979500,58.31,57.198571428571434,60.53285714285715,SL,-1.0209856041131105,0.019060685498689275,1,0.1993464052287583,3.237576111497218
ZECUSDT,LONG,1779977700,1779978600,541.58,530.4928571428571,563.7542857142857,SL,-1.0195390284757118,0.020471846924079315,1,0.21265580057526343,3.0304188999949977
BILLUSDT,LONG,1780012800,1780018200,0.08406,0.08170857142857142,0.08876285714285713,SL,-1.0142993924665857,0.027973216410047227,1,0.07717041800643094,2.9002599485971805
HYPEUSDT,LONG,1780014600,1780019100,62.41,61.25,64.72999999999999,SL,-1.0215206896551725,0.01858676494151576,1,0.30722891566265076,1.967957510481782
NEARUSDT,LONG,1780015500,1780028100,2.496,2.442428571428571,2.6031428571428576,SL,-1.0186368,0.021462912087912164,1,0.3375394321766566,2.382812667650886
SEIUSDT,SHORT,1780016400,1780022700,0.06768,0.06862428571428572,0.06579142857142857,TP2,1.971330711043873,0.013952212090509973,1,0.28806584362139787,-1.3175040784677658
LABUSDT,SHORT,1780018200,1780020900,4.105,4.302485714285715,3.710028571428572,SL,-1.008314525462963,0.04810857838872454,1,0.48136815648562975,-2.5006589467763587
XRPUSDT,LONG,1780099200,1780102800,1.329,1.3192857142857142,1.3484285714285715,TP2,1.945276470588236,0.00730947006342048,1,0.3023255813953522,2.1931278598863453
SEIUSDT,LONG,1780100100,1780115400,0.06738,0.06625428571428571,0.06963142857142857,SL,-1.0239421319796953,0.016706949921553686,1,0.386401326699837,3.4814734642151732
LINKUSDT,LONG,1780101000,1780105500,9.045,8.980857142857143,9.173285714285713,TP2,1.943594654788418,0.007091526494511483,1,0.10231023102310335,1.9383663722618958
AAVEUSDT,LONG,1780103700,1780115400,83.29,82.60857142857144,84.65285714285714,SL,-1.0488914046121596,0.008181397183678338,1,0.21179624664879662,2.707032695634771
ADAUSDT,LONG,1780106400,1780115400,0.2374,0.23538571428571428,0.24142857142857144,SL,-1.0471432624113475,0.00848477554459022,1,0.35087719298245423,2.4739736555532343
ZECUSDT,SHORT,1780113600,1780115400,524.17,533.7557142857142,504.9985714285713,TP2,1.9781270342772042,0.01828741493354126,1,0.1774358974358969,-2.205597688731121
NEARUSDT,SHORT,1780114500,1780116300,2.348,2.3925714285714283,2.2588571428571433,TP2,1.9789282051281951,0.018982720856656005,1,0.31125827814569584,-2.1728915736871053
SUIUSDT,SHORT,1780115400,1780118100,0.894,0.9053285714285714,0.8713428571428572,SL,-1.0315662042875158,0.01267178012144452,1,0.2657004830917849,-2.7419176645908765
HYPEUSDT,LONG,1780186500,1780227000,68.79,67.80857142857143,70.75285714285715,SL,-1.0280366812227073,0.014267023861441692,1,0.18965517241379268,3.1167662850078157
LABUSDT,LONG,1780187400,1780196400,8.0767,7.749242857142858,8.731614285714286,TP2,1.9901340371695315,0.04054343269616834,1,0.1329959629271616,1.9767050324872422
XLMUSDT,SHORT,1780187400,1780191900,0.2238,0.2327142857142857,0.20597142857142856,SL,-1.0100423076923077,0.03983148219073153,1,0.6695156695156694,-1.6929936619760086
BILLUSDT,LONG,1780188300,1780202700,0.07471,0.07336857142857144,0.07739285714285714,TP2,1.9777222577209899,0.017955140830257912,1,0.18888888888888858,2.4470132761811483
SEIUSDT,SHORT,1780194600,1780201800,0.06554,0.06635428571428571,0.06391142857142858,SL,-1.0321950877192985,0.012424255634508847,1,0.3763440860215091,-1.6520792194650402
ADAUSDT,LONG,1780198200,1780212600,0.2381,0.2365857142857143,0.24112857142857141,SL,-1.0628943396226418,0.0063598728025439305,1,0.4333333333333355,2.3854927817779785
SEIUSDT,LONG,1780203600,1780211700,0.0674,0.06669428571428572,0.06881142857142857,SL,-1.0382024291497978,0.010470538363713408,1,0.48387096774194155,2.7859346406458734
LINKUSDT,SHORT,1780211700,1780216200,9.195,9.240142857142857,9.104714285714286,SL,-1.081474683544304,0.004909500504932788,1,0.1855203619909453,-2.1812701600152966
SUIUSDT,SHORT,1780211700,1780236900,0.9046,0.9113571428571429,0.8910857142857143,TP2,1.9464507399577002,0.007469757746122992,1,0.2803030303030333,-2.638568285054164
XLMUSDT,SHORT,1780211700,1780217100,0.2304,0.23697142857142856,0.21725714285714284,SL,-1.0140243478260869,0.028521825396825407,1,0.3767441860465121,-2.685064839813731
ZECUSDT,LONG,1780272900,1780292700,577.1,560.6571428571428,609.9857142857144,SL,-1.0140389226759339,0.028492214768423427,1,0.5299368939510514,1.9522585557524637
AVAXUSDT,LONG,1780273800,1780277400,9.041,8.962428571428571,9.198142857142857,SL,-1.0460269090909091,0.008690568363170934,1,0.5780821917808168,2.0457561630832086
LABUSDT,LONG,1780273800,1780276500,9.9282,9.250742857142857,11.283114285714285,SL,-1.0058620387162076,0.06823564622561419,1,0.24892942368670556,2.389046666411515
BILLUSDT,LONG,1780278300,1780287300,0.08155,0.07958,0.08549,SL,-1.0165583756345178,0.024156958920907412,1,0.06944444444444355,2.549291546975644
XLMUSDT,LONG,1780278300,1780280100,0.2703,0.2602,0.2905,SL,-1.0107049504950496,0.03736588975212729,1,0.43459915611814226,2.513087682624278
XRPUSDT,SHORT,1780278300,1780300800,1.326,1.338,1.302,TP2,1.9558,0.009049773755656092,1,0.1111111111111133,-1.9963576731746089
BTCUSDT,SHORT,1780279200,1780281900,73255.2,73687.55714285714,72390.48571428572,SL,-1.067772859738973,0.005902067605537064,1,0.21236269653241324,-2.608333979161198
ETHUSDT,SHORT,1780279200,1780281900,1994.19,2009.9785714285715,1962.612857142857,SL,-1.0505223669923993,0.007917285428455425,1,0.19739770587227987,-2.7044040929282684
XLMUSDT,SHORT,1780360200,1780403400,0.2396,0.24622857142857144,0.22634285714285715,EXPIRED,1.5243344827586232,0.02766515621273551,1,0.3947368421052637,-1.8375089744990973
AAVEUSDT,SHORT,1780363800,1780384500,79.15,80.05142857142857,77.34714285714287,TP2,1.964877971473851,0.011388863820954739,1,0.31210191082802846,-2.24286638441795
XRPUSDT,SHORT,1780363800,1780384500,1.283,1.2951428571428572,1.2587142857142857,TP2,1.957736470588217,0.009464424897004784,1,0.3076923076923103,-2.380881047707214
LABUSDT,LONG,1780367400,1780399800,17.6456,16.47714285714286,19.982514285714288,TP2,1.9939593505477309,0.0662180454536623,1,0.5192159409114885,2.874097698052196
ZECUSDT,LONG,1780370100,1780384500,559.48,544.71,589.02,SL,-1.0151517941773867,0.02639951383427468,1,0.1530908588023802,2.4607775245711196
NEARUSDT,LONG,1780371000,1780377300,2.714,2.620857142857143,2.9002857142857144,SL,-1.0116552147239264,0.03431940204232025,1,0.15384615384615363,2.396210091141671
TAOUSDT,SHORT,1780389900,1780410600,247.0,251.12857142857143,238.74285714285713,TP2,1.9760692041522492,0.016714864083285173,1,0.28767123287671387,-2.1415815962267795
SEIUSDT,SHORT,1780390800,1780405200,0.06777,0.06871142857142858,0.06588714285714285,SL,-1.0287945371775418,0.01389152385168324,1,0.580952380952383,-1.364433525177357
BILLUSDT,LONG,1780394400,1780405200,0.09315,0.08971571428571429,0.10001857142857143,SL,-1.0108494176372713,0.036868338317613665,1,0.28799444829979204,2.079737010963583
NEARUSDT,LONG,1780395300,1780413300,2.671,2.5844285714285715,2.844142857142857,SL,-1.0123412541254126,0.03241161683692566,1,0.2945205479452047,2.3886241507680888
BTCUSDT,SHORT,1780404300,1780409700,69194.6,69643.38571428572,68297.02857142859,TP2,1.9383272704122232,0.006485848813140219,1,0.4748829289059187,-1.5429948802763678
HYPEUSDT,LONG,1780404300,1780411500,73.41,72.06714285714285,76.0957142857143,SL,-1.0218668085106382,0.018292564267227186,1,0.21926910299003172,2.000795532746717
BILLUSDT,SHORT,1780406100,1780410600,0.08322,0.09077714285714286,0.06810571428571428,SL,-1.0044048393194707,0.09080921481786661,1,0.2804967129291455,-3.4905367614720353
AAVEUSDT,SHORT,1780410600,1780417800,75.24,76.36571428571428,72.98857142857143,SL,-1.0267350253807108,0.014961646540593874,1,0.4296296296296294,-3.7699673062694226
XLMUSDT,SHORT,1780413300,1780419600,0.2178,0.22412857142857143,0.20514285714285713,SL,-1.0137661399548532,0.029056801784074514,1,0.5032258064516125,-3.1046622929502328
XLMUSDT,LONG,1780446600,1780452000,0.228,0.2217714285714286,0.24045714285714284,SL,-1.0146422018348624,0.027318295739348335,1,0.2777777777777778,2.6224402724287454
ZECUSDT,LONG,1780446600,1780479900,624.04,598.8728571428571,674.3742857142856,SL,-1.0099183288868707,0.04032937449064614,1,0.25338640303010834,1.8925957932855704
BTCUSDT,SHORT,1780457400,1780463700,66129.0,66827.74285714286,64731.514285714286,SL,-1.0378559862610404,0.01056636055501908,1,0.1930921615085876,-2.5339318563926145
ADAUSDT,SHORT,1780458300,1780460100,0.2079,0.2105857142857143,0.20252857142857145,SL,-1.030963829787234,0.012918298632584336,1,0.21505376344086036,-3.1559873802024443
AVAXUSDT,SHORT,1780458300,1780460100,8.014,8.12242857142857,7.797142857142857,SL,-1.0295641633728592,0.013529894113872096,1,0.15083798882681543,-2.8582161626151734
BILLUSDT,LONG,1780460100,1780482600,0.08633,0.08383857142857143,0.09131285714285714,SL,-1.0138603211009174,0.028859360262117096,1,0.3484971567831018,2.344821652811765
HYPEUSDT,LONG,1780460100,1780503300,72.26,70.48142857142858,75.81714285714287,EXPIRED,-0.23552835341365538,0.024613498873116924,1,0.3586744639376238,2.9590569042591586
BTCUSDT,SHORT,1780531200,1780538400,64117.2,64932.47142857142,62486.65714285714,TP2,1.968541912421814,0.012715331121312639,1,0.4794484707359821,-2.140366530329079
AAVEUSDT,SHORT,1780533000,1780539300,73.26,74.61142857142858,70.55714285714285,TP2,1.9783162790697781,0.018447018447018515,1,0.233689205219454,-2.5173816816759915
ADAUSDT,SHORT,1780533000,1780539300,0.1969,0.2006142857142857,0.18947142857142857,TP2,1.978795384615392,0.018863817746499267,1,0.48000000000000076,-2.666152412170201
LABUSDT,LONG,1780537500,1780566300,16.189,15.152571428571429,18.261857142857142,SL,-1.006247994486561,0.06402054304951331,1,0.18066047917116368,2.0270729821393987
AVAXUSDT,SHORT,1780539300,1780542900,7.713,7.915857142857143,7.307285714285714,SL,-1.0152087323943662,0.026300679742920132,1,0.34081632653061233,-2.33808492910152
XLMUSDT,LONG,1780542900,1780548300,0.2204,0.2123857142857143,0.23642857142857143,SL,-1.0110003565062389,0.03636245786880994,1,0.24226804123711423,2.5590172339817197
NEARUSDT,SHORT,1780549200,1780561800,2.629,2.7687142857142857,2.3495714285714286,TP2,1.992473210633947,0.053143509210454826,1,0.2542787286063576,-2.2060963623457326
HYPEUSDT,SHORT,1780556400,1780568100,69.71,71.57571428571428,65.97857142857143,TP2,1.9850545176110184,0.02676394040617249,1,0.164695177434031,-2.706210502439955
SEIUSDT,SHORT,1780558200,1780601400,0.0543,0.055432857142857145,0.052034285714285713,EXPIRED,0.739969735182849,0.020862930807682204,1,0.3103448275862055,-2.0600246667406164
ADAUSDT,SHORT,1780562700,1780596900,0.1928,0.19635714285714287,0.1856857142857143,TP2,1.9783196787148516,0.01844991108476586,1,0.39884393063583734,-2.0256856202926956
BTCUSDT,SHORT,1780569000,1780576200,62478.2,63293.82857142857,60846.94285714285,SL,-1.030640515640873,0.013054610591031298,1,0.39705652455501833,-2.1001377277116173
LABUSDT,LONG,1780569900,1780576200,17.487,16.368714285714283,19.723571428571425,SL,-1.0062549310168625,0.06394954619349882,1,0.2625410220346922,2.859468479995185
ZECUSDT,SHORT,1780579800,1780586100,518.27,540.38,474.04999999999995,SL,-1.009376209859792,0.04266116117081834,1,0.3673947689134725,-1.829457654756921
SUIUSDT,LONG,1780586100,1780591500,0.8051,0.7838,0.8477,SL,-1.015119248826291,0.026456340827226435,1,0.2829554995801853,1.719084841036257
ADAUSDT,SHORT,1780618500,1780627500,0.1755,0.17967142857142857,0.1671571428571428,TP2,1.983171232876719,0.023768823768823864,1,0.7083333333333315,-2.363646406849763
ZECUSDT,SHORT,1780621200,1780640100,432.55,467.0342857142857,363.58142857142855,TP2,1.9949826421972758,0.07972323595950925,1,0.5475914280481111,-1.533226597030994
LABUSDT,SHORT,1780623900,1780637400,10.353,11.96742857142857,7.124142857142857,SL,-1.0025651181311388,0.15593823736391105,1,0.10174108729124719,-2.2235387609269117
AAVEUSDT,SHORT,1780628400,1780640100,69.12,70.33571428571429,66.68857142857144,TP2,1.9772578143360753,0.017588458994709004,1,0.15963855421686746,-2.4296731874530386
ETHUSDT,SHORT,1780638300,1780641000,1698.6,1729.72,1636.3599999999997,TP2,1.9781670951156813,0.018320970210761855,1,0.45999694049257983,-2.7228829161010997
AAVEUSDT,SHORT,1780641000,1780641900,65.35,67.40571428571428,61.238571428571426,SL,-1.0127157748436415,0.03145698983495464,1,0.5402750491159132,-2.938503821270938
AVAXUSDT,SHORT,1780641000,1780684200,7.125,7.334428571428572,6.706142857142857,EXPIRED,0.9700204638472028,0.029393483709273204,1,0.5083251714005883,-2.2289812057624174
BILLUSDT,SHORT,1780642800,1780673400,0.07602,0.0796357142857143,0.06878857142857144,TP2,1.9915900434610787,0.047562671477430776,1,0.22921522921522916,-2.3280920420677322
ZECUSDT,SHORT,1780642800,1780678800,320.2,359.84714285714284,240.90571428571425,SL,-1.0032304976038626,0.12381993396984031,1,0.5443008499243219,-2.6479842569211627
LABUSDT,LONG,1780668900,1780672500,11.778,10.944571428571429,13.444857142857142,SL,-1.005652793966404,0.07076146811246144,1,0.20481927710843367,2.7744183712836534
AAVEUSDT,SHORT,1780674300,1780677000,60.76,62.87428571428571,56.53142857142858,SL,-1.0114951351351351,0.034797329069876745,1,0.7313769751693006,-1.6951703960776348
LABUSDT,SHORT,1780681500,1780683300,10.394,11.881571428571428,7.418857142857144,SL,-1.0027948910016327,0.14311828252563288,1,0.08850008493290286,-1.7519184452922596
XLMUSDT,LONG,1780682400,1780686000,0.1971,0.1909142857142857,0.20947142857142856,SL,-1.0127454965357967,0.031383634123360156,1,0.21333333333333449,2.4318115836168817
SUIUSDT,LONG,1780704900,1780712100,0.7208,0.702,0.7584,SL,-1.015336170212766,0.026082130965593794,1,0.3453453453453448,1.674090683228563
ZECUSDT,LONG,1780704900,1780716600,397.13,367.4271428571428,456.5357142857143,SL,-1.0053480377068102,0.07479378828811005,1,0.640590531138639,1.6057043363805663
LABUSDT,SHORT,1780705800,1780715700,9.166,9.823285714285715,7.8514285714285705,SL,-1.0055780917191914,0.07170911131199156,1,0.39215686274509864,-2.5424818060842327
AAVEUSDT,SHORT,1780711200,1780720200,61.46,62.76,58.86000000000001,TP2,1.9810892307692307,0.021151968760169188,1,0.1717495987158906,-2.4843332878040956
AVAXUSDT,SHORT,1780715700,1780719300,6.613,6.744000000000001,6.351000000000001,TP2,1.9798076335877794,0.01980946620293359,1,0.2345679012345673,-1.8877531540383488
XLMUSDT,SHORT,1780716600,1780731000,0.1936,0.1984857142857143,0.1838285714285714,SL,-1.015850292397661,0.025236127508854827,1,0.5462962962962971,-1.969911592899756
ETHUSDT,LONG,1780790400,1780795800,1568.62,1556.1371428571426,1593.5857142857142,TP2,1.9497352254520306,0.007957859228402794,1,0.19149814279818425,2.462145124892302
ZECUSDT,LONG,1780791300,1780811100,366.47,353.1228571428572,393.1642857142857,TP2,1.9890172749652146,0.036420833512000574,1,0.24146924581612728,2.7490198759809426
AAVEUSDT,LONG,1780794900,1780818300,61.75,60.93,63.39,TP2,1.969878048780488,0.013279352226720652,1,0.4736842105263167,2.8174508307920627
BILLUSDT,LONG,1780796700,1780816500,0.07525,0.07398285714285714,0.07778428571428572,TP2,1.9762457722660767,0.01683910773611776,1,0.49870801033591605,3.2533710130348026
NEARUSDT,SHORT,1780803900,1780810200,1.832,1.8934285714285715,1.709142857142857,SL,-1.0119293023255813,0.03353087960074861,1,0.08444444444444407,-1.5816428157972136
SEIUSDT,LONG,1780812000,1780824600,0.04927,0.04859714285714286,0.050615714285714285,TP2,1.9707099787685773,0.013656528168401476,1,0.5882352941176445,2.100593630940781
HYPEUSDT,LONG,1780817400,1780827300,59.9,58.85142857142857,61.997142857142855,SL,-1.022850136239782,0.01750536608633438,1,0.43186180422264925,1.3004743166829291
AAVEUSDT,LONG,1780819200,1780834500,63.45,62.401428571428575,65.54714285714286,SL,-1.0242043596730246,0.01652594844084205,1,0.2997711670480542,2.0676611499769137
XLMUSDT,SHORT,1780821000,1780864200,0.2052,0.2099,0.19579999999999997,EXPIRED,0.5570042553191435,0.022904483430799247,1,0.28372093023255834,-2.633475665557087
BILLUSDT,LONG,1780828200,1780847100,0.08023,0.07808142857142857,0.08452714285714284,SL,-1.0149364361702127,0.02678014992610528,1,0.39794967381174073,3.2684180434701586
LABUSDT,LONG,1780831800,1780833600,13.419,12.862714285714286,14.53157142857143,SL,-1.009648998459168,0.04145507968445596,1,0.2318244170096025,2.6613928051688607
AVAXUSDT,SHORT,1780834500,1780842600,6.609,6.704857142857143,6.417285714285715,SL,-1.0275785394932937,0.01450403129931045,1,0.38247011952191245,-2.539194126317628
HYPEUSDT,SHORT,1780834500,1780842600,57.53,58.832857142857144,54.924285714285716,SL,-1.0176627192982457,0.022646569491693767,1,0.45419847328244234,-2.824505736640677
HYPEUSDT,LONG,1780877700,1780899300,60.04,58.80285714285714,62.51428571428571,TP2,1.9805875288683603,0.020605310745217483,1,0.3372262773722634,1.8488596843739191
LABUSDT,SHORT,1780878600,1780898400,12.639,13.140142857142857,11.636714285714286,SL,-1.010088141391106,0.03965051484633731,1,0.1454363089267807,-2.4860030946958904
XLMUSDT,SHORT,1780889400,1780910100,0.2003,0.20411428571428572,0.19267142857142858,SL,-1.0210052434456929,0.019042864275016048,1,0.329545454545455,-2.170064801513694
AVAXUSDT,SHORT,1780892100,1780915500,6.626,6.731000000000001,6.4159999999999995,SL,-1.0252419047619048,0.015846664654391836,1,0.35670103092783684,-1.463045185385276
HYPEUSDT,LONG,1780900200,1780907400,62.69,61.33571428571428,65.39857142857143,SL,-1.018516033755274,0.021602898616776486,1,0.38714090287277664,2.289289628955501
NEARUSDT,LONG,1780900200,1780935300,2.126,2.066142857142857,2.2457142857142856,TP2,1.985792840095458,0.02815481790081979,1,0.22615803814713745,2.169719672380095
LABUSDT,LONG,1780902900,1780906500,13.59,12.98242857142857,14.805142857142856,SL,-1.0089470961674112,0.04470724272048773,1,0.42131979695431443,2.512337551923771
DOTUSDT,SHORT,1780964100,1781007300,0.97,0.9805714285714285,0.9488571428571428,EXPIRED,-0.13129729729729742,0.010898379970544929,1,0.3333333333333333,-2.0152587875557058
LABUSDT,SHORT,1780964100,1780967700,11.488,11.964142857142857,10.535714285714285,SL,-1.0096508850885089,0.04144697572622366,1,0.5489410417859185,-2.304001482828179
NEARUSDT,SHORT,1780964100,1780983900,2.115,2.1634285714285717,2.0181428571428572,SL,-1.0174690265486726,0.02289766970618034,1,0.3122171945701329,-1.5350137509707764
XLMUSDT,SHORT,1780972200,1780983000,0.19731,0.20139,0.18915,SL,-1.0193441176470588,0.020678120723734247,1,0.4717391304347823,-1.53809845021119
SOLUSDT,LONG,1780980300,1780998300,67.02,66.22999999999999,68.6,SL,-1.0339341772151898,0.011787526111608508,1,0.056338028169012816,2.7920638312825385
SUIUSDT,LONG,1780980300,1780992900,0.7576,0.7458285714285715,0.7811428571428572,SL,-1.0257436893203884,0.015537788505053577,1,0.041860465116279694,2.3149857571121975
BILLUSDT,LONG,1780981200,1780987500,0.07246,0.07086714285714286,0.07564571428571427,SL,-1.0181962331838565,0.02198257166515509,1,0.40482573726541515,2.511478849524027
BILLUSDT,LONG,1781051400,1781058600,0.07196,0.07086571428571428,0.07414857142857142,SL,-1.0263039164490861,0.01520686095449856,1,0.4061433447098981,2.402817942168838
ADAUSDT,SHORT,1781052300,1781054100,0.1644,0.16639999999999996,0.16040000000000001,SL,-1.0328800000000002,0.012165450121654391,1,0.4193548387096776,-1.3935472106346378
AVAXUSDT,SHORT,1781052300,1781054100,6.602,6.6648571428571435,6.476285714285715,SL,-1.0420127272727273,0.009520924395204905,1,0.17567567567567366,-1.7447214788000396
BTCUSDT,SHORT,1781052300,1781053200,61488.6,61901.81428571429,60662.171428571426,SL,-1.0595222402765772,0.00672017716640624,1,0.35606808090774344,-1.855055021215916
AAVEUSDT,LONG,1781140500,1781150400,62.03,61.09857142857143,63.892857142857146,TP2,1.9733613496932592,0.015015775776697918,1,0.06666666666666685,1.7129170376060503
BTCUSDT,LONG,1781140500,1781159400,62002.9,61510.471428571436,62987.75714285714,TP2,1.9496350101537712,0.007942024831557367,1,0.043570669500532094,1.8357291028646583
ETHUSDT,LONG,1781140500,1781179200,1637.17,1619.347142857143,1672.8157142857142,TP2,1.963256845142661,0.010886381464879687,1,0.05810947510396858,1.990051504682619
NEARUSDT,LONG,1781154000,1781169300,2.054,2.0007142857142854,2.160571428571428,SL,-1.0154187667560322,0.025942412018361373,1,0.23875432525951507,2.2956464270975188
LABUSDT,SHORT,1781156700,1781165700,7.25,7.644571428571429,6.460857142857143,SL,-1.0073497465604635,0.05442364532019705,1,0.38453445554971066,-3.7801162692026167
BILLUSDT,SHORT,1781159400,1781174700,0.06348,0.06457,0.061299999999999986,SL,-1.0232954128440366,0.017170762444864585,1,0.2595155709342572,-1.7498094283187813
SEIUSDT,LONG,1781165700,1781181000,0.04843,0.04794142857142857,0.04940714285714286,SL,-1.039650292397661,0.010088197988259912,1,0.4121212121212107,1.543910785049667
NEARUSDT,SHORT,1781170200,1781172900,1.987,2.0315714285714286,1.8978571428571431,SL,-1.0178320512820513,0.022431519160255885,1,0.18333333333333368,-2.754525837129259
BILLUSDT,LONG,1781223300,1781228700,0.07148,0.06946285714285715,0.07551428571428573,SL,-1.0141745042492918,0.028219681829083132,1,0.653259361997228,2.4131712038063946
SUIUSDT,SHORT,1781226900,1781232300,0.7511,0.7584,0.7365,SL,-1.0411561643835618,0.009719078684595891,1,0.20833333333333512,-1.7475728242876052
LABUSDT,LONG,1781227800,1781238600,9.276,8.840571428571428,10.146857142857142,TP2,1.9914787401574763,0.04694141563481797,1,0.491436100131752,2.5079359213844015
NEARUSDT,LONG,1781232300,1781241300,2.102,2.066,2.1740000000000004,SL,-1.0233555555555554,0.017126546146527224,1,0.04972375690607689,2.3517597155200214
SEIUSDT,LONG,1781232300,1781244000,0.05006,0.04959285714285715,0.050994285714285714,SL,-1.0428648318042815,0.00933165915187488,1,0.2946428571428558,2.682010063443453
DOTUSDT,LONG,1781239500,1781244900,0.9563,0.9481857142857143,0.9725285714285714,SL,-1.0471415492957747,0.00848508387983446,1,0.1716621253406014,2.2023621150770003
AAVEUSDT,SHORT,1781244900,1781253000,63.7,64.19285714285715,62.71428571428571,SL,-1.051698550724637,0.007737160798385373,1,0.11489361702127587,-2.1310170906046344
AVAXUSDT,SHORT,1781244900,1781256600,6.588,6.634142857142857,6.4957142857142856,SL,-1.0571095975232199,0.007004076676207813,1,0.09243697478991376,-2.2800757561310125
LINKUSDT,SHORT,1781244900,1781253000,7.823,7.874857142857143,7.719285714285714,SL,-1.0603426997245178,0.006628805171563712,1,0.10256410256410285,-2.1047210284918236
HYPEUSDT,SHORT,1781308800,1781327700,59.29,60.205714285714286,57.45857142857143,TP2,1.974101092043674,0.015444666650603546,1,0.4498567335243551,-2.2863771483484228
SEIUSDT,LONG,1781309700,1781318700,0.05213,0.05152142857142858,0.05334714285714286,TP2,1.9657361502347532,0.011674111424734826,1,0.20000000000000165,2.04819816394083
DOTUSDT,LONG,1781312400,1781334000,0.9607,0.9539428571428572,0.9742142857142857,TP2,1.9431298097251748,0.007033561837350726,1,0.049504950495051755,1.8947973467214962
LABUSDT,LONG,1781312400,1781320500,10.124,9.764285714285716,10.843428571428571,SL,-1.011257823669579,0.03553084608003608,1,0.12388774811772865,2.854462433121925
XLMUSDT,SHORT,1781317800,1781334000,0.18558,0.18743857142857143,0.18186285714285713,SL,-1.0399403535741736,0.010014933875263669,1,0.5320334261838412,-3.1712721181195973
TAOUSDT,LONG,1781319600,1781325900,215.1,213.04285714285714,219.21428571428572,TP2,1.9581750000000138,0.009563658099222955,1,0.3975903614457819,1.929028510357074
BILLUSDT,SHORT,1781325000,1781368200,0.07069,0.07257,0.06693,EXPIRED,0.7349595744680925,0.02659499221955013,1,0.24748490945673932,-3.356526555466041
SEIUSDT,LONG,1781325000,1781335800,0.05371,0.05277142857142857,0.05558714285714286,TP2,1.9771098934551066,0.017474798521158637,1,0.4720616570327548,1.7858551951530819
HYPEUSDT,SHORT,1781328600,1781331300,57.3,58.167142857142856,55.565714285714286,SL,-1.0264316309719934,0.015133383196210423,1,0.5132275132275154,-2.262592434932973
AAVEUSDT,LONG,1781334000,1781363700,65.82,65.07857142857142,67.30285714285714,TP2,1.9644901734104045,0.011264487563484825,1,0.2542372881355902,2.755994488016568
TAOUSDT,LONG,1781334900,1781335800,223.0,218.87142857142857,231.25714285714287,TP2,1.9783944636678201,0.018513773222293403,1,0.42325581395348866,2.8631886016364456
BTCUSDT,LONG,1781336700,1781355600,63788.8,63603.42857142857,64159.54285714286,TP2,1.862354623921045,0.0029060184322549933,1,0.22856044096910855,2.2277791270647422
DOTUSDT,LONG,1781337600,1781342100,0.9918,0.9800857142857143,1.0152285714285714,SL,-1.0338663414634146,0.0118111370379973,1,0.44155844155844326,2.7747842614593674
LABUSDT,LONG,1781348400,1781351100,10.239,9.94657142857143,10.823857142857143,SL,-1.0140054714215927,0.02856026676712286,1,0.36370539104024135,3.005978566070078
ZECUSDT,SHORT,1781348400,1781350200,409.56,414.3285714285714,400.02285714285716,SL,-1.0343549430796886,0.011643157116347835,1,0.09200603318250329,-2.4170240665074556
LABUSDT,SHORT,1781397000,1781398800,9.324,9.504999999999999,8.962,SL,-1.0206055248618784,0.019412269412269378,1,0.21339950372208485,-1.86954793863997
HYPEUSDT,LONG,1781397900,1781411400,60.93,60.28,62.23,SL,-1.0374953846153847,0.010667979648777247,1,0.35548172757475116,1.7172172945609692
SEIUSDT,SHORT,1781398800,1781442000,0.05371,0.05423428571428572,0.05266142857142857,EXPIRED,1.6565700272479413,0.009761417134345899,1,0.1792828685258989,-2.4854542215111852
NEARUSDT,LONG,1781401500,1781412300,2.148,2.1162857142857145,2.2114285714285713,SL,-1.027091891891892,0.014764565043894562,1,0.3428571428571396,2.1537850763062063
TAOUSDT,LONG,1781403300,1781443800,270.6,262.72857142857146,286.34285714285716,SL,-1.013750998185118,0.029088797381480288,1,0.4301369863013702,2.470480750652229
XLMUSDT,SHORT,1781408700,1781451900,0.1853,0.1876442857142857,0.18061142857142853,EXPIRED,1.4997659963436847,0.012651299051730833,1,0.15030060120240343,-1.8750897779156321
DOTUSDT,SHORT,1781412300,1781448300,0.9686,0.9759428571428572,0.9539142857142857,TP2,1.9472357976653547,0.007580897318663182,1,0.32907348242811313,-2.8902824580075173
ADAUSDT,LONG,1781481600,1781524800,0.1829,0.17842857142857144,0.19184285714285712,EXPIRED,0.47565111821085815,0.024447395141763577,1,0.8164251207729458,2.1168099295426495
AVAXUSDT,LONG,1781481600,1781524800,6.787,6.675571428571428,7.009857142857143,EXPIRED,1.0166620512820421,0.01641794186364693,1,0.7620041753653434,1.340749054342876
DOTUSDT,LONG,1781481600,1781524800,0.9967,0.9812142857142858,1.0276714285714286,EXPIRED,1.5434431734317335,0.015536986340638367,1,0.6506550218340592,1.4528058944670064
BILLUSDT,SHORT,1781500500,1781514900,0.07278,0.07383571428571428,0.07066857142857143,SL,-1.0275756427604872,0.014505554901268024,1,0.3254716981132062,-1.8754884177783055
LABUSDT,SHORT,1781511300,1781554500,10.078,10.599714285714285,9.034571428571427,EXPIRED,0.7781439211391027,0.051767640971848175,1,0.18835616438356112,-2.691542336934292
XLMUSDT,LONG,1781525700,1781532000,0.20217,0.19800142857142855,0.21050714285714284,TP2,1.980600548320761,0.020619139479504507,1,0.7346698113207522,2.9248294939080735
ADAUSDT,LONG,1781526600,1781556300,0.1863,0.1834285714285714,0.19204285714285713,SL,-1.02595223880597,0.015412928456406724,1,0.4838709677419372,2.287014745665283
BILLUSDT,LONG,1781527500,1781549100,0.07612,0.07448571428571428,0.07938857142857142,SL,-1.0186307692307692,0.0214698596201486,1,0.360874848116647,2.201230742621933
AAVEUSDT,LONG,1781533800,1781551800,76.27,74.61857142857143,79.57285714285715,SL,-1.0184737024221453,0.021652400307179413,1,0.38262476894639535,2.418750469445242
SEIUSDT,SHORT,1781549100,1781562600,0.05492,0.05556,0.05363999999999999,TP2,1.965675,0.01165331391114353,1,0.23376623376623504,-1.8700901941112271
BILLUSDT,SHORT,1781551800,1781577000,0.07322,0.07487714285714285,0.06990571428571427,TP2,1.9823262068965601,0.022632379911811842,1,0.31123388581952127,-2.1132912935845787
ADAUSDT,SHORT,1781557200,1781600400,0.1804,0.18392857142857144,0.17334285714285713,EXPIRED,-0.16215060728744915,0.019559708584098872,1,0.42514970059880086,-3.159154676370662
LABUSDT,SHORT,1781564400,1781569800,9.546,9.773,9.091999999999999,SL,-1.0168211453744493,0.023779593547035467,1,0.1262553802008603,-2.2971241104842997
AAVEUSDT,SHORT,1781576100,1781581500,72.66,73.55,70.88,SL,-1.032656179775281,0.01224883016790532,1,0.31304347826087137,-2.818695253419743
BILLUSDT,SHORT,1781577900,1781586900,0.06936,0.07084285714285715,0.06639428571428573,TP2,1.9812901734103954,0.021379139891250617,1,0.17841079460269715,-2.6096768945985676
HYPEUSDT,LONG,1781579700,1781586900,68.41,67.27428571428571,70.68142857142855,TP2,1.9759059119496731,0.016601582893060695,1,0.17128874388254411,2.853707751396272
ZECUSDT,LONG,1781579700,1781609400,526.33,514.397142857143,550.1957142857143,SL,-1.0176430504010536,0.02267181643238484,1,0.20280669986419042,2.861630700961665
LABUSDT,LONG,1781584200,1781601300,10.034,9.69057142857143,10.720857142857144,TP2,1.9883131447587354,0.034226487086762146,1,0.2932061978545884,2.3251571458637135
ETHUSDT,SHORT,1781585100,1781598600,1762.47,1778.3114285714285,1730.787142857143,SL,-1.0445028045811167,0.00898819757013085,1,0.3938513677075726,-1.8904505910337726
NEARUSDT,LONG,1781591400,1781606700,2.442,2.402,2.5220000000000002,TP2,1.97558,0.016380016380016366,1,0.13675213675213688,2.030124992033774
BILLUSDT,SHORT,1781593200,1781627400,0.06625,0.06782,0.06311000000000001,SL,-1.0168789808917198,0.02369811320754714,1,0.5772357723577234,-1.7903621813647779
HYPEUSDT,LONG,1781605800,1781621100,74.8,73.39571428571429,77.60857142857142,SL,-1.0213062054933877,0.018773873185637835,1,0.3839541547277968,2.4270004907329588
LABUSDT,LONG,1781608500,1781610300,11.348,10.825285714285714,12.393428571428572,TP2,1.9913160972943393,0.04606223878342314,1,0.6808184143222513,2.390843288830615
ETHUSDT,LONG,1781612100,1781615700,1808.49,1790.7928571428572,1843.8842857142856,SL,-1.0408764288020667,0.009785590662454777,1,0.43366619115549293,1.8214790778639078
XLMUSDT,LONG,1781612100,1781615700,0.22991,0.22258,0.24457,SL,-1.0125462482946794,0.03188204079857339,1,0.3815375821663333,2.363184101849722
AAVEUSDT,SHORT,1781615700,1781632800,74.58,75.6,72.53999999999999,SL,-1.0292470588235294,0.013676588897827836,1,0.27981651376147093,-2.041296188142659
ADAUSDT,SHORT,1781615700,1781621100,0.1779,0.18014285714285713,0.17341428571428572,TP2,1.9682726114649804,0.012607403838432476,1,0.13207547169811074,-2.1363944533150097
BILLUSDT,SHORT,1781654400,1781689500,0.06805,0.06957571428571428,0.06499857142857143,SL,-1.0178408239700374,0.022420489136139383,1,0.19246861924686193,-1.6048307637103902
XLMUSDT,SHORT,1781654400,1781656200,0.21658,0.2197942857142857,0.21015142857142857,SL,-1.026952177777778,0.01484110127567508,1,0.16480793060718696,-2.5420553288811725
SUIUSDT,LONG,1781658900,1781682300,0.8066,0.7988000000000001,0.8221999999999999,SL,-1.0413641025641027,0.009670220679394948,1,0.21293800539083657,2.4691221348464336
TAOUSDT,LONG,1781658900,1781667900,261.0,257.0,269.0,SL,-1.0261,0.015325670498084322,1,0.4123711340206175,2.495138392099597
BTCUSDT,SHORT,1781659800,1781661600,65555.0,65839.97142857143,64985.05714285714,SL,-1.092016242229797,0.004347058631247502,1,0.20965899820525571,-2.548811343533313
ETHUSDT,SHORT,1781659800,1781661600,1784.9,1796.3500000000001,1762.0000000000002,SL,-1.0623545851528386,0.006414925205893876,1,0.31792207792208005,-3.315700770515599
HYPEUSDT,LONG,1781660700,1781685000,74.02,72.69714285714285,76.66571428571427,SL,-1.0223818574514039,0.017871617709499348,1,0.10172143974960987,1.891098449981526
HYPEUSDT,LONG,1781745300,1781748000,73.63,72.28142857142856,76.32714285714285,SL,-1.021839406779661,0.018315515802952986,1,0.1697645600991327,2.844503052424974
XLMUSDT,LONG,1781745300,1781755200,0.23805,0.23154428571428573,0.25106142857142855,SL,-1.0146363636363636,0.027329192546583832,1,0.4820191355988135,3.2931016738576937
SEIUSDT,LONG,1781746200,1781749800,0.05534,0.054694285714285716,0.05663142857142857,SL,-1.0342814159292035,0.011668129485259941,1,0.28338762214983837,2.2167284672252254
AAVEUSDT,LONG,1781750700,1781753400,75.89,74.96857142857144,77.73285714285714,SL,-1.032944496124031,0.012141633567381339,1,0.47674418604651203,3.1166830054969883
LABUSDT,LONG,1781750700,1781751600,14.756,14.152428571428572,15.963142857142858,SL,-1.009779124260355,0.04090345815745653,1,0.6699923254029165,4.173887752133845
LINKUSDT,LONG,1781827200,1781838900,8.012,7.954000000000001,8.128,SL,-1.0552551724137929,0.007239141288067924,1,0.45042492917846977,1.3149863013341996
NEARUSDT,LONG,1781827200,1781837100,2.237,2.1994285714285717,2.3121428571428573,SL,-1.023815969581749,0.0167954530940673,1,0.3059360730593598,1.9736433142671699
LABUSDT,LONG,1781828100,1781832600,18.051,17.253285714285713,19.646428571428572,SL,-1.0090513610315186,0.044192248945448244,1,0.2249040043883713,2.136064902095716
HYPEUSDT,SHORT,1781831700,1781838000,67.21,68.10428571428571,65.42142857142856,SL,-1.030061980830671,0.013305843093077118,1,0.3618843683083536,-1.7401175558088853
AVAXUSDT,SHORT,1781836200,1781839800,6.26,6.311571428571429,6.156857142857143,TP2,1.9514459833794842,0.008238247375627603,1,0.17514124293784913,-3.2978872574016416
TAOUSDT,SHORT,1781837100,1781842500,232.8,235.15714285714284,228.08571428571432,TP2,1.9604945454545573,0.010125184094256206,1,0.21904761904762013,-2.3891831258480685
AAVEUSDT,LONG,1781913600,1781916300,73.6,72.93571428571428,74.92857142857143,TP2,1.955681720430129,0.009025621118012434,1,0.37110481586402316,2.678141647869598
BTCUSDT,LONG,1781913600,1781956800,63510.4,63264.07142857143,64003.05714285714,EXPIRED,0.44978883024993876,0.003878554873352566,1,0.4571807502841978,2.549218055994099
DOTUSDT,LONG,1781913600,1781932500,0.9597,0.9528142857142857,0.9734714285714284,TP2,1.9442497925311037,0.00717486119174142,1,0.27090301003344436,2.1034020384431127
XLMUSDT,SHORT,1781917200,1781932500,0.21468,0.21755000000000002,0.20894,SL,-1.029920557491289,0.01336873486118878,1,0.3101449275362315,-3.1176477008987895
LABUSDT,SHORT,1781920800,1781937000,12.042,12.795142857142856,10.535714285714285,SL,-1.0063955993930198,0.06254300424704012,1,0.258440046565774,-2.2418320988387546
LINKUSDT,SHORT,1781922600,1781930700,7.865,7.926714285714286,7.7415714285714285,SL,-1.0509768518518519,0.007846698755789656,1,0.06761565836298922,-1.8543564097773617
SOLUSDT,LONG,1781929800,1781932500,70.37,69.93857142857144,71.23285714285714,TP2,1.9347562913907281,0.006130859335349848,1,0.40833333333333294,2.8608207188619006
SEIUSDT,LONG,1781935200,1781938800,0.05429,0.05373285714285714,0.05540428571428571,TP2,1.9610225641025516,0.010262347709391367,1,0.35897435897435676,2.4658760396873007
HYPEUSDT,LONG,1781936100,1781962200,70.69,69.78428571428572,72.50142857142856,SL,-1.0312195583596215,0.012812481054099366,1,0.37639198218263115,1.9274550235187125
BILLUSDT,SHORT,1781938800,1781982000,0.05736,0.05827714285714286,0.05552571428571428,EXPIRED,1.185263551401866,0.015989240884638413,1,0.08108108108107977,-2.131743537060907
NEARUSDT,SHORT,1781939700,1781969400,2.142,2.1672857142857143,2.091428571428571,SL,-1.0338847457627116,0.011804721888755565,1,0.1559633027522921,-2.749370570334097
AVAXUSDT,LONG,1781940600,1781962200,6.208,6.071142857142857,6.481714285714285,SL,-1.0181444676409186,0.02204528718703975,1,0.49732620320855603,3.555141834326816
LABUSDT,SHORT,1781957700,1781958600,11.903,12.322285714285716,11.064428571428572,SL,-1.0113555025553662,0.0352252133315731,1,0.21568627450980452,-2.051677273900589
ADAUSDT,SHORT,1781962200,1781967600,0.1611,0.16234285714285715,0.1586142857142857,SL,-1.0518482758620689,0.007714817770683704,1,0.2500000000000033,-3.128845704223548
NEARUSDT,LONG,1782001800,1782008100,2.218,2.188285714285714,2.277428571428571,SL,-1.0298576923076923,0.01339688264846063,1,0.507936507936507,2.260443528198212
SEIUSDT,LONG,1782002700,1782010800,0.05485,0.05434571428571429,0.05585857142857143,TP2,1.9564929178470254,0.009193905456439617,1,0.49180327868852913,1.7167259422655183
BILLUSDT,SHORT,1782004500,1782017100,0.05501,0.05587714285714286,0.05327571428571429,SL,-1.0253752883031302,0.01576336769937933,1,0.23115577889447303,-3.496015618112318
ZECUSDT,SHORT,1782009900,1782012600,467.22,471.6,458.46000000000004,SL,-1.0426684931506849,0.009374598690124556,1,0.21302113078241003,-1.6314616351828286
HYPEUSDT,SHORT,1782010800,1782028800,69.82,70.5242857142857,68.41142857142857,TP2,1.960345638945253,0.010087162908703942,1,0.16666666666666374,-2.5710180633450577
TAOUSDT,LONG,1782013500,1782029700,237.0,234.4857142857143,242.02857142857144,SL,-1.0377045454545455,0.0106088004822182,1,0.3798449612403087,3.299556496893927
ADAUSDT,SHORT,1782015300,1782058500,0.1617,0.16285714285714287,0.1593857142857143,EXPIRED,0.03052345679013793,0.007156109196925519,1,0.3043478260869555,-2.415341116210932
BTCUSDT,LONG,1782016200,1782018000,64491.1,64328.299999999996,64816.7,SL,-1.1584547911547913,0.002524379332962219,1,0.32277094218776176,2.717746245325689
SUIUSDT,SHORT,1782018000,1782027900,0.7073,0.7118857142857143,0.6981285714285714,SL,-1.061695950155763,0.006483407727575716,1,0.3033707865168454,-2.7038357007993814
ADAUSDT,SHORT,1782086400,1782089100,0.1565,0.15894285714285716,0.1516142857142857,SL,-1.0256257309941519,0.015609310816978604,1,0.6129032258064526,-1.947496975843827
LABUSDT,LONG,1782086400,1782089100,15.947,15.171285714285714,17.49842857142857,TP2,1.9917768692449356,0.04864327370127834,1,0.675942028985506,2.6994520030080804
ZECUSDT,SHORT,1782086400,1782089100,434.43,442.9085714285714,417.47285714285715,SL,-1.0204954338668915,0.019516542201439623,1,0.6162310866574943,-2.470058103616227
BILLUSDT,LONG,1782088200,1782113400,0.05914,0.05768285714285714,0.06205428571428571,TP2,1.9837654901960737,0.02463887144306487,1,0.23779527559055183,2.606090921533525
AAVEUSDT,LONG,1782089100,1782132300,75.59,74.45142857142858,77.86714285714285,EXPIRED,0.9922644918444173,0.015062461020921078,1,0.16785714285714262,2.75074162027912
ADAUSDT,LONG,1782091800,1782098100,0.1617,0.15904285714285715,0.16701428571428573,SL,-1.024341935483871,0.01643254704479197,1,0.05797101449275537,2.229886372530755
HYPEUSDT,SHORT,1782099900,1782114300,66.1,67.36999999999999,63.559999999999995,SL,-1.0208188976377952,0.019213313161875918,1,0.20062695924764923,-1.985326149783243
NEARUSDT,LONG,1782112500,1782116100,2.191,2.1584285714285714,2.256142857142857,SL,-1.0269070175438597,0.014866010301884317,1,0.07894736842105378,2.5685633592528894
ETHUSDT,LONG,1782116100,1782129600,1750.93,1740.8285714285714,1771.1328571428571,TP2,1.9306660444067092,0.005769178991409447,1,0.32709059233449383,2.3062247355977976
LINKUSDT,LONG,1782117900,1782131400,8.0,7.942714285714286,8.114571428571429,TP2,1.9441396508728181,0.007160714285714314,1,0.47404844290657194,1.84929526124815
XLMUSDT,SHORT,1782120600,1782128700,0.21023,0.21239714285714287,0.20589571428571427,SL,-1.0388031641397495,0.010308437697487816,1,0.017258883248731177,-1.7647487931171775
NEARUSDT,SHORT,1782126000,1782126900,2.135,2.1587142857142854,2.087571428571428,SL,-1.036012048192771,0.011107393777183,1,0.14285714285714185,-1.3312828947623068
DOTUSDT,SHORT,1782174600,1782187200,0.9273,0.9363714285714285,0.9091571428571429,SL,-1.040888818897638,0.009782625440988395,1,0.3236514522821587,-1.8697345140487451
NEARUSDT,SHORT,1782174600,1782203400,2.052,2.085571428571429,1.9848571428571429,TP2,1.9755506382978592,0.016360345307713752,1,0.3020833333333336,-1.5051058687471002
XLMUSDT,SHORT,1782174600,1782194400,0.20026,0.20246999999999998,0.19584000000000001,TP2,1.963753846153846,0.011035653650254638,1,0.39539539539539464,-2.551377292345866
AAVEUSDT,LONG,1782182700,1782190800,75.88,75.03999999999999,77.56,SL,-1.0361333333333331,0.011070110701107083,1,0.15865384615384545,2.2571063055382576
AVAXUSDT,LONG,1782183600,1782192600,6.298,6.236428571428571,6.421142857142858,SL,-1.0409150812064965,0.009776346232364038,1,0.14814814814814753,1.5961791782081618
SUIUSDT,LONG,1782183600,1782192600,0.725,0.7164428571428572,0.7421142857142856,SL,-1.0338898163606012,0.0118029556650246,1,0.05339805825242682,1.9579753038798011
BILLUSDT,SHORT,1782189000,1782203400,0.05503,0.056252857142857146,0.052584285714285715,TP2,1.9819995327102804,0.022221645336310075,1,0.19776119402985007,-2.0545369400694167
AVAXUSDT,LONG,1782260100,1782267300,6.532,6.449857142857143,6.696285714285714,SL,-1.031808,0.012575452716297772,1,0.43707093821510523,1.816943467036534
BTCUSDT,LONG,1782260100,1782269100,62864.0,62589.5,63412.99999999999,SL,-1.09160510018215,0.004366569101552524,1,0.3154071797737146,2.54005294049281
SEIUSDT,LONG,1782260100,1782264600,0.05298,0.05261285714285714,0.053714285714285714,TP2,1.9422785992217901,0.006929838753168337,1,0.5238095238095294,2.2684198560267017
LABUSDT,SHORT,1782261000,1782270000,14.361,14.807,13.469000000000001,SL,-1.0128798206278027,0.03105633312443421,1,0.3527194399569205,-2.029871001266853
ADAUSDT,LONG,1782265500,1782268200,0.1536,0.15207142857142855,0.15665714285714286,SL,-1.0401943925233643,0.00995163690476197,1,0.5135135135135139,2.0892605007272875
XLMUSDT,SHORT,1782268200,1782275400,0.1934,0.19523142857142856,0.18973714285714283,TP2,1.9577597503900308,0.009469641010489013,1,0.2477876106194691,-2.5585262291416977
SEIUSDT,LONG,1782346500,1782351000,0.05553,0.054824285714285714,0.05694142857142858,SL,-1.0314744939271254,0.012708703146304477,1,0.581280788177341,1.1201647542412783
TAOUSDT,LONG,1782346500,1782350100,220.9,218.44285714285715,225.81428571428572,SL,-1.0359604651162793,0.011123326650714584,1,0.5737704918032739,1.8896916038076064
LABUSDT,LONG,1782351000,1782353700,16.744,16.12385714285714,17.984285714285715,SL,-1.0108000921446672,0.03703672104293225,1,0.21765704584040738,2.6583403672162738
AAVEUSDT,LONG,1782352800,1782364500,80.96,78.97857142857141,84.92285714285714,TP2,1.983656236481608,0.02447416713721065,1,0.34501642935377747,2.0855662098830994
BILLUSDT,SHORT,1782352800,1782392400,0.0438,0.044732857142857144,0.041934285714285716,SL,-1.018781010719755,0.021298108284409638,1,0.1747572815534003,-1.8757057349320436
SUIUSDT,LONG,1782432900,1782436500,0.686,0.6794285714285715,0.6991428571428572,SL,-1.0417565217391305,0.009579341940857983,1,0.47540983606557474,1.8552854003519932
DOTUSDT,SHORT,1782436500,1782440100,0.8353,0.8435142857142858,0.8188714285714286,TP2,1.9593245217391304,0.009833934771083101,1,0.22292993630573082,-2.5275060376659533
BTCUSDT,SHORT,1782437400,1782441000,59263.1,59718.44285714286,58352.41428571429,TP2,1.9479398004643123,0.007683412733097936,1,0.09090199140960624,-2.2935305739361405
HYPEUSDT,SHORT,1782437400,1782459000,62.762,64.09457142857143,60.09685714285715,SL,-1.0188393653516294,0.021232137735754567,1,0.10386438730067485,-1.8839000368530578
SEIUSDT,SHORT,1782442800,1782445500,0.05408,0.05511857142857143,0.05200285714285715,SL,-1.0208286107290234,0.0192043533389687,1,0.5195530726256992,-2.1269551968382214
AAVEUSDT,LONG,1782446400,1782459900,83.42,81.27285714285715,87.71428571428572,TP2,1.984459347970732,0.02573894578210093,1,0.18990384615384717,2.5499675950585163
LABUSDT,LONG,1782447300,1782457200,18.315,17.752714285714287,19.43957142857143,SL,-1.013028963414634,0.030700830700830697,1,0.2831408775981523,1.9669540181185605
SEIUSDT,SHORT,1782454500,1782459900,0.05336,0.05429,0.0515,SL,-1.0229505376344086,0.017428785607196406,1,0.42671009771987073,-2.31966360272819
SOLUSDT,LONG,1782455400,1782484200,69.16,68.03428571428572,71.41142857142856,TP2,1.9754253807106599,0.016276956126580148,1,0.2835365853658541,1.9344190147828064
ADAUSDT,LONG,1782458100,1782463500,0.1468,0.14455714285714286,0.15128571428571433,SL,-1.026180891719745,0.015278318411833471,1,0.512195121951217,2.5430057311984946
AVAXUSDT,LONG,1782518400,1782521100,6.629,6.526571428571429,6.833857142857142,SL,-1.025887308228731,0.015451587181863215,1,0.43999999999999956,2.1450271235439313
LABUSDT,LONG,1782518400,1782524700,19.409,18.85457142857143,20.517857142857142,SL,-1.0140028858541612,0.02856554028690664,1,0.3121546961325969,2.1328492201093385
XLMUSDT,SHORT,1782521100,1782530100,0.17626,0.17759857142857144,0.17358285714285715,TP2,1.9473289220917616,0.0075943006273200215,1,0.29137529137529056,-2.5401620711706716
AAVEUSDT,LONG,1782526500,1782531000,97.15,95.02857142857144,101.39285714285715,SL,-1.0183178451178452,0.021836629659583842,1,0.31773584905660507,2.3724900685150847
SUIUSDT,LONG,1782526500,1782551700,0.7067,0.7009857142857143,0.7181285714285713,SL,-1.0494690000000004,0.008085871960217428,1,0.3333333333333306,3.296223162242605
XRPUSDT,LONG,1782526500,1782569700,1.0547,1.048242857142857,1.0676142857142858,TP2,1.934664601769912,0.006122255482263115,1,0.28140703517587745,2.293154574468023
BILLUSDT,SHORT,1782531000,1782574200,0.04077,0.04150142857142857,0.03930714285714285,EXPIRED,0.7843445312500016,0.017940362311223285,1,0.17647058823529452,-1.948814720342197
DOTUSDT,SHORT,1782540900,1782584100,0.8448,0.8513714285714286,0.8316571428571429,TP2,1.9485773913043478,0.007778679653679642,1,0.05882352941176337,-1.6413468352564307
SEIUSDT,SHORT,1782540900,1782560700,0.05204,0.05246571428571429,0.05118857142857143,TP2,1.951103355704698,0.008180520478752598,1,0.08910891089108856,-1.9136819910095522
BTCUSDT,LONG,1782547200,1782552600,60516.1,60261.55714285714,61025.18571428571,SL,-1.0950976989561116,0.004206200616742612,1,0.2718853362734314,2.204385948091708
SEIUSDT,SHORT,1782608400,1782621000,0.05005,0.05047142857142857,0.04920714285714285,SL,-1.0475050847457625,0.008420151277294159,1,0.19354838709677671,-2.469274392078655
DOTUSDT,SHORT,1782609300,1782615600,0.8049,0.8136714285714285,0.7873571428571429,SL,-1.0367055374592835,0.010897538292245691,1,0.6470588235294148,-1.805864473545928
LABUSDT,LONG,1782609300,1782612900,17.387,16.636285714285716,18.888428571428573,SL,-1.0092642435775452,0.04317675767609625,1,0.5029150046026399,2.329143849315377
BILLUSDT,LONG,1782610200,1782621000,0.0403,0.03951428571428572,0.04187142857142857,TP2,1.9794836363636363,0.0194966323998582,1,0.3426573426573434,2.0976337824959344
XLMUSDT,SHORT,1782621000,1782628200,0.17292,0.17402428571428571,0.17071142857142857,TP2,1.9373640362224844,0.0063861075311456884,1,0.19796954314720797,-1.7138914810487238
DOTUSDT,LONG,1782692100,1782735300,0.8143,0.8011,0.8407,EXPIRED,0.9828999999999991,0.01621024192558024,1,0.10300429184549394,1.8611125722347899
LABUSDT,SHORT,1782693000,1782696600,15.036,15.682142857142857,13.743714285714285,SL,-1.009308158302012,0.04297305514384525,1,0.6240497581202492,-1.9806352483371028
SEIUSDT,SHORT,1782693000,1782702900,0.04897,0.04961,0.047689999999999996,SL,-1.03060625,0.013069226056769466,1,0.06707317073170631,-2.271720556255603
AVAXUSDT,LONG,1782697500,1782740700,6.51,6.384142857142857,6.761714285714286,EXPIRED,0.20178433598184248,0.019332894448101826,1,0.16850393700787417,2.109463802476698
HYPEUSDT,LONG,1782700200,1782736200,62.335,61.24314285714286,64.51871428571428,TP2,1.9771636791835603,0.017515956410638387,1,0.13198809130003356,2.319910265874547
BILLUSDT,SHORT,1782731700,1782735300,0.04289,0.04388428571428571,0.04090142857142857,SL,-1.0172545977011493,0.02318222695933116,1,0.22727272727272813,-2.257555599129226
HYPEUSDT,LONG,1782738900,1782741600,64.761,63.513,67.25699999999999,SL,-1.0207567307692307,0.01927085746050865,1,0.3789878069149821,2.139836230869601
SEIUSDT,SHORT,1782739800,1782759600,0.04951,0.05021285714285714,0.04810428571428571,SL,-1.0281764227642276,0.014196266266555119,1,0.08387096774193416,-1.67721162155021
BTCUSDT,SHORT,1782740700,1782753300,59428.8,60190.41428571429,57905.57142857143,SL,-1.0312120195824659,0.012815575709324201,1,0.10901928981057754,-2.440915797386238
ZECUSDT,SHORT,1782740700,1782745200,379.3,387.38142857142856,363.13714285714286,SL,-1.018773908432031,0.021306165492825126,1,0.04913456169737544,-1.9027650718533238
BILLUSDT,LONG,1782746100,1782751500,0.04551,0.04417142857142858,0.04818714285714286,TP2,1.986400426894349,0.02941268794927328,1,0.22028985507246396,3.3828676835564955
TAOUSDT,SHORT,1782746100,1782753300,201.8,205.8714285714286,193.65714285714287,SL,-1.0198259649122807,0.020175562792014743,1,0.25423728813559254,-2.0850733594018025
ADAUSDT,LONG,1782753300,1782776700,0.1477,0.14534285714285713,0.15241428571428572,SL,-1.0250642424242424,0.01595899023116357,1,0.09219858156028318,2.9072775326941276
AVAXUSDT,LONG,1782753300,1782767700,6.791,6.662714285714286,7.047571428571429,SL,-1.0211746102449888,0.018890548414918898,1,0.18378378378378368,2.5846427797033953
DOTUSDT,LONG,1782753300,1782767700,0.8365,0.8240142857142857,0.8614714285714286,SL,-1.0267986270022884,0.014926137819144382,1,0.11392405063291139,2.8794110087410356
BILLUSDT,LONG,1782777600,1782782100,0.05515,0.05319714285714286,0.05905571428571428,SL,-1.0112962692026335,0.03540992099468978,1,0.6296296296296301,1.4804244135608666
NEARUSDT,SHORT,1782778500,1782821700,1.851,1.8755714285714287,1.8018571428571428,EXPIRED,1.272193023255809,0.013274677780350403,1,0.4482758620689655,-1.354709726611297
AAVEUSDT,SHORT,1782779400,1782801900,90.74,91.6,89.02,SL,-1.0422046511627907,0.009477628388803169,1,0.6108374384236481,-2.139076249210344
ADAUSDT,SHORT,1782779400,1782822600,0.145,0.14617142857142856,0.14265714285714282,TP2,1.9504878048780727,0.008078817733990216,1,0.5909090909090821,-2.204082598465586
XLMUSDT,LONG,1782784800,1782789300,0.17719,0.17542571428571427,0.1807185714285714,TP2,1.9598273684210368,0.00995702756524471,1,0.12603062426384165,2.2613918016951047
SEIUSDT,LONG,1782800100,1782801900,0.05026,0.04982428571428571,0.05113142857142857,SL,-1.0461403278688524,0.008669205843897479,1,0.4517766497461908,3.929858392136867
LABUSDT,SHORT,1782803700,1782821700,13.08,13.678285714285716,11.88342857142857,TP2,1.9912550143266448,0.04574049803407606,1,0.31044776119403017,-3.0724843717318078
BILLUSDT,LONG,1782811800,1782818100,0.04828,0.04698857142857143,0.05086285714285715,SL,-1.0149539823008848,0.02674872766007813,1,0.17632241813602062,2.5094999321111904
HYPEUSDT,LONG,1782818100,1782819900,66.306,65.57728571428571,67.76342857142858,SL,-1.0363961576161536,0.010990171111427166,1,0.1598934043970702,2.7482321081630903
XLMUSDT,LONG,1782864000,1782866700,0.18902,0.18619,0.19468,TP2,1.9732833922261483,0.014971960639085808,1,0.15308641975308487,2.583894707762993
BILLUSDT,SHORT,1782864900,1782908100,0.04405,0.04536428571428571,0.04142142857142857,EXPIRED,1.4702891304347852,0.029836225068915194,1,0.33617021276595765,-1.9227645396697894
BTCUSDT,SHORT,1782865800,1782868500,58366.0,58644.47142857143,57809.05714285715,TP2,1.9161623146770368,0.004771124088877547,1,0.3152488806952849,-2.6310821222059317
XRPUSDT,SHORT,1782865800,1782868500,1.0363,1.0414428571428571,1.0260142857142855,TP2,1.9193988888889326,0.004962710742890263,1,0.5384615384615188,-2.176933820929657
ADAUSDT,LONG,1782870300,1782877500,0.1449,0.14324285714285714,0.14821428571428572,TP2,1.9650241379310345,0.011436458641427585,1,0.17647058823529507,2.5635015634543104
AVAXUSDT,LONG,1782870300,1782878400,6.572,6.504142857142857,6.707714285714286,TP2,1.9612597894736843,0.010325189113990137,1,0.08013937282230119,2.281974804554085
ETHUSDT,LONG,1782870300,1782907200,1580.62,1566.1585714285713,1609.5428571428572,SL,-1.043719608811617,0.009149212695922239,1,0.08872333220453414,2.813918254770709
LABUSDT,SHORT,1782872100,1782873900,12.641,13.009714285714285,11.903571428571428,TP2,1.9862864006199197,0.02916812639144733,1,0.18758557736193524,-2.8244788541207386
BTCUSDT,LONG,1782878400,1782888300,59168.4,58542.68571428572,60419.82857142857,SL,-1.0378245479452055,0.010575142909294212,1,0.22486610558531098,1.7035042947846732
TAOUSDT,LONG,1782880200,1782886500,203.5,200.4857142857143,209.52857142857144,SL,-1.027004739336493,0.014812214812214827,1,0.15032679738561996,1.737004842162829
LABUSDT,SHORT,1782886500,1782894600,11.497,12.085571428571429,10.319857142857142,TP2,1.992186504854369,0.05119347904422273,1,0.5135842880523738,-1.5036150841838636
SEIUSDT,SHORT,1782888300,1782897300,0.04678,0.04724285714285714,0.04585428571428572,SL,-1.0558592592592622,0.009894338239784969,1,0.18881118881118922,-2.516280949992282
LABUSDT,SHORT,1782897300,1782940500,9.601,10.499285714285715,7.804428571428573,EXPIRED,0.6614372137404586,0.09356168256282824,1,0.4685160722148832,-2.185314008600413
HYPEUSDT,SHORT,1782902700,1782914400,62.83,63.71714285714285,61.05571428571429,SL,-1.0283291465378424,0.014119733521293256,1,0.5068085106382987,-2.117972804348491
ADAUSDT,LONG,1782904500,1782915300,0.1521,0.15015714285714288,0.1559857142857143,TP2,1.9686852941176614,0.012773551235089697,1,0.22352941176470573,3.170135215026817
ZECUSDT,LONG,1782912600,1782916200,403.88,398.73,414.17999999999995,TP2,1.9686306796116504,0.01275131227097152,1,0.16785431512272259,1.8965280692890247
BTCUSDT,LONG,1782914400,1782919800,59466.0,59015.7,60366.6,TP2,1.947176548967339,0.007572394309353241,1,0.24702933531377577,3.123203219186723
SOLUSDT,LONG,1782916200,1782945000,76.64,75.53857142857143,78.84285714285714,TP2,1.972167055771725,0.01437145839546676,1,0.36633663366336194,2.579015732224468
NEARUSDT,LONG,1782918000,1782949500,1.844,1.8118571428571428,1.9082857142857146,SL,-1.0229475555555556,0.017431050511310855,1,0.41791044776119474,2.519122987033473
BILLUSDT,LONG,1782927000,1782936900,0.04477,0.04329428571428571,0.04772142857142857,SL,-1.0121351403678607,0.03296212387121478,1,0.5250965250965275,2.431427754547127
HYPEUSDT,SHORT,1782936000,1782945000,63.0,63.93157142857143,61.136857142857146,SL,-1.0270510657874559,0.01478684807256236,1,0.25117423395213406,-2.6697623035440325
BTCUSDT,LONG,1782940500,1782945000,60419.9,60060.857142857145,61137.985714285714,TP2,1.932687812835714,0.005942460301040824,1,0.16393352712115644,2.6214614567736096
AAVEUSDT,SHORT,1782945900,1782961200,84.49,85.52714285714286,82.41571428571427,SL,-1.0325856749311293,0.012275332668278637,1,0.3938053097345176,-3.0782681064454502
SEIUSDT,SHORT,1782947700,1782965700,0.04736,0.048035714285714286,0.046008571428571426,SL,-1.0280355179704017,0.014267615830115824,1,0.28695652173912967,-2.227731317942375
DOTUSDT,SHORT,1782949500,1782956700,0.8284,0.8367142857142857,0.8117714285714286,SL,-1.0398542955326462,0.010036559288128565,1,0.19648093841641878,-1.7107023854897423
NEARUSDT,LONG,1782956700,1782999900,1.895,1.8597142857142857,1.9655714285714287,EXPIRED,1.4805425101214522,0.018620429702223957,1,0.2970297029702959,2.0890698777362533
LABUSDT,LONG,1782962100,1782966600,10.07,9.563571428571429,11.082857142857144,SL,-1.0079537376586742,0.05029082139310541,1,0.5044580009385266,3.444311342185151
BTCUSDT,LONG,1782963900,1782975600,60785.8,60325.55714285715,61706.28571428572,SL,-1.0528293261321664,0.007571552190525694,1,0.15473635090993812,2.1998653700879798
SEIUSDT,LONG,1783036800,1783037700,0.04819,0.04779142857142857,0.04898714285714286,SL,-1.0483627240143367,0.008270832715738342,1,0.26829268292682945,2.82815112989
ADAUSDT,LONG,1783041300,1783045800,0.1631,0.16114285714285714,0.16701428571428573,TP2,1.9666656934306712,0.011999649645265847,1,0.2600000000000024,2.9867692811145408
AVAXUSDT,LONG,1783041300,1783084500,6.83,6.783142857142857,6.9237142857142855,EXPIRED,0.43254878048779516,0.006860489437356207,1,0.5283018867924495,1.8420799073293623
DOTUSDT,LONG,1783041300,1783068300,0.847,0.8406571428571428,0.8596857142857143,TP2,1.9465855855855683,0.007488615280823091,1,0.16715542521993748,2.898429135332296
SUIUSDT,LONG,1783047600,1783083600,0.7419,0.7345714285714285,0.7565571428571428,TP2,1.9595064327485228,0.009878112183005007,1,0.3027522935779848,2.0900048181021753
ZECUSDT,SHORT,1783048500,1783056600,427.02,432.6714285714286,415.7171428571428,SL,-1.030223862487361,0.013234575831175563,1,0.20230263157894807,-2.9557672004412248
LABUSDT,SHORT,1783059300,1783066500,9.153,9.766142857142857,7.926714285714287,TP2,1.9940287977632818,0.06698818498228522,1,0.4977391304347823,-2.393595885712614
ADAUSDT,LONG,1783070100,1783091700,0.1677,0.16575714285714283,0.17158571428571429,TP2,1.9654735294117507,0.011585313910895356,1,0.42105263157894507,2.6517695478290992
BILLUSDT,SHORT,1783071900,1783108800,0.04312,0.04435,0.040659999999999995,TP2,1.9859772357723577,0.02852504638218926,1,0.6517647058823538,-2.0955648132449745
NEARUSDT,LONG,1783084500,1783095300,2.058,2.0224285714285712,2.129142857142857,SL,-1.0231421686746989,0.017284464806330658,1,0.6385542168674677,2.218804824603863
AAVEUSDT,LONG,1783085400,1783089000,88.02,86.85571428571428,90.34857142857143,TP2,1.9697600000000122,0.01322751322751326,1,0.23920265780731045,2.765303837238831
AVAXUSDT,SHORT,1783088100,1783091700,6.813,6.8671428571428565,6.704714285714286,SL,-1.0503335092348287,0.00794699209494451,1,0.10701107011070188,-2.0884870742348105
LABUSDT,SHORT,1783089000,1783132200,6.601,7.150142857142857,5.502714285714287,EXPIRED,0.8019035379812691,0.08319085852792861,1,0.4858096828046742,-2.3309699604373173
HYPEUSDT,LONG,1783090800,1783098000,70.331,69.50171428571429,71.98957142857144,SL,-1.033923652024117,0.011791183322940314,1,0.629053872956309,2.3219788185694195
ADAUSDT,LONG,1783094400,1783103400,0.1734,0.1709857142857143,0.17822857142857143,TP2,1.9712710059171712,0.01392321634536165,1,0.5555555555555474,2.633283947417183
DOTUSDT,LONG,1783096200,1783127700,0.8781,0.8686571428571429,0.8969857142857142,SL,-1.0371963691376704,0.010753737777994649,1,0.25675675675675663,2.012202448999648
TAOUSDT,SHORT,1783127700,1783145700,213.5,215.55714285714285,209.3857142857143,SL,-1.041513888888889,0.009635329541652693,1,0.28712871287128783,-2.908403426507214
AAVEUSDT,LONG,1783128600,1783146600,88.51,87.57857142857144,90.37285714285714,SL,-1.038010429447853,0.010523427538454037,1,0.29729729729729937,2.6640872698297526
AVAXUSDT,SHORT,1783129500,1783136700,6.867,6.921285714285714,6.7584285714285715,SL,-1.050598947368421,0.00790530279390045,1,0.4490566037735801,-2.272954881624052
XLMUSDT,LONG,1783131300,1783138500,0.2085,0.20550714285714283,0.21448571428571428,SL,-1.0278663484486874,0.01435423090099351,1,0.25119128658951645,3.2599687287800827
LABUSDT,LONG,1783135800,1783146600,7.405,6.871571428571428,8.471857142857143,TP2,1.9944472415640049,0.07203626893025948,1,0.5996541288370077,3.1193017539378314
NEARUSDT,SHORT,1783138500,1783177200,1.999,2.0261428571428572,1.9447142857142858,SL,-1.029458947368421,0.0135782176802687,1,0.29523809523809663,-1.4627678956603398
HYPEUSDT,LONG,1783139400,1783146600,71.905,70.99114285714286,73.7327142857143,SL,-1.031473190558074,0.012709229439637657,1,0.2600200400801592,2.305334378380178
SUIUSDT,SHORT,1783210500,1783215000,0.7585,0.7654285714285713,0.744642857142857,TP2,1.9562103092783665,0.009134570110179865,1,0.3899204244031829,-2.355029597401152
XRPUSDT,SHORT,1783211400,1783217700,1.1517,1.1583428571428571,1.1384142857142858,TP2,1.9306503225806113,0.005767871097383963,1,0.4698162729658742,-2.107757072283834
ETHUSDT,SHORT,1783215000,1783258200,1767.78,1779.09,1745.16,EXPIRED,0.38310238726790335,0.006397854936700255,1,0.44134775374375956,-1.9252446893557316
BILLUSDT,SHORT,1783216800,1783260000,0.0408,0.04151285714285714,0.03937428571428572,EXPIRED,0.6785090180360754,0.017471988795518163,1,0.502923976608186,-2.5968860580548423
AVAXUSDT,SHORT,1783218600,1783255500,6.841,6.904142857142857,6.714714285714287,SL,-1.0433366515837106,0.00923006243865764,1,0.6640000000000003,-1.9935860733210218
LABUSDT,LONG,1783221300,1783233000,16.608,15.622714285714286,18.57857142857143,SL,-1.0067424097433666,0.059325970272502054,1,0.12696096315213418,1.9465082476055298
ADAUSDT,LONG,1783237500,1783244700,0.1925,0.19,0.1975,SL,-1.0308,0.012987012987013019,1,0.09734513274336387,2.1461251495718
BTCUSDT,LONG,1783238400,1783243800,62990.1,62776.57142857143,63417.15714285714,SL,-1.117998447849067,0.0033898750982864134,1,0.21435236237169839,2.706290050824351
HYPEUSDT,LONG,1783296900,1783315800,71.84,70.84714285714287,73.82571428571428,SL,-1.0289427338129498,0.013820394527521398,1,0.48868672731514756,1.572648341512337
LABUSDT,SHORT,1783297800,1783306800,16.043,16.616999999999997,14.895,SL,-1.0111797909407665,0.03577884435579378,1,0.2989281460897167,-3.004156968948152
TAOUSDT,LONG,1783300500,1783304100,217.8,215.21428571428572,222.9714285714286,SL,-1.0336928176795581,0.011871966417420958,1,0.3191489361702122,2.2383098496567913
BILLUSDT,LONG,1783301400,1783303200,0.04302,0.042221428571428576,0.04461714285714286,TP2,1.9784515205724598,0.01856279471342232,1,0.09278350515463943,1.8562238356640117
AAVEUSDT,SHORT,1783304100,1783314000,87.97,88.95285714285714,86.00428571428571,SL,-1.0358017441860465,0.011172640023384611,1,0.11233885819521125,-2.696610087235078
ZECUSDT,SHORT,1783304100,1783331100,456.52,462.6385714285714,444.2828571428571,TP2,1.9701551249124447,0.013402636091674955,1,0.21198738170346984,-3.035170699267257
DOTUSDT,SHORT,1783308600,1783340100,0.8725,0.8817,0.8541000000000001,TP2,1.9620652173913042,0.01054441260744984,1,0.22376237623762188,-1.7610890857935977
AVAXUSDT,LONG,1783313100,1783315800,6.951,6.886285714285714,7.080428571428571,SL,-1.0429642384105962,0.00931006843825142,1,0.1111111111111111,2.365083404224049
HYPEUSDT,SHORT,1783382400,1783385100,70.591,71.31099999999999,69.151,SL,-1.0392172222222222,0.010199600515646456,1,0.16809815950920232,-1.8736358842994927
BILLUSDT,SHORT,1783383300,1783403100,0.04261,0.043538571428571426,0.040752857142857146,SL,-1.018355076923077,0.021792335803131363,1,0.06400000000000029,-1.863658509435823
LABUSDT,SHORT,1783383300,1783392300,13.876,14.693714285714286,12.240571428571428,SL,-1.0067877009084556,0.05893011571881565,1,0.3399999999999999,-1.4509954578581594
SEIUSDT,LONG,1783383300,1783387800,0.05118,0.050570000000000004,0.052399999999999995,SL,-1.033560655737705,0.01191871824931607,1,0.5590551181102367,1.7715456285761575
AVAXUSDT,SHORT,1783386000,1783395000,6.894,6.944571428571429,6.792857142857143,TP2,1.9454711864406782,0.007335571304239731,1,0.08305647840531405,-1.5427042882029889
HYPEUSDT,LONG,1783386000,1783389600,71.953,71.19714285714286,73.4647142857143,SL,-1.0380775656775656,0.010504873220812786,1,0.20429146177916868,2.4718180017721822
AAVEUSDT,SHORT,1783470600,1783500300,89.26,90.34714285714287,87.08571428571429,TP2,1.96715795006569,0.012179507698217108,1,0.44278606965174355,-2.522936368442095
AVAXUSDT,SHORT,1783474200,1783476000,6.628,6.678571428571429,6.526857142857143,TP2,1.947575141242938,0.007629968100698357,1,0.4344262295081955,-2.134146618692057
SOLUSDT,SHORT,1783474200,1783475100,80.03,80.63428571428571,78.82142857142858,TP2,1.9470250591016545,0.007550739901108444,1,0.3829787234042499,-2.4134020686830415
BILLUSDT,SHORT,1783476000,1783483200,0.03916,0.040214285714285716,0.037051428571428575,TP2,1.9851425474254676,0.026922515686560622,1,0.20467836257309868,-2.8901920519917055
ADAUSDT,SHORT,1783476900,1783499400,0.1715,0.1734,0.16770000000000004,TP2,1.9638947368421051,0.011078717201166115,1,0.3913043478260867,-2.9348051198262604
LABUSDT,SHORT,1783493100,1783523700,2.905,3.724285714285714,1.2664285714285715,TP2,1.9985816913687877,0.28202606343742315,1,0.4210992907801418,-1.7157872362564481
AVAXUSDT,SHORT,1783500300,1783506600,6.328,6.394571428571429,6.194857142857143,SL,-1.0380223175965664,0.010520137258443224,1,0.18495297805642358,-2.5672898030201
AAVEUSDT,SHORT,1783502100,1783511100,86.63,87.84142857142857,84.20714285714286,SL,-1.0286042452830189,0.013983938259593352,1,0.33081285444234454,-2.3379733629672246
XLMUSDT,SHORT,1783515600,1783530000,0.18134,0.1828442857142857,0.17833142857142859,SL,-1.0482195631528965,0.008295388299799889,1,0.48584371460928344,-2.04524482727819
BILLUSDT,SHORT,1783516500,1783528200,0.03618,0.03717714285714285,0.034185714285714285,SL,-1.0145134670487106,0.027560609650161865,1,0.1355599214145369,-2.322847951459524
HYPEUSDT,SHORT,1783524600,1783531800,66.814,67.74128571428571,64.95942857142856,SL,-1.0288213218302262,0.01387861397739573,1,0.2736541598694919,-2.2994166192883285
LABUSDT,SHORT,1783556100,1783560600,1.117,1.306857142857143,0.7372857142857143,SL,-1.0023533483822422,0.16997058447371788,1,0.11007462686567171,-2.6990873692719757
ADAUSDT,LONG,1783559700,1783561500,0.1679,0.16665714285714284,0.17038571428571428,SL,-1.0540367816091953,0.0074023653535267705,1,0.3061224489795877,2.683600688369013
AVAXUSDT,LONG,1783559700,1783565100,6.511,6.466142857142857,6.600714285714287,SL,-1.0580598726114645,0.0068894398490467286,1,0.35416666666666735,3.268944354615458
BTCUSDT,LONG,1783559700,1783561500,62382.2,62051.65714285714,63043.28571428571,SL,-1.0754906042008816,0.0052986726525011555,1,0.1188750862663864,1.9489589198906698
AAVEUSDT,SHORT,1783561500,1783574100,87.07,87.94142857142856,85.32714285714285,SL,-1.0399665573770491,0.010008367651643191,1,0.14732142857142816,-2.7916205743800653
SUIUSDT,SHORT,1783644300,1783647000,0.7131,0.7172571428571428,0.7047857142857143,SL,-1.0686144329896912,0.005829677264258628,1,0.34161490683230655,-2.659984994060634
LABUSDT,LONG,1783645200,1783649700,1.251,1.1228571428571428,1.5072857142857141,SL,-1.003905016722408,0.10243233984241178,1,0.37942664418212446,2.347248623045545
SEIUSDT,LONG,1783646100,1783671300,0.05038,0.04938,0.052379999999999996,SL,-1.020152,0.019849146486701028,1,0.4027303754266203,1.470519086868642
AAVEUSDT,LONG,1783647000,1783656900,91.94,91.05285714285715,93.71428571428571,TP2,1.958545571658631,0.009649150066813729,1,0.18556701030927827,2.555273960945627
HYPEUSDT,LONG,1783651500,1783680300,68.18,67.58214285714287,69.3757142857143,TP2,1.954383751493453,0.008768805263378456,1,0.41057692307693827,2.1812608236710966
BTCUSDT,LONG,1783658700,1783701900,64077.0,63672.299999999996,64886.4,EXPIRED,-0.4581932295527579,0.00631583875649611,1,0.5065323741007165,1.3122873734811114
BILLUSDT,SHORT,1783663200,1783674000,0.03751,0.03807714285714286,0.03637571428571429,SL,-1.0264554156171286,0.015119777583120643,1,0.1166666666666684,-2.322549035623263
ADAUSDT,SHORT,1783665000,1783673100,0.1661,0.16792857142857143,0.16244285714285714,SL,-1.0363343749999998,0.011008858690977926,1,0.10638297872340476,-1.9987149005933813
DOTUSDT,LONG,1783672200,1783676700,0.8592,0.8515571428571428,0.8744857142857143,TP2,1.955032523364486,0.008895317903697809,1,0.33636363636363603,3.2168782939155642
SEIUSDT,SHORT,1783728900,1783772100,0.04983,0.050134285714285715,0.04922142857142857,EXPIRED,0.6903643192488275,0.006106476305151822,1,0.33742331288343685,-1.9250541172023425
ZECUSDT,SHORT,1783729800,1783733400,495.41,499.9328571428572,486.36428571428576,SL,-1.0438138976626659,0.009129523309697313,1,0.4913353720693234,-1.9673057663505304
LINKUSDT,LONG,1783731600,1783774800,7.967,7.941142857142857,8.018714285714285,TP2,1.8767535911602546,0.0032455306711613834,1,0.4264705882352897,1.0944075260994814
BTCUSDT,LONG,1783733400,1783734300,64198.4,64003.328571428574,64588.54285714286,SL,-1.1316408055657274,0.0030385714997792396,1,0.39032409581962935,1.4525917682938703
XRPUSDT,LONG,1783733400,1783735200,1.1062,1.1023428571428573,1.1139142857142859,SL,-1.1147170370370365,0.003486840406023211,1,0.06508875739645514,2.1247832544368324
AVAXUSDT,SHORT,1783734300,1783774800,6.711,6.738285714285714,6.656428571428572,SL,-1.0983811518324613,0.004065819443557463,1,0.24489795918366514,-2.3042103198673143
SOLUSDT,SHORT,1783734300,1783748700,77.5,77.91285714285715,76.67428571428572,SL,-1.0750865051903111,0.005327188940092193,1,0.12643678160919408,-2.9802772838610774
BTCUSDT,SHORT,1783814400,1783820700,63780.2,64038.514285714286,63263.57142857143,SL,-1.0987637208273422,0.004050070174039675,1,0.5324969148498543,-2.709790788692206
HYPEUSDT,SHORT,1783814400,1783819800,66.749,67.31328571428571,65.62042857142856,SL,-1.047315746835443,0.008453845215444648,1,0.450723960765997,-2.734958387434649
LABUSDT,SHORT,1783814400,1783836900,0.57,0.6272857142857142,0.4554285714285714,TP2,1.9960199501246882,0.10050125313283209,1,0.509803921568628,-2.2760311996523694
BILLUSDT,LONG,1783821600,1783855800,0.04283,0.04133428571428571,0.04582142857142857,TP2,1.9885459407831854,0.0349221173409826,1,0.2926447574334904,3.2351508308559285
LINKUSDT,LONG,1783827900,1783835100,8.02,7.971285714285714,8.11742857142857,SL,-1.0658533724340173,0.006074100463127914,1,0.0657439446366783,1.961795500415931
AAVEUSDT,SHORT,1783900800,1783901700,96.84,97.81428571428572,94.89142857142858,SL,-1.039758357771261,0.010060777718770293,1,0.37888198757764285,-1.9689433296795968
AVAXUSDT,LONG,1783901700,1783903500,6.518,6.4598571428571425,6.6342857142857135,SL,-1.0448412776412777,0.00892035243063164,1,0.22344322344322348,2.569849719290481
BTCUSDT,LONG,1783901700,1783903500,64276.7,63951.514285714286,64927.07142857143,SL,-1.0790646048411896,0.005059153850239896,1,0.06217827147114886,1.447964235506838
DOTUSDT,LONG,1783901700,1783903500,0.8544,0.8466428571428571,0.8699142857142858,SL,-1.0440574585635358,0.009079052969502429,1,0.33142857142857374,2.572609607551271
NEARUSDT,LONG,1783988100,1784007000,1.93,1.9054285714285715,1.979142857142857,TP2,1.968581395348846,0.01273131014063656,1,0.29411764705882354,2.3942750675858093
AAVEUSDT,LONG,1783990800,1784033100,95.66,94.81,97.36,TP2,1.9549835294117814,0.008885636629730279,1,0.33529411764706263,2.7207710240082985
ETHUSDT,LONG,1783990800,1784033100,1785.23,1770.9142857142856,1813.8614285714286,TP2,1.9501183115457381,0.008018974745951124,1,0.22780648191639155,2.2548922845639416
BILLUSDT,SHORT,1783998000,1784002500,0.05451,0.05753,0.048470000000000006,SL,-1.0072198675496689,0.055402678407631585,1,0.31450381679389267,-3.8262679693233212
DOTUSDT,SHORT,1783998900,1784001600,0.8272,0.8343,0.813,SL,-1.0466028169014083,0.008583172147001966,1,0.10948905109488889,-1.8067250476137182
HYPEUSDT,SHORT,1783998900,1784006100,62.827,63.50042857142857,61.48014285714285,SL,-1.037317691981332,0.010718776504187264,1,0.13769751693002164,-2.855972166077152
ADAUSDT,LONG,1784073600,1784078100,0.1654,0.16387142857142856,0.16845714285714286,SL,-1.043282242990654,0.009241665227154987,1,0.2799999999999965,2.0039451889676414
AVAXUSDT,LONG,1784073600,1784076300,6.709,6.664,6.7989999999999995,SL,-1.0596355555555557,0.006707407959457435,1,0.1284403669724803,2.5337488061091276
LINKUSDT,LONG,1784073600,1784081700,8.341,8.294999999999998,8.433,SL,-1.0725304347826081,0.00551492626783364,1,0.25333333333333946,2.4559748437465543
BILLUSDT,SHORT,1784079000,1784098800,0.04005,0.04183857142857143,0.03647285714285715,TP2,1.9910431309904115,0.044658462635990735,1,0.1586206896551735,-2.9064218600907807
TAOUSDT,SHORT,1784079900,1784081700,199.0,200.71428571428572,195.57142857142858,TP2,1.9535666666666498,0.008614501076812614,1,0.38888888888888745,-1.610808705066401
TAOUSDT,LONG,1784160900,1784165400,200.3,198.74285714285716,203.41428571428574,SL,-1.0514532110091743,0.007774053205905432,1,0.46875000000000583,2.50846618059688
BTCUSDT,SHORT,1784161800,1784167200,64537.8,64781.4,64050.6,SL,-1.1059733990147775,0.003774532134655995,1,0.3939337377508179,-2.946682218627009
HYPEUSDT,SHORT,1784161800,1784205000,66.587,67.14871428571429,65.46357142857141,EXPIRED,1.2717590030518764,0.008435795060812053,1,0.0995986866107241,-2.4349807324977015
SOLUSDT,SHORT,1784162700,1784171700,76.69,77.17571428571428,75.71857142857144,SL,-1.063156470588236,0.006333476147011089,1,0.19819819819819728,-3.0984983818185787
BILLUSDT,SHORT,1784168100,1784185200,0.0316,0.03290285714285715,0.028994285714285715,TP2,1.9902982456140297,0.04122965641952988,1,0.4555984555984559,-2.937337756843163
SUIUSDT,LONG,1784171700,1784176200,0.7623,0.7558142857142858,0.7752714285714285,SL,-1.0470140969162998,0.00850808643016431,1,0.22796352583586757,2.0856352295984726
BILLUSDT,SHORT,1784246400,1784262600,0.02655,0.02738,0.024890000000000002,TP2,1.9872048192771041,0.03126177024482107,1,0.36000000000000026,-2.023417460285016
ZECUSDT,SHORT,1784246400,1784250000,523.73,532.5085714285715,506.17285714285714,SL,-1.0238640195280715,0.01676163563013659,1,0.5149685534591202,-2.4629419095519016
AVAXUSDT,SHORT,1784247300,1784259000,6.471,6.530142857142857,6.352714285714286,SL,-1.0437652173913046,0.009139678124379071,1,0.4676806083650166,-2.2915670850979457
HYPEUSDT,SHORT,1784252700,1784295900,60.383,61.59585714285714,57.957285714285725,EXPIRED,1.0568819316843416,0.02008606963643973,1,0.35908494280892694,-1.8127135861334096
BTCUSDT,SHORT,1784266200,1784295900,63178.2,63483.91428571428,62566.771428571425,TP2,1.9173369345794633,0.004838920477542661,1,0.3286737129219273,-2.0451135612694635
ETHUSDT,SHORT,1784266200,1784294100,1837.07,1850.6685714285713,1809.8728571428574,TP2,1.9459628532408697,0.007402315332878627,1,0.27928416485900576,-2.1982441837186855
BILLUSDT,LONG,1784286000,1784292300,0.0276,0.02610142857142857,0.030597142857142857,SL,-1.0073670162059103,0.05429606625258799,1,0.36214953271028055,2.3914343675378182
ETHUSDT,SHORT,1784295900,1784296800,1806.3,1819.5842857142857,1779.7314285714285,SL,-1.0543890740939885,0.007354418266226954,1,0.3700660544546461,-2.8040275313668315
ZECUSDT,LONG,1784296800,1784340000,540.1,530.9785714285714,558.3428571428572,EXPIRED,0.814999530148779,0.016888406908773544,1,0.22860071758073114,2.326077359193194
AAVEUSDT,LONG,1784297700,1784301300,91.48,90.58714285714287,93.2657142857143,SL,-1.04098304,0.009760134924105213,1,0.25257731958763113,2.963015976713339
SEIUSDT,LONG,1784297700,1784316600,0.04734,0.04684285714285714,0.04833428571428572,SL,-1.0380896551724137,0.01050153901864934,1,0.18604651162790703,1.7760923282424976
BILLUSDT,SHORT,1784299500,1784342700,0.0244,0.026191428571428574,0.020817142857142857,EXPIRED,1.2002934609250406,0.07341920374707261,1,0.14176245210727972,-1.6032873409378097
LABUSDT,SHORT,1784301300,1784344500,0.1812,0.19445714285714286,0.1546857142857143,EXPIRED,-0.2770189655172408,0.07316304005045726,1,0.12,-2.5586544714611823
ADAUSDT,LONG,1784304900,1784348100,0.1645,0.16144285714285714,0.17061428571428572,EXPIRED,0.9270747663551318,0.018584455058619196,1,0.307692307692309,2.1746613796674947
AAVEUSDT,SHORT,1784315700,1784322900,90.11,90.92285714285714,88.48428571428572,SL,-1.0443423550087874,0.00902072070643816,1,0.2422680412371131,-2.5980591340195573
TAOUSDT,LONG,1784333700,1784336400,194.9,193.72857142857143,197.24285714285716,SL,-1.066551219512195,0.0060104082679762645,1,0.4035087719298233,2.458454123935615
SEIUSDT,SHORT,1784337300,1784341800,0.04659,0.04686142857142857,0.046047142857142856,SL,-1.0686589473684212,0.005825897648177104,1,0.39344262295081883,-2.026785064718079
AVAXUSDT,LONG,1784338200,1784365200,6.615,6.575285714285714,6.694428571428572,SL,-1.0666258992805753,0.006003671309793788,1,0.3296703296703317,2.0911089298092187
SOLUSDT,LONG,1784341800,1784351700,75.27,75.00857142857141,75.79285714285714,SL,-1.1151672131147525,0.003473210727096788,1,0.29824561403508554,1.9823397325456937
HYPEUSDT,SHORT,1784343600,1784381400,59.494,60.021857142857144,58.43828571428572,TP2,1.9549165899864545,0.008872443319614431,1,0.25416488680051125,-1.9999877032408118
AAVEUSDT,SHORT,1784344500,1784354400,89.2,89.76142857142857,88.07714285714286,TP2,1.9364478371501523,0.0062940422805893535,1,0.29712460063897433,-1.9773292603965043
DOTUSDT,SHORT,1784351700,1784367000,0.8453,0.8494571428571429,0.8369857142857143,TP2,1.9186652920962197,0.004917949671291664,1,0.260663507109005,-2.174105551036268
ZECUSDT,SHORT,1784355300,1784376900,539.01,543.8271428571428,529.3757142857143,SL,-1.0447576512455516,0.008937019456304821,1,0.36769164140321015,-2.2736357200690382
LABUSDT,LONG,1784357100,1784362500,0.1866,0.1805,0.19879999999999998,TP2,1.9877639344262295,0.03269024651661307,1,0.18213058419244027,2.1793986484449173
XRPUSDT,SHORT,1784367900,1784374200,1.084,1.0880857142857143,1.0758285714285714,SL,-1.1061258741258735,0.003769109119662649,1,0.17647058823528713,-2.6180785435343843
LINKUSDT,LONG,1784370600,1784386800,8.266,8.235285714285714,8.327428571428571,TP2,1.8923497674418603,0.0037157374442639357,1,0.09876543209876502,1.767792475235123
BILLUSDT,LONG,1784373300,1784394900,0.02377,0.022904285714285714,0.02550142857142857,TP2,1.9890171617161716,0.03642045796021393,1,0.26511627906976615,2.1184163904527438
BTCUSDT,LONG,1784376000,1784376900,64038.5,63985.899999999994,64143.700000000004,TP2,1.513015209125362,0.0008213808880595688,1,0.1960953201263346,2.592651969798381
AVAXUSDT,SHORT,1784377800,1784379600,6.518,6.551428571428572,6.451142857142857,SL,-1.0779931623931625,0.005128654714417218,1,0.5822784810126634,-1.3854764295860742
DOTUSDT,SHORT,1784377800,1784379600,0.8343,0.8382285714285714,0.8264428571428573,SL,-1.0849469090909096,0.0047088234790499915,1,0.4259259259259262,-1.411350777776974
ADAUSDT,SHORT,1784380500,1784399400,0.1647,0.1657857142857143,0.16252857142857147,SL,-1.0606789473684215,0.0065920721658426044,1,0.26470588235294273,-2.2969033385995425
ETHUSDT,SHORT,1784380500,1784385000,1838.3,1844.0728571428572,1826.7542857142857,SL,-1.1273754021281865,0.0031403237463184038,1,0.25634782608696266,-3.1046085049653454
XLMUSDT,LONG,1784385000,1784428200,0.18653,0.1848742857142857,0.18984142857142858,EXPIRED,0.4622705780845594,0.008876396749661116,1,0.3641755634638175,2.437694654378685
TAOUSDT,LONG,1784387700,1784409300,193.7,192.4,196.29999999999998,TP2,1.9404000000000214,0.006711409395973109,1,0.08196721311475455,1.7296568177480827
AAVEUSDT,LONG,1784396700,1784422800,89.06,88.39285714285715,90.39428571428572,TP2,1.9466021413276442,0.007490937088960873,1,0.41463414634146767,1.4799955968887202
HYPEUSDT,LONG,1784412900,1784450700,60.307,59.838,61.245000000000005,TP2,1.948565458422175,0.007776874989636397,1,0.4086715867158713,2.0880936714870564
DOTUSDT,SHORT,1784421900,1784427300,0.8328,0.8372857142857143,0.8238285714285715,SL,-1.0742624203821656,0.0053863043776588414,1,0.10091743119265943,-2.2031958520296913
BILLUSDT,LONG,1784425500,1784431800,0.02674,0.02568,0.02886,SL,-1.010090566037736,0.039640987284966345,1,0.5344827586206894,1.8761647291922112
NEARUSDT,SHORT,1784425500,1784427300,1.915,1.9267142857142858,1.8915714285714285,SL,-1.0653902439024387,0.006117120477433816,1,0.2615384615384603,-2.7020407026253324
SEIUSDT,SHORT,1784426400,1784427300,0.04657,0.04678857142857143,0.04613285714285714,SL,-1.08522614379085,0.004693395502929527,1,0.33980582524271585,-2.9791749537195695
AAVEUSDT,LONG,1784506500,1784509200,90.1,89.39999999999999,91.49999999999999,SL,-1.0514857142857144,0.007769145394006646,1,0.4531249999999983,3.614440778630127
ADAUSDT,LONG,1784506500,1784509200,0.1677,0.16597142857142858,0.17115714285714284,SL,-1.0388066115702481,0.010307521935428866,1,0.28395061728395127,3.178571428571399
AVAXUSDT,LONG,1784506500,1784509200,6.517,6.458142857142858,6.634714285714287,SL,-1.0442902912621357,0.009031324667353551,1,0.3857677902621742,3.0095373871473874
HYPEUSDT,SHORT,1784509200,1784548800,60.696,61.30885714285714,59.470285714285716,SL,-1.039615104895105,0.010097158673671128,1,0.13213572854291564,-2.2986714281913527
XLMUSDT,SHORT,1784509200,1784552400,0.18704,0.18964714285714288,0.18182571428571428,EXPIRED,-0.304860931506848,0.01393895881705977,1,0.32240437158470003,-1.587744812393471
BILLUSDT,SHORT,1784592900,1784600100,0.02366,0.024105714285714286,0.022768571428571426,SL,-1.0212333333333332,0.018838304552590314,1,0.3562231759656663,-1.896879650278083
LABUSDT,SHORT,1784592900,1784636100,0.1332,0.14142857142857143,0.11674285714285716,EXPIRED,0.3824138888888904,0.06177606177606176,1,0.6415094339622638,-3.563265334670525
AAVEUSDT,LONG,1784593800,1784596500,90.05,89.55857142857143,91.03285714285714,TP2,1.9267034883720926,0.0054572856349646755,1,0.22424242424241955,2.4467030954569893
NEARUSDT,LONG,1784593800,1784607300,1.993,1.9738571428571432,2.031285714285714,TP2,1.9583552238806083,0.009605046233244856,1,0.34939759036144946,2.6342824918387477
SEIUSDT,LONG,1784593800,1784613600,0.0467,0.04637714285714286,0.047345714285714276,TP2,1.9421415929203534,0.006913429183236394,1,0.392857142857148,1.468519499620875
XLMUSDT,SHORT,1784598300,1784607300,0.18747,0.18869142857142857,0.18502714285714286,SL,-1.0613936842105267,0.006515328166792361,1,0.16993464052287988,-2.1226763551230654
TAOUSDT,SHORT,1784601000,1784603700,193.1,194.6142857142857,190.07142857142858,SL,-1.0510075471698115,0.007841976769993316,1,0.32432432432432484,-2.520536526961545
DOTUSDT,LONG,1784602800,1784611800,0.832,0.8262285714285713,0.8435428571428571,TP2,1.9423366336633474,0.006936813186813243,1,0.27090301003344436,1.8488344316405472
HYPEUSDT,LONG,1784610000,1784639700,62.854,62.44714285714286,63.66771428571428,SL,-1.0617946629213484,0.006473050925273518,1,0.28032619775739254,1.995997515899315
TAOUSDT,LONG,1784612700,1784621700,196.4,195.0,199.20000000000002,TP2,1.9438857142857144,0.007128309572301455,1,0.19444444444444478,2.3059002525500256
DOTUSDT,LONG,1784614500,1784657700,0.8566,0.8479428571428571,0.8739142857142859,EXPIRED,-0.4207669966996764,0.010106400720456342,1,0.6545454545454534,2.8687190694766596
XLMUSDT,LONG,1784623500,1784626200,0.19302,0.1915042857142857,0.19605142857142857,SL,-1.0509383600377005,0.007852628151042809,1,0.7619834710743877,2.14730473347769
ZECUSDT,SHORT,1784624400,1784642400,541.58,548.6885714285714,527.3628571428571,SL,-1.0304747588424437,0.013125616582169658,1,0.189823874755379,-2.7349644021626327
BTCUSDT,LONG,1784628900,1784643300,66325.8,66049.14285714286,66879.11428571428,TP2,1.9041039760404304,0.004171184408739006,1,0.625225225225225,1.3052418728633066
NEARUSDT,SHORT,1784637000,1784648700,1.983,2.0027142857142857,1.943571428571429,TP2,1.959765217391304,0.009941646855413804,1,0.46341463414634254,-1.9114303092463953
HYPEUSDT,SHORT,1784641500,1784655000,62.249,62.75457142857143,61.237857142857145,TP2,1.95074959027974,0.008121759844679076,1,0.329113924050632,-2.5938998659325905
XRPUSDT,LONG,1784643300,1784656800,1.1466,1.1393571428571427,1.1610857142857147,TP2,1.9366769230769245,0.006316812439261552,1,0.4131736526946106,2.32045373140125
AVAXUSDT,SHORT,1784644200,1784675700,6.605,6.643714285714286,6.52757142857143,TP2,1.9317564575645523,0.005861360441224139,1,0.2972972972972978,-2.2324412764168833
BILLUSDT,LONG,1784644200,1784650500,0.02455,0.024008571428571428,0.02563285714285714,TP2,1.981862796833773,0.022054116962467257,1,0.1935483870967728,2.7773167119981794
NEARUSDT,SHORT,1784651400,1784694600,1.936,1.9597142857142857,1.8885714285714283,EXPIRED,0.5998746987951744,0.012249114521841822,1,0.5221238938053112,-2.2266771883445635
HYPEUSDT,SHORT,1784655900,1784682000,60.368,61.193428571428576,58.71714285714285,SL,-1.02925413637937,0.013673280072697013,1,0.5228116131848969,-2.6087574039020858
LABUSDT,LONG,1784661300,1784663100,0.1411,0.13504285714285713,0.15321428571428572,TP2,1.9906820754716934,0.04292801457932573,1,0.4393939393939397,2.94842831693436
TAOUSDT,LONG,1784676600,1784699100,199.9,198.68571428571428,202.32857142857145,SL,-1.0658494117647057,0.006074465804330758,1,0.20833333333333284,2.3798564692349493
BTCUSDT,LONG,1784678400,1784683800,66519.8,66331.32857142857,66896.74285714286,SL,-1.1411774729022979,0.002833313217589754,1,0.2697347049269063,2.39306441525699
ETHUSDT,LONG,1784678400,1784698200,1929.2,1921.3728571428571,1944.8542857142857,SL,-1.0985902536959304,0.004057196173099118,1,0.3087287639132942,2.921662458108138
ADAUSDT,LONG,1784684700,1784698200,0.1741,0.173,0.17630000000000004,SL,-1.0633090909090899,0.006318207926479136,1,0.19148936170212866,2.0640655129279604
HYPEUSDT,SHORT,1784690100,1784697300,60.409,60.88657142857143,59.453857142857146,TP2,1.9494031708046515,0.007905633739532653,1,0.2278037383177569,-2.670001728004953
SEIUSDT,SHORT,1784690100,1784701800,0.04644,0.04678142857142857,0.04575714285714286,TP2,1.9455933054393508,0.007352036421803852,1,0.19047619047619416,-2.2940641103522075
XLMUSDT,SHORT,1784697300,1784738700,0.19054,0.19204857142857143,0.18752285714285713,SL,-1.0505219696969696,0.007917347688524356,1,0.3971830985915504,-1.9109501894857535
AVAXUSDT,SHORT,1784698200,1784727900,6.493,6.542857142857144,6.393285714285715,SL,-1.0520928366762177,0.0076785989307166,1,0.32098765432098897,-3.0708994788700044
BTCUSDT,LONG,1784765700,1784770200,66161.6,65928.57142857143,66627.65714285713,SL,-1.113568219715549,0.003522112092642361,1,0.2594331420622583,2.4058443294378464
SOLUSDT,LONG,1784765700,1784772900,78.26,77.75285714285715,79.27428571428571,SL,-1.061726197183099,0.006480230732722395,1,0.2418772563176905,2.3883169558500557
ADAUSDT,LONG,1784766600,1784773800,0.1759,0.17381428571428573,0.18007142857142858,SL,-1.0337342465753425,0.01185738650207096,1,0.15294117647059086,2.0535862974732977
LABUSDT,SHORT,1784769300,1784775600,0.1477,0.15444285714285713,0.1342142857142857,SL,-1.0087618644067797,0.045652384176419404,1,0.2049689440993797,-2.738029214703021
BTCUSDT,SHORT,1784771100,1784810700,65756.4,66050.27142857142,65168.65714285715,TP2,1.9104963686743457,0.004469092416425218,1,0.08964795183876559,-2.127784815925542
HYPEUSDT,SHORT,1784772900,1784780100,58.604,59.22014285714286,57.37171428571428,SL,-1.0380457222351032,0.01051366557134084,1,0.22280630812777993,-2.551760017369057
AAVEUSDT,SHORT,1784851200,1784856600,94.9,95.53571428571429,93.62857142857143,SL,-1.0597123595505618,0.006698780671383415,1,0.13567839195979636,-2.7402835529868863
ADAUSDT,SHORT,1784852100,1784895300,0.1676,0.16881428571428572,0.16517142857142858,EXPIRED,1.097731764705884,0.007245141493351523,1,0.2812499999999999,-2.285721996039328
SUIUSDT,SHORT,1784852100,1784862900,0.7411,0.7454285714285714,0.7324428571428572,SL,-1.0684844884488451,0.005840738670316302,1,0.2000000000000037,-2.869447841887925
NEARUSDT,LONG,1784855700,1784862000,1.899,1.8842857142857143,1.9284285714285714,SL,-1.0516233009708738,0.007748439028059879,1,0.1929824561403547,2.9934355893059177
BTCUSDT,LONG,1784862900,1784885400,65279.9,64964.514285714286,65910.67142857143,SL,-1.0827937310322961,0.004831283661367647,1,0.14864172219374605,1.9342220149011027
AAVEUSDT,SHORT,1784938500,1784966400,92.19,92.87285714285713,90.82428571428572,TP2,1.9459974895397694,0.007407063053011574,1,0.5270270270270415,-2.243820951795724
SEIUSDT,SHORT,1784938500,1784971800,0.04374,0.044032857142857144,0.043154285714285714,SL,-1.05974243902439,0.006695407929975864,1,0.45714285714285885,-3.150399635317956
TAOUSDT,LONG,1784939400,1784959200,191.7,190.6,193.9,SL,-1.0697090909090907,0.005738132498695893,1,0.2941176470588255,2.474799384222681
BTCUSDT,SHORT,1784940300,1784955600,64074.9,64164.44285714286,63895.81428571429,SL,-1.286231206126358,0.0013974716643000069,1,0.3389214864487289,-2.3042965833553
DOTUSDT,LONG,1784950200,1784986200,0.8114,0.8072142857142857,0.8197714285714286,TP2,1.9224600682593596,0.005158632346209392,1,0.4404761904761931,2.458167680278856
ADAUSDT,SHORT,1784957400,1784962800,0.163,0.16377142857142857,0.16145714285714288,TP2,1.915481481481481,0.00473269062226114,1,0.40740740740741505,-2.9733858902905226
NEARUSDT,SHORT,1784964600,1784987100,1.785,1.7987142857142857,1.7575714285714286,SL,-1.0520625,0.007683073229291723,1,0.23809523809523775,-2.2844650249630485
SOLUSDT,SHORT,1784967300,1784972700,73.69,73.98285714285714,73.10428571428571,SL,-1.1006497560975612,0.003974177539111717,1,0.38095238095239115,-1.800761919584474
LABUSDT,SHORT,1784981700,1784985300,0.1457,0.1493142857142857,0.13847142857142858,SL,-1.0161249011857707,0.024806353564074873,1,0.5275590551181127,-2.836107408360492
LINKUSDT,LONG,1784983500,1784984400,8.328,8.30742857142857,8.369142857142856,TP2,1.8380666666665824,0.00247015232606014,1,0.32743362831856654,2.061675015602533
BTCUSDT,LONG,1784984400,1785001500,64081.9,63992.58571428571,64260.52857142857,TP2,1.713004926423465,0.0013937521470850011,1,0.27606433301798194,1.5125564584553688
ADAUSDT,LONG,1784985300,1784996100,0.1635,0.16264285714285714,0.16521428571428573,TP2,1.9237000000000004,0.005242463958060317,1,0.3999999999999917,2.433005728619212
AVAXUSDT,LONG,1784987100,1784988900,6.414,6.365571428571428,6.510857142857142,TP2,1.9470230088495388,0.007550447681411149,1,0.781659388646286,3.6119029352407868
BILLUSDT,SHORT,1784992500,1785035700,0.02705,0.027732857142857146,0.025684285714285715,EXPIRED,1.1703472803347272,0.025244256667546885,1,0.32203389830508516,-1.9185022822349918
HYPEUSDT,LONG,1784992500,1785035700,57.847,57.43228571428572,58.67642857142857,EXPIRED,1.8322522907337413,0.00716915804992972,1,0.12565695174390884,2.4314572241597867
AVAXUSDT,LONG,1784997900,1785041100,6.691,6.546571428571429,6.979857142857142,EXPIRED,0.5076807121661783,0.021585498644234206,1,0.5964653902798257,1.6540641093914585
SEIUSDT,LONG,1785002400,1785036600,0.04443,0.044192857142857145,0.04490428571428571,TP2,1.92505783132533,0.0053374489566251505,1,0.24675324675324464,2.5560481547921174
AAVEUSDT,SHORT,1785013200,1785019500,91.36,91.81714285714285,90.44571428571429,SL,-1.07994,0.005003752814610963,1,0.2133891213389117,-1.948238242217723
XLMUSDT,SHORT,1785014100,1785016800,0.17792,0.1785557142857143,0.17664857142857143,SL,-1.1119496629213488,0.003573034429599163,1,0.07728337236533994,-2.5215234639891824
XLMUSDT,SHORT,1785032100,1785040200,0.17703,0.17793714285714285,0.1752157142857143,SL,-1.0780604724409457,0.005124232373851034,1,0.2316715542521953,-2.9734274778528964
TAOUSDT,LONG,1785036600,1785038400,192.8,191.94285714285715,194.51428571428576,TP2,1.9100266666667012,0.004445761707172559,1,0.33333333333331927,3.073504281992866
BILLUSDT,SHORT,1785037500,1785080700,0.02576,0.02633571428571429,0.02460857142857143,EXPIRED,0.05158114143920899,0.02234915705412601,1,0.3435114503816799,-2.389880850087017
SUIUSDT,LONG,1785038400,1785049200,0.7173,0.7143142857142858,0.7232714285714287,TP2,1.9039023923445355,0.0041624345262990465,1,0.3636363636363545,2.8314543023964958
DOTUSDT,LONG,1785040200,1785060900,0.822,0.8179142857142856,0.8301714285714286,TP2,1.919524475524449,0.004970455335418871,1,0.38536585365853065,2.194948125584942
ADAUSDT,LONG,1785042900,1785046500,0.1658,0.16491428571428574,0.16757142857142857,SL,-1.0748774193548392,0.005342064449422674,1,0.15789473684210373,2.245365597551255
LABUSDT,SHORT,1785045600,1785057300,0.1463,0.1496714285714286,0.13955714285714285,SL,-1.017357627118644,0.02304462454838398,1,0.6911764705882361,-1.6996542330626996
XRPUSDT,SHORT,1785047400,1785049200,1.0954,1.099457142857143,1.0872857142857142,SL,-1.1079971830985909,0.0037038003077806154,1,0.21348314606741406,-2.5390092511220406
AAVEUSDT,LONG,1785048300,1785061800,93.62,92.82000000000001,95.22000000000001,TP2,1.9531900000000177,0.008545182653279228,1,0.45337620578778076,3.9694620500141133
SUIUSDT,LONG,1785050100,1785053700,0.7241,0.7183428571428572,0.7356142857142857,SL,-1.050309677419355,0.00795075660425748,1,0.4196078431372509,1.9216897989478483
AAVEUSDT,LONG,1785110400,1785122100,101.42,99.77,104.72000000000001,SL,-1.0245866666666665,0.016268980477223482,1,0.6892950391644888,1.7052393231914904
NEARUSDT,LONG,1785110400,1785153600,1.837,1.8191428571428572,1.8727142857142858,EXPIRED,-0.6011488000000025,0.009720818104051636,1,0.7101449275362268,2.1640546293057237
LABUSDT,SHORT,1785115800,1785117600,0.1523,0.15521428571428572,0.14647142857142856,SL,-1.0209039215686275,0.019135165556702027,1,0.46788990825687926,-2.3063520060897362
TAOUSDT,LONG,1785121200,1785123900,200.6,199.05714285714285,203.68571428571428,SL,-1.0520074074074073,0.007691212078051588,1,0.3030303030303046,2.677390279865444
BILLUSDT,SHORT,1785196800,1785212100,0.02261,0.02315,0.02153,SL,-1.0167481481481482,0.02388323750552854,1,0.6392156862745104,-1.5623769673574976
SOLUSDT,SHORT,1785200400,1785243600,73.66,74.41571428571429,72.14857142857143,EXPIRED,0.38445217391303177,0.010259493425390804,1,0.6010928961748624,-1.4275648628492752
XRPUSDT,SHORT,1785200400,1785243600,1.0583,1.0678142857142858,1.0392714285714286,EXPIRED,0.4600114114113976,0.008990159420094249,1,0.7704918032786916,-1.444083464842329
NEARUSDT,SHORT,1785217500,1785222000,1.662,1.6728571428571428,1.6402857142857141,SL,-1.0612315789473683,0.006532576929688849,1,0.41176470588235026,-2.748146709233908
AAVEUSDT,SHORT,1785230100,1785242700,96.69,97.6,94.86999999999999,SL,-1.0425010989010988,0.009411521356913876,1,0.2407809110629096,-2.593984971559581
BILLUSDT,LONG,1785233700,1785249000,0.02368,0.02321142857142857,0.024617142857142855,SL,-1.0202146341463414,0.01978764478764478,1,0.153061224489795,2.539036940417985
LINKUSDT,LONG,1785284100,1785289500,8.473,8.413714285714287,8.59157142857143,SL,-1.0571672289156624,0.006997015730640229,1,0.45255474452554734,2.522450383103154
SEIUSDT,LONG,1785284100,1785287700,0.04333,0.04302285714285714,0.043944285714285714,SL,-1.0564297674418606,0.0070884573538623815,1,0.15428571428571441,1.4479017085362833
XLMUSDT,LONG,1785284100,1785290400,0.17496,0.17358285714285715,0.1777142857142857,SL,-1.0508182572614109,0.007871186883532548,1,0.3779761904761914,2.2151717225007004
BILLUSDT,SHORT,1785287700,1785289500,0.02352,0.023861428571428568,0.022837142857142858,SL,-1.0275548117154814,0.01451652089407187,1,0.3629629629629616,-1.677123650420913
DOTUSDT,SHORT,1785289500,1785293100,0.7574,0.7630857142857143,0.7460285714285714,SL,-1.0532844221105528,0.007506884454336254,1,0.23131672597864883,-1.8088325040378475
BILLUSDT,LONG,1785370500,1785387600,0.02371,0.023292857142857143,0.024544285714285713,SL,-1.022735616438356,0.017593541001385788,1,0.36507936507936367,2.276691028715689
AAVEUSDT,SHORT,1785372300,1785375900,94.26,95.54,91.7,SL,-1.02945625,0.013579461065138989,1,0.36436170212766167,-2.446999465615852
ADAUSDT,LONG,1785375900,1785383100,0.1641,0.1624,0.1675,SL,-1.0386117647058823,0.010359536867763579,1,0.3809523809523799,2.526136030417988
AVAXUSDT,LONG,1785375900,1785388500,6.464,6.419142857142857,6.553714285714286,SL,-1.0576407643312098,0.006939533239038229,1,0.539823008849561,2.169252239716029
HYPEUSDT,SHORT,1785385800,1785424500,53.71,54.179,52.772,SL,-1.0458081023454155,0.008732079687209127,1,0.1419833988641322,-2.2459779761889975
AVAXUSDT,SHORT,1785456000,1785460500,6.43,6.4634285714285715,6.363142857142856,SL,-1.0769401709401705,0.0051988447011775555,1,0.22058823529412216,-2.6163344139492586
DOTUSDT,SHORT,1785456000,1785460500,0.7681,0.7725571428571429,0.7591857142857142,SL,-1.0689320512820506,0.005802815853590554,1,0.3146067415730358,-2.1935737216925424
SUIUSDT,SHORT,1785456000,1785460500,0.6916,0.6961428571428572,0.6825142857142857,SL,-1.0608955974842766,0.006568619350574248,1,0.5287356321839148,-2.2093151402414817
LABUSDT,LONG,1785458700,1785471300,0.1516,0.14915714285714288,0.1564857142857143,SL,-1.0248233918128655,0.016113833396155297,1,0.3692307692307696,2.723166044112754
AAVEUSDT,LONG,1785460500,1785464100,100.28,99.42285714285714,101.99428571428571,SL,-1.0467973333333334,0.008547495583793929,1,0.29230769230769704,2.896918460916869
BTCUSDT,LONG,1785460500,1785462300,65166.5,64809.614285714284,65880.27142857143,SL,-1.0730390681290523,0.005476521131036913,1,0.25525257040679156,3.138340278563521
LABUSDT,LONG,1785545100,1785548700,0.151,0.14822857142857143,0.15654285714285712,TP2,1.9782061855670103,0.018353831598864685,1,0.44117647058823384,2.028533312554919
AAVEUSDT,SHORT,1785546000,1785547800,91.59,92.91142857142857,88.94714285714286,SL,-1.0277245405405406,0.014427651178388158,1,0.5244922341696542,-2.5627550309818914
BILLUSDT,LONG,1785546000,1785547800,0.02416,0.023881428571428574,0.024717142857142854,SL,-1.0346912820512821,0.011530274361400129,1,0.19379844961240336,2.701917387436932
NEARUSDT,LONG,1785549600,1785554100,1.682,1.6675714285714285,1.7108571428571429,SL,-1.046629702970297,0.008578223203669137,1,0.06849315068493009,2.1861717377016783
TAOUSDT,LONG,1785549600,1785557700,195.6,194.4,198.0,TP2,1.9348000000000236,0.006134969325153379,1,0.3749999999999978,2.3999361767580423
ADAUSDT,LONG,1785550500,1785573900,0.1703,0.16897142857142858,0.1729571428571429,TP2,1.9487268817204513,0.007801358946397163,1,0.24242424242424115,2.761620167485813
HYPEUSDT,SHORT,1785554100,1785564000,52.216,52.566857142857145,51.51428571428571,TP2,1.940470358306189,0.006719341635842334,1,0.26163522012578827,-2.7655290291923436
LABUSDT,LONG,1785555900,1785561300,0.1676,0.16095714285714285,0.1808857142857143,SL,-1.0100920430107527,0.03963518581657005,1,0.70731707317073,2.839041391360778
AVAXUSDT,LONG,1785559500,1785564000,6.43,6.4038571428571425,6.482285714285713,SL,-1.0983825136612033,0.004065763163741348,1,0.34751773049644585,2.1080041435167187
AAVEUSDT,SHORT,1785563100,1785595500,91.04,91.96714285714286,89.1857142857143,SL,-1.0392776579352851,0.010183906603063009,1,0.11157024793388519,-2.3601585480604905
BILLUSDT,SHORT,1785563100,1785582000,0.02371,0.02398428571428571,0.02316142857142857,SL,-1.0345770833333334,0.011568355726938592,1,0.2804878048780484,-1.829701465963079
LINKUSDT,SHORT,1785564900,1785576600,8.172,8.206000000000001,8.104000000000001,TP2,1.90385882352936,0.004160548213411672,1,0.09000000000000373,-2.473455287641904
NEARUSDT,SHORT,1785577500,1785583800,1.647,1.6592857142857143,1.6224285714285713,SL,-1.1117627906976706,0.007459450082400909,1,0.5510204081632618,-2.164500949998936
DOTUSDT,LONG,1785586500,1785596400,0.7684,0.764,0.7772,TP2,1.9301454545454797,0.0057261842790213326,1,0.35106382978723216,2.7122922895627264
ADAUSDT,LONG,1785589200,1785600000,0.1743,0.17247142857142858,0.17795714285714284,SL,-1.038128125,0.010490943365297885,1,0.32558139534883385,2.9649330699924716
TAOUSDT,SHORT,1785591000,1785609900,192.8,194.14285714285717,190.11428571428573,TP2,1.9425702127659366,0.006965026674570268,1,0.4117647058823446,-2.8228652292386713
NEARUSDT,LONG,1785595500,1785598200,1.675,1.663,1.6989999999999998,SL,-1.0558333333333336,0.00716417910447758,1,0.46666666666666323,1.7800079546835332
DOTUSDT,LONG,1785629700,1785634200,0.7829,0.7776571428571429,0.7933857142857144,TP2,1.9402692098092857,0.006696713683557481,1,0.5365853658536518,1.546936744180473
HYPEUSDT,LONG,1785629700,1785639600,52.408,52.114285714285714,52.995428571428576,TP2,1.9286272373540858,0.0056043788298406035,1,0.2352092352092327,2.796695797552144
NEARUSDT,LONG,1785632400,1785644100,1.693,1.6801428571428572,1.7187142857142856,TP2,1.9473288888888713,0.007594295840013469,1,0.587301587301586,2.688817453924604
LINKUSDT,LONG,1785635100,1785636900,8.157,8.120285714285714,8.23042857142857,TP2,1.9111299610894443,0.004500954482565301,1,0.6071428571428628,2.5603084971875916
AAVEUSDT,LONG,1785637800,1785660300,92.33,91.53857142857143,93.91285714285715,SL,-1.0466649819494585,0.008571738020454592,1,0.6000000000000016,2.881959454026264
XRPUSDT,LONG,1785642300,1785685500,1.0776,1.0717714285714284,1.0892571428571427,EXPIRED,0.42359607843138675,0.005408845052497637,1,0.6363636363636394,1.7235876307104099
ADAUSDT,LONG,1785645000,1785675600,0.1834,0.1798857142857143,0.19042857142857142,TP2,1.9791252032520246,0.019161863218569858,1,0.6388888888888901,2.052194278879462
HYPEUSDT,SHORT,1785657600,1785666600,51.93,52.282714285714285,51.22457142857144,TP2,1.9411081409477313,0.00679211025831469,1,0.8018166804293918,-2.0725663013734836
BILLUSDT,LONG,1785662100,1785667500,0.02543,0.024854285714285714,0.026581428571428575,SL,-1.0176684863523573,0.02263917757429361,1,0.3382352941176477,2.8513888105843863
TAOUSDT,SHORT,1785666600,1785696300,192.4,193.42857142857144,190.34285714285716,SL,-1.0748222222222223,0.005346005346005337,1,0.5510204081632656,-1.9857005239982861
ETHUSDT,SHORT,1785671100,1785689100,1855.55,1864.5557142857142,1837.5385714285712,SL,-1.0824165609137053,0.00485339348749121,1,0.6209112149532706,-2.7201292741991923
BTCUSDT,SHORT,1785672000,1785689100,62998.4,63210.65714285715,62573.885714285716,SL,-1.118720904563198,0.003369246565899186,1,0.5111849390919101,-1.6808634703622831
ADAUSDT,LONG,1785676500,1785679200,0.1908,0.18764285714285714,0.1971142857142857,SL,-1.0241737556561086,0.016546870320455192,1,0.3617021276595711,2.3015960467057446
LABUSDT,LONG,1785684600,1785715200,0.1394,0.1373142857142857,0.14357142857142857,SL,-1.0267342465753424,0.014962082393933243,1,0.32653061224490054,3.2024699769847187
HYPEUSDT,LONG,1785689100,1785732300,52.32,51.87414285714286,53.21171428571428,EXPIRED,0.5092931752643322,0.008521734381826072,1,0.4749763928234195,3.790983912622863
AAVEUSDT,LONG,1785691800,1785708000,92.37,91.75285714285714,93.60428571428572,TP2,1.9401305555555328,0.00668120447269525,1,0.27513227513227706,1.4582515576080757
AAVEUSDT,SHORT,1785716100,1785751200,91.69,92.5,90.07000000000001,SL,-1.0452790123456792,0.00883411495255751,1,0.3029315960912081,-2.3442157015998326
AVAXUSDT,SHORT,1785716100,1785727800,6.523,6.582714285714285,6.403571428571429,TP2,1.9563052631578794,0.009154420621536905,1,0.23571428571428735,-2.0776925039736716
SUIUSDT,SHORT,1785716100,1785745800,0.6871,0.6912571428571429,0.6787857142857143,TP2,1.933887285223368,0.0060502734058257525,1,0.21893491124259593,-2.068042135020197
BTCUSDT,SHORT,1785728700,1785742200,63034.6,63278.34285714286,62547.114285714284,TP2,1.8965555737896787,0.0038668105634501967,1,0.30555078192129603,-1.3965056775155242
HYPEUSDT,LONG,1785736800,1785739500,52.81,52.31442857142858,53.80114285714286,SL,-1.0426255405015856,0.009384045229529004,1,0.18974782968168596,2.5542260040464964
LABUSDT,SHORT,1785743100,1785770100,0.1337,0.1359142857142857,0.1292714285714286,SL,-1.0241522580645162,0.01656159846137403,1,0.3928571428571431,-1.786940401427996
HYPEUSDT,LONG,1785750300,1785768300,52.858,52.294999999999995,53.984,TP2,1.9624454706927177,0.010651178629535765,1,0.18210659898477172,1.9956889386934633
DOTUSDT,LONG,1785751200,1785763800,0.8041,0.7973,0.8177,TP2,1.9526999999999834,0.008456659619450293,1,0.36438356164383634,3.025391931655399
SEIUSDT,LONG,1785751200,1785754800,0.04132,0.041080000000000005,0.041800000000000004,SL,-1.0688666666666669,0.0058083252662148865,1,0.09375000000000186,1.9515824709051819
ZECUSDT,LONG,1785757500,1785765600,483.0,477.59999999999997,493.8,TP2,1.9642222222222119,0.011180124223602506,1,0.4242928452578986,2.2161996477475534
BILLUSDT,SHORT,1785761100,1785768300,0.02244,0.022742857142857145,0.021834285714285716,SL,-1.0296377358490567,0.013496307613954652,1,0.28671328671328805,-2.8331562190322606
ADAUSDT,LONG,1785764700,1785807900,0.1913,0.18812857142857142,0.19764285714285718,EXPIRED,0.3227189189189154,0.016578298857441626,1,0.5873015873015878,2.1945242845418567
NEARUSDT,LONG,1785766500,1785809700,1.739,1.7205714285714286,1.775857142857143,EXPIRED,0.9389984496123902,0.01059722336318081,1,0.22222222222222057,2.3581578419990477
AAVEUSDT,LONG,1785769200,1785775500,93.75,92.67428571428572,95.90142857142857,SL,-1.0348605577689243,0.011474285714285716,1,0.38118811881188214,2.914969540162912
BILLUSDT,LONG,1785801600,1785804300,0.02325,0.02302,0.02371,SL,-1.0404347826086957,0.00989247311827955,1,0.44578313253011487,1.9448033882826279
LINKUSDT,SHORT,1785803400,1785807900,8.142,8.18142857142857,8.063142857142857,SL,-1.0826000000000007,0.004842615012106503,1,0.5431472081218205,-2.0608933822622952
XLMUSDT,SHORT,1785803400,1785817800,0.17079,0.17159142857142856,0.16918714285714287,SL,-1.085242780748664,0.004692479486085626,1,0.37368421052631723,-1.5905627928568122
XRPUSDT,SHORT,1785804300,1785807900,1.0711,1.076142857142857,1.0610142857142857,SL,-1.0849597733711052,0.004708110487216065,1,0.35000000000000464,-1.7843285896934453
AVAXUSDT,LONG,1785806100,1785807900,6.619,6.572285714285714,6.71242857142857,TP2,1.9433235474005923,0.007057604730969248,1,0.2947976878612755,3.0056613127366085
DOTUSDT,LONG,1785808800,1785833100,0.8366,0.8299285714285715,0.8499428571428572,SL,-1.0501601713062096,0.007974454424370784,1,0.4780058651026385,2.835856045368678
SUIUSDT,LONG,1785808800,1785825900,0.6956,0.6915714285714285,0.7036571428571429,SL,-1.0690666666666662,0.005791505791505837,1,0.05999999999999922,2.1008399452061246
NEARUSDT,LONG,1785811500,1785826800,1.763,1.7482857142857142,1.7924285714285713,SL,-1.047926213592233,0.008346163195851226,1,0.1688311688311686,2.0680102204895774
BILLUSDT,SHORT,1785817800,1785827700,0.02293,0.02324285714285714,0.022304285714285714,SL,-1.029316894977169,0.013644009719020607,1,0.18518518518518662,-2.125211632294953
LINKUSDT,SHORT,1785825900,1785831300,8.134,8.180285714285715,8.041428571428572,SL,-1.0702938271604938,0.0056904000843022206,1,0.3023255813953434,-2.813566316833957
LINKUSDT,SHORT,1785888000,1785896100,8.143,8.188,8.053,SL,-1.0723822222222223,0.005526218838265986,1,0.412280701754371,-1.8320615098480997
SOLUSDT,SHORT,1785888000,1785896100,73.71,74.11857142857143,72.89285714285712,SL,-1.0721636363636353,0.005542957923910387,1,0.28638497652582384,-2.4393579367078093
XLMUSDT,SHORT,1785888000,1785890700,0.16852,0.16930857142857145,0.16694285714285714,TP2,1.9145188405796751,0.004679393713336293,1,0.3259911894273176,-2.785859025446136
ETHUSDT,SHORT,1785891600,1785894300,1863.19,1871.9842857142858,1845.6014285714284,SL,-1.0847454840805713,0.004720015518699527,1,0.21329879101899601,-2.267102609802826
BILLUSDT,LONG,1785894300,1785912300,0.02361,0.023294285714285715,0.02424142857142857,SL,-1.0299131221719457,0.013372057844738891,1,0.1999999999999974,2.5379162253226473
HYPEUSDT,LONG,1785896100,1785906900,55.753,55.25585714285714,56.747285714285724,TP2,1.9551412643678163,0.008916880834087149,1,0.21276595744680643,2.903588952693594
ZECUSDT,LONG,1785896100,1785939300,514.75,508.75142857142856,526.7471428571429,EXPIRED,1.3393355560847813,0.011653368486782752,1,0.34118486795146147,2.851241063584063
ZECUSDT,SHORT,1785974400,1786005000,511.95,516.11,503.63,TP2,1.9507740384615246,0.00812579353452484,1,0.42098273572377415,-2.271083721488745
XLMUSDT,SHORT,1785975300,1785976200,0.16386,0.165,0.16158000000000003,SL,-1.0574947368421055,0.0069571585499816554,1,0.6768060836501861,-2.1083894657680626
SEIUSDT,LONG,1785978000,1785979800,0.0416,0.04144428571428572,0.041911428571428565,SL,-1.1068623853211028,0.0037431318681317993,1,0.2134831460674138,2.4624844745164354
AVAXUSDT,SHORT,1785979800,1785981600,6.626,6.661571428571429,6.554857142857143,SL,-1.0745092369477907,0.005368461903324596,1,0.43421052631578294,-2.288627220523811
HYPEUSDT,SHORT,1785979800,1786010400,56.457,56.85057142857143,55.66985714285714,TP2,1.9426208348457532,0.006971171485757815,1,0.3545064377682356,-2.4276974839186263
AAVEUSDT,LONG,1786060800,1786065300,89.69,89.09428571428572,90.88142857142857,TP2,1.9397764988009834,0.0066419253619610435,1,0.23999999999999963,2.115226991384368
ZECUSDT,LONG,1786060800,1786081500,502.24,498.34714285714284,510.0257142857143,SL,-1.0516063119266055,0.007750989851181011,1,0.3218142548596135,3.751165243353685
BILLUSDT,LONG,1786061700,1786071600,0.02433,0.02400714285714286,0.024975714285714285,SL,-1.0301433628318584,0.013269919558452222,1,0.14970059880239492,2.3439244328340734
HYPEUSDT,SHORT,1786062600,1786092300,55.76,56.128571428571426,55.022857142857134,SL,-1.0605147286821701,0.00660996105759382,1,0.18862559241705984,-2.2109476072095893
XLMUSDT,LONG,1786066200,1786073400,0.1622,0.16118428571428572,0.16423142857142858,SL,-1.0638762306610408,0.006262110269508548,1,0.2681992337164706,1.914701173773048
NEARUSDT,SHORT,1786071600,1786080600,1.651,1.663857142857143,1.6252857142857142,TP2,1.9486355555555557,0.007787488102448739,1,0.2156862745098041,-2.813395974168166
LABUSDT,SHORT,1786072500,1786110300,0.1288,0.1318857142857143,0.12262857142857142,TP2,1.9833037037036947,0.023957409050576795,1,0.12244897959183419,-1.8966462059131795
BILLUSDT,SHORT,1786081500,1786118400,0.02383,0.024307142857142857,0.022875714285714287,SL,-1.0199772455089822,0.020022780408848365,1,0.27804878048780496,-2.4170772871414803
AAVEUSDT,LONG,1786092300,1786099500,90.72,89.98857142857143,92.18285714285715,SL,-1.0496125,0.008062484252960451,1,0.09836065573770447,2.083924441993118
BTCUSDT,LONG,1786092300,1786102200,64600.0,64390.357142857145,65019.28571428572,TP2,1.8767427597956052,0.0032452454666076955,1,0.33851276359599747,3.133859488556911
ETHUSDT,LONG,1786092300,1786104900,1912.28,1904.952857142857,1926.9342857142858,TP2,1.895605693117567,0.003831626569928506,1,0.48136645962733193,2.5520631893466375
DOTUSDT,LONG,1786147200,1786161600,0.8184,0.8142714285714285,0.8266571428571429,TP2,1.9207086505190047,0.005044686496299425,1,0.37556561085973095,2.3907015610681612
BILLUSDT,LONG,1786148100,1786150800,0.02425,0.02404142857142857,0.024667142857142856,TP2,1.9534931506849147,0.00860088365243002,1,0.3644859813084144,2.1825036543494294
LABUSDT,LONG,1786149000,1786155300,0.1295,0.12742857142857142,0.13364285714285717,SL,-1.025006896551724,0.01599558742415893,1,0.4059405940594053,2.260527502416176
ZECUSDT,SHORT,1786150800,1786188600,506.86,510.8228571428571,498.9342857142858,TP2,1.94883893294881,0.007818445217332421,1,0.32422490803993526,-2.170519183336091
SUIUSDT,LONG,1786151700,1786153500,0.674,0.6712571428571429,0.6794857142857144,TP2,1.9017083333333333,0.00406952098346757,1,0.14925373134328532,2.6142972054350504
AAVEUSDT,SHORT,1786158000,1786160700,89.17,89.60000000000001,88.30999999999999,SL,-1.0829488372093015,0.004822249635527697,1,0.36538461538461814,-2.2403426867412324
XRPUSDT,LONG,1786158900,1786193100,1.0315,1.0270000000000001,1.0405,TP2,1.90831111111111,0.004362578768783275,1,0.45161290322581166,1.52264757868355
BTCUSDT,LONG,1786159800,1786176900,64995.7,64914.0,65159.09999999999,SL,-1.3182164014687956,0.001257006232719982,1,0.3832965956404577,3.4910495472267415
SUIUSDT,LONG,1786162500,1786178700,0.6818,0.6774571428571428,0.6904857142857143,TP2,1.9372026315789221,0.006369693668021666,1,0.45851528384279877,1.9797593627587167
LABUSDT,SHORT,1786165200,1786183200,0.1261,0.1277285714285714,0.12284285714285713,SL,-1.0309719298245614,0.012914920131415002,1,0.36986301369863117,-1.5421183862659804
ADAUSDT,SHORT,1786173300,1786207500,0.1994,0.20075714285714286,0.1966857142857143,SL,-1.0587705263157898,0.006806132683765549,1,0.22580645161290583,-1.9895268960722958
BILLUSDT,LONG,1786177800,1786180500,0.02467,0.024321428571428574,0.02536714285714286,SL,-1.0283098360655738,0.014129364757658218,1,0.1971830985915494,2.3233869098460587
SEIUSDT,LONG,1786179600,1786184100,0.04124,0.04106571428571428,0.041588571428571426,TP2,1.9053508196720919,0.004226132742136643,1,0.21518987341772242,3.598860654528297
SOLUSDT,LONG,1786181400,1786187700,74.9,74.67,75.36,TP2,1.8697391304347208,0.003070761014686247,1,0.3589743589743468,2.3834160922734986
LINKUSDT,LONG,1786185000,1786202100,8.318,8.287857142857142,8.378285714285715,TP2,1.8896189573459727,0.0036238106687734362,1,0.35000000000001036,2.6413015364764894
ZECUSDT,SHORT,1786189500,1786192200,497.83,501.52142857142854,490.44714285714286,SL,-1.0539444272445821,0.007415038409554587,1,0.43018018018018145,-3.092346368566094
DOTUSDT,LONG,1786191300,1786195800,0.8209,0.8171857142857142,0.8283285714285715,SL,-1.0884046153846139,0.0045246506447627986,1,0.30985915492957,1.9154553582343574
XLMUSDT,LONG,1786194000,1786199400,0.16452,0.16366142857142857,0.16623714285714286,TP2,1.923351747088187,0.005218644715362477,1,0.3483146067415725,3.0285486959691656
DOTUSDT,SHORT,1786196700,1786200300,0.8138,0.8175857142857142,0.8062285714285713,SL,-1.0859864150943386,0.004651897623143683,1,0.19999999999999724,-2.1411771839872396
HYPEUSDT,SHORT,1786197600,1786201200,54.359,54.67028571428572,53.736428571428576,SL,-1.0698509407985317,0.005726479778614646,1,0.17969271877087142,-1.9933952239047508
AAVEUSDT,LONG,1786198500,1786224600,91.02,90.54142857142857,91.97714285714285,TP2,1.9239235820895524,0.005257871111529662,1,0.41880341880341737,2.399303322872901
SOLUSDT,LONG,1786200300,1786203000,75.92,75.51142857142858,76.73714285714286,TP2,1.9256727272727612,0.005381604696673135,1,0.5142857142857113,1.9844080323200686
TAOUSDT,LONG,1786203000,1786215600,197.7,196.54285714285712,200.0142857142857,TP2,1.931659259259235,0.005853024062432294,1,0.24444444444443855,2.5175709875584595
XRPUSDT,LONG,1786205700,1786212900,1.0474,1.0429428571428572,1.0563142857142858,SL,-1.0939974358974363,0.004255435227365707,1,0.4691943127962068,2.206455942697238
ZECUSDT,LONG,1786217400,1786236300,509.19,505.54714285714283,516.4757142857143,SL,-1.055911058823529,0.0071542197271296905,1,0.40142778693025866,2.473898820171838
AVAXUSDT,SHORT,1786220100,1786230000,6.51,6.532428571428571,6.465142857142857,TP2,1.8838980891720127,0.003445249067368845,1,0.27433628318583836,-2.1444376692290597
DOTUSDT,LONG,1786221900,1786229100,0.8194,0.8164428571428571,0.8253142857142858,SL,-1.1108367149758451,0.003608912444645917,1,0.17187500000000244,2.9406286376888833
BTCUSDT,SHORT,1786227300,1786239000,64965.0,65024.37142857143,64846.25714285715,TP2,1.5623147256976622,0.0009138986927026609,1,0.3106244931062476,-1.9359368548278184
ADAUSDT,SHORT,1786229100,1786232700,0.1979,0.1992857142857143,0.19512857142857143,SL,-1.0571257731958763,0.007002093409369822,1,0.24637681159420627,-3.4632340806807913
BILLUSDT,LONG,1786230900,1786231800,0.02482,0.024624285714285713,0.02521142857142857,TP2,1.94927299270073,0.007885345919189593,1,0.45205479452054714,2.4663316699992732
ETHUSDT,SHORT,1786230900,1786238100,1914.99,1918.2128571428573,1908.5442857142857,SL,-1.2376760638297855,0.0016829629099144997,1,0.2936010037641226,-2.9745616787516296
TAOUSDT,LONG,1786232700,1786233600,201.2,199.75714285714287,204.08571428571426,TP2,1.944221782178237,0.007171258165293907,1,0.44615384615384895,3.0306264319313527
SEIUSDT,LONG,1786237200,1786245300,0.04168,0.04151285714285714,0.04201428571428571,SL,-1.0997470085470087,0.004010145324924587,1,0.08333333333332972,1.9369898981136056
HYPEUSDT,LONG,1786238100,1786239000,55.269,55.071999999999996,55.663000000000004,SL,-1.1122213197969533,0.0035643850983372543,1,0.14602215508559593,2.1515475203984638
XLMUSDT,SHORT,1786239000,1786282200,0.16362,0.16429285714285713,0.1622742857142857,EXPIRED,0.5417970276008299,0.00411231599350413,1,0.6460905349794148,-2.408825216179331
XRPUSDT,SHORT,1786239000,1786248900,1.0352,1.0385571428571427,1.028485714285714,SL,-1.1233429787234026,0.0032429896224332494,1,0.4267515923566881,-2.293767391245668
ZECUSDT,LONG,1786240800,1786255200,512.88,508.66714285714284,521.3057142857143,SL,-1.0486966429298068,0.00821411859081488,1,0.164687661331956,2.759727409762514
BTCUSDT,SHORT,1786243500,1786257900,64744.9,64831.21428571428,64572.27142857143,SL,-1.3000425686858708,0.0013331441660159218,1,0.5480125055828581,-2.5992194821975394
SOLUSDT,LONG,1786248900,1786282200,76.07,75.78571428571428,76.63857142857142,TP2,1.8929668341708548,0.0037371593832748206,1,0.16923076923076688,2.029539565865867
LABUSDT,SHORT,1786320000,1786323600,0.1214,0.123,0.1182,SL,-1.03035,0.013179571663920926,1,0.15254237288135752,-1.8966924326530192
ZECUSDT,SHORT,1786320000,1786320900,509.62,513.7785714285715,501.302857142857,SL,-1.0490187564410849,0.008160141730252908,1,0.34137515078407443,-2.1428448388213885
BILLUSDT,LONG,1786338900,1786374900,0.02558,0.02511285714285714,0.026514285714285712,SL,-1.021903363914373,0.018262035072042902,1,0.3694581280788175,2.4322286911788646
NEARUSDT,LONG,1786338900,1786378500,1.636,1.615142857142857,1.6777142857142855,SL,-1.0313753424657535,0.01274886482710441,1,0.2807017543859652,2.697434343034386
DOTUSDT,LONG,1786340700,1786356900,0.8092,0.8036571428571428,0.8202857142857143,SL,-1.0583958762886598,0.006849798743026612,1,0.3353115727002965,2.5871566853344237
LABUSDT,SHORT,1786350600,1786375800,0.1213,0.1229857142857143,0.11792857142857142,TP2,1.9712169491525424,0.013897067483217562,1,0.31868131868131633,-2.3532159610673498
ADAUSDT,SHORT,1786355100,1786364100,0.1954,0.197,0.19219999999999998,SL,-1.0488499999999998,0.008188331627430942,1,0.17241379310344926,-2.0644163714026225
AAVEUSDT,SHORT,1786356000,1786375800,91.11,91.81428571428572,89.70142857142858,TP2,1.9482539553752332,0.007730059425811779,1,0.1061452513966464,-2.127794565505956
ADAUSDT,SHORT,1786406400,1786427100,0.1907,0.19231428571428572,0.18747142857142857,TP2,1.9527469026548847,0.008465053562064598,1,0.30232558139534405,-2.1029047517441466
BILLUSDT,LONG,1786407300,1786417200,0.02533,0.02504,0.02591,SL,-1.0349379310344828,0.011448874851954208,1,0.29629629629629495,2.503142622527066
LINKUSDT,LONG,1786408200,1786411800,8.334,8.282428571428571,8.437142857142858,TP2,1.9353595567867383,0.006188076382460843,1,0.1673819742489241,2.468633867235859
AVAXUSDT,LONG,1786410900,1786443300,6.506,6.465,6.588000000000001,SL,-1.0634731707317069,0.006301875192130379,1,0.18721461187214197,2.3873637779685826
ZECUSDT,SHORT,1786410900,1786437900,491.99,495.9428571428572,484.08428571428567,TP2,1.9502142392482835,0.008034425786819167,1,0.4178454842219822,-3.0425776090282475
BILLUSDT,LONG,1786420800,1786433400,0.02583,0.025325714285714285,0.02683857142857143,SL,-1.0204883852691218,0.019523256457054397,1,0.3680000000000015,2.90904207473269
DOTUSDT,SHORT,1786421700,1786427100,0.8017,0.8063428571428571,0.7924142857142856,SL,-1.0690695384615383,0.0057912649904667025,1,0.1470588235294113,-1.9930671167151628
XRPUSDT,SHORT,1786428000,1786430700,1.0093,1.0125428571428572,1.0028142857142857,TP2,1.8755048458150472,0.0032129764617627723,1,0.20670391061451446,-3.1777601570316225
BTCUSDT,SHORT,1786429800,1786434300,63903.3,64023.14285714286,63663.614285714284,SL,-1.2132903087376286,0.0018753782221396927,1,0.09206631142687867,-2.2226544368866428
LABUSDT,SHORT,1786431600,1786432500,0.1175,0.11935714285714286,0.11378571428571428,TP2,1.9746923076923002,0.01580547112462006,1,0.2972972972972987,-2.66370168211647
HYPEUSDT,SHORT,1786433400,1786438800,54.838,55.17914285714286,54.15571428571428,SL,-1.0642991624790619,0.006220920842168896,1,0.2420091324200937,-2.7995319520498034
LINKUSDT,LONG,1786434300,1786439700,8.447,8.394714285714285,8.551571428571426,TP2,1.9353781420764684,0.006189856077390078,1,0.17333333333332954,2.083451885743662
SUIUSDT,LONG,1786440600,1786455900,0.6911,0.6863571428571429,0.7005857142857145,SL,-1.0582855421686739,0.006862765363705986,1,0.17241379310344532,2.128815771329721
BTCUSDT,LONG,1786442400,1786455900,64276.9,64130.57142857143,64569.55714285714,SL,-1.175705672166357,0.0022765343603778627,1,0.2883715622503773,2.411981888703782
BILLUSDT,SHORT,1786445100,1786446000,0.02512,0.02559,0.024179999999999997,SL,-1.0213787234042553,0.018710191082802596,1,0.299065420560749,-2.8355581197897903
TAOUSDT,LONG,1786446000,1786462200,201.3,199.8857142857143,204.12857142857143,SL,-1.0569333333333335,0.007025761124121763,1,0.3333333333333333,2.2630530047313444
DOTUSDT,SHORT,1786446900,1786458600,0.8009,0.8065999999999999,0.7895,TP2,1.9437964912280894,0.0071169933824446995,1,0.06818181818181913,-1.7659283686940297
ADAUSDT,SHORT,1786451400,1786458600,0.1873,0.18854285714285712,0.1848142857142857,TP2,1.9397195402299072,0.006635649454656385,1,0.3061224489795911,-3.008032142889176
NEARUSDT,SHORT,1786451400,1786459500,1.587,1.602,1.557,TP2,1.9576799999999852,0.009451795841209868,1,0.2549019607843187,-2.092276982550375
NEARUSDT,LONG,1786492800,1786498200,1.62,1.6042857142857143,1.6514285714285717,TP2,1.9587636363636365,0.00970017636684306,1,0.8787878787878788,1.955309978169081
TAOUSDT,LONG,1786492800,1786496400,201.6,200.12857142857143,204.54285714285714,TP2,1.9451961165048735,0.007298752834467129,1,0.6749999999999972,1.6054877602701951
LABUSDT,LONG,1786493700,1786514400,0.1174,0.11564285714285714,0.12091428571428572,SL,-1.0267252032520324,0.01496714529082504,1,0.5,2.1187062694384218
AAVEUSDT,LONG,1786497300,1786507200,89.05,88.5942857142857,89.96142857142857,TP2,1.9218369905955808,0.00511751022699932,1,0.3242009132420087,3.296640529624342
SUIUSDT,LONG,1786499100,1786508100,0.6956,0.6917,0.7034,SL,-1.0713435897435895,0.0056066705002875425,1,0.37168141592920634,1.9380815379484502
BILLUSDT,SHORT,1786507200,1786512600,0.02495,0.02523285714285714,0.024384285714285716,TP2,1.964717171717184,0.011336959633552775,1,0.1678832116788342,-2.287731615648079
ETHUSDT,LONG,1786509000,1786527000,1888.9,1882.1742857142858,1902.3514285714286,TP2,1.8876610025488534,0.003560651323899787,1,0.2298850574712666,2.4452651684151996
NEARUSDT,LONG,1786512600,1786517100,1.674,1.6508571428571426,1.7202857142857144,SL,-1.0289333333333333,0.013824884792626798,1,0.3235294117647059,1.9743951206042683
XLMUSDT,SHORT,1786514400,1786517100,0.16114,0.16192,0.15958000000000003,TP2,1.9173641025640664,0.004840511356584305,1,0.26136363636363374,-2.539608782921346
AVAXUSDT,SHORT,1786516200,1786532400,6.244,6.275714285714286,6.180571428571429,SL,-1.0787531531531533,0.005079161709526849,1,0.42592592592592976,-3.756408705115259
BTCUSDT,SHORT,1786516200,1786521600,63614.7,63779.58571428571,63284.92857142857,SL,-1.1543243458672687,0.0025919435961454323,1,0.2558798526494777,-2.648163421561056
HYPEUSDT,LONG,1786516200,1786531500,54.874,54.57142857142857,55.47914285714286,TP2,1.9274564683663602,0.005513930615071434,1,0.24026451138868668,2.674347351531824
ADAUSDT,SHORT,1786518000,1786527000,0.1853,0.18639999999999998,0.1831,SL,-1.0673818181818187,0.0059363194819211755,1,0.38775510204081864,-2.256101115209196
LINKUSDT,LONG,1786522500,1786531500,8.763,8.716571428571429,8.855857142857142,TP2,1.9245033846153836,0.0052982507621329245,1,0.14999999999999278,2.165894755018988
DOTUSDT,SHORT,1786525200,1786527000,0.7845,0.7882571428571428,0.7769857142857143,SL,-1.0835209125475291,0.004789219703177596,1,0.5697674418604635,-1.6026792673342058
BTCUSDT,LONG,1786527900,1786537800,64016.0,63827.02857142857,64393.94285714286,TP2,1.8644959177502272,0.0029519405862820074,1,0.26862980769230776,2.5593130657251533
HYPEUSDT,LONG,1786533300,1786540500,55.58,55.23142857142857,56.277142857142856,TP2,1.936219672131168,0.006271526242738904,1,0.3650958052822368,1.9236916899953704
AVAXUSDT,LONG,1786534200,1786537800,6.291,6.249714285714286,6.373571428571429,TP2,1.9390491349480967,0.0065626632150237235,1,0.21698113207547048,2.3038108537342756
BILLUSDT,SHORT,1786536000,1786551300,0.02319,0.02356142857142857,0.022447142857142856,SL,-1.0249738461538462,0.01601675599088276,1,0.3292682926829284,-2.465868670985054
ADAUSDT,SHORT,1786538700,1786570200,0.1843,0.18607142857142858,0.18075714285714284,TP2,1.9583838709677264,0.009611658011006937,1,0.11392405063290872,-2.254780169649678
SEIUSDT,LONG,1786538700,1786545000,0.04046,0.040132857142857144,0.04111428571428572,SL,-1.0494707423580782,0.00808558717604694,1,0.3012048192771096,2.40572219884776
DOTUSDT,SHORT,1786545000,1786570200,0.785,0.7913857142857144,0.7722285714285715,TP2,1.9508277404921526,0.008134667879890803,1,0.192118226600984,-2.5180908085220133
HYPEUSDT,LONG,1786550400,1786593600,56.52,55.74114285714286,58.077714285714286,EXPIRED,-0.12147028613353268,0.013780204226064076,1,0.2664967431322574,2.3775143640912315
ZECUSDT,LONG,1786554900,1786563000,497.41,490.4714285714286,511.28714285714284,SL,-1.0286750669137328,0.013949400753043588,1,0.09928229665071717,2.424036275412923
XRPUSDT,SHORT,1786555800,1786599000,1.0074,1.0131285714285714,0.9959428571428572,EXPIRED,-0.9606164588528668,0.005686491392268613,1,0.5698924731182781,-1.6770638440145733
NEARUSDT,LONG,1786580100,1786589100,1.653,1.6355714285714287,1.6878571428571427,SL,-1.037937704918033,0.01054360038026095,1,0.2,2.17406030792582
LABUSDT,SHORT,1786581000,1786624200,0.1133,0.11482857142857142,0.11024285714285716,EXPIRED,-0.2259102803738385,0.013491363005926061,1,0.33333333333333026,-2.3021518961420644
BILLUSDT,SHORT,1786585500,1786590000,0.02279,0.02307714285714286,0.022215714285714287,SL,-1.031747263681592,0.012599511063749751,1,0.4205607476635499,-3.6391696998542105
SEIUSDT,LONG,1786589100,1786593600,0.04029,0.040017142857142855,0.04083571428571429,TP2,1.9409361256544504,0.0067723291848385,1,0.4473684210526335,1.799270963630113
AVAXUSDT,LONG,1786590000,1786594500,6.418,6.362857142857143,6.5282857142857145,TP2,1.9534445595854921,0.008591906691002967,1,0.35458167330676804,1.6821329558710356
HYPEUSDT,LONG,1786594500,1786615200,56.733,56.31314285714285,57.572714285714284,TP2,1.9459501871384657,0.007400580664818428,1,0.3684210526315793,1.8683908936350775
ETHUSDT,LONG,1786596300,1786612500,1890.17,1882.1142857142859,1906.2814285714287,SL,-1.093854867884377,0.004261899345410343,1,0.2912975508077149,2.3370699872209517
LINKUSDT,LONG,1786596300,1786612500,8.756,8.699285714285715,8.869428571428571,SL,-1.0617551637279603,0.00647719115055793,1,0.24645892351275103,1.9116154241744578
DOTUSDT,SHORT,1786612500,1786627800,0.7724,0.7750142857142857,0.7671714285714285,TP2,1.881818579235016,0.0033846267662943135,1,0.13761467889908613,-2.3537387206824545
SOLUSDT,SHORT,1786612500,1786626900,75.91,76.15571428571428,75.41857142857143,SL,-1.1235744186046512,0.0032369158966445207,1,0.07058823529412198,-2.233330499411452
AVAXUSDT,LONG,1786626000,1786627800,6.546,6.501428571428572,6.635142857142857,SL,-1.0587461538461542,0.006808956396490736,1,0.2487804878048787,2.476966882447297
BILLUSDT,LONG,1786626900,1786634100,0.02359,0.023297142857142857,0.024175714285714286,SL,-1.032220487804878,0.012414461333494862,1,0.3599999999999929,2.8370922920548556
LINKUSDT,LONG,1786626900,1786636800,8.794,8.733714285714287,8.914571428571428,SL,-1.0583488151658775,0.006855323434809371,1,0.16483516483516583,2.1953472022130747
AAVEUSDT,SHORT,1786627800,1786632300,88.02,88.64571428571428,86.76857142857142,SL,-1.0562684931506847,0.00710877397993964,1,0.307462686567165,-2.3130336954531847
HYPEUSDT,LONG,1786628700,1786630500,58.035,57.52285714285714,59.059285714285714,SL,-1.0453271966527196,0.008824723996603038,1,0.29885057471264387,2.23632182199934
LABUSDT,SHORT,1786631400,1786635000,0.1119,0.11322857142857143,0.10924285714285714,TP2,1.966309677419355,0.011872845653006532,1,0.11392405063291149,-2.2299967374990324
NEARUSDT,LONG,1786631400,1786633200,1.667,1.6527142857142858,1.6955714285714285,SL,-1.0466760000000002,0.008569714628502858,1,0.14285714285714368,1.8331702052809047
LABUSDT,SHORT,1786665600,1786666500,0.1024,0.10488571428571429,0.09742857142857142,TP2,1.9835218390804656,0.024274553571428607,1,0.4459459459459462,-3.2280502173716856
AVAXUSDT,LONG,1786666500,1786675500,6.46,6.436428571428571,6.507142857142857,SL,-1.109624242424243,0.003648827952233506,1,0.2972972972973012,1.9577195806424255
XRPUSDT,LONG,1786669200,1786684500,1.0117,1.0085428571428572,1.0180142857142855,SL,-1.1281791855203644,0.0031206314689560095,1,0.1337579617834404,2.0268383088943636
SOLUSDT,SHORT,1786670100,1786673700,75.9,76.16142857142857,75.37714285714287,SL,-1.1161311475409865,0.0034443817052511863,1,0.2857142857142785,-2.755221668971203
TAOUSDT,LONG,1786672800,1786674600,204.9,203.37142857142857,207.95714285714288,SL,-1.0536186915887849,0.007460085058913788,1,0.2876712328767145,3.0564952732514414
SUIUSDT,SHORT,1786674600,1786690800,0.6846,0.6874571428571429,0.6788857142857143,TP2,1.9041559999999607,0.00417344852051248,1,0.16778523489933245,-2.89161408512023
SEIUSDT,SHORT,1786675500,1786690800,0.0408,0.041011428571428574,0.04037714285714286,TP2,1.9228108108108106,0.005182072829131635,1,0.16279069767441073,-2.414822504199792
DOTUSDT,LONG,1786752000,1786762800,0.7644,0.7605857142857142,0.7720285714285714,TP2,1.9198382022471625,0.0049899080511325725,1,0.364583333333338,2.6754914619091674
NEARUSDT,LONG,1786752000,1786795200,1.641,1.6260000000000001,1.6709999999999998,EXPIRED,-0.3770933333333435,0.009140767824497199,1,0.5730337078651694,1.820572649607807
SEIUSDT,LONG,1786752000,1786767300,0.04029,0.04008142857142857,0.04070714285714285,SL,-1.0772684931506855,0.00517675424600216,1,0.24590163934426248,2.0941855937833607
AAVEUSDT,LONG,1786763700,1786797000,86.75,86.32000000000001,87.60999999999999,SL,-1.0806976744186056,0.004956772334293887,1,0.6234309623430939,1.2935308272939419
HYPEUSDT,SHORT,1786771800,1786780800,56.099,56.415571428571425,55.46585714285714,SL,-1.0708832129963899,0.00564308505626533,1,0.1898928024502316,-2.4406721916758873
TAOUSDT,SHORT,1786771800,1786815000,198.0,199.31428571428572,195.3714285714286,EXPIRED,0.24408695652174262,0.006637806637806608,1,0.20689655172414148,-1.7495602504426686
SOLUSDT,SHORT,1786774500,1786801500,75.22,75.46142857142857,74.73714285714286,SL,-1.1246248520710072,0.003209632696471272,1,0.13274336283185306,-2.1068418858034823
ETHUSDT,SHORT,1786783500,1786798800,1877.94,1881.3914285714286,1871.0371428571427,SL,-1.2176420529801297,0.001837880108751406,1,0.24184615384615438,-1.9237169400731662
DOTUSDT,LONG,1786786200,1786789800,0.7753,0.7715714285714286,0.7827571428571428,TP2,1.9168260536398467,0.004809198282692416,1,0.1315789473684222,3.1390797932736287
ZECUSDT,LONG,1786794300,1786798800,492.22,489.2157142857143,498.22857142857146,SL,-1.0655357108892056,0.0061035425506597175,1,0.028107432854469216,2.298425801271591
LINKUSDT,LONG,1786798800,1786842000,9.456,9.348142857142857,9.671714285714284,EXPIRED,-0.24831364238410455,0.01140621223108526,1,0.26868686868686636,2.3534678447088617
TAOUSDT,SHORT,1786838400,1786861800,196.7,197.57142857142856,194.95714285714286,TP2,1.9097114754098357,0.0044302418476287065,1,0.166666666666668,-2.719600414600349
AAVEUSDT,SHORT,1786839300,1786842900,85.99,86.26142857142857,85.44714285714285,SL,-1.1267221052631575,0.0031565132158224473,1,0.4126984126984238,-2.293854038094042
AVAXUSDT,SHORT,1786839300,1786842000,6.256,6.3301428571428575,6.107714285714286,SL,-1.0337510597302504,0.011851479722323735,1,0.8571428571428544,-2.284461660627364
BTCUSDT,SHORT,1786842900,1786847400,63022.9,63062.45714285714,62943.78571428571,SL,-1.6372846514987158,0.0006276630059413976,1,0.11807024968261519,-1.8158120303910321
DOTUSDT,SHORT,1786843800,1786871700,0.7569,0.7615000000000001,0.7476999999999999,SL,-1.0658173913043474,0.006077421059585193,1,0.3990610328638457,-1.9336262311611092
HYPEUSDT,LONG,1786847400,1786852800,57.222,56.90757142857143,57.85085714285715,SL,-1.0727949114039066,0.005494889577934615,1,0.11185086551264913,2.3059650346790557
ETHUSDT,LONG,1786929300,1786950000,1888.69,1878.107142857143,1909.8557142857144,TP2,1.9286132289416846,0.005603279067955638,1,0.07766990291262152,2.614895381260481
HYPEUSDT,LONG,1786930200,1786935600,58.125,57.722857142857144,58.92928571428572,TP2,1.9421847246891832,0.006918586789554561,1,0.24351804778851016,3.104010794045915
LINKUSDT,LONG,1786930200,1786945500,9.514,9.430142857142856,9.681714285714285,SL,-1.0453819420783645,0.008814078500855879,1,0.11290322580645276,2.9725593326379265
LABUSDT,SHORT,1786932900,1786939200,0.0797,0.08132857142857143,0.07644285714285713,SL,-1.0195754385964912,0.0204337694927407,1,0.2727272727272711,-2.4515854992258665
SUIUSDT,LONG,1786936500,1786957200,0.6794,0.6742428571428571,0.6897142857142858,SL,-1.0526958448753458,0.007590731317549173,1,0.4148471615720538,2.6363465306825455
LABUSDT,SHORT,1786946400,1786977000,0.07893,0.08035428571428571,0.07608142857142856,SL,-1.0221669007021064,0.018044922263850464,1,0.2705167173252269,-2.623340330876201
ZECUSDT,LONG,1786947300,1786949100,502.45,497.2128571428571,512.9242857142857,TP2,1.9616241134751664,0.010423211975605272,1,0.4448315911730542,3.6703396416179506
AAVEUSDT,SHORT,1786948200,1786950000,86.24,86.60285714285715,85.51428571428569,SL,-1.0950677165354312,0.004207527166710921,1,0.1750000000000034,-1.7682840121557741
BTCUSDT,LONG,1786950000,1786954500,63631.9,63456.78571428572,63982.12857142858,SL,-1.1453494207864248,0.0027519889507351836,1,0.6529741863075229,1.5235610161300834
DOTUSDT,SHORT,1786950900,1786994100,0.7609,0.7650142857142858,0.7526714285714285,EXPIRED,0.43644027777777317,0.005407130653549398,1,0.04147465437788042,-2.191571580746466
HYPEUSDT,LONG,1786951800,1786970700,59.435,59.03528571428571,60.23442857142857,SL,-1.0594774839170835,0.0067252340492014295,1,0.32697066101095773,2.1786158080384554
LINKUSDT,SHORT,1786953600,1786963500,9.402,9.463285714285714,9.279428571428571,SL,-1.061365034965035,0.0065183699516820175,1,0.34131736526946377,-1.7914398344477802
BILLUSDT,SHORT,1787012100,1787023800,0.02002,0.02032,0.01942,TP2,1.9733066666666552,0.014985014985015019,1,0.14942528735632216,-1.8660492058967295
HYPEUSDT,LONG,1787012100,1787018400,59.506,59.205285714285715,60.10742857142858,SL,-1.0791528741092633,0.005053512010793656,1,0.32632743362831923,1.9591731547589286
AVAXUSDT,LONG,1787014800,1787015700,6.384,6.352285714285714,6.4474285714285715,TP2,1.919481081081053,0.004967776584317927,1,0.23741007194245128,2.8401775412997408
LABUSDT,LONG,1787014800,1787016600,0.08624,0.08363,0.09145999999999999,SL,-1.0132168582375478,0.030264378478664138,1,0.3284433577832115,3.8427303913630153
DOTUSDT,SHORT,1787016600,1787018400,0.7559,0.7596571428571429,0.7483857142857143,TP2,1.9195239543725944,0.004970423147430707,1,0.3799999999999988,-2.4194926729812556
SEIUSDT,SHORT,1787016600,1787021100,0.03959,0.03975714285714286,0.03925571428571429,TP2,1.9052547008546592,0.004221845343340662,1,0.48051948051948357,-1.479900052931504
ADAUSDT,SHORT,1787019300,1787027400,0.1725,0.17372857142857143,0.1700428571428571,SL,-1.056162790697674,0.007122153209109775,1,0.2549019607843214,-2.8284271247462645
AVAXUSDT,SHORT,1787022000,1787031000,6.245,6.301142857142858,6.132714285714286,SL,-1.0444936386768449,0.0089900491822029,1,0.36888888888889027,-2.8000558703190928
BILLUSDT,SHORT,1787031000,1787046300,0.01923,0.019581428571428573,0.018527142857142857,SL,-1.0218878048780489,0.018275016714954316,1,0.6229508196721337,-1.8614062756387002
HYPEUSDT,LONG,1787034600,1787058900,59.712,59.146142857142856,60.84371428571429,SL,-1.042209946983085,0.009476439289542215,1,0.14978490418459264,3.0830248095414774
NEARUSDT,LONG,1787034600,1787037300,1.663,1.647857142857143,1.6932857142857143,SL,-1.0439283018867924,0.009105746928958,1,0.35294117647059053,2.4951662993046306
AAVEUSDT,LONG,1787035500,1787040000,88.91,88.38,89.97,SL,-1.0671018867924524,0.005961084242492444,1,0.25862068965516755,2.2978227294577254
NEARUSDT,SHORT,1787098500,1787103000,1.568,1.5811428571428572,1.5417142857142858,SL,-1.047721739130435,0.008381924198250696,1,0.8214285714285747,-2.847254240336997
SEIUSDT,SHORT,1787098500,1787101200,0.03846,0.03859857142857143,0.03818285714285714,SL,-1.1110185567010311,0.003603001262907654,1,0.6279069767441849,-1.609459863963855
XRPUSDT,SHORT,1787098500,1787116500,0.9979,1.0013571428571428,0.9909857142857142,SL,-1.1154595041322315,0.003464418135226833,1,0.27499999999999725,-2.7096088101339677
LABUSDT,LONG,1787101200,1787106600,0.08022,0.07885428571428572,0.08295142857142856,SL,-1.0234953974895398,0.017024610891476933,1,0.3436426116838496,3.127718849910497
BTCUSDT,SHORT,1787103900,1787143500,64397.6,64573.614285714284,64045.57142857142,SL,-1.146346303059815,0.0027332429425054286,1,0.18716835504101095,-2.155281577747472
SEIUSDT,LONG,1787191200,1787195700,0.04147,0.04099428571428571,0.04242142857142857,SL,-1.0348696696696698,0.011471287333356273,1,0.16738197424892776,2.188771078780252
HYPEUSDT,LONG,1787207400,1787214600,72.059,70.95914285714285,74.25871428571428,SL,-1.0262066761917132,0.015263286235683824,1,0.54777202072539,2.235561010994411
SOLUSDT,LONG,1787208300,1787213700,85.76,85.14857142857143,86.98285714285714,TP2,1.9438953271027803,0.007129530916844327,1,0.12422360248447495,2.394127872346812
LINKUSDT,LONG,1787209200,1787226300,10.583,10.502857142857144,10.743285714285715,TP2,1.9471793226381684,0.00757279194395324,1,0.10800000000000015,2.4304956803125433
BILLUSDT,SHORT,1787211900,1787213700,0.01953,0.019785714285714285,0.019018571428571423,SL,-1.0305497206703909,0.013093409406773537,1,0.31111111111111456,-3.158339511872342
ADAUSDT,LONG,1787214600,1787226300,0.188,0.1858,0.1924,TP2,1.9658181818181693,0.011702127659574466,1,0.42342342342342326,2.960744371353893
AAVEUSDT,LONG,1787215500,1787220000,98.37,97.34142857142858,100.42714285714285,SL,-1.0382550000000001,0.010456149522938161,1,0.5754189944134079,2.248649522133636
AVAXUSDT,LONG,1787271300,1787300100,7.317,7.2172857142857145,7.5164285714285715,TP2,1.9706481375358165,0.013627755325172273,1,0.37947494033412715,2.334267170341461
BTCUSDT,LONG,1787271300,1787275800,73461.5,72964.04285714286,74456.41428571429,TP2,1.9409303888346738,0.006771671458616287,1,0.4035751272006841,3.017466108043026
LINKUSDT,LONG,1787271300,1787279400,10.719,10.613142857142858,10.930714285714284,TP2,1.9594963562753203,0.009875654711926678,1,0.15517241379310212,1.9814770682898706
ADAUSDT,LONG,1787276700,1787301900,0.2065,0.20268571428571427,0.21412857142857145,TP2,1.9783445692883967,0.01847111726046355,1,0.44973544973545,2.214452001523012
AAVEUSDT,LONG,1787280300,1787299200,100.48,98.81285714285715,103.81428571428572,TP2,1.9758916880891257,0.016591787989080963,1,0.39218523878437184,2.090207688316056
HYPEUSDT,SHORT,1787282100,1787292900,71.72,73.29171428571428,68.57657142857143,SL,-1.0182526813306672,0.02191458847900562,1,0.2646608873023984,-3.426403977942031
LABUSDT,SHORT,1787282100,1787298300,0.08314,0.08547857142857143,0.07846285714285715,SL,-1.014220647525962,0.02812811436819129,1,0.23968253968254033,-2.0376362056140125
AAVEUSDT,LONG,1787300100,1787301900,106.0,104.13,109.74,TP2,1.9773262032085486,0.01764150943396227,1,0.4984771573604082,2.890976722679461
LABUSDT,SHORT,1787300100,1787318100,0.08111,0.08323571428571429,0.07685857142857143,SL,-1.0152626344086022,0.02620779541011323,1,0.21169590643274722,-2.6702205095792557
BILLUSDT,LONG,1787301000,1787344200,0.02052,0.020168571428571428,0.02122285714285714,EXPIRED,0.48883902439024196,0.017126148705096027,1,0.3333333333333303,2.145512730707365
ADAUSDT,LONG,1787302800,1787303700,0.2179,0.21304285714285714,0.22761428571428574,SL,-1.017944705882353,0.022290696912082887,1,0.5463917525773188,3.0110395864468544
AVAXUSDT,LONG,1787302800,1787303700,7.684,7.557285714285714,7.937428571428572,SL,-1.0242561443066516,0.0164906670632855,1,0.6006240249609998,2.5928285574502703
ZECUSDT,LONG,1787305500,1787344200,648.91,623.4857142857143,699.7585714285714,TP2,1.9897907062988145,0.03917998753954432,1,0.4899806076276668,1.5735126472921166
XRPUSDT,LONG,1787306400,1787308200,1.4196,1.371557142857143,1.515685714285714,SL,-1.0118194469223907,0.03384253109527831,1,0.4667239158437105,2.320019974441985
AAVEUSDT,LONG,1787356800,1787375700,122.77,119.04571428571428,130.21857142857144,SL,-1.0131858841580361,0.030335470508151156,1,0.8309148264984239,1.247853117090607
DOTUSDT,LONG,1787360400,1787369400,0.9657,0.9444571428571428,1.0081857142857145,TP2,1.9818160053799596,0.02199736682495309,1,0.7366167023554606,1.8455283298793876
LABUSDT,LONG,1787360400,1787375700,0.08984,0.08779428571428571,0.09393142857142858,SL,-1.0175664804469273,0.02277063986770133,1,0.27153762268266074,2.180039305684827
ZECUSDT,LONG,1787370300,1787375700,837.35,798.74,914.57,SL,-1.0086749546749547,0.04610975100017917,1,0.7290496837017575,1.6581841402453237
AVAXUSDT,SHORT,1787375700,1787418900,7.654,8.007,6.948,EXPIRED,0.22645439093484487,0.04611967598641229,1,0.15912897822445557,-2.1671867102445037
BILLUSDT,SHORT,1787375700,1787402700,0.02021,0.021692857142857142,0.017244285714285712,SL,-1.0054516377649325,0.07337244645507884,1,0.34368070953436813,-3.4886246399682586
BTCUSDT,SHORT,1787375700,1787418900,77306.4,78200.52857142857,75518.14285714286,EXPIRED,-0.02910382335554829,0.011566035560167989,1,0.15895899644261588,-2.5238711118822357
BILLUSDT,LONG,1787444100,1787451300,0.0212,0.02079285714285714,0.022014285714285715,SL,-1.0208280701754386,0.0192048517520216,1,0.3979591836734691,3.2252440012464945
HYPEUSDT,LONG,1787445000,1787454900,80.122,78.436,83.494,SL,-1.019008778173191,0.02104290956291654,1,0.12982552548426962,2.1169249218149835
SOLUSDT,LONG,1787445900,1787451300,96.35,94.95714285714286,99.13571428571427,SL,-1.0276697435897437,0.014456223589591498,1,0.26752503576537795,3.3400558390200015
AAVEUSDT,SHORT,1787451300,1787454000,123.43,126.18,117.93,SL,-1.0179534545454545,0.022279834724135153,1,0.38678414096916275,-3.0767761700653313
ADAUSDT,SHORT,1787452200,1787463000,0.2224,0.22637142857142856,0.21445714285714285,TP2,1.9776,0.017857142857142853,1,0.1979166666666675,-2.35437839635495
BILLUSDT,SHORT,1787530500,1787573700,0.02102,0.021374285714285714,0.020311428571428574,EXPIRED,1.3028806451612989,0.016854696207693302,1,0.19727891156462596,-1.991141252776688
NEARUSDT,LONG,1787530500,1787536800,2.045,1.9944285714285714,2.146142857142857,SL,-1.0161751412429378,0.02472930492490394,1,0.3777777777777761,1.8356953850517552
SOLUSDT,SHORT,1787531400,1787571900,94.5,95.93142857142857,91.63714285714286,SL,-1.0264071856287424,0.015147392290249426,1,0.14606741573033874,-2.593187424170767
XLMUSDT,SHORT,1787532300,1787571900,0.19539,0.19901285714285716,0.18814428571428574,SL,-1.0215730283911673,0.01854167123628201,1,0.19291587602782975,-2.547190932442766
LABUSDT,LONG,1787546700,1787569200,0.07215,0.07046714285714285,0.0755157142857143,SL,-1.0171494057724957,0.023324423324423377,1,0.3044871794871775,3.3581953469911254
LINKUSDT,LONG,1787548500,1787560200,11.582,11.423000000000002,11.9,SL,-1.0291371069182391,0.013728198929373136,1,0.16216216216216167,2.1999027453250024
BTCUSDT,LONG,1787555700,1787559300,77736.2,77206.74285714286,78795.11428571427,SL,-1.0587289838648757,0.006810947060148789,1,0.12941176470588278,2.420978095581906
SOLUSDT,LONG,1787616000,1787616900,98.94,97.63285714285713,101.55428571428571,TP2,1.9697232786885137,0.013211470155072349,1,0.5917602996254703,2.22789714635741
ADAUSDT,LONG,1787616900,1787625000,0.2221,0.21965714285714286,0.2269857142857143,TP2,1.9636327485380232,0.010998906541454946,1,0.2307692307692316,1.826164190500134
AVAXUSDT,LONG,1787618700,1787644800,7.6,7.530142857142857,7.739714285714285,SL,-1.0435173824130881,0.009191729323308253,1,0.2803030303030285,2.803497818860404
BTCUSDT,LONG,1787618700,1787625000,79356.2,78934.72857142857,80199.14285714286,TP2,1.9246865200149135,0.0053111342096953595,1,0.3439056072742976,3.193439633677343
HYPEUSDT,LONG,1787628600,1787656500,81.14,79.86928571428571,83.68142857142857,SL,-1.0255415401911185,0.015660762702912067,1,0.5773515981735138,1.8119835010362655
AAVEUSDT,SHORT,1787629500,1787635800,127.61,131.24142857142857,120.34714285714287,SL,-1.0140561762391818,0.02845724137158973,1,0.17831978319783257,-3.0475175546221656
SEIUSDT,LONG,1787632200,1787644800,0.04831,0.04765142857142857,0.049627142857142856,SL,-1.0293422993492407,0.013632196824082572,1,0.4333333333333348,1.6308287317090007
NEARUSDT,SHORT,1787641200,1787684400,1.937,1.9701428571428572,1.8707142857142856,EXPIRED,1.6059327586206913,0.01711040637215137,1,0.06787330316742121,-2.753109547192893
ADAUSDT,SHORT,1787644800,1787666400,0.2208,0.2243,0.21380000000000002,TP2,1.9747657142857062,0.01585144927536228,1,0.3854166666666657,-3.0116362092035507
DOTUSDT,SHORT,1787644800,1787664600,0.8997,0.910557142857143,0.8779857142857144,TP2,1.9668531578947266,0.012067514568348172,1,0.3273703041144895,-2.8844730187712964
LABUSDT,LONG,1787706000,1787737500,0.06946,0.0677,0.07297999999999999,SL,-1.0157863636363635,0.025338324215375754,1,0.10028116213683239,2.1449922329219384
HYPEUSDT,LONG,1787711400,1787754600,81.716,80.51342857142856,84.12114285714284,EXPIRED,-0.18018588738417432,0.014716474479556362,1,0.4777343750000018,2.1014067648050143
AAVEUSDT,LONG,1787723100,1787732100,128.66,126.87428571428572,132.23142857142855,SL,-1.0288198400000002,0.013879327574337647,1,0.23831775700934402,2.172788511277626
