symbol,direction,entry_time,exit_time,entry,sl,tp1,outcome,net_r,risk_pct,size_mult,eff_ratio,z
TAOUSDT,SHORT,1771665300,1771666200,180.2,181.67142857142855,179.4642857142857,SL,-1.0489864077669904,0.008165530363088619,1,0.10714285714285732,2.219723682508481
HYPEUSDT,SHORT,1771666200,1771667100,30.507,30.758428571428574,30.381285714285717,TP2,0.4514661363636294,0.008241668188565646,1,0.20063694267516002,2.6964876315999864
LINKUSDT,SHORT,1771666200,1771668900,8.941,8.989571428571429,8.916714285714287,TP2,0.4263682352941168,0.005432438046239575,1,0.28676470588235703,2.7792410382943795
ETHUSDT,SHORT,1771667100,1771672500,1971.88,1979.5357142857144,1968.052142857143,SL,-1.1030278783355105,0.0038824443098536797,1,0.2923597406258879,2.161478211869702
LABUSDT,SHORT,1771668900,1771674300,0.14074,0.14334,0.13944,TP2,0.4783476923076923,0.018473781440954944,1,0.14485514485514525,2.1705582126079728
HYPEUSDT,LONG,1771677900,1771682400,29.902,29.648857142857143,30.02857142857143,TP2,0.4527507900677131,0.00846575002149881,1,0.13285714285714229,-2.5073383188194085
ZECUSDT,LONG,1771677900,1771683300,259.55,257.14,260.755,TP2,0.4569211618257145,0.009285301483336577,1,0.12761506276150317,-2.5216015408285744
NEARUSDT,LONG,1771681500,1771682400,1.0719,1.058657142857143,1.0785214285714286,TP2,0.46762330097087346,0.01235456399184347,1,0.2249999999999997,-2.0416781209597405
LINKUSDT,SHORT,1771682400,1771684200,8.972,9.025428571428572,8.945285714285713,SL,-1.0671700534759352,0.005955034711164959,1,0.25925925925925397,2.209376208572143
XRPUSDT,SHORT,1771683300,1771684200,1.447,1.455857142857143,1.4425714285714286,SL,-1.0653483870967742,0.00612103860203377,1,0.1344086021505419,2.208991598077735
BTCUSDT,SHORT,1771684200,1771688700,68413.7,68680.45714285714,68280.32142857142,SL,-1.1025857441225304,0.003899177253344597,1,0.20169342599249235,2.559975485748384
ADAUSDT,LONG,1771720200,1771725600,0.2783,0.27637142857142855,0.2792642857142857,TP2,0.4422785185185044,0.006929829064216451,1,0.25000000000000144,-2.6323863452527125
NEARUSDT,LONG,1771720200,1771729200,1.0398,1.0296714285714288,1.0448642857142858,SL,-1.041064033850494,0.00974088423597938,1,0.20341880341880458,-3.2390634781408636
ZECUSDT,LONG,1771721100,1771722900,257.68,255.17285714285717,258.93357142857144,TP2,0.45888866096866654,0.009729675788353192,1,0.1423813488759358,-2.048882900363891
HYPEUSDT,SHORT,1771723800,1771728300,29.862,30.053714285714282,29.766142857142857,TP2,0.4376947839046196,0.006420008228326453,1,0.1065353625783342,2.391164242993614
DOTUSDT,SHORT,1771726500,1771727400,1.363,1.3725714285714286,1.3582142857142858,TP2,0.44303880597013745,0.007022324703909415,1,0.2352941176470573,2.4165919887140697
DOTUSDT,LONG,1771729200,1771732800,1.347,1.3362857142857143,1.3523571428571428,TP2,0.449712,0.00795418390073178,1,0.21739130434782608,-3.2885369125926074
LABUSDT,LONG,1771730100,1771731000,0.13823,0.13664714285714286,0.13902142857142857,SL,-1.0349317689530686,0.01145089447194632,1,0.20255183413078232,-2.0550486095964553
AVAXUSDT,LONG,1771737300,1771747200,8.993,8.935428571428572,9.021785714285715,TP2,0.4375176178660053,0.006401804578164004,1,0.20754716981131924,-2.625575021159561
SEIUSDT,LONG,1771739100,1771741800,0.0698,0.06943142857142857,0.06998428571428571,TP2,0.4242480620154842,0.005280392959475994,1,0.24022346368715075,-2.0314126992281434
LINKUSDT,SHORT,1771744500,1771745400,8.863,8.90557142857143,8.841714285714286,TP2,0.41672348993286557,0.00480327525346145,1,0.07999999999999964,2.0966629997189328
TAOUSDT,SHORT,1771745400,1771748100,179.0,180.37142857142857,178.31428571428572,TP2,0.44779166666666664,0.007661612130885869,1,0.20754716981131813,2.1384715882176053
SOLUSDT,SHORT,1771746300,1771747200,85.42,85.81857142857143,85.2207142857143,TP2,0.4142738351254299,0.004666020002006876,1,0.2588832487309691,2.4008770327353273
SUIUSDT,LONG,1771749000,1771754400,0.9314,0.9259714285714286,0.9341142857142857,TP2,0.4313705263157793,0.005828399644160869,1,0.19491525423729056,-2.1181424327494653
LABUSDT,LONG,1771750800,1771752600,0.1369,0.1355442857142857,0.13757785714285714,SL,-1.040391991570074,0.00990295314619636,1,0.11375661375661396,-2.4014947376359044
SEIUSDT,SHORT,1771754400,1771762500,0.07018,0.07046142857142858,0.07003928571428572,TP2,0.40025177664974687,0.004010096486585542,1,0.20353982300884804,2.4200678697110867
ADAUSDT,SHORT,1771755300,1771757100,0.2769,0.2783428571428571,0.2761785714285714,TP2,0.4232356435643756,0.005210751689624929,1,0.08571428571428481,2.190801834864328
AVAXUSDT,SHORT,1771755300,1771756200,9.048,9.091142857142858,9.026428571428571,TP2,0.4161112582781451,0.00476822028546163,1,0.17460317460317729,2.874800001982787
BTCUSDT,SHORT,1771758900,1771762500,68187.9,68346.25714285714,68108.72142857141,TP2,0.3277617320704158,0.0023223642736782775,1,0.16445580949337035,2.729365453839425
ETHUSDT,SHORT,1771758900,1771762500,1980.91,1987.162857142857,1977.7835714285716,TP2,0.37327968928489763,0.0031565579167438743,1,0.18264840182648956,2.6453004225329537
AVAXUSDT,LONG,1771762500,1771764300,8.948,8.900285714285715,8.971857142857143,SL,-1.0750131736526956,0.005332396704770356,1,0.2094861660079057,-2.2675285024721674
LINKUSDT,LONG,1771762500,1771764300,8.774,8.73042857142857,8.795785714285714,SL,-1.0805481967213102,0.004965970888013369,1,0.2931034482758734,-2.2106992567443298
XLMUSDT,LONG,1771762500,1771769700,0.15529,0.15447000000000002,0.1557,SL,-1.0757512195121957,0.005280443042050327,1,0.02173913043478146,-2.0654379173401427
ETHUSDT,LONG,1771765200,1771767900,1965.67,1956.3857142857144,1970.3121428571428,SL,-1.0846880443145102,0.004723216874798763,1,0.24171952078928644,-2.030309507308464
NEARUSDT,LONG,1771766100,1771770600,1.017,1.0093,1.0208499999999998,SL,-1.0528311688311693,0.007571288102261469,1,0.29973474801061717,-2.057358206383345
AVAXUSDT,SHORT,1771804800,1771806600,8.874,8.92,8.851,TP2,0.42283478260869545,0.005183682668469673,1,0.2913385826771612,2.2189697918891227
LABUSDT,SHORT,1771805700,1771806600,0.13716,0.13869285714285715,0.13639357142857142,TP2,0.46420801491147234,0.011175686372536783,1,0.2939346811819604,3.2735079540554657
XLMUSDT,LONG,1771806600,1771807500,0.1542,0.15329142857142858,0.15465428571428572,SL,-1.0678867924528295,0.005892162312395831,1,0.23142250530784902,-2.0941645571880048
AAVEUSDT,LONG,1771807500,1771809300,116.96,116.00142857142856,117.4392857142857,SL,-1.0488059612518628,0.008195720148524537,1,0.17578125000000094,-2.053734332013382
BTCUSDT,LONG,1771807500,1771808400,67161.0,66832.3,67325.35,SL,-1.081729236385763,0.00489420943702442,1,0.14142848323971025,-2.678133720141651
ADAUSDT,LONG,1771808400,1771809300,0.2681,0.2657857142857143,0.26925714285714286,SL,-1.0463382716049385,0.008632173496030232,1,0.13131313131312927,-2.129138816294922
SEIUSDT,SHORT,1771893900,1771895700,0.06711,0.06763142857142858,0.06684928571428572,TP2,0.44851835616437,0.007769759669625532,1,0.2738461538461542,2.041946376328022
ETHUSDT,LONG,1771895700,1771896600,1844.9,1828.747142857143,1852.9764285714286,SL,-1.045686035199434,0.00875541066879352,1,0.0531233025529586,-2.582797461743652
SOLUSDT,LONG,1771895700,1771896600,77.42,76.60428571428571,77.82785714285714,SL,-1.0379642732049037,0.010536221721961855,1,0.11659192825112034,-2.6224571552584615
XRPUSDT,LONG,1771895700,1771896600,1.3438,1.3327000000000002,1.34935,SL,-1.0484252252252253,0.00826015776157165,1,0.13575525812619335,-2.686121906159156
ADAUSDT,LONG,1771978500,1771980300,0.2578,0.25567142857142855,0.2588642857142857,TP2,0.4515543624161208,0.00825667738002889,1,0.21649484536083477,-2.2273128396312933
LABUSDT,SHORT,1771980300,1771982100,0.13477,0.1366457142857143,0.13383214285714287,SL,-1.0287399847677077,0.013917891858086237,1,0.2617079889807136,2.310150522736298
SEIUSDT,SHORT,1771980300,1771982100,0.06614,0.06661142857142857,0.06590428571428572,SL,-1.0561187878787877,0.007127737699252692,1,0.14644351464435001,2.0637045167493895
HYPEUSDT,SHORT,1771981200,1771982100,27.391,27.739142857142856,27.216928571428568,SL,-1.0314709889208042,0.012710118547802483,1,0.13305237808549147,2.1190514400825298
HYPEUSDT,LONG,1772064000,1772065800,27.884,27.28242857142857,28.184785714285713,TP2,0.4814592258370904,0.02157407217656822,1,0.25773195876288607,-2.0253282459415742
LABUSDT,SHORT,1772071200,1772072100,0.15079,0.15378285714285714,0.14929357142857144,TP2,0.4798466825775656,0.01984784894792184,1,0.2910216718266258,2.288661537816378
BTCUSDT,SHORT,1772081100,1772082900,68705.9,69258.59999999999,68429.54999999999,TP2,0.45027617152163407,0.008044432865299735,1,0.2842752787389443,2.214616033272974
ETHUSDT,SHORT,1772081100,1772082900,2075.0,2097.2957142857144,2063.852142857143,TP2,0.4627731146280412,0.010744922547332166,1,0.19016323934703924,2.41387636981318
LINKUSDT,SHORT,1772081100,1772082900,9.301,9.406714285714287,9.248142857142858,TP2,0.4648070270270188,0.011365905355798973,1,0.08947368421052712,2.096198264627966
ADAUSDT,LONG,1772082900,1772086500,0.2939,0.2900142857142857,0.29584285714285713,TP2,0.46974558823529405,0.01322121226850724,1,0.23618090452261248,-2.0204346663506927
DOTUSDT,LONG,1772082900,1772097300,1.595,1.541,1.6219999999999999,TP2,0.48818518518518317,0.033855799373040785,1,0.09890109890109951,-2.0063645846358034
LABUSDT,LONG,1772082900,1772094600,0.1467,0.14429999999999998,0.1479,TP2,0.47555000000000003,0.01635991820040901,1,0.17013888888888876,-2.6528790910662474
AVAXUSDT,LONG,1772089200,1772105400,9.358,9.251142857142858,9.411428571428573,SL,-1.035029946524064,0.011418801331175841,1,0.21558441558441618,-2.4651160460697703
TAOUSDT,SHORT,1772091000,1772091900,185.7,188.64285714285714,184.22857142857143,TP2,0.474759223300966,0.0158473728748365,1,0.09734513274336297,2.327256074151605
HYPEUSDT,SHORT,1772097300,1772099100,28.623,29.009285714285717,28.429857142857145,SL,-1.0296392011834319,0.013495640369133716,1,0.2900843881856546,2.95107736880968
LABUSDT,SHORT,1772099100,1772100900,0.15119,0.15374857142857143,0.14991071428571426,TP2,0.4763633724176493,0.016922887946103856,1,0.22413793103448135,2.8689515052786576
SEIUSDT,SHORT,1772099100,1772100900,0.07141,0.072,0.071115,TP2,0.4515864406779778,0.008262148158521205,1,0.061946902654867984,2.541926378450747
XLMUSDT,SHORT,1772100000,1772103600,0.16484,0.16633428571428568,0.16409285714285712,TP2,0.45587456978968416,0.00906506742468885,1,0.25440000000000335,2.1012900991718064
ADAUSDT,LONG,1772105400,1772110800,0.2907,0.2867571428571429,0.2926714285714286,TP2,0.4705086956521739,0.013563320064868057,1,0.19708029197080162,-2.3441485743022614
NEARUSDT,LONG,1772105400,1772108100,1.1208,1.1073285714285714,1.1275357142857143,TP2,0.46672067868504774,0.01201947588457225,1,0.1761442441054081,-2.5917275295228466
AVAXUSDT,LONG,1772106300,1772109000,9.245,9.153571428571427,9.290714285714285,TP2,0.45955312500000023,0.0098895155682609,1,0.29658792650918825,-2.275373238367706
NEARUSDT,SHORT,1772109000,1772109900,1.1489,1.1642,1.14125,TP2,0.4699633986928104,0.013317085908260043,1,0.2569444444444443,2.6237558578099747
AAVEUSDT,LONG,1772114400,1772116200,113.73,112.33285714285715,114.42857142857143,TP2,0.4674392638036809,0.0122847345216113,1,0.22641509433962134,-2.029099199813721
ETHUSDT,LONG,1772118000,1772119800,2050.32,2028.237142857143,2061.361428571429,SL,-1.0371386725320222,0.010770444195470527,1,0.28541383149820276,-2.5694414031167687
SOLUSDT,LONG,1772118900,1772120700,86.53,85.4,87.095,SL,-1.0306300884955752,0.013059054663122587,1,0.28342245989304804,-2.1599111971724296
HYPEUSDT,LONG,1772119800,1772121600,28.211,27.59428571428571,28.519357142857142,TP2,0.4817023859161455,0.02186077365971737,1,0.28153380423814295,-2.064541626868443
ADAUSDT,LONG,1772122500,1772125200,0.2889,0.28372857142857144,0.2914857142857143,SL,-1.0223458563535912,0.017900410423774913,1,0.09890109890110024,-2.0227305169333447
DOTUSDT,LONG,1772122500,1772136900,1.554,1.4981428571428572,1.5819285714285716,TP2,0.48887161125319895,0.0359441073726788,1,0.09243697478991597,-2.481953184479527
LINKUSDT,LONG,1772122500,1772125200,9.067,8.920714285714286,9.140142857142857,SL,-1.024792578125,0.016133860624872026,1,0.26810176125244933,-2.011599029590149
AVAXUSDT,LONG,1772126100,1772131500,9.129,8.961285714285713,9.212857142857143,TP2,0.47822725724020443,0.018371594447834993,1,0.249621785173977,-2.3715831919813106
SUIUSDT,LONG,1772126100,1772133300,0.9156,0.893842857142857,0.9264785714285714,TP2,0.4831669074195641,0.023762716095612573,1,0.2950450450450458,-2.2745176568483485
LABUSDT,SHORT,1772132400,1772137800,0.15051,0.1531857142857143,0.14917214285714286,SL,-1.0225001601708488,0.017777651223933884,1,0.13858695652174077,2.0487799498890875
DOTUSDT,SHORT,1772141400,1772142300,1.586,1.6157142857142859,1.5711428571428572,TP2,0.47865,0.018735362997658076,1,0.18666666666666695,2.1568418704175083
BTCUSDT,LONG,1772153100,1772157600,67102.1,66719.5142857143,67293.39285714287,TP2,0.429843590605299,0.005701546066154637,1,0.29321366307224905,-2.8705199081582835
ETHUSDT,LONG,1772153100,1772157600,2012.87,1997.522857142857,2020.5435714285713,TP2,0.44753759657451386,0.007624507721384358,1,0.2462311557788936,-3.0549590710065018
LINKUSDT,LONG,1772153100,1772156700,9.02,8.953999999999999,9.052999999999999,TP2,0.44533333333331987,0.007317073170731703,1,0.23225806451613173,-2.7013987387602816
LABUSDT,SHORT,1772156700,1772186400,0.15772,0.16146285714285713,0.15584857142857142,TP2,0.4831444274809197,0.023731024238252213,1,0.2893910860012567,2.728800864818519
TAOUSDT,SHORT,1772159400,1772164800,184.5,187.14285714285714,183.17857142857144,SL,-1.0279243243243243,0.014324428958575278,1,0.13333333333333255,2.0573247053063857
AAVEUSDT,SHORT,1772160300,1772164800,115.06,116.16428571428571,114.50785714285715,SL,-1.0416776196636481,0.009597477092696982,1,0.11190053285967956,2.0408117784639423
BTCUSDT,SHORT,1772165700,1772172900,67900.0,68429.92857142858,67635.03571428571,TP2,0.4487478096778544,0.007804544498211686,1,0.15494846224754544,2.8040462438778397
ETHUSDT,SHORT,1772165700,1772168400,2051.78,2074.4671428571432,2040.4364285714287,TP2,0.46382479692714573,0.011057297983771608,1,0.24083828308864674,2.665992554867824
SEIUSDT,SHORT,1772182800,1772184600,0.07188,0.07245,0.07159499999999999,TP2,0.4495578947368544,0.007929883138564289,1,0.27203065134099835,2.0415257326408565
ETHUSDT,LONG,1772185500,1772187300,2019.06,1998.8628571428571,2029.1585714285713,SL,-1.0399870420144293,0.010003240546166454,1,0.28126936903433786,-2.58225180499944
LINKUSDT,LONG,1772185500,1772187300,9.116,9.027571428571429,9.160214285714286,SL,-1.0412355411954768,0.009700369836394378,1,0.1830985915492969,-2.756843993068165
SOLUSDT,LONG,1772185500,1772187300,86.7,85.85857142857144,87.12071428571429,SL,-1.0412156196943976,0.009705058493985737,1,0.20833333333333473,-2.440478977779685
TAOUSDT,SHORT,1772236800,1772239500,175.9,177.84285714285716,174.92857142857144,SL,-1.036214705882353,0.011045236741655156,1,0.10810810810810914,2.0135489325286935
AVAXUSDT,SHORT,1772237700,1772241300,8.963,9.034714285714285,8.927142857142856,TP2,0.4500071713147408,0.008001147574950943,1,0.06887052341597937,2.035287200225069
ETHUSDT,SHORT,1772237700,1772238600,1935.63,1956.0800000000002,1925.4050000000002,TP2,0.4621392665036619,0.01056503567314,1,0.24445097750992298,2.3811836396898314
HYPEUSDT,SHORT,1772239500,1772241300,27.482,27.78042857142857,27.332785714285713,TP2,0.46316438487315087,0.010859055797560958,1,0.2588699080157684,2.2153722982252835
SUIUSDT,SHORT,1772240400,1772243100,0.9035,0.9141142857142857,0.8981928571428571,TP2,0.4659515477792732,0.011747964265949883,1,0.14364640883977892,2.0181343650911128
HYPEUSDT,LONG,1772246700,1772249400,26.85,26.525000000000002,27.0125,TP2,0.46695384615384056,0.01210428305400366,1,0.15099009900990087,-2.033358366363677
AAVEUSDT,LONG,1772250300,1772258400,111.66,110.74285714285715,112.11857142857143,SL,-1.0486990654205608,0.008213709986950165,1,0.06787330316741971,-2.51812004571432
SUIUSDT,LONG,1772250300,1772259300,0.8907,0.8830428571428572,0.8945285714285715,SL,-1.046529104477612,0.008596769795826714,1,0.09135802469135648,-2.4885788728325497
DOTUSDT,LONG,1772252100,1772259300,1.56,1.530857142857143,1.5745714285714287,SL,-1.0214117647058825,0.018681318681318677,1,0.2740740740740739,-2.421868546458853
ETHUSDT,LONG,1772259300,1772260200,1910.0,1897.3528571428571,1916.3235714285715,SL,-1.060408900937535,0.006621540762902052,1,0.27639338025489324,-3.1712276627601135
LABUSDT,SHORT,1772326800,1772329500,0.16078,0.1637242857142857,0.15930785714285717,SL,-1.0218429888403688,0.018312512217226674,1,0.2169216921692158,2.1148687029238555
AVAXUSDT,LONG,1772327700,1772328600,9.07,8.967428571428572,9.121285714285715,TP2,0.4646295264624043,0.01130886753819502,1,0.036697247706421604,-2.171336754888041
BTCUSDT,LONG,1772327700,1772329500,66273.8,65553.38571428572,66634.00714285714,TP2,0.4632023954470538,0.010870272803344318,1,0.13895705521472518,-2.396889884969872
ETHUSDT,LONG,1772327700,1772329500,1948.09,1926.8428571428572,1958.7135714285714,TP2,0.4633251395145618,0.010906653623365858,1,0.11432589913602685,-2.137557200233172
SOLUSDT,SHORT,1772329500,1772330400,85.22,86.37285714285714,84.64357142857143,SL,-1.0295682775712516,0.013528011533174629,1,0.09010989010988969,2.4531136903725375
XRPUSDT,SHORT,1772329500,1772330400,1.3852,1.4026,1.3765,SL,-1.0318436781609195,0.012561362980075116,1,0.07797537619699124,2.2267270521663853
AVAXUSDT,SHORT,1772330400,1772331300,9.267,9.39042857142857,9.205285714285713,SL,-1.0300319444444446,0.013319150904129847,1,0.20282186948853456,2.657327149070766
NEARUSDT,SHORT,1772331300,1772332200,1.191,1.2211857142857143,1.175907142857143,TP2,0.4842176999526702,0.025344848266762577,1,0.2552147239263801,2.920744598740529
DOTUSDT,SHORT,1772411400,1772413200,1.545,1.5695714285714284,1.5327142857142857,SL,-1.0251511627906977,0.015903837263060557,1,0.22916666666666508,2.1276572967332354
HYPEUSDT,SHORT,1772411400,1772414100,32.556,33.39857142857143,32.13471428571428,TP2,0.4845444557477111,0.02588068032225791,1,0.2734899328859059,3.319342662285953
AAVEUSDT,SHORT,1772412300,1772413200,115.68,117.86428571428573,114.58785714285715,TP2,0.4788159581425769,0.01888213791740765,1,0.2927536231884061,2.452810701058915
LABUSDT,SHORT,1772417700,1772421300,0.16957,0.17263285714285714,0.16803857142857143,TP2,0.4778546641791045,0.018062494208038855,1,0.13940520446096677,2.2189562447564146
TAOUSDT,SHORT,1772422200,1772428500,180.0,183.31428571428572,178.34285714285713,TP2,0.4782758620689699,0.01841269841269845,1,0.19298245614035256,2.151613182317016
DOTUSDT,LONG,1772429400,1772435700,1.538,1.5102857142857142,1.5518571428571428,SL,-1.0221979381443298,0.018019691621772242,1,0.17283950617283927,-2.0301158003670707
ADAUSDT,LONG,1772432100,1772433000,0.2737,0.27075714285714286,0.27517142857142857,SL,-1.037201941747573,0.01075212693773153,1,0.19444444444444808,-2.3044527574474554
LINKUSDT,LONG,1772433000,1772435700,8.709,8.609857142857143,8.758571428571429,SL,-1.0351371757925074,0.011383954201728873,1,0.1673306772908351,-2.04311163582026
SOLUSDT,LONG,1772433900,1772442900,83.26,82.26285714285716,83.75857142857143,TP2,0.46660057306590247,0.011976253388696297,1,0.2598425196850374,-2.263012129726575
SOLUSDT,LONG,1772496900,1772498700,86.46,85.42857142857143,86.97571428571428,TP2,0.46646980609418276,0.011929546280691294,1,0.18120805369127688,-2.0178175434696017
SEIUSDT,LONG,1772497800,1772498700,0.06884,0.06822285714285714,0.06914857142857142,TP2,0.4553814814814701,0.008964887523864843,1,0.2571428571428543,-2.09151723418386
XRPUSDT,LONG,1772497800,1772498700,1.385,1.372142857142857,1.3914285714285715,TP2,0.45691111111111116,0.00928313563692626,1,0.2039473684210522,-2.0622717648591187
AVAXUSDT,LONG,1772504100,1772506800,9.117,9.021285714285714,9.164857142857144,TP2,0.4618991044776121,0.010498440903179357,1,0.20843091334894487,-2.2412323803289826
TAOUSDT,LONG,1772504100,1772528400,183.4,179.72857142857143,185.2357142857143,SL,-1.0199813229571983,0.020018694500701078,1,0.2704402515723259,-2.46164586486632
ZECUSDT,LONG,1772514000,1772514900,219.94,216.62714285714287,221.59642857142856,TP2,0.47344407072013794,0.015062549526494218,1,0.2210526315789451,-2.516549348579143
DOTUSDT,LONG,1772518500,1772520300,1.489,1.469857142857143,1.4985714285714287,TP2,0.468886567164179,0.012856183440468143,1,0.22388059701492558,-2.023536446522199
NEARUSDT,LONG,1772519400,1772529300,1.3504,1.3010714285714287,1.3750642857142858,TP2,0.4890497538372452,0.03652885917400135,1,0.21625408687529177,-2.0123068659506247
LABUSDT,SHORT,1772520300,1772521200,0.16214,0.16405142857142857,0.16118428571428572,SL,-1.0339306427503738,0.011788753986854372,1,0.07142857142856958,2.520066319977623
SEIUSDT,SHORT,1772523000,1772525700,0.06897,0.06953857142857144,0.0686857142857143,TP2,0.45147839195978706,0.00824374987054418,1,0.0829694323144091,2.0521216749397797
DOTUSDT,SHORT,1772524800,1772526600,1.516,1.5354285714285714,1.5062857142857144,TP2,0.46878823529411173,0.012815680361854433,1,0.2359550561797755,2.7405376109346955
SOLUSDT,LONG,1772525700,1772528400,85.15,84.2,85.625,SL,-1.0358526315789474,0.011156782149148546,1,0.24031007751937852,-2.3966329492618446
TAOUSDT,LONG,1772529300,1772531100,179.4,177.24285714285716,180.47857142857143,SL,-1.0332662251655629,0.012024207676381583,1,0.19266055045871397,-2.002455253938321
ZECUSDT,LONG,1772529300,1772540100,214.89,210.88571428571427,216.89214285714283,TP2,0.4785339992864752,0.01863411845263023,1,0.2787028921998231,-2.2514924569745554
SUIUSDT,LONG,1772530200,1772540100,0.8973,0.8849857142857143,0.9034571428571428,TP2,0.47085336426914154,0.013723710814984646,1,0.28395061728395127,-2.334856299723473
LABUSDT,SHORT,1772543700,1772544600,0.163,0.16541142857142857,0.16179428571428572,SL,-1.027037914691943,0.014794040315512735,1,0.24976437323279835,2.6189229011768975
HYPEUSDT,LONG,1772545500,1772548200,31.329,30.79957142857143,31.593714285714288,TP2,0.4763299514301167,0.016898993629818122,1,0.1843003412969279,-2.754282564073373
SOLUSDT,LONG,1772545500,1772547300,83.42,82.23714285714286,84.01142857142858,TP2,0.4717903381642573,0.014179538993732282,1,0.1407942238267145,-2.0302035956777114
DOTUSDT,SHORT,1772548200,1772549100,1.504,1.5258571428571428,1.4930714285714286,TP2,0.4724758169934639,0.014532674772036413,1,0.12087912087911981,2.631701294487389
ADAUSDT,LONG,1772549100,1772552700,0.2624,0.2590571428571429,0.2640714285714286,TP2,0.46860170940171775,0.012739547038327543,1,0.15107913669064657,-2.2047567048143137
ETHUSDT,LONG,1772549100,1772550000,1936.62,1906.832857142857,1951.5135714285714,TP2,0.47399388038942986,0.015380995165361793,1,0.10881238155401107,-2.149291651107759
NEARUSDT,SHORT,1772552700,1772556300,1.3866,1.4265,1.3666500000000001,TP2,0.486099248120298,0.028775421895283433,1,0.21631959201019987,3.241539254109004
AVAXUSDT,SHORT,1772553600,1772554500,9.155,9.290285714285712,9.087357142857142,SL,-1.0270686378035905,0.014777248966216648,1,0.282312925170066,2.8405765832413095
XRPUSDT,SHORT,1772553600,1772555400,1.3639,1.3839142857142857,1.353892857142857,SL,-1.0272585296216987,0.014674305824683478,1,0.1380042462844996,2.058295745704396
ETHUSDT,SHORT,1772555400,1772556300,2005.18,2046.5657142857144,1984.487142857143,TP2,0.4806195926820822,0.020639401094023638,1,0.23519458544839286,2.590951900074652
HYPEUSDT,LONG,1772569800,1772576100,31.467,30.797142857142855,31.80192857142857,SL,-1.0187902751119642,0.02128760742546612,1,0.09548563611491101,-2.158456854530193
LINKUSDT,LONG,1772572500,1772576100,8.711,8.593,8.77,TP2,0.4704711864406705,0.013546091149121838,1,0.257142857142857,-2.1836653116360605
SUIUSDT,LONG,1772572500,1772576100,0.8972,0.8825857142857143,0.9045071428571428,TP2,0.47544320625610953,0.016288771415833413,1,0.29113924050632867,-2.2977726962718723
AAVEUSDT,SHORT,1772576100,1772579700,110.79,112.54857142857144,109.91071428571429,SL,-1.0252,0.015873015873015876,1,0.16990291262135915,2.3566159487630207
SOLUSDT,SHORT,1772577000,1772579700,85.81,87.08142857142857,85.17428571428572,SL,-1.026996404494382,0.014816787920155835,1,0.17470881863560753,2.004239333499926
SEIUSDT,SHORT,1772577900,1772578800,0.06793,0.06861428571428571,0.06758785714285714,TP2,0.46029144050105386,0.010073394881285332,1,0.08024691358025024,2.5267119386166907
ZECUSDT,SHORT,1772579700,1772583300,221.88,225.35571428571427,220.14214285714286,TP2,0.47446510480887794,0.0156648381364444,1,0.14317302377003932,2.1447956080176374
LABUSDT,LONG,1772583300,1772586000,0.17932,0.17449714285714288,0.18173142857142857,TP2,0.48512748815165874,0.026895255090659917,1,0.060029282576867335,-2.54961571091731
NEARUSDT,SHORT,1772584200,1772585100,1.377,1.4005285714285716,1.3652357142857143,TP2,0.4765901639344216,0.01708683473389361,1,0.1690821256038649,2.260250996554652
DOTUSDT,SHORT,1772587800,1772590500,1.543,1.5671428571428572,1.5309285714285714,TP2,0.4744355029585754,0.015646699379687132,1,0.07547169811320739,2.193111269065113
ADAUSDT,SHORT,1772588700,1772589600,0.2653,0.2688285714285714,0.26353571428571426,TP2,0.4699255060728745,0.013300306930159928,1,0.28057553956833853,2.774512799352835
BTCUSDT,SHORT,1772588700,1772589600,68675.0,69349.4857142857,68337.75714285714,TP2,0.4592726733596074,0.00982141557023245,1,0.13870590408175473,2.1298838566274862
ETHUSDT,LONG,1772595000,1772603100,1963.69,1939.2785714285715,1975.8957142857143,TP2,0.4678234316479401,0.012431406470180418,1,0.20152728627304844,-2.0390207605771224
SOLUSDT,LONG,1772595000,1772599500,86.14,84.77571428571429,86.82214285714286,SL,-1.0252557068062826,0.015838004577266262,1,0.0646258503401379,-2.0262151286572987
SUIUSDT,LONG,1772595000,1772609400,0.9013,0.8880142857142858,0.9079428571428572,TP2,0.4728640860215096,0.014740612765687652,1,0.1663920922570017,-2.0307514752600744
ADAUSDT,LONG,1772602200,1772603100,0.2589,0.2551285714285714,0.2607857142857143,TP2,0.4725409090909017,0.014567124648237034,1,0.14124293785310663,-2.0377881989867537
NEARUSDT,LONG,1772604900,1772612100,1.3552,1.3206714285714285,1.3724642857142857,TP2,0.4843005378568473,0.0254785798616967,1,0.19676549865229206,-2.501784966200805
AAVEUSDT,SHORT,1772606700,1772612100,111.89,113.36714285714285,111.15142857142857,SL,-1.0302990328820116,0.01320174150632637,1,0.2029197080291986,2.6129822335320982
BTCUSDT,SHORT,1772606700,1772611200,68634.6,69336.47142857143,68283.66428571429,SL,-1.0391151981437383,0.010226204109464107,1,0.0782576135796321,2.196945244127892
HYPEUSDT,SHORT,1772606700,1772611200,31.364,31.78714285714286,31.152428571428572,SL,-1.029648615800135,0.01349135496565676,1,0.07001795332136486,2.3932448132812505
ADAUSDT,SHORT,1772612100,1772614800,0.265,0.2684,0.26330000000000003,SL,-1.0311764705882354,0.012830188679245276,1,0.09278350515464,2.16272859459101
LINKUSDT,SHORT,1772612100,1772614800,8.929,9.033428571428571,8.876785714285715,SL,-1.0342013679890563,0.01169543861894623,1,0.2645161290322594,2.6698769244863723
AVAXUSDT,SHORT,1772613900,1772614800,9.225,9.332714285714285,9.171142857142858,SL,-1.0342572944297082,0.011676345334881913,1,0.08083832335329326,2.0094636778760395
NEARUSDT,LONG,1772669700,1772672400,1.2924,1.2720714285714285,1.3025642857142856,SL,-1.0254302178496135,0.01572931865410975,1,0.2664576802507836,-2.80103479749389
DOTUSDT,LONG,1772676000,1772676900,1.518,1.4934285714285713,1.5302857142857142,TP2,0.47528837209301883,0.016186711838885787,1,0.23478260869565143,-2.2243868603177366
ETHUSDT,LONG,1772682300,1772683200,2108.09,2082.838571428572,2120.7157142857145,TP2,0.46660640416384674,0.011978344649150846,1,0.21509574270310272,-2.095903174193458
DOTUSDT,SHORT,1772686800,1772688600,1.548,1.568857142857143,1.5375714285714286,TP2,0.4703123287671234,0.013473606496862363,1,0.14999999999999972,2.449310836911203
ZECUSDT,LONG,1772688600,1772694000,235.75,232.3257142857143,237.46214285714285,TP2,0.47246141009595327,0.014525071958794121,1,0.29677419354838774,-2.392807402422211
AVAXUSDT,LONG,1772689500,1772694000,9.398,9.32,9.437,TP2,0.45180512820512814,0.008299638220898055,1,0.11796733212341028,-2.061124351006005
AAVEUSDT,LONG,1772691300,1772694000,114.72,113.48428571428572,115.33785714285715,TP2,0.46286520231214445,0.010771568041442508,1,0.22272047832585834,-2.4616584791939653
SOLUSDT,SHORT,1772694000,1772697600,90.83,91.75142857142856,90.36928571428571,TP2,0.46056992248062756,0.010144540035545147,1,0.14960629921259766,2.497443118887474
BTCUSDT,LONG,1772697600,1772702100,72029.9,71369.78571428571,72359.95714285714,TP2,0.4563530730609416,0.009164448176580587,1,0.21240321620011945,-2.049331204385102
ETHUSDT,LONG,1772698500,1772700300,2096.5,2072.45,2108.525,TP2,0.4651309771309771,0.011471500119246357,1,0.14874100719424452,-2.294287645311181
TAOUSDT,LONG,1772698500,1772699400,184.1,181.97142857142856,185.1642857142857,TP2,0.46540402684563753,0.011562039264374935,1,0.14285714285714368,-2.267055320624284
NEARUSDT,SHORT,1772700300,1772701200,1.3089,1.3275000000000001,1.2995999999999999,SL,-1.028148387096774,0.014210405684162358,1,0.26390114739629295,2.6631531577154828
AAVEUSDT,SHORT,1772702100,1772707500,116.91,118.52571428571427,116.10214285714285,SL,-1.0289432360742707,0.013820154697752801,1,0.12928759894458994,2.3578958671610737
HYPEUSDT,SHORT,1772702100,1772704800,31.99,32.37128571428571,31.79935714285714,TP2,0.46643986511802654,0.011918903228687588,1,0.17266562336984928,2.329041405802169
TAOUSDT,SHORT,1772703000,1772706600,188.1,190.34285714285713,186.97857142857143,SL,-1.0335464968152865,0.011923748765854041,1,0.13274336283185828,2.4404053451547396
ADAUSDT,SHORT,1772706600,1772711100,0.2754,0.2785714285714285,0.2738142857142857,TP2,0.46526486486487356,0.011515717398070311,1,0.14102564102564427,2.452104345616495
BTCUSDT,SHORT,1772707500,1772710200,73259.7,73972.77142857143,72903.16428571429,TP2,0.45890470600019023,0.009733474592053074,1,0.27037492317148093,2.301451657268243
HYPEUSDT,LONG,1772717400,1772721900,31.566,31.13,31.784,TP2,0.47104036697247714,0.013812329721852673,1,0.08571428571428583,-2.307842634733754
BTCUSDT,LONG,1772721900,1772722800,71972.0,71279.52857142857,72318.23571428572,TP2,0.45842601035629166,0.009621400385864409,1,0.21147909065394369,-2.4869201119821445
ETHUSDT,LONG,1772721900,1772722800,2098.2,2070.8571428571427,2111.871428571428,TP2,0.4693053291535966,0.013031578087340115,1,0.22432363667203972,-2.405684592147358
ADAUSDT,LONG,1772723700,1772727300,0.2722,0.2677285714285714,0.2744357142857143,SL,-1.024350159744409,0.01642699695601976,1,0.16923076923077038,-2.213590907810582
LINKUSDT,LONG,1772723700,1772727300,9.267,9.122,9.3395,SL,-1.0255641379310345,0.015646919175569207,1,0.14992272024729758,-2.7227750986116486
NEARUSDT,LONG,1772723700,1772727300,1.2803,1.2622285714285713,1.2893357142857143,SL,-1.028338656126482,0.014114995369388952,1,0.2178217821782192,-2.062916865003906
TAOUSDT,LONG,1772756100,1772761500,184.7,182.2285714285714,185.93571428571428,TP2,0.470106358381503,0.013380771908113598,1,0.14782608695652075,-2.043980726881628
HYPEUSDT,LONG,1772760600,1772761500,30.356,30.029571428571433,30.519214285714288,TP2,0.462802275711165,0.010753346008320262,1,0.10502793296089347,-2.219039031199441
NEARUSDT,LONG,1772760600,1772761500,1.2622,1.2481285714285715,1.2692357142857142,TP2,0.4641202030456853,0.011148335106503388,1,0.21543408360128577,-2.2751120416554693
XLMUSDT,SHORT,1772761500,1772764200,0.15884,0.16023285714285715,0.15814357142857144,SL,-1.04561558974359,0.008768931899125787,1,0.11111111111111192,2.621074421114162
SEIUSDT,SHORT,1772764200,1772769600,0.06809,0.06864714285714285,0.06781142857142856,SL,-1.0488851282051281,0.008182447600864434,1,0.14950166112956945,2.343069068775442
LABUSDT,SHORT,1772765100,1772766900,0.15183,0.15837142857142855,0.1485592857142857,TP2,0.4907157894736863,0.04308390022675732,1,0.2609523809523811,2.910113675217318
SUIUSDT,SHORT,1772769600,1772772300,0.9623,0.9737142857142858,0.9565928571428572,TP2,0.4662773466833492,0.011861462864268604,1,0.13043478260869787,2.2299032917812784
BTCUSDT,LONG,1772772300,1772780400,70497.0,69862.74285714285,70814.12857142858,TP2,0.4555404297490881,0.00899693806626023,1,0.12885306611480535,-2.0714045636718517
DOTUSDT,LONG,1772772300,1772775000,1.514,1.4958571428571428,1.5230714285714286,TP2,0.46662047244094496,0.011983393093036443,1,0.1666666666666662,-2.2517298994186885
XRPUSDT,LONG,1772772300,1772775000,1.3951,1.383,1.40115,TP2,0.45388099173552804,0.008673213389721166,1,0.13919413919414075,-2.2151710755915537
AVAXUSDT,LONG,1772775900,1772776800,9.31,9.238428571428573,9.345785714285714,TP2,0.4479680638722551,0.007687586312720513,1,0.1645569620253161,-2.2250832009356984
SOLUSDT,LONG,1772775900,1772779500,87.51,86.55142857142857,87.98928571428573,TP2,0.46348315946349505,0.010953850172225298,1,0.28051391862954983,-2.1028473434614625
HYPEUSDT,SHORT,1772776800,1772786700,30.895,31.215714285714284,30.73464285714286,TP2,0.46146726057905896,0.010380782835872628,1,0.2504548211036971,2.2807396448865904
TAOUSDT,LONG,1772779500,1772780400,186.3,183.81428571428572,187.54285714285714,TP2,0.47002068965516663,0.0133425350816655,1,0.16129032258064596,-2.0157058288523007
ADAUSDT,SHORT,1772782200,1772784900,0.2711,0.2738285714285714,0.2697357142857143,TP2,0.4602575916230362,0.010064815302734774,1,0.03448275862069065,2.0580386060670466
AVAXUSDT,SHORT,1772782200,1772786700,9.439,9.520571428571428,9.398214285714285,TP2,0.45371418563924015,0.008641956623734324,1,0.07055961070559566,2.2028077416510867
HYPEUSDT,LONG,1772788500,1772790300,30.539,30.220000000000002,30.698500000000003,SL,-1.0382934169278997,0.010445659648318562,1,0.09379310344827675,-2.0288537662131154
LINKUSDT,LONG,1772788500,1772799300,9.137,9.051142857142858,9.179928571428572,SL,-1.0425683860232946,0.009396644725527249,1,0.19612590799031349,-2.0319851033786716
AAVEUSDT,LONG,1772789400,1772797500,116.31,115.06428571428573,116.93285714285715,SL,-1.0373472477064223,0.010710293918960324,1,0.17714285714285843,-2.2131582871277296
NEARUSDT,LONG,1772793900,1772795700,1.2563,1.2446714285714284,1.2621142857142857,TP2,0.45678574938574956,0.009256205865296092,1,0.2360515021459266,-2.121622340180435
BTCUSDT,LONG,1772798400,1772799300,70185.3,69762.32857142857,70396.78571428571,SL,-1.0663735611996763,0.006026495983794681,1,0.1557964357890837,-2.0190491564504485
DOTUSDT,LONG,1772798400,1772803800,1.504,1.4881428571428572,1.5119285714285715,TP2,0.4620612612612682,0.010543313069908793,1,0.20430107526881863,-2.0141332139843815
XLMUSDT,SHORT,1772842500,1772856000,0.15261,0.15355142857142856,0.1521392857142857,TP2,0.4351581183611676,0.006168852443670567,1,0.20399999999999957,2.027636599651126
LABUSDT,SHORT,1772843400,1772847000,0.16785,0.17114000000000001,0.166205,TP2,0.4795927051671733,0.019600834078045894,1,0.29875986471251487,2.159556350349528
TAOUSDT,SHORT,1772844300,1772846100,177.6,178.94285714285715,176.92857142857142,TP2,0.4470978723404257,0.007561132561132588,1,0.13333333333332986,2.375002006999553
SEIUSDT,LONG,1772846100,1772848800,0.06577,0.06548714285714285,0.06591142857142857,TP2,0.40699191919191835,0.0043007015790959445,1,0.09459459459458991,-2.7063216161336876
DOTUSDT,SHORT,1772849700,1772853300,1.496,1.5085714285714285,1.4897142857142858,SL,-1.0476,0.00840336134453778,1,0.2,2.1347748460554508
ADAUSDT,LONG,1772850600,1772852400,0.2584,0.25720000000000004,0.259,TP2,0.41386666666666627,0.004643962848297193,1,0.02127659574467834,-2.2854547896568733
BTCUSDT,LONG,1772850600,1772852400,68068.4,67811.02857142857,68197.08571428571,TP2,0.39420985790411395,0.0037810706373505097,1,0.14313640312771322,-2.341047215673239
SOLUSDT,LONG,1772850600,1772853300,84.4,83.93571428571428,84.63214285714287,TP2,0.42728615384615415,0.005501015572105643,1,0.08653846153845923,-2.289172356446626
ADAUSDT,SHORT,1772853300,1772854200,0.2606,0.26202857142857144,0.2598857142857143,TP2,0.42703199999999963,0.005481855059752194,1,0.2500000000000025,3.2103545537539997
AAVEUSDT,LONG,1772855100,1772856900,110.35,109.71142857142857,110.6692857142857,SL,-1.0691230425055926,0.0057867823160075256,1,0.2556818181818211,-2.0652533731501626
AVAXUSDT,LONG,1772856900,1772857800,8.985,8.943714285714286,9.005642857142856,TP2,0.4129480968858131,0.0045949598537244575,1,0.2727272727272727,-2.6659387795392626
ETHUSDT,LONG,1772856900,1772858700,1969.67,1955.7342857142858,1976.6378571428572,TP2,0.4434641107124555,0.007075151820210683,1,0.24354958985831293,-2.1113473412877353
NEARUSDT,LONG,1772862300,1772866800,1.2218,1.2121142857142857,1.2266428571428571,SL,-1.0504578171091445,0.007927413885835895,1,0.24026845637583927,-2.027546571998387
BTCUSDT,LONG,1772866800,1772870400,67658.7,67316.47142857143,67829.81428571428,TP2,0.42091986976122764,0.005058160612435149,1,0.26899666208521344,-2.2673871028000887
TAOUSDT,SHORT,1772870400,1772875800,177.9,179.44285714285715,177.12857142857143,SL,-1.046122222222222,0.00867260900987717,1,0.039999999999997496,2.189689139662139
AAVEUSDT,SHORT,1772872200,1772874000,110.62,111.22428571428571,110.31785714285715,TP2,0.4267763593380613,0.005462716636102991,1,0.08441558441558535,2.0503485888926862
ETHUSDT,SHORT,1772872200,1772874000,1984.51,1994.84,1979.345,TP2,0.4231554695062923,0.0052053151659603595,1,0.05808793868495643,2.1009552609271425
SEIUSDT,LONG,1772874000,1772875800,0.06549,0.06510142857142857,0.06568428571428572,TP2,0.43258382352941177,0.0059332940688872895,1,0.1507936507936494,-2.2952558100822795
ZECUSDT,LONG,1772874000,1772874900,206.29,204.54714285714286,207.16142857142856,TP2,0.4526547540983606,0.008448577938131472,1,0.24641833810888072,-2.173252270304412
DOTUSDT,LONG,1772874900,1772876700,1.484,1.4662857142857144,1.4928571428571429,TP2,0.46649032258065115,0.011936850211782752,1,0.1851851851851878,-2.6303837968857318
SOLUSDT,SHORT,1772874900,1772882100,84.48,84.99571428571429,84.22214285714286,TP2,0.4344753462604016,0.00610457251082251,1,0.14285714285714285,2.0228841656715155
SUIUSDT,SHORT,1772876700,1772880300,0.909,0.9157428571428572,0.9056285714285714,TP2,0.44607627118644044,0.007417884645607386,1,0.2584269662921328,2.4043575393069467
HYPEUSDT,SHORT,1772877600,1772883000,30.741,31.014142857142858,30.60442857142857,SL,-1.0450182008368203,0.008885295115411227,1,0.16845329249617233,2.081243055799987
ADAUSDT,SHORT,1772882100,1772883000,0.259,0.2603857142857143,0.25830714285714285,TP2,0.4252371134020817,0.005350248207391057,1,0.14814814814815044,2.8037046017137626
XRPUSDT,SHORT,1772883000,1772885700,1.3708,1.376442857142857,1.3679785714285715,TP2,0.4028293670886067,0.0041164700487723175,1,0.2112676056338015,2.2538152959090456
AAVEUSDT,LONG,1772888400,1772890200,109.66,109.09285714285714,109.94357142857143,TP2,0.42265793450882866,0.005171829811625542,1,0.2352941176470561,-2.1508288970068743
TAOUSDT,SHORT,1772890200,1772891100,183.5,186.0857142857143,182.20714285714286,TP2,0.47161325966850826,0.014091086025690926,1,0.2941176470588244,2.638911951761484
SOLUSDT,LONG,1772891100,1772892900,84.18,83.69428571428573,84.42285714285715,SL,-1.0693247058823532,0.005769948749278741,1,0.05579399141630676,-2.0080965172473655
BTCUSDT,LONG,1772892900,1772894700,67717.2,67389.4,67881.09999999999,TP2,0.41736766320925145,0.004840719935260152,1,0.148051948051947,-2.463807815120798
DOTUSDT,LONG,1772892900,1772909100,1.472,1.4555714285714285,1.4802142857142857,SL,-1.03584,0.011160714285714263,1,0.27777777777777607,-3.2378806290136755
ETHUSDT,LONG,1772893800,1772894700,1974.59,1963.45,1980.1599999999999,TP2,0.42909910233393156,0.005641677512800111,1,0.23016650342801828,-2.0085497314658807
LINKUSDT,LONG,1772898300,1772903700,8.735,8.671857142857142,8.766571428571428,TP2,0.44466515837104076,0.007228718619674547,1,0.11705685618729025,-2.2765136900214653
XLMUSDT,LONG,1772898300,1772900100,0.15018,0.14915142857142857,0.15069428571428573,TP2,0.44159666666666675,0.006848924148165071,1,0.28155339805825136,-2.031529999442046
AAVEUSDT,LONG,1772901000,1772903700,109.36,108.59142857142857,109.74428571428572,TP2,0.44308401486989807,0.0070279026021528345,1,0.18452380952380823,-2.1547234843725636
BTCUSDT,LONG,1772907300,1772911800,67595.9,67320.77142857142,67733.46428571428,SL,-1.0982753621683372,0.004070196142496373,1,0.26644615950018374,-2.4795834563782724
ETHUSDT,LONG,1772907300,1772911800,1970.79,1960.0185714285715,1976.1757142857143,SL,-1.0731858355437665,0.005465538475143767,1,0.19874804381846925,-2.2206837936517085
SOLUSDT,LONG,1772910900,1772913600,83.06,82.51714285714286,83.33142857142857,SL,-1.0612021052631584,0.006535722885349607,1,0.2577319587628869,-2.0573873091598283
DOTUSDT,SHORT,1772928000,1772929800,1.445,1.4564285714285714,1.4392857142857143,TP2,0.4494250000000098,0.007909045971329715,1,0.07317073170731919,2.1212920884853195
AAVEUSDT,LONG,1772931600,1772935200,108.06,107.30285714285715,108.43857142857144,TP2,0.4429116981132171,0.007006689405356827,1,0.284345047923322,-2.8182780005380503
LABUSDT,LONG,1772931600,1772932500,0.14895,0.14738428571428572,0.14973285714285714,TP2,0.4619470802919705,0.010511676976933691,1,0.07438016528925481,-2.148072948480817
SUIUSDT,LONG,1772931600,1772933400,0.8887,0.8826571428571429,0.8917214285714286,TP2,0.4411735224586195,0.006799659213297094,1,0.24137931034482726,-2.221440327610323
LABUSDT,SHORT,1772933400,1772936100,0.1521,0.15421857142857143,0.1510407142857143,TP2,0.4712825354012137,0.0139288062364985,1,0.18941798941799282,2.5236849969273014
AVAXUSDT,LONG,1772937000,1772937900,8.865,8.827142857142858,8.883928571428571,SL,-1.0936679245283023,0.004270405285633693,1,0.2528735632183995,-2.4818611209633397
ETHUSDT,LONG,1772937000,1772937900,1963.06,1953.022857142857,1968.0785714285714,TP2,0.4217681753487056,0.0051130086992465604,1,0.077922077922078,-2.1409442473303404
LINKUSDT,LONG,1772937000,1772937900,8.646,8.601,8.668500000000002,TP2,0.4231466666666876,0.00520471894517704,1,0.1491228070175381,-2.4350579984759966
BTCUSDT,LONG,1772938800,1772946000,66897.6,66535.04285714286,67078.87857142858,SL,-1.0738064068718234,0.005419583704903344,1,0.245115562403694,-3.6130210868640824
DOTUSDT,LONG,1772938800,1772939700,1.425,1.4127142857142858,1.4311428571428573,TP2,0.45360465116279985,0.00862155388471181,1,0.18518518518518517,-2.804830604500852
NEARUSDT,LONG,1772938800,1772939700,1.2004,1.1912714285714285,1.2049642857142857,TP2,0.44740031298905747,0.007604607987813568,1,0.27916666666666934,-3.340230133044848
LABUSDT,SHORT,1772944200,1772948700,0.15487,0.15787857142857145,0.1533657142857143,TP2,0.47940949667615873,0.019426431384848144,1,0.2724850099933395,2.5614515106040687
HYPEUSDT,LONG,1772946000,1772947800,29.931,29.637714285714285,30.07764285714286,TP2,0.45917837311251847,0.009798727549554506,1,0.2999216914643712,-2.74976851454911
TAOUSDT,LONG,1772946000,1772949600,174.4,171.95714285714286,175.62142857142857,TP2,0.47144327485379534,0.014007208387942328,1,0.12,-2.187771652329887
NEARUSDT,LONG,1772951400,1772953200,1.1955,1.1843714285714286,1.2010642857142857,TP2,0.4570295250320925,0.009308717213359633,1,0.25377643504531683,-2.8097514335480858
DOTUSDT,SHORT,1772954100,1772955900,1.451,1.4635714285714285,1.4447142857142858,TP2,0.4538318181818181,0.008663975583341523,1,0.2615384615384628,2.7578409814686657
SUIUSDT,SHORT,1772954100,1772958600,0.8937,0.9013000000000001,0.8899,TP2,0.45296315789473707,0.008503972250195854,1,0.1646090534979426,2.6897959708426495
XLMUSDT,SHORT,1772954100,1772957700,0.14994,0.1508985714285714,0.14946071428571428,TP2,0.4374318926974664,0.0063930334038377196,1,0.09655172413792804,2.292554770326459
ETHUSDT,SHORT,1772961300,1772965800,1963.6,1976.002857142857,1957.3985714285714,SL,-1.06332734392997,0.0063163868113959905,1,0.20372596153846229,2.277284885181371
LINKUSDT,SHORT,1772961300,1772965800,8.67,8.726571428571429,8.641714285714286,SL,-1.0613030303030302,0.006524962926347022,1,0.2033426183843992,2.2329902232318717
NEARUSDT,SHORT,1772961300,1772965800,1.2204,1.2337142857142858,1.213742857142857,SL,-1.0366643776824034,0.010909771971718895,1,0.1064388961892252,2.246918325515441
LABUSDT,LONG,1773018000,1773019800,0.15022,0.14753,0.15156499999999998,TP2,0.47766245353159326,0.017907069631207497,1,0.2269692923898542,-2.3127417109834334
LINKUSDT,SHORT,1773024300,1773026100,8.619,8.743714285714285,8.556642857142858,SL,-1.0276439862542956,0.014469693202724808,1,0.05380333951762528,2.1123571483664154
NEARUSDT,SHORT,1773024300,1773026100,1.2333,1.2547285714285714,1.2225857142857144,SL,-1.0230216,0.017374986968759762,1,0.13484358144552205,2.3783319677788994
SUIUSDT,SHORT,1773024300,1773035100,0.8927,0.9086571428571429,0.8847214285714287,SL,-1.0223774395702776,0.017875146025700527,1,0.05941845764854657,2.018158300062628
BTCUSDT,SHORT,1773027000,1773049500,67190.5,68068.92857142857,66751.28571428571,SL,-1.0305957716701903,0.013073701958291268,1,0.2818047873239781,2.290757942569066
ZECUSDT,SHORT,1773027000,1773035100,203.06,207.51857142857142,200.8307142857143,SL,-1.0182174943928228,0.02195691632311349,1,0.20991253644314853,2.0891344082006547
LABUSDT,LONG,1773030600,1773033300,0.14683,0.14433857142857143,0.14807571428571428,SL,-1.023573623853211,0.016968116675261,1,0.29263913824057264,-2.092612789451092
LABUSDT,LONG,1773100800,1773108000,0.14824,0.14648285714285716,0.14911857142857143,TP2,0.4662543089430893,0.011853365199290675,1,0.18532455315145713,-2.6138646405776473
TAOUSDT,SHORT,1773102600,1773106200,196.0,198.74285714285716,194.62857142857143,TP2,0.4714166666666616,0.013994169096209947,1,0.1311475409836059,2.098135818540686
SEIUSDT,SHORT,1773109800,1773115200,0.06601,0.06720428571428572,0.06541285714285713,TP2,0.4778913875598144,0.01809249680784301,1,0.18018018018018045,2.01203979312343
ZECUSDT,SHORT,1773109800,1773111600,219.95,223.55714285714285,218.14642857142854,SL,-1.0243904950495049,0.016399831130451764,1,0.23193197921587086,2.252270851441519
AAVEUSDT,SHORT,1773110700,1773115200,109.3,110.73142857142857,108.58428571428571,TP2,0.4694570858283433,0.013096327277480044,1,0.20170454545454553,3.2897487565777124
XLMUSDT,SHORT,1773112500,1773115200,0.15435,0.1559685714285714,0.15354071428571428,TP2,0.46185525154457185,0.010486371419316007,1,0.2868571428571445,2.129994904145847
LABUSDT,LONG,1773119700,1773129600,0.14648,0.14398142857142857,0.1477292857142857,SL,-1.023450200114351,0.017057423734103096,1,0.17971530249110357,-2.0260884355231186
AAVEUSDT,SHORT,1773127800,1773130500,110.3,111.48142857142858,109.70928571428571,SL,-1.0373446191051994,0.010711047791736874,1,0.1580645161290321,2.2965594079342506
NEARUSDT,SHORT,1773127800,1773134100,1.2855,1.3044142857142857,1.2760428571428573,SL,-1.0271858006042296,0.014713563371673039,1,0.27695560253699525,2.611707592506476
XLMUSDT,SHORT,1773127800,1773130500,0.15582,0.15718,0.15514,SL,-1.0458294117647058,0.00872801950969067,1,0.27927927927928137,2.168848714680782
TAOUSDT,SHORT,1773190800,1773191700,200.6,203.42857142857142,199.18571428571428,TP2,0.4716323232323233,0.014100555476427887,1,0.10869565217391385,2.169867803971678
NEARUSDT,SHORT,1773191700,1773192600,1.2977,1.3114285714285716,1.2908357142857143,TP2,0.462189802289282,0.010579156529684395,1,0.17813051146384692,2.5143958025228272
AAVEUSDT,LONG,1773197100,1773198900,109.93,108.84285714285714,110.47357142857143,TP2,0.4595526938239095,0.00988941014411772,1,0.18610421836228283,-2.604717360437285
ADAUSDT,LONG,1773197100,1773198900,0.2591,0.25667142857142855,0.2603142857142857,TP2,0.45732470588235313,0.009373104703093164,1,0.21100917431192737,-2.7035187651166064
ETHUSDT,LONG,1773197100,1773203400,2021.97,2006.0914285714287,2029.9092857142857,TP2,0.4490641835357626,0.007853020286439203,1,0.10608974358974091,-2.175027880804323
BTCUSDT,LONG,1773199800,1773203400,69498.1,69030.05714285714,69732.12142857144,TP2,0.4406053536000985,0.0067346137109196335,1,0.04106029106029106,-2.1401487718979557
TAOUSDT,LONG,1773199800,1773203400,196.6,193.72857142857143,198.03571428571428,TP2,0.4726129353233831,0.014605435256503431,1,0.15000000000000238,-2.669415046389188
AVAXUSDT,SHORT,1773204300,1773206100,9.642,9.721857142857143,9.602071428571428,SL,-1.048296243291592,0.008282217678608459,1,0.26066350710899866,2.6017947970911295
SOLUSDT,SHORT,1773204300,1773207900,86.34,87.06285714285715,85.97857142857143,TP2,0.45222292490118593,0.008372216155398947,1,0.14363143631436354,2.2862888395418497
DOTUSDT,SHORT,1773205200,1773207000,1.493,1.5064285714285715,1.4862857142857144,TP2,0.4555276595744681,0.008994354607214629,1,0.249999999999999,2.168816565039609
ADAUSDT,LONG,1773207900,1773227700,0.2583,0.2554571428571428,0.25972142857142855,TP2,0.4636562814070354,0.011006028427631294,1,0.281250000000003,-2.1937116682602356
LINKUSDT,LONG,1773207900,1773211500,8.887,8.795714285714286,8.932642857142858,TP2,0.4610585289514866,0.010271825620087086,1,0.2026726057906444,-2.651098435783052
ZECUSDT,LONG,1773224100,1773229500,212.33,210.13428571428574,213.42785714285716,SL,-1.0386808067664282,0.010341045946000462,1,0.20040080160320606,-2.0687067045369054
AAVEUSDT,SHORT,1773225900,1773227700,110.25,111.23714285714286,109.75642857142857,TP2,0.4553256150506512,0.008953676708778745,1,0.23863636363636315,2.427743683740012
ETHUSDT,SHORT,1773225900,1773229500,2028.99,2045.02,2020.975,TP2,0.4493701809107994,0.007900482506074454,1,0.23777506112469335,2.1898178334161766
SUIUSDT,SHORT,1773225900,1773227700,0.9568,0.9654571428571428,0.9524714285714285,TP2,0.45579141914192056,0.009048017200191095,1,0.24242424242424387,2.804947380009154
XLMUSDT,SHORT,1773229500,1773231300,0.15727,0.15841285714285713,0.1566985714285714,TP2,0.44495550000001216,0.007266847732289336,1,0.16934046345811155,2.0500626755885385
HYPEUSDT,SHORT,1773231300,1773232200,35.13,35.61642857142858,34.886785714285715,SL,-1.0288881057268722,0.013846529218006649,1,0.15760621288259374,2.6075745011087976
NEARUSDT,SHORT,1773232200,1773234900,1.3002,1.3154428571428571,1.2925785714285714,SL,-1.034119587628866,0.011723471114334036,1,0.28940568475452116,3.0084036096939166
XRPUSDT,SHORT,1773232200,1773234900,1.3807,1.3900285714285716,1.3760357142857143,SL,-1.059203062787136,0.006756407205454827,1,0.13947990543735114,2.2538644541906696
BTCUSDT,SHORT,1773234900,1773236700,69825.0,70417.75714285714,69528.62142857142,SL,-1.047118791121394,0.008489182139021029,1,0.1576002486788946,2.1142817219809866
BTCUSDT,LONG,1773273600,1773282600,70151.5,69710.4,70372.05,SL,-1.063615053275901,0.006287819932574524,1,0.16289796377545449,-2.060035482256732
DOTUSDT,LONG,1773273600,1773279900,1.521,1.508142857142857,1.5274285714285714,SL,-1.0473199999999998,0.008453085376162328,1,0.19444444444444264,-2.1362872745625587
LINKUSDT,LONG,1773273600,1773282600,8.993,8.928428571428572,9.025285714285715,SL,-1.055708849557522,0.007180187765087159,1,0.2466666666666641,-2.2711543401396765
HYPEUSDT,SHORT,1773277200,1773279900,36.744,37.181,36.5255,TP2,0.4663670480549199,0.011893098192902234,1,0.25020242914979923,2.6181712458917965
SEIUSDT,SHORT,1773281700,1773282600,0.06332,0.06399714285714286,0.06298142857142858,TP2,0.4625957805907073,0.010693980687663633,1,0.11436950146627621,2.2251655167963302
LABUSDT,SHORT,1773284400,1773285300,0.15005,0.15197285714285713,0.14908857142857143,TP2,0.4687860326894428,0.012814776027038528,1,0.1553072625698334,3.0803380435981165
SEIUSDT,LONG,1773284400,1773286200,0.06227,0.061541428571428566,0.06263428571428571,TP2,0.46581254901960323,0.011700199591640141,1,0.18377088305489364,-2.3251900116946285
ZECUSDT,LONG,1773285300,1773288000,211.36,208.91428571428574,212.58285714285716,SL,-1.0345682242990655,0.011571320428246963,1,0.21072796934865654,-2.238066457192875
HYPEUSDT,SHORT,1773294300,1773299700,37.066,37.67814285714286,36.759928571428574,TP2,0.4757795099183198,0.01651494245785514,1,0.11523082515448885,2.112969222413604
AVAXUSDT,SHORT,1773297900,1773303300,9.527,9.584857142857143,9.498071428571428,SL,-1.0658656790123453,0.006072965556538604,1,0.07746478873238925,2.036306435271215
NEARUSDT,SHORT,1773297900,1773301500,1.2998,1.3138571428571428,1.2927714285714287,SL,-1.0369861788617887,0.010814850636361643,1,0.08793969849246316,2.0560249330216975
SOLUSDT,SHORT,1773300600,1773304200,85.46,86.05142857142856,85.16428571428571,SL,-1.0577990338164251,0.006920530908361474,1,0.03738317757009904,2.004725628761075
AAVEUSDT,SHORT,1773302400,1773308700,108.94,109.66285714285713,108.57857142857142,SL,-1.0602830039525692,0.006635369403865827,1,0.1590296495956879,2.223289699366423
ADAUSDT,SHORT,1773304200,1773307800,0.261,0.26285714285714284,0.26007142857142856,TP2,0.44378461538463043,0.00711548987411057,1,0.14666666666666628,2.2489560840995138
ADAUSDT,SHORT,1773360900,1773361800,0.2652,0.26748571428571427,0.2640571428571428,SL,-1.04641,0.00861883214824392,1,0.2815533980582544,2.7192085233724366
LINKUSDT,SHORT,1773360900,1773361800,9.119,9.191857142857142,9.082571428571429,SL,-1.0500650980392157,0.007989597856907867,1,0.2598870056497157,2.8641983229768
ZECUSDT,SHORT,1773360900,1773361800,209.56,211.79857142857145,208.44071428571428,SL,-1.0374453095086151,0.010682245793908356,1,0.06182531894013696,2.144666379203987
NEARUSDT,LONG,1773447300,1773450000,1.3255,1.3102714285714285,1.3331142857142857,SL,-1.0348161350844278,0.011488926011747568,1,0.24962178517398306,-2.0040259270740917
LABUSDT,LONG,1773449100,1773453600,0.17041,0.1661814285714286,0.1725242857142857,TP2,0.4838801351351351,0.024814103800078747,1,0.16779348494161145,-2.063910138556125
LABUSDT,SHORT,1773459000,1773461700,0.17507,0.17922714285714286,0.17299142857142857,SL,-1.0168452233676977,0.023745603799296595,1,0.26127320954907185,2.217342933954113
ZECUSDT,SHORT,1773459000,1773463500,209.86,212.26285714285714,208.65857142857143,SL,-1.0349350772889419,0.011449810077466604,1,0.2660550458715588,2.1167975095647273
AAVEUSDT,SHORT,1773459900,1773464400,112.77,113.61999999999999,112.345,TP2,0.44693176470588236,0.007537465638024301,1,0.207430340557274,2.052281094199254
ADAUSDT,SHORT,1773463500,1773464400,0.2661,0.2682571428571429,0.2650214285714286,TP2,0.45065695364237196,0.008106512052397178,1,0.083333333333329,2.141155205764277
DOTUSDT,LONG,1773467100,1773484200,1.437,1.4248571428571428,1.4430714285714286,SL,-1.0473364705882353,0.00845014414951784,1,0.2,-2.000692400920892
NEARUSDT,LONG,1773467100,1773489600,1.3166,1.3032857142857144,1.323257142857143,SL,-1.0395545064377683,0.01011262776415442,1,0.025787965616046155,-2.101843767669512
XRPUSDT,LONG,1773468900,1773470700,1.3931,1.3868,1.39625,SL,-1.0884507936507928,0.004522288421506042,1,0.15352697095435547,-2.272169460457323
TAOUSDT,LONG,1773474300,1773478800,235.0,229.92857142857144,237.53571428571428,TP2,0.48146478873239434,0.02158054711246199,1,0.19852941176470595,-2.1446099489410724
ZECUSDT,SHORT,1773486900,1773498600,209.18,211.0857142857143,208.22714285714287,TP2,0.45609415292353833,0.009110403890019554,1,0.26046511627906843,2.629219089415309
SEIUSDT,SHORT,1773488700,1773489600,0.06632,0.06679142857142858,0.06608428571428572,TP2,0.44372848484847077,0.007108392210925467,1,0.28755364806867134,2.3655460724039115
XLMUSDT,SHORT,1773488700,1773492300,0.16386,0.16469714285714285,0.16344142857142857,TP2,0.4217051194539404,0.005108890865024081,1,0.20661157024793123,2.0885078639680437
HYPEUSDT,SHORT,1773491400,1773492300,37.415,37.79971428571429,37.22264285714286,SL,-1.0389015967322688,0.01028235428876882,1,0.11704834605597891,2.245141785102754
ADAUSDT,SHORT,1773495000,1773496800,0.2616,0.2629571428571429,0.2609214285714286,TP2,0.42289684210524325,0.005187854958497195,1,0.13846153846154372,2.0015407135787497
SUIUSDT,SHORT,1773495000,1773497700,0.9916,0.9976571428571429,0.9885714285714287,TP2,0.4345169811320665,0.006108453869647914,1,0.26070038910506044,2.8358111881888943
DOTUSDT,LONG,1773499500,1773501300,1.425,1.415142857142857,1.4299285714285714,TP2,0.4421739130434673,0.0069172932330827455,1,0.1111111111111111,-2.049154699359138
LABUSDT,SHORT,1773504000,1773512100,0.19104,0.1971642857142857,0.18797785714285714,TP2,0.4875224632610194,0.03205760947595118,1,0.28292682926829205,2.1723471877601455
AVAXUSDT,SHORT,1773505800,1773512100,9.579,9.619428571428573,9.558785714285715,TP2,0.4052254416960921,0.004220541959345637,1,0.10179640718563626,2.1866682730351634
AAVEUSDT,SHORT,1773506700,1773509400,110.86,111.61857142857143,110.48071428571428,TP2,0.44154274952918976,0.006842607149300224,1,0.09738717339667424,2.0960682922828466
DOTUSDT,LONG,1773516600,1773519300,1.416,1.4075714285714285,1.4202142857142857,SL,-1.0671999999999997,0.005952380952380969,1,0.2352941176470573,-2.6495749600768823
XRPUSDT,SHORT,1773521100,1773522900,1.3927,1.3965285714285716,1.3907857142857143,TP2,0.3544940298507483,0.002749028095477477,1,0.17098445595855255,2.150625843601438
LINKUSDT,SHORT,1773524700,1773526500,9.062,9.095285714285714,9.045357142857142,SL,-1.1088995708154497,0.003673109058233792,1,0.1712707182320367,2.384369087797352
ZECUSDT,SHORT,1773524700,1773525600,210.47,211.61285714285714,209.89857142857142,SL,-1.0736644999999998,0.005430023959980743,1,0.09386281588447852,2.1056548179448926
AVAXUSDT,SHORT,1773525600,1773530100,9.607,9.641,9.59,SL,-1.113023529411764,0.0035390860830644523,1,0.09302325581395421,2.601983321056525
SOLUSDT,SHORT,1773526500,1773530100,87.24,87.5942857142857,87.06285714285714,SL,-1.0984967741935483,0.00406104670203708,1,0.18518518518518595,2.483901834836539
NEARUSDT,SHORT,1773527400,1773530100,1.3101,1.3164571428571428,1.3069214285714286,SL,-1.0824332584269667,0.004852410393972081,1,0.09160305343511288,2.3879821434956314
AAVEUSDT,SHORT,1773532800,1773533700,111.11,111.7057142857143,110.81214285714286,TP2,0.4253937649879982,0.005361482186250472,1,0.2745762711864425,2.0752720912246696
DOTUSDT,LONG,1773534600,1773537300,1.403,1.3915714285714287,1.4087142857142858,SL,-1.049105,0.008145809998981781,1,0.27272727272727,-2.1622499104693413
HYPEUSDT,LONG,1773534600,1773537300,37.637,37.239428571428576,37.83578571428571,TP2,0.4621330937836865,0.010563313456742746,1,0.27939590075512455,-2.044289229872134
DOTUSDT,SHORT,1773542700,1773547200,1.424,1.4408571428571428,1.4155714285714285,TP2,0.46621016949152544,0.011837881219903703,1,0.2,2.9045882382184782
AAVEUSDT,SHORT,1773544500,1773546300,111.68,112.55285714285715,111.24357142857143,TP2,0.4488209492635109,0.007815697912402837,1,0.23605150214592402,2.195656224012447
HYPEUSDT,LONG,1773552600,1773564300,37.595,37.213,37.785999999999994,SL,-1.0393664921465973,0.010160925655007232,1,0.09836065573770873,-2.0107496918014665
XLMUSDT,LONG,1773556200,1773565200,0.16606,0.16471000000000002,0.166735,TP2,0.4507970370370262,0.008129591713838287,1,0.019145802650956025,-2.1840645762859974
SEIUSDT,LONG,1773557100,1773558900,0.06576,0.06528,0.066,TP2,0.44520000000001403,0.007299270072992645,1,0.27272727272727687,-2.029364479483768
LABUSDT,SHORT,1773559800,1773560700,0.19835,0.20233571428571429,0.19635714285714284,TP2,0.4800939068100393,0.0200943498145414,1,0.15214866434378682,2.3301429320228704
XRPUSDT,LONG,1773560700,1773562500,1.406,1.3983571428571429,1.4098214285714286,TP2,0.42641495327104273,0.0054358870148343945,1,0.2129629629629613,-2.011985716185351
AAVEUSDT,SHORT,1773562500,1773565200,111.69,112.5157142857143,111.27714285714285,SL,-1.0541058823529408,0.0073929115025005996,1,0.06206896551724075,2.6048542305732645
LINKUSDT,SHORT,1773562500,1773566100,9.245,9.302714285714284,9.216142857142856,SL,-1.0640742574257427,0.006242756702464652,1,0.14950166112956956,2.190138247175541
AVAXUSDT,SHORT,1773563400,1773566100,9.749,9.805428571428571,9.720785714285714,SL,-1.069106835443038,0.005788139442873256,1,0.1034482758620682,2.1680550107043026
BTCUSDT,SHORT,1773566100,1773574200,71777.4,72046.34285714285,71642.92857142857,TP2,0.393245129076809,0.0037469016311939135,1,0.2116732703444127,2.64023338160459
TAOUSDT,LONG,1773622800,1773653400,277.9,269.0571428571428,282.32142857142856,TP2,0.48742940226171244,0.031820284788978616,1,0.1676300578034687,-2.405670783048456
NEARUSDT,SHORT,1773624600,1773631800,1.3589,1.3777428571428572,1.3494785714285713,SL,-1.0288470053070506,0.01386625737203414,1,0.16136631330977722,2.009813339365025
LABUSDT,SHORT,1773627300,1773634500,0.20183,0.20667428571428573,0.19940785714285716,TP2,0.48333459156590686,0.024001811991704453,1,0.1549450549450544,2.2982003798922612
HYPEUSDT,SHORT,1773629100,1773630000,37.814,38.32657142857143,37.55771428571428,TP2,0.470490746934232,0.013555070306537968,1,0.21230982019363942,2.198697165857482
ADAUSDT,SHORT,1773631800,1773632700,0.273,0.2769714285714286,0.2710142857142857,SL,-1.0274964028776978,0.014547357404500284,1,0.16256157635468071,2.3442114031809926
AAVEUSDT,SHORT,1773632700,1773643500,117.95,119.62142857142858,117.11428571428571,SL,-1.0282273504273505,0.014170653424574582,1,0.052757793764987536,2.563014874267186
AVAXUSDT,SHORT,1773633600,1773637200,10.263,10.434857142857142,10.177071428571429,SL,-1.0238872817955111,0.016745312565248274,1,0.27234927234927153,2.539316567531345
XLMUSDT,SHORT,1773636300,1773645300,0.17089,0.17296999999999998,0.16985,SL,-1.0328634615384615,0.012171572356486597,1,0.19679633867276822,2.0790737762624323
ADAUSDT,SHORT,1773706500,1773707400,0.2923,0.2967142857142857,0.29009285714285715,TP2,0.47351326860841425,0.015101901177850536,1,0.22580645161290283,2.258259185043547
LABUSDT,SHORT,1773709200,1773713700,0.20752,0.2129757142857143,0.20479214285714287,TP2,0.4847851269965959,0.02629006498513046,1,0.258735440931781,2.8283121885036504
XLMUSDT,SHORT,1773710100,1773715500,0.17837,0.18079285714285714,0.17715857142857144,SL,-1.0294478773584905,0.013583321987201543,1,0.2798605056669556,2.2184270055546635
DOTUSDT,LONG,1773711000,1773724500,1.617,1.5907142857142857,1.6301428571428571,SL,-1.0246065217391305,0.016255852990546844,1,0.12068965517241188,-2.0659575928385423
NEARUSDT,LONG,1773714600,1773727200,1.4592,1.4285714285714286,1.4745142857142857,SL,-1.0190567164179105,0.02098997493734337,1,0.13509843856076076,-2.044081957069018
SEIUSDT,LONG,1773714600,1773715500,0.06934,0.06859428571428572,0.06971285714285715,TP2,0.4628061302682086,0.010754460422761554,1,0.11969111969111638,-2.2189139297588074
AVAXUSDT,LONG,1773717300,1773719100,10.398,10.285285714285713,10.454357142857143,SL,-1.036900380228137,0.010839996702662596,1,0.06269592476488878,-2.112962536463268
ADAUSDT,LONG,1773720000,1773732600,0.2856,0.28101428571428577,0.2878928571428572,TP2,0.4750878504672957,0.016056422569027534,1,0.1260504201680677,-2.3044202958369744
HYPEUSDT,SHORT,1773725400,1773726300,40.814,41.40257142857143,40.51971428571429,TP2,0.47226233009708746,0.01442082198685329,1,0.18331885317115257,2.0798382257490857
TAOUSDT,LONG,1773726300,1773727200,273.9,266.4,277.65,TP2,0.485392,0.02738225629791895,1,0.18064516129032265,-3.010520232379545
LABUSDT,SHORT,1773729000,1773729900,0.21184,0.21691,0.209305,TP2,0.4832867850098647,0.0239331570996979,1,0.1524163568773228,2.2726799484441274
LABUSDT,LONG,1773731700,1773739800,0.20297,0.19754,0.205685,TP2,0.4850482504604026,0.026752722077154286,1,0.174010455563853,-2.8150059049552842
DOTUSDT,SHORT,1773735300,1773737100,1.618,1.6354285714285717,1.6092857142857144,SL,-1.0371344262295081,0.010771675790217228,1,0.13131313131313063,2.3257910112771234
NEARUSDT,SHORT,1773735300,1773736200,1.4728,1.4914142857142858,1.4634928571428572,TP2,0.46835118956255406,0.01263870567238305,1,0.21436343852012987,2.1918047050188725
BTCUSDT,LONG,1773742500,1773746100,73655.9,73127.5,73920.09999999999,TP2,0.4442423164269491,0.007173899171688872,1,0.24691780821918055,-2.611691736496521
ZECUSDT,SHORT,1773744300,1773749700,272.92,278.0971428571429,270.3314285714286,TP2,0.478913465783659,0.018969452063399072,1,0.19336311423101776,2.143725813641499
TAOUSDT,LONG,1773749700,1773752400,274.3,269.57142857142856,276.6642857142857,TP2,0.4767963746223505,0.017238685485130995,1,0.2717948717948716,-2.2773305412145795
ADAUSDT,LONG,1773751500,1773755100,0.2844,0.28154285714285715,0.28582857142857143,TP2,0.4601840000000097,0.01004621257785813,1,0.15200000000000155,-2.484571581703638
DOTUSDT,LONG,1773751500,1773755100,1.587,1.5725714285714285,1.5942142857142858,TP2,0.4560039603960476,0.00909172742821144,1,0.2954545454545447,-2.024975914140809
LINKUSDT,SHORT,1773756900,1773760500,9.817,9.905285714285714,9.772857142857143,SL,-1.0444783171521035,0.008993146000378384,1,0.10294117647058987,2.3159009569613405
BTCUSDT,SHORT,1773758700,1773760500,74204.3,74815.48571428572,73898.70714285715,SL,-1.0485641586611505,0.008236526916711196,1,0.13704231175632625,2.395207955870735
SOLUSDT,SHORT,1773758700,1773760500,94.39,95.40428571428572,93.88285714285715,TP2,0.4627757746478804,0.010745690372769526,1,0.17799352750809194,2.6361494005205013
HYPEUSDT,LONG,1773760500,1773770400,40.166,39.44871428571428,40.52464285714285,TP2,0.4776011153156692,0.01785803202424221,1,0.24068041983351415,-2.1975774466945803
NEARUSDT,SHORT,1773763200,1773792000,1.4587,1.4785,1.4488,TP2,0.47053131313131863,0.01357373003359147,1,0.049034175334325344,2.1207046838549557
AVAXUSDT,SHORT,1773765000,1773777600,10.289,10.380857142857142,10.243071428571428,TP2,0.45519564541214036,0.008927703650222855,1,0.04522613065326768,2.160792554163407
XLMUSDT,SHORT,1773765000,1773792900,0.17446,0.17653714285714286,0.1734214285714286,TP2,0.4664038514442848,0.011906126660224975,1,0.0035714285714272083,2.144357666257615
LABUSDT,LONG,1773769500,1773774000,0.20183,0.19759142857142858,0.20394928571428572,SL,-1.0190469834850018,0.021000700731166947,1,0.1106770833333337,-2.344514998720358
AAVEUSDT,LONG,1773787500,1773791100,120.68,119.65571428571428,121.19214285714287,SL,-1.0471274755927473,0.008487617784933035,1,0.231101511879047,-2.7542736335147757
AVAXUSDT,LONG,1773787500,1773794700,10.236,10.160428571428572,10.273785714285715,SL,-1.0541792060491493,0.007382906269189971,1,0.17682926829268464,-2.028798609399612
BTCUSDT,LONG,1773787500,1773793800,74126.2,73634.77142857143,74371.91428571429,SL,-1.0603352790697675,0.006629620450374786,1,0.1465631130149335,-2.844543819151454
XRPUSDT,LONG,1773792000,1773800100,1.5174,1.5053,1.5234500000000002,TP2,0.44983801652893496,0.007974166337155681,1,0.26599326599326134,-2.359132413696943
XLMUSDT,LONG,1773794700,1773796500,0.17279,0.17153285714285715,0.17341857142857142,TP2,0.44502136363636347,0.007275553314097191,1,0.23076923076923203,-2.1159376156185568
ZECUSDT,SHORT,1773800100,1773820800,277.96,283.38,275.25,TP2,0.47948634686346336,0.01949920851921137,1,0.132391879964695,2.1593004187991744
DOTUSDT,SHORT,1773801900,1773803700,1.645,1.669142857142857,1.6329285714285715,TP2,0.4727455621301774,0.01467650890143284,1,0.2954545454545459,2.816138462176573
NEARUSDT,SHORT,1773801900,1773803700,1.4634,1.477442857142857,1.4563785714285715,TP2,0.4583161749745675,0.009596048341435758,1,0.07550077041602692,2.4211748990898876
TAOUSDT,LONG,1773803700,1773804600,273.9,268.7285714285714,276.48571428571427,TP2,0.478814364640884,0.018880717675898426,1,0.19844357976653662,-2.190195231755811
AAVEUSDT,SHORT,1773804600,1773807300,121.93,123.10285714285715,121.34357142857144,TP2,0.458416077953715,0.009619102295227933,1,0.19623233908948182,2.3784464040793996
LINKUSDT,SHORT,1773804600,1773808200,9.897,9.972142857142858,9.859428571428571,TP2,0.44731634980988627,0.0075924883442313445,1,0.20000000000000184,2.301236005638558
LABUSDT,LONG,1773806400,1773819000,0.19845,0.19485714285714284,0.20024642857142855,SL,-1.0220938369781312,0.01810459633588888,1,0.1969339622641518,-2.1237799702742284
ETHUSDT,LONG,1773813600,1773815400,2317.71,2303.2028571428573,2324.9635714285714,TP2,0.4360946528803543,0.0062592571362003096,1,0.09192825112107647,-2.0574854442977157
NEARUSDT,LONG,1773816300,1773826200,1.4396,1.4247285714285713,1.4470357142857142,TP2,0.46127877041305704,0.010330250466399427,1,0.1111111111111123,-2.5406968114275186
ADAUSDT,LONG,1773817200,1773821700,0.2883,0.2848,0.29005,TP2,0.46705142857142057,0.012140131807145318,1,0.1294117647058819,-2.1766361993457717
AAVEUSDT,LONG,1773819900,1773821700,120.24,119.14999999999999,120.785,TP2,0.45587522935779823,0.009065202927478389,1,0.10395314787701458,-2.178541234009683
ZECUSDT,SHORT,1773828000,1773831600,281.56,285.7971428571429,279.44142857142856,TP2,0.47341982467970334,0.015048809692935292,1,0.06107275624004398,2.083835390439205
AAVEUSDT,LONG,1773830700,1773832500,119.54,118.64857142857143,119.9857142857143,TP2,0.4463602564102566,0.007457157197829804,1,0.24663677130044673,-2.6561091323799486
AVAXUSDT,LONG,1773830700,1773832500,10.209,10.160714285714286,10.233142857142857,TP2,0.4154284023668813,0.004729720274827472,1,0.13304721030043443,-2.193911313086059
LINKUSDT,LONG,1773830700,1773834300,9.749,9.683285714285715,9.781857142857143,SL,-1.059341739130435,0.0067406180853713795,1,0.14285714285714118,-2.9303356667722724
BTCUSDT,LONG,1773833400,1773834300,73562.9,73177.49999999999,73755.59999999999,SL,-1.0763496626881153,0.005239053925280333,1,0.22943591303025648,-2.4729037399039466
DOTUSDT,LONG,1773834300,1773837900,1.604,1.5850000000000002,1.6135000000000002,SL,-1.0337684210526317,0.011845386533665835,1,0.27777777777778123,-3.231192747452248
ZECUSDT,LONG,1773836100,1773841500,267.54,259.87142857142857,271.37428571428575,SL,-1.0139551415797317,0.028663270645778026,1,0.289272666888077,-2.365556904049897
NEARUSDT,LONG,1773837900,1773843300,1.4199,1.3975857142857142,1.4310571428571428,SL,-1.0254527528809219,0.01571539243206261,1,0.2668621700879754,-2.281602773170248
DOTUSDT,SHORT,1773878400,1773879300,1.577,1.592142857142857,1.5694285714285714,TP2,0.45834339622641523,0.009602319050638674,1,0.2266666666666685,2.878618594532408
SEIUSDT,LONG,1773878400,1773879300,0.06472,0.06433857142857143,0.06491071428571428,TP2,0.4321288389512928,0.00589351933604098,1,0.24999999999999784,-2.3007687975727205
TAOUSDT,SHORT,1773878400,1773882900,272.9,277.0571428571428,270.82142857142856,TP2,0.4737415807560137,0.015233209443542853,1,0.13978494623655757,2.5655070005224836
ZECUSDT,SHORT,1773879300,1773882000,250.88,254.74714285714285,248.94642857142856,TP2,0.47405009235316214,0.015414313046647227,1,0.14405762304922007,2.1422062012831793
XLMUSDT,LONG,1773882900,1773886500,0.16826,0.16709285714285715,0.16884357142857143,TP2,0.44233439412485853,0.006936543784279394,1,0.004092769440655133,-2.0641006632593704
SUIUSDT,LONG,1773885600,1773887400,0.9788,0.9723428571428572,0.9820285714285715,TP2,0.4393663716814245,0.006596999241053188,1,0.17607973421926743,-2.464077489610786
AAVEUSDT,SHORT,1773886500,1773888300,115.83,116.74571428571429,115.37214285714285,SL,-1.0505965678627143,0.00790567457234127,1,0.18266253869969204,3.192300724929541
ADAUSDT,LONG,1773886500,1773890100,0.2721,0.2701571428571429,0.2730714285714286,TP2,0.4439794117647057,0.007140232057541841,1,0.2307692307692242,-2.3312620206008363
AVAXUSDT,LONG,1773889200,1773890100,9.616,9.558857142857143,9.644571428571428,TP2,0.4326880000000001,0.005942476824340391,1,0.2314814814814735,-2.4275133872555634
TAOUSDT,LONG,1773889200,1773890100,263.0,257.84285714285716,265.5785714285714,SL,-1.020398891966759,0.019608908202064075,1,0.17699115044247682,-2.240404613793828
ADAUSDT,SHORT,1773891000,1773891900,0.2761,0.2785571428571429,0.2748714285714286,TP2,0.4550534883720817,0.00889946706679774,1,0.25233644859813315,3.164632989903309
AVAXUSDT,SHORT,1773891000,1773891900,9.731,9.799285714285714,9.696857142857143,TP2,0.44299832635983283,0.0070173378158169255,1,0.1456953642384124,2.8055869709319508
BTCUSDT,SHORT,1773891000,1773891900,71457.7,71846.84285714285,71263.12857142858,TP2,0.42654861967692614,0.005445779211237599,1,0.26166475523631133,2.9044258205952667
XRPUSDT,SHORT,1773892800,1773893700,1.4735,1.4857857142857143,1.4673571428571428,TP2,0.452025581395358,0.008337776915992079,1,0.24369747899159822,2.1145920431958203
BTCUSDT,LONG,1773893700,1773904500,70837.0,70422.14285714286,71044.42857142857,SL,-1.0683001377410473,0.005856503562504635,1,0.157415234338315,-2.2890534263706055
LABUSDT,SHORT,1773893700,1773894600,0.20098,0.20384,0.19954999999999998,TP2,0.4718909090909141,0.014230271668822816,1,0.1807602792862697,2.107697151614837
ZECUSDT,LONG,1773896400,1773905400,247.47,242.89714285714285,249.75642857142856,SL,-1.0216468603561386,0.018478430285922096,1,0.1284369114877589,-2.0050377517120483
DOTUSDT,LONG,1773898200,1773905400,1.542,1.524857142857143,1.5505714285714287,SL,-1.03598,0.011117287381878851,1,0.2857142857142848,-2.4949104729098583
HYPEUSDT,LONG,1773905400,1773909000,40.28,39.590714285714284,40.62464285714286,SL,-1.0233749222797928,0.01711235636260461,1,0.27879616963064296,-2.82314685083268
ADAUSDT,SHORT,1773965700,1773969300,0.2685,0.27054285714285714,0.26747857142857145,SL,-1.0525734265734263,0.007608406491088074,1,0.12087912087911833,2.1559451657423727
LABUSDT,SHORT,1773967500,1773976500,0.19268,0.19626142857142856,0.1908892857142857,TP2,0.47848009573195055,0.018587443281236127,1,0.2917815774958643,2.1348768887918257
NEARUSDT,SHORT,1773968400,1773971100,1.3442,1.3566571428571428,1.3379714285714286,SL,-1.0431623853211012,0.009267328416264533,1,0.10578842315369419,2.0275686517971216
AVAXUSDT,SHORT,1773971100,1773972000,9.582,9.652142857142858,9.546928571428571,TP2,0.4453572301425788,0.007320273131168554,1,0.23756906077348142,2.568093004447964
BTCUSDT,SHORT,1773977400,1773988200,70631.0,71047.55714285714,70422.72142857143,TP2,0.432176412085462,0.005897653195581826,1,0.293932540072767,2.0797542883912663
TAOUSDT,SHORT,1773979200,1773981000,286.6,295.04285714285714,282.37857142857143,SL,-1.0135783417935702,0.029458678097896533,1,0.24220623501199068,2.228426838383831
SEIUSDT,SHORT,1773980100,1773981900,0.06426,0.06462571428571429,0.06407714285714285,TP2,0.4297156250000199,0.005691165355030978,1,0.17460317460317532,2.1235196148825564
SOLUSDT,LONG,1773981900,1773982800,88.77,88.04142857142857,89.13428571428571,TP2,0.4512635294117647,0.008207405976922696,1,0.02028985507246606,-2.3474414495449345
ADAUSDT,SHORT,1773982800,1773990900,0.2707,0.2730285714285714,0.26953571428571427,TP2,0.4534993865030793,0.00860203704680985,1,0.19999999999999613,2.2337542311623846
SUIUSDT,SHORT,1773982800,1773985500,0.9708,0.9792,0.9666,SL,-1.0462285714285717,0.008652657601977712,1,0.2985507246376807,2.5147067350562176
LABUSDT,LONG,1773983700,1773986400,0.18978,0.18775714285714287,0.19079142857142858,SL,-1.037527118644068,0.010658958493292948,1,0.204701273261512,-2.924860251048616
HYPEUSDT,LONG,1773989100,1773990900,39.333,38.77342857142857,39.612785714285714,TP2,0.4718834822568292,0.01422651281548389,1,0.14181818181818204,-2.1575324803787073
AVAXUSDT,LONG,1773990900,1773991800,9.46,9.38557142857143,9.497214285714287,TP2,0.4491593090211254,0.007867713681667209,1,0.13189448441246995,-2.806821509969186
ETHUSDT,LONG,1773990900,1773991800,2127.67,2110.4285714285716,2136.2907142857143,TP2,0.45063819703372276,0.008103431721755995,1,0.13262292977276158,-2.255587774291822
HYPEUSDT,SHORT,1773993600,1773996300,40.332,41.00657142857143,39.99471428571429,TP2,0.4760843710292249,0.016725464360096913,1,0.29351184346035186,2.7303292418527674
BTCUSDT,SHORT,1773994500,1773997200,71235.0,71708.08571428571,70998.45714285715,TP2,0.43976989974633013,0.006641197645619553,1,0.22361306569883427,2.729237373376272
ETHUSDT,SHORT,1773994500,1773998100,2169.48,2190.7285714285713,2158.8557142857144,TP2,0.45915998386446155,0.009794315425157855,1,0.15994236311239263,2.6668291853709216
DOTUSDT,LONG,1773998100,1774005300,1.528,1.514,1.535,TP2,0.45634285714284917,0.009162303664921453,1,0.18309859154929506,-2.2734012549194516
TAOUSDT,LONG,1773999900,1774007100,288.8,278.4714285714286,293.9642857142857,SL,-1.0111845089903182,0.03576375148397298,1,0.14188034188034193,-2.276805066530785
SEIUSDT,SHORT,1774005300,1774006200,0.06441,0.06488571428571428,0.06417214285714284,TP2,0.44584144144145643,0.007385720939516996,1,0.07042253521126485,2.4945369146104155
LABUSDT,SHORT,1774007100,1774008900,0.18928,0.1924442857142857,0.18769785714285714,TP2,0.4760729571106139,0.016717485810892406,1,0.06250000000000111,2.0359544942028043
AAVEUSDT,LONG,1774015200,1774018800,110.74,109.61714285714285,111.30142857142856,SL,-1.0394493638676847,0.010139580484532588,1,0.22846441947565507,-2.058006372653882
ADAUSDT,LONG,1774015200,1774017900,0.2658,0.26315714285714287,0.26712142857142857,TP2,0.45977081081082116,0.009943029130387998,1,0.2909090909090954,-2.540849465207654
AVAXUSDT,LONG,1774015200,1774016100,9.447,9.361571428571429,9.489714285714285,TP2,0.45576655518395687,0.009042931240454249,1,0.16704805491990757,-2.359028868439156
LABUSDT,SHORT,1774017900,1774030500,0.19034,0.19361,0.188705,SL,-1.0232831804281346,0.017179783545234795,1,0.10648918469217922,2.4271680109708487
BTCUSDT,LONG,1774018800,1774023300,69708.1,69006.15714285715,70059.07142857143,TP2,0.4602770514490392,0.0100697459426215,1,0.24467504096122142,-2.0004401567312127
HYPEUSDT,LONG,1774018800,1774019700,38.764,38.08985714285715,39.10107142857143,TP2,0.4769995337995337,0.017390951840440982,1,0.1777992900935798,-2.486780746547072
NEARUSDT,LONG,1774019700,1774021500,1.3199,1.3030428571428572,1.3283285714285715,TP2,0.46868033898305095,0.01277153031073786,1,0.22832369942196462,-2.5171687748726477
ZECUSDT,SHORT,1774023300,1774026000,237.87,242.96142857142857,235.3242857142857,TP2,0.48131212121212397,0.021404248419004387,1,0.13412563667232655,2.8281878314899447
DOTUSDT,LONG,1774025100,1774035000,1.517,1.4974285714285713,1.5267857142857142,SL,-1.0310043795620438,0.012901403145305586,1,0.214285714285716,-2.0507774541821826
SOLUSDT,LONG,1774028700,1774029600,88.25,87.27714285714285,88.73642857142858,TP2,0.4637151248164467,0.011023876972885567,1,0.2578616352201208,-2.7054120844713623
TAOUSDT,LONG,1774028700,1774039500,271.4,264.65714285714284,274.77142857142854,SL,-1.0161,0.024844720496894405,1,0.23124999999999846,-2.442058228456666
XLMUSDT,LONG,1774031400,1774035900,0.16492,0.16339857142857145,0.1656807142857143,SL,-1.043359248826291,0.00922525207026783,1,0.27245053272450354,-2.03653318945489
SOLUSDT,SHORT,1774062000,1774068300,90.41,90.93285714285715,90.14857142857142,TP2,0.43083387978143506,0.005783178219855641,1,0.23958333333332987,3.061709291981407
SEIUSDT,SHORT,1774066500,1774068300,0.06385,0.06416285714285715,0.06369357142857143,TP2,0.4183652968036534,0.004899876943729749,1,0.19780219780219865,2.3461986090260267
ZECUSDT,LONG,1774067400,1774071000,232.39,230.17857142857142,233.49571428571429,TP2,0.45796563307494187,0.00951602294172974,1,0.2456896551724139,-2.6113978603777044
LINKUSDT,LONG,1774069200,1774070100,9.098,9.056285714285716,9.118857142857143,TP2,0.412758904109589,0.004584995132368179,1,0.08675799086758212,-2.1192714902972076
TAOUSDT,SHORT,1774070100,1774072800,275.6,280.12857142857143,273.3357142857143,TP2,0.47565678233439124,0.01643168152602117,1,0.14537444933920762,2.691142995895498
XLMUSDT,SHORT,1774070100,1774079100,0.16607,0.16678285714285712,0.16571357142857143,TP2,0.4068144288577148,0.004292510043097116,1,0.14673913043477785,2.324395962973989
XRPUSDT,SHORT,1774072800,1774073700,1.4506,1.4550714285714286,1.4483642857142855,TP2,0.37023386581469786,0.0030824683382246094,1,0.17094017094015934,2.7063930856074387
SEIUSDT,LONG,1774077300,1774078200,0.06331,0.06296714285714286,0.06348142857142858,TP2,0.4261383333333333,0.005415529029492066,1,0.07608695652174176,-2.249061586077382
BTCUSDT,SHORT,1774078200,1774079100,70833.8,71025.98571428572,70737.70714285715,TP2,0.35257218464279305,0.002713192208884949,1,0.18146002317496399,2.417797038500306
ETHUSDT,SHORT,1774078200,1774080000,2158.55,2165.4057142857146,2155.122142857143,TP2,0.3740583454886417,0.0031760738855779063,1,0.2054693274205725,2.898181467130494
ADAUSDT,LONG,1774079100,1774086300,0.2652,0.2640571428571428,0.26577142857142855,SL,-1.0928199999999992,0.004309416074121991,1,0.29166666666666424,-2.4883321289503195
SUIUSDT,LONG,1774079100,1774084500,0.9634,0.9586,0.9658,TP2,0.4197166666666553,0.004982354162341718,1,0.19327731092436495,-2.3380607800727287
TAOUSDT,LONG,1774080000,1774080900,268.9,264.59999999999997,271.04999999999995,TP2,0.47498604651162135,0.01599107474897736,1,0.13333333333333208,-2.4889857011005403
ZECUSDT,SHORT,1774080900,1774081800,235.96,238.26142857142858,234.80928571428572,TP2,0.4589889509621352,0.009753469110987309,1,0.17731773177317836,3.229578202755421
AAVEUSDT,LONG,1774081800,1774083600,111.24,110.7942857142857,111.46285714285713,TP2,0.4001692307692145,0.00400678070580982,1,0.18367346938775805,-2.009692585587338
LABUSDT,SHORT,1774083600,1774084500,0.18708,0.18942857142857142,0.18590571428571429,SL,-1.0318627737226278,0.012553834875836145,1,0.2612419700214142,3.5617994118968657
AAVEUSDT,SHORT,1774084500,1774085400,111.74,112.19,111.515,TP2,0.40067555555553996,0.004027206013960988,1,0.06779661016949132,2.2303512078646643
LINKUSDT,SHORT,1774084500,1774085400,9.15,9.179714285714285,9.135142857142858,TP2,0.37682692307692106,0.0032474629195940142,1,0.12280701754386475,2.8057306819982406
NEARUSDT,LONG,1774087200,1774098000,1.3118,1.3055285714285716,1.3149357142857143,SL,-1.0836683371298408,0.004780781042406271,1,0.11524163568772633,-2.064934907766976
TAOUSDT,LONG,1774090800,1774096200,268.7,264.8857142857143,270.60714285714283,TP2,0.4718217228464418,0.014195332021904341,1,0.18292682926829293,-2.1599274072100028
LINKUSDT,LONG,1774091700,1774092600,9.087,9.053285714285714,9.103857142857143,TP2,0.3921881355932198,0.0037101668002955377,1,0.22580645161290766,-2.200674385845387
BTCUSDT,SHORT,1774096200,1774098900,70745.0,70919.58571428571,70657.70714285714,TP2,0.3379134277064533,0.0024678170087740372,1,0.02807652041496192,2.0408055450240257
AAVEUSDT,SHORT,1774101600,1774102500,111.74,112.09714285714284,111.56142857142856,SL,-1.1251488000000014,0.0031961952491753455,1,0.006802721088429192,2.20231894505476
DOTUSDT,SHORT,1774102500,1774103400,1.496,1.5051428571428571,1.4914285714285713,TP2,0.43455000000001237,0.006111535523300256,1,0.0,2.0255930537837763
NEARUSDT,SHORT,1774102500,1774105200,1.3172,1.3235142857142856,1.314042857142857,TP2,0.41655746606334765,0.004793718276864299,1,0.13108614232208934,2.4767905721146204
ADAUSDT,LONG,1774105200,1774107900,0.263,0.2614714285714286,0.26376428571428573,TP2,0.4311775700934586,0.005812058663769744,1,0.1698113207547237,-2.9928952232993136
AVAXUSDT,LONG,1774105200,1774107000,9.468,9.421285714285714,9.491357142857142,TP2,0.418928440366953,0.004933912728589507,1,0.1904761904761915,-2.3611762050514904
SEIUSDT,LONG,1774105200,1774107000,0.06281,0.062484285714285714,0.06297285714285715,TP2,0.42286491228070233,0.005185707462415034,1,0.0617283950617303,-2.058116650004573
AVAXUSDT,SHORT,1774108800,1774110600,9.532,9.586857142857143,9.50457142857143,TP2,0.43049583333331687,0.0057550506564354445,1,0.17272727272727478,2.134361339144966
SUIUSDT,SHORT,1774108800,1774110600,0.9659,0.972,0.96285,TP2,0.4366622950819668,0.006315353556268726,1,0.19860627177700207,2.1779392211172235
XLMUSDT,SHORT,1774108800,1774110600,0.16609,0.16694714285714285,0.16566142857142857,TP2,0.4224913333333172,0.0051607132105657046,1,0.2555831265508654,2.2344387873306335
ZECUSDT,LONG,1774109700,1774115100,231.52,228.93428571428572,232.81285714285715,TP2,0.46418475138121545,0.01116842728798499,1,0.150159744408946,-2.33510052456843
BTCUSDT,LONG,1774110600,1774137600,70382.2,70069.11428571428,70538.74285714286,SL,-1.089920678956013,0.004448364988387933,1,0.1705768486256333,-2.2401973344675814
ETHUSDT,LONG,1774110600,1774118700,2147.86,2136.692857142857,2153.4435714285714,TP2,0.42306501215298,0.005199194946198976,1,0.18771331058021568,-2.0766359432007593
HYPEUSDT,SHORT,1774111500,1774113300,40.138,40.54442857142857,39.93478571428571,TP2,0.46049687170475384,0.010125780343529081,1,0.04309392265193494,2.080356484353301
ADAUSDT,SHORT,1774124100,1774125900,0.2648,0.26589999999999997,0.26425,SL,-1.0962909090909099,0.0041540785498489045,1,0.24528301886791465,2.0647416048349556
SOLUSDT,SHORT,1774125000,1774131300,89.96,90.30857142857141,89.78571428571428,TP2,0.39676721311477325,0.003874737978784173,1,0.17073170731707232,2.046696205192991
LINKUSDT,SHORT,1774126800,1774128600,9.098,9.129714285714288,9.082142857142857,TP2,0.38525045045045203,0.0034858524636498297,1,0.08280254777069905,2.2203079279539493
ZECUSDT,LONG,1774130400,1774131300,231.03,229.56714285714284,231.76142857142858,SL,-1.0631722656249996,0.006331892580431772,1,0.08242612752721518,-2.007455532010845
NEARUSDT,LONG,1774131300,1774135800,1.3175,1.3112428571428572,1.3206285714285713,SL,-1.0842237442922378,0.004749254540525871,1,0.08520179372197033,-2.100323606035252
AAVEUSDT,LONG,1774132200,1774133100,111.3,110.85571428571428,111.52214285714285,TP2,0.399794212218649,0.003991785393402625,1,0.22466960352422968,-2.3918473622560175
HYPEUSDT,LONG,1774134000,1774135800,39.85,39.57557142857143,39.98721428571429,SL,-1.0580843310775638,0.006886538806237675,1,0.2600276625172891,-2.1131450326877457
TAOUSDT,LONG,1774137600,1774138500,267.9,263.4285714285714,270.13571428571424,SL,-1.0239654952076678,0.016690662827281006,1,0.27160493827160725,-2.932001277932823
TAOUSDT,SHORT,1774146600,1774147500,281.8,290.1285714285715,277.6357142857143,TP2,0.4864658662092591,0.02955490215958642,1,0.23353293413173531,2.3826069470740956
ZECUSDT,LONG,1774160100,1774164600,218.15,215.70142857142858,219.37428571428572,TP2,0.46436289381563584,0.011224255918273768,1,0.15622849277357156,-2.2428936628011535
BTCUSDT,LONG,1774165500,1774166400,68911.9,68640.11428571428,69047.79285714285,TP2,0.39857906964520445,0.003943959088135959,1,0.2498068901591169,-2.6011379118524
ETHUSDT,LONG,1774165500,1774167300,2097.89,2084.7114285714283,2104.4792857142857,SL,-1.0636757940379404,0.006281821939458899,1,0.04952380952380779,-2.475053378717258
LINKUSDT,LONG,1774165500,1774167300,8.856,8.804428571428572,8.881785714285714,SL,-1.0686891966758998,0.005823332042844277,1,0.1314741035856537,-2.206463055488417
NEARUSDT,LONG,1774167300,1774169100,1.29,1.2811857142857144,1.2944071428571429,TP2,0.44145867098865466,0.006832779623477283,1,0.2757009345794418,-2.4435911171029363
TAOUSDT,LONG,1774168200,1774170000,270.0,265.0,272.5,TP2,0.47839999999999994,0.01851851851851849,1,0.23469387755102045,-2.6727563532009957
ZECUSDT,LONG,1774176300,1774182600,217.55,215.02714285714288,218.8114285714286,TP2,0.46550736126840886,0.011596677282726483,1,0.1307767944936076,-2.226495307840054
TAOUSDT,SHORT,1774185300,1774187100,274.3,279.45714285714286,271.7214285714286,TP2,0.47872465373961215,0.018801104109160933,1,0.17073170731707293,2.096040574240609
XRPUSDT,SHORT,1774185300,1774186200,1.4045,1.4138428571428572,1.3998285714285714,TP2,0.4398685015290642,0.0066520876773636115,1,0.20661157024793503,2.01612970821274
NEARUSDT,SHORT,1774192500,1774194300,1.2917,1.3028428571428572,1.2861285714285715,TP2,0.4536312820512822,0.008626505491102566,1,0.018796992481205064,2.329549099599339
ADAUSDT,LONG,1774197900,1774205100,0.254,0.2520714285714286,0.2549642857142857,SL,-1.0526814814814818,0.007592800899887458,1,0.09302325581395679,-2.7291751337786545
HYPEUSDT,LONG,1774197900,1774200600,37.937,37.62885714285714,38.091071428571425,TP2,0.45075401019935085,0.008122488787802322,1,0.005886200130804739,-2.0618542025888136
XLMUSDT,LONG,1774198800,1774205100,0.15769,0.15645714285714285,0.15830642857142857,SL,-1.0511624565469297,0.007818232880063001,1,0.2454212454212446,-3.135162214843746
ZECUSDT,SHORT,1774199700,1774200600,222.11,224.27714285714288,221.0264285714286,TP2,0.45900408701383655,0.009757070177582528,1,0.2451790633608833,2.4330557257653336
LABUSDT,SHORT,1774200600,1774204200,0.22611,0.23246,0.222935,TP2,0.485756850393703,0.028083676086860354,1,0.08161708619374554,2.064265380720686
SUIUSDT,LONG,1774201500,1774205100,0.9196,0.9137142857142857,0.9225428571428571,SL,-1.0624970873786403,0.006400298266327011,1,0.1610169491525415,-2.038731268992542
TAOUSDT,LONG,1774224000,1774225800,261.7,256.54285714285714,264.2785714285714,TP2,0.47970193905817177,0.01970631584693492,1,0.165775401069518,-2.0668973673885325
SEIUSDT,SHORT,1774228500,1774232100,0.05997,0.06064428571428571,0.05963285714285715,TP2,0.46442457627118633,0.01124371709664353,1,0.10062893081761069,2.3524183090355844
ZECUSDT,SHORT,1774229400,1774242000,219.54,222.66571428571427,217.97714285714287,SL,-1.028094698354662,0.014237561654888754,1,0.11617647058823626,2.1508339525489983
DOTUSDT,SHORT,1774230300,1774242900,1.427,1.441857142857143,1.4195714285714285,SL,-1.0384192307692306,0.01041145259785772,1,0.26666666666666866,2.015013384032462
ADAUSDT,SHORT,1774233000,1774235700,0.2533,0.25611428571428574,0.2518928571428572,TP2,0.4639979695431371,0.011110484462241206,1,0.2758620689655204,2.7170323570467385
XLMUSDT,SHORT,1774239300,1774242000,0.15763,0.15911999999999998,0.156885,SL,-1.04231677852349,0.009452515384127409,1,0.1751937984496101,2.161044278751582
ETHUSDT,SHORT,1774242900,1774244700,2069.18,2087.2314285714283,2060.1542857142854,TP2,0.4541492244381261,0.008723952759754423,1,0.16514232864042927,2.030020565332821
LINKUSDT,SHORT,1774242900,1774244700,8.767,8.831999999999999,8.734499999999999,TP2,0.4460492307692444,0.007414166761720089,1,0.21637426900584716,2.0233460968169257
ETHUSDT,LONG,1774312200,1774316700,2141.41,2124.56,2149.835,SL,-1.0508346587537094,0.007868647293138591,1,0.26406429391503866,-2.014018648396137
SOLUSDT,LONG,1774312200,1774316700,91.02,90.24571428571429,91.40714285714286,SL,-1.047021402214022,0.008506764604325584,1,0.16766467065868457,-2.197986737131571
XRPUSDT,LONG,1774312200,1774316700,1.4225,1.4119714285714287,1.4277642857142858,SL,-1.0540434192672994,0.007401456188802465,1,0.29979879275653704,-2.0896398487964385
TAOUSDT,SHORT,1774397700,1774398600,341.6,352.3285714285715,336.2357142857143,TP2,0.4872639147802903,0.03140682502509206,1,0.2793834296724477,2.4636903707662583
SUIUSDT,LONG,1774408500,1774410300,0.9446,0.9361999999999999,0.9488,TP2,0.45501904761904116,0.00889265297480418,1,0.1111111111111111,-2.518326910041716
ZECUSDT,LONG,1774409400,1774412100,236.4,230.70285714285714,239.24857142857144,TP2,0.48340220661985955,0.02409958907420836,1,0.13250000000000028,-2.2757973686393154
SOLUSDT,SHORT,1774411200,1774415700,91.66,92.46,91.25999999999999,SL,-1.04583,0.00872790748418066,1,0.2769953051643159,2.2481568593333505
SEIUSDT,SHORT,1774414800,1774417500,0.06096,0.06137142857142858,0.06075428571428571,TP2,0.44073333333333364,0.006749156355455602,1,0.08264462809917573,2.0021812545369015
AVAXUSDT,SHORT,1774415700,1774419300,9.665,9.724714285714285,9.635142857142856,TP2,0.43525837320574096,0.006178405143743932,1,0.2034632034632016,2.277535093990302
BTCUSDT,SHORT,1774416600,1774422000,71165.9,71585.61428571428,70956.04285714285,TP2,0.43217681415929204,0.005897688158433825,1,0.1650531567381345,2.1477878356708966
LABUSDT,SHORT,1774418400,1774420200,0.20096,0.2045057142857143,0.19918714285714287,SL,-1.0226707493956486,0.01764388080072794,1,0.23758099352051756,2.224403711582162
ADAUSDT,SHORT,1774420200,1774425600,0.27,0.2721571428571429,0.2689214285714286,TP2,0.44993377483443747,0.00798941798941805,1,0.15315315315315206,2.5380177329455713
SUIUSDT,SHORT,1774421100,1774425600,0.9607,0.9683285714285714,0.9568857142857143,TP2,0.449626217228457,0.007940638522505894,1,0.2418952618453861,2.3398234141307106
TAOUSDT,SHORT,1774422900,1774429200,343.5,351.72857142857146,339.38571428571424,SL,-1.0166979166666665,0.023955084217093033,1,0.2464454976303333,2.440590086281884
HYPEUSDT,SHORT,1774426500,1774428300,40.474,40.83628571428571,40.29285714285714,SL,-1.0446873817034703,0.008951072646284343,1,0.23742454728370208,2.2477401904469443
AAVEUSDT,SHORT,1774427400,1774432800,113.5,114.50428571428571,112.99785714285714,TP2,0.4547937411095307,0.008848332284455652,1,0.2737430167597775,2.537624487485782
ETHUSDT,SHORT,1774432800,1774441800,2185.15,2203.6257142857144,2175.912142857143,TP2,0.4526914095724115,0.008455124035290123,1,0.14505140592097238,2.0272755941434464
AVAXUSDT,SHORT,1774434600,1774441800,9.725,9.800285714285714,9.687357142857142,TP2,0.44833017077800064,0.007741461623209737,1,0.22615803814713784,2.1220621275520135
LABUSDT,LONG,1774435500,1774436400,0.19885,0.1943557142857143,0.20109714285714286,TP2,0.4823019707565193,0.02260138654405689,1,0.10640732265446179,-2.1463807913715556
LABUSDT,SHORT,1774437300,1774442700,0.20423,0.20926285714285714,0.2017135714285714,TP2,0.4837682656826596,0.024643084477584825,1,0.1062846580406649,2.0657493557770747
ZECUSDT,LONG,1774441800,1774443600,234.45,230.95285714285714,236.19857142857143,TP2,0.4731838235294159,0.014916369618864831,1,0.25358324145534794,-3.354579598467042
SEIUSDT,LONG,1774443600,1774446300,0.06109,0.06058857142857143,0.06134071428571428,TP2,0.4512672364672364,0.008208030306573421,1,0.08949416342412554,-2.6648517839590453
LINKUSDT,SHORT,1774444500,1774449000,9.45,9.544142857142857,9.402928571428571,TP2,0.45984825493170534,0.009962207105064258,1,0.27868852459015886,2.1688082551820718
DOTUSDT,LONG,1774447200,1774450800,1.367,1.3485714285714285,1.3762142857142856,TP2,0.4703286821705366,0.013481032500783781,1,0.15151515151514763,-2.6367771718962083
LABUSDT,LONG,1774448100,1774458900,0.19778,0.1929357142857143,0.20020214285714286,SL,-1.0163309938071365,0.024493304248587873,1,0.10347788750536664,-2.0502236814989043
HYPEUSDT,LONG,1774449000,1774456200,40.268,39.61071428571429,40.59664285714286,TP2,0.47549437078896434,0.016322780229604504,1,0.11146245059288705,-2.2179134263366587
ADAUSDT,LONG,1774451700,1774456200,0.2703,0.26607142857142857,0.2724142857142857,TP2,0.47443108108108767,0.015643993446435214,1,0.13636363636363794,-2.0826920273082226
TAOUSDT,LONG,1774467900,1774469700,349.7,338.34285714285716,355.37857142857143,TP2,0.48768352201258114,0.03247681686343394,1,0.15878378378378358,-2.450249235254361
HYPEUSDT,LONG,1774469700,1774470600,40.15,39.75742857142857,40.34628571428571,SL,-1.040909752547307,0.009777619640633357,1,0.17139737991266504,-2.410342254597249
SOLUSDT,LONG,1774469700,1774472400,91.14,90.37571428571428,91.52214285714285,TP2,0.45230056074765423,0.00838584281638922,1,0.15294117647058744,-2.4155364208627113
ADAUSDT,LONG,1774470600,1774472400,0.2686,0.2663714285714286,0.26971428571428574,TP2,0.4517897435897559,0.0082969896819487,1,0.08163265306122137,-2.3548982867418577
DOTUSDT,LONG,1774471500,1774478700,1.35,1.3342857142857145,1.3578571428571429,TP2,0.46563636363636346,0.01164021164021158,1,0.21212121212121499,-2.5007922719569535
ETHUSDT,SHORT,1774478700,1774482300,2174.63,2188.7428571428572,2167.5735714285715,TP2,0.4383645713128856,0.006489773958262818,1,0.1898565231898596,2.321104688276697
LINKUSDT,SHORT,1774478700,1774486800,9.379,9.446,9.3455,TP2,0.44400597014925386,0.0071436187226783425,1,0.10126582278480942,2.3533281583955943
SEIUSDT,SHORT,1774478700,1774490400,0.06116,0.061574285714285706,0.06095285714285714,TP2,0.440948965517249,0.006773801737830434,1,0.1623036649214658,2.4936713872576997
TAOUSDT,SHORT,1774487700,1774494900,353.6,363.81428571428575,348.49285714285713,TP2,0.48615272727273007,0.028886554621848807,1,0.10833333333333377,2.0141692896924983
ZECUSDT,SHORT,1774487700,1774492200,233.31,235.8842857142857,232.02285714285716,TP2,0.4637476137624805,0.011033756436868148,1,0.12918660287081413,2.4286115942470734
SUIUSDT,LONG,1774490400,1774493100,0.962,0.9548285714285714,0.9655857142857143,SL,-1.053657370517928,0.007454707454707491,1,0.0853658536585372,-2.056537499249598
AAVEUSDT,LONG,1774491300,1774493100,111.88,111.16142857142857,112.23928571428571,SL,-1.062279125248509,0.006422697788446789,1,0.09239130434782755,-2.066833570441177
ADAUSDT,LONG,1774491300,1774493100,0.2683,0.26637142857142854,0.2692642857142857,SL,-1.0556474074074071,0.00718811564879403,1,0.07894736842105128,-2.021150474119406
TAOUSDT,SHORT,1774574100,1774576800,345.1,352.1857142857143,341.5571428571429,TP2,0.48051854838709684,0.020532350871383092,1,0.08169014084507177,2.108545873624919
NEARUSDT,SHORT,1774575000,1774581300,1.2346,1.2440571428571428,1.2298714285714285,TP2,0.4477812688821753,0.007660086552035365,1,0.15930902111324316,2.080159261392963
AAVEUSDT,SHORT,1774575900,1774584900,106.07,106.8442857142857,105.68285714285713,TP2,0.44520369003690974,0.007299761612951038,1,0.25070422535211506,2.394670628340945
HYPEUSDT,LONG,1774575900,1774576800,38.68,38.28142857142857,38.879285714285714,TP2,0.46118136200716836,0.01030432855665531,1,0.09833422890918792,-2.6134356585119995
XLMUSDT,SHORT,1774577700,1774579500,0.17519,0.17642285714285716,0.17457357142857144,TP2,0.44315967555040553,0.007037257508174797,1,0.2730263157894748,2.8412575212776456
AVAXUSDT,LONG,1774581300,1774584900,9.069,9.012285714285715,9.097357142857144,SL,-1.0639627204030224,0.006253642707496526,1,0.09090909090909743,-2.0775121498131437
SEIUSDT,LONG,1774581300,1774583100,0.05821,0.05785,0.05839,TP2,0.4353222222222217,0.006184504380690555,1,0.24183006535947696,-3.546315493117751
ADAUSDT,LONG,1774584900,1774585800,0.2528,0.25111428571428573,0.25364285714285717,TP2,0.44001355932203406,0.0066681735985533635,1,0.1428571428571408,-2.3856107214887867
BTCUSDT,LONG,1774584900,1774586700,68377.6,68018.71428571429,68557.04285714286,TP2,0.42378899769126654,0.005248586003102095,1,0.20542422576506456,-3.0138476985041844
TAOUSDT,LONG,1774588500,1774593900,334.0,326.8857142857143,337.5571428571429,TP2,0.4812208835341405,0.021300256629597926,1,0.1326530612244903,-2.0608483614821353
LABUSDT,SHORT,1774596600,1774600200,0.19061,0.19374,0.18904500000000002,TP2,0.4756408945686856,0.016420964272598468,1,0.19790986283474934,2.9712220437974444
HYPEUSDT,SHORT,1774597500,1774600200,39.099,39.46214285714285,38.917428571428566,TP2,0.4569326514555565,0.009287778642493577,1,0.23787528868360328,2.6073201911350807
BTCUSDT,LONG,1774600200,1774601100,68207.6,67789.70000000001,68416.55,SL,-1.06528604929409,0.006126883221224559,1,0.26309105532743315,-2.4685133087359015
LINKUSDT,LONG,1774600200,1774601100,8.853,8.789,8.885,SL,-1.0553312499999996,0.007229187845927998,1,0.21476510067113982,-2.3331905648600273
ZECUSDT,LONG,1774600200,1774601100,221.99,219.71857142857144,223.1257142857143,SL,-1.039092578616352,0.010232121138017821,1,0.2021758839528549,-2.0656166544725956
HYPEUSDT,LONG,1774657800,1774663200,38.091,37.790571428571425,38.241214285714285,TP2,0.449284450784582,0.007887127442928084,1,0.1844835363103283,-2.4131728774019434
AAVEUSDT,LONG,1774660500,1774664100,97.3,96.49285714285715,97.70357142857142,TP2,0.4517805309734511,0.008295404492732313,1,0.2056737588652484,-3.2107305357769884
AVAXUSDT,LONG,1774660500,1774663200,8.722,8.67642857142857,8.744785714285713,TP2,0.42344326018806894,0.005224882890555944,1,0.040723981900454016,-2.331945379456986
TAOUSDT,SHORT,1774668600,1774671300,318.9,324.88571428571424,315.90714285714284,TP2,0.4786892601431981,0.018769878600546536,1,0.25510204081632626,2.1689047657559226
LABUSDT,SHORT,1774669500,1774675800,0.20688,0.2114042857142857,0.20461785714285716,SL,-1.0182906220397854,0.02186913048281958,1,0.26519634211942045,2.4043977994808077
ADAUSDT,LONG,1774671300,1774672200,0.2442,0.2425857142857143,0.24500714285714287,TP2,0.4394902654867341,0.006610506610506597,1,0.183098591549296,-2.037171176180948
XRPUSDT,SHORT,1774672200,1774675800,1.3295,1.3364857142857143,1.3260071428571427,SL,-1.0761267893660522,0.005254392091548983,1,0.20261437908497,2.4050763942801057
DOTUSDT,SHORT,1774676700,1774684800,1.288,1.2975714285714286,1.2832142857142856,SL,-1.0538268656716419,0.007431233362910376,1,0.2195121951219491,2.386761239312206
SOLUSDT,SHORT,1774678500,1774679400,82.76,83.1657142857143,82.55714285714286,SL,-1.0815943661971819,0.004902299247393575,1,0.16384180790960579,2.181256430897998
ZECUSDT,SHORT,1774678500,1774679400,213.92,215.47714285714284,213.14142857142855,SL,-1.0549519266055045,0.0072790896463297595,1,0.20539419087136912,2.013559236200474
AAVEUSDT,SHORT,1774755000,1774758600,97.81,98.57857142857144,97.42571428571429,TP2,0.44909516728623633,0.0078578001080813,1,0.10379746835442907,2.301997524227578
BTCUSDT,SHORT,1774755000,1774758600,66931.7,67250.6857142857,66772.20714285714,TP2,0.41606934479826696,0.004765839120860721,1,0.21128107074569116,2.298894228826079
HYPEUSDT,SHORT,1774755000,1774763100,39.847,40.203857142857146,39.66857142857143,TP2,0.45533562850279213,0.008955684062969396,1,0.09754637941352715,2.2047857201487155
ADAUSDT,LONG,1774761300,1774762200,0.2448,0.24332857142857142,0.24553571428571427,SL,-1.066547572815534,0.006010737628384674,1,0.07407407407407522,-2.5108983217305614
XRPUSDT,LONG,1774763100,1774764000,1.33,1.3251142857142857,1.3324428571428573,TP2,0.39111111111111185,0.0036734693877551266,1,0.08675799086757861,-2.2579784261521834
DOTUSDT,SHORT,1774764900,1774765800,1.271,1.2792857142857141,1.2668571428571427,TP2,0.4386413793103583,0.006519051365628871,1,0.2799999999999943,2.2258361957423642
AAVEUSDT,LONG,1774765800,1774777500,96.6,95.96571428571428,96.91714285714285,SL,-1.060918918918919,0.006566104702750663,1,0.172690763052207,-2.084196152768802
SEIUSDT,SHORT,1774766700,1774768500,0.05396,0.054271428571428575,0.053804285714285714,TP2,0.4306935779816521,0.0057714709308483055,1,0.13772455089820324,2.223101369820838
AVAXUSDT,LONG,1774768500,1774770300,8.726,8.683142857142858,8.747428571428573,TP2,0.41855733333335426,0.004911430536000797,1,0.16363636363636394,-2.2086020445675487
LABUSDT,SHORT,1774769400,1774781100,0.21926,0.2224057142857143,0.21768714285714286,TP2,0.47211952770209337,0.01434695925255076,1,0.19233498935415289,2.131971325178504
NEARUSDT,LONG,1774770300,1774773900,1.1638,1.157857142857143,1.1667714285714286,TP2,0.4216673076923261,0.005106424766160099,1,0.12609970674486792,-2.192794946587831
ZECUSDT,LONG,1774772100,1774773000,215.83,213.9714285714286,216.75928571428574,TP2,0.45354926979247495,0.00861127474665907,1,0.13915857605177676,-2.065080141483561
ADAUSDT,LONG,1774777500,1774780200,0.2438,0.2423,0.24455,SL,-1.065013333333333,0.0061525840853158716,1,0.26315789473684315,-2.305992364824182
ETHUSDT,LONG,1774777500,1774782900,1997.83,1988.8999999999999,2002.2949999999998,TP2,0.4105115341545229,0.0044698497870189315,1,0.21226415094339854,-2.5506886537141313
HYPEUSDT,LONG,1774778400,1774780200,39.576,39.33857142857143,39.694714285714284,SL,-1.0666743682310469,0.0059993069392705505,1,0.17027863777089675,-2.0867180112588026
AAVEUSDT,SHORT,1774830600,1774831500,96.85,98.45571428571428,96.04714285714284,TP2,0.47587366548043153,0.01657939376060185,1,0.2710280373831767,2.7753424942266336
DOTUSDT,SHORT,1774830600,1774832400,1.275,1.2964285714285713,1.2642857142857142,TP2,0.47619999999999985,0.016806722689075522,1,0.2839506172839524,2.3697969182920176
TAOUSDT,SHORT,1774830600,1774831500,322.7,330.2142857142857,318.9428571428571,TP2,0.48282205323193916,0.023285670016379642,1,0.17548746518105976,2.7371920170495083
SUIUSDT,SHORT,1774833300,1774839600,0.8587,0.8748428571428571,0.8506285714285714,SL,-1.0212775221238939,0.018799181486965345,1,0.24955116696588975,2.223602831097719
ADAUSDT,SHORT,1774836900,1774857600,0.2451,0.24915714285714285,0.24307142857142858,SL,-1.0241647887323944,0.01655301043305938,1,0.25786163522012623,2.049028604172291
AVAXUSDT,SHORT,1774836900,1774858500,8.776,8.925428571428572,8.701285714285714,SL,-1.0234921606118546,0.01702695663497859,1,0.21061359867329904,2.2008889466489796
DOTUSDT,LONG,1774849500,1774854000,1.263,1.2498571428571428,1.2695714285714286,TP2,0.46156086956522585,0.010406062662594738,1,0.1020408163265308,-2.373222262672865
HYPEUSDT,LONG,1774855800,1774857600,38.038,37.63928571428571,38.23735714285714,TP2,0.4618393407380955,0.010481999203803704,1,0.18903803131991365,-2.040493613117614
XRPUSDT,SHORT,1774857600,1774863900,1.3576,1.366942857142857,1.3529285714285713,TP2,0.44187645259940056,0.0068818924151865,1,0.24335378323108114,2.0001572375118735
AAVEUSDT,SHORT,1774858500,1774862100,98.84,99.68142857142858,98.41928571428572,TP2,0.453013242784372,0.008513036942822476,1,0.2528089887640454,2.0027018373079284
DOTUSDT,SHORT,1774860300,1774862100,1.28,1.2917142857142858,1.2741428571428572,TP2,0.4562926829268197,0.009151785714285697,1,0.2093023255813963,2.0615737281585083
TAOUSDT,SHORT,1774873800,1774875600,320.0,323.98571428571427,318.00714285714287,TP2,0.4678853046594982,0.012455357142857133,1,0.09677419354838769,2.1425216169403796
HYPEUSDT,SHORT,1774876500,1774878300,38.405,38.72128571428571,38.246857142857145,TP2,0.4514299909665763,0.008235534807595733,1,0.13275517011340934,2.4001717339904456
AAVEUSDT,SHORT,1774877400,1774879200,99.55,100.47,99.09,TP2,0.4567173913043399,0.009241587142139584,1,0.09046454767725887,2.124863460054148
TAOUSDT,LONG,1774878300,1774881000,313.2,308.57142857142856,315.51428571428573,SL,-1.0270666666666666,0.014778325123152726,1,0.29268292682926794,-2.565275266783076
XRPUSDT,LONG,1774881000,1774882800,1.341,1.3302571428571428,1.3463714285714286,TP2,0.45006914893617045,0.008011079152018789,1,0.28787878787879245,-2.913360115392716
ZECUSDT,LONG,1774881000,1774882800,222.92,219.23,224.765,TP2,0.4758352303523036,0.01655302350619059,1,0.28125000000000194,-2.702577802742389
ADAUSDT,LONG,1774881900,1774882800,0.2474,0.24488571428571432,0.24865714285714285,TP2,0.4606409090909088,0.010162836355237263,1,0.0952380952380954,-2.0219433566511986
LABUSDT,LONG,1774890000,1774904400,0.21756,0.21368285714285715,0.21949857142857143,TP2,0.4775546057479735,0.017821028025109657,1,0.24488448844884572,-2.1184711382264307
HYPEUSDT,LONG,1774890900,1774896300,37.621,37.13614285714286,37.86342857142857,SL,-1.0310367707719503,0.01288793872723066,1,0.21097770154373807,-2.209616982814549
AAVEUSDT,LONG,1774891800,1774920600,97.36,95.91000000000001,98.085,TP2,0.47314206896551714,0.014893179950698384,1,0.20388349514563067,-2.4226479906317877
XRPUSDT,LONG,1774898100,1774905300,1.3222,1.312457142857143,1.3270714285714285,TP2,0.445716129032246,0.007368671262181986,1,0.29012345679012547,-2.140935515347478
LABUSDT,SHORT,1774905300,1774906200,0.22078,0.22354000000000002,0.2194,TP2,0.46800289855071964,0.012501132348944672,1,0.19298245614034926,3.1307567731761736
TAOUSDT,SHORT,1774905300,1774908000,314.3,318.6,312.15000000000003,TP2,0.4707627906976678,0.013681196309258655,1,0.11969111969111874,2.667893875038533
ZECUSDT,SHORT,1774906200,1774912500,228.52,232.20000000000002,226.68,TP2,0.4751608695652174,0.01610362331524596,1,0.23036649214659838,2.2795120867861547
HYPEUSDT,SHORT,1774920600,1774926900,37.452,37.92014285714285,37.21792857142857,TP2,0.46799951174855026,0.012499809279687421,1,0.2743930371049,2.1095073050169195
SOLUSDT,SHORT,1774920600,1774921500,83.69,84.48428571428572,83.29285714285714,SL,-1.0421460431654674,0.00949080791355857,1,0.2816091954022974,2.4268211918418534
XRPUSDT,SHORT,1774920600,1774921500,1.3356,1.3453285714285714,1.3307357142857141,SL,-1.0549145374449338,0.007284045693749227,1,0.2633928571428519,2.3494801138375148
AAVEUSDT,SHORT,1774922400,1774931400,98.41,99.51,97.86,TP2,0.4642145454545391,0.011177725840869856,1,0.20430107526881694,2.02412520063764
XLMUSDT,SHORT,1774924200,1774926900,0.17061,0.1723957142857143,0.16971714285714287,TP2,0.46178336000000003,0.010466644896045292,1,0.20255183413078226,2.0472975175134116
NEARUSDT,SHORT,1774944000,1774946700,1.1858,1.1948,1.1813,TP2,0.4472977777777656,0.0075898127846179995,1,0.10803324099723159,2.271700409943796
ZECUSDT,SHORT,1774945800,1774946700,234.65,238.49142857142857,232.7292857142857,TP2,0.4755663815544849,0.01637088673099754,1,0.27566964285714246,2.9265951634056875
AAVEUSDT,LONG,1774946700,1774951200,96.85,95.93857142857142,97.30571428571429,SL,-1.0425047021943572,0.009410723504683251,1,0.25481798715203674,-2.5715881887725245
SEIUSDT,LONG,1774946700,1774951200,0.05094,0.05044285714285714,0.05118857142857143,SL,-1.0409862068965516,0.009759380784115796,1,0.21232876712329063,-2.3805495412749114
SOLUSDT,LONG,1774946700,1774949400,82.41,81.64428571428572,82.79285714285714,SL,-1.0430499999999998,0.009291521486643462,1,0.279805352798052,-2.6255699780425994
DOTUSDT,LONG,1774951200,1774956600,1.23,1.2161428571428572,1.2369285714285714,TP2,0.46449484536082447,0.011265969802555089,1,0.21311475409835923,-2.2735653546021086
ADAUSDT,SHORT,1775005200,1775007000,0.2444,0.24705714285714286,0.24307142857142858,TP2,0.46320860215053766,0.010872106616787471,1,0.2710280373831759,3.046835574878128
AVAXUSDT,SHORT,1775005200,1775007000,8.968,9.035714285714286,8.934142857142858,TP2,0.4470244725738266,0.007550656301771381,1,0.046153846153846996,2.576246367775462
ETHUSDT,SHORT,1775005200,1775006100,2113.68,2131.3199999999997,2104.8599999999997,TP2,0.4520707482993324,0.008345634154649681,1,0.1608315098468214,2.8744522181373298
BTCUSDT,LONG,1775008800,1775013300,67755.4,67303.27142857142,67981.46428571428,TP2,0.44005651995322115,0.006672952582798902,1,0.12597547380156077,-2.5552876428113045
HYPEUSDT,LONG,1775008800,1775009700,36.035,35.648714285714284,36.228142857142856,TP2,0.4626856508875833,0.010719736763860564,1,0.28457446808510634,-2.973887683088598
ETHUSDT,LONG,1775010600,1775013300,2084.84,2065.1571428571433,2094.6814285714286,TP2,0.4576313543329944,0.009440943738060014,1,0.2370939902714542,-2.381294690051464
TAOUSDT,LONG,1775010600,1775011500,302.2,298.2285714285714,304.18571428571425,TP2,0.46956258992805033,0.013141722605653756,1,0.2866242038216552,-2.103956555626883
DOTUSDT,SHORT,1775013300,1775021400,1.258,1.2694285714285714,1.2522857142857142,SL,-1.0440300000000002,0.009084714967067866,1,0.0666666666666693,2.101354996512774
XRPUSDT,SHORT,1775016000,1775017800,1.3476,1.357242857142857,1.3427785714285714,TP2,0.4440995555555553,0.007155578170716159,1,0.2584269662921327,2.1099455815580326
LINKUSDT,SHORT,1775018700,1775021400,8.836,8.904142857142858,8.801928571428572,SL,-1.0518675052410897,0.0077119575761495805,1,0.17261904761905042,2.0166022471441245
SOLUSDT,SHORT,1775019600,1775020500,83.7,84.37285714285716,83.36357142857143,TP2,0.45024203821655034,0.008038914490527455,1,0.19161676646706666,2.010391318040728
BTCUSDT,SHORT,1775021400,1775025900,68555.8,69033.25714285714,68317.07142857143,SL,-1.057434097301179,0.006964503993201747,1,0.23640983755331824,2.1059223897580317
ADAUSDT,SHORT,1775022300,1775024100,0.2477,0.25075714285714285,0.24617142857142857,SL,-1.0324093457943924,0.012342118922659934,1,0.2463768115942033,2.241146494097099
HYPEUSDT,SHORT,1775022300,1775024100,37.097,37.43757142857144,36.92671428571428,TP2,0.45642969798657784,0.009180565236311122,1,0.2578616352201273,2.7408308242771557
BTCUSDT,SHORT,1775090700,1775092500,68497.4,68886.31428571428,68302.94285714286,TP2,0.4295501322362436,0.005677796320944839,1,0.22631276717922313,2.619039779356844
HYPEUSDT,SHORT,1775090700,1775092500,36.216,36.552142857142854,36.04792857142857,TP2,0.4569040373990752,0.009281611915806669,1,0.04318936877076941,2.018565660275858
TAOUSDT,SHORT,1775091600,1775092500,315.6,320.20000000000005,313.3,TP2,0.47255652173913043,0.01457541191381495,1,0.25333333333333535,2.1987256106865853
ADAUSDT,LONG,1775093400,1775097000,0.2441,0.2404857142857143,0.24590714285714288,SL,-1.0270150197628458,0.014806578100310186,1,0.2749999999999994,-3.166294302887737
AVAXUSDT,LONG,1775093400,1775094300,8.991,8.893428571428572,9.039785714285713,SL,-1.0368591508052711,0.010852121963233017,1,0.28691983122362746,-3.486306191105452
BTCUSDT,LONG,1775093400,1775096100,67546.7,66956.08571428571,67842.00714285714,SL,-1.0457467431004037,0.008743791861249895,1,0.24904342039594107,-3.210118212803654
SEIUSDT,LONG,1775095200,1775123100,0.05293,0.05189571428571428,0.05344714285714285,SL,-1.0204701657458564,0.01954063318129068,1,0.28344671201814103,-2.1553090767657244
DOTUSDT,SHORT,1775174400,1775181600,1.236,1.2438571428571428,1.2320714285714285,TP2,0.4370763636363774,0.006356911696717489,1,0.2941176470588197,2.072225288683375
NEARUSDT,SHORT,1775175300,1775177100,1.1643,1.1717142857142855,1.160592857142857,TP2,0.4371861271676443,0.006368020024294107,1,0.274238227146812,2.2930175799453143
ZECUSDT,LONG,1775176200,1775219400,237.86,234.58714285714288,239.4964285714286,EXPIRED,0.03814893059799197,0.01375959447934559,1,0.046386192017259346,-2.0979132107467615
LABUSDT,SHORT,1775177100,1775188800,0.19489,0.1983157142857143,0.19317714285714285,TP2,0.4772438698915803,0.01757768118279176,1,0.12739383846794175,2.0095992157163405
AVAXUSDT,SHORT,1775178900,1775180700,8.782,8.834857142857143,8.755571428571429,TP2,0.43354162162162146,0.00601880469792106,1,0.29292929292929676,2.1172261881327628
BTCUSDT,LONG,1775181600,1775184300,66591.4,66293.0,66740.59999999999,SL,-1.0892646112600548,0.004481059115741617,1,0.1968644572335746,-2.181406043122559
TAOUSDT,SHORT,1775181600,1775184300,302.6,305.92857142857144,300.9357142857143,TP2,0.46363605150214604,0.010999905580209643,1,0.12101910828025385,2.200674290145531
SEIUSDT,SHORT,1775182500,1775187900,0.05165,0.052212857142857144,0.05136857142857143,SL,-1.0367055837563453,0.0108975245470889,1,0.2387543252595151,2.3010223132355914
XRPUSDT,LONG,1775183400,1775186100,1.3069,1.2972571428571429,1.3117214285714285,TP2,0.4457878518518516,0.0073784200343232804,1,0.18539325842696536,-2.7232158978934735
AAVEUSDT,SHORT,1775186100,1775195100,94.84,95.54714285714286,94.48642857142858,SL,-1.0536468686868687,0.0074561667771284,1,0.2923076923076919,2.3253219632808415
SUIUSDT,SHORT,1775189700,1775191500,0.8662,0.8732285714285715,0.8626857142857143,TP2,0.45070406504064264,0.008114259326450528,1,0.21863799283154073,2.0256564648839137
LABUSDT,SHORT,1775192400,1775193300,0.19818,0.20097714285714285,0.19678142857142855,SL,-1.0283403472931563,0.014114153078730766,1,0.2499999999999986,2.1706024228785914
DOTUSDT,SHORT,1775195100,1775199600,1.248,1.2584285714285715,1.2427857142857144,SL,-1.047868493150685,0.0083562271062271,1,0.1739130434782617,2.8872243028164446
ETHUSDT,SHORT,1775195100,1775202300,2059.55,2073.3500000000004,2052.65,SL,-1.0596971014492755,0.006700492826102782,1,0.12761647535448878,2.168639588461914
SOLUSDT,SHORT,1775198700,1775208600,79.57,80.13714285714285,79.28642857142856,SL,-1.0561198992443328,0.007127596545718927,1,0.16176470588235048,2.2482167917976033
LABUSDT,LONG,1775268000,1775275200,0.19917,0.1969914285714286,0.20025928571428572,TP2,0.463431081967213,0.01093825088402582,1,0.2946509519492293,-2.0490387813114688
HYPEUSDT,SHORT,1775271600,1775278800,35.815,35.99671428571428,35.72414285714286,TP2,0.4211619496855145,0.0050736921880297214,1,0.05909090909090942,2.0988784812444
DOTUSDT,SHORT,1775274300,1775299500,1.242,1.2495714285714286,1.2382142857142857,TP2,0.43438490566037724,0.006096158270071306,1,0.2222222222222195,2.262967374075823
SUIUSDT,LONG,1775274300,1775275200,0.8657,0.8615571428571429,0.8677714285714286,TP2,0.41641517241380693,0.0047855575174508055,1,0.25471698113207364,-2.165250136355525
AAVEUSDT,SHORT,1775275200,1775276100,94.96,95.38428571428571,94.74785714285714,TP2,0.41047542087540406,0.00446804669635335,1,0.28176795580110403,2.3148497640501016
SEIUSDT,SHORT,1775277000,1775279700,0.05467,0.05508857142857143,0.054460714285714286,TP2,0.4477556313993258,0.007656327575844683,1,0.1485943775100403,2.8498355038307306
TAOUSDT,LONG,1775281500,1775285100,307.6,304.45714285714286,309.1714285714286,TP2,0.46085090909090026,0.010217350919561635,1,0.23566878980891665,-2.0340905972833982
BTCUSDT,SHORT,1775282400,1775286000,66875.3,66969.20000000001,66828.35,SL,-1.284878807241739,0.001404105850740146,1,0.1663157894736857,2.1280639017459735
ETHUSDT,SHORT,1775282400,1775286000,2052.86,2056.537142857143,2051.0214285714287,SL,-1.2233103341103322,0.0017912292397644703,1,0.16026020106446243,2.3550690937927943
ZECUSDT,SHORT,1775286900,1775295900,236.97,238.98999999999998,235.96,SL,-1.0469247524752479,0.008524285774570577,1,0.14810281517747773,2.1394087538593407
LINKUSDT,SHORT,1775291400,1775292300,8.669,8.696142857142858,8.655428571428573,TP2,0.372246315789443,0.0031310251635549174,1,0.2844036697247853,2.1442625170894183
SUIUSDT,LONG,1775292300,1775299500,0.8675,0.8635,0.8695,TP2,0.4132500000000004,0.004610951008645555,1,0.09195402298850099,-2.2812040240676916
ADAUSDT,LONG,1775293200,1775301300,0.2439,0.24244285714285715,0.24462857142857145,TP2,0.4330470588235389,0.005974345457740284,1,0.2537313432835827,-2.521953299965123
AVAXUSDT,LONG,1775293200,1775295900,8.85,8.811714285714285,8.869142857142856,TP2,0.40753731343281285,0.004326069410815185,1,0.09004739336493091,-2.0743746775908614
ETHUSDT,LONG,1775297700,1775299500,2046.95,2042.0514285714287,2049.3992857142857,TP2,0.33285331000291274,0.002393107515362527,1,0.19381898454745528,-2.3163894766497086
BTCUSDT,SHORT,1775300400,1775303100,67132.6,67282.84285714287,67057.47857142858,TP2,0.32126910715979,0.0022380014649046633,1,0.27963085036255464,3.415343242034446
DOTUSDT,SHORT,1775303100,1775304000,1.249,1.2552857142857143,1.245857142857143,SL,-1.0794818181818189,0.005032597506576643,1,0.25000000000000233,2.2941176470588256
HYPEUSDT,SHORT,1775304900,1775305800,35.892,36.05285714285714,35.81157142857143,TP2,0.4107481349911177,0.004481699065450253,1,0.17977528089887573,2.5638166902808437
NEARUSDT,SHORT,1775304900,1775305800,1.2381,1.2474714285714283,1.2334142857142858,SL,-1.0528457317073177,0.007569201656916614,1,0.28000000000000136,2.4855221111371835
TAOUSDT,LONG,1775306700,1775307600,306.8,304.27142857142854,308.06428571428575,TP2,0.45146666666666696,0.008241758241758289,1,0.2911392405063251,-2.4433912239544906
HYPEUSDT,LONG,1775313900,1775314800,35.545,35.33942857142858,35.64778571428572,TP2,0.4308366921473415,0.005783413379418415,1,0.11487758945385926,-2.418615552971315
SOLUSDT,LONG,1775313900,1775314800,79.7,79.39571428571429,79.85214285714285,TP2,0.3952300469483318,0.003817888510485691,1,0.26785714285713585,-3.2816719815848603
SUIUSDT,LONG,1775313900,1775314800,0.8623,0.8577857142857143,0.8645571428571428,TP2,0.42359367088607613,0.005235168403439319,1,0.11210762331838775,-2.4479749184896926
AAVEUSDT,SHORT,1775315700,1775316600,95.2,95.74571428571429,94.92714285714285,TP2,0.4302198952879712,0.005732292917166878,1,0.21428571428571355,2.3044408061738864
ETHUSDT,SHORT,1775315700,1775322900,2055.46,2062.7885714285712,2051.7957142857144,TP2,0.38781115009746525,0.003565416708946605,1,0.2545700744752757,2.443999670205744
SOLUSDT,SHORT,1775316600,1775354400,80.79,81.39857142857143,80.4857142857143,TP2,0.44689859154929545,0.00753275688292394,1,0.23595505617977874,2.1312038651241565
AVAXUSDT,SHORT,1775318400,1775320200,8.947,9.003857142857143,8.918571428571427,SL,-1.0629437185929647,0.0063548835204138895,1,0.24999999999999406,2.170024741432277
ADAUSDT,SHORT,1775321100,1775322000,0.2464,0.24814285714285714,0.24552857142857143,TP2,0.44344918032787667,0.007073283858998122,1,0.24590163934426273,2.106883424453305
XLMUSDT,LONG,1775322000,1775323800,0.16076,0.15959714285714285,0.16134142857142855,TP2,0.4447017199017194,0.007233498027227745,1,0.23047619047619344,-2.423084846210307
LABUSDT,SHORT,1775322900,1775324700,0.21289,0.21791285714285713,0.21037857142857141,SL,-1.0169536973833901,0.023593673459801488,1,0.23756345177664961,2.1700616170102123
DOTUSDT,SHORT,1775323800,1775326500,1.262,1.272,1.2570000000000001,TP2,0.4495199999999885,0.00792393026941356,1,0.13207547169811193,2.625801263540723
ZECUSDT,SHORT,1775325600,1775331900,252.17,255.99571428571426,250.25714285714284,TP2,0.47363420463032474,0.015171171375319339,1,0.26913329954384174,2.4507336455732047
AAVEUSDT,SHORT,1775330100,1775331000,95.24,95.85428571428571,94.93285714285713,TP2,0.4379832558139654,0.006449871002579988,1,0.1909547738693492,2.0535958197489377
HYPEUSDT,SHORT,1775338200,1775341800,36.22,36.47828571428571,36.09085714285714,SL,-1.0560929203539824,0.00713102469038416,1,0.1162123385939748,2.0298237227515936
SEIUSDT,SHORT,1775338200,1775347200,0.0538,0.05410285714285715,0.05364857142857143,SL,-1.0710566037735845,0.005629314922995249,1,0.14432989690721387,2.127282419940633
LABUSDT,LONG,1775342700,1775344500,0.2177,0.21349142857142858,0.21980428571428573,TP2,0.4793088934148031,0.019331977163855905,1,0.0459290187891436,-2.22818840794542
TAOUSDT,LONG,1775345400,1775351700,301.5,299.62857142857143,302.4357142857143,TP2,0.4355572519084128,0.0062070599384032865,1,0.2222222222222182,-2.2730889508008927
XRPUSDT,LONG,1775348100,1775356200,1.3132,1.3092142857142857,1.315192857142857,TP2,0.36820931899641385,0.0030351159653626463,1,0.2026143790849787,-2.061126334287737
ZECUSDT,LONG,1775349000,1775353500,249.19,246.3385714285714,250.6157142857143,SL,-1.034956513026052,0.011442788921820992,1,0.026086956521740225,-2.194192335338021
ADAUSDT,LONG,1775352600,1775356200,0.2467,0.2451142857142857,0.24749285714285715,TP2,0.43776936936936967,0.0064277028200822595,1,0.17647058823529507,-2.2247559878148384
SEIUSDT,LONG,1775354400,1775358900,0.05335,0.05303142857142857,0.05350928571428572,TP2,0.4330134529147985,0.005971348239389502,1,0.1951219512195124,-2.3855681616267344
AVAXUSDT,LONG,1775360700,1775367000,8.949,8.90342857142857,8.971785714285714,SL,-1.0785492163009398,0.005092348706160347,1,0.17924528301886936,-2.0291986247836045
NEARUSDT,SHORT,1775363400,1775365200,1.266,1.2747142857142857,1.261642857142857,TP2,0.44188852459017663,0.006883322049198819,1,0.25130890052356153,2.672046334576685
TAOUSDT,SHORT,1775363400,1775365200,303.8,305.9714285714286,302.7142857142857,TP2,0.4440368421052627,0.007147559484623283,1,0.2452830188679221,2.0656269713798765
XRPUSDT,LONG,1775366100,1775368800,1.3075,1.3017285714285716,1.3103857142857145,SL,-1.0906188118811881,0.004414094509696803,1,0.2101449275362243,-2.3845347501826013
BTCUSDT,LONG,1775368800,1775369700,66904.3,66757.08571428573,66977.90714285715,SL,-1.1817875206210628,0.0022003710630599457,1,0.2845509806170304,-2.9806882490388285
ZECUSDT,LONG,1775368800,1775371500,244.6,242.21285714285713,245.79357142857143,TP2,0.45901376421304607,0.009759373904917655,1,0.2904977375565608,-2.3031037882479306
LABUSDT,SHORT,1775369700,1775382300,0.22274,0.22744714285714285,0.22038642857142857,TP2,0.4810721699544765,0.021132903192703865,1,0.17836257309941567,3.243771915672261
NEARUSDT,LONG,1775369700,1775393100,1.2466,1.2369285714285714,1.2514357142857142,SL,-1.0515580502215656,0.007758245284316208,1,0.2894736842105259,-2.3130877111661716
ZECUSDT,SHORT,1775433600,1775435400,244.83,248.33857142857144,243.0757142857143,SL,-1.0279122149837134,0.01433064342021576,1,0.2243051066580486,2.0657374189101505
LABUSDT,SHORT,1775443500,1775444400,0.24881,0.2530842857142857,0.24667285714285714,SL,-1.02328435828877,0.01717891449011581,1,0.14689612784265532,2.209523329764943
HYPEUSDT,SHORT,1775448000,1775449800,37.113,37.524571428571434,36.90721428571428,TP2,0.4639304408191603,0.011089683630302903,1,0.20775623268697654,2.1786055724522684
TAOUSDT,SHORT,1775448000,1775449800,314.1,318.28571428571433,312.00714285714287,SL,-1.0300163822525596,0.013326056305999031,1,0.2896174863388001,2.077138977898885
BTCUSDT,LONG,1775457000,1775458800,68810.0,68478.31428571428,68975.84285714285,TP2,0.41701783099317413,0.004820312662196176,1,0.019939209726445715,-2.007674745727264
SEIUSDT,LONG,1775457000,1775457900,0.05359,0.05319285714285714,0.05378857142857143,TP2,0.4460244604316548,0.007410764268386972,1,0.1069767441860445,-2.017529374769189
SOLUSDT,LONG,1775457000,1775460600,81.29,80.6857142857143,81.59214285714286,TP2,0.4461910165484634,0.0074337029682090645,1,0.14102564102564139,-2.5566021111238717
ADAUSDT,LONG,1775459700,1775465100,0.2555,0.25311428571428574,0.25669285714285717,TP2,0.4571616766467179,0.009337433603578351,1,0.18681318681318573,-2.5263314815341706
NEARUSDT,LONG,1775460600,1775463300,1.2645,1.2530714285714284,1.2702142857142857,TP2,0.45574250000000016,0.009038016155453911,1,0.039062499999999764,-2.0745984891892144
DOTUSDT,SHORT,1775461500,1775467800,1.271,1.2827142857142857,1.2651428571428571,SL,-1.0433999999999997,0.009216589861751211,1,0.2499999999999986,2.000179306264387
XRPUSDT,SHORT,1775463300,1775466000,1.345,1.3542857142857143,1.3403571428571428,TP2,0.4420615384615384,0.0069038767923526225,1,0.1187214611872103,2.129237035500066
AAVEUSDT,SHORT,1775465100,1775467800,96.13,97.00714285714285,95.69142857142856,SL,-1.0438377850162865,0.009124548602339116,1,0.10047846889952143,2.0833917713909575
LABUSDT,LONG,1775466000,1775467800,0.25517,0.24729285714285715,0.25910857142857147,TP2,0.4870425099746137,0.030870176185064345,1,0.12180267965895268,-2.216241498995815
BTCUSDT,SHORT,1775466900,1775467800,69602.3,70055.5142857143,69375.69285714286,SL,-1.061429925925926,0.006511484329027684,1,0.29181030466785207,2.9101116814305557
SEIUSDT,SHORT,1775468700,1775486700,0.0545,0.055055714285714284,0.05422214285714286,TP2,0.46077120822622103,0.010196592398427254,1,0.21033210332103233,2.6729197174228596
SUIUSDT,SHORT,1775469600,1775471400,0.9002,0.9092857142857143,0.8956571428571429,SL,-1.0396314465408807,0.010092995207414171,1,0.2205567451820146,2.024145339249252
NEARUSDT,SHORT,1775470500,1775475000,1.2863,1.2993142857142856,1.2797928571428572,SL,-1.0395350164654227,0.01011761308737128,1,0.16959064327485457,2.205531362918341
LABUSDT,SHORT,1775533500,1775538000,0.30195,0.31210714285714286,0.29687142857142856,SL,-1.0118911392405063,0.03363849265488615,1,0.15664243225379978,2.8684070005595084
SEIUSDT,LONG,1775535300,1775538000,0.05285,0.05247285714285714,0.05303857142857143,TP2,0.44394696969696057,0.007136099472901752,1,0.16037735849056367,-2.3495389720609063
AAVEUSDT,LONG,1775539800,1775542500,92.29,91.68857142857144,92.59071428571428,SL,-1.061380522565321,0.006516725229478475,1,0.17543859649122706,-2.195103869433315
DOTUSDT,LONG,1775539800,1775547000,1.231,1.222,1.2355,TP2,0.4452888888888767,0.007311129163281903,1,0.18918918918918562,-2.4296413619966466
NEARUSDT,LONG,1775539800,1775545200,1.23,1.2211571428571428,1.2344214285714286,TP2,0.4443618739903068,0.0071893147502903425,1,0.22409638554217023,-2.2491724977252012
ADAUSDT,LONG,1775543400,1775547000,0.243,0.24155714285714286,0.24372142857142856,TP2,0.4326336633663368,0.005937683715461509,1,0.22891566265060467,-2.0700601530374017
SOLUSDT,SHORT,1775549700,1775553300,80.01,80.51,79.76,SL,-1.0640079999999994,0.0062492188476440955,1,0.10638297872340521,2.0377979800521278
TAOUSDT,SHORT,1775550600,1775551500,313.8,316.31428571428575,312.54285714285714,SL,-1.0499227272727274,0.00801238277337702,1,0.2941176470588222,2.9005918733516154
BTCUSDT,SHORT,1775551500,1775553300,68876.7,69163.15714285715,68733.47142857143,SL,-1.0961773189706756,0.004158984719900119,1,0.09655172413793531,2.072615448538318
NEARUSDT,SHORT,1775552400,1775553300,1.2446,1.2529285714285714,1.2404357142857143,SL,-1.059774957118353,0.00669176557012009,1,0.12295081967213305,2.2322158074435956
LABUSDT,SHORT,1775610000,1775612700,0.39948,0.4226214285714286,0.38790928571428573,TP2,0.49309498117167605,0.05792887897123406,1,0.20796109917448846,2.0195432282422794
LABUSDT,LONG,1775617200,1775619900,0.36819,0.34356000000000003,0.38050500000000004,TP2,0.4940204628501838,0.06689480974496866,1,0.1265167737330476,-2.0981739031308804
SEIUSDT,SHORT,1775619900,1775622600,0.05689,0.057452857142857146,0.05660857142857143,TP2,0.4595705583756344,0.009893779976395513,1,0.21682847896440013,2.0601671212288655
AVAXUSDT,SHORT,1775622600,1775624400,9.549,9.667142857142856,9.489928571428571,TP2,0.46766964933494554,0.012372275331747501,1,0.050898203592815335,2.3543199504192422
ETHUSDT,SHORT,1775623500,1775624400,2248.01,2265.7200000000003,2239.155,TP2,0.4492261998870699,0.007878078834168962,1,0.10192195690157316,2.2505098045024226
HYPEUSDT,SHORT,1775624400,1775626200,38.808,39.16171428571428,38.631142857142855,SL,-1.0438862681744752,0.00911446829814174,1,0.05257452574525799,2.20750790679642
NEARUSDT,SHORT,1775625300,1775626200,1.3101,1.3219142857142858,1.3041928571428572,SL,-1.044356469165659,0.009017850327674003,1,0.11400651465798338,2.1229280562912236
XRPUSDT,SHORT,1775625300,1775648700,1.3793,1.3880571428571429,1.3749214285714286,TP2,0.43699771615006905,0.006348976188750001,1,0.19753086419753116,2.1087053715204913
SOLUSDT,LONG,1775628000,1775629800,84.18,83.5957142857143,84.47214285714287,TP2,0.4423706601467117,0.0069409089366324166,1,0.20146520146520014,-2.6471624735585855
TAOUSDT,SHORT,1775633400,1775638800,344.3,349.1,341.9,SL,-1.0286916666666666,0.013941330235260004,1,0.14953271028037307,2.3336332367305737
ZECUSDT,SHORT,1775633400,1775637900,325.24,331.14714285714285,322.2864285714286,SL,-1.022023506650544,0.018162411933165822,1,0.11209570225963802,2.0139635787735726
LINKUSDT,LONG,1775641500,1775643300,9.203,9.145142857142856,9.23192857142857,TP2,0.4363743209876391,0.006286769842132242,1,0.060465116279066845,-2.409819450342806
BTCUSDT,LONG,1775646000,1775646900,71462.3,71157.9857142857,71614.45714285715,TP2,0.40606776828466923,0.004258389188625183,1,0.25865869017632226,-2.345367130443428
DOTUSDT,LONG,1775646000,1775657700,1.31,1.2977142857142858,1.3161428571428573,SL,-1.0426511627906978,0.009378407851690253,1,0.19999999999999726,-2.783990063335961
LABUSDT,LONG,1775646000,1775649600,0.36277,0.3454171428571428,0.37144642857142857,TP2,0.49163780357289866,0.047834322416013327,1,0.07992260753088226,-2.12636996699904
AAVEUSDT,LONG,1775648700,1775649600,94.82,94.03714285714285,95.21142857142857,TP2,0.45155182481752726,0.008256244915177615,1,0.13782991202346612,-2.7038338133874467
XLMUSDT,LONG,1775651400,1775654100,0.16151,0.15978999999999996,0.16237,TP2,0.4624395348837133,0.01064949538728264,1,0.113708820403827,-2.119323859159737
BTCUSDT,SHORT,1775652300,1775654100,71917.3,72296.12857142858,71727.88571428572,SL,-1.0759365110490986,0.005267558312514121,1,0.17182372245663127,2.2375318296026365
HYPEUSDT,SHORT,1775652300,1775655900,39.577,40.02342857142857,39.35378571428571,TP2,0.46453900800000003,0.011280000288768008,1,0.1123653155464352,2.210924213003901
AVAXUSDT,SHORT,1775654100,1775655000,9.419,9.506285714285715,9.375357142857144,TP2,0.45683600654663475,0.009266983149560927,1,0.11167512690355398,2.147324561799341
ETHUSDT,LONG,1775655900,1775656800,2234.25,2210.902857142857,2245.9235714285714,TP2,0.46172122621305756,0.010449655525184216,1,0.19465612945714697,-2.3871231055351454
SOLUSDT,LONG,1775655900,1775656800,83.96,83.15999999999998,84.36,TP2,0.45802000000000026,0.009528346831824741,1,0.26479750778815725,-2.97658370365284
AVAXUSDT,LONG,1775657700,1775660400,9.28,9.166571428571428,9.336714285714285,SL,-1.0327254408060453,0.012222906403940867,1,0.20318725099601276,-2.06646412535532
LINKUSDT,LONG,1775657700,1775659500,9.135,9.03742857142857,9.183785714285714,SL,-1.0374494875549047,0.01068105403080775,1,0.24083769633507562,-2.2674952455477397
ADAUSDT,LONG,1775658600,1775660400,0.2552,0.25188571428571427,0.25685714285714284,SL,-1.0308000000000002,0.012987012987012957,1,0.2753623188405809,-2.3212375060413737
BTCUSDT,LONG,1775660400,1775664900,70887.0,70029.45714285715,71315.77142857143,TP2,0.46693483041248246,0.012097321894604843,1,0.20686645330229678,-2.05907993512382
AVAXUSDT,LONG,1775693700,1775696400,9.022,8.934714285714286,9.065642857142857,SL,-1.0413446808510638,0.009674763277068763,1,0.23902439024390315,-2.0863456514844714
SEIUSDT,LONG,1775693700,1775709900,0.0547,0.054177142857142854,0.05496142857142857,TP2,0.458153005464481,0.009558631496474302,1,0.2734375000000012,-2.04869363643687
XLMUSDT,LONG,1775693700,1775699100,0.15702,0.15575999999999998,0.15764999999999998,SL,-1.0498476190476191,0.008024455483377909,1,0.14586994727592292,-2.2899676008414254
ZECUSDT,LONG,1775698200,1775736000,318.6,311.61857142857144,322.0907142857143,SL,-1.0182541436464088,0.021912832929782085,1,0.050318102949680706,-2.051984498881837
NEARUSDT,SHORT,1775709900,1775726100,1.3393,1.355042857142857,1.3314285714285714,TP2,0.4659705989110707,0.011754541284892922,1,0.13520749665327977,2.2843999399330914
ETHUSDT,SHORT,1775713500,1775714400,2186.43,2197.5914285714284,2180.8492857142855,TP2,0.42164336362472676,0.0051048643548745635,1,0.07001972386587313,2.2371861473471877
TAOUSDT,LONG,1775716200,1775717100,318.6,315.64285714285717,320.0785714285714,TP2,0.4569043478260772,0.009281678773204165,1,0.2833333333333348,-3.4935659030379083
XRPUSDT,LONG,1775716200,1775717100,1.3273,1.3200571428571428,1.3309214285714286,TP2,0.42669743589745146,0.005456835035679327,1,0.11705685618729365,-2.2397084679009542
LABUSDT,LONG,1775718000,1775721600,0.36196,0.3494971428571429,0.36819142857142856,SL,-1.0116172397982577,0.03443158675781062,1,0.2483085250338297,-2.055455210596272
ADAUSDT,SHORT,1775718900,1775722500,0.2506,0.2520142857142857,0.24989285714285714,TP2,0.42912323232323224,0.005643598221411465,1,0.1470588235294125,2.500092992690775
AVAXUSDT,SHORT,1775718900,1775722500,9.079,9.132000000000001,9.0525,TP2,0.43147924528301895,0.005837647317986569,1,0.22834645669290832,3.1642170589556917
XLMUSDT,LONG,1775721600,1775725200,0.15514,0.15430285714285716,0.15555857142857143,SL,-1.0741283276450515,0.0053960478093519,1,0.23720930232558787,-2.2323887949789794
BTCUSDT,SHORT,1775724300,1775726100,71304.8,71612.3142857143,71151.04285714286,TP2,0.40725009755641994,0.00431267299977402,1,0.22747702421681745,3.298398864212021
ETHUSDT,SHORT,1775724300,1775725200,2187.74,2198.8542857142857,2182.182857142857,TP2,0.4212638560411313,0.005080258949548731,1,0.12107279693486285,2.547777733314959
XRPUSDT,SHORT,1775726100,1775732400,1.3355,1.3417571428571429,1.3323714285714285,TP2,0.4146255707762385,0.00468524362197147,1,0.2343234323432271,2.0022673173588124
NEARUSDT,LONG,1775727000,1775738700,1.3292,1.3161285714285713,1.3357357142857142,TP2,0.45932502732240443,0.009834057005287836,1,0.12469437652811706,-2.012406254470795
SUIUSDT,SHORT,1775728800,1775731500,0.9136,0.9191,0.9108499999999999,TP2,0.4335563636363638,0.0060201401050788235,1,0.1397849462365606,2.654097678255362
AAVEUSDT,LONG,1775729700,1775731500,89.77,88.98142857142857,90.16428571428571,TP2,0.4544644927536233,0.008784353665717167,1,0.044705882352940644,-2.0127352562775433
TAOUSDT,SHORT,1775730600,1775732400,326.3,329.6142857142857,324.64285714285717,TP2,0.46061896551724124,0.01015717350378702,1,0.21311475409835728,2.7987815215896474
XLMUSDT,LONG,1775733300,1775743200,0.15416,0.15291714285714283,0.15478142857142857,SL,-1.0496147126436781,0.008062124694195283,1,0.25868725868725656,-2.1684095854569723
BTCUSDT,LONG,1775742300,1775745000,70876.0,70510.07142857142,71058.96428571429,SL,-1.0774752293577978,0.005162940507768123,1,0.21470660446845294,-2.5567838454113323
ETHUSDT,LONG,1775742300,1775746800,2169.22,2154.1285714285714,2176.7657142857142,TP2,0.44250458159789463,0.006957076078695824,1,0.25267700175803315,-2.4955323564736527
ADAUSDT,LONG,1775745000,1775746800,0.2494,0.2474714285714286,0.2503642857142857,TP2,0.44827259259258545,0.007732844541184564,1,0.18749999999999134,-2.815942227836934
LABUSDT,SHORT,1775745900,1775746800,0.37729,0.38776285714285713,0.37205357142857143,SL,-1.0144102032464875,0.027758109525450294,1,0.19719266470454982,2.362547866448546
AAVEUSDT,SHORT,1775746800,1775747700,90.38,91.19999999999999,89.97,TP2,0.4559121951219512,0.009072803717636638,1,0.19871794871794807,2.7590614348735514
AVAXUSDT,SHORT,1775746800,1775749500,9.152,9.233571428571429,9.111214285714285,SL,-1.0448784588441329,0.00891296203796209,1,0.10204081632652638,2.466760852085245
DOTUSDT,SHORT,1775747700,1775749500,1.261,1.2745714285714285,1.2542142857142857,SL,-1.0371663157894737,0.010762433442845788,1,0.1525423728813581,2.3546427558433063
SEIUSDT,SHORT,1775748600,1775749500,0.05538,0.05588,0.05513,SL,-1.044304,0.009028530155290744,1,0.08520179372197134,2.1579292585348178
AAVEUSDT,LONG,1775780100,1775782800,90.08,88.79714285714286,90.72142857142858,TP2,0.4719126948775112,0.014241309312357299,1,0.18578352180937094,-2.305935839968124
SEIUSDT,SHORT,1775781000,1775784600,0.05636,0.05700142857142857,0.056039285714285715,SL,-1.035146547884187,0.011380918584609183,1,0.20567375886524802,2.0178197235071362
HYPEUSDT,SHORT,1775786400,1775789100,40.55,41.08442857142857,40.28278571428571,TP2,0.46964982624967255,0.013179496212788444,1,0.27907967618235996,2.7790022205785654
NEARUSDT,LONG,1775791800,1775794500,1.3533,1.3350857142857144,1.3624071428571427,TP2,0.47028047058823513,0.01345916331507102,1,0.28437917222964093,-2.161457378290551
XRPUSDT,LONG,1775793600,1775797200,1.3403,1.3314142857142859,1.3447428571428572,TP2,0.4396649517685007,0.006629645814902779,1,0.19242902208201973,-2.029209191310245
AVAXUSDT,SHORT,1775797200,1775803500,9.38,9.471142857142857,9.334428571428573,TP2,0.4588338557993728,0.009716722509899425,1,0.08148148148148505,2.1221192468287593
SUIUSDT,SHORT,1775797200,1775801700,0.9353,0.9442857142857143,0.9308071428571429,SL,-1.0416349761526233,0.009607307051977172,1,0.2183908045977002,2.2703533399688314
AAVEUSDT,SHORT,1775799000,1775802600,90.89,91.73857142857143,90.46571428571428,TP2,0.45715622895622915,0.009336246326014219,1,0.11872146118721344,2.193588986932789
ADAUSDT,LONG,1775803500,1775823300,0.2507,0.2486142857142857,0.2517428571428571,TP2,0.4519205479451988,0.00831956236822611,1,0.24999999999999653,-2.1683821921893256
XRPUSDT,LONG,1775805300,1775810700,1.3384,1.331214285714286,1.3419928571428572,TP2,0.4254966202783448,0.005368883955255696,1,0.19021739130434642,-2.1364283979974856
ZECUSDT,SHORT,1775807100,1775808000,375.69,382.6557142857143,372.20714285714286,TP2,0.4784263330598852,0.018541122429966996,1,0.10741471666196836,2.0979990478321486
BTCUSDT,LONG,1775808000,1775808900,71463.5,71113.88571428572,71638.30714285714,TP2,0.41823732276386133,0.004892207710429548,1,0.25244808667268154,-2.3141177482628024
XLMUSDT,LONG,1775811600,1775812500,0.15445,0.15339857142857144,0.1549757142857143,TP2,0.4412418478261002,0.006807566017666379,1,0.10179640718563053,-2.0466587757043224
LABUSDT,LONG,1775813400,1775815200,0.44439,0.4168314285714286,0.4581692857142857,SL,-1.0064501166347002,0.062014382476138996,1,0.24872918492550425,-2.6865948567270728
NEARUSDT,SHORT,1775813400,1775818800,1.3765,1.3938428571428572,1.3678285714285714,TP2,0.468252059308079,0.012599242384930764,1,0.15196078431372445,2.0140837732303605
HYPEUSDT,SHORT,1775815200,1775825100,40.949,41.397999999999996,40.7245,SL,-1.0364801781737194,0.010964858726708836,1,0.14926004228329862,2.230607124835556
SEIUSDT,LONG,1775817900,1775825100,0.056,0.05545571428571429,0.05627214285714286,TP2,0.4588451443569618,0.00971938775510206,1,0.2905405405405386,-2.0204586349120044
BTCUSDT,SHORT,1775819700,1775825100,72083.2,72411.72857142857,71918.93571428572,SL,-1.0877649084663223,0.00455763023046381,1,0.09648891235481159,2.5532455551994255
LINKUSDT,SHORT,1775819700,1775825100,8.981,9.037,8.953,SL,-1.0641499999999993,0.006235385814497348,1,0.13953488372092815,2.2554282346683263
SUIUSDT,SHORT,1775830500,1775833200,0.939,0.9481571428571428,0.9344214285714285,SL,-1.0410171606864274,0.00975201582230337,1,0.11214953271028488,2.061575082676828
XRPUSDT,SHORT,1775830500,1775832300,1.3466,1.3553142857142857,1.3422428571428573,SL,-1.061811147540984,0.006471324605885693,1,0.26739926739927383,2.201140714053971
DOTUSDT,SHORT,1775831400,1775833200,1.304,1.3164285714285715,1.2977857142857143,SL,-1.041967816091954,0.009531113058720392,1,0.2222222222222222,2.5167112904877516
LABUSDT,SHORT,1775870100,1775871900,0.52802,0.55098,0.51654,SL,-1.0091989547038327,0.04348320139388662,1,0.21863117870722484,2.1874985379491854
NEARUSDT,LONG,1775871000,1775873700,1.3445,1.3330428571428572,1.3502285714285713,TP2,0.4530598503740549,0.00852148966689684,1,0.22222222222222565,-2.8436673518290796
HYPEUSDT,SHORT,1775871900,1775876400,41.87,42.17785714285714,41.716071428571425,TP2,0.445598143851508,0.007352690299907858,1,0.211629479377956,2.432174379477222
LINKUSDT,SHORT,1775877300,1775879100,9.106,9.148142857142856,9.084928571428572,TP2,0.4135701694915254,0.004628031753004298,1,0.03144654088049499,2.0464444861276982
TAOUSDT,SHORT,1775877300,1775880000,264.6,270.02857142857147,261.8857142857143,TP2,0.48050315789473685,0.02051614296512257,1,0.08695652173913196,2.2365713946151415
XLMUSDT,SHORT,1775877300,1775878200,0.15547,0.15632285714285712,0.15504357142857142,TP2,0.42708274706869237,0.005485670179823344,1,0.07407407407407555,2.081063926857876
AAVEUSDT,LONG,1775880000,1775885400,92.57,91.72285714285714,92.99357142857141,SL,-1.0437092748735246,0.009151375792836255,1,0.245989304812835,-2.6226539703476726
SOLUSDT,LONG,1775880000,1775880900,84.36,83.96142857142857,84.55928571428572,TP2,0.4153376344086202,0.004724649461491578,1,0.25490196078431626,-2.3698785336589574
XRPUSDT,LONG,1775880000,1775884500,1.35,1.3454857142857144,1.352257142857143,SL,-1.1196202531645567,0.0033439153439153517,1,0.21951219512195386,-2.2389174116491715
BTCUSDT,LONG,1775881800,1775899800,72696.9,72447.41428571429,72821.64285714286,TP2,0.3834451901053884,0.0034318618027139184,1,0.1999551418638595,-2.2886589315050228
ADAUSDT,LONG,1775887200,1775913300,0.2505,0.24860000000000002,0.25145,SL,-1.0527368421052634,0.007584830339321313,1,0.23913043478260687,-2.8831885640865735
LINKUSDT,LONG,1775887200,1775895300,8.992,8.938142857142857,9.018928571428573,TP2,0.4332159151193638,0.005989450940518595,1,0.1955719557195571,-2.136656088617236
ZECUSDT,SHORT,1775887200,1775889900,376.19,382.05857142857144,373.25571428571425,TP2,0.47435900681597376,0.015600019746860476,1,0.04201680672268929,2.2996809865964853
HYPEUSDT,SHORT,1775890800,1775893500,42.14,42.482,41.969,SL,-1.049286549707602,0.008115804461319454,1,0.15478761699063776,2.782397455153787
ETHUSDT,SHORT,1775899800,1775900700,2244.56,2252.7285714285713,2240.4757142857143,TP2,0.39008800279817823,0.0036392751490587068,1,0.11269877852040547,3.0304484572712753
SOLUSDT,SHORT,1775899800,1775900700,84.61,84.95428571428572,84.43785714285714,TP2,0.4016979253112032,0.004069090110929131,1,0.1555555555555601,2.753789433342839
BTCUSDT,SHORT,1775901600,1775902500,72875.1,73057.8142857143,72783.74285714286,TP2,0.3404610789679437,0.0025072251799899514,1,0.2101433768457084,2.4045512877680935
TAOUSDT,SHORT,1775903400,1775908800,262.9,266.6142857142857,261.04285714285714,SL,-1.0283123076923077,0.014128131282943001,1,0.10569105691056678,2.3302006596616778
XLMUSDT,SHORT,1775905200,1775913300,0.15373,0.15453571428571428,0.15332714285714286,TP2,0.42368014184398783,0.005241099887557892,1,0.2087227414330168,2.335302594534356
XRPUSDT,LONG,1775907000,1775917800,1.3439,1.3389285714285715,1.3463857142857143,TP2,0.39187011494250623,0.003699254834011878,1,0.09090909090908113,-2.252441559953793
DOTUSDT,SHORT,1775909700,1775910600,1.284,1.294,1.2790000000000001,TP2,0.4486399999999886,0.007788161993769427,1,0.1904761904761935,2.1412135161251915
SUIUSDT,LONG,1775910600,1775911500,0.9313,0.9262428571428571,0.9338285714285715,TP2,0.42633785310734484,0.0054301974198892634,1,0.035398230088496144,-2.0172401454522118
AAVEUSDT,LONG,1775913300,1775916900,91.19,90.47,91.55,TP2,0.4493388888888885,0.007895602588003012,1,0.17045454545454944,-2.9673326698158315
HYPEUSDT,LONG,1775914200,1775916000,42.04,41.68757142857143,42.21621428571429,TP2,0.4522853668423287,0.008383172488786186,1,0.17151702786377826,-2.1392117718660737
SEIUSDT,SHORT,1775916000,1775921400,0.05562,0.055931428571428576,0.055464285714285716,SL,-1.0714385321100919,0.0055992191914521865,1,0.0955414012738884,2.3506888396946723
LABUSDT,LONG,1775919600,1775922300,0.49754,0.4780571428571428,0.5072814285714285,SL,-1.0102149288752016,0.039158373483251935,1,0.19573019232538982,-2.1819703425273818
AVAXUSDT,SHORT,1775921400,1775925000,9.313,9.370285714285716,9.284357142857143,SL,-1.0650284289276806,0.006151155834394342,1,0.25,2.14036023920567
ETHUSDT,SHORT,1775921400,1775925900,2247.0,2257.4,2241.8,SL,-1.0864230769230772,0.004628393413440125,1,0.21259480579177983,2.1139016294117883
AAVEUSDT,SHORT,1775924100,1775925900,92.45,93.25428571428571,92.04785714285715,SL,-1.0459786856127888,0.008699683226454404,1,0.21311475409836447,2.064698020131516
NEARUSDT,LONG,1775952900,1775958300,1.3916,1.3703714285714286,1.4022142857142856,SL,-1.026221265141319,0.015254794070545752,1,0.1969196919691963,-2.0861902350199824
TAOUSDT,LONG,1775958300,1775960100,262.8,256.78571428571433,265.8071428571429,TP2,0.48252161520190495,0.022885409871711188,1,0.2842809364548497,-2.9088862793391344
ZECUSDT,LONG,1775960100,1775961900,361.59,353.6271428571428,365.57142857142856,TP2,0.4818361679224973,0.022021784736461564,1,0.272967265047521,-2.080343525302768
SEIUSDT,LONG,1775976300,1775982600,0.05407,0.053771428571428574,0.05421928571428571,TP2,0.42756172248803836,0.0055219424555470464,1,0.2653061224489808,-2.0485071932118197
ZECUSDT,SHORT,1775981700,1775985300,366.21,371.14,363.745,SL,-1.0297127789046654,0.013462221129952757,1,0.2511803588290836,2.4619337916171085
TAOUSDT,SHORT,1775984400,1775991600,264.9,267.6714285714285,263.5142857142857,TP2,0.4617670103092885,0.010462169012565378,1,0.2957746478873234,2.791535767124059
NEARUSDT,LONG,1775987100,1775997900,1.3282,1.3182714285714285,1.3331642857142858,TP2,0.44648978417266194,0.007475208122700982,1,0.2614555256064692,-2.41763146017364
XRPUSDT,SHORT,1775989800,1775991600,1.3315,1.3354714285714284,1.3295142857142856,TP2,0.3658920863309344,0.002982672603401087,1,0.12380952380951736,2.038843444478425
BTCUSDT,LONG,1775990700,1775998800,71487.0,71295.95714285714,71582.52142857143,SL,-1.149677409706124,0.002672413965376328,1,0.2055239642567128,-2.0319986413572084
AAVEUSDT,LONG,1775991600,1775992500,89.32,88.78571428571428,89.58714285714285,TP2,0.43312941176470654,0.005981703026038062,1,0.2968750000000034,-2.6484998541306397
HYPEUSDT,LONG,1775994300,1776004200,40.41,40.11214285714285,40.55892857142857,TP2,0.4457323741007079,0.00737087708134484,1,0.2344569288389492,-2.387209879576577
SEIUSDT,SHORT,1775996100,1775997000,0.0543,0.05458857142857143,0.054155714285714286,TP2,0.424732673267327,0.005314390949750086,1,0.2575757575757586,2.683322471382931
SOLUSDT,SHORT,1775997000,1775997900,82.39,82.71428571428571,82.22785714285715,TP2,0.39837356828193626,0.003935983909281559,1,0.020408163265306516,2.32395759679198
AAVEUSDT,SHORT,1775997900,1775998800,90.3,90.89428571428572,90.00285714285714,TP2,0.439221153846154,0.006581237146021217,1,0.19413919413919326,2.235303756660131
LINKUSDT,SHORT,1775997900,1775998800,8.813,8.850857142857143,8.79407142857143,TP2,0.40688150943396184,0.004295602275858695,1,0.12359550561797708,2.2530563226429283
SOLUSDT,LONG,1775998800,1775999700,81.97,81.56285714285714,82.17357142857142,TP2,0.4194680701754202,0.004966973980027476,1,0.10714285714285895,-2.2891192928668236
ADAUSDT,LONG,1775999700,1776008700,0.239,0.23722857142857143,0.23988571428571429,SL,-1.0539677419354838,0.0074118350268977855,1,0.21052631578947542,-2.0423554736855865
NEARUSDT,SHORT,1775999700,1776001500,1.3407,1.351457142857143,1.3353214285714285,TP2,0.4501466135458167,0.00802352715532397,1,0.05494505494505253,2.160588289871135
ZECUSDT,SHORT,1776000600,1776003300,370.26,376.01,367.385,TP2,0.4742427826086957,0.015529627829093092,1,0.0891089108910887,2.0549210813333225
AVAXUSDT,LONG,1776001500,1776008700,8.988,8.929142857142857,9.017428571428571,SL,-1.0610834951456307,0.006548413758026617,1,0.1521739130434787,-2.2280669411756424
AAVEUSDT,LONG,1776005100,1776015000,89.28,88.48142857142857,89.67928571428571,TP2,0.4552801431126925,0.008944572452636997,1,0.12183908045976895,-2.0839222628984717
LABUSDT,SHORT,1776009600,1776015000,0.51414,0.53985,0.5012850000000001,SL,-1.0079990665110852,0.050005834986579484,1,0.14781491002570718,2.433270619394464
ZECUSDT,LONG,1776009600,1776014100,361.3,354.65,364.625,TP2,0.47826766917292807,0.018405756988652117,1,0.16660869565217495,-2.0274906717505847
HYPEUSDT,SHORT,1776010500,1776032100,40.9,41.36442857142857,40.66778571428571,TP2,0.4647739157182406,0.011355221795319613,1,0.13476394849785298,2.0465107787457444
DOTUSDT,SHORT,1776015000,1776032100,1.234,1.245285714285714,1.228357142857143,TP2,0.45626329113924025,0.009145635563787858,1,0.13043478260869565,2.3382236248113895
AVAXUSDT,SHORT,1776015900,1776016800,9.057,9.115428571428572,9.027785714285715,SL,-1.0620039119804396,0.006451205854981978,1,0.15217391304347672,2.4625795013235026
AAVEUSDT,SHORT,1776017700,1776021300,90.58,91.37428571428572,90.18285714285715,SL,-1.0456158273381295,0.008768886225278369,1,0.1724137931034449,2.60770801594082
HYPEUSDT,SHORT,1776042900,1776044700,41.367,41.85185714285714,41.12457142857143,SL,-1.0341271655863287,0.011720867910584371,1,0.1535580524344576,2.6479641940096337
NEARUSDT,SHORT,1776044700,1776046500,1.3845,1.4023142857142858,1.3755928571428573,TP2,0.46891259021651344,0.012866945261311461,1,0.2657342657342679,2.628678044318131
TAOUSDT,SHORT,1776044700,1776047400,263.0,266.24285714285713,261.37857142857143,TP2,0.46755947136563886,0.012330255296034789,1,0.08196721311475455,2.1675344395170764
AAVEUSDT,SHORT,1776045600,1776050100,92.27,93.3442857142857,91.73285714285714,SL,-1.0343558510638298,0.011642849401600885,1,0.23130434782608608,2.144398516093511
DOTUSDT,LONG,1776054600,1776055500,1.217,1.2061428571428572,1.2224285714285714,TP2,0.4551631578947265,0.008921234886723774,1,0.08333333333333257,-2.662711429040094
SUIUSDT,LONG,1776056400,1776060900,0.9021,0.8958285714285714,0.9052357142857143,TP2,0.4424628701594444,0.006952032558949742,1,0.025830258302584265,-2.039161735577303
XLMUSDT,LONG,1776056400,1776060000,0.14991,0.14917,0.15028,TP2,0.4189675675675862,0.004936295110399564,1,0.2714776632302358,-2.351858885064891
AVAXUSDT,LONG,1776057300,1776060000,9.017,8.948142857142857,9.051428571428572,TP2,0.4476190871369425,0.007636369397487304,1,0.1186440677966105,-2.019458799819185
SEIUSDT,SHORT,1776060000,1776060900,0.05413,0.05446714285714285,0.05396142857142857,SL,-1.0642220338983053,0.006228391966430007,1,0.23711340206185264,3.075342352881175
ZECUSDT,SHORT,1776060000,1776060900,368.49,373.59285714285716,365.93857142857144,SL,-1.0288849944008958,0.013848020686740922,1,0.2333614153327719,2.9537790963302855
ADAUSDT,SHORT,1776061800,1776065400,0.2391,0.24074285714285715,0.23827857142857142,TP2,0.4417843478260956,0.006871004361594096,1,0.11340206185566987,2.191255465618359
AVAXUSDT,SHORT,1776061800,1776062700,9.17,9.241857142857143,9.134071428571428,TP2,0.44895427435388946,0.007836111543854241,1,0.06880733944954447,2.401762681186183
XRPUSDT,SHORT,1776061800,1776062700,1.3356,1.3420285714285713,1.3323857142857143,TP2,0.4168959999999826,0.004813246053138229,1,0.1708683473389383,2.5882783653271257
NEARUSDT,SHORT,1776063600,1776064500,1.3881,1.4064999999999999,1.3788999999999998,TP2,0.4698239130434843,0.013255529140551859,1,0.14644351464434907,2.072185118363021
BTCUSDT,LONG,1776065400,1776068100,70691.4,70415.04285714285,70829.57857142857,TP2,0.3976810958904388,0.003909346014609232,1,0.2678173259558946,-2.335850115926711
ETHUSDT,LONG,1776065400,1776071700,2183.74,2171.412857142857,2189.903571428571,TP2,0.4291404334221622,0.005644968200034248,1,0.18006304176517188,-2.107682141247921
DOTUSDT,LONG,1776076200,1776085200,1.159,1.1387142857142856,1.1691428571428573,TP2,0.4771464788732395,0.017502773326759594,1,0.07547169811320802,-2.167627582818665
SEIUSDT,SHORT,1776080700,1776082500,0.05469,0.05516571428571429,0.05445214285714286,TP2,0.4540144144144144,0.008698377870072877,1,0.101351351351352,2.083314685872119
TAOUSDT,SHORT,1776080700,1776082500,261.8,264.2714285714286,260.56428571428575,TP2,0.4576277456647283,0.009440139692240506,1,0.03816793893129764,2.322358179736163
ADAUSDT,SHORT,1776082500,1776085200,0.2387,0.24015714285714285,0.23797142857142856,SL,-1.0655254901960785,0.006104494583757266,1,0.14285714285714002,2.050360968098606
ETHUSDT,LONG,1776083400,1776085200,2179.64,2169.2242857142855,2184.847857142857,TP2,0.4162941708956028,0.004778639722942442,1,0.15142428785607412,-2.1207726749380766
NEARUSDT,LONG,1776083400,1776085200,1.3663,1.3502857142857145,1.374307142857143,TP2,0.46587297056200483,0.011720914670486422,1,0.2797704447632704,-2.126029118909579
AVAXUSDT,SHORT,1776085200,1776087900,9.148,9.228857142857143,9.107571428571427,TP2,0.4547448763250995,0.0088387781872697,1,0.25055432372505215,3.0435826818186067
LINKUSDT,SHORT,1776085200,1776087900,8.753,8.797285714285714,8.730857142857143,TP2,0.4209406451612904,0.005059489807576186,1,0.15837104072398248,2.6253116798700136
ETHUSDT,SHORT,1776086100,1776087900,2199.01,2212.0585714285717,2192.4857142857145,TP2,0.4325900153273485,0.005933839058745276,1,0.2518864534674835,2.9719377352985
NEARUSDT,SHORT,1776088800,1776090600,1.3976,1.4174142857142855,1.387692857142857,TP2,0.47178601297765504,0.01417736527925419,1,0.22650602409638598,2.1358468485223567
XRPUSDT,SHORT,1776089700,1776090600,1.3367,1.3453714285714287,1.3323642857142857,TP2,0.43834003294892915,0.006487191270613128,1,0.27613941018766935,2.1485587938505533
AAVEUSDT,SHORT,1776091500,1776095100,94.85,96.29714285714286,94.12642857142856,TP2,0.4737828232971372,0.015257172979893081,1,0.10551181102362064,2.0175969502716096
SUIUSDT,SHORT,1776091500,1776095100,0.917,0.9275285714285715,0.9117357142857143,TP2,0.4651614654002715,0.011481539180557752,1,0.2877263581488941,2.0516626850409745
DOTUSDT,SHORT,1776092400,1776093300,1.179,1.197857142857143,1.1695714285714287,TP2,0.4749909090909032,0.01599418393311522,1,0.21052631578947245,2.107368382647196
ZECUSDT,LONG,1776093300,1776102300,350.39,341.16285714285715,355.00357142857143,TP2,0.4848104660164143,0.026333921793267063,1,0.24221375756217828,-3.3840193384534314
TAOUSDT,LONG,1776095100,1776097800,254.6,250.17142857142858,256.8142857142857,SL,-1.0229961290322582,0.017394231848277344,1,0.2201834862385315,-3.15607785460651
LABUSDT,SHORT,1776096900,1776097800,0.60483,0.6350914285714285,0.5896992857142858,TP2,0.49200526837558234,0.05003294904589477,1,0.15759460860549512,2.4608776468386884
XLMUSDT,LONG,1776103200,1776108600,0.15162,0.15019285714285716,0.15233357142857143,TP2,0.4575039039039038,0.009412629317655012,1,0.1461245235069868,-2.5155261288995283
AAVEUSDT,SHORT,1776106800,1776110400,95.55,96.72714285714285,94.96142857142857,SL,-1.0324684466019416,0.012319653135979701,1,0.25673249551166666,2.013933686298583
LABUSDT,LONG,1776106800,1776110400,0.54965,0.51635,0.5662999999999999,TP2,0.49339759759759594,0.06058400800509409,1,0.20088126524510244,-2.8892514693324474
BTCUSDT,SHORT,1776108600,1776110400,72818.9,73394.61428571428,72531.04285714285,SL,-1.0505937766749383,0.007906110717331402,1,0.29125697581716664,2.677793167906905
DOTUSDT,SHORT,1776108600,1776112200,1.189,1.2074285714285715,1.1797857142857144,TP2,0.47419224806200944,0.015499219031599183,1,0.16279069767441945,2.2501084881331073
LABUSDT,SHORT,1776116700,1776118500,0.60435,0.6360385714285715,0.5885057142857143,TP2,0.492371382201787,0.05243413821224693,1,0.1651398072173981,2.0808445985217032
ADAUSDT,SHORT,1776118500,1776119400,0.2419,0.24437142857142857,0.24066428571428572,SL,-1.0391514450867052,0.010216736549932074,1,0.19999999999999907,2.2151057335020456
SEIUSDT,SHORT,1776118500,1776119400,0.05544,0.055920000000000004,0.055200000000000006,SL,-1.0462,0.008658008658008644,1,0.20149253731343225,2.413314675653646
AVAXUSDT,SHORT,1776119400,1776122100,9.508,9.629999999999999,9.447,SL,-1.0311737704918031,0.012831299957930179,1,0.2557471264367803,2.750013461886582
DOTUSDT,SHORT,1776120300,1776123000,1.206,1.2275714285714285,1.1952142857142858,SL,-1.0223629139072847,0.01788675669272682,1,0.2745098039215692,2.276912777695933
LABUSDT,SHORT,1776131100,1776132900,0.60519,0.6208471428571428,0.5973614285714286,SL,-1.0154610583941606,0.02587145005228578,1,0.25130223405486507,2.187041389413107
ADAUSDT,LONG,1776143700,1776146400,0.2429,0.24107142857142858,0.2438142857142857,SL,-1.053134375,0.007528083279421282,1,0.257142857142857,-2.8308476875552704
DOTUSDT,LONG,1776143700,1776161700,1.189,1.1755714285714285,1.1957142857142857,TP2,0.4645829787233961,0.011294004565661457,1,0.23529411764706035,-2.653378802371353
ZECUSDT,SHORT,1776144600,1776145500,368.53,374.0285714285714,365.7807142857143,TP2,0.4731908547674669,0.014920281737094485,1,0.20088790233074114,2.126776565961138
LINKUSDT,LONG,1776145500,1776148200,9.172,9.123571428571429,9.196214285714285,TP2,0.42424306784658866,0.005280044857018205,1,0.20175438596490503,-2.5714902225692207
TAOUSDT,LONG,1776147300,1776150900,254.1,251.48571428571427,255.40714285714284,SL,-1.03887868852459,0.010288412885815537,1,0.23711340206185488,-2.2226888471681634
NEARUSDT,SHORT,1776149100,1776151800,1.4191,1.4301285714285714,1.4135857142857142,SL,-1.0514699481865286,0.007771525212156591,1,0.12625250501002047,2.2069579112652202
XRPUSDT,SHORT,1776150000,1776153600,1.3709,1.3772,1.36775,TP2,0.4129587301587302,0.004595521190458826,1,0.14583333333333526,2.1035662064952225
BTCUSDT,SHORT,1776150900,1776151800,74736.1,75028.05714285714,74590.12142857144,TP2,0.39760675245877414,0.003906507602847061,1,0.2893047714793923,3.291606184667411
ETHUSDT,SHORT,1776156300,1776163500,2386.82,2405.0614285714287,2377.699285714286,TP2,0.4476615553293134,0.0076425656611846075,1,0.2955176517255024,2.2107398631018937
HYPEUSDT,SHORT,1776156300,1776159900,45.057,45.54071428571429,44.81514285714286,TP2,0.46274081512108656,0.010735607912517079,1,0.1945488721804544,2.055168325164173
XLMUSDT,SHORT,1776156300,1776168000,0.15634,0.1572657142857143,0.15587714285714288,TP2,0.43244567901232994,0.005921160839927566,1,0.24942791762014466,2.4741033532854333
DOTUSDT,LONG,1776163500,1776164400,1.18,1.1668571428571428,1.1865714285714284,TP2,0.46408695652173065,0.01113801452784502,1,0.06382978723403974,-2.498051188478662
SEIUSDT,LONG,1776164400,1776173400,0.05531,0.05498285714285714,0.05547357142857143,TP2,0.4323720524017469,0.005914714466513437,1,0.08860759493670975,-2.5356175679480644
SOLUSDT,LONG,1776166200,1776168000,85.66,85.09285714285714,85.94357142857143,TP2,0.4395848866498864,0.006620859877922659,1,0.008620689655177061,-2.047240310759958
TAOUSDT,LONG,1776166200,1776174300,249.3,246.00000000000003,250.95000000000002,TP2,0.4697818181818224,0.013237063778579987,1,0.2598425196850365,-2.0433347861143987
AAVEUSDT,LONG,1776169800,1776170700,99.52,98.66285714285713,99.94857142857143,TP2,0.4535573333333333,0.008612769866789159,1,0.06306306306306121,-2.0974902485478712
LABUSDT,SHORT,1776173400,1776174300,0.59415,0.6223042857142856,0.5800728571428571,TP2,0.4915586563831966,0.04738582128130218,1,0.00654314193114355,2.305381382795518
ADAUSDT,SHORT,1776174300,1776175200,0.2459,0.2482,0.24475,SL,-1.0427652173913042,0.009353395689304596,1,0.15384615384615488,3.059689874425151
AVAXUSDT,SHORT,1776174300,1776177900,9.463,9.523714285714284,9.432642857142856,SL,-1.0623444705882352,0.0064159659425431495,1,0.11934156378601034,2.7780524231811263
HYPEUSDT,LONG,1776175200,1776176100,44.432,43.97614285714286,44.65992857142857,SL,-1.0389876527734252,0.010259658418642965,1,0.26954492415402703,-3.4257707833201403
SEIUSDT,SHORT,1776175200,1776176100,0.05598,0.05639571428571429,0.05577214285714285,TP2,0.4461360824742357,0.00742612157403162,1,0.13744075829383814,2.168805428973743
XLMUSDT,SHORT,1776176100,1776177000,0.15788,0.15917285714285712,0.15723357142857142,TP2,0.4511531491712812,0.008188859531651478,1,0.2242225859247126,2.1275695771902328
ETHUSDT,LONG,1776178800,1776181500,2351.79,2323.3214285714284,2366.0242857142857,TP2,0.4669559815335206,0.012105065260321426,1,0.2663034505530794,-2.6989650544436845
AVAXUSDT,LONG,1776179700,1776181500,9.304,9.193142857142858,9.359428571428571,TP2,0.4664288659793814,0.011914998157474481,1,0.2893401015228426,-2.2629350346716213
AAVEUSDT,LONG,1776180600,1776181500,98.89,97.22571428571429,99.72214285714286,TP2,0.47623244635193135,0.01682966644034498,1,0.23165467625899264,-2.588103888622173
LABUSDT,LONG,1776186900,1776187800,0.51853,0.4772771428571429,0.5391564285714286,SL,-1.0050278214495965,0.0795573200062815,1,0.19273945319572724,-2.9758513279287993
TAOUSDT,LONG,1776186900,1776188700,240.9,235.64285714285714,243.52857142857144,TP2,0.4816706521739131,0.021822925932514996,1,0.2803347280334719,-2.046194861210183
NEARUSDT,LONG,1776205800,1776212100,1.3551,1.3437285714285714,1.3607857142857143,TP2,0.4523331658291458,0.008391578902980288,1,0.24248496993987625,-2.5551559333126086
AAVEUSDT,SHORT,1776207600,1776211200,99.35,100.24857142857142,98.90071428571427,SL,-1.0442257551669314,0.00904450355884682,1,0.026415094339622906,2.140352022163718
XRPUSDT,SHORT,1776210300,1776213000,1.3635,1.3715571428571427,1.3594714285714284,TP2,0.4323085106383114,0.005909162344805888,1,0.2874251497005948,2.2676139652166203
BTCUSDT,SHORT,1776212100,1776221100,74509.9,75024.21428571428,74252.74285714285,TP2,0.4420510749402954,0.006902630196984393,1,0.16656191074795929,2.7069176746039334
ETHUSDT,SHORT,1776212100,1776214800,2337.04,2356.2142857142853,2327.4528571428573,TP2,0.45124637162866893,0.008204517558229879,1,0.27642184129867836,3.0179768697325766
HYPEUSDT,SHORT,1776214800,1776216600,43.747,44.15871428571429,43.54114285714286,SL,-1.0425022900763357,0.00941125758827548,1,0.18125000000000066,2.097576090237043
SEIUSDT,SHORT,1776217500,1776219300,0.05463,0.05498714285714286,0.05445142857142857,TP2,0.4388144000000002,0.006537485944405243,1,0.18681318681318732,2.2314548216746384
XLMUSDT,SHORT,1776217500,1776219300,0.15566,0.1567042857142857,0.15513785714285713,SL,-1.0596235294117649,0.006708760852407246,1,0.25498007968127717,2.3064388260859405
SOLUSDT,LONG,1776221100,1776226500,83.22,82.56,83.55,TP2,0.44956363636363644,0.007930785868781551,1,0.20948616600790548,-2.2994323627223086
XRPUSDT,LONG,1776221100,1776230100,1.356,1.3471142857142857,1.3604428571428573,TP2,0.4389581993569132,0.00655288664138222,1,0.09915014164305518,-2.1439544231770085
AVAXUSDT,SHORT,1776226500,1776231900,9.396,9.476142857142857,9.355928571428572,TP2,0.453103743315508,0.008529465426017149,1,0.23261390887289668,2.5775000188515294
AAVEUSDT,SHORT,1776228300,1776231900,100.8,101.78285714285714,100.30857142857143,TP2,0.45897674418604667,0.009750566893424071,1,0.2036613272311192,2.371352099092581
NEARUSDT,SHORT,1776229200,1776230100,1.3701,1.3809,1.3647,TP2,0.4492555555555658,0.00788263630391941,1,0.22636103151862705,2.191818920975521
HYPEUSDT,LONG,1776231900,1776237300,43.391,42.87614285714285,43.64842857142857,TP2,0.4662889012208588,0.011865528401215525,1,0.16306844281120667,-2.1448372582321276
LINKUSDT,LONG,1776231900,1776241800,9.028,8.970428571428572,9.056785714285715,TP2,0.43727444168734525,0.0063769858851826415,1,0.07116104868913872,-2.027232850793542
NEARUSDT,LONG,1776231900,1776239100,1.3532,1.3416285714285714,1.3589857142857142,SL,-1.0467772839506173,0.008551159157130185,1,0.16633266533066135,-2.8756076687782617
XRPUSDT,LONG,1776238200,1776240000,1.3519,1.3465,1.3546000000000002,TP2,0.39985925925928173,0.003994378282417415,1,0.2335329341317445,-2.80060078502278
AAVEUSDT,LONG,1776240000,1776241800,99.26,98.25428571428571,99.76285714285714,TP2,0.4605215909090839,0.010132120549206997,1,0.15677966101694857,-2.3758028727716707
XLMUSDT,SHORT,1776241800,1776243600,0.1565,0.1577157142857143,0.15589214285714287,TP2,0.44850763807284394,0.007768142400730251,1,0.18876755070202555,2.599380739840284
ZECUSDT,SHORT,1776242700,1776246300,358.81,364.03285714285715,356.1985714285714,TP2,0.47252002188183806,0.01455605234764119,1,0.12462781794980923,2.2334545878341903
TAOUSDT,SHORT,1776243600,1776249900,247.8,251.0857142857143,246.15714285714287,TP2,0.4698330434782608,0.013259541104577407,1,0.09638554216867472,2.2493922937815527
HYPEUSDT,SHORT,1776247200,1776249000,43.76,44.24742857142857,43.516285714285715,TP2,0.46408909730362713,0.011138678506137416,1,0.0731981981981995,2.3222003720992985
NEARUSDT,SHORT,1776249900,1776252600,1.361,1.3735428571428572,1.3547285714285713,SL,-1.0434031890660591,0.009215912669255833,1,0.13043478260869565,2.399563973520619
SOLUSDT,SHORT,1776249900,1776257100,83.24,83.80857142857143,82.95571428571428,SL,-1.0585608040201004,0.006830507311045521,1,0.09941520467836559,2.06948697739668
XRPUSDT,SHORT,1776251700,1776257100,1.358,1.3651428571428572,1.3544285714285715,SL,-1.0760480000000006,0.005259835893120092,1,0.15200000000000696,2.5364660139090067
AAVEUSDT,SHORT,1776253500,1776259800,101.64,102.94142857142857,100.98928571428571,SL,-1.03123951701427,0.012804295271827719,1,0.1915492957746491,2.4727040840481713
LABUSDT,SHORT,1776297600,1776302100,0.5076,0.5259285714285715,0.4984357142857143,TP2,0.48892221356196414,0.03610829674659465,1,0.13294797687861307,2.278558762626969
ADAUSDT,LONG,1776298500,1776305700,0.245,0.24238571428571426,0.24630714285714286,TP2,0.462513661202186,0.010670553935860114,1,0.09933774834437094,-2.0028892007165506
DOTUSDT,LONG,1776298500,1776306600,1.173,1.1588571428571428,1.1800714285714287,TP2,0.4668242424242424,0.012056996711728166,1,0.17647058823529413,-2.2550934205777637
HYPEUSDT,LONG,1776302100,1776303900,44.18,43.747142857142855,44.39642857142857,TP2,0.4591735973597359,0.009797581323158487,1,0.14754098360655815,-2.3246048218577253
AAVEUSDT,SHORT,1776306600,1776314700,106.29,107.5257142857143,105.67214285714286,SL,-1.0344060115606935,0.011625875300727166,1,0.16425120772946966,2.4774975321722903
XLMUSDT,SHORT,1776306600,1776309300,0.1589,0.15985714285714286,0.15842142857142857,SL,-1.0664059701492534,0.006023554796367922,1,0.2692307692307668,2.5903573153878745
BTCUSDT,SHORT,1776307500,1776308400,75148.2,75581.44285714284,74931.57857142857,TP2,0.4306179444059731,0.005765179434009681,1,0.18744965020140167,2.277883343993931
DOTUSDT,SHORT,1776309300,1776313800,1.196,1.2105714285714286,1.1887142857142856,SL,-1.0328313725490197,0.012183468705207846,1,0.14666666666666453,2.2925104692617824
HYPEUSDT,SHORT,1776310200,1776312900,45.05,45.57428571428571,44.78785714285714,TP2,0.4656294277929154,0.01163786269224667,1,0.08943089430894285,2.378108901149087
LINKUSDT,SHORT,1776314700,1776315600,9.331,9.405285714285714,9.293857142857142,TP2,0.4497561538461538,0.00796117396696112,1,0.21613832853026274,2.016196070959649
ZECUSDT,SHORT,1776321900,1776325500,344.22,348.5571428571429,342.0514285714286,TP2,0.46825375494071814,0.012599915336537315,1,0.032603406326035,2.0156557169116454
LABUSDT,LONG,1776323700,1776330900,0.4812,0.46270000000000006,0.49045,SL,-1.0104043243243244,0.03844555278470487,1,0.2679738562091503,-2.489256487795347
XLMUSDT,SHORT,1776323700,1776331800,0.1609,0.16208571428571428,0.16030714285714284,SL,-1.0542795180722895,0.007369262185918447,1,0.28358208955223374,2.1957751641342256
ETHUSDT,LONG,1776325500,1776326400,2349.1,2336.8942857142856,2355.2028571428573,SL,-1.0769836142322093,0.005195910895966268,1,0.1531190926275958,-2.040888361923143
BTCUSDT,LONG,1776326400,1776331800,74673.5,74339.6,74840.45,TP2,0.41054387541180004,0.0044714657810334376,1,0.1775871232252715,-2.88063512991861
SOLUSDT,LONG,1776327300,1776331800,84.98,84.48571428571428,85.22714285714287,TP2,0.4312300578034686,0.005816494637393709,1,0.16564417177915072,-2.695060713071382
XRPUSDT,SHORT,1776330900,1776333600,1.414,1.4235714285714285,1.4092142857142855,TP2,0.4409074626865789,0.006769044251363929,1,0.2195121951219491,2.7699397776271746
ADAUSDT,LONG,1776389400,1776393000,0.257,0.25444285714285714,0.2582785714285714,SL,-1.040201117318436,0.009949972206781498,1,0.0,-2.048313659397426
AVAXUSDT,LONG,1776389400,1776393000,9.641,9.55342857142857,9.684785714285715,SL,-1.0440371941272426,0.009083230844459006,1,0.08605341246290873,-2.4163318731591326
BTCUSDT,LONG,1776389400,1776409200,74712.4,74371.42857142857,74882.88571428572,TP2,0.4123534774593812,0.004563786313536026,1,0.24635514018691052,-2.1911435146241818
TAOUSDT,LONG,1776401100,1776418200,248.3,243.02857142857144,250.9357142857143,TP2,0.4811588075880786,0.02123007882170191,1,0.1499999999999996,-2.0827442932608196
LABUSDT,SHORT,1776403800,1776409200,0.4932,0.5036428571428572,0.48797857142857143,SL,-1.0188913816689467,0.021173676283165365,1,0.061052631578946435,2.1368587618058887
DOTUSDT,SHORT,1776408300,1776409200,1.318,1.3351428571428572,1.3094285714285714,TP2,0.46924666666667314,0.013006720138738359,1,0.17647058823529527,2.957600328445873
HYPEUSDT,SHORT,1776408300,1776411000,43.77,44.14142857142858,43.58428571428572,TP2,0.45286307692306726,0.008485916642188042,1,0.004975124378111985,2.057611011507694
ETHUSDT,SHORT,1776410100,1776411900,2338.7,2350.47,2332.8149999999996,TP2,0.4205199660153128,0.005032710480181318,1,0.22557924003706695,2.596667085734374
SOLUSDT,SHORT,1776410100,1776411900,88.32,88.89285714285714,88.03357142857142,TP2,0.4383301745635915,0.006486154244306473,1,0.23232323232323165,2.38429718221646
XRPUSDT,SHORT,1776411900,1776418200,1.439,1.4497142857142857,1.4336428571428572,SL,-1.0537226666666668,0.007445646778516822,1,0.2500000000000014,2.64210938445657
SEIUSDT,SHORT,1776418200,1776419100,0.05847,0.05897714285714286,0.05821642857142857,TP2,0.4538828169014085,0.008673556646876308,1,0.26771653543307083,2.1206856264904044
HYPEUSDT,LONG,1776422700,1776425400,43.26,42.637142857142855,43.57142857142857,TP2,0.4722183486238532,0.014397992206591373,1,0.07284768211920502,-2.036303964080101
NEARUSDT,LONG,1776422700,1776424500,1.378,1.3554285714285714,1.3892857142857142,TP2,0.4755797468354479,0.016379846568525782,1,0.1875000000000013,-3.3463186131096943
ADAUSDT,SHORT,1776430800,1776432600,0.2604,0.2634714285714286,0.2588642857142857,SL,-1.033912558139535,0.011795040596883893,1,0.27272727272727404,2.2542196682429814
LINKUSDT,SHORT,1776430800,1776432600,9.61,9.723857142857142,9.553071428571428,SL,-1.0337616060225847,0.011847777612605899,1,0.26136363636363596,2.5018918847586455
SEIUSDT,SHORT,1776430800,1776432600,0.05902,0.059818571428571436,0.05862071428571429,SL,-1.0295627906976743,0.013530522341095056,1,0.21684210526315723,2.478106624441714
XLMUSDT,LONG,1776471300,1776479400,0.1731,0.17125714285714286,0.17402142857142858,TP2,0.46242790697674424,0.010646199554345153,1,0.08860759493670975,-2.526862693943855
ZECUSDT,SHORT,1776472200,1776485700,335.38,340.4528571428571,332.8435714285714,SL,-1.0264450577302169,0.015125699632825873,1,0.2199741713301769,2.9440433513212154
DOTUSDT,LONG,1776473100,1776474000,1.323,1.307,1.331,TP2,0.46692500000000003,0.012093726379440676,1,0.14285714285714285,-2.0541848170637547
ETHUSDT,LONG,1776473100,1776474000,2413.08,2396.4657142857145,2421.387142857143,TP2,0.4419034909716384,0.006885095278351986,1,0.18966496308914788,-2.113790302175454
TAOUSDT,LONG,1776476700,1776495600,253.2,248.65714285714284,255.47142857142856,TP2,0.4777056603773585,0.017941773865944508,1,0.26086956521739,-2.506169625007077
AAVEUSDT,LONG,1776484800,1776485700,114.11,112.90571428571428,114.71214285714285,TP2,0.46209869513641155,0.010553726354269663,1,0.28801431127012717,-2.563768180826888
AVAXUSDT,LONG,1776484800,1776489300,9.637,9.551714285714286,9.679642857142857,TP2,0.4548013400335009,0.008849819890600236,1,0.27157894736842236,-2.428887509146117
ADAUSDT,LONG,1776486600,1776489300,0.2563,0.2539142857142857,0.25749285714285713,TP2,0.45702754491019126,0.009308288278245357,1,0.15966386554621778,-2.1770182528452273
SUIUSDT,SHORT,1776489300,1776493800,1.0022,1.0106285714285714,0.9979857142857143,TP2,0.4524379661016948,0.008410069276163844,1,0.09132420091324242,2.3194986097727983
DOTUSDT,SHORT,1776494700,1776500100,1.336,1.3494285714285714,1.3292857142857144,TP2,0.4602042553191489,0.010051325919589378,1,0.20000000000000148,2.62657363646692
SEIUSDT,SHORT,1776494700,1776500100,0.0584,0.058891428571428574,0.058154285714285714,TP2,0.45246511627906993,0.008414872798434473,1,0.20331950207468868,2.6574806158974327
XLMUSDT,SHORT,1776499200,1776500100,0.175,0.17629999999999998,0.17435,TP2,0.4461538461538353,0.007428571428571404,1,0.18840579710144892,2.092146001638262
SOLUSDT,LONG,1776500100,1776501000,88.04,87.63714285714286,88.24142857142857,SL,-1.0874156028368795,0.004575842149672215,1,0.2941176470588205,-2.409578398948799
AAVEUSDT,LONG,1776501000,1776501900,114.01,113.06285714285715,114.48357142857144,SL,-1.0481490196078433,0.008307541944942131,1,0.18556701030927783,-2.2860851029066414
ADAUSDT,LONG,1776501000,1776501900,0.2554,0.25355714285714287,0.2563214285714286,SL,-1.055435658914729,0.007215572211656766,1,0.17757009345794256,-2.543410372935445
AVAXUSDT,LONG,1776501900,1776502800,9.52,9.436285714285713,9.561857142857143,TP2,0.4545119453924916,0.008793517406962817,1,0.234126984126985,-3.1072976172313767
AAVEUSDT,LONG,1776556800,1776564900,101.07,97.39571428571428,102.90714285714284,SL,-1.0110029548989115,0.036353870726088,1,0.22707633221315432,-2.137802528463881
AVAXUSDT,LONG,1776556800,1776558600,9.326,9.275142857142859,9.351428571428572,SL,-1.0733505617977537,0.005453264299500571,1,0.22374429223744663,-2.4519301286171458
DOTUSDT,LONG,1776556800,1776561300,1.271,1.2619999999999998,1.2754999999999999,TP2,0.4435111111110989,0.007081038552321026,1,0.21212121212121335,-2.136828897186022
BTCUSDT,LONG,1776559500,1776560400,75528.8,75289.24285714286,75648.57857142857,TP2,0.3738859562287572,0.003171732410115693,1,0.07142857142857142,-2.2307521222482474
LABUSDT,SHORT,1776561300,1776562200,0.5329,0.5499,0.5244,TP2,0.48746117647059145,0.03190091949709141,1,0.298245614035087,2.722289389810499
ETHUSDT,LONG,1776562200,1776564000,2342.65,2332.511428571429,2347.719285714286,TP2,0.40757474989434195,0.004327821667159501,1,0.20335963349453173,-2.3638897418477542
SOLUSDT,LONG,1776562200,1776565800,85.68,85.25000000000001,85.89500000000001,SL,-1.0797023255813956,0.00501867413632118,1,0.28915662650601853,-2.820607358796981
XRPUSDT,LONG,1776565800,1776566700,1.423,1.4134285714285715,1.4277857142857144,TP2,0.4405313432835938,0.006726232305993391,1,0.23809523809524313,-3.0168068541929367
XLMUSDT,LONG,1776567600,1776569400,0.1697,0.16804285714285713,0.17052857142857142,TP2,0.45903793103448287,0.009765131745096411,1,0.042253521126763754,-2.1264812679664806
ZECUSDT,LONG,1776571200,1776572100,321.25,317.1985714285714,323.2757142857143,TP2,0.46828279266572626,0.012611450806003292,1,0.17816091954022642,-2.391417813988215
NEARUSDT,SHORT,1776572100,1776573900,1.352,1.366142857142857,1.3449285714285715,TP2,0.4617616161616239,0.010460693153000819,1,0.09589041095890577,2.586254879334455
ADAUSDT,LONG,1776573900,1776575700,0.2466,0.24427142857142858,0.24776428571428571,TP2,0.457639263803675,0.009442706522998483,1,0.21153846153845693,-2.836783690900753
BTCUSDT,LONG,1776579300,1776583800,75362.4,75052.91428571427,75517.14285714286,SL,-1.0974033973412107,0.004106632940109598,1,0.08328626121886035,-2.352105793630805
DOTUSDT,LONG,1776579300,1776583800,1.261,1.2478571428571428,1.2675714285714283,SL,-1.0383782608695653,0.010422567123598011,1,0.08571428571428572,-2.264195724419849
ETHUSDT,LONG,1776579300,1776580200,2322.66,2307.808571428571,2330.085714285714,TP2,0.4374427856867871,0.006394146612689121,1,0.25944192083062295,-2.396842566509157
LABUSDT,SHORT,1776580200,1776587400,0.5564,0.5809285714285715,0.5441357142857143,SL,-1.0090735002912057,0.04408442025264457,1,0.2805755395683452,2.0189306382158265
SOLUSDT,LONG,1776582900,1776583800,85.01,84.41285714285715,85.30857142857144,SL,-1.0569444976076554,0.007024383685952924,1,0.09210526315789622,-2.4008617720825565
AAVEUSDT,SHORT,1776645000,1776649500,91.34,92.65857142857143,90.68071428571429,SL,-1.027708775731311,0.014435859739122259,1,0.1200000000000008,2.4959542470036493
ZECUSDT,SHORT,1776647700,1776654900,307.49,311.56714285714287,305.4514285714286,SL,-1.0301672039243168,0.013259432362492555,1,0.27016645326504846,2.8318695303531043
LABUSDT,SHORT,1776661200,1776664800,0.5536,0.5881,0.53635,TP2,0.49358144927536235,0.06231936416184976,1,0.1257113295395757,2.1146011059750585
XRPUSDT,LONG,1776662100,1776667500,1.401,1.3924285714285716,1.4052857142857142,TP2,0.4346199999999998,0.006118078923218092,1,0.07317073170731338,-2.2537793066070204
BTCUSDT,LONG,1776663000,1776664800,74108.1,73785.18571428572,74269.55714285714,TP2,0.4082009024951108,0.004357341312410989,1,0.020035356511484633,-2.167764308502616
ETHUSDT,LONG,1776663000,1776665700,2264.99,2251.037142857143,2271.9664285714284,TP2,0.43506734923724316,0.0061602290265550955,1,0.11200759373516767,-2.6807038077153713
BTCUSDT,SHORT,1776667500,1776670200,74755.9,75137.4857142857,74565.10714285713,SL,-1.0783634158211974,0.00510442271828328,1,0.09630818619582636,2.173233785840037
XLMUSDT,SHORT,1776667500,1776670200,0.169,0.1706857142857143,0.16815714285714287,SL,-1.0401016949152542,0.00997464074387154,1,0.13924050632911233,2.302104196958165
DOTUSDT,SHORT,1776670200,1776671100,1.27,1.2850000000000001,1.2625,TP2,0.46613333333333345,0.01181102362204729,1,0.1940298507462667,2.4992968561414948
NEARUSDT,SHORT,1776680100,1776683700,1.356,1.3737142857142859,1.3471428571428572,TP2,0.4693806451612903,0.01306363253265907,1,0.20000000000000118,2.074894744171299
AAVEUSDT,LONG,1776681000,1776683700,90.39,88.89857142857143,91.13571428571429,SL,-1.024242528735632,0.01649992887961694,1,0.08513708513708554,-2.004585989944023
HYPEUSDT,SHORT,1776687300,1776689100,41.34,41.73571428571429,41.14214285714286,TP2,0.45821227436823997,0.009572188817471822,1,0.0,2.1679475169306577
ZECUSDT,LONG,1776689100,1776695400,307.93,304.2257142857143,309.78214285714284,TP2,0.466748785190891,0.012029635677867448,1,0.018001241464929808,-2.0873371487537016
ETHUSDT,LONG,1776694500,1776695400,2299.24,2276.952857142857,2310.383571428571,TP2,0.4587342349849266,0.009693265103748553,1,0.053987888158743044,-2.1098485355844168
LABUSDT,LONG,1776694500,1776701700,0.5406,0.5186571428571428,0.5515714285714285,TP2,0.49014531249999743,0.040589820833993935,1,0.13074204946996487,-2.074189848362899
ADAUSDT,SHORT,1776695400,1776696300,0.2483,0.25055714285714287,0.24717142857142857,TP2,0.45599746835442423,0.009090386053736844,1,0.19444444444444348,2.2670054313018557
BTCUSDT,SHORT,1776695400,1776696300,75529.5,76184.15714285715,75202.17142857143,TP2,0.4538509579714573,0.008667568868549953,1,0.1803163134939848,2.784434722259782
DOTUSDT,SHORT,1776695400,1776697200,1.268,1.280857142857143,1.2615714285714286,TP2,0.460551111111111,0.010139702568724634,1,0.1739130434782617,2.1226399252830452
AAVEUSDT,LONG,1776696300,1776698100,89.41,88.01571428571428,90.10714285714285,SL,-1.0256504098360657,0.015594292744499598,1,0.26277372262773596,-2.0409351322751266
SOLUSDT,LONG,1776697200,1776699000,84.74,83.75999999999999,85.22999999999999,TP2,0.4654122448979519,0.011564786405475572,1,0.14929577464788596,-2.21971027447814
SEIUSDT,SHORT,1776699000,1776708900,0.05575,0.05638285714285714,0.05543357142857143,SL,-1.0352370203160273,0.011351697629724471,1,0.23699421965317924,2.331262020600796
XLMUSDT,SHORT,1776699000,1776704400,0.1709,0.17318571428571428,0.16975714285714286,TP2,0.47009249999999997,0.013374571595753563,1,0.23456790123456958,2.951873683469098
XRPUSDT,SHORT,1776699000,1776702600,1.433,1.4517142857142857,1.4236428571428572,TP2,0.4693709923664123,0.013059515501943996,1,0.1935483870967735,2.6886173855821887
TAOUSDT,SHORT,1776703500,1776726900,246.2,249.97142857142856,244.31428571428572,TP2,0.47388787878787497,0.015318556342114412,1,0.21167883211678595,2.0552081639130786
HYPEUSDT,LONG,1776704400,1776705300,40.74,39.96,41.13,TP2,0.4791076923076923,0.01914580265095729,1,0.22097378277153906,-2.2725748351751376
ADAUSDT,SHORT,1776708900,1776727800,0.249,0.25215714285714286,0.24742142857142857,TP2,0.46845248868778266,0.012679288582902981,1,0.12195121951219545,2.0782268531946797
AVAXUSDT,SHORT,1776709800,1776719700,9.3,9.399285714285716,9.250357142857144,SL,-1.0374676258992803,0.010675883256528476,1,0.10756972111553748,2.1014442581860218
HYPEUSDT,LONG,1776722400,1776727800,40.98,40.58571428571428,41.177142857142854,SL,-1.0415739130434785,0.009621418113365348,1,0.1330049261083754,-2.3800781708461765
ZECUSDT,LONG,1776725100,1776727800,314.0,310.7757142857143,315.6121428571429,SL,-1.0389543642002657,0.010268425841674299,1,0.1185218566922038,-2.0715051371502624
DOTUSDT,LONG,1776726900,1776729600,1.275,1.2631428571428571,1.2809285714285714,TP2,0.45698795180723834,0.009299719887955204,1,0.21052631578946998,-2.0647416048350973
DOTUSDT,LONG,1776737700,1776747600,1.274,1.2654285714285713,1.2782857142857142,TP2,0.440546666666654,0.006727965911639411,1,0.19999999999999493,-2.0593907222162593
NEARUSDT,LONG,1776737700,1776747600,1.355,1.3448571428571428,1.3600714285714286,TP2,0.44656338028169007,0.007485503426462831,1,0.17391304347826003,-2.1172733058318802
LABUSDT,SHORT,1776739500,1776741300,0.5915,0.6091428571428571,0.5826785714285715,TP2,0.4865894736842105,0.029827315541601188,1,0.2930107526881725,2.8545276434098024
LINKUSDT,LONG,1776741300,1776743100,9.248,9.197571428571427,9.273214285714285,TP2,0.4266447592067988,0.005452916460701924,1,0.2727272727272727,-2.09626635553955
LINKUSDT,SHORT,1776748500,1776752100,9.355,9.411142857142858,9.326928571428573,TP2,0.43334860050888985,0.006001374360540565,1,0.1772575250836172,2.111060449908193
ETHUSDT,SHORT,1776753900,1776755700,2318.31,2331.2799999999997,2311.825,TP2,0.4285023901310885,0.005594592612722141,1,0.08360312321462374,2.0061587393439435
NEARUSDT,SHORT,1776753900,1776760200,1.371,1.3814285714285715,1.3657857142857144,SL,-1.0525863013698633,0.0076065437115765055,1,0.26086956521739,2.181450283968556
ZECUSDT,SHORT,1776753900,1776767400,317.29,320.64428571428573,315.61285714285714,SL,-1.0378369676320272,0.01057167170186806,1,0.09186351706036297,2.0892043826447444
LABUSDT,LONG,1776762000,1776764700,0.5695,0.5514142857142857,0.5785428571428571,SL,-1.0125955766192734,0.031757180484133965,1,0.06970849176172449,-2.0347328671102978
HYPEUSDT,LONG,1776763800,1776764700,40.66,40.231428571428566,40.87428571428571,TP2,0.4620506666666668,0.010540369615627881,1,0.18279569892472855,-2.0384086004775286
AVAXUSDT,SHORT,1776764700,1776771900,9.394,9.482428571428573,9.349785714285714,SL,-1.042493053311793,0.009413303324310373,1,0.24117647058823505,2.0549065368419206
LINKUSDT,SHORT,1776766500,1776770100,9.427,9.49542857142857,9.392785714285713,TP2,0.4448943632567979,0.007258785555168274,1,0.2941176470588197,2.0124468674941336
ETHUSDT,SHORT,1776768300,1776770100,2331.87,2348.427142857143,2323.5914285714284,TP2,0.4436649180327871,0.007100371314499923,1,0.2942089737618361,2.0739616024991525
XRPUSDT,LONG,1776773700,1776782700,1.435,1.4247142857142858,1.4401428571428572,TP2,0.44419444444444434,0.007167745146839207,1,0.1282051282051314,-2.571788462981439
AAVEUSDT,LONG,1776775500,1776782700,91.45,89.86142857142858,92.24428571428571,TP2,0.47697302158272925,0.017370928688588576,1,0.13590844062947063,-2.0799834690211467
ADAUSDT,LONG,1776775500,1776781800,0.2484,0.24627142857142856,0.24946428571428572,TP2,0.45332080536912134,0.008569128134345587,1,0.07547169811320611,-2.792151457269694
LABUSDT,SHORT,1776779100,1776780900,0.5671,0.5837142857142857,0.5587928571428572,TP2,0.48634668959587274,0.02929692420082118,1,0.03576158940397408,2.108813384279623
SOLUSDT,SHORT,1776782700,1776783600,86.54,87.28571428571429,86.16714285714286,TP2,0.4535800766283526,0.008616989666215479,1,0.1988636363636358,2.618233850294432
HYPEUSDT,LONG,1776783600,1776792600,40.08,39.58,40.33,SL,-1.0320639999999999,0.012475049900199627,1,0.25362318840579445,-2.155334265109156
ADAUSDT,LONG,1776790800,1776792600,0.2466,0.2439,0.24795,SL,-1.0365333333333333,0.010948905109489067,1,0.2523364485981293,-2.4666414659496456
AVAXUSDT,LONG,1776791700,1776793500,9.286,9.170285714285715,9.343857142857143,TP2,0.4679002469135878,0.012461155041383296,1,0.2686567164179109,-2.3913057964491515
SOLUSDT,LONG,1776796200,1776798900,84.86,83.82714285714286,85.37642857142856,TP2,0.4671358229598823,0.012171307363388374,1,0.14234875444840048,-2.0714769676287403
ETHUSDT,SHORT,1776799800,1776800700,2323.64,2349.5671428571427,2310.6764285714285,TP2,0.4641512369827541,0.01115798611538062,1,0.02393013100436916,2.2012054370810104
AAVEUSDT,LONG,1776800700,1776802500,90.0,88.54428571428572,90.72785714285715,TP2,0.4752698724239499,0.01617460317460317,1,0.17565698478561484,-2.6340187112304596
BTCUSDT,LONG,1776800700,1776802500,74822.2,74079.37142857142,75193.61428571428,TP2,0.4597095734451324,0.009927916733650838,1,0.25790413054563976,-3.3032602298784695
DOTUSDT,LONG,1776800700,1776802500,1.258,1.2414285714285715,1.2662857142857142,TP2,0.46963448275862063,0.013172836702248452,1,0.22033898305084848,-3.109015650810551
LABUSDT,SHORT,1776802500,1776806100,0.5786,0.5944714285714287,0.5706642857142857,TP2,0.48541782178217474,0.02743074416078223,1,0.10591133004926195,2.099786839928182
ZECUSDT,SHORT,1776814200,1776816900,316.1,320.88142857142856,313.7092857142857,SL,-1.0264439796832985,0.015126316265196326,1,0.15759717314487723,2.7511004457697834
AAVEUSDT,SHORT,1776815100,1776821400,92.02,92.88857142857142,91.58571428571427,TP2,0.4576223684210609,0.00943894184494056,1,0.1657355679702061,2.433421328463495
BTCUSDT,SHORT,1776815100,1776816900,76045.0,76464.07142857143,75835.46428571429,SL,-1.072584284983807,0.005510834750101028,1,0.15359979502946525,2.0533752210769194
LABUSDT,SHORT,1776817800,1776820500,0.5944,0.6119142857142857,0.5856428571428572,SL,-1.0135752039151713,0.029465487406267976,1,0.21904761904761794,3.184021045403562
ETHUSDT,LONG,1776902400,1776904200,2372.94,2357.7557142857145,2380.532142857143,SL,-1.0625104149026245,0.006398933691659197,1,0.24468587623996438,-2.691596465875471
AAVEUSDT,LONG,1776903300,1776904200,93.14,91.94285714285714,93.73857142857143,TP2,0.46887923627684974,0.012853155004754785,1,0.27555555555555705,-2.7888834904800905
LABUSDT,LONG,1776903300,1776908700,0.5672,0.5528428571428572,0.5743785714285715,TP2,0.48419741293532725,0.02531231110215596,1,0.07482993197278981,-2.258767578713908
DOTUSDT,LONG,1776906900,1776912300,1.266,1.2541428571428572,1.2719285714285715,SL,-1.0427084337349397,0.009365831640713179,1,0.2222222222222222,-2.256862210230215
LABUSDT,SHORT,1776912300,1776914100,0.5897,0.6062714285714286,0.5814142857142857,TP2,0.4857658620689689,0.028101455946122778,1,0.18670076726342738,2.383290521359709
BTCUSDT,LONG,1776914100,1776924000,77671.4,77037.0,77988.59999999999,TP2,0.4510268600252206,0.008167742566762006,1,0.2962870134985147,-2.151664107006529
SEIUSDT,LONG,1776915900,1776917700,0.0603,0.05935142857142857,0.06077428571428571,TP2,0.4745722891566228,0.01573086946221273,1,0.29255319148936276,-2.0186655147581076
XLMUSDT,LONG,1776915900,1776923100,0.1754,0.1737142857142857,0.17624285714285715,TP2,0.458379661016949,0.009610685779442865,1,0.2857142857142857,-2.096702087443288
ZECUSDT,SHORT,1776927600,1776929400,317.23,320.39428571428573,315.64785714285716,TP2,0.45989869074492096,0.00997473667145513,1,0.04716981132075641,2.2354688814681176
SEIUSDT,SHORT,1776928500,1776935700,0.06132,0.06189,0.061035,TP2,0.45696842105263147,0.009295499021526389,1,0.13385826771653506,2.2503437613835167
AAVEUSDT,LONG,1776929400,1776944700,91.54,90.60857142857144,92.00571428571429,TP2,0.4606883435582821,0.010175099097974314,1,0.22788203753351757,-2.1278105972219463
DOTUSDT,LONG,1776932100,1776938400,1.25,1.2414285714285715,1.2542857142857142,SL,-1.0583333333333336,0.006857142857142838,1,0.2307692307692299,-2.2840815179485725
ETHUSDT,LONG,1776933900,1776935700,2334.95,2321.1042857142857,2341.872857142857,SL,-1.0674562525794473,0.005929769068166013,1,0.0921102302755785,-2.1222560878010657
AVAXUSDT,LONG,1776939300,1776942000,9.196,9.13342857142857,9.227285714285715,TP2,0.44121278538814285,0.006804200584104982,1,0.2189349112426036,-2.522521551904906
HYPEUSDT,LONG,1776939300,1776942900,40.67,40.32714285714286,40.84142857142857,TP2,0.4525516666666668,0.008430222347114425,1,0.12499999999999833,-2.282265319462582
ZECUSDT,SHORT,1776944700,1776947400,320.33,324.34142857142854,318.3242857142857,SL,-1.031941737891738,0.01252280014806154,1,0.1821909783245423,3.1305982746115744
AAVEUSDT,SHORT,1776946500,1776954600,92.35,93.21,91.92,SL,-1.0429534883720932,0.009312398484028126,1,0.2294617563739401,2.4070613808478214
LINKUSDT,SHORT,1776946500,1776952800,9.269,9.328857142857144,9.239071428571428,TP2,0.4380591885441533,0.006457777846277208,1,0.129770992366412,2.1622903585028217
TAOUSDT,SHORT,1776948300,1776949200,243.6,245.55714285714285,242.62142857142857,TP2,0.45021313868613133,0.008034248182031427,1,0.2325581395348831,2.3048861143231996
SEIUSDT,SHORT,1776955500,1776958200,0.06088,0.061509999999999995,0.060564999999999994,SL,-1.0386539682539684,0.010348226018396824,1,0.01886792452829981,2.1309390630145892
DOTUSDT,LONG,1776964500,1776966300,1.235,1.2224285714285716,1.2412857142857143,SL,-1.0392954545454547,0.010179294389820664,1,0.2571428571428532,-2.9236600053592303
SOLUSDT,LONG,1776964500,1776966300,85.31,84.56,85.685,SL,-1.045498666666667,0.00879146641659824,1,0.22695035460993554,-2.457689455132465
TAOUSDT,LONG,1776964500,1776967200,241.6,238.84285714285716,242.97857142857143,TP2,0.4649492227979325,0.011412015137180672,1,0.05343511450381812,-2.1935228157770164
DOTUSDT,SHORT,1776996000,1776996900,1.248,1.2582857142857142,1.2428571428571429,TP2,0.45146666666666685,0.008241758241758275,1,0.2962962962962926,2.0293095894913398
HYPEUSDT,SHORT,1776996000,1776997800,41.39,41.645714285714284,41.262142857142855,TP2,0.43525586592180154,0.006178165878576603,1,0.2093023255813956,2.4845400113703158
ETHUSDT,LONG,1776999600,1777002300,2318.6,2303.865714285714,2325.967142857143,SL,-1.06294434748885,0.0063548200268635216,1,0.15065277981517056,-2.183813959030362
TAOUSDT,LONG,1777000500,1777005000,247.1,243.64285714285714,248.82857142857142,SL,-1.0285900826446281,0.013990865468000241,1,0.2717948717948724,-2.7292995424423347
AVAXUSDT,LONG,1777001400,1777010400,9.312,9.24442857142857,9.345785714285714,TP2,0.44487610993657556,0.007256381934217052,1,0.13165266106442336,-2.374744467038198
ADAUSDT,LONG,1777005000,1777011300,0.2478,0.24554285714285712,0.24892857142857142,TP2,0.4560860759493611,0.009108728237057573,1,0.21100917431192426,-2.035207000788046
ZECUSDT,LONG,1777008600,1777009500,337.6,331.78285714285715,340.5085714285715,TP2,0.4767858546169008,0.01723087339201087,1,0.22992366412213658,-2.0200208939926783
LABUSDT,LONG,1777010400,1777023000,0.7047,0.5816857142857143,0.7662071428571429,TP2,0.49770855882011383,0.1745626305013278,1,0.12887369095960674,-2.3166256028452326
NEARUSDT,SHORT,1777010400,1777025700,1.41,1.42,1.4049999999999998,TP2,0.44360000000001115,0.0070921985815602905,1,0.14999999999999916,2.0068941948673626
ZECUSDT,SHORT,1777012200,1777013100,348.28,354.9528571428571,344.9435714285714,TP2,0.47912258616998926,0.01915946118886286,1,0.2521881838074398,2.2278910080671266
SEIUSDT,SHORT,1777017600,1777019400,0.06228,0.06287571428571428,0.06198214285714286,SL,-1.0418187050359713,0.009565097715386701,1,0.01562500000000113,2.0665671669469416
ADAUSDT,SHORT,1777019400,1777020300,0.2498,0.25134285714285715,0.24902857142857143,TP2,0.43523703703702843,0.006176369667162335,1,0.25,2.6538343324587452
AAVEUSDT,LONG,1777021200,1777023900,92.88,92.02142857142857,93.3092857142857,TP2,0.45672811980033273,0.009243878429924928,1,0.17402597402597667,-2.1796116402117103
HYPEUSDT,LONG,1777022100,1777029300,40.78,40.51714285714286,40.91142857142857,TP2,0.43794347826086966,0.006445736705668057,1,0.06666666666666847,-2.697241029330835
TAOUSDT,LONG,1777025700,1777026600,244.2,242.34285714285713,245.12857142857143,TP2,0.4474030769230848,0.007605007605007638,1,0.1604938271604948,-2.1285799587076535
ZECUSDT,SHORT,1777026600,1777028400,347.37,352.8314285714286,344.63928571428573,SL,-1.0254416950039236,0.01572222290764487,1,0.12344497607655552,2.0257372300675565
AAVEUSDT,SHORT,1777027500,1777029300,94.19,95.12,93.725,SL,-1.0405118279569892,0.009873659624163953,1,0.13145539906103457,2.928908342846513
DOTUSDT,SHORT,1777028400,1777029300,1.243,1.2532857142857143,1.237857142857143,SL,-1.048338888888889,0.008274910929778168,1,0.18918918918919275,2.2008973271340904
AVAXUSDT,SHORT,1777029300,1777034700,9.445,9.511285714285714,9.411857142857142,TP2,0.44300431034484106,0.007018074567042281,1,0.19047619047618874,3.37055279736024
BTCUSDT,SHORT,1777030200,1777035600,78287.8,78711.8,78075.8,TP2,0.4261435849056604,0.005415914101558608,1,0.2806865087986116,2.88411780159811
NEARUSDT,SHORT,1777030200,1777033800,1.422,1.434,1.416,TP2,0.45259999999999995,0.00843881856540083,1,0.25,2.6127811594155346
SEIUSDT,LONG,1777041000,1777041900,0.06195,0.061208571428571425,0.062320714285714285,TP2,0.4665780346820809,0.011968177101349016,1,0.11999999999999932,-2.1885924368087535
TAOUSDT,LONG,1777044600,1777045500,245.0,242.64285714285714,246.17857142857142,TP2,0.4584242424242363,0.009620991253644299,1,0.036363636363636785,-2.4988868505783097
XRPUSDT,SHORT,1777045500,1777052700,1.442,1.4555714285714285,1.4352142857142858,TP2,0.4574989473684127,0.009411531602932389,1,0.21311475409836209,2.1376670117594516
ADAUSDT,SHORT,1777046400,1777048200,0.2521,0.25415714285714286,0.25107142857142856,TP2,0.45098055555555516,0.008160027200090602,1,0.10280373831775619,2.0849474418707215
NEARUSDT,SHORT,1777046400,1777049100,1.426,1.4389999999999998,1.4195,TP2,0.4561230769230769,0.009116409537166898,1,0.08474576271186236,2.2545949239729404
ZECUSDT,SHORT,1777052700,1777059900,363.17,371.5271428571429,358.99142857142857,TP2,0.4826175042735043,0.02301165530507163,1,0.27791262135922423,2.5621443600118345
AAVEUSDT,SHORT,1777056300,1777065300,94.6,95.58571428571427,94.10714285714285,SL,-1.0383884057971016,0.010419812745394106,1,0.22931442080378278,2.5527505079607216
TAOUSDT,SHORT,1777059900,1777062600,251.1,253.5285714285714,249.88571428571427,TP2,0.4586423529411823,0.009671730101837613,1,0.28925619834710825,2.1267938427045845
HYPEUSDT,SHORT,1777063500,1777067100,41.41,41.68857142857143,41.270714285714284,TP2,0.4405394871794747,0.0067271535515921275,1,0.22033898305084848,2.1156384811393787
SOLUSDT,SHORT,1777063500,1777067100,86.64,87.17142857142858,86.37428571428572,TP2,0.43478709677418015,0.006133755441234664,1,0.08333333333333443,2.777997878135184
XRPUSDT,LONG,1777069800,1777113000,1.434,1.4268571428571428,1.4375714285714285,EXPIRED,-0.08030400000000064,0.004981071926678581,1,0.05263157894736104,-2.0029810718586
ADAUSDT,LONG,1777070700,1777081500,0.2502,0.24868571428571423,0.2509571428571428,TP2,0.4339094339622467,0.006052301016329872,1,0.20000000000000634,-2.733459546357232
AVAXUSDT,LONG,1777070700,1777079700,9.388,9.334142857142856,9.414928571428572,TP2,0.43027480106100807,0.0057368068659078555,1,0.16666666666666255,-2.442130696460667
LABUSDT,SHORT,1777074300,1777077000,0.7405,0.7666714285714287,0.7274142857142858,TP2,0.4886823144104782,0.035342915018809686,1,0.21621621621621717,2.5492089587733058
NEARUSDT,SHORT,1777085100,1777090500,1.409,1.4175714285714285,1.4047142857142858,SL,-1.0657533333333336,0.006083341782419125,1,0.04000000000000426,2.331193641610264
AAVEUSDT,SHORT,1777086000,1777093200,94.86,95.55,94.515,TP2,0.4450086956521742,0.0072738772928526655,1,0.12455516014235106,2.23075318314899
SOLUSDT,SHORT,1777088700,1777094100,86.35,86.62571428571428,86.21214285714285,TP2,0.3747253886010367,0.0031929853585904657,1,0.23711340206186352,2.0831080959324573
SUIUSDT,LONG,1777094100,1777095000,0.9423,0.9370142857142857,0.9449428571428572,TP2,0.42869081081081084,0.005609375236882405,1,0.05172413793103357,-2.331793766850447
ZECUSDT,LONG,1777094100,1777097700,354.33,350.15428571428566,356.41785714285714,TP2,0.46605802257954176,0.011784817220428168,1,0.049973698053655244,-2.3760619533740432
ADAUSDT,SHORT,1777097700,1777098600,0.2524,0.25378571428571434,0.25170714285714285,TP2,0.42714226804123784,0.005490151686665212,1,0.28125000000000056,2.5833536366678356
DOTUSDT,SHORT,1777097700,1777098600,1.269,1.280142857142857,1.2634285714285713,TP2,0.4544461538461538,0.008780817291455573,1,0.15254237288135605,2.367187188208196
LINKUSDT,SHORT,1777097700,1777098600,9.437,9.468,9.4215,TP2,0.3782322580644888,0.003284942248595987,1,0.20000000000000526,3.098457657008878
HYPEUSDT,SHORT,1777100400,1777106700,41.22,41.36857142857143,41.145714285714284,TP2,0.3890230769230776,0.003604352949331137,1,0.19999999999999432,2.0589294384175925
SOLUSDT,SHORT,1777105800,1777115700,86.55,86.86571428571429,86.39214285714286,TP2,0.3903438914026929,0.003647767599240749,1,0.1366906474820141,2.348808352341125
AAVEUSDT,SHORT,1777106700,1777111200,95.09,95.74714285714286,94.76142857142858,SL,-1.0578808695652175,0.006910746210357097,1,0.09374999999999903,2.0910398086873134
DOTUSDT,SHORT,1777108500,1777115700,1.269,1.2788571428571427,1.2640714285714285,TP2,0.44850434782608706,0.007767646065518426,1,0.16279069767441476,2.038540857638523
XLMUSDT,LONG,1777109400,1777110300,0.1725,0.17149999999999999,0.173,TP2,0.4310000000000003,0.00579710144927539,1,0.2571428571428644,-2.3078316568851975
ZECUSDT,SHORT,1777113000,1777114800,357.55,360.6957142857143,355.9771428571429,SL,-1.0454650317892824,0.008797970313842213,1,0.2328379334748805,2.4096471136970905
NEARUSDT,LONG,1777115700,1777118400,1.408,1.4001428571428571,1.4119285714285714,SL,-1.0716800000000004,0.005580357142857114,1,0.21212121212121907,-2.789473684210563
XLMUSDT,SHORT,1777115700,1777117500,0.1737,0.1748142857142857,0.17314285714285713,TP2,0.4376461538461665,0.006415001233654107,1,0.1578947368421099,2.434240914992367
AVAXUSDT,LONG,1777116600,1777118400,9.421,9.380714285714285,9.441142857142857,SL,-1.0935418439716311,0.00427616115971917,1,0.2233009708737829,-2.2846443338829903
LABUSDT,SHORT,1777116600,1777119300,0.7903,0.8373714285714285,0.7667642857142858,TP2,0.4932842488619108,0.059561468520091775,1,0.29755080771234993,2.1312585765329457
SUIUSDT,LONG,1777116600,1777123800,0.9464,0.9417285714285715,0.9487357142857143,SL,-1.0810373088685017,0.004935998067866192,1,0.19148936170212616,-2.4774579905498464
LINKUSDT,LONG,1777120200,1777122000,9.374,9.338714285714286,9.391642857142857,TP2,0.39373603238863875,0.0037642110396537516,1,0.26470588235292924,-2.0115858714047294
XLMUSDT,LONG,1777120200,1777125600,0.1717,0.1704142857142857,0.17234285714285713,TP2,0.4465822222222221,0.007488143772360413,1,0.27999999999999514,-2.405773507767967
AAVEUSDT,LONG,1777129200,1777130100,95.1,94.09142857142857,95.60428571428571,TP2,0.4622832861189802,0.010605377797806823,1,0.18095238095238378,-2.380119173194897
TAOUSDT,LONG,1777130100,1777132800,249.8,247.6,250.9,SL,-1.0454181818181818,0.008807045636509227,1,0.13580246913580185,-2.4449787081209218
ETHUSDT,LONG,1777132800,1777134600,2306.93,2300.3957142857143,2310.197142857143,TP2,0.3587799737647914,0.0028324594653005002,1,0.2840588787973839,-3.248544757369146
SOLUSDT,LONG,1777132800,1777135500,86.16,85.8442857142857,86.31785714285714,SL,-1.109161990950226,0.003664279082106393,1,0.16666666666666666,-2.0296197951128687
HYPEUSDT,LONG,1777133700,1777136400,41.14,40.824285714285715,41.29785714285715,SL,-1.0521230769230767,0.007674144037780429,1,0.2994350282485865,-2.996592010224873
DOTUSDT,LONG,1777135500,1777144500,1.247,1.2364285714285717,1.2522857142857144,SL,-1.0471837837837839,0.008477488830335644,1,0.16279069767441645,-2.5344600104329533
LINKUSDT,LONG,1777136400,1777157100,9.32,9.274714285714285,9.342642857142858,TP2,0.41767823343848676,0.0048589822194972975,1,0.2687224669603476,-2.0115537217667465
AVAXUSDT,LONG,1777137300,1777152600,9.31,9.260142857142856,9.334928571428572,TP2,0.42530659025786266,0.0053552247966856485,1,0.29777777777776726,-2.01356761224925
LABUSDT,SHORT,1777137300,1777140900,0.7645,0.8006571428571428,0.7464214285714286,SL,-1.0084575266693008,0.047295150892273194,1,0.12024353120243468,2.070928566579191
XLMUSDT,LONG,1777161600,1777162500,0.1697,0.16905714285714285,0.17002142857142855,SL,-1.105591111111113,0.0037881976597356017,1,0.2941176470588322,-2.0584674239815657
SEIUSDT,LONG,1777163400,1777168800,0.06011,0.05977428571428571,0.06027785714285714,SL,-1.0716204255319148,0.005584998930532131,1,0.09433962264150812,-2.335949935540107
AAVEUSDT,LONG,1777165200,1777174200,93.34,92.73285714285714,93.64357142857143,TP2,0.4385054117647063,0.006504637423857523,1,0.1366906474820113,-2.440056015855983
DOTUSDT,LONG,1777165200,1777167900,1.238,1.2302857142857142,1.2418571428571428,TP2,0.4358074074073931,0.006231248557581358,1,0.11764705882353171,-2.5452774586380618
LINKUSDT,LONG,1777168800,1777169700,9.297,9.266428571428573,9.312285714285714,TP2,0.3783570093457926,0.0032883111295501904,1,0.21088435374150089,-2.0157300330961982
BTCUSDT,LONG,1777174200,1777178700,77395.5,77220.7,77482.9,TP2,0.32289359267730267,0.0022585292426562107,1,0.19956511234598712,-2.155520048600459
ETHUSDT,LONG,1777174200,1777179600,2311.44,2304.994285714286,2314.6628571428573,TP2,0.3565595744681186,0.0027886141477668487,1,0.254609650843484,-2.241176853249038
XRPUSDT,LONG,1777175100,1777176900,1.417,1.4121428571428571,1.4194285714285715,TP2,0.3833058823529413,0.0034277648956548066,1,0.23809523809523406,-2.5819888974714797
AVAXUSDT,SHORT,1777179600,1777180500,9.363,9.412714285714285,9.338142857142858,SL,-1.0753344827586213,0.005309653499336251,1,0.04132231404958665,2.034906649068339
BTCUSDT,SHORT,1777179600,1777180500,77740.0,77938.9857142857,77640.50714285714,SL,-1.156272524947951,0.002559631004447047,1,0.20596904937362806,3.3372050943301588
DOTUSDT,SHORT,1777179600,1777180500,1.246,1.254857142857143,1.2415714285714285,SL,-1.056270967741935,0.007108461362072976,1,0.08108108108107881,2.278647976079493
BTCUSDT,SHORT,1777248000,1777251600,78621.6,79329.24285714286,78267.77857142859,SL,-1.0444414010295753,0.00900061633371558,1,0.11037304062537868,2.0828718811133475
SEIUSDT,LONG,1777249800,1777250700,0.06189,0.061251428571428575,0.06220928571428572,TP2,0.4612322147651061,0.010317845024582788,1,0.29032258064516797,-2.2908020147871944
ADAUSDT,SHORT,1777250700,1777252500,0.253,0.2553714285714286,0.2518142857142857,SL,-1.042674698795181,0.009373235460191922,1,0.08510638297872516,2.0970223972540927
HYPEUSDT,SHORT,1777250700,1777260600,42.68,43.17857142857143,42.43071428571429,SL,-1.034241833810888,0.011681617351720498,1,0.276264591439689,2.1529834653328286
AAVEUSDT,SHORT,1777252500,1777260600,97.38,98.62142857142857,96.75928571428571,SL,-1.031376754890679,0.012748290936830716,1,0.09999999999999919,2.643211562961026
SOLUSDT,SHORT,1777253400,1777266900,87.39,88.17428571428572,86.99785714285714,TP2,0.4554295081967214,0.008974547594527012,1,0.18644067796610114,2.0801185832578684
DOTUSDT,SHORT,1777334400,1777344300,1.232,1.2401428571428572,1.2279285714285715,TP2,0.43948070175437226,0.006609461966604817,1,0.2820512820512841,2.1837128471608516
ETHUSDT,SHORT,1777334400,1777336200,2302.7,2311.81,2298.1449999999995,TP2,0.3988935236004655,0.003956225300733977,1,0.2500000000000063,2.7205643774368253
SOLUSDT,SHORT,1777334400,1777336200,84.77,85.11142857142856,84.59928571428571,TP2,0.4006878661087855,0.004027705219164415,1,0.1808510638297895,2.184624777965536
BTCUSDT,LONG,1777344300,1777345200,76654.4,76265.44285714286,76848.87857142856,TP2,0.42116930987622575,0.0050741659038116855,1,0.042767638245709616,-2.1274418442894873
ETHUSDT,LONG,1777344300,1777345200,2280.11,2266.424285714286,2286.9528571428573,TP2,0.4333579540709813,0.00600221668503463,1,0.09897384971863565,-2.2574447020386508
HYPEUSDT,LONG,1777344300,1777345200,40.83,40.498571428571424,40.995714285714286,TP2,0.45072241379310346,0.008117280710961829,1,0.2737430167597727,-3.151513233632042
XRPUSDT,LONG,1777347000,1777348800,1.388,1.3807142857142856,1.391642857142857,TP2,0.4237960784313575,0.005249073692877744,1,0.1874999999999987,-2.7571719472918295
AAVEUSDT,SHORT,1777354200,1777355100,98.08,99.09714285714286,97.57142857142857,TP2,0.46142921348314603,0.01037054299697039,1,0.18441558441558376,2.5914703544126403
ADAUSDT,SHORT,1777354200,1777355100,0.2482,0.24978571428571428,0.24740714285714285,TP2,0.4373909909909996,0.006388856912628049,1,0.08000000000000222,2.025478734167321
DOTUSDT,SHORT,1777354200,1777356000,1.237,1.2457142857142858,1.2326428571428572,TP2,0.44321967213116026,0.007044693382607684,1,0.22580645161290924,2.0761369963435374
ADAUSDT,LONG,1777358700,1777362300,0.2458,0.24417142857142857,0.2466142857142857,TP2,0.43962807017543853,0.006625595722422407,1,0.2432432432432412,-2.9087393467833245
BTCUSDT,LONG,1777358700,1777362300,76552.0,76215.58571428571,76720.20714285714,TP2,0.4089788950698313,0.004394585193257926,1,0.2350363557567342,-2.1627972553231865
DOTUSDT,LONG,1777358700,1777370400,1.223,1.2145714285714286,1.2272142857142858,SL,-1.0580406779661018,0.006891718257212936,1,0.1739130434782617,-2.8024909233133655
TAOUSDT,SHORT,1777365000,1777369500,249.7,251.87142857142857,248.6142857142857,TP2,0.4540026315789473,0.008696149665312656,1,0.18749999999999986,2.1005805913080557
ZECUSDT,LONG,1777374000,1777377600,334.63,331.4428571428571,336.2235714285714,SL,-1.0419974899148363,0.009524378738137218,1,0.24076809453470993,-2.29849655180885
AAVEUSDT,LONG,1777374900,1777379400,96.79,95.7457142857143,97.31214285714286,SL,-1.03707414500684,0.010789190146561756,1,0.12707182320441932,-2.125445691084646
BTCUSDT,LONG,1777375800,1777382100,76305.5,76022.25714285714,76447.12142857144,SL,-1.107759822464315,0.0037119586024973415,1,0.14873589573402626,-2.0941741373188876
ADAUSDT,LONG,1777378500,1777379400,0.2451,0.24384285714285714,0.24572857142857144,TP2,0.42201363636362554,0.00512910182432828,1,0.22448979591836202,-2.1545545393788155
LABUSDT,SHORT,1777379400,1777382100,0.7194,0.7453142857142857,0.7064428571428572,TP2,0.4888957001102557,0.036022081893641526,1,0.24844720496894426,3.2648768788345515
HYPEUSDT,SHORT,1777420800,1777421700,40.16,40.41,40.035,TP2,0.4357440000000008,0.006225099601593702,1,0.21599999999999928,2.105933486828335
SOLUSDT,SHORT,1777421700,1777422600,83.99,84.34142857142857,83.81428571428572,TP2,0.4044016260162397,0.004184171585052632,1,0.2631578947368295,2.1256529740696513
BTCUSDT,SHORT,1777424400,1777425300,76477.2,76693.95714285714,76368.82142857142,TP2,0.3588702563764906,0.002834271428048375,1,0.11913202277366816,2.514072949790459
LABUSDT,SHORT,1777424400,1777428000,0.6789,0.698242857142857,0.6692285714285714,SL,-1.0140392909896603,0.02849146728952299,1,0.13752913752913734,2.4671328875364327
NEARUSDT,SHORT,1777424400,1777425300,1.351,1.357,1.3479999999999999,TP2,0.40993333333335197,0.004441154700222062,1,0.11999999999999503,2.1430268089667415
AVAXUSDT,LONG,1777426200,1777428000,9.146,9.115428571428572,9.161285714285714,TP2,0.380332710280345,0.0033426009809128174,1,0.20689655172413424,-2.024120911100482
SUIUSDT,LONG,1777426200,1777428000,0.9216,0.9175142857142857,0.9236428571428571,TP2,0.40977342657342647,0.004433283730158724,1,0.2356687898089188,-2.006961385475468
AAVEUSDT,SHORT,1777428000,1777429800,96.88,97.48571428571428,96.57714285714285,TP2,0.4360226415094461,0.006252211867405957,1,0.04799999999999641,2.5124708951852277
TAOUSDT,SHORT,1777430700,1777432500,259.5,261.87142857142857,258.31428571428575,SL,-1.0437710843373496,0.009138453069088857,1,0.29032258064516325,2.6211120980768907
ADAUSDT,SHORT,1777432500,1777433400,0.2477,0.24887142857142858,0.24711428571428573,SL,-1.0845804878048781,0.004729223138589299,1,0.159999999999998,2.339243478144471
AVAXUSDT,SHORT,1777432500,1777433400,9.19,9.228571428571428,9.170714285714284,SL,-1.0953037037037032,0.004197108658479735,1,0.13609467455621363,2.6510046986479323
DOTUSDT,SHORT,1777433400,1777434300,1.234,1.2412857142857143,1.230357142857143,TP2,0.4322509803921418,0.005904144477888418,1,0.2592592592592562,3.4593399611823124
HYPEUSDT,SHORT,1777509900,1777516200,40.17,40.48285714285714,40.01357142857143,TP2,0.4486410958904109,0.0077883281766776835,1,0.151515151515151,2.453280774221391
BTCUSDT,SHORT,1777511700,1777517100,76186.0,76548.11428571428,76004.94285714286,TP2,0.4158431434432698,0.004753029240467883,1,0.29531459170012464,2.1152632589831475
ETHUSDT,LONG,1777517100,1777520700,2240.52,2220.7028571428573,2250.4285714285716,TP2,0.4547761245674854,0.008844885498519464,1,0.11859443631039278,-2.1485602713018057
HYPEUSDT,LONG,1777517100,1777524300,39.66,39.29857142857143,39.840714285714284,SL,-1.043892490118577,0.009113176284129365,1,0.2530120481927726,-2.571121098767335
BTCUSDT,LONG,1777524300,1777527900,75389.6,74937.85714285714,75615.47142857143,TP2,0.4332455632154667,0.005992111075570857,1,0.14786338620912612,-2.010172903498327
DOTUSDT,LONG,1777524300,1777535100,1.201,1.1900000000000002,1.2065000000000001,TP2,0.4563272727272827,0.009159034138218121,1,0.13333333333333333,-2.1971792207249705
SUIUSDT,LONG,1777525200,1777533300,0.902,0.8941571428571429,0.9059214285714285,TP2,0.4539963570127434,0.008694963573012363,1,0.10502283105022674,-2.0023424801838514
XLMUSDT,SHORT,1777533300,1777545000,0.1603,0.16145714285714285,0.15972142857142857,TP2,0.44458765432098724,0.007218607967204296,1,0.0461538461538455,2.064741604835034
BTCUSDT,SHORT,1777535100,1777550400,76036.3,76390.21428571429,75859.34285714287,TP2,0.4140624687171828,0.004654543760207754,1,0.18340414896275373,2.0323857968937524
ETHUSDT,SHORT,1777535100,1777547700,2257.24,2271.6314285714284,2250.0442857142853,SL,-1.062738455429819,0.006375674970950662,1,0.1983372921615217,2.099716554654822
HYPEUSDT,LONG,1777540500,1777545000,39.19,38.918571428571425,39.325714285714284,SL,-1.0577536842105262,0.006925965078555046,1,0.1836734693877547,-2.2008747980573107
TAOUSDT,LONG,1777545000,1777545900,249.1,247.7,249.79999999999998,TP2,0.4288285714285611,0.005620232838217574,1,0.16279069767442322,-2.8551258532817663
XLMUSDT,LONG,1777548600,1777551300,0.1587,0.1578857142857143,0.15910714285714286,TP2,0.42204210526315766,0.005130974885228178,1,0.2777777777777829,-2.1015239541201303
ZECUSDT,SHORT,1777551300,1777554900,335.96,339.55857142857144,334.1607142857143,TP2,0.4626562921794285,0.010711309169458973,1,0.18705430608886142,2.7030201546644768
AAVEUSDT,SHORT,1777552200,1777555800,93.1,93.83571428571427,92.73214285714285,TP2,0.4493825242718542,0.007902409083934313,1,0.1111111111111111,2.2736132092946835
BTCUSDT,SHORT,1777552200,1777555800,76290.6,76620.22857142857,76125.78571428572,TP2,0.4074223454970955,0.0043206970639707715,1,0.1627817622950888,2.834903028393251
AVAXUSDT,LONG,1777555800,1777556700,9.1,9.04342857142857,9.128285714285713,TP2,0.43565656565654975,0.006216640502354773,1,0.2014134275618392,-2.0850825825628854
XRPUSDT,LONG,1777555800,1777556700,1.366,1.3574285714285714,1.3702857142857143,TP2,0.43625333333332045,0.006274837900020921,1,0.24137931034482654,-2.1386375316549207
ETHUSDT,SHORT,1777556700,1777557600,2269.97,2285.6328571428567,2262.138571428571,TP2,0.4420292229113605,0.006900028257138668,1,0.21549356843474404,2.229330934694153
SOLUSDT,SHORT,1777556700,1777557600,83.48,83.96571428571428,83.23714285714286,TP2,0.4312517647058971,0.005818331165719772,1,0.17094017094016808,2.6153916671258863
TAOUSDT,SHORT,1777556700,1777557600,251.2,253.04285714285714,250.2785714285714,TP2,0.44547596899224806,0.007336214740673343,1,0.15294117647058778,2.3428032622629242
NEARUSDT,LONG,1777558500,1777562100,1.317,1.307142857142857,1.3219285714285713,SL,-1.0534434782608693,0.007484542792059919,1,0.2173913043478282,-2.048537661410779
SEIUSDT,LONG,1777559400,1777571100,0.05699,0.05649428571428571,0.057237857142857146,TP2,0.4540138328530333,0.008698267866543074,1,0.28571428571428115,-2.268290495776141
TAOUSDT,LONG,1777559400,1777562100,248.0,245.72857142857143,249.1357142857143,TP2,0.45632704402516344,0.009158986175115211,1,0.18518518518518695,-2.7418844059012706
ZECUSDT,SHORT,1777562100,1777565700,337.27,341.39,335.21,TP2,0.4672553398058251,0.012215732202686241,1,0.2826207662409751,2.4310160282845197
ADAUSDT,SHORT,1777563000,1777568400,0.247,0.24885714285714286,0.24607142857142855,TP2,0.4468000000000076,0.007518796992481226,1,0.15492957746478742,2.314879249047516
AAVEUSDT,SHORT,1777564800,1777566600,93.61,94.64571428571428,93.09214285714286,TP2,0.4638471724137929,0.011064141498924042,1,0.22063037249283407,2.57951238365638
LINKUSDT,LONG,1777568400,1777575600,9.1,9.025714285714285,9.137142857142857,TP2,0.4510000000000001,0.00816326530612247,1,0.1674641148325397,-2.2389740130573497
ETHUSDT,LONG,1777569300,1777575600,2254.42,2236.25,2263.505,TP2,0.45037050082553626,0.008059722678116712,1,0.20359488420324598,-2.051329611544458
SEIUSDT,SHORT,1777576500,1777579200,0.05723,0.05763571428571429,0.05702714285714286,TP2,0.44357605633802805,0.0070891889867951245,1,0.20661157024793597,2.4752242588248894
ADAUSDT,SHORT,1777583700,1777584600,0.2472,0.2486142857142857,0.24649285714285715,TP2,0.43008484848484824,0.00572122052704575,1,0.06666666666666914,2.3062997213952756
HYPEUSDT,SHORT,1777583700,1777593600,39.39,39.690000000000005,39.24,SL,-1.05252,0.0076161462300076465,1,0.1960784313725553,2.8065761998345558
DOTUSDT,LONG,1777584600,1777594500,1.203,1.1955714285714287,1.2067142857142859,TP2,0.4352230769230917,0.006175038593991191,1,0.19999999999999704,-2.483063651125599
AAVEUSDT,LONG,1777586400,1777590000,92.88,92.37142857142857,93.13428571428571,SL,-1.0730516853932586,0.0054755752430170855,1,0.01915708812260428,-2.015552343796834
SOLUSDT,LONG,1777586400,1777592700,82.84,82.51285714285714,83.00357142857143,TP2,0.3987109170305667,0.003949092915775639,1,0.10958904109588748,-2.20460139587689
ADAUSDT,LONG,1777590900,1777593600,0.2454,0.24404285714285714,0.24607857142857142,TP2,0.4276715789473583,0.0055303294912096915,1,0.041095890410962135,-2.239721738152363
SEIUSDT,SHORT,1777594500,1777597200,0.05727,0.05755428571428572,0.05712785714285715,TP2,0.41941909547737466,0.004963955199680707,1,0.053435114503816473,2.125996866832923
SUIUSDT,SHORT,1777594500,1777595400,0.9103,0.9141142857142857,0.9083928571428571,TP2,0.4045378277153697,0.004190141397655378,1,0.13615023474178478,2.4296840421337373
SOLUSDT,SHORT,1777596300,1777597200,83.27,83.56428571428572,83.12285714285714,TP2,0.38681747572813285,0.003534114498447444,1,0.21538461538461437,2.033796747414919
BTCUSDT,SHORT,1777600800,1777604400,76642.3,76899.05714285714,76513.92142857143,TP2,0.38059954376011307,0.003350070951121551,1,0.13128765587781627,2.0935817538585817
ETHUSDT,SHORT,1777600800,1777606200,2266.27,2275.1699999999996,2261.82,SL,-1.1018548314606762,0.0039271578408573695,1,0.07685492801772188,2.08549119571551
LINKUSDT,SHORT,1777600800,1777602600,9.129,9.164714285714284,9.111142857142857,TP2,0.39775519999999853,0.003912179396898368,1,0.02762430939226064,2.0300055262238876
NEARUSDT,SHORT,1777605300,1777606200,1.305,1.313142857142857,1.3009285714285714,SL,-1.064105263157895,0.006239737274220002,1,0.1874999999999961,3.181886533783948
XLMUSDT,SHORT,1777606200,1777608900,0.1596,0.16069999999999998,0.15905,SL,-1.0580363636363634,0.0068922305764411145,1,0.23529411764705835,3.497763893716464
HYPEUSDT,SHORT,1777680000,1777681800,41.16,41.43857142857142,41.020714285714284,TP2,0.4408984615384612,0.006768013327780053,1,0.13821138211382367,2.206022940042695
NEARUSDT,SHORT,1777684500,1777699800,1.292,1.3010000000000002,1.2875,TP2,0.4425777777777656,0.006965944272445838,1,0.10000000000000223,2.210155618476206
SOLUSDT,SHORT,1777686300,1777691700,83.92,84.27857142857142,83.74071428571429,TP2,0.40638406374501956,0.004272776794225778,1,0.29696969696970144,2.0615614897897308
ETHUSDT,SHORT,1777690800,1777698000,2302.37,2310.7942857142857,2298.157857142857,TP2,0.3906793963031785,0.003658962596926537,1,0.22200056996295045,2.3886367828485526
AAVEUSDT,SHORT,1777692600,1777694400,92.63,93.11285714285714,92.38857142857142,TP2,0.42326508875739666,0.005212751191375842,1,0.20454545454545361,2.0186265372535086
ZECUSDT,LONG,1777695300,1777696200,375.28,370.2985714285714,377.77071428571423,TP2,0.46986567249784345,0.013273898346377565,1,0.2891566265060243,-3.776427834904275
BTCUSDT,LONG,1777698000,1777705200,78147.3,77884.65714285715,78278.62142857144,TP2,0.3809831710633965,0.003360869244911357,1,0.012624584717617033,-2.010163837055494
DOTUSDT,LONG,1777698000,1777711500,1.199,1.191857142857143,1.2025714285714286,TP2,0.4328560000000001,0.005957345406886696,1,0.1724137931034451,-2.483066027141942
AAVEUSDT,LONG,1777698900,1777705200,91.76,91.22714285714287,92.02642857142857,TP2,0.43111849865950364,0.0058070743554614135,1,0.13265306122449283,-2.60358239037578
XRPUSDT,SHORT,1777705200,1777707000,1.387,1.3924285714285713,1.3842857142857143,TP2,0.3977999999999995,0.00391389432485321,1,0.09090909090908357,2.1376670117595
SEIUSDT,SHORT,1777712400,1777714200,0.05794,0.058185714285714285,0.05781714285714285,SL,-1.094320930232557,0.004240840278120273,1,0.0196078431372517,2.007664625313332
DOTUSDT,SHORT,1777713300,1777721400,1.207,1.213857142857143,1.2035714285714287,TP2,0.42959166666664983,0.005681145697715658,1,0.15384615384615516,2.7217855545109213
NEARUSDT,SHORT,1777713300,1777714200,1.293,1.3005714285714285,1.2892142857142856,TP2,0.4316905660377355,0.005855706551762205,1,0.13043478260870237,2.421985745441387
ADAUSDT,SHORT,1777715100,1777722300,0.2485,0.24934285714285712,0.24807857142857143,TP2,0.38206779661018403,0.0033917792469099774,1,0.20930232558139716,2.56350156345424
XRPUSDT,SHORT,1777721400,1777722300,1.389,1.3935714285714287,1.3867142857142858,TP2,0.37846249999997583,0.0032911652782063178,1,0.28571428571429025,2.6854666343763993
NEARUSDT,LONG,1777722300,1777737600,1.283,1.2757142857142858,1.286642857142857,TP2,0.4295607843137248,0.005678654938202817,1,0.2666666666666647,-2.5413099042982856
ZECUSDT,LONG,1777722300,1777731300,372.39,368.33142857142855,374.4192857142857,TP2,0.4632984160506865,0.01089871217962738,1,0.252756947507722,-3.280480903604796
XLMUSDT,LONG,1777724100,1777725000,0.1589,0.1582857142857143,0.15920714285714288,TP2,0.39653023255816133,0.0038658635260271244,1,0.1999999999999889,-2.5235730725760033
TAOUSDT,SHORT,1777725900,1777729500,276.2,279.12857142857143,274.73571428571427,TP2,0.4622751219512195,0.010603082652322333,1,0.20634920634920964,2.9496692334231764
BTCUSDT,SHORT,1777727700,1777728600,78355.1,78521.72857142858,78271.78571428572,TP2,0.31190476680379625,0.002126582333869405,1,0.16869137321236585,2.127224032849325
LINKUSDT,SHORT,1777727700,1777732200,9.094,9.11842857142857,9.081785714285713,SL,-1.1489076023391818,0.0026862295390995537,1,0.16949152542374488,2.2608680110896624
ADAUSDT,SHORT,1777732200,1777739400,0.2494,0.2504857142857143,0.24885714285714286,SL,-1.0918842105263158,0.00435330507503723,1,0.15555555555555584,2.3142268053409993
SEIUSDT,SHORT,1777732200,1777735800,0.0585,0.05882857142857143,0.05833571428571429,TP2,0.42878260869565205,0.005616605616605608,1,0.2272727272727262,2.751739065626889
XLMUSDT,SHORT,1777734900,1777735800,0.1603,0.16107142857142856,0.15991428571428573,TP2,0.41688148148146204,0.004812405311469481,1,0.22580645161290785,2.198715160193378
AVAXUSDT,SHORT,1777736700,1777745700,9.143,9.177000000000001,9.126000000000001,TP2,0.3924352941176207,0.003718691895439126,1,0.16564417177913443,2.010136343509252
DOTUSDT,SHORT,1777736700,1777745700,1.212,1.22,1.208,TP2,0.43939999999999957,0.006600660066006554,1,0.13333333333333236,2.4925335821312284
ZECUSDT,SHORT,1777741200,1777747500,377.04,380.4042857142857,375.35785714285714,SL,-1.044828535031847,0.008922888060380128,1,0.2645461598138125,3.3427518829201976
LABUSDT,LONG,1777746600,1777752900,1.9099,1.1087142857142855,2.310492857142857,TP2,0.49904646327764207,0.41949092323457476,1,0.11650816269632296,-2.2203072952621965
ETHUSDT,SHORT,1777749300,1777758300,2310.56,2316.667142857143,2307.5064285714284,SL,-1.1513349239766066,0.0026431440244542113,1,0.23686635944699577,2.211751177405723
HYPEUSDT,SHORT,1777749300,1777752000,41.8,42.05571428571428,41.67214285714285,TP2,0.4346145251396789,0.006117566643882456,1,0.27659574468084935,2.0958589477467493
SEIUSDT,SHORT,1777749300,1777754700,0.05878,0.05911,0.058615,SL,-1.0712484848484847,0.005614154474311006,1,0.21428571428571677,2.0249073617927493
AVAXUSDT,SHORT,1777753800,1777756500,9.178,9.214142857142857,9.159928571428573,TP2,0.3984252964426871,0.003937988357251787,1,0.20731707317073184,2.021436552623316
SOLUSDT,SHORT,1777757400,1777758300,84.3,84.50571428571429,84.19714285714285,SL,-1.1639166666666636,0.0024402643619725914,1,0.21008403361344077,2.1525529407881003
AAVEUSDT,SHORT,1777758300,1777761000,93.55,94.06142857142856,93.2942857142857,TP2,0.426832402234651,0.005466900816981007,1,0.17509727626459204,2.901039307663465
NEARUSDT,SHORT,1777760100,1777761000,1.302,1.310714285714286,1.297642857142857,TP2,0.44023606557377126,0.006692999780557474,1,0.2916666666666653,2.4416885658404355
XLMUSDT,SHORT,1777760100,1777761000,0.1605,0.16124285714285713,0.16012857142857143,TP2,0.41357692307694144,0.0046283934134401265,1,0.09090909090909091,2.0761369963435112
XRPUSDT,SHORT,1777762800,1777763700,1.396,1.4029999999999998,1.3924999999999998,TP2,0.42022857142858683,0.005014326647564441,1,0.2631578947368495,2.0909090909090318
ADAUSDT,LONG,1777767300,1777771800,0.2498,0.24827142857142856,0.25056428571428574,SL,-1.0653682242990647,0.006119181059133077,1,0.16666666666667668,-2.218918702727649
SUIUSDT,LONG,1777767300,1777770900,0.9233,0.9181142857142858,0.9258928571428572,SL,-1.0712187327823692,0.00561649982206681,1,0.09803921568627472,-2.646719859472001
XLMUSDT,LONG,1777767300,1777771800,0.1596,0.15869999999999998,0.16005,SL,-1.070933333333333,0.005639097744360927,1,0.028571428571433556,-2.0146111056692213
AAVEUSDT,LONG,1777771800,1777791600,92.06,91.33142857142857,92.42428571428572,TP2,0.44945725490196087,0.007914093293193893,1,0.1979949874686735,-2.116340617705777
LABUSDT,LONG,1777852800,1777856400,2.0957,1.6548571428571426,2.3161214285714284,TP2,0.49809846074078845,0.21035589881321623,1,0.09697955719035176,-2.6758357065924527
AAVEUSDT,LONG,1777853700,1777856400,92.07,91.08285714285712,92.56357142857142,TP2,0.4626923299565777,0.010721655882946289,1,0.12925170068027264,-2.3271147885299834
AVAXUSDT,LONG,1777853700,1777859100,9.043,8.96042857142857,9.084285714285713,TP2,0.4561930795847644,0.009130977393722078,1,0.14352941176470552,-2.2504706405431256
AAVEUSDT,SHORT,1777860000,1777869000,93.93,94.92000000000002,93.435,SL,-1.037951515151515,0.010539763653784765,1,0.1832061068702292,2.4827569417465316
BTCUSDT,SHORT,1777860000,1777862700,79754.9,80378.64285714286,79443.02857142857,SL,-1.0511460125509595,0.007820746526456167,1,0.2083631828915555,2.6803407788621962
DOTUSDT,SHORT,1777860000,1777863600,1.228,1.2417142857142855,1.221142857142857,SL,-1.0358166666666668,0.01116798510935312,1,0.09333333333333199,2.2771494112046873
NEARUSDT,SHORT,1777863600,1777866300,1.297,1.3125714285714285,1.2892142857142856,TP2,0.46668256880733966,0.012005727503029041,1,0.23529411764705882,2.204614226262657
HYPEUSDT,SHORT,1777864500,1777865400,42.19,42.67,41.949999999999996,TP2,0.4648416666666668,0.011377103579047214,1,0.2863070539419065,2.3625305632522435
TAOUSDT,SHORT,1777866300,1777869900,292.4,295.9571428571428,290.62142857142857,TP2,0.46711967871485915,0.012165331248778487,1,0.19424460431654547,2.073595992958873
ZECUSDT,LONG,1777874400,1777887900,413.91,406.00142857142856,417.86428571428576,TP2,0.4790652456647399,0.01910698322961861,1,0.10879904875148505,-2.095300300589214
LABUSDT,LONG,1777878900,1777886100,1.9591,1.696157142857143,2.0905714285714287,SL,-1.00298026730414,0.13421614881468893,1,0.27398108036424706,-2.1617487143714844
AVAXUSDT,LONG,1777884300,1777885200,9.188,9.116285714285715,9.223857142857144,TP2,0.44875219123505966,0.0078052117669009085,1,0.26499999999999707,-2.027577533701195
LINKUSDT,SHORT,1777885200,1777886100,9.398,9.460999999999999,9.3665,TP2,0.4403301587301581,0.006703553947648367,1,0.11418685121107096,2.00414682228147
SUIUSDT,SHORT,1777887900,1777889700,0.9477,0.9549142857142857,0.9440928571428572,TP2,0.44745425742573475,0.0076124150198224085,1,0.05208333333333339,2.365094916897954
TAOUSDT,SHORT,1777887900,1777889700,291.0,293.9142857142857,289.54285714285714,TP2,0.4600588235294121,0.010014727540500808,1,0.14529914529914306,2.3594850482314014
XRPUSDT,SHORT,1777887900,1777889700,1.418,1.4285714285714286,1.4127142857142856,TP2,0.446345945945946,0.007455168245013103,1,0.10526315789473746,2.679891449633395
SEIUSDT,LONG,1777889700,1777891500,0.05849,0.057788571428571425,0.05884071428571429,TP2,0.4666452138492872,0.011992281952959004,1,0.27228915662650743,-3.2786900379168804
XLMUSDT,LONG,1777889700,1777900500,0.1582,0.1568,0.1589,SL,-1.0452,0.008849557522123895,1,0.27536231884057794,-3.324925427703669
ZECUSDT,LONG,1777889700,1777890600,409.49,402.0942857142857,413.1878571428572,SL,-1.0221474212864594,0.0180607933910823,1,0.16403872752420526,-2.1645969681901036
HYPEUSDT,SHORT,1777906800,1777907700,41.63,42.042857142857144,41.423571428571435,TP2,0.45966643598615037,0.0099172986513846,1,0.24867724867725083,2.2509003924064404
SUIUSDT,SHORT,1777906800,1777908600,0.9368,0.9454285714285714,0.9324857142857143,TP2,0.4565721854304637,0.009210686836647572,1,0.2965116279069765,3.5317040286751182
XLMUSDT,SHORT,1777906800,1777907700,0.1588,0.1599857142857143,0.15820714285714285,TP2,0.4464289156626504,0.007466714645555932,1,0.12499999999999711,2.312217872570896
AAVEUSDT,SHORT,1777914900,1777923000,93.16,94.45714285714284,92.51142857142857,TP2,0.47127224669604056,0.013923817702263318,1,0.19160104986876503,2.2391066791763663
LINKUSDT,LONG,1777927500,1777929300,9.32,9.252857142857144,9.35357142857143,TP2,0.44447659574469434,0.007204169221336641,1,0.22439024390243925,-2.37751544525331
SEIUSDT,LONG,1777927500,1777930200,0.0585,0.05803285714285714,0.058733571428571434,TP2,0.449908256880734,0.00798534798534799,1,0.2142857142857131,-2.0930792955174717
LABUSDT,LONG,1777928400,1777931100,1.5309,1.4002285714285714,1.5962357142857142,SL,-1.004686257789439,0.08535595308082077,1,0.2952098031934646,-2.302309981936958
ZECUSDT,SHORT,1777929300,1777930200,419.37,424.75142857142856,416.6792857142857,SL,-1.031171648526679,0.012832173430213333,1,0.14613180515759275,2.777274485476172
HYPEUSDT,SHORT,1777930200,1777932000,41.85,42.12857142857143,41.71071428571429,SL,-1.0600923076923077,0.0066564260112647305,1,0.2380952380952358,2.5564013337765084
XLMUSDT,SHORT,1777940100,1777942800,0.1578,0.15855714285714284,0.15742142857142857,SL,-1.0833660377358496,0.00479811696541732,1,0.15000000000000105,3.0639730799213907
LABUSDT,SHORT,1777941000,1777944600,1.8288,2.0519142857142856,1.717242857142857,TP2,0.4967213215520558,0.12200037495313083,1,0.15446696696696713,2.853606497770134
ETHUSDT,SHORT,1777947300,1777952700,2368.43,2381.342857142857,2361.973571428571,SL,-1.073366567098129,0.0054520746413689175,1,0.1779618049687332,2.091154243289894
LINKUSDT,SHORT,1777947300,1777948200,9.436,9.493,9.407499999999999,SL,-1.0662175438596486,0.006040695209834716,1,0.17600000000000193,2.1755850401034715
SOLUSDT,SHORT,1777947300,1777950900,84.55,84.90285714285714,84.37357142857142,TP2,0.40415384615384553,0.004173354735152462,1,0.17808219178081472,2.1869351293766193
ADAUSDT,SHORT,1777949100,1777950000,0.2518,0.2533571428571429,0.2510214285714286,TP2,0.4353174311926428,0.00618404629524567,1,0.12676056338028444,2.266868767642775
SEIUSDT,SHORT,1777951800,1777957200,0.05923,0.05968,0.059005,TP2,0.44735111111110315,0.007597501266250179,1,0.2718894009216593,2.010591497848871
SUIUSDT,SHORT,1777951800,1777959900,0.94,0.9468285714285714,0.9365857142857142,SL,-1.0550627615062764,0.0072644376899695644,1,0.29251700680272036,2.0233238731682643
HYPEUSDT,SHORT,1777953600,1777954500,42.44,42.8,42.26,TP2,0.4528444444444445,0.008482563619227154,1,0.1979695431472071,2.1301690431675326
NEARUSDT,SHORT,1777955400,1777970700,1.275,1.286142857142857,1.2694285714285714,TP2,0.4542307692307694,0.008739495798319362,1,0.294117647058822,2.035318759351249
ZECUSDT,LONG,1777960800,1777968900,421.0,415.76428571428573,423.61785714285713,TP2,0.46783628922237375,0.012436375975568348,1,0.14448051948051932,-3.2092362161562655
LABUSDT,SHORT,1777963500,1777965300,1.8268,1.9887428571428571,1.7458285714285715,SL,-1.0045122088920253,0.08864837811630015,1,0.12279214356365689,2.5911061818464036
AVAXUSDT,SHORT,1777964400,1777977000,9.325,9.378285714285715,9.298357142857142,SL,-1.0699999999999987,0.005714285714285813,1,0.2741935483870999,2.919264057224212
SEIUSDT,SHORT,1777966200,1777977900,0.05954,0.060001428571428574,0.05930928571428572,SL,-1.051613622291022,0.007749892029367988,1,0.2463768115942026,2.1812159516557923
BTCUSDT,LONG,1777972500,1777977900,80636.8,80364.51428571428,80772.94285714286,TP2,0.3815409024134063,0.003376692952668241,1,0.09543444036284526,-2.0374628513349227
ETHUSDT,LONG,1777972500,1777977000,2367.81,2354.697142857143,2374.3664285714285,TP2,0.4277713476413552,0.00553796847840711,1,0.16262245666917716,-2.390895881678817
TAOUSDT,LONG,1777974300,1777976100,282.6,279.95714285714286,283.9214285714286,TP2,0.45722810810809744,0.009351936103528488,1,0.2909090909090884,-2.5533547283291296
LINKUSDT,SHORT,1777977000,1777983300,9.655,9.742142857142857,9.61142857142857,SL,-1.044318032786885,0.009025671376784807,1,0.2921348314606706,2.147788804050635
NEARUSDT,SHORT,1777977900,1777980600,1.279,1.2892857142857141,1.2738571428571428,TP2,0.45026111111111133,0.008041997095945526,1,0.09090909090909091,2.064741604835067
SEIUSDT,SHORT,1777978800,1777979700,0.06004,0.06045714285714286,0.05983142857142858,TP2,0.44242739726026575,0.006947749119634543,1,0.26141078838174253,2.267465349197695
AAVEUSDT,SHORT,1777984200,1777992300,93.6,94.32285714285713,93.23857142857142,TP2,0.4482055335968477,0.007722832722832706,1,0.07650273224043753,2.0155740372634363
BTCUSDT,SHORT,1777984200,1777986900,81179.6,81493.35714285714,81022.72142857143,SL,-1.1034935482402215,0.0038649752260068457,1,0.15928917609046053,2.179596692723872
DOTUSDT,SHORT,1777984200,1777986000,1.263,1.274142857142857,1.2574285714285713,SL,-1.0453384615384615,0.008822531387852061,1,0.17073170731706816,2.0459126359479844
SOLUSDT,LONG,1778027400,1778029200,86.12,85.40714285714286,86.47642857142858,TP2,0.45167615230461944,0.008277486563599003,1,0.13235294117646973,-2.064098360877103
XLMUSDT,SHORT,1778030100,1778035500,0.1609,0.1622142857142857,0.16024285714285713,TP2,0.45103043478260874,0.008168338808487982,1,0.25423728813559754,2.0187082422674227
SUIUSDT,SHORT,1778031900,1778050800,0.9807,0.9912285714285715,0.9754357142857143,SL,-1.0372586160108548,0.010735771824789872,1,0.16904276985743277,2.1516022289990895
DOTUSDT,SHORT,1778032800,1778034600,1.295,1.3095714285714284,1.2877142857142856,TP2,0.4644509803921645,0.011252068394925523,1,0.12280701754385842,2.448472202068816
TAOUSDT,LONG,1778034600,1778045400,284.3,277.9428571428571,287.47857142857146,TP2,0.48211146067415733,0.022360685392693865,1,0.09128630705394157,-2.1510422949132004
BTCUSDT,SHORT,1778038200,1778042700,81571.0,82045.24285714286,81333.87857142858,TP2,0.43119896376177036,0.005813865922237765,1,0.24848227552536895,2.2423285669905457
NEARUSDT,SHORT,1778038200,1778051700,1.313,1.3274285714285714,1.3057857142857143,SL,-1.0364,0.01098901098901101,1,0.281250000000001,2.024273672347838
XRPUSDT,SHORT,1778049900,1778058000,1.427,1.437857142857143,1.4215714285714287,SL,-1.0525736842105262,0.007608369206126746,1,0.2222222222222222,2.057143470474102
LABUSDT,SHORT,1778051700,1778052600,2.9505,3.1525428571428566,2.8494785714285715,SL,-1.0058413349360107,0.06847749776067004,1,0.2635876499106913,2.9256093701011765
SOLUSDT,LONG,1778113800,1778116500,88.6,88.07857142857142,88.86071428571428,SL,-1.0679671232876706,0.00588519832312163,1,0.16014234875444847,-2.5540030397418922
AAVEUSDT,LONG,1778114700,1778124600,93.17,92.33428571428573,93.58785714285715,SL,-1.0445941880341882,0.00896977874545756,1,0.08447937131630522,-2.1482621018055092
AVAXUSDT,LONG,1778114700,1778121000,9.53,9.45142857142857,9.569285714285714,SL,-1.0485163636363632,0.00824464098336088,1,0.15592515592515277,-2.3654652767093944
SEIUSDT,LONG,1778117400,1778130900,0.0604,0.05961428571428572,0.06079285714285714,TP2,0.4692509090909046,0.013008514664143782,1,0.1567567567567562,-2.109682763578624
ZECUSDT,SHORT,1778198400,1778204700,574.59,586.3971428571429,568.6864285714286,TP2,0.48053415607985955,0.020548813688269642,1,0.2742407199100108,2.4075367367148246
NEARUSDT,SHORT,1778199300,1778200200,1.474,1.4905714285714287,1.4657142857142857,TP2,0.4644206896551658,0.011242488854429186,1,0.16279069767441776,2.1664256661802033
BTCUSDT,LONG,1778206500,1778210100,79584.1,79288.84285714285,79731.72857142858,SL,-1.1078166634410667,0.003710001656827776,1,0.23733653990679918,-2.0188592729713184
HYPEUSDT,LONG,1778206500,1778215500,42.31,42.034285714285716,42.447857142857146,SL,-1.061382383419689,0.006516527669919326,1,0.24561403508772323,-2.812172859479972
LINKUSDT,LONG,1778206500,1778208300,9.806,9.748142857142856,9.83492857142857,TP2,0.43220543209875023,0.005900177733749033,1,0.26956521739130057,-2.060612115856426
XLMUSDT,SHORT,1778208300,1778210100,0.1583,0.15915714285714286,0.15787142857142858,TP2,0.42612666666664983,0.005414673765905559,1,0.08108108108108189,2.0139959720120766
ETHUSDT,LONG,1778210100,1778211900,2272.14,2258.592857142857,2278.9135714285712,TP2,0.4329116102499212,0.005962283511202177,1,0.2924548814959818,-2.2373105215530464
SEIUSDT,SHORT,1778211000,1778218200,0.06093,0.061599999999999995,0.060594999999999996,SL,-1.036376119402985,0.01099622517643197,1,0.2650176678445246,2.0220769319057226
LABUSDT,SHORT,1778212800,1778213700,4.7268,4.990485714285714,4.594957142857143,TP2,0.49282964568208903,0.05578524885455569,1,0.26570726570726544,2.3605949188449014
TAOUSDT,SHORT,1778213700,1778215500,304.8,308.3,303.05,TP2,0.465165714285714,0.011482939632545852,1,0.19999999999999732,2.3272327373046133
AVAXUSDT,SHORT,1778214600,1778215500,9.523,9.593,9.488,TP2,0.44558285714285717,0.007350624803108268,1,0.09311740890688137,2.092544775851259
ZECUSDT,LONG,1778215500,1778218200,564.31,554.2728571428571,569.3285714285714,TP2,0.47751113008824936,0.01778657627393254,1,0.22624533684441736,-2.020288955782874
XRPUSDT,LONG,1778221800,1778222700,1.377,1.3702857142857143,1.3803571428571428,TP2,0.417965957446808,0.004876024483867591,1,0.16666666666666563,-2.776661176313395
XLMUSDT,LONG,1778223600,1778226300,0.1576,0.15684285714285712,0.1579785714285714,TP2,0.41673962264149156,0.0048042059463379505,1,0.11111111111111453,-2.1059035483454704
AVAXUSDT,LONG,1778224500,1778226300,9.446,9.379142857142858,9.47942857142857,TP2,0.4434854700854699,0.00707782583708899,1,0.04651162790697735,-2.236758043050629
BTCUSDT,LONG,1778224500,1778226300,79284.5,79009.88571428572,79421.80714285714,TP2,0.3845151121052898,0.0034636566505973306,1,0.122814881219182,-2.606200636266585
HYPEUSDT,SHORT,1778226300,1778228100,42.57,42.84428571428572,42.432857142857145,SL,-1.0620812499999999,0.006443169233866914,1,0.07602339181286759,2.469442085912812
SEIUSDT,SHORT,1778228100,1778246100,0.06187,0.06258571428571429,0.061512142857142856,TP2,0.46542195608782927,0.011568034357754756,1,0.22195704057279247,2.297841572466586
AVAXUSDT,SHORT,1778229000,1778232600,9.547,9.614285714285716,9.513357142857144,SL,-1.0567549893842887,0.007047838513220309,1,0.15083798882681843,2.217888261405658
LINKUSDT,SHORT,1778229000,1778233500,9.912,9.978285714285715,9.878857142857143,TP2,0.44018620689656524,0.006687420731004272,1,0.14814814814814997,2.298502322247023
ZECUSDT,LONG,1778232600,1778237100,561.98,552.9614285714287,566.4892857142858,TP2,0.4750745445905338,0.016047851219921368,1,0.06004560425639716,-2.2391803035036433
AAVEUSDT,SHORT,1778237100,1778239800,92.89,93.58,92.545,TP2,0.44615072463768113,0.007428140811712776,1,0.10317460317460031,2.214723926380309
LABUSDT,LONG,1778242500,1778246100,4.1865,3.860342857142857,4.349578571428571,TP2,0.4948656651044639,0.07790687754858301,1,0.28140654159709205,-2.1984919952328146
LINKUSDT,SHORT,1778244300,1778245200,9.955,10.032428571428571,9.916285714285713,TP2,0.44857195571956876,0.00777785750161443,1,0.25000000000000316,2.0375759836693685
DOTUSDT,LONG,1778245200,1778249700,1.311,1.2974285714285714,1.3177857142857143,TP2,0.4613600000000083,0.010351966873706025,1,0.10714285714285672,-2.2259955480133335
AAVEUSDT,LONG,1778246100,1778248800,92.07,91.30285714285714,92.45357142857142,TP2,0.45199329608938577,0.008332169622492256,1,0.18213058419244224,-2.53709541975204
AVAXUSDT,LONG,1778247000,1778248800,9.517,9.443999999999999,9.5535,TP2,0.44785205479452067,0.007670484396343402,1,0.1344262295081965,-2.3269659773380877
ADAUSDT,SHORT,1778249700,1778251500,0.2649,0.2668571428571429,0.2639214285714286,SL,-1.0541401459854014,0.0073882327562961704,1,0.17073170731707382,2.154852156355532
SOLUSDT,SHORT,1778250600,1778251500,89.0,89.68,88.66,TP2,0.4476470588235296,0.007640449438202278,1,0.2362204724409381,2.445989037894869
SUIUSDT,SHORT,1778250600,1778251500,0.993,1.0042,0.9873999999999999,SL,-1.0354642857142857,0.011278952668680784,1,0.281961471103329,2.8527990708106334
AAVEUSDT,SHORT,1778252400,1778254200,93.44,94.36714285714285,92.97642857142857,TP2,0.45968690292758096,0.009922333659491208,1,0.2867830423940125,2.0092607125185986
HYPEUSDT,SHORT,1778255100,1778257800,43.02,43.52428571428572,42.767857142857146,TP2,0.4658764872521246,0.011722122600783669,1,0.21991701244813355,2.607916847760188
NEARUSDT,SHORT,1778255100,1778256900,1.586,1.6165714285714288,1.5707142857142857,TP2,0.47924859813084114,0.019275806161052098,1,0.24812030075187907,2.2226321848075945
SEIUSDT,SHORT,1778256000,1778258700,0.06301,0.06399714285714285,0.06251642857142857,SL,-1.0255322720694646,0.01566644750266393,1,0.2110091743119255,2.055654763731864
TAOUSDT,SHORT,1778260500,1778263200,314.9,320.0571428571429,312.32142857142856,TP2,0.4755756232686927,0.01637708115955185,1,0.24561403508771767,2.11834317114781
ETHUSDT,SHORT,1778261400,1778265000,2300.81,2318.3114285714287,2292.0592857142856,SL,-1.0525856501510078,0.0076066379107482445,1,0.1246717519069615,2.1207790057222873
ZECUSDT,SHORT,1778261400,1778262300,589.78,604.1414285714285,582.5992857142857,TP2,0.4835732219238078,0.024350484199919576,1,0.23945511242409395,2.4323340167104877
LABUSDT,LONG,1778266800,1778267700,4.0091,3.8093285714285714,4.108985714285715,TP2,0.4919726258581247,0.04982949504163742,1,0.25415444770283435,-2.757059292842306
BILLUSDT,SHORT,1778270400,1778274000,0.08851,0.09198714285714286,0.08677142857142858,TP2,0.4898180772391106,0.039285310780057155,1,0.03400576368876044,2.139651267530328
ZECUSDT,LONG,1778271300,1778272200,569.12,555.3514285714285,576.0042857142857,TP2,0.4834661133015149,0.024192738664203437,1,0.20565319804312354,-2.2322321680897597
NEARUSDT,SHORT,1778274900,1778277600,1.588,1.6064285714285715,1.5787857142857142,TP2,0.4655317829457426,0.011604893846707508,1,0.20792079207920797,2.0217455371920994
ZECUSDT,SHORT,1778275800,1778278500,588.54,599.95,582.8349999999999,SL,-1.0206324276950043,0.01938695755598606,1,0.1521464646464644,2.176751401771868
TAOUSDT,SHORT,1778276700,1778277600,317.0,320.54285714285714,315.22857142857146,TP2,0.46420967741934666,0.011176205497972012,1,0.2173913043478256,2.193479565903215
SUIUSDT,LONG,1778283900,1778284800,1.0168,1.0075,1.02145,TP2,0.4562666666666785,0.009146341463414595,1,0.08636363636363686,-2.065015417037649
LINKUSDT,SHORT,1778287500,1778291100,10.415,10.487428571428572,10.378785714285714,SL,-1.0575187376725834,0.006954255538028986,1,0.09677419354838683,2.1605287947068907
XRPUSDT,SHORT,1778288400,1778292000,1.425,1.4325714285714286,1.4212142857142858,SL,-1.075283018867925,0.005313283208020021,1,0.2432432432432455,2.324728204121616
HYPEUSDT,SHORT,1778289300,1778291100,43.52,43.822857142857146,43.36857142857143,SL,-1.0574792452830188,0.0069590336134453925,1,0.23750000000000138,2.5543900120172593
BILLUSDT,LONG,1778292000,1778299200,0.08544,0.07729857142857142,0.08951071428571429,TP2,0.49580221091419546,0.0952882557517389,1,0.13075611142694732,-2.0949647788916845
LABUSDT,SHORT,1778292000,1778293800,4.344,4.589857142857143,4.221071428571429,TP2,0.4929324811156286,0.056596948171533774,1,0.281660667950113,2.1717713234236933
HYPEUSDT,LONG,1778372100,1778375700,42.81,42.59857142857143,42.91571428571429,SL,-1.0809918918918913,0.004938765975906868,1,0.11111111111111549,-2.4640853355349184
SUIUSDT,SHORT,1778372100,1778373000,1.0785,1.0902,1.0726499999999999,SL,-1.0368717948717947,0.010848400556328274,1,0.26515151515151447,2.2614556024217882
NEARUSDT,LONG,1778373900,1778380200,1.553,1.5407142857142857,1.5591428571428572,TP2,0.4494372093023346,0.007910955753840501,1,0.12280701754386183,-2.1843989581442687
AAVEUSDT,LONG,1778374800,1778376600,95.5,94.83285714285714,95.83357142857143,SL,-1.0572591006423981,0.006985789080029941,1,0.15068493150685064,-2.1976974893929686
AVAXUSDT,LONG,1778376600,1778380200,9.861,9.787857142857144,9.89757142857143,TP2,0.44607265625001213,0.007417387399133678,1,0.24468085106382334,-2.9157923483077615
TAOUSDT,SHORT,1778463000,1778467500,322.5,327.85714285714283,319.82142857142856,TP2,0.47592000000000534,0.01661129568106312,1,0.06837606837606941,2.1894307111812097
BILLUSDT,LONG,1778463900,1778480100,0.11616,0.10904714285714286,0.11971642857142857,TP2,0.49346760393653344,0.061233274301456087,1,0.15705765407554703,-2.0377394395572015
AVAXUSDT,LONG,1778465700,1778490900,10.083,9.962285714285715,10.143357142857143,TP2,0.4665888757396449,0.011972060469531445,1,0.15139442231075617,-2.043867074763877
ADAUSDT,LONG,1778466600,1778471100,0.2777,0.2742428571428572,0.2794285714285714,SL,-1.0321305785123969,0.012449200061731483,1,0.16763005780347026,-2.021250175455774
SEIUSDT,SHORT,1778477400,1778480100,0.07564,0.07703857142857143,0.07494071428571429,SL,-1.0216335035750768,0.018489839087406475,1,0.10644257703081156,2.6427931084934926
BILLUSDT,SHORT,1778481000,1778485500,0.12131,0.12701285714285715,0.11845857142857143,SL,-1.0085087174348697,0.04701061036070513,1,0.1774802608994164,2.466619913696532
ZECUSDT,LONG,1778481900,1778490900,569.67,560.3185714285713,574.3457142857143,TP2,0.4756328139321724,0.016415518758980802,1,0.19191214920690125,-2.062890017586071
SUIUSDT,LONG,1778483700,1778485500,1.2656,1.2256142857142858,1.2855928571428572,TP2,0.4873394783851375,0.03159427487809283,1,0.24499229583975315,-2.3007143971225066
ADAUSDT,SHORT,1778494500,1778498100,0.2795,0.2817857142857143,0.27835714285714286,TP2,0.45108750000001213,0.008177868642984929,1,0.14893617021276345,2.1089107591879594
AAVEUSDT,SHORT,1778495400,1778496300,101.35,102.51,100.77,TP2,0.4650517241379251,0.0114454859398126,1,0.20798668885191282,2.211956888642852
BTCUSDT,SHORT,1778495400,1778496300,81132.9,81414.05714285714,80992.32142857142,TP2,0.3845728773944417,0.0034653900311358734,1,0.28011287687509245,2.613971671504114
BILLUSDT,SHORT,1778499900,1778507100,0.13186,0.14156857142857143,0.1270057142857143,SL,-1.0054327251324309,0.07362787371887931,1,0.21790857858484713,2.1640326305193853
LABUSDT,SHORT,1778499900,1778515200,4.6055,4.860071428571429,4.4782142857142855,SL,-1.0072364758698091,0.05527552460567337,1,0.13409115991612405,2.016172042325327
AAVEUSDT,LONG,1778501700,1778502600,99.53,98.32857142857144,100.13071428571429,TP2,0.46686278240190837,0.012071019505963738,1,0.07004470938897144,-2.0086656702735928
DOTUSDT,LONG,1778501700,1778502600,1.354,1.340857142857143,1.3605714285714288,TP2,0.45879130434783444,0.009706689174931405,1,0.03333333333333321,-2.03780186665277
SEIUSDT,SHORT,1778502600,1778504400,0.07593,0.07736,0.07521499999999999,TP2,0.47876083916084416,0.018833135782958074,1,0.1535380507343114,2.3597562040138382
ZECUSDT,LONG,1778504400,1778506200,566.38,559.4114285714286,569.8642857142858,SL,-1.0325105371053709,0.012303703217930466,1,0.12957467853610202,-2.3221170932656525
NEARUSDT,LONG,1778505300,1778511600,1.532,1.512857142857143,1.5415714285714286,SL,-1.0320119402985075,0.012495337560611702,1,0.17241379310344723,-2.200328714853201
ETHUSDT,LONG,1778506200,1778507100,2326.62,2315.18,2332.3399999999997,SL,-1.0813503496503503,0.004917004065984099,1,0.12292870905587965,-2.017496879452864
ETHUSDT,LONG,1778545800,1778548500,2333.91,2324.3399999999997,2338.6949999999997,SL,-1.097551097178683,0.004100415183104762,1,0.18903803131990515,-2.2481485975404274
ZECUSDT,SHORT,1778545800,1778547600,562.72,569.8071428571429,559.1764285714286,TP2,0.46823995162265675,0.012594439254234537,1,0.11774842044801963,2.7031420333768645
AVAXUSDT,LONG,1778548500,1778550300,10.098,10.027571428571429,10.133214285714287,SL,-1.0573517241379309,0.006974506974507004,1,0.26164874551970674,-2.0349847764368434
NEARUSDT,LONG,1778548500,1778550300,1.534,1.5185714285714287,1.5417142857142858,SL,-1.0397703703703702,0.010057738871298202,1,0.21126760563380406,-2.173991078546958
ADAUSDT,LONG,1778549400,1778550300,0.2792,0.27692857142857147,0.2803357142857143,SL,-1.0491672955974845,0.008135489152681086,1,0.09890109890109904,-2.122735972908823
ADAUSDT,LONG,1778630400,1778632200,0.2709,0.2694857142857143,0.2716071428571428,TP2,0.42338181818181875,0.005220692928334165,1,0.20000000000000492,-2.6789336472837464
AVAXUSDT,LONG,1778630400,1778632200,9.83,9.782285714285713,9.853857142857143,TP2,0.41759281437123963,0.004853945647435012,1,0.18857142857143877,-2.2991526424137887
XLMUSDT,LONG,1778630400,1778634900,0.1624,0.16165714285714286,0.16277142857142857,TP2,0.4125538461538636,0.004574243490499584,1,0.18750000000000108,-2.13808993529948
LABUSDT,LONG,1778633100,1778634900,4.7855,4.6227,4.866899999999999,TP2,0.488242014742012,0.0340194337059868,1,0.19362685477985864,-2.385776643158665
ADAUSDT,SHORT,1778634900,1778664600,0.273,0.27504285714285714,0.27197857142857146,SL,-1.0534545454545454,0.007482993197278901,1,0.18840579710145067,3.0383066261298075
AVAXUSDT,SHORT,1778634900,1778639400,9.92,9.975857142857143,9.892071428571429,SL,-1.0710383631713551,0.00563076036866362,1,0.26180257510729926,3.2242661648994497
BTCUSDT,SHORT,1778634900,1778639400,80917.9,81228.0,80762.84999999999,SL,-1.1043765237020318,0.003832279384413085,1,0.1314636283961471,2.8612905111429856
BILLUSDT,LONG,1778638500,1778643900,0.18246,0.17094,0.18822,TP2,0.49366458333333213,0.06313712594541271,1,0.12551210428305393,-2.3372708897517644
LABUSDT,SHORT,1778642100,1778646600,5.1541,5.361014285714285,5.050642857142857,TP2,0.49003626070146367,0.04014557065526198,1,0.19026149684400387,3.0504718305016936
ZECUSDT,LONG,1778648400,1778657400,562.2,550.37,568.115,SL,-1.0190092983939136,0.02104233368907869,1,0.18023529411764785,-3.3196277461601222
TAOUSDT,LONG,1778649300,1778651100,310.0,307.51428571428573,311.24285714285713,SL,-1.0498850574712644,0.008018433179723493,1,0.05982905982905833,-2.0209406712081286
HYPEUSDT,LONG,1778651100,1778652900,39.92,39.66142857142857,40.049285714285716,TP2,0.4382453038674036,0.006477240194675098,1,0.2923076923076933,-3.0046156916759394
BILLUSDT,LONG,1778652000,1778660100,0.17544,0.1626157142857143,0.18185214285714288,TP2,0.49452788236604767,0.07309784378867827,1,0.29623458847050915,-2.2048767708999715
BTCUSDT,LONG,1778657400,1778659200,80882.1,80679.05714285714,80983.62142857144,TP2,0.3406600436220365,0.0025103559025156067,1,0.14082725060827567,-2.0423408461234187
ETHUSDT,SHORT,1778661900,1778669100,2313.0,2323.017142857143,2307.9914285714285,TP2,0.40763833428408486,0.0043308010623185934,1,0.25252942391079086,3.2501706013266087
AAVEUSDT,SHORT,1778663700,1778665500,98.9,99.71000000000001,98.495,SL,-1.0488395061728397,0.008190091001011103,1,0.10895883777239827,2.2849070957958837
ADAUSDT,SHORT,1778665500,1778667300,0.2769,0.27905714285714284,0.27582142857142855,TP2,0.4486543046357618,0.007790331733993736,1,0.25454545454545024,3.170747035177236
AVAXUSDT,SHORT,1778666400,1778667300,10.143,10.210428571428572,10.109285714285715,TP2,0.43982966101694954,0.006647793693046619,1,0.25247524752475553,2.507413034587618
HYPEUSDT,LONG,1778668200,1778674500,39.52,39.17285714285715,39.69357142857143,SL,-1.0455374485596707,0.008783979178716046,1,0.28275862068965224,-2.755170875929182
SEIUSDT,LONG,1778669100,1778674500,0.06968,0.06894142857142858,0.07004928571428572,SL,-1.0377377176015474,0.010599475151713944,1,0.10582010582010619,-2.7342499011223795
SOLUSDT,LONG,1778670900,1778676300,94.33,93.68142857142857,94.6542857142857,SL,-1.0581770925110137,0.006875558449818969,1,0.29180327868852235,-2.450857671832468
LINKUSDT,LONG,1778675400,1778676300,10.426,10.288428571428572,10.494785714285713,SL,-1.0303144340602286,0.013195034392041838,1,0.200000000000001,-2.037150386304113
AAVEUSDT,LONG,1778676300,1778688000,96.49,95.17999999999999,97.145,SL,-1.0294625954198473,0.013576536428645439,1,0.2550860719874814,-2.432853776582286
XRPUSDT,SHORT,1778716800,1778729400,1.426,1.4341428571428572,1.4219285714285714,TP2,0.42995087719296926,0.005710278501302383,1,0.18518518518518032,2.112885636821253
AAVEUSDT,SHORT,1778717700,1778723100,96.76,97.61285714285715,96.33357142857143,SL,-1.0453815745393633,0.008814149884840273,1,0.28132387706855805,2.325918231104949
BILLUSDT,SHORT,1778719500,1778723100,0.18867,0.19578571428571429,0.18511214285714286,SL,-1.0106058221240715,0.03771513375583975,1,0.21821515892420532,2.741910815258835
TAOUSDT,SHORT,1778725800,1778727600,297.6,300.0571428571429,296.3714285714286,TP2,0.45155348837208126,0.008256528417818708,1,0.2549019607843148,2.0057133322254237
ETHUSDT,LONG,1778727600,1778729400,2250.5,2239.0085714285715,2256.2457142857143,SL,-1.078336648433615,0.005106166883549691,1,0.095020829200555,-2.1893062676636528
HYPEUSDT,LONG,1778727600,1778729400,38.67,38.402857142857144,38.80357142857143,SL,-1.0579016042780747,0.006908271454431285,1,0.11304347826087333,-2.6320169102076014
SEIUSDT,LONG,1778727600,1778731200,0.06615,0.06563571428571428,0.06640714285714286,SL,-1.0514500000000002,0.007774538386783267,1,0.20603015075376654,-2.920316705020886
ADAUSDT,LONG,1778730300,1778733000,0.2633,0.26149999999999995,0.2642,TP2,0.4414888888888889,0.006836308393467528,1,0.25,-2.444361783389663
DOTUSDT,LONG,1778730300,1778733000,1.317,1.3051428571428572,1.3229285714285715,TP2,0.4555710843373588,0.009003145677405379,1,0.2307692307692288,-2.462630445264577
BTCUSDT,LONG,1778803200,1778804100,81059.9,80734.44285714286,81222.62857142856,TP2,0.4003741023615134,0.00401502028570406,1,0.24619993342949353,-2.548139879823746
HYPEUSDT,SHORT,1778805000,1778807700,44.84,45.52285714285715,44.49857142857143,SL,-1.026266108786611,0.015228749840703456,1,0.042505592841164605,2.0273164724982897
ADAUSDT,LONG,1778810400,1778821200,0.2702,0.2675285714285714,0.27153571428571427,SL,-1.0404577540106947,0.009886856296923,1,0.15000000000000047,-2.1004858008243965
AVAXUSDT,LONG,1778810400,1778814000,9.866,9.780285714285714,9.908857142857142,TP2,0.4539586666666665,0.008687845703860268,1,0.21739130434782963,-2.135714705637753
ETHUSDT,LONG,1778810400,1778823900,2274.89,2258.635714285714,2283.0171428571425,SL,-1.0559825276850068,0.007145086450019803,1,0.23627424201037953,-2.779323909739461
SUIUSDT,LONG,1778816700,1778823900,1.1746,1.1573000000000002,1.1832500000000001,SL,-1.0271583815028902,0.014728418184913982,1,0.272727272727271,-2.268359708898534
ADAUSDT,SHORT,1778890500,1778893200,0.2619,0.2631428571428572,0.26127857142857147,TP2,0.4157103448275632,0.004745540828015016,1,0.22222222222222338,2.4993242329921976
ETHUSDT,SHORT,1778890500,1778895000,2227.16,2234.775714285714,2223.3521428571426,TP2,0.383022922528635,0.003419473358768213,1,0.08103813559321744,2.086221357527639
XLMUSDT,SHORT,1778890500,1778895000,0.1551,0.15585714285714283,0.15472142857142857,TP2,0.41806037735849055,0.004881643179515519,1,0.11627906976743976,3.0054493129476594
SEIUSDT,LONG,1778894100,1778902200,0.06335,0.06295142857142857,0.06354928571428572,TP2,0.4364229390681178,0.006291577404442442,1,0.2688172043010754,-2.039825569240919
HYPEUSDT,LONG,1778895000,1778899500,43.55,42.995714285714286,43.82714285714285,SL,-1.0314278350515464,0.012727570936526168,1,0.24489795918367327,-3.002095303467866
SOLUSDT,LONG,1778895000,1778896800,88.99,88.66857142857143,89.15071428571429,TP2,0.3892568888889103,0.0036119628208626745,1,0.08982035928142887,-2.4987277712556817
LABUSDT,SHORT,1778896800,1778909400,4.9031,5.204657142857143,4.752321428571429,SL,-1.0065037093183002,0.061503363761119055,1,0.26571282575370453,2.4032547785249876
ZECUSDT,LONG,1778899500,1778904900,508.3,501.9328571428572,511.48357142857145,SL,-1.0319326901503254,0.012526348331974895,1,0.19493999351280944,-2.415828560749936
AAVEUSDT,LONG,1778902200,1778906700,92.19,91.57571428571428,92.49714285714285,SL,-1.0600306976744187,0.00666325755814854,1,0.22077922077922413,-2.269211451893186
NEARUSDT,SHORT,1778902200,1778904900,1.549,1.5618571428571428,1.5425714285714285,TP2,0.45180888888888904,0.008300285898736541,1,0.16279069767441645,2.485184431566455
LINKUSDT,LONG,1778904900,1778906700,10.041,10.00157142857143,10.060714285714287,SL,-1.101865217391303,0.003926757437363999,1,0.12765957446808007,-2.060074838165531
ADAUSDT,LONG,1778905800,1778906700,0.2601,0.2588,0.26075,SL,-1.0800307692307687,0.004998077662437553,1,0.2258064516129038,-2.5485927581215657
BTCUSDT,LONG,1778976000,1778976900,78106.9,77960.9,78179.9,TP2,0.286008493150688,0.001869233063916275,1,0.19408571963318033,-2.6023413720501276
DOTUSDT,LONG,1778976000,1778979600,1.267,1.2614285714285713,1.2697857142857143,SL,-1.0909641025641028,0.004397339046115676,1,0.18181818181818,-2.0137603306416727
ETHUSDT,SHORT,1778976900,1778978700,2183.07,2187.5842857142857,2180.8128571428574,TP2,0.30656341772151563,0.0020678611836934388,1,0.17668488160292556,2.4439472556440482
XLMUSDT,LONG,1778978700,1778979600,0.1514,0.15081428571428573,0.15169285714285716,SL,-1.103395121951221,0.003868654463106187,1,0.16129032258064863,-2.3496356624317594
ZECUSDT,LONG,1778978700,1778980500,508.7,503.2157142857143,511.4421428571428,SL,-1.0371023704089608,0.01078098233592626,1,0.2961038961038912,-2.3672986431024334
NEARUSDT,LONG,1778980500,1778987700,1.486,1.476,1.491,TP2,0.44056000000001116,0.006729475100942133,1,0.24999999999999653,-2.5908162356916593
BILLUSDT,LONG,1779062400,1779069600,0.1563,0.14827285714285715,0.16031357142857142,TP2,0.49221142552055525,0.05135727995612829,1,0.07112750263435154,-2.416749272298203
XRPUSDT,LONG,1779063300,1779106500,1.394,1.3745714285714283,1.4037142857142857,EXPIRED,-0.028699999999999833,0.013937282229965238,1,0.27027027027027106,-2.002267317358846
ZECUSDT,SHORT,1779077700,1779084000,538.21,551.0628571428572,531.7835714285715,TP2,0.48325010559075243,0.02388074755737933,1,0.010501050105011206,2.373547960876459
BILLUSDT,SHORT,1779079500,1779080400,0.16076,0.16803999999999997,0.15711999999999998,TP2,0.49116703296703484,0.045284896740482666,1,0.14341463414634073,2.2152768495758766
LABUSDT,SHORT,1779079500,1779101100,4.6378,4.914914285714286,4.499242857142858,SL,-1.0066944221053717,0.05975123673170152,1,0.23351625849782934,2.198001209061055
BILLUSDT,LONG,1779083100,1779087600,0.14538,0.13656000000000001,0.14979,SL,-1.0065931972789115,0.060668592653734976,1,0.2026901669758806,-3.024135477442106
DOTUSDT,LONG,1779083100,1779085800,1.23,1.2188571428571429,1.2355714285714285,SL,-1.0441538461538462,0.00905923344947736,1,0.28301886792452796,-2.2012550279485867
HYPEUSDT,LONG,1779088500,1779090300,44.89,44.199999999999996,45.235,TP2,0.4739768115941978,0.01537090666072626,1,0.26415094339622763,-2.511372986264953
NEARUSDT,SHORT,1779101100,1779102900,1.512,1.5305714285714287,1.5027142857142857,TP2,0.4674338461538463,0.012282690854119479,1,0.1086956521739133,2.5556095575802056
ZECUSDT,LONG,1779101100,1779106500,521.0,511.1342857142857,525.9328571428572,TP2,0.4788763394150044,0.018936111872772186,1,0.2576601671309195,-2.0746140348163067
AAVEUSDT,SHORT,1779104700,1779105600,89.47,90.25714285714285,89.07642857142856,TP2,0.4545343012704265,0.00879784125564835,1,0.28997289972899787,3.82128868197776
ADAUSDT,SHORT,1779104700,1779105600,0.2514,0.2535428571428571,0.25032857142857146,TP2,0.45307199999999986,0.008523695874531173,1,0.200000000000001,3.075120564575475
AVAXUSDT,SHORT,1779104700,1779105600,9.182,9.254857142857144,9.14557142857143,TP2,0.44958901960783104,0.007934779226436841,1,0.14745308310991978,2.687419989132989
BTCUSDT,SHORT,1779106500,1779109200,77400.0,77746.22857142857,77226.88571428572,SL,-1.0894206964845676,0.004473237356958325,1,0.2435308343409845,2.449600464327463
LINKUSDT,SHORT,1779106500,1779111900,9.541,9.617428571428572,9.502785714285714,TP2,0.45006579439252353,0.008010540973542785,1,0.17026378896882582,2.20093734309499
SOLUSDT,SHORT,1779106500,1779111900,85.24,85.90142857142857,84.90928571428572,TP2,0.4484509719222354,0.0077596031373600525,1,0.10541310541310336,2.0809708294865823
HYPEUSDT,SHORT,1779110100,1779111900,46.11,46.81142857142857,45.75928571428571,TP2,0.47370509164969965,0.015212070514607937,1,0.237179487179488,2.4406144136376153
HYPEUSDT,LONG,1779116400,1779119100,44.69,43.67571428571428,45.19714285714286,TP2,0.4823757746478874,0.022696032989163492,1,0.17333333333333262,-2.4212591221058424
XLMUSDT,LONG,1779118200,1779120000,0.1455,0.14394285714285712,0.14627857142857142,TP2,0.46262385321100913,0.010702012763868427,1,0.12820512820512783,-2.0070335393950383
NEARUSDT,SHORT,1779125400,1779127200,1.554,1.5788571428571427,1.5415714285714286,TP2,0.4749931034482802,0.015995587424158804,1,0.17557251908396818,2.6192789967446264
LINKUSDT,LONG,1779129000,1779131700,9.35,9.252999999999998,9.3985,TP2,0.4614432989690724,0.010374331550802198,1,0.25225225225225,-2.100765049492835
TAOUSDT,LONG,1779129000,1779131700,255.5,252.6,256.95,TP2,0.46475862068965035,0.011350293542074386,1,0.25352112676056415,-2.180933756621942
XRPUSDT,LONG,1779129000,1779131700,1.368,1.3542857142857145,1.374857142857143,TP2,0.4601000000000078,0.010025062656641518,1,0.2542372881355937,-2.1019361705168995
AAVEUSDT,SHORT,1779133500,1779142500,88.72,89.78428571428572,88.18785714285714,SL,-1.0333444295302012,0.011996006698441374,1,0.1481481481481463,2.4404463777014658
ADAUSDT,SHORT,1779133500,1779150600,0.2504,0.25305714285714287,0.24907142857142858,SL,-1.037694623655914,0.010611592879963473,1,0.21428571428571344,2.092257621751047
AVAXUSDT,SHORT,1779133500,1779143400,9.168,9.264142857142856,9.119928571428572,SL,-1.0381432392273406,0.010486786337571597,1,0.2007722007722031,2.1567121140910226
BILLUSDT,LONG,1779153300,1779154200,0.14823,0.1428357142857143,0.15092714285714287,SL,-1.0109916313559322,0.036391322365821474,1,0.20850367947669654,-2.4248796099124417
BTCUSDT,LONG,1779154200,1779157800,76729.9,76375.95714285714,76906.87142857142,TP2,0.4132855505327728,0.00461284137139308,1,0.1551017366028203,-2.8554592909746934
SOLUSDT,LONG,1779156000,1779157800,84.83,84.26142857142857,85.11428571428571,TP2,0.44032060301507503,0.00670248059143493,1,0.0751879699248136,-2.5658913670502117
XRPUSDT,LONG,1779156000,1779157800,1.383,1.3731428571428572,1.3879285714285714,TP2,0.44387826086956483,0.007127362875735926,1,0.06976744186046271,-2.363412451462322
AAVEUSDT,LONG,1779158700,1779164100,88.94,88.18714285714286,89.31642857142857,TP2,0.45274535104365266,0.00846477561116643,1,0.17613636363635968,-2.2295086842493794
XLMUSDT,LONG,1779158700,1779162300,0.1465,0.14535714285714285,0.14707142857142855,TP2,0.44872499999998755,0.0078010726474889835,1,0.17857142857142716,-2.422264384196343
ADAUSDT,LONG,1779159600,1779161400,0.2508,0.24888571428571432,0.2517571428571429,TP2,0.44759402985076047,0.007632718159033897,1,0.18987341772151473,-2.0161945963637598
SUIUSDT,SHORT,1779172200,1779174900,1.0789,1.0922857142857143,1.0722071428571427,TP2,0.46775965848453355,0.012406816466506937,1,0.2981927710843369,2.6501230235688924
BTCUSDT,SHORT,1779173100,1779183000,77044.6,77359.94285714286,76886.92857142858,TP2,0.4022719579595902,0.0040929910356190605,1,0.2734328750904507,2.117402168855206
ETHUSDT,SHORT,1779173100,1779178500,2138.71,2149.9900000000002,2133.07,TP2,0.42415921985813676,0.005274207349290056,1,0.27495817066369166,2.069115074946192
HYPEUSDT,SHORT,1779175800,1779177600,48.34,49.05857142857143,47.980714285714285,TP2,0.47309105367793747,0.014864944736686609,1,0.2826086956521737,2.520217003773596
XLMUSDT,SHORT,1779180300,1779182100,0.1477,0.14874285714285712,0.14717857142857144,TP2,0.4433479452054788,0.007060644162878342,1,0.17241379310344532,3.002551237811171
AAVEUSDT,LONG,1779183000,1779187500,88.43,87.75857142857144,88.7657142857143,TP2,0.44731829787235083,0.007592769099045231,1,0.24764890282131985,-3.1574155809920006
ADAUSDT,LONG,1779183000,1779192900,0.2497,0.24782857142857143,0.2506357142857143,SL,-1.0533709923664119,0.0074947079352366336,1,0.2250000000000001,-3.2949303913379286
AVAXUSDT,LONG,1779183000,1779191100,9.177,9.11142857142857,9.209785714285713,SL,-1.055981699346405,0.007145192172979053,1,0.22336769759450856,-3.2373834173975475
HYPEUSDT,SHORT,1779188400,1779190200,48.34,49.09571428571429,47.96214285714286,TP2,0.47441361058601605,0.01563331166144573,1,0.15500000000000114,2.0832348621823154
HYPEUSDT,LONG,1779192900,1779195600,47.4,46.58857142857143,47.80571428571429,TP2,0.47663380281690576,0.017118746232670304,1,0.2330827067669171,-2.2862661171589354
SUIUSDT,SHORT,1779199200,1779200100,1.0751,1.090142857142857,1.0675785714285715,TP2,0.47141234567900486,0.013992053895318672,1,0.0781758957654705,2.3070410335753673
AAVEUSDT,LONG,1779201000,1779203700,87.94,87.2,88.31,TP2,0.45246486486487447,0.008414828292017297,1,0.23127035830618847,-2.0135285899603224
BTCUSDT,LONG,1779201000,1779204600,76426.8,75971.32857142857,76654.53571428571,TP2,0.4328811466925789,0.005959577380858926,1,0.16253338420450325,-2.5082350016073525
XRPUSDT,LONG,1779201000,1779210900,1.368,1.3561428571428573,1.3739285714285714,TP2,0.45385060240962855,0.0086675020885546,1,0.1739130434782617,-2.0714198371754833
DOTUSDT,LONG,1779204600,1779209100,1.223,1.2104285714285716,1.2292857142857143,TP2,0.46108636363636357,0.010279172993809118,1,0.16279069767442075,-2.105903548345473
AAVEUSDT,SHORT,1779209100,1779217200,88.65,89.53571428571429,88.20714285714287,TP2,0.4599645161290241,0.009991136894690176,1,0.17687074829932506,2.041102009362499
ZECUSDT,SHORT,1779209100,1779213600,568.52,580.1228571428571,562.7185714285714,SL,-1.0195993105146517,0.020408881205335107,1,0.28161365399534644,2.177060764194094
AVAXUSDT,SHORT,1779210000,1779215400,9.159,9.233428571428572,9.121785714285714,TP2,0.45077696737045325,0.00812627704209753,1,0.15702479338843023,2.0490127631655675
XRPUSDT,LONG,1779219000,1779225300,1.357,1.3464285714285713,1.3622857142857143,TP2,0.44865405405405423,0.007790293715127938,1,0.22222222222222132,-2.5619594773603245
ETHUSDT,LONG,1779228900,1779233400,2108.57,2098.9528571428573,2113.3785714285714,TP2,0.41229952465832476,0.004560978699850078,1,0.19812792511700283,-2.3275795208241665
ADAUSDT,LONG,1779229800,1779232500,0.2476,0.2462285714285714,0.24828571428571428,TP2,0.42778333333333374,0.005538887606739011,1,0.15068493150684734,-2.3685441555165316
AVAXUSDT,LONG,1779229800,1779232500,9.07,9.021,9.0945,TP2,0.42595918367346897,0.005402425578831284,1,0.2800000000000091,-2.7852874651858492
BILLUSDT,SHORT,1779235200,1779237000,0.11194,0.11851142857142857,0.10865428571428572,TP2,0.4931862608695642,0.058704918451211126,1,0.08948106591865392,2.398018250988867
BTCUSDT,LONG,1779236100,1779237900,76544.5,76285.65714285715,76673.92142857143,TP2,0.38171278768143896,0.0033815996857103556,1,0.17370547190598234,-2.402685165492621
HYPEUSDT,LONG,1779236100,1779239700,47.45,46.81,47.77,TP2,0.4703437499999999,0.013487881981032615,1,0.2929292929292915,-2.5731068069246055
SOLUSDT,LONG,1779236100,1779237900,83.95,83.51142857142858,84.16928571428572,TP2,0.4234332247557164,0.00522419807708669,1,0.1402714932126702,-2.189574899397202
ZECUSDT,SHORT,1779239700,1779240600,578.7,588.0328571428572,574.0335714285715,TP2,0.4751973059849992,0.016127280357451413,1,0.14103677961193237,2.1534492931019122
ADAUSDT,LONG,1779240600,1779242400,0.2469,0.24522857142857143,0.2477357142857143,TP2,0.44091282051282904,0.0067696580454782405,1,0.2647058823529384,-2.245069061639191
LINKUSDT,LONG,1779240600,1779242400,9.409,9.337857142857143,9.444571428571429,TP2,0.4470979919678591,0.00756114965914096,1,0.18654434250764612,-2.014422055689417
XLMUSDT,LONG,1779240600,1779242400,0.1422,0.14108571428571426,0.14275714285714286,TP2,0.4489538461538467,0.00783604581072944,1,0.2499999999999971,-2.2459107906021227
AVAXUSDT,SHORT,1779247800,1779252300,9.124,9.183428571428571,9.094285714285714,TP2,0.4385884615384766,0.006513433957537427,1,0.16967509025271346,2.0710570323104625
DOTUSDT,SHORT,1779247800,1779254100,1.229,1.2395714285714285,1.2237142857142858,SL,-1.0465027027027027,0.008601650587004515,1,0.1304347826086944,2.0309644128842934
SEIUSDT,SHORT,1779247800,1779252300,0.05998,0.06050285714285714,0.059718571428571426,TP2,0.45411366120218594,0.008717191444767328,1,0.2035398230088457,2.086304609424818
LABUSDT,LONG,1779252300,1779256800,4.2077,4.098971428571429,4.262064285714286,TP2,0.4845203521219288,0.02584038107007897,1,0.08930756055786736,-2.0179040972542537
AAVEUSDT,SHORT,1779253200,1779254100,87.32,87.85571428571427,87.05214285714285,SL,-1.0651989333333336,0.0061350696943917055,1,0.12225705329153577,2.113009095323312
ADAUSDT,SHORT,1779254100,1779264000,0.25,0.25164285714285717,0.24917857142857142,TP2,0.4391304347826087,0.006571428571428577,1,0.29577464788732516,3.2214902645868517
BTCUSDT,SHORT,1779255000,1779262200,77131.9,77404.3857142857,76995.65714285713,SL,-1.1132270735031993,0.0035327239998717962,1,0.22070232748060004,2.4072405885761743
ETHUSDT,SHORT,1779255000,1779260400,2123.06,2133.162857142857,2118.0085714285715,SL,-1.084057805429865,0.004758630063614335,1,0.19061085972850758,2.334019056435687
BILLUSDT,SHORT,1779262200,1779266700,0.11364,0.11814285714285715,0.11138857142857143,TP2,0.48990507614213197,0.03962387489314628,1,0.23161967938087344,2.4309425802641123
HYPEUSDT,SHORT,1779271200,1779273000,48.95,49.48571428571429,48.682142857142864,SL,-1.0365493333333335,0.01094411206770751,1,0.201716738197427,2.02720356125745
BILLUSDT,SHORT,1779273900,1779274800,0.11764,0.12344571428571428,0.11473714285714286,TP2,0.49189488188976255,0.04935153252052264,1,0.2646828504306971,2.6169740073012613
LABUSDT,SHORT,1779275700,1779276600,4.2359,4.355957142857143,4.175871428571429,TP2,0.48588705378390873,0.028342770806001755,1,0.13092885375494032,2.5163081901918303
LINKUSDT,LONG,1779276600,1779281100,9.565,9.517714285714286,9.588642857142856,TP2,0.41908761329305166,0.004943618848480343,1,0.17180616740087817,-2.3111042400956907
DOTUSDT,LONG,1779277500,1779282000,1.234,1.2264285714285714,1.2377857142857143,TP2,0.4348075471698115,0.00613567955545267,1,0.2499999999999986,-2.48368168226025
ETHUSDT,LONG,1779277500,1779279300,2125.5,2117.417142857143,2129.5414285714287,TP2,0.39481442205729034,0.003802802701885205,1,0.1885976075337157,-2.1009328936340537
AVAXUSDT,SHORT,1779282000,1779283800,9.247,9.290285714285714,9.225357142857142,TP2,0.41454917491751303,0.004681054859491149,1,0.16513761467889318,2.042897651524804
BTCUSDT,LONG,1779283800,1779284700,77264.5,76996.4,77398.55,SL,-1.115277135397239,0.003469898853936823,1,0.19514325646400807,-2.3789911876320344
SEIUSDT,LONG,1779283800,1779286500,0.06052,0.06008428571428571,0.06073785714285714,TP2,0.44444065573770497,0.0071995090170899915,1,0.2327044025157212,-2.1342452960911134
AVAXUSDT,LONG,1779284700,1779286500,9.18,9.125571428571428,9.207214285714286,TP2,0.43253543307088316,0.005929038281979518,1,0.2307692307692258,-2.5129139137346588
NEARUSDT,SHORT,1779286500,1779289200,1.667,1.6932857142857145,1.653857142857143,SL,-1.0253673913043477,0.015768274916445352,1,0.22033898305084745,2.6005406323955085
SEIUSDT,SHORT,1779287400,1779298200,0.061,0.061567142857142855,0.06071642857142857,SL,-1.0430226700251888,0.009297423887587841,1,0.08247422680412433,2.0509586834953875
LABUSDT,LONG,1779288300,1779290100,4.0632,3.9377,4.1259500000000005,TP2,0.4870495617529898,0.03088698562709194,1,0.11317008603573868,-2.3523428614334336
SOLUSDT,SHORT,1779288300,1779291000,85.54,86.23714285714287,85.19142857142857,SL,-1.0490803278688523,0.0081499048064398,1,0.2627737226277387,3.043940884454286
AAVEUSDT,SHORT,1779291000,1779294600,88.64,89.58,88.17,TP2,0.4622808510638296,0.010604693140794175,1,0.19261213720316842,2.4720137433515044
DOTUSDT,SHORT,1779291900,1779294600,1.247,1.2604285714285715,1.2402857142857144,TP2,0.4628553191489362,0.010768702027723688,1,0.20754716981131824,2.0196011385881056
BILLUSDT,LONG,1779295500,1779300000,0.097,0.09294142857142858,0.09902928571428572,TP2,0.4904399859204522,0.04184094256259203,1,0.29928610653487137,-2.0133813869942627
ETHUSDT,SHORT,1779298200,1779301800,2144.25,2164.7214285714285,2134.0142857142855,TP2,0.45810258199582415,0.009547127700328131,1,0.1701005025125616,2.0604575216176255
NEARUSDT,SHORT,1779313500,1779316200,1.719,1.7517142857142858,1.7026428571428571,TP2,0.4789816593886497,0.0190309980885897,1,0.20689655172413768,2.5150567932618006
DOTUSDT,LONG,1779315300,1779323400,1.245,1.233714285714286,1.2506428571428572,TP2,0.4558734177215187,0.009064830751577683,1,0.2,-2.060638531081805
ADAUSDT,LONG,1779318900,1779320700,0.2483,0.24678571428571427,0.24905714285714287,TP2,0.4344113207547263,0.0060986134284563755,1,0.18181818181817724,-2.060639775595582
SUIUSDT,SHORT,1779321600,1779323400,1.0792,1.0885571428571428,1.0745214285714284,SL,-1.046133740458015,0.00867044371492112,1,0.27804878048780635,2.4766012045898536
SOLUSDT,SHORT,1779323400,1779327000,86.33,86.85,86.07,SL,-1.066407692307692,0.006023398586818048,1,0.08786610878660824,2.0148663643709637
LINKUSDT,SHORT,1779324300,1779331500,9.684,9.745,9.6535,SL,-1.063501639344263,0.0062990499793473195,1,0.11034482758620462,2.1556805658138827
XLMUSDT,SHORT,1779324300,1779329700,0.1448,0.1457857142857143,0.14430714285714286,SL,-1.058759420289855,0.006807419100236796,1,0.20930232558139686,2.605723534707872
ZECUSDT,LONG,1779329700,1779330600,663.95,650.2714285714286,670.7892857142857,TP2,0.48058422976500886,0.02060180951663744,1,0.18226104485133401,-2.043561937901003
BTCUSDT,LONG,1779408900,1779410700,77399.0,77145.04285714286,77525.97857142857,TP2,0.37809124149181506,0.0032811424289350306,1,0.10374248594143941,-2.8353645371855665
TAOUSDT,LONG,1779408900,1779415200,277.8,275.01428571428573,279.1928571428572,TP2,0.46011076923077954,0.010027769207034895,1,0.26666666666666794,-2.086087794185321
AVAXUSDT,LONG,1779409800,1779416100,9.413,9.36442857142857,9.437285714285714,TP2,0.4224811764705707,0.005160037030854037,1,0.22772277227722268,-2.2745673236559414
NEARUSDT,SHORT,1779411600,1779414300,1.977,2.028571428571429,1.9512142857142858,SL,-1.0153340720221606,0.02608569983380305,1,0.26424870466321254,2.5912981542160565
DOTUSDT,SHORT,1779417900,1779418800,1.306,1.3198571428571428,1.2990714285714287,TP2,0.46230103092783514,0.010610369722161474,1,0.14285714285714157,2.398442004305399
XLMUSDT,SHORT,1779418800,1779424200,0.1475,0.1485,0.147,SL,-1.0590000000000004,0.006779661016949105,1,0.09090909090908747,2.0075726364073336
LABUSDT,LONG,1779419700,1779422400,4.4392,4.362614285714286,4.477492857142856,TP2,0.47681447491139123,0.017252143243312718,1,0.2226865671641804,-2.459521838776609
ADAUSDT,SHORT,1779421500,1779431400,0.2514,0.25305714285714287,0.25057142857142856,TP2,0.4393172413793271,0.006591658142970792,1,0.12000000000000237,2.473589308635629
AAVEUSDT,SHORT,1779423300,1779425100,88.32,88.86714285714285,88.04642857142856,TP2,0.43543185378590077,0.006195005175983435,1,0.16746411483253063,2.4867471081598027
LABUSDT,SHORT,1779425100,1779426000,4.5751,4.690614285714285,4.517342857142857,SL,-1.015842542666337,0.025248472320667358,1,0.16071428571428553,2.3750273774210124
BILLUSDT,LONG,1779427800,1779430500,0.07446,0.07029,0.076545,SL,-1.0071424460431655,0.05600322320709102,1,0.069107551487414,-2.0878393040312226
SOLUSDT,LONG,1779430500,1779435000,86.67,86.21142857142857,86.89928571428571,TP2,0.42439999999998435,0.00529100529100528,1,0.05142857142857421,-2.109514296580902
ETHUSDT,LONG,1779431400,1779435000,2127.01,2118.917142857143,2131.056428571429,TP2,0.3948697616946443,0.0038048044639457054,1,0.12289780077620223,-2.117759058372418
XRPUSDT,LONG,1779431400,1779433200,1.367,1.3597142857142859,1.370642857142857,SL,-1.0750509803921575,0.005329710523565628,1,0.07692307692307561,-2.2631578947368185
HYPEUSDT,LONG,1779434100,1779435000,57.04,56.137142857142855,57.49142857142857,TP2,0.4747291139240506,0.015828491284311744,1,0.2534818941504191,-2.2991552995727162
DOTUSDT,SHORT,1779438600,1779439500,1.334,1.3524285714285715,1.3247857142857145,TP2,0.4710449612403041,0.013814521310773209,1,0.20987654320987315,2.333400781434427
SEIUSDT,SHORT,1779438600,1779439500,0.06424,0.06494571428571429,0.06388714285714286,TP2,0.46358866396761145,0.010985589752713071,1,0.1920903954802259,2.043279947494467
SOLUSDT,SHORT,1779438600,1779439500,87.44,87.98428571428572,87.16785714285714,TP2,0.43573963254591924,0.006224676512874185,1,0.1832061068702332,2.397686882327396
HYPEUSDT,SHORT,1779440400,1779451200,59.22,60.47142857142857,58.59428571428571,SL,-1.0189287671232876,0.02113185699811839,1,0.26770293609671836,2.012059625686164
ZECUSDT,LONG,1779442200,1779444000,648.04,639.9957142857143,652.0621428571428,SL,-1.0322236192505772,0.012413254913717862,1,0.22375397667020053,-2.3133167399026298
AVAXUSDT,LONG,1779444900,1779448500,9.473,9.396857142857144,9.511071428571428,TP2,0.45023564727953785,0.008037882101008847,1,0.1833910034602045,-2.118237554592468
SUIUSDT,SHORT,1779448500,1779449400,1.1116,1.1280428571428571,1.1033785714285713,TP2,0.4729584708948741,0.014792062920886266,1,0.13058419243986052,2.0907092096830064
XLMUSDT,SHORT,1779448500,1779452100,0.1479,0.14902857142857143,0.1473357142857143,SL,-1.0524202531645572,0.007630638462281428,1,0.2,2.2171196155343025
XRPUSDT,LONG,1779449400,1779451200,1.355,1.3465714285714285,1.3592142857142857,TP2,0.4356949152542372,0.006220347917764886,1,0.21052631578947245,-2.087269956147802
TAOUSDT,SHORT,1779450300,1779451200,287.0,291.1,284.95,SL,-1.028,0.014285714285714282,1,0.29629629629629495,2.612881940700619
LABUSDT,LONG,1779451200,1779458400,4.6243,4.4711428571428575,4.7008785714285715,SL,-1.012077268911482,0.033120070682512534,1,0.12355686563498029,-2.190209666086068
AAVEUSDT,SHORT,1779452100,1779455700,88.69,89.38,88.345,SL,-1.0514144927536233,0.007779907543127723,1,0.19033232628399316,2.5888338257795707
ADAUSDT,SHORT,1779452100,1779453000,0.2529,0.2546,0.25205,TP2,0.44049411764707525,0.006722024515618834,1,0.20987654320987806,2.6552382445642353
LINKUSDT,SHORT,1779453000,1779454800,9.905,9.980857142857142,9.867071428571428,SL,-1.052229755178908,0.007658469748323342,1,0.17086834733893405,2.130317337762307
SEIUSDT,SHORT,1779453900,1779457500,0.06476,0.06556999999999999,0.064355,TP2,0.4680197530864282,0.012507720815318056,1,0.23245614035087653,2.1169817319752555
AVAXUSDT,SHORT,1779455700,1779456600,9.581,9.642714285714286,9.550142857142857,TP2,0.4379009259259116,0.006441319874155701,1,0.10153846153845959,2.0916957961411735
BILLUSDT,LONG,1779459300,1779463800,0.07299,0.06909428571428572,0.07493785714285714,SL,-1.0074943894389439,0.053373260524925116,1,0.2778884462151393,-2.0283050260076876
BTCUSDT,LONG,1779459300,1779460200,77033.5,76741.07142857143,77179.71428571429,SL,-1.1053706888128985,0.0037961220953035666,1,0.164303859706635,-2.5775099218142685
SOLUSDT,LONG,1779460200,1779464700,86.58,85.87,86.935,TP2,0.4512225352112774,0.008200508200508176,1,0.20120120120120183,-2.0330245351255636
SEIUSDT,LONG,1779461100,1779469200,0.06353,0.06264571428571429,0.06397214285714287,TP2,0.47126268174475744,0.0139191832879854,1,0.13181818181818072,-2.0195282690148555
ADAUSDT,LONG,1779494400,1779498000,0.2422,0.2399285714285714,0.2433357142857143,TP2,0.45734842767295614,0.009378317801108914,1,0.17037037037036962,-2.682634759410605
AVAXUSDT,LONG,1779494400,1779498900,9.146,9.077000000000002,9.1805,TP2,0.4469797101449274,0.007544281653181699,1,0.2853333333333376,-2.9000411096734444
LINKUSDT,LONG,1779494400,1779517800,9.411,9.318999999999999,9.456999999999999,SL,-1.040917391304348,0.009775794283285491,1,0.20812182741117025,-2.342309579957895
LABUSDT,SHORT,1779499800,1779501600,4.7517,4.841057142857142,4.707021428571428,SL,-1.0212705995203837,0.01880529975738006,1,0.15139773041793358,2.7479658856010056
BILLUSDT,SHORT,1779500700,1779503400,0.09164,0.09708428571428572,0.08891785714285715,TP2,0.49326706901075706,0.05940949055309602,1,0.1268177206628336,2.0615608365174865
ZECUSDT,SHORT,1779506100,1779510600,604.53,615.7285714285714,598.9307142857143,TP2,0.4784068886337492,0.018524426295752724,1,0.2008342022940565,2.033726577703669
HYPEUSDT,SHORT,1779508800,1779510600,55.93,56.931428571428576,55.42928571428571,TP2,0.47765991440798866,0.017905034354167248,1,0.10661764705882326,2.3148960585276557
AAVEUSDT,LONG,1779511500,1779515100,85.72,85.30142857142857,85.92928571428571,SL,-1.0819167235494875,0.00488300779948007,1,0.2063492063492066,-2.110109144956234
NEARUSDT,LONG,1779512400,1779515100,2.063,2.0162857142857145,2.086357142857143,TP2,0.4823351681957187,0.02264386122844687,1,0.07806691449814036,-2.037029838486956
LABUSDT,LONG,1779516000,1779526800,4.571,4.405214285714285,4.653892857142857,TP2,0.4889713054717794,0.036269025221114505,1,0.16901955705219443,-2.3846529036996187
XRPUSDT,LONG,1779516000,1779517800,1.33,1.3235714285714286,1.3332142857142857,TP2,0.41724444444442704,0.004833512352309337,1,0.2499999999999977,-2.028215773406824
BILLUSDT,LONG,1779518700,1779531300,0.08318,0.07582571428571429,0.08685714285714285,TP2,0.49547583527583433,0.08841411053481263,1,0.2541371158392433,-2.377582004229299
BTCUSDT,LONG,1779520500,1779522300,75325.1,75179.88571428572,75397.70714285715,SL,-1.2074867486473193,0.0019278339585913024,1,0.18331537632754147,-2.02246532555975
NEARUSDT,LONG,1779523200,1779525000,2.026,1.9761428571428568,2.0509285714285714,TP2,0.48374555873925734,0.024608658863348048,1,0.28971962616822355,-2.1363180805238544
HYPEUSDT,SHORT,1779525900,1779528600,56.07,57.06428571428572,55.572857142857146,TP2,0.4774431034482723,0.017732935870977608,1,0.035422343324251156,2.3375467527834064
DOTUSDT,SHORT,1779541200,1779542100,1.222,1.2297142857142858,1.2181428571428572,SL,-1.0633629629629633,0.006312836100070122,1,0.2941176470588158,2.6098196869292267
XLMUSDT,SHORT,1779541200,1779542100,0.1422,0.14288571428571425,0.14185714285714285,SL,-1.0829500000000014,0.0048221820373718265,1,0.2857142857142904,2.0892524544064357
AAVEUSDT,SHORT,1779542100,1779545700,83.84,84.31857142857143,83.60071428571429,SL,-1.0700752238805966,0.005708151581243223,1,0.18705035971223383,2.7613810358632906
ETHUSDT,SHORT,1779543900,1779547500,2038.99,2046.9442857142858,2035.0128571428572,SL,-1.1025354166666665,0.0039010910864132357,1,0.26998577524893447,2.022894446698325
TAOUSDT,SHORT,1779543900,1779545700,262.1,264.3714285714286,260.9642857142857,SL,-1.0461559748427671,0.008666266964626386,1,0.1456310679611641,2.0497237212139283
LABUSDT,LONG,1779582600,1779585300,4.2945,4.195500000000001,4.344,TP2,0.4826484848484892,0.023052741879147673,1,0.1484637232119811,-2.295992464163227
HYPEUSDT,SHORT,1779584400,1779586200,59.87,60.92857142857142,59.340714285714284,SL,-1.0226229419703103,0.017681166336586392,1,0.24825174825174706,2.0534463953090056
ETHUSDT,SHORT,1779588900,1779589800,2122.95,2132.3542857142857,2118.247857142857,TP2,0.40970287103144515,0.0044298196916016715,1,0.22370286362346678,2.038199357118054
BILLUSDT,LONG,1779590700,1779600600,0.0949,0.09058285714285715,0.09705857142857142,TP2,0.4912071475843812,0.0454914948065633,1,0.012575177692728702,-2.2406534179474775
DOTUSDT,LONG,1779594300,1779596100,1.282,1.2711428571428571,1.2874285714285714,TP2,0.4527684210526213,0.00846891018497881,1,0.2857142857142857,-2.3128994038585873
LINKUSDT,LONG,1779594300,1779596100,9.525,9.465142857142858,9.554928571428572,TP2,0.4363484486873655,0.006284214473190832,1,0.15492957746478428,-2.458640437929529
TAOUSDT,LONG,1779597000,1779597900,277.1,273.9428571428572,278.67857142857144,TP2,0.46489230769230755,0.011393514460999076,1,0.19718309859155025,-2.4077773029542207
SUIUSDT,LONG,1779599700,1779606000,1.0563,1.0457,1.0616,TP2,0.46013962264151975,0.010035027927672038,1,0.17460317460317223,-2.302949492093537
NEARUSDT,LONG,1779600600,1779606000,2.35,2.2845714285714287,2.3827142857142856,TP2,0.48563318777292236,0.02784194528875373,1,0.23300970873786583,-2.3862027366160805
BTCUSDT,LONG,1779601500,1779602400,76611.7,76390.9857142857,76722.05714285714,TP2,0.36115678964401293,0.0028809475016777558,1,0.158284272497893,-2.1799839586185543
HYPEUSDT,SHORT,1779602400,1779603300,61.3,62.347142857142856,60.77642857142857,TP2,0.47658390177353344,0.017082265206245627,1,0.13426853707414754,2.3685941468994915
BTCUSDT,SHORT,1779606000,1779608700,76953.9,77187.22857142857,76837.2357142857,TP2,0.36807633625176284,0.0030320564835385343,1,0.04709180098107667,2.278152394596391
ETHUSDT,SHORT,1779606000,1779607800,2127.15,2136.0042857142857,2122.7228571428573,TP2,0.403904162633106,0.004162511207148337,1,0.08126934984519726,2.3703544656498967
LINKUSDT,SHORT,1779606000,1779606900,9.598,9.66757142857143,9.563214285714286,TP2,0.4448164271047226,0.007248533920757275,1,0.03448275862069207,2.1010984076825725
BILLUSDT,LONG,1779607800,1779609600,0.09278,0.08947142857142858,0.09443428571428572,TP2,0.48878307426597795,0.03566039478951744,1,0.16745655608214838,-2.294774149888769
ZECUSDT,LONG,1779607800,1779612300,628.94,620.2071428571429,633.3064285714286,TP2,0.4711920170129168,0.013885040135556876,1,0.12929707542329452,-2.2329794793504476
LABUSDT,LONG,1779608700,1779614100,4.216,4.116357142857144,4.265821428571429,TP2,0.4830755555555599,0.023634453781512535,1,0.21840193704600397,-2.259423860181017
SEIUSDT,SHORT,1779613200,1779620400,0.06181,0.062241428571428566,0.06159428571428571,TP2,0.4426927152317879,0.006979915408972168,1,0.07623318385650155,2.0006693230397024
BILLUSDT,SHORT,1779614100,1779615000,0.10264,0.10802999999999999,0.09994499999999999,TP2,0.49238293135436123,0.05251363990646916,1,0.2418096723868962,2.944788879443651
XRPUSDT,SHORT,1779614100,1779625800,1.364,1.3707142857142858,1.3606428571428573,TP2,0.41874042553191515,0.004922496857980745,1,0.15151515151515438,2.51696093499375
ZECUSDT,SHORT,1779615900,1779619500,644.31,654.8357142857143,639.0471428571428,TP2,0.4755148208469002,0.016336413039863284,1,0.12415856394914222,2.2305288370114376
ADAUSDT,LONG,1779625800,1779626700,0.2441,0.24280000000000002,0.24475000000000002,TP2,0.42489230769231856,0.005325686194182727,1,0.19230769230768902,-3.1704347839831035
AVAXUSDT,LONG,1779625800,1779628500,9.292,9.238999999999999,9.3185,TP2,0.42987169811320763,0.005703831252690493,1,0.1764705882352979,-2.9669847257406703
DOTUSDT,LONG,1779625800,1779626700,1.268,1.2581428571428572,1.2729285714285714,TP2,0.448544927536232,0.007773771969355585,1,0.15789473684210342,-2.874420825482417
NEARUSDT,SHORT,1779628500,1779633000,2.406,2.459857142857143,2.3790714285714287,TP2,0.4821305039787798,0.022384514903218106,1,0.137096774193548,2.1064804249315663
LINKUSDT,LONG,1779629400,1779631200,9.519,9.457285714285714,9.549857142857142,SL,-1.0616972222222225,0.006483274053396945,1,0.1808118081180764,-2.1933224781243106
SOLUSDT,LONG,1779629400,1779632100,86.12,85.56428571428572,86.39785714285715,SL,-1.061988688946015,0.006452790126733509,1,0.0859728506787328,-2.058943283475896
SUIUSDT,LONG,1779629400,1779632100,1.0517,1.0403428571428572,1.0573785714285715,SL,-1.0370410062893083,0.01079884269006641,1,0.1496062992125952,-2.1553497484602904
AAVEUSDT,LONG,1779632100,1779633000,85.53,84.65142857142857,85.96928571428572,SL,-1.0389404878048778,0.01027208498271289,1,0.29411764705882526,-3.0253811150170504
HYPEUSDT,LONG,1779674400,1779675300,60.96,59.73285714285714,61.57357142857143,TP2,0.48012945285215075,0.02013029621297337,1,0.2429022082018933,-2.269695124572713
NEARUSDT,LONG,1779677100,1779685200,2.353,2.285,2.387,TP2,0.4861588235294085,0.02889927751806199,1,0.11309523809523758,-2.0905952559084398
TAOUSDT,LONG,1779678900,1779684300,271.4,268.3285714285714,272.93571428571425,TP2,0.46465488372093006,0.011316980734814132,1,0.15294117647058958,-2.543953245090742
SEIUSDT,SHORT,1779684300,1779687900,0.06128,0.06179428571428572,0.06102285714285714,SL,-1.047662222222222,0.008392390898918344,1,0.18571428571428533,2.2220858132425785
XLMUSDT,SHORT,1779684300,1779687900,0.148,0.14894285714285713,0.14752857142857143,SL,-1.0627878787878788,0.0063706563706563656,1,0.11538461538461374,2.071072210600746
AVAXUSDT,SHORT,1779685200,1779689700,9.248,9.308,9.218,SL,-1.0616533333333336,0.006487889273356373,1,0.09446254071661143,2.0220347948623965
SUIUSDT,SHORT,1779688800,1779690600,1.0449,1.0556285714285714,1.0395357142857142,TP2,0.46104234354194407,0.010267558071175636,1,0.2382608695652159,2.330549918072215
BTCUSDT,LONG,1779755400,1779756300,77091.1,76816.87142857144,77228.21428571429,SL,-1.1124479474890607,0.0035572014334802615,1,0.24342160927320589,-2.022567779692786
HYPEUSDT,LONG,1779755400,1779756300,60.63,59.885714285714286,61.00214285714286,SL,-1.0325842610364684,0.0122758653189133,1,0.2878048780487823,-2.6556387524666594
ZECUSDT,LONG,1779756300,1779761700,640.61,628.9342857142857,646.4478571428572,SL,-1.0219467514988376,0.018225931980010178,1,0.28396672647202553,-2.2937416494451375
NEARUSDT,LONG,1779757200,1779764400,2.717,2.6461428571428574,2.7524285714285712,TP2,0.4846620967741904,0.02607918397392077,1,0.13931888544891602,-2.2425277006725826
TAOUSDT,LONG,1779759900,1779768900,275.4,270.57142857142856,277.8142857142857,TP2,0.477185798816568,0.017532939101566503,1,0.2513966480446931,-2.5430073049155872
NEARUSDT,LONG,1779840000,1779841800,2.551,2.4890000000000003,2.582,TP2,0.48354193548386726,0.024304194433555353,1,0.18248175182481743,-3.188720055063478
TAOUSDT,LONG,1779840000,1779840900,278.2,274.5857142857143,280.00714285714287,TP2,0.4692110671936837,0.012991681215980258,1,0.10344827586206581,-2.117071905289076
ADAUSDT,SHORT,1779840900,1779848100,0.2408,0.2424142857142857,0.23999285714285712,TP2,0.44033274336284045,0.006703844328429049,1,0.23076923076923023,2.1700926997668173
DOTUSDT,SHORT,1779841800,1779848100,1.257,1.2717142857142854,1.249642857142857,TP2,0.4658291262135994,0.011705875667689382,1,0.146666666666668,2.102480245584408
SEIUSDT,SHORT,1779842700,1779844500,0.06694,0.06824714285714285,0.06628642857142858,SL,-1.0204843715846994,0.019527081821673946,1,0.21643835616438328,2.020486171006112
BILLUSDT,LONG,1779845400,1779849000,0.0886,0.08568857142857143,0.09005571428571428,SL,-1.012172718351325,0.03286036762334728,1,0.144827586206897,-2.487133833776613
XRPUSDT,LONG,1779849900,1779851700,1.328,1.3217142857142858,1.3311428571428572,TP2,0.41549090909090913,0.004733218588640279,1,0.24999999999999306,-2.008048322256174
ZECUSDT,LONG,1779849900,1779851700,563.89,551.9071428571428,569.8814285714286,TP2,0.4811767763471674,0.021250345178770936,1,0.22926649465536314,-2.2968907579569056
AAVEUSDT,LONG,1779854400,1779856200,85.22,84.61285714285714,85.52357142857143,SL,-1.0561449411764705,0.007124417474100647,1,0.19572953736654786,-2.5299896668167094
BTCUSDT,LONG,1779854400,1779857100,75630.4,75343.02857142857,75774.08571428571,SL,-1.1052719825014925,0.0037996814584006604,1,0.20552961640575151,-2.168683031332368
ADAUSDT,LONG,1779856200,1779857100,0.2389,0.2374,0.23965,SL,-1.063706666666667,0.006278777731268285,1,0.1666666666666682,-2.149787442525916
AVAXUSDT,LONG,1779857100,1779858000,9.076,9.017857142857144,9.10507142857143,TP2,0.4375606879607033,0.00640622048731348,1,0.252173913043477,-2.5625248058455634
XLMUSDT,SHORT,1779929100,1779934500,0.1717,0.17747142857142856,0.1688142857142857,SL,-1.0119,0.03361344537815123,1,0.1843575418994412,2.2487279962361684
BILLUSDT,SHORT,1779930900,1779931800,0.08035,0.08201857142857144,0.07951571428571429,TP2,0.4807380136986302,0.020766290336918854,1,0.14219114219114246,2.3510055785956174
ADAUSDT,LONG,1779939000,1779940800,0.2345,0.23214285714285715,0.2356785714285714,SL,-1.0397939393939395,0.010051781906792526,1,0.294117647058821,-3.3930355664699565
AVAXUSDT,LONG,1779939000,1779940800,8.953,8.863999999999999,8.997499999999999,SL,-1.040238202247191,0.009940801965821502,1,0.23600973236009767,-3.1877275383552557
HYPEUSDT,LONG,1779939900,1779953400,57.47,56.48428571428571,57.96285714285714,TP2,0.4766788405797065,0.017151805911158596,1,0.1725888324873106,-2.6736706699751145
BILLUSDT,SHORT,1780012800,1780014600,0.08406,0.08641142857142857,0.08288428571428572,TP2,0.4857006075334114,0.027973216410047227,1,0.07717041800643094,2.9002599485971805
XLMUSDT,LONG,1780016400,1780024500,0.1975,0.18914285714285714,0.20167857142857143,TP2,0.4905470085470069,0.04231464737793857,1,0.10539845758354739,-2.414055561267942
BTCUSDT,LONG,1780021800,1780031700,73356.3,73037.52857142857,73515.68571428572,TP2,0.40795122344716356,0.004345522178346369,1,0.29613247136213333,-2.0589269412029743
HYPEUSDT,LONG,1780021800,1780024500,60.72,59.462857142857146,61.348571428571425,TP2,0.48067999999999994,0.020703933747411966,1,0.21555915721231833,-2.7230098174712376
ZECUSDT,LONG,1780026300,1780034400,533.98,521.2042857142857,540.3678571428571,TP2,0.48328140445040374,0.023925454671924626,1,0.19165952584975574,-2.2442889282199747
LINKUSDT,LONG,1780027200,1780030800,8.941,8.883428571428572,8.969785714285715,TP2,0.4378789081885854,0.006439036860689898,1,0.1958762886597913,-2.0346071197651563
LABUSDT,SHORT,1780030800,1780032600,4.4698,4.639871428571428,4.384764285714286,SL,-1.010512759344813,0.03804900187288658,1,0.12064777327935193,2.1438757567450413
ADAUSDT,SHORT,1780035300,1780040700,0.236,0.2377,0.23514999999999997,TP2,0.44447058823530267,0.0072033898305085215,1,0.14851485148514867,2.1267547325845264
XRPUSDT,SHORT,1780035300,1780040700,1.316,1.326,1.311,TP2,0.4473600000000113,0.007598784194528906,1,0.16279069767442075,2.1371868349696075
AAVEUSDT,SHORT,1780038000,1780040700,81.7,82.24857142857144,81.42571428571429,TP2,0.44042708333332065,0.006714460570029755,1,0.1675675675675693,2.181822978691302
SUIUSDT,LONG,1780040700,1780041600,0.9146,0.9058999999999999,0.9189499999999999,TP2,0.45794942528734994,0.00951235512792477,1,0.1123809523809527,-2.3305359812314035
HYPEUSDT,SHORT,1780041600,1780050600,62.85,63.77142857142857,62.38928571428572,TP2,0.4727162790697636,0.014660756904193648,1,0.18350515463917558,2.348045665034035
SEIUSDT,SHORT,1780043400,1780051500,0.0675,0.06852714285714287,0.06698642857142857,TP2,0.4737134909596663,0.01521693121693128,1,0.23277467411545585,2.4752590551701976
XLMUSDT,SHORT,1780044300,1780047000,0.2175,0.22847142857142858,0.2120142857142857,TP2,0.4920703125,0.050443349753694564,1,0.1688804554079701,2.30240130491712
BILLUSDT,SHORT,1780047900,1780056000,0.07237,0.07442571428571429,0.07134214285714287,TP2,0.4859182765809556,0.028405614007382663,1,0.0949074074074076,2.037280725002684
LABUSDT,SHORT,1780051500,1780054200,5.567,6.005271428571429,5.3478642857142855,SL,-1.0050808696502493,0.07872668018168284,1,0.20638669752940642,2.406282586376509
AVAXUSDT,LONG,1780055100,1780056000,8.875,8.828571428571427,8.898214285714285,SL,-1.0764615384615377,0.0052313883299799245,1,0.25517241379309896,-2.10998606770729
LINKUSDT,LONG,1780055100,1780057800,8.954,8.907285714285715,8.977357142857144,SL,-1.0766703363914365,0.005217141580778,1,0.24822695035460304,-2.1417782205207514
SOLUSDT,LONG,1780055100,1780058700,81.83,81.43857142857142,82.02571428571429,SL,-1.0836218978102188,0.004783436043365181,1,0.1928251121076248,-2.298690690538857
DOTUSDT,LONG,1780056900,1780065000,1.196,1.1847142857142856,1.201642857142857,SL,-1.0423898734177217,0.009436215957955057,1,0.2923076923076925,-2.353190813564339
AAVEUSDT,LONG,1780058700,1780059600,81.04,80.30428571428571,81.40785714285715,TP2,0.4559394174757283,0.009078409251163481,1,0.1928783382789314,-2.2170966542850143
SEIUSDT,SHORT,1780099200,1780100100,0.06602,0.06693857142857143,0.06556071428571428,SL,-1.0287489891135302,0.013913532695719953,1,0.17916666666666872,2.0222842142923287
TAOUSDT,SHORT,1780100100,1780103700,251.9,255.34285714285716,250.17857142857144,TP2,0.4707336099585021,0.013667555152271306,1,0.1609195402298854,2.0472850607781923
XRPUSDT,SHORT,1780101000,1780102800,1.332,1.3424285714285715,1.3267857142857142,SL,-1.0510904109589039,0.007829257829257872,1,0.24324324324324098,2.2109254860555025
ADAUSDT,SHORT,1780101900,1780105500,0.2346,0.23668571428571428,0.23355714285714285,SL,-1.0449917808219178,0.008890512726829863,1,0.1881188118811872,2.6224718283645467
AAVEUSDT,SHORT,1780103700,1780112700,83.29,83.97142857142858,82.94928571428572,TP2,0.4511085953878405,0.008181397183678338,1,0.21179624664879662,2.707032695634771
AVAXUSDT,SHORT,1780104600,1780107300,8.913,8.966142857142858,8.88642857142857,SL,-1.0670870967741932,0.005962398422849476,1,0.24260355029585295,2.7002342413378027
DOTUSDT,SHORT,1780106400,1780110900,1.209,1.2197142857142858,1.2036428571428572,SL,-1.0451359999999998,0.008862105636299206,1,0.18518518518518517,2.1505571774898407
LABUSDT,SHORT,1780108200,1780110900,6.6699,6.980328571428571,6.514685714285714,SL,-1.0085944408651635,0.04654171298348872,1,0.25281055467806357,2.063639624168924
HYPEUSDT,SHORT,1780185600,1780188300,68.31,69.2357142857143,67.84714285714286,SL,-1.0295166666666666,0.013551665725578806,1,0.02262443438913905,2.2663220660760532
BILLUSDT,SHORT,1780187400,1780189200,0.07421,0.07551714285714285,0.07355642857142856,SL,-1.0227090710382514,0.01761410668566037,1,0.19337016574585586,2.095745666893552
LABUSDT,SHORT,1780189200,1780190100,8.1597,8.453671428571429,8.012714285714287,TP2,0.4888972883662163,0.036027234894840325,1,0.29586757032327676,2.0302627241324207
BTCUSDT,SHORT,1780190100,1780194600,74105.4,74318.75714285714,73998.72142857143,TP2,0.36106788081683905,0.002879103855550916,1,0.22794672028146545,2.6580479635437966
TAOUSDT,SHORT,1780190100,1780198200,257.6,260.1,256.35,SL,-1.041216,0.009704968944099394,1,0.27419354838709753,2.2673766464259884
ZECUSDT,SHORT,1780191000,1780194600,540.93,549.3628571428571,536.7135714285714,TP2,0.47434179230898876,0.015589553441031476,1,0.2453062480763276,2.635100135970813
ETHUSDT,SHORT,1780196400,1780207200,2033.36,2042.4071428571428,2028.8364285714285,TP2,0.4100993525974928,0.004449356167694298,1,0.25927947598253365,2.055800793489137
AAVEUSDT,SHORT,1780197300,1780208100,83.35,83.92142857142856,83.0642857142857,TP2,0.44165500000001245,0.0068557717028022965,1,0.2000000000000021,2.0521185518345617
NEARUSDT,SHORT,1780200000,1780201800,2.276,2.3084285714285713,2.259785714285714,SL,-1.0280740088105726,0.014248054230479505,1,0.06382978723404202,2.0908081763342947
SEIUSDT,SHORT,1780202700,1780206300,0.06709,0.06778857142857142,0.06674071428571428,SL,-1.0384155419222905,0.010412452356110082,1,0.2651757188498423,2.8698396492055234
LABUSDT,SHORT,1780273800,1780276500,9.9282,10.605657142857144,9.589471428571429,SL,-1.0058620387162076,0.06823564622561419,1,0.24892942368670556,2.389046666411515
BILLUSDT,SHORT,1780278300,1780284600,0.08155,0.08352,0.080565,SL,-1.0165583756345178,0.024156958920907412,1,0.06944444444444355,2.549291546975644
BTCUSDT,LONG,1780278300,1780281900,73456.6,73040.72857142858,73664.53571428572,TP2,0.4293468173542817,0.005661457630375286,1,0.14904013961605542,-2.0146172714014794
ADAUSDT,LONG,1780279200,1780280100,0.2331,0.23097142857142858,0.2341642857142857,TP2,0.4561959731543624,0.009131580560151986,1,0.05617977528089916,-2.013428637227694
ETHUSDT,LONG,1780279200,1780280100,1994.19,1978.4014285714286,2002.084285714286,TP2,0.44947763300760796,0.007917285428455425,1,0.19739770587227987,-2.7044040929282684
AAVEUSDT,LONG,1780296300,1780297200,81.0,80.24285714285715,81.37857142857143,TP2,0.45720754716982087,0.009347442680776034,1,0.1379310344827591,-2.277044052349433
BTCUSDT,LONG,1780296300,1780297200,72976.8,72615.27142857143,73157.5642857143,TP2,0.41925750187697153,0.004954020612421661,1,0.14080590525304865,-2.1390631976523324
DOTUSDT,LONG,1780296300,1780316100,1.167,1.1507142857142858,1.1751428571428573,SL,-1.0286631578947367,0.013955196474476718,1,0.09589041095890302,-2.0899196566825817
XLMUSDT,LONG,1780299900,1780311600,0.2582,0.2478142857142857,0.26339285714285715,TP2,0.4900555708390673,0.04022352550625207,1,0.23333333333333386,-2.065553538340453
HYPEUSDT,LONG,1780307100,1780308000,71.86,70.36285714285714,72.60857142857142,TP2,0.4808007633587739,0.020834161663552182,1,0.257142857142857,-2.112132539698515
HYPEUSDT,SHORT,1780313400,1780316100,73.57,75.05571428571429,72.82714285714285,TP2,0.48019269230769235,0.020194566884793923,1,0.10259917920656632,2.164589517384824
AAVEUSDT,LONG,1780316100,1780317000,80.32,79.64714285714284,80.65642857142856,TP2,0.4522513800424527,0.008377205463858915,1,0.2500000000000021,-2.8152075715109395
SOLUSDT,LONG,1780316100,1780317000,80.48,79.94857142857143,80.74571428571429,TP2,0.4394236559139651,0.006603237716557794,1,0.29411764705882354,-2.248267443806468
NEARUSDT,SHORT,1780317000,1780318800,2.393,2.464,2.3575,TP2,0.48651830985915184,0.02966987045549522,1,0.21739130434782644,3.1558369359652203
ADAUSDT,LONG,1780319700,1780320600,0.229,0.22677142857142857,0.23011428571428572,TP2,0.45889743589742993,0.009731752963194064,1,0.19540229885057142,-2.833739369834388
AVAXUSDT,LONG,1780319700,1780320600,8.769,8.683142857142858,8.811928571428572,TP2,0.45914608985025973,0.009790984474528735,1,0.02917771883289387,-2.3914848730602896
DOTUSDT,LONG,1780319700,1780322400,1.149,1.1348571428571428,1.1560714285714286,SL,-1.0324969696969697,0.012308839985080191,1,0.214285714285716,-2.1891248972766846
XRPUSDT,LONG,1780321500,1780325100,1.293,1.2811428571428571,1.2989285714285714,SL,-1.0436192771084338,0.009170257430118216,1,0.21951219512195333,-2.618939134218118
ETHUSDT,LONG,1780322400,1780334100,1970.63,1950.3985714285716,1980.7457142857145,TP2,0.4610382431859964,0.010266477507918086,1,0.23833167825223558,-2.239208406451801
HYPEUSDT,LONG,1780323300,1780327800,70.96,69.02285714285713,71.92857142857142,TP2,0.48534749262536503,0.027299081977774177,1,0.20819848975188832,-2.487425176306324
XLMUSDT,LONG,1780326000,1780331400,0.2474,0.23740000000000003,0.2524,TP2,0.4901040000000014,0.04042037186742115,1,0.17171717171717257,-2.112961028189596
LABUSDT,SHORT,1780326900,1780329600,16.0785,17.879942857142854,15.17777857142857,TP2,0.4964298617774641,0.11204047996659246,1,0.08118133252696288,2.0727164605126345
BILLUSDT,SHORT,1780328700,1780329600,0.09064,0.09382428571428571,0.08904785714285714,TP2,0.48861408703454684,0.035131131004917396,1,0.2312138728323707,2.243851815700475
SEIUSDT,SHORT,1780331400,1780335900,0.06735,0.06883571428571428,0.06660714285714285,SL,-1.0181326923076923,0.022059603351362773,1,0.11986301369862828,2.0333186474188087
TAOUSDT,SHORT,1780333200,1780343100,251.4,255.92857142857142,249.1357142857143,SL,-1.0222056782334386,0.018013410614842556,1,0.14720812182741175,2.023063435264827
NEARUSDT,SHORT,1780334100,1780338600,2.473,2.5649999999999995,2.427,SL,-1.0107521739130434,0.037201779215527635,1,0.21763085399449086,2.561616261727976
ZECUSDT,SHORT,1780338600,1780349400,556.5,570.5214285714286,549.4892857142858,TP2,0.48412429954151404,0.025195738672827588,1,0.2717184527584016,2.2869171611951753
BILLUSDT,LONG,1780358400,1780364700,0.08902,0.08554,0.09076000000000001,TP2,0.489767816091956,0.03909233880026963,1,0.06496815286624247,-2.3057330445846644
ADAUSDT,LONG,1780363800,1780366500,0.2283,0.2260285714285714,0.2294357142857143,SL,-1.0402037735849055,0.009949314811338499,1,0.28155339805825097,-2.1209187262414626
AAVEUSDT,LONG,1780364700,1780366500,79.09,78.16571428571429,79.55214285714285,SL,-1.034227511591963,0.011686505427812771,1,0.29257641921397737,-2.1433496699048358
AVAXUSDT,LONG,1780365600,1780366500,8.771,8.672571428571429,8.820214285714286,SL,-1.0356441219158201,0.011222046679805201,1,0.27659574468084963,-2.8928777014096982
XLMUSDT,SHORT,1780446600,1780448400,0.228,0.23422857142857142,0.2248857142857143,TP2,0.4853577981651376,0.027318295739348335,1,0.2777777777777778,2.6224402724287454
ZECUSDT,SHORT,1780447500,1780449300,635.76,662.1714285714286,622.5542857142857,TP2,0.4903714409346603,0.04154308004817626,1,0.24140630095884122,2.346000029389355
BILLUSDT,SHORT,1780455600,1780469100,0.08459,0.08707714285714285,0.08334642857142857,SL,-1.0136043653072946,0.029402327191663986,1,0.14363143631436212,2.5054541902689635
BTCUSDT,LONG,1780457400,1780459200,66129.0,65430.25714285715,66478.37142857142,SL,-1.0378559862610404,0.01056636055501908,1,0.1930921615085876,-2.5339318563926145
AAVEUSDT,LONG,1780458300,1780459200,72.47,71.34571428571428,73.03214285714286,TP2,0.47421651842439644,0.015513808669597283,1,0.08345534407027928,-2.321781940675232
ADAUSDT,LONG,1780458300,1780459200,0.2079,0.2052142857142857,0.20924285714285715,TP2,0.46903617021276595,0.012918298632584336,1,0.21505376344086036,-3.1559873802024443
HYPEUSDT,SHORT,1780461900,1780504200,72.32,74.12857142857142,71.41571428571427,TP2,0.484005055292263,0.025007901390644776,1,0.2438785504407447,2.2326076365903194
NEARUSDT,SHORT,1780462800,1780483500,2.821,2.928571428571429,2.7672142857142856,SL,-1.0104897742363879,0.038132374537904565,1,0.2622061482820975,2.2137424342488123
LABUSDT,SHORT,1780471800,1780484400,15.431,17.08342857142857,14.604785714285713,SL,-1.003735350566266,0.10708499588027813,1,0.18176780271543372,2.9102629117163348
BILLUSDT,LONG,1780483500,1780484400,0.08295,0.08060714285714285,0.08412142857142857,TP2,0.4858378048780488,0.028244209076035476,1,0.1992551210428298,-2.2567230400151668
ZECUSDT,LONG,1780483500,1780486200,599.62,582.5699999999999,608.145,TP2,0.4859326686216976,0.02843467529435315,1,0.23679822123401828,-2.459617230693574
AVAXUSDT,SHORT,1780484400,1780488000,8.35,8.423142857142857,8.31342857142857,TP2,0.4543359375000121,0.00875962360992302,1,0.1880108991825583,2.145082711463283
AAVEUSDT,LONG,1780533000,1780533900,73.26,71.90857142857143,73.9357142857143,TP2,0.47831627906977275,0.018447018447018515,1,0.233689205219454,-2.5173816816759915
AVAXUSDT,LONG,1780533000,1780533900,7.942,7.801,8.012500000000001,TP2,0.4774695035461057,0.017753714429614757,1,0.21780986762936216,-2.2461249078874537
NEARUSDT,LONG,1780533000,1780533900,2.774,2.6697142857142855,2.826142857142857,TP2,0.4893599999999979,0.037593984962406034,1,0.21951219512195141,-2.182671475016234
SOLUSDT,LONG,1780535700,1780538400,70.14,68.80285714285715,70.80857142857143,SL,-1.0209820512820513,0.019063912990345808,1,0.2938005390835569,-2.3315051082334937
BILLUSDT,LONG,1780536600,1780539300,0.08406,0.08108714285714286,0.08554642857142856,SL,-1.0113103315713599,0.035365895108935785,1,0.2114564290067039,-2.604914436875782
DOTUSDT,LONG,1780536600,1780537500,1.064,1.0390000000000001,1.0765,TP2,0.482976,0.02349624060150376,1,0.18309859154929634,-2.839015725590677
LABUSDT,SHORT,1780537500,1780539300,16.189,17.225428571428573,15.670785714285714,TP2,0.493752005513439,0.06402054304951331,1,0.18066047917116368,2.0270729821393987
ETHUSDT,LONG,1780538400,1780539300,1759.35,1725.3285714285712,1776.3607142857143,SL,-1.020685198404367,0.019337498832766996,1,0.18782435129740538,-2.1131691140423445
ZECUSDT,LONG,1780539300,1780540200,585.63,558.0585714285714,599.4157142857143,TP2,0.4915038134715047,0.04707994565071562,1,0.29882432546731064,-2.895752413505527
XLMUSDT,SHORT,1780542900,1780543800,0.2204,0.22841428571428574,0.21639285714285716,TP2,0.4889996434937594,0.03636245786880994,1,0.24226804123711423,2.5590172339817197
NEARUSDT,LONG,1780548300,1780552800,2.655,2.5104285714285712,2.7272857142857143,SL,-1.0073458498023715,0.05445251546946465,1,0.1980319803198034,-2.092155930116962
HYPEUSDT,LONG,1780554600,1780556400,71.33,69.6242857142857,72.18285714285715,SL,-1.0167273031825796,0.02391299993991711,1,0.11645813282001864,-2.0720274548762827
ZECUSDT,LONG,1780557300,1780561800,583.38,560.6371428571429,594.7514285714285,SL,-1.0102604522613066,0.03898463633113431,1,0.05772162927466824,-2.0185995931077887
ADAUSDT,LONG,1780560000,1780564500,0.1946,0.1912142857142857,0.19629285714285713,SL,-1.022990717299578,0.01739832623696961,1,0.17499999999999996,-2.147914841446599
TAOUSDT,LONG,1780560000,1780563600,215.3,210.17142857142858,217.86428571428573,TP2,0.48320779944289693,0.023820582575807842,1,0.18918918918918903,-2.036007623014661
LABUSDT,LONG,1780620300,1780637400,10.956,9.157714285714286,11.855142857142857,TP2,0.49756301239275547,0.16413706775152553,1,0.1919741100323626,-2.051073370044643
BILLUSDT,SHORT,1780623900,1780629300,0.07932,0.08285000000000001,0.077555,TP2,0.4910118980169972,0.044503277861825556,1,0.1351968054763259,2.1938830463246055
ETHUSDT,LONG,1780625700,1780629300,1746.26,1724.7357142857143,1757.0221428571429,SL,-1.0324519015066038,0.012325934118794277,1,0.2505732066819529,-2.2463513035976663
SUIUSDT,LONG,1780625700,1780628400,0.7528,0.7354714285714287,0.7614642857142857,SL,-1.0173770816158285,0.023018824958251072,1,0.18728717366628816,-2.061087374868301
AAVEUSDT,LONG,1780629300,1780630200,68.9,67.70428571428572,69.49785714285714,TP2,0.47695101553165475,0.01735434376943812,1,0.2101341281669143,-2.2983840563413724
AVAXUSDT,LONG,1780630200,1780633800,7.407,7.267714285714286,7.476642857142857,TP2,0.4787286153846154,0.018804605681883958,1,0.28445747800586524,-2.050859214214654
HYPEUSDT,LONG,1780631100,1780632900,62.24,60.18,63.27,TP2,0.48791456310679615,0.03309768637532137,1,0.20402010050251235,-2.3064549126353446
BTCUSDT,LONG,1780640100,1780641000,62052.7,61128.35714285714,62514.87142857142,SL,-1.0268526768051434,0.014896094080400312,1,0.27032563697665535,-2.013322385487053
BILLUSDT,LONG,1780642800,1780660800,0.07602,0.07240428571428571,0.07782785714285714,SL,-1.0084099565389175,0.047562671477430776,1,0.22921522921522916,-2.3280920420677322
NEARUSDT,LONG,1780642800,1780671600,2.085,1.9844285714285714,2.1352857142857142,SL,-1.0082926136363637,0.048235697156560446,1,0.2510638297872337,-2.0315504828581683
XLMUSDT,LONG,1780642800,1780651800,0.1912,0.18441428571428573,0.19459285714285715,TP2,0.4887292631578947,0.035490137477585164,1,0.21533923303834837,-2.42042176610359
LABUSDT,LONG,1780655400,1780660800,10.415,9.447,10.899,TP2,0.4956962809917355,0.09294287085933745,1,0.17522412387938102,-2.661857120712991
AAVEUSDT,LONG,1780661700,1780667100,65.8,64.41142857142857,66.49428571428571,SL,-1.0189547325102881,0.021102909248805903,1,0.21034077555816746,-2.1059832850200184
HYPEUSDT,SHORT,1780664400,1780668000,62.46,63.99857142857143,61.690714285714286,TP2,0.4837615598885794,0.024632907918210503,1,0.05860113421550146,2.108225056280815
ADAUSDT,LONG,1780668000,1780669800,0.1596,0.1548285714285714,0.1619857142857143,TP2,0.48662035928143715,0.029896168993913418,1,0.18552036199095132,-2.4714311575907773
SUIUSDT,LONG,1780668000,1780668900,0.6972,0.6774428571428572,0.7070785714285714,TP2,0.48588459869848155,0.02833784116056058,1,0.209523809523809,-2.950589264608013
LABUSDT,SHORT,1780668900,1780670700,11.778,12.611428571428572,11.361285714285716,SL,-1.005652793966404,0.07076146811246144,1,0.20481927710843367,2.7744183712836534
HYPEUSDT,LONG,1780672500,1780674300,60.43,58.18714285714286,61.55142857142857,SL,-1.0107773248407643,0.0371149618212335,1,0.1378848728246323,-2.591059309822016
NEARUSDT,LONG,1780672500,1780676100,1.944,1.8597142857142857,1.986142857142857,SL,-1.0092257627118644,0.043356848912404426,1,0.23118279569892414,-2.923075959816462
SOLUSDT,LONG,1780672500,1780677000,64.38,62.56285714285713,65.28857142857143,TP2,0.4858283018867945,0.02822526960458003,1,0.2722513089005233,-2.0305392494113677
HYPEUSDT,SHORT,1780706700,1780709400,60.9,62.605714285714285,60.04714285714286,TP2,0.485718592964822,0.028008444757213223,1,0.2453222453222455,2.2371341802951203
SUIUSDT,SHORT,1780707600,1780709400,0.7268,0.7457428571428572,0.7173285714285714,TP2,0.484652790346908,0.02606336976177371,1,0.2706935123042501,2.0403195467163076
XLMUSDT,LONG,1780710300,1780717500,0.1986,0.19245714285714285,0.20167142857142856,SL,-1.012932093023256,0.030930801323550555,1,0.10810810810810739,-2.3490541454665386
AAVEUSDT,LONG,1780711200,1780714800,61.46,60.160000000000004,62.11,SL,-1.0189107692307693,0.021151968760169188,1,0.1717495987158906,-2.4843332878040956
NEARUSDT,LONG,1780718400,1780719300,1.945,1.8984285714285714,1.9682857142857144,SL,-1.0167055214723926,0.02394417921410213,1,0.17714285714285707,-2.2231395781076047
ADAUSDT,LONG,1780719300,1780725600,0.1517,0.14752857142857143,0.1537857142857143,TP2,0.4854534246575376,0.027497881156417773,1,0.25388601036269354,-2.2780876075967087
BTCUSDT,LONG,1780719300,1780721100,60097.1,59502.15714285714,60394.57142857143,SL,-1.0404052922249434,0.00989969328208614,1,0.2943424800778894,-2.988067718686469
ETHUSDT,SHORT,1780790400,1780794900,1568.62,1581.1028571428571,1562.3785714285714,SL,-1.0502647745479512,0.007957859228402794,1,0.19149814279818425,2.462145124892302
ZECUSDT,SHORT,1780790400,1780794900,361.98,374.82428571428574,355.5578571428572,SL,-1.0112728728728728,0.03548341265894718,1,0.07182566155214623,2.2209050177938163
LABUSDT,SHORT,1780799400,1780801200,14.651,15.760571428571428,14.096214285714286,TP2,0.4947183211020986,0.07573349454449721,1,0.17574864997545378,2.500836513004822
ZECUSDT,SHORT,1780812900,1780819200,403.9,421.46428571428567,395.11785714285713,TP2,0.4908017893452623,0.04348671877763237,1,0.20140673610171747,2.394881281035893
SOLUSDT,SHORT,1780813800,1780822800,64.71,65.60428571428571,64.26285714285714,SL,-1.0289437699680513,0.013819899772611822,1,0.28712871287128683,2.3105188484643633
AAVEUSDT,SHORT,1780814700,1780822800,62.95,63.90428571428572,62.472857142857144,SL,-1.02638622754491,0.015159423578804055,1,0.17293233082706672,2.488363978655663
XLMUSDT,LONG,1780815600,1780825500,0.2083,0.20381428571428573,0.21054285714285714,SL,-1.0185745222929936,0.021534874151292786,1,0.19282511210762407,-2.099186858048238
ADAUSDT,SHORT,1780821900,1780823700,0.1637,0.16617142857142858,0.16246428571428573,SL,-1.0264947976878611,0.015097303429618672,1,0.21367521367521305,2.6396496167910444
LABUSDT,LONG,1780878600,1780879500,12.639,12.137857142857142,12.889571428571427,SL,-1.010088141391106,0.03965051484633731,1,0.1454363089267807,-2.4860030946958904
ETHUSDT,LONG,1780892100,1780895700,1668.41,1647.3985714285716,1678.9157142857143,SL,-1.0317619526788144,0.012593684149236995,1,0.1674580563469433,-2.130329653887389
LINKUSDT,LONG,1780893900,1780900200,7.78,7.682571428571428,7.828714285714286,TP2,0.46805865102638855,0.012522952625780445,1,0.23792486583184327,-2.107771527302804
SOLUSDT,LONG,1780893900,1780903800,65.39,64.50714285714285,65.83142857142857,TP2,0.4703734627831716,0.013501409127651718,1,0.2351648351648316,-2.2319382903190883
BILLUSDT,LONG,1780897500,1780899300,0.07334,0.07181142857142858,0.07410428571428572,TP2,0.48080822429906994,0.02084226109314735,1,0.2601156069364155,-2.1534101367551997
LABUSDT,SHORT,1780898400,1780902900,13.052,13.530571428571427,12.812714285714286,SL,-1.0109091343283583,0.03666652073026575,1,0.2035640849897187,3.1671564379207213
NEARUSDT,SHORT,1780900200,1780903800,2.126,2.185857142857143,2.0960714285714284,SL,-1.0142071599045346,0.02815481790081979,1,0.22615803814713745,2.169719672380095
ZECUSDT,SHORT,1780902900,1780906500,438.4,450.92,432.14,TP2,0.4859936102236399,0.028558394160583995,1,0.17452179057385203,2.187457920416325
SEIUSDT,SHORT,1780905600,1780907400,0.04972,0.05037285714285714,0.049393571428571426,TP2,0.46953698030635105,0.013130674635099407,1,0.14444444444444438,2.163329194941042
SUIUSDT,SHORT,1780905600,1780906500,0.7601,0.7730285714285714,0.7536357142857143,TP2,0.47648309392265187,0.017009040163888173,1,0.09170305676855797,2.001545932216995
AAVEUSDT,SHORT,1780917300,1780919100,63.62,64.4342857142857,63.21285714285714,SL,-1.0312519298245615,0.012799209592670776,1,0.21511627906976521,2.3118237820982364
AVAXUSDT,SHORT,1780917300,1780931700,6.738,6.830285714285715,6.691857142857144,SL,-1.0292049535603716,0.013696306661578235,1,0.29670329670329754,2.496719158691472
DOTUSDT,SHORT,1780917300,1780922700,0.972,0.9841428571428571,0.9659285714285714,SL,-1.0320188235294117,0.01249265138154028,1,0.2571428571428571,2.748181367393512
BTCUSDT,LONG,1780920900,1780921800,62674.8,62049.614285714284,62987.39285714286,TP2,0.4599000434156709,0.009975073144002323,1,0.1758545454545454,-2.781193615238263
LABUSDT,LONG,1780921800,1780922700,12.724,12.285142857142857,12.943428571428571,TP2,0.48840260416666464,0.03449050163919703,1,0.25000000000000017,-2.0056237489438176
ETHUSDT,SHORT,1780922700,1780927200,1691.53,1715.6228571428571,1679.4835714285714,TP2,0.4719164897717166,0.014243233725004674,1,0.18962755306367676,2.1127095049555455
BTCUSDT,SHORT,1780923600,1780926300,63830.0,64557.37142857143,63466.31428571428,TP2,0.46489826380705984,0.011395447729459978,1,0.1873126173330721,2.13073150035883
BILLUSDT,SHORT,1780929000,1780932600,0.07417,0.07549571428571429,0.07350714285714285,TP2,0.4776211206896552,0.01787399603228105,1,0.19024390243902142,2.3850570284589026
NEARUSDT,SHORT,1780931700,1780933500,2.19,2.2555714285714283,2.1572142857142858,TP2,0.486640522875817,0.029941291585127178,1,0.15932203389830366,2.068752950486232
XLMUSDT,LONG,1780934400,1780936200,0.19942,0.19573714285714283,0.20126142857142856,TP2,0.47834072924747867,0.01846784245741221,1,0.09860724233983241,-2.5061658028008535
BILLUSDT,LONG,1780937100,1780942500,0.07198,0.07059571428571429,0.07267214285714287,TP2,0.47920082559340027,0.01923153256857064,1,0.2488408037094291,-2.5627143212505374
AAVEUSDT,LONG,1780938900,1780939800,63.72,62.82714285714286,64.16642857142857,TP2,0.4714534399999999,0.014012196215585998,1,0.07651715039577989,-2.0139194874715303
SEIUSDT,LONG,1780938900,1780939800,0.04947,0.048831428571428574,0.049789285714285716,TP2,0.4690120805369181,0.012908256085939495,1,0.13312693498451963,-2.2487340907550513
LABUSDT,LONG,1780942500,1780945200,12.754,12.396285714285714,12.932857142857141,SL,-1.0142616613418531,0.028047223280091356,1,0.1398013750954925,-2.052498181130274
ZECUSDT,SHORT,1780947900,1780949700,456.59,470.9728571428571,449.3985714285714,TP2,0.48730182757250695,0.03150059603332781,1,0.26377726750861047,2.1779907375659175
AVAXUSDT,LONG,1780949700,1780953300,6.774,6.700571428571428,6.810714285714286,TP2,0.46309883268482505,0.010839765489898394,1,0.19413919413919475,-2.114760992332208
NEARUSDT,LONG,1780949700,1780952400,2.149,2.0838571428571426,2.1815714285714285,TP2,0.4868043859649089,0.030313102439672963,1,0.055350553505533716,-2.306678631775192
SUIUSDT,LONG,1780949700,1780951500,0.7553,0.7459142857142856,0.7599928571428571,TP2,0.4678106544901066,0.012426471978967695,1,0.2723214285714286,-2.254146856098001
AAVEUSDT,SHORT,1780953300,1780956000,64.7,65.35857142857144,64.37071428571429,TP2,0.46070281995661605,0.01017884742768823,1,0.12023460410557046,2.1424300903289977
ETHUSDT,SHORT,1780953300,1780956900,1708.16,1725.3285714285714,1699.5757142857144,TP2,0.4602026293892495,0.01005091527056683,1,0.13221850613155062,3.328370954856396
LINKUSDT,SHORT,1780953300,1780956000,8.104,8.172571428571427,8.069714285714285,TP2,0.45272666666666644,0.008461429981666864,1,0.16953316953317157,2.652676379701534
BILLUSDT,LONG,1780956000,1780956900,0.07099,0.06980285714285714,0.07158357142857143,SL,-1.023919614921781,0.016722677238242754,1,0.16783216783216778,-2.656215930032777
HYPEUSDT,LONG,1780956900,1780960500,63.1,62.05285714285714,63.62357142857143,TP2,0.47589631650750347,0.01659497396422916,1,0.22246220302375788,-2.411950560185336
SEIUSDT,LONG,1780957800,1780965000,0.04953,0.048954285714285714,0.04981785714285714,SL,-1.0344129032258065,0.01162354705661792,1,0.13600000000000026,-2.027091561088741
DOTUSDT,LONG,1780961400,1780965000,0.973,0.9617142857142856,0.9786428571428571,SL,-1.034486075949367,0.01159888415797975,1,0.24528301886792453,-2.323188668365596
ADAUSDT,LONG,1780965000,1780983900,0.168,0.16478571428571429,0.16960714285714287,TP2,0.4790933333333333,0.019132653061224483,1,0.18857142857142914,-2.187464534450384
BTCUSDT,LONG,1780965900,1780975800,62688.1,62187.328571428574,62938.485714285714,TP2,0.4499267758315812,0.007988301265653716,1,0.24514290000750036,-2.0271452466276574
ETHUSDT,LONG,1780966800,1780980300,1662.15,1638.8100000000002,1673.8200000000002,TP2,0.4715141388174856,0.014042053966248523,1,0.15039779681762458,-2.1840900275852517
BILLUSDT,SHORT,1780977600,1780981200,0.07108,0.07244714285714286,0.07039642857142858,SL,-1.0207966562173458,0.019233861242865143,1,0.1364829396325458,2.3266990509805123
AVAXUSDT,SHORT,1780980300,1780992900,6.757,6.840714285714285,6.715142857142856,TP2,0.46771399317406676,0.012389268272056499,1,0.012531328320801682,2.2484452279458838
BTCUSDT,SHORT,1780980300,1780990200,63216.5,63659.0,62995.25,TP2,0.44285514124293757,0.0069997548108484,1,0.07431263218611835,2.7614844332845663
ETHUSDT,SHORT,1780982100,1780990200,1686.65,1704.1257142857144,1677.912142857143,TP2,0.46139442491621024,0.010361197809690376,1,0.195424520702434,2.316604666224063
AVAXUSDT,LONG,1780997400,1781007300,6.689,6.6298571428571424,6.718571428571429,TP2,0.45476038647343003,0.008841808512910334,1,0.2803347280334699,-2.0405498150964907
TAOUSDT,LONG,1780997400,1781002800,214.0,211.14285714285714,215.42857142857142,TP2,0.470039999999995,0.01335113484646195,1,0.11267605633802763,-2.1277459156332554
XLMUSDT,LONG,1780997400,1781010900,0.19814,0.19505000000000003,0.199685,TP2,0.47435080906148863,0.01559503381447458,1,0.14887218045112785,-2.290291741134067
BILLUSDT,SHORT,1781004600,1781017200,0.07147,0.07275714285714285,0.07082642857142858,TP2,0.47778956714761367,0.01800955445841407,1,0.11195445920303455,2.3715887791115744
LABUSDT,LONG,1781007300,1781027100,10.398,9.813857142857142,10.690071428571429,SL,-1.0071201760821717,0.0561783859533427,1,0.2131519274376417,-2.0871015682399685
SUIUSDT,SHORT,1781007300,1781009100,0.7587,0.7670428571428571,0.7545285714285714,TP2,0.4636239726027464,0.010996252989135551,1,0.13059701492537276,2.457672384336058
XLMUSDT,SHORT,1781012700,1781014500,0.20055,0.20323714285714287,0.1992064285714286,SL,-1.0298532695374802,0.013398867400363243,1,0.07904278462654218,2.1049009564593213
BTCUSDT,LONG,1781013600,1781015400,62242.1,61800.22857142857,62463.03571428571,SL,-1.056344081988943,0.007099237149315824,1,0.29247827389871217,-2.356371620770234
AAVEUSDT,LONG,1781014500,1781015400,61.69,60.97142857142857,62.04928571428571,SL,-1.0343403578528827,0.011648102262464382,1,0.23756906077348114,-2.6198551049408985
AAVEUSDT,LONG,1781052300,1781053200,61.58,60.88857142857143,61.925714285714285,TP2,0.4643752066115753,0.011228135294390547,1,0.09090909090908973,-2.5165861065428494
LINKUSDT,LONG,1781052300,1781053200,7.786,7.7178571428571425,7.820071428571428,TP2,0.4542960167714819,0.008751972404682387,1,0.27272727272727376,-2.033402086726313
LABUSDT,LONG,1781055900,1781057700,8.971,8.545428571428571,9.183785714285715,TP2,0.49156804296744083,0.04743857190630127,1,0.2922940655447296,-2.0043571514472793
ADAUSDT,LONG,1781058600,1781060400,0.164,0.1617857142857143,0.16510714285714287,SL,-1.029625806451613,0.01350174216027866,1,0.2173913043478253,-2.2104223732300183
BTCUSDT,LONG,1781058600,1781077500,61466.0,60969.4,61714.3,TP2,0.4504905356423756,0.008079263332574133,1,0.15864638311083332,-2.11559310037695
DOTUSDT,LONG,1781058600,1781069400,0.95,0.9388571428571428,0.9555714285714285,SL,-1.034102564102564,0.011729323308270687,1,0.10638297872340426,-2.327640532333351
SEIUSDT,LONG,1781061300,1781083800,0.0474,0.04675571428571428,0.04772214285714285,SL,-1.029427937915743,0.013592525617842034,1,0.22516556291390769,-2.008193687608219
LABUSDT,SHORT,1781074800,1781075700,9.403,10.091857142857142,9.05857142857143,TP2,0.494539941932808,0.07325929414624506,1,0.09146341463414615,2.237101117872252
SUIUSDT,SHORT,1781075700,1781079300,0.7467,0.7548571428571429,0.7426214285714285,TP2,0.4633842381786408,0.010924257207905266,1,0.08307692307692453,2.0633356750244602
ETHUSDT,SHORT,1781076600,1781081100,1636.0,1648.5428571428572,1629.7285714285715,TP2,0.4478268792710614,0.0076667830946559315,1,0.23785594639866017,2.0283255009686174
LINKUSDT,SHORT,1781076600,1781079300,7.771,7.836857142857142,7.738071428571429,TP2,0.4528008676789587,0.008474732062429902,1,0.1769547325102865,2.0355606591690716
TAOUSDT,LONG,1781081100,1781084700,204.4,201.9714285714286,205.61428571428573,TP2,0.4663341176470647,0.011881464914733015,1,0.2688172043010733,-2.059316341109284
ZECUSDT,LONG,1781081100,1781091000,423.37,413.43,428.34000000000003,SL,-1.0170370221327967,0.0234782814086969,1,0.21462079749804489,-2.2289771300919727
HYPEUSDT,SHORT,1781089200,1781090100,56.41,57.38428571428571,55.92285714285714,TP2,0.47684046920821116,0.017271507078278948,1,0.15662650602409484,2.4372570825961604
SEIUSDT,LONG,1781090100,1781094600,0.04676,0.04618428571428572,0.04704785714285715,TP2,0.4675116625310233,0.012312110472931662,1,0.21186440677966362,-2.308487367097899
BTCUSDT,LONG,1781091000,1781095500,60926.9,60351.385714285716,61214.65714285714,TP2,0.4576539442982609,0.009445980112467292,1,0.23096372653894712,-2.011649996302256
BILLUSDT,SHORT,1781093700,1781094600,0.06791,0.06927142857142857,0.06722928571428571,TP2,0.4800474291710389,0.02004754191471911,1,0.05157593123209168,2.2248642280836477
ADAUSDT,SHORT,1781095500,1781099100,0.162,0.16474285714285714,0.16062857142857143,SL,-1.023625,0.0169312169312169,1,0.0693069306930668,2.633493071970604
AVAXUSDT,SHORT,1781095500,1781099100,6.55,6.647571428571429,6.501214285714285,SL,-1.0268521229868228,0.014896401308615104,1,0.018264840182648356,2.1920131459869943
NEARUSDT,SHORT,1781095500,1781099100,2.108,2.1602857142857146,2.081857142857143,SL,-1.0161267759562842,0.024803469775006783,1,0.1179039301310049,2.1582468353724793
XRPUSDT,SHORT,1781137800,1781142300,1.103,1.1147142857142858,1.0971428571428572,SL,-1.0376634146341464,0.010620385960367837,1,0.05263157894736637,2.0722252886833172
DOTUSDT,SHORT,1781140500,1781150400,0.928,0.9402857142857144,0.9218571428571429,SL,-1.030213953488372,0.013238916256157647,1,0.07692307692307693,2.003779280335167
HYPEUSDT,SHORT,1781140500,1781145000,54.12,55.20428571428572,53.57785714285714,TP2,0.4800347826086924,0.02003484320557498,1,0.1047619047619045,2.4135773598661623
NEARUSDT,SHORT,1781150400,1781159400,2.025,2.0777142857142854,1.9986428571428572,SL,-1.0153658536585366,0.026031746031746003,1,0.25547445255474477,2.2357857347750967
HYPEUSDT,SHORT,1781157600,1781176500,55.52,56.41571428571429,55.07214285714286,SL,-1.024793620414673,0.016133182379580082,1,0.27450980392156854,2.2128648607675783
BILLUSDT,LONG,1781160300,1781163900,0.06316,0.062025714285714274,0.06372714285714286,SL,-1.022273047858942,0.017958925178684557,1,0.2758037225042319,-2.036443175722836
ZECUSDT,LONG,1781222400,1781226000,428.02,419.2371428571428,432.41142857142853,TP2,0.4805065712426773,0.02051973539287213,1,0.14739020464474628,-2.596687799288485
XLMUSDT,LONG,1781226900,1781230500,0.19015,0.18814428571428574,0.19115285714285715,TP2,0.46207834757834754,0.010548063558844517,1,0.11944718657453032,-2.4592354943266455
AVAXUSDT,LONG,1781227800,1781230500,6.611,6.5602857142857145,6.636357142857142,TP2,0.44785690140845064,0.007671197355057578,1,0.022421524663676844,-2.0525890004285934
ETHUSDT,LONG,1781227800,1781230500,1662.1,1649.425714285714,1668.4371428571428,TP2,0.44754418394950424,0.007625465203228296,1,0.08861567938687805,-2.600784600610269
SEIUSDT,SHORT,1781230500,1781244000,0.04987,0.050325714285714286,0.04964214285714286,TP2,0.4562269592476413,0.009138044630324554,1,0.1753554502369661,2.8089022225997673
XRPUSDT,SHORT,1781230500,1781235000,1.146,1.156,1.141,TP2,0.4541599999999888,0.008726003490401377,1,0.1891891891891879,2.400396792595953
NEARUSDT,SHORT,1781232300,1781235000,2.102,2.138,2.0839999999999996,TP2,0.4766444444444508,0.017126546146527224,1,0.04972375690607689,2.3517597155200214
ADAUSDT,SHORT,1781238600,1781240400,0.1726,0.17437142857142857,0.1717142857142857,TP2,0.46102580645162083,0.010263201456712483,1,0.13636363636363436,2.135190693744113
DOTUSDT,SHORT,1781238600,1781243100,0.9552,0.9633428571428572,0.9511285714285715,TP2,0.45307789473683513,0.008524766690595811,1,0.054545454545454335,2.02491642616464
HYPEUSDT,LONG,1781244000,1781246700,58.06,57.26571428571429,58.457142857142856,SL,-1.0292388489208633,0.013680429112740502,1,0.20843091334894576,-2.1240353986470124
LINKUSDT,LONG,1781244000,1781246700,7.835,7.782857142857143,7.861071428571429,SL,-1.060104109589041,0.0066551189716473735,1,0.14110429447852857,-2.009973998425196
AAVEUSDT,LONG,1781244900,1781246700,63.7,63.207142857142856,63.94642857142858,SL,-1.051698550724637,0.007737160798385373,1,0.11489361702127587,-2.1310170906046344
LINKUSDT,SHORT,1781309700,1781315100,7.875,7.922,7.8515,SL,-1.0670212765957447,0.005968253968253964,1,0.10798122065727504,2.2546286221311136
SEIUSDT,SHORT,1781309700,1781315100,0.05213,0.052738571428571426,0.05182571428571429,SL,-1.0342638497652583,0.011674111424734826,1,0.20000000000000165,2.04819816394083
LABUSDT,SHORT,1781312400,1781314200,10.124,10.483714285714285,9.944142857142857,TP2,0.4887421763304234,0.03553084608003608,1,0.12388774811772865,2.854462433121925
AAVEUSDT,SHORT,1781315100,1781317800,64.78,65.20714285714286,64.56642857142857,SL,-1.0606635451505018,0.00659374586512591,1,0.07262569832402013,2.00658428422184
BTCUSDT,SHORT,1781316000,1781317800,63799.6,64003.41428571428,63697.69285714286,TP2,0.37478875727202543,0.003194601309636491,1,0.238056182079149,2.7546493804631256
ETHUSDT,SHORT,1781316000,1781317800,1673.2,1680.6285714285714,1669.4857142857143,TP2,0.4099046153846303,0.004439739079949436,1,0.29718543046358337,2.4421703852572403
SEIUSDT,LONG,1781398800,1781408700,0.05371,0.05318571428571428,0.05397214285714286,TP2,0.4590223433242444,0.009761417134345899,1,0.1792828685258989,-2.4854542215111852
ADAUSDT,SHORT,1781403300,1781405100,0.173,0.17434285714285713,0.17232857142857141,TP2,0.4484680851063831,0.007762180016515293,1,0.2463768115942043,2.067137836434969
XLMUSDT,SHORT,1781403300,1781404200,0.18894,0.19081571428571428,0.18800214285714284,TP2,0.45970814927647374,0.009927565818324834,1,0.23624595469255424,2.0462315968742772
BILLUSDT,LONG,1781405100,1781424000,0.072,0.07027714285714286,0.07286142857142856,TP2,0.4832835820895522,0.02392857142857138,1,0.05291723202170992,-2.2960530264489147
DOTUSDT,LONG,1781406900,1781412300,0.975,0.9679857142857142,0.9785071428571428,SL,-1.055600814663951,0.007194139194139199,1,0.2806324110671936,-2.044222000546563
HYPEUSDT,LONG,1781411400,1781422200,60.19,59.51714285714286,60.52642857142857,TP2,0.4642182590233545,0.011178885908907492,1,0.22000000000000072,-2.3027038405939053
AAVEUSDT,LONG,1781413200,1781415000,66.65,66.10714285714286,66.92142857142858,SL,-1.0491105263157894,0.008144893366198716,1,0.18382352941176286,-2.1129351952203748
LABUSDT,SHORT,1781413200,1781414100,9.545,9.680857142857143,9.47707142857143,TP2,0.471896950578332,0.014233330838883439,1,0.1781970649895173,2.7323911483862604
ZECUSDT,SHORT,1781414100,1781415900,426.2,432.1328571428571,423.2335714285714,TP2,0.47126510955935946,0.013920359321579397,1,0.19811320754716885,2.0838891561953496
SOLUSDT,LONG,1781415900,1781433000,68.25,67.82428571428572,68.46285714285715,TP2,0.43587248322149297,0.006237571951857645,1,0.21126760563380076,-2.1470582326877925
TAOUSDT,LONG,1781423100,1781425800,268.4,260.51428571428573,272.3428571428571,TP2,0.4863855072463768,0.029380455609963742,1,0.23684210526315724,-3.0816294733691656
BILLUSDT,SHORT,1781425800,1781428500,0.07307,0.07477428571428571,0.07221785714285714,SL,-1.0171497066219615,0.023324014154724508,1,0.246753246753247,2.3702176789206755
ETHUSDT,LONG,1781429400,1781430300,1670.54,1664.1642857142858,1673.7278571428571,TP2,0.3951935469415357,0.0038165588885714823,1,0.19569471624266238,-2.6082118232956883
BTCUSDT,SHORT,1781430300,1781435700,64521.5,64730.28571428572,64417.107142857145,TP2,0.37638713650357597,0.0032359091819892027,1,0.16997121842020851,2.1011439693865452
HYPEUSDT,SHORT,1781430300,1781433000,60.5,61.25714285714286,60.12142857142857,SL,-1.0319622641509434,0.012514757969303467,1,0.10173697270471377,2.277721026136557
XLMUSDT,LONG,1781432100,1781440200,0.18471,0.18303285714285716,0.18554857142857145,SL,-1.0440534923339013,0.00907987037595611,1,0.04591265397536341,-2.268756131105988
ZECUSDT,LONG,1781438400,1781442900,421.26,415.98999999999995,423.895,SL,-1.031974193548387,0.012510088781275276,1,0.1462788708297694,-2.359169149062444
AVAXUSDT,LONG,1781441100,1781444700,6.615,6.577714285714286,6.633642857142857,SL,-1.0709655172413794,0.005636540330417865,1,0.2571428571428564,-2.50932558814954
ETHUSDT,LONG,1781441100,1781448300,1667.97,1660.997142857143,1671.4564285714287,SL,-1.0956835894283963,0.00418044517758539,1,0.22410546139359208,-2.757686235783314
BTCUSDT,LONG,1781443800,1781448300,64248.2,64041.2,64351.7,SL,-1.124151111111111,0.0032218801460585666,1,0.1679926840420641,-2.037161033509426
TAOUSDT,SHORT,1781489700,1781490600,276.6,283.3571428571429,273.2214285714286,SL,-1.0163737843551797,0.02442929449437042,1,0.2301255230125525,2.205906663859645
BTCUSDT,SHORT,1781495100,1781498700,65869.3,66294.6,65656.65000000001,TP2,0.4380490947566248,0.00645672566734422,1,0.18436858511366086,2.0482643062471575
SEIUSDT,LONG,1781498700,1781501400,0.05448,0.05397285714285714,0.05473357142857143,TP2,0.4570298591549298,0.009308789595133255,1,0.2767527675276751,-2.6757077545742067
AVAXUSDT,SHORT,1781501400,1781502300,6.798,6.848285714285714,6.772857142857143,TP2,0.4459249999999998,0.007397133610725813,1,0.22033898305084715,2.5787675315018883
SUIUSDT,SHORT,1781501400,1781505900,0.803,0.8112285714285714,0.7988857142857143,TP2,0.4609652777777844,0.010247286959615683,1,0.1388329979879286,2.1615577676785858
HYPEUSDT,SHORT,1781511300,1781517600,65.64,66.50428571428571,65.20785714285714,SL,-1.0303788429752065,0.01316705841385917,1,0.21485411140583718,2.0209293538411566
LABUSDT,LONG,1781511300,1781554500,10.078,9.556285714285714,10.338857142857142,EXPIRED,-0.7935975903614466,0.051767640971848175,1,0.18835616438356112,-2.691542336934292
SEIUSDT,SHORT,1781511300,1781514900,0.05534,0.055888571428571426,0.05506571428571429,TP2,0.4596479166666667,0.009912747173318196,1,0.11660777385159066,2.140312067406637
TAOUSDT,SHORT,1781512200,1781513100,286.2,295.6285714285714,281.48571428571427,TP2,0.4878581818181848,0.03294399520814604,1,0.21311475409836117,2.141447831857698
TAOUSDT,LONG,1781514900,1781522100,267.8,253.5571428571429,274.9214285714286,TP2,0.492479037111335,0.0531846793982715,1,0.14285714285714254,-2.271777678092378
ETHUSDT,LONG,1781516700,1781518500,1715.06,1706.1214285714284,1719.5292857142856,TP2,0.4232512705769413,0.005211812664613164,1,0.033028455284551395,-2.0127633262096083
ETHUSDT,SHORT,1781519400,1781521200,1723.4,1732.7,1718.75,SL,-1.0741247311827955,0.005396309620517593,1,0.17185929648241494,2.0042317645822276
DOTUSDT,SHORT,1781520300,1781523000,1.0123,1.0206714285714287,1.0081142857142857,SL,-1.0483692832764504,0.008269711124596069,1,0.23809523809523306,3.423881238472955
LINKUSDT,SHORT,1781520300,1781521200,8.235,8.29342857142857,8.205785714285714,SL,-1.0563765281173596,0.0070951513574464215,1,0.1275720164609012,2.3773464656683023
ADAUSDT,SHORT,1781522100,1781523000,0.1828,0.18497142857142856,0.1817142857142857,SL,-1.0336736842105263,0.011878712097530515,1,0.15294117647058808,2.4517328657282906
NEARUSDT,SHORT,1781522100,1781523900,2.425,2.486571428571428,2.394214285714286,SL,-1.015754060324826,0.025390279823269416,1,0.19354838709677488,2.1802201598007547
BTCUSDT,SHORT,1781523900,1781527500,66119.0,66438.91428571429,65959.04285714286,SL,-1.0826708939894623,0.004838462253123653,1,0.20450149463688355,2.0854659448888433
AVAXUSDT,LONG,1781576100,1781581500,6.787,6.726,6.8175,TP2,0.45549508196721317,0.008987770738175934,1,0.2823920265780791,-2.5569232208516053
BTCUSDT,LONG,1781576100,1781578800,66030.6,65701.6,66195.1,SL,-1.0802803647416415,0.004982538398863557,1,0.2039254629359198,-2.5807294618656624
BILLUSDT,LONG,1781577000,1781579700,0.06968,0.06833857142857143,0.0703507142857143,TP2,0.4792221512247071,0.01925127111694278,1,0.23783031988873335,-2.4612291889277893
HYPEUSDT,SHORT,1781579700,1781581500,68.41,69.54571428571428,67.84214285714286,SL,-1.0240940880503144,0.016601582893060695,1,0.17128874388254411,2.853707751396272
ZECUSDT,SHORT,1781579700,1781585100,526.33,538.2628571428571,520.3635714285715,TP2,0.4823569495989464,0.02267181643238484,1,0.20280669986419042,2.861630700961665
LABUSDT,SHORT,1781584200,1781597700,10.034,10.377428571428572,9.862285714285715,SL,-1.0116868552412646,0.034226487086762146,1,0.2932061978545884,2.3251571458637135
NEARUSDT,SHORT,1781590500,1781594100,2.435,2.4745714285714286,2.4152142857142858,TP2,0.47538628158844765,0.0162511000293341,1,0.12931034482758716,2.01932878742695
ADAUSDT,SHORT,1781592300,1781595000,0.1782,0.17984285714285714,0.1773785714285714,TP2,0.456612173913052,0.00921917588584256,1,0.12195121951219545,2.1929884551080665
ETHUSDT,SHORT,1781599500,1781600400,1786.0,1796.692857142857,1780.6535714285715,SL,-1.0668109552438212,0.005987042073268251,1,0.15088529638182852,2.2650841042741217
SEIUSDT,SHORT,1781599500,1781606700,0.05416,0.05464,0.05392,SL,-1.0451333333333332,0.00886262924667652,1,0.18032786885246088,2.3872714367858
ZECUSDT,SHORT,1781600400,1781601300,531.75,539.4171428571428,527.9164285714286,TP2,0.47225824482951373,0.014418698367922648,1,0.04506187251926376,2.7289779437768606
ZECUSDT,LONG,1781607600,1781615700,517.08,507.3800000000001,521.9300000000001,SL,-1.0213228865979382,0.01875918619942745,1,0.18694362017804203,-2.369236346776153
XRPUSDT,SHORT,1781613900,1781614800,1.247,1.2584285714285715,1.2412857142857143,TP2,0.45635500000000956,0.009164852789552024,1,0.27999999999999753,2.130946544101071
AAVEUSDT,LONG,1781615700,1781620200,74.58,73.56,75.09,SL,-1.0292470588235294,0.013676588897827836,1,0.27981651376147093,-2.041296188142659
ADAUSDT,LONG,1781615700,1781620200,0.1779,0.17565714285714287,0.17902142857142858,SL,-1.031727388535032,0.012607403838432476,1,0.13207547169811074,-2.1363944533150097
BTCUSDT,LONG,1781616600,1781619300,65981.3,65577.61428571428,66183.14285714286,TP2,0.43462111968290335,0.006118183701832376,1,0.2949872723712462,-2.813283400851532
ETHUSDT,LONG,1781620200,1781622900,1771.34,1744.8071428571427,1784.6064285714285,TP2,0.4732959026543908,0.014978974755189375,1,0.20361295282021827,-2.5554412737840195
BILLUSDT,LONG,1781621100,1781623800,0.06536,0.06408571428571429,0.06599714285714287,TP2,0.4794834080717543,0.019496415457247764,1,0.2936170212765952,-2.5969004354709173
HYPEUSDT,LONG,1781622000,1781624700,73.45,71.31,74.52,TP2,0.4862710280373798,0.029135466303607874,1,0.015192135835567645,-2.0310672846970275
BILLUSDT,SHORT,1781627400,1781629200,0.0682,0.06965,0.067475,SL,-1.0188137931034482,0.021260997067448724,1,0.1790540540540547,2.0963354032343107
LABUSDT,LONG,1781629200,1781631000,12.172,11.079571428571429,12.718214285714287,TP2,0.49554314110108616,0.0897493075442468,1,0.09131675499388521,-2.4394689129347205
AAVEUSDT,SHORT,1781632800,1781644500,75.46,76.82142857142857,74.7792857142857,SL,-1.0221708289611753,0.018041725038809617,1,0.12879884225759863,2.184529183962217
AVAXUSDT,SHORT,1781633700,1781634600,6.888,6.959142857142857,6.852428571428572,TP2,0.46127228915662016,0.010328521652563432,1,0.06051873198847228,2.189083786575823
LINKUSDT,SHORT,1781633700,1781634600,8.311,8.397285714285713,8.267857142857142,TP2,0.46147218543047375,0.010382109768465158,1,0.050997782705099026,2.203282288977609
NEARUSDT,LONG,1781637300,1781640900,2.312,2.271285714285714,2.3323571428571426,TP2,0.4772856140350823,0.017609985170538814,1,0.10497237569060673,-2.0703173997624353
TAOUSDT,LONG,1781637300,1781640000,250.7,246.29999999999998,252.9,TP2,0.4772090909090942,0.017550857598723615,1,0.21904761904761955,-2.10209889134935
NEARUSDT,SHORT,1781642700,1781645400,2.365,2.4152857142857145,2.3398571428571433,TP2,0.48118749999999555,0.021262458471760788,1,0.121338912133893,2.525275852973523
TAOUSDT,SHORT,1781644500,1781649000,257.1,261.51428571428573,254.89285714285717,TP2,0.4767029126213592,0.01716952825470912,1,0.10047846889952218,2.0991636600845296
LABUSDT,SHORT,1781648100,1781649000,13.358,13.849142857142859,13.112428571428572,TP2,0.48912088423502037,0.03676769405171865,1,0.23883928571428562,2.280522709163333
ZECUSDT,SHORT,1781648100,1781649000,513.2,523.0342857142857,508.2828571428572,TP2,0.4791260894828588,0.019162676762053216,1,0.26871591472483947,2.8165085634609994
SOLUSDT,LONG,1781654400,1781655300,73.5,73.00857142857143,73.74571428571429,TP2,0.44017441860465184,0.006686103012633704,1,0.08860759493670659,-2.109764193863124
XLMUSDT,LONG,1781654400,1781655300,0.21658,0.2133657142857143,0.21818714285714286,TP2,0.4730478222222265,0.01484110127567508,1,0.16480793060718696,-2.5420553288811725
XRPUSDT,LONG,1781656200,1781661600,1.214,1.205142857142857,1.2184285714285714,TP2,0.44517419354838716,0.007295834313956232,1,0.24137931034483234,-2.3822000015302924
SUIUSDT,SHORT,1781658900,1781659800,0.8066,0.8143999999999999,0.8027,TP2,0.4586358974359044,0.009670220679394948,1,0.21293800539083657,2.4691221348464336
XLMUSDT,SHORT,1781658900,1781659800,0.22226,0.2263542857142857,0.22021285714285715,TP2,0.4782858339148673,0.01842115411808558,1,0.1971522453450166,2.148885955747705
BTCUSDT,LONG,1781659800,1781660700,65555.0,65270.02857142857,65697.48571428572,TP2,0.40798375777022855,0.004347058631247502,1,0.20965899820525571,-2.548811343533313
DOTUSDT,SHORT,1781660700,1781663400,1.0226,1.0324571428571427,1.0176714285714286,SL,-1.0414968115942027,0.009639294794780836,1,0.06086956521738996,2.1081126551758267
SEIUSDT,SHORT,1781660700,1781663400,0.05545,0.05611857142857143,0.05511571428571428,SL,-1.0331752136752135,0.012057194383614626,1,0.12684365781710946,2.2704360636340692
AAVEUSDT,SHORT,1781661600,1781664300,77.38,78.32285714285715,76.90857142857142,TP2,0.46717212121212126,0.012184765350958181,1,0.12195121951219444,2.747277547182825
LABUSDT,SHORT,1781664300,1781669700,13.758,14.376142857142856,13.44892857142857,SL,-1.0089027963947308,0.04492970323759681,1,0.16559865092748724,2.319708870534032
ZECUSDT,SHORT,1781666100,1781678700,509.93,519.7171428571429,505.0364285714286,TP2,0.479159188439641,0.019193110538981557,1,0.06834201654918844,2.0909784591169402
BILLUSDT,LONG,1781668800,1781669700,0.06739,0.06641714285714286,0.06787642857142857,TP2,0.4722919236416964,0.01443622411125016,1,0.28205128205128166,-2.4803076329618774
ADAUSDT,LONG,1781677800,1781685000,0.1716,0.16970000000000002,0.17255,SL,-1.0361263157894738,0.011072261072261055,1,0.08235294117647152,-2.060899585244678
BTCUSDT,LONG,1781677800,1781683200,65622.1,65365.28571428572,65750.50714285715,SL,-1.1022094231518054,0.003913533485125975,1,0.07103092092024728,-2.404761981555856
HYPEUSDT,LONG,1781677800,1781694900,73.21,71.97285714285714,73.82857142857142,SL,-1.0236706697459583,0.016898550159033694,1,0.13356164383561656,-2.726952758368535
DOTUSDT,LONG,1781684100,1781694900,1.0158,1.0024142857142857,1.022492857142857,SL,-1.030354749199573,0.013177509633504891,1,0.18721461187214553,-2.959861789272325
AAVEUSDT,LONG,1781685900,1781694900,75.78,74.75571428571429,76.29214285714285,SL,-1.0295933054393307,0.013516570523696338,1,0.17981072555204902,-2.3983988882181313
BILLUSDT,SHORT,1781686800,1781690400,0.06892,0.07030428571428571,0.06822785714285713,TP2,0.4800850361197161,0.02008539922062851,1,0.12903225806451407,2.441475028657064
BILLUSDT,SHORT,1781741700,1781748000,0.06718,0.06816428571428572,0.06668785714285715,TP2,0.47269898403483307,0.01465146939990642,1,0.24288840262581957,2.6311306343425382
BTCUSDT,SHORT,1781741700,1781753400,64607.4,65005.2,64408.5,TP2,0.4350352941176558,0.00615718942412166,1,0.07520794321299686,2.3857905160640933
ETHUSDT,SHORT,1781741700,1781753400,1755.0,1769.107142857143,1747.9464285714284,TP2,0.45023797468355253,0.008038258038258056,1,0.21402002861230213,2.409467141383562
LABUSDT,SHORT,1781749800,1781750700,13.408,13.779714285714284,13.222142857142856,SL,-1.0144282859338971,0.027723320831912722,1,0.22609340252038523,2.191987576261892
DOTUSDT,LONG,1781752500,1781754300,0.9962,0.9870571428571429,1.0007714285714286,SL,-1.0435837499999998,0.009177732526457705,1,0.12796208530805853,-2.559878055365851
AVAXUSDT,LONG,1781753400,1781756100,6.714,6.661857142857143,6.740071428571429,SL,-1.0515046575342464,0.007766287927145859,1,0.1076923076923058,-2.529993064700601
SEIUSDT,LONG,1781753400,1781756100,0.05425,0.05360142857142857,0.054574285714285714,SL,-1.0334581497797357,0.011955233706385786,1,0.20257234726688092,-3.1605903594487117
LINKUSDT,LONG,1781755200,1781756100,8.025,7.961571428571429,8.056714285714285,SL,-1.0506081081081082,0.007903871829105456,1,0.10493827160493326,-2.016055171853945
LABUSDT,SHORT,1781828100,1781832600,18.051,18.848714285714284,17.652142857142856,TP2,0.4909486389684814,0.044192248945448244,1,0.2249040043883713,2.136064902095716
DOTUSDT,SHORT,1781829000,1781838900,0.9755,0.9831142857142857,0.9716928571428571,TP2,0.44875422138837495,0.007805520978252896,1,0.2906403940886694,2.071883522124286
NEARUSDT,SHORT,1781829000,1781831700,2.243,2.2807142857142857,2.224142857142857,TP2,0.4762106060606001,0.01681421565505378,1,0.17073170731707127,2.1357968683527813
BILLUSDT,SHORT,1781834400,1781836200,0.06493,0.06570714285714285,0.06454142857142858,TP2,0.46658014705881434,0.011968933576818901,1,0.23853211009174205,2.105147196568885
XRPUSDT,SHORT,1781834400,1781836200,1.15,1.1587142857142856,1.1456428571428572,TP2,0.4472131147540854,0.007577639751552761,1,0.17241379310344776,2.07950097964017
AVAXUSDT,LONG,1781836200,1781839800,6.26,6.208428571428571,6.285785714285714,SL,-1.0485540166204985,0.008238247375627603,1,0.17514124293784913,-3.2978872574016416
TAOUSDT,LONG,1781836200,1781839800,233.4,231.00000000000003,234.6,SL,-1.0389000000000002,0.01028277634961435,1,0.17171717171717096,-2.0123343950301718
ZECUSDT,LONG,1781836200,1781838900,449.92,444.2814285714286,452.73928571428576,TP2,0.4680826957182721,0.012532386710018315,1,0.10459062943682143,-2.025680560325651
LINKUSDT,LONG,1781839800,1781842500,7.91,7.83557142857143,7.947214285714286,SL,-1.0425105566218815,0.009409427487809168,1,0.19365079365079377,-2.9335113132013766
ADAUSDT,LONG,1781840700,1781844300,0.162,0.16012857142857143,0.1629357142857143,SL,-1.034625954198473,0.011552028218694959,1,0.11999999999999644,-2.2927538080137797
BTCUSDT,LONG,1781840700,1781842500,62671.7,62318.2,62848.45,TP2,0.4290843564356436,0.0056405044062950264,1,0.1143418467583482,-2.2059954438058305
DOTUSDT,SHORT,1781913600,1781916300,0.9597,0.9665857142857143,0.9562571428571429,SL,-1.05575020746888,0.00717486119174142,1,0.27090301003344436,2.1034020384431127
SEIUSDT,SHORT,1781913600,1781914500,0.05406,0.054495714285714286,0.05384214285714285,TP2,0.4503711475409837,0.008059827704666784,1,0.15789473684210498,2.717492037312858
TAOUSDT,SHORT,1781913600,1781918100,228.6,231.42857142857142,227.18571428571428,TP2,0.4676727272727273,0.012373453318335215,1,0.14619883040935652,2.1913197842383365
XLMUSDT,LONG,1781914500,1781916300,0.21639,0.2136742857142857,0.21774785714285713,TP2,0.4681277222514415,0.012550091435437338,1,0.21698113207547287,-2.1529161334953777
LABUSDT,SHORT,1781916300,1781917200,13.193,13.856,12.8615,TP2,0.4920404223227753,0.05025392253467748,1,0.15401301518438174,2.185033101891528
LABUSDT,LONG,1781920800,1781924400,12.042,11.288857142857143,12.418571428571429,SL,-1.0063955993930198,0.06254300424704012,1,0.258440046565774,-2.2418320988387546
HYPEUSDT,LONG,1781922600,1781927100,68.57,67.54571428571427,69.08214285714286,TP2,0.4732223152022317,0.014937811204400187,1,0.22580645161290663,-2.0778932804057737
SOLUSDT,SHORT,1781927100,1781930700,70.02,70.47285714285714,69.79357142857143,SL,-1.0618473186119874,0.0064675398865630266,1,0.29090909090909833,2.0842535633574837
ETHUSDT,SHORT,1781929800,1781932500,1712.18,1718.6357142857144,1708.952142857143,SL,-1.1060877185217979,0.0037704647208320554,1,0.1801329136061554,2.0955849993515057
TAOUSDT,SHORT,1781929800,1781932500,229.9,232.3714285714286,228.6642857142857,SL,-1.0372092485549131,0.010750015534704555,1,0.20338983050847534,2.761257286971415
AVAXUSDT,SHORT,1781931600,1781932500,5.975,6.036714285714285,5.9441428571428565,SL,-1.038726851851852,0.010328750747160756,1,0.2758620689655166,2.020150521106275
BILLUSDT,LONG,1782003600,1782004500,0.05582,0.05508428571428572,0.056187857142857144,SL,-1.0303487378640777,0.01318011977273891,1,0.14044943820224812,-2.1839456047383985
LABUSDT,LONG,1782006300,1782010800,12.636,12.037285714285712,12.935357142857143,TP2,0.4915579098067287,0.04738163071496412,1,0.2603029235646347,-3.2493178222062737
HYPEUSDT,LONG,1782009900,1782012600,69.96,69.27,70.30499999999999,TP2,0.4594434782608693,0.009862778730703198,1,0.005813953488370916,-2.188880085985624
ADAUSDT,LONG,1782010800,1782012600,0.1623,0.1613,0.1628,TP2,0.43508,0.0061614294516327845,1,0.17073170731706822,-2.205230010594096
BTCUSDT,SHORT,1782012600,1782016200,64317.4,64459.62857142858,64246.28571428572,SL,-1.180884612294093,0.002211354492385766,1,0.15784543325527003,2.6249338459711105
SOLUSDT,SHORT,1782013500,1782015300,73.7,74.22,73.44,TP2,0.4433076923077055,0.007055630936227897,1,0.0803571428571466,2.1796422450124884
AAVEUSDT,SHORT,1782017100,1782018000,76.54,77.29,76.165,TP2,0.45917866666666646,0.009798798014110214,1,0.18987341772152103,2.264270692011963
DOTUSDT,LONG,1782018000,1782027900,0.9655,0.9591285714285714,0.9686857142857143,TP2,0.4393856502242065,0.006599097432862318,1,0.0890410958904084,-2.2847647394029393
ETHUSDT,LONG,1782018000,1782020700,1732.21,1724.8300000000002,1735.9,TP2,0.4061132791328065,0.004260453409228661,1,0.21442885771542877,-2.776113186246805
LINKUSDT,LONG,1782018000,1782027900,7.936,7.8955714285714285,7.956214285714285,TP2,0.42148127208479425,0.0050943260368663335,1,0.27891156462584804,-2.125132824952414
LABUSDT,SHORT,1782018900,1782023400,13.994,14.739714285714285,13.621142857142857,SL,-1.0075063601532568,0.05328814389840544,1,0.10563579722458262,2.024029930646276
AVAXUSDT,SHORT,1782027900,1782028800,6.334,6.3991428571428575,6.301428571428571,TP2,0.46110701754385985,0.010284631692904557,1,0.29446064139941763,3.5713450211132924
AAVEUSDT,LONG,1782030600,1782032400,75.18,74.58285714285715,75.47857142857143,SL,-1.0503598086124404,0.007942841941245731,1,0.16847826086956164,-2.087020909338217
ETHUSDT,LONG,1782031500,1782035100,1727.81,1721.042857142857,1731.1935714285714,TP2,0.39787063542326395,0.003916601279737282,1,0.2981888745148751,-2.0966861845297156
NEARUSDT,SHORT,1782031500,1782044100,2.247,2.2889999999999997,2.226,TP2,0.4786,0.01869158878504673,1,0.23333333333333456,2.3594767127807197
BILLUSDT,LONG,1782033300,1782034200,0.05444,0.05352,0.054900000000000004,SL,-1.0236695652173913,0.016899338721528327,1,0.26651480637813163,-2.811182981696355
SEIUSDT,LONG,1782033300,1782035100,0.0549,0.05430142857142857,0.05519928571428571,TP2,0.4633126491646719,0.010902940411137095,1,0.26347305389221765,-2.001120431929973
DOTUSDT,SHORT,1782035100,1782041400,0.9692,0.9763857142857143,0.9656071428571428,TP2,0.4460485089463223,0.007414067566770862,1,0.13357400722021526,2.0885960160362416
LINKUSDT,SHORT,1782035100,1782041400,7.973,8.017999999999999,7.9505,TP2,0.4291288888888982,0.005644048664241775,1,0.18918918918918945,2.608295855278438
LABUSDT,SHORT,1782043200,1782045000,16.047,16.89742857142857,15.621785714285714,TP2,0.49245227616328113,0.05299610964221169,1,0.26798307475317257,2.335942835940117
XLMUSDT,LONG,1782043200,1782046800,0.21084,0.20825857142857143,0.21213071428571428,TP2,0.46732971776425003,0.012243542835460842,1,0.20854700854700856,-2.3701455852055915
SUIUSDT,LONG,1782044100,1782045900,0.7034,0.6972714285714285,0.7064642857142858,TP2,0.4540904428904429,0.008712782810024787,1,0.16723549488054537,-2.0677530885202495
TAOUSDT,LONG,1782044100,1782046800,232.4,229.17142857142858,234.01428571428573,TP2,0.47120707964602215,0.013892303909515628,1,0.28000000000000125,-2.3575502665822237
BILLUSDT,SHORT,1782049500,1782054000,0.05546,0.05648285714285715,0.05494857142857143,TP2,0.4783117318435754,0.018443150790788707,1,0.037558685446009425,2.284062233431809
XLMUSDT,SHORT,1782050400,1782051300,0.21687,0.2200257142857143,0.21529214285714288,TP2,0.47251081937527856,0.014551179442589041,1,0.29242819843341933,2.840681092395042
LABUSDT,LONG,1782052200,1782056700,14.425,13.49957142857143,14.887714285714287,SL,-1.0062349490583513,0.06415449368655605,1,0.1913544668587895,-2.2286712804612723
HYPEUSDT,SHORT,1782055800,1782060300,68.61,69.41142857142857,68.20928571428571,TP2,0.46575614973262014,0.011680929477169031,1,0.043750000000000136,2.1318422739882137
LINKUSDT,LONG,1782065700,1782067500,7.912,7.865142857142857,7.935428571428571,TP2,0.4324585365853564,0.00592228802542251,1,0.15492957746479166,-2.258144506595418
SUIUSDT,LONG,1782065700,1782067500,0.7066,0.7011571428571428,0.7093214285714285,TP2,0.44807139107610544,0.007702883021309314,1,0.11372549019607911,-2.0043472712547374
ETHUSDT,SHORT,1782067500,1782073800,1733.33,1741.6642857142856,1729.162857142857,TP2,0.4168096674665748,0.0048082510048782804,1,0.22830374753451302,2.3134700320269843
TAOUSDT,SHORT,1782071100,1782072900,238.1,240.77142857142854,236.7642857142857,TP2,0.4643486631016095,0.011219775604487869,1,0.15094339622641464,2.148671143233854
BTCUSDT,LONG,1782074700,1782075600,63941.9,63716.92857142857,64054.385714285716,SL,-1.113688925577851,0.003518372594049113,1,0.23448211099633623,-2.4312547868307846
ADAUSDT,LONG,1782075600,1782076500,0.1604,0.1592285714285714,0.1609857142857143,SL,-1.054770731707317,0.0073031706448165425,1,0.2156862745098022,-2.4203528891688557
SOLUSDT,LONG,1782075600,1782076500,73.39,72.74857142857144,73.71071428571429,SL,-1.0457665924276172,0.008739999610690375,1,0.14285714285714285,-2.9610335441194016
AAVEUSDT,LONG,1782076500,1782077400,73.8,73.0942857142857,74.15285714285714,TP2,0.45817004048583015,0.009562524196670589,1,0.2463768115942023,-2.9326080975662894
BILLUSDT,SHORT,1782087300,1782096300,0.05864,0.06003714285714285,0.05794142857142857,SL,-1.0167885480572598,0.023825764958097833,1,0.1669477234401356,2.2445139008020583
AAVEUSDT,SHORT,1782089100,1782091800,75.59,76.72857142857143,75.02071428571429,SL,-1.02655608531995,0.015062461020921078,1,0.16785714285714262,2.75074162027912
SEIUSDT,SHORT,1782089100,1782091800,0.05507,0.05571714285714286,0.05474642857142857,SL,-1.0340388520971302,0.011751277594749539,1,0.07749077490774964,2.0232424529614796
AVAXUSDT,SHORT,1782092700,1782098100,6.266,6.353428571428571,6.222285714285714,TP2,0.4713320261437908,0.013952852127125987,1,0.16363636363636497,2.0828735217422296
BTCUSDT,SHORT,1782092700,1782098100,64485.7,65071.671428571426,64192.71428571428,TP2,0.45598031108293924,0.00908684295233562,1,0.21914258536425282,2.3230439382484245
LABUSDT,LONG,1782177300,1782178200,16.26,15.554142857142859,16.612928571428572,TP2,0.4907856709168172,0.043410648392198194,1,0.16927453769559014,-2.64485185866405
BILLUSDT,SHORT,1782180000,1782183600,0.05765,0.05853142857142857,0.05720928571428571,TP2,0.47383792544570885,0.0152893073968529,1,0.1734475374732325,3.009410874906498
HYPEUSDT,SHORT,1782181800,1782186300,67.04,68.01428571428573,66.55285714285715,TP2,0.4724762463343038,0.014532901466075795,1,0.11553784860557799,2.722705899124486
AAVEUSDT,SHORT,1782182700,1782184500,75.88,76.72,75.46,TP2,0.46386666666666687,0.011070110701107083,1,0.15865384615384545,2.2571063055382576
ZECUSDT,SHORT,1782186300,1782189900,447.3,453.01,444.445,TP2,0.4686654991243483,0.012765481779566294,1,0.18505647263249322,2.28669688960341
SUIUSDT,SHORT,1782187200,1782189900,0.7282,0.7374571428571428,0.7235714285714285,TP2,0.46853456790123454,0.012712363165535366,1,0.26681127982646485,2.4552392522050215
BILLUSDT,LONG,1782189000,1782192600,0.05503,0.05380714285714286,0.05564142857142858,TP2,0.4819995327102833,0.022221645336310075,1,0.19776119402985007,-2.0545369400694167
BTCUSDT,LONG,1782189900,1782192600,63788.4,63486.7,63939.25,SL,-1.0845719588995688,0.0047297000708592975,1,0.1295199697618749,-2.3498661680531376
NEARUSDT,LONG,1782189900,1782203400,2.026,1.993428571428571,2.0422857142857143,SL,-1.024880701754386,0.01607671696516716,1,0.27027027027027106,-2.3200212242069966
ADAUSDT,LONG,1782193500,1782196200,0.1574,0.15600000000000003,0.15810000000000002,SL,-1.0449714285714287,0.008894536213468847,1,0.25423728813559276,-2.221070330941514
AVAXUSDT,LONG,1782193500,1782196200,6.232,6.170714285714286,6.262642857142858,SL,-1.0406750582750584,0.0098340363102879,1,0.13261648745519647,-2.0379942518638594
ETHUSDT,SHORT,1782260100,1782263700,1670.39,1679.2142857142858,1665.9778571428571,TP2,0.4242821434353377,0.0052827697210147,1,0.2078676799284765,2.1380924690268603
LINKUSDT,SHORT,1782260100,1782262800,7.647,7.697285714285715,7.621857142857143,TP2,0.43917159090908214,0.006575874759476177,1,0.2734375000000009,2.257781044533535
XLMUSDT,SHORT,1782262800,1782263700,0.19692,0.1984814285714286,0.19613928571428574,TP2,0.4495538883805947,0.007929253358869402,1,0.16290726817042522,2.186233763366819
BILLUSDT,SHORT,1782265500,1782266400,0.05198,0.05283142857142857,0.05155428571428571,SL,-1.024420134228188,0.016379926345297623,1,0.14218009478672872,2.929464256336924
DOTUSDT,SHORT,1782265500,1782267300,0.9159,0.9231714285714285,0.9122642857142857,TP2,0.4496165029469622,0.007939107513296791,1,0.26645768025078626,2.133640420216578
AAVEUSDT,LONG,1782268200,1782275400,72.04,71.28000000000002,72.42,SL,-1.0379157894736843,0.010549694614103234,1,0.12337662337662254,-2.167746496120763
XLMUSDT,LONG,1782268200,1782271800,0.1934,0.19156857142857142,0.19431571428571429,SL,-1.0422402496099843,0.009469641010489013,1,0.2477876106194691,-2.5585262291416977
HYPEUSDT,LONG,1782270000,1782270900,61.58,60.667142857142856,62.03642857142857,SL,-1.0269834115805947,0.014823922423792513,1,0.26470588235294085,-2.185497382167338
XRPUSDT,LONG,1782271800,1782272700,1.102,1.0956428571428574,1.1051785714285716,TP2,0.43066067415731973,0.005768732175265662,1,0.23287671232876378,-2.257672739740087
DOTUSDT,LONG,1782274500,1782278100,0.9018,0.8944285714285715,0.9054857142857143,TP2,0.45106511627906964,0.008174127934606954,1,0.22085889570552314,-2.0950433200843763
ADAUSDT,LONG,1782275400,1782277200,0.1508,0.14907142857142855,0.1516642857142857,TP2,0.465104132231397,0.01146267525577873,1,0.0,-2.1064509774104003
TAOUSDT,SHORT,1782280800,1782281700,224.2,227.0142857142857,222.79285714285714,TP2,0.4681340101522792,0.012552567860328781,1,0.22058823529411728,2.22668494244789
AAVEUSDT,SHORT,1782294300,1782296100,72.24,72.72999999999999,71.99499999999999,SL,-1.0589714285714285,0.006782945736434122,1,0.17460317460317298,2.5683122307541546
DOTUSDT,LONG,1782294300,1782299700,0.9012,0.8969142857142858,0.9033428571428571,SL,-1.0841120000000002,0.00475556400989156,1,0.15343915343915573,-2.425897161699778
ETHUSDT,LONG,1782294300,1782300600,1666.01,1657.7728571428572,1670.1285714285714,SL,-1.0809023239680897,0.004944233742380161,1,0.0577142857142852,-2.082110219006713
BILLUSDT,SHORT,1782295200,1782298800,0.05251,0.05379285714285714,0.05186857142857143,TP2,0.4836271714922049,0.024430720679054316,1,0.11440677966101664,2.5362470502839525
AVAXUSDT,LONG,1782300600,1782301500,6.371,6.3295714285714295,6.391714285714286,TP2,0.43848689655173473,0.006502679552436243,1,0.2280701754385956,-2.223894034237985
SEIUSDT,LONG,1782300600,1782301500,0.05234,0.05203142857142857,0.052494285714285716,TP2,0.4321518518518631,0.005895518314318474,1,0.23809523809523808,-2.004891076939358
AVAXUSDT,SHORT,1782302400,1782304200,6.443,6.498571428571428,6.415214285714286,TP2,0.45362365038559604,0.008625085918272308,1,0.14912280701754377,2.808504170464993
NEARUSDT,SHORT,1782302400,1782306000,1.973,1.9952857142857146,1.961857142857143,TP2,0.46458717948717465,0.011295344290782768,1,0.009009009009008,2.007373145883827
SOLUSDT,SHORT,1782302400,1782306000,69.77,70.38428571428571,69.46285714285715,TP2,0.45456837209301154,0.008804439075329108,1,0.057268722466958806,2.016301747952669
ETHUSDT,LONG,1782306900,1782308700,1654.6,1638.8357142857142,1662.482142857143,TP2,0.45801649297689906,0.009527550897066219,1,0.22336972558277085,-2.088385957552906
HYPEUSDT,LONG,1782306900,1782315900,61.04,60.03714285714286,61.54142857142857,SL,-1.0243464387464387,0.01642950758284963,1,0.22100656455142187,-3.3816708081137605
LINKUSDT,LONG,1782306900,1782308700,7.521,7.444,7.5595,TP2,0.4609298701298701,0.01023800026592208,1,0.23676880222841157,-2.5105784606466166
LABUSDT,SHORT,1782314100,1782316800,17.433,18.326285714285714,16.98635714285714,SL,-1.007806237006237,0.0512410780867157,1,0.2830315224681406,2.120041136517504
SOLUSDT,LONG,1782315900,1782320400,67.72,66.57857142857142,68.29071428571429,SL,-1.023731664580726,0.016855117711585512,1,0.28828828828829056,-2.4708568860078226
SUIUSDT,LONG,1782349200,1782362700,0.6793,0.6734857142857144,0.6822071428571429,TP2,0.45326683046683997,0.00855923114130091,1,0.19259259259259018,-2.0849797466079707
LABUSDT,SHORT,1782351000,1782352800,16.744,17.36414285714286,16.43392857142857,TP2,0.4891999078553329,0.03703672104293225,1,0.21765704584040738,2.6583403672162738
BILLUSDT,LONG,1782353700,1782355500,0.04351,0.04255571428571429,0.04398714285714286,TP2,0.4817622754491018,0.02193256065929014,1,0.18854415274463113,-2.1390890933212834
SEIUSDT,SHORT,1782354600,1782360000,0.05591,0.05665571428571429,0.05553714285714286,SL,-1.0299900383141762,0.013337762219894207,1,0.2312138728323707,2.669358230982099
XRPUSDT,LONG,1782355500,1782357300,1.0689,1.0614,1.0726499999999999,TP2,0.44299199999998495,0.007016559079427418,1,0.2036474164133735,-2.513120989914084
DOTUSDT,LONG,1782357300,1782363600,0.8823,0.8769428571428571,0.8849785714285714,TP2,0.43412160000000016,0.006071792879001327,1,0.15942028985507511,-2.063703990252426
ZECUSDT,LONG,1782358200,1782363600,410.32,405.78142857142853,412.5892857142857,TP2,0.46383707900535115,0.01106105339386686,1,0.10540115364446637,-2.0126829247869127
ADAUSDT,SHORT,1782363600,1782364500,0.1489,0.1502,0.14825000000000002,SL,-1.0458153846153848,0.008730691739422375,1,0.11111111111111209,3.214779153173582
AVAXUSDT,SHORT,1782363600,1782364500,6.479,6.548857142857143,6.444071428571428,SL,-1.0370985685071574,0.010782087182766336,1,0.11377245508982065,3.4433626944644486
BTCUSDT,SHORT,1782363600,1782364500,61315.1,61667.0,61139.15,SL,-1.0696960500142088,0.005739206166180914,1,0.13135207496652995,3.4143132745564753
SEIUSDT,SHORT,1782432900,1782433800,0.05734,0.05804,0.05699,TP2,0.4672342857142908,0.012207882804325115,1,0.26869806094182774,2.0944809081526423
DOTUSDT,LONG,1782436500,1782437400,0.8353,0.8270857142857143,0.8394071428571429,SL,-1.0406754782608696,0.009833934771083101,1,0.22292993630573082,-2.5275060376659533
AVAXUSDT,LONG,1782437400,1782440100,6.135,6.071142857142857,6.1669285714285715,SL,-1.0384295302013422,0.010408662242403095,1,0.05570291777188334,-2.066581264490626
BTCUSDT,LONG,1782437400,1782440100,59263.1,58807.75714285714,59490.771428571425,SL,-1.0520601995356718,0.007683412733097936,1,0.09090199140960624,-2.2935305739361405
LINKUSDT,LONG,1782438300,1782440100,7.166,7.104714285714286,7.196642857142858,SL,-1.0467710955710956,0.008552290578525565,1,0.06422018348623879,-2.2585255527370602
XLMUSDT,LONG,1782521100,1782522900,0.17626,0.17492142857142856,0.1769292857142857,SL,-1.0526710779082178,0.0075943006273200215,1,0.29137529137529056,-2.5401620711706716
LABUSDT,LONG,1782524700,1782525600,17.372,16.35157142857143,17.882214285714284,TP2,0.4931903121937544,0.058739844084076155,1,0.23903050564145417,-2.9135059000402332
ETHUSDT,SHORT,1782526500,1782538200,1580.4,1588.7914285714287,1576.2042857142858,TP2,0.4246659856996936,0.005309686516975812,1,0.14725175299706145,2.1242598512851116
XRPUSDT,SHORT,1782526500,1782527400,1.0547,1.061157142857143,1.0514714285714286,SL,-1.065335398230088,0.006122255482263115,1,0.28140703517587745,2.293154574468023
BTCUSDT,SHORT,1782527400,1782530100,60269.5,60527.77142857143,60140.364285714284,TP2,0.40665711599092913,0.004285275779149151,1,0.20500948766603191,2.979150146341992
DOTUSDT,SHORT,1782528300,1782530100,0.858,0.8644428571428572,0.8547785714285714,TP2,0.44673170731707335,0.007509157509157532,1,0.24307692307692216,2.6039087969952157
ZECUSDT,LONG,1782530100,1782533700,413.69,408.5314285714286,416.26928571428573,TP2,0.46792212683467727,0.012469654641329049,1,0.2842750766535245,-2.983738993472539
AAVEUSDT,LONG,1782532800,1782533700,92.62,90.22000000000001,93.82000000000001,TP2,0.4845633333333363,0.025912329950334632,1,0.2607407407407413,-2.0905639820622075
BILLUSDT,LONG,1782532800,1782533700,0.04049,0.03980714285714285,0.04083142857142857,TP2,0.4762820083681958,0.016864834350633337,1,0.2960893854748582,-2.206588021478146
ADAUSDT,LONG,1782538200,1782540000,0.1473,0.14589999999999997,0.148,TP2,0.4579142857142857,0.00950441276306857,1,0.04347826086956487,-2.1720221212139728
HYPEUSDT,LONG,1782540900,1782542700,63.287,62.522285714285715,63.669357142857145,TP2,0.46689639454511955,0.012083275960533536,1,0.0836065573770492,-2.1027716053716734
TAOUSDT,SHORT,1782542700,1782543600,214.6,216.15714285714284,213.82142857142856,TP2,0.44487339449542196,0.007256024497403812,1,0.23076923076922884,2.0079973606317125
BTCUSDT,SHORT,1782547200,1782549900,60516.1,60770.642857142855,60388.82857142857,TP2,0.4049023010439027,0.004206200616742612,1,0.2718853362734314,2.204385948091708
LABUSDT,LONG,1782549000,1782555300,18.559,17.747857142857143,18.96457142857143,SL,-1.0091520253610426,0.04370617259242721,1,0.10815709969788563,-3.1732238303371183
NEARUSDT,LONG,1782549900,1782551700,1.794,1.776857142857143,1.8025714285714287,TP2,0.45814000000000654,0.009555661729574798,1,0.13402061855670067,-2.056883378018636
SUIUSDT,LONG,1782551700,1782567900,0.7019,0.693,0.70635,TP2,0.468453932584276,0.012679868927197656,1,0.15124153498871304,-2.1151733345244814
XLMUSDT,SHORT,1782558000,1782558900,0.17609,0.17748285714285714,0.17539357142857143,TP2,0.44943056410256443,0.007909916195452053,1,0.29051094890511253,2.2897314554464887
BILLUSDT,LONG,1782558900,1782565200,0.03973,0.03917142857142857,0.04000928571428571,TP2,0.47154884910485306,0.014059185214483442,1,0.23913043478260854,-2.313446719229414
BTCUSDT,LONG,1782559800,1782561600,60237.7,60052.28571428571,60330.40714285714,TP2,0.37004733800754935,0.0030780439112762245,1,0.14539877300613416,-2.466095572883889
AAVEUSDT,SHORT,1782561600,1782562500,96.99,98.71142857142857,96.12928571428571,TP2,0.4774629045643113,0.017748516047309756,1,0.17259552042160606,2.7574037055124325
NEARUSDT,SHORT,1782561600,1782562500,1.821,1.836857142857143,1.8130714285714284,TP2,0.454064864864865,0.008707931277947787,1,0.21951219512195122,2.481333342661525
ETHUSDT,SHORT,1782565200,1782567900,1585.02,1590.5442857142857,1582.2578571428571,SL,-1.114767416602017,0.003485309784283936,1,0.08270676691729452,2.023936142859507
XRPUSDT,SHORT,1782565200,1782569700,1.0601,1.0649428571428572,1.0576785714285715,SL,-1.0875598820058996,0.004568302181734882,1,0.12133891213389626,2.029791027490717
SOLUSDT,SHORT,1782566100,1782569700,72.2,72.64,71.98,SL,-1.0656363636363637,0.006094182825484761,1,0.026785714285709358,2.155734413516899
BTCUSDT,SHORT,1782568800,1782573300,60550.0,60762.22857142857,60443.885714285716,SL,-1.1141222401723216,0.003505013566120069,1,0.2573919189539466,2.0110286626748937
NEARUSDT,SHORT,1782605700,1782609300,1.911,1.9505714285714284,1.8912142857142857,TP2,0.4806830324909774,0.02070718397248999,1,0.24742268041237112,2.300372837641973
BILLUSDT,SHORT,1782606600,1782616500,0.04001,0.040805714285714285,0.03961214285714285,SL,-1.0201127468581688,0.01988788517156425,1,0.08977035490605445,2.317851967974443
SEIUSDT,LONG,1782608400,1782619200,0.05005,0.049628571428571425,0.050260714285714284,TP2,0.4524949152542374,0.008420151277294159,1,0.19354838709677671,-2.469274392078655
LINKUSDT,LONG,1782613800,1782616500,7.276,7.237142857142857,7.295428571428571,TP2,0.42510000000000003,0.005340453938584784,1,0.1308900523560223,-2.223101369820801
ADAUSDT,LONG,1782623700,1782627300,0.1446,0.14361428571428572,0.14509285714285716,SL,-1.058678260869565,0.00681683461766451,1,0.23809523809523936,-2.0015407135787417
BTCUSDT,LONG,1782623700,1782624600,59989.1,59780.34285714285,60093.47857142857,SL,-1.1149452405392446,0.003479917899370808,1,0.1547458855190988,-2.547382602693634
SOLUSDT,LONG,1782623700,1782630900,70.51,70.08571428571429,70.72214285714286,TP2,0.4335259259259091,0.006017383552484953,1,0.1160220994475217,-2.237380227485926
AAVEUSDT,LONG,1782627300,1782631800,93.32,91.78999999999999,94.085,SL,-1.024397385620915,0.016395199314187734,1,0.014888337468983243,-2.077993445994748
HYPEUSDT,SHORT,1782630900,1782636300,62.345,62.97114285714286,62.03192857142857,SL,-1.0398279717088752,0.010043192832510331,1,0.21636564688536414,2.196224656227726
ADAUSDT,SHORT,1782636300,1782638100,0.1461,0.1475142857142857,0.14539285714285716,TP2,0.45867878787878774,0.009680258140217038,1,0.11428571428571395,2.2851244245088895
BTCUSDT,SHORT,1782636300,1782638100,60416.9,60703.328571428574,60273.68571428572,TP2,0.41562727182043585,0.004740868389946693,1,0.16929836605794063,2.296930994645152
SOLUSDT,SHORT,1782637200,1782640800,71.87,72.49714285714288,71.55642857142857,TP2,0.4541603644646931,0.00872607286966558,1,0.29919137466307083,2.2904192324751227
DOTUSDT,LONG,1782640800,1782648000,0.8051,0.7978142857142858,0.8087428571428572,TP2,0.4557984313725566,0.009049452596838002,1,0.1533742331288325,-2.029461936866533
SEIUSDT,LONG,1782640800,1782648000,0.04991,0.04954142857142858,0.050094285714285716,TP2,0.4458341085271318,0.0073847210693534044,1,0.209090909090908,-2.539814964514377
LABUSDT,LONG,1782642600,1782643500,16.925,16.39985714285714,17.18757142857143,TP2,0.48710826985854194,0.03102764296265045,1,0.016594516594516377,-2.015417119120541
ZECUSDT,SHORT,1782657000,1782659700,389.86,395.9957142857143,386.7921428571429,TP2,0.47458421420255653,0.015738250360935443,1,0.017667844522968535,2.3896218041278745
BTCUSDT,LONG,1782662400,1782666900,59865.4,59532.05714285714,60032.07142857143,SL,-1.0718364275306418,0.005568205627004219,1,0.19383033419022888,-2.118980375454636
ETHUSDT,LONG,1782663300,1782665100,1577.81,1567.2657142857142,1583.0821428571428,SL,-1.0598545996477442,0.006682861506953123,1,0.09577221742882182,-2.2322077905527533
ADAUSDT,LONG,1782664200,1782676800,0.1437,0.14237142857142857,0.14436428571428572,SL,-1.0432645161290321,0.009245451834178377,1,0.27999999999999825,-2.0951397064659334
NEARUSDT,LONG,1782666900,1782684000,1.836,1.8092857142857144,1.849357142857143,SL,-1.027490909090909,0.01455026455026457,1,0.26785714285714446,-2.729166666666693
SUIUSDT,LONG,1782667800,1782669600,0.6797,0.6729571428571428,0.6830714285714286,TP2,0.45967881355932205,0.009920343008470129,1,0.24817518248175102,-2.3225438791856243
AAVEUSDT,SHORT,1782669600,1782672300,89.96,91.33142857142857,89.27428571428571,TP2,0.4737616666666616,0.015244870736200254,1,0.13966480446927362,2.580710404707912
HYPEUSDT,LONG,1782671400,1782684000,62.053,61.22971428571429,62.464642857142856,SL,-1.0301489501995489,0.013267460304670395,1,0.25808956769350244,-2.6243301765737828
AVAXUSDT,SHORT,1782677700,1782678600,6.397,6.461857142857143,6.364571428571429,SL,-1.0394528634361233,0.010138681078183965,1,0.2313432835820877,3.1797701355518067
SEIUSDT,SHORT,1782678600,1782684000,0.05008,0.05054142857142857,0.049849285714285714,TP2,0.4565869969040247,0.009213829301688717,1,0.1737089201877945,2.9935105576984222
DOTUSDT,SHORT,1782679500,1782682200,0.8121,0.8194,0.80845,TP2,0.4555013698630212,0.00898904075852726,1,0.0607734806629861,2.101478842916371
XLMUSDT,SHORT,1782680400,1782683100,0.17215,0.17407285714285714,0.1711885714285714,TP2,0.46418870728083933,0.011169661009916601,1,0.19321148825065462,2.170632249305425
TAOUSDT,LONG,1782682200,1782684900,204.0,201.9714285714286,205.0142857142857,TP2,0.45977464788732375,0.009943977591036365,1,0.2605042016806717,-2.05701106634581
BILLUSDT,SHORT,1782684900,1782685800,0.04386,0.04499142857142858,0.043294285714285716,TP2,0.4844939393939394,0.025796365057651,1,0.07462686567164269,2.329889204586877
BTCUSDT,LONG,1782685800,1782687600,59358.0,58944.05714285714,59564.97142857143,SL,-1.057358641634456,0.006973665843573856,1,0.09348664009929976,-2.1613995517176394
ETHUSDT,LONG,1782686700,1782689400,1560.34,1544.9571428571428,1568.0314285714285,TP2,0.45942652303120357,0.009858657179112983,1,0.20087256862389075,-2.641743186020015
SUIUSDT,LONG,1782686700,1782690300,0.6761,0.6681857142857143,0.6800571428571429,TP2,0.46582888086642604,0.011705791620005518,1,0.23934426229508218,-2.5151590049140746
LINKUSDT,SHORT,1782690300,1782692100,7.273,7.352571428571428,7.233214285714285,TP2,0.46343913824057437,0.010940661153778118,1,0.08868501529052059,2.0151516546923913
SOLUSDT,SHORT,1782690300,1782692100,71.47,72.57285714285713,70.91857142857143,TP2,0.47407823834197527,0.015431049991005157,1,0.07456140350877265,2.3348097561876338
AAVEUSDT,SHORT,1782691200,1782692100,91.66,93.42857142857143,90.77571428571429,TP2,0.4792691437802868,0.01929490975967085,1,0.21923620933521862,2.417381349545653
NEARUSDT,LONG,1782693000,1782694800,1.808,1.7718571428571428,1.8260714285714286,TP2,0.47999051383398905,0.019990518331226302,1,0.08333333333333344,-2.030252596458693
SEIUSDT,LONG,1782693000,1782693900,0.04897,0.04833,0.04929,TP2,0.46939375000000005,0.013069226056769466,1,0.06707317073170631,-2.271720556255603
XRPUSDT,LONG,1782693000,1782694800,1.0366,1.0236857142857143,1.043057142857143,TP2,0.4678929203539909,0.0124583115129131,1,0.12741312741312552,-2.0823134747233834
DOTUSDT,SHORT,1782694800,1782699300,0.8179,0.8329285714285714,0.8103857142857143,TP2,0.47823079847908745,0.01837458299128429,1,0.1477663230240539,2.1857247476766823
AVAXUSDT,SHORT,1782697500,1782699300,6.51,6.635857142857143,6.447071428571428,TP2,0.4793098751418842,0.019332894448101826,1,0.16850393700787417,2.109463802476698
ETHUSDT,LONG,1782699300,1782700200,1554.81,1531.1585714285713,1566.6357142857141,TP2,0.4737045904807876,0.015211780585041622,1,0.13068783068783255,-2.012395931834728
HYPEUSDT,SHORT,1782700200,1782710100,62.335,63.426857142857145,61.78907142857143,TP2,0.4771636791835634,0.017515956410638387,1,0.13198809130003356,2.319910265874547
NEARUSDT,SHORT,1782701100,1782710100,1.854,1.8942857142857144,1.8338571428571429,TP2,0.4815914893617049,0.021729079981507204,1,0.16317991631799125,2.0182541052235647
ZECUSDT,SHORT,1782701100,1782709200,381.29,389.4585714285715,377.2057142857143,TP2,0.48132892619797135,0.02142351341123931,1,0.19541455611836836,2.8464064290408473
BILLUSDT,SHORT,1782712800,1782716400,0.0439,0.04500714285714286,0.04334642857142857,TP2,0.4841393548387128,0.02521965506020178,1,0.11764705882352941,3.0190494809031945
XLMUSDT,SHORT,1782714600,1782716400,0.17495,0.17712999999999998,0.17386,TP2,0.4678990825688136,0.01246070305801655,1,0.210445468509984,2.0124450633335496
DOTUSDT,LONG,1782721800,1782725400,0.8114,0.8043857142857144,0.8149071428571428,TP2,0.4537287169042768,0.008644670586992467,1,0.2762430939226504,-2.3384707585110567
LABUSDT,SHORT,1782721800,1782728100,14.686,15.454428571428572,14.301785714285714,TP2,0.49235530767800706,0.05232388474932398,1,0.28610354223433226,2.621794958663604
HYPEUSDT,SHORT,1782729900,1782731700,63.493,64.17657142857142,63.15121428571429,TP2,0.4628463113897647,0.010766091200154742,1,0.23202755058114402,2.265584056021338
BILLUSDT,LONG,1782731700,1782734400,0.04289,0.041895714285714286,0.04338714285714285,TP2,0.48274540229885055,0.02318222695933116,1,0.22727272727272813,-2.257555599129226
AAVEUSDT,SHORT,1782735300,1782737100,93.28,94.62428571428572,92.60785714285714,TP2,0.472243995749203,0.01441129625091891,1,0.239700374531834,2.612615786051273
ADAUSDT,SHORT,1782735300,1782737100,0.1465,0.14824285714285712,0.1456285714285714,TP2,0.46637704918033573,0.011896635787420734,1,0.22222222222222138,2.863588271468946
BTCUSDT,SHORT,1782735300,1782737100,60650.3,61165.385714285716,60392.75714285715,TP2,0.45290080985134235,0.008492715028379316,1,0.28431468599980253,3.4684674722217617
BTCUSDT,LONG,1782740700,1782747900,59428.8,58667.18571428572,59809.607142857145,TP2,0.4687879804175342,0.012815575709324201,1,0.10901928981057754,-2.440915797386238
AAVEUSDT,LONG,1782742500,1782747900,89.77,87.97999999999999,90.66499999999999,TP2,0.4799396648044653,0.019939846273810877,1,0.2097186700767262,-2.9519835092384112
ADAUSDT,LONG,1782742500,1782744300,0.1433,0.14084285714285716,0.14452857142857145,TP2,0.4766720930232614,0.01714684478117831,1,0.1238095238095236,-2.1464373674529935
LABUSDT,SHORT,1782745200,1782746100,15.175,15.737142857142858,14.893928571428573,TP2,0.48920203303684723,0.03704401035537772,1,0.16090584028605473,2.4259503457542606
BILLUSDT,SHORT,1782746100,1782747900,0.04551,0.04684857142857143,0.04484071428571429,SL,-1.0135995731056564,0.02941268794927328,1,0.22028985507246396,3.3828676835564955
TAOUSDT,LONG,1782746100,1782747900,201.8,197.72857142857143,203.8357142857143,TP2,0.48017403508771583,0.020175562792014743,1,0.25423728813559254,-2.0850733594018025
ADAUSDT,SHORT,1782753300,1782767700,0.1477,0.15005714285714286,0.14652142857142858,TP2,0.47493575757575174,0.01595899023116357,1,0.09219858156028318,2.9072775326941276
AVAXUSDT,SHORT,1782753300,1782757800,6.791,6.9192857142857145,6.726857142857143,TP2,0.47882538975501454,0.018890548414918898,1,0.18378378378378368,2.5846427797033953
DOTUSDT,SHORT,1782753300,1782757800,0.8365,0.8489857142857143,0.8302571428571429,TP2,0.4732013729977072,0.014926137819144382,1,0.11392405063291139,2.8794110087410356
LABUSDT,LONG,1782770400,1782773100,14.302,13.934571428571429,14.485714285714286,SL,-1.015569828926905,0.025690712587650055,1,0.27376425855513375,-2.7507900993204273
NEARUSDT,LONG,1782770400,1782771300,1.858,1.8304285714285715,1.8717857142857144,TP2,0.47304455958549224,0.014839304936183304,1,0.14285714285714285,-2.1751412513143316
ADAUSDT,LONG,1782773100,1782776700,0.1466,0.14544285714285715,0.14717857142857144,SL,-1.0506765432098761,0.007893198206977248,1,0.2608695652173916,-2.2052300105940823
ETHUSDT,LONG,1782774000,1782779400,1612.37,1602.8542857142854,1617.127857142857,SL,-1.0677771505779907,0.005901693957165148,1,0.2798080472499089,-2.073266988816174
LINKUSDT,LONG,1782774000,1782779400,7.407,7.364714285714285,7.428142857142857,SL,-1.0700662162162162,0.0057088854172693835,1,0.24427480916030514,-2.6072500472699076
HYPEUSDT,LONG,1782779400,1782810000,66.078,65.06771428571429,66.58314285714286,SL,-1.0261621040723983,0.015289290146277348,1,0.15491100856954568,-2.4473637932909877
TAOUSDT,LONG,1782780300,1782782100,206.7,205.14285714285714,207.47857142857143,SL,-1.0530972477064218,0.00753334715598869,1,0.2911392405063314,-2.660184807603404
ZECUSDT,LONG,1782780300,1782810000,401.43,395.3771428571428,404.4564285714286,SL,-1.026528298324286,0.015078238155736164,1,0.2789775231379484,-2.7629465840392218
XLMUSDT,SHORT,1782864000,1782865800,0.18902,0.19185,0.187605,SL,-1.0267166077738517,0.014971960639085808,1,0.15308641975308487,2.583894707762993
AAVEUSDT,SHORT,1782864900,1782866700,86.08,86.96714285714286,85.63642857142857,TP2,0.46118776167471826,0.010306027615507182,1,0.17194570135746604,2.6922180149097192
ADAUSDT,LONG,1782868500,1782869400,0.1428,0.14145714285714286,0.14347142857142858,TP2,0.4574638297872341,0.00940376150460186,1,0.24528301886792372,-3.2804752117911278
DOTUSDT,LONG,1782868500,1782869400,0.812,0.8041571428571429,0.8159214285714286,TP2,0.45858652094716956,0.00965869106263194,1,0.21813031161472887,-2.84839517781022
ETHUSDT,LONG,1782868500,1782869400,1563.12,1552.1285714285714,1568.6157142857141,TP2,0.44311494671172363,0.007031724097592388,1,0.2885763000852537,-2.5108796536420996
ADAUSDT,SHORT,1782870300,1782873900,0.1449,0.14655714285714286,0.14407142857142857,SL,-1.0349758620689655,0.011436458641427585,1,0.17647058823529507,2.5635015634543104
AVAXUSDT,SHORT,1782870300,1782875700,6.572,6.639857142857143,6.5380714285714285,SL,-1.0387402105263157,0.010325189113990137,1,0.08013937282230119,2.281974804554085
BTCUSDT,SHORT,1782870300,1782882000,58865.4,59364.41428571429,58615.89285714286,SL,-1.0471853425324211,0.00847720877993328,1,0.07938337415358201,2.1078746445189607
LABUSDT,LONG,1782872100,1782873000,12.641,12.272285714285715,12.825357142857143,SL,-1.0137135993800852,0.02916812639144733,1,0.18758557736193524,-2.8244788541207386
SUIUSDT,SHORT,1782874800,1782876600,0.7013,0.7103428571428572,0.6967785714285715,TP2,0.46897883096366516,0.012894420565887866,1,0.2621951219512189,2.6865203524626056
BILLUSDT,LONG,1782951300,1782958500,0.04308,0.041915714285714285,0.04366214285714286,SL,-1.014800490797546,0.027026130786576508,1,0.2662721893491123,-2.550716415077577
ETHUSDT,LONG,1782951300,1782956700,1605.82,1590.4957142857143,1613.482142857143,TP2,0.4580843106180741,0.009542966032485426,1,0.26569628503150045,-2.0434403964366257
XLMUSDT,LONG,1782952200,1782954900,0.19291,0.18984714285714285,0.19444142857142857,TP2,0.47480652985074634,0.01587712997178554,1,0.2800361336946705,-2.824688793580295
LABUSDT,SHORT,1782955800,1782957600,9.172,9.496571428571428,9.009714285714287,TP2,0.4886964788732394,0.03538720328951462,1,0.061728395061727635,2.572816589917743
NEARUSDT,SHORT,1782956700,1782963000,1.895,1.9302857142857144,1.8773571428571427,TP2,0.478518218623485,0.018620429702223957,1,0.2970297029702959,2.0890698777362533
BTCUSDT,SHORT,1782963900,1782972000,60785.8,61246.04285714286,60555.67857142857,TP2,0.4471706738678416,0.007571552190525694,1,0.15473635090993812,2.1998653700879798
ETHUSDT,SHORT,1782963900,1782971100,1634.25,1649.6228571428571,1626.5635714285713,TP2,0.457477000278792,0.009406674096898982,1,0.18487512208734458,2.1195364849906477
LINKUSDT,SHORT,1782963900,1782971100,7.505,7.568857142857143,7.473071428571428,TP2,0.45298881431767357,0.008508613305415474,1,0.1614583333333343,2.3095288994929715
TAOUSDT,LONG,1782972900,1782973800,203.7,201.38571428571427,204.85714285714286,TP2,0.46479259259259886,0.011361245529139542,1,0.072164948453608,-2.1911790621140756
SEIUSDT,LONG,1782976500,1782981000,0.04718,0.04658428571428571,0.04747785714285714,TP2,0.46832038369303985,0.012626415551383802,1,0.16153846153846438,-2.057474044122078
NEARUSDT,SHORT,1782981000,1782983700,1.934,1.9604285714285714,1.920785714285714,TP2,0.47072864864865294,0.013665238587679146,1,0.21495327102803657,2.476851688320612
ADAUSDT,SHORT,1782982800,1782983700,0.1565,0.15814285714285714,0.15567857142857142,TP2,0.4618956521739217,0.010497489730716628,1,0.14285714285714374,2.0592249037890853
BILLUSDT,LONG,1782983700,1782988200,0.04155,0.040498571428571425,0.04207571428571428,TP2,0.4841929347826054,0.02530514010658412,1,0.15662650602409658,-2.6465511225414975
SOLUSDT,SHORT,1782984600,1782985500,78.77,79.46142857142857,78.42428571428572,SL,-1.0455694214876032,0.008777816064854284,1,0.22181818181818275,2.599428533531145
XRPUSDT,SHORT,1782984600,1782985500,1.0672,1.0731857142857142,1.0642071428571427,SL,-1.0713164677804294,0.0056088027414864065,1,0.12802768166089454,2.033428203113592
AVAXUSDT,SHORT,1782985500,1782990900,6.753,6.803857142857143,6.727571428571429,SL,-1.0531134831460678,0.007531044403545474,1,0.12643678160919758,2.9030550917464586
AAVEUSDT,SHORT,1782986400,1782990000,85.59,86.46428571428572,85.15285714285714,SL,-1.0391588235294116,0.010214811476641161,1,0.19241192411923738,2.4083444262151397
BTCUSDT,SHORT,1782986400,1782998100,61147.6,61608.82857142857,60916.985714285714,SL,-1.0530301926531624,0.007542872842573891,1,0.14876819176258166,2.3979091366312493
SEIUSDT,SHORT,1783036800,1783037700,0.04819,0.048588571428571425,0.04799071428571428,TP2,0.45163727598566333,0.008270832715738342,1,0.26829268292682945,2.82815112989
BTCUSDT,LONG,1783038600,1783040400,61270.0,61044.15714285714,61382.921428571426,TP2,0.39148206717690803,0.003686026720138017,1,0.20712825007303362,-2.3514636501847725
LABUSDT,LONG,1783038600,1783042200,9.934,9.190571428571428,10.305714285714284,TP2,0.49465503458877663,0.07483677989013203,1,0.08598726114649666,-2.1384584762695087
BILLUSDT,SHORT,1783040400,1783044900,0.0459,0.04704,0.04533,TP2,0.4838947368421082,0.024836601307189503,1,0.2313043478260884,2.032734371875528
ADAUSDT,SHORT,1783041300,1783043100,0.1631,0.16505714285714285,0.16212142857142856,SL,-1.033334306569343,0.011999649645265847,1,0.2600000000000024,2.9867692811145408
DOTUSDT,SHORT,1783041300,1783049400,0.847,0.8533428571428572,0.8438285714285714,SL,-1.0534144144144142,0.007488615280823091,1,0.16715542521993748,2.898429135332296
LINKUSDT,SHORT,1783044000,1783044900,7.81,7.866285714285714,7.781857142857143,TP2,0.4444974619289339,0.007206877629412827,1,0.23954372623573966,2.083469547214268
AAVEUSDT,LONG,1783048500,1783049400,85.72,84.92285714285714,86.11857142857143,TP2,0.4569863799283156,0.009299380041330622,1,0.08805031446540898,-2.004888979450679
ZECUSDT,LONG,1783048500,1783055700,427.02,421.3685714285714,429.8457142857143,TP2,0.46977613751263914,0.013234575831175563,1,0.20230263157894807,-2.9557672004412248
XRPUSDT,SHORT,1783058400,1783075500,1.0994,1.1071571428571427,1.0955214285714285,SL,-1.0566909760589323,0.007055796668312531,1,0.2582417582417606,2.3513507559585376
DOTUSDT,SHORT,1783059300,1783068300,0.8532,0.8609,0.8493499999999999,SL,-1.0443220779220779,0.009024847632442599,1,0.19480519480519246,2.1527671762434
TAOUSDT,SHORT,1783059300,1783061100,214.5,217.07142857142858,213.21428571428572,TP2,0.4666333333333279,0.011988011988012026,1,0.17460317460317337,2.137225237020543
BILLUSDT,LONG,1783062900,1783065600,0.04423,0.04320142857142857,0.04474428571428571,TP2,0.48279944444444106,0.023255062820968286,1,0.21535181236673648,-3.3700420708141903
SEIUSDT,SHORT,1783063800,1783067400,0.04937,0.04993999999999999,0.049085,TP2,0.4653543859649182,0.011545472959286956,1,0.2439024390243915,2.594962881337543
AAVEUSDT,SHORT,1783068300,1783069200,86.58,87.45857142857143,86.14071428571428,TP2,0.4605814634146342,0.010147510147510157,1,0.13772455089820215,2.241178891205914
ADAUSDT,SHORT,1783069200,1783075500,0.1665,0.16835714285714287,0.1655714285714286,SL,-1.0358615384615384,0.011154011154011188,1,0.1466666666666652,2.1234690037426422
XLMUSDT,SHORT,1783071000,1783071900,0.20215,0.20465571428571427,0.20089714285714286,TP2,0.4677297605473204,0.012395321720080562,1,0.29457973291437595,2.1718515573349504
SUIUSDT,SHORT,1783073700,1783080900,0.7456,0.7526428571428572,0.7420785714285715,SL,-1.0423464503042597,0.009445892090741877,1,0.2103559870550179,2.6102428074995254
SOLUSDT,SHORT,1783076400,1783088100,81.52,82.30571428571427,81.12714285714286,TP2,0.45849890909090896,0.009638300855180124,1,0.1380471380471424,2.315479601104849
XRPUSDT,SHORT,1783076400,1783081800,1.1088,1.1179142857142856,1.104242857142857,TP2,0.45133793103449504,0.008219954648526087,1,0.14038876889848836,2.2122958624299525
AAVEUSDT,SHORT,1783124100,1783125000,88.08,88.91571428571427,87.66214285714285,TP2,0.45784205128205946,0.009488127676138498,1,0.12182741116751333,2.8702875653014384
DOTUSDT,LONG,1783125900,1783127700,0.8767,0.8689714285714286,0.8805642857142858,SL,-1.04537449168207,0.008815525754045244,1,0.16249999999999762,-2.3732671996289105
HYPEUSDT,SHORT,1783125900,1783127700,71.228,71.96371428571427,70.86014285714285,TP2,0.46127409708738804,0.010329003842790483,1,0.2795242141036514,2.1145508578222865
AVAXUSDT,LONG,1783127700,1783136700,6.888,6.827571428571428,6.918214285714286,TP2,0.4544056737588653,0.008773021403683443,1,0.23913043478260596,-2.5585194140855183
ETHUSDT,LONG,1783127700,1783136700,1747.41,1736.3628571428571,1752.9335714285714,TP2,0.4367289796973908,0.006322009635485039,1,0.10990247561890111,-2.747648403825784
NEARUSDT,LONG,1783128600,1783149300,2.015,1.985285714285714,2.0298571428571432,SL,-1.0271249999999998,0.01474654377880195,1,0.11267605633802799,-2.4602903135116203
XLMUSDT,SHORT,1783129500,1783130400,0.20599,0.20855285714285715,0.20470857142857143,TP2,0.4678499442586399,0.012441658055522813,1,0.03410852713178257,2.049436490413337
LABUSDT,SHORT,1783133100,1783134000,6.447,6.820571428571428,6.2602142857142855,SL,-1.0069030975143403,0.05794500210507655,1,0.27463863337713523,3.570156873009504
SOLUSDT,SHORT,1783136700,1783140300,82.69,83.27285714285715,82.39857142857143,SL,-1.0567480392156856,0.007048701691342953,1,0.1775700934579406,2.0529750031326577
BILLUSDT,SHORT,1783138500,1783139400,0.04229,0.04331428571428572,0.041777857142857144,TP2,0.4834850767085043,0.024220518190723992,1,0.25688073394495303,3.483820077215015
HYPEUSDT,SHORT,1783139400,1783142100,71.905,72.81885714285714,71.44807142857142,TP2,0.46852680944193376,0.012709229439637657,1,0.2600200400801592,2.305334378380178
XRPUSDT,SHORT,1783140300,1783143000,1.1452,1.1557428571428572,1.1399285714285714,TP2,0.45655067750677497,0.009206127438750544,1,0.25339366515836687,3.0343327328272456
AAVEUSDT,LONG,1783146600,1783163700,87.6,86.49,88.15499999999999,TP2,0.46843243243242594,0.012671232876712277,1,0.11073253833049439,-2.7991596243443904
AVAXUSDT,LONG,1783146600,1783158300,6.862,6.813571428571429,6.886214285714286,SL,-1.056677286135693,0.007057500936836434,1,0.029702970297030572,-2.0891480284464725
TAOUSDT,LONG,1783151100,1783152000,212.6,210.88571428571427,213.45714285714286,TP2,0.4503933333333333,0.00806343233436366,1,0.17857142857142785,-2.7105298701102005
ETHUSDT,SHORT,1783155600,1783158300,1761.35,1770.2114285714283,1756.9192857142857,TP2,0.4204936321134929,0.005031043558309537,1,0.22046353872243868,2.1055543972170647
ZECUSDT,LONG,1783156500,1783162800,458.38,453.3242857142857,460.90785714285715,TP2,0.4637337100875955,0.011029526344330704,1,0.1432280398096066,-2.3783501038471453
HYPEUSDT,LONG,1783163700,1783167300,70.542,69.93342857142858,70.84628571428571,TP2,0.45363436619718317,0.008627079308375567,1,0.17631806395851557,-2.017594598184194
ADAUSDT,SHORT,1783165500,1783171800,0.1769,0.17835714285714285,0.17617142857142856,SL,-1.0485607843137255,0.008237099248970375,1,0.014925373134330832,2.089404855029663
BILLUSDT,SHORT,1783168200,1783172700,0.04286,0.04369714285714286,0.042441428571428574,TP2,0.47952081911262795,0.019532031197920127,1,0.23960396039603954,2.7039077392230166
ETHUSDT,SHORT,1783168200,1783171800,1762.25,1768.26,1759.245,SL,-1.11728785357737,0.0034104128245141473,1,0.2384879725085937,2.19616629703398
XLMUSDT,LONG,1783169100,1783171800,0.20365,0.20097428571428572,0.20498785714285714,TP2,0.469555792845702,0.013138788537757316,1,0.26145038167938817,-2.584625129917238
LINKUSDT,SHORT,1783174500,1783178100,7.975,8.022571428571428,7.951214285714285,SL,-1.0670570570570566,0.005965069413345311,1,0.273469387755099,2.297597843665249
NEARUSDT,SHORT,1783174500,1783175400,1.992,2.0127142857142855,1.9816428571428573,SL,-1.0384662068965518,0.010398737808376333,1,0.23711340206185533,2.8366034273776672
SEIUSDT,SHORT,1783174500,1783178100,0.04969,0.05001571428571428,0.04952714285714285,SL,-1.061022807017544,0.006554926257079601,1,0.26373626373626513,2.418331434049145
SOLUSDT,SHORT,1783178100,1783187100,81.99,82.59571428571428,81.68714285714285,SL,-1.0541443396226413,0.007387660516090829,1,0.14594594594594537,2.540552204605815
SUIUSDT,LONG,1783209600,1783211400,0.7615,0.7546142857142857,0.7649428571428571,SL,-1.0442365145228216,0.009042303723853281,1,0.28374655647383246,-2.1088605505635813
HYPEUSDT,LONG,1783210500,1783215000,69.516,68.92414285714285,69.81192857142858,SL,-1.0469816075307747,0.008513970062390599,1,0.08211678832116676,-2.3507067848450616
TAOUSDT,LONG,1783210500,1783215000,215.8,213.82857142857145,216.7857142857143,SL,-1.0437855072463769,0.009135442870382598,1,0.16190476190476083,-2.093961904837851
SOLUSDT,LONG,1783212300,1783215000,81.35,80.86,81.595,SL,-1.066408163265306,0.006023355869698844,1,0.212121212121211,-2.204694410700945
DOTUSDT,LONG,1783297800,1783299600,0.8748,0.8649571428571429,0.8797214285714285,TP2,0.4644493468795299,0.011251551375008158,1,0.15439429928740964,-2.0696210425461445
LABUSDT,LONG,1783297800,1783298700,16.043,15.469,16.33,TP2,0.4888202090592319,0.03577884435579378,1,0.2989281460897167,-3.004156968948152
SEIUSDT,LONG,1783297800,1783299600,0.04931,0.04868714285714286,0.04962142857142857,TP2,0.46833302752294137,0.012631456963235515,1,0.1073825503355688,-2.3817410452557817
BILLUSDT,SHORT,1783302300,1783303200,0.04367,0.04453571428571428,0.043237142857142856,SL,-1.0201775577557757,0.01982400471065457,1,0.18706697459584343,3.128903062420362
NEARUSDT,LONG,1783303200,1783305000,2.003,1.9667142857142859,2.0211428571428574,TP2,0.4779196850393732,0.01811568361743101,1,0.13513513513513514,-2.043010310554537
ZECUSDT,LONG,1783303200,1783312200,459.3,453.32,462.29,SL,-1.0307224080267559,0.013019812758545652,1,0.09576242909576213,-2.5192591969220137
AAVEUSDT,LONG,1783304100,1783305000,87.97,86.98714285714286,88.46142857142857,TP2,0.4641982558139535,0.011172640023384611,1,0.11233885819521125,-2.696610087235078
BTCUSDT,LONG,1783308600,1783330200,63202.5,62766.014285714286,63420.74285714285,SL,-1.05791942135236,0.006906146343668563,1,0.14622600157797863,-2.1768719872162494
SOLUSDT,LONG,1783308600,1783340100,80.65,79.75142857142858,81.09928571428573,SL,-1.035901430842607,0.011141617217252714,1,0.24087591240875625,-2.2111877852157105
AVAXUSDT,SHORT,1783313100,1783314900,6.951,7.015714285714285,6.918642857142856,TP2,0.4570357615894108,0.00931006843825142,1,0.1111111111111111,2.365083404224049
ADAUSDT,LONG,1783314000,1783316700,0.1865,0.18434285714285711,0.18757857142857143,SL,-1.0345827814569533,0.011566449636154838,1,0.23333333333333126,-2.1151407579733905
AAVEUSDT,SHORT,1783317600,1783325700,89.72,90.94285714285715,89.10857142857142,SL,-1.0293476635514018,0.013629705114323978,1,0.06287425149700658,2.2045858014275685
XLMUSDT,SHORT,1783323000,1783324800,0.20206,0.2042642857142857,0.20095785714285713,TP2,0.4633332469215812,0.010909065199869873,1,0.23156801661474594,3.5089598377566134
ETHUSDT,LONG,1783329300,1783334700,1762.7,1753.0071428571428,1767.5464285714286,TP2,0.4272577745025679,0.005498869429203605,1,0.2791897573093776,-2.0381192095346425
SEIUSDT,SHORT,1783331100,1783337400,0.04927,0.049698571428571425,0.049055714285714286,SL,-1.0459853333333335,0.008698425584969088,1,0.10576923076922987,2.306971879468727
NEARUSDT,SHORT,1783334700,1783336500,2.006,2.027285714285714,1.9953571428571426,SL,-1.037696644295302,0.010611024070645195,1,0.2765957446808507,2.9346445482423333
DOTUSDT,LONG,1783339200,1783340100,0.8602,0.8544285714285713,0.8630857142857142,SL,-1.059617821782178,0.006709403128840504,1,0.15384615384615358,-2.377720826735344
SEIUSDT,LONG,1783339200,1783340100,0.04853,0.047967142857142854,0.04881142857142857,SL,-1.0344883248730965,0.011598127814900923,1,0.004694835680752581,-2.1001474357127625
HYPEUSDT,SHORT,1783386000,1783386900,71.953,72.70885714285714,71.57507142857143,TP2,0.4619224343224343,0.010504873220812786,1,0.20429146177916868,2.4718180017721822
AVAXUSDT,LONG,1783387800,1783395000,6.834,6.777285714285714,6.862357142857142,SL,-1.0481994962216625,0.00829884192482964,1,0.21489971346704856,-2.3120280066880485
LINKUSDT,LONG,1783387800,1783389600,7.966,7.908142857142858,7.994928571428572,TP2,0.4449264197530936,0.007263010652415564,1,0.07808564231738041,-2.166157430250691
TAOUSDT,LONG,1783387800,1783389600,213.3,210.95714285714288,214.4714285714286,TP2,0.4635829268292743,0.010983859085124892,1,0.16666666666666746,-2.1377563756896545
ZECUSDT,LONG,1783391400,1783393200,451.72,446.3728571428572,454.3935714285715,SL,-1.0337915041410635,0.011837294910880283,1,0.14460999123575652,-2.1258581255891666
LABUSDT,SHORT,1783392300,1783394100,14.749,15.584285714285715,14.331357142857144,TP2,0.4929370275354883,0.056633379502726594,1,0.11777707609725271,2.8157668617205105
NEARUSDT,LONG,1783393200,1783399500,2.033,2.0002857142857144,2.0493571428571427,SL,-1.0248576419213975,0.016091630946525166,1,0.2839506172839508,-2.3960552544737457
BILLUSDT,SHORT,1783403100,1783404900,0.04431,0.04517142857142857,0.04387928571428572,SL,-1.0205751243781094,0.019440951736144674,1,0.2854368932038832,3.6485957014250374
AAVEUSDT,LONG,1783468800,1783475100,89.88,88.91999999999999,90.36,SL,-1.0374499999999998,0.010680907877169602,1,0.2222222222222239,-2.5869869018762883
BILLUSDT,SHORT,1783471500,1783475100,0.04055,0.04150285714285715,0.04007357142857143,TP2,0.4829775112443778,0.023498326580940622,1,0.09134615384615519,2.0128206441055987
BTCUSDT,LONG,1783475100,1783478700,63117.6,62705.91428571429,63323.44285714286,SL,-1.0613260045804709,0.006522518509666284,1,0.26857142857142996,-2.6894549625799935
LABUSDT,LONG,1783475100,1783477800,5.138,4.054428571428572,5.679785714285714,SL,-1.0018966908371787,0.21089362175387863,1,0.0957490713990922,-2.175985143873757
BILLUSDT,LONG,1783476000,1783477800,0.03916,0.038105714285714284,0.03968714285714286,SL,-1.0148574525745258,0.026922515686560622,1,0.20467836257309868,-2.8901920519917055
LABUSDT,LONG,1783556100,1783559700,1.117,0.9271428571428572,1.2119285714285715,TP2,0.49764665161775806,0.16997058447371788,1,0.11007462686567171,-2.6990873692719757
ETHUSDT,SHORT,1783559700,1783561500,1747.2,1758.1471428571429,1741.7264285714286,TP2,0.4361586845882812,0.006265535060177907,1,0.2545871559633002,2.53935672057421
HYPEUSDT,SHORT,1783559700,1783561500,68.285,68.97871428571429,67.93814285714285,TP2,0.4606264415156508,0.010159102082657787,1,0.2860360360360393,2.45798184728055
LINKUSDT,SHORT,1783559700,1783561500,7.672,7.722714285714285,7.646642857142857,TP2,0.43948845070422515,0.006610308356919385,1,0.1858407079646017,2.902608985292261
AAVEUSDT,LONG,1783561500,1783562400,87.07,86.19857142857143,87.50571428571428,TP2,0.46003344262295087,0.010008367651643191,1,0.14732142857142816,-2.7916205743800653
BILLUSDT,LONG,1783562400,1783566900,0.03689,0.036044285714285716,0.03731285714285714,TP2,0.482552027027027,0.022925299151918786,1,0.2934131736526961,-2.5096278767413103
BTCUSDT,LONG,1783562400,1783564200,61880.1,61499.15714285714,62070.57142857143,TP2,0.43502427060676513,0.006156144821079102,1,0.0723787727077652,-2.4827533921800873
SUIUSDT,SHORT,1783563300,1783565100,0.7153,0.7221714285714287,0.7118642857142857,TP2,0.4583609147609149,0.009606358970262255,1,0.25795053003534074,2.075825323245402
ETHUSDT,LONG,1783565100,1783568700,1725.71,1710.6342857142859,1733.2478571428571,TP2,0.4542121861082157,0.008735948847555082,1,0.2023141654978941,-2.7857306432574966
TAOUSDT,LONG,1783565100,1783571400,202.2,200.05714285714285,203.27142857142854,TP2,0.46225599999999334,0.01059771089444678,1,0.17073170731707468,-2.646860958026802
XLMUSDT,SHORT,1783571400,1783572300,0.18224,0.18407428571428572,0.18132285714285715,SL,-1.0397408099688474,0.010065220117897898,1,0.13938053097345138,2.1610572430444095
NEARUSDT,SHORT,1783572300,1783590300,1.917,1.945857142857143,1.9025714285714286,TP2,0.4734277227722772,0.015053282658916442,1,0.17105263157894762,2.4623480450043664
ADAUSDT,SHORT,1783573200,1783575000,0.1682,0.16978571428571426,0.16740714285714284,TP2,0.45757117117117996,0.00942755223373535,1,0.17073170731707615,2.081856392844624
DOTUSDT,SHORT,1783573200,1783590300,0.8333,0.8406428571428571,0.8296285714285715,TP2,0.45460622568093384,0.008811781042670278,1,0.2029339853300752,2.1262014391945527
AAVEUSDT,SHORT,1783576800,1783597500,88.37,89.11428571428571,87.99785714285714,SL,-1.0474925143953935,0.008422379928547193,1,0.039800995024878064,2.0911773246920506
XLMUSDT,LONG,1783591200,1783592100,0.18053,0.17926,0.181165,TP2,0.4431401574803145,0.007034841854539353,1,0.2753164556962027,-2.098814511695264
DOTUSDT,LONG,1783593000,1783595700,0.8284,0.8234285714285714,0.8308857142857143,TP2,0.4333471264367817,0.006001241636200602,1,0.24401913875598538,-2.0776907746077096
HYPEUSDT,LONG,1783593900,1783604700,67.453,66.82000000000001,67.76950000000001,TP2,0.4573756714060143,0.00938431203949416,1,0.16587677725118705,-2.259788838581372
ETHUSDT,LONG,1783594800,1783602000,1745.53,1735.4771428571428,1750.5564285714286,SL,-1.0694540855478183,0.005759200439326275,1,0.02541482881747626,-2.476936862545099
BTCUSDT,LONG,1783596600,1783599300,62679.6,62382.35714285714,62828.22142857143,TP2,0.4156520017301871,0.00474225836066053,1,0.10296028880866483,-2.291808596412342
ADAUSDT,SHORT,1783598400,1783599300,0.1694,0.1709857142857143,0.16860714285714284,TP2,0.4572684684684687,0.009360769101028886,1,0.1428571428571416,2.2177286259643414
AAVEUSDT,SHORT,1783599300,1783600200,89.59,90.51571428571428,89.12714285714286,SL,-1.0387117283950618,0.010332785865769441,1,0.2660550458715615,2.462347621829738
BILLUSDT,LONG,1783600200,1783604700,0.03742,0.03660571428571428,0.03782714285714286,TP2,0.4816182456140309,0.0217607085592121,1,0.1793478260869563,-2.1017956660874546
NEARUSDT,SHORT,1783602900,1783604700,1.929,1.9542857142857144,1.9163571428571429,TP2,0.46948474576271193,0.013108198178182645,1,0.029702970297028442,2.0950208869536597
AVAXUSDT,SHORT,1783604700,1783608300,6.745,6.795571428571429,6.719714285714286,TP2,0.4466497175141244,0.007497617282643248,1,0.06280193236714905,2.0424851824683556
XLMUSDT,SHORT,1783604700,1783608300,0.18193,0.18325857142857144,0.1812657142857143,TP2,0.4452253763440756,0.007302651726331166,1,0.11504424778760902,2.538375939630274
DOTUSDT,SHORT,1783605600,1783607400,0.8331,0.8390142857142857,0.8301428571428571,TP2,0.44365507246376823,0.007099130613714715,1,0.06959706959706602,2.0760368907164866
LINKUSDT,LONG,1783607400,1783611000,7.699,7.630857142857143,7.733071428571428,TP2,0.4548067085953813,0.00885087117065295,1,0.08724832214765033,-2.111953444800062
HYPEUSDT,SHORT,1783610100,1783611000,68.617,69.48614285714287,68.18242857142857,TP2,0.4684208415516109,0.012666582000712063,1,0.22391084093211638,2.947284284499668
ADAUSDT,LONG,1783611000,1783614600,0.1674,0.16525714285714285,0.16847142857142858,SL,-1.031248,0.012800819252432167,1,0.009708737864079293,-2.305687313948073
LABUSDT,SHORT,1783611900,1783614600,0.968,1.0827142857142857,0.9106428571428571,SL,-1.0033753424657534,0.11850649350649353,1,0.1826484018264838,2.224798891668342
SEIUSDT,LONG,1783612800,1783615500,0.0473,0.04680571428571429,0.04754714285714286,TP2,0.46172254335260104,0.010450015101177863,1,0.09090909090909201,-2.13707069027423
BILLUSDT,LONG,1783613700,1783615500,0.03699,0.036185714285714286,0.03739214285714286,TP2,0.48160355239786856,0.021743328312671364,1,0.264516129032258,-2.049199644823356
DOTUSDT,LONG,1783617300,1783619100,0.8239,0.8173142857142857,0.8271928571428571,TP2,0.44995835140996965,0.0079933417717129,1,0.18421052631579254,-2.019838837303441
SUIUSDT,LONG,1783617300,1783619100,0.7147,0.7088,0.71765,TP2,0.45154576271186453,0.008255211977053332,1,0.20361990950226003,-2.386129495218253
ZECUSDT,SHORT,1783618200,1783620900,470.93,477.31,467.74,SL,-1.0295253918495297,0.013547661011190613,1,0.18672739102147065,2.0598471227416466
ETHUSDT,SHORT,1783619100,1783639800,1748.77,1762.98,1741.665,TP2,0.45077353976073187,0.008125711214167674,1,0.1553514376996795,2.0475343746010246
LINKUSDT,SHORT,1783619100,1783639800,7.758,7.823285714285714,7.725357142857143,TP2,0.45246739606126923,0.008415276396714926,1,0.15624999999999975,2.0220907892966546
BTCUSDT,SHORT,1783621800,1783625400,63349.9,63806.05714285714,63121.82142857143,TP2,0.4444490557765261,0.007200597678246417,1,0.2602108036890621,2.223858037449876
HYPEUSDT,LONG,1783624500,1783625400,66.66,65.88957142857143,67.04521428571428,TP2,0.4653906916373075,0.011557584329861528,1,0.18568920105355355,-2.1628197342318902
AVAXUSDT,LONG,1783628100,1783630800,6.687,6.639714285714286,6.710642857142857,TP2,0.44343323262838946,0.007071289709243957,1,0.290043290043286,-2.0481820174507535
LABUSDT,SHORT,1783629000,1783630800,1.106,1.202857142857143,1.0575714285714286,TP2,0.4954324483775811,0.08757427021441488,1,0.24773960216998173,2.3550039856771154
BILLUSDT,SHORT,1783636200,1783637100,0.03867,0.03945571428571429,0.03827714285714286,TP2,0.48031345454545904,0.020318445454209653,1,0.22458628841607528,2.713337008931961
TAOUSDT,SHORT,1783638000,1783638900,212.2,214.3,211.14999999999998,SL,-1.0404190476190474,0.009896324222431719,1,0.16176470588235184,2.4140356871670714
DOTUSDT,LONG,1783642500,1783647000,0.8237,0.8195,0.8258,TP2,0.4215523809523809,0.00509894379021488,1,0.1030303030303054,-2.1994099631557136
NEARUSDT,LONG,1783642500,1783647000,1.916,1.901857142857143,1.9230714285714285,TP2,0.44581010101010876,0.007381449448255276,1,0.1739130434782617,-2.0826304035018643
BTCUSDT,LONG,1783643400,1783647000,63072.2,62797.37142857142,63209.614285714284,TP2,0.4082013930762031,0.0043573645984850825,1,0.24803336176665824,-2.488883328351264
LABUSDT,SHORT,1783646100,1783648800,1.258,1.3852857142857142,1.194357142857143,TP2,0.49604668911335575,0.1011810129457188,1,0.292307692307692,2.1633644091466335
AAVEUSDT,SHORT,1783647000,1783648800,91.94,92.82714285714285,91.49642857142857,SL,-1.041454428341385,0.009649150066813729,1,0.18556701030927827,2.555273960945627
ADAUSDT,SHORT,1783647000,1783648800,0.1674,0.1687,0.16674999999999998,SL,-1.051507692307692,0.007765830346475553,1,0.15384615384615097,2.2090775807271905
SUIUSDT,SHORT,1783649700,1783666800,0.7252,0.7314857142857142,0.7220571428571428,TP2,0.45385090909090875,0.008667559687967794,1,0.29906542056075086,2.5897537174210927
ZECUSDT,SHORT,1783650600,1783663200,490.64,499.0471428571429,486.43642857142856,SL,-1.0233439592183518,0.01713505392373815,1,0.10053577056413494,2.0283611067173215
BILLUSDT,LONG,1783658700,1783660500,0.03772,0.037047142857142855,0.03805642857142857,TP2,0.47757622080679396,0.01783820633237383,1,0.05369127516778581,-2.013911287543102
TAOUSDT,LONG,1783665000,1783672200,212.0,210.37142857142857,212.81428571428572,TP2,0.4479298245614033,0.007681940700808591,1,0.1794871794871806,-2.124058211610604
HYPEUSDT,LONG,1783665900,1783666800,67.745,67.28128571428572,67.97685714285714,TP2,0.4415631546518638,0.006844996467846852,1,0.044934640522875706,-2.0558884999174167
DOTUSDT,SHORT,1783671300,1783673100,0.8534,0.8604857142857143,0.8498571428571429,SL,-1.048175806451613,0.008302922762730605,1,0.2569974554707386,2.9269787144632193
XLMUSDT,SHORT,1783671300,1783673100,0.19112,0.1927542857142857,0.19030285714285716,SL,-1.0467776223776224,0.008551097291155876,1,0.11999999999999968,2.1153552038998282
AAVEUSDT,SHORT,1783672200,1783676700,94.82,95.88857142857142,94.28571428571428,SL,-1.035494117647059,0.011269472986410328,1,0.2471910112359561,2.001575283891888
BTCUSDT,SHORT,1783675800,1783678500,64395.6,64694.05714285714,64246.37142857143,TP2,0.41369534750142334,0.004634744343668533,1,0.2058918534789058,2.369467480096378
ETHUSDT,SHORT,1783675800,1783679400,1787.72,1797.9414285714286,1782.6092857142858,SL,-1.069959692522711,0.0057175780163720435,1,0.23800564440263536,2.119156120993236
AAVEUSDT,LONG,1783728900,1783754100,94.95,93.88142857142857,95.48428571428572,TP2,0.4644572192513369,0.011254043481531618,1,0.2716535433070851,-2.482127289419926
XRPUSDT,LONG,1783728900,1783729800,1.1015,1.0975428571428572,1.1034785714285713,TP2,0.3886570397111916,0.0035925037286816757,1,0.028037383177566603,-2.2788590799303106
XRPUSDT,SHORT,1783733400,1783734300,1.1062,1.1100571428571429,1.1042714285714286,TP2,0.38528296296299225,0.003486840406023211,1,0.06508875739645514,2.1247832544368324
ADAUSDT,LONG,1783734300,1783737000,0.1661,0.16504285714285713,0.16662857142857143,TP2,0.43715135135135175,0.006364496430721636,1,0.10000000000000417,-2.008048322256339
AVAXUSDT,LONG,1783734300,1783736100,6.711,6.683714285714286,6.724642857142857,TP2,0.4016188481675387,0.004065819443557463,1,0.24489795918366514,-2.3042103198673143
ZECUSDT,SHORT,1783737000,1783738800,504.05,509.4485714285714,501.3507142857143,SL,-1.0373469171738556,0.01071038870860316,1,0.1648258283772303,2.4381891811675205
LINKUSDT,SHORT,1783737900,1783751400,7.979,8.01442857142857,7.961285714285714,SL,-1.090085483870968,0.004440227024510757,1,0.2869565217391209,2.0601589890376726
XLMUSDT,SHORT,1783737900,1783739700,0.19172,0.19355428571428573,0.19080285714285714,TP2,0.4581919003115266,0.009567524067837058,1,0.29093799682034355,2.2593761034115865
SUIUSDT,SHORT,1783741500,1783743300,0.7435,0.7489428571428572,0.7407785714285715,TP2,0.4453595800524833,0.007320587952733215,1,0.1404255319148966,2.103535907355596
XLMUSDT,LONG,1783745100,1783746900,0.18961,0.18800999999999998,0.19041,TP2,0.45259749999999155,0.008438373503507231,1,0.12517193947730273,-2.2161064849920007
ADAUSDT,SHORT,1783747800,1783750500,0.167,0.1679142857142857,0.16654285714285716,TP2,0.42693749999999986,0.005474764756201873,1,0.032258064516126145,2.1441504942662544
SEIUSDT,SHORT,1783751400,1783754100,0.04994,0.05031,0.049754999999999994,TP2,0.44601081081082045,0.007408890668802609,1,0.1311475409836063,2.2177292792871923
TAOUSDT,SHORT,1783751400,1783753200,213.8,215.3857142857143,213.00714285714287,TP2,0.4460684684684686,0.007416811439262342,1,0.258064516129034,2.170010796520353
NEARUSDT,LONG,1783753200,1783763100,1.886,1.869142857142857,1.8944285714285714,TP2,0.4552474576271188,0.008938039690955957,1,0.17460317460317606,-2.8270598505079305
AAVEUSDT,SHORT,1783755000,1783765800,95.88,96.64428571428572,95.49785714285714,SL,-1.0501801869158878,0.007971273615829323,1,0.24999999999999492,2.670924185327979
BTCUSDT,SHORT,1783758600,1783764000,64220.9,64352.014285714286,64155.34285714286,TP2,0.3040765744170849,0.0020416139561153165,1,0.24561403508772806,2.0557640799203103
ETHUSDT,LONG,1783764000,1783765800,1794.59,1789.5957142857142,1797.0871428571427,TP2,0.356268535469084,0.002782967538148372,1,0.10004368719965841,-2.7222492868454955
SEIUSDT,LONG,1783764900,1783765800,0.04968,0.049401428571428575,0.04981928571428571,TP2,0.4286646153846022,0.005607315389924027,1,0.10000000000000099,-2.2156468376279856
SUIUSDT,LONG,1783764900,1783770300,0.7395,0.7342285714285715,0.7421357142857143,TP2,0.4438861788617885,0.007128368588814822,1,0.18611987381703485,-2.5965579920652826
DOTUSDT,SHORT,1783765800,1783767600,0.8829,0.8880571428571429,0.8803214285714286,TP2,0.4315202216066476,0.00584114039771527,1,0.27601809954751094,2.477258555301508
ZECUSDT,SHORT,1783767600,1783777500,504.1,509.0057142857143,501.64714285714285,TP2,0.45889691322073956,0.009731629211891057,1,0.19651162790697335,2.5168575219319833
AVAXUSDT,SHORT,1783768500,1783780200,6.721,6.748857142857143,6.707071428571429,SL,-1.096506666666667,0.004144791378833919,1,0.11340206185566878,2.1005758511405226
NEARUSDT,SHORT,1783771200,1783773900,1.901,1.9154285714285715,1.8937857142857142,TP2,0.44729900990099797,0.007589990230705675,1,0.26760563380281743,2.0893195689263693
LINKUSDT,SHORT,1783774800,1783775700,8.024,8.051714285714285,8.010142857142856,TP2,0.3841896907216484,0.003453923942458307,1,0.1929824561403547,2.3558645339473903
SOLUSDT,SHORT,1783776600,1783780200,78.17,78.47571428571429,78.01714285714286,SL,-1.1022785046728971,0.003910890184396646,1,0.13793103448276664,2.0087865477934908
SEIUSDT,SHORT,1783779300,1783782900,0.05014,0.05044714285714286,0.04998642857142857,SL,-1.0652986046511626,0.00612570516838568,1,0.16030534351144837,2.6235704606739065
ADAUSDT,SHORT,1783781100,1783782900,0.169,0.17025714285714288,0.1683714285714286,SL,-1.053772727272727,0.007438715131022848,1,0.28358208955223907,2.9767257927345887
SUIUSDT,SHORT,1783781100,1783784700,0.7463,0.7505285714285713,0.7441857142857142,TP2,0.4294040540540668,0.005666047740280594,1,0.24861878453038078,2.2791685653462705
ZECUSDT,LONG,1783815300,1783821600,506.26,495.87,511.455,TP2,0.4805097208854668,0.0205230513965156,1,0.18122743682310424,-2.0211622734552552
BILLUSDT,SHORT,1783819800,1783820700,0.04199,0.04331,0.04133,TP2,0.4872757575757576,0.03143605620385806,1,0.03690685413005178,2.2857867267843743
LINKUSDT,SHORT,1783828800,1783831500,8.034,8.082571428571429,8.009714285714287,TP2,0.43383764705882333,0.006045734201073988,1,0.20430107526881863,2.119322066048237
DOTUSDT,LONG,1783834200,1783836000,0.849,0.8439,0.85155,TP2,0.43341176470589315,0.0060070671378091795,1,0.01234567901234895,-2.1540899344425273
AAVEUSDT,LONG,1783836900,1783837800,97.91,96.83857142857143,98.44571428571429,SL,-1.0365530666666667,0.010942994295052327,1,0.21585903083700633,-2.2257726914422875
ADAUSDT,LONG,1783836900,1783841400,0.1632,0.1617714285714286,0.16391428571428573,TP2,0.4543040000000098,0.008753501400560231,1,0.20634920634920748,-2.3182556107533863
BTCUSDT,LONG,1783836900,1783841400,63725.0,63540.92857142857,63817.03571428572,TP2,0.36152114862244894,0.0028885277139494483,1,0.164055775520741,-2.8044376700567413
BILLUSDT,SHORT,1783838700,1783855800,0.04397,0.045501428571428575,0.043204285714285716,SL,-1.0114847014925372,0.03482894181097499,1,0.27272727272727243,2.4475107792296034
ZECUSDT,SHORT,1783841400,1783845900,519.43,526.7942857142857,515.7478571428571,SL,-1.028213462657614,0.014177628774398314,1,0.21222185320491638,2.530577447006145
XRPUSDT,SHORT,1783856700,1783868400,1.0968,1.1012,1.0946,SL,-1.0997090909090919,0.004011670313639642,1,0.23015873015873023,2.140356334689388
ADAUSDT,SHORT,1783858500,1783864800,0.165,0.1663,0.16435000000000002,TP2,0.44923076923075794,0.00787878787878778,1,0.2413793103448309,2.5077743323047277
BTCUSDT,SHORT,1783858500,1783860300,64077.7,64274.557142857135,63979.271428571425,TP2,0.3697985776487834,0.0030721630591787905,1,0.23501222493887272,2.2014143818844567
LINKUSDT,SHORT,1783862100,1783864800,8.056,8.088285714285714,8.039857142857143,TP2,0.40019115044245074,0.004007660661086695,1,0.2840909090909043,2.2583976897469236
DOTUSDT,LONG,1783863900,1783868400,0.8427,0.8381428571428571,0.8449785714285715,TP2,0.4260326018808781,0.005407787892657979,1,0.2118959107806694,-2.051892600889447
TAOUSDT,SHORT,1783867500,1783868400,211.9,213.21428571428572,211.24285714285716,SL,-1.0644913043478261,0.006202386570484723,1,0.2352941176470566,2.1905100848272365
NEARUSDT,SHORT,1783868400,1783879200,1.898,1.9144285714285714,1.8897857142857142,TP2,0.4537878260869565,0.008655727833810026,1,0.15384615384615427,2.0441425432416547
AVAXUSDT,LONG,1783872900,1783873800,6.391,6.348285714285714,6.412357142857143,TP2,0.44015117056856196,0.006683505822920633,1,0.08808290155440572,-2.998810268253025
LABUSDT,LONG,1783872900,1783873800,0.438,0.3992857142857143,0.45735714285714285,TP2,0.49547453874538744,0.08838878016960205,1,0.2516129032258062,-2.7613724235843415
DOTUSDT,LONG,1783877400,1783879200,0.8383,0.8333857142857144,0.8407571428571429,SL,-1.068233720930233,0.005862204120584136,1,0.294117647058825,-2.2319599192309347
SUIUSDT,LONG,1783879200,1783886400,0.7385,0.7330142857142857,0.7412428571428572,TP2,0.4461510416666668,0.0074281845439597835,1,0.2202166064981974,-2.3156408215007165
AVAXUSDT,SHORT,1783882800,1783885500,6.472,6.515714285714286,6.450142857142858,TP2,0.44077908496732043,0.006754370475013265,1,0.2376237623762358,2.1689753030118903
LABUSDT,LONG,1783885500,1783904400,0.424,0.38999999999999996,0.441,TP2,0.4950117647058824,0.08018867924528307,1,0.29927007299270075,-2.0131114768333256
NEARUSDT,SHORT,1783885500,1783889100,1.923,1.9437142857142857,1.912642857142857,TP2,0.462866206896557,0.010771859445806388,1,0.2941176470588244,2.123863653293208
SOLUSDT,SHORT,1783886400,1783888200,77.63,78.00571428571428,77.44214285714285,TP2,0.41735209125475226,0.004839807879869678,1,0.08771929824560791,2.1032897885528348
DOTUSDT,SHORT,1783889100,1783894500,0.8492,0.8543714285714286,0.8466142857142857,TP2,0.4343160220994473,0.006089765157122653,1,0.18411552346570556,2.278881472920516
ETHUSDT,LONG,1783891800,1783894500,1814.37,1807.022857142857,1818.0435714285713,SL,-1.0987796227882554,0.004049418176635912,1,0.12230215827337668,-2.668969596923455
SOLUSDT,LONG,1783891800,1783894500,77.23,76.8457142857143,77.42214285714286,SL,-1.0803881040892203,0.004975860601912597,1,0.12499999999999799,-2.243031423089635
AVAXUSDT,LONG,1783895400,1783900800,6.392,6.349000000000001,6.4135,TP2,0.44053953488372044,0.006727158948685801,1,0.13744075829383826,-2.0162180966094985
HYPEUSDT,LONG,1783895400,1783897200,67.365,66.90557142857143,67.59471428571428,SL,-1.0586511194029857,0.006819989184718571,1,0.2910052910052978,-2.304552649599347
AVAXUSDT,SHORT,1783901700,1783903500,6.518,6.576142857142857,6.488928571428572,TP2,0.4551587223587146,0.00892035243063164,1,0.22344322344322348,2.569849719290481
ETHUSDT,SHORT,1783901700,1783902600,1839.29,1855.982857142857,1830.9435714285714,TP2,0.4559262986735131,0.00907570700806135,1,0.24227811807637128,2.70963112518981
SOLUSDT,SHORT,1783901700,1783903500,77.99,78.69571428571427,77.63714285714286,TP2,0.45579514170039426,0.009048779147509647,1,0.15210355987054963,2.019421583639548
DOTUSDT,LONG,1783906200,1783908900,0.8384,0.8274285714285714,0.8438857142857144,SL,-1.0305666666666666,0.013086150490730659,1,0.21259842519684902,-2.1592422414930565
BTCUSDT,LONG,1783908000,1783913400,63380.0,62819.328571428574,63660.33571428571,SL,-1.0452172140545775,0.008846188522742634,1,0.29420872193755354,-2.3735816915567205
SUIUSDT,LONG,1783908000,1783932300,0.7294,0.7193571428571429,0.7344214285714287,TP2,0.4709485064011436,0.013768655254808304,1,0.27927927927927854,-2.313952086424478
ZECUSDT,LONG,1783911600,1783920600,524.36,513.7071428571429,529.6864285714286,SL,-1.0196889902105404,0.020315922539585654,1,0.22762148337595828,-2.2099613521838335
ETHUSDT,LONG,1783914300,1783933200,1778.59,1751.9857142857143,1791.8921428571427,TP2,0.4732585942114589,0.014958076742973734,1,0.16929812922913587,-2.2639852466438137
BTCUSDT,SHORT,1783987200,1783990800,62313.2,62642.642857142855,62148.47857142857,SL,-1.075658887298903,0.005286887162637402,1,0.1599367550474343,2.0777298339010386
ETHUSDT,SHORT,1783987200,1783990800,1775.83,1788.7185714285713,1769.3857142857141,SL,-1.0551133229882508,0.007257773226362583,1,0.15341511434196298,2.036347774214541
LABUSDT,SHORT,1783987200,1783993500,0.2538,0.2813714285714286,0.24001428571428574,TP2,0.4963179274611399,0.10863447033659802,1,0.1883817427385891,2.5371135758312664
TAOUSDT,SHORT,1783991700,1783994400,201.0,202.51428571428573,200.24285714285713,TP2,0.446905660377359,0.00753375977256582,1,0.151515151515151,2.3751408391312094
SEIUSDT,SHORT,1783992600,1783996200,0.04745,0.04780428571428571,0.047272857142857144,TP2,0.4464274193548385,0.007466506096643051,1,0.08900523560209363,2.122657221675604
TAOUSDT,LONG,1783995300,1783997100,198.3,196.4857142857143,199.20714285714288,TP2,0.45628031496063814,0.009149196743750523,1,0.12820512820512708,-2.320444954420738
XLMUSDT,LONG,1783996200,1783997100,0.17882,0.1774257142857143,0.17951714285714288,TP2,0.4486991803278789,0.007797146372249843,1,0.06524633821571096,-2.3628739388049027
BILLUSDT,LONG,1783998900,1784002500,0.05616,0.053012857142857146,0.057733571428571426,TP2,0.4928620971402622,0.056038868538868504,1,0.17864476386036954,-2.1176413353837606
HYPEUSDT,LONG,1783998900,1784000700,62.827,62.153571428571425,63.163714285714285,TP2,0.4626823080186679,0.010718776504187264,1,0.13769751693002164,-2.855972166077152
BTCUSDT,SHORT,1784004300,1784013300,62677.1,62976.42857142857,62527.43571428571,TP2,0.4162430773636234,0.004775724649490353,1,0.23707177282792846,2.1228451089629488
ADAUSDT,SHORT,1784006100,1784022300,0.1589,0.16044285714285716,0.15812857142857145,TP2,0.45880370370369494,0.009709610716533363,1,0.11392405063291113,2.683890233906564
HYPEUSDT,SHORT,1784006100,1784016900,63.723,64.323,63.423,TP2,0.457518,0.009415752554022872,1,0.09614206981016457,2.0930319518194045
BILLUSDT,SHORT,1784014200,1784016900,0.06366,0.06742428571428571,0.061777857142857134,TP2,0.4932353700189753,0.05913109824514159,1,0.22238880559720117,2.0071227424839875
TAOUSDT,LONG,1784015100,1784016900,198.0,196.45714285714286,198.77142857142857,SL,-1.0513333333333332,0.007792207792207821,1,0.1944444444444463,-2.056341126396403
AAVEUSDT,LONG,1784016000,1784017800,95.2,94.40142857142858,95.59928571428571,TP2,0.45231484794275484,0.008388355342136838,1,0.10465116279069887,-2.5224488797617446
XLMUSDT,LONG,1784017800,1784018700,0.17817,0.17720999999999998,0.17865,TP2,0.4257625000000004,0.005388112476847979,1,0.07692307692307886,-2.0944343599460167
SEIUSDT,LONG,1784021400,1784026800,0.04738,0.047145714285714284,0.047497142857142856,TP2,0.4191073170731705,0.004944823011517806,1,0.09278350515463844,-2.763687120523361
ZECUSDT,LONG,1784021400,1784024100,502.87,498.1985714285714,505.2057142857143,TP2,0.45694079510703367,0.009289535210747466,1,0.12374934175882157,-2.700735894226467
BTCUSDT,SHORT,1784025900,1784032200,62781.5,63006.9,62668.8,SL,-1.1114134871339838,0.0035902296058552344,1,0.07944307944307431,2.190622341046624
ETHUSDT,SHORT,1784025900,1784026800,1793.37,1803.1814285714286,1788.4642857142856,SL,-1.0731135119394282,0.005470944964747214,1,0.18535586277521487,2.7222656337833113
LINKUSDT,SHORT,1784026800,1784033100,7.965,8.009428571428572,7.942785714285714,SL,-1.071710610932476,0.005577975069500476,1,0.0564516129032267,2.119965364931487
AVAXUSDT,LONG,1784027700,1784033100,6.449,6.401285714285715,6.472857142857142,TP2,0.4459365269461074,0.007398710763573486,1,0.12318840579710123,-2.218573064789517
XLMUSDT,SHORT,1784027700,1784032200,0.18022,0.18143571428571428,0.17961214285714286,SL,-1.0592968272620447,0.006745723480825015,1,0.22200392927308488,2.756716258327722
DOTUSDT,LONG,1784028600,1784033100,0.8379,0.8308428571428571,0.8414285714285714,TP2,0.4525076923076926,0.00842241658568195,1,0.06626506024096301,-2.088184292812917
ADAUSDT,SHORT,1784073600,1784075400,0.1654,0.16692857142857143,0.16463571428571427,TP2,0.45671775700934597,0.009241665227154987,1,0.2799999999999965,2.0039451889676414
AVAXUSDT,SHORT,1784073600,1784074500,6.709,6.754,6.6865,SL,-1.0596355555555557,0.006707407959457435,1,0.1284403669724803,2.5337488061091276
ETHUSDT,SHORT,1784073600,1784075400,1891.12,1903.5971428571427,1884.8814285714284,TP2,0.43937329974811973,0.006597753107757738,1,0.2879746835443056,2.269119855664326
XRPUSDT,LONG,1784078100,1784082600,1.1056,1.099542857142857,1.1086285714285713,SL,-1.0730113207547167,0.005478602439528662,1,0.20158102766798397,-2.058303355282297
BILLUSDT,LONG,1784079000,1784088900,0.04005,0.03826142857142857,0.04094428571428572,SL,-1.0089568690095847,0.044658462635990735,1,0.1586206896551735,-2.9064218600907807
HYPEUSDT,LONG,1784079900,1784081700,64.966,64.38485714285713,65.25657142857142,TP2,0.4552839724680312,0.008945338440766845,1,0.2411300919842333,-2.9174364308477387
AAVEUSDT,LONG,1784082600,1784085300,98.09,97.21285714285715,98.52857142857144,TP2,0.455268403908803,0.008942225070270763,1,0.14545454545454492,-2.2495530525260135
ADAUSDT,LONG,1784083500,1784086200,0.1625,0.16102857142857144,0.1632357142857143,TP2,0.4558252427184466,0.009054945054945057,1,0.1999999999999987,-2.241671300991227
HYPEUSDT,SHORT,1784083500,1784085300,66.158,66.90828571428573,65.78285714285714,SL,-1.035270830159939,0.01134081614144502,1,0.13498098859315497,2.044677735981408
DOTUSDT,LONG,1784092500,1784095200,0.8473,0.8405714285714286,0.8506642857142858,TP2,0.4496297239915076,0.007941191347304909,1,0.19863013698629545,-2.2359583552161646
SEIUSDT,LONG,1784092500,1784095200,0.04797,0.04763714285714286,0.04813642857142857,TP2,0.4423536480686801,0.0069388605973972,1,0.2857142857142875,-2.132468036275881
BTCUSDT,SHORT,1784095200,1784097900,64924.8,65194.21428571429,64790.09285714286,SL,-1.0963939975608465,0.004149635974454828,1,0.13296696355252305,2.2592258306428032
ETHUSDT,SHORT,1784095200,1784098800,1881.94,1892.25,1876.785,TP2,0.4269858389912707,0.005478389321657445,1,0.11256940938919774,2.1249376857718794
LINKUSDT,SHORT,1784095200,1784099700,8.381,8.433,8.355,TP2,0.4355307692307687,0.0062045102016465336,1,0.16666666666666563,2.4747616219983737
BILLUSDT,LONG,1784096100,1784098800,0.03828,0.03637,0.039235,SL,-1.0080167539267015,0.049895506792058536,1,0.2608047690014908,-2.0860735008238973
AAVEUSDT,LONG,1784100600,1784105100,97.11,96.04142857142858,97.64428571428572,TP2,0.46364866310161074,0.011003721847095284,1,0.18660287081339752,-2.8930463272507922
ZECUSDT,LONG,1784100600,1784105100,551.28,545.1142857142856,554.3628571428571,TP2,0.46423577386468967,0.011184360553102441,1,0.19150899861560317,-2.103719840658437
ZECUSDT,SHORT,1784107800,1784112300,560.14,566.6242857142857,556.8978571428571,SL,-1.034553690240141,0.011576187585756618,1,0.2738693467336682,2.37119678867948
LABUSDT,SHORT,1784111400,1784115900,0.2454,0.26174285714285717,0.23722857142857143,TP2,0.4939937062937063,0.06659680987309347,1,0.23176661264181533,2.256731314485283
NEARUSDT,SHORT,1784113200,1784115000,2.051,2.071714285714286,2.040642857142857,SL,-1.0396055172413794,0.01009960298112419,1,0.19999999999999823,2.1030364769528105
XLMUSDT,SHORT,1784114100,1784115900,0.18597,0.18736142857142857,0.1852742857142857,TP2,0.44653839835729964,0.00748200554620947,1,0.24611398963730627,2.5160889885703503
LINKUSDT,SHORT,1784116800,1784120400,8.422,8.480714285714287,8.392642857142857,SL,-1.0573761557177608,0.006971537130644315,1,0.1587301587301553,2.2644768286358987
TAOUSDT,LONG,1784116800,1784119500,196.2,194.55714285714285,197.02142857142857,TP2,0.4522295652174,0.00837337993301296,1,0.1910112359550592,-2.185025910333299
TAOUSDT,SHORT,1784120400,1784124000,200.2,202.32857142857142,199.13571428571427,TP2,0.4623785234899329,0.010632224917939208,1,0.26126126126126137,3.3472199050745273
AAVEUSDT,LONG,1784128500,1784130300,96.58,95.07285714285715,97.33357142857143,TP2,0.4743673933649336,0.015605123805579402,1,0.25531914893617075,-2.4540331828918536
BILLUSDT,SHORT,1784130300,1784133000,0.03482,0.036297142857142854,0.03408142857142857,SL,-1.0094290135396518,0.042422253220644995,1,0.18827160493827144,2.54671610087652
LABUSDT,LONG,1784130300,1784147400,0.223,0.19907142857142857,0.2349642857142857,TP2,0.4962722388059696,0.10730301089045483,1,0.2411260709914323,-2.2642828953843233
HYPEUSDT,LONG,1784132100,1784139300,67.587,66.70457142857144,68.02821428571428,TP2,0.4693631860126274,0.013056187897503489,1,0.1826625386996911,-2.162735339914905
NEARUSDT,LONG,1784132100,1784135700,2.059,2.0285714285714285,2.074214285714286,TP2,0.47293333333333337,0.014778325123152743,1,0.09489051094890762,-2.265175237877133
NEARUSDT,LONG,1784142900,1784149200,2.039,2.0132857142857143,2.051857142857143,TP2,0.46828222222222216,0.0126112239893505,1,0.25984251968503647,-2.481657092982155
SOLUSDT,LONG,1784143800,1784153700,77.15,76.42571428571429,77.51214285714286,TP2,0.4573925049309668,0.009388019627812305,1,0.21613832853025766,-2.2351935079061804
SEIUSDT,SHORT,1784147400,1784150100,0.04882,0.04929,0.048585,SL,-1.0415489361702128,0.009627201966407192,1,0.07641196013289092,2.1943179340225796
LABUSDT,SHORT,1784149200,1784151000,0.2396,0.2522142857142857,0.23329285714285716,TP2,0.4924022650056614,0.05264726925828762,1,0.29906542056074714,2.1860438597859506
ADAUSDT,SHORT,1784157300,1784159100,0.1658,0.16715714285714287,0.16512142857142859,TP2,0.45113263157893707,0.008185421333792848,1,0.16923076923076752,2.474283660265677
SUIUSDT,SHORT,1784157300,1784160000,0.7567,0.7618714285714285,0.7541142857142857,TP2,0.44147071823205464,0.006834186033340215,1,0.1619047619047625,2.088952141241467
BTCUSDT,LONG,1784159100,1784160900,64714.8,64518.68571428572,64812.857142857145,TP2,0.36800594405594433,0.0030304394931960866,1,0.13427345187001163,-2.2200420831121965
ETHUSDT,LONG,1784159100,1784160900,1914.97,1905.2828571428572,1919.8135714285715,TP2,0.4209273558472324,0.0050586394863329,1,0.20422039859320307,-3.0629586172855507
AVAXUSDT,SHORT,1784160900,1784161800,6.72,6.755285714285714,6.702357142857142,TP2,0.42382186234819036,0.0052508503401360335,1,0.2056737588652476,2.4440544129379584
HYPEUSDT,LONG,1784161800,1784174400,66.587,66.02528571428572,66.86785714285715,SL,-1.0474169888097655,0.008435795060812053,1,0.0995986866107241,-2.4349807324977015
SOLUSDT,LONG,1784161800,1784171700,76.99,76.52857142857142,77.22071428571428,TP2,0.4332594427244571,0.0059933572078005445,1,0.13170731707316896,-2.521658601078806
ZECUSDT,LONG,1784162700,1784170800,565.7,558.3757142857143,569.3621428571429,TP2,0.46910551979714465,0.012947296648905328,1,0.04478474429355559,-2.0882340332199925
SUIUSDT,SHORT,1784170800,1784175300,0.7614,0.7679857142857143,0.7581071428571429,TP2,0.45375444685465516,0.008649480280685918,1,0.2440476190476213,2.222046218911645
BTCUSDT,SHORT,1784178900,1784184300,64750.0,64986.299999999996,64631.85,TP2,0.3903935674989569,0.00364942084942083,1,0.22143304783789902,2.3990553133245993
LABUSDT,LONG,1784178900,1784180700,0.2174,0.2051714285714286,0.22351428571428572,SL,-1.007111214953271,0.05624917860428437,1,0.2805429864253393,-2.151341615522742
NEARUSDT,LONG,1784178900,1784182500,2.051,2.0347142857142857,2.0591428571428576,TP2,0.44962456140352297,0.007940377516194275,1,0.19999999999999704,-2.0175288189294664
SOLUSDT,SHORT,1784179800,1784187000,77.22,77.67285714285714,76.99357142857143,TP2,0.43179305993690853,0.005864505864505868,1,0.27748691099476136,2.24651825490526
AAVEUSDT,LONG,1784183400,1784187000,95.85,95.26142857142857,96.14428571428572,SL,-1.065140776699029,0.006140546985617415,1,0.0814814814814814,-2.339905805901469
AVAXUSDT,LONG,1784183400,1784187900,6.681,6.643428571428571,6.6997857142857145,SL,-1.0711285171102656,0.005623623495199661,1,0.011235955056183475,-2.018164771924442
TAOUSDT,LONG,1784184300,1784186100,199.6,197.81428571428572,200.49285714285713,TP2,0.4552896,0.008946464357286,1,0.20833333333333284,-2.938085614327721
SEIUSDT,LONG,1784187000,1784189700,0.04821,0.04779428571428572,0.048417857142857144,SL,-1.0463876288659795,0.008622988710107552,1,0.17045454545454133,-2.404299208681294
LINKUSDT,LONG,1784187900,1784188800,8.463,8.405142857142856,8.49192857142857,TP2,0.44149037037035543,0.006836481490859421,1,0.26724137931034503,-3.2512194359756004
SOLUSDT,LONG,1784188800,1784189700,76.38,75.79857142857144,76.67071428571427,SL,-1.0525464373464384,0.007612314368009431,1,0.28787878787878357,-2.083970199319176
HYPEUSDT,LONG,1784189700,1784191500,65.809,65.20214285714286,66.11242857142857,TP2,0.4566230696798494,0.009221491632711994,1,0.16274012323305642,-2.39740016706377
ZECUSDT,LONG,1784191500,1784192400,560.46,551.9271428571429,564.7264285714286,SL,-1.0262730286288297,0.015224738862465018,1,0.2484203525108067,-2.2176337359387026
XLMUSDT,SHORT,1784203200,1784204100,0.19154,0.19386285714285714,0.19037857142857142,TP2,0.4670164821648157,0.012127269201509588,1,0.23124516627997055,2.851767176180937
BTCUSDT,LONG,1784205900,1784206800,63861.5,63593.47142857143,63995.514285714286,TP2,0.4046944888604625,0.00419702906177542,1,0.23676880222841554,-2.7174279395943306
SOLUSDT,LONG,1784205900,1784206800,75.75,75.31428571428572,75.96785714285714,TP2,0.43045901639344286,0.005752003771805773,1,0.23021582733812843,-2.4001241118961443
TAOUSDT,LONG,1784205900,1784206800,194.6,192.55714285714285,195.62142857142857,TP2,0.46189650349650346,0.010497724269563928,1,0.2640000000000009,-2.0336793152615775
LABUSDT,LONG,1784207700,1784215800,0.2092,0.19905714285714285,0.21427142857142856,TP2,0.4917498591549282,0.04848402075935537,1,0.21450151057401787,-2.021576576409832
NEARUSDT,SHORT,1784207700,1784209500,2.042,2.064285714285714,2.0308571428571427,SL,-1.036651282051282,0.010913670071358591,1,0.039215686274510234,2.068604731885722
ADAUSDT,SHORT,1784208600,1784211300,0.1632,0.16452857142857144,0.16253571428571428,SL,-1.0491354838709677,0.008140756302521033,1,0.2413793103448309,2.6289877325624773
SEIUSDT,SHORT,1784208600,1784210400,0.04804,0.04838,0.047869999999999996,TP2,0.4434823529411867,0.0070774354704413,1,0.253521126760567,3.372094251099804
BTCUSDT,SHORT,1784210400,1784212200,64346.8,64700.91428571429,64169.74285714286,SL,-1.0726847829594968,0.005503215167098986,1,0.16198757763975102,2.0982484049646883
AVAXUSDT,SHORT,1784211300,1784214000,6.638,6.693428571428571,6.610285714285714,TP2,0.4520969072164949,0.008350191537898696,1,0.1707317073170724,2.1954138104610617
SOLUSDT,SHORT,1784212200,1784214000,76.59,77.20428571428572,76.28285714285715,TP2,0.4501274418604534,0.008020442803051466,1,0.19999999999999332,2.1727533101594827
XRPUSDT,SHORT,1784213100,1784214000,1.1147,1.123457142857143,1.1103214285714285,TP2,0.44908384991844685,0.007856053518563656,1,0.2664907651715036,2.1149205748931927
HYPEUSDT,LONG,1784214900,1784215800,65.227,64.52685714285715,65.57707142857143,TP2,0.4627350336665984,0.01073394234201868,1,0.23285198555956818,-2.1726753876343055
TAOUSDT,LONG,1784222100,1784223000,192.8,190.31428571428572,194.04285714285714,TP2,0.4689747126436724,0.01289270895080022,1,0.23870967741935412,-2.891556201436338
AVAXUSDT,LONG,1784224800,1784226600,6.534,6.4758571428571425,6.563071428571428,TP2,0.4550486486486408,0.00889850889850886,1,0.05769230769230731,-2.1463901915473844
SEIUSDT,LONG,1784224800,1784243700,0.04758,0.04707,0.047834999999999996,SL,-1.0373176470588237,0.010718789407313987,1,0.046153846153846725,-2.270982023771679
SOLUSDT,LONG,1784224800,1784238300,75.58,74.76,75.99,TP2,0.46313170731707315,0.010849431066419678,1,0.12886597938144156,-2.138006784915205
NEARUSDT,LONG,1784227500,1784237400,2.029,1.995285714285714,2.045857142857143,TP2,0.47592711864406784,0.016616207843413378,1,0.2530120481927728,-2.449629757630401
LINKUSDT,SHORT,1784237400,1784241000,8.45,8.498999999999999,8.4255,TP2,0.4310204081632653,0.0057988165680473375,1,0.10714285714285646,2.411164075455234
ETHUSDT,SHORT,1784240100,1784241000,1879.43,1887.652857142857,1875.3185714285714,TP2,0.4085753300903543,0.004375186701743154,1,0.23663681017047167,2.023704553396964
LABUSDT,SHORT,1784240100,1784241000,0.2235,0.23075714285714288,0.21987142857142858,TP2,0.48768110236220286,0.032470437839565394,1,0.1919191919191917,3.445263117798492
BTCUSDT,LONG,1784241000,1784241900,63993.4,63795.0,64092.6,TP2,0.370981048387078,0.003100319720471164,1,0.129050489826676,-2.782190941702236
HYPEUSDT,LONG,1784241000,1784244600,61.721,60.925714285714285,62.11864285714285,SL,-1.031043434524879,0.012885172215059871,1,0.1445880452342501,-3.094459068538229
AAVEUSDT,LONG,1784242800,1784249100,91.41,90.80142857142857,91.71428571428571,SL,-1.0600816901408454,0.006657602325472325,1,0.28510638297873,-2.519958713334663
ADAUSDT,LONG,1784244600,1784248200,0.1602,0.1587,0.16095,TP2,0.4572799999999998,0.00936329588014977,1,0.24999999999999567,-2.327299987477281
LINKUSDT,LONG,1784245500,1784249100,8.322,8.267285714285714,8.34935714285714,SL,-1.0608396866840741,0.006574655817626151,1,0.2509363295880195,-2.105808216810448
LABUSDT,LONG,1784254500,1784257200,0.205,0.19522857142857142,0.2098857142857143,SL,-1.0083918128654972,0.047665505226480845,1,0.1422764227642277,-2.7218164061006616
AVAXUSDT,SHORT,1784332800,1784340000,6.584,6.621142857142857,6.565428571428571,SL,-1.0709046153846151,0.005641381704565195,1,0.10666666666666651,2.0321998599366244
ADAUSDT,SHORT,1784333700,1784334600,0.1679,0.16948571428571427,0.16710714285714284,TP2,0.45764684684685564,0.009444397175189313,1,0.2808988764044975,2.9632350316103007
BILLUSDT,SHORT,1784333700,1784334600,0.02386,0.02443,0.023575,TP2,0.4832561403508772,0.023889354568315178,1,0.07984790874524662,2.1080729911828895
SEIUSDT,LONG,1784335500,1784336400,0.04668,0.04637285714285714,0.046833571428571426,TP2,0.4392074418604538,0.00657975272371159,1,0.16030534351145112,-2.0732418215346065
BILLUSDT,LONG,1784340000,1784344500,0.02288,0.02200857142857143,0.023315714285714287,SL,-1.0105022950819673,0.038086913086913095,1,0.16290726817042578,-2.1798491314851542
DOTUSDT,SHORT,1784347200,1784349000,0.8518,0.8557,0.84985,TP2,0.4126358974358967,0.004578539563277726,1,0.22513089005235834,2.162262769216314
HYPEUSDT,LONG,1784349000,1784354400,59.374,58.91657142857143,59.602714285714285,SL,-1.0519198001249221,0.007704189905153251,1,0.184223664503245,-2.127301157200746
LABUSDT,LONG,1784349000,1784356200,0.1779,0.17122857142857142,0.18123571428571428,TP2,0.48933361884368104,0.03750100377419097,1,0.19391634980988617,-2.2264118976254608
TAOUSDT,LONG,1784349000,1784353500,193.2,192.24285714285713,193.67857142857142,TP2,0.41925970149253755,0.0049541555752736005,1,0.26086956521739074,-2.035281661272931
DOTUSDT,LONG,1784354400,1784356200,0.8442,0.8397571428571428,0.8464214285714285,TP2,0.42399485530546654,0.005262801638068184,1,0.2097560975609811,-2.0574065771422196
NEARUSDT,LONG,1784355300,1784363400,1.914,1.900142857142857,1.9209285714285713,TP2,0.44475051546390987,0.007239886550231426,1,0.2413793103448276,-2.3906389775483077
LABUSDT,SHORT,1784357100,1784358000,0.1866,0.19269999999999998,0.18355,SL,-1.0122360655737705,0.03269024651661307,1,0.18213058419244027,2.1793986484449173
BILLUSDT,SHORT,1784358900,1784366100,0.02332,0.02425142857142857,0.022854285714285716,TP2,0.48998527607361964,0.03994119088458708,1,0.2188139059304704,2.616610720953639
ETHUSDT,SHORT,1784365200,1784367000,1846.56,1851.7585714285713,1843.9607142857142,TP2,0.35791788953011205,0.002815273496973513,1,0.15498938428873982,2.1353233577161137
LINKUSDT,LONG,1784366100,1784367000,8.233,8.206000000000001,8.246500000000001,SL,-1.1219703703703714,0.0032794849993926577,1,0.24999999999999603,-2.1674254960290584
SEIUSDT,LONG,1784366100,1784369700,0.04648,0.046215714285714284,0.04661214285714286,TP2,0.42965189189189207,0.005686009343496448,1,0.25,-2.063002361183694
ADAUSDT,LONG,1784367000,1784368800,0.1649,0.16369999999999998,0.16549999999999998,TP2,0.44503333333332207,0.007277137659187427,1,0.22857142857143187,-3.139015800444453
SOLUSDT,LONG,1784367900,1784369700,74.7,74.42857142857143,74.83571428571429,TP2,0.38991578947368366,0.003633581946834942,1,0.27272727272727076,-2.1224231728859593
BILLUSDT,SHORT,1784373300,1784375100,0.02377,0.024635714285714285,0.02333714285714286,SL,-1.0109828382838284,0.03642045796021393,1,0.26511627906976615,2.1184163904527438
LABUSDT,LONG,1784374200,1784377800,0.1831,0.17392857142857143,0.1876857142857143,TP2,0.492014330218067,0.050089724584536144,1,0.06967213114754073,-2.0959050639991577
HYPEUSDT,LONG,1784375100,1784376000,58.577,58.09128571428571,58.81985714285714,TP2,0.4517601176470515,0.008291894185675018,1,0.13914807302231114,-2.073508087519868
BTCUSDT,SHORT,1784376000,1784376900,64038.5,64091.100000000006,64012.2,SL,-1.4869847908744998,0.0008213808880595688,1,0.1960953201263346,2.592651969798381
LINKUSDT,SHORT,1784376900,1784377800,8.303,8.345857142857144,8.281571428571429,TP2,0.4225053333333538,0.0051616455325957725,1,0.26696832579185986,2.3706199449591527
ETHUSDT,LONG,1784377800,1784378700,1840.3,1835.7928571428572,1842.5535714285713,TP2,0.3366770206022185,0.0024491348460266536,1,0.1802150537634432,-3.068803853993487
SEIUSDT,LONG,1784377800,1784378700,0.04633,0.04606714285714286,0.04646142857142858,TP2,0.4294978260869698,0.005673583916622989,1,0.24285714285714435,-2.541094669884909
ZECUSDT,SHORT,1784377800,1784379600,543.69,548.5614285714287,541.2542857142857,SL,-1.044643167155425,0.008959937779669646,1,0.20443740095086751,2.166325969465215
ADAUSDT,LONG,1784380500,1784393100,0.1647,0.16361428571428574,0.16524285714285716,SL,-1.0606789473684215,0.0065920721658426044,1,0.26470588235294273,-2.2969033385995425
SOLUSDT,LONG,1784380500,1784385000,74.63,74.32285714285715,74.78357142857142,TP2,0.4028074418604641,0.004115541432974057,1,0.17021276595744358,-2.1338114860824557
SUIUSDT,LONG,1784380500,1784385000,0.7324,0.7287571428571429,0.7342214285714286,TP2,0.41957960784312187,0.00497386283841772,1,0.26256983240223797,-2.0895397166542637
AVAXUSDT,SHORT,1784384100,1784391300,6.553,6.585714285714285,6.536642857142858,TP2,0.4198759825327366,0.004992260905582992,1,0.18181818181818707,2.032655894256271
AAVEUSDT,SHORT,1784385000,1784398500,88.61,89.23714285714286,88.29642857142856,SL,-1.0565166287015941,0.007077562996759523,1,0.21611721611722043,3.0066571151722217
HYPEUSDT,SHORT,1784385000,1784399400,59.34,59.98585714285714,59.017071428571434,SL,-1.0367511612475118,0.010884009822331292,1,0.15066751430387978,2.4964162990068313
DOTUSDT,LONG,1784385900,1784396700,0.8325,0.8276428571428571,0.8349285714285715,TP2,0.43144117647058805,0.0058344058344058205,1,0.21393034825870494,-2.107412885219994
BILLUSDT,SHORT,1784393100,1784398500,0.02488,0.02577857142857143,0.024430714285714285,TP2,0.4889246422893482,0.0361162149747359,1,0.14141414141414071,3.0214434597180433
ADAUSDT,SHORT,1784399400,1784401200,0.1656,0.16688571428571428,0.16495714285714286,TP2,0.4484800000000002,0.007763975155279534,1,0.1929824561403555,2.448584368609698
AVAXUSDT,SHORT,1784399400,1784400300,6.583,6.622,6.5635,TP2,0.4324820512820512,0.0059243506000303744,1,0.26086956521739,2.233313913842926
HYPEUSDT,SHORT,1784415600,1784418300,60.481,60.94314285714286,60.24992857142857,TP2,0.44765168469861694,0.007641124603476466,1,0.278411910669978,2.330186633625924
ZECUSDT,SHORT,1784415600,1784420100,560.9,566.8685714285714,557.9157142857142,TP2,0.46240976543801826,0.010641061559228813,1,0.11038658593386302,2.380349141902156
DOTUSDT,SHORT,1784419200,1784420100,0.8375,0.8413571428571429,0.8355714285714286,TP2,0.41314814814813383,0.004605543710021326,1,0.1606217616580308,2.216243187721899
DOTUSDT,LONG,1784421900,1784427300,0.8328,0.8283142857142857,0.8350428571428571,TP2,0.425737579617822,0.0053863043776588414,1,0.10091743119265943,-2.2031958520296913
SOLUSDT,SHORT,1784422800,1784427300,75.59,75.86,75.455,SL,-1.1119851851851852,0.003571901045111788,1,0.08965517241379242,2.0707377597142
XLMUSDT,LONG,1784422800,1784427300,0.18697,0.18598,0.187465,TP2,0.42445656565656437,0.005294967107022425,1,0.1908396946564906,-2.0648779972569793
NEARUSDT,LONG,1784423700,1784427300,1.921,1.9081428571428571,1.9274285714285715,TP2,0.44023555555555577,0.006692942663791203,1,0.18181818181818243,-2.510448894356721
ADAUSDT,SHORT,1784427300,1784430900,0.168,0.16910000000000003,0.16745000000000002,TP2,0.4389090909090786,0.006547619047619081,1,0.27868852459016663,3.278692165633527
AVAXUSDT,SHORT,1784427300,1784431800,6.609,6.639285714285714,6.593857142857143,TP2,0.4127113207547176,0.004582495730929718,1,0.17985611510791247,3.5196432641728905
ETHUSDT,SHORT,1784428200,1784429100,1867.01,1874.5028571428572,1863.2635714285714,SL,-1.0996687893231645,0.004013292453097296,1,0.2551872810563173,2.111310646899539
SUIUSDT,SHORT,1784430000,1784430900,0.7459,0.7494714285714286,0.7441142857142857,TP2,0.416459199999999,0.0047880795970351615,1,0.15606936416185194,2.218106177635692
BTCUSDT,LONG,1784431800,1784436300,64644.0,64474.171428571426,64728.91428571429,TP2,0.3477429340511453,0.0026271358738409268,1,0.14866434378629806,-2.5559275576934484
LABUSDT,LONG,1784431800,1784432700,0.188,0.18178571428571427,0.19110714285714286,SL,-1.0121011494252874,0.033054711246200616,1,0.19424460431654697,-2.1470845197546446
SEIUSDT,LONG,1784431800,1784443500,0.04656,0.04625,0.046715,TP2,0.43992258064517265,0.0066580756013745876,1,0.17391304347826306,-2.1959698977461044
BILLUSDT,LONG,1784436300,1784439900,0.0241,0.02230714285714286,0.024996428571428572,TP2,0.4946231075697221,0.07439241256668642,1,0.125,-2.0792492401446965
AAVEUSDT,SHORT,1784440800,1784442600,90.54,91.12571428571428,90.24714285714286,TP2,0.4381678048780602,0.006469121777272794,1,0.10086455331412311,2.617821452374233
TAOUSDT,SHORT,1784443500,1784445300,197.7,198.79999999999998,197.14999999999998,SL,-1.0718909090909094,0.005563985837126932,1,0.2894736842105261,2.713204521744421
NEARUSDT,SHORT,1784444400,1784451600,1.935,1.9432857142857143,1.930857142857143,SL,-1.0934137931034493,0.004282022886674004,1,0.17073170731707185,2.6247581393465063
LINKUSDT,SHORT,1784447100,1784448000,8.373,8.397428571428572,8.360785714285713,TP2,0.36289824561403605,0.002917541075907273,1,0.05333333333332544,2.498010890981382
SOLUSDT,SHORT,1784447100,1784448000,76.22,76.49571428571429,76.08214285714286,TP2,0.38942176165803233,0.0036173482775424923,1,0.050359712230210386,2.2287447180740156
HYPEUSDT,SHORT,1784448900,1784463300,61.006,61.40557142857143,60.80621428571429,TP2,0.4389285663210489,0.006549707054575371,1,0.2033036848792898,2.444338598471761
AVAXUSDT,LONG,1784449800,1784451600,6.545,6.5161428571428575,6.559428571428571,TP2,0.40927722772275565,0.004409036341809392,1,0.22580645161290508,-2.125179766078996
XRPUSDT,SHORT,1784451600,1784453400,1.0976,1.1007571428571428,1.0960214285714285,TP2,0.3609375565610874,0.0028764056643065692,1,0.26797385620914826,2.025082172360999
ADAUSDT,LONG,1784452500,1784458800,0.1651,0.16401428571428572,0.16564285714285715,TP2,0.4391736842105388,0.006576101064290013,1,0.2765957446808528,-2.330424938828166
BTCUSDT,LONG,1784452500,1784454300,64618.2,64497.15714285714,64678.72142857143,SL,-1.2135382509146695,0.001873200694894899,1,0.10904213350166662,-2.0661975854714183
DOTUSDT,LONG,1784452500,1784453400,0.8331,0.8294857142857143,0.8349071428571428,SL,-1.092200790513834,0.004338357597270091,1,0.15789473684210695,-2.56613910425765
LABUSDT,LONG,1784454300,1784457000,0.1712,0.16725714285714285,0.17317142857142856,SL,-1.0173681159420291,0.023030707610146802,1,0.14285714285714238,-2.0831668604372267
AAVEUSDT,SHORT,1784505600,1784506500,89.51,90.07714285714286,89.22642857142857,SL,-1.0631304785894207,0.006336083757600904,1,0.2574257425742612,2.793645587543477
ADAUSDT,SHORT,1784506500,1784507400,0.1677,0.1694285714285714,0.16683571428571428,TP2,0.4611933884297519,0.010307521935428866,1,0.28395061728395127,3.178571428571399
NEARUSDT,SHORT,1784506500,1784507400,1.935,1.9542857142857144,1.925357142857143,TP2,0.4598666666666608,0.00996677740863786,1,0.2987012987013006,3.4063784748401553
SEIUSDT,SHORT,1784507400,1784509200,0.04674,0.047082857142857135,0.046568571428571424,TP2,0.44547000000000964,0.007335411699981597,1,0.1917808219178095,2.0664722799469466
HYPEUSDT,LONG,1784509200,1784512800,60.696,60.08314285714285,61.00242857142857,SL,-1.039615104895105,0.010097158673671128,1,0.13213572854291564,-2.2986714281913527
AVAXUSDT,SHORT,1784510100,1784512800,6.534,6.619,6.491499999999999,TP2,0.4692517647058877,0.013008876645240334,1,0.29909365558912493,2.0960019897914512
DOTUSDT,LONG,1784511900,1784517300,0.8105,0.8011571428571428,0.8151714285714285,TP2,0.4652996941895966,0.011527275931964419,1,0.16712328767123386,-2.3753540853496067
ZECUSDT,LONG,1784511900,1784518200,543.48,533.0214285714286,548.7092857142857,SL,-1.020786012839776,0.01924370984869986,1,0.1946564885496167,-2.0503185320548223
LABUSDT,LONG,1784514600,1784520000,0.1477,0.1405,0.1513,TP2,0.4917944444444444,0.048747461069735896,1,0.18672199170124532,-2.1276226176473743
SEIUSDT,LONG,1784521800,1784529900,0.04582,0.045309999999999996,0.046075,SL,-1.0359372549019608,0.011130510694020091,1,0.26356589147286835,-2.6024810511661682
BTCUSDT,LONG,1784523600,1784524500,64509.9,64100.64285714286,64714.52857142857,SL,-1.0630507260541748,0.006344098236970484,1,0.20349907918968346,-2.0334935093797872
BILLUSDT,LONG,1784524500,1784529900,0.02428,0.023657142857142856,0.02459142857142857,SL,-1.0155926605504588,0.02565309484584608,1,0.23119777158774402,-2.6235679931315605
ETHUSDT,LONG,1784525400,1784536200,1858.33,1840.0457142857142,1867.472142857143,TP2,0.4593458551449395,0.009839095163015045,1,0.23119717556435293,-2.4160418929381886
ZECUSDT,LONG,1784592000,1784594700,543.58,537.4771428571429,546.6314285714286,TP2,0.46437209737827706,0.011227155419362615,1,0.11111111111110748,-2.1180475766187543
AAVEUSDT,SHORT,1784593800,1784594700,90.05,90.54142857142857,89.80428571428571,SL,-1.0732965116279074,0.0054572856349646755,1,0.22424242424241955,2.4467030954569893
LINKUSDT,SHORT,1784594700,1784599200,8.624,8.683142857142858,8.594428571428573,TP2,0.44167342995167574,0.0068579379803869545,1,0.27559055118110204,2.3124855172956775
NEARUSDT,SHORT,1784595600,1784598300,1.996,2.016285714285714,1.985857142857143,TP2,0.46064225352112653,0.010163183509876843,1,0.2987012987013023,2.1666728841712337
BTCUSDT,SHORT,1784596500,1784598300,65511.5,65776.17142857143,65379.16428571429,TP2,0.40099195768338086,0.0040400758427364385,1,0.24113876319759212,2.036870871040939
XLMUSDT,LONG,1784598300,1784603700,0.18747,0.18624857142857143,0.18808071428571427,TP2,0.4386063157894619,0.006515328166792361,1,0.16993464052287988,-2.1226763551230654
ZECUSDT,SHORT,1784603700,1784606400,552.06,560.0328571428571,548.0735714285713,TP2,0.4723030281311664,0.014442011996625643,1,0.07980744869521116,2.078095175318665
ADAUSDT,SHORT,1784606400,1784607300,0.1723,0.17431428571428573,0.17129285714285716,TP2,0.4657843971631136,0.011690572920984972,1,0.2566371681415916,2.5757236266063024
LINKUSDT,SHORT,1784609100,1784610000,8.659,8.723857142857144,8.62657142857143,SL,-1.0534035242290753,0.00749014237869759,1,0.24657534246575685,2.3520791407116635
XLMUSDT,SHORT,1784610900,1784616300,0.1893,0.19054000000000001,0.18868,SL,-1.061064516129032,0.0065504490227153035,1,0.2532833020637919,2.0779738378952692
HYPEUSDT,SHORT,1784611800,1784621700,63.045,63.475,62.830000000000005,TP2,0.44135348837208455,0.006820525021809798,1,0.2094064949608099,2.3232421294135026
SEIUSDT,SHORT,1784611800,1784616300,0.04713,0.04746142857142857,0.04696428571428571,SL,-1.0568810344827582,0.0070322209087327345,1,0.15116279069767113,2.147967720987576
BTCUSDT,SHORT,1784678400,1784681100,66519.8,66708.27142857143,66425.5642857143,SL,-1.1411774729022979,0.002833313217589754,1,0.2697347049269063,2.39306441525699
AAVEUSDT,SHORT,1784679300,1784680200,95.88,96.63428571428571,95.50285714285714,TP2,0.4491545454545455,0.007866976577865191,1,0.1745152354570678,2.1625822948200053
NEARUSDT,SHORT,1784679300,1784682000,1.939,1.9492857142857143,1.933857142857143,SL,-1.0754055555555557,0.005304648935386417,1,0.29411764705882454,2.370495459168494
SEIUSDT,SHORT,1784681100,1784682900,0.04698,0.047209999999999995,0.046865000000000004,TP2,0.418295652173912,0.004895700297999087,1,0.20388349514563225,2.404362804172906
XLMUSDT,SHORT,1784682000,1784682900,0.19411,0.19556714285714286,0.1933814285714286,TP2,0.44671490196077457,0.007506789228493386,1,0.2047556142668417,2.4860784521221118
ADAUSDT,SHORT,1784684700,1784686500,0.1741,0.17520000000000002,0.17354999999999998,TP2,0.4366909090909228,0.006318207926479136,1,0.19148936170212866,2.0640655129279604
BILLUSDT,SHORT,1784687400,1784689200,0.02597,0.02674,0.025585,TP2,0.4865090909090909,0.02964959568733153,1,0.1919191919191918,2.0722711757831287
TAOUSDT,SHORT,1784687400,1784690100,201.6,203.28571428571428,200.75714285714287,TP2,0.45216271186439816,0.008361678004535116,1,0.2631578947368413,2.187088215532392
HYPEUSDT,LONG,1784690100,1784693700,60.409,59.93142857142857,60.64778571428571,SL,-1.0505968291953336,0.007905633739532653,1,0.2278037383177569,-2.670001728004953
NEARUSDT,LONG,1784690100,1784692800,1.923,1.9081428571428571,1.9304285714285714,SL,-1.051773076923077,0.007726023326647341,1,0.16417910447761164,-2.2708409940865013
SEIUSDT,LONG,1784690100,1784700900,0.04644,0.04609857142857143,0.04661071428571429,SL,-1.0544066945606696,0.007352036421803852,1,0.19047619047619416,-2.2940641103522075
ADAUSDT,LONG,1784698200,1784701800,0.1724,0.17085714285714285,0.17317142857142856,SL,-1.0446962962962962,0.008949287371561157,1,0.1935483870967732,-2.8772955017256003
DOTUSDT,LONG,1784698200,1784714400,0.8435,0.8350571428571428,0.8477214285714286,SL,-1.0399627749576987,0.010009314929291245,1,0.18396226415094005,-3.1471729743960393
ZECUSDT,SHORT,1784764800,1784766600,515.3,520.1828571428571,512.8585714285714,SL,-1.0422129900526622,0.009475756147597813,1,0.169871794871795,2.281068634759107
BTCUSDT,SHORT,1784765700,1784768400,66161.6,66394.62857142858,66045.08571428573,TP2,0.3864317802844197,0.003522112092642361,1,0.2594331420622583,2.4058443294378464
SOLUSDT,SHORT,1784765700,1784770200,78.26,78.76714285714286,78.00642857142857,TP2,0.4382738028169151,0.006480230732722395,1,0.2418772563176905,2.3883169558500557
LABUSDT,LONG,1784769300,1784771100,0.1477,0.14095714285714286,0.15107142857142858,TP2,0.49123813559322244,0.045652384176419404,1,0.2049689440993797,-2.738029214703021
NEARUSDT,SHORT,1784770200,1784772900,1.876,1.8902857142857141,1.8688571428571428,TP2,0.44747200000000004,0.00761498629302468,1,0.14705882352941224,2.0225995873897036
BTCUSDT,LONG,1784771100,1784790900,65756.4,65462.52857142857,65903.3357142857,SL,-1.0895036313256543,0.004469092416425218,1,0.08964795183876559,-2.127784815925542
HYPEUSDT,LONG,1784772900,1784774700,58.604,57.98785714285714,58.91207142857143,TP2,0.4619542777648969,0.01051366557134084,1,0.22280630812777993,-2.551760017369057
SUIUSDT,LONG,1784772900,1784774700,0.7595,0.755,0.7617499999999999,TP2,0.43248888888888815,0.005924950625411388,1,0.1187739463601544,-2.0807249520696955
AVAXUSDT,LONG,1784776500,1784784600,6.541,6.493857142857143,6.564571428571429,TP2,0.4445006060606062,0.007207285910848077,1,0.2953736654804267,-2.581680270233935
XRPUSDT,LONG,1784776500,1784781000,1.1341,1.1283571428571428,1.1369714285714287,TP2,0.42100796019900544,0.005063801378059409,1,0.20891364902506854,-2.0902196013295646
ZECUSDT,LONG,1784781900,1784784600,512.39,507.4485714285714,514.8607142857143,TP2,0.45852292570106945,0.009643881753017319,1,0.16053511705685442,-2.1554539034635987
SUIUSDT,SHORT,1784784600,1784787300,0.7669,0.7718,0.76445,TP2,0.43739591836735864,0.006389359760073062,1,0.08457711442786241,2.1130790729027047
ADAUSDT,LONG,1784790900,1784796300,0.1728,0.17121428571428574,0.17359285714285716,TP2,0.4564108108108196,0.0091765873015873,1,0.15151515151515305,-3.1981499416432246
ETHUSDT,LONG,1784790900,1784795400,1916.81,1907.2471428571428,1921.5914285714284,TP2,0.4198227069016915,0.004988943683963034,1,0.15655983398662626,-2.2344991644532697
HYPEUSDT,LONG,1784791800,1784795400,58.622,58.03485714285714,58.915571428571425,TP2,0.4600628710462227,0.010015742505251562,1,0.09461077844311443,-2.156974161675472
LABUSDT,SHORT,1784793600,1784802600,0.1571,0.16364285714285712,0.15382857142857143,SL,-1.009604366812227,0.041647722106028906,1,0.08910891089108915,2.1631355386205313
LINKUSDT,SHORT,1784798100,1784809800,8.622,8.671142857142858,8.597428571428571,TP2,0.4298209302325591,0.00569970507340035,1,0.06299212598425213,2.192420985247574
BILLUSDT,SHORT,1784799900,1784804400,0.02601,0.02658285714285714,0.025723571428571426,TP2,0.4818384039900279,0.022024496072938982,1,0.2539682539682528,2.4956215709268696
NEARUSDT,SHORT,1784804400,1784810700,1.885,1.8995714285714285,1.8777142857142857,TP2,0.44825490196079165,0.007730200833649066,1,0.18181818181817846,2.355854674425047
XRPUSDT,LONG,1784809800,1784810700,1.1297,1.1254142857142857,1.131842857142857,SL,-1.1054386666666682,0.0037936746797505765,1,0.15723270440253048,-2.56282663640918
AAVEUSDT,LONG,1784810700,1784814300,95.96,95.02857142857142,96.42571428571428,TP2,0.45879018404907984,0.009706425296254408,1,0.22244488977955923,-2.6534569782917203
AVAXUSDT,LONG,1784810700,1784812500,6.503,6.464571428571428,6.522214285714286,SL,-1.0676892193308547,0.005909360514927199,1,0.2549019607843165,-3.675255457723794
LINKUSDT,LONG,1784811600,1784813400,8.536,8.483999999999998,8.562,SL,-1.0656615384615378,0.006091846298031937,1,0.023255813953489652,-2.0458967114687896
HYPEUSDT,SHORT,1784813400,1784815200,59.611,60.22928571428571,59.30185714285714,TP2,0.4614346580406711,0.010372007084023296,1,0.2801387684301828,2.2283571371635977
TAOUSDT,LONG,1784813400,1784814300,194.5,193.1,195.2,TP2,0.4444285714285615,0.007197943444730106,1,0.2999999999999962,-2.2933642591340035
AAVEUSDT,LONG,1784851200,1784854800,94.9,94.26428571428572,95.21785714285716,TP2,0.44028764044944946,0.006698780671383415,1,0.13567839195979636,-2.7402835529868863
SEIUSDT,LONG,1784851200,1784853000,0.04538,0.04511285714285714,0.045513571428571424,TP2,0.43205133689839537,0.005886797204558301,1,0.0705882352941177,-2.0437562994294662
ADAUSDT,LONG,1784852100,1784856600,0.1676,0.16638571428571428,0.16820714285714286,SL,-1.055209411764706,0.007245141493351523,1,0.2812499999999999,-2.285721996039328
AVAXUSDT,LONG,1784853900,1784854800,6.236,6.194714285714285,6.2566428571428565,TP2,0.4395820069204044,0.006620544304957384,1,0.27152317880794236,-2.5841422309063886
NEARUSDT,SHORT,1784854800,1784862000,1.893,1.9072857142857143,1.885857142857143,TP2,0.44699600000000006,0.007546600256584416,1,0.11538461538461686,2.3740686767123815
ZECUSDT,SHORT,1784854800,1784861100,507.35,512.2414285714286,504.9042857142857,TP2,0.45851109813084123,0.009641132495178045,1,0.15412558380903113,2.4505032921752314
HYPEUSDT,SHORT,1784857500,1784861100,58.165,58.758,57.8685,TP2,0.46076559865092753,0.010195134531075399,1,0.029013539651838696,2.081317184438255
BTCUSDT,SHORT,1784864700,1784870100,65371.9,65669.2,65223.25,TP2,0.41204587958292505,0.004547825594789195,1,0.17888860695254968,2.103469684295433
XLMUSDT,SHORT,1784865600,1784871000,0.18325,0.18446428571428572,0.18264285714285713,SL,-1.0603647058823529,0.006626388618203085,1,0.1365187713310571,2.182868435000254
AAVEUSDT,SHORT,1784870100,1784877300,95.84,96.48,95.52000000000001,SL,-1.0598999999999998,0.0066777963272120254,1,0.27586206896552035,2.137554074323399
AVAXUSDT,SHORT,1784871000,1784872800,6.287,6.3301428571428575,6.265428571428571,TP2,0.44170993377483453,0.006862232725124417,1,0.21739130434782408,2.0162771525812153
TAOUSDT,SHORT,1784871900,1784872800,193.9,195.22857142857143,193.2357142857143,TP2,0.4416215053763438,0.006851838208207437,1,0.27027027027027317,2.560325483209933
DOTUSDT,LONG,1784872800,1784875500,0.8097,0.8045,0.8123,TP2,0.4377153846153953,0.006422131653698898,1,0.2500000000000024,-2.8765991022017348
LABUSDT,LONG,1784873700,1784885400,0.1476,0.1438,0.1495,TP2,0.48446315789473315,0.025745257452574482,1,0.20245398773006038,-2.5070888595318372
SEIUSDT,SHORT,1784873700,1784877300,0.04583,0.04604571428571429,0.045722142857142864,SL,-1.0849827814569541,0.004706835821825973,1,0.2871287128712915,2.4110551244603955
XRPUSDT,SHORT,1784875500,1784877300,1.1129,1.1170571428571427,1.1108214285714286,SL,-1.1070831615120287,0.003735414553996596,1,0.19806763285024176,2.269667229459389
ADAUSDT,SHORT,1784939400,1784941200,0.1643,0.16512857142857143,0.1638857142857143,TP2,0.4206827586206717,0.005043039735675086,1,0.2500000000000065,2.539439768171577
TAOUSDT,SHORT,1784939400,1784940300,191.7,192.79999999999998,191.14999999999998,TP2,0.43029090909092216,0.005738132498695893,1,0.2941176470588255,2.474799384222681
XRPUSDT,SHORT,1784939400,1784952000,1.0926,1.0960714285714286,1.0908642857142858,TP2,0.37410370370367163,0.003177218168980935,1,0.25000000000000816,2.2005130658503465
XLMUSDT,SHORT,1784941200,1784949300,0.17834,0.17926571428571428,0.17787714285714287,SL,-1.0770604938271617,0.005190727182428349,1,0.17404129793510942,2.207442762745962
NEARUSDT,LONG,1784944800,1784947500,1.795,1.7837142857142856,1.800642857142857,TP2,0.4363797468354332,0.006287306008754473,1,0.2857142857142857,-2.546572194170016
BILLUSDT,LONG,1784945700,1784946600,0.02804,0.027134285714285715,0.028492857142857143,SL,-1.0123835962145111,0.032300794782963105,1,0.22054380664652565,-2.8397710042007227
SUIUSDT,SHORT,1784949300,1784956500,0.7116,0.7144857142857143,0.7101571428571428,SL,-1.0986376237623763,0.0040552477314703276,1,0.13131313131312633,2.0582242979527225
LABUSDT,SHORT,1784952900,1784953800,0.1634,0.1687142857142857,0.16074285714285713,TP2,0.48770107526881723,0.03252316838608152,1,0.17307692307692346,2.4528706826156395
BTCUSDT,SHORT,1784954700,1784958300,64150.3,64268.27142857143,64091.31428571429,TP2,0.28248868975538755,0.001838984830490706,1,0.05091514143095687,2.035259845758914
LABUSDT,LONG,1784954700,1784967300,0.1555,0.14941428571428572,0.15854285714285715,SL,-1.0102206572769954,0.03913642627468997,1,0.264367816091954,-2.6109537978004473
ZECUSDT,LONG,1784956500,1784958300,484.77,481.0414285714285,486.6342857142857,SL,-1.052005977011494,0.0076914236206271835,1,0.21201716738197493,-3.280456028120943
ETHUSDT,LONG,1784958300,1784967300,1857.54,1852.5957142857142,1860.0121428571429,SL,-1.1502777232013863,0.002661738489769121,1,0.12034208918753564,-2.0669426735298333
SOLUSDT,LONG,1784959200,1784967300,73.93,73.66857142857144,74.0607142857143,SL,-1.1131169398907097,0.0035361635523951467,1,0.08474576271187012,-2.029884071253944
SEIUSDT,SHORT,1784962800,1784971800,0.04382,0.044045714285714285,0.043707142857142854,SL,-1.0776556962025317,0.005150942166003775,1,0.13725490196078458,2.1018832464037134
DOTUSDT,LONG,1785024000,1785024900,0.8131,0.8096142857142857,0.8148428571428572,TP2,0.4066934426229516,0.004286944146740025,1,0.2816901408450709,-2.3503686787555007
LABUSDT,SHORT,1785024000,1785025800,0.1524,0.15554285714285715,0.15082857142857142,SL,-1.0193963636363637,0.02062242219722539,1,0.21259842519685165,2.2115507734172866
SUIUSDT,LONG,1785024000,1785025800,0.7106,0.7080571428571428,0.7118714285714286,TP2,0.38822022471910067,0.0035784648787744616,1,0.2999999999999972,-2.0574310769706114
HYPEUSDT,SHORT,1785024900,1785026700,58.345,58.67028571428571,58.18235714285714,TP2,0.42825384277558126,0.005575211488314533,1,0.01508120649651776,2.2322392047791197
SOLUSDT,SHORT,1785024900,1785025800,74.6,74.85,74.475,SL,-1.119360000000002,0.0033512064343162997,1,0.043478260869555814,2.2557622007650333
BTCUSDT,SHORT,1785027600,1785031200,64477.5,64601.05714285714,64415.72142857143,TP2,0.29126257370794345,0.0019162830887851276,1,0.24774691925696246,2.337619426184212
ETHUSDT,SHORT,1785027600,1785031200,1880.28,1886.0257142857142,1877.4071428571428,TP2,0.36910034808552816,0.003055775887481771,1,0.2959866220735803,2.465990360253022
XLMUSDT,LONG,1785032100,1785034800,0.17703,0.17612285714285714,0.1774835714285714,TP2,0.4219395275590391,0.005124232373851034,1,0.2316715542521953,-2.9734274778528964
DOTUSDT,SHORT,1785034800,1785041100,0.8191,0.8229428571428572,0.8171785714285714,SL,-1.0852594795539028,0.0046915604234613155,1,0.20000000000000262,2.685369885392657
SEIUSDT,SHORT,1785034800,1785039300,0.04485,0.045105714285714284,0.044722142857142856,TP2,0.4298435754190074,0.00570154483197957,1,0.12087912087912055,2.761199572794283
SUIUSDT,SHORT,1785034800,1785035700,0.7144,0.7171000000000001,0.7130500000000001,TP2,0.39416296296294195,0.0037793952967525024,1,0.09565217391304297,2.237216928797246
ADAUSDT,SHORT,1785040200,1785044700,0.1657,0.1666,0.16524999999999998,TP2,0.42635555555555554,0.005431502715751358,1,0.2857142857142819,2.2021850692358567
NEARUSDT,SHORT,1785041100,1785042900,1.801,1.8114285714285714,1.795785714285714,TP2,0.4309205479452165,0.0057904338859364165,1,0.2727272727272715,2.0180960629806846
ETHUSDT,SHORT,1785042900,1785044700,1886.49,1892.9885714285715,1883.2407142857144,TP2,0.38388278742579096,0.0034447950577906387,1,0.28141225337487963,2.0059047232217457
SEIUSDT,LONG,1785043800,1785045600,0.04443,0.04414571428571428,0.04457214285714285,TP2,0.43748542713566657,0.006398508086556743,1,0.19008264462810068,-2.0640489012208354
BTCUSDT,LONG,1785045600,1785047400,64385.8,64270.0,64443.700000000004,SL,-1.22240345423143,0.001798533216951593,1,0.1630917159763295,-2.045340622359782
XRPUSDT,LONG,1785046500,1785049200,1.0967,1.0926857142857143,1.0987071428571429,TP2,0.3907202846975098,0.0036603316442835303,1,0.1497005988023906,-2.3602524788582135
AAVEUSDT,SHORT,1785047400,1785048300,92.61,93.32142857142857,92.25428571428571,SL,-1.0520698795180723,0.0076819843583692034,1,0.22727272727272552,2.3162145225296125
AVAXUSDT,SHORT,1785048300,1785051000,6.805,6.856285714285715,6.779357142857142,TP2,0.4469247910863515,0.007536475280781013,1,0.1511627906976712,2.2916578278232307
XLMUSDT,SHORT,1785049200,1785060900,0.17834,0.17949285714285715,0.17776357142857144,TP2,0.43812242874843915,0.006464377833672457,1,0.23292469352013775,2.111108962723076
ZECUSDT,SHORT,1785049200,1785054600,491.94,496.6614285714286,489.57928571428573,TP2,0.45832278366111345,0.009597569970786205,1,0.284561049445002,2.448869818680902
LABUSDT,SHORT,1785057300,1785059100,0.1534,0.15704285714285715,0.15157857142857142,TP2,0.4831560784313763,0.02374743900167631,1,0.21428571428571463,3.1856747353285133
DOTUSDT,SHORT,1785059100,1785063600,0.8271,0.8322857142857142,0.8245071428571428,TP2,0.43620165289257223,0.006269754909580769,1,0.16666666666666807,2.0161582474255555
AVAXUSDT,LONG,1785060900,1785076200,6.713,6.657,6.741,SL,-1.04795,0.008342022940563094,1,0.2377049180327864,-2.4026739035250824
HYPEUSDT,SHORT,1785060900,1785063600,58.839,59.13185714285714,58.692571428571426,TP2,0.41963453658536576,0.004977262408557971,1,0.13533834586466142,2.0427737777183386
NEARUSDT,LONG,1785067200,1785071700,1.795,1.7864285714285715,1.7992857142857142,SL,-1.083766666666667,0.004775169120573007,1,0.1282051282051314,-2.380476142847661
XLMUSDT,LONG,1785067200,1785068100,0.17741,0.17667857142857143,0.1777757142857143,TP2,0.40297890624998073,0.004122814787377089,1,0.21999999999999778,-2.8095932351049475
LINKUSDT,SHORT,1785068100,1785070800,8.465,8.497428571428571,8.448785714285714,TP2,0.39558590308370056,0.0038309003459623715,1,0.2650602409638577,3.240601503759422
ADAUSDT,LONG,1785071700,1785074400,0.1643,0.16342857142857142,0.1647357142857143,TP2,0.424583606557377,0.005303886618554903,1,0.1428571428571406,-2.7933921849018306
DOTUSDT,LONG,1785072600,1785075300,0.822,0.8168142857142857,0.8245928571428571,TP2,0.4365950413223245,0.006308654848800816,1,0.04498269896193689,-2.0336077876747143
LABUSDT,SHORT,1785074400,1785078900,0.1578,0.16234285714285715,0.15552857142857143,SL,-1.0138943396226414,0.02878870179250407,1,0.2261306532663309,2.555856402956401
BTCUSDT,SHORT,1785075300,1785077100,64674.8,64839.40000000001,64592.5,TP2,0.3428315917375491,0.002545040726836476,1,0.21351652432231866,3.1457811131292512
TAOUSDT,SHORT,1785075300,1785076200,197.8,199.12857142857143,197.1357142857143,TP2,0.44044731182795727,0.0067167412971255525,1,0.29032258064516364,3.128903744635543
HYPEUSDT,SHORT,1785078900,1785080700,59.056,59.45957142857143,58.854214285714285,TP2,0.4414666194690178,0.006833707473777923,1,0.14107235814679953,2.91785333190602
XLMUSDT,SHORT,1785079800,1785099600,0.1793,0.1805542857142857,0.17867285714285713,TP2,0.4428200455580863,0.006995458529200825,1,0.15670436187399006,2.5666996568018448
BILLUSDT,SHORT,1785080700,1785084300,0.02571,0.026207142857142856,0.025461428571428572,TP2,0.4793137931034483,0.019336556092682117,1,0.12550607287449425,2.6456246443350837
SEIUSDT,SHORT,1785081600,1785086100,0.04482,0.04505142857142857,0.04470428571428571,TP2,0.42253333333334847,0.005163511187607584,1,0.1376146788990792,2.3248956884283674
DOTUSDT,LONG,1785089700,1785104100,0.8186,0.8133571428571429,0.8212214285714285,TP2,0.43754550408719356,0.006404663013507394,1,0.1236749116607795,-2.3906620743973677
SUIUSDT,LONG,1785089700,1785101400,0.7125,0.7077571428571429,0.7148714285714286,TP2,0.43990963855421666,0.006656641604010004,1,0.08860759493670743,-2.038662051674623
BILLUSDT,LONG,1785093300,1785104100,0.02487,0.024368571428571427,0.025120714285714284,TP2,0.48016068376068033,0.020161985180079302,1,0.2547528517110271,-2.3210510907057325
BTCUSDT,SHORT,1785101400,1785104100,64794.0,64906.28571428571,64737.857142857145,SL,-1.2308183206106893,0.0017329646924979666,1,0.007371007371005252,2.3131718926453906
ETHUSDT,SHORT,1785101400,1785103200,1920.93,1927.3542857142857,1917.7178571428572,SL,-1.1196042695130097,0.003344362217408054,1,0.07681612791101852,2.9259620918536804
NEARUSDT,SHORT,1785101400,1785102300,1.801,1.8085714285714285,1.7972142857142857,TP2,0.4048528301886791,0.004204013643214082,1,0.05263157894736842,2.3205827825138714
LINKUSDT,SHORT,1785103200,1785104100,8.617,8.656714285714287,8.597142857142858,SL,-1.086789928057554,0.004608829721978156,1,0.10679611650485488,2.044804470541251
ADAUSDT,SHORT,1785104100,1785107700,0.1656,0.16657142857142856,0.1651142857142857,SL,-1.0681882352941185,0.005866114561766665,1,0.20000000000000245,3.219260219931974
AVAXUSDT,SHORT,1785105000,1785107700,6.714,6.7415714285714285,6.700214285714286,SL,-1.0974051813471504,0.004106557725860667,1,0.1520000000000032,2.8120174225152423
DOTUSDT,SHORT,1785105000,1785107700,0.8257,0.8298142857142857,0.8236428571428571,SL,-1.080276388888889,0.004982785169293575,1,0.20207253886010804,2.882687153975185
BILLUSDT,SHORT,1785115800,1785119400,0.0254,0.025855714285714284,0.025172142857142855,TP2,0.4777053291536088,0.017941507311586044,1,0.2631578947368402,2.177718820695719
AVAXUSDT,LONG,1785121200,1785125700,6.686,6.647285714285714,6.705357142857143,TP2,0.43091955719558406,0.00579035083970776,1,0.15436241610738638,-2.182694931899682
HYPEUSDT,SHORT,1785124800,1785127500,59.908,60.415571428571425,59.65421428571429,SL,-1.0472114832535888,0.008472514999189192,1,0.10533393097265734,2.210393824572779
SEIUSDT,SHORT,1785125700,1785127500,0.04524,0.04554428571428572,0.045087857142857145,TP2,0.4405295774647887,0.006726032588101553,1,0.24242424242424784,2.2492602334174614
ETHUSDT,SHORT,1785127500,1785132000,1956.92,1968.8657142857144,1950.947142857143,SL,-1.0655270987801961,0.006104344728304821,1,0.07282334022513343,2.326481070829351
BILLUSDT,SHORT,1785130200,1785132000,0.02557,0.026087142857142857,0.02531142857142857,TP2,0.4802220994475105,0.02022459355271243,1,0.17551020408163254,2.197248486777648
LINKUSDT,SHORT,1785131100,1785132000,8.807,8.862428571428572,8.779285714285715,SL,-1.0635556701030926,0.006293694950445289,1,0.18518518518518032,2.1134432348355188
SUIUSDT,SHORT,1785132900,1785135600,0.7212,0.7264571428571428,0.7185714285714285,TP2,0.44512608695652167,0.0072894382378575285,1,0.27906976744185386,2.4198328591283897
XLMUSDT,SHORT,1785132900,1785136500,0.18287,0.1842842857142857,0.18216285714285715,TP2,0.44827919191919174,0.007733831214992669,1,0.2986111111111174,3.280717346726565
BILLUSDT,LONG,1785133800,1785160800,0.02481,0.0242,0.025115,SL,-1.0162688524590164,0.024586860137041516,1,0.18146718146718172,-2.562940689773286
LABUSDT,LONG,1785133800,1785135600,0.148,0.14391428571428572,0.15004285714285714,SL,-1.0144895104895104,0.027606177606177593,1,0.15611814345991482,-3.297033730114792
SOLUSDT,SHORT,1785134700,1785136500,76.83,77.27857142857142,76.60571428571428,TP2,0.4314891719745229,0.005838493148137873,1,0.19540229885058202,2.4039971839358607
AVAXUSDT,LONG,1785138300,1785142800,6.672,6.629285714285714,6.693357142857143,SL,-1.0624802675585283,0.006402021240150745,1,0.07182320441988858,-2.078455198008623
ZECUSDT,LONG,1785138300,1785150000,500.4,495.21428571428567,502.99285714285713,TP2,0.461401652892562,0.010363138060979792,1,0.29616724738676325,-2.681919648342464
SEIUSDT,LONG,1785143700,1785144600,0.0449,0.044590000000000005,0.045055,TP2,0.44206451612902065,0.006904231625835139,1,0.14444444444444274,-2.1365634148806514
HYPEUSDT,SHORT,1785150000,1785151800,60.368,60.78871428571429,60.15764285714286,TP2,0.44260427843802225,0.006969160577032315,1,0.09717514124293562,2.1089657590161366
SEIUSDT,SHORT,1785152700,1785154500,0.0456,0.04597142857142857,0.04541428571428572,TP2,0.4508923076922982,0.008145363408521275,1,0.16666666666666718,2.1551738512205634
ETHUSDT,LONG,1785154500,1785156300,1954.28,1943.4657142857143,1959.6871428571428,SL,-1.072285125495377,0.005533641911233629,1,0.27445283749757976,-2.2349300348647847
XRPUSDT,LONG,1785154500,1785157200,1.1027,1.0977571428571429,1.1051714285714287,TP2,0.41076416184973447,0.004482503983728304,1,0.29680365296803385,-2.4718287061902244
SOLUSDT,SHORT,1785156300,1785158100,76.82,77.2242857142857,76.61785714285713,TP2,0.4239943462897694,0.0052627663926804215,1,0.21081081081080408,2.554802983908465
LABUSDT,SHORT,1785157200,1785159000,0.1498,0.15254285714285715,0.1484285714285714,TP2,0.47815416666666677,0.018310127789433608,1,0.1327433628318588,2.453202499355484
HYPEUSDT,LONG,1785158100,1785159900,59.509,58.99471428571429,59.76614285714286,TP2,0.4537152222222292,0.00864215016696156,1,0.2941649899396357,-2.0123765589758893
SUIUSDT,LONG,1785159000,1785159900,0.711,0.7059428571428571,0.7135285714285714,TP2,0.44376271186440713,0.00711271850512361,1,0.20754716981131976,-2.035421435287364
BTCUSDT,SHORT,1785159900,1785160800,65628.8,65984.82857142857,65450.78571428572,TP2,0.4262656929620415,0.005424883152344261,1,0.2592592592592587,2.761706587710529
ETHUSDT,SHORT,1785159900,1785160800,1974.34,1990.3171428571427,1966.3514285714284,TP2,0.45057088698140896,0.008092396880548849,1,0.13551625239005627,2.1624022851426674
TAOUSDT,SHORT,1785159900,1785160800,199.5,201.11428571428573,198.69285714285715,TP2,0.4505663716814071,0.008091657715717874,1,0.2291666666666663,2.6666366642020662
AAVEUSDT,LONG,1785161700,1785163500,100.0,98.76857142857143,100.61571428571429,SL,-1.0324825986078887,0.01231428571428568,1,0.19639639639639556,-2.0696170051875034
ADAUSDT,LONG,1785162600,1785163500,0.162,0.1597857142857143,0.16310714285714287,SL,-1.0292645161290324,0.013668430335096939,1,0.2909090909090907,-2.427224456848381
LABUSDT,LONG,1785162600,1785163500,0.1444,0.14094285714285715,0.14612857142857144,SL,-1.0167074380165289,0.023941432528690198,1,0.17391304347826278,-2.432698834935586
BILLUSDT,SHORT,1785209400,1785213900,0.023,0.02344714285714286,0.02277642857142857,SL,-1.0205750798722044,0.01944099378881999,1,0.11224489795918521,2.1683743571829353
ETHUSDT,SHORT,1785216600,1785219300,1885.44,1895.23,1880.545,TP2,0.42296465781409626,0.005192421928038033,1,0.06027474067844293,2.4546179838483866
ADAUSDT,SHORT,1785217500,1785220200,0.1557,0.1567714285714286,0.1551642857142857,SL,-1.0581279999999993,0.006881365262868235,1,0.18367346938775694,2.4145321076847894
BTCUSDT,SHORT,1785217500,1785219300,63519.9,63744.94285714286,63407.37857142858,TP2,0.387097238621198,0.003542871716467681,1,0.05550329256820586,2.060171664322403
HYPEUSDT,LONG,1785217500,1785219300,55.658,55.12714285714286,55.92342857142857,SL,-1.0419382131324004,0.009537840793006253,1,0.18275154004106625,-2.412849047111339
ZECUSDT,LONG,1785218400,1785221100,468.27,462.76571428571424,471.02214285714285,TP2,0.46597051648066445,0.011754512811595274,1,0.2117903930131005,-2.8174463729981
XLMUSDT,SHORT,1785221100,1785225600,0.17258,0.17341285714285715,0.17216357142857144,TP2,0.41711423670668957,0.004825919242421735,1,0.1999999999999965,2.1472125395496158
AAVEUSDT,LONG,1785224700,1785227400,97.28,96.42142857142858,97.70928571428571,TP2,0.4546782029950084,0.008825775375939857,1,0.08943089430894371,-2.414330862368112
XRPUSDT,LONG,1785226500,1785228300,1.0539,1.0494571428571429,1.0561214285714287,TP2,0.405115112540194,0.004215634446206654,1,0.17808219178082776,-2.0814196122883675
LABUSDT,SHORT,1785230100,1785231900,0.143,0.14628571428571427,0.14135714285714285,TP2,0.48259130434782604,0.022977022977022945,1,0.1354838709677417,2.1623090182683407
ETHUSDT,LONG,1785232800,1785234600,1875.35,1867.0457142857142,1879.5021428571426,TP2,0.40966832960604116,0.004428125797470161,1,0.13404710920770846,-2.7177266099613533
XLMUSDT,LONG,1785232800,1785237300,0.17118,0.17037428571428573,0.17158285714285715,SL,-1.084982978723405,0.0047068248960993025,1,0.12219451371570623,-2.2223417218958077
BILLUSDT,SHORT,1785233700,1785235500,0.02368,0.02414857142857143,0.023445714285714285,TP2,0.4797853658536585,0.01978764478764478,1,0.153061224489795,2.539036940417985
BTCUSDT,LONG,1785233700,1785235500,63314.4,63102.828571428574,63420.18571428572,TP2,0.3802968804861752,0.003341600466425151,1,0.20351535499160428,-2.0495422507041705
HYPEUSDT,LONG,1785236400,1785244500,54.676,54.23571428571429,54.89614285714286,SL,-1.0496731992212847,0.008052632129009371,1,0.09282886053673393,-2.4785707067584983
SEIUSDT,LONG,1785237300,1785243600,0.04271,0.042301428571428566,0.04291428571428571,TP2,0.4581860139860055,0.009566177208415565,1,0.08021390374331364,-2.3009284976203066
NEARUSDT,LONG,1785239100,1785241800,1.66,1.646,1.6669999999999998,TP2,0.4525714285714207,0.008433734939759043,1,0.1940298507462667,-2.7291826596548447
AVAXUSDT,SHORT,1785240900,1785244500,6.471,6.508714285714286,6.452142857142857,TP2,0.4313681818181703,0.005828200543082348,1,0.21472392638036863,2.2240758744143267
SUIUSDT,SHORT,1785240900,1785245400,0.6842,0.6882142857142858,0.6821928571428572,TP2,0.431823487544484,0.005867123230467284,1,0.2566371681415896,2.61074083274862
AAVEUSDT,SHORT,1785242700,1785246300,97.89,98.71428571428571,97.47785714285715,TP2,0.45249705372616983,0.008420530332880925,1,0.16972477064219957,2.596365099333927
BTCUSDT,LONG,1785245400,1785246300,63274.2,62984.88571428571,63418.85714285714,SL,-1.0874816116926722,0.004572389468603101,1,0.15613825983313467,-2.18666702083142
DOTUSDT,LONG,1785245400,1785246300,0.7568,0.7516714285714287,0.7593642857142857,SL,-1.0590261838440114,0.006776653578979147,1,0.12558139534883586,-2.172840859351992
ADAUSDT,LONG,1785246300,1785248100,0.1558,0.15421428571428572,0.15659285714285714,TP2,0.4606990990991078,0.01017788373372453,1,0.18309859154929456,-2.608433418774257
LINKUSDT,LONG,1785247200,1785248100,8.231,8.163142857142857,8.264928571428571,TP2,0.45148042105263175,0.00824409462485033,1,0.2767527675276802,-2.32511342756441
BILLUSDT,SHORT,1785250800,1785251700,0.02375,0.02418714285714286,0.02353142857142857,SL,-1.0217320261437908,0.018406015037594026,1,0.048780487804877794,2.24462479377638
SOLUSDT,SHORT,1785251700,1785252600,73.62,74.28142857142858,73.28928571428573,SL,-1.0445218142548598,0.008984359840105524,1,0.1698113207547204,2.206396625777877
AVAXUSDT,SHORT,1785252600,1785254400,6.511,6.584857142857143,6.4740714285714285,SL,-1.035262669245648,0.011343440770564128,1,0.2014388489208625,2.4347930547398926
BTCUSDT,SHORT,1785252600,1785260700,63723.1,64239.614285714284,63464.84285714285,TP2,0.4506514326806133,0.008105605121443975,1,0.12746386333771104,2.185216834279306
LINKUSDT,SHORT,1785253500,1785260700,8.369,8.462714285714286,8.322142857142858,TP2,0.4642786585365758,0.011197787754126604,1,0.1725888324873086,2.1394922847884557
TAOUSDT,SHORT,1785286800,1785287700,197.9,200.45714285714286,196.62142857142857,TP2,0.469043575419,0.012921388868837078,1,0.20610687022900814,2.846981539654976
BILLUSDT,SHORT,1785289500,1785290400,0.02424,0.024724285714285713,0.023997857142857144,SL,-1.0200212389380532,0.01997878359264492,1,0.07446808510638338,2.303869569230337
ETHUSDT,LONG,1785290400,1785292200,1904.63,1890.2928571428572,1911.7985714285714,TP2,0.44686165803108036,0.007527521280848725,1,0.24159220146222335,-2.015135076274979
HYPEUSDT,LONG,1785290400,1785292200,54.392,53.75185714285715,54.712071428571434,TP2,0.46601258647623844,0.01176906267728444,1,0.2973825291706087,-2.0986710646059494
NEARUSDT,LONG,1785290400,1785291300,1.629,1.6102857142857143,1.6383571428571428,TP2,0.4651816793893129,0.011488204858370566,1,0.20408163265306076,-2.7537503021383842
AAVEUSDT,LONG,1785295800,1785298500,99.17,97.93857142857144,99.78571428571428,SL,-1.0322129930394432,0.01241734971693623,1,0.19379844961240258,-2.0745222821306264
SEIUSDT,LONG,1785295800,1785297600,0.04235,0.04194285714285714,0.04255357142857143,SL,-1.0416070175438599,0.009613762860516078,1,0.2564102564102569,-2.086768112552208
SUIUSDT,LONG,1785295800,1785307500,0.685,0.678457142857143,0.6882714285714286,TP2,0.45812227074236617,0.009551616266944653,1,0.2578616352201249,-2.6218162145127075
LINKUSDT,LONG,1785298500,1785300300,8.324,8.247428571428571,8.362285714285715,TP2,0.45651641791045955,0.009198874167639239,1,0.14805194805194913,-2.0363715831646987
TAOUSDT,LONG,1785299400,1785302100,191.1,188.47142857142856,192.4142857142857,TP2,0.47091956521739126,0.013754952530462718,1,0.14285714285714335,-2.1104143300390104
XRPUSDT,SHORT,1785302100,1785327300,1.0869,1.097257142857143,1.0817214285714285,TP2,0.45802317241379337,0.009529066940052372,1,0.26970954356846255,2.853734286277538
HYPEUSDT,SHORT,1785306600,1785313800,55.211,55.76128571428571,54.935857142857145,TP2,0.4598673935617795,0.009966957930226093,1,0.1879096868171888,2.196090823292771
BILLUSDT,LONG,1785310200,1785313800,0.02378,0.023267142857142854,0.02403642857142857,SL,-1.0185470752089136,0.021566742761023727,1,0.2162162162162168,-2.3574270824336065
NEARUSDT,LONG,1785312900,1785318300,1.593,1.573,1.603,TP2,0.46814000000000006,0.012554927809165128,1,0.27927927927927854,-2.376545559826588
AAVEUSDT,SHORT,1785317400,1785319200,99.2,100.10857142857144,98.74571428571429,TP2,0.45632704402515734,0.009158986175115227,1,0.2326139088729021,2.935478350926972
SUIUSDT,SHORT,1785318300,1785322800,0.6896,0.6936142857142857,0.6875928571428571,TP2,0.43128540925266934,0.005821179980112721,1,0.27659574468085607,2.01278964322847
LABUSDT,SHORT,1785321900,1785328200,0.1386,0.14100000000000001,0.1374,TP2,0.4769,0.017316017316017326,1,0.13846153846153775,2.1637935552039536
AAVEUSDT,LONG,1785322800,1785325500,97.09,96.04,97.61500000000001,TP2,0.4630133333333402,0.010814708002883954,1,0.18360071301247746,-2.356904234556951
DOTUSDT,LONG,1785325500,1785326400,0.758,0.7532,0.7604,TP2,0.43683333333332214,0.006332453825857554,1,0.1419558359621442,-2.5404558648190076
ETHUSDT,LONG,1785328200,1785332700,1905.3,1895.0371428571427,1910.4314285714286,TP2,0.425739977728285,0.0053864783198746295,1,0.14846625766871252,-2.3448649690847763
LINKUSDT,LONG,1785328200,1785333600,8.35,8.299285714285713,8.375357142857142,SL,-1.0658591549295768,0.006073567151411531,1,0.13746630727762416,-2.0937045637039575
SOLUSDT,LONG,1785328200,1785332700,73.49,73.12857142857142,73.67071428571428,TP2,0.4186671936758889,0.004918064654083135,1,0.1881918819188235,-2.845033607404964
ZECUSDT,SHORT,1785331800,1785335400,463.75,468.72714285714284,461.26142857142855,TP2,0.46272962112514915,0.010732383519445506,1,0.06116207951070259,2.4538174914216686
ADAUSDT,SHORT,1785332700,1785333600,0.165,0.16640000000000002,0.1643,TP2,0.45285714285714285,0.008484848484848487,1,0.13846153846154016,2.6476420340150737
HYPEUSDT,SHORT,1785332700,1785333600,55.414,55.91914285714286,55.16142857142857,TP2,0.45612013574660637,0.009115798483106386,1,0.22683949675943493,2.7215565194711395
SEIUSDT,LONG,1785334500,1785341700,0.04188,0.04152714285714286,0.04205642857142857,SL,-1.0474753036437245,0.00842543321053352,1,0.23999999999999927,-2.835302977876632
SUIUSDT,LONG,1785334500,1785348000,0.6854,0.6797000000000001,0.68825,TP2,0.4519017543859741,0.008316311642836194,1,0.19230769230769518,-2.3140755433457896
XLMUSDT,LONG,1785334500,1785343500,0.17268,0.17124857142857142,0.1733957142857143,SL,-1.0482538922155689,0.008289486746748734,1,0.2885245901639379,-3.2720322469778282
DOTUSDT,SHORT,1785342600,1785343500,0.7641,0.7709,0.7606999999999999,TP2,0.455052941176479,0.008899358722680314,1,0.2727272727272727,3.010083602461241
HYPEUSDT,LONG,1785343500,1785344400,54.418,53.66428571428571,54.79485714285714,TP2,0.4711200909780089,0.013850459144295734,1,0.18001417434443778,-2.07230257783256
LABUSDT,SHORT,1785344400,1785347100,0.1433,0.14687142857142857,0.14151428571428573,SL,-1.0160496,0.024922739507526603,1,0.27272727272727365,2.3732398386957203
AVAXUSDT,SHORT,1785347100,1785348900,6.413,6.462571428571429,6.3882142857142865,SL,-1.051747550432277,0.007729834487981931,1,0.16470588235294745,2.7413130244101818
AAVEUSDT,SHORT,1785348000,1785350700,99.69,101.24857142857142,98.91071428571429,TP2,0.4744150320806553,0.015634180244472065,1,0.29366602687140253,2.555806210474036
ADAUSDT,SHORT,1785348000,1785351600,0.1653,0.16722857142857145,0.16433571428571428,SL,-1.0342844444444443,0.011667098781436383,1,0.15789473684210525,2.0557752275426773
NEARUSDT,SHORT,1785349800,1785350700,1.608,1.6272857142857144,1.598357142857143,TP2,0.46664888888888306,0.01199360341151384,1,0.1851851851851868,2.0328079999129782
BTCUSDT,SHORT,1785351600,1785352500,64481.7,65075.114285714284,64184.99285714285,TP2,0.4565351212113917,0.009202832520145808,1,0.10582169709989318,2.050217802987858
ETHUSDT,SHORT,1785351600,1785352500,1919.59,1943.4357142857143,1907.6671428571428,TP2,0.46779983225496774,0.012422295534835216,1,0.2723112128146427,2.0048623262160734
TAOUSDT,LONG,1785354300,1785356100,189.9,187.27142857142857,191.21428571428572,SL,-1.0288978260869566,0.013841871661776837,1,0.18699186991869807,-2.093347652949054
XLMUSDT,LONG,1785354300,1785356100,0.17085,0.16889142857142858,0.1718292857142857,SL,-1.0348927789934355,0.0114636899535934,1,0.24261874197689495,-2.251153083676669
AAVEUSDT,LONG,1785355200,1785358800,97.0,95.39714285714285,97.80142857142857,SL,-1.0242067736185383,0.016524300441826192,1,0.1623036649214659,-2.5847048773053203
ADAUSDT,SHORT,1785376800,1785379500,0.1639,0.16561428571428571,0.16304285714285713,TP2,0.4617566666666667,0.01045933931839973,1,0.28205128205128094,2.048888063020644
LABUSDT,LONG,1785378600,1785392100,0.1491,0.14352857142857145,0.1518857142857143,TP2,0.48929538461538463,0.03736705949985629,1,0.11787072243345956,-2.089322727842167
HYPEUSDT,LONG,1785385800,1785400200,53.71,53.241,53.944500000000005,TP2,0.454191897654592,0.008732079687209127,1,0.1419833988641322,-2.2459779761889975
BILLUSDT,LONG,1785387600,1785390300,0.02331,0.022937142857142857,0.02349642857142857,TP2,0.47499310344827117,0.01599558742415884,1,0.23529411764705738,-2.1172710824393994
XRPUSDT,SHORT,1785396600,1785398400,1.0783,1.0833000000000002,1.0758,TP2,0.4137359999999781,0.004636928498562571,1,0.019455252918285586,2.1376508555018745
AAVEUSDT,SHORT,1785397500,1785402000,96.74,97.82714285714286,96.19642857142857,SL,-1.035594218134034,0.011237780206149094,1,0.11764705882352847,2.1973512389762853
LABUSDT,LONG,1785398400,1785407400,0.1447,0.14057142857142857,0.1467642857142857,TP2,0.4859806228373702,0.028531937999802498,1,0.18888888888888833,-2.7929076301550295
SEIUSDT,LONG,1785398400,1785400200,0.04171,0.04147714285714285,0.04182642857142857,TP2,0.42835092024539934,0.005582765352604766,1,0.15151515151515194,-2.367875942446652
BTCUSDT,SHORT,1785400200,1785404700,64237.0,64515.71428571428,64097.642857142855,SL,-1.0921904664274735,0.004338843434691606,1,0.10217216411906516,2.755985129637643
DOTUSDT,SHORT,1785400200,1785409200,0.7688,0.7735142857142857,0.7664428571428572,TP2,0.4347684848484847,0.006132005351568292,1,0.23170731707316958,2.3002875492286448
ETHUSDT,SHORT,1785402900,1785419100,1917.09,1928.172857142857,1911.5485714285714,SL,-1.0691911832946637,0.005781083383073895,1,0.26781214203894305,2.3567136528494124
TAOUSDT,SHORT,1785405600,1785411900,192.7,193.85714285714286,192.12142857142857,SL,-1.0666123456790122,0.006004892875676494,1,0.2765957446808431,2.298783084530714
HYPEUSDT,LONG,1785409200,1785411900,53.48,53.05428571428571,53.692857142857136,SL,-1.0502496644295303,0.007960252163692694,1,0.1588785046728945,-2.606639334497598
ADAUSDT,SHORT,1785416400,1785419100,0.166,0.16754285714285716,0.16522857142857145,SL,-1.043037037037037,0.009294320137693659,1,0.29411764705882354,2.1022975459943463
AVAXUSDT,LONG,1785456000,1785460500,6.43,6.396571428571428,6.446714285714285,TP2,0.4230598290598164,0.0051988447011775555,1,0.22058823529412216,-2.6163344139492586
TAOUSDT,LONG,1785456000,1785456900,192.5,191.25714285714284,193.12142857142857,TP2,0.4380459770114831,0.006456400742115061,1,0.27272727272727154,-2.3200808433365534
XRPUSDT,LONG,1785456000,1785460500,1.0825,1.077357142857143,1.0850714285714285,TP2,0.415805555555533,0.004750907291322941,1,0.11851851851851407,-2.1842733670287187
LINKUSDT,LONG,1785457800,1785460500,8.435,8.384857142857143,8.460071428571428,TP2,0.43271225071223285,0.005944618511304921,1,0.22077922077922157,-2.034104466121534
AAVEUSDT,SHORT,1785460500,1785462300,100.28,101.13714285714286,99.85142857142857,SL,-1.0467973333333334,0.008547495583793929,1,0.29230769230769704,2.896918460916869
BTCUSDT,SHORT,1785460500,1785462300,65166.5,65523.385714285716,64988.05714285714,TP2,0.42696093187094764,0.005476521131036913,1,0.25525257040679156,3.138340278563521
TAOUSDT,SHORT,1785460500,1785462300,195.2,196.68571428571428,194.45714285714286,TP2,0.4474461538461446,0.0076112412177986415,1,0.2923076923076888,3.695077697277174
ETHUSDT,LONG,1785463200,1785482100,1909.59,1893.5457142857142,1917.6121428571428,SL,-1.0476079779182619,0.008401953149254956,1,0.16360294117646942,-2.2655101934647566
ZECUSDT,LONG,1785463200,1785465900,466.49,460.7857142857143,469.34214285714285,SL,-1.0327115452041071,0.012228098596509498,1,0.2606593406593403,-2.7584777570069443
BTCUSDT,LONG,1785464100,1785482100,64458.1,64021.98571428571,64676.15714285714,SL,-1.059120374737945,0.006765856978630913,1,0.12481362127843744,-2.1430735361459567
HYPEUSDT,LONG,1785466800,1785474900,55.112,54.478142857142856,55.42892857142857,TP2,0.465221185485683,0.011501254588059652,1,0.1969253294289886,-2.1873807577592097
BILLUSDT,SHORT,1785469500,1785471300,0.02441,0.02481857142857143,0.02420571428571429,TP2,0.4761020979020936,0.016737870896002777,1,0.2021857923497282,3.1606412119211065
ADAUSDT,LONG,1785476700,1785478500,0.1681,0.1666,0.16885,TP2,0.45517333333333315,0.00892325996430692,1,0.18987341772152005,-2.0024078021480642
AAVEUSDT,LONG,1785480300,1785489300,98.87,97.65,99.48,SL,-1.032416393442623,0.012339435622534629,1,0.16612377850162915,-2.1750760461152243
AVAXUSDT,LONG,1785483000,1785483900,6.403,6.356142857142857,6.426428571428571,TP2,0.44534024390243876,0.007317998259744283,1,0.1145833333333345,-2.1699422994463533
BTCUSDT,LONG,1785483000,1785489300,63960.0,63730.671428571426,64074.66428571429,SL,-1.111560455989534,0.0035854998659876933,1,0.19867109634551253,-2.8495000501836056
DOTUSDT,SHORT,1785484800,1785485700,0.7709,0.7759285714285714,0.7683857142857143,TP2,0.4386784090909091,0.006522987973240926,1,0.2640000000000018,2.3744264733323774
HYPEUSDT,LONG,1785484800,1785486600,54.566,53.892857142857146,54.90257142857143,TP2,0.4675753820033902,0.012336305705803166,1,0.09368308351177847,-2.4035024765701505
ADAUSDT,SHORT,1785487500,1785488400,0.1713,0.17322857142857145,0.17033571428571428,TP2,0.4644711111111112,0.01125844383287469,1,0.1368421052631577,2.5059463377045037
DOTUSDT,LONG,1785489300,1785492900,0.7651,0.7594857142857143,0.7679071428571429,SL,-1.054510941475827,0.007337976361633401,1,0.10924369747899285,-2.0031700310659204
LINKUSDT,SHORT,1785543300,1785550500,8.182,8.217857142857143,8.164071428571429,SL,-1.091273306772908,0.004382442294933149,1,0.06382978723404577,2.1330203938269117
SEIUSDT,SHORT,1785543300,1785562200,0.04166,0.04191857142857143,0.04153071428571429,TP2,0.43555359116022097,0.006206707358891704,1,0.08064516129032546,2.6193939164997797
ZECUSDT,SHORT,1785543300,1785556800,459.34,462.7728571428571,457.6235714285714,SL,-1.0535227632126507,0.0074734557035249435,1,0.03667820069204009,2.0648336694659233
BTCUSDT,SHORT,1785551400,1785554100,63043.2,63169.6,62980.0,TP2,0.30049620253161746,0.002004974366783419,1,0.06014699265037648,2.5349366058054237
HYPEUSDT,LONG,1785553200,1785563100,52.271,51.927142857142854,52.442928571428574,SL,-1.0608054840049854,0.006578354017660717,1,0.18267419962335302,-3.0833304158620187
AAVEUSDT,LONG,1785563100,1785579300,91.04,90.11285714285715,91.50357142857143,SL,-1.0392776579352851,0.010183906603063009,1,0.11157024793388519,-2.3601585480604905
SEIUSDT,LONG,1785563100,1785565800,0.04147,0.04125,0.04158,TP2,0.42459999999999964,0.005305039787798384,1,0.15555555555555967,-2.9768574584398246
BILLUSDT,LONG,1785564900,1785567600,0.02359,0.023318571428571428,0.023725714285714284,SL,-1.034764210526316,0.011506086113970785,1,0.23199999999999737,-2.0356611172846417
LINKUSDT,LONG,1785566700,1785567600,8.165,8.131571428571428,8.181714285714285,TP2,0.4022991452991726,0.004094129997375589,1,0.22994652406417743,-2.0958235834270162
ADAUSDT,SHORT,1785568500,1785571200,0.1716,0.17322857142857143,0.1707857142857143,TP2,0.45785263157894757,0.009490509490509532,1,0.2173913043478275,2.3584683629631296
AVAXUSDT,LONG,1785570300,1785578400,6.377,6.341142857142857,6.394928571428571,SL,-1.0711378486055776,0.0056228858173346255,1,0.2101910828025444,-2.0361682534155485
ZECUSDT,SHORT,1785573900,1785577500,466.74,469.89428571428573,465.16285714285715,TP2,0.44081195652173893,0.006758121682919192,1,0.20573476702508925,2.6070261550584
ETHUSDT,LONG,1785579300,1785581100,1863.62,1859.6914285714283,1865.5842857142857,TP2,0.3102496000000047,0.002108032446835474,1,0.208292201382035,-2.8172999955639515
AAVEUSDT,LONG,1785580200,1785582000,90.58,89.83,90.955,TP2,0.4516906666666669,0.008279973504084832,1,0.1301939058171727,-2.1060012144138054
BILLUSDT,SHORT,1785580200,1785582000,0.0238,0.024062857142857143,0.02366857142857143,SL,-1.036217391304348,0.011044417767106787,1,0.09433962264151166,2.5224033338406677
SEIUSDT,LONG,1785580200,1785581100,0.04125,0.04106571428571429,0.04134214285714286,TP2,0.41046511627908955,0.004467532467532514,1,0.2682926829268309,-2.5234193848187583
DOTUSDT,SHORT,1785585600,1785589200,0.7663,0.7705,0.7642,SL,-1.0729809523809526,0.005480882161033514,1,0.20930232558139955,2.1919504686424407
NEARUSDT,SHORT,1785589200,1785592800,1.671,1.6832857142857143,1.6648571428571428,TP2,0.44559534883721835,0.0073523125587757615,1,0.18518518518518517,2.2045052950216815
XRPUSDT,SHORT,1785589200,1785592800,1.0638,1.066257142857143,1.0625714285714287,TP2,0.32682325581390714,0.0023097789595251366,1,0.24271844660195346,2.0577981748510834
ETHUSDT,SHORT,1785594600,1785598200,1872.02,1875.5828571428572,1870.2385714285715,TP2,0.289829350441029,0.0019032153197386691,1,0.14212416623909763,2.749443995198767
HYPEUSDT,SHORT,1785595500,1785599100,52.45,52.874428571428574,52.237785714285714,TP2,0.4505688320430915,0.008092060465749703,1,0.1989159891598895,2.036796776549134
BILLUSDT,SHORT,1785597300,1785598200,0.02436,0.024701428571428572,0.024189285714285715,SL,-1.0285389121338913,0.014015951208069434,1,0.2857142857142852,2.1594063085098427
SEIUSDT,LONG,1785598200,1785600900,0.04126,0.04107428571428571,0.04135285714285714,TP2,0.41113230769230835,0.004501073332871718,1,0.118279569892472,-2.259823992902476
BTCUSDT,LONG,1785600000,1785600900,62974.6,62910.642857142855,63006.57857142857,SL,-1.3938549921822674,0.0010156022087816747,1,0.1643345265213131,-2.741589542895933
SUIUSDT,LONG,1785600000,1785601800,0.6823,0.6801428571428572,0.6833785714285714,TP2,0.3734807947019582,0.0031615753438997652,1,0.09090909090909091,-2.296872756961339
NEARUSDT,SHORT,1785602700,1785604500,1.682,1.6988571428571428,1.6735714285714285,TP2,0.4600881355932203,0.010022082554781713,1,0.25641025641025716,2.5090509734887556
XLMUSDT,LONG,1785602700,1785607200,0.1707,0.17004571428571427,0.17102714285714285,SL,-1.1043580786026201,0.0038329567327809863,1,0.012048192771088165,-2.2349082187240716
XRPUSDT,LONG,1785602700,1785603600,1.0615,1.0591857142857144,1.062657142857143,SL,-1.1834691358024643,0.0021802032164727047,1,0.1551724137931018,-2.0904110785626213
SOLUSDT,LONG,1785603600,1785604500,72.65,72.3857142857143,72.78214285714286,SL,-1.1099567567567588,0.0036377937272637217,1,0.1607142857142871,-2.4900632798584534
LINKUSDT,LONG,1785604500,1785606300,8.077,8.045428571428571,8.092785714285714,SL,-1.1023330316742097,0.003908806310688137,1,0.14084507042253275,-2.144678446474654
AVAXUSDT,LONG,1785605400,1785606300,6.33,6.301571428571428,6.344214285714286,SL,-1.0890653266331656,0.004491085533739578,1,0.08108108108108497,-2.2209940846005862
HYPEUSDT,SHORT,1785629700,1785636900,52.408,52.70171428571429,52.26114285714286,SL,-1.0713727626459142,0.0056043788298406035,1,0.2352092352092327,2.796695797552144
LABUSDT,SHORT,1785629700,1785631500,0.1367,0.13918571428571427,0.13545714285714286,TP2,0.478002298850569,0.01818371825687106,1,0.2181818181818181,2.5284056922065417
ZECUSDT,SHORT,1785629700,1785631500,465.25,468.65714285714284,463.5464285714286,TP2,0.4453794549266247,0.007323251707991084,1,0.06143128562381441,2.712719275074665
ADAUSDT,SHORT,1785636000,1785637800,0.1763,0.17862857142857144,0.17513571428571428,SL,-1.030284662576687,0.013208005834211172,1,0.24271844660194122,2.399478874753919
BILLUSDT,LONG,1785641400,1785644100,0.0242,0.02379857142857143,0.024400714285714286,TP2,0.47588612099644556,0.016587957497048385,1,0.16666666666666707,-2.9186501192363927
BILLUSDT,SHORT,1785652200,1785654000,0.02479,0.02513,0.02462,SL,-1.029164705882353,0.013715207745058492,1,0.2142857142857128,2.273733336252471
LABUSDT,SHORT,1785652200,1785656700,0.1365,0.1383714285714286,0.13556428571428572,SL,-1.0291755725190839,0.013710099424385168,1,0.09090909090908939,2.4436678190437524
HYPEUSDT,LONG,1785653100,1785657600,52.231,51.90271428571429,52.39514285714286,SL,-1.0636409051349003,0.006285265728891128,1,0.11917808219177924,-2.0896008281256613
AAVEUSDT,SHORT,1785655800,1785656700,92.69,93.46428571428571,92.30285714285714,TP2,0.45211586715868096,0.008353497834563779,1,0.21081081081080852,2.5587801485559694
ZECUSDT,LONG,1785657600,1785658500,471.57,467.94714285714286,473.38142857142856,TP2,0.4479339116719244,0.007682543721731987,1,0.1104734576757526,-2.155586944030006
BTCUSDT,LONG,1785659400,1785660300,63360.1,63245.38571428571,63417.45714285714,SL,-1.2209318555417146,0.001810513015514303,1,0.16014336917563182,-2.4108409778908784
ETHUSDT,LONG,1785659400,1785660300,1872.49,1867.23,1875.1200000000001,SL,-1.142394676806083,0.0028090937735315135,1,0.20164271047228527,-2.6152351592316063
TAOUSDT,LONG,1785659400,1785666600,193.4,192.3857142857143,193.90714285714287,SL,-1.0762704225352113,0.005244496971487661,1,0.1636363636363612,-2.164844495949042
SEIUSDT,LONG,1785661200,1785663900,0.04153,0.04136,0.041615,TP2,0.40228235294119663,0.004093426438718987,1,0.1466666666666758,-2.602224334702968
SOLUSDT,LONG,1785661200,1785662100,73.14,72.89142857142858,73.26428571428572,TP2,0.3823034482758893,0.0033985702566506127,1,0.032786885245895146,-2.1641735460753435
BILLUSDT,SHORT,1785663000,1785664800,0.02535,0.025941428571428574,0.025054285714285716,TP2,0.4828550724637652,0.02333051563820797,1,0.2611940298507474,2.078784478575004
DOTUSDT,SHORT,1785663900,1785666600,0.7986,0.8041285714285714,0.7958357142857142,TP2,0.4422201550387701,0.006922829236878876,1,0.18577075098813703,2.16969081598507
LINKUSDT,LONG,1785665700,1785671100,8.321,8.269428571428572,8.346785714285714,SL,-1.0645396121883652,0.006197744089824411,1,0.15079365079365034,-2.0026286377902416
SUIUSDT,LONG,1785666600,1785672000,0.687,0.6837142857142858,0.6886428571428572,SL,-1.083634782608696,0.0047826991058431915,1,0.25547445255474793,-2.774865140000404
NEARUSDT,LONG,1785669300,1785672000,1.706,1.6937142857142857,1.7121428571428572,SL,-1.0555441860465118,0.007201473789984915,1,0.18032786885246116,-2.1975590201479336
ZECUSDT,LONG,1785672000,1785673800,470.37,466.36857142857144,472.37071428571426,TP2,0.45297979293108864,0.008506980826644016,1,0.23780174627632059,-2.247055615724225
DOTUSDT,SHORT,1785715200,1785716100,0.7981,0.8018142857142857,0.7962428571428571,TP2,0.4140507692307843,0.004653910179533539,1,0.15702479338842792,2.027035438823268
AVAXUSDT,LONG,1785716100,1785723300,6.523,6.463285714285714,6.5528571428571425,SL,-1.0436947368421057,0.009154420621536905,1,0.23571428571428735,-2.0776925039736716
SUIUSDT,LONG,1785716100,1785736800,0.6871,0.6829428571428572,0.6891785714285715,TP2,0.43388728522338127,0.0060502734058257525,1,0.21893491124259593,-2.068042135020197
TAOUSDT,LONG,1785716100,1785719700,191.2,189.85714285714283,191.87142857142857,TP2,0.4430468085106387,0.007023311416616903,1,0.24528301886792614,-2.633738757251673
ADAUSDT,LONG,1785720600,1785724200,0.1852,0.18268571428571428,0.18645714285714288,TP2,0.47053636363636925,0.013576056772601073,1,0.15966386554621656,-3.0544310498288
LABUSDT,LONG,1785728700,1785743100,0.1364,0.1340142857142857,0.13759285714285716,SL,-1.0228694610778442,0.017490573942186956,1,0.24050632911392245,-2.0148872613063165
AAVEUSDT,SHORT,1785736800,1785738600,92.14,92.91142857142857,91.75428571428571,TP2,0.45222370370370363,0.008372352631089323,1,0.20769230769231167,2.3456509432136365
DOTUSDT,SHORT,1785736800,1785739500,0.7964,0.8015,0.7938500000000001,TP2,0.4375372549019496,0.006403817177297813,1,0.05338078291814688,2.621092320516242
HYPEUSDT,SHORT,1785736800,1785738600,52.81,53.305571428571426,52.56221428571429,TP2,0.4573744594984144,0.009384045229529004,1,0.18974782968168596,2.5542260040464964
SEIUSDT,LONG,1785739500,1785747600,0.04096,0.04069142857142857,0.041094285714285715,TP2,0.43899574468083813,0.00655691964285714,1,0.10476190476190426,-2.07014118347059
SOLUSDT,LONG,1785739500,1785745800,72.52,72.19428571428571,72.68285714285715,SL,-1.089059649122807,0.004491371838310616,1,0.2941176470588279,-3.4010078553653074
AAVEUSDT,SHORT,1785750300,1785755700,92.28,92.95857142857143,91.94071428571428,TP2,0.4456033684210634,0.007353396495139062,1,0.2413793103448233,2.158419573663651
ADAUSDT,SHORT,1785750300,1785760200,0.1868,0.18912857142857142,0.1856357142857143,SL,-1.0320883435582822,0.012465585806056884,1,0.24324324324324217,2.841282258706781
AVAXUSDT,SHORT,1785751200,1785755700,6.449,6.494428571428571,6.426285714285714,TP2,0.4432163522012575,0.0070442815054382255,1,0.17972350230414713,2.7783631115271
BILLUSDT,LONG,1785761100,1785763800,0.02244,0.02213714285714286,0.02259142857142857,TP2,0.4703622641509376,0.013496307613954652,1,0.28671328671328805,-2.8331562190322606
SOLUSDT,SHORT,1785764700,1785765600,72.76,73.15285714285714,72.56357142857144,SL,-1.0740829090909094,0.005399356004083849,1,0.27500000000000446,2.423839928708156
AAVEUSDT,SHORT,1785765600,1785770100,92.82,93.78571428571428,92.33714285714285,SL,-1.0384461538461538,0.010404161664665875,1,0.2817679558011024,2.565797938553037
LINKUSDT,SHORT,1785765600,1785767400,8.282,8.346142857142857,8.24992857142857,TP2,0.4483527839643791,0.007744851140166279,1,0.23571428571428585,2.6451043898264652
HYPEUSDT,SHORT,1785766500,1785769200,53.504,54.181285714285714,53.16535714285714,SL,-1.0315990719257542,0.012658599624060131,1,0.2659764369867873,2.0686775813028313
ETHUSDT,SHORT,1785768300,1785795300,1865.09,1880.8942857142856,1857.187857142857,TP2,0.4527953358040388,0.008473738915701528,1,0.2387506617257829,2.2868713730976635
LABUSDT,SHORT,1785770100,1785771900,0.1358,0.13757142857142857,0.1349142857142857,SL,-1.0306645161290322,0.013044393014937957,1,0.25000000000000216,2.1876025462728435
ADAUSDT,LONG,1785802500,1785812400,0.1927,0.19001428571428572,0.19404285714285716,TP2,0.47130000000000016,0.013937282229965245,1,0.18918918918919136,-2.2004748266281013
AVAXUSDT,SHORT,1785802500,1785804300,6.603,6.640714285714285,6.584142857142857,TP2,0.4299681818181812,0.005711689491789394,1,0.21052631578947492,3.4379252132257667
DOTUSDT,SHORT,1785807000,1785807900,0.8279,0.8335285714285714,0.8250857142857142,SL,-1.0588355329949237,0.006798612668886874,1,0.26241134751773015,3.10439456749611
AAVEUSDT,SHORT,1785807900,1785810600,93.02,93.78285714285714,92.63857142857142,TP2,0.4512254681647938,0.008201001320760473,1,0.014150943396227016,2.157130884912785
BILLUSDT,SHORT,1785807900,1785810600,0.02337,0.02371,0.0232,TP2,0.4725058823529411,0.014548566538296922,1,0.2533333333333344,2.3203883495145696
BTCUSDT,SHORT,1785808800,1785810600,63815.8,64086.05714285714,63680.67142857143,TP2,0.4055480283328045,0.004234956591582997,1,0.10208964747168703,2.1697053943388815
NEARUSDT,SHORT,1785811500,1785813300,1.763,1.7777142857142856,1.755642857142857,TP2,0.45207378640776696,0.008346163195851226,1,0.1688311688311686,2.0680102204895774
SUIUSDT,SHORT,1785811500,1785814200,0.6966,0.7008571428571428,0.6944714285714285,TP2,0.434547651006725,0.0061113161888356245,1,0.17708333333333123,2.1281928860722745
ZECUSDT,SHORT,1785811500,1785813300,485.82,491.2985714285714,483.0807142857143,TP2,0.4645294393741851,0.011276957368102226,1,0.09668874172185357,2.1170577759421754
LABUSDT,LONG,1785813300,1785822300,0.139,0.13585714285714287,0.14057142857142857,TP2,0.4823090909090864,0.02261048304213768,1,0.16923076923076752,-2.863713316851028
ADAUSDT,SHORT,1785815100,1785817800,0.197,0.2003714285714286,0.19531428571428572,TP2,0.4766271186440678,0.017113850616388693,1,0.13698630136986312,2.5974113987340233
BILLUSDT,LONG,1785817800,1785821400,0.02293,0.022617142857142856,0.02308642857142857,TP2,0.470683105022831,0.013644009719020607,1,0.18518518518518662,-2.125211632294953
SUIUSDT,LONG,1785825000,1785828600,0.6931,0.6900000000000001,0.6946500000000001,SL,-1.089432258064516,0.004472659067955573,1,0.0638297872340439,-2.0305183019816524
ETHUSDT,LONG,1785825900,1785829500,1855.77,1846.9971428571428,1860.1564285714285,TP2,0.41538583292622067,0.004727340749584892,1,0.21042395954880935,-2.6389312765092447
NEARUSDT,LONG,1785825900,1785835800,1.75,1.7367142857142857,1.7566428571428572,SL,-1.0526881720430108,0.007591836734693857,1,0.10526315789473684,-2.1397652482751313
BILLUSDT,SHORT,1785828600,1785829500,0.02349,0.023767142857142858,0.02335142857142857,TP2,0.46609690721649494,0.011798333637414123,1,0.14503816793892968,2.7284575316321176
HYPEUSDT,SHORT,1785828600,1785831300,54.689,55.033142857142856,54.51692857142857,SL,-1.063565462847655,0.00629272535871667,1,0.1530214424951257,2.4172965358142715
LABUSDT,LONG,1785830400,1785831300,0.1386,0.13697142857142858,0.1394142857142857,SL,-1.034042105263158,0.0117501546072974,1,0.07042253521126772,-2.127896394052053
AAVEUSDT,LONG,1785834900,1785835800,92.0,91.34285714285714,92.32857142857142,SL,-1.0559999999999998,0.0071428571428571565,1,0.1698113207547141,-2.4076432783036275
TAOUSDT,LONG,1785835800,1785839400,189.8,188.85714285714286,190.27142857142857,TP2,0.4194787878787727,0.004967635104621402,1,0.25,-2.015267863351957
SOLUSDT,LONG,1785888000,1785894300,73.71,73.30142857142856,73.91428571428571,TP2,0.4278363636363647,0.005542957923910387,1,0.28638497652582384,-2.4393579367078093
AVAXUSDT,LONG,1785888900,1785897900,6.67,6.623428571428571,6.6932857142857145,TP2,0.44271165644171806,0.006982223174127252,1,0.2403846153846174,-2.036054045071037
BTCUSDT,LONG,1785888900,1785890700,64007.9,63733.05714285715,64145.32142857143,TP2,0.4068443682104053,0.004293889615857656,1,0.14540556719545322,-2.1586516761752566
AAVEUSDT,LONG,1785891600,1785894300,89.96,89.37714285714284,90.25142857142856,TP2,0.4382627450980272,0.006479070062885112,1,0.12101910828025783,-2.762047693105809
BILLUSDT,SHORT,1785894300,1785906900,0.02361,0.023925714285714283,0.023452142857142855,SL,-1.0299131221719457,0.013372057844738891,1,0.1999999999999974,2.5379162253226473
ZECUSDT,SHORT,1785895200,1785897000,511.56,517.0957142857143,508.79214285714284,SL,-1.0369643354838711,0.010821241468672839,1,0.2657120127287178,2.556600930284314
BTCUSDT,SHORT,1785896100,1785900600,64437.8,64760.95714285714,64276.22142857143,TP2,0.4202396711020842,0.005015024455477089,1,0.14858143607706187,2.2020709270586902
AAVEUSDT,SHORT,1785897900,1785900600,91.15,91.92142857142858,90.76428571428572,TP2,0.45273703703703705,0.008463286576287133,1,0.2200956937799051,2.0306838585427593
ADAUSDT,LONG,1785899700,1785914100,0.191,0.18905714285714287,0.19197142857142857,TP2,0.4606764705882353,0.010172026925953629,1,0.29577464788732055,-2.164522446473857
DOTUSDT,LONG,1785899700,1785917700,0.8517,0.8424714285714285,0.8563142857142857,TP2,0.46308421052630977,0.010835471913316224,1,0.2109704641350218,-2.019718956858725
BILLUSDT,LONG,1785912300,1785913200,0.02329,0.02291,0.02348,TP2,0.47548421052631124,0.016316015457277816,1,0.18888888888888858,-2.1670700364565607
ADAUSDT,SHORT,1785915900,1785922200,0.1931,0.19492857142857142,0.1921857142857143,SL,-1.042240625,0.009469556854331587,1,0.0784313725490186,2.5919302668433915
LABUSDT,SHORT,1785924900,1785926700,0.1492,0.15202857142857143,0.1477857142857143,TP2,0.4789010101010052,0.01895825354270393,1,0.10400000000000025,2.6150699738384056
NEARUSDT,LONG,1785924900,1785928500,1.705,1.6942857142857144,1.710357142857143,SL,-1.063653333333333,0.006284038542103091,1,0.1764705882352931,-2.2580713390492893
SEIUSDT,LONG,1785924900,1785932100,0.04138,0.041184285714285715,0.04147785714285714,TP2,0.41542773722627757,0.004729683076710637,1,0.28333333333333016,-2.0136920854577456
XLMUSDT,LONG,1785925800,1785928500,0.16587,0.16503142857142855,0.1662892857142857,TP2,0.42087972742758195,0.00505559431224112,1,0.2850000000000062,-2.4188655889998407
BILLUSDT,SHORT,1785931200,1785932100,0.02379,0.024079999999999997,0.023645,TP2,0.4671862068965517,0.012189995796553176,1,0.08148148148148007,2.822840819380427
AAVEUSDT,SHORT,1785933000,1785934800,92.0,92.80571428571429,91.59714285714286,TP2,0.4543262411347517,0.008757763975155259,1,0.12755102040816274,2.457528207996356
AVAXUSDT,SHORT,1785933000,1785934800,6.691,6.730428571428571,6.671285714285714,TP2,0.43212028985507217,0.005892777077951169,1,0.17241379310344615,2.3585531545809277
LINKUSDT,SHORT,1785933000,1785933900,8.211,8.259428571428572,8.186785714285714,TP2,0.4321805309734701,0.005898011378464467,1,0.24193548387096694,2.157858883560739
SUIUSDT,LONG,1785935700,1785937500,0.6883,0.6846714285714286,0.6901142857142857,SL,-1.0758755905511812,0.005271787634129632,1,0.2737430167597787,-2.526363149123142
ADAUSDT,LONG,1785936600,1785945600,0.1919,0.1890285714285714,0.19333571428571428,SL,-1.0267323383084577,0.01496315045038341,1,0.12056737588652508,-2.3295060561142846
AVAXUSDT,LONG,1785936600,1785937500,6.639,6.594,6.6615,SL,-1.0590133333333334,0.006778129236330762,1,0.21019108280255122,-2.7150313799007493
LABUSDT,SHORT,1785940200,1785947400,0.1508,0.15398571428571428,0.14920714285714284,SL,-1.018934529147982,0.02112542629784008,1,0.22147651006711397,2.3172266618111035
AAVEUSDT,LONG,1785943800,1785960000,90.75,89.69857142857143,91.27571428571429,SL,-1.0345244565217393,0.011585989767807905,1,0.17857142857142494,-2.1606792147898224
HYPEUSDT,SHORT,1785943800,1785945600,57.559,58.254285714285714,57.21135714285714,TP2,0.4668861310869119,0.012079530816826473,1,0.09684323167469022,2.2013507017714797
TAOUSDT,SHORT,1785943800,1785945600,198.3,200.15714285714287,197.37142857142857,TP2,0.4572892307692387,0.0093653195014769,1,0.2000000000000035,2.4646782435648364
SEIUSDT,SHORT,1785975300,1785979800,0.04153,0.04170428571428571,0.04144285714285714,TP2,0.4046852459016382,0.004196622063224468,1,0.11392405063291228,2.2820828263966213
AAVEUSDT,SHORT,1785976200,1785978900,90.31,90.91571428571429,90.00714285714287,TP2,0.4403613207547052,0.006707056646155298,1,0.07420494699646892,2.0299218362698404
AAVEUSDT,LONG,1785979800,1785980700,89.58,88.95571428571428,89.89214285714286,SL,-1.057396796338673,0.006969030076866632,1,0.2544802867383522,-2.1467588070961607
SEIUSDT,LONG,1785980700,1785982500,0.04118,0.04098,0.04128,SL,-1.0823600000000013,0.00485672656629424,1,0.22222222222222152,-3.010192323986746
BILLUSDT,SHORT,1785981600,1785992400,0.02447,0.024898571428571426,0.024255714285714283,TP2,0.4771613333333373,0.017514157277132323,1,0.18367346938775697,2.328246353690038
ETHUSDT,LONG,1785982500,1785984300,1903.21,1894.1785714285713,1907.7257142857143,SL,-1.0842927554571336,0.004745366287182501,1,0.21212121212120955,-2.350460357433683
HYPEUSDT,LONG,1785982500,1785990600,56.377,55.972857142857144,56.57907142857143,TP2,0.44420091905266906,0.0071685768512489,1,0.2424379232505643,-2.2042535187131556
AVAXUSDT,LONG,1785983400,1785985200,6.616,6.573714285714285,6.637142857142857,TP2,0.43741621621621646,0.006391432026256719,1,0.2027027027027036,-2.2090775807272904
AAVEUSDT,SHORT,1786060800,1786062600,89.69,90.28571428571428,89.39214285714286,TP2,0.43977649880095926,0.0066419253619610435,1,0.23999999999999963,2.115226991384368
AVAXUSDT,LONG,1786061700,1786072500,6.415,6.383285714285714,6.430857142857143,TP2,0.4190900900900759,0.004943770181494255,1,0.23163841807909633,-2.2086664637851467
BILLUSDT,SHORT,1786061700,1786063500,0.02433,0.024652857142857143,0.024168571428571428,SL,-1.0301433628318584,0.013269919558452222,1,0.14970059880239492,2.3439244328340734
HYPEUSDT,LONG,1786062600,1786065300,55.76,55.39142857142857,55.94428571428571,TP2,0.43948527131782994,0.00660996105759382,1,0.18862559241705984,-2.2109476072095893
LABUSDT,SHORT,1786062600,1786063500,0.1328,0.13502857142857141,0.1316857142857143,SL,-1.0238358974358976,0.016781411359724524,1,0.26086956521739313,2.9742484506432554
XLMUSDT,SHORT,1786068900,1786070700,0.16268,0.16384714285714286,0.16209642857142856,TP2,0.44424675642594846,0.007174470476658807,1,0.2857142857142839,2.0749415058811724
XRPUSDT,LONG,1786069800,1786074300,1.031,1.0245714285714285,1.0342142857142858,SL,-1.0641511111111106,0.0062352778162672,1,0.16491228070176106,-2.046929953860926
NEARUSDT,LONG,1786071600,1786076100,1.651,1.6381428571428571,1.6574285714285715,SL,-1.0513644444444443,0.007787488102448739,1,0.2156862745098041,-2.813395974168166
TAOUSDT,LONG,1786074300,1786080600,191.3,190.14285714285717,191.87857142857143,SL,-1.0661283950617284,0.006048838772309756,1,0.22727272727272846,-2.3373948391630113
ETHUSDT,LONG,1786075200,1786082400,1896.78,1887.9957142857143,1901.1721428571427,TP2,0.4136284924377818,0.0046311568628337055,1,0.2354446577095388,-2.4861741036657916
XLMUSDT,LONG,1786077000,1786079700,0.15941,0.15808714285714284,0.16007142857142856,TP2,0.45179827213821866,0.008298457705646757,1,0.24713584288052198,-2.3290179052113014
AAVEUSDT,LONG,1786080600,1786082400,89.65,88.93714285714286,90.00642857142857,TP2,0.44969539078155324,0.007951557644809194,1,0.03759398496240762,-2.1763543527904865
BILLUSDT,LONG,1786081500,1786082400,0.02383,0.023352857142857144,0.02406857142857143,TP2,0.48002275449101794,0.020022780408848365,1,0.27804878048780496,-2.4170772871414803
ADAUSDT,SHORT,1786082400,1786084200,0.2016,0.2035857142857143,0.20060714285714284,SL,-1.0406100719424458,0.009849773242630441,1,0.008695652173912077,2.004949277550451
SOLUSDT,SHORT,1786082400,1786092300,72.82,73.15285714285714,72.65357142857142,SL,-1.087509012875536,0.004570957743163206,1,0.147058823529405,2.6579857995941762
ETHUSDT,SHORT,1786084200,1786090500,1904.9,1912.0028571428572,1901.3485714285716,TP2,0.3927248592115684,0.00372872966709912,1,0.13801079414033313,2.085486115723541
AAVEUSDT,SHORT,1786092300,1786098600,90.72,91.45142857142856,90.35428571428571,TP2,0.4503875000000098,0.008062484252960451,1,0.09836065573770447,2.083924441993118
HYPEUSDT,SHORT,1786092300,1786100400,56.312,56.78228571428571,56.07685714285714,SL,-1.0478959902794653,0.008351429789134014,1,0.29184925503944,2.9806545080547777
BTCUSDT,SHORT,1786093200,1786095000,64569.9,64776.17142857143,64466.764285714286,SL,-1.1252134635362558,0.003194544649618921,1,0.28512933186856587,2.2689355430067675
ZECUSDT,SHORT,1786095900,1786104900,508.51,513.2528571428571,506.1385714285714,SL,-1.0428863855421688,0.009326969268759972,1,0.18927322191993787,2.505156016708973
DOTUSDT,LONG,1786099500,1786102200,0.811,0.8067714285714286,0.8131142857142858,TP2,0.4232837837837843,0.005214021490223742,1,0.2911392405063245,-2.2311151927283435
SEIUSDT,LONG,1786099500,1786101300,0.04104,0.040845714285714284,0.04113714285714286,TP2,0.4155058823529407,0.004734057365636289,1,0.17241379310344607,-2.145223299060737
XLMUSDT,LONG,1786100400,1786102200,0.16113,0.16024714285714287,0.16157142857142856,TP2,0.4269961165048539,0.005479160571322148,1,0.15119363395225252,-2.284488169082589
AVAXUSDT,SHORT,1786102200,1786106700,6.461,6.499142857142858,6.441928571428572,SL,-1.0677558052434455,0.005903553187255427,1,0.27272727272727076,2.0223839228501705
SUIUSDT,SHORT,1786102200,1786103100,0.6774,0.6812857142857143,0.6754571428571429,TP2,0.430267647058823,0.005736218313720481,1,0.23383084577114993,2.138746680277148
BILLUSDT,SHORT,1786106700,1786108500,0.0241,0.024407142857142856,0.02394642857142857,TP2,0.46861395348837787,0.012744516893894522,1,0.07692307692307647,2.0074377348536743
SUIUSDT,LONG,1786108500,1786110300,0.6717,0.6668857142857143,0.6741071428571428,TP2,0.4441910979228486,0.007167315340606979,1,0.06276150627615291,-2.247006992693946
LABUSDT,LONG,1786110300,1786113900,0.1262,0.12340000000000001,0.12760000000000002,TP2,0.48197142857143355,0.022187004754358152,1,0.2277227722772268,-2.4603861756002674
SEIUSDT,SHORT,1786110300,1786111200,0.04136,0.04164428571428572,0.041217857142857146,TP2,0.4418050251256161,0.006873445703232957,1,0.1896551724137923,2.496726389527003
ADAUSDT,LONG,1786111200,1786114800,0.1991,0.19657142857142856,0.20036428571428572,SL,-1.03149604519774,0.012700007175145371,1,0.10280373831775512,-2.257287353772828
HYPEUSDT,LONG,1786111200,1786112100,56.266,55.742714285714285,56.52764285714285,SL,-1.0430097734097736,0.009300211749292873,1,0.03686845698679818,-2.005047014951612
SEIUSDT,LONG,1786113900,1786142700,0.04092,0.040555714285714285,0.04110214285714286,SL,-1.0449317647058824,0.008902387934645989,1,0.11904761904761875,-2.3137261189690297
DOTUSDT,LONG,1786114800,1786115700,0.8061,0.7987714285714286,0.8097642857142858,TP2,0.4560023391812944,0.009091392418523109,1,0.23026315789473634,-2.215755988560315
ZECUSDT,SHORT,1786119300,1786120200,516.38,522.28,513.43,TP2,0.4649911864406876,0.011425694256167926,1,0.20211710221634172,2.985639671240308
SOLUSDT,LONG,1786122000,1786131000,73.54,72.94000000000001,73.84,TP2,0.4509733333333332,0.008158825129181375,1,0.11042944785276232,-2.062589239892121
XLMUSDT,LONG,1786122000,1786124700,0.15944,0.15794142857142857,0.1601892857142857,TP2,0.45744213536700673,0.009398967815927124,1,0.2413793103448298,-2.0233657028963346
TAOUSDT,LONG,1786125600,1786128300,191.1,189.44285714285712,191.92857142857142,TP2,0.45387241379309495,0.00867160050833522,1,0.17525773195876332,-2.306340751836499
XLMUSDT,SHORT,1786131000,1786140900,0.16173,0.1631314285714286,0.16102928571428574,TP2,0.4538385321100818,0.008665235710310823,1,0.14285714285714574,2.333709222082847
AAVEUSDT,SHORT,1786132800,1786135500,90.44,91.19714285714285,90.06142857142856,TP2,0.4522203773585001,0.00837176976053581,1,0.2660098522167491,2.9641594319701285
LINKUSDT,LONG,1786141800,1786144500,8.167,8.130142857142857,8.185428571428572,TP2,0.4113658914728926,0.0045129353320855865,1,0.1475409836065631,-2.009945566820976
ZECUSDT,LONG,1786142700,1786144500,508.09,504.49142857142857,509.8892857142857,TP2,0.4435231441048035,0.00708254724275508,1,0.1897926634768772,-2.1447436939050095
SUIUSDT,SHORT,1786151700,1786153500,0.674,0.6767428571428572,0.6726285714285715,SL,-1.0982916666666667,0.00406952098346757,1,0.14925373134328532,2.6142972054350504
NEARUSDT,SHORT,1786152600,1786155300,1.598,1.6082857142857143,1.592857142857143,TP2,0.43785555555555544,0.006436617200071503,1,0.07999999999999893,2.4009801919951492
DOTUSDT,SHORT,1786153500,1786154400,0.823,0.8271285714285714,0.8209357142857142,TP2,0.4202629757785468,0.005016490192674889,1,0.2439024390243909,2.1650529920465162
AAVEUSDT,LONG,1786155300,1786160700,89.42,88.96714285714286,89.64642857142857,TP2,0.4210170347003162,0.0050643831677158035,1,0.22374429223743936,-2.0356457282519296
SOLUSDT,SHORT,1786155300,1786158000,73.92,74.13571428571429,73.81214285714286,TP2,0.3629298013245038,0.0029182127396413207,1,0.20689655172414131,2.314888331124668
LINKUSDT,SHORT,1786158900,1786160700,8.198,8.22557142857143,8.184214285714287,SL,-1.118934715025906,0.0033631896281323213,1,0.18292682926830192,2.1907507541357805
TAOUSDT,SHORT,1786158900,1786160700,194.8,195.8,194.3,SL,-1.0779199999999993,0.005133470225872732,1,0.13253012048193027,2.2031958520296757
ETHUSDT,SHORT,1786159800,1786175100,1915.69,1918.5728571428572,1914.2485714285715,TP2,0.23419563924677977,0.0015048662063575798,1,0.14781401804303473,2.115183087363341
SEIUSDT,SHORT,1786161600,1786180500,0.04103,0.041267142857142856,0.04091142857142857,SL,-1.069207228915662,0.00577974304515865,1,0.25373134328358454,2.127055691846251
AAVEUSDT,SHORT,1786167900,1786170600,90.36,90.88,90.1,TP2,0.4304923076923214,0.005754758742806553,1,0.2905982905982888,2.044601534860484
ADAUSDT,LONG,1786169700,1786198500,0.1997,0.19807142857142856,0.2005142857142857,TP2,0.45095087719298205,0.008155089777523364,1,0.030303030303031324,-2.1113995354922066
AVAXUSDT,LONG,1786173300,1786174200,6.502,6.473999999999999,6.516,TP2,0.407114285714286,0.0043063672716087496,1,0.2275862068965563,-2.0235579383496507
ZECUSDT,LONG,1786174200,1786178700,504.29,501.40571428571434,505.7321428571429,TP2,0.4300637939574141,0.005719498134576727,1,0.1129132875857774,-2.0017791826443956
BILLUSDT,SHORT,1786176000,1786177800,0.02454,0.024864285714285714,0.024377857142857142,TP2,0.4697303964757709,0.013214576784258924,1,0.23943661971831026,2.0377134968226907
XRPUSDT,SHORT,1786181400,1786186800,1.0358,1.0391714285714286,1.0341142857142858,SL,-1.1228915254237273,0.0032549030425068665,1,0.15151515151514539,2.21764721456561
ETHUSDT,SHORT,1786182300,1786185000,1918.43,1921.4842857142858,1916.902857142857,SL,-1.2512443405051437,0.0015920756630607995,1,0.1842519685039445,2.599589971885211
LINKUSDT,SHORT,1786184100,1786185900,8.3,8.328142857142858,8.285928571428572,SL,-1.1179695431472065,0.003390705679862353,1,0.28440366972477604,2.2331721403545575
HYPEUSDT,SHORT,1786238100,1786239000,55.269,55.466,55.1705,TP2,0.3877786802030466,0.0035643850983372543,1,0.14602215508559593,2.1515475203984638
ETHUSDT,LONG,1786239000,1786240800,1913.56,1908.95,1915.865,TP2,0.3339644251627144,0.0024091222642613755,1,0.25238095238095926,-2.278440105279494
ZECUSDT,SHORT,1786240800,1786245300,512.88,517.0928571428572,510.7735714285714,TP2,0.4513033570701932,0.00821411859081488,1,0.164687661331956,2.759727409762514
HYPEUSDT,LONG,1786243500,1786248000,54.892,54.644285714285715,55.01585714285714,SL,-1.0886376009227219,0.004512757518660022,1,0.21086261980830653,-2.0937248254959546
LABUSDT,LONG,1786244400,1786253400,0.1265,0.12450000000000001,0.1275,TP2,0.47470000000000334,0.01581027667984182,1,0.15789473684210256,-2.5235730725761645
AVAXUSDT,LONG,1786245300,1786246200,6.443,6.412714285714285,6.458142857142857,TP2,0.41490377358490593,0.004700560963171563,1,0.2689655172413825,-2.97776446821074
DOTUSDT,LONG,1786248000,1786254300,0.8114,0.8075571428571429,0.8133214285714285,SL,-1.084457992565056,0.004736082256417466,1,0.07526881720429851,-2.1384636804512223
SOLUSDT,SHORT,1786248900,1786250700,76.07,76.35428571428571,75.92785714285714,TP2,0.39296683417085476,0.0037371593832748206,1,0.16923076923076688,2.029539565865867
NEARUSDT,SHORT,1786249800,1786250700,1.629,1.6442857142857144,1.621357142857143,TP2,0.4573719626168151,0.009383495571340873,1,0.1764705882352935,2.075102364237442
SUIUSDT,SHORT,1786249800,1786252500,0.693,0.6961571428571428,0.6914214285714285,TP2,0.41219909502262403,0.00455576169861882,1,0.15476190476189958,2.0688929917389736
ADAUSDT,LONG,1786251600,1786255200,0.1975,0.19614285714285715,0.19817857142857145,TP2,0.4417894736842211,0.006871609403255019,1,0.12087912087912128,-2.166209675551363
AAVEUSDT,SHORT,1786256100,1786257900,91.26,91.71428571428572,91.03285714285715,SL,-1.0803547169811318,0.004977928054851142,1,0.21518987341772713,2.6410208205224484
ETHUSDT,SHORT,1786257900,1786263300,1917.28,1919.7657142857142,1916.0371428571427,SL,-1.3085278160919485,0.0012964795364862362,1,0.1340206185566948,2.335974658674567
LINKUSDT,SHORT,1786257900,1786263300,8.321,8.353142857142858,8.30492857142857,SL,-1.1035502222222207,0.003862859889779786,1,0.10091743119265188,2.2691665363963303
XRPUSDT,SHORT,1786258800,1786259700,1.0406,1.0435999999999999,1.0391,TP2,0.3612533333333697,0.0028829521429944134,1,0.2748538011695881,2.0253749280333935
HYPEUSDT,LONG,1786265100,1786266000,54.476,54.19571428571429,54.616142857142854,TP2,0.4222564729867478,0.0051451228850450245,1,0.22175021240442314,-2.611882432391686
XRPUSDT,LONG,1786265100,1786266000,1.031,1.026857142857143,1.0330714285714284,TP2,0.4004551724137913,0.004018290148260977,1,0.2522522522522545,-2.938063328426406
ZECUSDT,SHORT,1786266900,1786268700,518.09,523.3257142857143,515.4721428571429,TP2,0.4604187721691678,0.010105800702029164,1,0.2321181356714408,3.2965125822276473
ADAUSDT,LONG,1786267800,1786282200,0.1965,0.1949857142857143,0.19725714285714285,TP2,0.4480943396226322,0.007706288622319134,1,0.23076923076923078,-2.045900417510336
DOTUSDT,LONG,1786267800,1786269600,0.8046,0.8004857142857142,0.8066571428571429,TP2,0.4217750000000001,0.005113454777884317,1,0.2529182879377461,-2.6907166602700077
XLMUSDT,LONG,1786267800,1786269600,0.16238,0.16166142857142857,0.1627392857142857,TP2,0.4096095427435196,0.004425245895870363,1,0.2206572769953079,-2.0591969616396
NEARUSDT,LONG,1786273200,1786276800,1.609,1.5978571428571429,1.6145714285714285,TP2,0.4422410256410255,0.006925330728935439,1,0.10769230769230653,-2.163045719048729
TAOUSDT,LONG,1786275000,1786275900,203.4,201.22857142857143,204.4857142857143,TP2,0.4625315789473686,0.01067565669335586,1,0.26315789473684265,-2.778145062954263
DOTUSDT,SHORT,1786281300,1786283100,0.811,0.8142571428571429,0.8093714285714286,TP2,0.40040350877192954,0.0040162057424696015,1,0.02884615384615595,2.1570047878465743
SEIUSDT,SHORT,1786281300,1786284900,0.04168,0.04183714285714286,0.041601428571428574,TP2,0.39390545454545356,0.0037702221003564225,1,0.0337078651685423,2.342345433356373
XLMUSDT,SHORT,1786281300,1786284000,0.16315,0.16365142857142856,0.1628992857142857,TP2,0.36985185185187996,0.0030734206033010934,1,0.024390243902438612,2.1343825019755074
AAVEUSDT,SHORT,1786284000,1786293000,91.57,92.0,91.35499999999999,TP2,0.4148186046511633,0.004695861089876628,1,0.20535714285713794,2.5623208112009586
ADAUSDT,SHORT,1786284900,1786297500,0.1974,0.1986,0.1968,SL,-1.0658,0.006079027355623093,1,0.17647058823529027,2.0289433549395697
AVAXUSDT,SHORT,1786287600,1786290300,6.5,6.525857142857143,6.487071428571428,SL,-1.1005524861878453,0.003978021978021979,1,0.13043478260869565,2.5366032832090166
LINKUSDT,SHORT,1786291200,1786293000,8.351,8.395142857142858,8.328928571428571,TP2,0.42432750809063524,0.005285936671399508,1,0.295336787564764,2.2387770051610234
ZECUSDT,LONG,1786292100,1786298400,518.35,513.96,520.545,SL,-1.04723006833713,0.008469181055271478,1,0.22107969151670784,-2.960050734594125
LABUSDT,LONG,1786294800,1786312800,0.1225,0.12081428571428571,0.12334285714285714,TP2,0.47093220338983055,0.013760932944606436,1,0.19444444444444503,-2.0307664481383076
XLMUSDT,LONG,1786297500,1786299300,0.16269,0.16214857142857142,0.1629607142857143,SL,-1.1201931398416891,0.003327976958808591,1,0.04489795918367291,-2.1034162730009083
AAVEUSDT,LONG,1786299300,1786300200,90.99,90.49,91.24,TP2,0.42720800000000003,0.005495109352676119,1,0.11382113821138089,-2.184402528738628
ETHUSDT,LONG,1786322700,1786323600,1906.51,1890.5585714285714,1914.4857142857143,TP2,0.4521921189324735,0.008366821349706297,1,0.21341731360773242,-2.047821083577525
ZECUSDT,LONG,1786322700,1786323600,508.28,502.31999999999994,511.26,TP2,0.46588724832214795,0.011725820413945173,1,0.26684846123880146,-2.0690410135793824
DOTUSDT,SHORT,1786338900,1786347900,0.8062,0.8122142857142858,0.8031928571428572,SL,-1.053619002375297,0.007460041818761724,1,0.2153392330383449,2.6382976775311398
NEARUSDT,SHORT,1786338900,1786344300,1.636,1.6568571428571428,1.6255714285714284,SL,-1.0313753424657535,0.01274886482710441,1,0.2807017543859652,2.697434343034386
XLMUSDT,SHORT,1786339800,1786346100,0.16373,0.16494857142857142,0.16312071428571429,SL,-1.0537449003517,0.0074425665948294265,1,0.14417177914110318,2.2812424186014155
AAVEUSDT,SHORT,1786345200,1786347900,92.74,93.47714285714285,92.37142857142857,TP2,0.4496759689922483,0.007948488862873202,1,0.17030567685589498,3.1332423708599597
SEIUSDT,SHORT,1786347000,1786348800,0.04186,0.04207285714285714,0.04175357142857143,TP2,0.4213369127516774,0.005084977134666546,1,0.24786324786324868,2.0162636527986857
BILLUSDT,SHORT,1786406400,1786410000,0.02525,0.02555,0.0251,SL,-1.0336666666666667,0.011881188118811866,1,0.2784810126582288,2.552252908890785
LINKUSDT,SHORT,1786408200,1786411800,8.334,8.385571428571428,8.308214285714286,SL,-1.0646404432132963,0.006188076382460843,1,0.1673819742489241,2.468633867235859
AVAXUSDT,SHORT,1786410900,1786414500,6.506,6.547000000000001,6.4855,SL,-1.0634731707317069,0.006301875192130379,1,0.18721461187214197,2.3873637779685826
DOTUSDT,SHORT,1786413600,1786414500,0.81,0.8147000000000001,0.8076500000000001,TP2,0.4310638297872223,0.005802469135802475,1,0.18918918918919359,2.2327887921430105
BILLUSDT,LONG,1786492800,1786493700,0.02505,0.024854285714285714,0.025147857142857142,TP2,0.44880291970802905,0.007812945537496414,1,0.2183908045977004,-2.2240947121886454
AAVEUSDT,SHORT,1786495500,1786497300,88.51,88.91428571428573,88.30785714285715,SL,-1.0875717314487625,0.0045676840389302685,1,0.11111111111110944,2.275822639155032
AVAXUSDT,LONG,1786495500,1786496400,6.274,6.237857142857143,6.292071428571429,TP2,0.4305644268774827,0.005760735916936111,1,0.015228426395939453,-2.3245645306511205
DOTUSDT,SHORT,1786496400,1786497300,0.7913,0.7947571428571428,0.7895714285714286,SL,-1.0915553719008277,0.004368940802657411,1,0.21951219512195452,2.1638857270972265
ETHUSDT,SHORT,1786497300,1786498200,1884.83,1891.0328571428572,1881.7285714285713,TP2,0.37845407646246054,0.003290937189485092,1,0.13547181563375751,2.0476123419114116
BTCUSDT,SHORT,1786499100,1786503600,63795.2,63945.41428571429,63720.09285714285,TP2,0.33012214931051,0.0023546330400137745,1,0.11270853112709277,2.1027512519203255
ADAUSDT,SHORT,1786501800,1786504500,0.1881,0.18957142857142859,0.1873642857142857,TP2,0.44886601941746673,0.007822586769955257,1,0.24637681159419927,2.8357655883381527
LINKUSDT,LONG,1786503600,1786527000,8.74,8.672,8.774000000000001,TP2,0.4485882352941306,0.007780320366132708,1,0.1018867924528278,-2.1202115142153484
HYPEUSDT,SHORT,1786506300,1786509000,54.723,55.05,54.5595,TP2,0.4330605504587156,0.005975549586097258,1,0.2918586789554513,2.13683070481407
BILLUSDT,LONG,1786507200,1786509900,0.02495,0.02466714285714286,0.02509142857142857,SL,-1.0352828282828284,0.011336959633552775,1,0.1678832116788342,-2.287731615648079
ETHUSDT,SHORT,1786509000,1786516200,1888.9,1895.6257142857144,1885.537142857143,TP2,0.3876610025488534,0.003560651323899787,1,0.2298850574712666,2.4452651684151996
LABUSDT,SHORT,1786511700,1786513500,0.1191,0.12062857142857143,0.11833571428571428,TP2,0.4688336448598131,0.012834352884730721,1,0.25714285714285534,2.947003530384092
TAOUSDT,LONG,1786512600,1786527000,203.4,201.64285714285714,204.27857142857144,TP2,0.45369756097561,0.008638853771597182,1,0.10843373493975615,-2.450498385915394
XLMUSDT,LONG,1786513500,1786515300,0.16127,0.16046285714285716,0.16167357142857142,SL,-1.079921415929204,0.005004916333743731,1,0.06598984771573818,-2.532628011424405
NEARUSDT,SHORT,1786514400,1786515300,1.677,1.7002857142857144,1.6653571428571428,TP2,0.47119263803681477,0.013885339466734894,1,0.29914529914529925,2.0271549976363326
ADAUSDT,LONG,1786516200,1786518000,0.1861,0.18501428571428571,0.18664285714285714,SL,-1.0685631578947372,0.00583403700007674,1,0.16666666666667246,-2.1098966859437955
HYPEUSDT,SHORT,1786518900,1786521600,55.134,55.47685714285714,54.96257142857143,TP2,0.4356770000000003,0.006218615425275595,1,0.29580573951434763,3.090102727209071
AAVEUSDT,LONG,1786519800,1786527000,89.03,88.34857142857143,89.37071428571429,TP2,0.4477392033542975,0.007653920829254957,1,0.18541033434650725,-2.0128701559276245
LABUSDT,SHORT,1786524300,1786525200,0.1209,0.12341428571428571,0.11964285714285713,TP2,0.4807659090909091,0.020796407893182125,1,0.22222222222222246,2.641461294703365
BTCUSDT,SHORT,1786527000,1786529700,63958.8,64152.18571428572,63862.107142857145,SL,-1.13229270887198,0.0030235982270729734,1,0.2264830508474572,2.6037006620438237
SOLUSDT,SHORT,1786527000,1786537800,76.73,77.11428571428571,76.53785714285715,SL,-1.0798676579925655,0.005008285081268238,1,0.24022346368714587,3.132885005170432
XRPUSDT,SHORT,1786527000,1786527900,1.0245,1.0292000000000001,1.02215,TP2,0.4128085106382989,0.0045876037091264555,1,0.19521912350597306,2.600218072858701
AVAXUSDT,SHORT,1786532400,1786537800,6.279,6.320142857142857,6.2584285714285715,SL,-1.0610458333333335,0.006552453757422687,1,0.06341463414634041,2.2625539564399455
ZECUSDT,SHORT,1786532400,1786534200,485.25,490.06857142857143,482.8407142857143,SL,-1.0402816483842277,0.009930080223743273,1,0.0773214946355894,2.2251592287823754
SEIUSDT,SHORT,1786535100,1786537800,0.0402,0.04042857142857143,0.04008571428571429,SL,-1.0703499999999995,0.005685856432125129,1,0.25179856115108096,2.592694868979852
NEARUSDT,SHORT,1786580100,1786581900,1.653,1.6704285714285714,1.6442857142857144,TP2,0.46206229508196706,0.01054360038026095,1,0.2,2.17406030792582
TAOUSDT,SHORT,1786580100,1786581900,200.7,202.31428571428572,199.89285714285714,TP2,0.4502690265486639,0.008043277101573093,1,0.20987654320987734,2.279831408967448
XLMUSDT,SHORT,1786580100,1786581900,0.16025,0.16137142857142858,0.15968928571428573,TP2,0.442840764331198,0.006997994205482526,1,0.19856887298747425,2.965966509586215
TAOUSDT,LONG,1786586400,1786590000,197.8,196.27142857142857,198.56428571428575,TP2,0.4482392523364583,0.007727863642929419,1,0.23595505617977694,-2.571604781621909
BILLUSDT,LONG,1786587300,1786590000,0.02283,0.02251857142857143,0.022985714285714286,TP2,0.47067706422018907,0.013641198923721927,1,0.284210526315789,-2.1327250039393797
ZECUSDT,LONG,1786587300,1786590000,484.43,479.1985714285714,487.04571428571427,TP2,0.4629600218459803,0.010799142438388547,1,0.17583686033089657,-2.55604299652288
SOLUSDT,SHORT,1786590000,1786599000,75.93,76.30857142857143,75.74071428571429,SL,-1.080227924528304,0.004985795187296447,1,0.25974025974025317,2.8811822867608545
ADAUSDT,SHORT,1786590900,1786600800,0.1831,0.18445714285714288,0.1824214285714286,SL,-1.0539663157894739,0.007412030896465615,1,0.22033898305084507,2.0424281083036773
DOTUSDT,SHORT,1786590900,1786613400,0.7741,0.7787,0.7718,TP2,0.43268695652173894,0.00594238470481848,1,0.17880794701986988,2.113587633364382
BTCUSDT,LONG,1786612500,1786613400,63587.3,63441.485714285714,63660.20714285714,TP2,0.32556633682764313,0.002293135354296948,1,0.012609792155839702,-2.048315168870631
ETHUSDT,LONG,1786612500,1786613400,1882.21,1875.9928571428572,1885.3185714285714,TP2,0.3789019301470594,0.0033031079726188297,1,0.06392799446111141,-2.6436077303095886
LINKUSDT,LONG,1786612500,1786617000,8.699,8.652714285714286,8.722142857142856,TP2,0.4248234567901038,0.00532080863153397,1,0.12195121951219602,-2.5233433364501763
XLMUSDT,LONG,1786614300,1786615200,0.16056,0.15991,0.160885,TP2,0.40119384615382475,0.004048330842052813,1,0.22360248447204917,-2.0940629784259785
HYPEUSDT,SHORT,1786615200,1786617900,57.734,58.22842857142857,57.486785714285716,TP2,0.45329234325339496,0.008563906388411875,1,0.29238643634036815,2.303119993859118
LABUSDT,SHORT,1786615200,1786616100,0.1141,0.11555714285714286,0.11337142857142857,TP2,0.46867843137254434,0.012770752472768286,1,0.28124999999999867,3.1456673063258864
SOLUSDT,LONG,1786616100,1786625100,75.81,75.50428571428571,75.96285714285715,TP2,0.40080934579439254,0.0040326379859423,1,0.27368421052632447,-2.116578424808369
XRPUSDT,LONG,1786616100,1786621500,1.0074,1.003457142857143,1.0093714285714286,SL,-1.1022000000000023,0.003913894324853145,1,0.2272727272727291,-2.8583009236055057
TAOUSDT,LONG,1786617900,1786623300,199.1,197.89999999999998,199.7,TP2,0.43363333333332177,0.006027122049221521,1,0.2307692307692291,-2.051244226990024
ADAUSDT,LONG,1786622400,1786628700,0.1832,0.1818142857142857,0.18389285714285714,TP2,0.447117525773186,0.00756394260761074,1,0.11428571428571395,-2.3648161046408407
AVAXUSDT,SHORT,1786626000,1786627800,6.546,6.590571428571429,6.523714285714286,TP2,0.4412538461538459,0.006808956396490736,1,0.2487804878048787,2.476966882447297
LINKUSDT,SHORT,1786626000,1786628700,8.778,8.835714285714285,8.749142857142857,SL,-1.060837623762377,0.006574878755329824,1,0.1857142857142859,2.106068017000969
HYPEUSDT,SHORT,1786628700,1786629600,58.035,58.54714285714285,57.778928571428565,TP2,0.4546728033472872,0.008824723996603038,1,0.29885057471264387,2.23632182199934
TAOUSDT,SHORT,1786628700,1786634100,201.2,202.67142857142855,200.4642857142857,SL,-1.0546951456310683,0.007313263277477957,1,0.147058823529414,2.788134982827157
AAVEUSDT,LONG,1786629600,1786632300,87.72,87.03857142857143,88.06071428571428,TP2,0.44850817610062904,0.007768223568497184,1,0.2941176470588255,-2.4799970440025345
LABUSDT,LONG,1786631400,1786634100,0.1119,0.11057142857142857,0.11256428571428571,SL,-1.033690322580645,0.011872845653006532,1,0.11392405063291149,-2.2299967374990324
BTCUSDT,SHORT,1786632300,1786635000,63929.9,64248.77142857143,63770.46428571429,TP2,0.4198047936920274,0.004987829303212243,1,0.12810457516339907,2.3230716797259214
SOLUSDT,SHORT,1786632300,1786634100,76.53,76.93714285714286,76.32642857142858,TP2,0.4248126315789298,0.005320042560340472,1,0.1980198019801914,2.1522854575354904
AVAXUSDT,LONG,1786634100,1786637700,6.454,6.391285714285714,6.485357142857143,SL,-1.0411644646924831,0.009717118951702118,1,0.16245487364620853,-2.3533632564811495
BILLUSDT,LONG,1786635000,1786637700,0.02297,0.02262142857142857,0.023144285714285714,SL,-1.0263590163934424,0.015175073076683945,1,0.24705882352940936,-2.4490196305040954
XLMUSDT,LONG,1786636800,1786639500,0.15937,0.15825857142857144,0.1599257142857143,SL,-1.0573568123393313,0.006973888256438331,1,0.21359223300970964,-2.0023116033562265
ADAUSDT,LONG,1786638600,1786655700,0.1813,0.17937142857142857,0.1822642857142857,TP2,0.4623970370370442,0.010637459617051443,1,0.22727272727272957,-2.296961753981815
SEIUSDT,LONG,1786638600,1786644900,0.04085,0.04051571428571428,0.041017142857142856,TP2,0.45111965811965815,0.008183248819723734,1,0.2820512820512816,-2.3430007961676687
XRPUSDT,SHORT,1786668300,1786677300,1.0111,1.0141714285714285,1.009564285714286,TP2,0.3683218604651126,0.003037709990533564,1,0.11111111111111434,2.0057586914031926
SOLUSDT,LONG,1786670100,1786671000,75.9,75.63857142857144,76.03071428571428,TP2,0.38386885245898633,0.0034443817052511863,1,0.2857142857142785,-2.755221668971203
TAOUSDT,SHORT,1786672800,1786674600,204.9,206.42857142857144,204.1357142857143,TP2,0.44638130841120593,0.007460085058913788,1,0.2876712328767145,3.0564952732514414
AAVEUSDT,LONG,1786674600,1786691700,87.88,87.23142857142857,88.20428571428572,SL,-1.054199118942731,0.007380193770726348,1,0.17491749174917687,-2.4054445580833552
HYPEUSDT,LONG,1786674600,1786677300,57.162,56.87457142857143,57.30571428571429,SL,-1.0795495029821072,0.005028315514302728,1,0.1272015655577318,-2.0081882790979773
LINKUSDT,LONG,1786674600,1786685400,8.826,8.775714285714287,8.851142857142857,SL,-1.070206818181818,0.005697452332394553,1,0.18942731277533323,-2.3567925706078285
BILLUSDT,LONG,1786679100,1786681800,0.02278,0.022474285714285717,0.022932857142857144,SL,-1.0298056074766355,0.013420293490530514,1,0.09433962264150932,-2.759123207581412
AAVEUSDT,SHORT,1786752000,1786752900,86.44,86.92571428571429,86.19714285714285,TP2,0.42881411764705957,0.005619091690355051,1,0.203647416413374,2.075495291696842
BTCUSDT,SHORT,1786752000,1786764600,63019.6,63153.614285714284,62952.59285714285,SL,-1.1880981558469221,0.002126549291240941,1,0.29960474308301777,2.2106163351743553
SEIUSDT,SHORT,1786752000,1786757400,0.04029,0.040498571428571425,0.04018571428571428,TP2,0.42273150684933114,0.00517675424600216,1,0.24590163934426248,2.0941855937833607
BILLUSDT,SHORT,1786753800,1786765500,0.0218,0.02208,0.02166,TP2,0.468857142857149,0.012844036697247683,1,0.15723270440251574,2.325262960774689
ZECUSDT,SHORT,1786758300,1786761000,496.74,501.14428571428573,494.53785714285715,TP2,0.45488576062277,0.00886638022765574,1,0.18666049096804332,2.4941179944199283
HYPEUSDT,SHORT,1786762800,1786767300,56.624,56.88328571428572,56.49435714285715,TP2,0.4126461707988842,0.004579078028498763,1,0.25604551920341245,2.120989665338634
LABUSDT,LONG,1786766400,1786768200,0.0853,0.0835,0.0862,TP2,0.48104444444444444,0.02110199296600237,1,0.0444444444444442,-2.203195852029667
HYPEUSDT,LONG,1786771800,1786773600,56.099,55.78242857142857,56.257285714285715,TP2,0.4291167870036213,0.00564308505626533,1,0.1898928024502316,-2.4406721916758873
ETHUSDT,LONG,1786772700,1786777200,1880.57,1877.5142857142857,1882.097857142857,TP2,0.2538290790088838,0.001624887287213079,1,0.059727971614428506,-2.350121362172225
SEIUSDT,LONG,1786774500,1786779900,0.04005,0.039874285714285716,0.04013785714285714,SL,-1.0911707317073174,0.004387372926698751,1,0.25373134328356756,-2.0412309059658162
SOLUSDT,LONG,1786774500,1786777200,75.22,74.97857142857143,75.34071428571428,TP2,0.37537514792899285,0.003209632696471272,1,0.13274336283185306,-2.1068418858034823
SUIUSDT,LONG,1786778100,1786785300,0.6834,0.6805285714285715,0.6848357142857143,SL,-1.095200000000001,0.004201680672268863,1,0.17355371900826688,-2.5976919658123183
XLMUSDT,LONG,1786779000,1786795200,0.15843,0.15779714285714286,0.15874642857142857,SL,-1.1001363431151256,0.003994553701048624,1,0.2350877192982454,-2.326477097500033
AAVEUSDT,LONG,1786780800,1786784400,86.57,86.17999999999999,86.76499999999999,TP2,0.4112102564102374,0.004505024835393283,1,0.11538461538461749,-2.177571358881354
DOTUSDT,SHORT,1786786200,1786788000,0.7753,0.7790285714285714,0.7734357142857142,SL,-1.0831739463601533,0.004809198282692416,1,0.1315789473684222,3.1390797932736287
NEARUSDT,SHORT,1786789800,1786795200,1.641,1.6508571428571428,1.6360714285714286,TP2,0.43340869565217366,0.006006790284669603,1,0.18181818181818182,2.0059719452116207
ZECUSDT,SHORT,1786794300,1786795200,492.22,495.22428571428577,490.71785714285716,TP2,0.4344642891107944,0.0061035425506597175,1,0.028107432854469216,2.298425801271591
TAOUSDT,LONG,1786838400,1786846500,196.7,195.82857142857142,197.13571428571427,SL,-1.0902885245901643,0.0044302418476287065,1,0.166666666666668,-2.719600414600349
BILLUSDT,LONG,1786839300,1786843800,0.02089,0.020654285714285712,0.02100785714285714,TP2,0.4645503030302957,0.01128359433768722,1,0.2982456140350872,-2.6378768570940982
ETHUSDT,LONG,1786842900,1786844700,1880.54,1877.9671428571428,1881.8264285714286,SL,-1.2923660188784047,0.001368148054738059,1,0.22409638554217912,-2.17278745094036
HYPEUSDT,SHORT,1786847400,1786849200,57.222,57.53642857142857,57.06478571428571,TP2,0.42720508859610473,0.005494889577934615,1,0.11185086551264913,2.3059650346790557
LINKUSDT,LONG,1786853700,1786864500,9.394,9.326,9.427999999999999,SL,-1.0552588235294122,0.007238662976367827,1,0.28096676737160153,-2.054207888974588
TAOUSDT,LONG,1786858200,1786867200,195.6,194.6285714285714,196.0857142857143,TP2,0.4194588235294122,0.004966403739409903,1,0.15789473684209976,-2.3634875715702344
XRPUSDT,LONG,1786858200,1786862700,0.9992,0.9969,1.0003499999999999,TP2,0.3262260869564687,0.00230184147317848,1,0.1932773109243707,-2.2410156300606987
SEIUSDT,SHORT,1786865400,1786873500,0.03993,0.040055714285714285,0.03986714285714286,TP2,0.37295000000000184,0.003148366784730467,1,0.26666666666666283,2.364464687272668
HYPEUSDT,SHORT,1786866300,1786882500,57.407,57.73342857142857,57.24378571428571,TP2,0.42965444201314007,0.005686215468994582,1,0.12847222222222393,2.833073090523193
ADAUSDT,SHORT,1786867200,1786872600,0.1775,0.17828571428571427,0.17710714285714285,TP2,0.40963636363636324,0.004426559356136803,1,0.28571428571427865,3.477476739063292
SOLUSDT,LONG,1786873500,1786877100,75.29,75.13285714285715,75.36857142857144,SL,-1.1916472727272713,0.0020871677134129147,1,0.16883116883115445,-2.0678603203652255
XRPUSDT,LONG,1786875300,1786877100,0.9981,0.9959714285714286,0.9991642857142857,TP2,0.31243758389264104,0.002132623413056207,1,0.1111111111111136,-2.33389624604055
ADAUSDT,LONG,1786876200,1786878000,0.1758,0.1747857142857143,0.17630714285714286,TP2,0.4306704225351973,0.005769543312205401,1,0.29729729729730137,-2.443352758497383
AVAXUSDT,SHORT,1786876200,1786878000,6.355,6.376285714285714,6.3443571428571435,SL,-1.1194228187919464,0.003349443632685175,1,0.2783505154639177,2.2664717151614275
XLMUSDT,SHORT,1786878900,1786881600,0.1571,0.15752571428571427,0.15688714285714284,TP2,0.3523892617449996,0.002709829953623725,1,0.2432432432432327,2.012479603144217
BILLUSDT,SHORT,1786879800,1786884300,0.02046,0.02080857142857143,0.020285714285714285,SL,-1.0234786885245901,0.017036726714146126,1,0.07777777777777625,2.3580839492829013
SEIUSDT,LONG,1786882500,1786883400,0.03977,0.03964142857142857,0.03983428571428571,TP2,0.37627111111108386,0.0032328747440640753,1,0.26666666666666283,-2.017407560780669
ZECUSDT,LONG,1786882500,1786886100,484.49,482.2014285714286,485.63428571428574,TP2,0.4153200998751681,0.004723671135774563,1,0.2588347659980829,-2.1582461599568203
DOTUSDT,SHORT,1786883400,1786889700,0.7623,0.7653857142857143,0.7607571428571428,TP2,0.40118333333333567,0.004047900151796351,1,0.15789473684210373,2.17396339833358
HYPEUSDT,LONG,1786883400,1786894200,57.232,56.97557142857143,57.360214285714285,TP2,0.41072445682451264,0.004480510403770123,1,0.12365975696926372,-2.2472106642593155
LINKUSDT,LONG,1786884300,1786890600,9.322,9.253285714285715,9.356357142857142,TP2,0.4457347193347316,0.007371195635516514,1,0.17607973421926862,-2.6612020287248996
TAOUSDT,SHORT,1786887000,1786894200,196.7,197.29999999999998,196.39999999999998,SL,-1.1311333333333329,0.0030503304524656964,1,0.13513513513513348,2.609819686929175
ZECUSDT,SHORT,1786888800,1786889700,489.86,491.98285714285714,488.79857142857145,SL,-1.0923020188425303,0.00433359968737424,1,0.1516014234875422,2.62620644713609
ETHUSDT,SHORT,1786891500,1786896900,1881.9,1884.084285714286,1880.8078571428573,SL,-1.3446252452583294,0.0011606810745978925,1,0.22254616132168595,2.101108930653841
SOLUSDT,SHORT,1786893300,1786894200,75.38,75.54142857142857,75.29928571428572,SL,-1.1867823008849565,0.002141530531023757,1,0.2564102564102643,2.0284250929288468
SUIUSDT,SHORT,1786896000,1786898700,0.6802,0.6819000000000001,0.67935,TP2,0.33995294117647534,0.002499264922081815,1,0.22772277227721466,2.3310672492835782
SEIUSDT,SHORT,1786896900,1786898700,0.03995,0.04006142857142857,0.039894285714285715,TP2,0.3565897435897428,0.002789200786697643,1,0.11999999999999333,2.3142242334778347
ETHUSDT,SHORT,1786929300,1786935600,1888.69,1899.2728571428572,1883.3985714285716,SL,-1.0713867710583154,0.005603279067955638,1,0.07766990291262152,2.614895381260481
ZECUSDT,SHORT,1786929300,1786934700,489.97,493.6228571428572,488.1435714285715,SL,-1.053653343762221,0.00745526694054158,1,0.019215987701767717,2.098026652237506
AAVEUSDT,SHORT,1786930200,1786932000,86.76,87.3557142857143,86.46214285714287,TP2,0.4417438848920746,0.006866231969966436,1,0.04729729729729759,2.44119149284844
BILLUSDT,LONG,1786931100,1786941900,0.02023,0.02004857142857143,0.02032071428571429,TP2,0.4553984251968601,0.00896829319963282,1,0.21518987341771897,-2.045346991069981
LABUSDT,LONG,1786932900,1786934700,0.0797,0.07807142857142856,0.0805142857142857,TP2,0.48042456140350454,0.0204337694927407,1,0.2727272727272711,-2.4515854992258665
BTCUSDT,SHORT,1786934700,1786942800,63231.4,63511.57142857143,63091.31428571429,SL,-1.0902753008362231,0.004430890800637454,1,0.282751557565933,2.102893807439002
ADAUSDT,SHORT,1786935600,1786951800,0.1769,0.17857142857142858,0.1760642857142857,TP2,0.45766495726496575,0.00944843737381898,1,0.08823529411764958,2.1006433524552626
LABUSDT,LONG,1786946400,1786949100,0.07893,0.07750571428571429,0.07964214285714286,TP2,0.47783309929789375,0.018044922263850464,1,0.2705167173252269,-2.623340330876201
LINKUSDT,LONG,1786946400,1786947300,9.406,9.348428571428572,9.434785714285715,TP2,0.4346481389578162,0.006120713222563085,1,0.07816711590296502,-2.099236221873776
DOTUSDT,LONG,1786950900,1786962600,0.7609,0.7567857142857143,0.7629571428571429,SL,-1.0739763888888885,0.005407130653549398,1,0.04147465437788042,-2.191571580746466
ADAUSDT,LONG,1786952700,1786959000,0.1757,0.17455714285714286,0.17627142857142855,SL,-1.0614950000000007,0.006504593869420193,1,0.21568627450980413,-2.8303690591491693
HYPEUSDT,SHORT,1786952700,1786954500,59.463,59.85814285714286,59.26542857142857,TP2,0.43980607375271147,0.006645188724801253,1,0.22126789366053198,2.1108022022357376
ETHUSDT,LONG,1786954500,1786963500,1894.94,1887.2257142857143,1898.797142857143,TP2,0.40174385185185224,0.004070992070612128,1,0.09206753743229827,-2.4101642853253886
BILLUSDT,LONG,1786962600,1786968900,0.01995,0.01966,0.020095,TP2,0.47248275862068967,0.01453634085213033,1,0.21428571428571677,-2.0678275345888992
LINKUSDT,SHORT,1786963500,1786967100,9.507,9.573714285714285,9.473642857142856,TP2,0.4429987152034393,0.007017385685735304,1,0.28291316526610444,2.500258632599999
AAVEUSDT,SHORT,1786965300,1786968900,86.71,87.13571428571427,86.49714285714285,TP2,0.4185275167785399,0.004909633095540125,1,0.22018348623853468,2.060246369178675
DOTUSDT,LONG,1786969800,1786974300,0.7557,0.7521714285714286,0.7574642857142857,TP2,0.4143336032388505,0.0046692754116334795,1,0.24822695035460032,-2.4202665227716977
AVAXUSDT,LONG,1786973400,1786974300,6.292,6.257857142857143,6.309071428571428,TP2,0.4262861924686203,0.005426391790028232,1,0.26415094339623113,-2.2103497814234228
LABUSDT,LONG,1786975200,1786976100,0.07756,0.07632714285714287,0.07817642857142858,TP2,0.47483568945539373,0.01589552788624467,1,0.21654501216544753,-2.1652458724932413
BILLUSDT,LONG,1786977000,1786977900,0.01963,0.01933,0.019780000000000002,TP2,0.4738266666666667,0.015282730514518603,1,0.2987012987012985,-2.7108180922635
NEARUSDT,LONG,1786977000,1786978800,1.63,1.6148571428571425,1.6375714285714285,TP2,0.45694339622640806,0.00929009640666089,1,0.09375000000000097,-2.3757275322085243
XRPUSDT,SHORT,1786978800,1786980600,1.0039,1.0087285714285714,1.0014857142857143,TP2,0.4168366863905327,0.00480981315725813,1,0.2961373390557921,2.4771433886970096
LABUSDT,SHORT,1786979700,1786983300,0.08076,0.08284285714285713,0.07971857142857143,SL,-1.015509465020576,0.025790702610910602,1,0.19548872180451096,2.608264461958184
BILLUSDT,SHORT,1786980600,1786981500,0.02037,0.020787142857142858,0.02016142857142857,TP2,0.48046712328767127,0.020478294410547743,1,0.2081218274111686,2.1382371611342106
XLMUSDT,SHORT,1786981500,1786983300,0.15861,0.1596442857142857,0.15809285714285715,TP2,0.4386591160220994,0.0065209363488160504,1,0.07421874999999814,2.0342892435961226
ETHUSDT,SHORT,1786982400,1786985100,1912.23,1923.4285714285713,1906.6307142857142,TP2,0.4316973593570709,0.005856288955079363,1,0.1339788335960377,2.1631858255507495
NEARUSDT,LONG,1786988700,1786999500,1.612,1.5937142857142856,1.6211428571428572,TP2,0.46473749999999414,0.011343495214463026,1,0.28440366972477166,-2.1795657484134865
AVAXUSDT,SHORT,1786991400,1786994100,6.344,6.385571428571429,6.323214285714286,TP2,0.4389580756013741,0.006552873356151993,1,0.16756756756757027,2.279295460954367
DOTUSDT,SHORT,1786991400,1786999500,0.7589,0.7635285714285714,0.7565857142857143,SL,-1.0655839506172837,0.006099053140824142,1,0.12107623318385757,2.4034147042944185
ZECUSDT,SHORT,1786992300,1786996800,516.61,521.8714285714286,513.9792857142857,TP2,0.4607247352701713,0.010184527150904198,1,0.13901689708141238,2.5017662856736167
BILLUSDT,SHORT,1786995900,1787002200,0.02047,0.020774285714285714,0.02031785714285714,SL,-1.0269089201877935,0.014864959173703679,1,0.2849162011173179,2.10252518003704
ADAUSDT,LONG,1786997700,1786999500,0.1734,0.17195714285714286,0.17412142857142857,TP2,0.4519287128712871,0.00832097544900313,1,0.27999999999999825,-2.0507090319684274
HYPEUSDT,LONG,1786997700,1786999500,58.665,58.240428571428566,58.87728571428571,TP2,0.444730148048444,0.007237218589813854,1,0.2872628726287268,-2.2549673798656276
AAVEUSDT,SHORT,1786999500,1787000400,88.27,88.74714285714286,88.03142857142856,TP2,0.4260011976047908,0.0054054928870834905,1,0.06837606837606681,2.3062318510145334
NEARUSDT,SHORT,1787003100,1787018400,1.635,1.6480000000000001,1.6285,TP2,0.44969230769229923,0.007951070336391454,1,0.05555555555555555,2.2451279488561404
ETHUSDT,LONG,1787005800,1787008500,1903.27,1897.4742857142855,1906.1678571428572,TP2,0.36864293813162563,0.0030451351020687246,1,0.12678114724150574,-2.0577379269612255
LABUSDT,LONG,1787005800,1787006700,0.07958,0.07804,0.08034999999999999,TP2,0.4793298701298656,0.01935159587836137,1,0.18490566037735873,-2.343430548359253
SUIUSDT,LONG,1787005800,1787010300,0.6738,0.6705,0.67545,TP2,0.41832727272728965,0.004897595725734642,1,0.20779220779221566,-2.544809609742622
TAOUSDT,LONG,1787007600,1787009400,195.4,194.4857142857143,195.85714285714286,TP2,0.41451250000000045,0.00467904664424626,1,0.052631578947365795,-2.0211050515547093
HYPEUSDT,SHORT,1787008500,1787013900,59.257,59.638285714285715,59.06635714285714,SL,-1.0621654552266766,0.006434441741662839,1,0.09030100334448178,2.0226020500349913
BTCUSDT,SHORT,1787009400,1787013900,64458.7,64622.57142857143,64376.764285714286,TP2,0.3426603086042851,0.0025422701446263947,1,0.040286054827170355,2.3179203902747267
AVAXUSDT,SHORT,1787014800,1787015700,6.384,6.415714285714286,6.368142857142858,SL,-1.080518918918919,0.004967776584317927,1,0.23741007194245128,2.8401775412997408
LABUSDT,SHORT,1787015700,1787016600,0.08465,0.08772714285714285,0.08311142857142857,TP2,0.4889962859795751,0.03635136275419792,1,0.19501466275659773,2.159692943376001
XRPUSDT,LONG,1787017500,1787018400,0.9987,0.9952857142857143,1.0004071428571428,SL,-1.117002510460253,0.0034187300633680335,1,0.29032258064516175,-2.274575487414577
SOLUSDT,LONG,1787018400,1787021100,75.57,75.30285714285714,75.70357142857142,SL,-1.1131529411764702,0.003535038469536295,1,0.2444444444444468,-2.5885944323723167
ADAUSDT,LONG,1787019300,1787021100,0.1725,0.17127142857142855,0.1731142857142857,SL,-1.056162790697674,0.007122153209109775,1,0.2549019607843214,-2.8284271247462645
ETHUSDT,LONG,1787019300,1787022000,1898.84,1891.2957142857142,1902.6121428571428,SL,-1.1006769929937503,0.00397310237528479,1,0.18431597023468932,-2.0116546013694285
XRPUSDT,LONG,1787098500,1787102100,0.9979,0.9944428571428572,0.9996285714285714,TP2,0.3845404958677686,0.003464418135226833,1,0.27499999999999725,-2.7096088101339677
ZECUSDT,LONG,1787098500,1787116500,506.38,502.0885714285714,508.5257142857143,SL,-1.0471992010652464,0.008474719719239635,1,0.17523809523809508,-2.4640630736454465
BTCUSDT,LONG,1787101200,1787109300,64462.9,64310.91428571429,64538.89285714286,SL,-1.1696551555597317,0.0023577238114592352,1,0.22035663152414395,-2.1376328218835994
AVAXUSDT,SHORT,1787103000,1787120100,6.346,6.377000000000001,6.3305,TP2,0.4181161290322589,0.004884966908288738,1,0.19354838709677488,2.044535665685931
BILLUSDT,SHORT,1787103900,1787105700,0.01946,0.01975857142857143,0.01931071428571429,TP2,0.473929186602865,0.015342827778593438,1,0.1600000000000014,2.1294314590724746
SOLUSDT,LONG,1787103900,1787107500,76.7,76.34285714285714,76.87857142857143,TP2,0.41409600000000046,0.004656360588564004,1,0.10294117647058655,-2.3886756455565026
BILLUSDT,LONG,1787108400,1787112000,0.01903,0.018687142857142857,0.01920142857142857,TP2,0.47779833333333843,0.018016665415509343,1,0.23287671232876778,-2.039328093633926
LINKUSDT,SHORT,1787109300,1787110200,9.569,9.632000000000001,9.537500000000001,SL,-1.0607555555555555,0.006583760058522322,1,0.27891156462584904,2.632097691312847
SEIUSDT,SHORT,1787110200,1787114700,0.03867,0.03885857142857143,0.03857571428571429,TP2,0.41797272727272783,0.004876426909010339,1,0.1304347826086948,2.000391688376518
AAVEUSDT,SHORT,1787112000,1787114700,87.69,88.13285714285715,87.46857142857142,TP2,0.42079612903225866,0.005050258214815214,1,0.14782608695652066,2.2020018744010095
TAOUSDT,LONG,1787119200,1787120100,189.7,188.62857142857143,190.23571428571427,SL,-1.0708213333333336,0.0056480156638300865,1,0.2,-2.5855725062710717
SOLUSDT,LONG,1787120100,1787121000,76.62,76.30571428571429,76.77714285714286,TP2,0.4024836363636352,0.004101875675877194,1,0.12307692307692207,-2.139947627404115
DOTUSDT,SHORT,1787121000,1787122800,0.7593,0.7639857142857143,0.7569571428571429,SL,-1.064818292682927,0.006171097439370839,1,0.23756906077347897,3.195902620714165
XRPUSDT,SHORT,1787121000,1787122800,1.0016,1.0047428571428572,1.0000285714285715,SL,-1.1274763636363674,0.003137836604290186,1,0.2950819672131243,2.1024013232970793
ETHUSDT,SHORT,1787122800,1787129100,1916.71,1923.3285714285714,1913.4007142857142,SL,-1.1158382905244983,0.003453089632010799,1,0.14137633170170016,2.8321428161017708
TAOUSDT,SHORT,1787123700,1787142600,191.6,192.88571428571427,190.95714285714286,SL,-1.0596088888888888,0.006710408589322995,1,0.12121212121211873,2.031411380543773
SEIUSDT,LONG,1787128200,1787129100,0.03844,0.03821142857142858,0.038554285714285715,TP2,0.4327299999999999,0.005946187007581378,1,0.24770642201835424,-2.205224183304285
SOLUSDT,SHORT,1787128200,1787129100,77.15,77.50571428571429,76.97214285714287,SL,-1.0867550200803215,0.004610684195907776,1,0.10429447852760779,2.036003884308722
BILLUSDT,LONG,1787188500,1787211900,0.0199,0.019582857142857145,0.02005857142857143,SL,-1.0250990990990991,0.01593682699210337,1,0.14970059880239492,-2.190771200245566
SEIUSDT,SHORT,1787191200,1787193000,0.04147,0.04194571428571429,0.041232142857142856,TP2,0.46513033033033024,0.011471287333356273,1,0.16738197424892776,2.188771078780252
BTCUSDT,LONG,1787195700,1787198400,68975.5,68463.07142857143,69231.71428571429,TP2,0.44615795929747726,0.007429138917855926,1,0.06782319830211331,-2.3030149011184338
ETHUSDT,LONG,1787195700,1787196600,2228.35,2202.9942857142855,2241.027857142857,TP2,0.4648465829060793,0.011378694677996869,1,0.2537929796211531,-3.22171841372958
XLMUSDT,LONG,1787197500,1787202000,0.16666,0.16425571428571428,0.16786214285714285,TP2,0.4722728461081344,0.014426291337367766,1,0.27554744525547403,-2.4931343079346835
LABUSDT,SHORT,1787205600,1787208300,0.08191,0.08319857142857143,0.08126571428571429,TP2,0.4745733924611919,0.015731552051903634,1,0.2075471698113216,2.4462797057469228
SOLUSDT,SHORT,1787208300,1787213700,85.76,86.37142857142858,85.45428571428572,SL,-1.0561046728971963,0.007129530916844327,1,0.12422360248447495,2.394127872346812
LINKUSDT,SHORT,1787209200,1787210100,10.583,10.663142857142857,10.542928571428572,TP2,0.4471793226381462,0.00757279194395324,1,0.10800000000000015,2.4304956803125433
BILLUSDT,LONG,1787212800,1787213700,0.01957,0.019315714285714287,0.019697142857142858,TP2,0.46921573033707875,0.012993649171472423,1,0.1954022988505749,-2.134326641479721
XLMUSDT,SHORT,1787212800,1787213700,0.1698,0.17108285714285715,0.16915857142857144,SL,-1.0529443207126947,0.00755510684839308,1,0.160349854227403,2.0498825623134023
BILLUSDT,SHORT,1787214600,1787227200,0.01993,0.020235714285714287,0.019777142857142858,TP2,0.4739233644859757,0.015339402193391203,1,0.14999999999999972,2.170777184598051
ETHUSDT,SHORT,1787214600,1787215500,2277.66,2299.5042857142853,2266.737857142857,TP2,0.4582927996860896,0.009590670123848847,1,0.26333139422144897,2.34220449982508
TAOUSDT,SHORT,1787214600,1787221800,208.4,210.92857142857144,207.13571428571427,SL,-1.032967231638418,0.012133260213874487,1,0.29411764705882426,2.8035564644283286
NEARUSDT,LONG,1787228100,1787238000,1.728,1.7042857142857142,1.7398571428571428,SL,-1.0291469879518071,0.013723544973544987,1,0.06206896551724229,-2.154640289380421
BILLUSDT,LONG,1787229900,1787231700,0.01952,0.01918142857142857,0.019689285714285715,TP2,0.4769383966244776,0.017344847775175597,1,0.024691358024692495,-2.0697975491846123
LABUSDT,LONG,1787229900,1787232600,0.08075,0.07949142857142857,0.08137928571428571,TP2,0.474335981838814,0.015586023883237479,1,0.010886469673406044,-2.3043043685214815
ZECUSDT,SHORT,1787230800,1787233500,571.48,583.0657142857143,565.6871428571428,TP2,0.4802694944512996,0.020273175414212728,1,0.12935323383084593,2.260996729324435
ADAUSDT,SHORT,1787232600,1787233500,0.1936,0.19764285714285715,0.19157857142857143,TP2,0.48084522968197535,0.02088252656434474,1,0.22285714285714298,2.0191346320040506
BTCUSDT,LONG,1787236200,1787238900,71416.7,70620.9857142857,71814.55714285714,TP2,0.4640993249551166,0.011141851775765103,1,0.16880078798325487,-2.552048615846608
SOLUSDT,LONG,1787236200,1787238900,86.27,85.1842857142857,86.81285714285714,TP2,0.46821631578947376,0.012585073440527287,1,0.2571428571428571,-2.156267025297122
AVAXUSDT,SHORT,1787238900,1787240700,7.082,7.216428571428572,7.014785714285714,TP2,0.47892709883103085,0.018981724290958985,1,0.23777403035413086,3.056281732594361
SEIUSDT,SHORT,1787238900,1787245200,0.04265,0.04317571428571429,0.04238714285714286,SL,-1.0324510869565215,0.01232624351029986,1,0.12878787878787762,2.7208516530917772
SUIUSDT,SHORT,1787238900,1787245200,0.7376,0.75,0.7314,SL,-1.0237935483870968,0.016811279826464163,1,0.09646302250803862,2.758515353041414
BTCUSDT,SHORT,1787241600,1787268600,72438.3,73369.68571428572,71972.60714285714,SL,-1.0311099038299307,0.012857641803931289,1,0.13495295604549812,2.027864423917649
XLMUSDT,SHORT,1787246100,1787247900,0.18707,0.19143857142857143,0.18488571428571426,SL,-1.0171287115761936,0.02335260292174818,1,0.21769911504424777,3.1932627823133357
AAVEUSDT,SHORT,1787247000,1787249700,97.65,98.8157142857143,97.06714285714287,TP2,0.4664926470588173,0.011937678297125276,1,0.11151736745886676,2.070090940628538
AVAXUSDT,SHORT,1787270400,1787273100,7.292,7.388714285714285,7.2436428571428575,TP2,0.4698410635155049,0.013263067157746233,1,0.22144522144522188,2.2538998951246443
ETHUSDT,SHORT,1787271300,1787275800,2336.81,2356.76,2326.835,SL,-1.0468533333333332,0.008537279453614148,1,0.1085445406908354,2.337226692443212
SOLUSDT,SHORT,1787271300,1787272200,87.91,88.51571428571428,87.60714285714285,SL,-1.0580537735849056,0.006890163641386497,1,0.2615384615384676,2.4901291738651703
LINKUSDT,SHORT,1787273100,1787275800,10.767,10.878714285714285,10.711142857142857,TP2,0.46144808184143205,0.010375618623041257,1,0.22834645669291312,2.091814052421622
LABUSDT,LONG,1787276700,1787277600,0.0836,0.08152428571428572,0.08463785714285714,TP2,0.4838898830006915,0.024829118250170836,1,0.08239095315024333,-2.8564346829386777
HYPEUSDT,LONG,1787282100,1787283900,71.72,70.14828571428572,72.50585714285714,TP2,0.4817473186693328,0.02191458847900562,1,0.2646608873023984,-3.426403977942031
NEARUSDT,SHORT,1787283000,1787290200,1.793,1.8259999999999998,1.7765,SL,-1.0217333333333334,0.01840490797546013,1,0.22222222222222263,2.269468900324672
AVAXUSDT,SHORT,1787291100,1787297400,7.356,7.454428571428571,7.306785714285715,SL,-1.0298937590711177,0.013380719335042321,1,0.27814569536423756,2.3618009669626585
DOTUSDT,SHORT,1787292000,1787298300,0.8511,0.8594999999999999,0.8469,SL,-1.0405285714285715,0.009869580542826906,1,0.13119533527696645,2.1768825589301866
ETHUSDT,SHORT,1787292000,1787293800,2367.43,2388.712857142857,2356.7885714285712,TP2,0.4555054101221638,0.008989856993810596,1,0.24229359775813958,2.449114502266157
BILLUSDT,SHORT,1787295600,1787301900,0.02031,0.020651428571428574,0.020139285714285717,SL,-1.0237941422594141,0.016810860237743544,1,0.025316455696203673,2.0754763524972155
LABUSDT,SHORT,1787298300,1787299200,0.08536,0.08674142857142858,0.08466928571428572,TP2,0.4752835573939971,0.016183558709331924,1,0.2100538599640934,2.686349514634626
LABUSDT,LONG,1787300100,1787304600,0.08111,0.07898428571428572,0.08217285714285714,SL,-1.0152626344086022,0.02620779541011323,1,0.21169590643274722,-2.6702205095792557
BILLUSDT,SHORT,1787316300,1787318100,0.02091,0.021365714285714286,0.020682142857142857,TP2,0.4816463949843298,0.02179408348705337,1,0.23555555555555655,2.075299672954318
TAOUSDT,SHORT,1787316300,1787318100,229.5,234.77142857142857,226.86428571428573,TP2,0.4825853658536558,0.022969187675070012,1,0.21014492753623212,2.4206437745304186
LABUSDT,SHORT,1787317200,1787318100,0.08302,0.08468571428571428,0.08218714285714285,TP2,0.48006380789022723,0.020064012114120528,1,0.2350698856416761,2.3365688992973963
HYPEUSDT,SHORT,1787319000,1787319900,77.176,79.16585714285715,76.18107142857143,TP2,0.4844861224782827,0.02578336714596692,1,0.17816398336709605,2.7635196970099316
LINKUSDT,SHORT,1787324400,1787328900,11.512,11.701285714285715,11.417357142857144,TP2,0.47567275471697645,0.016442469969224674,1,0.12401055408970885,2.227875027079476
SOLUSDT,SHORT,1787324400,1787328000,91.86,93.08571428571429,91.24714285714286,TP2,0.4700223776223718,0.013343286367453555,1,0.13947990543735433,2.121727057864896
ADAUSDT,SHORT,1787325300,1787327100,0.2196,0.22525714285714285,0.21677142857142856,TP2,0.4844727272727273,0.025761124121779895,1,0.2531120331950204,2.2897143004356804
ETHUSDT,SHORT,1787332500,1787338800,2415.0,2445.3885714285716,2399.805714285714,TP2,0.46821173373448677,0.012583259390712849,1,0.2724060610178674,2.3542398825494075
DOTUSDT,SHORT,1787334300,1787337900,0.9057,0.9197714285714285,0.8986642857142857,TP2,0.4742542131979695,0.01553652265808606,1,0.18678160919540118,2.1164548003378947
XLMUSDT,SHORT,1787336100,1787337900,0.19438,0.19735571428571427,0.19289214285714285,TP2,0.47387114738358593,0.01530874722561105,1,0.27358490566037624,2.6441068491989363
AVAXUSDT,LONG,1787337900,1787340600,7.506,7.3754285714285714,7.571285714285715,TP2,0.4770056892778993,0.017395607323664873,1,0.11177347242921065,-2.42342932819132
TAOUSDT,LONG,1787337900,1787346900,226.3,221.85714285714286,228.52142857142857,TP2,0.4796257234726656,0.01963259895208637,1,0.12328767123287745,-2.4315159835834397
SEIUSDT,LONG,1787339700,1787343300,0.04644,0.04578714285714286,0.04676642857142857,TP2,0.4715466083150931,0.014058078011566355,1,0.08517350157728727,-2.287161623489482
BILLUSDT,LONG,1787341500,1787344200,0.02055,0.020215714285714285,0.020717142857142858,TP2,0.47541025641026163,0.016266944734098007,1,0.16564417177914328,-2.311480024429741
NEARUSDT,SHORT,1787346000,1787347800,1.92,1.952,1.904,SL,-1.024,0.016666666666666632,1,0.2676056338028177,2.1536759545243607
SOLUSDT,SHORT,1787346900,1787349600,92.26,93.36285714285715,91.70857142857143,SL,-1.0334621761658032,0.011953795175126215,1,0.20526315789473806,2.126456659465585
XLMUSDT,SHORT,1787346900,1787350500,0.19488,0.19829571428571427,0.19317214285714285,SL,-1.0228215809284817,0.017527269528501026,1,0.1509293680297372,2.378417197331502
ADAUSDT,SHORT,1787348700,1787350500,0.2239,0.22867142857142855,0.2215142857142857,SL,-1.0187700598802396,0.02131053403943086,1,0.22123893805309747,2.7862668149607526
AVAXUSDT,SHORT,1787350500,1787352300,7.82,7.937285714285714,7.761357142857143,TP2,0.47333008526187575,0.014998173182316398,1,0.24046434494195626,2.2310014423210016
LABUSDT,SHORT,1787360400,1787361300,0.08984,0.09188571428571429,0.08881714285714286,TP2,0.4824335195530726,0.02277063986770133,1,0.27153762268266074,2.180039305684827
HYPEUSDT,SHORT,1787364900,1787366700,78.866,80.484,78.057,SL,-1.0194971569839308,0.020515811629853158,1,0.2792947226643817,3.229536643242792
LINKUSDT,SHORT,1787369400,1787373000,12.396,12.609714285714286,12.289142857142858,TP2,0.4767989304812834,0.01724058452035219,1,0.15040650406504005,2.73051504970414
BILLUSDT,SHORT,1787373900,1787374800,0.02214,0.02258,0.021920000000000002,SL,-1.0201272727272728,0.019873532068653995,1,0.28286852589641365,2.41028720449028
ETHUSDT,SHORT,1787373900,1787374800,2527.46,2554.4500000000003,2513.965,TP2,0.4625422749166274,0.010678705103147048,1,0.10542141230068072,2.1493629701923997
AAVEUSDT,LONG,1787375700,1787376600,119.96,114.18428571428569,122.84785714285714,TP2,0.4916921098194398,0.04814700138141293,1,0.10909090909090932,-2.328142248761881
AVAXUSDT,LONG,1787375700,1787418900,7.654,7.301,7.8305,EXPIRED,-0.24380056657223864,0.04611967598641229,1,0.15912897822445557,-2.1671867102445037
BTCUSDT,LONG,1787375700,1787418900,77306.4,76412.27142857142,77753.46428571428,EXPIRED,-0.04006421575675587,0.011566035560167989,1,0.15895899644261588,-2.5238711118822357
NEARUSDT,LONG,1787393700,1787401800,1.888,1.8304285714285713,1.916785714285714,TP2,0.4868823821339931,0.030493341404358342,1,0.1245551601423492,-2.5000696175213553
BILLUSDT,SHORT,1787398200,1787402700,0.02111,0.021737142857142858,0.02079642857142857,SL,-1.0134642369020501,0.02970833051363611,1,0.27500000000000013,2.4921160994849934
AAVEUSDT,SHORT,1787401800,1787406300,126.2,130.28428571428572,124.15785714285714,TP2,0.487640433718085,0.032363595200362257,1,0.23767313019390657,2.1199906212517186
XRPUSDT,LONG,1787409900,1787417100,1.4568,1.4194285714285715,1.4754857142857143,TP2,0.4844073394495383,0.02565309484584604,1,0.21904761904761777,-2.3010216865095314
ZECUSDT,SHORT,1787416200,1787419800,812.07,832.9057142857143,801.6521428571428,SL,-1.015589962290024,0.025657534800835297,1,0.25676352705410777,2.923132783090454
DOTUSDT,SHORT,1787417100,1787419800,0.9378,0.9531,0.9301499999999999,TP2,0.47548235294118013,0.016314779270633392,1,0.21449275362318745,2.307381816213039
LABUSDT,SHORT,1787419800,1787429700,0.07657,0.0798342857142857,0.07493785714285714,TP2,0.49061724288840475,0.042631392376723413,1,0.05623901581722348,2.0256224555229356
HYPEUSDT,SHORT,1787420700,1787433300,78.973,80.25914285714286,78.32992857142857,TP2,0.47543880928579363,0.01628585538276192,1,0.23395102581072064,3.093136041811875
AVAXUSDT,LONG,1787433300,1787434200,7.5,7.425142857142857,7.537428571428571,TP2,0.4599236641221374,0.00998095238095238,1,0.050359712230215736,-2.705174820821725
BTCUSDT,LONG,1787433300,1787434200,77058.9,76788.17142857141,77194.26428571428,TP2,0.38614589203733474,0.0035132680511735363,1,0.0867848936546295,-2.4531399347115705
DOTUSDT,LONG,1787433300,1787435100,0.9206,0.9089857142857143,0.9264071428571428,SL,-1.0317057810578107,0.012615995779150199,1,0.14529914529914412,-3.1880216792193745
AAVEUSDT,SHORT,1787434200,1787435100,127.83,130.94857142857143,126.27071428571428,TP2,0.4836040311497962,0.02439624054268507,1,0.24882629107981133,2.067299344406919
LINKUSDT,LONG,1787435100,1787442300,11.562,11.411,11.6375,TP2,0.46937218543046355,0.013060024217263433,1,0.26578560939794466,-2.4178279546145656
SEIUSDT,LONG,1787435100,1787436900,0.0469,0.046279999999999995,0.047209999999999995,SL,-1.030258064516129,0.013219616204690865,1,0.13071895424836433,-2.551841534875286
ADAUSDT,LONG,1787436000,1787436900,0.2235,0.2187285714285714,0.2258857142857143,TP2,0.4812634730538923,0.021348673697667048,1,0.12741312741312755,-2.2972573081181737
HYPEUSDT,SHORT,1787445000,1787452200,80.122,81.80799999999999,79.279,TP2,0.4809912218268132,0.02104290956291654,1,0.12982552548426962,2.1169249218149835
SOLUSDT,SHORT,1787445900,1787449500,96.35,97.74285714285713,95.65357142857142,TP2,0.4723302564102564,0.014456223589591498,1,0.26752503576537795,3.3400558390200015
ADAUSDT,LONG,1787451300,1787454000,0.2228,0.21904285714285715,0.22467857142857142,TP2,0.4762798479087452,0.016863298281610664,1,0.25961538461538386,-2.6031053466134217
AVAXUSDT,LONG,1787451300,1787453100,7.438,7.351571428571428,7.481214285714286,TP2,0.46557619834710756,0.011619867091768182,1,0.20963855421686986,-2.0205776302830096
NEARUSDT,LONG,1787451300,1787454900,1.873,1.834,1.8925,SL,-1.0192102564102565,0.020822210357714872,1,0.2079207920792079,-2.043751995958876
AAVEUSDT,LONG,1787455800,1787476500,123.3,120.30857142857143,124.79571428571428,TP2,0.483512893982808,0.024261383385470958,1,0.2238532110091734,-2.207679252169553
LABUSDT,LONG,1787455800,1787459400,0.0721,0.07033714285714285,0.07298142857142857,TP2,0.48364019448946516,0.024450168416881326,1,0.19881889763779517,-2.015820471540642
SUIUSDT,LONG,1787455800,1787463000,0.7973,0.7786571428571428,0.8066214285714286,SL,-1.0171068199233717,0.023382487323287574,1,0.2917316692667695,-2.2493738450463416
BTCUSDT,LONG,1787461200,1787462100,76624.0,76253.57142857143,76809.21428571429,SL,-1.082740917855767,0.004834367449213891,1,0.2779936418226772,-2.5565938458064528
BILLUSDT,SHORT,1787469300,1787470200,0.02099,0.021422857142857143,0.02077357142857143,SL,-1.019396699669967,0.02062206492887768,1,0.16216216216216364,2.1609876211437626
ZECUSDT,SHORT,1787470200,1787472900,800.68,821.9142857142857,790.0628571428571,SL,-1.0150827771797633,0.026520314875213273,1,0.061964005314651245,2.0802148118476427
DOTUSDT,LONG,1787531400,1787536800,0.9163,0.903557142857143,0.9226714285714286,SL,-1.0287627802690584,0.013906861445876991,1,0.09448818897637835,-2.0757812920861713
SOLUSDT,LONG,1787531400,1787533200,94.5,93.06857142857143,95.21571428571428,TP2,0.4735928143712575,0.015147392290249426,1,0.14606741573033874,-2.593187424170767
ADAUSDT,LONG,1787532300,1787533200,0.222,0.21774285714285715,0.22412857142857143,TP2,0.4791409395973154,0.019176319176319172,1,0.0967741935483867,-2.3621604904327302
XRPUSDT,LONG,1787534100,1787555700,1.487,1.454357142857143,1.5033214285714287,TP2,0.4817785557986871,0.021952156787395535,1,0.08615188257817408,-2.0125148813338827
ZECUSDT,LONG,1787534100,1787538600,825.86,800.8142857142858,838.3828571428571,TP2,0.48681035820214463,0.030326828137595067,1,0.1878575382911974,-2.42795307515517
AAVEUSDT,SHORT,1787545800,1787547600,143.19,146.71142857142857,141.42928571428573,TP2,0.4837350101419838,0.02459269901130364,1,0.10805746408494575,2.606753751248932
LABUSDT,SHORT,1787548500,1787560200,0.07238,0.07407857142857144,0.07153071428571428,TP2,0.48295508830950384,0.023467414044921694,1,0.28119800332778616,2.3262827360453397
LINKUSDT,SHORT,1787548500,1787550300,11.582,11.741,11.502500000000001,TP2,0.47086289308176094,0.013728198929373136,1,0.16216216216216167,2.1999027453250024
BTCUSDT,SHORT,1787555700,1787557500,77736.2,78265.65714285713,77471.47142857143,TP2,0.4412710161351244,0.006810947060148789,1,0.12941176470588278,2.420978095581906
ETHUSDT,SHORT,1787555700,1787557500,2469.27,2495.2057142857143,2456.302142857143,TP2,0.46191706967777457,0.010503393426281525,1,0.20294672536160166,2.5287759839636936
SUIUSDT,LONG,1787557500,1787564700,0.8121,0.7932571428571429,0.8215214285714286,TP2,0.48276057619408647,0.023202631625239722,1,0.21141374837872823,-2.443165434596596
HYPEUSDT,LONG,1787559300,1787566500,78.171,76.75585714285715,78.87857142857143,TP2,0.4779044215626893,0.01810316942527098,1,0.1630918656414409,-3.2202386311149063
AAVEUSDT,LONG,1787560200,1787562900,138.08,133.97857142857146,140.1307142857143,TP2,0.486533472657614,0.029703277603045773,1,0.06284454244762903,-2.0489089092143784
BTCUSDT,SHORT,1787566500,1787569200,77827.5,78297.27142857143,77592.61428571428,TP2,0.4337316019948907,0.006036059600673613,1,0.2866185121751441,2.1805311574508868
ETHUSDT,SHORT,1787566500,1787567400,2481.99,2506.8599999999997,2469.555,TP2,0.4600805790108563,0.010020185415734911,1,0.26424192889251813,2.9261329301898216
TAOUSDT,SHORT,1787566500,1787568300,238.1,242.35714285714283,235.97142857142856,TP2,0.4776281879194664,0.01787964240715183,1,0.09016393442622955,2.0084982771708297
ADAUSDT,SHORT,1787571900,1787572800,0.2243,0.22792857142857142,0.2224857142857143,TP2,0.4752740157480315,0.016177313546907844,1,0.23232323232323346,3.161760290452838
AVAXUSDT,SHORT,1787571900,1787572800,7.574,7.659,7.531499999999999,TP2,0.4643576470588288,0.011222603644045447,1,0.20250521920667994,2.891145033878826
BILLUSDT,SHORT,1787571900,1787573700,0.02084,0.021187142857142856,0.02066642857142857,TP2,0.4759868312757251,0.01665752673430213,1,0.12162162162162118,2.166097137578502
ZECUSDT,SHORT,1787574600,1787579100,852.22,871.2328571428571,842.7135714285714,TP2,0.4820706589525915,0.02230979928053454,1,0.20531243196168145,2.5491649262083675
DOTUSDT,SHORT,1787576400,1787579100,0.922,0.9370857142857143,0.9144571428571429,TP2,0.475553030303034,0.016361946079950403,1,0.2778457772337813,2.059489402777161
NEARUSDT,SHORT,1787576400,1787578200,2.017,2.064857142857143,1.9930714285714284,TP2,0.4831414925373135,0.023726892839436266,1,0.11284046692606946,2.1278261159717693
BILLUSDT,LONG,1787579100,1787581800,0.02033,0.019965714285714288,0.020512142857142857,TP2,0.477676862745098,0.017918628346567354,1,0.1412429378531074,-2.5095956993957937
LABUSDT,LONG,1787580000,1787581800,0.06939,0.06742142857142856,0.07037428571428571,SL,-1.014099564586357,0.0283696703930167,1,0.22721749696233304,-2.0879508432158445
SOLUSDT,SHORT,1787585400,1787586300,97.27,99.09285714285714,96.35857142857142,TP2,0.4786554858934169,0.01874017829605368,1,0.2913752913752919,2.2727766891255485
BILLUSDT,SHORT,1787589000,1787590800,0.02102,0.021544285714285717,0.020757857142857144,TP2,0.48396294277928825,0.02494223188799787,1,0.08035714285714272,2.4723943651063753
AAVEUSDT,LONG,1787592600,1787597100,133.47,130.2942857142857,135.05785714285713,TP2,0.48318866396760685,0.023793468837298933,1,0.2593681116825867,-2.2501415170631365
ADAUSDT,LONG,1787592600,1787596200,0.2182,0.21284285714285714,0.22087857142857142,TP2,0.4837077333333307,0.02455152546811579,1,0.21232876712328747,-2.5477175665731733
DOTUSDT,LONG,1787592600,1787595300,0.8967,0.8780142857142857,0.9060428571428571,TP2,0.4808045871559603,0.020838311905558477,1,0.20969441517386614,-2.6460400628147296
LINKUSDT,SHORT,1787606100,1787607000,11.684,11.812571428571427,11.619714285714284,TP2,0.46364977777778454,0.011004059275199258,1,0.054597701149423125,2.022112276283515
SOLUSDT,SHORT,1787608800,1787611500,97.44,98.58714285714285,96.86642857142857,SL,-1.0339765877957658,0.011772812573305185,1,0.25000000000000117,2.087630353166577
AAVEUSDT,LONG,1787610600,1787616000,131.73,129.92999999999998,132.63,TP2,0.47072666666666674,0.01366431336825327,1,0.15448851774530145,-3.0573613560245856
DOTUSDT,LONG,1787610600,1787613300,0.8973,0.8877571428571428,0.9020714285714285,SL,-1.037611377245509,0.010635079842702708,1,0.019522776572668404,-2.052380694915789
BILLUSDT,LONG,1787617800,1787618700,0.02031,0.020075714285714287,0.02042714285714286,TP2,0.4653243902439023,0.011535485686150352,1,0.19101123595505654,-2.382987939522585
TAOUSDT,LONG,1787617800,1787619600,238.9,235.51428571428573,240.59285714285716,TP2,0.4717755274261645,0.014172098307719882,1,0.05583756345177664,-2.0035790815212735
AVAXUSDT,SHORT,1787618700,1787625000,7.6,7.6698571428571425,7.565071428571429,SL,-1.0435173824130881,0.009191729323308253,1,0.2803030303030285,2.803497818860404
XRPUSDT,SHORT,1787618700,1787621400,1.5089,1.5301,1.4983,TP2,0.4715301886792401,0.014049970176950127,1,0.29477196885428336,3.687741599554819
NEARUSDT,SHORT,1787619600,1787620500,1.969,1.997142857142857,1.9549285714285716,TP2,0.47201421319796955,0.014292969600232156,1,0.2452830188679235,2.498879207722655
AAVEUSDT,SHORT,1787625000,1787626800,136.09,138.51142857142855,134.87928571428571,TP2,0.4775190560472034,0.01779284717046485,1,0.1335968379446641,2.4706065003598154
BILLUSDT,SHORT,1787625000,1787626800,0.02055,0.020867142857142855,0.02039142857142857,TP2,0.4740810810810811,0.015432742440041709,1,0.14285714285714082,2.2933642591339787
DOTUSDT,SHORT,1787625900,1787626800,0.9174,0.9317428571428572,0.9102285714285714,TP2,0.4744151394422311,0.015634245850073215,1,0.18028169014084539,2.0755241175626398
LABUSDT,LONG,1787626800,1787633100,0.06816,0.06708,0.0687,TP2,0.47475555555555565,0.015845070422535263,1,0.13839285714285535,-2.064608205184095
AAVEUSDT,LONG,1787629500,1787632200,127.61,123.97857142857143,129.4257142857143,TP2,0.48594382376082024,0.02845724137158973,1,0.17831978319783257,-3.0475175546221656
LABUSDT,SHORT,1787634900,1787644800,0.06923,0.07023857142857143,0.06872571428571429,TP2,0.472543342776197,0.01456841583954101,1,0.054466230936818766,2.1719393090154435
TAOUSDT,SHORT,1787634900,1787641200,244.3,248.35714285714286,242.27142857142857,TP2,0.4759140845070458,0.016607215952283493,1,0.26066350710900515,2.354450514801068
SOLUSDT,SHORT,1787635800,1787636700,102.65,104.45142857142856,101.74928571428572,TP2,0.4772069785884258,0.01754923109039031,1,0.08787541713014535,2.1116384350283264
BILLUSDT,SHORT,1787639400,1787644800,0.02069,0.020951428571428572,0.020559285714285714,TP2,0.4683431693989071,0.012635503693986042,1,0.22368421052631776,3.198227707731875
ADAUSDT,LONG,1787641200,1787642100,0.2235,0.2203142857142857,0.22509285714285715,TP2,0.47193721973094166,0.014253755193352483,1,0.0046082949308750695,-2.1682670872197662
AVAXUSDT,LONG,1787641200,1787643000,7.582,7.507285714285715,7.619357142857143,TP2,0.4594080305927402,0.00985416588159927,1,0.0352422907488988,-2.251435614287052
NEARUSDT,LONG,1787641200,1787642100,1.937,1.903857142857143,1.9535714285714287,TP2,0.4766224137931068,0.01711040637215137,1,0.06787330316742121,-2.753109547192893
XLMUSDT,LONG,1787643900,1787644800,0.19595,0.19391857142857144,0.1969657142857143,SL,-1.0385836849507735,0.010367076149163443,1,0.24844720496894326,-2.0492413085160224
SEIUSDT,LONG,1787644800,1787646600,0.04753,0.04675571428571429,0.04791714285714286,TP2,0.47544575645756454,0.016290463166120626,1,0.14285714285714174,-2.2510882536004035
SOLUSDT,LONG,1787644800,1787660100,100.21,98.35714285714285,101.13642857142857,SL,-1.0216336160370085,0.01848974296833792,1,0.15885416666666852,-2.6316418012096054
BTCUSDT,LONG,1787645700,1787646600,79891.1,79308.11428571428,80182.59285714287,TP2,0.4451848660834621,0.007297254816690663,1,0.2627513265711285,-2.0914055960521134
HYPEUSDT,SHORT,1787646600,1787648400,81.712,82.82285714285715,81.15657142857143,TP2,0.4705769547325167,0.013594785868136165,1,0.2809095215537628,2.39065387416993
AAVEUSDT,LONG,1787652000,1787665500,129.17,126.87285714285711,130.31857142857143,TP2,0.47750771144278925,0.017783872858580685,1,0.09245283018868027,-2.132861915549696
LABUSDT,LONG,1787652000,1787654700,0.06776,0.06655714285714286,0.06836142857142857,TP2,0.4774669833729216,0.017751728790689824,1,0.2707182320441978,-2.4185109862030254
HYPEUSDT,LONG,1787656500,1787667300,80.093,78.63314285714286,80.82292857142858,TP2,0.4780545650259321,0.018227025368723136,1,0.20377002827521185,-2.527031175252058
XLMUSDT,LONG,1787661900,1787663700,0.19185,0.18943857142857143,0.19305571428571427,TP2,0.4681765402843602,0.012569343609218516,1,0.2304483837330545,-2.0044987771488545
LABUSDT,SHORT,1787662800,1787664600,0.06987,0.07118142857142858,0.06921428571428571,TP2,0.47868888888888883,0.018769551616266904,1,0.21031746031745735,2.6017187614603094
LINKUSDT,LONG,1787664600,1787665500,11.454,11.327,11.5175,TP2,0.463924409448812,0.011087829579186347,1,0.2955326460481124,-2.5166121576464704
LABUSDT,LONG,1787674500,1787675400,0.06758,0.06590428571428572,0.06841785714285714,TP2,0.48386837169650465,0.02479600896292223,1,0.16981132075471733,-2.3260337944996623
AAVEUSDT,LONG,1787678100,1787679900,127.17,124.71857142857144,128.3957142857143,TP2,0.4792496503496532,0.019276783607993796,1,0.09639727361246454,-2.608599284818677
ADAUSDT,LONG,1787679000,1787680800,0.2131,0.2100857142857143,0.21460714285714286,TP2,0.4717213270142133,0.014144935308708154,1,0.2916666666666674,-2.2442893013452316
SOLUSDT,SHORT,1787682600,1787686200,98.66,99.73142857142857,98.12428571428572,TP2,0.46316693333332665,0.010859807129825354,1,0.235059760956174,2.0101338934605852
BILLUSDT,LONG,1787687100,1787690700,0.01983,0.01958714285714286,0.01995142857142857,SL,-1.0326611764705882,0.012246956271162046,1,0.0714285714285712,-2.0277123346453605
BTCUSDT,LONG,1787687100,1787688900,78710.3,78257.91428571429,78936.49285714286,TP2,0.4304042567972971,0.005747477957595333,1,0.19197214506474441,-2.2865281663694415
ETHUSDT,LONG,1787687100,1787688900,2455.21,2439.2657142857142,2463.182142857143,TP2,0.43840526834513044,0.006494061898691245,1,0.2341672301104327,-2.160973052618059
SEIUSDT,LONG,1787689800,1787690700,0.04655,0.04607,0.04679,SL,-1.0387916666666668,0.01031149301825992,1,0.27272727272727393,-2.0845986254031654
TAOUSDT,LONG,1787689800,1787690700,231.2,228.22857142857143,232.68571428571428,SL,-1.031123076923077,0.012852199703410748,1,0.2131147540983619,-2.218225409961412
LABUSDT,SHORT,1787706000,1787715900,0.06946,0.07121999999999999,0.06857999999999999,TP2,0.48421363636364034,0.025338324215375754,1,0.10028116213683239,2.1449922329219384
AAVEUSDT,SHORT,1787711400,1787713200,128.44,130.0142857142857,127.65285714285714,TP2,0.46736551724137937,0.012256973795435363,1,0.2284122562674098,2.9949685996743463
ADAUSDT,SHORT,1787711400,1787715900,0.2127,0.2155142857142857,0.21129285714285714,TP2,0.46976852791878165,0.013231244542951132,1,0.20253164556962,2.0104892091848425
AAVEUSDT,SHORT,1787723100,1787725800,128.66,130.44571428571427,127.76714285714286,TP2,0.47118015999999996,0.013879327574337647,1,0.23831775700934402,2.172788511277626
BILLUSDT,SHORT,1787723100,1787736600,0.01985,0.020064285714285715,0.019742857142857142,TP2,0.4629466666666666,0.010795250089960401,1,0.2195121951219504,2.4270294239108843
ZECUSDT,SHORT,1787728500,1787731200,792.55,804.3085714285714,786.6707142857142,TP2,0.47303924189041435,0.01483637805636421,1,0.13051869722557244,2.1748576251815464
