symbol,direction,entry_time,exit_time,entry,sl,tp1,outcome,net_r,risk_pct,size_mult,eff_ratio,z
DOTUSDT,SHORT,1772035200,1772042400,1.516,1.5817142857142856,1.483142857142857,SL,-1.0276834782608697,0.04334715416509607,1,0.7110266159695826,1.1985145910141255
DOTUSDT,SHORT,1772050500,1772054100,1.624,1.679,1.5965,SL,-1.0354327272727273,0.033866995073891626,1,0.4621848739495807,2.0137118640378895
NEARUSDT,SHORT,1772053200,1772057700,1.2321,1.2625,1.2168999999999999,TP2,0.45136447368421423,0.02467332197061928,1,0.8028169014084513,1.862762472406509
SUIUSDT,LONG,1772064000,1772105400,0.9684,0.9437000000000001,0.98075,SL,-1.0470477732793524,0.02550598926063606,1,0.1219110378912673,-1.8251333148542377
ZECUSDT,LONG,1772064900,1772068500,244.88,238.9685714285714,247.8357142857143,TP2,0.4502901884968585,0.024140103607597923,1,0.4173228346456699,-1.9799955847793134
NEARUSDT,LONG,1772067600,1772091900,1.1661,1.126442857142857,1.1859285714285714,SL,-1.035285446685879,0.03400835507858926,1,0.1626898047722341,-1.3831491828563245
DOTUSDT,LONG,1772092800,1772096400,1.579,1.5335714285714284,1.6017142857142856,TP2,0.4582905660377335,0.02877046955577678,1,0.24107142857142805,-1.1955053690339523
DOTUSDT,SHORT,1772114400,1772117100,1.612,1.6521428571428571,1.5919285714285716,TP2,0.4518120996441281,0.0249025168380007,1,0.01136363636363635,0.6034116775348441
DOTUSDT,LONG,1772123400,1772148600,1.576,1.515857142857143,1.6060714285714286,TP2,0.46855486935866986,0.03816171138506164,1,0.007751937984496124,-1.2324573021328553
TAOUSDT,LONG,1772123400,1772125200,181.5,177.14285714285714,183.67857142857144,SL,-1.0499868852459016,0.024006296733569507,1,0.1772151898734183,-1.244138233007068
DOTUSDT,SHORT,1772166600,1772167500,1.66,1.7017142857142855,1.639142857142857,TP2,0.4522465753424683,0.025129087779690137,1,0.4032258064516111,1.6502062886799338
LABUSDT,SHORT,1772262000,1772263800,0.16094,0.16653857142857142,0.15814071428571427,SL,-1.0344959428425617,0.034786699568605896,1,0.11879699248120358,0.7581278638142146
DOTUSDT,LONG,1772262900,1772270100,1.511,1.471142857142857,1.5309285714285714,SL,-1.0454924731182795,0.026377989978254718,1,0.541899441340783,-1.324104275941035
TAOUSDT,LONG,1772262900,1772268300,171.5,167.22857142857143,173.63571428571427,SL,-1.048180602006689,0.024906289046230715,1,0.38999999999999857,-1.9925767927977462
ZECUSDT,LONG,1772262900,1772269200,208.26,203.09857142857143,210.84071428571428,SL,-1.0484191530584002,0.024783580963356245,1,0.6164032464758632,-2.119585352964547
DOTUSDT,SHORT,1772324100,1772327700,1.644,1.690142857142857,1.6209285714285713,TP2,0.457245820433439,0.028067431352102885,1,0.3269230769230762,0.7445938846588402
NEARUSDT,SHORT,1772324100,1772326800,1.1593,1.191542857142857,1.1431785714285714,TP2,0.456853699601244,0.027812349817007778,1,0.4251207729468584,0.6819588637674452
HYPEUSDT,SHORT,1772465400,1772469000,32.18,32.95757142857143,31.791214285714286,SL,-1.0496623185743157,0.024163189203586986,1,0.6021137705937204,2.28915989783239
SUIUSDT,SHORT,1772467200,1772473500,0.9448,0.9687714285714285,0.9328142857142857,TP2,0.452703694874851,0.025371960808031925,1,0.5270655270655256,1.7414336401296382
DOTUSDT,SHORT,1772469000,1772471700,1.575,1.616857142857143,1.5540714285714285,TP2,0.45484641638225,0.026575963718820914,1,0.29896907216494845,1.3329760887717041
AAVEUSDT,SHORT,1772470800,1772482500,124.44,128.19714285714286,122.56142857142856,TP2,0.4602549049429658,0.030192404830784756,1,0.542635658914728,1.306087439828318
LABUSDT,SHORT,1772474400,1772475300,0.16693,0.17243,0.16418,TP2,0.46357890909090915,0.03294794225124311,1,0.26760563380281793,2.1594312605417065
NEARUSDT,SHORT,1772485200,1772487000,1.3248,1.360942857142857,1.3067285714285715,SL,-1.0439854545454545,0.027281746031745976,1,0.10819165378670857,0.8591312816968357
NEARUSDT,SHORT,1772512200,1772515800,1.4091,1.451742857142857,1.3877785714285715,SL,-1.0396530653266332,0.030262477569269093,1,0.44837545126353656,1.3639636132784925
NEARUSDT,LONG,1772539200,1772540100,1.3301,1.2885285714285715,1.3508857142857145,TP2,0.46160536082474496,0.03125436325947567,1,0.09498956158663903,-1.1190228953097634
NEARUSDT,SHORT,1772563500,1772567100,1.385,1.4320428571428572,1.3614785714285715,TP2,0.46467051320983666,0.033965961835997954,1,0.19753086419753113,0.7012439844279469
LABUSDT,SHORT,1772574300,1772583300,0.18294,0.18767571428571428,0.18057214285714285,TP2,0.45364416289592757,0.02588670758562525,1,0.4862183020948218,1.023266716086559
NEARUSDT,LONG,1772605800,1772612100,1.3587,1.3250857142857144,1.3755071428571428,TP2,0.4514956226094347,0.02474003511760187,1,0.16688741721854253,-1.8749229759220716
TAOUSDT,SHORT,1772620200,1772622900,192.0,196.6142857142857,189.69285714285715,TP2,0.4500681114551083,0.024032738095238062,1,0.4462809917355368,1.0301462448153949
LABUSDT,SHORT,1772647200,1772655300,0.1961,0.2023842857142857,0.19295785714285713,TP2,0.46255421686747217,0.03204633204633209,1,0.6283636363636348,1.3241629374924808
LABUSDT,LONG,1772662500,1772685000,0.18605,0.18035571428571429,0.18889714285714285,SL,-1.0392077270446562,0.030606211847813553,1,0.3553060485331414,-2.0573253270469327
LABUSDT,SHORT,1772781300,1772784000,0.15075,0.15611,0.14807,SL,-1.03375,0.03555555555555553,1,0.10750660128253454,1.2359880644525325
TAOUSDT,SHORT,1772903700,1772907300,189.0,193.64285714285714,186.67857142857142,TP2,0.45115076923077235,0.024565381708238854,1,0.44086021505376227,1.1782408724897657
TAOUSDT,SHORT,1773032400,1773040500,196.9,202.82857142857142,193.93571428571428,TP2,0.46014554216867715,0.030109555249220054,1,0.4779661016949151,1.5005036668757161
LABUSDT,SHORT,1773079200,1773081000,0.15155,0.15535857142857143,0.14964571428571427,TP2,0.45224981245311324,0.025130791346561713,1,0.2766544117647054,1.530813077594388
LABUSDT,SHORT,1773138600,1773139500,0.14515,0.1499157142857143,0.14276714285714284,TP2,0.4634514388489238,0.03283302987057729,1,0.11111111111111147,0.20185549677805995
ZECUSDT,LONG,1773153000,1773153900,222.15,216.61,224.92000000000002,TP2,0.4518808664259953,0.024938104884087313,1,0.04432624113475188,-1.0466906246581427
ZECUSDT,SHORT,1773155700,1773163800,227.16,233.47571428571428,224.00214285714287,TP2,0.45683908617959507,0.02780293311196636,1,0.13313313313313357,0.7855685760454008
LABUSDT,SHORT,1773391500,1773396000,0.1689,0.17446857142857142,0.16611571428571428,SL,-1.0363971267316572,0.032969635456313956,1,0.6321031048623318,1.1438581880284207
TAOUSDT,SHORT,1773409500,1773414900,246.2,252.32857142857142,243.13571428571427,TP2,0.45179300699300695,0.024892654055935912,1,0.4537815126050405,1.8103479061984884
TAOUSDT,SHORT,1773459900,1773469800,244.6,250.6285714285714,241.5857142857143,TP2,0.45131184834123217,0.024646653428337773,1,0.42750929368029683,2.1036596991093672
LABUSDT,SHORT,1773489600,1773504000,0.18621,0.1909242857142857,0.18385285714285712,SL,-1.047398909090909,0.025317038366820872,1,0.26449098879688154,1.6772880804945622
LABUSDT,SHORT,1773507600,1773512100,0.19404,0.20010285714285714,0.19100857142857142,TP2,0.46159434495758717,0.031245398592337353,1,0.39347408829174546,2.038152140252735
TAOUSDT,SHORT,1773534600,1773535500,249.1,255.68571428571428,245.80714285714285,TP2,0.45461084598698487,0.02643803406549295,1,0.40377358490565907,1.3548052607396441
LABUSDT,SHORT,1773567000,1773571500,0.2024,0.20762142857142857,0.1997892857142857,TP2,0.4534839945280465,0.02579757199322419,1,0.3739940703091909,1.8211006689811957
LABUSDT,SHORT,1773588600,1773597600,0.2063,0.21140142857142857,0.20374928571428574,TP2,0.45147241668999993,0.02472820441797653,1,0.266985645933012,1.8378391183436906
TAOUSDT,SHORT,1773602100,1773603900,286.1,295.65714285714284,281.3214285714286,TP2,0.464077130044843,0.03340490338043637,1,0.3542074363992167,1.4645355317961248
TAOUSDT,LONG,1773624600,1773638100,276.7,267.97142857142853,281.0642857142857,TP2,0.4619594108019608,0.03154525272342407,1,0.22005571030640814,-1.9220948990878954
DOTUSDT,SHORT,1773649800,1773657900,1.598,1.6391428571428572,1.5774285714285714,TP2,0.4533916666666694,0.025746468800286113,1,0.6470588235294124,1.2766719569683436
TAOUSDT,SHORT,1773663300,1773669600,288.0,298.3,282.85,SL,-1.0335533980582525,0.0357638888888889,1,0.35452322738386327,0.8330439796136844
LABUSDT,LONG,1773680400,1773681300,0.18312,0.17216142857142858,0.18859928571428572,TP2,0.47994775127102074,0.059843662235536395,1,0.10926258992805765,-1.6675477241578318
TAOUSDT,LONG,1773680400,1773686700,286.1,276.7714285714286,290.76428571428573,SL,-1.0368030627871363,0.032605981924402,1,0.06535947712418272,-1.107142110578282
ZECUSDT,SHORT,1773701100,1773705600,284.53,293.62571428571425,279.98214285714283,TP2,0.4624618815768809,0.03196750530950798,1,0.5701468189233285,1.3439024984483712
ZECUSDT,SHORT,1773772200,1773773100,278.24,285.7842857142857,274.46785714285716,TP2,0.4557429274758569,0.02711431035899121,1,0.3402061855670117,1.699877535837784
HYPEUSDT,SHORT,1773856800,1773858600,43.236,44.412142857142854,42.647928571428565,TP2,0.4558869913761721,0.027202860050487044,1,0.4140211640211657,1.737047386842716
TAOUSDT,SHORT,1773966600,1773980100,278.9,289.5142857142857,273.5928571428571,SL,-1.0315310901749664,0.03805767556215744,1,0.5407407407407411,1.1008609837526768
TAOUSDT,SHORT,1773984600,1773987300,303.9,316.85714285714283,297.4214285714285,TP2,0.4718549062844565,0.04263620551873269,1,0.4515050167224075,2.0564940223134247
TAOUSDT,LONG,1774002600,1774007100,288.5,277.9571428571429,293.77142857142854,SL,-1.0328373983739838,0.03654369893537994,1,0.280575539568345,-1.3967571658194724
LABUSDT,LONG,1774149300,1774151100,0.20871,0.20307714285714284,0.2115264285714286,TP2,0.45553730661932545,0.026988918321389267,1,0.4369794558578568,-1.4767662669471873
LABUSDT,SHORT,1774169100,1774170000,0.2276,0.23453142857142856,0.2241342857142857,TP2,0.4605968672712304,0.03045443133316596,1,0.5823380383640958,1.7038056478174441
LABUSDT,LONG,1774188900,1774197900,0.22219,0.21493142857142858,0.22581928571428572,TP2,0.4632671521354083,0.03266830833327975,1,0.2312000000000001,-1.1104360197408782
TAOUSDT,SHORT,1774275300,1774281600,286.4,297.88571428571424,280.65714285714284,TP2,0.47007761194029846,0.04010375099760565,1,0.521850899742932,1.1275368091307763
ZECUSDT,SHORT,1774275300,1774286100,231.2,240.18285714285713,226.70857142857142,TP2,0.4691145038167939,0.038853188334157227,1,0.36822022349414046,1.3252400965371196
TAOUSDT,SHORT,1774314000,1774320300,297.4,305.15714285714284,293.52142857142854,SL,-1.046006629834254,0.026083197233163644,1,0.39939939939940233,2.1274746770861857
LABUSDT,LONG,1774341000,1774344600,0.20543,0.20034714285714286,0.20797142857142856,SL,-1.0484994940978078,0.024742526129859957,1,0.14143508917461756,-1.791866000285589
TAOUSDT,SHORT,1774377000,1774380600,317.7,327.8285714285714,312.6357142857143,SL,-1.0376400564174895,0.031880929897927006,1,0.2808398950131233,1.2375019076780445
ZECUSDT,SHORT,1774396800,1774408500,241.97,248.0542857142857,238.92785714285714,TP2,0.45227640291148385,0.025144793628489922,1,0.6097369454259914,1.09696352399704
TAOUSDT,SHORT,1774398600,1774407600,336.6,347.72857142857146,331.0357142857143,TP2,0.46370423620025936,0.033061709532297805,1,0.18783542039356038,1.1143697091524953
TAOUSDT,SHORT,1774429200,1774435500,346.5,354.90000000000003,342.3,SL,-1.0494999999999999,0.02424242424242427,1,0.4565826330532218,1.3975694914406014
TAOUSDT,LONG,1774476000,1774485900,348.7,338.0857142857143,354.00714285714287,TP2,0.46057765814266755,0.030439591953787523,1,0.3742574257425738,-0.9152357747452018
TAOUSDT,LONG,1774511100,1774530900,338.3,329.18571428571425,342.8571428571429,TP2,0.4554589341692791,0.026941429838267014,1,0.32635983263598245,-0.5436039459875793
TAOUSDT,LONG,1774610100,1774615500,326.2,317.57142857142856,330.5142857142857,SL,-1.0453655629139074,0.02645178242971007,1,0.26721763085399325,-1.1317755961345375
LABUSDT,SHORT,1774680300,1774707300,0.21635,0.22253142857142855,0.2132592857142857,SL,-1.042,0.02857142857142854,1,0.4475321443384497,1.844016218437641
TAOUSDT,SHORT,1774831500,1774837800,320.2,328.37142857142857,316.1142857142857,SL,-1.0470223776223777,0.025519764432943667,1,0.1253333333333336,1.6102169700605624
ZECUSDT,SHORT,1774959300,1774965600,251.65,260.9614285714286,246.99428571428572,TP2,0.4675688861613977,0.03700150435695836,1,0.47036082474226726,1.6840677856613429
ZECUSDT,SHORT,1774979100,1775007900,250.06,258.9642857142857,245.60785714285714,TP2,0.46630027274185787,0.03560859679391234,1,0.0010139931048471188,0.42247143297961764
ZECUSDT,LONG,1775102400,1775109600,238.93,232.45857142857142,242.1657142857143,SL,-1.0443049006622516,0.027085039850284924,1,0.45713471945314693,-1.5921974116225728
LABUSDT,LONG,1775157300,1775170800,0.19551,0.19074571428571427,0.19789214285714285,SL,-1.0492438980509744,0.024368501428498373,1,0.5714285714285698,-1.1965030281490665
LABUSDT,SHORT,1775308500,1775313900,0.20852,0.2147214285714286,0.20541928571428572,TP2,0.45965058742225295,0.029740209914773524,1,0.44042553191489536,1.4179669178603334
LABUSDT,SHORT,1775328300,1775330100,0.22228,0.22907857142857144,0.2188807142857143,TP2,0.4607658751838622,0.03058561916758787,1,0.530467289719626,1.7355556469596203
LABUSDT,SHORT,1775370600,1775373300,0.22141,0.2268042857142857,0.21871285714285715,SL,-1.049254343220339,0.024363333698955388,1,0.189375307427449,2.293982167808447
LABUSDT,SHORT,1775483100,1775486700,0.27929,0.29009999999999997,0.273885,SL,-1.0310035152636448,0.03870528840989653,1,0.5862068965517234,1.6102741542976475
LABUSDT,SHORT,1775590200,1775592000,0.35058,0.3630842857142857,0.34432785714285713,SL,-1.0336441448646179,0.035667424594345694,1,0.458244526254602,2.6826442742740455
ZECUSDT,SHORT,1775599200,1775603700,309.35,321.9585714285715,303.0457142857143,SL,-1.0294418762746431,0.04075827195271195,1,0.6471731734974893,2.5460896749484783
TAOUSDT,SHORT,1775603700,1775614500,334.7,342.7571428571428,330.6714285714286,SL,-1.0498489361702128,0.024072730376883317,1,0.7507788161993798,1.865301068709914
AVAXUSDT,SHORT,1775605500,1775608200,9.516,9.748142857142856,9.399928571428571,TP2,0.4508096000000037,0.02439500390320057,1,0.7011128775834651,1.7982827489330417
ZECUSDT,SHORT,1775616300,1775620800,322.71,333.4471428571428,317.34142857142854,TP2,0.4639334220329989,0.03327180086499598,1,0.3255701115963122,1.406268592565927
LABUSDT,LONG,1775647800,1775653200,0.36577,0.34796428571428567,0.37467285714285714,SL,-1.0246507381258023,0.04868008389346939,1,0.10948012232415891,-1.4387846503633464
LABUSDT,SHORT,1775666700,1775669400,0.35841,0.39427285714285715,0.3404785714285714,SL,-1.0119926864244742,0.10006098363008047,1,0.05077567101699113,0.3877472660430036
LABUSDT,SHORT,1775730600,1775746800,0.37266,0.38867285714285715,0.3646535714285714,SL,-1.027927058613614,0.042969079436637005,1,0.0970428987921696,1.322597052434524
LABUSDT,SHORT,1775795400,1775799900,0.46996,0.4979571428571429,0.4559614285714286,TP2,0.47985680171445966,0.059573459139379656,1,0.5343091456451772,1.7549546271168324
LABUSDT,LONG,1775815200,1775816100,0.4439,0.4122928571428572,0.45970357142857143,TP2,0.4831468474576271,0.07120329546551665,1,0.1902894802702929,-1.7910661862109258
TAOUSDT,SHORT,1775835000,1775835900,271.0,277.92857142857144,267.5357142857143,TP2,0.45306391752577313,0.025566684238270927,1,0.10034602076124458,1.6300124139333925
ZECUSDT,LONG,1775840400,1775850300,374.11,362.6457142857143,379.84214285714285,TP2,0.46084082242990404,0.030644157371590475,1,0.1297709923664108,-1.4230489708772267
LABUSDT,LONG,1775920500,1775921400,0.50006,0.48115285714285705,0.5095135714285713,SL,-1.0317378466188136,0.03780974854446043,1,0.14578146611341677,-1.6067384460858973
LABUSDT,LONG,1775942100,1775944800,0.44379,0.4186714285714286,0.45634928571428574,TP2,0.47879863504521414,0.056600129404834346,1,0.08329984499684233,-1.3825036443735843
LABUSDT,LONG,1775958300,1775967300,0.43643,0.4131885714285714,0.44805071428571425,TP2,0.47746627328047087,0.05325350817182266,1,0.03228429698300422,-0.4915104571380079
TAOUSDT,LONG,1775959200,1775988000,264.3,257.8571428571429,267.5214285714286,TP2,0.4507733924612017,0.024377060699421603,1,0.19867549668874143,-2.1204327356981145
LABUSDT,SHORT,1776097800,1776100500,0.58893,0.6211042857142857,0.5728428571428571,TP2,0.4780347571263653,0.0546317655991131,1,0.04600954152179158,0.4945535319577287
LABUSDT,LONG,1776153600,1776155400,0.58375,0.5322185714285714,0.6095157142857143,TP2,0.4864063539587492,0.08827653716732953,1,0.3362246062542796,-1.1123349443629575
LABUSDT,LONG,1776211200,1776213000,0.48073,0.4671042857142857,0.4875428571428571,SL,-1.0423373034179073,0.028343798568248858,1,0.467675812046673,-1.8108499847161847
LABUSDT,SHORT,1776232800,1776238200,0.46894,0.5225185714285715,0.4421507142857143,TP2,0.4894971443807492,0.11425464116639959,1,0.017976449743457187,1.1660756654297892
LABUSDT,SHORT,1776261600,1776262500,0.471,0.4946142857142857,0.4591928571428571,TP2,0.476065335753176,0.05013648771610552,1,0.056310679611650254,1.035364208161418
LABUSDT,LONG,1776267900,1776273300,0.4617,0.4338142857142857,0.47564285714285715,SL,-1.019868237704918,0.06039790835112472,1,0.11088911088911091,0.13520481029532747
LABUSDT,SHORT,1776316500,1776319200,0.5004,0.5213428571428571,0.4899285714285714,TP2,0.4713276944065484,0.0418522324997145,1,0.0684371807967317,0.026677597807162834
AAVEUSDT,SHORT,1776356100,1776358800,109.51,112.30428571428571,108.11285714285715,TP2,0.4529711656441717,0.025516260745920102,1,0.2923076923076914,1.7582692093454897
DOTUSDT,SHORT,1776356100,1776357000,1.32,1.3542857142857143,1.302857142857143,TP2,0.4538,0.025974025974025976,1,0.38666666666666555,1.8959862017726814
LABUSDT,LONG,1776356100,1776357000,0.4849,0.45985714285714285,0.49742142857142857,TP2,0.4767646320593269,0.051645405532805014,1,0.00649350649350638,-0.7167484230413544
LABUSDT,SHORT,1776415500,1776416400,0.5153,0.5397,0.5031,SL,-1.0253426229508196,0.047351057636328325,1,0.2576576576576571,0.9022891492820471
LABUSDT,SHORT,1776429000,1776430800,0.5619,0.6076428571428572,0.5390285714285714,TP2,0.48525933791380266,0.08140746955482675,1,0.19273301737756707,0.8644430526491638
LABUSDT,SHORT,1776447900,1776453300,0.5723,0.6012857142857143,0.557807142857143,TP2,0.476306949236075,0.05064776216270187,1,0.23588039867109564,1.7432338711838373
LABUSDT,LONG,1776528900,1776532500,0.5543,0.5308857142857143,0.5660071428571428,SL,-1.028408297742526,0.042241179351047604,1,0.3879941434846273,-1.9881163955806074
LABUSDT,SHORT,1776562200,1776566700,0.5246,0.5420999999999999,0.5158499999999999,SL,-1.0359725714285715,0.03335874952344645,1,0.11950970377936602,1.454893136438167
AAVEUSDT,LONG,1776568500,1776573900,95.78,93.04428571428572,97.14785714285715,SL,-1.0420131592689295,0.028562479491692237,1,0.8029029793735649,-1.3259826056579807
LABUSDT,SHORT,1776585600,1776587400,0.5681,0.5937000000000001,0.5553,SL,-1.0266296875,0.0450624889984158,1,0.17133443163097223,1.4827390520786834
LABUSDT,LONG,1776647700,1776648600,0.5269,0.5037142857142858,0.5384928571428571,TP2,0.47272975970424896,0.04400401268877254,1,0.4311926605504581,-1.2698535458926439
LABUSDT,SHORT,1776663000,1776664800,0.547,0.5802,0.5304,TP2,0.4802289156626523,0.060694698354661826,1,0.11145833333333317,1.3773887330005596
LABUSDT,LONG,1776766500,1776778200,0.552,0.5332142857142858,0.5613928571428571,TP2,0.4647391634980959,0.03403209109730847,1,0.30339805825242777,-1.8655276504934466
LABUSDT,SHORT,1776783600,1776788100,0.5682,0.5867571428571429,0.5589214285714286,TP2,0.46325727482679285,0.03265952632372907,1,0.20148331273176964,1.6488557359043616
ZECUSDT,LONG,1776786300,1776797100,320.03,311.7085714285714,324.19071428571425,SL,-1.0461502489270387,0.026002026595720887,1,0.004494382022472092,-1.6390374921908062
LABUSDT,LONG,1776839400,1776841200,0.5702,0.5439714285714286,0.5833142857142858,TP2,0.4739124183006536,0.04599889762990431,1,0.3166547533952821,-1.4642427437880878
LABUSDT,LONG,1776865500,1776866400,0.5493,0.5313571428571429,0.5582714285714285,TP2,0.46326337579617527,0.03266495019635381,1,0.23379629629629675,-1.252809320927695
LABUSDT,SHORT,1776888900,1776900600,0.578,0.5956428571428571,0.5691785714285714,TP2,0.4606866396761102,0.03052397429560058,1,0.33118971061093033,1.7638100484079322
LABUSDT,LONG,1776904200,1776909600,0.5703,0.5559571428571429,0.5774714285714286,TP2,0.45228565737052184,0.02514967059943389,1,0.04221635883904976,-1.3499641696497575
LABUSDT,SHORT,1776928500,1776932100,0.6141,0.6324428571428572,0.6049285714285714,SL,-1.0401747663551402,0.029869495428850625,1,0.3477321814254868,1.5786152421733264
LABUSDT,SHORT,1776946500,1776948300,0.6757,0.7104857142857143,0.6583071428571429,TP2,0.47669043121149735,0.051481003826719364,1,0.4980392156862752,1.9955290646469714
LABUSDT,LONG,1777011300,1777023000,0.7252,0.6029428571428571,0.7863285714285714,TP2,0.4928818882916569,0.1685840359309747,1,0.12359072537757927,-1.8491714627206497
LABUSDT,SHORT,1777055400,1777056300,0.7461,0.8002857142857143,0.7190071428571428,TP2,0.4834768257316109,0.07262527045397972,1,0.4260724698042481,1.5992556919846492
LABUSDT,LONG,1777092300,1777098600,0.7225,0.6865714285714286,0.7404642857142858,TP2,0.4758687872763435,0.049728126544735594,1,0.12096774193548392,-0.03547511634440302
LABUSDT,SHORT,1777113000,1777115700,0.7359,0.7762142857142856,0.7157428571428571,SL,-1.0219048901488306,0.05478228796614443,1,0.05,-0.24083616116278742
LABUSDT,LONG,1777129200,1777135500,0.7231,0.6829428571428571,0.7431785714285714,TP2,0.47839188900746926,0.055534701780034404,1,0.2883675464320628,-1.5131586950716942
LABUSDT,LONG,1777176900,1777181400,0.8115,0.7257571428571429,0.8543714285714286,TP2,0.4886427857380873,0.1056597130534284,1,0.19042357274401464,-1.26122713149719
LABUSDT,SHORT,1777191300,1777214700,0.895,0.9864428571428572,0.8492785714285714,TP2,0.4882549601624746,0.10217079010375099,1,0.1827242524916939,0.7666888130402706
LABUSDT,LONG,1777239900,1777241700,0.7498,0.7011714285714287,0.7741142857142858,TP2,0.4814972972972984,0.06485539000876418,1,0.29172200088534717,-1.2307549370426019
LABUSDT,LONG,1777311000,1777311900,0.6025,0.5421,0.6327,TP2,0.4880298013245033,0.10024896265560164,1,0.5070603337612318,-1.6419279671448401
LABUSDT,LONG,1777364100,1777373100,0.6851,0.6617571428571429,0.6967714285714286,SL,-1.0352193390452877,0.03407218966991263,1,0.4112903225806448,-1.2435659264321637
LABUSDT,SHORT,1777380300,1777383000,0.7139,0.7411,0.7002999999999999,TP2,0.4685044117647079,0.03810057431012747,1,0.2542901716068638,2.349331551857475
LABUSDT,SHORT,1777426200,1777434300,0.6864,0.7089428571428572,0.6751285714285714,TP2,0.4634615969581749,0.032842157842157854,1,0.3620689655172423,2.0533818317292716
LABUSDT,LONG,1777524300,1777538700,0.6671,0.6488857142857143,0.6762071428571429,TP2,0.45604988235294114,0.027303681178662404,1,0.027906976744185602,-1.2556496694285901
LABUSDT,SHORT,1777635000,1777653000,0.6965,0.7178428571428571,0.6858285714285715,TP2,0.46083935742971877,0.03064301097323344,1,0.1801692865779928,0.9957590763640782
LABUSDT,SHORT,1777686300,1777688100,1.1844,1.3711714285714285,1.0910142857142857,TP2,0.492390270766406,0.15769286437979446,1,0.3467711832773426,0.7029251514781829
LABUSDT,SHORT,1777723200,1777731300,2.1351,2.464985714285714,1.970157142857143,SL,-1.0077666897626885,0.15450597830814208,1,0.5153049824979518,0.9053018445955454
LABUSDT,SHORT,1777736700,1777738500,2.7506,3.095157142857143,2.5783214285714284,SL,-1.009579601144326,0.12526617569153745,1,0.585511145272867,1.5307578838022193
LABUSDT,LONG,1777745700,1777747500,2.4494,1.713585714285714,2.8173071428571426,SL,-1.0039945949094298,0.3004059303152959,1,0.06941271829636732,-0.8583432461548388
LABUSDT,LONG,1777773600,1777816800,1.3911,0.5921142857142857,1.790592857142857,EXPIRED,0.1312046988145685,0.5743553405835053,1,0.43582779543484546,-1.448477474191802
LABUSDT,LONG,1777855500,1777856400,2.0728,1.5749571428571427,2.3217214285714287,TP2,0.4950037246405925,0.24017891602800912,1,0.13098186199049594,-1.5900328039275624
LABUSDT,LONG,1777889700,1777896000,1.7137,1.4511571428571428,1.8449714285714287,SL,-1.0078327783219065,0.15320234413424594,1,0.41539191272382303,-1.2225160265229604
LABUSDT,SHORT,1777969800,1777970700,2.4836,2.7503714285714285,2.350214285714286,TP2,0.4888281889257792,0.10741320203391391,1,0.6686889113582745,2.146388925241377
LABUSDT,SHORT,1778005800,1778015700,2.5935,2.8631428571428574,2.4586785714285715,SL,-1.0115419337748344,0.10396871299126942,1,0.13732505524571195,0.5850271408249633
ZECUSDT,SHORT,1778039100,1778045400,524.11,538.8842857142857,516.7228571428572,SL,-1.0425693676271512,0.028189284147003026,1,0.2539899680802554,0.872244805695511
LABUSDT,SHORT,1778056200,1778058000,3.1534,3.4430571428571426,3.0085714285714285,SL,-1.0130639968435589,0.09185550290389506,1,0.44753028890959906,1.5222269764833376
NEARUSDT,SHORT,1778064300,1778067900,1.429,1.4672857142857143,1.409857142857143,SL,-1.044789552238806,0.02679196241127664,1,0.6184971098265901,1.170320191473021
LABUSDT,SHORT,1778112900,1778113800,4.4723,4.839514285714285,4.288692857142857,TP2,0.4853852091032861,0.08210859864371481,1,0.2708445690863985,1.3806089842908504
LABUSDT,LONG,1778132700,1778133600,4.4665,4.200828571428572,4.599335714285714,SL,-1.0201745442813357,0.05948089747485251,1,0.04391961881085609,-0.2050554441850991
ZECUSDT,SHORT,1778141700,1778153400,563.31,580.8614285714285,554.5342857142857,SL,-1.0385137880514406,0.031157672633946806,1,0.33796356965011015,1.5696837708564457
BILLUSDT,SHORT,1778167800,1778170500,0.07979,0.08649714285714286,0.07643642857142857,SL,-1.0142755271565496,0.0840599430648309,1,0.26568758344459303,1.1498064636817633
LABUSDT,LONG,1778220900,1778234400,4.5701,4.314628571428572,4.697835714285715,SL,-1.0214666666666667,0.05590062111801241,1,0.09977220956719811,-0.5707549584282063
BILLUSDT,SHORT,1778231700,1778233500,0.08349,0.08978571428571427,0.08034214285714285,TP2,0.48408631722260154,0.07540680663210307,1,0.30062248260710345,1.2470168930580712
LABUSDT,SHORT,1778242500,1778243400,4.1865,4.512657142857142,4.023421428571428,TP2,0.484596995313391,0.07790687754858301,1,0.28140654159709205,-2.1984919952328146
ZECUSDT,SHORT,1778262300,1778264100,580.96,596.6071428571429,573.1364285714286,TP2,0.4554454122158313,0.02693325333438249,1,0.08724445724157884,0.65122344451452
ZECUSDT,SHORT,1778280300,1778288400,612.2,629.2314285714286,603.6842857142858,TP2,0.4568656265727194,0.027820040136276692,1,0.526702458321562,2.397771122839521
BILLUSDT,SHORT,1778288400,1778289300,0.09293,0.10021857142857143,0.08928571428571429,TP2,0.48469988239905826,0.0784307697037709,1,0.046567781993791094,-0.05672294176030505
LABUSDT,SHORT,1778293800,1778337000,4.1379,4.447285714285714,3.983207142857143,EXPIRED,-0.029301546843977254,0.07476877505152715,1,0.021372516279846255,-0.08810253670277321
BILLUSDT,SHORT,1778308200,1778309100,0.09659,0.10086999999999999,0.09444999999999999,TP2,0.4729186915887867,0.04431100528004966,1,0.32046642541214293,1.8290013078800789
ZECUSDT,LONG,1778315400,1778316300,608.11,593.1557142857143,615.5871428571429,TP2,0.45120248376003436,0.0245914155568659,1,0.06877814004036542,-1.2731105218984815
BILLUSDT,SHORT,1778338800,1778343300,0.10525,0.11193857142857143,0.10190571428571428,SL,-1.0188829560017088,0.06354937224295894,1,0.4294003868471958,1.2895526374053923
LABUSDT,SHORT,1778344200,1778346000,4.4062,4.5858428571428576,4.316378571428571,TP2,0.47056693439363817,0.04077047277537497,1,0.4343470483005373,1.851620328527287
BILLUSDT,LONG,1778397300,1778400000,0.10097,0.09184285714285714,0.10553357142857143,TP2,0.48672487087181093,0.09039460094228838,1,0.36460321788928224,-2.3229738436826133
BILLUSDT,SHORT,1778411700,1778417100,0.11778,0.12600142857142857,0.11366928571428571,TP2,0.48280882710686357,0.06980326516750353,1,0.2421545667447307,1.3723485115228962
SUIUSDT,SHORT,1778415300,1778418000,1.1364,1.165457142857143,1.1218714285714286,TP2,0.4530690265486726,0.025569467491325992,1,0.31978319783197784,0.6966007402321158
LABUSDT,LONG,1778427900,1778428800,4.6978,4.370471428571428,4.861464285714286,TP2,0.4827776720638939,0.06967699166175044,1,0.3336922248711832,-0.936338823790681
SUIUSDT,SHORT,1778431500,1778433300,1.2415,1.2846142857142857,1.2199428571428572,SL,-1.0345546719681908,0.034727576088832667,1,0.48037190082644615,1.804057799381858
SUIUSDT,SHORT,1778443200,1778445900,1.3841,1.459657142857143,1.3463214285714287,TP2,0.47801769710720365,0.05458936699454002,1,0.684075616789492,1.167286447184638
ZECUSDT,SHORT,1778456700,1778460300,591.4,608.47,582.865,TP2,0.4584253075571144,0.02886371322286101,1,0.034202898550725,1.1980436735619766
LABUSDT,LONG,1778488200,1778489100,4.3626,4.1082,4.4898,TP2,0.4794216981132093,0.058313849539265494,1,0.3461033849383377,-1.5994729441969724
BILLUSDT,SHORT,1778489100,1778490900,0.12445,0.13316857142857144,0.12009071428571429,TP2,0.48287104702605277,0.07005682144292032,1,0.3099383873560143,0.6285844379248591
SUIUSDT,LONG,1778489100,1778499000,1.259,1.219542857142857,1.2787285714285712,TP2,0.46171035481534833,0.03134006581186881,1,0.23966165413533896,-1.5907270895627064
SEIUSDT,LONG,1778512500,1778515200,0.07393,0.07164142857142856,0.0750742857142857,TP2,0.4612352059925063,0.030955923557032673,1,0.036395147313691846,-1.233323536143662
BILLUSDT,SHORT,1778513400,1778516100,0.14287,0.15288428571428572,0.13786285714285715,TP2,0.4828800570613396,0.0700936915677589,1,0.46772068511199005,1.1984820061164176
BILLUSDT,SHORT,1778528700,1778532300,0.14575,0.1573242857142857,0.13996285714285714,TP2,0.4848889163169588,0.0794119088458711,1,0.1255148493388249,1.5526886814036183
BILLUSDT,SHORT,1778563800,1778564700,0.15194,0.16068,0.14756999999999998,TP2,0.4791386727688803,0.057522706331446634,1,0.29691965703397905,1.538864683669338
LABUSDT,LONG,1778591700,1778601600,4.5791,4.334057142857143,4.701621428571429,SL,-1.0224243222759868,0.05351332295491636,1,0.03602752664957491,-0.6418348124603976
NEARUSDT,LONG,1778597100,1778598900,1.548,1.508857142857143,1.5675714285714286,TP2,0.4525430656934307,0.02528608342561835,1,0.17924528301886775,-0.37137959849764773
SUIUSDT,LONG,1778600700,1778604300,1.2245,1.1925857142857141,1.2404571428571427,TP2,0.4539579230080539,0.026063116140698856,1,0.2613293051359529,-1.4618117882439334
LABUSDT,SHORT,1778603400,1778605200,4.57,4.813985714285715,4.4480071428571435,TP2,0.4775232741963797,0.053388558924663994,1,0.04565780183572634,0.0013083058116982627
BILLUSDT,SHORT,1778620500,1778621400,0.19279,0.20306857142857143,0.18765071428571428,TP2,0.4774922029186922,0.05331485776529608,1,0.35528482054659144,1.3737772888734168
NEARUSDT,SHORT,1778621400,1778622300,1.634,1.675142857142857,1.6134285714285714,TP2,0.45234166666666387,0.025179227137611438,1,0.38738738738738737,1.253018799997737
BILLUSDT,LONG,1778659200,1778660100,0.1775,0.16384857142857143,0.1843257142857143,TP2,0.4843972373377992,0.07690945674044264,1,0.15420805018295844,-0.34280378427110453
BILLUSDT,SHORT,1778668200,1778670000,0.20756,0.22545714285714283,0.19861142857142858,SL,-1.013916858237548,0.08622635795501467,1,0.37471051412691053,1.3985133263039553
LABUSDT,LONG,1778687100,1778692500,5.9601,5.376214285714285,6.252042857142857,TP2,0.4877508220786839,0.09796575800501912,1,0.044215576787856044,-1.2139931435149023
BILLUSDT,LONG,1778690700,1778693400,0.17588,0.15918428571428572,0.18422785714285717,TP2,0.48735867202875066,0.09492673576139575,1,0.30330247340058025,-1.7448357353947885
BILLUSDT,SHORT,1778720400,1778723100,0.18767,0.19495,0.18403,SL,-1.0309346153846155,0.03879149571055574,1,0.19269898264512333,1.8533621534602536
BILLUSDT,LONG,1778742900,1778753700,0.17078,0.15770428571428569,0.17731785714285714,TP2,0.484326974762373,0.0765646696669065,1,0.5832096671613319,-1.1919241544025405
LABUSDT,LONG,1778752800,1778761800,5.4294,5.132542857142858,5.577828571428571,SL,-1.0219475264677575,0.054675865262670396,1,0.3301211453744503,-1.1262717057236984
BILLUSDT,SHORT,1778756400,1778758200,0.18291,0.1969242857142857,0.17590285714285714,TP2,0.48433798165137615,0.07661847747135593,1,0.16756368855400094,1.849853826373989
BILLUSDT,SHORT,1778771700,1778776200,0.19627,0.20683285714285712,0.19098857142857142,SL,-1.0222973762510144,0.05381799125111903,1,0.35985368084133595,1.201020252520025
LABUSDT,SHORT,1778771700,1778774400,5.6324,6.117442857142857,5.3898785714285715,TP2,0.4860653962830963,0.08611655016384794,1,0.11701556629092837,0.7105577386102486
LABUSDT,LONG,1778798700,1778801400,5.6184,5.394385714285715,5.7304071428571435,TP2,0.4699033480007673,0.039871544516995164,1,0.46081283611037693,-1.2609197160583738
BILLUSDT,SHORT,1778808600,1778809500,0.21255,0.2241042857142857,0.20677285714285712,TP2,0.4779250741839775,0.054360318580502075,1,0.20883454939854035,0.5667548198338427
LABUSDT,SHORT,1778809500,1778810400,5.8936,6.0731142857142855,5.8038428571428575,TP2,0.4606030240331052,0.03045919059900327,1,0.11646586345381557,1.4728483935692231
BILLUSDT,LONG,1778846400,1778866200,0.20529,0.18969285714285714,0.21308857142857143,SL,-1.0157944312145082,0.07597614524401024,1,0.20842353867349003,-1.4226632284970153
BILLUSDT,LONG,1778867100,1778868900,0.18822,0.17626714285714284,0.19419642857142858,TP2,0.4811037647902474,0.06350471332938659,1,0.28891356653710915,-2.1123775334616632
BILLUSDT,LONG,1778881500,1778883300,0.17999,0.17274714285714288,0.1836114285714286,TP2,0.47017917159763506,0.040240330812029254,1,0.3955577738956814,-1.4326483012973692
BILLUSDT,LONG,1778894100,1778896800,0.17305,0.16337428571428572,0.17788785714285715,TP2,0.4785380186032777,0.055912824534610155,1,0.2810608244450846,-1.2805039161896288
BILLUSDT,LONG,1778907600,1778916600,0.16529,0.15566,0.170105,TP2,0.47940311526479895,0.05826123782442981,1,0.2707648991083994,-1.4764005288480828
LABUSDT,LONG,1778916600,1778959800,4.797,4.4574,4.9668,EXPIRED,-0.19186219081272127,0.0707942464040025,1,0.08614728168910521,-0.8696465751621943
BILLUSDT,SHORT,1778917500,1778920200,0.17098,0.18538285714285713,0.1637785714285714,TP2,0.4857544931561208,0.08423708704443293,1,0.05036407766990273,0.8968957161181037
BILLUSDT,LONG,1779000300,1779002100,0.13148,0.12569285714285716,0.13437357142857143,TP2,0.47273680572697857,0.04401538528401922,1,0.21288295365278845,-1.4601157747079647
BILLUSDT,SHORT,1779011100,1779013800,0.14184,0.15021142857142855,0.1376542857142857,TP2,0.4796679863481245,0.059020223994843246,1,0.22008763060330325,2.234247420743948
LABUSDT,LONG,1779065100,1779072300,4.2866,4.013014285714286,4.423392857142857,TP2,0.48119814108923814,0.06382347648152714,1,0.24057821373257612,-0.9045674490347906
LABUSDT,SHORT,1779083100,1779087600,4.7646,5.05992857142857,4.616935714285714,TP2,0.48064013931214783,0.061983917102919686,1,0.5349909765390009,1.631314883468975
BILLUSDT,LONG,1779085800,1779089400,0.1437,0.13401285714285716,0.1485435714285714,SL,-1.017800914319422,0.06741226762103585,1,0.3182332955832377,-1.7871052317319147
BILLUSDT,SHORT,1779105600,1779107400,0.14584,0.15388857142857143,0.14181571428571427,SL,-1.0217439829605963,0.05518768121620565,1,0.29263301500682104,1.4595429804138425
LABUSDT,LONG,1779111900,1779112800,4.781,4.554514285714285,4.894242857142857,TP2,0.47466860098398084,0.04737203812711037,1,0.06264558048302024,-1.5842263853872864
HYPEUSDT,SHORT,1779139800,1779149700,46.89,48.12285714285714,46.27357142857143,SL,-1.0456403244495944,0.026292538768546432,1,0.3442028985507233,1.92680261347136
ZECUSDT,SHORT,1779144300,1779154200,561.78,575.9399999999999,554.6999999999999,SL,-1.0476084745762713,0.0252055964968493,1,0.4777545535980905,1.094380823370499
LABUSDT,LONG,1779147000,1779150600,4.7542,4.634171428571428,4.814214285714286,TP2,0.4524693168293264,0.02524684940233301,1,0.13973268529769248,-1.666037514787799
LABUSDT,SHORT,1779202800,1779203700,4.1061,4.420971428571429,3.948664285714285,TP2,0.4843513270722744,0.07668381884791621,1,0.1686065846358496,-2.2226722177671143
BILLUSDT,LONG,1779208200,1779216300,0.11464,0.10898000000000001,0.11747,SL,-1.0243053003533569,0.04937194696441033,1,0.06374501992031884,-1.087018646572537
BILLUSDT,LONG,1779223500,1779227100,0.10377,0.09869142857142857,0.10630928571428572,SL,-1.0245194936708861,0.04894065171602029,1,0.6362552176505667,-1.7068865821305041
BILLUSDT,SHORT,1779274800,1779275700,0.11292,0.11899571428571429,0.10988214285714286,TP2,0.4776974371032224,0.05380547543140527,1,0.04713462190573085,0.18090663191799747
ZECUSDT,SHORT,1779307200,1779318900,677.06,702.8414285714285,664.1692857142857,TP2,0.4684861528231817,0.038078499056846626,1,0.5376661742983739,1.6591422393893904
BILLUSDT,LONG,1779309900,1779318900,0.08926,0.08439,0.091695,SL,-1.021994250513347,0.05455971319740082,1,0.4239543726235754,-1.3931831241688917
BILLUSDT,SHORT,1779336000,1779336900,0.08663,0.09093285714285713,0.08447857142857143,SL,-1.0241597609561752,0.04966936561072536,1,0.0043525571273128755,0.7224613180913749
SUIUSDT,SHORT,1779336900,1779342300,1.1279,1.1586999999999998,1.1124999999999998,TP2,0.4560558441558477,0.02730738540650767,1,0.3170460855080512,0.9358267440068443
BILLUSDT,LONG,1779352200,1779359400,0.08106,0.07630714285714285,0.08343642857142856,SL,-1.0204660054102794,0.05863381622078883,1,0.29102167182662503,-1.531588774742507
HYPEUSDT,SHORT,1779372900,1779374700,59.27,60.822857142857146,58.49357142857143,SL,-1.0458020239190433,0.026199715587264104,1,0.02795031055900627,1.6598055639716067
BILLUSDT,SHORT,1779381000,1779381900,0.07499,0.07905571428571428,0.07295714285714286,TP2,0.4778666198172874,0.05421675270988504,1,0.040240240240240484,-0.009843000749309204
SUIUSDT,SHORT,1779386400,1779399900,1.1443,1.1726857142857143,1.130107142857143,TP2,0.45162496225465526,0.02480618219497885,1,0.33249051833122545,1.7933694272340197
NEARUSDT,SHORT,1779414300,1779416100,2.017,2.071428571428571,1.989785714285714,SL,-1.0444692913385827,0.0269849139457469,1,0.3212669683257912,2.190181030659205
NEARUSDT,SHORT,1779428700,1779435900,2.169,2.2475714285714288,2.129714285714286,SL,-1.0331265454545455,0.03622472502140551,1,0.6193548387096784,1.1424386379247073
NEARUSDT,SHORT,1779442200,1779444900,2.264,2.3448571428571428,2.2235714285714283,TP2,0.46640000000000004,0.03571428571428573,1,0.29909365558912315,1.1758990033265184
NEARUSDT,SHORT,1779455700,1779459300,2.312,2.3887142857142853,2.273642857142857,TP2,0.4638346368715113,0.033180919426594166,1,0.08888888888888911,2.05593185667524
NEARUSDT,LONG,1779476400,1779481800,2.164,2.091857142857143,2.200071428571429,SL,-1.0359952475247525,0.033337734354370235,1,0.42567567567567555,-1.1076685684731866
HYPEUSDT,LONG,1779479100,1779480900,56.08,54.464285714285715,56.88785714285714,SL,-1.0416509283819628,0.028810882412879567,1,0.4134742404227216,-1.4852622036702228
ZECUSDT,LONG,1779479100,1779481800,612.13,597.2457142857143,619.5721428571428,SL,-1.0493511085516842,0.024315563220697792,1,0.3176618084939653,-1.2552778578892585
LABUSDT,SHORT,1779480000,1779501600,4.7005,4.835671428571429,4.6329142857142855,SL,-1.0417292327203551,0.02875681918336953,1,0.30834340991535564,2.2157636159618663
BILLUSDT,SHORT,1779508800,1779509700,0.09232,0.09949714285714285,0.08873142857142857,TP2,0.4845643312101911,0.07774201535033426,1,0.10111621799080764,0.9857215914497419
LABUSDT,LONG,1779516000,1779526800,4.571,4.405214285714285,4.653892857142857,TP2,0.46691391641533825,0.036269025221114505,1,0.16901955705219443,-2.3846529036996187
BILLUSDT,LONG,1779521400,1779531300,0.08441,0.07777857142857143,0.08772571428571428,TP2,0.48472546316243,0.07856212026334046,1,0.1187241582988776,-1.1605548033889976
NEARUSDT,LONG,1779524100,1779525000,2.031,1.979285714285714,2.056857142857143,TP2,0.45287182320441594,0.025462474502356496,1,0.2718894009216576,-1.6952014836788454
BILLUSDT,SHORT,1779542100,1779554700,0.09161,0.09787857142857143,0.08847571428571428,SL,-1.0175370100273473,0.06842671573596146,1,0.2743105950653121,2.3725205798071127
LABUSDT,SHORT,1779544800,1779550200,4.6124,4.723371428571429,4.556914285714286,TP2,0.4501233779608612,0.02405936791506131,1,0.08163968308646495,-0.4512444431783875
NEARUSDT,SHORT,1779557400,1779558300,2.407,2.5108571428571427,2.3550714285714287,TP2,0.47218872077028884,0.043147961303341406,1,0.86,1.8131359036586798
BILLUSDT,SHORT,1779565500,1779567300,0.10366,0.11179571428571429,0.09959214285714285,TP2,0.48471037752414486,0.07848460626774346,1,0.36914062499999994,0.5901604477584785
ZECUSDT,SHORT,1779570900,1779571800,656.29,676.4857142857143,646.1921428571428,TP2,0.46100420174011464,0.030772546108754215,1,0.532600732600732,2.5268227210084113
BILLUSDT,LONG,1779572700,1779575400,0.09431,0.08685142857142858,0.09803928571428572,TP2,0.48482658494541275,0.07908569004953273,1,0.11129707112970687,-1.324376495159753
BILLUSDT,SHORT,1779588000,1779589800,0.09817,0.10202285714285714,0.09624357142857143,TP2,0.46942424916573794,0.03924678764242785,1,0.22191168250419216,0.7435063337656692
LABUSDT,LONG,1779593400,1779601500,4.3097,4.195614285714286,4.3667428571428575,TP2,0.4546688204357625,0.02647184590243267,1,0.09426669529740121,-0.8018408325455035
BILLUSDT,LONG,1779606900,1779609600,0.09407,0.09084714285714286,0.09568142857142857,TP2,0.46497393617021276,0.034260201369800625,1,0.17720530835284906,-1.5559018106311369
BILLUSDT,SHORT,1779615000,1779616800,0.09805,0.10416142857142857,0.09499428571428571,TP2,0.4807475455820477,0.0623297151599038,1,0.08706043018094907,0.8821068134001051
BILLUSDT,SHORT,1779633000,1779639300,0.10437,0.11018142857142858,0.10146428571428572,SL,-1.0215513274336283,0.05568102492506057,1,0.31437015145917974,1.1691153307623883
BILLUSDT,LONG,1779661800,1779693300,0.11346,0.10578142857142858,0.11729928571428572,TP2,0.48226857674418605,0.06767646244113719,1,0.04988123515439433,0.027661054958495915
LABUSDT,LONG,1779707700,1779714900,4.2311,4.126242857142857,4.283528571428572,SL,-1.0484213079019071,0.024782478045223048,1,0.190268886043533,-0.41857159589577086
NEARUSDT,SHORT,1779720300,1779728400,2.653,2.755714285714286,2.601642857142857,SL,-1.0309947148817802,0.038716278067955454,1,0.5152838427947606,1.7429377614326629
BILLUSDT,LONG,1779721200,1779729300,0.10614,0.09808857142857143,0.11016571428571428,SL,-1.0158193044712562,0.07585668524051792,1,0.37289194253591507,-2.261704093648921
BILLUSDT,LONG,1779768900,1779771600,0.08556,0.08226857142857143,0.08720571428571428,TP2,0.46880624999999787,0.03846924464035262,1,0.3609360936093602,-1.3448614603040328
NEARUSDT,SHORT,1779770700,1779776100,2.769,2.8392857142857144,2.733857142857143,TP2,0.4527243902439024,0.025383067636588735,1,0.0,1.5070367642713967
LABUSDT,SHORT,1779775200,1779780600,4.436,4.548157142857143,4.3799214285714285,SL,-1.0474619793656859,0.02528339559448672,1,0.24511627906976644,0.7927342722633326
BILLUSDT,SHORT,1779779700,1779783300,0.0882,0.09162142857142858,0.08648928571428571,SL,-1.030934446764092,0.0387917071590541,1,0.004109589041095243,1.1221206019921008
NEARUSDT,SHORT,1779796800,1779797700,2.85,2.951857142857143,2.7990714285714287,TP2,0.4664235624123422,0.03573934837092725,1,0.2716535433070864,0.8105640473214722
BILLUSDT,LONG,1779798600,1779800400,0.08743,0.0849142857142857,0.08868785714285714,TP2,0.4582957410562181,0.028774039639875192,1,0.04206500956022907,-1.3477398725542071
BILLUSDT,SHORT,1779806700,1779813000,0.08908,0.09192571428571429,0.08765714285714286,SL,-1.0375638554216868,0.0319456026685483,1,0.01688555347091926,0.6359572244664439
SEIUSDT,LONG,1779817500,1779820200,0.06418,0.06257857142857143,0.06498071428571428,TP2,0.4519079393398708,0.02495214352490762,1,0.19878603945371653,-2.386520610967455
TAOUSDT,LONG,1779817500,1779820200,280.8,272.9714285714286,284.7142857142857,TP2,0.4569576642335767,0.027879527879527913,1,0.13725490196078383,-1.688996000312341
ZECUSDT,LONG,1779817500,1779832800,594.32,576.4528571428572,603.2535714285715,SL,-1.0399159510674023,0.030063169432532746,1,0.26539431040691464,-1.8249692196595093
HYPEUSDT,LONG,1779823800,1779831000,60.61,58.93857142857143,61.44571428571428,SL,-1.043514871794872,0.027576778937940433,1,0.3888166449934988,-1.717827529329522
NEARUSDT,LONG,1779849900,1779859800,2.499,2.424571428571429,2.5362142857142858,TP2,0.4597090211132437,0.02978334190819179,1,0.32163742690058517,-1.4710015118954118
BILLUSDT,LONG,1779851700,1779864300,0.08425,0.08025857142857143,0.08624571428571429,SL,-1.0253292770221905,0.04737600678253497,1,0.4731774415405776,-1.861073888863213
SEIUSDT,SHORT,1779864300,1779875100,0.07109,0.07286,0.070205,SL,-1.0481966101694915,0.024898016598677727,1,0.47785547785547916,1.6496570685311112
BILLUSDT,LONG,1779871500,1779882300,0.07939,0.07627714285714285,0.08094642857142857,SL,-1.0306046810463514,0.03920968815791847,1,0.21681415929203457,-1.0696465404018283
LABUSDT,LONG,1779942600,1779945300,4.4171,4.291557142857143,4.479871428571428,TP2,0.45777919890760466,0.028422009269171326,1,0.15824594852240215,-1.3978839322941887
BILLUSDT,SHORT,1779944400,1779945300,0.08501,0.08903285714285715,0.08299857142857142,TP2,0.47464190340909274,0.047322163779051254,1,0.35038932146829765,1.5012740710529933
XLMUSDT,LONG,1779949800,1779962400,0.1694,0.16297142857142857,0.17261428571428572,TP2,0.46837866666666883,0.037949063923089936,1,0.14068441064638687,-0.9721914497051174
NEARUSDT,LONG,1779950700,1779954300,2.38,2.311857142857143,2.4140714285714284,TP2,0.4580880503144653,0.02863145258103235,1,0.19526627218934964,-1.2902710891050724
XLMUSDT,SHORT,1779967800,1779971400,0.1764,0.18132857142857142,0.1739357142857143,SL,-1.0429495652173915,0.027939747327502387,1,0.37674418604651017,1.6742462150779
SEIUSDT,SHORT,1779974100,1779977700,0.06785,0.06951428571428571,0.06701785714285713,TP2,0.45107811158798716,0.024528897778713595,1,0.0502645502645508,-0.06640261702099545
NEARUSDT,LONG,1779980400,1779982200,2.297,2.2315714285714288,2.3297142857142856,TP2,0.45787161572052054,0.028484358480004926,1,0.46887966804979403,-1.7360623891408753
BILLUSDT,LONG,1779986700,1779990300,0.08039,0.07646428571428572,0.08235285714285714,TP2,0.47542663755458514,0.04883336591260458,1,0.2818745692625778,-1.8925433515021288
XLMUSDT,SHORT,1779987600,1779993000,0.2021,0.21610000000000001,0.1951,SL,-1.0173228571428572,0.06927263730826327,1,0.3089430894308945,0.9286819731750029
LABUSDT,SHORT,1779994800,1779999300,4.6528,4.771314285714285,4.593542857142857,TP2,0.4528887174541948,0.02547160542346237,1,0.3590050227218365,1.9758502603436645
NEARUSDT,SHORT,1780002000,1780015500,2.422,2.484714285714286,2.3906428571428573,SL,-1.046343507972665,0.02589359443199245,1,0.3333333333333354,1.2322563535123239
BILLUSDT,SHORT,1780013700,1780015500,0.08339,0.0859757142857143,0.08209714285714287,TP2,0.46129966850828463,0.031007486337861666,1,0.08151735270379297,2.0888307297305535
LABUSDT,LONG,1780019100,1780020900,4.1579,3.967885714285714,4.2529071428571426,TP2,0.47374155326667167,0.04569958048877695,1,0.370427163198248,-1.843065025974696
NEARUSDT,SHORT,1780020900,1780022700,2.527,2.5941428571428573,2.4934285714285718,TP2,0.45483659574467755,0.02657018486064787,1,0.28413284132841227,1.3653036505827891
XLMUSDT,SHORT,1780035300,1780043400,0.2079,0.2172285714285714,0.2032357142857143,SL,-1.0267436447166922,0.044870473441901974,1,0.2540540540540542,1.4263576678229535
XLMUSDT,SHORT,1780046100,1780049700,0.2153,0.22772857142857142,0.20908571428571426,TP2,0.4792124137931046,0.057726760002654115,1,0.2201039861351819,1.182306635697836
BILLUSDT,SHORT,1780050600,1780056900,0.07229,0.07439285714285714,0.07123857142857143,TP2,0.4587475543478228,0.02908918443570536,1,0.386733416770965,1.2805869218691732
LABUSDT,SHORT,1780052400,1780054200,5.4806,5.926642857142856,5.257578571428572,SL,-1.0147445921275982,0.08138577110952394,1,0.33924170119041336,1.7557385980489926
HYPEUSDT,SHORT,1780069500,1780090200,65.37,67.56,64.275,TP2,0.46418082191780824,0.03350160624139516,1,0.40533672172808205,2.235716742114296
XLMUSDT,SHORT,1780069500,1780080300,0.2109,0.21942857142857142,0.20663571428571428,SL,-1.0296743718592964,0.04043893517577726,1,0.02400000000000033,1.748140255418664
ZECUSDT,SHORT,1780069500,1780070400,540.88,554.4342857142857,534.1028571428571,TP2,0.45211433389544686,0.02505969108542692,1,0.040059623625861185,1.3168627242096358
NEARUSDT,SHORT,1780074000,1780082100,2.591,2.7041428571428576,2.5344285714285717,TP2,0.47251969696969504,0.04366764073441035,1,0.38425925925925913,1.5433344076803603
BILLUSDT,LONG,1780083000,1780091100,0.07097,0.06922428571428572,0.07184285714285715,SL,-1.0487846153846154,0.02459791863765367,1,0.14908256880733933,-1.5589222682752308
NEARUSDT,LONG,1780089300,1780092000,2.502,2.424,2.5409999999999995,SL,-1.0384923076923078,0.03117505995203831,1,0.1582089552238796,-1.7215842519214748
LABUSDT,SHORT,1780092000,1780107300,6.3456,6.8055,6.1156500000000005,SL,-1.0165573385518591,0.0724754160363086,1,0.2613470381390319,1.323955108216794
XLMUSDT,SHORT,1780097400,1780104600,0.2574,0.2721142857142857,0.2500428571428572,SL,-1.0209918446601942,0.05716505716505712,1,0.47600518806744446,1.584114287184556
XLMUSDT,SHORT,1780108200,1780112700,0.2748,0.29165714285714284,0.26637142857142854,SL,-1.0195620338983051,0.06134331461842379,1,0.47811993517017753,1.3294816075103892
LABUSDT,SHORT,1780111800,1780112700,6.8748,7.2657,6.6793499999999995,TP2,0.47889547198772064,0.0568598359224996,1,0.23711340206185538,1.769687149540797
BILLUSDT,SHORT,1780112700,1780119000,0.07123,0.07325285714285715,0.07021857142857144,SL,-1.0422550847457628,0.02839894907843804,1,0.2545676004872119,1.0590754344815136
XLMUSDT,LONG,1780188300,1780191900,0.2249,0.2160285714285714,0.22933571428571428,TP2,0.4695787439613527,0.03944610302991807,1,0.6034482758620695,-1.4063036303845229
LABUSDT,SHORT,1780190100,1780192800,8.0171,8.323485714285713,7.863907142857142,SL,-1.0314000279759408,0.038216526460405194,1,0.10180674600727621,0.8669085437966625
NEARUSDT,LONG,1780247700,1780263900,2.26,2.2037142857142857,2.288142857142857,TP2,0.4518172588832486,0.024905183312262883,1,0.15695067264574064,-1.7677209194530963
BILLUSDT,SHORT,1780252200,1780263000,0.08076,0.08398,0.07915,TP2,0.4699031055900621,0.03987122337790984,1,0.15846153846153824,0.8641319287030885
LABUSDT,SHORT,1780265700,1780272900,8.9401,9.710471428571427,8.554914285714286,SL,-1.0139259058710084,0.08617033686104497,1,0.20271883898227264,0.6137722025776239
XLMUSDT,SHORT,1780267500,1780278300,0.257,0.26424285714285717,0.25337857142857145,SL,-1.0425798816568046,0.028182323513062855,1,0.2213740458015272,1.6801829632038987
ZECUSDT,SHORT,1780269300,1780271100,565.54,579.3,558.66,TP2,0.4506796511627907,0.024330728153623072,1,0.41476565740356286,1.4641931031945485
NEARUSDT,SHORT,1780274700,1780275600,2.338,2.4048571428571432,2.3045714285714287,TP2,0.45803589743589423,0.028595869485518836,1,0.35907335907335974,0.8306601251544268
BILLUSDT,SHORT,1780281900,1780285500,0.08217,0.08451714285714287,0.08099642857142858,TP2,0.4579897748021882,0.028564474347606922,1,0.29341317365269437,1.5007527393694526
LABUSDT,SHORT,1780295400,1780297200,10.3394,10.885314285714285,10.066442857142857,SL,-1.0227275239441043,0.05279941637950808,1,0.25457638652602904,1.7074265479307218
BILLUSDT,SHORT,1780309800,1780311600,0.0887,0.09268285714285714,0.08670857142857143,TP2,0.47327546628407635,0.04490256079884038,1,0.313473877176902,1.7168254641001615
ZECUSDT,LONG,1780327800,1780328700,530.33,517.2357142857144,536.8771428571429,TP2,0.4513989526511018,0.024690825927791548,1,0.34122842232035216,-1.9509988513204748
XLMUSDT,LONG,1780353000,1780354800,0.2424,0.23615714285714284,0.24552142857142858,TP2,0.45340594965675063,0.025754361150400796,1,0.5165562913907289,-1.5604146629508253
XLMUSDT,LONG,1780367400,1780377300,0.2388,0.23214285714285715,0.24212857142857144,SL,-1.0430454935622318,0.027877482651352016,1,0.17499999999999966,-0.5383394557194945
ZECUSDT,LONG,1780367400,1780368300,550.94,537.5942857142858,557.6128571428571,TP2,0.4504614001284479,0.02422353484175097,1,0.07720036046860947,1.6527192844760414
LABUSDT,SHORT,1780372800,1780374600,18.9189,20.24217142857143,18.257264285714285,TP2,0.4828435198479958,0.06994441688319246,1,0.6019272779240922,1.8841460369347451
XLMUSDT,LONG,1780379100,1780396200,0.2307,0.22437142857142856,0.2338642857142857,TP2,0.45625553047403844,0.027432039135550212,1,0.21568627450980402,-1.8325449401215963
LABUSDT,SHORT,1780385400,1780389000,18.823,20.255200000000002,18.1069,TP2,0.48422873900293256,0.07608776496838976,1,0.2620701941920538,0.41095652516143577
BILLUSDT,SHORT,1780391700,1780392600,0.09123,0.09421142857142857,0.08973928571428572,TP2,0.4632806899856276,0.03268035264089191,1,0.00858369098712411,1.327751268018015
NEARUSDT,SHORT,1780396200,1780410600,2.65,2.7379999999999995,2.606,TP2,0.46386363636363886,0.03320754716981126,1,0.18032786885245944,1.3517107523351473
BILLUSDT,SHORT,1780404300,1780405200,0.09502,0.10011857142857142,0.09247071428571428,TP2,0.47763608854020734,0.053657876537270374,1,0.3576309794988622,0.7780536383166676
HYPEUSDT,LONG,1780415100,1780416900,71.73,69.90428571428572,72.64285714285715,TP2,0.45285352112676447,0.025452590069905003,1,0.07317073170731637,-1.2798598787387008
XLMUSDT,LONG,1780415100,1780417800,0.2199,0.2127857142857143,0.22345714285714288,TP2,0.4629084337349418,0.0323523679594621,1,0.48951048951048826,-1.7018605688168764
BILLUSDT,LONG,1780416000,1780459200,0.08081,0.07034857142857143,0.08604071428571429,EXPIRED,0.33580767445036047,0.12945710396520943,1,0.37478152309612994,-1.330285772912133
NEARUSDT,SHORT,1780436700,1780437600,2.719,2.8428571428571425,2.6570714285714283,TP2,0.4736567474048461,0.04555246151421216,1,0.35531135531135616,1.6692937455218229
LABUSDT,LONG,1780440300,1780441200,8.34,1.958857142857144,11.530571428571427,TP2,0.49843162890659976,0.7651250428228844,1,0.464656521120751,-2.6578406051084302
SEIUSDT,LONG,1780442100,1780458300,0.06287,0.06128857142857142,0.06366071428571428,SL,-1.0477062330623306,0.02515394578381702,1,0.295580110497237,-2.463197398150192
TAOUSDT,LONG,1780443900,1780459200,226.7,219.99999999999997,230.04999999999998,SL,-1.0406029850746268,0.029554477282752557,1,0.2961165048543679,-1.7083617258832704
ZECUSDT,SHORT,1780448400,1780451100,631.07,657.8071428571428,617.7014285714287,TP2,0.4716767044240222,0.04236795103101529,1,0.24075884999022126,1.7344426940783002
BILLUSDT,SHORT,1780461000,1780463700,0.08575,0.08835142857142858,0.08444928571428573,TP2,0.4604448105436546,0.030337359433569303,1,0.2892690513219283,1.685924054965309
HYPEUSDT,SHORT,1780461000,1780463700,71.69,73.46571428571428,70.80214285714285,SL,-1.0484469831053902,0.024769344200227184,1,0.21464903357070253,1.9751239391631943
NEARUSDT,SHORT,1780464600,1780484400,2.837,2.945857142857143,2.7825714285714285,SL,-1.0312740157480313,0.03837051211037823,1,0.1739130434782602,1.7407760943459014
BILLUSDT,LONG,1780485300,1780488900,0.08398,0.08157285714285714,0.08518357142857143,TP2,0.4581345994065282,0.028663287177219048,1,0.2007504690431501,-1.1316662196876257
LABUSDT,SHORT,1780485300,1780486200,17.546,19.04885714285714,16.794571428571427,TP2,0.4859898859315602,0.08565240754913615,1,0.4574840188155825,1.6488895869202982
ZECUSDT,LONG,1780488000,1780490700,597.88,578.1771428571428,607.7314285714285,TP2,0.4635861948955888,0.03295453459365952,1,0.23018762251470035,-1.4964435858046425
NEARUSDT,SHORT,1780494300,1780501500,2.993,3.105,2.937,TP2,0.4679321428571429,0.03742064817908461,1,0.24752475247524758,1.4448579771587422
BILLUSDT,SHORT,1780501500,1780504200,0.0836,0.08564857142857142,0.08257571428571428,SL,-1.0489707112970712,0.024504442925495546,1,0.0018587360594801222,-0.2919982899499819
NEARUSDT,LONG,1780506000,1780524000,2.854,2.7124285714285716,2.9247857142857145,TP2,0.47580867810292793,0.0496045650215237,1,0.1346801346801343,-1.6449996744198887
ZECUSDT,SHORT,1780524900,1780536600,621.53,645.9714285714285,609.3092857142857,TP2,0.4694847624057514,0.03932461598221903,1,0.18788125254168397,1.5622032129678929
NEARUSDT,LONG,1780537500,1780539300,2.752,2.640428571428571,2.807785714285714,SL,-1.029598975672215,0.040541943521594716,1,0.07925801011804416,-1.3924299677390697
BILLUSDT,LONG,1780539300,1780542000,0.08405,0.08065428571428572,0.08574785714285714,TP2,0.4702978544383677,0.04040112178125263,1,0.34048257372654317,-1.514210069308709
XLMUSDT,LONG,1780539300,1780540200,0.204,0.19829999999999998,0.20684999999999998,TP2,0.45705263157894493,0.02794117647058825,1,0.28260869565217467,-1.1620584610798257
NEARUSDT,LONG,1780560000,1780575300,2.403,2.291857142857143,2.4585714285714286,TP2,0.47405501285347046,0.04625170917305749,1,0.6873949579831922,-1.4049044713281218
HYPEUSDT,LONG,1780561800,1780568100,68.33,66.01142857142857,69.48928571428571,SL,-1.0353648798521258,0.03393196880684076,1,0.48732394366197135,-1.3853038053965214
TAOUSDT,LONG,1780561800,1780563600,215.8,210.44285714285715,218.47857142857146,TP2,0.4516608000000027,0.02482457301734412,1,0.28327645051194567,-1.3733998918212493
LABUSDT,SHORT,1780565400,1780566300,16.656,17.112714285714283,16.427642857142857,TP2,0.45623697216140136,0.02742040620282696,1,0.39104116222760316,1.4258667550990243
SUIUSDT,LONG,1780566300,1780577100,0.7706,0.7520142857142856,0.779892857142857,TP2,0.45024565718677645,0.024118497645619387,1,0.2900964066608228,-1.6921785558767395
SUIUSDT,SHORT,1780582500,1780591500,0.7956,0.8187428571428571,0.7840285714285714,TP2,0.45874666666666664,0.029088558500323193,1,0.25530110262934724,1.6098942806951007
LABUSDT,LONG,1780587000,1780589700,13.175,11.103714285714286,14.210642857142858,SL,-1.0076329402027726,0.15721333694768225,1,0.4878352382030104,-2.2132502493652484
ZECUSDT,SHORT,1780589700,1780591500,545.54,566.9757142857143,534.8221428571428,TP2,0.4694599400199933,0.03929265367473379,1,0.12141446440327222,1.6377644493184238
HYPEUSDT,SHORT,1780593300,1780595100,68.14,69.85285714285715,67.28357142857143,TP2,0.4522622185154254,0.025137322319594133,1,0.05156950672645636,0.9957783884705725
BILLUSDT,LONG,1780594200,1780600500,0.07874,0.07665142857142858,0.07978428571428572,SL,-1.0452404924760603,0.02652491019267749,1,0.23422459893048292,-1.1397076531354948
HYPEUSDT,LONG,1780601400,1780609500,67.05,65.11428571428571,68.01785714285714,SL,-1.0415660516605165,0.028869713433471847,1,0.02383654937571032,-0.49531070119047443
NEARUSDT,LONG,1780603200,1780608600,2.345,2.261142857142857,2.3869285714285717,SL,-1.033557069846678,0.035759975632043896,1,0.18894009216589744,-1.4864425175784652
LABUSDT,LONG,1780617600,1780623900,12.078,9.999857142857142,13.117071428571428,SL,-1.0069743039802022,0.17206018025690156,1,0.2228585657370518,-0.37846376806423154
ZECUSDT,LONG,1780617600,1780623000,459.9,426.67571428571426,476.51214285714286,SL,-1.0166107408522165,0.07224241294691397,1,0.4337798105194385,-1.1125609551141302
HYPEUSDT,LONG,1780619400,1780623900,64.64,62.34285714285714,65.78857142857143,TP2,0.46623283582089553,0.035537482319660564,1,0.18136769078295345,-0.5453337041617455
SUIUSDT,LONG,1780632900,1780640100,0.7413,0.7228428571428571,0.7505285714285713,SL,-1.0481959752321983,0.024898344606964534,1,0.22543352601156147,-0.8003957197175249
LABUSDT,LONG,1780634700,1780637400,10.727,9.215428571428571,11.482785714285715,TP2,0.49148409413098954,0.14091278349691702,1,0.20935274078662133,-0.6887222721137651
HYPEUSDT,LONG,1780635600,1780639200,63.31,61.06285714285715,64.43357142857143,SL,-1.03380826446281,0.035494279847462576,1,0.022443890274314458,-0.435028708136886
BILLUSDT,LONG,1780644600,1780661700,0.07593,0.07199142857142857,0.07789928571428571,SL,-1.0231342763873776,0.05187108426934583,1,0.13361462728551332,-1.5811116106098444
NEARUSDT,LONG,1780644600,1780647300,2.05,1.9342857142857142,2.1078571428571427,TP2,0.47874074074074074,0.056445993031358895,1,0.17253521126760615,-1.7121419757486676
ZECUSDT,LONG,1780644600,1780647300,303.52,246.4028571428571,332.0785714285714,TP2,0.49362321044470014,0.1881824685593795,1,0.33699175014731875,-1.728891555657594
AAVEUSDT,LONG,1780668900,1780672500,63.13,61.40142857142858,63.994285714285716,SL,-1.0438257851239672,0.027381140956303226,1,0.674362089914945,-1.7580995606405307
ADAUSDT,LONG,1780668900,1780676100,0.1611,0.1561,0.1636,SL,-1.0386639999999998,0.031036623215394243,1,0.1644444444444449,-1.2868342010608187
AVAXUSDT,LONG,1780668900,1780670700,7.013,6.838571428571429,7.100214285714285,TP2,0.45175331695331694,0.02487217616263672,1,0.3286516853932602,-1.5788430452726703
LABUSDT,SHORT,1780669800,1780670700,11.626,12.467714285714285,11.205142857142857,SL,-1.0165747454175154,0.07239930205696586,1,0.2452438602559665,2.039894797048072
SUIUSDT,LONG,1780674300,1780677000,0.6958,0.6717285714285715,0.7078357142857142,TP2,0.46531323442136496,0.03459532706442738,1,0.1981460023174973,-1.621069394329415
SEIUSDT,LONG,1780675200,1780677000,0.04692,0.04533571428571429,0.04771214285714286,TP2,0.46446095581605273,0.03376568018511753,1,0.3161290322580623,-1.706102448636733
HYPEUSDT,SHORT,1780705800,1780712100,60.09,61.737142857142864,59.26642857142858,TP2,0.4562223764093647,0.027411264056296507,1,0.19955898566703395,1.0549578649976379
ZECUSDT,SHORT,1780705800,1780712100,389.93,418.76,375.515,TP2,0.4837698231009375,0.07393634754956017,1,0.5228247162673393,1.2013952678030797
SUIUSDT,SHORT,1780708500,1780710300,0.7231,0.7422571428571428,0.7135214285714285,TP2,0.45470514541387025,0.026493075448959836,1,0.21598272138228905,1.4182711734675908
BILLUSDT,SHORT,1780711200,1780712100,0.07181,0.07368142857142858,0.07087428571428571,TP2,0.4539538931297711,0.02606083514035056,1,0.22939068100358323,1.020349712302611
ADAUSDT,LONG,1780715700,1780719300,0.1556,0.1518142857142857,0.15749285714285713,SL,-1.0493222641509434,0.024329783327212657,1,0.1855670103092782,-1.4442036705646042
BILLUSDT,SHORT,1780725600,1780740900,0.07286,0.07494999999999999,0.07181499999999999,TP2,0.4581665071770368,0.02868514960197635,1,0.15072083879423281,1.3997522263470847
AAVEUSDT,SHORT,1780731000,1780742700,61.35,63.19714285714286,60.42642857142857,TP2,0.4601438515081207,0.030108278030038453,1,0.04805491990846704,1.1388687197336453
ADAUSDT,SHORT,1780731000,1780742700,0.1562,0.16092857142857145,0.1538357142857143,TP2,0.46036012084591854,0.030272544357051415,1,0.030837004405286507,0.999553917537513
LABUSDT,LONG,1780734600,1780739100,9.075,8.273,9.475999999999999,TP2,0.4864214463840399,0.08837465564738295,1,0.20783051756503068,-1.5451376990639294
BILLUSDT,LONG,1780743600,1780747200,0.07089,0.06906999999999999,0.0718,TP2,0.4532593406593446,0.025673578784031686,1,0.24523809523809545,-1.8153963173339198
NEARUSDT,LONG,1780759800,1780760700,1.863,1.8164285714285715,1.8862857142857141,TP2,0.4519963190184024,0.024998082969097415,1,0.0426540284360196,-0.9314532633940753
ZECUSDT,LONG,1780759800,1780761600,342.92,319.3828571428572,354.68857142857144,TP2,0.4825168244719592,0.06863741647364649,1,0.21368021046477612,-1.6669945464663312
XLMUSDT,SHORT,1780764300,1780767900,0.2118,0.21958571428571427,0.20790714285714285,TP2,0.46735559633027524,0.03675974639147443,1,0.40401146131805177,1.8493124267590924
LABUSDT,SHORT,1780776000,1780778700,12.67,13.911142857142858,12.049428571428571,SL,-1.01225,0.0979591836734694,1,0.3870225494707776,2.053058465971556
LABUSDT,LONG,1780804800,1780848000,13.192,11.932,13.822000000000001,EXPIRED,-0.15621460317460395,0.09551243177683444,1,0.010756746555954023,-0.7644615653975433
ZECUSDT,SHORT,1780812900,1780819200,403.9,421.46428571428567,395.11785714285713,TP2,0.4724053680357869,0.04348671877763237,1,0.20140673610171747,2.394881281035893
BILLUSDT,SHORT,1780830000,1780833600,0.07985,0.08228,0.07863500000000001,SL,-1.039432098765432,0.03043206011271135,1,0.30675345809601284,1.7058581274797808
ZECUSDT,SHORT,1780833600,1780834500,410.2,423.67857142857144,403.46071428571423,TP2,0.4634798092209879,0.032858535905829996,1,0.13442294863242168,1.9259301372998223
ZECUSDT,SHORT,1780846200,1780848000,430.0,449.3342857142857,420.33285714285716,TP2,0.47331165952415993,0.04496345514950169,1,0.3979229989868291,1.4798797007860178
BILLUSDT,LONG,1780848900,1780854300,0.07903,0.07667857142857143,0.08020571428571428,SL,-1.040331227217497,0.029753619782722656,1,0.23029682702149457,-1.0367812742035216
NEARUSDT,SHORT,1780850700,1780859700,2.043,2.1211428571428574,2.0039285714285717,TP2,0.4686266910420447,0.038249073491364215,1,0.3247422680412373,1.21039383289216
ZECUSDT,LONG,1780860600,1780864200,409.81,396.3157142857143,416.5571428571429,TP2,0.4635570188439572,0.032928151373284496,1,0.4296933433059074,-1.4665523395224238
NEARUSDT,LONG,1780863300,1780865100,1.983,1.9201428571428574,2.0144285714285717,TP2,0.46214272727273076,0.03169800446653696,1,0.17060367454068218,-1.3720911428452132
BILLUSDT,SHORT,1780871400,1780873200,0.07554,0.07772714285714286,0.07444642857142857,TP2,0.4585541476159373,0.02895343999394834,1,0.0760135135135135,0.7334105941442807
NEARUSDT,SHORT,1780871400,1780885800,2.043,2.107285714285714,2.010857142857143,SL,-1.038136,0.031466331025802353,1,0.01650165016501764,1.046909134243754
SUIUSDT,SHORT,1780871400,1780882200,0.7584,0.7767428571428571,0.7492285714285714,TP2,0.4503850467289749,0.024186256781193464,1,0.09929078014184378,1.6455206640923412
HYPEUSDT,SHORT,1780880400,1780881300,61.19,62.69571428571428,60.43714285714285,TP2,0.45123377609108395,0.024607195386734542,1,0.4153846153846149,1.786638901271001
LABUSDT,SHORT,1780900200,1780902900,13.079,13.614571428571429,12.811214285714286,SL,-1.0293047746065618,0.040948958526754974,1,0.1821533923303834,2.0056409178319266
HYPEUSDT,SHORT,1780929000,1780938000,64.64,66.29857142857144,63.81071428571428,TP2,0.45323204134366923,0.025658592644978783,1,0.46251768033946145,1.6520042682506473
NEARUSDT,SHORT,1780932600,1780934400,2.162,2.229428571428571,2.128285714285714,SL,-1.0384762711864408,0.031188053389718487,1,0.11400651465797916,0.7457215138774509
LABUSDT,SHORT,1780934400,1780941600,13.011,13.41642857142857,12.808285714285713,TP2,0.4614896405919684,0.031160446655028137,1,0.022702702702703546,1.1569045711217842
ZECUSDT,LONG,1780970400,1780980300,447.03,435.6471428571428,452.72142857142853,TP2,0.4528733433734915,0.025463295847833817,1,0.5477161500815649,-1.2942247836807592
NEARUSDT,LONG,1781017200,1781019900,2.111,2.055,2.1390000000000002,SL,-1.0452357142857143,0.02652771198484133,1,0.1304347826086941,-1.5006542968101335
LABUSDT,LONG,1781027100,1781035200,9.948,9.408142857142858,10.217928571428573,SL,-1.0221125165387668,0.054267907404216234,1,0.15281076801266774,-1.9222028973406793
LABUSDT,LONG,1781049600,1781050500,9.289,8.934571428571429,9.466214285714285,TP2,0.46854993954050783,0.03815572951109605,1,0.3349753694581286,-1.2481792788191988
LABUSDT,LONG,1781069400,1781070300,8.759,8.370285714285716,8.953357142857143,TP2,0.4729600882028689,0.04437884298598986,1,0.2063318777292572,-0.9353286634652825
NEARUSDT,LONG,1781073900,1781095500,2.071,2.0111428571428576,2.1009285714285717,TP2,0.4584811455847292,0.028902531558253418,1,0.3611111111111122,-0.8778168483175692
NEARUSDT,SHORT,1781100000,1781101800,2.135,2.2009999999999996,2.102,TP2,0.46118181818181814,0.03091334894613579,1,0.21135646687697032,1.7149176933427093
BILLUSDT,LONG,1781110800,1781118900,0.06692,0.06519285714285714,0.06778357142857142,TP2,0.45350471464019454,0.02580906839723338,1,0.11534154535274364,-1.173436320173413
HYPEUSDT,LONG,1781118000,1781126100,54.69,53.26714285714286,55.40142857142857,SL,-1.0461240963855423,0.02601676984562337,1,0.4894991922455577,-1.4002319875807638
NEARUSDT,LONG,1781122500,1781126100,2.017,1.9658571428571427,2.0425714285714283,SL,-1.0473262569832402,0.025355903392591535,1,0.3381294964028782,-1.016492022001892
NEARUSDT,SHORT,1781159400,1781162100,2.061,2.1159999999999997,2.0335,TP2,0.45503272727272726,0.02668607472100919,1,0.2253521126760567,1.2543587339505555
LABUSDT,SHORT,1781180100,1781181900,7.816,8.257,7.5954999999999995,SL,-1.0212680272108843,0.05642272262026614,1,0.15803452855245687,0.5461490024333236
NEARUSDT,LONG,1781190900,1781191800,2.014,1.9609999999999999,2.0404999999999998,TP2,0.45439999999999986,0.026315789473684133,1,0.0847457627118653,-0.5440703599012245
BILLUSDT,SHORT,1781197200,1781198100,0.06858,0.07073714285714286,0.06750142857142857,TP2,0.46184953642384097,0.031454401533141635,1,0.47686116700201336,2.2030951309069047
LABUSDT,LONG,1781203500,1781218800,8.483,7.632142857142857,8.908428571428573,TP2,0.4880360644728011,0.10030144322257967,1,0.07585825027685522,-1.4847988283240436
NEARUSDT,SHORT,1781204400,1781212500,2.036,2.0987142857142858,2.004642857142857,SL,-1.038957630979499,0.030802694358686468,1,0.10191082802547792,0.6484372964587516
ZECUSDT,SHORT,1781204400,1781222400,435.82,448.17285714285714,429.6435714285714,TP2,0.4576629119925986,0.028343942781095744,1,0.32679097154072617,1.683498582269806
LABUSDT,SHORT,1781226900,1781227800,8.826,9.219285714285714,8.629357142857144,SL,-1.0269300399564112,0.04455990417921077,1,0.2617721518987349,0.9209727440972709
NEARUSDT,SHORT,1781253900,1781260200,2.116,2.169,2.0895,TP2,0.45209056603773584,0.02504725897920605,1,0.1313868613138685,1.4421983273144132
BILLUSDT,LONG,1781255700,1781257500,0.06909,0.06681428571428571,0.07022785714285713,TP2,0.4635683615819178,0.032938403324855696,1,0.00373134328358194,-1.2989748554161358
BILLUSDT,SHORT,1781268300,1781277300,0.07201,0.07412,0.070955,TP2,0.4590464454976304,0.029301485904735518,1,0.05834018077239118,0.7893382399049075
HYPEUSDT,SHORT,1781278200,1781280000,60.83,62.31285714285714,60.08857142857143,TP2,0.4507734104046242,0.024377069585026157,1,0.3500897666068241,1.469519188308453
NEARUSDT,LONG,1781280900,1781298000,2.042,1.9837142857142858,2.0711428571428567,SL,-1.0420411764705884,0.028543444802014768,1,0.20155038759689906,-1.7725492977660826
LABUSDT,LONG,1781300700,1781308800,9.802,9.491428571428571,9.957285714285714,TP2,0.4621265869365225,0.03168449587547725,1,0.11416026344676229,-0.9014523086519616
LABUSDT,SHORT,1781350200,1781351100,10.165,10.481714285714284,10.006642857142857,TP2,0.46148579161028125,0.031157332583795872,1,0.2724776938915561,1.5853086511317722
TAOUSDT,SHORT,1781353800,1781359200,246.5,255.4142857142857,242.04285714285714,SL,-1.0331826923076923,0.03616343088959722,1,0.32846715328467135,0.9326304793692223
NEARUSDT,SHORT,1781367300,1781368200,2.127,2.1835714285714283,2.0987142857142853,TP2,0.4548818181818221,0.02659681644166837,1,0.2802768166089963,1.5012753157124132
TAOUSDT,LONG,1781381700,1781387100,251.9,241.74285714285713,256.97857142857146,TP2,0.4702396624472589,0.04032212329155566,1,0.22053231939163515,-1.299771287708232
TAOUSDT,SHORT,1781411400,1781419500,276.3,285.4142857142857,271.74285714285713,TP2,0.4636219435736708,0.0329869189804043,1,0.3371757925072044,1.3690073493353052
TAOUSDT,LONG,1781424000,1781425800,269.3,262.0714285714286,272.9142857142857,TP2,0.455294071146245,0.026842077343376958,1,0.10469314079422283,-2.1808241055399185
LABUSDT,SHORT,1781432100,1781441100,9.95,10.309857142857142,9.770071428571429,TP2,0.466820166732828,0.036166547020818306,1,0.050026329647183086,-0.7054568832509944
LABUSDT,LONG,1781442000,1781461800,9.99,9.571714285714286,10.199142857142856,SL,-1.0286598360655739,0.04187044187044186,1,0.07990543735224614,-0.21986822130916686
TAOUSDT,LONG,1781444700,1781455500,262.9,255.57142857142856,266.5642857142857,TP2,0.4569520467836258,0.027875889800576002,1,0.16434540389972277,-1.420294905039534
ZECUSDT,SHORT,1781481600,1781490600,472.12,488.73285714285714,463.81357142857144,SL,-1.0341027431421446,0.03518778518778522,1,0.7812651674486346,1.3399998952769745
TAOUSDT,SHORT,1781491500,1781492400,280.4,288.4142857142857,276.3928571428571,TP2,0.4580149732620321,0.028581618096596713,1,0.3012820512820512,2.0637045773150993
LABUSDT,LONG,1781513100,1781556300,10.012,9.417714285714286,10.309142857142858,EXPIRED,-0.3685338461538474,0.05935734261743051,1,0.1527524608093329,-1.8178396328438766
NEARUSDT,SHORT,1781514000,1781521200,2.37,2.4295714285714283,2.340214285714286,SL,-1.0477410071942448,0.025135623869800963,1,0.06870229007633702,-0.2492304279494693
NEARUSDT,SHORT,1781525700,1781536500,2.47,2.5404285714285715,2.4347857142857148,SL,-1.0420851926977688,0.028513591671486347,1,0.21194029850746246,1.6505002850905333
XLMUSDT,SHORT,1781528400,1781532000,0.20343,0.2089557142857143,0.20066714285714285,SL,-1.0441781799379524,0.027162730598801987,1,0.7533368926855308,1.7607783866891262
XLMUSDT,LONG,1781577900,1781582400,0.20972,0.2033842857142857,0.21288785714285713,TP2,0.460278511837655,0.03021034849186671,1,0.22557823129251728,-1.4996184077856851
LABUSDT,SHORT,1781585100,1781597700,9.953,10.297714285714285,9.780642857142857,SL,-1.0346478242851223,0.03463420935539895,1,0.22698684962835836,1.508211753350131
LABUSDT,SHORT,1781602200,1781604900,10.477,10.826428571428572,10.302285714285714,SL,-1.0359798855273916,0.03335196825699829,1,0.42151394422310784,1.510176362305223
XLMUSDT,SHORT,1781602200,1781606700,0.22095,0.2263257142857143,0.21826214285714288,SL,-1.0493218176986447,0.02433000355607278,1,0.38813493602171256,1.1050933010386348
LABUSDT,SHORT,1781659800,1781668800,13.285,13.891428571428571,12.981785714285714,SL,-1.0262883392226148,0.045647615463196935,1,0.24823647967752793,0.5113363108188358
XLMUSDT,SHORT,1781669700,1781680500,0.22532,0.23259,0.221685,TP2,0.4628082530949106,0.0322652227942482,1,0.20421299005266302,0.6116516742946759
ZECUSDT,LONG,1781700300,1781703900,480.59,467.24285714285713,487.2635714285714,TP2,0.4567916515038018,0.027772410697565218,1,0.564157987816859,-2.1648523807154083
LABUSDT,SHORT,1781712900,1781717400,13.188,13.710714285714287,12.926642857142857,TP2,0.4697241869363214,0.03963559946271503,1,0.19069767441860466,0.10995252265035702
XLMUSDT,SHORT,1781712900,1781720100,0.2277,0.23423285714285716,0.22443357142857145,TP2,0.4581745025147584,0.028690633038459083,1,0.25478857968919383,0.8919635195735073
HYPEUSDT,SHORT,1781714700,1781716500,75.86,77.68428571428572,74.94785714285715,TP2,0.4500999216914605,0.02404805845354226,1,0.56170703575548,1.9540966978241208
ZECUSDT,LONG,1781727300,1781757000,482.76,467.7685714285714,490.2557142857143,SL,-1.038642881646655,0.031053584744859947,1,0.0535739264232758,-1.6216850073305307
XLMUSDT,SHORT,1781739000,1781745300,0.22677,0.23221714285714284,0.22404642857142856,SL,-1.0499571990558616,0.024020562054693533,1,0.03599848427434561,0.7758423557787174
LABUSDT,SHORT,1781751600,1781753400,14.294,15.250857142857143,13.81557142857143,TP2,0.4820738130785309,0.06694117411901097,1,0.4051010268300764,2.310580915599517
LABUSDT,SHORT,1781772300,1781777700,15.356,16.033285714285714,15.017357142857142,SL,-1.0272074245939675,0.0441056078591896,1,0.398168103448276,1.8810632978850115
BILLUSDT,LONG,1781799300,1781811900,0.06404,0.062451428571428574,0.06483428571428572,SL,-1.0483755395683454,0.02480592486838581,1,0.24403183023872638,-1.9751005217404292
LABUSDT,SHORT,1781808300,1781820000,17.014,17.96128571428571,16.540357142857143,SL,-1.021552948273262,0.055676837562343574,1,0.34489621836792683,1.644194248228449
LABUSDT,SHORT,1781831700,1781832600,17.768,18.60657142857143,17.348714285714287,TP2,0.47457390119250215,0.04719560043738345,1,0.21105866486851035,0.5089792713408973
XLMUSDT,LONG,1781845200,1781877600,0.21994,0.21434285714285714,0.22273857142857142,TP2,0.4528459418070444,0.025448498941269694,1,0.4703588143525742,-2.0188784668441344
LABUSDT,LONG,1781887500,1781892000,14.561,13.659428571428572,15.011785714285715,SL,-1.0193808271272382,0.06191686206795054,1,0.2660098522167488,-1.619515608835116
AVAXUSDT,LONG,1781897400,1781899200,5.746,5.570428571428573,5.833785714285715,TP2,0.4607270951993515,0.0305554174332454,1,0.3859822309970387,-2.1494592900759786
LABUSDT,LONG,1781919900,1781922600,12.373,11.622714285714284,12.748142857142856,SL,-1.0197892612338157,0.06063894886330836,1,0.11678832116788271,-1.3711990425998395
LABUSDT,SHORT,1781959500,1781960400,12.374,12.858285714285715,12.131857142857143,TP2,0.46933876106194694,0.03913736174929001,1,0.08579881656804729,1.0352595717166588
LABUSDT,SHORT,1782020700,1782025200,14.147,14.88857142857143,13.776214285714286,SL,-1.022892467732614,0.052418988377142095,1,0.2223543400713435,1.8131757419629715
LABUSDT,SHORT,1782033300,1782034200,15.124,16.014714285714287,14.678642857142858,TP2,0.47962444266238874,0.05889409453281442,1,0.4733509234828496,0.5815993593867207
LABUSDT,LONG,1782057600,1782060300,13.973,12.93057142857143,14.494214285714287,SL,-1.0160851308757024,0.0746030610054084,1,0.41418190929591553,-1.202496292275981
LABUSDT,SHORT,1782090000,1782090900,17.141,18.413,16.505,TP2,0.4838292452830175,0.07420803920424716,1,0.6403720289355834,1.8022695111215832
LABUSDT,LONG,1782133200,1782148500,15.057,14.537,15.317,TP2,0.46525307692307694,0.03453543202497179,1,0.06351883080382305,0.7678638921999643
LABUSDT,SHORT,1782156600,1782159300,16.711,17.519714285714283,16.306642857142855,TP2,0.4752036036036058,0.04839412876035457,1,0.5317164179104472,2.173833436616409
LABUSDT,SHORT,1782285300,1782286200,16.389,17.376571428571427,15.895214285714285,TP2,0.4800856936207146,0.06025818711156442,1,0.5872860635696807,1.2363640343379807
AAVEUSDT,SHORT,1782302400,1782306900,75.85,77.8,74.875,TP2,0.4533230769230732,0.025708635464733013,1,0.4328678839957036,1.8842377899287681
AAVEUSDT,SHORT,1782337500,1782352800,78.08,80.77714285714285,76.73142857142857,SL,-1.0347389830508475,0.03454332552693208,1,0.24999999999999972,1.5728179615697886
LABUSDT,LONG,1782360000,1782360900,15.91,15.19657142857143,16.266714285714286,TP2,0.47323908690428634,0.0448415192601239,1,0.034756703078450975,-0.8707344662659358
LABUSDT,SHORT,1782371700,1782377100,16.939,17.698285714285714,16.55935714285714,TP2,0.47322904985889225,0.04482470714243547,1,0.26717158527030604,1.5051268846207213
BILLUSDT,SHORT,1782392400,1782395100,0.04304,0.044321428571428574,0.042399285714285716,TP2,0.45969498327759195,0.029772968667020703,1,0.027932960893855587,1.0799057912615744
AAVEUSDT,SHORT,1782395100,1782396000,81.05,83.40142857142857,79.87428571428572,TP2,0.4586379100850516,0.0290120736758614,1,0.05593869731800786,-1.3053360594484316
LABUSDT,SHORT,1782404100,1782415800,17.989,18.877000000000002,17.545,SL,-1.0243094594594595,0.04936349991661577,1,0.3242489934964377,0.965374517290968
HYPEUSDT,SHORT,1782411300,1782423900,62.896,64.73214285714286,61.97792857142857,SL,-1.0411052983739204,0.029193316858669206,1,0.007158465827744628,1.26720476864908
AAVEUSDT,LONG,1782415800,1782418500,79.67,76.24857142857144,81.38071428571429,TP2,0.47205728601252817,0.04294500528967701,1,0.09104477611940286,-1.6006494242327813
AAVEUSDT,SHORT,1782452700,1782456300,83.56,85.90714285714286,82.38642857142857,SL,-1.0427208764455265,0.028089311358818335,1,0.17057569296375164,0.8846038178160524
LABUSDT,LONG,1782458100,1782460800,17.774,16.956714285714288,18.182642857142856,TP2,0.47390288411116716,0.04598209262325378,1,0.01193595342066969,-1.398912304762381
LABUSDT,SHORT,1782477000,1782478800,18.722,19.375285714285717,18.395357142857144,TP2,0.46561014651213645,0.03489401315488269,1,0.23401162790697655,1.723283829984974
AAVEUSDT,SHORT,1782477900,1782484200,86.43,88.83428571428571,85.22785714285715,SL,-1.0431379679144386,0.02781772202112352,1,0.014273719563392238,0.9503565018196628
HYPEUSDT,SHORT,1782490500,1782507600,64.46,66.12757142857141,63.62621428571428,TP2,0.4536139809817527,0.025869863924471406,1,0.3500202949533198,1.113917220694798
AAVEUSDT,SHORT,1782494100,1782506700,95.33,99.03428571428572,93.47785714285715,TP2,0.46911793289625725,0.03885750251007778,1,0.5243317340644265,1.6135342110045587
AAVEUSDT,LONG,1782512100,1782513900,94.44,92.05,95.63499999999999,TP2,0.4525824267782396,0.02530707327403639,1,0.2216666666666669,-0.36984366970202126
LABUSDT,SHORT,1782524700,1782526500,17.372,18.39242857142857,16.861785714285716,SL,-1.0204290634187316,0.058739844084076155,1,0.23903050564145417,-2.9135059000402332
LABUSDT,SHORT,1782610200,1782612900,17.19,17.95757142857143,16.806214285714287,TP2,0.4731256281407035,0.044652206432311124,1,0.510329941412273,1.732336615659575
BILLUSDT,SHORT,1782627300,1782636300,0.04163,0.04265714285714285,0.041116428571428575,TP2,0.45136411682892896,0.024673140935451705,1,0.2394881170018287,0.84729529885031
BILLUSDT,SHORT,1782651600,1782656100,0.04393,0.04514142857142857,0.04332428571428571,SL,-1.0435155660377358,0.027576338980846157,1,0.33611111111111197,1.3463411428334742
LABUSDT,LONG,1782699300,1782702000,14.713,13.772714285714285,15.183142857142856,SL,-1.0187768459434823,0.06390849685894884,1,0.5059107358262973,-1.3773808003733055
BILLUSDT,SHORT,1782714600,1782716400,0.04391,0.04510857142857143,0.043310714285714286,TP2,0.4560376638855752,0.027296092657058277,1,0.1892857142857135,2.0005470184492578
LABUSDT,LONG,1782750600,1782759600,14.781,14.285285714285715,15.028857142857143,TP2,0.4642189048991354,0.03353726308871426,1,0.0838658146964854,-0.9999863778727919
BILLUSDT,SHORT,1782770400,1782782100,0.05391,0.055947142857142855,0.052891428571428575,TP2,0.4682437587657767,0.037787847470652114,1,0.3465346534653477,1.8675079788514812
BILLUSDT,LONG,1782825300,1782828000,0.04488,0.043441428571428575,0.04559928571428572,TP2,0.462562859980139,0.032053730583142356,1,0.30076335877862587,-1.7836641883581383
LABUSDT,SHORT,1782835200,1782873000,13.022,13.936428571428571,12.564785714285714,TP2,0.48291129511014,0.07022182241042633,1,0.010055865921787747,0.8273154956883348
XLMUSDT,SHORT,1782875700,1782882000,0.20382,0.21130428571428572,0.20007785714285714,TP2,0.4673203283069288,0.03672007513632476,1,0.5899503722084367,1.3390535502095673
LABUSDT,LONG,1782876600,1782886500,12.046,11.524142857142857,12.306928571428571,SL,-1.027699534629072,0.043322027466141666,1,0.43339587242026406,-1.6649528959182334
BILLUSDT,SHORT,1782921600,1782924300,0.04322,0.04429714285714286,0.04268142857142857,SL,-1.0481496021220158,0.02492232432075099,1,0.08433734939758955,1.7681512266054056
LABUSDT,SHORT,1782952200,1782960300,8.973,9.27057142857143,8.824214285714287,SL,-1.0361849255880942,0.03316298100651157,1,0.03171641791044667,-0.172891773313673
BILLUSDT,LONG,1782963000,1782972900,0.04247,0.04125714285714285,0.04307642857142857,TP2,0.45798021201413147,0.028557973695718022,1,0.18390804597701238,-0.7699752094594736
LABUSDT,SHORT,1782964800,1782966600,9.893,10.515571428571429,9.581714285714286,TP2,0.4809313446535122,0.06293049919856748,1,0.34979727239218583,1.4376317653202602
BILLUSDT,SHORT,1782973800,1782982800,0.04264,0.043737142857142856,0.04209142857142857,TP2,0.4533624999999969,0.025730367193781873,1,0.036885245901639295,0.6078727843187098
BILLUSDT,SHORT,1783011600,1783031400,0.04412,0.04555571428571428,0.043402142857142854,SL,-1.0368764179104477,0.032541121616370926,1,0.17723577235772342,1.6849671687006367
BILLUSDT,SHORT,1783041300,1783044000,0.04541,0.04664857142857143,0.04479071428571429,SL,-1.043995847750865,0.027275301223770695,1,0.1741293532338316,0.8998355892901891
BILLUSDT,LONG,1783098000,1783107900,0.04231,0.04120142857142857,0.042864285714285716,SL,-1.0457994845360825,0.026201168247965728,1,0.1374764595103573,-1.1554795899625805
LABUSDT,SHORT,1783114200,1783116000,6.152,6.433285714285714,6.011357142857143,TP2,0.47375479939055354,0.045722645365038034,1,0.1859205776173274,1.6720537271359939
LABUSDT,SHORT,1783150200,1783152900,8.942,9.782,8.522,SL,-1.0127742857142856,0.09393871617087904,1,0.593236484877352,1.6986352995008702
LABUSDT,SHORT,1783174500,1783179900,13.197,14.882571428571428,12.354214285714285,SL,-1.0093952707856597,0.12772383333874585,1,0.4947216196673897,1.300134247362342
ADAUSDT,SHORT,1783183500,1783188000,0.1935,0.1994,0.19055,SL,-1.0393559322033898,0.030490956072351402,1,0.6564885496183204,1.556469352557038
BILLUSDT,SHORT,1783304100,1783305900,0.04379,0.045040000000000004,0.043165,TP2,0.4579615999999999,0.02854532998401457,1,0.1830508474576289,1.5752583151827424
BILLUSDT,SHORT,1783318500,1783322100,0.04699,0.04877571428571428,0.04609714285714285,TP2,0.4684227200000019,0.03800200650594353,1,0.37440758293838894,1.807685343701276
LABUSDT,SHORT,1783319400,1783320300,17.093,17.88885714285714,16.695071428571428,TP2,0.4742270328486829,0.04656041320172836,1,0.3448380260369373,1.9341760951465266
LABUSDT,LONG,1783354500,1783356300,16.147,15.563714285714283,16.438642857142856,SL,-1.033219397501837,0.03612347273708519,1,0.3776961909132628,-1.398438725751773
AAVEUSDT,SHORT,1783355400,1783377000,96.26,99.09428571428572,94.84285714285714,TP2,0.4592447580645187,0.029444065180612038,1,0.317216117216118,1.5556477821179633
BILLUSDT,SHORT,1783366200,1783368900,0.04295,0.044115714285714286,0.04236714285714286,SL,-1.0442132352941176,0.02714119407949443,1,0.2774869109947643,0.9684449907479488
LABUSDT,LONG,1783408500,1783412100,13.802,13.123000000000001,14.141499999999999,SL,-1.0243923416789396,0.049195768729169635,1,0.0988626421697289,-1.7503000601764198
LABUSDT,LONG,1783430100,1783441800,7.937,5.836857142857143,8.98707142857143,SL,-1.0045351200598598,0.2646015947011285,1,0.40101776925002086,-1.6501572477315245
BILLUSDT,LONG,1783449900,1783450800,0.04093,0.03968857142857143,0.04155071428571429,SL,-1.0395640966628308,0.03033052947541099,1,0.36973478939157595,-1.6134431221446994
LABUSDT,SHORT,1783471500,1783474200,6.49,7.542,5.964,TP2,0.49259695817490495,0.162095531587057,1,0.3292806484295848,1.4644685428453756
LABUSDT,LONG,1783478700,1783482300,4.627,3.4335714285714287,5.223714285714285,SL,-1.0046524778549197,0.25792707400660714,1,0.2760583422269656,-1.554207555420046
BILLUSDT,LONG,1783488600,1783491300,0.03669,0.035441428571428575,0.037314285714285716,TP2,0.4647372997711698,0.034030292411322625,1,0.5748502994011994,-1.0901247508917045
LABUSDT,LONG,1783522800,1783566000,1.506,0.9859999999999999,1.766,EXPIRED,-0.4592446153846155,0.3452855245683932,1,0.24521251751517978,-1.689605455831422
BILLUSDT,SHORT,1783530000,1783535400,0.03732,0.038278571428571426,0.03684071428571428,SL,-1.046719523099851,0.02568519369162456,1,0.1228813559322044,2.0394941935223394
BILLUSDT,SHORT,1783701000,1783701900,0.0397,0.040857142857142856,0.03912142857142857,TP2,0.45882962962962953,0.029147175242893064,1,0.28925619834710703,2.0866330789711838
BILLUSDT,SHORT,1783739700,1783740600,0.03983,0.04078999999999999,0.039349999999999996,TP2,0.4502125000000035,0.02410243535023843,1,0.24235294117646908,1.3268867307078267
LABUSDT,LONG,1783819800,1783828800,0.534,0.4765714285714286,0.5627142857142857,TP2,0.4888417910447756,0.1075441412520064,1,0.5447761194029853,-1.4120259812782041
BILLUSDT,SHORT,1783829700,1783836900,0.0429,0.04456285714285714,0.04206857142857143,TP2,0.4690412371134042,0.038761238761238756,1,0.27710843373494004,1.057726035863495
BILLUSDT,SHORT,1783872900,1783873800,0.04859,0.050602857142857144,0.047583571428571426,TP2,0.4710322214336427,0.04142533737100524,1,0.41271989174560136,2.0178328527755593
LABUSDT,LONG,1783873800,1783884600,0.455,0.41414285714285715,0.4754285714285714,SL,-1.0133636363636365,0.08979591836734693,1,0.1124260355029583,-1.2625954178625494
BILLUSDT,SHORT,1783889100,1783894500,0.05193,0.05468142857142857,0.05055428571428571,TP2,0.47735140186915886,0.052983411735578134,1,0.1900220102714598,1.215919142042373
BILLUSDT,SHORT,1783958400,1783964700,0.05951,0.06297714285714286,0.05777642857142857,TP2,0.47940321384425316,0.058261516671867894,1,0.2946495855312736,1.5116575312598228
LABUSDT,LONG,1783967400,1783985400,0.23,0.18067142857142857,0.25466428571428573,TP2,0.49440486533449174,0.21447204968944109,1,0.5257854179016,-1.8321652961990516
BILLUSDT,SHORT,1783986300,1783998000,0.05937,0.06154428571428571,0.05828285714285714,TP2,0.4672333771353482,0.03662263288337061,1,0.06242638398115367,1.3783641632581791
LABUSDT,SHORT,1784005200,1784013300,0.3149,0.3900857142857143,0.27730714285714286,TP2,0.49497404522135663,0.2387606042734655,1,0.1263243683781581,0.5300982204197227
LABUSDT,SHORT,1784031300,1784034900,0.3074,0.34167142857142857,0.2902642857142857,TP2,0.48923651521467354,0.11148805651082816,1,0.1912087912087912,2.259374214472471
LABUSDT,LONG,1784083500,1784088000,0.2324,0.20928571428571427,0.24395714285714284,TP2,0.4879347342398016,0.09945906073272685,1,0.4461206896551721,-1.9947204035820378
BILLUSDT,LONG,1784085300,1784088900,0.03925,0.037458571428571424,0.040145714285714285,TP2,0.47370813397128997,0.04564149226569612,1,0.3978494623655922,-1.553051013406245
LABUSDT,SHORT,1784160900,1784163600,0.2346,0.2548142857142857,0.22449285714285716,TP2,0.4860732155477025,0.08616490074290585,1,0.1312649164677805,0.6760149794759209
BILLUSDT,LONG,1784163600,1784165400,0.03384,0.03271714285714286,0.034401428571428576,SL,-1.0361648854961831,0.03318135764944278,1,0.18609406952965316,-0.3068634200568467
BILLUSDT,LONG,1784176200,1784178900,0.03017,0.02873,0.03089,TP2,0.4748583333333346,0.047729532648326196,1,0.6192000000000007,-1.8139547898120292
BILLUSDT,LONG,1784201400,1784203200,0.02899,0.027685714285714286,0.029642142857142856,TP2,0.4733279299014252,0.04499088355590594,1,0.08256880733944999,-0.7993600806390918
LABUSDT,SHORT,1784218500,1784224800,0.2139,0.2242,0.20875,TP2,0.4750796116504868,0.04815334268349702,1,0.038626609442060526,0.9619868789900798
LABUSDT,LONG,1784235600,1784240100,0.2125,0.20545714285714284,0.21602142857142856,TP2,0.46379310344827396,0.03314285714285715,1,0.061728395061728336,-0.42284418232802434
BILLUSDT,LONG,1784244600,1784250000,0.02688,0.026070000000000003,0.027285,TP2,0.46017777777777774,0.03013392857142854,1,0.40051679586563343,-1.8760436282919566
BILLUSDT,LONG,1784276100,1784278800,0.02282,0.021637142857142858,0.023411428571428573,TP2,0.4768492753623203,0.05183423062476524,1,0.4943273905996766,-1.818823829966007
BILLUSDT,SHORT,1784288700,1784292300,0.02756,0.029265714285714287,0.02670714285714286,TP2,0.4806110552763809,0.06189093924942981,1,0.4563591022443897,1.479667691008134
LABUSDT,SHORT,1784329200,1784330100,0.1885,0.19412857142857143,0.1856857142857143,TP2,0.4598121827411168,0.02985979537703677,1,0.04629629629629644,1.3500964210877946
BILLUSDT,SHORT,1784338200,1784339100,0.02353,0.024322857142857143,0.023133571428571427,TP2,0.46438702702702706,0.033695586181774026,1,0.024128686327078666,0.16106606999360212
LABUSDT,LONG,1784349900,1784356200,0.1785,0.1725142857142857,0.18149285714285715,TP2,0.4642147971360406,0.03353341336534618,1,0.18490566037735967,-1.682594443037632
LABUSDT,SHORT,1784358900,1784360700,0.1892,0.19625714285714285,0.18567142857142857,SL,-1.0321716599190283,0.03729990939293265,1,0.14782608695652188,1.8949538784100104
BILLUSDT,SHORT,1784375100,1784378700,0.02402,0.024984285714285712,0.02353785714285714,TP2,0.4701084444444462,0.04014511716426784,1,0.24901185770750908,1.7517397231785692
LABUSDT,SHORT,1784393100,1784402100,0.1933,0.19994285714285714,0.1899785714285714,TP2,0.4650812903225828,0.0343655310028823,1,0.3707165109034267,1.184450774684065
BILLUSDT,SHORT,1784415600,1784418300,0.02548,0.02632142857142857,0.025059285714285714,TP2,0.46366179966044135,0.0330230993496299,1,0.17741935483870985,1.3535743947571657
BILLUSDT,SHORT,1784461500,1784465100,0.0272,0.028457142857142854,0.02657142857142857,TP2,0.474036363636365,0.04621848739495796,1,0.3260393873085342,1.3660464378373995
BILLUSDT,SHORT,1784561400,1784574900,0.02492,0.025655714285714285,0.02455214285714286,TP2,0.4593537864077669,0.029523045173125397,1,0.08894878706199452,0.9111603985244521
BILLUSDT,LONG,1784625300,1784644200,0.02415,0.023495714285714286,0.024477142857142857,TP2,0.4557074235807834,0.027092576160899166,1,0.11801242236024913,0.5034032644368667
BILLUSDT,SHORT,1784646900,1784650500,0.02494,0.02558857142857143,0.024615714285714286,SL,-1.0461444933920705,0.026005269790353985,1,0.29961089494163307,2.1545020615746022
LABUSDT,SHORT,1784691000,1784692800,0.1609,0.17118571428571427,0.15575714285714284,SL,-1.0187716666666666,0.06392612980555804,1,0.3761061946902653,2.2831214321482842
LABUSDT,SHORT,1784731500,1784737800,0.1557,0.16475714285714285,0.15117142857142857,SL,-1.0206290220820189,0.058170474355445444,1,0.3062330623306233,1.5650428066896276
BILLUSDT,SHORT,1784826000,1784834100,0.02757,0.029212857142857145,0.02674857142857143,SL,-1.0201380869565218,0.05958857971915641,1,0.22003034901365687,1.0569509678625515
BILLUSDT,SHORT,1784838600,1784840400,0.03113,0.03261571428571429,0.03038714285714286,TP2,0.4748565384615373,0.04772612546464133,1,0.6249999999999986,1.5760418352130363
BILLUSDT,SHORT,1784976300,1784978100,0.02761,0.028494285714285715,0.027167857142857143,TP2,0.4625324717285926,0.032027733222952354,1,0.2010178117048342,1.1594470767652818
LABUSDT,LONG,1784982600,1784985300,0.147,0.14332857142857142,0.14883571428571427,TP2,0.4519533073929923,0.02497570456754128,1,0.3857142857142853,-1.7458540529753255
LABUSDT,SHORT,1785026700,1785035700,0.1551,0.15927142857142856,0.1530142857142857,TP2,0.4553821917808186,0.02689509072487799,1,0.41176470588235276,1.9116639120199743
LABUSDT,SHORT,1785058200,1785064500,0.152,0.15602857142857143,0.14998571428571428,SL,-1.0452765957446808,0.02650375939849627,1,0.15254237288135572,2.16872984551827
LABUSDT,SHORT,1785078900,1785082500,0.1597,0.16508571428571428,0.15700714285714287,SL,-1.035583023872679,0.03372394668575005,1,0.25333333333333236,1.4133469385057735
BILLUSDT,LONG,1785138300,1785143700,0.02452,0.023924285714285714,0.02481785714285714,TP2,0.45060719424460144,0.024295036122116056,1,0.2941176470588234,-1.5650037487830122
LABUSDT,SHORT,1785200400,1785203100,0.1416,0.14681428571428573,0.13899285714285714,SL,-1.032587397260274,0.03682405165456019,1,0.02583025830258332,1.1795988772017694
BILLUSDT,LONG,1785201300,1785209400,0.02256,0.022002857142857143,0.02283857142857143,TP2,0.451409230769234,0.024696048632218894,1,0.5955882352941199,-1.0940382710069618
LABUSDT,SHORT,1785247200,1785251700,0.1433,0.1469857142857143,0.14145714285714286,TP2,0.45334418604651167,0.025720267171767536,1,0.025210084033613016,0.4677502714702514
LABUSDT,LONG,1785296700,1785301200,0.1372,0.13358571428571428,0.13900714285714283,TP2,0.45444743083003564,0.026343190337359396,1,0.14285714285714352,-2.0294541571393276
LABUSDT,SHORT,1785363300,1785367800,0.157,0.16297142857142857,0.15401428571428571,TP2,0.4684497607655502,0.038034576888080075,1,0.43165467625899334,2.2156909161902196
LABUSDT,LONG,1785383100,1785384900,0.1486,0.14351428571428573,0.15114285714285716,TP2,0.46493707865168815,0.03422418765621995,1,0.3770491803278685,-1.2182213421935724
LABUSDT,LONG,1785401100,1785407400,0.1447,0.1407142857142857,0.14669285714285712,TP2,0.45643440860214696,0.027544673709151896,1,0.354430379746833,-1.6187410014655192
LABUSDT,SHORT,1785557700,1785561300,0.1659,0.17441428571428572,0.16164285714285714,TP2,0.47661812080536753,0.05132179454060104,1,0.4421052631578932,1.5743748765926415
LABUSDT,LONG,1785579300,1785597300,0.1483,0.14444285714285715,0.1502285714285714,SL,-1.0461377777777778,0.026009055004334786,1,0.5027624309392278,-1.1572083440742553
LABUSDT,SHORT,1785949200,1785951000,0.1535,0.15764285714285714,0.1514285714285714,TP2,0.45553793103448614,0.026989297347603563,1,0.4225352112676035,1.488325228643608
LABUSDT,LONG,1785954600,1785957300,0.1336,0.12527142857142856,0.1377642857142857,SL,-1.0192493996569467,0.06233960650128316,1,0.4904458598726112,-2.48471138669971
LABUSDT,SHORT,1785982500,1785984300,0.1342,0.1391571428571429,0.13172142857142857,TP2,0.46751354466858797,0.036938471364700964,1,0.2792792792792795,1.176814915019617
LABUSDT,LONG,1785997800,1785999600,0.128,0.12428571428571429,0.12985714285714287,TP2,0.45864615384615576,0.029017857142857168,1,0.3908045977011507,-1.2914582202829796
BILLUSDT,SHORT,1786267800,1786268700,0.0264,0.02718142857142857,0.026009285714285714,SL,-1.0405411334552102,0.029599567099567115,1,0.4230769230769214,1.7108913631975582
BILLUSDT,LONG,1786282200,1786301100,0.02579,0.024724285714285716,0.026322857142857144,SL,-1.0290396782841824,0.04132277183847559,1,0.029702970297029934,-1.374261269471836
LABUSDT,SHORT,1786447800,1786450500,0.1191,0.12285714285714286,0.11722142857142857,TP2,0.4619604562737624,0.03154611970732878,1,0.039999999999999904,1.8543234278611633
LABUSDT,SHORT,1786995900,1786997700,0.08298,0.08522285714285714,0.08185857142857143,TP2,0.45560305732483763,0.02702888820025478,1,0.29621380846325157,1.1772558416465808
LABUSDT,SHORT,1787015700,1787016600,0.08465,0.08772714285714285,0.08311142857142857,TP2,0.46698885793872086,0.03635136275419792,1,0.19501466275659773,2.159692943376001
HYPEUSDT,SHORT,1787176800,1787184000,71.332,75.1392857142857,69.42835714285714,TP2,0.47751721136167496,0.05337416186684391,1,0.532996652102365,1.0833300558955163
LABUSDT,LONG,1787189400,1787205600,0.0806,0.07866428571428571,0.08156785714285715,TP2,0.4500339483394835,0.02401630627437085,1,0.2910927456382005,-1.5036713582197465
XRPUSDT,SHORT,1787236200,1787238000,1.2361,1.267742857142857,1.2202785714285713,TP2,0.45312306997743024,0.02559894599373609,1,0.7027914614121508,1.9343616392232528
XLMUSDT,SHORT,1787239800,1787246100,0.18126,0.18631,0.178735,SL,-1.0430716831683169,0.02786053183272642,1,0.13035467526485484,0.26304298181218544
ADAUSDT,SHORT,1787242500,1787246100,0.1962,0.20094285714285715,0.19382857142857143,SL,-1.0496409638554216,0.024173583806611335,1,0.2701421800947865,1.1546703951566482
LABUSDT,SHORT,1787247900,1787250600,0.08512,0.08733857142857143,0.08401071428571429,SL,-1.0460404378622024,0.026064044038668053,1,0.49436795994993443,1.4561581510135895
LABUSDT,LONG,1787304600,1787313600,0.07991,0.07701571428571428,0.08135714285714285,TP2,0.4668685093780849,0.0362193181615031,1,0.34235976789168193,-1.7572835971534573
TAOUSDT,SHORT,1787317200,1787319900,228.3,233.78571428571428,225.55714285714288,TP2,0.45005937499999993,0.024028533883987204,1,0.18021201413427634,1.6015429420327938
LABUSDT,SHORT,1787321700,1787325300,0.08479,0.08694142857142857,0.08371428571428571,SL,-1.0472932270916335,0.0253736121173319,1,0.5898673100120619,2.11386427695611
ADAUSDT,SHORT,1787328900,1787338800,0.2172,0.22311428571428574,0.21424285714285715,TP2,0.4559304347826064,0.02722967640094717,1,0.0882352941176466,0.5620964719047197
ZECUSDT,SHORT,1787330700,1787338800,670.13,688.8542857142858,660.7678571428571,TP2,0.45705278095674073,0.027941273654791963,1,0.3760694358338506,1.9050643715672706
AAVEUSDT,SHORT,1787350500,1787357700,120.5,123.79857142857142,118.85071428571429,SL,-1.0438371589432656,0.0273740367516301,1,0.503177354130562,1.8582869824561292
XRPUSDT,SHORT,1787359500,1787363100,1.4467,1.4951285714285714,1.4224857142857144,SL,-1.0358474336283185,0.033475199715608875,1,0.37753036437247006,0.7953844672937768
XLMUSDT,SHORT,1787364000,1787367600,0.20442,0.2105557142857143,0.20135214285714284,SL,-1.039979697322468,0.030015234740799767,1,0.35045871559632974,1.0049688942604573
AAVEUSDT,SHORT,1787365800,1787368500,123.03,126.4,121.345,SL,-1.0438089020771513,0.027391693082987906,1,0.29687500000000083,0.5103451244051229
AAVEUSDT,LONG,1787458500,1787461200,124.35,121.35142857142857,125.84928571428571,SL,-1.0497636969985709,0.024113964041587665,1,0.09965635738831549,-0.7861932814517019
ADAUSDT,LONG,1787463000,1787474700,0.2178,0.21207142857142855,0.2206642857142857,TP2,0.45437605985037166,0.02630198084743541,1,0.39024390243902324,-1.0909224742531045
LABUSDT,LONG,1787463000,1787465700,0.0718,0.06985714285714287,0.07277142857142857,TP2,0.45565294117647054,0.027059291683247087,1,0.35552596537949277,-1.326195118377249
NEARUSDT,LONG,1787463000,1787472000,1.839,1.794,1.8615,TP2,0.45096,0.02446982055464926,1,0.36999999999999805,-0.6337635707585136
BILLUSDT,SHORT,1787480100,1787485500,0.02211,0.022962857142857142,0.02168357142857143,TP2,0.46889045226130655,0.038573366931575884,1,0.43859649122807126,1.4702303562812324
AAVEUSDT,SHORT,1787486400,1787489100,127.76,130.9,126.19,SL,-1.0488254777070063,0.0245773324984346,1,0.32893772893772877,1.31888519712318
ZECUSDT,LONG,1787527800,1787533200,852.07,828.49,863.86,SL,-1.043362340966921,0.027673782670437862,1,0.2141011443337018,-0.7434808044073332
TAOUSDT,LONG,1787530500,1787534100,239.1,233.25714285714284,242.02142857142857,TP2,0.4508938875305624,0.024436876381669376,1,0.01960784313725512,-1.323632307356704
NEARUSDT,SHORT,1787532300,1787536800,2.036,2.0892857142857144,2.009357142857143,TP2,0.45414906166219426,0.0261717653662644,1,0.3495145631067965,1.1077709999782397
AAVEUSDT,LONG,1787533200,1787536800,140.32,136.49714285714285,142.23142857142855,SL,-1.0440466367713004,0.027243850790030943,1,0.04718810601163459,-0.6398084319101817
SUIUSDT,LONG,1787537700,1787539500,0.8234,0.8001,0.8350500000000001,TP2,0.4575931330472126,0.028297303862035446,1,0.2963311382878638,-1.7683617200327455
AAVEUSDT,SHORT,1787546700,1787557500,142.77,146.37571428571428,140.96714285714287,TP2,0.45248541996830427,0.025255405797536476,1,0.07457212713936404,2.0776476725566635
AAVEUSDT,LONG,1787561100,1787562900,138.45,134.42142857142858,140.4642857142857,TP2,0.458759574468085,0.029097662900479732,1,0.047826086956523316,-1.7412532717389833
NEARUSDT,LONG,1787570100,1787571900,1.96,1.9098571428571427,1.9850714285714286,TP2,0.45309401709401714,0.02558309037900878,1,0.1067193675889331,-0.9792826658278422
LABUSDT,LONG,1787580000,1787581800,0.06939,0.06742142857142856,0.07037428571428571,SL,-1.042298693759071,0.0283696703930167,1,0.22721749696233304,-2.0879508432158445
SUIUSDT,LONG,1787580000,1787581800,0.8181,0.7980428571428573,0.8281285714285714,TP2,0.4510538461538461,0.024516737388024474,1,0.010600706713781076,-0.9068428830420036
NEARUSDT,SHORT,1787586300,1787591700,2.0,2.0589999999999997,1.9705000000000001,TP2,0.459322033898305,0.02949999999999994,1,0.14868804664723023,0.567160688117394
ZECUSDT,LONG,1787599800,1787604300,806.95,783.4985714285715,818.6757142857143,TP2,0.4587086988304094,0.029061811229231776,1,0.47479973297730277,-1.2538020712427094
AAVEUSDT,LONG,1787630400,1787634000,127.88,124.13428571428571,129.75285714285712,TP2,0.4590315789473646,0.029290853031860208,1,0.22894290559638317,-2.4239767156341543
LABUSDT,SHORT,1787706900,1787715900,0.06936,0.0711557142857143,0.06846214285714286,TP2,0.4536496420047732,0.025889767671774557,1,0.05334626576139614,1.8786690416040297
