symbol,direction,entry_time,exit_time,entry,sl,tp1,outcome,net_r,risk_pct,size_mult,eff_ratio,z
TAOUSDT,SHORT,1771665300,1771666200,180.2,181.67142857142855,179.4642857142857,SL,-1.0489864077669904,0.008165530363088619,1,0.10714285714285732,2.219723682508481
HYPEUSDT,SHORT,1771666200,1771667100,30.507,30.758428571428574,30.381285714285717,TP2,0.4514661363636294,0.008241668188565646,1,0.20063694267516002,2.6964876315999864
LABUSDT,SHORT,1771668900,1771674300,0.14074,0.14334,0.13944,TP2,0.4783476923076923,0.018473781440954944,1,0.14485514485514525,2.1705582126079728
HYPEUSDT,LONG,1771677900,1771682400,29.902,29.648857142857143,30.02857142857143,TP2,0.4527507900677131,0.00846575002149881,1,0.13285714285714229,-2.5073383188194085
ZECUSDT,LONG,1771677900,1771683300,259.55,257.14,260.755,TP2,0.4569211618257145,0.009285301483336577,1,0.12761506276150317,-2.5216015408285744
NEARUSDT,LONG,1771681500,1771682400,1.0719,1.058657142857143,1.0785214285714286,TP2,0.46762330097087346,0.01235456399184347,1,0.2249999999999997,-2.0416781209597405
SUIUSDT,SHORT,1771684200,1771687800,0.9639,0.9725,0.9596,TP2,0.45516744186045877,0.008922087353459925,1,0.08872901678657241,2.0223699769520116
AAVEUSDT,LONG,1771690500,1771693200,121.27,119.51714285714286,122.14642857142857,TP2,0.47232632436838223,0.014454169562605264,1,0.14497041420118392,-2.0116081565078914
ADAUSDT,LONG,1771690500,1771708500,0.2811,0.27875714285714287,0.2822714285714286,SL,-1.0479926829268291,0.008334603852213256,1,0.2777777777777772,-2.454025553359359
LABUSDT,SHORT,1771690500,1771691400,0.14122,0.1436757142857143,0.13999214285714287,TP2,0.47699732402559625,0.017389281162117853,1,0.0626185958254264,2.717693813100325
SEIUSDT,LONG,1771691400,1771716600,0.07088,0.07026285714285714,0.07118857142857142,SL,-1.0459407407407408,0.00870686875201546,1,0.14624505928854253,-2.3637291172341945
TAOUSDT,SHORT,1771695900,1771706700,183.8,186.5142857142857,182.44285714285715,TP2,0.47291368421053137,0.014767604539095201,1,0.28571428571428537,2.1064929657725022
HYPEUSDT,LONG,1771707600,1771722900,29.636,29.37442857142857,29.766785714285714,TP2,0.45468006553795737,0.008826138094595374,1,0.07336683417085103,-2.469859899256885
ZECUSDT,SHORT,1771710300,1771713000,261.67,263.9771428571429,260.5164285714286,TP2,0.45463306501546796,0.008816994142021929,1,0.21024734982332444,3.0734966153177816
NEARUSDT,LONG,1771720200,1771729200,1.0398,1.0296714285714288,1.0448642857142858,SL,-1.041064033850494,0.00974088423597938,1,0.20341880341880458,-3.2390634781408636
ZECUSDT,LONG,1771721100,1771722900,257.68,255.17285714285717,258.93357142857144,TP2,0.45888866096866654,0.009729675788353192,1,0.1423813488759358,-2.048882900363891
DOTUSDT,LONG,1771730100,1771739100,1.349,1.3378571428571429,1.3545714285714285,SL,-1.0484256410256412,0.00826008683681032,1,0.16666666666666666,-2.1835204716499876
LABUSDT,LONG,1771730100,1771731000,0.13823,0.13664714285714286,0.13902142857142857,SL,-1.0349317689530686,0.01145089447194632,1,0.20255183413078232,-2.0550486095964553
LABUSDT,SHORT,1771805700,1771806600,0.13716,0.13869285714285715,0.13639357142857142,TP2,0.46420801491147234,0.011175686372536783,1,0.2939346811819604,3.2735079540554657
AAVEUSDT,LONG,1771807500,1771809300,116.96,116.00142857142856,117.4392857142857,SL,-1.0488059612518628,0.008195720148524537,1,0.17578125000000094,-2.053734332013382
DOTUSDT,LONG,1771807500,1771808400,1.299,1.2872857142857141,1.3048571428571427,SL,-1.0443560975609754,0.009017925877048312,1,0.20000000000000395,-2.2036540540069898
HYPEUSDT,LONG,1771807500,1771809300,28.579,28.321571428571428,28.707714285714285,SL,-1.0444068812430634,0.00900761298255962,1,0.13706407137064106,-3.3048890175475094
ETHUSDT,LONG,1771895700,1771896600,1844.9,1828.747142857143,1852.9764285714286,SL,-1.045686035199434,0.00875541066879352,1,0.0531233025529586,-2.582797461743652
SOLUSDT,LONG,1771895700,1771896600,77.42,76.60428571428571,77.82785714285714,SL,-1.0379642732049037,0.010536221721961855,1,0.11659192825112034,-2.6224571552584615
XRPUSDT,LONG,1771895700,1771896600,1.3438,1.3327000000000002,1.34935,SL,-1.0484252252252253,0.00826015776157165,1,0.13575525812619335,-2.686121906159156
ADAUSDT,LONG,1771978500,1771980300,0.2578,0.25567142857142855,0.2588642857142857,TP2,0.4515543624161208,0.00825667738002889,1,0.21649484536083477,-2.2273128396312933
LABUSDT,SHORT,1771980300,1771982100,0.13477,0.1366457142857143,0.13383214285714287,SL,-1.0287399847677077,0.013917891858086237,1,0.2617079889807136,2.310150522736298
HYPEUSDT,SHORT,1771981200,1771982100,27.391,27.739142857142856,27.216928571428568,SL,-1.0314709889208042,0.012710118547802483,1,0.13305237808549147,2.1190514400825298
TAOUSDT,SHORT,1771982100,1771983000,171.1,173.65714285714284,169.82142857142856,SL,-1.0267642458100559,0.014945311847708111,1,0.12230215827338017,2.489988768167971
HYPEUSDT,LONG,1772064000,1772065800,27.884,27.28242857142857,28.184785714285713,TP2,0.4814592258370904,0.02157407217656822,1,0.25773195876288607,-2.0253282459415742
LABUSDT,SHORT,1772071200,1772072100,0.15079,0.15378285714285714,0.14929357142857144,TP2,0.4798466825775656,0.01984784894792184,1,0.2910216718266258,2.288661537816378
BTCUSDT,SHORT,1772081100,1772082900,68705.9,69258.59999999999,68429.54999999999,TP2,0.45027617152163407,0.008044432865299735,1,0.2842752787389443,2.214616033272974
ETHUSDT,SHORT,1772081100,1772082900,2075.0,2097.2957142857144,2063.852142857143,TP2,0.4627731146280412,0.010744922547332166,1,0.19016323934703924,2.41387636981318
LINKUSDT,SHORT,1772081100,1772082900,9.301,9.406714285714287,9.248142857142858,TP2,0.4648070270270188,0.011365905355798973,1,0.08947368421052712,2.096198264627966
ADAUSDT,LONG,1772082900,1772086500,0.2939,0.2900142857142857,0.29584285714285713,TP2,0.46974558823529405,0.01322121226850724,1,0.23618090452261248,-2.0204346663506927
DOTUSDT,LONG,1772082900,1772097300,1.595,1.541,1.6219999999999999,TP2,0.48818518518518317,0.033855799373040785,1,0.09890109890109951,-2.0063645846358034
LABUSDT,LONG,1772082900,1772094600,0.1467,0.14429999999999998,0.1479,TP2,0.47555000000000003,0.01635991820040901,1,0.17013888888888876,-2.6528790910662474
AVAXUSDT,LONG,1772089200,1772105400,9.358,9.251142857142858,9.411428571428573,SL,-1.035029946524064,0.011418801331175841,1,0.21558441558441618,-2.4651160460697703
TAOUSDT,SHORT,1772091000,1772091900,185.7,188.64285714285714,184.22857142857143,TP2,0.474759223300966,0.0158473728748365,1,0.09734513274336297,2.327256074151605
HYPEUSDT,SHORT,1772097300,1772099100,28.623,29.009285714285717,28.429857142857145,SL,-1.0296392011834319,0.013495640369133716,1,0.2900843881856546,2.95107736880968
LABUSDT,SHORT,1772099100,1772100900,0.15119,0.15374857142857143,0.14991071428571426,TP2,0.4763633724176493,0.016922887946103856,1,0.22413793103448135,2.8689515052786576
SEIUSDT,SHORT,1772099100,1772100900,0.07141,0.072,0.071115,TP2,0.4515864406779778,0.008262148158521205,1,0.061946902654867984,2.541926378450747
XLMUSDT,SHORT,1772100000,1772103600,0.16484,0.16633428571428568,0.16409285714285712,TP2,0.45587456978968416,0.00906506742468885,1,0.25440000000000335,2.1012900991718064
ADAUSDT,LONG,1772105400,1772110800,0.2907,0.2867571428571429,0.2926714285714286,TP2,0.4705086956521739,0.013563320064868057,1,0.19708029197080162,-2.3441485743022614
NEARUSDT,LONG,1772105400,1772108100,1.1208,1.1073285714285714,1.1275357142857143,TP2,0.46672067868504774,0.01201947588457225,1,0.1761442441054081,-2.5917275295228466
AVAXUSDT,LONG,1772106300,1772109000,9.245,9.153571428571427,9.290714285714285,TP2,0.45955312500000023,0.0098895155682609,1,0.29658792650918825,-2.275373238367706
NEARUSDT,SHORT,1772109000,1772109900,1.1489,1.1642,1.14125,TP2,0.4699633986928104,0.013317085908260043,1,0.2569444444444443,2.6237558578099747
AAVEUSDT,LONG,1772114400,1772116200,113.73,112.33285714285715,114.42857142857143,TP2,0.4674392638036809,0.0122847345216113,1,0.22641509433962134,-2.029099199813721
ETHUSDT,LONG,1772118000,1772119800,2050.32,2028.237142857143,2061.361428571429,SL,-1.0371386725320222,0.010770444195470527,1,0.28541383149820276,-2.5694414031167687
SOLUSDT,LONG,1772118900,1772120700,86.53,85.4,87.095,SL,-1.0306300884955752,0.013059054663122587,1,0.28342245989304804,-2.1599111971724296
HYPEUSDT,LONG,1772119800,1772121600,28.211,27.59428571428571,28.519357142857142,TP2,0.4817023859161455,0.02186077365971737,1,0.28153380423814295,-2.064541626868443
ADAUSDT,LONG,1772122500,1772125200,0.2889,0.28372857142857144,0.2914857142857143,SL,-1.0223458563535912,0.017900410423774913,1,0.09890109890110024,-2.0227305169333447
DOTUSDT,LONG,1772122500,1772136900,1.554,1.4981428571428572,1.5819285714285716,TP2,0.48887161125319895,0.0359441073726788,1,0.09243697478991597,-2.481953184479527
LINKUSDT,LONG,1772122500,1772125200,9.067,8.920714285714286,9.140142857142857,SL,-1.024792578125,0.016133860624872026,1,0.26810176125244933,-2.011599029590149
AVAXUSDT,LONG,1772126100,1772131500,9.129,8.961285714285713,9.212857142857143,TP2,0.47822725724020443,0.018371594447834993,1,0.249621785173977,-2.3715831919813106
SUIUSDT,LONG,1772126100,1772133300,0.9156,0.893842857142857,0.9264785714285714,TP2,0.4831669074195641,0.023762716095612573,1,0.2950450450450458,-2.2745176568483485
LABUSDT,SHORT,1772132400,1772137800,0.15051,0.1531857142857143,0.14917214285714286,SL,-1.0225001601708488,0.017777651223933884,1,0.13858695652174077,2.0487799498890875
DOTUSDT,SHORT,1772141400,1772142300,1.586,1.6157142857142859,1.5711428571428572,TP2,0.47865,0.018735362997658076,1,0.18666666666666695,2.1568418704175083
ETHUSDT,LONG,1772154900,1772156700,2007.63,1990.8085714285714,2016.0407142857143,TP2,0.4522601783439424,0.008378749356917662,1,0.29923830250271644,-2.605881750498377
LINKUSDT,LONG,1772154900,1772156700,9.01,8.936428571428571,9.046785714285715,TP2,0.45101359223302206,0.00816553036308867,1,0.2198142414860682,-2.2853620232177922
SOLUSDT,LONG,1772154900,1772156700,85.41,84.67571428571428,85.77714285714285,TP2,0.45347315175096325,0.008597186679378485,1,0.28267477203647445,-2.042181064036218
LABUSDT,SHORT,1772156700,1772186400,0.15772,0.16146285714285713,0.15584857142857142,TP2,0.4831444274809197,0.023731024238252213,1,0.2893910860012567,2.728800864818519
TAOUSDT,SHORT,1772159400,1772164800,184.5,187.14285714285714,183.17857142857144,SL,-1.0279243243243243,0.014324428958575278,1,0.13333333333333255,2.0573247053063857
AAVEUSDT,SHORT,1772160300,1772164800,115.06,116.16428571428571,114.50785714285715,SL,-1.0416776196636481,0.009597477092696982,1,0.11190053285967956,2.0408117784639423
ETHUSDT,SHORT,1772165700,1772168400,2051.78,2074.4671428571432,2040.4364285714287,TP2,0.46382479692714573,0.011057297983771608,1,0.24083828308864674,2.665992554867824
NEARUSDT,SHORT,1772165700,1772180100,1.1389,1.1538857142857142,1.1314071428571428,TP2,0.4696003813155458,0.013158059781995073,1,0.13207547169811334,2.5767555027418636
ETHUSDT,LONG,1772185500,1772187300,2019.06,1998.8628571428571,2029.1585714285713,SL,-1.0399870420144293,0.010003240546166454,1,0.28126936903433786,-2.58225180499944
LINKUSDT,LONG,1772185500,1772187300,9.116,9.027571428571429,9.160214285714286,SL,-1.0412355411954768,0.009700369836394378,1,0.1830985915492969,-2.756843993068165
SOLUSDT,LONG,1772185500,1772187300,86.7,85.85857142857144,87.12071428571429,SL,-1.0412156196943976,0.009705058493985737,1,0.20833333333333473,-2.440478977779685
TAOUSDT,SHORT,1772236800,1772239500,175.9,177.84285714285716,174.92857142857144,SL,-1.036214705882353,0.011045236741655156,1,0.10810810810810914,2.0135489325286935
AVAXUSDT,SHORT,1772237700,1772241300,8.963,9.034714285714285,8.927142857142856,TP2,0.4500071713147408,0.008001147574950943,1,0.06887052341597937,2.035287200225069
ETHUSDT,SHORT,1772237700,1772238600,1935.63,1956.0800000000002,1925.4050000000002,TP2,0.4621392665036619,0.01056503567314,1,0.24445097750992298,2.3811836396898314
HYPEUSDT,SHORT,1772239500,1772241300,27.482,27.78042857142857,27.332785714285713,TP2,0.46316438487315087,0.010859055797560958,1,0.2588699080157684,2.2153722982252835
SUIUSDT,SHORT,1772240400,1772243100,0.9035,0.9141142857142857,0.8981928571428571,TP2,0.4659515477792732,0.011747964265949883,1,0.14364640883977892,2.0181343650911128
HYPEUSDT,LONG,1772246700,1772249400,26.85,26.525000000000002,27.0125,TP2,0.46695384615384056,0.01210428305400366,1,0.15099009900990087,-2.033358366363677
AAVEUSDT,LONG,1772250300,1772258400,111.66,110.74285714285715,112.11857142857143,SL,-1.0486990654205608,0.008213709986950165,1,0.06787330316741971,-2.51812004571432
SUIUSDT,LONG,1772250300,1772259300,0.8907,0.8830428571428572,0.8945285714285715,SL,-1.046529104477612,0.008596769795826714,1,0.09135802469135648,-2.4885788728325497
DOTUSDT,LONG,1772252100,1772259300,1.56,1.530857142857143,1.5745714285714287,SL,-1.0214117647058825,0.018681318681318677,1,0.2740740740740739,-2.421868546458853
LABUSDT,SHORT,1772326800,1772329500,0.16078,0.1637242857142857,0.15930785714285717,SL,-1.0218429888403688,0.018312512217226674,1,0.2169216921692158,2.1148687029238555
AVAXUSDT,LONG,1772327700,1772328600,9.07,8.967428571428572,9.121285714285715,TP2,0.4646295264624043,0.01130886753819502,1,0.036697247706421604,-2.171336754888041
BTCUSDT,LONG,1772327700,1772329500,66273.8,65553.38571428572,66634.00714285714,TP2,0.4632023954470538,0.010870272803344318,1,0.13895705521472518,-2.396889884969872
ETHUSDT,LONG,1772327700,1772329500,1948.09,1926.8428571428572,1958.7135714285714,TP2,0.4633251395145618,0.010906653623365858,1,0.11432589913602685,-2.137557200233172
SOLUSDT,SHORT,1772329500,1772330400,85.22,86.37285714285714,84.64357142857143,SL,-1.0295682775712516,0.013528011533174629,1,0.09010989010988969,2.4531136903725375
XRPUSDT,SHORT,1772329500,1772330400,1.3852,1.4026,1.3765,SL,-1.0318436781609195,0.012561362980075116,1,0.07797537619699124,2.2267270521663853
AVAXUSDT,SHORT,1772330400,1772331300,9.267,9.39042857142857,9.205285714285713,SL,-1.0300319444444446,0.013319150904129847,1,0.20282186948853456,2.657327149070766
NEARUSDT,SHORT,1772331300,1772332200,1.191,1.2211857142857143,1.175907142857143,TP2,0.4842176999526702,0.025344848266762577,1,0.2552147239263801,2.920744598740529
DOTUSDT,SHORT,1772411400,1772413200,1.545,1.5695714285714284,1.5327142857142857,SL,-1.0251511627906977,0.015903837263060557,1,0.22916666666666508,2.1276572967332354
HYPEUSDT,SHORT,1772411400,1772414100,32.556,33.39857142857143,32.13471428571428,TP2,0.4845444557477111,0.02588068032225791,1,0.2734899328859059,3.319342662285953
AAVEUSDT,SHORT,1772412300,1772413200,115.68,117.86428571428573,114.58785714285715,TP2,0.4788159581425769,0.01888213791740765,1,0.2927536231884061,2.452810701058915
LABUSDT,SHORT,1772417700,1772421300,0.16957,0.17263285714285714,0.16803857142857143,TP2,0.4778546641791045,0.018062494208038855,1,0.13940520446096677,2.2189562447564146
TAOUSDT,SHORT,1772422200,1772428500,180.0,183.31428571428572,178.34285714285713,TP2,0.4782758620689699,0.01841269841269845,1,0.19298245614035256,2.151613182317016
DOTUSDT,LONG,1772429400,1772435700,1.538,1.5102857142857142,1.5518571428571428,SL,-1.0221979381443298,0.018019691621772242,1,0.17283950617283927,-2.0301158003670707
ADAUSDT,LONG,1772432100,1772433000,0.2737,0.27075714285714286,0.27517142857142857,SL,-1.037201941747573,0.01075212693773153,1,0.19444444444444808,-2.3044527574474554
LINKUSDT,LONG,1772433000,1772435700,8.709,8.609857142857143,8.758571428571429,SL,-1.0351371757925074,0.011383954201728873,1,0.1673306772908351,-2.04311163582026
SOLUSDT,LONG,1772433900,1772442900,83.26,82.26285714285716,83.75857142857143,TP2,0.46660057306590247,0.011976253388696297,1,0.2598425196850374,-2.263012129726575
SOLUSDT,LONG,1772496900,1772498700,86.46,85.42857142857143,86.97571428571428,TP2,0.46646980609418276,0.011929546280691294,1,0.18120805369127688,-2.0178175434696017
SEIUSDT,LONG,1772497800,1772498700,0.06884,0.06822285714285714,0.06914857142857142,TP2,0.4553814814814701,0.008964887523864843,1,0.2571428571428543,-2.09151723418386
XRPUSDT,LONG,1772497800,1772498700,1.385,1.372142857142857,1.3914285714285715,TP2,0.45691111111111116,0.00928313563692626,1,0.2039473684210522,-2.0622717648591187
AVAXUSDT,LONG,1772504100,1772506800,9.117,9.021285714285714,9.164857142857144,TP2,0.4618991044776121,0.010498440903179357,1,0.20843091334894487,-2.2412323803289826
TAOUSDT,LONG,1772504100,1772528400,183.4,179.72857142857143,185.2357142857143,SL,-1.0199813229571983,0.020018694500701078,1,0.2704402515723259,-2.46164586486632
ZECUSDT,LONG,1772514000,1772514900,219.94,216.62714285714287,221.59642857142856,TP2,0.47344407072013794,0.015062549526494218,1,0.2210526315789451,-2.516549348579143
DOTUSDT,LONG,1772518500,1772520300,1.489,1.469857142857143,1.4985714285714287,TP2,0.468886567164179,0.012856183440468143,1,0.22388059701492558,-2.023536446522199
NEARUSDT,LONG,1772519400,1772529300,1.3504,1.3010714285714287,1.3750642857142858,TP2,0.4890497538372452,0.03652885917400135,1,0.21625408687529177,-2.0123068659506247
LABUSDT,SHORT,1772520300,1772521200,0.16214,0.16405142857142857,0.16118428571428572,SL,-1.0339306427503738,0.011788753986854372,1,0.07142857142856958,2.520066319977623
SEIUSDT,SHORT,1772523000,1772525700,0.06897,0.06953857142857144,0.0686857142857143,TP2,0.45147839195978706,0.00824374987054418,1,0.0829694323144091,2.0521216749397797
DOTUSDT,SHORT,1772524800,1772526600,1.516,1.5354285714285714,1.5062857142857144,TP2,0.46878823529411173,0.012815680361854433,1,0.2359550561797755,2.7405376109346955
SOLUSDT,LONG,1772525700,1772528400,85.15,84.2,85.625,SL,-1.0358526315789474,0.011156782149148546,1,0.24031007751937852,-2.3966329492618446
TAOUSDT,LONG,1772529300,1772531100,179.4,177.24285714285716,180.47857142857143,SL,-1.0332662251655629,0.012024207676381583,1,0.19266055045871397,-2.002455253938321
ZECUSDT,LONG,1772529300,1772540100,214.89,210.88571428571427,216.89214285714283,TP2,0.4785339992864752,0.01863411845263023,1,0.2787028921998231,-2.2514924569745554
SUIUSDT,LONG,1772530200,1772540100,0.8973,0.8849857142857143,0.9034571428571428,TP2,0.47085336426914154,0.013723710814984646,1,0.28395061728395127,-2.334856299723473
LABUSDT,SHORT,1772543700,1772544600,0.163,0.16541142857142857,0.16179428571428572,SL,-1.027037914691943,0.014794040315512735,1,0.24976437323279835,2.6189229011768975
HYPEUSDT,LONG,1772545500,1772548200,31.329,30.79957142857143,31.593714285714288,TP2,0.4763299514301167,0.016898993629818122,1,0.1843003412969279,-2.754282564073373
SOLUSDT,LONG,1772545500,1772547300,83.42,82.23714285714286,84.01142857142858,TP2,0.4717903381642573,0.014179538993732282,1,0.1407942238267145,-2.0302035956777114
DOTUSDT,SHORT,1772548200,1772549100,1.504,1.5258571428571428,1.4930714285714286,TP2,0.4724758169934639,0.014532674772036413,1,0.12087912087911981,2.631701294487389
ADAUSDT,LONG,1772549100,1772552700,0.2624,0.2590571428571429,0.2640714285714286,TP2,0.46860170940171775,0.012739547038327543,1,0.15107913669064657,-2.2047567048143137
ETHUSDT,LONG,1772549100,1772550000,1936.62,1906.832857142857,1951.5135714285714,TP2,0.47399388038942986,0.015380995165361793,1,0.10881238155401107,-2.149291651107759
NEARUSDT,SHORT,1772552700,1772556300,1.3866,1.4265,1.3666500000000001,TP2,0.486099248120298,0.028775421895283433,1,0.21631959201019987,3.241539254109004
AVAXUSDT,SHORT,1772553600,1772554500,9.155,9.290285714285712,9.087357142857142,SL,-1.0270686378035905,0.014777248966216648,1,0.282312925170066,2.8405765832413095
XRPUSDT,SHORT,1772553600,1772555400,1.3639,1.3839142857142857,1.353892857142857,SL,-1.0272585296216987,0.014674305824683478,1,0.1380042462844996,2.058295745704396
ETHUSDT,SHORT,1772555400,1772556300,2005.18,2046.5657142857144,1984.487142857143,TP2,0.4806195926820822,0.020639401094023638,1,0.23519458544839286,2.590951900074652
HYPEUSDT,LONG,1772569800,1772576100,31.467,30.797142857142855,31.80192857142857,SL,-1.0187902751119642,0.02128760742546612,1,0.09548563611491101,-2.158456854530193
LINKUSDT,LONG,1772572500,1772576100,8.711,8.593,8.77,TP2,0.4704711864406705,0.013546091149121838,1,0.257142857142857,-2.1836653116360605
SUIUSDT,LONG,1772572500,1772576100,0.8972,0.8825857142857143,0.9045071428571428,TP2,0.47544320625610953,0.016288771415833413,1,0.29113924050632867,-2.2977726962718723
AAVEUSDT,SHORT,1772576100,1772579700,110.79,112.54857142857144,109.91071428571429,SL,-1.0252,0.015873015873015876,1,0.16990291262135915,2.3566159487630207
SOLUSDT,SHORT,1772577000,1772579700,85.81,87.08142857142857,85.17428571428572,SL,-1.026996404494382,0.014816787920155835,1,0.17470881863560753,2.004239333499926
SEIUSDT,SHORT,1772577900,1772578800,0.06793,0.06861428571428571,0.06758785714285714,TP2,0.46029144050105386,0.010073394881285332,1,0.08024691358025024,2.5267119386166907
ZECUSDT,SHORT,1772579700,1772583300,221.88,225.35571428571427,220.14214285714286,TP2,0.47446510480887794,0.0156648381364444,1,0.14317302377003932,2.1447956080176374
LABUSDT,LONG,1772583300,1772586000,0.17932,0.17449714285714288,0.18173142857142857,TP2,0.48512748815165874,0.026895255090659917,1,0.060029282576867335,-2.54961571091731
NEARUSDT,SHORT,1772584200,1772585100,1.377,1.4005285714285716,1.3652357142857143,TP2,0.4765901639344216,0.01708683473389361,1,0.1690821256038649,2.260250996554652
DOTUSDT,SHORT,1772587800,1772590500,1.543,1.5671428571428572,1.5309285714285714,TP2,0.4744355029585754,0.015646699379687132,1,0.07547169811320739,2.193111269065113
ADAUSDT,SHORT,1772588700,1772589600,0.2653,0.2688285714285714,0.26353571428571426,TP2,0.4699255060728745,0.013300306930159928,1,0.28057553956833853,2.774512799352835
BTCUSDT,SHORT,1772588700,1772589600,68675.0,69349.4857142857,68337.75714285714,TP2,0.4592726733596074,0.00982141557023245,1,0.13870590408175473,2.1298838566274862
ETHUSDT,LONG,1772595000,1772603100,1963.69,1939.2785714285715,1975.8957142857143,TP2,0.4678234316479401,0.012431406470180418,1,0.20152728627304844,-2.0390207605771224
SOLUSDT,LONG,1772595000,1772599500,86.14,84.77571428571429,86.82214285714286,SL,-1.0252557068062826,0.015838004577266262,1,0.0646258503401379,-2.0262151286572987
SUIUSDT,LONG,1772595000,1772609400,0.9013,0.8880142857142858,0.9079428571428572,TP2,0.4728640860215096,0.014740612765687652,1,0.1663920922570017,-2.0307514752600744
ADAUSDT,LONG,1772602200,1772603100,0.2589,0.2551285714285714,0.2607857142857143,TP2,0.4725409090909017,0.014567124648237034,1,0.14124293785310663,-2.0377881989867537
NEARUSDT,LONG,1772604900,1772612100,1.3552,1.3206714285714285,1.3724642857142857,TP2,0.4843005378568473,0.0254785798616967,1,0.19676549865229206,-2.501784966200805
AAVEUSDT,SHORT,1772606700,1772612100,111.89,113.36714285714285,111.15142857142857,SL,-1.0302990328820116,0.01320174150632637,1,0.2029197080291986,2.6129822335320982
BTCUSDT,SHORT,1772606700,1772611200,68634.6,69336.47142857143,68283.66428571429,SL,-1.0391151981437383,0.010226204109464107,1,0.0782576135796321,2.196945244127892
HYPEUSDT,SHORT,1772606700,1772611200,31.364,31.78714285714286,31.152428571428572,SL,-1.029648615800135,0.01349135496565676,1,0.07001795332136486,2.3932448132812505
ADAUSDT,SHORT,1772612100,1772614800,0.265,0.2684,0.26330000000000003,SL,-1.0311764705882354,0.012830188679245276,1,0.09278350515464,2.16272859459101
LINKUSDT,SHORT,1772612100,1772614800,8.929,9.033428571428571,8.876785714285715,SL,-1.0342013679890563,0.01169543861894623,1,0.2645161290322594,2.6698769244863723
AVAXUSDT,SHORT,1772613900,1772614800,9.225,9.332714285714285,9.171142857142858,SL,-1.0342572944297082,0.011676345334881913,1,0.08083832335329326,2.0094636778760395
NEARUSDT,LONG,1772669700,1772672400,1.2924,1.2720714285714285,1.3025642857142856,SL,-1.0254302178496135,0.01572931865410975,1,0.2664576802507836,-2.80103479749389
DOTUSDT,LONG,1772676000,1772676900,1.518,1.4934285714285713,1.5302857142857142,TP2,0.47528837209301883,0.016186711838885787,1,0.23478260869565143,-2.2243868603177366
ETHUSDT,LONG,1772682300,1772683200,2108.09,2082.838571428572,2120.7157142857145,TP2,0.46660640416384674,0.011978344649150846,1,0.21509574270310272,-2.095903174193458
DOTUSDT,SHORT,1772686800,1772688600,1.548,1.568857142857143,1.5375714285714286,TP2,0.4703123287671234,0.013473606496862363,1,0.14999999999999972,2.449310836911203
ZECUSDT,LONG,1772688600,1772694000,235.75,232.3257142857143,237.46214285714285,TP2,0.47246141009595327,0.014525071958794121,1,0.29677419354838774,-2.392807402422211
AVAXUSDT,LONG,1772689500,1772694000,9.398,9.32,9.437,TP2,0.45180512820512814,0.008299638220898055,1,0.11796733212341028,-2.061124351006005
AAVEUSDT,LONG,1772691300,1772694000,114.72,113.48428571428572,115.33785714285715,TP2,0.46286520231214445,0.010771568041442508,1,0.22272047832585834,-2.4616584791939653
SOLUSDT,SHORT,1772694000,1772697600,90.83,91.75142857142856,90.36928571428571,TP2,0.46056992248062756,0.010144540035545147,1,0.14960629921259766,2.497443118887474
BTCUSDT,LONG,1772697600,1772702100,72029.9,71369.78571428571,72359.95714285714,TP2,0.4563530730609416,0.009164448176580587,1,0.21240321620011945,-2.049331204385102
ETHUSDT,LONG,1772698500,1772700300,2096.5,2072.45,2108.525,TP2,0.4651309771309771,0.011471500119246357,1,0.14874100719424452,-2.294287645311181
TAOUSDT,LONG,1772698500,1772699400,184.1,181.97142857142856,185.1642857142857,TP2,0.46540402684563753,0.011562039264374935,1,0.14285714285714368,-2.267055320624284
NEARUSDT,SHORT,1772700300,1772701200,1.3089,1.3275000000000001,1.2995999999999999,SL,-1.028148387096774,0.014210405684162358,1,0.26390114739629295,2.6631531577154828
AAVEUSDT,SHORT,1772702100,1772707500,116.91,118.52571428571427,116.10214285714285,SL,-1.0289432360742707,0.013820154697752801,1,0.12928759894458994,2.3578958671610737
HYPEUSDT,SHORT,1772702100,1772704800,31.99,32.37128571428571,31.79935714285714,TP2,0.46643986511802654,0.011918903228687588,1,0.17266562336984928,2.329041405802169
TAOUSDT,SHORT,1772703000,1772706600,188.1,190.34285714285713,186.97857142857143,SL,-1.0335464968152865,0.011923748765854041,1,0.13274336283185828,2.4404053451547396
ADAUSDT,SHORT,1772706600,1772711100,0.2754,0.2785714285714285,0.2738142857142857,TP2,0.46526486486487356,0.011515717398070311,1,0.14102564102564427,2.452104345616495
BTCUSDT,SHORT,1772707500,1772710200,73259.7,73972.77142857143,72903.16428571429,TP2,0.45890470600019023,0.009733474592053074,1,0.27037492317148093,2.301451657268243
HYPEUSDT,LONG,1772717400,1772721900,31.566,31.13,31.784,TP2,0.47104036697247714,0.013812329721852673,1,0.08571428571428583,-2.307842634733754
BTCUSDT,LONG,1772721900,1772722800,71972.0,71279.52857142857,72318.23571428572,TP2,0.45842601035629166,0.009621400385864409,1,0.21147909065394369,-2.4869201119821445
ETHUSDT,LONG,1772721900,1772722800,2098.2,2070.8571428571427,2111.871428571428,TP2,0.4693053291535966,0.013031578087340115,1,0.22432363667203972,-2.405684592147358
ADAUSDT,LONG,1772723700,1772727300,0.2722,0.2677285714285714,0.2744357142857143,SL,-1.024350159744409,0.01642699695601976,1,0.16923076923077038,-2.213590907810582
LINKUSDT,LONG,1772723700,1772727300,9.267,9.122,9.3395,SL,-1.0255641379310345,0.015646919175569207,1,0.14992272024729758,-2.7227750986116486
NEARUSDT,LONG,1772723700,1772727300,1.2803,1.2622285714285713,1.2893357142857143,SL,-1.028338656126482,0.014114995369388952,1,0.2178217821782192,-2.062916865003906
TAOUSDT,LONG,1772756100,1772761500,184.7,182.2285714285714,185.93571428571428,TP2,0.470106358381503,0.013380771908113598,1,0.14782608695652075,-2.043980726881628
HYPEUSDT,LONG,1772760600,1772761500,30.356,30.029571428571433,30.519214285714288,TP2,0.462802275711165,0.010753346008320262,1,0.10502793296089347,-2.219039031199441
NEARUSDT,LONG,1772760600,1772761500,1.2622,1.2481285714285715,1.2692357142857142,TP2,0.4641202030456853,0.011148335106503388,1,0.21543408360128577,-2.2751120416554693
XLMUSDT,SHORT,1772761500,1772764200,0.15884,0.16023285714285715,0.15814357142857144,SL,-1.04561558974359,0.008768931899125787,1,0.11111111111111192,2.621074421114162
SEIUSDT,SHORT,1772764200,1772769600,0.06809,0.06864714285714285,0.06781142857142856,SL,-1.0488851282051281,0.008182447600864434,1,0.14950166112956945,2.343069068775442
LABUSDT,SHORT,1772765100,1772766900,0.15183,0.15837142857142855,0.1485592857142857,TP2,0.4907157894736863,0.04308390022675732,1,0.2609523809523811,2.910113675217318
SUIUSDT,SHORT,1772769600,1772772300,0.9623,0.9737142857142858,0.9565928571428572,TP2,0.4662773466833492,0.011861462864268604,1,0.13043478260869787,2.2299032917812784
BTCUSDT,LONG,1772772300,1772780400,70497.0,69862.74285714285,70814.12857142858,TP2,0.4555404297490881,0.00899693806626023,1,0.12885306611480535,-2.0714045636718517
DOTUSDT,LONG,1772772300,1772775000,1.514,1.4958571428571428,1.5230714285714286,TP2,0.46662047244094496,0.011983393093036443,1,0.1666666666666662,-2.2517298994186885
XRPUSDT,LONG,1772772300,1772775000,1.3951,1.383,1.40115,TP2,0.45388099173552804,0.008673213389721166,1,0.13919413919414075,-2.2151710755915537
SOLUSDT,LONG,1772775900,1772779500,87.51,86.55142857142857,87.98928571428573,TP2,0.46348315946349505,0.010953850172225298,1,0.28051391862954983,-2.1028473434614625
ZECUSDT,LONG,1772775900,1772777700,225.71,223.08428571428573,227.02285714285713,TP2,0.4656154515777964,0.011633132274663387,1,0.12698412698412717,-2.452225700542942
HYPEUSDT,SHORT,1772776800,1772786700,30.895,31.215714285714284,30.73464285714286,TP2,0.46146726057905896,0.010380782835872628,1,0.2504548211036971,2.2807396448865904
TAOUSDT,LONG,1772779500,1772780400,186.3,183.81428571428572,187.54285714285714,TP2,0.47002068965516663,0.0133425350816655,1,0.16129032258064596,-2.0157058288523007
ADAUSDT,SHORT,1772782200,1772784900,0.2711,0.2738285714285714,0.2697357142857143,TP2,0.4602575916230362,0.010064815302734774,1,0.03448275862069065,2.0580386060670466
AVAXUSDT,SHORT,1772782200,1772786700,9.439,9.520571428571428,9.398214285714285,TP2,0.45371418563924015,0.008641956623734324,1,0.07055961070559566,2.2028077416510867
HYPEUSDT,LONG,1772788500,1772790300,30.539,30.220000000000002,30.698500000000003,SL,-1.0382934169278997,0.010445659648318562,1,0.09379310344827675,-2.0288537662131154
LINKUSDT,LONG,1772788500,1772799300,9.137,9.051142857142858,9.179928571428572,SL,-1.0425683860232946,0.009396644725527249,1,0.19612590799031349,-2.0319851033786716
AAVEUSDT,LONG,1772789400,1772797500,116.31,115.06428571428573,116.93285714285715,SL,-1.0373472477064223,0.010710293918960324,1,0.17714285714285843,-2.2131582871277296
NEARUSDT,LONG,1772793900,1772795700,1.2563,1.2446714285714284,1.2621142857142857,TP2,0.45678574938574956,0.009256205865296092,1,0.2360515021459266,-2.121622340180435
DOTUSDT,LONG,1772798400,1772803800,1.504,1.4881428571428572,1.5119285714285715,TP2,0.4620612612612682,0.010543313069908793,1,0.20430107526881863,-2.0141332139843815
LABUSDT,SHORT,1772803800,1772805600,0.16871,0.17463857142857142,0.16574571428571427,TP2,0.48861715662650834,0.03514060475710645,1,0.22780179580977733,2.808090357315043
ZECUSDT,LONG,1772803800,1772805600,219.77,217.20857142857145,221.0507142857143,SL,-1.0343199107640826,0.011655041959451117,1,0.2782738095238114,-2.21518706689
ADAUSDT,LONG,1772805600,1772808300,0.2638,0.2602285714285714,0.26558571428571426,SL,-1.0295456,0.013538394887902105,1,0.21019108280254947,-2.475157010124672
HYPEUSDT,LONG,1772805600,1772806500,30.192,29.735714285714288,30.420142857142856,SL,-1.0264676268002504,0.015112801877507754,1,0.13768115942029088,-2.1191763484657113
NEARUSDT,LONG,1772806500,1772819100,1.2408,1.218942857142857,1.2517285714285713,SL,-1.0227074509803922,0.017615363360044163,1,0.2859174964438131,-2.3093740646305596
LINKUSDT,LONG,1772807400,1772809200,8.917,8.780857142857142,8.985071428571429,SL,-1.0261989506820568,0.015267787052019382,1,0.2866449511400642,-2.0321083776603728
LABUSDT,SHORT,1772843400,1772847000,0.16785,0.17114000000000001,0.166205,TP2,0.4795927051671733,0.019600834078045894,1,0.29875986471251487,2.159556350349528
DOTUSDT,SHORT,1772849700,1772853300,1.496,1.5085714285714285,1.4897142857142858,SL,-1.0476,0.00840336134453778,1,0.2,2.1347748460554508
TAOUSDT,SHORT,1772853300,1772854200,178.2,179.8285714285714,177.38571428571427,TP2,0.45623157894737676,0.009139009139009054,1,0.2602739726027362,2.777050877716118
TAOUSDT,LONG,1772856900,1772858700,174.6,172.74285714285713,175.5285714285714,TP2,0.46239384615383833,0.01063655702830956,1,0.2727272727272743,-2.8594407816311307
TAOUSDT,SHORT,1772870400,1772875800,177.9,179.44285714285715,177.12857142857143,SL,-1.046122222222222,0.00867260900987717,1,0.039999999999997496,2.189689139662139
ZECUSDT,LONG,1772874000,1772874900,206.29,204.54714285714286,207.16142857142856,TP2,0.4526547540983606,0.008448577938131472,1,0.24641833810888072,-2.173252270304412
DOTUSDT,LONG,1772874900,1772876700,1.484,1.4662857142857144,1.4928571428571429,TP2,0.46649032258065115,0.011936850211782752,1,0.1851851851851878,-2.6303837968857318
HYPEUSDT,SHORT,1772877600,1772883000,30.741,31.014142857142858,30.60442857142857,SL,-1.0450182008368203,0.008885295115411227,1,0.16845329249617233,2.081243055799987
ZECUSDT,SHORT,1772878500,1772881200,210.24,212.5057142857143,209.10714285714286,TP2,0.46288322824716266,0.010776799304196555,1,0.10690633869441722,2.1397941356922376
TAOUSDT,SHORT,1772890200,1772891100,183.5,186.0857142857143,182.20714285714286,TP2,0.47161325966850826,0.014091086025690926,1,0.2941176470588244,2.638911951761484
DOTUSDT,LONG,1772892900,1772909100,1.472,1.4555714285714285,1.4802142857142857,SL,-1.03584,0.011160714285714263,1,0.27777777777777607,-3.2378806290136755
ZECUSDT,LONG,1772892900,1772894700,207.23,204.8385714285714,208.42571428571426,TP2,0.46533787335722215,0.011539972839012522,1,0.2601809954751135,-2.466108583312607
HYPEUSDT,LONG,1772907300,1772912700,30.385,30.065285714285714,30.544857142857143,SL,-1.0380151921358354,0.010522109123392683,1,0.25806451612903036,-3.254434625194829
SUIUSDT,LONG,1772913600,1772914500,0.8904,0.883,0.8940999999999999,TP2,0.45187027027026255,0.008310871518418646,1,0.26650366748166276,-2.594031725035959
ADAUSDT,LONG,1772924400,1772926200,0.2535,0.2514142857142857,0.2545428571428571,TP2,0.4513835616438225,0.008227669766131337,1,0.2631578947368444,-2.246651509864749
LABUSDT,LONG,1772931600,1772932500,0.14895,0.14738428571428572,0.14973285714285714,TP2,0.4619470802919705,0.010511676976933691,1,0.07438016528925481,-2.148072948480817
LABUSDT,SHORT,1772933400,1772936100,0.1521,0.15421857142857143,0.1510407142857143,TP2,0.4712825354012137,0.0139288062364985,1,0.18941798941799282,2.5236849969273014
DOTUSDT,LONG,1772938800,1772939700,1.425,1.4127142857142858,1.4311428571428573,TP2,0.45360465116279985,0.00862155388471181,1,0.18518518518518517,-2.804830604500852
SEIUSDT,LONG,1772938800,1772940600,0.06382,0.06322571428571429,0.06411714285714286,TP2,0.4570442307692306,0.009311904015758569,1,0.19242902208201668,-2.675759853720914
AAVEUSDT,LONG,1772939700,1772940600,107.42,106.50857142857143,107.87571428571428,TP2,0.4528564263322807,0.008484719525494068,1,0.27411167512690426,-2.255574125741186
LABUSDT,SHORT,1772944200,1772948700,0.15487,0.15787857142857145,0.1533657142857143,TP2,0.47940949667615873,0.019426431384848144,1,0.2724850099933395,2.5614515106040687
HYPEUSDT,LONG,1772946000,1772947800,29.931,29.637714285714285,30.07764285714286,TP2,0.45917837311251847,0.009798727549554506,1,0.2999216914643712,-2.74976851454911
TAOUSDT,LONG,1772946000,1772949600,174.4,171.95714285714286,175.62142857142857,TP2,0.47144327485379534,0.014007208387942328,1,0.12,-2.187771652329887
NEARUSDT,LONG,1772951400,1772953200,1.1955,1.1843714285714286,1.2010642857142857,TP2,0.4570295250320925,0.009308717213359633,1,0.25377643504531683,-2.8097514335480858
DOTUSDT,SHORT,1772954100,1772955900,1.451,1.4635714285714285,1.4447142857142858,TP2,0.4538318181818181,0.008663975583341523,1,0.2615384615384628,2.7578409814686657
SUIUSDT,SHORT,1772954100,1772958600,0.8937,0.9013000000000001,0.8899,TP2,0.45296315789473707,0.008503972250195854,1,0.1646090534979426,2.6897959708426495
NEARUSDT,SHORT,1772961300,1772965800,1.2204,1.2337142857142858,1.213742857142857,SL,-1.0366643776824034,0.010909771971718895,1,0.1064388961892252,2.246918325515441
ADAUSDT,SHORT,1772962200,1772965800,0.2539,0.25614285714285717,0.25277857142857146,SL,-1.0452815286624204,0.008833624036459794,1,0.2268907563025236,2.4323494056564483
SEIUSDT,SHORT,1772962200,1772965800,0.06456,0.06509571428571428,0.06429214285714287,SL,-1.0482048000000002,0.00829792883696227,1,0.2978056426332336,2.494672862680945
LABUSDT,LONG,1773018000,1773019800,0.15022,0.14753,0.15156499999999998,TP2,0.47766245353159326,0.017907069631207497,1,0.2269692923898542,-2.3127417109834334
LINKUSDT,SHORT,1773024300,1773026100,8.619,8.743714285714285,8.556642857142858,SL,-1.0276439862542956,0.014469693202724808,1,0.05380333951762528,2.1123571483664154
NEARUSDT,SHORT,1773024300,1773026100,1.2333,1.2547285714285714,1.2225857142857144,SL,-1.0230216,0.017374986968759762,1,0.13484358144552205,2.3783319677788994
SUIUSDT,SHORT,1773024300,1773035100,0.8927,0.9086571428571429,0.8847214285714287,SL,-1.0223774395702776,0.017875146025700527,1,0.05941845764854657,2.018158300062628
BTCUSDT,SHORT,1773027000,1773049500,67190.5,68068.92857142857,66751.28571428571,SL,-1.0305957716701903,0.013073701958291268,1,0.2818047873239781,2.290757942569066
ZECUSDT,SHORT,1773027000,1773035100,203.06,207.51857142857142,200.8307142857143,SL,-1.0182174943928228,0.02195691632311349,1,0.20991253644314853,2.0891344082006547
LABUSDT,LONG,1773030600,1773033300,0.14683,0.14433857142857143,0.14807571428571428,SL,-1.023573623853211,0.016968116675261,1,0.29263913824057264,-2.092612789451092
LABUSDT,LONG,1773100800,1773108000,0.14824,0.14648285714285716,0.14911857142857143,TP2,0.4662543089430893,0.011853365199290675,1,0.18532455315145713,-2.6138646405776473
TAOUSDT,SHORT,1773102600,1773106200,196.0,198.74285714285716,194.62857142857143,TP2,0.4714166666666616,0.013994169096209947,1,0.1311475409836059,2.098135818540686
SEIUSDT,SHORT,1773109800,1773115200,0.06601,0.06720428571428572,0.06541285714285713,TP2,0.4778913875598144,0.01809249680784301,1,0.18018018018018045,2.01203979312343
ZECUSDT,SHORT,1773109800,1773111600,219.95,223.55714285714285,218.14642857142854,SL,-1.0243904950495049,0.016399831130451764,1,0.23193197921587086,2.252270851441519
AAVEUSDT,SHORT,1773110700,1773115200,109.3,110.73142857142857,108.58428571428571,TP2,0.4694570858283433,0.013096327277480044,1,0.20170454545454553,3.2897487565777124
XLMUSDT,SHORT,1773112500,1773115200,0.15435,0.1559685714285714,0.15354071428571428,TP2,0.46185525154457185,0.010486371419316007,1,0.2868571428571445,2.129994904145847
LABUSDT,LONG,1773119700,1773129600,0.14648,0.14398142857142857,0.1477292857142857,SL,-1.023450200114351,0.017057423734103096,1,0.17971530249110357,-2.0260884355231186
AAVEUSDT,SHORT,1773127800,1773130500,110.3,111.48142857142858,109.70928571428571,SL,-1.0373446191051994,0.010711047791736874,1,0.1580645161290321,2.2965594079342506
NEARUSDT,SHORT,1773127800,1773134100,1.2855,1.3044142857142857,1.2760428571428573,SL,-1.0271858006042296,0.014713563371673039,1,0.27695560253699525,2.611707592506476
XLMUSDT,SHORT,1773127800,1773130500,0.15582,0.15718,0.15514,SL,-1.0458294117647058,0.00872801950969067,1,0.27927927927928137,2.168848714680782
TAOUSDT,SHORT,1773190800,1773191700,200.6,203.42857142857142,199.18571428571428,TP2,0.4716323232323233,0.014100555476427887,1,0.10869565217391385,2.169867803971678
NEARUSDT,SHORT,1773191700,1773192600,1.2977,1.3114285714285716,1.2908357142857143,TP2,0.462189802289282,0.010579156529684395,1,0.17813051146384692,2.5143958025228272
AAVEUSDT,LONG,1773197100,1773198900,109.93,108.84285714285714,110.47357142857143,TP2,0.4595526938239095,0.00988941014411772,1,0.18610421836228283,-2.604717360437285
ADAUSDT,LONG,1773197100,1773198900,0.2591,0.25667142857142855,0.2603142857142857,TP2,0.45732470588235313,0.009373104703093164,1,0.21100917431192737,-2.7035187651166064
SUIUSDT,LONG,1773197100,1773198900,0.9483,0.9388714285714286,0.9530142857142857,TP2,0.4597690909090849,0.009942604058390177,1,0.06666666666666549,-2.1617955672656413
ETHUSDT,LONG,1773199800,1773203400,2019.21,2002.5214285714287,2027.5542857142857,TP2,0.4516025680534155,0.008264901336944358,1,0.11865443425076298,-2.2183889384223265
TAOUSDT,LONG,1773199800,1773203400,196.6,193.72857142857143,198.03571428571428,TP2,0.4726129353233831,0.014605435256503431,1,0.15000000000000238,-2.669415046389188
LABUSDT,LONG,1773201600,1773205200,0.15116,0.14894999999999997,0.15226499999999998,TP2,0.4726407239818943,0.01462026991267535,1,0.20417287630402386,-2.3058422101844216
AVAXUSDT,SHORT,1773204300,1773206100,9.642,9.721857142857143,9.602071428571428,SL,-1.048296243291592,0.008282217678608459,1,0.26066350710899866,2.6017947970911295
SOLUSDT,SHORT,1773204300,1773207900,86.34,87.06285714285715,85.97857142857143,TP2,0.45222292490118593,0.008372216155398947,1,0.14363143631436354,2.2862888395418497
DOTUSDT,SHORT,1773205200,1773207000,1.493,1.5064285714285715,1.4862857142857144,TP2,0.4555276595744681,0.008994354607214629,1,0.249999999999999,2.168816565039609
ADAUSDT,LONG,1773207900,1773227700,0.2583,0.2554571428571428,0.25972142857142855,TP2,0.4636562814070354,0.011006028427631294,1,0.281250000000003,-2.1937116682602356
LINKUSDT,LONG,1773207900,1773211500,8.887,8.795714285714286,8.932642857142858,TP2,0.4610585289514866,0.010271825620087086,1,0.2026726057906444,-2.651098435783052
ZECUSDT,LONG,1773224100,1773229500,212.33,210.13428571428574,213.42785714285716,SL,-1.0386808067664282,0.010341045946000462,1,0.20040080160320606,-2.0687067045369054
AAVEUSDT,SHORT,1773225900,1773227700,110.25,111.23714285714286,109.75642857142857,TP2,0.4553256150506512,0.008953676708778745,1,0.23863636363636315,2.427743683740012
SUIUSDT,SHORT,1773225900,1773227700,0.9568,0.9654571428571428,0.9524714285714285,TP2,0.45579141914192056,0.009048017200191095,1,0.24242424242424387,2.804947380009154
TAOUSDT,SHORT,1773226800,1773228600,197.0,198.9714285714286,196.0142857142857,TP2,0.46002898550724647,0.010007251631617142,1,0.26760563380281577,2.1271854685578124
HYPEUSDT,SHORT,1773231300,1773232200,35.13,35.61642857142858,34.886785714285715,SL,-1.0288881057268722,0.013846529218006649,1,0.15760621288259374,2.6075745011087976
NEARUSDT,SHORT,1773232200,1773234900,1.3002,1.3154428571428571,1.2925785714285714,SL,-1.034119587628866,0.011723471114334036,1,0.28940568475452116,3.0084036096939166
BTCUSDT,SHORT,1773234900,1773236700,69825.0,70417.75714285714,69528.62142857142,SL,-1.047118791121394,0.008489182139021029,1,0.1576002486788946,2.1142817219809866
ETHUSDT,SHORT,1773234900,1773236700,2034.0,2053.594285714286,2024.202857142857,SL,-1.041522309711286,0.009633375474083444,1,0.29642901272704797,2.1528424665239854
DOTUSDT,LONG,1773273600,1773279900,1.521,1.508142857142857,1.5274285714285714,SL,-1.0473199999999998,0.008453085376162328,1,0.19444444444444264,-2.1362872745625587
HYPEUSDT,SHORT,1773277200,1773279900,36.744,37.181,36.5255,TP2,0.4663670480549199,0.011893098192902234,1,0.25020242914979923,2.6181712458917965
SUIUSDT,LONG,1773278100,1773284400,0.9722,0.9620857142857142,0.9772571428571428,SL,-1.0384485875706213,0.010403503100479045,1,0.23043478260869607,-2.2444872469002815
SEIUSDT,SHORT,1773281700,1773282600,0.06332,0.06399714285714286,0.06298142857142858,TP2,0.4625957805907073,0.010693980687663633,1,0.11436950146627621,2.2251655167963302
LABUSDT,SHORT,1773284400,1773285300,0.15005,0.15197285714285713,0.14908857142857143,TP2,0.4687860326894428,0.012814776027038528,1,0.1553072625698334,3.0803380435981165
SEIUSDT,LONG,1773284400,1773286200,0.06227,0.061541428571428566,0.06263428571428571,TP2,0.46581254901960323,0.011700199591640141,1,0.18377088305489364,-2.3251900116946285
ZECUSDT,LONG,1773285300,1773288000,211.36,208.91428571428574,212.58285714285716,SL,-1.0345682242990655,0.011571320428246963,1,0.21072796934865654,-2.238066457192875
HYPEUSDT,SHORT,1773294300,1773299700,37.066,37.67814285714286,36.759928571428574,TP2,0.4757795099183198,0.01651494245785514,1,0.11523082515448885,2.112969222413604
NEARUSDT,SHORT,1773297900,1773301500,1.2998,1.3138571428571428,1.2927714285714287,SL,-1.0369861788617887,0.010814850636361643,1,0.08793969849246316,2.0560249330216975
SUIUSDT,SHORT,1773303300,1773304200,0.9773,0.9853714285714286,0.9732642857142857,SL,-1.0484325663716811,0.008258905731534451,1,0.24999999999999925,2.028796682629436
HYPEUSDT,SHORT,1773311400,1773313200,37.926,38.54185714285715,37.61807142857143,TP2,0.4753670146137729,0.016238389043324943,1,0.26457125419591054,2.2901241575256144
SEIUSDT,SHORT,1773318600,1773323100,0.0634,0.06402428571428571,0.06308785714285714,TP2,0.4593775743707094,0.009846777827850397,1,0.2755905511811002,2.4821637110317734
SUIUSDT,SHORT,1773318600,1773322200,0.9845,0.9977285714285715,0.9778857142857144,TP2,0.47023110151187486,0.013436842487121835,1,0.13539967373572678,2.0659720015455876
DOTUSDT,LONG,1773321300,1773325800,1.497,1.4802857142857144,1.505357142857143,TP2,0.46417435897436554,0.011165187517892906,1,0.13888888888888845,-2.055166506399131
HYPEUSDT,LONG,1773324900,1773329400,37.132,36.551428571428566,37.422285714285714,TP2,0.47441692913385825,0.015635339560794697,1,0.04199930579659969,-2.1061824144131753
AAVEUSDT,LONG,1773325800,1773329400,107.86,106.2942857142857,108.64285714285714,TP2,0.47244452554744076,0.014516171757039578,1,0.2773109243697459,-2.6177170255457765
ADAUSDT,LONG,1773326700,1773329400,0.259,0.25514285714285717,0.26092857142857145,TP2,0.47314074074074797,0.014892443463872048,1,0.21008403361344813,-2.879738362527333
TAOUSDT,SHORT,1773333900,1773338400,216.3,222.04285714285714,213.42857142857144,TP2,0.48493432835820893,0.026550425995640985,1,0.21827411167512523,2.3484952360445246
NEARUSDT,SHORT,1773335700,1773344700,1.3308,1.3518,1.3203,SL,-1.0253485714285715,0.01577998196573485,1,0.14352941176470504,2.172644212819924
ZECUSDT,LONG,1773347400,1773351000,207.49,205.07428571428574,208.69785714285715,TP2,0.46564328799526883,0.011642557644774539,1,0.13071200850159378,-2.029332568698237
NEARUSDT,SHORT,1773352800,1773360000,1.354,1.371157142857143,1.3454214285714285,SL,-1.0315670274771025,0.012671449672926787,1,0.25777777777778066,2.126401070942658
TAOUSDT,SHORT,1773353700,1773356400,215.6,218.07142857142856,214.3642857142857,SL,-1.0348947976878613,0.011463026769149207,1,0.08661417322834589,2.0200486666441746
SUIUSDT,SHORT,1773357300,1773360900,0.9873,0.9958,0.98305,SL,-1.0464611764705882,0.008609338600222846,1,0.2801724137931,2.947246167648432
ADAUSDT,SHORT,1773360900,1773361800,0.2652,0.26748571428571427,0.2640571428571428,SL,-1.04641,0.00861883214824392,1,0.2815533980582544,2.7192085233724366
ZECUSDT,SHORT,1773360900,1773361800,209.56,211.79857142857145,208.44071428571428,SL,-1.0374453095086151,0.010682245793908356,1,0.06182531894013696,2.144666379203987
HYPEUSDT,SHORT,1773361800,1773362700,37.768,38.13928571428572,37.58235714285714,TP2,0.45931111966140853,0.009830695675855667,1,0.2945417095777573,2.7685961684699
NEARUSDT,LONG,1773447300,1773450000,1.3255,1.3102714285714285,1.3331142857142857,SL,-1.0348161350844278,0.011488926011747568,1,0.24962178517398306,-2.0040259270740917
LABUSDT,LONG,1773449100,1773453600,0.17041,0.1661814285714286,0.1725242857142857,TP2,0.4838801351351351,0.024814103800078747,1,0.16779348494161145,-2.063910138556125
LABUSDT,SHORT,1773459000,1773461700,0.17507,0.17922714285714286,0.17299142857142857,SL,-1.0168452233676977,0.023745603799296595,1,0.26127320954907185,2.217342933954113
ZECUSDT,SHORT,1773459000,1773463500,209.86,212.26285714285714,208.65857142857143,SL,-1.0349350772889419,0.011449810077466604,1,0.2660550458715588,2.1167975095647273
SEIUSDT,SHORT,1773460800,1773467100,0.06686,0.06756428571428572,0.06650785714285715,TP2,0.4620267748478702,0.010533737874449818,1,0.2658959537572252,2.271511624370074
ADAUSDT,SHORT,1773463500,1773464400,0.2661,0.2682571428571429,0.2650214285714286,TP2,0.45065695364237196,0.008106512052397178,1,0.083333333333329,2.141155205764277
DOTUSDT,LONG,1773467100,1773484200,1.437,1.4248571428571428,1.4430714285714286,SL,-1.0473364705882353,0.00845014414951784,1,0.2,-2.000692400920892
NEARUSDT,LONG,1773467100,1773489600,1.3166,1.3032857142857144,1.323257142857143,SL,-1.0395545064377683,0.01011262776415442,1,0.025787965616046155,-2.101843767669512
SEIUSDT,LONG,1773469800,1773473400,0.06553,0.06475714285714286,0.06591642857142858,TP2,0.4660842883549075,0.011793943886115465,1,0.12426035502958249,-2.182761038997929
TAOUSDT,LONG,1773474300,1773478800,235.0,229.92857142857144,237.53571428571428,TP2,0.48146478873239434,0.02158054711246199,1,0.19852941176470595,-2.1446099489410724
ZECUSDT,SHORT,1773486900,1773498600,209.18,211.0857142857143,208.22714285714287,TP2,0.45609415292353833,0.009110403890019554,1,0.26046511627906843,2.629219089415309
HYPEUSDT,SHORT,1773491400,1773492300,37.415,37.79971428571429,37.22264285714286,SL,-1.0389015967322688,0.01028235428876882,1,0.11704834605597891,2.245141785102754
DOTUSDT,LONG,1773534600,1773537300,1.403,1.3915714285714287,1.4087142857142858,SL,-1.049105,0.008145809998981781,1,0.27272727272727,-2.1622499104693413
HYPEUSDT,LONG,1773534600,1773537300,37.637,37.239428571428576,37.83578571428571,TP2,0.4621330937836865,0.010563313456742746,1,0.27939590075512455,-2.044289229872134
DOTUSDT,SHORT,1773542700,1773547200,1.424,1.4408571428571428,1.4155714285714285,TP2,0.46621016949152544,0.011837881219903703,1,0.2,2.9045882382184782
HYPEUSDT,LONG,1773552600,1773564300,37.595,37.213,37.785999999999994,SL,-1.0393664921465973,0.010160925655007232,1,0.09836065573770873,-2.0107496918014665
XLMUSDT,LONG,1773556200,1773565200,0.16606,0.16471000000000002,0.166735,TP2,0.4507970370370262,0.008129591713838287,1,0.019145802650956025,-2.1840645762859974
SUIUSDT,LONG,1773557100,1773558900,0.9984,0.9884857142857143,1.0033571428571428,TP2,0.45971873198847785,0.009930173992673916,1,0.028355387523628435,-2.1219920846692206
LABUSDT,SHORT,1773559800,1773560700,0.19835,0.20233571428571429,0.19635714285714284,TP2,0.4800939068100393,0.0200943498145414,1,0.15214866434378682,2.3301429320228704
ZECUSDT,LONG,1773569700,1773576000,223.81,219.76142857142858,225.83428571428573,TP2,0.4778875088214573,0.018089323214205928,1,0.10452586206896539,-2.05616759215332
TAOUSDT,SHORT,1773584100,1773585000,269.6,276.84285714285716,265.97857142857146,TP2,0.48511084812623273,0.02686519711742257,1,0.15384615384615355,2.6885174587955993
ADAUSDT,LONG,1773585000,1773587700,0.2633,0.2611142857142857,0.2643928571428571,TP2,0.45181437908495437,0.0083012316206391,1,0.20000000000000492,-2.0908059134509323
NEARUSDT,LONG,1773585000,1773591300,1.3316,1.3144857142857143,1.3401571428571428,TP2,0.468877462437402,0.012852422434879596,1,0.24513618677042923,-3.220376575464168
LABUSDT,SHORT,1773586800,1773597600,0.20603,0.2112585714285714,0.20341571428571428,TP2,0.4842381420765027,0.02537771891749462,1,0.14247311827956916,2.3851396112384307
AAVEUSDT,SHORT,1773594900,1773600300,113.84,114.97,113.275,SL,-1.0402973451327433,0.009926212227687978,1,0.018242122719734605,2.181263703543796
SUIUSDT,SHORT,1773597600,1773601200,1.009,1.0187571428571427,1.0041214285714284,TP2,0.4586354319180202,0.009670111850488482,1,0.25714285714285573,2.9726656499464994
HYPEUSDT,LONG,1773599400,1773611100,37.059,36.75985714285714,37.208571428571425,TP2,0.4504464183381087,0.008072070405106893,1,0.2620744259699101,-2.0044441228804364
DOTUSDT,LONG,1773601200,1773603000,1.41,1.3972857142857142,1.4163571428571429,TP2,0.455640449438211,0.009017223910840928,1,0.25000000000000233,-2.0011147651498615
LABUSDT,LONG,1773601200,1773603000,0.2003,0.19634857142857143,0.20227571428571428,SL,-1.0202762111352133,0.019727551529848095,1,0.11928934010152438,-2.599484438418305
XLMUSDT,LONG,1773603900,1773607500,0.16637,0.1649257142857143,0.16709214285714286,TP2,0.45392324431257125,0.008681166762551587,1,0.185595567867037,-2.0177553810560824
AVAXUSDT,SHORT,1773607500,1773609300,9.807,9.890714285714285,9.765142857142857,TP2,0.4531406143344812,0.008536176783347098,1,0.2262443438914009,2.5326091392227257
SOLUSDT,SHORT,1773607500,1773611100,88.77,89.51714285714284,88.39642857142857,SL,-1.0475250478011475,0.008416614364569716,1,0.2569832402234643,2.149956608667492
ADAUSDT,SHORT,1773611100,1773612900,0.2665,0.26892857142857146,0.2652857142857143,TP2,0.4561058823529412,0.009112838381131071,1,0.29687499999999867,3.1053657486621997
SUIUSDT,SHORT,1773611100,1773612900,1.0139,1.023442857142857,1.0091285714285714,TP2,0.4575011976048021,0.009412029926873611,1,0.2817679558011028,2.5371009147116075
DOTUSDT,SHORT,1773612000,1773612900,1.428,1.4405714285714286,1.4217142857142857,TP2,0.4545636363636278,0.008803521408563478,1,0.19148936170213046,2.138637531654932
AAVEUSDT,SHORT,1773614700,1773618300,116.44,118.00285714285714,115.65857142857142,TP2,0.47019817184643964,0.01342199538695588,1,0.1761252446183953,2.1986523776665887
SEIUSDT,SHORT,1773614700,1773617400,0.06765,0.06829285714285714,0.06732857142857143,TP2,0.4579066666666667,0.009502692429521706,1,0.22857142857142787,2.214646548701621
XLMUSDT,SHORT,1773614700,1773617400,0.16975,0.17152,0.16886500000000002,TP2,0.46163841807909606,0.010427098674521365,1,0.22914466737064657,2.6290609874459188
TAOUSDT,LONG,1773622800,1773653400,277.9,269.0571428571428,282.32142857142856,TP2,0.48742940226171244,0.031820284788978616,1,0.1676300578034687,-2.405670783048456
NEARUSDT,SHORT,1773624600,1773631800,1.3589,1.3777428571428572,1.3494785714285713,SL,-1.0288470053070506,0.01386625737203414,1,0.16136631330977722,2.009813339365025
LABUSDT,SHORT,1773627300,1773634500,0.20183,0.20667428571428573,0.19940785714285716,TP2,0.48333459156590686,0.024001811991704453,1,0.1549450549450544,2.2982003798922612
HYPEUSDT,SHORT,1773629100,1773630000,37.814,38.32657142857143,37.55771428571428,TP2,0.470490746934232,0.013555070306537968,1,0.21230982019363942,2.198697165857482
ADAUSDT,SHORT,1773631800,1773632700,0.273,0.2769714285714286,0.2710142857142857,SL,-1.0274964028776978,0.014547357404500284,1,0.16256157635468071,2.3442114031809926
AAVEUSDT,SHORT,1773632700,1773643500,117.95,119.62142857142858,117.11428571428571,SL,-1.0282273504273505,0.014170653424574582,1,0.052757793764987536,2.563014874267186
AVAXUSDT,SHORT,1773633600,1773637200,10.263,10.434857142857142,10.177071428571429,SL,-1.0238872817955111,0.016745312565248274,1,0.27234927234927153,2.539316567531345
XLMUSDT,SHORT,1773636300,1773645300,0.17089,0.17296999999999998,0.16985,SL,-1.0328634615384615,0.012171572356486597,1,0.19679633867276822,2.0790737762624323
ADAUSDT,SHORT,1773706500,1773707400,0.2923,0.2967142857142857,0.29009285714285715,TP2,0.47351326860841425,0.015101901177850536,1,0.22580645161290283,2.258259185043547
LABUSDT,SHORT,1773709200,1773713700,0.20752,0.2129757142857143,0.20479214285714287,TP2,0.4847851269965959,0.02629006498513046,1,0.258735440931781,2.8283121885036504
XLMUSDT,SHORT,1773710100,1773715500,0.17837,0.18079285714285714,0.17715857142857144,SL,-1.0294478773584905,0.013583321987201543,1,0.2798605056669556,2.2184270055546635
DOTUSDT,LONG,1773711000,1773724500,1.617,1.5907142857142857,1.6301428571428571,SL,-1.0246065217391305,0.016255852990546844,1,0.12068965517241188,-2.0659575928385423
NEARUSDT,LONG,1773714600,1773727200,1.4592,1.4285714285714286,1.4745142857142857,SL,-1.0190567164179105,0.02098997493734337,1,0.13509843856076076,-2.044081957069018
SEIUSDT,LONG,1773714600,1773715500,0.06934,0.06859428571428572,0.06971285714285715,TP2,0.4628061302682086,0.010754460422761554,1,0.11969111969111638,-2.2189139297588074
AVAXUSDT,LONG,1773717300,1773719100,10.398,10.285285714285713,10.454357142857143,SL,-1.036900380228137,0.010839996702662596,1,0.06269592476488878,-2.112962536463268
ADAUSDT,LONG,1773720000,1773732600,0.2856,0.28101428571428577,0.2878928571428572,TP2,0.4750878504672957,0.016056422569027534,1,0.1260504201680677,-2.3044202958369744
HYPEUSDT,SHORT,1773725400,1773726300,40.814,41.40257142857143,40.51971428571429,TP2,0.47226233009708746,0.01442082198685329,1,0.18331885317115257,2.0798382257490857
TAOUSDT,LONG,1773726300,1773727200,273.9,266.4,277.65,TP2,0.485392,0.02738225629791895,1,0.18064516129032265,-3.010520232379545
LABUSDT,SHORT,1773729000,1773729900,0.21184,0.21691,0.209305,TP2,0.4832867850098647,0.0239331570996979,1,0.1524163568773228,2.2726799484441274
LABUSDT,LONG,1773731700,1773739800,0.20297,0.19754,0.205685,TP2,0.4850482504604026,0.026752722077154286,1,0.174010455563853,-2.8150059049552842
DOTUSDT,SHORT,1773735300,1773737100,1.618,1.6354285714285717,1.6092857142857144,SL,-1.0371344262295081,0.010771675790217228,1,0.13131313131313063,2.3257910112771234
NEARUSDT,SHORT,1773735300,1773736200,1.4728,1.4914142857142858,1.4634928571428572,TP2,0.46835118956255406,0.01263870567238305,1,0.21436343852012987,2.1918047050188725
ZECUSDT,SHORT,1773744300,1773749700,272.92,278.0971428571429,270.3314285714286,TP2,0.478913465783659,0.018969452063399072,1,0.19336311423101776,2.143725813641499
TAOUSDT,LONG,1773749700,1773752400,274.3,269.57142857142856,276.6642857142857,TP2,0.4767963746223505,0.017238685485130995,1,0.2717948717948716,-2.2773305412145795
ADAUSDT,LONG,1773751500,1773755100,0.2844,0.28154285714285715,0.28582857142857143,TP2,0.4601840000000097,0.01004621257785813,1,0.15200000000000155,-2.484571581703638
DOTUSDT,LONG,1773751500,1773755100,1.587,1.5725714285714285,1.5942142857142858,TP2,0.4560039603960476,0.00909172742821144,1,0.2954545454545447,-2.024975914140809
LINKUSDT,SHORT,1773756900,1773760500,9.817,9.905285714285714,9.772857142857143,SL,-1.0444783171521035,0.008993146000378384,1,0.10294117647058987,2.3159009569613405
BTCUSDT,SHORT,1773758700,1773760500,74204.3,74815.48571428572,73898.70714285715,SL,-1.0485641586611505,0.008236526916711196,1,0.13704231175632625,2.395207955870735
SOLUSDT,SHORT,1773758700,1773760500,94.39,95.40428571428572,93.88285714285715,TP2,0.4627757746478804,0.010745690372769526,1,0.17799352750809194,2.6361494005205013
HYPEUSDT,LONG,1773760500,1773770400,40.166,39.44871428571428,40.52464285714285,TP2,0.4776011153156692,0.01785803202424221,1,0.24068041983351415,-2.1975774466945803
NEARUSDT,SHORT,1773763200,1773792000,1.4587,1.4785,1.4488,TP2,0.47053131313131863,0.01357373003359147,1,0.049034175334325344,2.1207046838549557
AVAXUSDT,SHORT,1773765000,1773777600,10.289,10.380857142857142,10.243071428571428,TP2,0.45519564541214036,0.008927703650222855,1,0.04522613065326768,2.160792554163407
XLMUSDT,SHORT,1773765000,1773792900,0.17446,0.17653714285714286,0.1734214285714286,TP2,0.4664038514442848,0.011906126660224975,1,0.0035714285714272083,2.144357666257615
LABUSDT,LONG,1773769500,1773774000,0.20183,0.19759142857142858,0.20394928571428572,SL,-1.0190469834850018,0.021000700731166947,1,0.1106770833333337,-2.344514998720358
AAVEUSDT,LONG,1773787500,1773791100,120.68,119.65571428571428,121.19214285714287,SL,-1.0471274755927473,0.008487617784933035,1,0.231101511879047,-2.7542736335147757
XRPUSDT,LONG,1773791100,1773800100,1.5181,1.5054857142857143,1.5244071428571428,TP2,0.45186092865232164,0.008309258753893498,1,0.2864157119476252,-2.7393346671714585
HYPEUSDT,LONG,1773793800,1773795600,40.698,40.18142857142857,40.95628571428571,TP2,0.46848606194689585,0.012692796416812363,1,0.16277288395250866,-2.129781365261262
SUIUSDT,LONG,1773793800,1773796500,1.0227,1.0126714285714284,1.0277142857142856,TP2,0.45920854700853597,0.009805975778401714,1,0.2364990689013061,-2.2872395573206066
ZECUSDT,SHORT,1773800100,1773820800,277.96,283.38,275.25,TP2,0.47948634686346336,0.01949920851921137,1,0.132391879964695,2.1593004187991744
DOTUSDT,SHORT,1773801900,1773803700,1.645,1.669142857142857,1.6329285714285715,TP2,0.4727455621301774,0.01467650890143284,1,0.2954545454545459,2.816138462176573
NEARUSDT,SHORT,1773801900,1773803700,1.4634,1.477442857142857,1.4563785714285715,TP2,0.4583161749745675,0.009596048341435758,1,0.07550077041602692,2.4211748990898876
TAOUSDT,LONG,1773803700,1773804600,273.9,268.7285714285714,276.48571428571427,TP2,0.478814364640884,0.018880717675898426,1,0.19844357976653662,-2.190195231755811
AAVEUSDT,SHORT,1773804600,1773807300,121.93,123.10285714285715,121.34357142857144,TP2,0.458416077953715,0.009619102295227933,1,0.19623233908948182,2.3784464040793996
SUIUSDT,SHORT,1773804600,1773808200,1.0457,1.0564,1.04035,TP2,0.460908411214953,0.010232380223773483,1,0.22543352601156322,2.4002085182480037
LABUSDT,LONG,1773806400,1773819000,0.19845,0.19485714285714284,0.20024642857142855,SL,-1.0220938369781312,0.01810459633588888,1,0.1969339622641518,-2.1237799702742284
NEARUSDT,LONG,1773816300,1773826200,1.4396,1.4247285714285713,1.4470357142857142,TP2,0.46127877041305704,0.010330250466399427,1,0.1111111111111123,-2.5406968114275186
ADAUSDT,LONG,1773817200,1773821700,0.2883,0.2848,0.29005,TP2,0.46705142857142057,0.012140131807145318,1,0.1294117647058819,-2.1766361993457717
AAVEUSDT,LONG,1773819900,1773821700,120.24,119.14999999999999,120.785,TP2,0.45587522935779823,0.009065202927478389,1,0.10395314787701458,-2.178541234009683
ZECUSDT,SHORT,1773828000,1773831600,281.56,285.7971428571429,279.44142857142856,TP2,0.47341982467970334,0.015048809692935292,1,0.06107275624004398,2.083835390439205
DOTUSDT,LONG,1773834300,1773837900,1.604,1.5850000000000002,1.6135000000000002,SL,-1.0337684210526317,0.011845386533665835,1,0.27777777777778123,-3.231192747452248
ZECUSDT,LONG,1773834300,1773836100,271.71,265.05428571428564,275.03785714285715,SL,-1.016329426915647,0.024495654505591682,1,0.1902404526166895,-2.3569155432301736
NEARUSDT,LONG,1773837900,1773843300,1.4199,1.3975857142857142,1.4310571428571428,SL,-1.0254527528809219,0.01571539243206261,1,0.2668621700879754,-2.281602773170248
HYPEUSDT,SHORT,1773841500,1773842400,41.938,42.93357142857143,41.44021428571429,TP2,0.4831501793657591,0.02373912510304327,1,0.14540887524420962,2.320088219391966
HYPEUSDT,SHORT,1773853200,1773864000,42.563,44.05128571428572,41.81885714285715,TP2,0.4885605298521765,0.03496665447185854,1,0.282233683087321,2.35876761884551
XLMUSDT,SHORT,1773857700,1773858600,0.16994,0.17187428571428573,0.16897285714285715,TP2,0.4648573116691284,0.011382168496444096,1,0.12958963282937333,2.2114222241151698
BTCUSDT,LONG,1773864900,1773866700,70710.4,70012.51428571428,71059.34285714285,TP2,0.4594716449684761,0.009869633240452773,1,0.20113859007060908,-2.414880114857043
AAVEUSDT,SHORT,1773869400,1773890100,115.26,116.81857142857143,114.48071428571428,SL,-1.02958093492209,0.013522223048511452,1,0.28323699421965337,2.1655367096536966
TAOUSDT,SHORT,1773876600,1773879300,271.0,275.48571428571427,268.75714285714287,SL,-1.0241656050955414,0.01655245123879803,1,0.0880829015544035,2.33726986519536
DOTUSDT,SHORT,1773878400,1773879300,1.577,1.592142857142857,1.5694285714285714,TP2,0.45834339622641523,0.009602319050638674,1,0.2266666666666685,2.878618594532408
ZECUSDT,SHORT,1773885600,1773890100,253.04,257.21,250.95499999999998,TP2,0.47572757793765325,0.016479607967119773,1,0.2283150548354938,2.1616949118533015
TAOUSDT,LONG,1773889200,1773890100,263.0,257.84285714285716,265.5785714285714,SL,-1.020398891966759,0.019608908202064075,1,0.17699115044247682,-2.240404613793828
ADAUSDT,SHORT,1773891000,1773891900,0.2761,0.2785571428571429,0.2748714285714286,TP2,0.4550534883720817,0.00889946706679774,1,0.25233644859813315,3.164632989903309
NEARUSDT,SHORT,1773891000,1773891900,1.3932,1.4049285714285713,1.3873357142857143,TP2,0.4524852618757609,0.008418440588983162,1,0.17543859649123048,2.7789794849861673
SUIUSDT,SHORT,1773891000,1773891900,0.9932,1.0015142857142858,0.9890428571428571,TP2,0.45221718213057754,0.008371209941890575,1,0.22051282051281818,2.850697463408623
XRPUSDT,SHORT,1773892800,1773893700,1.4735,1.4857857142857143,1.4673571428571428,TP2,0.452025581395358,0.008337776915992079,1,0.24369747899159822,2.1145920431958203
LABUSDT,SHORT,1773893700,1773894600,0.20098,0.20384,0.19954999999999998,TP2,0.4718909090909141,0.014230271668822816,1,0.1807602792862697,2.107697151614837
ZECUSDT,LONG,1773896400,1773905400,247.47,242.89714285714285,249.75642857142856,SL,-1.0216468603561386,0.018478430285922096,1,0.1284369114877589,-2.0050377517120483
DOTUSDT,LONG,1773898200,1773905400,1.542,1.524857142857143,1.5505714285714287,SL,-1.03598,0.011117287381878851,1,0.2857142857142848,-2.4949104729098583
NEARUSDT,LONG,1773898200,1773900900,1.3616,1.3469428571428572,1.3689285714285713,TP2,0.46284132553606216,0.010764646634211785,1,0.2618296529968485,-2.894014635068835
LABUSDT,LONG,1773903600,1773906300,0.19645,0.19272285714285717,0.19831357142857145,TP2,0.47891682637026056,0.018972475729920373,1,0.13651498335183285,-2.9896513676568524
HYPEUSDT,LONG,1773906300,1773909000,40.218,39.53257142857143,40.56071428571429,SL,-1.0234702792830346,0.01704283085754067,1,0.2894878706199461,-2.389567431468664
XRPUSDT,LONG,1773909000,1773912600,1.4547,1.4396857142857145,1.462207142857143,TP2,0.46124490960990283,0.010321224798436612,1,0.26415094339622297,-2.218715506249108
LABUSDT,LONG,1773920700,1773928800,0.194,0.1901957142857143,0.19590214285714286,SL,-1.0203980473150582,0.019609720176730436,1,0.13872522763792147,-2.6808407613488927
SOLUSDT,LONG,1773924300,1773925200,88.78,88.00714285714287,89.16642857142857,SL,-1.0459489833641409,0.008705306858043887,1,0.17058823529411757,-2.039279015828339
AAVEUSDT,LONG,1773925200,1773927900,112.32,111.30285714285714,112.82857142857142,TP2,0.455829213483146,0.009055759055759045,1,0.27710843373494065,-2.851950984883248
DOTUSDT,LONG,1773926100,1773927000,1.512,1.497142857142857,1.5194285714285716,TP2,0.45929230769231544,0.009826152683295612,1,0.23684210526315858,-2.8497714424254252
TAOUSDT,LONG,1773935100,1773936900,243.5,237.88571428571427,246.30714285714285,TP2,0.4826513994910916,0.023056614843062487,1,0.2037914691943126,-2.005734431820313
HYPEUSDT,SHORT,1773941400,1773954000,39.835,40.673,39.416000000000004,TP2,0.4809856801909265,0.02103677670390355,1,0.13856975381008252,2.0411542719978555
TAOUSDT,SHORT,1773943200,1773945900,250.4,255.38571428571427,247.90714285714287,TP2,0.4799106017191977,0.019910999543587375,1,0.2741935483870971,2.316031792020231
AAVEUSDT,SHORT,1773947700,1773950400,112.43,113.88428571428572,111.70285714285716,TP2,0.46907622789783393,0.01293503259170783,1,0.14606741573033874,2.1310392657429937
ADAUSDT,SHORT,1773947700,1773960300,0.2677,0.27090000000000003,0.2661,TP2,0.4665374999999915,0.011953679491968667,1,0.213872832369942,2.954104784921537
ZECUSDT,SHORT,1773954900,1773957600,240.8,245.27142857142857,238.56428571428572,TP2,0.4784587859424952,0.018569055529188392,1,0.29819694868238683,2.309881019481303
ADAUSDT,SHORT,1773967500,1773974700,0.269,0.2711571428571429,0.2679214285714286,TP2,0.4501192052980134,0.00801911842804039,1,0.19565217391303916,2.086383034854465
LABUSDT,SHORT,1773967500,1773976500,0.19268,0.19626142857142856,0.1908892857142857,TP2,0.47848009573195055,0.018587443281236127,1,0.2917815774958643,2.1348768887918257
NEARUSDT,SHORT,1773968400,1773971100,1.3442,1.3566571428571428,1.3379714285714286,SL,-1.0431623853211012,0.009267328416264533,1,0.10578842315369419,2.0275686517971216
TAOUSDT,SHORT,1773979200,1773981000,286.6,295.04285714285714,282.37857142857143,SL,-1.0135783417935702,0.029458678097896533,1,0.24220623501199068,2.228426838383831
ZECUSDT,SHORT,1773981000,1773981900,238.34,242.15714285714284,236.43142857142857,TP2,0.4750242514970097,0.01601553602896219,1,0.24354940213971102,2.0377754060712663
SOLUSDT,LONG,1773981900,1773982800,88.77,88.04142857142857,89.13428571428571,TP2,0.4512635294117647,0.008207405976922696,1,0.02028985507246606,-2.3474414495449345
ADAUSDT,SHORT,1773982800,1773990900,0.2707,0.2730285714285714,0.26953571428571427,TP2,0.4534993865030793,0.00860203704680985,1,0.19999999999999613,2.2337542311623846
SUIUSDT,SHORT,1773982800,1773985500,0.9708,0.9792,0.9666,SL,-1.0462285714285717,0.008652657601977712,1,0.2985507246376807,2.5147067350562176
LABUSDT,LONG,1773983700,1773986400,0.18978,0.18775714285714287,0.19079142857142858,SL,-1.037527118644068,0.010658958493292948,1,0.204701273261512,-2.924860251048616
HYPEUSDT,LONG,1773989100,1773990900,39.333,38.77342857142857,39.612785714285714,TP2,0.4718834822568292,0.01422651281548389,1,0.14181818181818204,-2.1575324803787073
ETHUSDT,LONG,1773990900,1773991800,2127.67,2110.4285714285716,2136.2907142857143,TP2,0.45063819703372276,0.008103431721755995,1,0.13262292977276158,-2.255587774291822
NEARUSDT,LONG,1773990900,1773992700,1.3393,1.3256285714285714,1.3461357142857142,TP2,0.46081462904911197,0.010207891115828135,1,0.2019867549668872,-2.4815373712756417
HYPEUSDT,SHORT,1773993600,1773996300,40.332,41.00657142857143,39.99471428571429,TP2,0.4760843710292249,0.016725464360096913,1,0.29351184346035186,2.7303292418527674
ETHUSDT,SHORT,1773994500,1773998100,2169.48,2190.7285714285713,2158.8557142857144,TP2,0.45915998386446155,0.009794315425157855,1,0.15994236311239263,2.6668291853709216
LINKUSDT,SHORT,1773994500,1773996300,9.179,9.261142857142858,9.13792857142857,TP2,0.4553022608695762,0.008948998490342907,1,0.13026052104208302,2.421311970634471
DOTUSDT,LONG,1773998100,1774005300,1.528,1.514,1.535,TP2,0.45634285714284917,0.009162303664921453,1,0.18309859154929506,-2.2734012549194516
TAOUSDT,LONG,1773999900,1774007100,288.8,278.4714285714286,293.9642857142857,SL,-1.0111845089903182,0.03576375148397298,1,0.14188034188034193,-2.276805066530785
LABUSDT,SHORT,1774007100,1774008900,0.18928,0.1924442857142857,0.18769785714285714,TP2,0.4760729571106139,0.016717485810892406,1,0.06250000000000111,2.0359544942028043
AAVEUSDT,LONG,1774015200,1774018800,110.74,109.61714285714285,111.30142857142856,SL,-1.0394493638676847,0.010139580484532588,1,0.22846441947565507,-2.058006372653882
ADAUSDT,LONG,1774015200,1774017900,0.2658,0.26315714285714287,0.26712142857142857,TP2,0.45977081081082116,0.009943029130387998,1,0.2909090909090954,-2.540849465207654
AVAXUSDT,LONG,1774015200,1774016100,9.447,9.361571428571429,9.489714285714285,TP2,0.45576655518395687,0.009042931240454249,1,0.16704805491990757,-2.359028868439156
LABUSDT,SHORT,1774017900,1774030500,0.19034,0.19361,0.188705,SL,-1.0232831804281346,0.017179783545234795,1,0.10648918469217922,2.4271680109708487
BTCUSDT,LONG,1774018800,1774023300,69708.1,69006.15714285715,70059.07142857143,TP2,0.4602770514490392,0.0100697459426215,1,0.24467504096122142,-2.0004401567312127
HYPEUSDT,LONG,1774018800,1774019700,38.764,38.08985714285715,39.10107142857143,TP2,0.4769995337995337,0.017390951840440982,1,0.1777992900935798,-2.486780746547072
NEARUSDT,LONG,1774019700,1774021500,1.3199,1.3030428571428572,1.3283285714285715,TP2,0.46868033898305095,0.01277153031073786,1,0.22832369942196462,-2.5171687748726477
ZECUSDT,SHORT,1774023300,1774026000,237.87,242.96142857142857,235.3242857142857,TP2,0.48131212121212397,0.021404248419004387,1,0.13412563667232655,2.8281878314899447
DOTUSDT,LONG,1774025100,1774035000,1.517,1.4974285714285713,1.5267857142857142,SL,-1.0310043795620438,0.012901403145305586,1,0.214285714285716,-2.0507774541821826
SOLUSDT,LONG,1774028700,1774029600,88.25,87.27714285714285,88.73642857142858,TP2,0.4637151248164467,0.011023876972885567,1,0.2578616352201208,-2.7054120844713623
TAOUSDT,LONG,1774028700,1774039500,271.4,264.65714285714284,274.77142857142854,SL,-1.0161,0.024844720496894405,1,0.23124999999999846,-2.442058228456666
XLMUSDT,LONG,1774031400,1774035900,0.16492,0.16339857142857145,0.1656807142857143,SL,-1.043359248826291,0.00922525207026783,1,0.27245053272450354,-2.03653318945489
ZECUSDT,LONG,1774067400,1774071000,232.39,230.17857142857142,233.49571428571429,TP2,0.45796563307494187,0.00951602294172974,1,0.2456896551724139,-2.6113978603777044
TAOUSDT,SHORT,1774070100,1774072800,275.6,280.12857142857143,273.3357142857143,TP2,0.47565678233439124,0.01643168152602117,1,0.14537444933920762,2.691142995895498
TAOUSDT,LONG,1774080000,1774080900,268.9,264.59999999999997,271.04999999999995,TP2,0.47498604651162135,0.01599107474897736,1,0.13333333333333208,-2.4889857011005403
ZECUSDT,SHORT,1774080900,1774081800,235.96,238.26142857142858,234.80928571428572,TP2,0.4589889509621352,0.009753469110987309,1,0.17731773177317836,3.229578202755421
LABUSDT,SHORT,1774083600,1774084500,0.18708,0.18942857142857142,0.18590571428571429,SL,-1.0318627737226278,0.012553834875836145,1,0.2612419700214142,3.5617994118968657
TAOUSDT,LONG,1774090800,1774096200,268.7,264.8857142857143,270.60714285714283,TP2,0.4718217228464418,0.014195332021904341,1,0.18292682926829293,-2.1599274072100028
TAOUSDT,SHORT,1774102500,1774104300,276.8,280.51428571428573,274.9428571428571,SL,-1.0298092307692306,0.013418662262592956,1,0.28104575163398476,2.645575884045776
ZECUSDT,SHORT,1774102500,1774104300,234.7,236.80999999999997,233.64499999999998,TP2,0.45550710900474606,0.008990200255645493,1,0.10366492146597003,2.129934095105041
ZECUSDT,LONG,1774109700,1774115100,231.52,228.93428571428572,232.81285714285715,TP2,0.46418475138121545,0.01116842728798499,1,0.150159744408946,-2.33510052456843
HYPEUSDT,SHORT,1774111500,1774113300,40.138,40.54442857142857,39.93478571428571,TP2,0.46049687170475384,0.010125780343529081,1,0.04309392265193494,2.080356484353301
TAOUSDT,LONG,1774137600,1774138500,267.9,263.4285714285714,270.13571428571424,SL,-1.0239654952076678,0.016690662827281006,1,0.27160493827160725,-2.932001277932823
TAOUSDT,SHORT,1774146600,1774147500,281.8,290.1285714285715,277.6357142857143,TP2,0.4864658662092591,0.02955490215958642,1,0.23353293413173531,2.3826069470740956
ZECUSDT,LONG,1774160100,1774164600,218.15,215.70142857142858,219.37428571428572,TP2,0.46436289381563584,0.011224255918273768,1,0.15622849277357156,-2.2428936628011535
TAOUSDT,LONG,1774168200,1774170000,270.0,265.0,272.5,TP2,0.47839999999999994,0.01851851851851849,1,0.23469387755102045,-2.6727563532009957
ZECUSDT,LONG,1774176300,1774182600,217.55,215.02714285714288,218.8114285714286,TP2,0.46550736126840886,0.011596677282726483,1,0.1307767944936076,-2.226495307840054
NEARUSDT,LONG,1774177200,1774188900,1.2843,1.2739,1.2895,SL,-1.0493961538461538,0.008097796465000386,1,0.29045643153527384,-2.293496453986604
TAOUSDT,SHORT,1774185300,1774187100,274.3,279.45714285714286,271.7214285714286,TP2,0.47872465373961215,0.018801104109160933,1,0.17073170731707293,2.096040574240609
NEARUSDT,SHORT,1774192500,1774194300,1.2917,1.3028428571428572,1.2861285714285715,TP2,0.4536312820512822,0.008626505491102566,1,0.018796992481205064,2.329549099599339
HYPEUSDT,LONG,1774197900,1774200600,37.937,37.62885714285714,38.091071428571425,TP2,0.45075401019935085,0.008122488787802322,1,0.005886200130804739,-2.0618542025888136
ZECUSDT,SHORT,1774199700,1774200600,222.11,224.27714285714288,221.0264285714286,TP2,0.45900408701383655,0.009757070177582528,1,0.2451790633608833,2.4330557257653336
LABUSDT,SHORT,1774200600,1774204200,0.22611,0.23246,0.222935,TP2,0.485756850393703,0.028083676086860354,1,0.08161708619374554,2.064265380720686
TAOUSDT,LONG,1774204200,1774206900,268.0,263.85714285714283,270.07142857142856,SL,-1.0258758620689654,0.015458422174840116,1,0.2727272727272719,-2.0635440556828404
ZECUSDT,LONG,1774205100,1774211400,218.5,216.2757142857143,219.61214285714286,TP2,0.46070648683365445,0.010179797319385415,1,0.12591050988553693,-2.484125398055485
LABUSDT,LONG,1774208700,1774209600,0.21626,0.20867857142857144,0.2200507142857143,TP2,0.48859001319012624,0.035057008098717174,1,0.22394933793897556,-3.24874898959604
HYPEUSDT,LONG,1774215900,1774217700,37.719,37.28485714285714,37.93607142857143,TP2,0.46524738400789734,0.011509924895751672,1,0.18025513033832222,-2.747173939839726
HYPEUSDT,SHORT,1774220400,1774224900,38.416,38.997142857142855,38.12542857142857,TP2,0.473558308751223,0.01512762539418099,1,0.12062615101289172,2.4951539958370503
TAOUSDT,LONG,1774224000,1774225800,261.7,256.54285714285714,264.2785714285714,TP2,0.47970193905817177,0.01970631584693492,1,0.165775401069518,-2.0668973673885325
SEIUSDT,SHORT,1774228500,1774232100,0.05997,0.06064428571428571,0.05963285714285715,TP2,0.46442457627118633,0.01124371709664353,1,0.10062893081761069,2.3524183090355844
ZECUSDT,SHORT,1774229400,1774242000,219.54,222.66571428571427,217.97714285714287,SL,-1.028094698354662,0.014237561654888754,1,0.11617647058823626,2.1508339525489983
DOTUSDT,SHORT,1774230300,1774242900,1.427,1.441857142857143,1.4195714285714285,SL,-1.0384192307692306,0.01041145259785772,1,0.26666666666666866,2.015013384032462
ADAUSDT,SHORT,1774233000,1774235700,0.2533,0.25611428571428574,0.2518928571428572,TP2,0.4639979695431371,0.011110484462241206,1,0.2758620689655204,2.7170323570467385
XLMUSDT,SHORT,1774239300,1774242000,0.15763,0.15911999999999998,0.156885,SL,-1.04231677852349,0.009452515384127409,1,0.1751937984496101,2.161044278751582
ETHUSDT,SHORT,1774242900,1774244700,2069.18,2087.2314285714283,2060.1542857142854,TP2,0.4541492244381261,0.008723952759754423,1,0.16514232864042927,2.030020565332821
SOLUSDT,SHORT,1774242900,1774244700,87.19,87.91285714285713,86.82857142857142,TP2,0.45175256916997025,0.008290596890206918,1,0.2717086834733917,2.3701446921410265
SOLUSDT,LONG,1774312200,1774316700,91.02,90.24571428571429,91.40714285714286,SL,-1.047021402214022,0.008506764604325584,1,0.16766467065868457,-2.197986737131571
AAVEUSDT,LONG,1774313100,1774314000,109.2,108.19142857142857,109.70428571428572,TP2,0.45669121813031144,0.009236002093144917,1,0.2048192771084362,-2.8149580160973513
ADAUSDT,LONG,1774313100,1774324800,0.2598,0.25745714285714283,0.2609714285714286,TP2,0.45564390243903663,0.009017925877048355,1,0.10638297872340224,-2.0218416232193097
XLMUSDT,LONG,1774314900,1774336500,0.16495,0.16345428571428575,0.16569785714285715,TP2,0.4558872970391592,0.009067682847616094,1,0.16351118760757077,-2.1755368894678413
ZECUSDT,LONG,1774321200,1774323000,225.25,221.48142857142858,227.1342857142857,TP2,0.47609173616376044,0.016730616775011888,1,0.1594014313597916,-2.21097150933264
AVAXUSDT,SHORT,1774324800,1774327500,9.572,9.674999999999999,9.520499999999998,TP2,0.462827184466028,0.010760551608859149,1,0.17708333333333134,2.00994364660963
AAVEUSDT,LONG,1774329300,1774333800,108.87,107.87428571428573,109.36785714285715,TP2,0.45626456241033675,0.009145901402721387,1,0.14025500910746824,-2.130916340525471
LABUSDT,SHORT,1774330200,1774332900,0.21391,0.2180285714285714,0.21185071428571428,TP2,0.4792248352410683,0.019253758256142416,1,0.2453912331011891,2.0258862740176387
LINKUSDT,SHORT,1774335600,1774336500,9.131,9.204571428571429,9.094214285714287,SL,-1.0496442718446606,0.008057324342506613,1,0.24579124579124959,2.294926884047128
ZECUSDT,SHORT,1774335600,1774336500,229.81,232.8842857142857,228.27285714285716,SL,-1.02990092936803,0.013377510614358415,1,0.19526627218934894,2.5765559300984293
AVAXUSDT,SHORT,1774336500,1774338300,9.587,9.673428571428571,9.543785714285715,TP2,0.45563041322313025,0.00901518425248477,1,0.17073170731707013,2.331276861970935
SOLUSDT,SHORT,1774337400,1774345500,91.13,91.9042857142857,90.74285714285713,SL,-1.047078228782288,0.008496496370961401,1,0.20209973753280647,2.665081213850914
SUIUSDT,SHORT,1774337400,1774339200,0.9505,0.9586571428571429,0.9464214285714286,SL,-1.0466094570928197,0.008581949349966173,1,0.19689119170984604,2.4599047717606113
DOTUSDT,SHORT,1774339200,1774340100,1.425,1.438857142857143,1.4180714285714286,TP2,0.4588659793814355,0.009724310776942397,1,0.22033898305084643,2.7913293310946283
LABUSDT,LONG,1774339200,1774344600,0.20636,0.20143714285714284,0.20882142857142855,SL,-1.0167674985490425,0.023855675241602703,1,0.12062256809338488,-2.058624985207417
TAOUSDT,SHORT,1774340100,1774341900,319.3,327.65714285714284,315.12142857142857,TP2,0.4847172649572684,0.026173325578273902,1,0.29326923076922995,2.0528894793989227
NEARUSDT,SHORT,1774341000,1774349100,1.3218,1.3374000000000001,1.314,TP2,0.46610769230769244,0.011802088061734042,1,0.25035360678925267,2.217661436276232
DOTUSDT,LONG,1774349100,1774351800,1.401,1.386,1.4085,SL,-1.0373599999999998,0.010706638115631712,1,0.1688311688311657,-2.5533301040938334
ETHUSDT,SHORT,1774352700,1774353600,2170.53,2188.4514285714286,2161.569285714286,TP2,0.45155453168594306,0.008256706229090811,1,0.2542110358180042,2.1288223619607813
SUIUSDT,LONG,1774357200,1774359900,0.9473,0.9392,0.95135,SL,-1.0467802469135805,0.008550617544600389,1,0.22772277227722804,-2.0040408666501013
SOLUSDT,LONG,1774359000,1774359900,91.06,90.28285714285715,91.44857142857143,SL,-1.046869117647059,0.008534404317404511,1,0.19533527696793096,-2.339054642694897
AAVEUSDT,LONG,1774359900,1774361700,109.46,108.33571428571427,110.02214285714285,SL,-1.038943837357052,0.010271201482602934,1,0.1870503597122327,-2.792600852281632
ETHUSDT,LONG,1774360800,1774372500,2137.78,2115.7014285714286,2148.819285714286,SL,-1.0387304043998706,0.01032780334205178,1,0.1105704902080007,-2.297618245633052
LINKUSDT,LONG,1774360800,1774366200,9.117,9.021571428571429,9.164714285714286,TP2,0.46178502994011067,0.010467102273617645,1,0.11111111111111016,-2.334619323451214
TAOUSDT,SHORT,1774397700,1774398600,341.6,352.3285714285715,336.2357142857143,TP2,0.4872639147802903,0.03140682502509206,1,0.2793834296724477,2.4636903707662583
SUIUSDT,LONG,1774408500,1774410300,0.9446,0.9361999999999999,0.9488,TP2,0.45501904761904116,0.00889265297480418,1,0.1111111111111111,-2.518326910041716
ZECUSDT,LONG,1774409400,1774412100,236.4,230.70285714285714,239.24857142857144,TP2,0.48340220661985955,0.02409958907420836,1,0.13250000000000028,-2.2757973686393154
SOLUSDT,SHORT,1774411200,1774415700,91.66,92.46,91.25999999999999,SL,-1.04583,0.00872790748418066,1,0.2769953051643159,2.2481568593333505
LABUSDT,SHORT,1774415700,1774420200,0.19917,0.20254285714285716,0.19748357142857145,SL,-1.0236203303684879,0.01693456415553118,1,0.14678394722374802,2.4132708138864376
TAOUSDT,SHORT,1774421100,1774428300,341.0,348.81428571428575,337.09285714285716,SL,-1.01745521023766,0.022915793883535887,1,0.03921568627451051,2.0054959441129103
XLMUSDT,SHORT,1774421100,1774428300,0.17969,0.18182142857142855,0.1786242857142857,SL,-1.033721983914209,0.011861698321712804,1,0.12461059190031248,2.2626017978033857
HYPEUSDT,SHORT,1774426500,1774428300,40.474,40.83628571428571,40.29285714285714,SL,-1.0446873817034703,0.008951072646284343,1,0.23742454728370208,2.2477401904469443
TAOUSDT,SHORT,1774487700,1774494900,353.6,363.81428571428575,348.49285714285713,TP2,0.48615272727273007,0.028886554621848807,1,0.10833333333333377,2.0141692896924983
ZECUSDT,SHORT,1774487700,1774492200,233.31,235.8842857142857,232.02285714285716,TP2,0.4637476137624805,0.011033756436868148,1,0.12918660287081413,2.4286115942470734
LABUSDT,SHORT,1774490400,1774491300,0.19652,0.19866857142857144,0.19544571428571428,TP2,0.4634138297872341,0.010933092960367558,1,0.2208760484622543,3.179755279288854
DOTUSDT,LONG,1774493100,1774502100,1.344,1.3305714285714285,1.3507142857142858,SL,-1.0400340425531913,0.00999149659863951,1,0.07936507936507746,-2.1568898704021464
HYPEUSDT,LONG,1774493100,1774501200,39.651,39.231142857142856,39.86092857142857,SL,-1.0377757060224564,0.010588815990949657,1,0.23210161662817305,-2.9171657095614445
TAOUSDT,LONG,1774518300,1774527300,334.0,326.3857142857143,337.8071428571429,TP2,0.48245403377111074,0.022797262617621928,1,0.20234604105571835,-2.180031410943776
HYPEUSDT,SHORT,1774530900,1774531800,39.415,39.73914285714285,39.25292857142857,TP2,0.4513609519612272,0.008223845164096306,1,0.2723760463618819,2.086109264016273
TAOUSDT,SHORT,1774530900,1774534500,342.3,349.40000000000003,338.75,SL,-1.0192845070422536,0.020742039146947118,1,0.13712374581939835,2.5111686825090045
DOTUSDT,SHORT,1774533600,1774535400,1.33,1.3424285714285715,1.3237857142857143,TP2,0.4571954022988507,0.009344790547798087,1,0.20689655172413715,2.276110077846937
XLMUSDT,SHORT,1774533600,1774535400,0.17542,0.17698714285714284,0.17463642857142855,TP2,0.45522552415680007,0.008933661253807172,1,0.23486682808716547,3.157999088738659
AAVEUSDT,LONG,1774538100,1774549800,105.51,104.34428571428572,106.09285714285716,SL,-1.0362044117647058,0.011048377269588544,1,0.28538283062645137,-2.8685584078800623
SEIUSDT,LONG,1774538100,1774549800,0.05852,0.058044285714285715,0.058757857142857146,SL,-1.049206006006006,0.008129088956156624,1,0.16587677725118458,-2.559696973752904
AVAXUSDT,LONG,1774539000,1774548000,9.167,9.081428571428571,9.209785714285713,SL,-1.0428507512520868,0.009334725490501648,1,0.2447129909365562,-2.2094316265445624
TAOUSDT,SHORT,1774574100,1774576800,345.1,352.1857142857143,341.5571428571429,TP2,0.48051854838709684,0.020532350871383092,1,0.08169014084507177,2.108545873624919
HYPEUSDT,LONG,1774575900,1774576800,38.68,38.28142857142857,38.879285714285714,TP2,0.46118136200716836,0.01030432855665531,1,0.09833422890918792,-2.6134356585119995
ZECUSDT,SHORT,1774576800,1774581300,224.7,226.88857142857142,223.60571428571427,TP2,0.45893211488250646,0.009739970754656982,1,0.2176591375770013,2.4227648564843673
TAOUSDT,LONG,1774588500,1774593900,334.0,326.8857142857143,337.5571428571429,TP2,0.4812208835341405,0.021300256629597926,1,0.1326530612244903,-2.0608483614821353
LABUSDT,SHORT,1774596600,1774600200,0.19061,0.19374,0.18904500000000002,TP2,0.4756408945686856,0.016420964272598468,1,0.19790986283474934,2.9712220437974444
HYPEUSDT,SHORT,1774597500,1774600200,39.099,39.46214285714285,38.917428571428566,TP2,0.4569326514555565,0.009287778642493577,1,0.23787528868360328,2.6073201911350807
ZECUSDT,LONG,1774600200,1774601100,221.99,219.71857142857144,223.1257142857143,SL,-1.039092578616352,0.010232121138017821,1,0.2021758839528549,-2.0656166544725956
AAVEUSDT,LONG,1774601100,1774602000,104.84,103.88428571428572,105.31785714285715,TP2,0.4561207772795291,0.009115931759960753,1,0.23749999999999744,-3.189215073679172
ADAUSDT,LONG,1774601100,1774602000,0.251,0.24875714285714287,0.25212142857142855,TP2,0.4552356687898027,0.008935685828116102,1,0.2807017543859668,-3.2679110597553396
AVAXUSDT,LONG,1774602000,1774608300,8.97,8.894428571428572,9.007785714285715,SL,-1.0474782608695652,0.008424908424908423,1,0.09183673469387621,-2.0085409667192757
ETHUSDT,LONG,1774602900,1774603800,2040.86,2023.0157142857142,2049.782142857143,TP2,0.454251797294058,0.008743512888824169,1,0.13940979793574398,-2.098639469305356
NEARUSDT,LONG,1774602900,1774608300,1.2164,1.2044285714285714,1.2223857142857142,SL,-1.0406434367541766,0.009841687414854122,1,0.13012477718360213,-2.5846771069453327
DOTUSDT,LONG,1774604700,1774608300,1.3,1.284857142857143,1.3075714285714286,SL,-1.0343396226415094,0.011648351648351658,1,0.2602739726027378,-2.301060813652974
AAVEUSDT,LONG,1774660500,1774664100,97.3,96.49285714285715,97.70357142857142,TP2,0.4517805309734511,0.008295404492732313,1,0.2056737588652484,-3.2107305357769884
DOTUSDT,LONG,1774660500,1774664100,1.275,1.2622857142857142,1.2813571428571429,TP2,0.45988764044944713,0.009971988795518255,1,0.015384615384613703,-2.170896988270352
ZECUSDT,LONG,1774660500,1774662300,211.89,209.89857142857142,212.88571428571427,SL,-1.0425604017216645,0.009398407529513252,1,0.28501228501228715,-3.7094346370284894
TAOUSDT,SHORT,1774668600,1774671300,318.9,324.88571428571424,315.90714285714284,TP2,0.4786892601431981,0.018769878600546536,1,0.25510204081632626,2.1689047657559226
LABUSDT,SHORT,1774669500,1774675800,0.20688,0.2114042857142857,0.20461785714285716,SL,-1.0182906220397854,0.02186913048281958,1,0.26519634211942045,2.4043977994808077
TAOUSDT,SHORT,1774685700,1774688400,325.0,330.34285714285716,322.3285714285714,TP2,0.4756684491978609,0.016439560439560404,1,0.23076923076923078,2.2902429244286684
DOTUSDT,LONG,1774700100,1774704600,1.281,1.2698571428571428,1.2865714285714285,TP2,0.4540153846153844,0.008698561391769782,1,0.2653061224489813,-2.559372500614032
HYPEUSDT,SHORT,1774702800,1774706400,40.142,40.59914285714286,39.913428571428575,TP2,0.46487574999999987,0.011388143519078658,1,0.24362986142154805,2.680793475312253
AAVEUSDT,SHORT,1774705500,1774706400,97.74,98.65857142857142,97.28071428571428,TP2,0.4574382581648524,0.00939811160805639,1,0.03512880562060693,2.11649881916814
ZECUSDT,SHORT,1774705500,1774706400,222.06,225.04714285714286,220.56642857142856,TP2,0.47026456241033476,0.01345196278997954,1,0.28248113998323576,3.4960178573700835
LABUSDT,SHORT,1774707300,1774710900,0.2212,0.22574142857142857,0.21892928571428572,TP2,0.48051714375590115,0.020530870576078525,1,0.27862829148805757,2.145333554490312
SOLUSDT,SHORT,1774712700,1774719000,83.83,84.71428571428571,83.38785714285714,TP2,0.46208012924071074,0.010548559158841845,1,0.28075709779179814,2.270089770178544
HYPEUSDT,LONG,1774718100,1774727100,39.725,39.399142857142856,39.887928571428574,TP2,0.4512362998684787,0.008202822979412024,1,0.12162162162162027,-2.129606903068212
DOTUSDT,LONG,1774719900,1774723500,1.277,1.264857142857143,1.2830714285714284,TP2,0.4579341176470587,0.00950889361226085,1,0.03125000000000011,-2.0307120199682926
AAVEUSDT,LONG,1774735200,1774739700,97.35,96.56285714285714,97.74357142857143,SL,-1.049470054446461,0.008085699611123327,1,0.2727272727272741,-3.130189651326317
TAOUSDT,LONG,1774735200,1774737900,316.2,312.1714285714285,318.2142857142857,TP2,0.46860425531914907,0.012740580103008993,1,0.2037037037037056,-2.8335551569206285
DOTUSDT,LONG,1774736100,1774739700,1.268,1.2567142857142857,1.273642857142857,SL,-1.0449417721518985,0.00890040558810277,1,0.29411764705882354,-2.7382054276127192
LABUSDT,SHORT,1774736100,1774743300,0.21761,0.21992714285714285,0.21645142857142857,TP2,0.4624347718865598,0.0106481451088776,1,0.14660114660114842,2.1237809337140363
XLMUSDT,LONG,1774739700,1774755000,0.16819,0.16680571428571428,0.16888214285714287,TP2,0.4514002063983491,0.008230487628787222,1,0.28191489361702116,-2.757297869244891
HYPEUSDT,SHORT,1774755000,1774763100,39.847,40.203857142857146,39.66857142857143,TP2,0.45533562850279213,0.008955684062969396,1,0.09754637941352715,2.2047857201487155
ZECUSDT,SHORT,1774755000,1774755900,216.69,218.76999999999998,215.65,SL,-1.0416711538461538,0.009598966265171425,1,0.049261083743841985,2.256359357050065
LABUSDT,SHORT,1774769400,1774781100,0.21926,0.2224057142857143,0.21768714285714286,TP2,0.47211952770209337,0.01434695925255076,1,0.19233498935415289,2.131971325178504
ZECUSDT,LONG,1774772100,1774773000,215.83,213.9714285714286,216.75928571428574,TP2,0.45354926979247495,0.00861127474665907,1,0.13915857605177676,-2.065080141483561
TAOUSDT,LONG,1774780200,1774782900,316.5,312.25714285714287,318.62142857142857,TP2,0.47016161616161606,0.01340555179417733,1,0.18446601941747434,-2.07609508083576
LABUSDT,SHORT,1774785600,1774788300,0.2209,0.2237157142857143,0.21949214285714286,TP2,0.468618975139528,0.012746556295673563,1,0.2650406504065038,2.0174761763419817
TAOUSDT,SHORT,1774787400,1774788300,322.6,326.75714285714287,320.5214285714286,TP2,0.4689594501718212,0.012886369674962319,1,0.18181818181818338,2.542647936973213
TAOUSDT,LONG,1774796400,1774800900,314.9,310.8285714285714,316.93571428571425,TP2,0.46906245614035086,0.012929274599646146,1,0.19786096256684563,-2.009353291586057
SOLUSDT,LONG,1774798200,1774801800,81.54,80.7957142857143,81.91214285714287,TP2,0.4561781190019289,0.009127860121237594,1,0.16875000000000032,-2.026545344459356
AAVEUSDT,SHORT,1774801800,1774803600,96.05,96.90142857142857,95.6242857142857,TP2,0.4548758389261829,0.008864430728043441,1,0.016759776536313425,2.1345646473771684
ZECUSDT,SHORT,1774801800,1774816200,216.22,218.95000000000002,214.855,SL,-1.031680586080586,0.012626029044491768,1,0.013215859030837529,2.066609861099081
NEARUSDT,LONG,1774803600,1774806300,1.1514,1.1421428571428571,1.1560285714285714,TP2,0.4502481481481481,0.008039901734534352,1,0.17327766179540635,-2.439549213357138
AAVEUSDT,LONG,1774805400,1774808100,94.72,93.92714285714285,95.11642857142857,TP2,0.4522133333333334,0.008370535714285731,1,0.19080459770114866,-2.85865608977469
AVAXUSDT,LONG,1774805400,1774806300,8.581,8.511571428571427,8.615714285714285,TP2,0.4505621399176828,0.008090965088983978,1,0.24547803617571187,-2.7435715334106554
HYPEUSDT,LONG,1774808100,1774816200,38.714,38.40185714285714,38.87007142857143,TP2,0.45038938215102997,0.008062790131292517,1,0.28510028653294833,-2.112159831148706
SUIUSDT,LONG,1774812600,1774816200,0.8394,0.8325142857142858,0.8428428571428572,TP2,0.45123817427386714,0.008203138296061835,1,0.22118380062305193,-2.8732522425430567
LABUSDT,LONG,1774817100,1774825200,0.20906,0.20596142857142857,0.21060928571428572,TP2,0.4730120792992207,0.014821445654699276,1,0.0350350350350353,-2.0497526132712696
ADAUSDT,LONG,1774822500,1774824300,0.2394,0.2374,0.2404,SL,-1.0478800000000001,0.008354218880534645,1,0.09523809523809476,-2.2529199372363076
TAOUSDT,LONG,1774822500,1774824300,312.6,308.31428571428575,314.74285714285713,SL,-1.029176,0.013709898546750728,1,0.19806763285024,-3.2221096576936072
BTCUSDT,LONG,1774825200,1774826100,65818.0,65250.771428571425,66101.61428571428,TP2,0.45358625900367067,0.008618137461311074,1,0.2511714662663229,-2.2921267637606095
ETHUSDT,LONG,1774825200,1774826100,1972.51,1951.3742857142856,1983.077857142857,TP2,0.46266963163230285,0.010715136696754031,1,0.2490588949605338,-2.3364521864095384
AAVEUSDT,SHORT,1774830600,1774831500,96.85,98.45571428571428,96.04714285714284,TP2,0.47587366548043153,0.01657939376060185,1,0.2710280373831767,2.7753424942266336
DOTUSDT,SHORT,1774830600,1774832400,1.275,1.2964285714285713,1.2642857142857142,TP2,0.47619999999999985,0.016806722689075522,1,0.2839506172839524,2.3697969182920176
TAOUSDT,SHORT,1774830600,1774831500,322.7,330.2142857142857,318.9428571428571,TP2,0.48282205323193916,0.023285670016379642,1,0.17548746518105976,2.7371920170495083
SUIUSDT,SHORT,1774833300,1774839600,0.8587,0.8748428571428571,0.8506285714285714,SL,-1.0212775221238939,0.018799181486965345,1,0.24955116696588975,2.223602831097719
ADAUSDT,SHORT,1774836900,1774857600,0.2451,0.24915714285714285,0.24307142857142858,SL,-1.0241647887323944,0.01655301043305938,1,0.25786163522012623,2.049028604172291
AVAXUSDT,SHORT,1774836900,1774858500,8.776,8.925428571428572,8.701285714285714,SL,-1.0234921606118546,0.01702695663497859,1,0.21061359867329904,2.2008889466489796
DOTUSDT,LONG,1774849500,1774854000,1.263,1.2498571428571428,1.2695714285714286,TP2,0.46156086956522585,0.010406062662594738,1,0.1020408163265308,-2.373222262672865
HYPEUSDT,LONG,1774855800,1774857600,38.038,37.63928571428571,38.23735714285714,TP2,0.4618393407380955,0.010481999203803704,1,0.18903803131991365,-2.040493613117614
AAVEUSDT,SHORT,1774858500,1774862100,98.84,99.68142857142858,98.41928571428572,TP2,0.453013242784372,0.008513036942822476,1,0.2528089887640454,2.0027018373079284
DOTUSDT,SHORT,1774860300,1774862100,1.28,1.2917142857142858,1.2741428571428572,TP2,0.4562926829268197,0.009151785714285697,1,0.2093023255813963,2.0615737281585083
TAOUSDT,SHORT,1774873800,1774875600,320.0,323.98571428571427,318.00714285714287,TP2,0.4678853046594982,0.012455357142857133,1,0.09677419354838769,2.1425216169403796
HYPEUSDT,SHORT,1774876500,1774878300,38.405,38.72128571428571,38.246857142857145,TP2,0.4514299909665763,0.008235534807595733,1,0.13275517011340934,2.4001717339904456
AAVEUSDT,SHORT,1774877400,1774879200,99.55,100.47,99.09,TP2,0.4567173913043399,0.009241587142139584,1,0.09046454767725887,2.124863460054148
TAOUSDT,LONG,1774878300,1774881000,313.2,308.57142857142856,315.51428571428573,SL,-1.0270666666666666,0.014778325123152726,1,0.29268292682926794,-2.565275266783076
XRPUSDT,LONG,1774881000,1774882800,1.341,1.3302571428571428,1.3463714285714286,TP2,0.45006914893617045,0.008011079152018789,1,0.28787878787879245,-2.913360115392716
ZECUSDT,LONG,1774881000,1774882800,222.92,219.23,224.765,TP2,0.4758352303523036,0.01655302350619059,1,0.28125000000000194,-2.702577802742389
ADAUSDT,LONG,1774881900,1774882800,0.2474,0.24488571428571432,0.24865714285714285,TP2,0.4606409090909088,0.010162836355237263,1,0.0952380952380954,-2.0219433566511986
LABUSDT,LONG,1774890000,1774904400,0.21756,0.21368285714285715,0.21949857142857143,TP2,0.4775546057479735,0.017821028025109657,1,0.24488448844884572,-2.1184711382264307
HYPEUSDT,LONG,1774890900,1774896300,37.621,37.13614285714286,37.86342857142857,SL,-1.0310367707719503,0.01288793872723066,1,0.21097770154373807,-2.209616982814549
AAVEUSDT,LONG,1774891800,1774920600,97.36,95.91000000000001,98.085,TP2,0.47314206896551714,0.014893179950698384,1,0.20388349514563067,-2.4226479906317877
ETHUSDT,LONG,1774899000,1774901700,2015.27,1991.25,2027.28,TP2,0.4664401332223147,0.011918998446858228,1,0.2977071995717728,-2.012741793375395
LABUSDT,SHORT,1774905300,1774906200,0.22078,0.22354000000000002,0.2194,TP2,0.46800289855071964,0.012501132348944672,1,0.19298245614034926,3.1307567731761736
TAOUSDT,SHORT,1774905300,1774908000,314.3,318.6,312.15000000000003,TP2,0.4707627906976678,0.013681196309258655,1,0.11969111969111874,2.667893875038533
ZECUSDT,SHORT,1774906200,1774912500,228.52,232.20000000000002,226.68,TP2,0.4751608695652174,0.01610362331524596,1,0.23036649214659838,2.2795120867861547
HYPEUSDT,SHORT,1774920600,1774926900,37.452,37.92014285714285,37.21792857142857,TP2,0.46799951174855026,0.012499809279687421,1,0.2743930371049,2.1095073050169195
SOLUSDT,SHORT,1774920600,1774921500,83.69,84.48428571428572,83.29285714285714,SL,-1.0421460431654674,0.00949080791355857,1,0.2816091954022974,2.4268211918418534
AAVEUSDT,SHORT,1774921500,1774931400,98.19,99.25714285714285,97.65642857142856,TP2,0.46319518072289834,0.010868141940552613,1,0.2815533980582519,2.0029495004895703
XLMUSDT,SHORT,1774924200,1774926900,0.17061,0.1723957142857143,0.16971714285714287,TP2,0.46178336000000003,0.010466644896045292,1,0.20255183413078226,2.0472975175134116
ZECUSDT,SHORT,1774945800,1774946700,234.65,238.49142857142857,232.7292857142857,TP2,0.4755663815544849,0.01637088673099754,1,0.27566964285714246,2.9265951634056875
AAVEUSDT,LONG,1774946700,1774951200,96.85,95.93857142857142,97.30571428571429,SL,-1.0425047021943572,0.009410723504683251,1,0.25481798715203674,-2.5715881887725245
SEIUSDT,LONG,1774946700,1774951200,0.05094,0.05044285714285714,0.05118857142857143,SL,-1.0409862068965516,0.009759380784115796,1,0.21232876712329063,-2.3805495412749114
SOLUSDT,LONG,1774946700,1774949400,82.41,81.64428571428572,82.79285714285714,SL,-1.0430499999999998,0.009291521486643462,1,0.279805352798052,-2.6255699780425994
DOTUSDT,LONG,1774951200,1774956600,1.23,1.2161428571428572,1.2369285714285714,TP2,0.46449484536082447,0.011265969802555089,1,0.21311475409835923,-2.2735653546021086
ADAUSDT,SHORT,1775005200,1775007000,0.2444,0.24705714285714286,0.24307142857142858,TP2,0.46320860215053766,0.010872106616787471,1,0.2710280373831759,3.046835574878128
ETHUSDT,SHORT,1775005200,1775006100,2113.68,2131.3199999999997,2104.8599999999997,TP2,0.4520707482993324,0.008345634154649681,1,0.1608315098468214,2.8744522181373298
SEIUSDT,SHORT,1775005200,1775007900,0.05128,0.05211142857142857,0.050864285714285716,TP2,0.47532920962198894,0.016213505683084464,1,0.21693121693121614,2.003686655722764
HYPEUSDT,LONG,1775008800,1775009700,36.035,35.648714285714284,36.228142857142856,TP2,0.4626856508875833,0.010719736763860564,1,0.28457446808510634,-2.973887683088598
ETHUSDT,LONG,1775010600,1775013300,2084.84,2065.1571428571433,2094.6814285714286,TP2,0.4576313543329944,0.009440943738060014,1,0.2370939902714542,-2.381294690051464
TAOUSDT,LONG,1775010600,1775011500,302.2,298.2285714285714,304.18571428571425,TP2,0.46956258992805033,0.013141722605653756,1,0.2866242038216552,-2.103956555626883
DOTUSDT,SHORT,1775013300,1775021400,1.258,1.2694285714285714,1.2522857142857142,SL,-1.0440300000000002,0.009084714967067866,1,0.0666666666666693,2.101354996512774
SOLUSDT,SHORT,1775019600,1775020500,83.7,84.37285714285716,83.36357142857143,TP2,0.45024203821655034,0.008038914490527455,1,0.19161676646706666,2.010391318040728
ETHUSDT,SHORT,1775021400,1775025900,2126.25,2145.9014285714284,2116.424285714286,SL,-1.0432792963070665,0.00924229444864356,1,0.2658765652951747,2.4831911400489206
HYPEUSDT,SHORT,1775021400,1775023200,36.852,37.18214285714286,36.68692857142857,SL,-1.0446497620077881,0.008958614380301266,1,0.20353063343717467,2.3766809154099233
ADAUSDT,SHORT,1775022300,1775024100,0.2477,0.25075714285714285,0.24617142857142857,SL,-1.0324093457943924,0.012342118922659934,1,0.2463768115942033,2.241146494097099
XRPUSDT,SHORT,1775024100,1775027700,1.3538,1.3651714285714285,1.3481142857142856,SL,-1.0476211055276383,0.008399637000612024,1,0.2913117546848398,2.446738910168064
HYPEUSDT,SHORT,1775090700,1775092500,36.216,36.552142857142854,36.04792857142857,TP2,0.4569040373990752,0.009281611915806669,1,0.04318936877076941,2.018565660275858
TAOUSDT,SHORT,1775091600,1775092500,315.6,320.20000000000005,313.3,TP2,0.47255652173913043,0.01457541191381495,1,0.25333333333333535,2.1987256106865853
ADAUSDT,LONG,1775093400,1775097000,0.2441,0.2404857142857143,0.24590714285714288,SL,-1.0270150197628458,0.014806578100310186,1,0.2749999999999994,-3.166294302887737
AVAXUSDT,LONG,1775093400,1775094300,8.991,8.893428571428572,9.039785714285713,SL,-1.0368591508052711,0.010852121963233017,1,0.28691983122362746,-3.486306191105452
BTCUSDT,LONG,1775093400,1775096100,67546.7,66956.08571428571,67842.00714285714,SL,-1.0457467431004037,0.008743791861249895,1,0.24904342039594107,-3.210118212803654
SEIUSDT,LONG,1775095200,1775123100,0.05293,0.05189571428571428,0.05344714285714285,SL,-1.0204701657458564,0.01954063318129068,1,0.28344671201814103,-2.1553090767657244
ZECUSDT,LONG,1775176200,1775219400,237.86,234.58714285714288,239.4964285714286,EXPIRED,0.03814893059799197,0.01375959447934559,1,0.046386192017259346,-2.0979132107467615
LABUSDT,SHORT,1775177100,1775188800,0.19489,0.1983157142857143,0.19317714285714285,TP2,0.4772438698915803,0.01757768118279176,1,0.12739383846794175,2.0095992157163405
TAOUSDT,SHORT,1775179800,1775180700,302.5,305.3285714285714,301.0857142857143,TP2,0.4572222222222225,0.00935064935064941,1,0.013888888888888177,2.1588656672951694
SEIUSDT,SHORT,1775182500,1775187900,0.05165,0.052212857142857144,0.05136857142857143,SL,-1.0367055837563453,0.0108975245470889,1,0.2387543252595151,2.3010223132355914
ADAUSDT,SHORT,1775186100,1775192400,0.2403,0.24222857142857146,0.2393357142857143,SL,-1.0498399999999999,0.008025682182985577,1,0.12820512820512875,2.173395564463308
SUIUSDT,SHORT,1775189700,1775191500,0.8662,0.8732285714285715,0.8626857142857143,TP2,0.45070406504064264,0.008114259326450528,1,0.21863799283154073,2.0256564648839137
LABUSDT,SHORT,1775192400,1775193300,0.19818,0.20097714285714285,0.19678142857142855,SL,-1.0283403472931563,0.014114153078730766,1,0.2499999999999986,2.1706024228785914
DOTUSDT,SHORT,1775195100,1775199600,1.248,1.2584285714285715,1.2427857142857144,SL,-1.047868493150685,0.0083562271062271,1,0.1739130434782617,2.8872243028164446
LABUSDT,LONG,1775268000,1775275200,0.19917,0.1969914285714286,0.20025928571428572,TP2,0.463431081967213,0.01093825088402582,1,0.2946509519492293,-2.0490387813114688
TAOUSDT,LONG,1775281500,1775285100,307.6,304.45714285714286,309.1714285714286,TP2,0.46085090909090026,0.010217350919561635,1,0.23566878980891665,-2.0340905972833982
ZECUSDT,SHORT,1775286000,1775295900,237.03,239.03142857142856,236.02928571428572,SL,-1.0473721627408996,0.0084437774603576,1,0.1938895417156276,2.6830024571117157
NEARUSDT,SHORT,1775306700,1775309400,1.2413,1.2522714285714285,1.2358142857142858,SL,-1.045255729166667,0.00883865993025737,1,0.26066350710901165,2.0753595862673433
TAOUSDT,LONG,1775306700,1775307600,306.8,304.27142857142854,308.06428571428575,TP2,0.45146666666666696,0.008241758241758289,1,0.2911392405063251,-2.4433912239544906
LABUSDT,SHORT,1775322000,1775324700,0.21255,0.21770142857142855,0.2099742857142857,SL,-1.0165041597337772,0.024236314144570996,1,0.17142857142857232,2.4229061014637066
ADAUSDT,SHORT,1775322900,1775330100,0.2466,0.2485857142857143,0.24560714285714288,SL,-1.049674820143885,0.00805236936623796,1,0.24705882352941047,2.053690479105141
DOTUSDT,SHORT,1775324700,1775328300,1.261,1.271142857142857,1.2559285714285713,TP2,0.4502704225352219,0.008043502888863659,1,0.19230769230769312,2.3727363545988656
ZECUSDT,SHORT,1775325600,1775331900,252.17,255.99571428571426,250.25714285714284,TP2,0.47363420463032474,0.015171171375319339,1,0.26913329954384174,2.4507336455732047
TAOUSDT,SHORT,1775330100,1775331000,306.6,309.0714285714286,305.36428571428576,TP2,0.45037687861270514,0.008060758549995318,1,0.04964539007092473,2.4567293553998435
LABUSDT,LONG,1775342700,1775344500,0.2177,0.21349142857142858,0.21980428571428573,TP2,0.4793088934148031,0.019331977163855905,1,0.0459290187891436,-2.22818840794542
ZECUSDT,LONG,1775349000,1775353500,249.19,246.3385714285714,250.6157142857143,SL,-1.034956513026052,0.011442788921820992,1,0.026086956521740225,-2.194192335338021
ZECUSDT,LONG,1775368800,1775371500,244.6,242.21285714285713,245.79357142857143,TP2,0.45901376421304607,0.009759373904917655,1,0.2904977375565608,-2.3031037882479306
LABUSDT,SHORT,1775369700,1775382300,0.22274,0.22744714285714285,0.22038642857142857,TP2,0.4810721699544765,0.021132903192703865,1,0.17836257309941567,3.243771915672261
TAOUSDT,LONG,1775369700,1775370600,298.9,296.4428571428571,300.12857142857143,TP2,0.45134186046512814,0.008220618458156146,1,0.2647058823529446,-3.3996573915309742
NEARUSDT,LONG,1775370600,1775393100,1.246,1.2357714285714285,1.2511142857142856,SL,-1.0487262569832403,0.008209126347168067,1,0.28273244781783413,-2.0285057045530133
ZECUSDT,SHORT,1775381400,1775383200,249.58,252.35428571428574,248.19285714285715,TP2,0.46401524201853767,0.011115817430425997,1,0.08919667590027743,2.7257804627538036
ZECUSDT,LONG,1775393100,1775403000,239.19,235.76714285714286,240.90142857142857,TP2,0.47204791318864764,0.0143102016926173,1,0.2790313703907534,-2.3158118817652302
TAOUSDT,LONG,1775394900,1775400300,296.5,293.8571428571429,297.82142857142856,TP2,0.45512432432432376,0.008913514815706949,1,0.10569105691056993,-2.2281253554353904
NEARUSDT,LONG,1775395800,1775397600,1.2367,1.2265,1.2418,TP2,0.4515019607843247,0.008247756125171844,1,0.10629921259842484,-2.2812179204520797
ADAUSDT,SHORT,1775403000,1775409300,0.2439,0.24630000000000002,0.2427,TP2,0.45935000000000015,0.009840098400984048,1,0.18446601941747542,3.0591761749138384
DOTUSDT,SHORT,1775403000,1775403900,1.237,1.2492857142857146,1.2308571428571429,TP2,0.4597255813953492,0.009931862801709289,1,0.1636363636363626,3.0675783151708176
LABUSDT,SHORT,1775403000,1775403900,0.22491,0.2289557142857143,0.22288714285714287,TP2,0.4777631355932169,0.01798814764000839,1,0.21473805411629246,2.7061211709869872
NEARUSDT,LONG,1775413800,1775429100,1.2309,1.2185857142857144,1.237057142857143,TP2,0.460017169373559,0.010004294186599847,1,0.10465116279069621,-2.59209728607553
ZECUSDT,LONG,1775424600,1775429100,238.87,236.59,240.01,TP2,0.45809298245613406,0.009544940762757973,1,0.08838133068520278,-2.1164370078248202
ADAUSDT,SHORT,1775426400,1775427300,0.2445,0.24675714285714284,0.24337142857142857,SL,-1.0433291139240506,0.009231668127373653,1,0.09803921568627526,2.315731798846462
SUIUSDT,LONG,1775427300,1775429100,0.8451,0.8382428571428571,0.8485285714285714,TP2,0.4507025000000002,0.008114001724225392,1,0.1485943775100421,-2.000261841933429
AVAXUSDT,SHORT,1775429100,1775430900,8.901,8.976857142857142,8.863071428571429,SL,-1.046935593220339,0.008522316914632367,1,0.10928961748633657,2.7621478960189423
DOTUSDT,SHORT,1775429100,1775431800,1.229,1.2397142857142858,1.2236428571428573,SL,-1.0458826666666665,0.008717889108450587,1,0.058823529411763935,2.181760231470243
LINKUSDT,SHORT,1775429100,1775430900,8.653,8.727571428571428,8.615714285714287,SL,-1.0464145593869734,0.008617985504614394,1,0.09803921568627608,2.1474873987196568
ZECUSDT,SHORT,1775433600,1775435400,244.83,248.33857142857144,243.0757142857143,SL,-1.0279122149837134,0.01433064342021576,1,0.2243051066580486,2.0657374189101505
LABUSDT,SHORT,1775443500,1775444400,0.24881,0.2530842857142857,0.24667285714285714,SL,-1.02328435828877,0.01717891449011581,1,0.14689612784265532,2.209523329764943
HYPEUSDT,SHORT,1775448000,1775449800,37.113,37.524571428571434,36.90721428571428,TP2,0.4639304408191603,0.011089683630302903,1,0.20775623268697654,2.1786055724522684
TAOUSDT,SHORT,1775448000,1775449800,314.1,318.28571428571433,312.00714285714287,SL,-1.0300163822525596,0.013326056305999031,1,0.2896174863388001,2.077138977898885
ADAUSDT,LONG,1775459700,1775465100,0.2555,0.25311428571428574,0.25669285714285717,TP2,0.4571616766467179,0.009337433603578351,1,0.18681318681318573,-2.5263314815341706
NEARUSDT,LONG,1775460600,1775463300,1.2645,1.2530714285714284,1.2702142857142857,TP2,0.45574250000000016,0.009038016155453911,1,0.039062499999999764,-2.0745984891892144
DOTUSDT,SHORT,1775461500,1775467800,1.271,1.2827142857142857,1.2651428571428571,SL,-1.0433999999999997,0.009216589861751211,1,0.2499999999999986,2.000179306264387
AAVEUSDT,SHORT,1775465100,1775467800,96.13,97.00714285714285,95.69142857142856,SL,-1.0438377850162865,0.009124548602339116,1,0.10047846889952143,2.0833917713909575
HYPEUSDT,SHORT,1775465100,1775475900,37.34,37.67485714285714,37.17257142857143,TP2,0.45539590443687034,0.008967786364679698,1,0.1701492537313431,2.4921971688299127
LABUSDT,LONG,1775466000,1775467800,0.25517,0.24729285714285715,0.25910857142857147,TP2,0.4870425099746137,0.030870176185064345,1,0.12180267965895268,-2.216241498995815
SEIUSDT,SHORT,1775468700,1775486700,0.0545,0.055055714285714284,0.05422214285714286,TP2,0.46077120822622103,0.010196592398427254,1,0.21033210332103233,2.6729197174228596
XRPUSDT,SHORT,1775468700,1775474100,1.3541,1.3659142857142859,1.3481928571428572,TP2,0.45415380894800483,0.008724825134248366,1,0.24832214765100877,2.70230728254583
LABUSDT,SHORT,1775476800,1775478600,0.26684,0.2751171428571429,0.2627014285714286,SL,-1.012895270969969,0.031019123284151035,1,0.22671252507881975,2.4104414209964764
DOTUSDT,LONG,1775486700,1775511900,1.276,1.2610000000000001,1.2835,SL,-1.0340266666666669,0.01175548589341685,1,0.249999999999999,-2.3708905512714646
NEARUSDT,LONG,1775486700,1775487600,1.2733,1.259542857142857,1.2801785714285716,TP2,0.46297777777777793,0.010804321728691531,1,0.11375212224108545,-2.2042588652435016
SOLUSDT,LONG,1775486700,1775487600,81.9,81.22571428571429,82.23714285714286,TP2,0.4514152542372774,0.008233036804465348,1,0.22666666666666466,-2.909965724975523
HYPEUSDT,SHORT,1775487600,1775488500,37.7,38.08657142857143,37.50671428571429,TP2,0.4609903917220989,0.010253884046987452,1,0.15352260778128363,2.3957295493386694
ETHUSDT,SHORT,1775488500,1775494800,2166.3,2189.7400000000002,2154.58,TP2,0.46303242320820087,0.010820292664912547,1,0.17521309700987475,2.8956442451074365
TAOUSDT,LONG,1775489400,1775493900,319.4,313.98571428571427,322.10714285714283,TP2,0.476403166226913,0.016951426782359797,1,0.27118644067796616,-2.763550052100216
LINKUSDT,SHORT,1775491200,1775494800,9.082,9.163428571428572,9.041285714285715,TP2,0.4553866666666667,0.008965929468021522,1,0.21929824561403674,2.055524351722564
SEIUSDT,SHORT,1775491200,1775494800,0.05489,0.05538571428571429,0.05464214285714286,TP2,0.455708357348696,0.009031049111209399,1,0.03553299492385844,2.3646809459907048
AAVEUSDT,LONG,1775493000,1775511900,95.87,94.52714285714286,96.54142857142858,SL,-1.0285570212765958,0.014007063136092037,1,0.2513761467889889,-2.453599350549485
ETHUSDT,LONG,1775495700,1775499300,2126.3,2097.7000000000003,2140.6000000000004,TP2,0.47026153846154656,0.01345059493016042,1,0.1897163120567356,-2.2693595040031065
ZECUSDT,SHORT,1775496600,1775497500,257.63,261.6357142857143,255.62714285714284,TP2,0.4742737517831669,0.015548322344891063,1,0.1759999999999991,2.574270548221689
TAOUSDT,LONG,1775504700,1775515500,317.5,313.45714285714286,319.5214285714286,SL,-1.0314134275618374,0.012733408323959536,1,0.2994923857868002,-2.3347839169945845
LABUSDT,SHORT,1775513700,1775517300,0.29665,0.30420857142857144,0.2928707142857143,TP2,0.4843012663012663,0.025479762105415235,1,0.10935630533620573,2.601948966653854
HYPEUSDT,LONG,1775515500,1775516400,36.608,36.30342857142857,36.760285714285715,SL,-1.048078048780488,0.008319805194805187,1,0.1958895311496454,-2.459237536056211
ZECUSDT,LONG,1775515500,1775516400,254.29,251.79142857142858,255.5392857142857,SL,-1.04070966266438,0.009825677095329811,1,0.14906219151036273,-2.199284514618232
LABUSDT,SHORT,1775533500,1775538000,0.30195,0.31210714285714286,0.29687142857142856,SL,-1.0118911392405063,0.03363849265488615,1,0.15664243225379978,2.8684070005595084
TAOUSDT,SHORT,1775550600,1775551500,313.8,316.31428571428575,312.54285714285714,SL,-1.0499227272727274,0.00801238277337702,1,0.2941176470588222,2.9005918733516154
HYPEUSDT,SHORT,1775555100,1775557800,36.824,37.12228571428572,36.67485714285714,SL,-1.049380842911877,0.008100307253033795,1,0.26131386861313155,2.8054803901218333
LABUSDT,SHORT,1775610000,1775612700,0.39948,0.4226214285714286,0.38790928571428573,TP2,0.49309498117167605,0.05792887897123406,1,0.20796109917448846,2.0195432282422794
LABUSDT,LONG,1775617200,1775619900,0.36819,0.34356000000000003,0.38050500000000004,TP2,0.4940204628501838,0.06689480974496866,1,0.1265167737330476,-2.0981739031308804
SEIUSDT,SHORT,1775619900,1775622600,0.05689,0.057452857142857146,0.05660857142857143,TP2,0.4595705583756344,0.009893779976395513,1,0.21682847896440013,2.0601671212288655
AVAXUSDT,SHORT,1775622600,1775624400,9.549,9.667142857142856,9.489928571428571,TP2,0.46766964933494554,0.012372275331747501,1,0.050898203592815335,2.3543199504192422
HYPEUSDT,SHORT,1775624400,1775626200,38.808,39.16171428571428,38.631142857142855,SL,-1.0438862681744752,0.00911446829814174,1,0.05257452574525799,2.20750790679642
NEARUSDT,SHORT,1775625300,1775626200,1.3101,1.3219142857142858,1.3041928571428572,SL,-1.044356469165659,0.009017850327674003,1,0.11400651465798338,2.1229280562912236
TAOUSDT,SHORT,1775633400,1775638800,344.3,349.1,341.9,SL,-1.0286916666666666,0.013941330235260004,1,0.14953271028037307,2.3336332367305737
ZECUSDT,SHORT,1775633400,1775637900,325.24,331.14714285714285,322.2864285714286,SL,-1.022023506650544,0.018162411933165822,1,0.11209570225963802,2.0139635787735726
LABUSDT,SHORT,1775637900,1775640600,0.38664,0.40045714285714284,0.37973142857142855,TP2,0.48880694789081885,0.03573645473086819,1,0.1775247339929068,2.7124559794685488
AVAXUSDT,LONG,1775693700,1775696400,9.022,8.934714285714286,9.065642857142857,SL,-1.0413446808510638,0.009674763277068763,1,0.23902439024390315,-2.0863456514844714
SEIUSDT,LONG,1775693700,1775709900,0.0547,0.054177142857142854,0.05496142857142857,TP2,0.458153005464481,0.009558631496474302,1,0.2734375000000012,-2.04869363643687
XLMUSDT,LONG,1775693700,1775699100,0.15702,0.15575999999999998,0.15764999999999998,SL,-1.0498476190476191,0.008024455483377909,1,0.14586994727592292,-2.2899676008414254
ZECUSDT,LONG,1775698200,1775736000,318.6,311.61857142857144,322.0907142857143,SL,-1.0182541436464088,0.021912832929782085,1,0.050318102949680706,-2.051984498881837
NEARUSDT,SHORT,1775709900,1775726100,1.3393,1.355042857142857,1.3314285714285714,TP2,0.4659705989110707,0.011754541284892922,1,0.13520749665327977,2.2843999399330914
TAOUSDT,LONG,1775716200,1775717100,318.6,315.64285714285717,320.0785714285714,TP2,0.4569043478260772,0.009281678773204165,1,0.2833333333333348,-3.4935659030379083
LABUSDT,LONG,1775718000,1775721600,0.36196,0.3494971428571429,0.36819142857142856,SL,-1.0116172397982577,0.03443158675781062,1,0.2483085250338297,-2.055455210596272
HYPEUSDT,SHORT,1775724300,1775734200,38.968,39.32014285714286,38.79192857142858,TP2,0.45573614604461443,0.009036718772912532,1,0.22982321291315097,2.2451429078888387
NEARUSDT,LONG,1775727000,1775738700,1.3292,1.3161285714285713,1.3357357142857142,TP2,0.45932502732240443,0.009834057005287836,1,0.12469437652811706,-2.012406254470795
AAVEUSDT,LONG,1775729700,1775731500,89.77,88.98142857142857,90.16428571428571,TP2,0.4544644927536233,0.008784353665717167,1,0.044705882352940644,-2.0127352562775433
TAOUSDT,SHORT,1775730600,1775732400,326.3,329.6142857142857,324.64285714285717,TP2,0.46061896551724124,0.01015717350378702,1,0.21311475409835728,2.7987815215896474
XLMUSDT,LONG,1775733300,1775743200,0.15416,0.15291714285714283,0.15478142857142857,SL,-1.0496147126436781,0.008062124694195283,1,0.25868725868725656,-2.1684095854569723
DOTUSDT,LONG,1775745000,1775745900,1.237,1.2262857142857144,1.242357142857143,TP2,0.4538186666666665,0.008661508257304508,1,0.2558139534883728,-2.068730899358743
SOLUSDT,LONG,1775745000,1775745900,81.53,80.87714285714286,81.85642857142857,TP2,0.4500472647702297,0.008007569518669716,1,0.2644628099173523,-2.614314520828711
LABUSDT,SHORT,1775745900,1775746800,0.37729,0.38776285714285713,0.37205357142857143,SL,-1.0144102032464875,0.027758109525450294,1,0.19719266470454982,2.362547866448546
AAVEUSDT,SHORT,1775746800,1775747700,90.38,91.19999999999999,89.97,TP2,0.4559121951219512,0.009072803717636638,1,0.19871794871794807,2.7590614348735514
AVAXUSDT,SHORT,1775746800,1775749500,9.152,9.233571428571429,9.111214285714285,SL,-1.0448784588441329,0.00891296203796209,1,0.10204081632652638,2.466760852085245
DOTUSDT,SHORT,1775747700,1775749500,1.261,1.2745714285714285,1.2542142857142857,SL,-1.0371663157894737,0.010762433442845788,1,0.1525423728813581,2.3546427558433063
SEIUSDT,SHORT,1775748600,1775749500,0.05538,0.05588,0.05513,SL,-1.044304,0.009028530155290744,1,0.08520179372197134,2.1579292585348178
AAVEUSDT,LONG,1775780100,1775782800,90.08,88.79714285714286,90.72142857142858,TP2,0.4719126948775112,0.014241309312357299,1,0.18578352180937094,-2.305935839968124
SEIUSDT,SHORT,1775781000,1775784600,0.05636,0.05700142857142857,0.056039285714285715,SL,-1.035146547884187,0.011380918584609183,1,0.20567375886524802,2.0178197235071362
HYPEUSDT,SHORT,1775786400,1775789100,40.55,41.08442857142857,40.28278571428571,TP2,0.46964982624967255,0.013179496212788444,1,0.27907967618235996,2.7790022205785654
NEARUSDT,LONG,1775791800,1775794500,1.3533,1.3350857142857144,1.3624071428571427,TP2,0.47028047058823513,0.01345916331507102,1,0.28437917222964093,-2.161457378290551
AVAXUSDT,SHORT,1775797200,1775803500,9.38,9.471142857142857,9.334428571428573,TP2,0.4588338557993728,0.009716722509899425,1,0.08148148148148505,2.1221192468287593
SUIUSDT,SHORT,1775797200,1775801700,0.9353,0.9442857142857143,0.9308071428571429,SL,-1.0416349761526233,0.009607307051977172,1,0.2183908045977002,2.2703533399688314
AAVEUSDT,SHORT,1775799000,1775802600,90.89,91.73857142857143,90.46571428571428,TP2,0.45715622895622915,0.009336246326014219,1,0.11872146118721344,2.193588986932789
ADAUSDT,LONG,1775803500,1775823300,0.2507,0.2486142857142857,0.2517428571428571,TP2,0.4519205479451988,0.00831956236822611,1,0.24999999999999653,-2.1683821921893256
ZECUSDT,SHORT,1775807100,1775808000,375.69,382.6557142857143,372.20714285714286,TP2,0.4784263330598852,0.018541122429966996,1,0.10741471666196836,2.0979990478321486
LABUSDT,LONG,1775813400,1775815200,0.44439,0.4168314285714286,0.4581692857142857,SL,-1.0064501166347002,0.062014382476138996,1,0.24872918492550425,-2.6865948567270728
NEARUSDT,SHORT,1775813400,1775818800,1.3765,1.3938428571428572,1.3678285714285714,TP2,0.468252059308079,0.012599242384930764,1,0.15196078431372445,2.0140837732303605
HYPEUSDT,SHORT,1775815200,1775825100,40.949,41.397999999999996,40.7245,SL,-1.0364801781737194,0.010964858726708836,1,0.14926004228329862,2.230607124835556
SEIUSDT,LONG,1775817900,1775825100,0.056,0.05545571428571429,0.05627214285714286,TP2,0.4588451443569618,0.00971938775510206,1,0.2905405405405386,-2.0204586349120044
ADAUSDT,SHORT,1775824200,1775828700,0.2517,0.25371428571428567,0.2506928571428571,TP2,0.4500170212766093,0.008002724331687354,1,0.12500000000000086,2.0549632357521763
LABUSDT,SHORT,1775825100,1775826000,0.51698,0.5581457142857142,0.49639714285714287,TP2,0.4949765963353692,0.07962728594087644,1,0.20002461841457425,2.675220132238919
SUIUSDT,SHORT,1775830500,1775833200,0.939,0.9481571428571428,0.9344214285714285,SL,-1.0410171606864274,0.00975201582230337,1,0.11214953271028488,2.061575082676828
DOTUSDT,SHORT,1775831400,1775833200,1.304,1.3164285714285715,1.2977857142857143,SL,-1.041967816091954,0.009531113058720392,1,0.2222222222222222,2.5167112904877516
XLMUSDT,SHORT,1775831400,1775835900,0.15562,0.15693000000000001,0.15496500000000002,TP2,0.4524824427480812,0.008417941138671158,1,0.12077294685990309,2.8688881791212113
NEARUSDT,SHORT,1775834100,1775835900,1.3868,1.4046571428571428,1.3778714285714286,TP2,0.46893567999999997,0.012876509126869669,1,0.20270270270270088,2.3537658346052477
TAOUSDT,SHORT,1775834100,1775835900,272.6,279.2714285714286,269.26428571428573,TP2,0.4836556745182013,0.024473325647206785,1,0.14801444043321357,2.2228458076088566
ZECUSDT,LONG,1775839500,1775842200,370.81,359.59714285714284,376.4164285714286,TP2,0.4867719709517136,0.030238820805418235,1,0.19577377252952174,-2.8083461138827777
ADAUSDT,SHORT,1775848500,1775853900,0.2577,0.2600142857142857,0.25654285714285713,TP2,0.4554592592592588,0.008980542158656148,1,0.2419354838709686,3.358871439991361
TAOUSDT,LONG,1775848500,1775855700,265.8,260.4428571428572,268.4785714285714,SL,-1.0198464,0.020154788777813487,1,0.03846153846153811,-2.2503485500591283
HYPEUSDT,LONG,1775853900,1775862000,41.461,41.04985714285714,41.66657142857143,TP2,0.45966268241835484,0.00991637580238919,1,0.1222444889779561,-2.3270639352549938
NEARUSDT,LONG,1775853900,1775858400,1.359,1.3457285714285714,1.3656357142857143,SL,-1.0409601722282025,0.009765583937769367,1,0.24000000000000035,-2.361905736782317
DOTUSDT,LONG,1775862900,1775871000,1.301,1.2887142857142857,1.3071428571428572,SL,-1.0423581395348835,0.009443285384868817,1,0.19354838709677627,-2.148842511429114
LABUSDT,SHORT,1775870100,1775871900,0.52802,0.55098,0.51654,SL,-1.0091989547038327,0.04348320139388662,1,0.21863117870722484,2.1874985379491854
NEARUSDT,LONG,1775871000,1775873700,1.3445,1.3330428571428572,1.3502285714285713,TP2,0.4530598503740549,0.00852148966689684,1,0.22222222222222565,-2.8436673518290796
TAOUSDT,SHORT,1775877300,1775880000,264.6,270.02857142857147,261.8857142857143,TP2,0.48050315789473685,0.02051614296512257,1,0.08695652173913196,2.2365713946151415
AAVEUSDT,LONG,1775880000,1775885400,92.57,91.72285714285714,92.99357142857141,SL,-1.0437092748735246,0.009151375792836255,1,0.245989304812835,-2.6226539703476726
ZECUSDT,SHORT,1775887200,1775889900,376.19,382.05857142857144,373.25571428571425,TP2,0.47435900681597376,0.015600019746860476,1,0.04201680672268929,2.2996809865964853
DOTUSDT,LONG,1775888100,1775893500,1.276,1.2645714285714287,1.2817142857142858,TP2,0.4553400000000097,0.008956560680698595,1,0.2692307692307681,-2.389274595672337
NEARUSDT,LONG,1775888100,1775893500,1.3318,1.3197571428571429,1.3378214285714287,TP2,0.455764650059312,0.009042541780190079,1,0.21344537815125741,-2.3923880731772527
SEIUSDT,LONG,1775888100,1775889900,0.05521,0.05469285714285715,0.05546857142857143,TP2,0.4572961325966851,0.009366833130644047,1,0.21348314606741678,-2.065014801488458
HYPEUSDT,SHORT,1775890800,1775893500,42.14,42.482,41.969,SL,-1.049286549707602,0.008115804461319454,1,0.15478761699063776,2.782397455153787
TAOUSDT,SHORT,1775903400,1775908800,262.9,266.6142857142857,261.04285714285714,SL,-1.0283123076923077,0.014128131282943001,1,0.10569105691056678,2.3302006596616778
DOTUSDT,LONG,1775913300,1775916000,1.269,1.2582857142857142,1.2743571428571427,TP2,0.4526239999999998,0.0084430935494765,1,0.207547169811325,-2.8382995007476217
HYPEUSDT,LONG,1775913300,1775916000,42.039,41.68614285714286,42.215428571428575,TP2,0.45234445344130547,0.008393566518165077,1,0.1414752116082245,-2.550551328145647
ZECUSDT,LONG,1775913300,1775917800,370.73,365.2685714285714,373.4607142857143,TP2,0.47284739733193315,0.014731552805083457,1,0.21050402371876034,-2.2712598451196975
LABUSDT,LONG,1775919600,1775922300,0.49754,0.4780571428571428,0.5072814285714285,SL,-1.0102149288752016,0.039158373483251935,1,0.19573019232538982,-2.1819703425273818
AAVEUSDT,SHORT,1775924100,1775925900,92.45,93.25428571428571,92.04785714285715,SL,-1.0459786856127888,0.008699683226454404,1,0.21311475409836447,2.064698020131516
ZECUSDT,SHORT,1775924100,1775928600,377.83,383.2314285714286,375.1292857142857,TP2,0.4720199947103941,0.01429592295854901,1,0.1582031250000012,2.3930842606732647
DOTUSDT,SHORT,1775925900,1775927700,1.292,1.3032857142857144,1.2863571428571428,TP2,0.454207594936719,0.008735072976559089,1,0.16666666666666605,2.531121269434632
HYPEUSDT,SHORT,1775930400,1775931300,42.538,42.952714285714286,42.330642857142855,TP2,0.45897127109885477,0.009749266202319962,1,0.24999999999999734,2.6471122398259146
ZECUSDT,LONG,1775939400,1775948400,372.23,366.92571428571426,374.88214285714287,TP2,0.4719298680312363,0.014250022067769224,1,0.10154173312067848,-2.137255866907317
ADAUSDT,LONG,1775949300,1775958300,0.2489,0.24602857142857143,0.25033571428571433,SL,-1.0346726368159203,0.011536474774723134,1,0.0694444444444452,-2.2866098268341646
DOTUSDT,LONG,1775949300,1775958300,1.281,1.2664285714285715,1.2882857142857143,SL,-1.035164705882353,0.011375041820006678,1,0.051282051282051426,-2.119482655466976
HYPEUSDT,LONG,1775949300,1775953800,42.12,41.62285714285714,42.36857142857143,TP2,0.4661103448275933,0.011803011803011793,1,0.08734939759036146,-2.1318724804343443
TAOUSDT,LONG,1775958300,1775960100,262.8,256.78571428571433,265.8071428571429,TP2,0.48252161520190495,0.022885409871711188,1,0.2842809364548497,-2.9088862793391344
ZECUSDT,LONG,1775960100,1775961900,361.59,353.6271428571428,365.57142857142856,TP2,0.4818361679224973,0.022021784736461564,1,0.272967265047521,-2.080343525302768
ZECUSDT,SHORT,1775981700,1775985300,366.21,371.14,363.745,SL,-1.0297127789046654,0.013462221129952757,1,0.2511803588290836,2.4619337916171085
TAOUSDT,SHORT,1775984400,1775991600,264.9,267.6714285714285,263.5142857142857,TP2,0.4617670103092885,0.010462169012565378,1,0.2957746478873234,2.791535767124059
LABUSDT,LONG,1775999700,1776004200,0.46571,0.4452757142857143,0.4759271428571429,TP2,0.4908837527964206,0.043877704396052736,1,0.29298339582217464,-2.4319578279136076
NEARUSDT,SHORT,1775999700,1776001500,1.3407,1.351457142857143,1.3353214285714285,TP2,0.4501466135458167,0.00802352715532397,1,0.05494505494505253,2.160588289871135
ZECUSDT,SHORT,1776000600,1776003300,370.26,376.01,367.385,TP2,0.4742427826086957,0.015529627829093092,1,0.0891089108910887,2.0549210813333225
SEIUSDT,LONG,1776001500,1776016800,0.05372,0.05327714285714285,0.05394142857142857,TP2,0.45147870967741965,0.008243803850654237,1,0.1557788944723608,-2.2989889132356174
TAOUSDT,LONG,1776001500,1776005100,261.2,257.57142857142856,263.01428571428573,SL,-1.0287937007874015,0.013891927368190787,1,0.26618705035971296,-2.060652404164659
AAVEUSDT,LONG,1776005100,1776015000,89.28,88.48142857142857,89.67928571428571,TP2,0.4552801431126925,0.008944572452636997,1,0.12183908045976895,-2.0839222628984717
ZECUSDT,LONG,1776007800,1776014100,362.31,355.66285714285715,365.63357142857143,TP2,0.4781975499677627,0.018346561941825656,1,0.15569230769230805,-2.3537923596596393
LABUSDT,SHORT,1776009600,1776015000,0.51414,0.53985,0.5012850000000001,SL,-1.0079990665110852,0.050005834986579484,1,0.14781491002570718,2.433270619394464
HYPEUSDT,SHORT,1776010500,1776032100,40.9,41.36442857142857,40.66778571428571,TP2,0.4647739157182406,0.011355221795319613,1,0.13476394849785298,2.0465107787457444
DOTUSDT,SHORT,1776015000,1776032100,1.234,1.245285714285714,1.228357142857143,TP2,0.45626329113924025,0.009145635563787858,1,0.13043478260869565,2.3382236248113895
NEARUSDT,SHORT,1776015900,1776017700,1.352,1.3660285714285716,1.3449857142857145,SL,-1.0385498981670063,0.010376162299239204,1,0.27586206896551957,2.1123183931191627
AAVEUSDT,SHORT,1776018600,1776024000,90.7,91.48428571428572,90.30785714285715,TP2,0.4537413479052824,0.00864703102850844,1,0.2767123287671232,2.4070104401570513
AAVEUSDT,LONG,1776033000,1776033900,89.44,88.27285714285715,90.02357142857143,TP2,0.4693473684210587,0.013049450549450529,1,0.08153078202995172,-2.396671792486031
ADAUSDT,LONG,1776033000,1776033900,0.2368,0.23464285714285715,0.23787857142857144,TP2,0.4560900662251654,0.009109555984555952,1,0.2127659574468095,-2.521394865913934
AVAXUSDT,LONG,1776033000,1776033900,9.033,8.953142857142858,9.072928571428571,TP2,0.45475420393561017,0.008840600338441548,1,0.0649350649350665,-2.201076102926049
SUIUSDT,LONG,1776035700,1776040200,0.9004,0.8924285714285715,0.9043857142857142,TP2,0.45481863799283134,0.008853208097988154,1,0.27598566308243616,-2.2887159106589574
HYPEUSDT,SHORT,1776042900,1776044700,41.367,41.85185714285714,41.12457142857143,SL,-1.0341271655863287,0.011720867910584371,1,0.1535580524344576,2.6479641940096337
NEARUSDT,SHORT,1776044700,1776046500,1.3845,1.4023142857142858,1.3755928571428573,TP2,0.46891259021651344,0.012866945261311461,1,0.2657342657342679,2.628678044318131
TAOUSDT,SHORT,1776044700,1776047400,263.0,266.24285714285713,261.37857142857143,TP2,0.46755947136563886,0.012330255296034789,1,0.08196721311475455,2.1675344395170764
AAVEUSDT,SHORT,1776045600,1776050100,92.27,93.3442857142857,91.73285714285714,SL,-1.0343558510638298,0.011642849401600885,1,0.23130434782608608,2.144398516093511
DOTUSDT,LONG,1776054600,1776055500,1.217,1.2061428571428572,1.2224285714285714,TP2,0.4551631578947265,0.008921234886723774,1,0.08333333333333257,-2.662711429040094
ZECUSDT,SHORT,1776060000,1776060900,368.49,373.59285714285716,365.93857142857144,SL,-1.0288849944008958,0.013848020686740922,1,0.2333614153327719,2.9537790963302855
NEARUSDT,SHORT,1776062700,1776064500,1.3877,1.4058714285714284,1.3786142857142856,TP2,0.4694531446540942,0.013094637581198098,1,0.03612167300380254,2.144465702796166
DOTUSDT,LONG,1776076200,1776085200,1.159,1.1387142857142856,1.1691428571428573,TP2,0.4771464788732395,0.017502773326759594,1,0.07547169811320802,-2.167627582818665
SEIUSDT,SHORT,1776080700,1776082500,0.05469,0.05516571428571429,0.05445214285714286,TP2,0.4540144144144144,0.008698377870072877,1,0.101351351351352,2.083314685872119
TAOUSDT,SHORT,1776080700,1776082500,261.8,264.2714285714286,260.56428571428575,TP2,0.4576277456647283,0.009440139692240506,1,0.03816793893129764,2.322358179736163
NEARUSDT,LONG,1776083400,1776085200,1.3663,1.3502857142857145,1.374307142857143,TP2,0.46587297056200483,0.011720914670486422,1,0.2797704447632704,-2.126029118909579
AVAXUSDT,SHORT,1776085200,1776087900,9.148,9.228857142857143,9.107571428571427,TP2,0.4547448763250995,0.0088387781872697,1,0.25055432372505215,3.0435826818186067
NEARUSDT,SHORT,1776088800,1776090600,1.3976,1.4174142857142855,1.387692857142857,TP2,0.47178601297765504,0.01417736527925419,1,0.22650602409638598,2.1358468485223567
ETHUSDT,SHORT,1776089700,1776092400,2206.45,2227.351428571428,2195.9992857142856,SL,-1.0422258218850387,0.009472876598802858,1,0.19107360941490054,2.0328411305218594
AAVEUSDT,SHORT,1776091500,1776095100,94.85,96.29714285714286,94.12642857142856,TP2,0.4737828232971372,0.015257172979893081,1,0.10551181102362064,2.0175969502716096
SUIUSDT,SHORT,1776091500,1776095100,0.917,0.9275285714285715,0.9117357142857143,TP2,0.4651614654002715,0.011481539180557752,1,0.2877263581488941,2.0516626850409745
ZECUSDT,LONG,1776093300,1776102300,350.39,341.16285714285715,355.00357142857143,TP2,0.4848104660164143,0.026333921793267063,1,0.24221375756217828,-3.3840193384534314
TAOUSDT,LONG,1776095100,1776097800,254.6,250.17142857142858,256.8142857142857,SL,-1.0229961290322582,0.017394231848277344,1,0.2201834862385315,-3.15607785460651
LABUSDT,SHORT,1776096900,1776097800,0.60483,0.6350914285714285,0.5896992857142858,TP2,0.49200526837558234,0.05003294904589477,1,0.15759460860549512,2.4608776468386884
DOTUSDT,SHORT,1776102300,1776105000,1.184,1.2018571428571427,1.1750714285714285,TP2,0.47347839999999997,0.015082046332046305,1,0.17241379310344634,2.37429540530713
XLMUSDT,LONG,1776103200,1776108600,0.15162,0.15019285714285716,0.15233357142857143,TP2,0.4575039039039038,0.009412629317655012,1,0.1461245235069868,-2.5155261288995283
AAVEUSDT,SHORT,1776106800,1776110400,95.55,96.72714285714285,94.96142857142857,SL,-1.0324684466019416,0.012319653135979701,1,0.25673249551166666,2.013933686298583
LABUSDT,LONG,1776106800,1776110400,0.54965,0.51635,0.5662999999999999,TP2,0.49339759759759594,0.06058400800509409,1,0.20088126524510244,-2.8892514693324474
SUIUSDT,SHORT,1776108600,1776110400,0.9262,0.9370285714285714,0.9207857142857143,SL,-1.0342131926121372,0.011691396489496264,1,0.1663685152057242,2.3642714213767553
AVAXUSDT,SHORT,1776109500,1776112200,9.364,9.481714285714286,9.305142857142858,TP2,0.4681805825242719,0.012570940379569195,1,0.08045977011494461,2.058598044063397
LABUSDT,SHORT,1776116700,1776118500,0.60435,0.6360385714285715,0.5885057142857143,TP2,0.492371382201787,0.05243413821224693,1,0.1651398072173981,2.0808445985217032
ADAUSDT,SHORT,1776118500,1776119400,0.2419,0.24437142857142857,0.24066428571428572,SL,-1.0391514450867052,0.010216736549932074,1,0.19999999999999907,2.2151057335020456
SEIUSDT,SHORT,1776118500,1776119400,0.05544,0.055920000000000004,0.055200000000000006,SL,-1.0462,0.008658008658008644,1,0.20149253731343225,2.413314675653646
DOTUSDT,SHORT,1776119400,1776123000,1.205,1.2257142857142858,1.1946428571428571,SL,-1.0232689655172413,0.017190278601066956,1,0.18867924528301927,2.560924769713395
LABUSDT,SHORT,1776131100,1776132900,0.60519,0.6208471428571428,0.5973614285714286,SL,-1.0154610583941606,0.02587145005228578,1,0.25130223405486507,2.187041389413107
DOTUSDT,LONG,1776143700,1776161700,1.189,1.1755714285714285,1.1957142857142857,TP2,0.4645829787233961,0.011294004565661457,1,0.23529411764706035,-2.653378802371353
ZECUSDT,SHORT,1776144600,1776145500,368.53,374.0285714285714,365.7807142857143,TP2,0.4731908547674669,0.014920281737094485,1,0.20088790233074114,2.126776565961138
TAOUSDT,LONG,1776146400,1776150900,253.8,251.12857142857143,255.1357142857143,SL,-1.038002139037433,0.01052572329168078,1,0.21212121212121265,-3.068974527617105
NEARUSDT,SHORT,1776150000,1776150900,1.4242,1.435842857142857,1.4183785714285713,TP2,0.45107042944786224,0.008175015547575572,1,0.19557195571955766,2.6211235738277345
HYPEUSDT,SHORT,1776156300,1776159900,45.057,45.54071428571429,44.81514285714286,TP2,0.46274081512108656,0.010735607912517079,1,0.1945488721804544,2.055168325164173
DOTUSDT,LONG,1776163500,1776164400,1.18,1.1668571428571428,1.1865714285714284,TP2,0.46408695652173065,0.01113801452784502,1,0.06382978723403974,-2.498051188478662
TAOUSDT,LONG,1776166200,1776174300,249.3,246.00000000000003,250.95000000000002,TP2,0.4697818181818224,0.013237063778579987,1,0.2598425196850365,-2.0433347861143987
AAVEUSDT,LONG,1776169800,1776170700,99.52,98.66285714285713,99.94857142857143,TP2,0.4535573333333333,0.008612769866789159,1,0.06306306306306121,-2.0974902485478712
LABUSDT,SHORT,1776173400,1776174300,0.59415,0.6223042857142856,0.5800728571428571,TP2,0.4915586563831966,0.04738582128130218,1,0.00654314193114355,2.305381382795518
ADAUSDT,SHORT,1776174300,1776175200,0.2459,0.2482,0.24475,SL,-1.0427652173913042,0.009353395689304596,1,0.15384615384615488,3.059689874425151
HYPEUSDT,SHORT,1776174300,1776175200,45.025,45.40971428571429,44.83264285714286,TP2,0.45318603787596573,0.008544459427302331,1,0.039004149377591425,2.032912118032905
SUIUSDT,SHORT,1776175200,1776176100,0.9601,0.9685571428571428,0.9558714285714285,TP2,0.4545898648648714,0.00880860624637315,1,0.2602040816326534,2.8024691736209904
XLMUSDT,SHORT,1776176100,1776177000,0.15788,0.15917285714285712,0.15723357142857142,TP2,0.4511531491712812,0.008188859531651478,1,0.2242225859247126,2.1275695771902328
HYPEUSDT,LONG,1776177900,1776179700,44.113,43.473285714285716,44.432857142857145,SL,-1.0275829388119697,0.014501717990485479,1,0.2803315749811623,-2.315852386091443
ETHUSDT,LONG,1776178800,1776181500,2351.79,2323.3214285714284,2366.0242857142857,TP2,0.4669559815335206,0.012105065260321426,1,0.2663034505530794,-2.6989650544436845
AVAXUSDT,LONG,1776179700,1776181500,9.304,9.193142857142858,9.359428571428571,TP2,0.4664288659793814,0.011914998157474481,1,0.2893401015228426,-2.2629350346716213
AAVEUSDT,LONG,1776180600,1776181500,98.89,97.22571428571429,99.72214285714286,TP2,0.47623244635193135,0.01682966644034498,1,0.23165467625899264,-2.588103888622173
LABUSDT,LONG,1776186900,1776187800,0.51853,0.4772771428571429,0.5391564285714286,SL,-1.0050278214495965,0.0795573200062815,1,0.19273945319572724,-2.9758513279287993
TAOUSDT,LONG,1776186900,1776188700,240.9,235.64285714285714,243.52857142857144,TP2,0.4816706521739131,0.021822925932514996,1,0.2803347280334719,-2.046194861210183
NEARUSDT,LONG,1776205800,1776212100,1.3551,1.3437285714285714,1.3607857142857143,TP2,0.4523331658291458,0.008391578902980288,1,0.24248496993987625,-2.5551559333126086
AAVEUSDT,SHORT,1776207600,1776211200,99.35,100.24857142857142,98.90071428571427,SL,-1.0442257551669314,0.00904450355884682,1,0.026415094339622906,2.140352022163718
ETHUSDT,SHORT,1776212100,1776214800,2337.04,2356.2142857142853,2327.4528571428573,TP2,0.45124637162866893,0.008204517558229879,1,0.27642184129867836,3.0179768697325766
HYPEUSDT,SHORT,1776213000,1776213900,43.742,44.13814285714286,43.543928571428566,TP2,0.45583209520375073,0.009056349895817741,1,0.28112965340179674,2.6359455911927077
SUIUSDT,SHORT,1776213000,1776231900,0.9368,0.9443857142857143,0.9330071428571428,TP2,0.4506018832391712,0.008097474685860653,1,0.22636103151862416,2.077986426523157
TAOUSDT,SHORT,1776218400,1776228300,246.7,250.82857142857142,244.63571428571427,TP2,0.4760982698961938,0.016735190225259173,1,0.2774869109947636,2.052874608780514
AVAXUSDT,SHORT,1776226500,1776231900,9.396,9.476142857142857,9.355928571428572,TP2,0.453103743315508,0.008529465426017149,1,0.23261390887289668,2.5775000188515294
HYPEUSDT,LONG,1776231900,1776237300,43.391,42.87614285714285,43.64842857142857,TP2,0.4662889012208588,0.011865528401215525,1,0.16306844281120667,-2.1448372582321276
NEARUSDT,LONG,1776231900,1776239100,1.3532,1.3416285714285714,1.3589857142857142,SL,-1.0467772839506173,0.008551159157130185,1,0.16633266533066135,-2.8756076687782617
TAOUSDT,LONG,1776231900,1776235500,242.8,239.54285714285714,244.42857142857144,TP2,0.4701824561403509,0.013414921157919533,1,0.12751677852348908,-2.1041888395875086
AAVEUSDT,LONG,1776239100,1776241800,99.45,98.46714285714286,99.94142857142857,TP2,0.45952616279069775,0.009882927529986367,1,0.18275154004106825,-2.417260431973099
ZECUSDT,SHORT,1776242700,1776246300,358.81,364.03285714285715,356.1985714285714,TP2,0.47252002188183806,0.01455605234764119,1,0.12462781794980923,2.2334545878341903
TAOUSDT,SHORT,1776243600,1776249900,247.8,251.0857142857143,246.15714285714287,TP2,0.4698330434782608,0.013259541104577407,1,0.09638554216867472,2.2493922937815527
HYPEUSDT,SHORT,1776247200,1776249000,43.76,44.24742857142857,43.516285714285715,TP2,0.46408909730362713,0.011138678506137416,1,0.0731981981981995,2.3222003720992985
NEARUSDT,SHORT,1776249900,1776252600,1.361,1.3735428571428572,1.3547285714285713,SL,-1.0434031890660591,0.009215912669255833,1,0.13043478260869565,2.399563973520619
AAVEUSDT,SHORT,1776253500,1776259800,101.64,102.94142857142857,100.98928571428571,SL,-1.03123951701427,0.012804295271827719,1,0.1915492957746491,2.4727040840481713
SEIUSDT,SHORT,1776253500,1776260700,0.05421,0.05467285714285714,0.05397857142857143,TP2,0.45315185185185186,0.008538224365562494,1,0.2499999999999964,2.81607331185012
ADAUSDT,SHORT,1776254400,1776260700,0.2414,0.2434285714285714,0.24038571428571429,TP2,0.4524000000000066,0.00840336134453776,1,0.2444444444444435,2.274478339273109
TAOUSDT,LONG,1776260700,1776284100,246.5,243.18571428571428,248.15714285714284,SL,-1.02975,0.013445378151260514,1,0.11504424778760929,-2.2824587084670287
ADAUSDT,SHORT,1776265200,1776266100,0.2433,0.2459142857142857,0.24199285714285712,TP2,0.4627737704918085,0.01074511185485289,1,0.23809523809523936,2.2917864629926137
DOTUSDT,SHORT,1776266100,1776267000,1.174,1.1862857142857142,1.167857142857143,TP2,0.4617767441860372,0.010464833292771893,1,0.28813559322033655,2.192956626133211
ETHUSDT,SHORT,1776266100,1776267000,2346.28,2367.918571428572,2335.4607142857144,TP2,0.45662782069056573,0.00922250175962434,1,0.2781954887218051,2.1771854411093905
XLMUSDT,LONG,1776268800,1776269700,0.1557,0.15425714285714287,0.15642142857142857,TP2,0.4568356435643564,0.009266905220662444,1,0.21311475409836111,-2.0846903758987394
ZECUSDT,LONG,1776268800,1776270600,351.2,345.81857142857143,353.8907142857143,TP2,0.4738954074860685,0.015322974292222567,1,0.2899575671852903,-2.2669028040752037
HYPEUSDT,SHORT,1776269700,1776271500,44.83,45.455714285714286,44.51714285714286,TP2,0.47134155251140986,0.013957490201077094,1,0.28888888888888886,2.0993498731645768
SEIUSDT,SHORT,1776269700,1776272400,0.05467,0.05518714285714286,0.054411428571428576,SL,-1.0422861878453038,0.009459353523739836,1,0.22058823529411573,2.2623036886400176
SOLUSDT,SHORT,1776269700,1776282300,84.45,85.36714285714287,83.99142857142857,SL,-1.0368317757009344,0.01086018776960165,1,0.2782608695652163,2.0402447351463087
LABUSDT,SHORT,1776276900,1776279600,0.4847,0.5108428571428572,0.47162857142857145,SL,-1.007416174863388,0.05393616080638983,1,0.10972346119536144,2.216461645575424
SUIUSDT,SHORT,1776279600,1776282300,0.9586,0.9683428571428572,0.9537285714285715,SL,-1.0393560117302052,0.010163631486393853,1,0.2364425162689825,2.2296540977810593
ETHUSDT,SHORT,1776280500,1776282300,2363.76,2384.7728571428574,2353.253571428572,SL,-1.0449964511523557,0.008889589951119048,1,0.21020717534108044,2.2714855660258615
LABUSDT,SHORT,1776297600,1776302100,0.5076,0.5259285714285715,0.4984357142857143,TP2,0.48892221356196414,0.03610829674659465,1,0.13294797687861307,2.278558762626969
ADAUSDT,LONG,1776298500,1776305700,0.245,0.24238571428571426,0.24630714285714286,TP2,0.462513661202186,0.010670553935860114,1,0.09933774834437094,-2.0028892007165506
DOTUSDT,LONG,1776298500,1776306600,1.173,1.1588571428571428,1.1800714285714287,TP2,0.4668242424242424,0.012056996711728166,1,0.17647058823529413,-2.2550934205777637
HYPEUSDT,LONG,1776302100,1776303900,44.18,43.747142857142855,44.39642857142857,TP2,0.4591735973597359,0.009797581323158487,1,0.14754098360655815,-2.3246048218577253
AAVEUSDT,SHORT,1776306600,1776314700,106.29,107.5257142857143,105.67214285714286,SL,-1.0344060115606935,0.011625875300727166,1,0.16425120772946966,2.4774975321722903
NEARUSDT,SHORT,1776307500,1776312900,1.418,1.4304285714285714,1.4117857142857142,SL,-1.0456367816091952,0.00876485996373168,1,0.14285714285714027,2.534632117086824
DOTUSDT,SHORT,1776309300,1776313800,1.196,1.2105714285714286,1.1887142857142856,SL,-1.0328313725490197,0.012183468705207846,1,0.14666666666666453,2.2925104692617824
ADAUSDT,LONG,1776389400,1776393000,0.257,0.25444285714285714,0.2582785714285714,SL,-1.040201117318436,0.009949972206781498,1,0.0,-2.048313659397426
AVAXUSDT,LONG,1776389400,1776393000,9.641,9.55342857142857,9.684785714285715,SL,-1.0440371941272426,0.009083230844459006,1,0.08605341246290873,-2.4163318731591326
XRPUSDT,LONG,1776389400,1776414600,1.433,1.4205714285714286,1.4392142857142858,TP2,0.45388045977011504,0.008673113348619298,1,0.24000000000000107,-2.581881512394663
TAOUSDT,LONG,1776401100,1776418200,248.3,243.02857142857144,250.9357142857143,TP2,0.4811588075880786,0.02123007882170191,1,0.1499999999999996,-2.0827442932608196
LABUSDT,SHORT,1776403800,1776409200,0.4932,0.5036428571428572,0.48797857142857143,SL,-1.0188913816689467,0.021173676283165365,1,0.061052631578946435,2.1368587618058887
DOTUSDT,SHORT,1776408300,1776409200,1.318,1.3351428571428572,1.3094285714285714,TP2,0.46924666666667314,0.013006720138738359,1,0.17647058823529527,2.957600328445873
HYPEUSDT,SHORT,1776408300,1776411000,43.77,44.14142857142858,43.58428571428572,TP2,0.45286307692306726,0.008485916642188042,1,0.004975124378111985,2.057611011507694
XLMUSDT,LONG,1776471300,1776479400,0.1731,0.17125714285714286,0.17402142857142858,TP2,0.46242790697674424,0.010646199554345153,1,0.08860759493670975,-2.526862693943855
ZECUSDT,SHORT,1776472200,1776485700,335.38,340.4528571428571,332.8435714285714,SL,-1.0264450577302169,0.015125699632825873,1,0.2199741713301769,2.9440433513212154
DOTUSDT,LONG,1776473100,1776474000,1.323,1.307,1.331,TP2,0.46692500000000003,0.012093726379440676,1,0.14285714285714285,-2.0541848170637547
TAOUSDT,LONG,1776476700,1776495600,253.2,248.65714285714284,255.47142857142856,TP2,0.4777056603773585,0.017941773865944508,1,0.26086956521739,-2.506169625007077
AAVEUSDT,LONG,1776484800,1776485700,114.11,112.90571428571428,114.71214285714285,TP2,0.46209869513641155,0.010553726354269663,1,0.28801431127012717,-2.563768180826888
AVAXUSDT,LONG,1776484800,1776489300,9.637,9.551714285714286,9.679642857142857,TP2,0.4548013400335009,0.008849819890600236,1,0.27157894736842236,-2.428887509146117
ADAUSDT,LONG,1776486600,1776489300,0.2563,0.2539142857142857,0.25749285714285713,TP2,0.45702754491019126,0.009308288278245357,1,0.15966386554621778,-2.1770182528452273
SUIUSDT,SHORT,1776489300,1776493800,1.0022,1.0106285714285714,0.9979857142857143,TP2,0.4524379661016948,0.008410069276163844,1,0.09132420091324242,2.3194986097727983
DOTUSDT,SHORT,1776494700,1776500100,1.336,1.3494285714285714,1.3292857142857144,TP2,0.4602042553191489,0.010051325919589378,1,0.20000000000000148,2.62657363646692
SEIUSDT,SHORT,1776494700,1776500100,0.0584,0.058891428571428574,0.058154285714285714,TP2,0.45246511627906993,0.008414872798434473,1,0.20331950207468868,2.6574806158974327
LABUSDT,SHORT,1776500100,1776503700,0.6291,0.6581142857142858,0.6145928571428572,TP2,0.4913270310192005,0.04612030792288304,1,0.2566801619433189,2.6483853761555114
AAVEUSDT,LONG,1776501000,1776501900,114.01,113.06285714285715,114.48357142857144,SL,-1.0481490196078433,0.008307541944942131,1,0.18556701030927783,-2.2860851029066414
AVAXUSDT,LONG,1776501000,1776503700,9.569,9.489714285714287,9.608642857142858,SL,-1.048276036036036,0.008285684427392047,1,0.24902723735408613,-3.121394640349827
DOTUSDT,LONG,1776501000,1776503700,1.31,1.2954285714285716,1.3172857142857144,SL,-1.0359607843137255,0.011123227917121033,1,0.23684210526315858,-2.595151972973856
SEIUSDT,LONG,1776502800,1776507300,0.05749,0.05700285714285714,0.057733571428571426,SL,-1.0472058651026392,0.008473523345675032,1,0.22676579925650553,-2.0105635030821474
XLMUSDT,LONG,1776504600,1776507300,0.1712,0.16945714285714286,0.17207142857142857,SL,-1.0392918032786886,0.010180240320427204,1,0.2941176470588254,-2.0057014262761403
AAVEUSDT,LONG,1776556800,1776564900,101.07,97.39571428571428,102.90714285714284,SL,-1.0110029548989115,0.036353870726088,1,0.22707633221315432,-2.137802528463881
HYPEUSDT,LONG,1776559500,1776560400,43.44,43.07142857142857,43.62428571428571,TP2,0.45285581395348845,0.008484609313338613,1,0.28421052631578925,-2.9273962574243506
LABUSDT,SHORT,1776561300,1776562200,0.5329,0.5499,0.5244,TP2,0.48746117647059145,0.03190091949709141,1,0.298245614035087,2.722289389810499
XLMUSDT,LONG,1776567600,1776569400,0.1697,0.16804285714285713,0.17052857142857142,TP2,0.45903793103448287,0.009765131745096411,1,0.042253521126763754,-2.1264812679664806
ZECUSDT,LONG,1776571200,1776572100,321.25,317.1985714285714,323.2757142857143,TP2,0.46828279266572626,0.012611450806003292,1,0.17816091954022642,-2.391417813988215
NEARUSDT,SHORT,1776572100,1776573900,1.352,1.366142857142857,1.3449285714285715,TP2,0.4617616161616239,0.010460693153000819,1,0.09589041095890577,2.586254879334455
ADAUSDT,LONG,1776573900,1776575700,0.2466,0.24427142857142858,0.24776428571428571,TP2,0.457639263803675,0.009442706522998483,1,0.21153846153845693,-2.836783690900753
DOTUSDT,LONG,1776579300,1776583800,1.261,1.2478571428571428,1.2675714285714283,SL,-1.0383782608695653,0.010422567123598011,1,0.08571428571428572,-2.264195724419849
LINKUSDT,LONG,1776579300,1776580200,9.154,9.074428571428571,9.193785714285713,TP2,0.45398348294433344,0.008692530977870698,1,0.11434511434511337,-2.2253142950279194
SUIUSDT,LONG,1776579300,1776581100,0.9418,0.9336,0.9459,TP2,0.45405853658536577,0.008706731790188984,1,0.18699186991869968,-2.452810437432605
LABUSDT,SHORT,1776580200,1776587400,0.5564,0.5809285714285715,0.5441357142857143,SL,-1.0090735002912057,0.04408442025264457,1,0.2805755395683452,2.0189306382158265
XLMUSDT,LONG,1776582900,1776597300,0.1685,0.1668,0.16935,TP2,0.4603529411764623,0.010089020771513324,1,0.1509433962264142,-2.633242213413625
AVAXUSDT,LONG,1776583800,1776584700,9.134,9.054285714285715,9.173857142857143,TP2,0.4541663082437277,0.008727204479339385,1,0.2745901639344252,-3.5246316753308244
SOLUSDT,LONG,1776584700,1776587400,84.71,84.03142857142856,85.0492857142857,TP2,0.45006568421051585,0.008010523297974604,1,0.24271844660194372,-2.1207555387844357
TAOUSDT,SHORT,1776585600,1776595500,243.8,246.84285714285716,242.27857142857144,SL,-1.0320488262910799,0.012480956287354997,1,0.10179640718563035,2.688653975259327
HYPEUSDT,LONG,1776591000,1776597300,42.92,42.504285714285714,43.127857142857145,TP2,0.4587024054982816,0.009685794168552754,1,0.2057416267942572,-2.000631382315835
ZECUSDT,SHORT,1776594600,1776595500,326.07,330.1871428571429,324.01142857142855,TP2,0.4683207494795282,0.012626561343094625,1,0.16497597437266218,2.727206277017913
AAVEUSDT,SHORT,1776596400,1776598200,93.32,95.35428571428571,92.30285714285714,TP2,0.48165056179775284,0.0217990325148491,1,0.1343283582089554,2.013952688688045
DOTUSDT,SHORT,1776597300,1776605400,1.271,1.2824285714285713,1.2652857142857141,SL,-1.044485,0.008991794987074253,1,0.16129032258064632,3.0678897843121735
AAVEUSDT,LONG,1776600900,1776601800,89.64,87.06285714285714,90.92857142857143,TP2,0.4860869179600887,0.028749920316185385,1,0.17776037588097038,-2.791679982106092
HYPEUSDT,SHORT,1776600900,1776601800,43.44,43.82857142857142,43.245714285714286,TP2,0.45528235294117625,0.008945014469876299,1,0.28859060402684233,2.092126747040794
LABUSDT,SHORT,1776606300,1776608100,0.6287,0.6640428571428572,0.6110285714285715,SL,-1.0071154405820533,0.05621577404621778,1,0.2538720538720538,2.094977745814467
ETHUSDT,LONG,1776616200,1776618900,2319.17,2299.29,2329.11,SL,-1.0466633802816903,0.008572032235670483,1,0.09290606021449886,-2.0607426283149475
HYPEUSDT,LONG,1776618900,1776619800,42.96,42.57857142857143,43.15071428571429,SL,-1.0450516853932583,0.008878691141261002,1,0.10526315789473546,-2.079401015062789
XRPUSDT,LONG,1776618900,1776636900,1.418,1.4025714285714286,1.4257142857142857,SL,-1.036762962962963,0.010880515817046129,1,0.1929824561403532,-2.054481318441358
AAVEUSDT,SHORT,1776645000,1776649500,91.34,92.65857142857143,90.68071428571429,SL,-1.027708775731311,0.014435859739122259,1,0.1200000000000008,2.4959542470036493
ZECUSDT,SHORT,1776647700,1776654900,307.49,311.56714285714287,305.4514285714286,SL,-1.0301672039243168,0.013259432362492555,1,0.27016645326504846,2.8318695303531043
LABUSDT,SHORT,1776661200,1776664800,0.5536,0.5881,0.53635,TP2,0.49358144927536235,0.06231936416184976,1,0.1257113295395757,2.1146011059750585
TAOUSDT,LONG,1776663000,1776664800,239.8,237.44285714285715,240.97857142857143,TP2,0.4593066666666605,0.009829619921363006,1,0.1481481481481501,-2.5292772517450657
XLMUSDT,LONG,1776663000,1776665700,0.1666,0.16512857142857143,0.16733571428571428,TP2,0.4547106796116506,0.008832104270279568,1,0.1025641025641012,-2.57096291569093
XLMUSDT,SHORT,1776667500,1776670200,0.169,0.1706857142857143,0.16815714285714287,SL,-1.0401016949152542,0.00997464074387154,1,0.13924050632911233,2.302104196958165
DOTUSDT,SHORT,1776670200,1776671100,1.27,1.2850000000000001,1.2625,TP2,0.46613333333333345,0.01181102362204729,1,0.1940298507462667,2.4992968561414948
HYPEUSDT,SHORT,1776670200,1776671100,41.35,41.832857142857144,41.10857142857143,TP2,0.4657455621301775,0.011677319053377079,1,0.09803921568627492,2.0808254754888917
NEARUSDT,SHORT,1776680100,1776683700,1.356,1.3737142857142859,1.3471428571428572,TP2,0.4693806451612903,0.01306363253265907,1,0.20000000000000118,2.074894744171299
AAVEUSDT,LONG,1776681000,1776683700,90.39,88.89857142857143,91.13571428571429,SL,-1.024242528735632,0.01649992887961694,1,0.08513708513708554,-2.004585989944023
HYPEUSDT,SHORT,1776687300,1776689100,41.34,41.73571428571429,41.14214285714286,TP2,0.45821227436823997,0.009572188817471822,1,0.0,2.1679475169306577
ZECUSDT,LONG,1776689100,1776695400,307.93,304.2257142857143,309.78214285714284,TP2,0.466748785190891,0.012029635677867448,1,0.018001241464929808,-2.0873371487537016
ETHUSDT,LONG,1776694500,1776695400,2299.24,2276.952857142857,2310.383571428571,TP2,0.4587342349849266,0.009693265103748553,1,0.053987888158743044,-2.1098485355844168
LABUSDT,LONG,1776694500,1776701700,0.5406,0.5186571428571428,0.5515714285714285,TP2,0.49014531249999743,0.040589820833993935,1,0.13074204946996487,-2.074189848362899
ADAUSDT,SHORT,1776695400,1776696300,0.2483,0.25055714285714287,0.24717142857142857,TP2,0.45599746835442423,0.009090386053736844,1,0.19444444444444348,2.2670054313018557
BTCUSDT,SHORT,1776695400,1776696300,75529.5,76184.15714285715,75202.17142857143,TP2,0.4538509579714573,0.008667568868549953,1,0.1803163134939848,2.784434722259782
DOTUSDT,SHORT,1776695400,1776697200,1.268,1.280857142857143,1.2615714285714286,TP2,0.460551111111111,0.010139702568724634,1,0.1739130434782617,2.1226399252830452
AAVEUSDT,LONG,1776696300,1776698100,89.41,88.01571428571428,90.10714285714285,SL,-1.0256504098360657,0.015594292744499598,1,0.26277372262773596,-2.0409351322751266
SOLUSDT,LONG,1776697200,1776699000,84.74,83.75999999999999,85.22999999999999,TP2,0.4654122448979519,0.011564786405475572,1,0.14929577464788596,-2.21971027447814
SEIUSDT,SHORT,1776699000,1776708900,0.05575,0.05638285714285714,0.05543357142857143,SL,-1.0352370203160273,0.011351697629724471,1,0.23699421965317924,2.331262020600796
XLMUSDT,SHORT,1776699000,1776704400,0.1709,0.17318571428571428,0.16975714285714286,TP2,0.47009249999999997,0.013374571595753563,1,0.23456790123456958,2.951873683469098
XRPUSDT,SHORT,1776699000,1776702600,1.433,1.4517142857142857,1.4236428571428572,TP2,0.4693709923664123,0.013059515501943996,1,0.1935483870967735,2.6886173855821887
TAOUSDT,SHORT,1776703500,1776726900,246.2,249.97142857142856,244.31428571428572,TP2,0.47388787878787497,0.015318556342114412,1,0.21167883211678595,2.0552081639130786
HYPEUSDT,LONG,1776704400,1776705300,40.74,39.96,41.13,TP2,0.4791076923076923,0.01914580265095729,1,0.22097378277153906,-2.2725748351751376
ADAUSDT,SHORT,1776708900,1776727800,0.249,0.25215714285714286,0.24742142857142857,TP2,0.46845248868778266,0.012679288582902981,1,0.12195121951219545,2.0782268531946797
AVAXUSDT,SHORT,1776709800,1776719700,9.3,9.399285714285716,9.250357142857144,SL,-1.0374676258992803,0.010675883256528476,1,0.10756972111553748,2.1014442581860218
HYPEUSDT,LONG,1776722400,1776727800,40.98,40.58571428571428,41.177142857142854,SL,-1.0415739130434785,0.009621418113365348,1,0.1330049261083754,-2.3800781708461765
ZECUSDT,LONG,1776725100,1776727800,314.0,310.7757142857143,315.6121428571429,SL,-1.0389543642002657,0.010268425841674299,1,0.1185218566922038,-2.0715051371502624
DOTUSDT,LONG,1776726900,1776729600,1.275,1.2631428571428571,1.2809285714285714,TP2,0.45698795180723834,0.009299719887955204,1,0.21052631578946998,-2.0647416048350973
LABUSDT,SHORT,1776739500,1776741300,0.5915,0.6091428571428571,0.5826785714285715,TP2,0.4865894736842105,0.029827315541601188,1,0.2930107526881725,2.8545276434098024
ZECUSDT,SHORT,1776753900,1776767400,317.29,320.64428571428573,315.61285714285714,SL,-1.0378369676320272,0.01057167170186806,1,0.09186351706036297,2.0892043826447444
LABUSDT,LONG,1776762000,1776764700,0.5695,0.5514142857142857,0.5785428571428571,SL,-1.0125955766192734,0.031757180484133965,1,0.06970849176172449,-2.0347328671102978
HYPEUSDT,LONG,1776763800,1776764700,40.66,40.231428571428566,40.87428571428571,TP2,0.4620506666666668,0.010540369615627881,1,0.18279569892472855,-2.0384086004775286
AVAXUSDT,SHORT,1776764700,1776771900,9.394,9.482428571428573,9.349785714285714,SL,-1.042493053311793,0.009413303324310373,1,0.24117647058823505,2.0549065368419206
DOTUSDT,SHORT,1776769200,1776770100,1.287,1.2977142857142856,1.281642857142857,TP2,0.45195200000000013,0.008325008325008345,1,0.2608695652173926,2.1683689605891994
AAVEUSDT,LONG,1776775500,1776782700,91.45,89.86142857142858,92.24428571428571,TP2,0.47697302158272925,0.017370928688588576,1,0.13590844062947063,-2.0799834690211467
ADAUSDT,LONG,1776775500,1776781800,0.2484,0.24627142857142856,0.24946428571428572,TP2,0.45332080536912134,0.008569128134345587,1,0.07547169811320611,-2.792151457269694
HYPEUSDT,LONG,1776775500,1776776400,40.48,40.02428571428571,40.70785714285714,TP2,0.46446896551723343,0.011257763975155223,1,0.18584070796460211,-2.6524642383562553
LABUSDT,SHORT,1776779100,1776780900,0.5671,0.5837142857142857,0.5587928571428572,TP2,0.48634668959587274,0.02929692420082118,1,0.03576158940397408,2.108813384279623
TAOUSDT,LONG,1776780900,1776781800,244.6,241.85714285714286,245.97142857142856,TP2,0.4643291666666666,0.011213643265973594,1,0.21008403361344577,-2.1984670575628673
SOLUSDT,SHORT,1776782700,1776783600,86.54,87.28571428571429,86.16714285714286,TP2,0.4535800766283526,0.008616989666215479,1,0.1988636363636358,2.618233850294432
ADAUSDT,LONG,1776790800,1776792600,0.2466,0.2439,0.24795,SL,-1.0365333333333333,0.010948905109489067,1,0.2523364485981293,-2.4666414659496456
AVAXUSDT,LONG,1776791700,1776793500,9.286,9.170285714285715,9.343857142857143,TP2,0.4679002469135878,0.012461155041383296,1,0.2686567164179109,-2.3913057964491515
DOTUSDT,LONG,1776791700,1776793500,1.267,1.2519999999999998,1.2745,TP2,0.4662133333333335,0.011838989739542274,1,0.250000000000003,-2.00460723946158
SOLUSDT,LONG,1776796200,1776798900,84.86,83.82714285714286,85.37642857142856,TP2,0.4671358229598823,0.012171307363388374,1,0.14234875444840048,-2.0714769676287403
ETHUSDT,SHORT,1776799800,1776800700,2323.64,2349.5671428571427,2310.6764285714285,TP2,0.4641512369827541,0.01115798611538062,1,0.02393013100436916,2.2012054370810104
AAVEUSDT,LONG,1776800700,1776802500,90.0,88.54428571428572,90.72785714285715,TP2,0.4752698724239499,0.01617460317460317,1,0.17565698478561484,-2.6340187112304596
BTCUSDT,LONG,1776800700,1776802500,74822.2,74079.37142857142,75193.61428571428,TP2,0.4597095734451324,0.009927916733650838,1,0.25790413054563976,-3.3032602298784695
LINKUSDT,LONG,1776800700,1776802500,9.241,9.125571428571428,9.298714285714286,TP2,0.46797673267327505,0.012490917804195614,1,0.24528301886792467,-2.580823127906138
LABUSDT,SHORT,1776802500,1776806100,0.5786,0.5944714285714287,0.5706642857142857,TP2,0.48541782178217474,0.02743074416078223,1,0.10591133004926195,2.099786839928182
ZECUSDT,SHORT,1776814200,1776816900,316.1,320.88142857142856,313.7092857142857,SL,-1.0264439796832985,0.015126316265196326,1,0.15759717314487723,2.7511004457697834
AAVEUSDT,SHORT,1776815100,1776821400,92.02,92.88857142857142,91.58571428571427,TP2,0.4576223684210609,0.00943894184494056,1,0.1657355679702061,2.433421328463495
XLMUSDT,SHORT,1776816000,1776822300,0.179,0.18044285714285713,0.17827857142857143,TP2,0.4503762376237621,0.008060654429369467,1,0.13636363636363522,2.3247144562769235
LABUSDT,SHORT,1776817800,1776820500,0.5944,0.6119142857142857,0.5856428571428572,SL,-1.0135752039151713,0.029465487406267976,1,0.21904761904761794,3.184021045403562
ZECUSDT,SHORT,1776832200,1776835800,321.24,326.7442857142857,318.48785714285714,SL,-1.0233447184012459,0.017134496682498113,1,0.2257261410788384,2.311063695192839
TAOUSDT,LONG,1776852000,1776854700,245.9,243.67142857142858,247.01428571428573,TP2,0.455864102564109,0.00906291756230757,1,0.1599999999999999,-3.0317460317460325
DOTUSDT,LONG,1776861900,1776863700,1.298,1.286857142857143,1.3035714285714286,TP2,0.4534051282051281,0.008584635703279754,1,0.16279069767441645,-2.076136996343456
AAVEUSDT,SHORT,1776863700,1776864600,93.96,94.91714285714285,93.48142857142857,SL,-1.0392668656716417,0.010186705589004467,1,0.18396226415094052,2.001740586038906
ZECUSDT,SHORT,1776863700,1776864600,321.46,325.59999999999997,319.39,TP2,0.46894106280193243,0.012878740745349377,1,0.08378672470075922,2.5874512144124813
ADAUSDT,LONG,1776869100,1776870000,0.2543,0.2521714285714286,0.2553642857142857,TP2,0.4522120805368996,0.00837031627436659,1,0.07692307692307693,-2.0812378052828766
TAOUSDT,LONG,1776869100,1776871800,245.0,242.21428571428572,246.39285714285714,TP2,0.46482051282051284,0.011370262390670554,1,0.07843137254901994,-2.3925896127374613
XLMUSDT,SHORT,1776870000,1776870900,0.1809,0.18264285714285713,0.18002857142857143,TP2,0.45848196721312273,0.009634367843323059,1,0.23943661971831007,2.8938726297321726
SEIUSDT,SHORT,1776872700,1776874500,0.0624,0.06315428571428572,0.062022857142857137,SL,-1.033090909090909,0.012087912087912135,1,0.10569105691056914,2.5472736839675068
DOTUSDT,LONG,1776873600,1776885300,1.297,1.2847142857142857,1.303142857142857,SL,-1.0422279069767444,0.009472408855600797,1,0.26086956521739,-2.047345565381018
AVAXUSDT,LONG,1776877200,1776878100,9.488,9.410142857142857,9.526928571428572,TP2,0.45125431192661725,0.008205854011081721,1,0.23602484472049487,-2.0385408576385045
SUIUSDT,LONG,1776877200,1776878100,0.961,0.9518285714285715,0.9655857142857143,TP2,0.4580872274143362,0.0095436301471681,1,0.23112128146453045,-2.5510430506964763
LABUSDT,SHORT,1776879000,1776880800,0.5701,0.5942571428571429,0.5580214285714287,TP2,0.4905601419278511,0.042373518430350594,1,0.11931330472103019,2.359525393657212
ADAUSDT,LONG,1776879900,1776880800,0.2525,0.25044285714285713,0.25352857142857144,TP2,0.4509027777777779,0.00814710042432816,1,0.2075471698113178,-2.0343027770149384
ZECUSDT,LONG,1776889800,1776894300,317.93,313.07142857142856,320.3592857142857,TP2,0.4738252278741489,0.01528189044308947,1,0.23802866130723663,-2.086905713153018
HYPEUSDT,SHORT,1776894300,1776897000,41.38,41.81428571428572,41.16285714285715,TP2,0.461886842105255,0.010495063177518466,1,0.2857142857142863,2.579515874288312
AAVEUSDT,LONG,1776903300,1776904200,93.14,91.94285714285714,93.73857142857143,TP2,0.46887923627684974,0.012853155004754785,1,0.27555555555555705,-2.7888834904800905
LABUSDT,LONG,1776903300,1776908700,0.5672,0.5528428571428572,0.5743785714285715,TP2,0.48419741293532725,0.02531231110215596,1,0.07482993197278981,-2.258767578713908
DOTUSDT,LONG,1776906900,1776912300,1.266,1.2541428571428572,1.2719285714285715,SL,-1.0427084337349397,0.009365831640713179,1,0.2222222222222222,-2.256862210230215
LABUSDT,SHORT,1776912300,1776914100,0.5897,0.6062714285714286,0.5814142857142857,TP2,0.4857658620689689,0.028101455946122778,1,0.18670076726342738,2.383290521359709
BTCUSDT,LONG,1776914100,1776924000,77671.4,77037.0,77988.59999999999,TP2,0.4510268600252206,0.008167742566762006,1,0.2962870134985147,-2.151664107006529
SEIUSDT,LONG,1776915900,1776917700,0.0603,0.05935142857142857,0.06077428571428571,TP2,0.4745722891566228,0.01573086946221273,1,0.29255319148936276,-2.0186655147581076
XLMUSDT,LONG,1776915900,1776923100,0.1754,0.1737142857142857,0.17624285714285715,TP2,0.458379661016949,0.009610685779442865,1,0.2857142857142857,-2.096702087443288
ZECUSDT,SHORT,1776927600,1776929400,317.23,320.39428571428573,315.64785714285716,TP2,0.45989869074492096,0.00997473667145513,1,0.04716981132075641,2.2354688814681176
SEIUSDT,SHORT,1776928500,1776935700,0.06132,0.06189,0.061035,TP2,0.45696842105263147,0.009295499021526389,1,0.13385826771653506,2.2503437613835167
AAVEUSDT,LONG,1776929400,1776944700,91.54,90.60857142857144,92.00571428571429,TP2,0.4606883435582821,0.010175099097974314,1,0.22788203753351757,-2.1278105972219463
HYPEUSDT,LONG,1776939300,1776942900,40.67,40.32714285714286,40.84142857142857,TP2,0.4525516666666668,0.008430222347114425,1,0.12499999999999833,-2.282265319462582
ZECUSDT,SHORT,1776944700,1776947400,320.33,324.34142857142854,318.3242857142857,SL,-1.031941737891738,0.01252280014806154,1,0.1821909783245423,3.1305982746115744
AAVEUSDT,SHORT,1776946500,1776954600,92.35,93.21,91.92,SL,-1.0429534883720932,0.009312398484028126,1,0.2294617563739401,2.4070613808478214
XLMUSDT,SHORT,1776946500,1776951900,0.1775,0.17895714285714284,0.17677142857142858,TP2,0.4512745098039117,0.008209255533199141,1,0.07692307692307693,2.1560984046602676
TAOUSDT,SHORT,1776948300,1776949200,243.6,245.55714285714285,242.62142857142857,TP2,0.45021313868613133,0.008034248182031427,1,0.2325581395348831,2.3048861143231996
SEIUSDT,SHORT,1776955500,1776958200,0.06088,0.061509999999999995,0.060564999999999994,SL,-1.0386539682539684,0.010348226018396824,1,0.01886792452829981,2.1309390630145892
DOTUSDT,LONG,1776964500,1776966300,1.235,1.2224285714285716,1.2412857142857143,SL,-1.0392954545454547,0.010179294389820664,1,0.2571428571428532,-2.9236600053592303
SOLUSDT,LONG,1776964500,1776966300,85.31,84.56,85.685,SL,-1.045498666666667,0.00879146641659824,1,0.22695035460993554,-2.457689455132465
TAOUSDT,LONG,1776964500,1776967200,241.6,238.84285714285716,242.97857142857143,TP2,0.4649492227979325,0.011412015137180672,1,0.05343511450381812,-2.1935228157770164
DOTUSDT,SHORT,1776996000,1776996900,1.248,1.2582857142857142,1.2428571428571429,TP2,0.45146666666666685,0.008241758241758275,1,0.2962962962962926,2.0293095894913398
TAOUSDT,LONG,1777000500,1777005000,247.1,243.64285714285714,248.82857142857142,SL,-1.0285900826446281,0.013990865468000241,1,0.2717948717948724,-2.7292995424423347
ADAUSDT,LONG,1777002300,1777012200,0.2482,0.2459285714285714,0.2493357142857143,TP2,0.45629182389937134,0.009151605847818642,1,0.07563025210083833,-2.0665812644906496
DOTUSDT,LONG,1777002300,1777005000,1.233,1.221,1.239,TP2,0.45890000000000014,0.009732360097323634,1,0.05454545454545175,-2.2093990799005567
ZECUSDT,LONG,1777008600,1777009500,337.6,331.78285714285715,340.5085714285715,TP2,0.4767858546169008,0.01723087339201087,1,0.22992366412213658,-2.0200208939926783
LABUSDT,LONG,1777010400,1777023000,0.7047,0.5816857142857143,0.7662071428571429,TP2,0.49770855882011383,0.1745626305013278,1,0.12887369095960674,-2.3166256028452326
ZECUSDT,SHORT,1777012200,1777013100,348.28,354.9528571428571,344.9435714285714,TP2,0.47912258616998926,0.01915946118886286,1,0.2521881838074398,2.2278910080671266
SEIUSDT,SHORT,1777017600,1777019400,0.06228,0.06287571428571428,0.06198214285714286,SL,-1.0418187050359713,0.009565097715386701,1,0.01562500000000113,2.0665671669469416
AAVEUSDT,LONG,1777021200,1777023900,92.88,92.02142857142857,93.3092857142857,TP2,0.45672811980033273,0.009243878429924928,1,0.17402597402597667,-2.1796116402117103
ZECUSDT,SHORT,1777026600,1777028400,347.37,352.8314285714286,344.63928571428573,SL,-1.0254416950039236,0.01572222290764487,1,0.12344497607655552,2.0257372300675565
AAVEUSDT,SHORT,1777027500,1777029300,94.19,95.12,93.725,SL,-1.0405118279569892,0.009873659624163953,1,0.13145539906103457,2.928908342846513
DOTUSDT,SHORT,1777028400,1777029300,1.243,1.2532857142857143,1.237857142857143,SL,-1.048338888888889,0.008274910929778168,1,0.18918918918919275,2.2008973271340904
NEARUSDT,SHORT,1777029300,1777033800,1.421,1.4325714285714286,1.4152142857142858,TP2,0.45087901234567884,0.008143158741329018,1,0.13207547169811557,3.2526020898622705
LABUSDT,SHORT,1777075200,1777077000,0.7438,0.7688857142857143,0.7312571428571428,TP2,0.48813986332574255,0.033726424153958455,1,0.18518518518518623,2.434787964366312
ZECUSDT,LONG,1777077000,1777078800,355.31,349.2471428571429,358.3414285714286,TP2,0.4765582469368567,0.01706357024248445,1,0.15980719317760567,-2.3491851235052716
LABUSDT,LONG,1777079700,1777080600,0.7027,0.6740571428571428,0.7170214285714286,TP2,0.4901867331670823,0.04076114578462667,1,0.28897715988083394,-2.958378905823742
ZECUSDT,LONG,1777094100,1777097700,354.33,350.15428571428566,356.41785714285714,TP2,0.46605802257954176,0.011784817220428168,1,0.049973698053655244,-2.3760619533740432
DOTUSDT,SHORT,1777097700,1777098600,1.269,1.280142857142857,1.2634285714285713,TP2,0.4544461538461538,0.008780817291455573,1,0.15254237288135605,2.367187188208196
ZECUSDT,SHORT,1777113000,1777114800,357.55,360.6957142857143,355.9771428571429,SL,-1.0454650317892824,0.008797970313842213,1,0.2328379334748805,2.4096471136970905
LABUSDT,SHORT,1777116600,1777119300,0.7903,0.8373714285714285,0.7667642857142858,TP2,0.4932842488619108,0.059561468520091775,1,0.29755080771234993,2.1312585765329457
AAVEUSDT,LONG,1777129200,1777130100,95.1,94.09142857142857,95.60428571428571,TP2,0.4622832861189802,0.010605377797806823,1,0.18095238095238378,-2.380119173194897
TAOUSDT,LONG,1777130100,1777132800,249.8,247.6,250.9,SL,-1.0454181818181818,0.008807045636509227,1,0.13580246913580185,-2.4449787081209218
DOTUSDT,LONG,1777135500,1777144500,1.247,1.2364285714285717,1.2522857142857144,SL,-1.0471837837837839,0.008477488830335644,1,0.16279069767441645,-2.5344600104329533
LABUSDT,SHORT,1777137300,1777140900,0.7645,0.8006571428571428,0.7464214285714286,SL,-1.0084575266693008,0.047295150892273194,1,0.12024353120243468,2.070928566579191
ZECUSDT,LONG,1777138200,1777140000,351.4,346.47999999999996,353.85999999999996,TP2,0.47143089430893725,0.014001138303927126,1,0.1767810026385245,-2.814095428299095
ZECUSDT,SHORT,1777150800,1777163400,357.66,360.65285714285716,356.16357142857146,TP2,0.45219818615751783,0.00836788330497439,1,0.03774587985114505,2.040711162471727
LABUSDT,LONG,1777179600,1777180500,0.7821,0.7001857142857143,0.8230571428571429,TP2,0.49618088594349563,0.10473633258443385,1,0.20026702269692906,-2.0933004313645376
ZECUSDT,SHORT,1777179600,1777180500,358.17,361.3514285714286,356.57928571428573,TP2,0.45496740008980685,0.008882454062117342,1,0.06905370843990138,2.092604802904113
AAVEUSDT,SHORT,1777180500,1777183200,94.21,94.97999999999999,93.82499999999999,SL,-1.0489402597402595,0.008173230018044817,1,0.1372549019607854,3.2351556035658486
ZECUSDT,LONG,1777201200,1777203000,353.21,349.94,354.84499999999997,TP2,0.4567938837920489,0.009257948529203586,1,0.1554977228366939,-2.2749767799326213
LABUSDT,LONG,1777218300,1777219200,0.837,0.785042857142857,0.8629785714285714,TP2,0.49355622766015844,0.062075439494794354,1,0.2684210526315791,-2.0782352815359815
AAVEUSDT,SHORT,1777226400,1777227300,96.36,97.17142857142858,95.95428571428572,SL,-1.0475014084507042,0.008420802941350896,1,0.2312138728323708,2.1029124353392574
ZECUSDT,SHORT,1777229100,1777230900,357.9,361.1871428571428,356.25642857142856,SL,-1.0435514993481096,0.009184528798946209,1,0.25736520289049597,2.9948493981854685
NEARUSDT,SHORT,1777240800,1777243500,1.394,1.4057142857142857,1.3881428571428571,TP2,0.45239999999999053,0.008403361344537823,1,0.1666666666666682,2.1675617689806317
DOTUSDT,LONG,1777243500,1777251600,1.259,1.248142857142857,1.2644285714285712,TP2,0.4536157894736742,0.008623624191535265,1,0.13513513513513092,-2.3964690551827683
BTCUSDT,SHORT,1777247100,1777251600,78566.5,79236.25714285714,78231.62142857144,SL,-1.0469223812469342,0.00852471655040175,1,0.13264621095446505,2.1355394172046824
ETHUSDT,SHORT,1777247100,1777249800,2371.28,2391.2757142857145,2361.2821428571433,TP2,0.4525642351932438,0.008432456009292053,1,0.171254801536491,2.19704861808042
SEIUSDT,LONG,1777249800,1777250700,0.06189,0.061251428571428575,0.06220928571428572,TP2,0.4612322147651061,0.010317845024582788,1,0.29032258064516797,-2.2908020147871944
ADAUSDT,SHORT,1777250700,1777252500,0.253,0.2553714285714286,0.2518142857142857,SL,-1.042674698795181,0.009373235460191922,1,0.08510638297872516,2.0970223972540927
HYPEUSDT,SHORT,1777250700,1777260600,42.68,43.17857142857143,42.43071428571429,SL,-1.034241833810888,0.011681617351720498,1,0.276264591439689,2.1529834653328286
AAVEUSDT,SHORT,1777252500,1777260600,97.38,98.62142857142857,96.75928571428571,SL,-1.031376754890679,0.012748290936830716,1,0.09999999999999919,2.643211562961026
SOLUSDT,SHORT,1777253400,1777266900,87.39,88.17428571428572,86.99785714285714,TP2,0.4554295081967214,0.008974547594527012,1,0.18644067796610114,2.0801185832578684
HYPEUSDT,LONG,1777344300,1777345200,40.83,40.498571428571424,40.995714285714286,TP2,0.45072241379310346,0.008117280710961829,1,0.2737430167597727,-3.151513233632042
SEIUSDT,LONG,1777344300,1777345200,0.05926,0.05876857142857143,0.05950571428571429,TP2,0.45176511627906984,0.008292753483438614,1,0.21186440677966237,-2.7329010262197992
ZECUSDT,LONG,1777344300,1777345200,349.85,346.1328571428572,351.7085714285715,SL,-1.0376471944657955,0.010624961718287446,1,0.09830866807610698,-2.5093981930560254
AAVEUSDT,SHORT,1777354200,1777355100,98.08,99.09714285714286,97.57142857142857,TP2,0.46142921348314603,0.01037054299697039,1,0.18441558441558376,2.5914703544126403
HYPEUSDT,LONG,1777358700,1777360500,40.71,40.364285714285714,40.88285714285715,SL,-1.0471024793388428,0.008492121977752076,1,0.29999999999999805,-2.3097055270991707
TAOUSDT,SHORT,1777365000,1777369500,249.7,251.87142857142857,248.6142857142857,TP2,0.4540026315789473,0.008696149665312656,1,0.18749999999999986,2.1005805913080557
ZECUSDT,LONG,1777374000,1777377600,334.63,331.4428571428571,336.2235714285714,SL,-1.0419974899148363,0.009524378738137218,1,0.24076809453470993,-2.29849655180885
AAVEUSDT,LONG,1777374900,1777379400,96.79,95.7457142857143,97.31214285714286,SL,-1.03707414500684,0.010789190146561756,1,0.12707182320441932,-2.125445691084646
LABUSDT,SHORT,1777379400,1777382100,0.7194,0.7453142857142857,0.7064428571428572,TP2,0.4888957001102557,0.036022081893641526,1,0.24844720496894426,3.2648768788345515
TAOUSDT,SHORT,1777380300,1777382100,251.7,253.9,250.6,TP2,0.4542363636363573,0.008740564163686949,1,0.25714285714285606,2.4881771396977084
DOTUSDT,SHORT,1777383900,1777385700,1.231,1.2414285714285715,1.2257857142857143,TP2,0.45278356164384637,0.008471625855866331,1,0.20930232558140063,3.03570008803338
ADAUSDT,LONG,1777386600,1777388400,0.2447,0.24257142857142858,0.2457642857142857,TP2,0.4540161073825504,0.00869869811430908,1,0.1780821917808244,-2.003508553034249
ETHUSDT,LONG,1777386600,1777389300,2265.68,2247.055714285714,2274.992142857143,TP2,0.4513392344864738,0.008220174832406031,1,0.2869011843733423,-2.082820049172931
SOLUSDT,LONG,1777386600,1777390200,83.11,82.44142857142857,83.44428571428571,TP2,0.45027606837606843,0.008044416178214771,1,0.23076923076923161,-2.408481277170717
NEARUSDT,LONG,1777391100,1777398300,1.331,1.3165714285714285,1.3382142857142856,TP2,0.4631009900990022,0.010840399270151334,1,0.2999999999999989,-3.342406857460291
XLMUSDT,SHORT,1777393800,1777396500,0.1632,0.1645857142857143,0.16250714285714288,TP2,0.45289072164947475,0.008490896358543453,1,0.22222222222222393,2.2178140560001833
HYPEUSDT,LONG,1777394700,1777396500,39.49,38.97857142857143,39.745714285714286,TP2,0.46911396648044,0.012950837463372302,1,0.25833333333333397,-2.0408701457193477
ETHUSDT,SHORT,1777395600,1777406400,2284.76,2303.2071428571426,2275.536428571429,SL,-1.0495417641136848,0.00807399589328531,1,0.11937377690802733,2.623328633485182
LABUSDT,LONG,1777400100,1777409100,0.6755,0.6473,0.6896,SL,-1.009581560283688,0.041746854182087303,1,0.16282642089093702,-2.175530430348144
HYPEUSDT,SHORT,1777405500,1777407300,40.07,40.40857142857143,39.90071428571429,TP2,0.45265991561181446,0.008449499090876696,1,0.1149425287356351,2.1947909507545043
ZECUSDT,SHORT,1777411800,1777413600,336.4,339.1642857142857,335.0178571428571,TP2,0.45132196382428974,0.008217258365891005,1,0.15330520393811276,2.0527473027257814
LABUSDT,SHORT,1777424400,1777428000,0.6789,0.698242857142857,0.6692285714285714,SL,-1.0140392909896603,0.02849146728952299,1,0.13752913752913734,2.4671328875364327
TAOUSDT,SHORT,1777424400,1777426200,258.7,260.8285714285714,257.6357142857143,TP2,0.4513852348993154,0.00822795295157103,1,0.20430107526881824,2.509864605305033
HYPEUSDT,SHORT,1777437900,1777443300,40.43,40.792857142857144,40.24857142857143,SL,-1.044568503937008,0.008974947881700265,1,0.1616766467065892,2.1132114489464775
ZECUSDT,SHORT,1777437900,1777440600,338.85,341.86142857142863,337.3442857142857,TP2,0.4549914611005696,0.008887202512700585,1,0.25238508239375695,3.4277624905350357
TAOUSDT,LONG,1777449600,1777455900,260.6,257.42857142857144,262.1857142857143,TP2,0.4671315315315317,0.012169718232649984,1,0.09473684210526076,-2.264705971881311
XLMUSDT,LONG,1777453200,1777455000,0.1617,0.16032857142857146,0.1623857142857143,TP2,0.45283750000000955,0.008481314603763482,1,0.11428571428571395,-2.386215436364829
LABUSDT,LONG,1777454100,1777463100,0.6603,0.6440142857142858,0.6684428571428571,TP2,0.4837821052631579,0.024664113714545337,1,0.2476780185758525,-2.004751510351896
AAVEUSDT,SHORT,1777457700,1777460400,98.15,99.06428571428572,97.69285714285715,TP2,0.4570593749999998,0.00931518812313511,1,0.0416666666666696,2.156941365970018
DOTUSDT,SHORT,1777457700,1777459500,1.253,1.2634285714285713,1.2477857142857143,TP2,0.4519397260273864,0.008322882225515874,1,0.14285714285714027,2.4856645418716194
ZECUSDT,LONG,1777461300,1777464900,333.59,330.7328571428571,335.0185714285714,SL,-1.0467025999999997,0.00856483364951849,1,0.27029804727646783,-2.3195690413469436
HYPEUSDT,LONG,1777463100,1777465800,40.25,39.91,40.42,SL,-1.0473529411764702,0.008447204968944159,1,0.15083798882681865,-2.028696410859818
AAVEUSDT,LONG,1777464900,1777470300,95.46,94.29714285714284,96.04142857142857,SL,-1.0328363636363636,0.012181616832779647,1,0.2700729927007319,-2.7057251415687293
NEARUSDT,LONG,1777470300,1777471200,1.339,1.3272857142857142,1.3448571428571428,TP2,0.4542780487804785,0.008748533020377713,1,0.26315789473684253,-2.1136217889252733
HYPEUSDT,SHORT,1777510800,1777516200,40.19,40.51714285714285,40.02642857142857,TP2,0.45085938864629893,0.008139906870934462,1,0.25974025974025894,2.183112721992168
ETHUSDT,LONG,1777517100,1777520700,2240.52,2220.7028571428573,2250.4285714285716,TP2,0.4547761245674854,0.008844885498519464,1,0.11859443631039278,-2.1485602713018057
HYPEUSDT,LONG,1777517100,1777524300,39.66,39.29857142857143,39.840714285714284,SL,-1.043892490118577,0.009113176284129365,1,0.2530120481927726,-2.571121098767335
DOTUSDT,LONG,1777524300,1777535100,1.201,1.1900000000000002,1.2065000000000001,TP2,0.4563272727272827,0.009159034138218121,1,0.13333333333333333,-2.1971792207249705
SEIUSDT,LONG,1777524300,1777542300,0.05736,0.05687857142857143,0.05760071428571429,TP2,0.45234183976261866,0.008393106196453507,1,0.125,-2.0391369124643015
SUIUSDT,LONG,1777525200,1777533300,0.902,0.8941571428571429,0.9059214285714285,TP2,0.4539963570127434,0.008694963573012363,1,0.10502283105022674,-2.0023424801838514
LABUSDT,SHORT,1777538700,1777542300,0.6733,0.6888000000000001,0.66555,SL,-1.0173754838709677,0.023020941630773832,1,0.09006211180124234,2.3191494333002387
HYPEUSDT,LONG,1777543200,1777549500,39.04,38.722857142857144,39.19857142857143,SL,-1.0492396396396397,0.008123536299765805,1,0.29133858267715934,-2.3097583031654434
ZECUSDT,SHORT,1777551300,1777554900,335.96,339.55857142857144,334.1607142857143,TP2,0.4626562921794285,0.010711309169458973,1,0.18705430608886142,2.7030201546644768
DOTUSDT,SHORT,1777552200,1777554900,1.217,1.2272857142857143,1.211857142857143,TP2,0.4526722222222221,0.008451696208475154,1,0.29411764705882354,2.3814157427037372
SEIUSDT,LONG,1777559400,1777571100,0.05699,0.05649428571428571,0.057237857142857146,TP2,0.4540138328530333,0.008698267866543074,1,0.28571428571428115,-2.268290495776141
TAOUSDT,LONG,1777559400,1777562100,248.0,245.72857142857143,249.1357142857143,TP2,0.45632704402516344,0.009158986175115211,1,0.18518518518518695,-2.7418844059012706
SUIUSDT,LONG,1777561200,1777563000,0.9018,0.8943428571428571,0.9055285714285715,TP2,0.45162758620688953,0.008269175933846667,1,0.09876543209876522,-2.084812188138596
ZECUSDT,SHORT,1777562100,1777565700,337.27,341.39,335.21,TP2,0.4672553398058251,0.012215732202686241,1,0.2826207662409751,2.4310160282845197
AAVEUSDT,SHORT,1777564800,1777566600,93.61,94.64571428571428,93.09214285714286,TP2,0.4638471724137929,0.011064141498924042,1,0.22063037249283407,2.57951238365638
ADAUSDT,SHORT,1777564800,1777567500,0.2474,0.2494,0.2464,TP2,0.45052000000000014,0.00808407437348426,1,0.12499999999999946,2.0549069869113685
LINKUSDT,LONG,1777568400,1777575600,9.1,9.025714285714285,9.137142857142857,TP2,0.4510000000000001,0.00816326530612247,1,0.1674641148325397,-2.2389740130573497
ETHUSDT,LONG,1777569300,1777575600,2254.42,2236.25,2263.505,TP2,0.45037050082553626,0.008059722678116712,1,0.20359488420324598,-2.051329611544458
TAOUSDT,SHORT,1777623300,1777624200,255.9,258.2,254.75,SL,-1.044504347826087,0.008987885892926954,1,0.25663716814159254,2.2695047534945263
LABUSDT,SHORT,1777626000,1777626900,0.6923,0.7063571428571429,0.6852714285714286,TP2,0.4803004065040611,0.02030498751573429,1,0.12794612794612809,2.282637737334599
HYPEUSDT,SHORT,1777626900,1777639500,40.64,41.00714285714286,40.456428571428575,SL,-1.0442770428015562,0.009034026996625448,1,0.16939890710382785,2.1855647582447637
ZECUSDT,SHORT,1777631400,1777634100,352.15,355.5085714285714,350.4707142857143,TP2,0.4580595491280305,0.009537331899961435,1,0.24888605983450313,2.3838076560503554
DOTUSDT,SHORT,1777642200,1777644000,1.21,1.219857142857143,1.2050714285714286,SL,-1.049101449275362,0.00814639905549001,1,0.07692307692307429,2.0254787341673435
ZECUSDT,SHORT,1777643100,1777644900,352.32,356.11285714285714,350.42357142857145,TP2,0.46284384180790195,0.010765375632541803,1,0.14888010540184554,2.0940544810880595
ZECUSDT,LONG,1777646700,1777647600,348.06,343.97285714285715,350.1035714285714,TP2,0.4659361062565466,0.0117426387896996,1,0.15618661257606606,-2.444644238374201
TAOUSDT,SHORT,1777647600,1777651200,266.3,271.3,263.8,SL,-1.021304,0.018775816748028567,1,0.23720930232558246,2.855544356802811
LABUSDT,LONG,1777652100,1777661100,0.6905,0.6751857142857143,0.6981571428571429,TP2,0.4819645522388097,0.022178545567394264,1,0.0983606557377051,-2.0516305893712077
NEARUSDT,LONG,1777652100,1777686300,1.289,1.275,1.2959999999999998,TP2,0.4631714285714206,0.010861132660977489,1,0.15789473684210362,-2.3804761428476207
AAVEUSDT,LONG,1777654800,1777669200,92.65,91.7,93.125,SL,-1.0390105263157894,0.010253642741500278,1,0.07281553398058101,-2.5694570302855753
HYPEUSDT,SHORT,1777659300,1777661100,41.13,41.54,40.925000000000004,TP2,0.4598731707317072,0.009968392900559168,1,0.13095238095238562,2.01852586807317
LABUSDT,SHORT,1777662900,1777663800,0.7214,0.7388428571428571,0.7126785714285715,SL,-1.0165431613431615,0.02417917541288757,1,0.1948051948051954,2.0643486108708626
TAOUSDT,LONG,1777670100,1777673700,269.6,266.0857142857143,271.3571428571429,TP2,0.46931382113821135,0.013035184400169543,1,0.15624999999999917,-2.3191134071776274
TAOUSDT,SHORT,1777692600,1777698900,272.1,274.6857142857143,270.8071428571429,TP2,0.4579071823204419,0.009502808841287324,1,0.08196721311475455,2.190448389895253
ZECUSDT,LONG,1777695300,1777696200,375.28,370.2985714285714,377.77071428571423,TP2,0.46986567249784345,0.013273898346377565,1,0.2891566265060243,-3.776427834904275
ZECUSDT,LONG,1777722300,1777731300,372.39,368.33142857142855,374.4192857142857,TP2,0.4632984160506865,0.01089871217962738,1,0.252756947507722,-3.280480903604796
TAOUSDT,SHORT,1777725900,1777729500,276.2,279.12857142857143,274.73571428571427,TP2,0.4622751219512195,0.010603082652322333,1,0.20634920634920964,2.9496692334231764
TAOUSDT,SHORT,1777737600,1777739400,277.4,280.24285714285713,275.9785714285714,TP2,0.4609688442211056,0.010248223297970973,1,0.2941176470588255,2.065611519179457
ZECUSDT,SHORT,1777741200,1777747500,377.04,380.4042857142857,375.35785714285714,SL,-1.044828535031847,0.008922888060380128,1,0.2645461598138125,3.3427518829201976
LABUSDT,LONG,1777746600,1777752900,1.9099,1.1087142857142855,2.310492857142857,TP2,0.49904646327764207,0.41949092323457476,1,0.11650816269632296,-2.2203072952621965
AAVEUSDT,LONG,1777770900,1777792500,92.14,91.40142857142857,92.50928571428571,TP2,0.4500982591876113,0.00801575242643183,1,0.2039800995024868,-2.3514797604819977
DOTUSDT,LONG,1777770900,1777774500,1.216,1.206,1.221,SL,-1.04864,0.008223684210526324,1,0.13333333333333236,-2.157975877833127
ZECUSDT,LONG,1777771800,1777791600,383.24,377.3757142857143,386.1721428571429,TP2,0.4738593909866066,0.015301862316787714,1,0.12220982142857158,-2.3570120561126644
TAOUSDT,SHORT,1777785300,1777787100,287.5,290.34285714285716,286.0785714285714,SL,-1.0404522613065328,0.009888198757763964,1,0.14074074074073906,2.2981861936865244
ZECUSDT,SHORT,1777797900,1777800600,386.44,390.18,384.57,SL,-1.0413304812834225,0.009678087154538828,1,0.2466431095406351,2.1459818239442847
LABUSDT,SHORT,1777799700,1777809600,1.4123,1.6272285714285715,1.3048357142857143,TP2,0.4973715918909942,0.15218336856798936,1,0.08973713364890727,2.5006832796981886
TAOUSDT,SHORT,1777839300,1777840200,291.9,294.68571428571425,290.50714285714287,SL,-1.0419138461538462,0.009543385699603555,1,0.0940170940170912,2.582815753135209
AAVEUSDT,SHORT,1777848300,1777851000,93.41,94.3157142857143,92.95714285714286,TP2,0.45874637223974,0.009696116965146027,1,0.18497109826589342,2.4089685907617544
AVAXUSDT,SHORT,1777848300,1777851000,9.177,9.250714285714286,9.140142857142857,TP2,0.4502023255813836,0.008032503619296744,1,0.26645768025078714,2.183235469084245
ETHUSDT,SHORT,1777848300,1777851000,2345.47,2366.8942857142856,2334.7578571428567,TP2,0.45620913516037626,0.009134325194645772,1,0.16828515937393052,2.1479890616014106
LABUSDT,LONG,1777852800,1777856400,2.0957,1.6548571428571426,2.3161214285714284,TP2,0.49809846074078845,0.21035589881321623,1,0.09697955719035176,-2.6758357065924527
AAVEUSDT,LONG,1777853700,1777856400,92.07,91.08285714285712,92.56357142857142,TP2,0.4626923299565777,0.010721655882946289,1,0.12925170068027264,-2.3271147885299834
AVAXUSDT,LONG,1777853700,1777859100,9.043,8.96042857142857,9.084285714285713,TP2,0.4561930795847644,0.009130977393722078,1,0.14352941176470552,-2.2504706405431256
AAVEUSDT,SHORT,1777860000,1777869000,93.93,94.92000000000002,93.435,SL,-1.037951515151515,0.010539763653784765,1,0.1832061068702292,2.4827569417465316
DOTUSDT,SHORT,1777860000,1777863600,1.228,1.2417142857142855,1.221142857142857,SL,-1.0358166666666668,0.01116798510935312,1,0.09333333333333199,2.2771494112046873
LINKUSDT,SHORT,1777860000,1777862700,9.247,9.323571428571428,9.208714285714287,SL,-1.048305223880597,0.008280677903258194,1,0.17913832199546814,2.6546019669669487
NEARUSDT,SHORT,1777863600,1777866300,1.297,1.3125714285714285,1.2892142857142856,TP2,0.46668256880733966,0.012005727503029041,1,0.23529411764705882,2.204614226262657
HYPEUSDT,SHORT,1777864500,1777865400,42.19,42.67,41.949999999999996,TP2,0.4648416666666668,0.011377103579047214,1,0.2863070539419065,2.3625305632522435
TAOUSDT,SHORT,1777866300,1777869900,292.4,295.9571428571428,290.62142857142857,TP2,0.46711967871485915,0.012165331248778487,1,0.19424460431654547,2.073595992958873
ZECUSDT,LONG,1777874400,1777887900,413.91,406.00142857142856,417.86428571428576,TP2,0.4790652456647399,0.01910698322961861,1,0.10879904875148505,-2.095300300589214
LABUSDT,LONG,1777878900,1777886100,1.9591,1.696157142857143,2.0905714285714287,SL,-1.00298026730414,0.13421614881468893,1,0.27398108036424706,-2.1617487143714844
TAOUSDT,SHORT,1777887900,1777889700,291.0,293.9142857142857,289.54285714285714,TP2,0.4600588235294121,0.010014727540500808,1,0.14529914529914306,2.3594850482314014
ZECUSDT,SHORT,1777888800,1777889700,418.26,424.5385714285714,415.12071428571426,TP2,0.473353174061438,0.015011168719388483,1,0.059978954752717764,2.0191705857503397
SEIUSDT,LONG,1777889700,1777891500,0.05849,0.057788571428571425,0.05884071428571429,TP2,0.4666452138492872,0.011992281952959004,1,0.27228915662650743,-3.2786900379168804
SUIUSDT,LONG,1777889700,1777905900,0.9265,0.9163428571428571,0.9315785714285714,TP2,0.46351336146272315,0.010962917277002552,1,0.26678765880217853,-3.3062826396110574
XLMUSDT,LONG,1777889700,1777900500,0.1582,0.1568,0.1589,SL,-1.0452,0.008849557522123895,1,0.27536231884057794,-3.324925427703669
HYPEUSDT,SHORT,1777906800,1777907700,41.63,42.042857142857144,41.423571428571435,TP2,0.45966643598615037,0.0099172986513846,1,0.24867724867725083,2.2509003924064404
SUIUSDT,SHORT,1777906800,1777908600,0.9368,0.9454285714285714,0.9324857142857143,TP2,0.4565721854304637,0.009210686836647572,1,0.2965116279069765,3.5317040286751182
LINKUSDT,SHORT,1777907700,1777908600,9.516,9.614428571428572,9.466785714285713,TP2,0.46132830188680174,0.010343481654957146,1,0.29549902152641266,2.4157007164699578
AAVEUSDT,SHORT,1777914900,1777923000,93.16,94.45714285714284,92.51142857142857,TP2,0.47127224669604056,0.013923817702263318,1,0.19160104986876503,2.2391066791763663
LABUSDT,LONG,1777928400,1777931100,1.5309,1.4002285714285714,1.5962357142857142,SL,-1.004686257789439,0.08535595308082077,1,0.2952098031934646,-2.302309981936958
ZECUSDT,SHORT,1777929300,1777930200,419.37,424.75142857142856,416.6792857142857,SL,-1.031171648526679,0.012832173430213333,1,0.14613180515759275,2.777274485476172
NEARUSDT,SHORT,1777932900,1777933800,1.284,1.2945714285714287,1.2787142857142857,TP2,0.4514162162162167,0.00823319982198495,1,0.23404255319149117,2.1835218027524683
TAOUSDT,SHORT,1777932900,1777940100,285.4,287.88571428571424,284.15714285714284,TP2,0.45407356321839043,0.008709580538592384,1,0.25757575757575496,2.2795622107659943
NEARUSDT,LONG,1777934700,1777940100,1.258,1.2445714285714284,1.2647142857142857,TP2,0.46252765957446,0.010674540086304852,1,0.22857142857142784,-2.6455953269053825
LABUSDT,SHORT,1777941000,1777944600,1.8288,2.0519142857142856,1.717242857142857,TP2,0.4967213215520558,0.12200037495313083,1,0.15446696696696713,2.853606497770134
HYPEUSDT,SHORT,1777952700,1777959900,42.39,42.75,42.21,SL,-1.0471000000000001,0.008492569002123128,1,0.1515151515151487,2.2840318952165837
NEARUSDT,SHORT,1777955400,1777970700,1.275,1.286142857142857,1.2694285714285714,TP2,0.4542307692307694,0.008739495798319362,1,0.294117647058822,2.035318759351249
ZECUSDT,LONG,1777960800,1777968900,421.0,415.76428571428573,423.61785714285713,TP2,0.46783628922237375,0.012436375975568348,1,0.14448051948051932,-3.2092362161562655
LABUSDT,SHORT,1777963500,1777965300,1.8268,1.9887428571428571,1.7458285714285715,SL,-1.0045122088920253,0.08864837811630015,1,0.12279214356365689,2.5911061818464036
DOTUSDT,SHORT,1777964400,1777968900,1.248,1.258857142857143,1.2425714285714287,SL,-1.0459789473684211,0.008699633699633681,1,0.2820512820512832,2.0073239929282045
TAOUSDT,LONG,1777974300,1777976100,282.6,279.95714285714286,283.9214285714286,TP2,0.45722810810809744,0.009351936103528488,1,0.2909090909090884,-2.5533547283291296
LINKUSDT,SHORT,1777977000,1777983300,9.655,9.742142857142857,9.61142857142857,SL,-1.044318032786885,0.009025671376784807,1,0.2921348314606706,2.147788804050635
NEARUSDT,SHORT,1777977900,1777980600,1.279,1.2892857142857141,1.2738571428571428,TP2,0.45026111111111133,0.008041997095945526,1,0.09090909090909091,2.064741604835067
DOTUSDT,SHORT,1777984200,1777986000,1.263,1.274142857142857,1.2574285714285713,SL,-1.0453384615384615,0.008822531387852061,1,0.17073170731706816,2.0459126359479844
ADAUSDT,LONG,1777992300,1777994100,0.2564,0.25415714285714286,0.25752142857142857,TP2,0.4542726114649559,0.008747492756853157,1,0.07272727272727007,-2.4855385482326753
SEIUSDT,LONG,1777992300,1778012100,0.05944,0.05884142857142857,0.05973928571428572,TP2,0.46027875894988657,0.010070178811766998,1,0.01818181818181864,-2.151318433840387
XLMUSDT,LONG,1777996800,1778009400,0.1584,0.15705714285714287,0.15907142857142859,TP2,0.45281702127659573,0.00847763347763347,1,0.14814814814814606,-2.2134520756019844
AAVEUSDT,LONG,1777999500,1778007600,92.89,91.81857142857143,93.42571428571429,TP2,0.46532106666667333,0.011534380142411146,1,0.16521739130434776,-2.391414144121842
HYPEUSDT,SHORT,1778002200,1778011200,44.36,44.885714285714286,44.097142857142856,TP2,0.4662478260869565,0.011851088496715165,1,0.25781249999999845,2.6065141332059487
NEARUSDT,SHORT,1778010300,1778012100,1.284,1.2945714285714287,1.2787142857142857,SL,-1.0485837837837837,0.008233199821984876,1,0.09677419354838779,2.31992897252625
TAOUSDT,SHORT,1778010300,1778013000,285.4,288.4,283.9,SL,-1.0380533333333333,0.01051156271899092,1,0.12925170068027117,2.150581316760633
DOTUSDT,SHORT,1778012100,1778015700,1.28,1.2904285714285715,1.2747857142857142,SL,-1.0490958904109586,0.008147321428571472,1,0.18367346938775694,2.4843481671462304
SOLUSDT,LONG,1778027400,1778029200,86.12,85.40714285714286,86.47642857142858,TP2,0.45167615230461944,0.008277486563599003,1,0.13235294117646973,-2.064098360877103
XLMUSDT,SHORT,1778030100,1778035500,0.1609,0.1622142857142857,0.16024285714285713,TP2,0.45103043478260874,0.008168338808487982,1,0.25423728813559754,2.0187082422674227
SUIUSDT,SHORT,1778031900,1778050800,0.9807,0.9912285714285715,0.9754357142857143,SL,-1.0372586160108548,0.010735771824789872,1,0.16904276985743277,2.1516022289990895
DOTUSDT,SHORT,1778032800,1778034600,1.295,1.3095714285714284,1.2877142857142856,TP2,0.4644509803921645,0.011252068394925523,1,0.12280701754385842,2.448472202068816
TAOUSDT,LONG,1778034600,1778045400,284.3,277.9428571428571,287.47857142857146,TP2,0.48211146067415733,0.022360685392693865,1,0.09128630705394157,-2.1510422949132004
NEARUSDT,SHORT,1778038200,1778051700,1.313,1.3274285714285714,1.3057857142857143,SL,-1.0364,0.01098901098901101,1,0.281250000000001,2.024273672347838
ADAUSDT,SHORT,1778040000,1778042700,0.2638,0.2659714285714285,0.2627142857142857,TP2,0.45140526315790713,0.008231344091844407,1,0.05882352941176343,2.0641930513400197
TAOUSDT,SHORT,1778050800,1778055300,291.1,294.6857142857143,289.3071428571429,SL,-1.0324733067729084,0.012317809294793132,1,0.14285714285714457,2.9474940396782765
LABUSDT,SHORT,1778051700,1778052600,2.9505,3.1525428571428566,2.8494785714285715,SL,-1.0058413349360107,0.06847749776067004,1,0.2635876499106913,2.9256093701011765
AAVEUSDT,LONG,1778114700,1778124600,93.17,92.33428571428573,93.58785714285715,SL,-1.0445941880341882,0.00896977874545756,1,0.08447937131630522,-2.1482621018055092
AVAXUSDT,LONG,1778114700,1778121000,9.53,9.45142857142857,9.569285714285714,SL,-1.0485163636363632,0.00824464098336088,1,0.15592515592515277,-2.3654652767093944
SUIUSDT,LONG,1778114700,1778116500,0.9814,0.9717571428571429,0.9862214285714286,SL,-1.0407099259259258,0.009825613554979783,1,0.17391304347826225,-2.47394302685357
SEIUSDT,LONG,1778117400,1778130900,0.0604,0.05961428571428572,0.06079285714285714,TP2,0.4692509090909046,0.013008514664143782,1,0.1567567567567562,-2.109682763578624
ZECUSDT,SHORT,1778198400,1778204700,574.59,586.3971428571429,568.6864285714286,TP2,0.48053415607985955,0.020548813688269642,1,0.2742407199100108,2.4075367367148246
NEARUSDT,SHORT,1778199300,1778200200,1.474,1.4905714285714287,1.4657142857142857,TP2,0.4644206896551658,0.011242488854429186,1,0.16279069767441776,2.1664256661802033
SEIUSDT,SHORT,1778211000,1778218200,0.06093,0.061599999999999995,0.060594999999999996,SL,-1.036376119402985,0.01099622517643197,1,0.2650176678445246,2.0220769319057226
LABUSDT,SHORT,1778212800,1778213700,4.7268,4.990485714285714,4.594957142857143,TP2,0.49282964568208903,0.05578524885455569,1,0.26570726570726544,2.3605949188449014
TAOUSDT,SHORT,1778213700,1778215500,304.8,308.3,303.05,TP2,0.465165714285714,0.011482939632545852,1,0.19999999999999732,2.3272327373046133
DOTUSDT,SHORT,1778214600,1778215500,1.32,1.3341428571428573,1.3129285714285714,TP2,0.46266666666666667,0.010714285714285711,1,0.11428571428571392,2.5505541633270297
ZECUSDT,LONG,1778215500,1778218200,564.31,554.2728571428571,569.3285714285714,TP2,0.47751113008824936,0.01778657627393254,1,0.22624533684441736,-2.020288955782874
LABUSDT,LONG,1778225400,1778235300,4.4717,4.244257142857143,4.585421428571429,SL,-1.007864305005967,0.05086272718269499,1,0.1236499889795022,-2.22744346121911
SEIUSDT,SHORT,1778228100,1778246100,0.06187,0.06258571428571429,0.061512142857142856,TP2,0.46542195608782927,0.011568034357754756,1,0.22195704057279247,2.297841572466586
TAOUSDT,SHORT,1778229900,1778231700,306.7,310.5142857142857,304.79285714285714,SL,-1.0321632958801499,0.012436536401322832,1,0.2115384615384609,2.1638088347094184
DOTUSDT,SHORT,1778231700,1778233500,1.321,1.3344285714285715,1.3142857142857143,TP2,0.46065106382977916,0.010165459067805832,1,0.05000000000000028,2.1415643254898664
ZECUSDT,LONG,1778232600,1778237100,561.98,552.9614285714287,566.4892857142858,TP2,0.4750745445905338,0.016047851219921368,1,0.06004560425639716,-2.2391803035036433
LABUSDT,LONG,1778242500,1778246100,4.1865,3.860342857142857,4.349578571428571,TP2,0.4948656651044639,0.07790687754858301,1,0.28140654159709205,-2.1984919952328146
DOTUSDT,LONG,1778245200,1778249700,1.311,1.2974285714285714,1.3177857142857143,TP2,0.4613600000000083,0.010351966873706025,1,0.10714285714285672,-2.2259955480133335
AAVEUSDT,LONG,1778246100,1778248800,92.07,91.30285714285714,92.45357142857142,TP2,0.45199329608938577,0.008332169622492256,1,0.18213058419244224,-2.53709541975204
NEARUSDT,LONG,1778247000,1778249700,1.524,1.4914285714285713,1.5402857142857143,TP2,0.48128421052631243,0.02137232845894267,1,0.02739726027397256,-2.178939191669557
SUIUSDT,SHORT,1778250600,1778251500,0.993,1.0042,0.9873999999999999,SL,-1.0354642857142857,0.011278952668680784,1,0.281961471103329,2.8527990708106334
TAOUSDT,SHORT,1778250600,1778251500,313.6,318.5428571428572,311.12857142857143,TP2,0.4746219653179191,0.01576166180758021,1,0.07766990291262238,2.5017574771292272
DOTUSDT,SHORT,1778251500,1778254200,1.333,1.3507142857142858,1.324142857142857,TP2,0.4699,0.013289036544850488,1,0.22222222222222085,2.574770610861899
AAVEUSDT,SHORT,1778252400,1778254200,93.44,94.36714285714285,92.97642857142857,TP2,0.45968690292758096,0.009922333659491208,1,0.2867830423940125,2.0092607125185986
HYPEUSDT,SHORT,1778255100,1778257800,43.02,43.52428571428572,42.767857142857146,TP2,0.4658764872521246,0.011722122600783669,1,0.21991701244813355,2.607916847760188
NEARUSDT,SHORT,1778255100,1778256900,1.586,1.6165714285714288,1.5707142857142857,TP2,0.47924859813084114,0.019275806161052098,1,0.24812030075187907,2.2226321848075945
SEIUSDT,SHORT,1778256000,1778258700,0.06301,0.06399714285714285,0.06251642857142857,SL,-1.0255322720694646,0.01566644750266393,1,0.2110091743119255,2.055654763731864
ZECUSDT,SHORT,1778261400,1778262300,589.78,604.1414285714285,582.5992857142857,TP2,0.4835732219238078,0.024350484199919576,1,0.23945511242409395,2.4323340167104877
LABUSDT,LONG,1778266800,1778267700,4.0091,3.8093285714285714,4.108985714285715,TP2,0.4919726258581247,0.04982949504163742,1,0.25415444770283435,-2.757059292842306
BILLUSDT,SHORT,1778270400,1778274000,0.08851,0.09198714285714286,0.08677142857142858,TP2,0.4898180772391106,0.039285310780057155,1,0.03400576368876044,2.139651267530328
ZECUSDT,LONG,1778271300,1778272200,569.12,555.3514285714285,576.0042857142857,TP2,0.4834661133015149,0.024192738664203437,1,0.20565319804312354,-2.2322321680897597
NEARUSDT,SHORT,1778274900,1778277600,1.588,1.6064285714285715,1.5787857142857142,TP2,0.4655317829457426,0.011604893846707508,1,0.20792079207920797,2.0217455371920994
ZECUSDT,SHORT,1778275800,1778278500,588.54,599.95,582.8349999999999,SL,-1.0206324276950043,0.01938695755598606,1,0.1521464646464644,2.176751401771868
TAOUSDT,SHORT,1778276700,1778277600,317.0,320.54285714285714,315.22857142857146,TP2,0.46420967741934666,0.011176205497972012,1,0.2173913043478256,2.193479565903215
SUIUSDT,LONG,1778283900,1778284800,1.0168,1.0075,1.02145,TP2,0.4562666666666785,0.009146341463414595,1,0.08636363636363686,-2.065015417037649
XLMUSDT,SHORT,1778291100,1778292900,0.166,0.16735714285714287,0.16532142857142856,SL,-1.0489263157894733,0.008175559380378712,1,0.23287671232876628,2.326246059880547
BILLUSDT,LONG,1778292000,1778299200,0.08544,0.07729857142857142,0.08951071428571429,TP2,0.49580221091419546,0.0952882557517389,1,0.13075611142694732,-2.0949647788916845
LABUSDT,SHORT,1778292000,1778293800,4.344,4.589857142857143,4.221071428571429,TP2,0.4929324811156286,0.056596948171533774,1,0.281660667950113,2.1717713234236933
TAOUSDT,LONG,1778298300,1778300100,311.1,307.8571428571429,312.7214285714286,TP2,0.46162643171806167,0.010423841667814661,1,0.21590909090908944,-2.577917445522398
NEARUSDT,LONG,1778301000,1778306400,1.58,1.550857142857143,1.5945714285714288,TP2,0.4783137254901999,0.018444846292947615,1,0.0921985815602847,-2.050598888261511
BILLUSDT,SHORT,1778305500,1778313600,0.09483,0.09984142857142857,0.09232428571428572,TP2,0.4924309007981742,0.05284644702550426,1,0.060081786725385215,2.1540079371960426
SEIUSDT,LONG,1778308200,1778319900,0.06731,0.06634571428571427,0.06779214285714286,SL,-1.027921185185185,0.01432603943375007,1,0.11316397228637476,-2.4468382343128265
ADAUSDT,LONG,1778309100,1778314500,0.2744,0.2721571428571428,0.2755214285714286,TP2,0.45106242038217825,0.008173677634319088,1,0.26495726495726674,-2.168913931111557
DOTUSDT,LONG,1778309100,1778319000,1.367,1.3552857142857144,1.3728571428571428,SL,-1.0466780487804885,0.00856933848887018,1,0.28301886792453035,-2.077258353263579
TAOUSDT,SHORT,1778314500,1778318100,313.5,316.47142857142853,312.01428571428573,TP2,0.4577980769230767,0.009478241057188379,1,0.06349206349206399,2.0060594669834395
HYPEUSDT,LONG,1778320800,1778328900,43.6,43.19857142857143,43.800714285714285,TP2,0.45655516014234,0.009207077326343389,1,0.13901345291479536,-2.0734632625881653
SUIUSDT,LONG,1778320800,1778332500,1.0489,1.0306857142857142,1.0580071428571427,TP2,0.47696533333332725,0.017365130817318816,1,0.22448979591836632,-2.0239139486743642
LABUSDT,LONG,1778335200,1778337900,4.1168,4.023085714285714,4.163657142857143,TP2,0.4824282926829316,0.022763866526011874,1,0.18274456521739163,-2.4934018390972468
AVAXUSDT,LONG,1778337000,1778344200,9.819,9.733857142857143,9.861571428571429,TP2,0.45387046979864715,0.008671235069035227,1,0.2508361204013433,-3.0219294573003466
TAOUSDT,LONG,1778337000,1778346900,306.9,303.6142857142857,308.54285714285714,TP2,0.4626382608695739,0.010706139738397803,1,0.26562500000000244,-2.264623137233827
HYPEUSDT,LONG,1778338800,1778344200,43.14,42.792857142857144,43.31357142857143,TP2,0.4502913580246915,0.008046890522551186,1,0.1700680272108845,-2.3949026998359684
LABUSDT,SHORT,1778338800,1778341500,4.212,4.324785714285714,4.155607142857143,SL,-1.0149380620645978,0.026777235110568395,1,0.14623172103487206,2.54875666036397
SUIUSDT,SHORT,1778346900,1778357700,1.0604,1.0708714285714287,1.0551642857142858,SL,-1.040506412005457,0.009874979791992259,1,0.08349514563106722,2.3803935835731522
ZECUSDT,SHORT,1778348700,1778349600,601.3,611.6085714285714,596.1457142857142,TP2,0.4766679600886918,0.017143807464778688,1,0.07654455986877966,2.104248111619528
AAVEUSDT,SHORT,1778351400,1778369400,95.96,96.76285714285714,95.55857142857143,TP2,0.4521907473309523,0.00836658131364264,1,0.240274599542334,2.4790698897318455
NEARUSDT,SHORT,1778351400,1778352300,1.573,1.5874285714285714,1.5657857142857141,TP2,0.45639207920792857,0.009172645536281918,1,0.125,2.5399463446357244
SEIUSDT,SHORT,1778365800,1778368500,0.06982,0.07054714285714285,0.06945642857142856,SL,-1.038407858546169,0.010414535335761341,1,0.03589743589743608,2.2917829525744207
SUIUSDT,SHORT,1778365800,1778369400,1.074,1.0827857142857145,1.069607142857143,TP2,0.45110243902437785,0.008180367118914648,1,0.23529411764705918,2.0321170533135158
NEARUSDT,LONG,1778375700,1778380200,1.549,1.536,1.5554999999999999,TP2,0.4523384615384615,0.00839251129761136,1,0.15254237288135694,-2.371761761346681
ZECUSDT,SHORT,1778377500,1778380200,598.87,605.6714285714286,595.4692857142857,SL,-1.0352202478470909,0.011357103497300873,1,0.11145272867025237,2.1155813352716337
BILLUSDT,LONG,1778378400,1778379300,0.11725,0.1082942857142857,0.12172785714285714,SL,-1.0052368798851492,0.0763813585135547,1,0.22235434007134355,-2.102552690480984
TAOUSDT,SHORT,1778378400,1778382900,312.6,315.37142857142857,311.2142857142857,TP2,0.45488247422681427,0.008865734393565477,1,0.2388059701492543,3.320626696193179
LABUSDT,SHORT,1778380200,1778388300,4.7987,4.951214285714286,4.722442857142857,TP2,0.48741442487823156,0.03178241726181795,1,0.09685341519570301,2.801995274266545
ZECUSDT,SHORT,1778398200,1778400000,615.8,623.732857142857,611.8335714285714,TP2,0.46894939672249225,0.012882197373915433,1,0.2507778469197255,2.2108644649034495
SUIUSDT,SHORT,1778400900,1778401800,1.1041,1.1177714285714286,1.0972642857142858,SL,-1.0323038662486939,0.012382418776767129,1,0.2194304857621448,2.6137350846296794
NEARUSDT,SHORT,1778402700,1778406300,1.574,1.588857142857143,1.5665714285714287,TP2,0.4576230769230696,0.009439099655109848,1,0.2923076923076941,2.443442469628197
ZECUSDT,LONG,1778407200,1778415300,600.65,591.1442857142857,605.4028571428571,TP2,0.4747246768860835,0.015825712620851185,1,0.09181886414811284,-2.408705866490063
SEIUSDT,SHORT,1778411700,1778412600,0.06917,0.06996714285714285,0.06877142857142857,TP2,0.4652910394265233,0.01152440157789298,1,0.22613065326632972,3.096020013861772
AAVEUSDT,SHORT,1778418900,1778421600,97.22,98.01428571428572,96.82285714285715,SL,-1.048959712230216,0.00816998266082817,1,0.1872791519434606,2.2508090298937904
DOTUSDT,SHORT,1778418900,1778423400,1.362,1.3731428571428572,1.3564285714285715,TP2,0.4511076923076925,0.008181246066708652,1,0.2093023255813963,2.305904835748237
LABUSDT,LONG,1778418900,1778425200,4.807,4.5795,4.92075,SL,-1.0084518681318682,0.047326815061368814,1,0.21381886087768437,-2.215300016447981
TAOUSDT,SHORT,1778419800,1778420700,317.1,320.31428571428575,315.4928571428572,SL,-1.0394613333333333,0.01013650493309904,1,0.13333333333333333,2.3047189223016757
NEARUSDT,SHORT,1778421600,1778423400,1.58,1.5942857142857143,1.572857142857143,TP2,0.45576000000000005,0.00904159132007234,1,0.07692307692307693,2.569298367166115
SUIUSDT,SHORT,1778426100,1778427900,1.1706,1.1975,1.1571500000000001,SL,-1.017406691449814,0.022979668546044697,1,0.19161243673174352,2.7464589960696126
SEIUSDT,SHORT,1778427000,1778427900,0.06922,0.06981857142857144,0.0689207142857143,SL,-1.0462568019093077,0.008647376893548546,1,0.2513661202185787,2.330844050677771
TAOUSDT,SHORT,1778463000,1778467500,322.5,327.85714285714283,319.82142857142856,TP2,0.47592000000000534,0.01661129568106312,1,0.06837606837606941,2.1894307111812097
BILLUSDT,LONG,1778463900,1778480100,0.11616,0.10904714285714286,0.11971642857142857,TP2,0.49346760393653344,0.061233274301456087,1,0.15705765407554703,-2.0377394395572015
AVAXUSDT,LONG,1778465700,1778490900,10.083,9.962285714285715,10.143357142857143,TP2,0.4665888757396449,0.011972060469531445,1,0.15139442231075617,-2.043867074763877
ADAUSDT,LONG,1778466600,1778471100,0.2777,0.2742428571428572,0.2794285714285714,SL,-1.0321305785123969,0.012449200061731483,1,0.16763005780347026,-2.021250175455774
SEIUSDT,SHORT,1778477400,1778480100,0.07564,0.07703857142857143,0.07494071428571429,SL,-1.0216335035750768,0.018489839087406475,1,0.10644257703081156,2.6427931084934926
BILLUSDT,SHORT,1778481000,1778485500,0.12131,0.12701285714285715,0.11845857142857143,SL,-1.0085087174348697,0.04701061036070513,1,0.1774802608994164,2.466619913696532
ZECUSDT,LONG,1778481900,1778490900,569.67,560.3185714285713,574.3457142857143,TP2,0.4756328139321724,0.016415518758980802,1,0.19191214920690125,-2.062890017586071
SUIUSDT,LONG,1778483700,1778485500,1.2656,1.2256142857142858,1.2855928571428572,TP2,0.4873394783851375,0.03159427487809283,1,0.24499229583975315,-2.3007143971225066
ADAUSDT,SHORT,1778494500,1778498100,0.2795,0.2817857142857143,0.27835714285714286,TP2,0.45108750000001213,0.008177868642984929,1,0.14893617021276345,2.1089107591879594
AAVEUSDT,SHORT,1778495400,1778496300,101.35,102.51,100.77,TP2,0.4650517241379251,0.0114454859398126,1,0.20798668885191282,2.211956888642852
DOTUSDT,SHORT,1778495400,1778497200,1.368,1.3804285714285716,1.3617857142857144,TP2,0.45597241379310344,0.00908521303258145,1,0.25490196078431426,2.3466368071922936
BILLUSDT,SHORT,1778499900,1778507100,0.13186,0.14156857142857143,0.1270057142857143,SL,-1.0054327251324309,0.07362787371887931,1,0.21790857858484713,2.1640326305193853
LABUSDT,SHORT,1778499900,1778515200,4.6055,4.860071428571429,4.4782142857142855,SL,-1.0072364758698091,0.05527552460567337,1,0.13409115991612405,2.016172042325327
AAVEUSDT,LONG,1778501700,1778502600,99.53,98.32857142857144,100.13071428571429,TP2,0.46686278240190837,0.012071019505963738,1,0.07004470938897144,-2.0086656702735928
DOTUSDT,LONG,1778501700,1778502600,1.354,1.340857142857143,1.3605714285714288,TP2,0.45879130434783444,0.009706689174931405,1,0.03333333333333321,-2.03780186665277
SEIUSDT,SHORT,1778502600,1778504400,0.07593,0.07736,0.07521499999999999,TP2,0.47876083916084416,0.018833135782958074,1,0.1535380507343114,2.3597562040138382
ZECUSDT,LONG,1778504400,1778506200,566.38,559.4114285714286,569.8642857142858,SL,-1.0325105371053709,0.012303703217930466,1,0.12957467853610202,-2.3221170932656525
NEARUSDT,LONG,1778505300,1778511600,1.532,1.512857142857143,1.5415714285714286,SL,-1.0320119402985075,0.012495337560611702,1,0.17241379310344723,-2.200328714853201
SOLUSDT,SHORT,1778508900,1778509800,95.65,96.60428571428572,95.17285714285715,TP2,0.4599071856287351,0.009976850123217095,1,0.11386138613861606,2.3778576757903984
XLMUSDT,SHORT,1778508900,1778509800,0.1689,0.1709142857142857,0.16789285714285715,TP2,0.46645957446807823,0.01192590713017001,1,0.21052631578947098,2.6965220327441153
LINKUSDT,LONG,1778509800,1778513400,10.461,10.349428571428572,10.516785714285714,TP2,0.46249577464787933,0.010665464924139986,1,0.21590909090908736,-2.7963088553649147
AVAXUSDT,LONG,1778510700,1778511600,10.037,9.91357142857143,10.098714285714287,TP2,0.4674726851851923,0.012297356922244797,1,0.20866141732283403,-2.160770987967858
ADAUSDT,SHORT,1778512500,1778517900,0.282,0.2857285714285714,0.28013571428571427,TP2,0.4697471264367817,0.01322188449848028,1,0.09803921568627579,2.4363647685434637
AAVEUSDT,SHORT,1778513400,1778516100,100.91,102.57714285714286,100.07642857142856,SL,-1.0242114824335904,0.016521086682616763,1,0.07887323943661978,2.2866493393273055
AVAXUSDT,SHORT,1778516100,1778517000,10.257,10.403142857142857,10.183928571428572,TP2,0.4719260997067388,0.014248109305143522,1,0.21292217327459526,2.2288525716910654
SUIUSDT,SHORT,1778520600,1778535000,1.3028,1.3386714285714285,1.2848642857142858,TP2,0.4854725607327727,0.027534102372911082,1,0.11165644171779196,2.2048500104999538
DOTUSDT,SHORT,1778521500,1778526900,1.377,1.3964285714285714,1.3672857142857142,TP2,0.4716500000000056,0.014109347442680765,1,0.24705882352941208,2.093728208990188
NEARUSDT,SHORT,1778523300,1778524200,1.536,1.5537142857142858,1.5271428571428571,TP2,0.46531612903225816,0.011532738095238125,1,0.07692307692307648,2.2279392465110774
BILLUSDT,SHORT,1778527800,1778531400,0.1486,0.16060428571428573,0.14259785714285717,TP2,0.4950484350827074,0.08078254181888098,1,0.11011332050459675,2.6290334404581066
SEIUSDT,SHORT,1778539500,1778542200,0.07555,0.0764557142857143,0.07509714285714286,SL,-1.0333659305993692,0.011988276448898523,1,0.11680911680911459,2.40274929146588
ZECUSDT,SHORT,1778545800,1778547600,562.72,569.8071428571429,559.1764285714286,TP2,0.46823995162265675,0.012594439254234537,1,0.11774842044801963,2.7031420333768645
NEARUSDT,LONG,1778548500,1778550300,1.534,1.5185714285714287,1.5417142857142858,SL,-1.0397703703703702,0.010057738871298202,1,0.21126760563380406,-2.173991078546958
ZECUSDT,LONG,1778548500,1778552100,551.17,543.5457142857142,554.9821428571428,TP2,0.4710834551245945,0.013832911287417189,1,0.07421503330161788,-2.4691627992170098
ADAUSDT,LONG,1778549400,1778550300,0.2792,0.27692857142857147,0.2803357142857143,SL,-1.0491672955974845,0.008135489152681086,1,0.09890109890109904,-2.122735972908823
SEIUSDT,LONG,1778551200,1778555700,0.07328,0.07153857142857144,0.07415071428571428,TP2,0.48316784249384737,0.023764036182158384,1,0.2519280205655542,-2.461016809142468
SUIUSDT,LONG,1778551200,1778553900,1.2693,1.2430714285714286,1.282414285714286,TP2,0.480642483660135,0.020663807948137967,1,0.2244541484716155,-2.5191214836130387
TAOUSDT,LONG,1778553900,1778561100,316.5,312.64285714285717,318.42857142857144,TP2,0.467177777777785,0.012186865267433962,1,0.29333333333333406,-2.003582774506994
TAOUSDT,SHORT,1778562900,1778568300,321.0,324.1714285714286,319.4142857142857,TP2,0.4595135135135136,0.009879839786381862,1,0.13698630136986387,2.2484332591758234
LABUSDT,LONG,1778563800,1778583600,4.7062,4.373671428571428,4.872464285714286,TP2,0.4943388924689608,0.0706575520438085,1,0.15125570776255687,-2.7072530142169127
SEIUSDT,LONG,1778570100,1778574600,0.07294,0.07184571428571429,0.07348714285714286,SL,-1.026662140992167,0.015002546124015878,1,0.130081300813009,-2.161045499307994
ZECUSDT,SHORT,1778572800,1778574600,562.35,569.2271428571429,558.9114285714286,TP2,0.4672916493560451,0.01222929289080271,1,0.20333745364647973,2.0930938142443116
XRPUSDT,SHORT,1778574600,1778577300,1.468,1.48,1.462,TP2,0.45106666666666684,0.008174386920980955,1,0.12195121951219406,2.6672278860043974
AAVEUSDT,LONG,1778576400,1778582700,98.92,98.01,99.375,SL,-1.0434813186813185,0.00919935301253539,1,0.23921568627450718,-2.1438833188578688
DOTUSDT,LONG,1778577300,1778579100,1.34,1.3277142857142858,1.3461428571428573,TP2,0.45637209302326476,0.00916844349680169,1,0.1739130434782617,-2.6129409236446657
BILLUSDT,SHORT,1778582700,1778588100,0.15373,0.16272428571428574,0.14923285714285714,SL,-1.006836785260483,0.05850702995046978,1,0.2364485981308404,3.252003325752426
LINKUSDT,LONG,1778594400,1778596200,10.233,10.124,10.2875,TP2,0.4624477064220101,0.010651812762630677,1,0.24629080118694047,-2.06709350893228
SEIUSDT,LONG,1778594400,1778597100,0.07093,0.07008,0.071355,SL,-1.0333788235294117,0.011983645848019194,1,0.2277227722772261,-2.4200839219502925
TAOUSDT,LONG,1778597100,1778605200,309.2,304.9714285714286,311.3142857142857,SL,-1.0292486486486487,0.013675845499907554,1,0.29999999999999966,-2.113876283357973
SOLUSDT,LONG,1778599800,1778607000,93.81,92.62285714285714,94.40357142857142,TP2,0.46839133574006614,0.012654758097674614,1,0.29792147806004543,-3.382208729160814
SUIUSDT,LONG,1778599800,1778603400,1.2169,1.1842428571428572,1.2332285714285716,TP2,0.48509483814523185,0.02683634058438894,1,0.2767584097859301,-2.18419877722144
LABUSDT,SHORT,1778607000,1778610600,4.7482,5.0205,4.61205,TP2,0.4930250459052499,0.05734804768122658,1,0.14934086629001903,2.625424933865244
NEARUSDT,SHORT,1778607000,1778612400,1.577,1.6195714285714287,1.5557142857142856,SL,-1.0148174496644295,0.026995198840474705,1,0.10909090909090888,2.5448776479205306
ADAUSDT,SHORT,1778613300,1778629500,0.2717,0.2739857142857143,0.27055714285714283,TP2,0.45245250000001197,0.008412639991587338,1,0.073825503355705,2.134950466423626
DOTUSDT,SHORT,1778613300,1778634900,1.335,1.3472857142857142,1.3288571428571427,SL,-1.0434651162790698,0.009202782236490086,1,0.295774647887326,2.679340668863054
SUIUSDT,SHORT,1778613300,1778616900,1.2636,1.286657142857143,1.2520714285714285,TP2,0.47807881040892675,0.018247184913851605,1,0.21434262948207372,2.30211469548908
TAOUSDT,SHORT,1778619600,1778620500,311.4,313.91428571428565,310.1428571428571,TP2,0.45045909090910197,0.008074135241765258,1,0.2800000000000024,2.5032732374999465
ZECUSDT,SHORT,1778623200,1778624100,557.01,564.7985714285714,553.1157142857143,SL,-1.0286065297138662,0.013982821544624826,1,0.29201430274135787,2.0811270839489295
LABUSDT,LONG,1778633100,1778634900,4.7855,4.6227,4.866899999999999,TP2,0.488242014742012,0.0340194337059868,1,0.19362685477985864,-2.385776643158665
NEARUSDT,SHORT,1778634900,1778635800,1.661,1.695142857142857,1.6439285714285714,TP2,0.4805405857740618,0.02055560333706028,1,0.2804878048780482,2.717145820765513
TAOUSDT,SHORT,1778634900,1778638500,312.6,315.24285714285713,311.27857142857147,TP2,0.4526875675675674,0.008454437437162938,1,0.2698412698412708,2.2372577621947
HYPEUSDT,SHORT,1778635800,1778637600,40.63,40.97428571428572,40.457857142857144,TP2,0.45279502074688815,0.008473682359973315,1,0.1969696969696954,2.1275504179003666
SUIUSDT,SHORT,1778636700,1778642100,1.2511,1.2649428571428571,1.2441785714285716,TP2,0.4638485036119711,0.011064548911243817,1,0.11399711399711439,2.4033746092689974
BILLUSDT,LONG,1778638500,1778643900,0.18246,0.17094,0.18822,TP2,0.49366458333333213,0.06313712594541271,1,0.12551210428305393,-2.3372708897517644
LABUSDT,SHORT,1778642100,1778646600,5.1541,5.361014285714285,5.050642857142857,TP2,0.49003626070146367,0.04014557065526198,1,0.19026149684400387,3.0504718305016936
ZECUSDT,LONG,1778648400,1778657400,562.2,550.37,568.115,SL,-1.0190092983939136,0.02104233368907869,1,0.18023529411764785,-3.3196277461601222
TAOUSDT,LONG,1778649300,1778651100,310.0,307.51428571428573,311.24285714285713,SL,-1.0498850574712644,0.008018433179723493,1,0.05982905982905833,-2.0209406712081286
SUIUSDT,LONG,1778651100,1778652000,1.2241,1.2084428571428572,1.2319285714285715,TP2,0.46872737226278094,0.012790738385052616,1,0.126520681265207,-2.7505613802211686
BILLUSDT,LONG,1778652000,1778660100,0.17544,0.1626157142857143,0.18185214285714288,TP2,0.49452788236604767,0.07309784378867827,1,0.29623458847050915,-2.2048767708999715
AAVEUSDT,SHORT,1778663700,1778665500,98.9,99.71000000000001,98.495,SL,-1.0488395061728397,0.008190091001011103,1,0.10895883777239827,2.2849070957958837
BILLUSDT,SHORT,1778663700,1778669100,0.20223,0.2188085714285714,0.19394071428571427,SL,-1.0048793106419647,0.08197879359428087,1,0.16512110726643586,2.053748028771427
DOTUSDT,SHORT,1778664600,1778666400,1.41,1.4248571428571428,1.4025714285714286,SL,-1.0379615384615384,0.010536980749746717,1,0.11111111111110929,2.4368190757423376
HYPEUSDT,LONG,1778668200,1778674500,39.52,39.17285714285715,39.69357142857143,SL,-1.0455374485596707,0.008783979178716046,1,0.28275862068965224,-2.755170875929182
SEIUSDT,LONG,1778669100,1778674500,0.06968,0.06894142857142858,0.07004928571428572,SL,-1.0377377176015474,0.010599475151713944,1,0.10582010582010619,-2.7342499011223795
AAVEUSDT,SHORT,1778717700,1778723100,96.76,97.61285714285715,96.33357142857143,SL,-1.0453815745393633,0.008814149884840273,1,0.28132387706855805,2.325918231104949
BILLUSDT,SHORT,1778719500,1778723100,0.18867,0.19578571428571429,0.18511214285714286,SL,-1.0106058221240715,0.03771513375583975,1,0.21821515892420532,2.741910815258835
TAOUSDT,SHORT,1778725800,1778727600,297.6,300.0571428571429,296.3714285714286,TP2,0.45155348837208126,0.008256528417818708,1,0.2549019607843148,2.0057133322254237
DOTUSDT,LONG,1778728500,1778734800,1.321,1.3102857142857143,1.3263571428571428,TP2,0.4506826666666666,0.008110738617930135,1,0.018867924528299673,-2.052517475769246
SEIUSDT,LONG,1778728500,1778734800,0.06612,0.06555,0.06640499999999999,TP2,0.4535999999999879,0.00862068965517243,1,0.23618090452261314,-2.4730984275401706
NEARUSDT,LONG,1778729400,1778737500,1.55,1.520857142857143,1.5645714285714287,TP2,0.47872549019608224,0.018801843317972387,1,0.1858407079646033,-2.085188507988331
SUIUSDT,SHORT,1778736600,1778737500,1.2232,1.2431142857142858,1.2132428571428573,TP2,0.4754307030129069,0.016280482107820234,1,0.18652226233453714,2.6742637249638874
HYPEUSDT,SHORT,1778739300,1778742900,39.27,39.76285714285715,39.02357142857143,TP2,0.4681286956521741,0.012550474735348746,1,0.13875598086124774,2.07536523791535
LINKUSDT,SHORT,1778739300,1778741100,10.318,10.412142857142857,10.270928571428572,TP2,0.45616024279209977,0.009124138122005911,1,0.2191780821917798,2.159264393425601
BILLUSDT,SHORT,1778753700,1778763600,0.17946,0.19466,0.17186,SL,-1.0047226315789475,0.08469854006463835,1,0.051391862955031974,2.0879503765876315
TAOUSDT,SHORT,1778756400,1778757300,298.0,300.52857142857147,296.73571428571427,TP2,0.4528587570621472,0.008485139022051823,1,0.1355932203389842,2.6500786013704314
LABUSDT,LONG,1778757300,1778761800,5.3509,5.1125,5.4701,SL,-1.0089780201342282,0.04455325272384087,1,0.19301310043668196,-2.454485501546959
AAVEUSDT,SHORT,1778762700,1778766300,97.02,97.80285714285714,96.62857142857142,TP2,0.4504277372262864,0.008069028477191728,1,0.2032520325203222,2.7176012944272485
DOTUSDT,SHORT,1778762700,1778769000,1.336,1.3472857142857144,1.330357142857143,SL,-1.0473518987341772,0.008447390932420867,1,0.2727272727272727,3.2881641851832017
LABUSDT,SHORT,1778764500,1778774400,5.6856,6.122214285714286,5.467292857142857,TP2,0.4947911919641406,0.07679300086433899,1,0.14936090765474633,2.019725278609507
ZECUSDT,SHORT,1778768100,1778769000,529.66,537.2371428571428,525.8714285714285,SL,-1.0279609351432881,0.014305673181178183,1,0.15407367571927963,2.4950141885484576
SOLUSDT,SHORT,1778769900,1778771700,91.55,92.30571428571429,91.17214285714286,SL,-1.0484574669187146,0.008254661777326998,1,0.23602484472049753,2.308995185555612
ETHUSDT,SHORT,1778771700,1778775300,2282.0,2301.2085714285713,2272.3957142857143,SL,-1.0475204521790866,0.008417428321021691,1,0.2280285035629437,2.344722414054668
HYPEUSDT,SHORT,1778805000,1778807700,44.84,45.52285714285715,44.49857142857143,SL,-1.026266108786611,0.015228749840703456,1,0.042505592841164605,2.0273164724982897
ADAUSDT,LONG,1778810400,1778821200,0.2702,0.2675285714285714,0.27153571428571427,SL,-1.0404577540106947,0.009886856296923,1,0.15000000000000047,-2.1004858008243965
AVAXUSDT,LONG,1778810400,1778814000,9.866,9.780285714285714,9.908857142857142,TP2,0.4539586666666665,0.008687845703860268,1,0.21739130434782963,-2.135714705637753
LINKUSDT,LONG,1778810400,1778821200,10.431,10.335285714285714,10.478857142857143,SL,-1.0435922388059702,0.00917594532780035,1,0.2532751091703019,-2.4799109134838204
SUIUSDT,LONG,1778816700,1778823900,1.1746,1.1573000000000002,1.1832500000000001,SL,-1.0271583815028902,0.014728418184913982,1,0.272727272727271,-2.268359708898534
HYPEUSDT,LONG,1778895000,1778899500,43.55,42.995714285714286,43.82714285714285,SL,-1.0314278350515464,0.012727570936526168,1,0.24489795918367327,-3.002095303467866
ZECUSDT,LONG,1778895000,1778895900,509.62,503.7142857142857,512.5728571428572,TP2,0.46548292210934183,0.011588466476422154,1,0.13268608414239363,-3.2414322869106145
LABUSDT,SHORT,1778896800,1778909400,4.9031,5.204657142857143,4.752321428571429,SL,-1.0065037093183002,0.061503363761119055,1,0.26571282575370453,2.4032547785249876
NEARUSDT,SHORT,1778902200,1778904900,1.549,1.5618571428571428,1.5425714285714285,TP2,0.45180888888888904,0.008300285898736541,1,0.16279069767441645,2.485184431566455
BILLUSDT,LONG,1778906700,1778911200,0.16211,0.15256714285714285,0.16688142857142857,TP2,0.4932049700598788,0.05886655445596907,1,0.273154677950164,-2.3882932507068197
NEARUSDT,LONG,1778906700,1778912100,1.528,1.5111428571428571,1.5364285714285715,SL,-1.0362576271186439,0.011032161555721795,1,0.2580645161290313,-2.559112327589467
SUIUSDT,LONG,1778911200,1778913000,1.0788,1.0695999999999999,1.0834,SL,-1.0469043478260869,0.00852799406748239,1,0.29353233830846165,-2.268081240176594
LABUSDT,LONG,1778915700,1778916600,4.6345,4.348171428571429,4.777664285714286,TP2,0.4935256199171781,0.06178197678898944,1,0.16261122923064822,-2.4641954747922656
BILLUSDT,SHORT,1778916600,1778917500,0.18036,0.19259285714285712,0.17424357142857141,TP2,0.49410244073338894,0.06782466812406929,1,0.12298352124891597,2.6542865199777155
BILLUSDT,LONG,1778925600,1778935500,0.1491,0.13410857142857144,0.1565957142857143,TP2,0.4960217267009729,0.10054613394653639,1,0.17686874632136543,-2.1917366723929304
LABUSDT,SHORT,1778939100,1778941800,4.822,5.017828571428572,4.724085714285715,TP2,0.49015056901079435,0.04061148308348642,1,0.18923860519785773,2.0501023043855975
LABUSDT,LONG,1778943600,1778945400,4.5706,4.347071428571429,4.682364285714286,TP2,0.4918210008308322,0.048905739165223706,1,0.22388535031847107,-2.49626051185293
SUIUSDT,SHORT,1778947200,1778949900,1.0661,1.0774857142857144,1.0604071428571429,TP2,0.4625460476787953,0.010679780776394556,1,0.2660194174757274,2.190406795248371
TAOUSDT,SHORT,1778949000,1778949900,273.9,276.2,272.75,TP2,0.45236521739129204,0.008397225264695158,1,0.15151515151515185,2.152415791799238
HYPEUSDT,LONG,1778949900,1778950800,40.65,40.19571428571429,40.87714285714286,TP2,0.464207547169819,0.011175540326831815,1,0.08823529411764695,-2.1466502151993603
ZECUSDT,SHORT,1778952600,1778980500,510.38,517.4414285714286,506.8492857142857,TP2,0.47108913615213427,0.013835629474957005,1,0.27045938545786385,3.2189191367201944
BILLUSDT,SHORT,1778957100,1778959800,0.1507,0.15830714285714287,0.14689642857142857,TP2,0.49207586854460095,0.05047871836193006,1,0.07701637355973352,2.2012818036927673
HYPEUSDT,SHORT,1778958000,1778966100,41.47,41.93714285714285,41.23642857142857,SL,-1.0355094801223244,0.01126459747149396,1,0.19634703196346975,2.9048147006976626
LABUSDT,LONG,1778967900,1778969700,4.5698,4.457542857142857,4.625928571428571,SL,-1.0162833290913718,0.02456500128170661,1,0.2589718719689606,-3.1273362676135963
BILLUSDT,LONG,1778975100,1778977800,0.14267,0.13778285714285712,0.14511357142857143,TP2,0.4883228295819936,0.03425487388478907,1,0.2494341330918956,-2.0639940120286617
HYPEUSDT,LONG,1778981400,1778987700,41.54,41.12,41.75,TP2,0.4604380952380951,0.010110736639383694,1,0.22222222222222607,-2.872856610331127
HYPEUSDT,SHORT,1778989500,1778992200,42.29,42.832857142857144,42.01857142857143,TP2,0.46883894736842097,0.012836536837482655,1,0.26373626373626197,2.509079832287663
NEARUSDT,SHORT,1778992200,1778994900,1.511,1.5259999999999998,1.5034999999999998,SL,-1.0402933333333335,0.009927200529450673,1,0.22033898305084515,2.085936659381818
SEIUSDT,SHORT,1778992200,1779003900,0.06292,0.06343571428571429,0.06266214285714286,SL,-1.0488022160664818,0.00819634910544005,1,0.098360655737701,2.081557137403034
TAOUSDT,SHORT,1778994900,1778996700,272.7,275.4285714285714,271.3357142857143,TP2,0.46002303664921435,0.010005762481009928,1,0.014925373134327345,2.3531598880453695
BILLUSDT,LONG,1778996700,1779002100,0.13216,0.1267242857142857,0.13487785714285713,TP2,0.4902746911957925,0.041129799377378075,1,0.2581577860388268,-2.2658319391371937
BILLUSDT,SHORT,1779009300,1779016500,0.13925,0.14661000000000002,0.13557000000000002,SL,-1.0075679347826088,0.05285457809694788,1,0.027740189445195757,2.1486284184623647
NEARUSDT,SHORT,1779010200,1779014700,1.543,1.5568571428571427,1.5360714285714285,SL,-1.0445402061855669,0.008980649939820406,1,0.295774647887326,2.4344614483314935
SUIUSDT,SHORT,1779010200,1779013800,1.0801,1.0892714285714284,1.0755142857142859,SL,-1.0471071651090347,0.008491277262687233,1,0.22645290581162375,2.557971943639421
TAOUSDT,SHORT,1779014700,1779016500,273.6,276.0714285714286,272.36428571428576,TP2,0.45571791907513304,0.009032999164578117,1,0.2241379310344783,2.4303927026944954
BILLUSDT,LONG,1779062400,1779069600,0.1563,0.14827285714285715,0.16031357142857142,TP2,0.49221142552055525,0.05135727995612829,1,0.07112750263435154,-2.416749272298203
XRPUSDT,LONG,1779063300,1779106500,1.394,1.3745714285714283,1.4037142857142857,EXPIRED,-0.028699999999999833,0.013937282229965238,1,0.27027027027027106,-2.002267317358846
ZECUSDT,SHORT,1779077700,1779084000,538.21,551.0628571428572,531.7835714285715,TP2,0.48325010559075243,0.02388074755737933,1,0.010501050105011206,2.373547960876459
BILLUSDT,SHORT,1779079500,1779080400,0.16076,0.16803999999999997,0.15711999999999998,TP2,0.49116703296703484,0.045284896740482666,1,0.14341463414634073,2.2152768495758766
LABUSDT,SHORT,1779079500,1779101100,4.6378,4.914914285714286,4.499242857142858,SL,-1.0066944221053717,0.05975123673170152,1,0.23351625849782934,2.198001209061055
BILLUSDT,LONG,1779083100,1779087600,0.14538,0.13656000000000001,0.14979,SL,-1.0065931972789115,0.060668592653734976,1,0.2026901669758806,-3.024135477442106
DOTUSDT,LONG,1779083100,1779085800,1.23,1.2188571428571429,1.2355714285714285,SL,-1.0441538461538462,0.00905923344947736,1,0.28301886792452796,-2.2012550279485867
HYPEUSDT,LONG,1779088500,1779090300,44.89,44.199999999999996,45.235,TP2,0.4739768115941978,0.01537090666072626,1,0.26415094339622763,-2.511372986264953
NEARUSDT,SHORT,1779101100,1779102900,1.512,1.5305714285714287,1.5027142857142857,TP2,0.4674338461538463,0.012282690854119479,1,0.1086956521739133,2.5556095575802056
ZECUSDT,LONG,1779101100,1779106500,521.0,511.1342857142857,525.9328571428572,TP2,0.4788763394150044,0.018936111872772186,1,0.2576601671309195,-2.0746140348163067
AAVEUSDT,SHORT,1779104700,1779105600,89.47,90.25714285714285,89.07642857142856,TP2,0.4545343012704265,0.00879784125564835,1,0.28997289972899787,3.82128868197776
ADAUSDT,SHORT,1779104700,1779105600,0.2514,0.2535428571428571,0.25032857142857146,TP2,0.45307199999999986,0.008523695874531173,1,0.200000000000001,3.075120564575475
SUIUSDT,SHORT,1779104700,1779108300,1.0473,1.0589285714285712,1.0414857142857141,SL,-1.0360250614250615,0.011103381484361137,1,0.26838966202783104,3.5125156812336367
LINKUSDT,SHORT,1779106500,1779111900,9.541,9.617428571428572,9.502785714285714,TP2,0.45006579439252353,0.008010540973542785,1,0.17026378896882582,2.20093734309499
BILLUSDT,SHORT,1779107400,1779111900,0.1519,0.16128285714285714,0.14720857142857144,SL,-1.0064756394640682,0.061769961440797556,1,0.285186429291232,2.4844730133589583
HYPEUSDT,SHORT,1779110100,1779111900,46.11,46.81142857142857,45.75928571428571,TP2,0.47370509164969965,0.015212070514607937,1,0.237179487179488,2.4406144136376153
HYPEUSDT,LONG,1779116400,1779119100,44.69,43.67571428571428,45.19714285714286,TP2,0.4823757746478874,0.022696032989163492,1,0.17333333333333262,-2.4212591221058424
XLMUSDT,LONG,1779118200,1779120000,0.1455,0.14394285714285712,0.14627857142857142,TP2,0.46262385321100913,0.010702012763868427,1,0.12820512820512783,-2.0070335393950383
NEARUSDT,SHORT,1779125400,1779127200,1.554,1.5788571428571427,1.5415714285714286,TP2,0.4749931034482802,0.015995587424158804,1,0.17557251908396818,2.6192789967446264
LINKUSDT,LONG,1779129000,1779131700,9.35,9.252999999999998,9.3985,TP2,0.4614432989690724,0.010374331550802198,1,0.25225225225225,-2.100765049492835
TAOUSDT,LONG,1779129000,1779131700,255.5,252.6,256.95,TP2,0.46475862068965035,0.011350293542074386,1,0.25352112676056415,-2.180933756621942
XRPUSDT,LONG,1779129000,1779131700,1.368,1.3542857142857145,1.374857142857143,TP2,0.4601000000000078,0.010025062656641518,1,0.2542372881355937,-2.1019361705168995
AAVEUSDT,SHORT,1779133500,1779142500,88.72,89.78428571428572,88.18785714285714,SL,-1.0333444295302012,0.011996006698441374,1,0.1481481481481463,2.4404463777014658
ADAUSDT,SHORT,1779133500,1779150600,0.2504,0.25305714285714287,0.24907142857142858,SL,-1.037694623655914,0.010611592879963473,1,0.21428571428571344,2.092257621751047
AVAXUSDT,SHORT,1779133500,1779143400,9.168,9.264142857142856,9.119928571428572,SL,-1.0381432392273406,0.010486786337571597,1,0.2007722007722031,2.1567121140910226
BILLUSDT,LONG,1779153300,1779154200,0.14823,0.1428357142857143,0.15092714285714287,SL,-1.0109916313559322,0.036391322365821474,1,0.20850367947669654,-2.4248796099124417
AAVEUSDT,LONG,1779156900,1779176700,89.12,88.36571428571429,89.49714285714286,TP2,0.45273939393939383,0.008463708643241835,1,0.05949008498583745,-2.0494899603438115
SUIUSDT,SHORT,1779172200,1779174900,1.0789,1.0922857142857143,1.0722071428571427,TP2,0.46775965848453355,0.012406816466506937,1,0.2981927710843369,2.6501230235688924
TAOUSDT,SHORT,1779173100,1779174900,263.8,266.6,262.4,TP2,0.46231428571429595,0.010614101592115281,1,0.21167883211679098,2.2247990935819306
NEARUSDT,SHORT,1779174000,1779176700,1.641,1.6665714285714286,1.6282142857142858,SL,-1.0256692737430169,0.015582832767476282,1,0.2500000000000009,3.0880980934048563
HYPEUSDT,SHORT,1779175800,1779177600,48.34,49.05857142857143,47.980714285714285,TP2,0.47309105367793747,0.014864944736686609,1,0.2826086956521737,2.520217003773596
XRPUSDT,SHORT,1779176700,1779178500,1.387,1.3981428571428571,1.3814285714285715,TP2,0.45021025641025675,0.008033783087856681,1,0.2,2.041241452319281
DOTUSDT,LONG,1779183000,1779191100,1.236,1.2252857142857145,1.2413571428571428,SL,-1.0461440000000006,0.008668515950069214,1,0.2727272727272755,-3.260670691059932
LINKUSDT,LONG,1779183000,1779192900,9.608,9.515857142857143,9.654071428571429,SL,-1.0417091472868218,0.009590222433686207,1,0.22790697674419078,-3.1486446392490075
SEIUSDT,LONG,1779183000,1779184800,0.06046,0.05990714285714285,0.06073642857142857,TP2,0.45625633074935423,0.009144180331742403,1,0.22058823529411573,-2.7381205198656278
AAVEUSDT,LONG,1779187500,1779188400,88.16,87.43285714285715,88.52357142857143,TP2,0.4515033398821313,0.008247990666320934,1,0.2760736196319012,-2.245006085186111
HYPEUSDT,SHORT,1779188400,1779190200,48.34,49.09571428571429,47.96214285714286,TP2,0.47441361058601605,0.01563331166144573,1,0.15500000000000114,2.0832348621823154
HYPEUSDT,LONG,1779192900,1779195600,47.4,46.58857142857143,47.80571428571429,TP2,0.47663380281690576,0.017118746232670304,1,0.2330827067669171,-2.2862661171589354
SUIUSDT,SHORT,1779199200,1779200100,1.0751,1.090142857142857,1.0675785714285715,TP2,0.47141234567900486,0.013992053895318672,1,0.0781758957654705,2.3070410335753673
AAVEUSDT,LONG,1779201000,1779203700,87.94,87.2,88.31,TP2,0.45246486486487447,0.008414828292017297,1,0.23127035830618847,-2.0135285899603224
XRPUSDT,LONG,1779201000,1779210900,1.368,1.3561428571428573,1.3739285714285714,TP2,0.45385060240962855,0.0086675020885546,1,0.1739130434782617,-2.0714198371754833
LABUSDT,LONG,1779202800,1779203700,4.1061,3.791228571428571,4.263535714285714,SL,-1.005216224309242,0.07668381884791621,1,0.1686065846358496,-2.2226722177671143
DOTUSDT,LONG,1779204600,1779209100,1.223,1.2104285714285716,1.2292857142857143,TP2,0.46108636363636357,0.010279172993809118,1,0.16279069767442075,-2.105903548345473
SEIUSDT,LONG,1779204600,1779209100,0.05997,0.05935714285714286,0.06027642857142858,TP2,0.460858741258747,0.010219395411991732,1,0.1982378854625533,-2.141514169338135
AAVEUSDT,SHORT,1779209100,1779217200,88.65,89.53571428571429,88.20714285714287,TP2,0.4599645161290241,0.009991136894690176,1,0.17687074829932506,2.041102009362499
ZECUSDT,SHORT,1779209100,1779213600,568.52,580.1228571428571,562.7185714285714,SL,-1.0195993105146517,0.020408881205335107,1,0.28161365399534644,2.177060764194094
AVAXUSDT,SHORT,1779210000,1779215400,9.159,9.233428571428572,9.121785714285714,TP2,0.45077696737045325,0.00812627704209753,1,0.15702479338843023,2.0490127631655675
SUIUSDT,LONG,1779229800,1779234300,1.0511,1.0419285714285713,1.0556857142857143,TP2,0.45415763239876633,0.00872555282221353,1,0.16260162601626207,-2.4337290201163047
BILLUSDT,SHORT,1779235200,1779237000,0.11194,0.11851142857142857,0.10865428571428572,TP2,0.4931862608695642,0.058704918451211126,1,0.08948106591865392,2.398018250988867
HYPEUSDT,LONG,1779236100,1779239700,47.45,46.81,47.77,TP2,0.4703437499999999,0.013487881981032615,1,0.2929292929292915,-2.5731068069246055
ZECUSDT,SHORT,1779239700,1779240600,578.7,588.0328571428572,574.0335714285715,TP2,0.4751973059849992,0.016127280357451413,1,0.14103677961193237,2.1534492931019122
XRPUSDT,LONG,1779240600,1779242400,1.348,1.336857142857143,1.3535714285714286,TP2,0.4516102564102567,0.008266214497668558,1,0.1904761904761915,-2.636499159785399
DOTUSDT,SHORT,1779247800,1779254100,1.229,1.2395714285714285,1.2237142857142858,SL,-1.0465027027027027,0.008601650587004515,1,0.1304347826086944,2.0309644128842934
SEIUSDT,SHORT,1779247800,1779252300,0.05998,0.06050285714285714,0.059718571428571426,TP2,0.45411366120218594,0.008717191444767328,1,0.2035398230088457,2.086304609424818
HYPEUSDT,SHORT,1779252300,1779266700,48.12,48.73714285714286,47.811428571428564,SL,-1.0311888888888887,0.012825080156751023,1,0.025641025641025175,2.0037450518934223
LABUSDT,LONG,1779252300,1779256800,4.2077,4.098971428571429,4.262064285714286,TP2,0.4845203521219288,0.02584038107007897,1,0.08930756055786736,-2.0179040972542537
NEARUSDT,SHORT,1779254100,1779255000,1.609,1.6244285714285716,1.6012857142857142,SL,-1.0417148148148145,0.00958891947083377,1,0.17460317460317729,2.3480609610477807
SUIUSDT,SHORT,1779255000,1779262200,1.0478,1.0572857142857144,1.043057142857143,SL,-1.0441843373493978,0.009052981757696369,1,0.2156862745098035,2.1019839197857646
BILLUSDT,SHORT,1779262200,1779266700,0.11364,0.11814285714285715,0.11138857142857143,TP2,0.48990507614213197,0.03962387489314628,1,0.23161967938087344,2.4309425802641123
HYPEUSDT,SHORT,1779271200,1779273000,48.95,49.48571428571429,48.682142857142864,SL,-1.0365493333333335,0.01094411206770751,1,0.201716738197427,2.02720356125745
BILLUSDT,SHORT,1779273900,1779274800,0.11764,0.12344571428571428,0.11473714285714286,TP2,0.49189488188976255,0.04935153252052264,1,0.2646828504306971,2.6169740073012613
LABUSDT,SHORT,1779275700,1779276600,4.2359,4.355957142857143,4.175871428571429,TP2,0.48588705378390873,0.028342770806001755,1,0.13092885375494032,2.5163081901918303
BILLUSDT,LONG,1779278400,1779296400,0.10247,0.09560714285714286,0.10590142857142858,SL,-1.0059724396336387,0.06697430606867513,1,0.2223738062755801,-2.8818995727346883
SUIUSDT,LONG,1779278400,1779281100,1.0518,1.0423857142857145,1.0565071428571429,TP2,0.45531047040971157,0.008950642436095923,1,0.028708133971288817,-2.123406780404579
NEARUSDT,SHORT,1779286500,1779289200,1.667,1.6932857142857145,1.653857142857143,SL,-1.0253673913043477,0.015768274916445352,1,0.22033898305084745,2.6005406323955085
SEIUSDT,SHORT,1779287400,1779298200,0.061,0.061567142857142855,0.06071642857142857,SL,-1.0430226700251888,0.009297423887587841,1,0.08247422680412433,2.0509586834953875
LABUSDT,LONG,1779288300,1779290100,4.0632,3.9377,4.1259500000000005,TP2,0.4870495617529898,0.03088698562709194,1,0.11317008603573868,-2.3523428614334336
SOLUSDT,SHORT,1779288300,1779291000,85.54,86.23714285714287,85.19142857142857,SL,-1.0490803278688523,0.0081499048064398,1,0.2627737226277387,3.043940884454286
AAVEUSDT,SHORT,1779291000,1779294600,88.64,89.58,88.17,TP2,0.4622808510638296,0.010604693140794175,1,0.19261213720316842,2.4720137433515044
DOTUSDT,SHORT,1779291900,1779294600,1.247,1.2604285714285715,1.2402857142857144,TP2,0.4628553191489362,0.010768702027723688,1,0.20754716981131824,2.0196011385881056
ETHUSDT,SHORT,1779298200,1779301800,2144.25,2164.7214285714285,2134.0142857142855,TP2,0.45810258199582415,0.009547127700328131,1,0.1701005025125616,2.0604575216176255
NEARUSDT,SHORT,1779313500,1779316200,1.719,1.7517142857142858,1.7026428571428571,TP2,0.4789816593886497,0.0190309980885897,1,0.20689655172413768,2.5150567932618006
DOTUSDT,LONG,1779315300,1779323400,1.245,1.233714285714286,1.2506428571428572,TP2,0.4558734177215187,0.009064830751577683,1,0.2,-2.060638531081805
SUIUSDT,SHORT,1779321600,1779323400,1.0792,1.0885571428571428,1.0745214285714284,SL,-1.046133740458015,0.00867044371492112,1,0.27804878048780635,2.4766012045898536
DOTUSDT,SHORT,1779325200,1779333300,1.259,1.269142857142857,1.2539285714285713,SL,-1.0496507042253522,0.008056280494723674,1,0.09090909090909091,2.1254184469860125
ZECUSDT,LONG,1779329700,1779330600,663.95,650.2714285714286,670.7892857142857,TP2,0.48058422976500886,0.02060180951663744,1,0.18226104485133401,-2.043561937901003
BILLUSDT,SHORT,1779335100,1779336000,0.0886,0.09269142857142856,0.08655428571428571,TP2,0.4913379888268173,0.04617865204772649,1,0.20393657736468015,2.005295153415887
LABUSDT,SHORT,1779336900,1779340500,4.5868,4.760542857142857,4.499928571428572,TP2,0.48944002631146194,0.03787888225840615,1,0.18138041733547303,2.7308404463722478
HYPEUSDT,SHORT,1779347700,1779350400,57.13,58.118571428571435,56.635714285714286,SL,-1.0231161849710981,0.017303893376009623,1,0.2860520094562652,2.305243615002628
LABUSDT,LONG,1779354000,1779355800,4.3608,4.222671428571428,4.429864285714286,TP2,0.4873717654359293,0.03167505307020997,1,0.2806714391508268,-2.045937688960782
SEIUSDT,LONG,1779359400,1779372900,0.06143,0.06083857142857142,0.06172571428571429,TP2,0.45845314009661864,0.009627683077137801,1,0.17834394904458734,-2.055366217564601
ZECUSDT,LONG,1779359400,1779368400,658.31,646.592857142857,664.1685714285713,TP2,0.4775266032674909,0.01779882252607868,1,0.27495086263376445,-3.012375745427023
ADAUSDT,LONG,1779360300,1779363000,0.2465,0.24447142857142856,0.24751428571428571,TP2,0.45139436619718315,0.008229498696030147,1,0.2765957446808512,-2.228983509871307
HYPEUSDT,SHORT,1779372000,1779374700,59.4,60.88,58.66,SL,-1.0160540540540541,0.02491582491582493,1,0.13294797687861348,2.0113926262680555
LINKUSDT,SHORT,1779376500,1779384600,9.626,9.722285714285713,9.577857142857143,SL,-1.0399893175074186,0.010002671336558692,1,0.16908212560386482,2.031225980178128
NEARUSDT,SHORT,1779376500,1779377400,1.774,1.8067142857142857,1.7576428571428573,SL,-1.0216908296943232,0.01844097278144626,1,0.22077922077921966,2.9951290761832072
SEIUSDT,SHORT,1779376500,1779384600,0.0619,0.06261571428571427,0.06154214285714285,SL,-1.0345948103792415,0.011562427879067607,1,0.1428571428571441,2.622460918937403
LABUSDT,LONG,1779378300,1779380100,4.4326,4.309471428571428,4.494164285714286,TP2,0.48560009281819233,0.027777956826370777,1,0.09206618582944459,-2.1755725389629728
DOTUSDT,SHORT,1779383700,1779386400,1.263,1.2792857142857141,1.254857142857143,SL,-1.0310210526315793,0.012894468951475965,1,0.1891891891891879,2.1431745361275745
AAVEUSDT,SHORT,1779385500,1779390000,89.37,90.2957142857143,88.90714285714286,TP2,0.4613833333333334,0.010358221838584404,1,0.29184549356223094,2.33721838257705
TAOUSDT,SHORT,1779385500,1779390000,286.2,291.07142857142856,283.7642857142857,TP2,0.47649970674487396,0.017021064190875523,1,0.2699619771863131,2.552292997997115
TAOUSDT,LONG,1779408900,1779415200,277.8,275.01428571428573,279.1928571428572,TP2,0.46011076923077954,0.010027769207034895,1,0.26666666666666794,-2.086087794185321
NEARUSDT,SHORT,1779411600,1779414300,1.977,2.028571428571429,1.9512142857142858,SL,-1.0153340720221606,0.02608569983380305,1,0.26424870466321254,2.5912981542160565
DOTUSDT,SHORT,1779417900,1779418800,1.306,1.3198571428571428,1.2990714285714287,TP2,0.46230103092783514,0.010610369722161474,1,0.14285714285714157,2.398442004305399
LABUSDT,LONG,1779419700,1779422400,4.4392,4.362614285714286,4.477492857142856,TP2,0.47681447491139123,0.017252143243312718,1,0.2226865671641804,-2.459521838776609
LABUSDT,SHORT,1779423300,1779424200,4.558,4.639957142857142,4.517021428571429,SL,-1.022245773052118,0.01798094402306764,1,0.15288220551378465,2.3608481179123624
SEIUSDT,SHORT,1779423300,1779426000,0.0639,0.06443,0.063635,TP2,0.45177358490566116,0.008294209702660543,1,0.1986531986532029,2.015561991979088
TAOUSDT,SHORT,1779423300,1779432300,282.1,284.95714285714286,280.67142857142863,TP2,0.4605059999999896,0.010128120727198953,1,0.2413793103448269,2.228355492392856
BILLUSDT,LONG,1779427800,1779430500,0.07446,0.07029,0.076545,SL,-1.0071424460431655,0.05600322320709102,1,0.069107551487414,-2.0878393040312226
HYPEUSDT,LONG,1779433200,1779434100,57.15,56.26714285714286,57.59142857142857,TP2,0.4741067961165088,0.01544806899137606,1,0.23428571428571485,-2.464286446955639
ZECUSDT,LONG,1779433200,1779435900,652.02,645.3085714285714,655.3757142857143,TP2,0.4611397190293741,0.010293286358437714,1,0.20394960844398838,-2.0631498443912513
SEIUSDT,LONG,1779434100,1779435000,0.06311,0.06251285714285713,0.06340857142857143,TP2,0.4577253588516632,0.009461937207144028,1,0.06666666666666667,-2.1795755633596374
DOTUSDT,SHORT,1779438600,1779439500,1.334,1.3524285714285715,1.3247857142857145,TP2,0.4710449612403041,0.013814521310773209,1,0.20987654320987315,2.333400781434427
SEIUSDT,SHORT,1779438600,1779439500,0.06424,0.06494571428571429,0.06388714285714286,TP2,0.46358866396761145,0.010985589752713071,1,0.1920903954802259,2.043279947494467
HYPEUSDT,SHORT,1779440400,1779451200,59.22,60.47142857142857,58.59428571428571,SL,-1.0189287671232876,0.02113185699811839,1,0.26770293609671836,2.012059625686164
AVAXUSDT,LONG,1779444900,1779448500,9.473,9.396857142857144,9.511071428571428,TP2,0.45023564727953785,0.008037882101008847,1,0.1833910034602045,-2.118237554592468
SUIUSDT,SHORT,1779448500,1779449400,1.1116,1.1280428571428571,1.1033785714285713,TP2,0.4729584708948741,0.014792062920886266,1,0.13058419243986052,2.0907092096830064
TAOUSDT,SHORT,1779449400,1779451200,285.4,289.4428571428571,283.3785714285714,SL,-1.0282374558303886,0.014165582140354396,1,0.1714285714285725,2.075446920467669
AAVEUSDT,SHORT,1779451200,1779454800,88.52,89.24857142857142,88.15571428571428,SL,-1.0485992156862747,0.008230585501258764,1,0.20710059171598005,2.3753311151062357
LABUSDT,LONG,1779451200,1779458400,4.6243,4.4711428571428575,4.7008785714285715,SL,-1.012077268911482,0.033120070682512534,1,0.12355686563498029,-2.190209666086068
SEIUSDT,SHORT,1779453900,1779457500,0.06476,0.06556999999999999,0.064355,TP2,0.4680197530864282,0.012507720815318056,1,0.23245614035087653,2.1169817319752555
DOTUSDT,SHORT,1779454800,1779456600,1.345,1.3614285714285714,1.3367857142857142,TP2,0.46725217391304336,0.012214551248008451,1,0.25581395348837077,3.2466622064191126
ADAUSDT,LONG,1779494400,1779498000,0.2422,0.2399285714285714,0.2433357142857143,TP2,0.45734842767295614,0.009378317801108914,1,0.17037037037036962,-2.682634759410605
LINKUSDT,LONG,1779494400,1779517800,9.411,9.318999999999999,9.456999999999999,SL,-1.040917391304348,0.009775794283285491,1,0.20812182741117025,-2.342309579957895
XLMUSDT,LONG,1779494400,1779497100,0.1433,0.14212857142857144,0.14388571428571428,TP2,0.45106829268291493,0.008174658558468733,1,0.2615384615384635,-2.6567228121557886
LABUSDT,SHORT,1779499800,1779501600,4.7517,4.841057142857142,4.707021428571428,SL,-1.0212705995203837,0.01880529975738006,1,0.15139773041793358,2.7479658856010056
BILLUSDT,SHORT,1779500700,1779503400,0.09164,0.09708428571428572,0.08891785714285715,TP2,0.49326706901075706,0.05940949055309602,1,0.1268177206628336,2.0615608365174865
ZECUSDT,SHORT,1779506100,1779510600,604.53,615.7285714285714,598.9307142857143,TP2,0.4784068886337492,0.018524426295752724,1,0.2008342022940565,2.033726577703669
HYPEUSDT,SHORT,1779508800,1779510600,55.93,56.931428571428576,55.42928571428571,TP2,0.47765991440798866,0.017905034354167248,1,0.10661764705882326,2.3148960585276557
NEARUSDT,LONG,1779512400,1779515100,2.063,2.0162857142857145,2.086357142857143,TP2,0.4823351681957187,0.02264386122844687,1,0.07806691449814036,-2.037029838486956
SUIUSDT,LONG,1779512400,1779518700,1.0361,1.0270000000000001,1.04065,SL,-1.0455428571428573,0.008782936010037592,1,0.2524271844660205,-2.3540019946711728
LABUSDT,LONG,1779516000,1779526800,4.571,4.405214285714285,4.653892857142857,TP2,0.4889713054717794,0.036269025221114505,1,0.16901955705219443,-2.3846529036996187
BILLUSDT,LONG,1779518700,1779531300,0.08318,0.07582571428571429,0.08685714285714285,TP2,0.49547583527583433,0.08841411053481263,1,0.2541371158392433,-2.377582004229299
TAOUSDT,LONG,1779520500,1779523200,262.8,260.45714285714286,263.9714285714286,SL,-1.044868292682927,0.008914981517721231,1,0.15151515151514838,-2.1208592677247404
LABUSDT,LONG,1779582600,1779585300,4.2945,4.195500000000001,4.344,TP2,0.4826484848484892,0.023052741879147673,1,0.1484637232119811,-2.295992464163227
HYPEUSDT,SHORT,1779584400,1779586200,59.87,60.92857142857142,59.340714285714284,SL,-1.0226229419703103,0.017681166336586392,1,0.24825174825174706,2.0534463953090056
BILLUSDT,LONG,1779590700,1779600600,0.0949,0.09058285714285715,0.09705857142857142,TP2,0.4912071475843812,0.0454914948065633,1,0.012575177692728702,-2.2406534179474775
DOTUSDT,LONG,1779594300,1779596100,1.282,1.2711428571428571,1.2874285714285714,TP2,0.4527684210526213,0.00846891018497881,1,0.2857142857142857,-2.3128994038585873
TAOUSDT,LONG,1779594300,1779596100,278.0,274.8285714285714,279.5857142857143,TP2,0.46493693693693694,0.01140801644398766,1,0.10948905109489106,-2.278055646473724
SUIUSDT,LONG,1779599700,1779606000,1.0563,1.0457,1.0616,TP2,0.46013962264151975,0.010035027927672038,1,0.17460317460317223,-2.302949492093537
NEARUSDT,LONG,1779600600,1779606000,2.35,2.2845714285714287,2.3827142857142856,TP2,0.48563318777292236,0.02784194528875373,1,0.23300970873786583,-2.3862027366160805
HYPEUSDT,SHORT,1779602400,1779603300,61.3,62.347142857142856,60.77642857142857,TP2,0.47658390177353344,0.017082265206245627,1,0.13426853707414754,2.3685941468994915
BILLUSDT,LONG,1779607800,1779609600,0.09278,0.08947142857142858,0.09443428571428572,TP2,0.48878307426597795,0.03566039478951744,1,0.16745655608214838,-2.294774149888769
ZECUSDT,LONG,1779607800,1779612300,628.94,620.2071428571429,633.3064285714286,TP2,0.4711920170129168,0.013885040135556876,1,0.12929707542329452,-2.2329794793504476
LABUSDT,LONG,1779608700,1779614100,4.216,4.116357142857144,4.265821428571429,TP2,0.4830755555555599,0.023634453781512535,1,0.21840193704600397,-2.259423860181017
BILLUSDT,SHORT,1779614100,1779615000,0.10264,0.10802999999999999,0.09994499999999999,TP2,0.49238293135436123,0.05251363990646916,1,0.2418096723868962,2.944788879443651
ZECUSDT,SHORT,1779615900,1779619500,644.31,654.8357142857143,639.0471428571428,TP2,0.4755148208469002,0.016336413039863284,1,0.12415856394914222,2.2305288370114376
SUIUSDT,LONG,1779625800,1779627600,1.0514,1.0400999999999998,1.0570499999999998,TP2,0.462782300884946,0.01074757466235498,1,0.1776859504132257,-2.6362783893174577
TAOUSDT,LONG,1779625800,1779629400,277.4,274.3428571428571,278.9285714285714,TP2,0.46370467289718703,0.01102070244103411,1,0.14925373134328257,-2.5123499316919076
NEARUSDT,SHORT,1779628500,1779633000,2.406,2.459857142857143,2.3790714285714287,TP2,0.4821305039787798,0.022384514903218106,1,0.137096774193548,2.1064804249315663
AAVEUSDT,LONG,1779632100,1779633000,85.53,84.65142857142857,85.96928571428572,SL,-1.0389404878048778,0.01027208498271289,1,0.29411764705882526,-3.0253811150170504
HYPEUSDT,LONG,1779633000,1779634800,62.31,60.754285714285714,63.087857142857146,TP2,0.48397906336088153,0.024967329252355747,1,0.2911392405063297,-2.0814338503834873
LABUSDT,SHORT,1779633900,1779640200,4.332,4.423742857142857,4.286128571428571,SL,-1.018887573964497,0.021177944862155414,1,0.1933372992266536,2.272465089367735
BILLUSDT,SHORT,1779636600,1779645600,0.10784,0.11364428571428571,0.10493785714285715,SL,-1.007431749938469,0.053823124205171664,1,0.2512943050577454,2.172395685162455
HYPEUSDT,SHORT,1779649200,1779652800,64.02,65.22714285714285,63.41642857142857,TP2,0.47878627218934905,0.01885571473200335,1,0.24031007751937902,2.03287106364901
SUIUSDT,LONG,1779650100,1779656400,1.038,1.0289857142857144,1.0425071428571429,SL,-1.0460602218700477,0.008684282961739601,1,0.05291005291005288,-2.089778510872094
LABUSDT,LONG,1779651000,1779659100,4.2998,4.200957142857143,4.349221428571429,TP2,0.4825994507876861,0.022987780162532518,1,0.08072981754561394,-2.237984924604588
BILLUSDT,SHORT,1779654600,1779660000,0.11697,0.12346285714285715,0.11372357142857144,TP2,0.4927939273927382,0.05550873850437844,1,0.2659909122684376,3.1357088249411245
HYPEUSDT,LONG,1779655500,1779665400,62.34,61.09,62.965,TP2,0.48005119999999996,0.020051331408405485,1,0.2749003984063738,-2.1714422702514735
NEARUSDT,SHORT,1779657300,1779658200,2.483,2.547142857142857,2.4509285714285713,TP2,0.4845158129175981,0.025832805937518022,1,0.26950354609929056,2.605426079696246
ZECUSDT,LONG,1779659100,1779660900,655.63,639.97,663.46,TP2,0.48325338441890536,0.023885423180757464,1,0.2432432432432437,-2.1851298988931456
HYPEUSDT,LONG,1779674400,1779675300,60.96,59.73285714285714,61.57357142857143,TP2,0.48012945285215075,0.02013029621297337,1,0.2429022082018933,-2.269695124572713
NEARUSDT,LONG,1779677100,1779685200,2.353,2.285,2.387,TP2,0.4861588235294085,0.02889927751806199,1,0.11309523809523758,-2.0905952559084398
TAOUSDT,LONG,1779678900,1779684300,271.4,268.3285714285714,272.93571428571425,TP2,0.46465488372093006,0.011316980734814132,1,0.15294117647058958,-2.543953245090742
SEIUSDT,SHORT,1779684300,1779687900,0.06128,0.06179428571428572,0.06102285714285714,SL,-1.047662222222222,0.008392390898918344,1,0.18571428571428533,2.2220858132425785
HYPEUSDT,SHORT,1779685200,1779687900,62.74,63.89142857142858,62.16428571428572,TP2,0.4782044665012376,0.018352383988341932,1,0.05394190871369393,2.2559719074722384
SOLUSDT,SHORT,1779685200,1779728400,85.79,86.50142857142858,85.43428571428572,EXPIRED,-0.6667092369477892,0.008292674803923207,1,0.13043478260869423,2.0743896195464457
SUIUSDT,SHORT,1779688800,1779690600,1.0449,1.0556285714285714,1.0395357142857142,TP2,0.46104234354194407,0.010267558071175636,1,0.2382608695652159,2.330549918072215
BILLUSDT,SHORT,1779690600,1779693300,0.1149,0.11899285714285714,0.11285357142857143,SL,-1.0112293193717277,0.03562103692651993,1,0.1184727681078047,2.2674028398297423
NEARUSDT,SHORT,1779699600,1779700500,2.414,2.4644285714285714,2.3887857142857145,TP2,0.48085212464589233,0.020890046159308777,1,0.2764227642276422,2.3087413480833177
LABUSDT,LONG,1779703200,1779705900,4.2135,4.150042857142857,4.245228571428571,SL,-1.0265596578117964,0.015060434996355265,1,0.29876699336073187,-2.177806141374463
ZECUSDT,SHORT,1779704100,1779707700,666.47,676.0185714285715,661.6957142857143,TP2,0.4720808497905446,0.014327083632528746,1,0.13799061960009917,2.639025777456461
SUIUSDT,SHORT,1779705000,1779707700,1.0453,1.0541,1.0409,TP2,0.4524863636363513,0.00841863579833545,1,0.08837209302325702,2.219333708526875
BILLUSDT,SHORT,1779709500,1779713100,0.122,0.12671142857142856,0.11964428571428572,TP2,0.4896422073984233,0.03861826697892273,1,0.2509293680297399,2.333257343259171
XLMUSDT,LONG,1779712200,1779719400,0.1501,0.14862857142857144,0.1508357142857143,TP2,0.45919611650485437,0.0098029884838679,1,0.27499999999999913,-2.3647725123704406
HYPEUSDT,LONG,1779714000,1779717600,62.65,61.64285714285714,63.153571428571425,TP2,0.4751177304964504,0.016075704024626634,1,0.11150442477876155,-2.2839960147105907
BILLUSDT,LONG,1779717600,1779720300,0.11324,0.10688571428571428,0.11641714285714286,SL,-1.007128417266187,0.056113437957309394,1,0.2806246949731573,-3.184894157321694
DOTUSDT,SHORT,1779718500,1779728400,1.275,1.2855714285714286,1.2697142857142856,SL,-1.0482432432432431,0.008291316526610653,1,0.20754716981131824,2.4720661623652505
LABUSDT,SHORT,1779719400,1779722100,4.2848,4.4150857142857145,4.219657142857143,SL,-1.0131550877192983,0.030406486717166357,1,0.05377886132224361,2.384345213149148
HYPEUSDT,LONG,1779725700,1779742800,62.08,61.135714285714286,62.552142857142854,SL,-1.026297125567322,0.015210787923416805,1,0.15748031496063059,-2.518092031277601
TAOUSDT,LONG,1779725700,1779727500,276.5,273.2142857142857,278.14285714285717,TP2,0.4663391304347914,0.011883234306380839,1,0.10958904109589095,-2.474267636216195
ZECUSDT,LONG,1779732000,1779732900,663.25,650.4828571428571,669.6335714285714,TP2,0.4792200962291552,0.019249367293091332,1,0.2546835443037961,-2.067072071710502
TAOUSDT,SHORT,1779736500,1779737400,281.7,285.04285714285714,280.0285714285714,SL,-1.0337076923076922,0.011866727521679617,1,0.11111111111110863,2.4179076636214067
DOTUSDT,LONG,1779741900,1779745500,1.27,1.254857142857143,1.2775714285714286,TP2,0.4664528301886793,0.011923509561304847,1,0.2,-2.281071785429828
SEIUSDT,LONG,1779741900,1779746400,0.06207,0.06156428571428571,0.062322857142857145,TP2,0.4509050847457629,0.00814748325623148,1,0.14388489208632982,-2.562199490511429
NEARUSDT,SHORT,1779746400,1779749100,2.787,2.8642857142857143,2.748357142857143,TP2,0.4855756007393687,0.02773079091701266,1,0.0030395136778112054,2.002940059588263
HYPEUSDT,LONG,1779755400,1779756300,60.63,59.885714285714286,61.00214285714286,SL,-1.0325842610364684,0.0122758653189133,1,0.2878048780487823,-2.6556387524666594
ZECUSDT,LONG,1779756300,1779761700,640.61,628.9342857142857,646.4478571428572,SL,-1.0219467514988376,0.018225931980010178,1,0.28396672647202553,-2.2937416494451375
NEARUSDT,LONG,1779757200,1779764400,2.717,2.6461428571428574,2.7524285714285712,TP2,0.4846620967741904,0.02607918397392077,1,0.13931888544891602,-2.2425277006725826
TAOUSDT,LONG,1779759900,1779768900,275.4,270.57142857142856,277.8142857142857,TP2,0.477185798816568,0.017532939101566503,1,0.2513966480446931,-2.5430073049155872
BILLUSDT,LONG,1779763500,1779771600,0.08661,0.08351857142857144,0.0881557142857143,TP2,0.488793530499078,0.035693667837762,1,0.19636963696369686,-2.047892916102028
LABUSDT,SHORT,1779767100,1779771600,4.3873,4.482471428571428,4.339714285714285,SL,-1.018439567697388,0.02169248252260586,1,0.11759799833194355,2.2478634335813754
TAOUSDT,SHORT,1779769800,1779771600,281.9,286.7,279.5,SL,-1.0234916666666667,0.0170273146505853,1,0.11206896551724214,2.287745062315845
HYPEUSDT,SHORT,1779773400,1779779700,60.43,61.44714285714286,59.92142857142857,TP2,0.47623539325842695,0.016831753386444777,1,0.0878859857482179,2.0525756907623354
SUIUSDT,SHORT,1779773400,1779777000,1.0385,1.0488714285714285,1.0333142857142856,TP2,0.4599476584022145,0.009986931700942293,1,0.1735849056603752,2.221924607407338
DOTUSDT,SHORT,1779774300,1779777000,1.258,1.2694285714285714,1.2522857142857142,TP2,0.4559700000000094,0.009084714967067841,1,0.14285714285713833,2.2407401309971715
BILLUSDT,SHORT,1779778800,1779779700,0.08965,0.09291142857142856,0.0880192857142857,TP2,0.4890048182216403,0.03637957134889651,1,0.1264023934180998,2.4317315296567603
ZECUSDT,LONG,1779781500,1779787800,614.71,605.69,619.22,SL,-1.027259866962306,0.014673585918563168,1,0.29642635819045554,-2.0345755036221482
DOTUSDT,SHORT,1779790500,1779791400,1.266,1.2795714285714286,1.2592142857142858,SL,-1.0373136842105266,0.010719927781539077,1,0.21428571428571427,2.0706064151271457
AVAXUSDT,SHORT,1779791400,1779796800,9.418,9.499142857142857,9.37742857142857,TP2,0.4535732394366197,0.00861572065649364,1,0.2704714640198484,3.802353800614968
HYPEUSDT,SHORT,1779791400,1779795900,61.58,62.73428571428572,61.00285714285714,TP2,0.47866039603960403,0.018744490326172755,1,0.27586206896551685,3.0523850185365333
LINKUSDT,SHORT,1779792300,1779795000,9.631,9.728285714285715,9.582357142857143,TP2,0.460401174743025,0.010101309758666225,1,0.23440860215053858,2.7695795498288542
BILLUSDT,SHORT,1779804900,1779806700,0.09058,0.09294857142857142,0.08939571428571427,TP2,0.4847030156815469,0.026148944894804908,1,0.009689922480620424,2.3428158020040852
TAOUSDT,SHORT,1779805800,1779806700,290.9,296.5571428571428,288.07142857142856,TP2,0.47943131313131315,0.019447036291312687,1,0.1563636363636347,2.0218053914310166
LABUSDT,SHORT,1779807600,1779812100,4.6329,4.761728571428572,4.568485714285715,TP2,0.4856153027278741,0.027807328331837806,1,0.2941622441243369,2.280942046265336
SUIUSDT,LONG,1779809400,1779816600,1.0283,1.0099,1.0375,SL,-1.022354347826087,0.017893610813964768,1,0.29268292682926883,-2.4218031478891233
LINKUSDT,LONG,1779810300,1779822900,9.476,9.356428571428571,9.535785714285716,SL,-1.031699880525687,0.01261834408731836,1,0.2310606060606064,-2.1973545372024086
SOLUSDT,LONG,1779810300,1779816600,84.6,83.59571428571428,85.10214285714285,SL,-1.0336955903271694,0.011870989530563954,1,0.21927710843373532,-2.0274022681796526
SEIUSDT,LONG,1779817500,1779820200,0.06418,0.06257857142857143,0.06498071428571428,TP2,0.4839693131132874,0.02495214352490762,1,0.19878603945371653,-2.386520610967455
SEIUSDT,SHORT,1779831900,1779832800,0.06644,0.06757857142857142,0.06587071428571428,TP2,0.4766584692597299,0.017136836673260377,1,0.14002828854313887,2.1886494691157545
TAOUSDT,LONG,1779838200,1779841800,278.7,275.0571428571428,280.52142857142854,TP2,0.4693976470588157,0.01307089035829617,1,0.08670520231213838,-2.0379224440782893
NEARUSDT,LONG,1779840000,1779841800,2.551,2.4890000000000003,2.582,TP2,0.48354193548386726,0.024304194433555353,1,0.18248175182481743,-3.188720055063478
DOTUSDT,SHORT,1779841800,1779848100,1.257,1.2717142857142854,1.249642857142857,TP2,0.4658291262135994,0.011705875667689382,1,0.146666666666668,2.102480245584408
SEIUSDT,SHORT,1779842700,1779844500,0.06694,0.06824714285714285,0.06628642857142858,SL,-1.0204843715846994,0.019527081821673946,1,0.21643835616438328,2.020486171006112
TAOUSDT,SHORT,1779842700,1779845400,283.7,287.5142857142857,281.79285714285714,TP2,0.47024868913857676,0.01344478573946321,1,0.1037735849056623,2.4115792782339454
BILLUSDT,LONG,1779845400,1779849000,0.0886,0.08568857142857143,0.09005571428571428,SL,-1.012172718351325,0.03286036762334728,1,0.144827586206897,-2.487133833776613
ZECUSDT,LONG,1779849900,1779851700,563.89,551.9071428571428,569.8814285714286,TP2,0.4811767763471674,0.021250345178770936,1,0.22926649465536314,-2.2968907579569056
DOTUSDT,LONG,1779856200,1779858000,1.243,1.2302857142857144,1.2493571428571428,TP2,0.46089438202246297,0.010228709343753537,1,0.17241379310344776,-2.3634937526960336
SUIUSDT,LONG,1779856200,1779858000,0.9917,0.9814571428571429,0.9968214285714286,TP2,0.46127252440725786,0.01032858439332171,1,0.2653927813163477,-2.373764894816919
XLMUSDT,LONG,1779857100,1779858000,0.1463,0.14511428571428572,0.14689285714285716,TP2,0.4506457831325303,0.008104677277609636,1,0.2549019607843146,-3.1075403951557976
SEIUSDT,SHORT,1779858000,1779862500,0.0691,0.07084142857142857,0.0682292857142857,SL,-1.0158720262510255,0.025201571221831785,1,0.28106151990349737,2.382263857808878
LABUSDT,LONG,1779858900,1779861600,4.4439,4.372957142857143,4.479371428571429,SL,-1.0250562223117197,0.015964098459204077,1,0.19577579203899292,-2.0899013686840346
HYPEUSDT,SHORT,1779860700,1779867000,61.49,62.550000000000004,60.96,SL,-1.0232037735849056,0.017238575378110264,1,0.13948919449901717,2.357520281667127
DOTUSDT,SHORT,1779863400,1779873300,1.268,1.2832857142857141,1.260357142857143,TP2,0.4668186915887849,0.01205497972059481,1,0.16216216216216361,2.0096785811534215
ZECUSDT,SHORT,1779865200,1779873300,576.04,584.5257142857142,571.7971428571428,TP2,0.47284659932659934,0.014731119862707942,1,0.15261146496815398,2.0170523951346193
XLMUSDT,SHORT,1779929100,1779934500,0.1717,0.17747142857142856,0.1688142857142857,SL,-1.0119,0.03361344537815123,1,0.1843575418994412,2.2487279962361684
BILLUSDT,SHORT,1779930900,1779931800,0.08035,0.08201857142857144,0.07951571428571429,TP2,0.4807380136986302,0.020766290336918854,1,0.14219114219114246,2.3510055785956174
ADAUSDT,LONG,1779939000,1779940800,0.2345,0.23214285714285715,0.2356785714285714,SL,-1.0397939393939395,0.010051781906792526,1,0.294117647058821,-3.3930355664699565
AVAXUSDT,LONG,1779939000,1779940800,8.953,8.863999999999999,8.997499999999999,SL,-1.040238202247191,0.009940801965821502,1,0.23600973236009767,-3.1877275383552557
HYPEUSDT,LONG,1779939900,1779953400,57.47,56.48428571428571,57.96285714285714,TP2,0.4766788405797065,0.017151805911158596,1,0.1725888324873106,-2.6736706699751145
BILLUSDT,SHORT,1780012800,1780014600,0.08406,0.08641142857142857,0.08288428571428572,TP2,0.4857006075334114,0.027973216410047227,1,0.07717041800643094,2.9002599485971805
XLMUSDT,LONG,1780016400,1780024500,0.1975,0.18914285714285714,0.20167857142857143,TP2,0.4905470085470069,0.04231464737793857,1,0.10539845758354739,-2.414055561267942
HYPEUSDT,LONG,1780021800,1780024500,60.72,59.462857142857146,61.348571428571425,TP2,0.48067999999999994,0.020703933747411966,1,0.21555915721231833,-2.7230098174712376
DOTUSDT,LONG,1780023600,1780024500,1.203,1.1902857142857144,1.209357142857143,TP2,0.462152808988773,0.010568816055100393,1,0.26666666666666666,-2.5382038493906496
ZECUSDT,LONG,1780026300,1780034400,533.98,521.2042857142857,540.3678571428571,TP2,0.48328140445040374,0.023925454671924626,1,0.19165952584975574,-2.2442889282199747
SUIUSDT,LONG,1780027200,1780031700,0.9191,0.9090857142857143,0.9241071428571429,TP2,0.46328844507845934,0.010895752055582332,1,0.21367521367521408,-2.0049056139508354
AAVEUSDT,LONG,1780028100,1780029900,80.28,79.60857142857142,80.61571428571429,TP2,0.4521736170212766,0.008363584596768458,1,0.18333333333333268,-2.4668502717567473
LABUSDT,SHORT,1780030800,1780032600,4.4698,4.639871428571428,4.384764285714286,SL,-1.010512759344813,0.03804900187288658,1,0.12064777327935193,2.1438757567450413
NEARUSDT,SHORT,1780038900,1780040700,2.531,2.5832857142857146,2.504857142857143,TP2,0.48063715846994537,0.020658124964723176,1,0.09890109890109983,2.3266256823236993
SUIUSDT,LONG,1780040700,1780041600,0.9146,0.9058999999999999,0.9189499999999999,TP2,0.45794942528734994,0.00951235512792477,1,0.1123809523809527,-2.3305359812314035
HYPEUSDT,SHORT,1780041600,1780050600,62.85,63.77142857142857,62.38928571428572,TP2,0.4727162790697636,0.014660756904193648,1,0.18350515463917558,2.348045665034035
SEIUSDT,SHORT,1780043400,1780051500,0.0675,0.06852714285714287,0.06698642857142857,TP2,0.4737134909596663,0.01521693121693128,1,0.23277467411545585,2.4752590551701976
XLMUSDT,SHORT,1780044300,1780047000,0.2175,0.22847142857142858,0.2120142857142857,TP2,0.4920703125,0.050443349753694564,1,0.1688804554079701,2.30240130491712
BILLUSDT,SHORT,1780047900,1780056000,0.07237,0.07442571428571429,0.07134214285714287,TP2,0.4859182765809556,0.028405614007382663,1,0.0949074074074076,2.037280725002684
LABUSDT,SHORT,1780051500,1780054200,5.567,6.005271428571429,5.3478642857142855,SL,-1.0050808696502493,0.07872668018168284,1,0.20638669752940642,2.406282586376509
DOTUSDT,LONG,1780056900,1780065000,1.196,1.1847142857142856,1.201642857142857,SL,-1.0423898734177217,0.009436215957955057,1,0.2923076923076925,-2.353190813564339
HYPEUSDT,LONG,1780057800,1780061400,61.68,60.77285714285714,62.13357142857143,TP2,0.4728025196850394,0.014707244765610528,1,0.15306122448979595,-2.111870899454792
NEARUSDT,LONG,1780057800,1780064100,2.443,2.3761428571428573,2.4764285714285714,TP2,0.48538376068376066,0.027366820653762884,1,0.12499999999999982,-2.0542761499679876
HYPEUSDT,SHORT,1780066800,1780067700,63.52,65.2057142857143,62.67714285714286,SL,-1.0150725423728812,0.026538323137819383,1,0.17120000000000024,2.45729338910694
ETHUSDT,SHORT,1780067700,1780069500,2018.88,2041.0585714285717,2007.7907142857143,SL,-1.0364113623188405,0.010985581821887117,1,0.09723438868727514,2.0223319193911617
AAVEUSDT,SHORT,1780068600,1780072200,82.88,84.24142857142857,82.19928571428571,TP2,0.4756491080797482,0.016426503033645918,1,0.19223985890652553,2.528743187368687
DOTUSDT,SHORT,1780068600,1780081200,1.219,1.2407142857142859,1.2081428571428572,TP2,0.47754473684210524,0.01781319582796202,1,0.12643678160919428,2.3427536632667336
SEIUSDT,SHORT,1780099200,1780100100,0.06602,0.06693857142857143,0.06556071428571428,SL,-1.0287489891135302,0.013913532695719953,1,0.17916666666666872,2.0222842142923287
TAOUSDT,SHORT,1780100100,1780103700,251.9,255.34285714285716,250.17857142857144,TP2,0.4707336099585021,0.013667555152271306,1,0.1609195402298854,2.0472850607781923
ADAUSDT,SHORT,1780101900,1780105500,0.2346,0.23668571428571428,0.23355714285714285,SL,-1.0449917808219178,0.008890512726829863,1,0.1881188118811872,2.6224718283645467
AAVEUSDT,SHORT,1780103700,1780112700,83.29,83.97142857142858,82.94928571428572,TP2,0.4511085953878405,0.008181397183678338,1,0.21179624664879662,2.707032695634771
SUIUSDT,SHORT,1780104600,1780107300,0.9118,0.9195571428571429,0.9079214285714287,SL,-1.0470173112338859,0.008507504778616849,1,0.1902439024390234,2.0677342479995784
DOTUSDT,SHORT,1780106400,1780110900,1.209,1.2197142857142858,1.2036428571428572,SL,-1.0451359999999998,0.008862105636299206,1,0.18518518518518517,2.1505571774898407
LABUSDT,SHORT,1780108200,1780110900,6.6699,6.980328571428571,6.514685714285714,SL,-1.0085944408651635,0.04654171298348872,1,0.25281055467806357,2.063639624168924
HYPEUSDT,SHORT,1780185600,1780188300,68.31,69.2357142857143,67.84714285714286,SL,-1.0295166666666666,0.013551665725578806,1,0.02262443438913905,2.2663220660760532
BILLUSDT,SHORT,1780187400,1780189200,0.07421,0.07551714285714285,0.07355642857142856,SL,-1.0227090710382514,0.01761410668566037,1,0.19337016574585586,2.095745666893552
LABUSDT,SHORT,1780189200,1780190100,8.1597,8.453671428571429,8.012714285714287,TP2,0.4888972883662163,0.036027234894840325,1,0.29586757032327676,2.0302627241324207
TAOUSDT,SHORT,1780190100,1780198200,257.6,260.1,256.35,SL,-1.041216,0.009704968944099394,1,0.27419354838709753,2.2673766464259884
ZECUSDT,SHORT,1780191000,1780194600,540.93,549.3628571428571,536.7135714285714,TP2,0.47434179230898876,0.015589553441031476,1,0.2453062480763276,2.635100135970813
SUIUSDT,SHORT,1780193700,1780194600,0.9204,0.9296571428571428,0.9157714285714286,TP2,0.4602296296296298,0.01005773887129824,1,0.20091324200913233,2.180348623916481
NEARUSDT,SHORT,1780200000,1780201800,2.276,2.3084285714285713,2.259785714285714,SL,-1.0280740088105726,0.014248054230479505,1,0.06382978723404202,2.0908081763342947
SEIUSDT,SHORT,1780201800,1780204500,0.06683,0.06755142857142857,0.06646928571428572,SL,-1.0370542574257429,0.010794980868301171,1,0.28125000000000233,3.1110968766161844
HYPEUSDT,SHORT,1780203600,1780208100,69.83,70.87285714285714,69.30857142857143,TP2,0.47321589041095885,0.014934228023158249,1,0.1849192100538604,2.086956485934222
LABUSDT,SHORT,1780273800,1780276500,9.9282,10.605657142857144,9.589471428571429,SL,-1.0058620387162076,0.06823564622561419,1,0.24892942368670556,2.389046666411515
BILLUSDT,SHORT,1780278300,1780284600,0.08155,0.08352,0.080565,SL,-1.0165583756345178,0.024156958920907412,1,0.06944444444444355,2.549291546975644
ADAUSDT,LONG,1780279200,1780280100,0.2331,0.23097142857142858,0.2341642857142857,TP2,0.4561959731543624,0.009131580560151986,1,0.05617977528089916,-2.013428637227694
LINKUSDT,LONG,1780279200,1780280100,9.038,8.953142857142858,9.080428571428572,TP2,0.4573966329966332,0.00938892928271114,1,0.11168831168831342,-2.4488359533178365
SEIUSDT,LONG,1780279200,1780280100,0.06689,0.06558285714285715,0.06754357142857144,TP2,0.479530928961754,0.01954167823505543,1,0.1256454388984495,-2.238067821396613
AAVEUSDT,LONG,1780296300,1780297200,81.0,80.24285714285715,81.37857142857143,TP2,0.45720754716982087,0.009347442680776034,1,0.1379310344827591,-2.277044052349433
DOTUSDT,LONG,1780296300,1780316100,1.167,1.1507142857142858,1.1751428571428573,SL,-1.0286631578947367,0.013955196474476718,1,0.09589041095890302,-2.0899196566825817
LINKUSDT,LONG,1780296300,1780297200,8.97,8.883571428571429,9.013214285714286,TP2,0.45848595041321266,0.009635292243987846,1,0.15436241610738197,-2.193724223517622
XLMUSDT,LONG,1780299900,1780311600,0.2582,0.2478142857142857,0.26339285714285715,TP2,0.4900555708390673,0.04022352550625207,1,0.23333333333333386,-2.065553538340453
HYPEUSDT,LONG,1780307100,1780308000,71.86,70.36285714285714,72.60857142857142,TP2,0.4808007633587739,0.020834161663552182,1,0.257142857142857,-2.112132539698515
HYPEUSDT,SHORT,1780313400,1780316100,73.57,75.05571428571429,72.82714285714285,TP2,0.48019269230769235,0.020194566884793923,1,0.10259917920656632,2.164589517384824
AAVEUSDT,LONG,1780316100,1780317000,80.32,79.64714285714284,80.65642857142856,TP2,0.4522513800424527,0.008377205463858915,1,0.2500000000000021,-2.8152075715109395
SUIUSDT,LONG,1780316100,1780317000,0.872,0.8632428571428571,0.8763785714285715,TP2,0.46016965742251226,0.010042595019659244,1,0.08591065292096414,-2.0993425227442257
NEARUSDT,SHORT,1780317000,1780318800,2.393,2.464,2.3575,TP2,0.48651830985915184,0.02966987045549522,1,0.21739130434782644,3.1558369359652203
ADAUSDT,LONG,1780319700,1780320600,0.229,0.22677142857142857,0.23011428571428572,TP2,0.45889743589742993,0.009731752963194064,1,0.19540229885057142,-2.833739369834388
AVAXUSDT,LONG,1780319700,1780320600,8.769,8.683142857142858,8.811928571428572,TP2,0.45914608985025973,0.009790984474528735,1,0.02917771883289387,-2.3914848730602896
DOTUSDT,LONG,1780319700,1780322400,1.149,1.1348571428571428,1.1560714285714286,SL,-1.0324969696969697,0.012308839985080191,1,0.214285714285716,-2.1891248972766846
SOLUSDT,LONG,1780321500,1780322400,80.13,79.41857142857143,80.48571428571428,SL,-1.0450530120481927,0.00887842969460342,1,0.2903225806451629,-2.428070129692632
XRPUSDT,LONG,1780321500,1780325100,1.293,1.2811428571428571,1.2989285714285714,SL,-1.0436192771084338,0.009170257430118216,1,0.21951219512195333,-2.618939134218118
ETHUSDT,LONG,1780323300,1780328700,1968.32,1947.1471428571429,1978.9064285714285,TP2,0.46281427703933614,0.01075681654550946,1,0.28684935949408197,-2.183533895840455
HYPEUSDT,LONG,1780323300,1780327800,70.96,69.02285714285713,71.92857142857142,TP2,0.48534749262536503,0.027299081977774177,1,0.20819848975188832,-2.487425176306324
BILLUSDT,LONG,1780358400,1780364700,0.08902,0.08554,0.09076000000000001,TP2,0.489767816091956,0.03909233880026963,1,0.06496815286624247,-2.3057330445846644
ADAUSDT,LONG,1780363800,1780366500,0.2283,0.2260285714285714,0.2294357142857143,SL,-1.0402037735849055,0.009949314811338499,1,0.28155339805825097,-2.1209187262414626
AAVEUSDT,LONG,1780364700,1780366500,79.09,78.16571428571429,79.55214285714285,SL,-1.034227511591963,0.011686505427812771,1,0.29257641921397737,-2.1433496699048358
AVAXUSDT,LONG,1780365600,1780366500,8.771,8.672571428571429,8.820214285714286,SL,-1.0356441219158201,0.011222046679805201,1,0.27659574468084963,-2.8928777014096982
XLMUSDT,SHORT,1780446600,1780448400,0.228,0.23422857142857142,0.2248857142857143,TP2,0.4853577981651376,0.027318295739348335,1,0.2777777777777778,2.6224402724287454
ZECUSDT,SHORT,1780447500,1780449300,635.76,662.1714285714286,622.5542857142857,TP2,0.4903714409346603,0.04154308004817626,1,0.24140630095884122,2.346000029389355
BILLUSDT,SHORT,1780455600,1780469100,0.08459,0.08707714285714285,0.08334642857142857,SL,-1.0136043653072946,0.029402327191663986,1,0.14363143631436212,2.5054541902689635
BTCUSDT,LONG,1780457400,1780459200,66129.0,65430.25714285715,66478.37142857142,SL,-1.0378559862610404,0.01056636055501908,1,0.1930921615085876,-2.5339318563926145
AAVEUSDT,LONG,1780458300,1780459200,72.47,71.34571428571428,73.03214285714286,TP2,0.47421651842439644,0.015513808669597283,1,0.08345534407027928,-2.321781940675232
ADAUSDT,LONG,1780458300,1780459200,0.2079,0.2052142857142857,0.20924285714285715,TP2,0.46903617021276595,0.012918298632584336,1,0.21505376344086036,-3.1559873802024443
HYPEUSDT,SHORT,1780461900,1780504200,72.32,74.12857142857142,71.41571428571427,TP2,0.484005055292263,0.025007901390644776,1,0.2438785504407447,2.2326076365903194
NEARUSDT,SHORT,1780462800,1780483500,2.821,2.928571428571429,2.7672142857142856,SL,-1.0104897742363879,0.038132374537904565,1,0.2622061482820975,2.2137424342488123
LABUSDT,SHORT,1780471800,1780484400,15.431,17.08342857142857,14.604785714285713,SL,-1.003735350566266,0.10708499588027813,1,0.18176780271543372,2.9102629117163348
BILLUSDT,LONG,1780483500,1780484400,0.08295,0.08060714285714285,0.08412142857142857,TP2,0.4858378048780488,0.028244209076035476,1,0.1992551210428298,-2.2567230400151668
ZECUSDT,LONG,1780483500,1780486200,599.62,582.5699999999999,608.145,TP2,0.4859326686216976,0.02843467529435315,1,0.23679822123401828,-2.459617230693574
AVAXUSDT,SHORT,1780484400,1780488000,8.35,8.423142857142857,8.31342857142857,TP2,0.4543359375000121,0.00875962360992302,1,0.1880108991825583,2.145082711463283
AAVEUSDT,LONG,1780533000,1780533900,73.26,71.90857142857143,73.9357142857143,TP2,0.47831627906977275,0.018447018447018515,1,0.233689205219454,-2.5173816816759915
AVAXUSDT,LONG,1780533000,1780533900,7.942,7.801,8.012500000000001,TP2,0.4774695035461057,0.017753714429614757,1,0.21780986762936216,-2.2461249078874537
NEARUSDT,LONG,1780533000,1780533900,2.774,2.6697142857142855,2.826142857142857,TP2,0.4893599999999979,0.037593984962406034,1,0.21951219512195141,-2.182671475016234
SOLUSDT,LONG,1780535700,1780538400,70.14,68.80285714285715,70.80857142857143,SL,-1.0209820512820513,0.019063912990345808,1,0.2938005390835569,-2.3315051082334937
BILLUSDT,LONG,1780536600,1780539300,0.08406,0.08108714285714286,0.08554642857142856,SL,-1.0113103315713599,0.035365895108935785,1,0.2114564290067039,-2.604914436875782
DOTUSDT,LONG,1780536600,1780537500,1.064,1.0390000000000001,1.0765,TP2,0.482976,0.02349624060150376,1,0.18309859154929634,-2.839015725590677
LABUSDT,SHORT,1780537500,1780539300,16.189,17.225428571428573,15.670785714285714,TP2,0.493752005513439,0.06402054304951331,1,0.18066047917116368,2.0270729821393987
ETHUSDT,LONG,1780538400,1780539300,1759.35,1725.3285714285712,1776.3607142857143,SL,-1.020685198404367,0.019337498832766996,1,0.18782435129740538,-2.1131691140423445
ZECUSDT,LONG,1780539300,1780540200,585.63,558.0585714285714,599.4157142857143,TP2,0.4915038134715047,0.04707994565071562,1,0.29882432546731064,-2.895752413505527
XLMUSDT,SHORT,1780542900,1780543800,0.2204,0.22841428571428574,0.21639285714285716,TP2,0.4889996434937594,0.03636245786880994,1,0.24226804123711423,2.5590172339817197
NEARUSDT,LONG,1780548300,1780552800,2.655,2.5104285714285712,2.7272857142857143,SL,-1.0073458498023715,0.05445251546946465,1,0.1980319803198034,-2.092155930116962
HYPEUSDT,LONG,1780554600,1780556400,71.33,69.6242857142857,72.18285714285715,SL,-1.0167273031825796,0.02391299993991711,1,0.11645813282001864,-2.0720274548762827
ZECUSDT,LONG,1780557300,1780561800,583.38,560.6371428571429,594.7514285714285,SL,-1.0102604522613066,0.03898463633113431,1,0.05772162927466824,-2.0185995931077887
ADAUSDT,LONG,1780560000,1780564500,0.1946,0.1912142857142857,0.19629285714285713,SL,-1.022990717299578,0.01739832623696961,1,0.17499999999999996,-2.147914841446599
TAOUSDT,LONG,1780560000,1780563600,215.3,210.17142857142858,217.86428571428573,TP2,0.48320779944289693,0.023820582575807842,1,0.18918918918918903,-2.036007623014661
LABUSDT,LONG,1780620300,1780637400,10.956,9.157714285714286,11.855142857142857,TP2,0.49756301239275547,0.16413706775152553,1,0.1919741100323626,-2.051073370044643
BILLUSDT,SHORT,1780623900,1780629300,0.07932,0.08285000000000001,0.077555,TP2,0.4910118980169972,0.044503277861825556,1,0.1351968054763259,2.1938830463246055
ETHUSDT,LONG,1780625700,1780629300,1746.26,1724.7357142857143,1757.0221428571429,SL,-1.0324519015066038,0.012325934118794277,1,0.2505732066819529,-2.2463513035976663
SUIUSDT,LONG,1780625700,1780628400,0.7528,0.7354714285714287,0.7614642857142857,SL,-1.0173770816158285,0.023018824958251072,1,0.18728717366628816,-2.061087374868301
AAVEUSDT,LONG,1780629300,1780630200,68.9,67.70428571428572,69.49785714285714,TP2,0.47695101553165475,0.01735434376943812,1,0.2101341281669143,-2.2983840563413724
AVAXUSDT,LONG,1780630200,1780633800,7.407,7.267714285714286,7.476642857142857,TP2,0.4787286153846154,0.018804605681883958,1,0.28445747800586524,-2.050859214214654
HYPEUSDT,LONG,1780631100,1780632900,62.24,60.18,63.27,TP2,0.48791456310679615,0.03309768637532137,1,0.20402010050251235,-2.3064549126353446
BTCUSDT,LONG,1780640100,1780641000,62052.7,61128.35714285714,62514.87142857142,SL,-1.0268526768051434,0.014896094080400312,1,0.27032563697665535,-2.013322385487053
BILLUSDT,LONG,1780642800,1780660800,0.07602,0.07240428571428571,0.07782785714285714,SL,-1.0084099565389175,0.047562671477430776,1,0.22921522921522916,-2.3280920420677322
NEARUSDT,LONG,1780642800,1780671600,2.085,1.9844285714285714,2.1352857142857142,SL,-1.0082926136363637,0.048235697156560446,1,0.2510638297872337,-2.0315504828581683
XLMUSDT,LONG,1780642800,1780651800,0.1912,0.18441428571428573,0.19459285714285715,TP2,0.4887292631578947,0.035490137477585164,1,0.21533923303834837,-2.42042176610359
LABUSDT,LONG,1780655400,1780660800,10.415,9.447,10.899,TP2,0.4956962809917355,0.09294287085933745,1,0.17522412387938102,-2.661857120712991
AAVEUSDT,LONG,1780661700,1780667100,65.8,64.41142857142857,66.49428571428571,SL,-1.0189547325102881,0.021102909248805903,1,0.21034077555816746,-2.1059832850200184
HYPEUSDT,SHORT,1780664400,1780668000,62.46,63.99857142857143,61.690714285714286,TP2,0.4837615598885794,0.024632907918210503,1,0.05860113421550146,2.108225056280815
ADAUSDT,LONG,1780668000,1780669800,0.1596,0.1548285714285714,0.1619857142857143,TP2,0.48662035928143715,0.029896168993913418,1,0.18552036199095132,-2.4714311575907773
SUIUSDT,LONG,1780668000,1780668900,0.6972,0.6774428571428572,0.7070785714285714,TP2,0.48588459869848155,0.02833784116056058,1,0.209523809523809,-2.950589264608013
LABUSDT,SHORT,1780668900,1780670700,11.778,12.611428571428572,11.361285714285716,SL,-1.005652793966404,0.07076146811246144,1,0.20481927710843367,2.7744183712836534
HYPEUSDT,LONG,1780672500,1780674300,60.43,58.18714285714286,61.55142857142857,SL,-1.0107773248407643,0.0371149618212335,1,0.1378848728246323,-2.591059309822016
NEARUSDT,LONG,1780672500,1780676100,1.944,1.8597142857142857,1.986142857142857,SL,-1.0092257627118644,0.043356848912404426,1,0.23118279569892414,-2.923075959816462
SOLUSDT,LONG,1780672500,1780677000,64.38,62.56285714285713,65.28857142857143,TP2,0.4858283018867945,0.02822526960458003,1,0.2722513089005233,-2.0305392494113677
HYPEUSDT,SHORT,1780706700,1780709400,60.9,62.605714285714285,60.04714285714286,TP2,0.485718592964822,0.028008444757213223,1,0.2453222453222455,2.2371341802951203
SUIUSDT,SHORT,1780707600,1780709400,0.7268,0.7457428571428572,0.7173285714285714,TP2,0.484652790346908,0.02606336976177371,1,0.2706935123042501,2.0403195467163076
XLMUSDT,LONG,1780710300,1780717500,0.1986,0.19245714285714285,0.20167142857142856,SL,-1.012932093023256,0.030930801323550555,1,0.10810810810810739,-2.3490541454665386
AAVEUSDT,LONG,1780711200,1780714800,61.46,60.160000000000004,62.11,SL,-1.0189107692307693,0.021151968760169188,1,0.1717495987158906,-2.4843332878040956
NEARUSDT,LONG,1780718400,1780719300,1.945,1.8984285714285714,1.9682857142857144,SL,-1.0167055214723926,0.02394417921410213,1,0.17714285714285707,-2.2231395781076047
ADAUSDT,LONG,1780719300,1780725600,0.1517,0.14752857142857143,0.1537857142857143,TP2,0.4854534246575376,0.027497881156417773,1,0.25388601036269354,-2.2780876075967087
BTCUSDT,LONG,1780719300,1780721100,60097.1,59502.15714285714,60394.57142857143,SL,-1.0404052922249434,0.00989969328208614,1,0.2943424800778894,-2.988067718686469
ZECUSDT,SHORT,1780790400,1780794900,361.98,374.82428571428574,355.5578571428572,SL,-1.0112728728728728,0.03548341265894718,1,0.07182566155214623,2.2209050177938163
LABUSDT,SHORT,1780799400,1780801200,14.651,15.760571428571428,14.096214285714286,TP2,0.4947183211020986,0.07573349454449721,1,0.17574864997545378,2.500836513004822
ZECUSDT,SHORT,1780812900,1780819200,403.9,421.46428571428567,395.11785714285713,TP2,0.4908017893452623,0.04348671877763237,1,0.20140673610171747,2.394881281035893
SOLUSDT,SHORT,1780813800,1780822800,64.71,65.60428571428571,64.26285714285714,SL,-1.0289437699680513,0.013819899772611822,1,0.28712871287128683,2.3105188484643633
AAVEUSDT,SHORT,1780814700,1780822800,62.95,63.90428571428572,62.472857142857144,SL,-1.02638622754491,0.015159423578804055,1,0.17293233082706672,2.488363978655663
XLMUSDT,LONG,1780815600,1780825500,0.2083,0.20381428571428573,0.21054285714285714,SL,-1.0185745222929936,0.021534874151292786,1,0.19282511210762407,-2.099186858048238
ADAUSDT,SHORT,1780821900,1780823700,0.1637,0.16617142857142858,0.16246428571428573,SL,-1.0264947976878611,0.015097303429618672,1,0.21367521367521305,2.6396496167910444
LABUSDT,LONG,1780878600,1780879500,12.639,12.137857142857142,12.889571428571427,SL,-1.010088141391106,0.03965051484633731,1,0.1454363089267807,-2.4860030946958904
ETHUSDT,LONG,1780892100,1780895700,1668.41,1647.3985714285716,1678.9157142857143,SL,-1.0317619526788144,0.012593684149236995,1,0.1674580563469433,-2.130329653887389
LINKUSDT,LONG,1780893900,1780900200,7.78,7.682571428571428,7.828714285714286,TP2,0.46805865102638855,0.012522952625780445,1,0.23792486583184327,-2.107771527302804
SOLUSDT,LONG,1780893900,1780903800,65.39,64.50714285714285,65.83142857142857,TP2,0.4703734627831716,0.013501409127651718,1,0.2351648351648316,-2.2319382903190883
BILLUSDT,LONG,1780897500,1780899300,0.07334,0.07181142857142858,0.07410428571428572,TP2,0.48080822429906994,0.02084226109314735,1,0.2601156069364155,-2.1534101367551997
LABUSDT,SHORT,1780898400,1780902900,13.052,13.530571428571427,12.812714285714286,SL,-1.0109091343283583,0.03666652073026575,1,0.2035640849897187,3.1671564379207213
NEARUSDT,SHORT,1780900200,1780903800,2.126,2.185857142857143,2.0960714285714284,SL,-1.0142071599045346,0.02815481790081979,1,0.22615803814713745,2.169719672380095
ZECUSDT,SHORT,1780902900,1780906500,438.4,450.92,432.14,TP2,0.4859936102236399,0.028558394160583995,1,0.17452179057385203,2.187457920416325
SEIUSDT,SHORT,1780905600,1780907400,0.04972,0.05037285714285714,0.049393571428571426,TP2,0.46953698030635105,0.013130674635099407,1,0.14444444444444438,2.163329194941042
SUIUSDT,SHORT,1780905600,1780906500,0.7601,0.7730285714285714,0.7536357142857143,TP2,0.47648309392265187,0.017009040163888173,1,0.09170305676855797,2.001545932216995
AAVEUSDT,SHORT,1780917300,1780919100,63.62,64.4342857142857,63.21285714285714,SL,-1.0312519298245615,0.012799209592670776,1,0.21511627906976521,2.3118237820982364
AVAXUSDT,SHORT,1780917300,1780931700,6.738,6.830285714285715,6.691857142857144,SL,-1.0292049535603716,0.013696306661578235,1,0.29670329670329754,2.496719158691472
DOTUSDT,SHORT,1780917300,1780922700,0.972,0.9841428571428571,0.9659285714285714,SL,-1.0320188235294117,0.01249265138154028,1,0.2571428571428571,2.748181367393512
BTCUSDT,LONG,1780920900,1780921800,62674.8,62049.614285714284,62987.39285714286,TP2,0.4599000434156709,0.009975073144002323,1,0.1758545454545454,-2.781193615238263
LABUSDT,LONG,1780921800,1780922700,12.724,12.285142857142857,12.943428571428571,TP2,0.48840260416666464,0.03449050163919703,1,0.25000000000000017,-2.0056237489438176
ETHUSDT,SHORT,1780922700,1780927200,1691.53,1715.6228571428571,1679.4835714285714,TP2,0.4719164897717166,0.014243233725004674,1,0.18962755306367676,2.1127095049555455
BTCUSDT,SHORT,1780923600,1780926300,63830.0,64557.37142857143,63466.31428571428,TP2,0.46489826380705984,0.011395447729459978,1,0.1873126173330721,2.13073150035883
BILLUSDT,SHORT,1780929000,1780932600,0.07417,0.07549571428571429,0.07350714285714285,TP2,0.4776211206896552,0.01787399603228105,1,0.19024390243902142,2.3850570284589026
NEARUSDT,SHORT,1780931700,1780933500,2.19,2.2555714285714283,2.1572142857142858,TP2,0.486640522875817,0.029941291585127178,1,0.15932203389830366,2.068752950486232
XLMUSDT,LONG,1780934400,1780936200,0.19942,0.19573714285714283,0.20126142857142856,TP2,0.47834072924747867,0.01846784245741221,1,0.09860724233983241,-2.5061658028008535
BILLUSDT,LONG,1780937100,1780942500,0.07198,0.07059571428571429,0.07267214285714287,TP2,0.47920082559340027,0.01923153256857064,1,0.2488408037094291,-2.5627143212505374
AAVEUSDT,LONG,1780938900,1780939800,63.72,62.82714285714286,64.16642857142857,TP2,0.4714534399999999,0.014012196215585998,1,0.07651715039577989,-2.0139194874715303
SEIUSDT,LONG,1780938900,1780939800,0.04947,0.048831428571428574,0.049789285714285716,TP2,0.4690120805369181,0.012908256085939495,1,0.13312693498451963,-2.2487340907550513
LABUSDT,LONG,1780942500,1780945200,12.754,12.396285714285714,12.932857142857141,SL,-1.0142616613418531,0.028047223280091356,1,0.1398013750954925,-2.052498181130274
ZECUSDT,SHORT,1780947900,1780949700,456.59,470.9728571428571,449.3985714285714,TP2,0.48730182757250695,0.03150059603332781,1,0.26377726750861047,2.1779907375659175
AVAXUSDT,LONG,1780949700,1780953300,6.774,6.700571428571428,6.810714285714286,TP2,0.46309883268482505,0.010839765489898394,1,0.19413919413919475,-2.114760992332208
NEARUSDT,LONG,1780949700,1780952400,2.149,2.0838571428571426,2.1815714285714285,TP2,0.4868043859649089,0.030313102439672963,1,0.055350553505533716,-2.306678631775192
SUIUSDT,LONG,1780949700,1780951500,0.7553,0.7459142857142856,0.7599928571428571,TP2,0.4678106544901066,0.012426471978967695,1,0.2723214285714286,-2.254146856098001
AAVEUSDT,SHORT,1780953300,1780956000,64.7,65.35857142857144,64.37071428571429,TP2,0.46070281995661605,0.01017884742768823,1,0.12023460410557046,2.1424300903289977
ETHUSDT,SHORT,1780953300,1780956900,1708.16,1725.3285714285714,1699.5757142857144,TP2,0.4602026293892495,0.01005091527056683,1,0.13221850613155062,3.328370954856396
LINKUSDT,SHORT,1780953300,1780956000,8.104,8.172571428571427,8.069714285714285,TP2,0.45272666666666644,0.008461429981666864,1,0.16953316953317157,2.652676379701534
BILLUSDT,LONG,1780956000,1780956900,0.07099,0.06980285714285714,0.07158357142857143,SL,-1.023919614921781,0.016722677238242754,1,0.16783216783216778,-2.656215930032777
HYPEUSDT,LONG,1780956900,1780960500,63.1,62.05285714285714,63.62357142857143,TP2,0.47589631650750347,0.01659497396422916,1,0.22246220302375788,-2.411950560185336
SEIUSDT,LONG,1780957800,1780965000,0.04953,0.048954285714285714,0.04981785714285714,SL,-1.0344129032258065,0.01162354705661792,1,0.13600000000000026,-2.027091561088741
DOTUSDT,LONG,1780961400,1780965000,0.973,0.9617142857142856,0.9786428571428571,SL,-1.034486075949367,0.01159888415797975,1,0.24528301886792453,-2.323188668365596
ADAUSDT,LONG,1780965000,1780983900,0.168,0.16478571428571429,0.16960714285714287,TP2,0.4790933333333333,0.019132653061224483,1,0.18857142857142914,-2.187464534450384
BTCUSDT,LONG,1780966800,1780968600,62532.9,62010.47142857143,62794.114285714284,TP2,0.45212137817882797,0.0083544593554524,1,0.25561267892147704,-2.111511265473134
ETHUSDT,LONG,1780966800,1780980300,1662.15,1638.8100000000002,1673.8200000000002,TP2,0.4715141388174856,0.014042053966248523,1,0.15039779681762458,-2.1840900275852517
BILLUSDT,SHORT,1780977600,1780981200,0.07108,0.07244714285714286,0.07039642857142858,SL,-1.0207966562173458,0.019233861242865143,1,0.1364829396325458,2.3266990509805123
AVAXUSDT,SHORT,1780980300,1780992900,6.757,6.840714285714285,6.715142857142856,TP2,0.46771399317406676,0.012389268272056499,1,0.012531328320801682,2.2484452279458838
SOLUSDT,SHORT,1780980300,1780990200,67.02,67.81,66.625,TP2,0.46606582278480124,0.011787526111608508,1,0.056338028169012816,2.7920638312825385
ETHUSDT,SHORT,1780982100,1780990200,1686.65,1704.1257142857144,1677.912142857143,TP2,0.46139442491621024,0.010361197809690376,1,0.195424520702434,2.316604666224063
AVAXUSDT,LONG,1780997400,1781007300,6.689,6.6298571428571424,6.718571428571429,TP2,0.45476038647343003,0.008841808512910334,1,0.2803347280334699,-2.0405498150964907
TAOUSDT,LONG,1780997400,1781002800,214.0,211.14285714285714,215.42857142857142,TP2,0.470039999999995,0.01335113484646195,1,0.11267605633802763,-2.1277459156332554
XLMUSDT,LONG,1780997400,1781010900,0.19814,0.19505000000000003,0.199685,TP2,0.47435080906148863,0.01559503381447458,1,0.14887218045112785,-2.290291741134067
BILLUSDT,SHORT,1781004600,1781017200,0.07147,0.07275714285714285,0.07082642857142858,TP2,0.47778956714761367,0.01800955445841407,1,0.11195445920303455,2.3715887791115744
LABUSDT,LONG,1781007300,1781027100,10.398,9.813857142857142,10.690071428571429,SL,-1.0071201760821717,0.0561783859533427,1,0.2131519274376417,-2.0871015682399685
SUIUSDT,SHORT,1781007300,1781009100,0.7587,0.7670428571428571,0.7545285714285714,TP2,0.4636239726027464,0.010996252989135551,1,0.13059701492537276,2.457672384336058
XLMUSDT,SHORT,1781012700,1781014500,0.20055,0.20323714285714287,0.1992064285714286,SL,-1.0298532695374802,0.013398867400363243,1,0.07904278462654218,2.1049009564593213
AAVEUSDT,LONG,1781014500,1781015400,61.69,60.97142857142857,62.04928571428571,SL,-1.0343403578528827,0.011648102262464382,1,0.23756906077348114,-2.6198551049408985
AVAXUSDT,LONG,1781014500,1781015400,6.641,6.574285714285714,6.674357142857143,SL,-1.0398175588865095,0.01004581926129887,1,0.15094339622641625,-2.0057961055853593
AAVEUSDT,LONG,1781052300,1781053200,61.58,60.88857142857143,61.925714285714285,TP2,0.4643752066115753,0.011228135294390547,1,0.09090909090908973,-2.5165861065428494
LINKUSDT,LONG,1781052300,1781053200,7.786,7.7178571428571425,7.820071428571428,TP2,0.4542960167714819,0.008751972404682387,1,0.27272727272727376,-2.033402086726313
LABUSDT,LONG,1781055900,1781057700,8.971,8.545428571428571,9.183785714285715,TP2,0.49156804296744083,0.04743857190630127,1,0.2922940655447296,-2.0043571514472793
ADAUSDT,LONG,1781058600,1781060400,0.164,0.1617857142857143,0.16510714285714287,SL,-1.029625806451613,0.01350174216027866,1,0.2173913043478253,-2.2104223732300183
BTCUSDT,LONG,1781058600,1781077500,61466.0,60969.4,61714.3,TP2,0.4504905356423756,0.008079263332574133,1,0.15864638311083332,-2.11559310037695
DOTUSDT,LONG,1781058600,1781069400,0.95,0.9388571428571428,0.9555714285714285,SL,-1.034102564102564,0.011729323308270687,1,0.10638297872340426,-2.327640532333351
SEIUSDT,LONG,1781061300,1781083800,0.0474,0.04675571428571428,0.04772214285714285,SL,-1.029427937915743,0.013592525617842034,1,0.22516556291390769,-2.008193687608219
LABUSDT,SHORT,1781074800,1781075700,9.403,10.091857142857142,9.05857142857143,TP2,0.494539941932808,0.07325929414624506,1,0.09146341463414615,2.237101117872252
SUIUSDT,SHORT,1781075700,1781079300,0.7467,0.7548571428571429,0.7426214285714285,TP2,0.4633842381786408,0.010924257207905266,1,0.08307692307692453,2.0633356750244602
LINKUSDT,SHORT,1781076600,1781079300,7.771,7.836857142857142,7.738071428571429,TP2,0.4528008676789587,0.008474732062429902,1,0.1769547325102865,2.0355606591690716
TAOUSDT,LONG,1781081100,1781084700,204.4,201.9714285714286,205.61428571428573,TP2,0.4663341176470647,0.011881464914733015,1,0.2688172043010733,-2.059316341109284
ZECUSDT,LONG,1781081100,1781091000,423.37,413.43,428.34000000000003,SL,-1.0170370221327967,0.0234782814086969,1,0.21462079749804489,-2.2289771300919727
HYPEUSDT,SHORT,1781089200,1781090100,56.41,57.38428571428571,55.92285714285714,TP2,0.47684046920821116,0.017271507078278948,1,0.15662650602409484,2.4372570825961604
SEIUSDT,LONG,1781090100,1781094600,0.04676,0.04618428571428572,0.04704785714285715,TP2,0.4675116625310233,0.012312110472931662,1,0.21186440677966362,-2.308487367097899
BTCUSDT,LONG,1781091000,1781095500,60926.9,60351.385714285716,61214.65714285714,TP2,0.4576539442982609,0.009445980112467292,1,0.23096372653894712,-2.011649996302256
BILLUSDT,SHORT,1781093700,1781094600,0.06791,0.06927142857142857,0.06722928571428571,TP2,0.4800474291710389,0.02004754191471911,1,0.05157593123209168,2.2248642280836477
ADAUSDT,SHORT,1781095500,1781099100,0.162,0.16474285714285714,0.16062857142857143,SL,-1.023625,0.0169312169312169,1,0.0693069306930668,2.633493071970604
AVAXUSDT,SHORT,1781095500,1781099100,6.55,6.647571428571429,6.501214285714285,SL,-1.0268521229868228,0.014896401308615104,1,0.018264840182648356,2.1920131459869943
NEARUSDT,SHORT,1781095500,1781099100,2.108,2.1602857142857146,2.081857142857143,SL,-1.0161267759562842,0.024803469775006783,1,0.1179039301310049,2.1582468353724793
XRPUSDT,SHORT,1781137800,1781142300,1.103,1.1147142857142858,1.0971428571428572,SL,-1.0376634146341464,0.010620385960367837,1,0.05263157894736637,2.0722252886833172
DOTUSDT,SHORT,1781140500,1781150400,0.928,0.9402857142857144,0.9218571428571429,SL,-1.030213953488372,0.013238916256157647,1,0.07692307692307693,2.003779280335167
HYPEUSDT,SHORT,1781140500,1781145000,54.12,55.20428571428572,53.57785714285714,TP2,0.4800347826086924,0.02003484320557498,1,0.1047619047619045,2.4135773598661623
NEARUSDT,SHORT,1781150400,1781159400,2.025,2.0777142857142854,1.9986428571428572,SL,-1.0153658536585366,0.026031746031746003,1,0.25547445255474477,2.2357857347750967
HYPEUSDT,SHORT,1781157600,1781176500,55.52,56.41571428571429,55.07214285714286,SL,-1.024793620414673,0.016133182379580082,1,0.27450980392156854,2.2128648607675783
BILLUSDT,LONG,1781160300,1781163900,0.06316,0.062025714285714274,0.06372714285714286,SL,-1.022273047858942,0.017958925178684557,1,0.2758037225042319,-2.036443175722836
ZECUSDT,LONG,1781222400,1781226000,428.02,419.2371428571428,432.41142857142853,TP2,0.4805065712426773,0.02051973539287213,1,0.14739020464474628,-2.596687799288485
XLMUSDT,LONG,1781226900,1781230500,0.19015,0.18814428571428574,0.19115285714285715,TP2,0.46207834757834754,0.010548063558844517,1,0.11944718657453032,-2.4592354943266455
SEIUSDT,SHORT,1781230500,1781244000,0.04987,0.050325714285714286,0.04964214285714286,TP2,0.4562269592476413,0.009138044630324554,1,0.1753554502369661,2.8089022225997673
XRPUSDT,SHORT,1781230500,1781235000,1.146,1.156,1.141,TP2,0.4541599999999888,0.008726003490401377,1,0.1891891891891879,2.400396792595953
NEARUSDT,SHORT,1781232300,1781235000,2.102,2.138,2.0839999999999996,TP2,0.4766444444444508,0.017126546146527224,1,0.04972375690607689,2.3517597155200214
ADAUSDT,SHORT,1781238600,1781240400,0.1726,0.17437142857142857,0.1717142857142857,TP2,0.46102580645162083,0.010263201456712483,1,0.13636363636363436,2.135190693744113
DOTUSDT,SHORT,1781238600,1781243100,0.9552,0.9633428571428572,0.9511285714285715,TP2,0.45307789473683513,0.008524766690595811,1,0.054545454545454335,2.02491642616464
HYPEUSDT,LONG,1781244000,1781246700,58.06,57.26571428571429,58.457142857142856,SL,-1.0292388489208633,0.013680429112740502,1,0.20843091334894576,-2.1240353986470124
DOTUSDT,LONG,1781245800,1781252100,0.9442,0.9364,0.9481,TP2,0.45157948717948715,0.00826096166066511,1,0.04392764857880933,-2.059699364164705
TAOUSDT,LONG,1781245800,1781251200,210.0,207.9857142857143,211.00714285714287,TP2,0.4582978723404327,0.009591836734693892,1,0.17307692307692454,-2.5459555641745673
ADAUSDT,LONG,1781247600,1781251200,0.1681,0.16602857142857141,0.16913571428571428,TP2,0.467539310344821,0.012322597093566789,1,0.2954545454545472,-2.296593364925803
NEARUSDT,SHORT,1781254800,1781255700,2.143,2.1984285714285714,2.115285714285714,TP2,0.48453505154638776,0.02586494233717752,1,0.22972972972972822,2.07840863882497
AAVEUSDT,SHORT,1781256600,1781260200,64.96,65.57857142857142,64.65071428571427,TP2,0.4579935334873095,0.0095223434201267,1,0.10493827160493903,2.120347838720839
DOTUSDT,SHORT,1781257500,1781260200,0.964,0.9727428571428571,0.9596285714285714,TP2,0.4558954248366013,0.00906935388263188,1,0.1797235023041456,2.183342941932156
XLMUSDT,LONG,1781271000,1781271900,0.19202,0.18957714285714286,0.19324142857142856,SL,-1.031441871345029,0.01272188908893421,1,0.025578562728381868,-2.013535973697041
AAVEUSDT,LONG,1781271900,1781273700,63.89,63.16428571428571,64.25285714285714,TP2,0.4647850393700691,0.011358808666681618,1,0.136363636363637,-2.826079505734492
ADAUSDT,LONG,1781271900,1781275500,0.1689,0.16677142857142857,0.1699642857142857,TP2,0.4682604026845637,0.012602554343229273,1,0.19444444444444509,-2.985687342940191
DOTUSDT,LONG,1781272800,1781274600,0.9537,0.9436857142857143,0.9587071428571429,TP2,0.4619064194008613,0.010500456867238831,1,0.052391799544418895,-2.0510924673788833
ETHUSDT,SHORT,1781276400,1781279100,1684.79,1700.5942857142857,1676.887857142857,TP2,0.4573586549760536,0.009380567141475058,1,0.09809478822232715,2.2400745039268988
LINKUSDT,SHORT,1781276400,1781279100,7.964,8.055428571428571,7.918285714285715,TP2,0.4651575,0.011480232474707622,1,0.1501272264631048,2.5576728708819507
SOLUSDT,SHORT,1781276400,1781277300,67.88,68.65285714285713,67.49357142857143,SL,-1.0351319778188541,0.011385638521761055,1,0.2727272727272727,3.5278101189530253
NEARUSDT,LONG,1781280000,1781284500,2.036,1.9787142857142859,2.0646428571428572,TP2,0.485783541147134,0.028136401908503993,1,0.2679245283018864,-2.322598506970596
HYPEUSDT,SHORT,1781284500,1781291700,61.69,63.30714285714286,60.88142857142857,TP2,0.48474098939929106,0.026214019405784685,1,0.19777158774373343,2.252630021943138
BILLUSDT,SHORT,1781296200,1781298000,0.073,0.07446285714285714,0.07226857142857143,SL,-1.0199609375,0.02003913894324845,1,0.2310969116080961,2.4245192134852744
ADAUSDT,LONG,1781298000,1781313300,0.1694,0.16695714285714286,0.17062142857142856,TP2,0.47226198830409344,0.014420644290774096,1,0.20967741935483764,-2.2604276084199286
AAVEUSDT,LONG,1781301600,1781315100,64.28,63.68857142857143,64.57571428571428,TP2,0.4565256038647286,0.009200817850475662,1,0.22222222222221885,-2.5634724471571966
DOTUSDT,LONG,1781301600,1781303400,0.9502,0.9416285714285715,0.9544857142857143,TP2,0.4556573333333267,0.00902065730522895,1,0.2853828306264531,-2.6497984924626845
SEIUSDT,SHORT,1781309700,1781315100,0.05213,0.052738571428571426,0.05182571428571429,SL,-1.0342638497652583,0.011674111424734826,1,0.20000000000000165,2.04819816394083
LABUSDT,SHORT,1781312400,1781314200,10.124,10.483714285714285,9.944142857142857,TP2,0.4887421763304234,0.03553084608003608,1,0.12388774811772865,2.854462433121925
TAOUSDT,SHORT,1781313300,1781319600,213.5,215.34285714285713,212.57857142857142,SL,-1.046341085271318,0.008631649381063885,1,0.037974683544305346,2.1165263931526836
NEARUSDT,SHORT,1781316900,1781318700,2.017,2.040857142857143,2.0050714285714286,TP2,0.4661820359281343,0.0118280331468234,1,0.10204081632652996,2.035631651407875
BILLUSDT,LONG,1781324100,1781331300,0.07223,0.07049428571428572,0.07309785714285714,SL,-1.016645596707819,0.024030379145982068,1,0.07603686635944784,-2.4314957945874642
AAVEUSDT,SHORT,1781333100,1781335800,65.54,66.29714285714286,65.16142857142857,SL,-1.0346249056603773,0.011552378046122318,1,0.1586901763224189,2.0590233647719036
DOTUSDT,SHORT,1781333100,1781335800,0.9726,0.9818571428571429,0.9679714285714286,SL,-1.042025925925926,0.009517934255750414,1,0.10151187904967707,2.74625182087358
XLMUSDT,SHORT,1781334000,1781334900,0.18752,0.18947,0.186545,TP2,0.4615343589743589,0.010398890784982911,1,0.03924646781789651,2.1534989345902016
ADAUSDT,SHORT,1781335800,1781336700,0.1735,0.1755,0.1725,TP2,0.4652999999999998,0.011527377521613777,1,0.17647058823529413,2.7368838324440845
AVAXUSDT,SHORT,1781336700,1781363700,6.652,6.710714285714286,6.622642857142857,SL,-1.0453177615571774,0.008826561291985254,1,0.20306513409961652,2.0247452433995736
SUIUSDT,SHORT,1781336700,1781346600,0.7613,0.768942857142857,0.7574785714285714,SL,-1.0398437383177572,0.010039218629787352,1,0.2699386503067543,2.4553936846731452
ZECUSDT,SHORT,1781338500,1781342100,416.41,421.6385714285714,413.7957142857143,TP2,0.4681434972677595,0.012556306113137088,1,0.0632235084594843,2.066557262974448
LABUSDT,SHORT,1781345700,1781348400,10.012,10.260142857142858,9.887928571428573,SL,-1.0161390903857226,0.024784544261172284,1,0.031198686371100282,2.4436920151008765
ZECUSDT,LONG,1781348400,1781349300,409.56,404.7914285714286,411.9442857142857,TP2,0.46564505692030556,0.011643157116347835,1,0.09200603318250329,-2.4170240665074556
NEARUSDT,SHORT,1781350200,1781357400,2.044,2.072714285714286,2.029642857142857,SL,-1.028473631840796,0.01404808498741963,1,0.2602739726027394,2.015081346621712
LABUSDT,LONG,1781352900,1781360100,9.458,9.025,9.6745,TP2,0.49126281755196305,0.045781349122435984,1,0.17399999999999918,-2.185851550335266
BILLUSDT,LONG,1781355600,1781356500,0.06922,0.06800142857142857,0.06982928571428572,TP2,0.4772783118405628,0.01760432575225995,1,0.2615894039735088,-2.1327797069867804
HYPEUSDT,SHORT,1781355600,1781359200,59.44,60.22285714285714,59.04857142857143,TP2,0.46962919708029194,0.013170544126129566,1,0.1468144044321333,2.277117416347856
XLMUSDT,LONG,1781358300,1781363700,0.18907,0.18730142857142856,0.18995428571428571,TP2,0.4572378029079239,0.00935405632078822,1,0.09203722854188219,-2.0837161508523137
AAVEUSDT,SHORT,1781362800,1781367300,67.18,67.82428571428572,66.85785714285716,TP2,0.4582917960088579,0.009590439331433625,1,0.12891986062717908,2.1695648964169116
AAVEUSDT,LONG,1781368200,1781372700,66.16,65.46142857142857,66.50928571428571,TP2,0.4621169734151328,0.010558818448782144,1,0.25085910652921006,-3.06678213406281
DOTUSDT,LONG,1781368200,1781370000,0.9794,0.9705857142857144,0.9838071428571429,TP2,0.45555397082658006,0.008999679103824463,1,0.07455012853470114,-2.3539946220652546
ZECUSDT,LONG,1781368200,1781370000,406.88,400.4042857142857,410.11785714285713,TP2,0.4748673284800352,0.01591553845289584,1,0.16404358353510934,-2.874323064384036
ADAUSDT,LONG,1781373600,1781375400,0.172,0.16995714285714283,0.17302142857142855,TP2,0.46632167832167165,0.011877076411960162,1,0.14606741573033938,-2.3474963233170305
SEIUSDT,LONG,1781373600,1781387100,0.05403,0.05329857142857143,0.05439571428571429,TP2,0.47045234375000483,0.013537452737896952,1,0.10638297872340499,-2.2864728711220788
XLMUSDT,LONG,1781373600,1781387100,0.18631,0.18386,0.187535,TP2,0.4695820408163265,0.013150126133862895,1,0.28227571115973743,-2.3086718856851953
BILLUSDT,SHORT,1781374500,1781376300,0.06975,0.07074285714285715,0.06925357142857144,TP2,0.4718992805755324,0.014234511008704468,1,0.08641975308642086,2.0691194647208424
HYPEUSDT,SHORT,1781387100,1781388900,60.62,61.239999999999995,60.31,TP2,0.4608903225806393,0.010227647641042519,1,0.11111111111111148,2.6110396348341043
AAVEUSDT,SHORT,1781388900,1781393400,67.11,67.71571428571428,66.80714285714286,TP2,0.4556820754716862,0.009025693424441707,1,0.22818791946308664,2.042189173171749
SEIUSDT,LONG,1781398800,1781408700,0.05371,0.05318571428571428,0.05397214285714286,TP2,0.4590223433242444,0.009761417134345899,1,0.1792828685258989,-2.4854542215111852
XLMUSDT,SHORT,1781403300,1781404200,0.18894,0.19081571428571428,0.18800214285714284,TP2,0.45970814927647374,0.009927565818324834,1,0.23624595469255424,2.0462315968742772
BILLUSDT,LONG,1781405100,1781424000,0.072,0.07027714285714286,0.07286142857142856,TP2,0.4832835820895522,0.02392857142857138,1,0.05291723202170992,-2.2960530264489147
HYPEUSDT,LONG,1781411400,1781422200,60.19,59.51714285714286,60.52642857142857,TP2,0.4642182590233545,0.011178885908907492,1,0.22000000000000072,-2.3027038405939053
AAVEUSDT,LONG,1781412300,1781415000,66.69,66.11428571428571,66.97785714285715,SL,-1.0463354838709678,0.008632692843219162,1,0.13454545454544894,-2.2599661210915865
LABUSDT,SHORT,1781413200,1781414100,9.545,9.680857142857143,9.47707142857143,TP2,0.471896950578332,0.014233330838883439,1,0.1781970649895173,2.7323911483862604
ZECUSDT,SHORT,1781414100,1781415900,426.2,432.1328571428571,423.2335714285714,TP2,0.47126510955935946,0.013920359321579397,1,0.19811320754716885,2.0838891561953496
TAOUSDT,LONG,1781423100,1781425800,268.4,260.51428571428573,272.3428571428571,TP2,0.4863855072463768,0.029380455609963742,1,0.23684210526315724,-3.0816294733691656
BILLUSDT,SHORT,1781425800,1781428500,0.07307,0.07477428571428571,0.07221785714285714,SL,-1.0171497066219615,0.023324014154724508,1,0.246753246753247,2.3702176789206755
HYPEUSDT,SHORT,1781430300,1781433000,60.5,61.25714285714286,60.12142857142857,SL,-1.0319622641509434,0.012514757969303467,1,0.10173697270471377,2.277721026136557
XLMUSDT,LONG,1781432100,1781440200,0.18471,0.18303285714285716,0.18554857142857145,SL,-1.0440534923339013,0.00907987037595611,1,0.04591265397536341,-2.268756131105988
ZECUSDT,LONG,1781438400,1781442900,421.26,415.98999999999995,423.895,SL,-1.031974193548387,0.012510088781275276,1,0.1462788708297694,-2.359169149062444
TAOUSDT,SHORT,1781489700,1781490600,276.6,283.3571428571429,273.2214285714286,SL,-1.0163737843551797,0.02442929449437042,1,0.2301255230125525,2.205906663859645
SEIUSDT,LONG,1781498700,1781501400,0.05448,0.05397285714285714,0.05473357142857143,TP2,0.4570298591549298,0.009308789595133255,1,0.2767527675276751,-2.6757077545742067
SUIUSDT,SHORT,1781501400,1781505900,0.803,0.8112285714285714,0.7988857142857143,TP2,0.4609652777777844,0.010247286959615683,1,0.1388329979879286,2.1615577676785858
HYPEUSDT,SHORT,1781511300,1781517600,65.64,66.50428571428571,65.20785714285714,SL,-1.0303788429752065,0.01316705841385917,1,0.21485411140583718,2.0209293538411566
LABUSDT,LONG,1781511300,1781554500,10.078,9.556285714285714,10.338857142857142,EXPIRED,-0.7935975903614466,0.051767640971848175,1,0.18835616438356112,-2.691542336934292
SEIUSDT,SHORT,1781511300,1781514900,0.05534,0.055888571428571426,0.05506571428571429,TP2,0.4596479166666667,0.009912747173318196,1,0.11660777385159066,2.140312067406637
TAOUSDT,SHORT,1781512200,1781513100,286.2,295.6285714285714,281.48571428571427,TP2,0.4878581818181848,0.03294399520814604,1,0.21311475409836117,2.141447831857698
TAOUSDT,LONG,1781514900,1781522100,267.8,253.5571428571429,274.9214285714286,TP2,0.492479037111335,0.0531846793982715,1,0.14285714285714254,-2.271777678092378
DOTUSDT,SHORT,1781520300,1781523000,1.0123,1.0206714285714287,1.0081142857142857,SL,-1.0483692832764504,0.008269711124596069,1,0.23809523809523306,3.423881238472955
ADAUSDT,SHORT,1781521200,1781523000,0.1826,0.1847714285714286,0.1815142857142857,SL,-1.033636842105263,0.011891722735096264,1,0.19101123595505717,2.944848238456612
AVAXUSDT,SHORT,1781521200,1781522100,6.835,6.892142857142857,6.8064285714285715,TP2,0.4521549999999999,0.008360330233044194,1,0.2207792207792182,3.552798626769063
SUIUSDT,SHORT,1781523000,1781523900,0.8131,0.8235571428571429,0.8078714285714286,TP2,0.46889781420765564,0.012860832440219995,1,0.29787234042552957,3.1588288817482937
NEARUSDT,SHORT,1781523900,1781534700,2.463,2.5287142857142855,2.430142857142857,SL,-1.0149921739130434,0.02668058697291335,1,0.27759197324414825,2.2709304764857663
AVAXUSDT,SHORT,1781539200,1781543700,7.029,7.119,6.984,TP2,0.4687599999999999,0.012804097311139526,1,0.2958257713248633,2.3299560511173985
AAVEUSDT,LONG,1781551800,1781576100,74.22,72.84285714285714,74.90857142857143,SL,-1.0215576763485477,0.018554875466759112,1,0.17690417690417692,-2.4757512290250157
ADAUSDT,LONG,1781551800,1781557200,0.1853,0.18198571428571428,0.18695714285714285,SL,-1.0223637931034482,0.017886053503970437,1,0.19685039370078689,-2.753614191931159
XRPUSDT,LONG,1781557200,1781562600,1.264,1.2424285714285714,1.2747857142857144,SL,-1.0234384105960264,0.017066003616636554,1,0.018518518518518632,-2.1934531653148093
NEARUSDT,LONG,1781559000,1781564400,2.45,2.404285714285715,2.472857142857143,SL,-1.0214375,0.018658892128279793,1,0.17171717171716963,-2.2505360545296726
LABUSDT,LONG,1781564400,1781565300,9.546,9.318999999999999,9.6595,SL,-1.0168211453744493,0.023779593547035467,1,0.1262553802008603,-2.2971241104842997
AVAXUSDT,LONG,1781576100,1781581500,6.787,6.726,6.8175,TP2,0.45549508196721317,0.008987770738175934,1,0.2823920265780791,-2.5569232208516053
BILLUSDT,LONG,1781577000,1781579700,0.06968,0.06833857142857143,0.0703507142857143,TP2,0.4792221512247071,0.01925127111694278,1,0.23783031988873335,-2.4612291889277893
SEIUSDT,LONG,1781577000,1781578800,0.05325,0.052624285714285714,0.05356285714285714,TP2,0.4659589041095891,0.011750503018108675,1,0.23442136498516208,-2.3311974690524466
HYPEUSDT,SHORT,1781579700,1781581500,68.41,69.54571428571428,67.84214285714286,SL,-1.0240940880503144,0.016601582893060695,1,0.17128874388254411,2.853707751396272
ZECUSDT,SHORT,1781579700,1781585100,526.33,538.2628571428571,520.3635714285715,TP2,0.4823569495989464,0.02267181643238484,1,0.20280669986419042,2.861630700961665
LABUSDT,SHORT,1781584200,1781597700,10.034,10.377428571428572,9.862285714285715,SL,-1.0116868552412646,0.034226487086762146,1,0.2932061978545884,2.3251571458637135
NEARUSDT,SHORT,1781590500,1781594100,2.435,2.4745714285714286,2.4152142857142858,TP2,0.47538628158844765,0.0162511000293341,1,0.12931034482758716,2.01932878742695
ADAUSDT,SHORT,1781592300,1781595000,0.1782,0.17984285714285714,0.1773785714285714,TP2,0.456612173913052,0.00921917588584256,1,0.12195121951219545,2.1929884551080665
SEIUSDT,SHORT,1781599500,1781606700,0.05416,0.05464,0.05392,SL,-1.0451333333333332,0.00886262924667652,1,0.18032786885246088,2.3872714367858
ZECUSDT,SHORT,1781600400,1781601300,531.75,539.4171428571428,527.9164285714286,TP2,0.47225824482951373,0.014418698367922648,1,0.04506187251926376,2.7289779437768606
ZECUSDT,LONG,1781607600,1781615700,517.08,507.3800000000001,521.9300000000001,SL,-1.0213228865979382,0.01875918619942745,1,0.18694362017804203,-2.369236346776153
XRPUSDT,SHORT,1781613900,1781614800,1.247,1.2584285714285715,1.2412857142857143,TP2,0.45635500000000956,0.009164852789552024,1,0.27999999999999753,2.130946544101071
AAVEUSDT,LONG,1781615700,1781620200,74.58,73.56,75.09,SL,-1.0292470588235294,0.013676588897827836,1,0.27981651376147093,-2.041296188142659
ADAUSDT,LONG,1781615700,1781620200,0.1779,0.17565714285714287,0.17902142857142858,SL,-1.031727388535032,0.012607403838432476,1,0.13207547169811074,-2.1363944533150097
DOTUSDT,LONG,1781616600,1781620200,1.0125,1.0005714285714287,1.0184642857142856,SL,-1.0339520958083834,0.011781305114638404,1,0.25343811394892235,-2.642143096344366
XLMUSDT,LONG,1781654400,1781655300,0.21658,0.2133657142857143,0.21818714285714286,TP2,0.4730478222222265,0.01484110127567508,1,0.16480793060718696,-2.5420553288811725
SUIUSDT,SHORT,1781658900,1781659800,0.8066,0.8143999999999999,0.8027,TP2,0.4586358974359044,0.009670220679394948,1,0.21293800539083657,2.4691221348464336
XLMUSDT,SHORT,1781658900,1781659800,0.22226,0.2263542857142857,0.22021285714285715,TP2,0.4782858339148673,0.01842115411808558,1,0.1971522453450166,2.148885955747705
DOTUSDT,SHORT,1781660700,1781663400,1.0226,1.0324571428571427,1.0176714285714286,SL,-1.0414968115942027,0.009639294794780836,1,0.06086956521738996,2.1081126551758267
SEIUSDT,SHORT,1781660700,1781663400,0.05545,0.05611857142857143,0.05511571428571428,SL,-1.0331752136752135,0.012057194383614626,1,0.12684365781710946,2.2704360636340692
AAVEUSDT,SHORT,1781661600,1781664300,77.38,78.32285714285715,76.90857142857142,TP2,0.46717212121212126,0.012184765350958181,1,0.12195121951219444,2.747277547182825
LABUSDT,SHORT,1781664300,1781669700,13.758,14.376142857142856,13.44892857142857,SL,-1.0089027963947308,0.04492970323759681,1,0.16559865092748724,2.319708870534032
ZECUSDT,SHORT,1781666100,1781678700,509.93,519.7171428571429,505.0364285714286,TP2,0.479159188439641,0.019193110538981557,1,0.06834201654918844,2.0909784591169402
BILLUSDT,LONG,1781668800,1781669700,0.06739,0.06641714285714286,0.06787642857142857,TP2,0.4722919236416964,0.01443622411125016,1,0.28205128205128166,-2.4803076329618774
ADAUSDT,LONG,1781677800,1781685000,0.1716,0.16970000000000002,0.17255,SL,-1.0361263157894738,0.011072261072261055,1,0.08235294117647152,-2.060899585244678
HYPEUSDT,LONG,1781677800,1781694900,73.21,71.97285714285714,73.82857142857142,SL,-1.0236706697459583,0.016898550159033694,1,0.13356164383561656,-2.726952758368535
SOLUSDT,LONG,1781677800,1781685000,73.29,72.68142857142858,73.59428571428572,SL,-1.0481718309859156,0.008303607976141728,1,0.0686567164179075,-2.184363073258435
AAVEUSDT,LONG,1781685900,1781694900,75.78,74.75571428571429,76.29214285714285,SL,-1.0295933054393307,0.013516570523696338,1,0.17981072555204902,-2.3983988882181313
NEARUSDT,LONG,1781685900,1781698500,2.278,2.232857142857143,2.3005714285714287,TP2,0.4798151898734226,0.019816881976671228,1,0.2021276595744669,-2.280282521982779
BILLUSDT,SHORT,1781686800,1781690400,0.06892,0.07030428571428571,0.06822785714285713,TP2,0.4800850361197161,0.02008539922062851,1,0.12903225806451407,2.441475028657064
XLMUSDT,SHORT,1781696700,1781711100,0.22415,0.2284942857142857,0.22197785714285712,SL,-1.020638605721802,0.01938115420158698,1,0.07021063189568634,2.070027305899989
NEARUSDT,SHORT,1781701200,1781703000,2.316,2.351,2.2984999999999998,TP2,0.47353142857142866,0.015112262521588982,1,0.1700680272108875,3.0186027042967725
SEIUSDT,SHORT,1781701200,1781703000,0.05516,0.05590285714285714,0.05478857142857143,TP2,0.47029846153846155,0.013467315860354302,1,0.22631578947368342,3.4095857623371653
LABUSDT,SHORT,1781703900,1781706600,13.365,13.864714285714285,13.115142857142857,TP2,0.48930188679245457,0.03738977072310401,1,0.2425573450463643,2.337166093260103
XRPUSDT,SHORT,1781703900,1781705700,1.204,1.2157142857142857,1.1981428571428572,TP2,0.4588878048780392,0.009729473184622668,1,0.199999999999998,2.4555855375502746
ADAUSDT,LONG,1781704800,1781706600,0.1681,0.16604285714285716,0.16912857142857143,TP2,0.4673138888888956,0.012237613665335231,1,0.1111111111111111,-2.155982213220095
BILLUSDT,SHORT,1781706600,1781707500,0.06948,0.07062857142857143,0.06890571428571429,TP2,0.47580298507462077,0.0165309647174932,1,0.023188405797100447,2.264240127384754
SOLUSDT,SHORT,1781709300,1781712000,72.73,73.56714285714287,72.31142857142858,SL,-1.0347515358361774,0.011510282650114933,1,0.09144542772861461,2.0318100899587415
AVAXUSDT,SHORT,1781710200,1781712900,6.885,6.970714285714285,6.842142857142857,SL,-1.03213,0.01244942421413009,1,0.1488250652741521,2.1037140381306094
AAVEUSDT,SHORT,1781712000,1781713800,76.41,77.62285714285714,75.80357142857143,SL,-1.0252,0.01587301587301589,1,0.2972972972972978,2.8219010636663926
ADAUSDT,SHORT,1781712900,1781720100,0.1711,0.1735,0.1699,TP2,0.4714833333333391,0.014026884862653402,1,0.20661157024793408,2.5431131418899846
BILLUSDT,SHORT,1781741700,1781748000,0.06718,0.06816428571428572,0.06668785714285715,TP2,0.47269898403483307,0.01465146939990642,1,0.24288840262581957,2.6311306343425382
ETHUSDT,SHORT,1781741700,1781753400,1755.0,1769.107142857143,1747.9464285714284,TP2,0.45023797468355253,0.008038258038258056,1,0.21402002861230213,2.409467141383562
SOLUSDT,SHORT,1781741700,1781753400,72.25,72.93857142857144,71.90571428571428,TP2,0.45802904564315394,0.009530400395452398,1,0.07964601769911318,2.097243170407422
LABUSDT,SHORT,1781749800,1781750700,13.408,13.779714285714284,13.222142857142856,SL,-1.0144282859338971,0.027723320831912722,1,0.22609340252038523,2.191987576261892
DOTUSDT,LONG,1781752500,1781754300,0.9962,0.9870571428571429,1.0007714285714286,SL,-1.0435837499999998,0.009177732526457705,1,0.12796208530805853,-2.559878055365851
SEIUSDT,LONG,1781753400,1781756100,0.05425,0.05360142857142857,0.054574285714285714,SL,-1.0334581497797357,0.011955233706385786,1,0.20257234726688092,-3.1605903594487117
ADAUSDT,LONG,1781756100,1781761500,0.1657,0.16388571428571427,0.16660714285714284,SL,-1.0365322834645667,0.010949219760324229,1,0.14285714285714182,-2.276997549596669
BILLUSDT,LONG,1781756100,1781760600,0.06614,0.0650957142857143,0.06666214285714286,SL,-1.0253340629274967,0.01578901896410208,1,0.05263157894736842,-2.1103012413018476
ETHUSDT,LONG,1781757000,1781767800,1734.57,1720.6414285714284,1741.5342857142857,TP2,0.45018670769230806,0.008029985200119641,1,0.21952072765436398,-2.209387279777978
LABUSDT,SHORT,1781828100,1781832600,18.051,18.848714285714284,17.652142857142856,TP2,0.4909486389684814,0.044192248945448244,1,0.2249040043883713,2.136064902095716
NEARUSDT,SHORT,1781829000,1781831700,2.243,2.2807142857142857,2.224142857142857,TP2,0.4762106060606001,0.01681421565505378,1,0.17073170731707127,2.1357968683527813
ADAUSDT,SHORT,1781829900,1781833500,0.1642,0.16555714285714287,0.1635214285714286,TP2,0.45160421052630545,0.00826518183400033,1,0.23333333333333303,2.1854955026051335
BILLUSDT,SHORT,1781834400,1781836200,0.06493,0.06570714285714285,0.06454142857142858,TP2,0.46658014705881434,0.011968933576818901,1,0.23853211009174205,2.105147196568885
AVAXUSDT,LONG,1781836200,1781839800,6.26,6.208428571428571,6.285785714285714,SL,-1.0485540166204985,0.008238247375627603,1,0.17514124293784913,-3.2978872574016416
TAOUSDT,LONG,1781836200,1781839800,233.4,231.00000000000003,234.6,SL,-1.0389000000000002,0.01028277634961435,1,0.17171717171717096,-2.0123343950301718
ZECUSDT,LONG,1781836200,1781838900,449.92,444.2814285714286,452.73928571428576,TP2,0.4680826957182721,0.012532386710018315,1,0.10459062943682143,-2.025680560325651
LINKUSDT,LONG,1781839800,1781842500,7.91,7.83557142857143,7.947214285714286,SL,-1.0425105566218815,0.009409427487809168,1,0.19365079365079377,-2.9335113132013766
ADAUSDT,LONG,1781840700,1781844300,0.162,0.16012857142857143,0.1629357142857143,SL,-1.034625954198473,0.011552028218694959,1,0.11999999999999644,-2.2927538080137797
ETHUSDT,LONG,1781840700,1781874000,1695.71,1680.4371428571428,1703.3464285714285,SL,-1.044411074735759,0.00900676244337606,1,0.1716593739481655,-2.0369742729250393
SEIUSDT,SHORT,1781913600,1781914500,0.05406,0.054495714285714286,0.05384214285714285,TP2,0.4503711475409837,0.008059827704666784,1,0.15789473684210498,2.717492037312858
TAOUSDT,SHORT,1781913600,1781918100,228.6,231.42857142857142,227.18571428571428,TP2,0.4676727272727273,0.012373453318335215,1,0.14619883040935652,2.1913197842383365
XLMUSDT,LONG,1781914500,1781916300,0.21639,0.2136742857142857,0.21774785714285713,TP2,0.4681277222514415,0.012550091435437338,1,0.21698113207547287,-2.1529161334953777
LABUSDT,SHORT,1781916300,1781917200,13.193,13.856,12.8615,TP2,0.4920404223227753,0.05025392253467748,1,0.15401301518438174,2.185033101891528
LABUSDT,LONG,1781920800,1781924400,12.042,11.288857142857143,12.418571428571429,SL,-1.0063955993930198,0.06254300424704012,1,0.258440046565774,-2.2418320988387546
HYPEUSDT,LONG,1781922600,1781927100,68.57,67.54571428571427,69.08214285714286,TP2,0.4732223152022317,0.014937811204400187,1,0.22580645161290663,-2.0778932804057737
TAOUSDT,SHORT,1781929800,1781932500,229.9,232.3714285714286,228.6642857142857,SL,-1.0372092485549131,0.010750015534704555,1,0.20338983050847534,2.761257286971415
AVAXUSDT,SHORT,1781930700,1781932500,5.97,6.034999999999999,5.9375,SL,-1.0367384615384616,0.010887772194304838,1,0.28082191780821797,2.098238707045528
HYPEUSDT,SHORT,1781931600,1781946000,70.05,70.95285714285714,69.59857142857143,SL,-1.0310348101265823,0.012888752931579471,1,0.113163972286373,2.405517781470536
XLMUSDT,SHORT,1781934300,1781939700,0.2168,0.2196185714285714,0.21539071428571427,TP2,0.46923264064876313,0.013000790722192934,1,0.13324873096446846,2.0491701327687433
LABUSDT,SHORT,1781937000,1781937900,12.623,13.420571428571428,12.224214285714284,TP2,0.49366928174816516,0.06318398388429286,1,0.05551809395369742,2.4703067436032833
BILLUSDT,LONG,1781938800,1781947800,0.05736,0.05644285714285714,0.05781857142857143,TP2,0.47498317757008973,0.015989240884638413,1,0.08108108108107977,-2.131743537060907
NEARUSDT,LONG,1781939700,1781950500,2.142,2.1167142857142855,2.154642857142857,TP2,0.46611525423728833,0.011804721888755565,1,0.1559633027522921,-2.749370570334097
HYPEUSDT,SHORT,1781950500,1781955000,70.96,71.93857142857142,70.47071428571428,TP2,0.4709944525547444,0.013790465453374095,1,0.13716814159291932,2.0425732856634933
ZECUSDT,SHORT,1781951400,1781953200,473.72,479.1457142857143,471.00714285714287,TP2,0.46507593470248015,0.011453420344748543,1,0.10091743119266246,2.28177396720457
LABUSDT,LONG,1781957700,1781958600,11.903,11.483714285714285,12.112642857142857,TP2,0.4886444974446316,0.0352252133315731,1,0.21568627450980452,-2.051677273900589
AAVEUSDT,LONG,1781962200,1781964000,73.76,72.95142857142858,74.16428571428573,TP2,0.4635109540636132,0.010962193988224405,1,0.08808290155440136,-2.482778279957436
AVAXUSDT,LONG,1781962200,1781963100,6.049,5.972428571428572,6.087285714285715,TP2,0.4684007462686567,0.01265852679309448,1,0.2403100775193806,-3.7138883687120914
HYPEUSDT,LONG,1781962200,1781967600,69.49,68.48285714285714,69.99357142857143,TP2,0.4724011347517801,0.014493349505581447,1,0.2794759825327506,-3.2270854388125985
SUIUSDT,LONG,1781964000,1781964900,0.7093,0.7034,0.71225,SL,-1.0480881355932203,0.00831806005921331,1,0.23270440251572252,-2.2943315083570224
NEARUSDT,LONG,1781964900,1781967600,2.105,2.074,2.1205,TP2,0.47283870967741226,0.014726840855106924,1,0.21290322580645135,-2.95555675671739
AAVEUSDT,SHORT,1781967600,1781973000,75.52,76.61,74.975,TP2,0.4722862385321101,0.0144332627118644,1,0.12437810945273688,2.1446960949222618
BILLUSDT,SHORT,1781968500,1781971200,0.05735,0.05846428571428571,0.05679285714285714,TP2,0.47941282051282363,0.019429567816664613,1,0.08333333333333376,2.266798524423078
ETHUSDT,SHORT,1781969400,1781973000,1741.45,1758.2171428571428,1733.0664285714286,TP2,0.45845565306297,0.009628265443821437,1,0.22373163293595894,2.2204917829021773
LABUSDT,SHORT,1781973000,1781973900,13.256,13.950285714285714,12.908857142857142,TP2,0.4923627983539108,0.052375204759030985,1,0.2604916811522223,2.1659278897315475
NEARUSDT,SHORT,1781973900,1781976600,2.19,2.2365714285714287,2.166714285714286,TP2,0.481190184049075,0.021265492498369187,1,0.28155339805825225,2.4159741855548025
AVAXUSDT,SHORT,1781990100,1781992800,6.185,6.241,6.156999999999999,TP2,0.4558214285714366,0.009054163298302373,1,0.2835820895522376,3.0367798678803504
SEIUSDT,SHORT,1781990100,1781991900,0.05418,0.05462857142857142,0.05395571428571429,TP2,0.4516866242038214,0.00827928070452983,1,0.16814159292035497,2.5100593123969963
XLMUSDT,SHORT,1781990100,1781994600,0.2139,0.21585857142857146,0.2129207142857143,SL,-1.0436849015317284,0.009156481667000638,1,0.008849557522123568,2.034870553316179
LABUSDT,SHORT,1781992800,1781994600,13.617,14.044428571428572,13.403285714285715,TP2,0.4872568181818182,0.03138933476012128,1,0.10234648027958057,2.390630050871478
NEARUSDT,SHORT,1781993700,1781995500,2.174,2.196857142857143,2.1625714285714284,SL,-1.0380449999999999,0.010513865159679366,1,0.10091743119266167,2.0010928896207694
BILLUSDT,LONG,1782003600,1782004500,0.05582,0.05508428571428572,0.056187857142857144,SL,-1.0303487378640777,0.01318011977273891,1,0.14044943820224812,-2.1839456047383985
LABUSDT,LONG,1782006300,1782010800,12.636,12.037285714285712,12.935357142857143,TP2,0.4915579098067287,0.04738163071496412,1,0.2603029235646347,-3.2493178222062737
HYPEUSDT,LONG,1782009900,1782012600,69.96,69.27,70.30499999999999,TP2,0.4594434782608693,0.009862778730703198,1,0.005813953488370916,-2.188880085985624
AAVEUSDT,SHORT,1782017100,1782018000,76.54,77.29,76.165,TP2,0.45917866666666646,0.009798798014110214,1,0.18987341772152103,2.264270692011963
ZECUSDT,LONG,1782018000,1782030600,466.66,461.6014285714286,469.18928571428575,SL,-1.03690053657159,0.010839950774806961,1,0.1594202898550735,-2.0282291041733065
LABUSDT,SHORT,1782018900,1782023400,13.994,14.739714285714285,13.621142857142857,SL,-1.0075063601532568,0.05328814389840544,1,0.10563579722458262,2.024029930646276
AVAXUSDT,SHORT,1782027900,1782028800,6.334,6.3991428571428575,6.301428571428571,TP2,0.46110701754385985,0.010284631692904557,1,0.29446064139941763,3.5713450211132924
NEARUSDT,SHORT,1782031500,1782044100,2.247,2.2889999999999997,2.226,TP2,0.4786,0.01869158878504673,1,0.23333333333333456,2.3594767127807197
BILLUSDT,LONG,1782033300,1782034200,0.05444,0.05352,0.054900000000000004,SL,-1.0236695652173913,0.016899338721528327,1,0.26651480637813163,-2.811182981696355
SEIUSDT,LONG,1782033300,1782035100,0.0549,0.05430142857142857,0.05519928571428571,TP2,0.4633126491646719,0.010902940411137095,1,0.26347305389221765,-2.001120431929973
ADAUSDT,SHORT,1782036900,1782039600,0.1621,0.1634,0.16144999999999998,TP2,0.45012307692308773,0.008019740900678616,1,0.2580645161290347,2.041633961014898
XLMUSDT,SHORT,1782037800,1782039600,0.21414,0.21620571428571428,0.21310714285714286,TP2,0.4585344398340246,0.009646559660569114,1,0.122762148337595,2.0386888908110157
LABUSDT,SHORT,1782043200,1782045000,16.047,16.89742857142857,15.621785714285714,TP2,0.49245227616328113,0.05299610964221169,1,0.26798307475317257,2.335942835940117
XLMUSDT,LONG,1782043200,1782046800,0.21084,0.20825857142857143,0.21213071428571428,TP2,0.46732971776425003,0.012243542835460842,1,0.20854700854700856,-2.3701455852055915
SUIUSDT,LONG,1782044100,1782045900,0.7034,0.6972714285714285,0.7064642857142858,TP2,0.4540904428904429,0.008712782810024787,1,0.16723549488054537,-2.0677530885202495
TAOUSDT,LONG,1782044100,1782046800,232.4,229.17142857142858,234.01428571428573,TP2,0.47120707964602215,0.013892303909515628,1,0.28000000000000125,-2.3575502665822237
BILLUSDT,SHORT,1782049500,1782054000,0.05546,0.05648285714285715,0.05494857142857143,TP2,0.4783117318435754,0.018443150790788707,1,0.037558685446009425,2.284062233431809
XLMUSDT,SHORT,1782050400,1782051300,0.21687,0.2200257142857143,0.21529214285714288,TP2,0.47251081937527856,0.014551179442589041,1,0.29242819843341933,2.840681092395042
LABUSDT,LONG,1782052200,1782056700,14.425,13.49957142857143,14.887714285714287,SL,-1.0062349490583513,0.06415449368655605,1,0.1913544668587895,-2.2286712804612723
HYPEUSDT,SHORT,1782055800,1782060300,68.61,69.41142857142857,68.20928571428571,TP2,0.46575614973262014,0.011680929477169031,1,0.043750000000000136,2.1318422739882137
TAOUSDT,SHORT,1782071100,1782072900,238.1,240.77142857142854,236.7642857142857,TP2,0.4643486631016095,0.011219775604487869,1,0.15094339622641464,2.148671143233854
SOLUSDT,LONG,1782075600,1782076500,73.39,72.74857142857144,73.71071428571429,SL,-1.0457665924276172,0.008739999610690375,1,0.14285714285714285,-2.9610335441194016
ZECUSDT,LONG,1782075600,1782077400,446.49,441.98,448.745,TP2,0.46040000000000003,0.010101010101010116,1,0.24062031015507687,-2.423964371309574
AAVEUSDT,LONG,1782076500,1782077400,73.8,73.0942857142857,74.15285714285714,TP2,0.45817004048583015,0.009562524196670589,1,0.2463768115942023,-2.9326080975662894
ETHUSDT,LONG,1782077400,1782078300,1713.69,1699.4528571428573,1720.8085714285714,TP2,0.45185298013245023,0.008307886990729266,1,0.18933239138113445,-2.0144325045874503
HYPEUSDT,LONG,1782080100,1782081000,67.09,66.19285714285715,67.53857142857143,TP2,0.4700872611464969,0.013372229201712018,1,0.21246458923512912,-2.332493915338265
LABUSDT,SHORT,1782080100,1782082800,13.763,14.304142857142857,13.49242857142857,SL,-1.0101732840549102,0.039318670140438654,1,0.2674139311449157,2.0220913590079346
BILLUSDT,SHORT,1782087300,1782096300,0.05864,0.06003714285714285,0.05794142857142857,SL,-1.0167885480572598,0.023825764958097833,1,0.1669477234401356,2.2445139008020583
AAVEUSDT,SHORT,1782089100,1782091800,75.59,76.72857142857143,75.02071428571429,SL,-1.02655608531995,0.015062461020921078,1,0.16785714285714262,2.75074162027912
SEIUSDT,SHORT,1782089100,1782091800,0.05507,0.05571714285714286,0.05474642857142857,SL,-1.0340388520971302,0.011751277594749539,1,0.07749077490774964,2.0232424529614796
AVAXUSDT,SHORT,1782092700,1782098100,6.266,6.353428571428571,6.222285714285714,TP2,0.4713320261437908,0.013952852127125987,1,0.16363636363636497,2.0828735217422296
BTCUSDT,SHORT,1782092700,1782098100,64485.7,65071.671428571426,64192.71428571428,TP2,0.45598031108293924,0.00908684295233562,1,0.21914258536425282,2.3230439382484245
LABUSDT,LONG,1782177300,1782178200,16.26,15.554142857142859,16.612928571428572,TP2,0.4907856709168172,0.043410648392198194,1,0.16927453769559014,-2.64485185866405
BILLUSDT,SHORT,1782180000,1782183600,0.05765,0.05853142857142857,0.05720928571428571,TP2,0.47383792544570885,0.0152893073968529,1,0.1734475374732325,3.009410874906498
HYPEUSDT,SHORT,1782181800,1782186300,67.04,68.01428571428573,66.55285714285715,TP2,0.4724762463343038,0.014532901466075795,1,0.11553784860557799,2.722705899124486
AAVEUSDT,SHORT,1782182700,1782184500,75.88,76.72,75.46,TP2,0.46386666666666687,0.011070110701107083,1,0.15865384615384545,2.2571063055382576
ZECUSDT,SHORT,1782186300,1782189900,447.3,453.01,444.445,TP2,0.4686654991243483,0.012765481779566294,1,0.18505647263249322,2.28669688960341
SUIUSDT,SHORT,1782187200,1782189900,0.7282,0.7374571428571428,0.7235714285714285,TP2,0.46853456790123454,0.012712363165535366,1,0.26681127982646485,2.4552392522050215
BILLUSDT,LONG,1782189000,1782192600,0.05503,0.05380714285714286,0.05564142857142858,TP2,0.4819995327102833,0.022221645336310075,1,0.19776119402985007,-2.0545369400694167
NEARUSDT,LONG,1782189900,1782203400,2.026,1.993428571428571,2.0422857142857143,SL,-1.024880701754386,0.01607671696516716,1,0.27027027027027106,-2.3200212242069966
AAVEUSDT,LONG,1782190800,1782195300,74.61,73.63285714285715,75.09857142857143,SL,-1.0305421052631578,0.013096674134068592,1,0.12727272727272845,-2.4599047717606575
ADAUSDT,LONG,1782193500,1782196200,0.1574,0.15600000000000003,0.15810000000000002,SL,-1.0449714285714287,0.008894536213468847,1,0.25423728813559276,-2.221070330941514
BILLUSDT,SHORT,1782265500,1782266400,0.05198,0.05283142857142857,0.05155428571428571,SL,-1.024420134228188,0.016379926345297623,1,0.14218009478672872,2.929464256336924
AAVEUSDT,LONG,1782268200,1782275400,72.04,71.28000000000002,72.42,SL,-1.0379157894736843,0.010549694614103234,1,0.12337662337662254,-2.167746496120763
XLMUSDT,LONG,1782268200,1782271800,0.1934,0.19156857142857142,0.19431571428571429,SL,-1.0422402496099843,0.009469641010489013,1,0.2477876106194691,-2.5585262291416977
HYPEUSDT,LONG,1782270000,1782270900,61.58,60.667142857142856,62.03642857142857,SL,-1.0269834115805947,0.014823922423792513,1,0.26470588235294085,-2.185497382167338
SUIUSDT,LONG,1782349200,1782362700,0.6793,0.6734857142857144,0.6822071428571429,TP2,0.45326683046683997,0.00855923114130091,1,0.19259259259259018,-2.0849797466079707
LABUSDT,SHORT,1782351000,1782352800,16.744,17.36414285714286,16.43392857142857,TP2,0.4891999078553329,0.03703672104293225,1,0.21765704584040738,2.6583403672162738
BILLUSDT,LONG,1782353700,1782355500,0.04351,0.04255571428571429,0.04398714285714286,TP2,0.4817622754491018,0.02193256065929014,1,0.18854415274463113,-2.1390890933212834
SEIUSDT,SHORT,1782354600,1782360000,0.05591,0.05665571428571429,0.05553714285714286,SL,-1.0299900383141762,0.013337762219894207,1,0.2312138728323707,2.669358230982099
ZECUSDT,LONG,1782358200,1782363600,410.32,405.78142857142853,412.5892857142857,TP2,0.46383707900535115,0.01106105339386686,1,0.10540115364446637,-2.0126829247869127
ADAUSDT,SHORT,1782363600,1782364500,0.1489,0.1502,0.14825000000000002,SL,-1.0458153846153848,0.008730691739422375,1,0.11111111111111209,3.214779153173582
AVAXUSDT,SHORT,1782363600,1782364500,6.479,6.548857142857143,6.444071428571428,SL,-1.0370985685071574,0.010782087182766336,1,0.11377245508982065,3.4433626944644486
HYPEUSDT,SHORT,1782364500,1782366300,63.76,64.621,63.329499999999996,TP2,0.47037862950058484,0.013503764115432875,1,0.09282051282051333,2.162860916033457
NEARUSDT,SHORT,1782365400,1782371700,1.966,1.983,1.9575,TP2,0.45374117647058176,0.008646998982706018,1,0.10526315789473684,2.1124154739857177
LABUSDT,SHORT,1782369900,1782376200,17.03,17.77714285714286,16.656428571428574,TP2,0.4908826003824068,0.04387215837597517,1,0.22071129707112994,2.4050843433872284
BILLUSDT,LONG,1782372600,1782385200,0.04301,0.042102857142857136,0.04346357142857143,TP2,0.4810349606299175,0.021091440528780758,1,0.22865013774104795,-2.3853695064202887
TAOUSDT,LONG,1782384300,1782390600,218.7,216.68571428571428,219.70714285714286,SL,-1.0434297872340426,0.009210268469527725,1,0.0927835051546396,-2.003878144434504
ZECUSDT,LONG,1782384300,1782387000,413.14,409.2728571428571,415.0735714285714,TP2,0.457266642039158,0.009360369020532703,1,0.1786666666666678,-2.3984221473274454
AAVEUSDT,SHORT,1782392400,1782395100,83.32,85.38857142857142,82.28571428571428,TP2,0.4838883977900552,0.02482682943556682,1,0.18859649122806937,2.5400566252171437
LABUSDT,SHORT,1782392400,1782395100,17.532,18.115,17.2405,SL,-1.0120288164665523,0.03325347935204195,1,0.21322160148975827,2.2412795787482196
BILLUSDT,LONG,1782395100,1782396000,0.04127,0.039732857142857146,0.04203857142857143,SL,-1.010739405204461,0.03724601059226695,1,0.21789321789321736,-2.9839486947425993
SEIUSDT,LONG,1782395100,1782396000,0.05731,0.055952857142857144,0.05798857142857143,SL,-1.0168913684210525,0.023680733853478544,1,0.2116182572614105,-2.1333840199888123
AAVEUSDT,LONG,1782396000,1782396900,77.95,75.20857142857143,79.32071428571429,TP2,0.48862636789994784,0.035169064418583286,1,0.2256442489000627,-3.1819521460373257
SEIUSDT,SHORT,1782432900,1782433800,0.05734,0.05804,0.05699,TP2,0.4672342857142908,0.012207882804325115,1,0.26869806094182774,2.0944809081526423
DOTUSDT,LONG,1782436500,1782437400,0.8353,0.8270857142857143,0.8394071428571429,SL,-1.0406754782608696,0.009833934771083101,1,0.22292993630573082,-2.5275060376659533
AVAXUSDT,LONG,1782437400,1782440100,6.135,6.071142857142857,6.1669285714285715,SL,-1.0384295302013422,0.010408662242403095,1,0.05570291777188334,-2.066581264490626
ETHUSDT,LONG,1782437400,1782440100,1556.65,1542.0257142857142,1563.962142857143,SL,-1.0425771222037705,0.009394716676379252,1,0.0832765435464066,-2.142735387271642
LINKUSDT,LONG,1782438300,1782440100,7.166,7.104714285714286,7.196642857142858,SL,-1.0467710955710956,0.008552290578525565,1,0.06422018348623879,-2.2585255527370602
LABUSDT,LONG,1782524700,1782525600,17.372,16.35157142857143,17.882214285714284,TP2,0.4931903121937544,0.058739844084076155,1,0.23903050564145417,-2.9135059000402332
NEARUSDT,SHORT,1782527400,1782530100,1.827,1.855,1.813,TP2,0.4739,0.015325670498084289,1,0.13924050632911392,2.8549253910768186
ZECUSDT,LONG,1782530100,1782533700,413.69,408.5314285714286,416.26928571428573,TP2,0.46792212683467727,0.012469654641329049,1,0.2842750766535245,-2.983738993472539
AAVEUSDT,LONG,1782532800,1782533700,92.62,90.22000000000001,93.82000000000001,TP2,0.4845633333333363,0.025912329950334632,1,0.2607407407407413,-2.0905639820622075
BILLUSDT,LONG,1782532800,1782533700,0.04049,0.03980714285714285,0.04083142857142857,TP2,0.4762820083681958,0.016864834350633337,1,0.2960893854748582,-2.206588021478146
ADAUSDT,LONG,1782538200,1782540000,0.1473,0.14589999999999997,0.148,TP2,0.4579142857142857,0.00950441276306857,1,0.04347826086956487,-2.1720221212139728
HYPEUSDT,LONG,1782540900,1782542700,63.287,62.522285714285715,63.669357142857145,TP2,0.46689639454511955,0.012083275960533536,1,0.0836065573770492,-2.1027716053716734
LABUSDT,LONG,1782549000,1782555300,18.559,17.747857142857143,18.96457142857143,SL,-1.0091520253610426,0.04370617259242721,1,0.10815709969788563,-3.1732238303371183
NEARUSDT,LONG,1782549900,1782551700,1.794,1.776857142857143,1.8025714285714287,TP2,0.45814000000000654,0.009555661729574798,1,0.13402061855670067,-2.056883378018636
SUIUSDT,LONG,1782551700,1782567900,0.7019,0.693,0.70635,TP2,0.468453932584276,0.012679868927197656,1,0.15124153498871304,-2.1151733345244814
BILLUSDT,LONG,1782558900,1782565200,0.03973,0.03917142857142857,0.04000928571428571,TP2,0.47154884910485306,0.014059185214483442,1,0.23913043478260854,-2.313446719229414
AAVEUSDT,SHORT,1782561600,1782562500,96.99,98.71142857142857,96.12928571428571,TP2,0.4774629045643113,0.017748516047309756,1,0.17259552042160606,2.7574037055124325
NEARUSDT,SHORT,1782561600,1782562500,1.821,1.836857142857143,1.8130714285714284,TP2,0.454064864864865,0.008707931277947787,1,0.21951219512195122,2.481333342661525
ZECUSDT,SHORT,1782567900,1782569700,410.9,415.2385714285714,408.73071428571427,TP2,0.46211656239710247,0.01055870389041479,1,0.12506709608158764,2.3070561324930363
AVAXUSDT,SHORT,1782569700,1782571500,6.632,6.711285714285713,6.592357142857143,TP2,0.46654126126126116,0.011955023263829028,1,0.2761904761904766,2.709526838685359
BILLUSDT,SHORT,1782575100,1782576900,0.04042,0.041019999999999994,0.040119999999999996,TP2,0.4730533333333391,0.014844136566056392,1,0.048543689320387565,2.075146827217752
SEIUSDT,LONG,1782579600,1782580500,0.05118,0.05067000000000001,0.051435,SL,-1.0401411764705883,0.00996483001172332,1,0.08379888268156277,-2.642802068901235
DOTUSDT,LONG,1782580500,1782588600,0.8365,0.8295571428571429,0.8399714285714286,SL,-1.0481934156378603,0.008299888993254182,1,0.1464968152866228,-2.846829550781988
ZECUSDT,LONG,1782580500,1782588600,405.92,400.2014285714286,408.7792857142857,SL,-1.0283931051711217,0.014087927248155854,1,0.09109009457441497,-2.3448363069307683
ADAUSDT,LONG,1782583200,1782589500,0.1465,0.14515714285714285,0.14717142857142856,SL,-1.0436382978723406,0.009166260360799575,1,0.14814814814814453,-2.2672808050605275
NEARUSDT,SHORT,1782605700,1782609300,1.911,1.9505714285714284,1.8912142857142857,TP2,0.4806830324909774,0.02070718397248999,1,0.24742268041237112,2.300372837641973
BILLUSDT,SHORT,1782606600,1782616500,0.04001,0.040805714285714285,0.03961214285714285,SL,-1.0201127468581688,0.01988788517156425,1,0.08977035490605445,2.317851967974443
SEIUSDT,LONG,1782608400,1782619200,0.05005,0.049628571428571425,0.050260714285714284,TP2,0.4524949152542374,0.008420151277294159,1,0.19354838709677671,-2.469274392078655
ZECUSDT,LONG,1782624600,1782627300,394.48,390.55,396.445,SL,-1.0401506361323156,0.00996248225512062,1,0.2855392156862697,-2.0928648945436863
AAVEUSDT,LONG,1782627300,1782631800,93.32,91.78999999999999,94.085,SL,-1.024397385620915,0.016395199314187734,1,0.014888337468983243,-2.077993445994748
HYPEUSDT,LONG,1782627300,1782628200,61.62,61.02614285714286,61.91692857142857,TP2,0.45849506855906297,0.009637409004497603,1,0.07540983606557237,-2.316693726864828
HYPEUSDT,SHORT,1782630900,1782636300,62.345,62.97114285714286,62.03192857142857,SL,-1.0398279717088752,0.010043192832510331,1,0.21636564688536414,2.196224656227726
ADAUSDT,SHORT,1782636300,1782638100,0.1461,0.1475142857142857,0.14539285714285716,TP2,0.45867878787878774,0.009680258140217038,1,0.11428571428571395,2.2851244245088895
SUIUSDT,SHORT,1782636300,1782640800,0.6874,0.6932428571428572,0.6844785714285715,TP2,0.45294083129583396,0.008499937653269033,1,0.14184397163120466,2.1173778570016557
SOLUSDT,SHORT,1782637200,1782640800,71.87,72.49714285714288,71.55642857142857,TP2,0.4541603644646931,0.00872607286966558,1,0.29919137466307083,2.2904192324751227
DOTUSDT,LONG,1782640800,1782648000,0.8051,0.7978142857142858,0.8087428571428572,TP2,0.4557984313725566,0.009049452596838002,1,0.1533742331288325,-2.029461936866533
LABUSDT,LONG,1782642600,1782643500,16.925,16.39985714285714,17.18757142857143,TP2,0.48710826985854194,0.03102764296265045,1,0.016594516594516377,-2.015417119120541
ZECUSDT,SHORT,1782657000,1782659700,389.86,395.9957142857143,386.7921428571429,TP2,0.47458421420255653,0.015738250360935443,1,0.017667844522968535,2.3896218041278745
ADAUSDT,LONG,1782664200,1782676800,0.1437,0.14237142857142857,0.14436428571428572,SL,-1.0432645161290321,0.009245451834178377,1,0.27999999999999825,-2.0951397064659334
HYPEUSDT,LONG,1782664200,1782666900,62.584,61.770857142857146,62.99057142857143,TP2,0.46921377371749373,0.012992823359690242,1,0.2272182254196647,-2.330970643285838
SUIUSDT,LONG,1782664200,1782676800,0.6828,0.6765571428571429,0.6859214285714286,SL,-1.0437491990846683,0.009143024520880377,1,0.18045112781954942,-2.6035058436317087
NEARUSDT,LONG,1782667800,1782678600,1.824,1.7955714285714286,1.8382142857142858,TP2,0.4743356783919598,0.015585839598997498,1,0.28070175438596656,-2.8540447785949157
AAVEUSDT,SHORT,1782669600,1782672300,89.96,91.33142857142857,89.27428571428571,TP2,0.4737616666666616,0.015244870736200254,1,0.13966480446927362,2.580710404707912
AVAXUSDT,SHORT,1782677700,1782678600,6.397,6.461857142857143,6.364571428571429,SL,-1.0394528634361233,0.010138681078183965,1,0.2313432835820877,3.1797701355518067
SEIUSDT,SHORT,1782678600,1782684000,0.05008,0.05054142857142857,0.049849285714285714,TP2,0.4565869969040247,0.009213829301688717,1,0.1737089201877945,2.9935105576984222
DOTUSDT,SHORT,1782679500,1782682200,0.8121,0.8194,0.80845,TP2,0.4555013698630212,0.00898904075852726,1,0.0607734806629861,2.101478842916371
XLMUSDT,SHORT,1782680400,1782683100,0.17215,0.17407285714285714,0.1711885714285714,TP2,0.46418870728083933,0.011169661009916601,1,0.19321148825065462,2.170632249305425
TAOUSDT,LONG,1782682200,1782684900,204.0,201.9714285714286,205.0142857142857,TP2,0.45977464788732375,0.009943977591036365,1,0.2605042016806717,-2.05701106634581
ADAUSDT,LONG,1782684000,1782684900,0.142,0.14067142857142856,0.14266428571428572,TP2,0.45724731182796785,0.009356136820925641,1,0.24528301886793283,-3.1027125926336
SUIUSDT,LONG,1782684000,1782684900,0.677,0.6710857142857143,0.6799571428571429,TP2,0.4542125603864735,0.008736020257438299,1,0.2111553784860599,-2.7371054371948396
BILLUSDT,SHORT,1782684900,1782685800,0.04386,0.04499142857142858,0.043294285714285716,TP2,0.4844939393939394,0.025796365057651,1,0.07462686567164269,2.329889204586877
ETHUSDT,LONG,1782686700,1782689400,1560.34,1544.9571428571428,1568.0314285714285,TP2,0.45942652303120357,0.009858657179112983,1,0.20087256862389075,-2.641743186020015
XRPUSDT,LONG,1782686700,1782688500,1.0388,1.0292142857142856,1.0435928571428572,TP2,0.4566521609538121,0.009227680290445071,1,0.21311475409835906,-2.666548332378293
LINKUSDT,SHORT,1782690300,1782692100,7.273,7.352571428571428,7.233214285714285,TP2,0.46343913824057437,0.010940661153778118,1,0.08868501529052059,2.0151516546923913
SOLUSDT,SHORT,1782690300,1782692100,71.47,72.57285714285713,70.91857142857143,TP2,0.47407823834197527,0.015431049991005157,1,0.07456140350877265,2.3348097561876338
AAVEUSDT,SHORT,1782691200,1782692100,91.66,93.42857142857143,90.77571428571429,TP2,0.4792691437802868,0.01929490975967085,1,0.21923620933521862,2.417381349545653
NEARUSDT,LONG,1782693000,1782694800,1.808,1.7718571428571428,1.8260714285714286,TP2,0.47999051383398905,0.019990518331226302,1,0.08333333333333344,-2.030252596458693
SEIUSDT,LONG,1782693000,1782693900,0.04897,0.04833,0.04929,TP2,0.46939375000000005,0.013069226056769466,1,0.06707317073170631,-2.271720556255603
DOTUSDT,SHORT,1782694800,1782699300,0.8179,0.8329285714285714,0.8103857142857143,TP2,0.47823079847908745,0.01837458299128429,1,0.1477663230240539,2.1857247476766823
AVAXUSDT,SHORT,1782697500,1782699300,6.51,6.635857142857143,6.447071428571428,TP2,0.4793098751418842,0.019332894448101826,1,0.16850393700787417,2.109463802476698
ETHUSDT,LONG,1782699300,1782700200,1554.81,1531.1585714285713,1566.6357142857141,TP2,0.4737045904807876,0.015211780585041622,1,0.13068783068783255,-2.012395931834728
XRPUSDT,LONG,1782699300,1782700200,1.0342,1.0195285714285713,1.0415357142857142,TP2,0.47180370009736355,0.01418625852971247,1,0.11646586345381399,-2.2279827713990783
HYPEUSDT,SHORT,1782700200,1782710100,62.335,63.426857142857145,61.78907142857143,TP2,0.4771636791835634,0.017515956410638387,1,0.13198809130003356,2.319910265874547
NEARUSDT,SHORT,1782701100,1782710100,1.854,1.8942857142857144,1.8338571428571429,TP2,0.4815914893617049,0.021729079981507204,1,0.16317991631799125,2.0182541052235647
ZECUSDT,SHORT,1782701100,1782709200,381.29,389.4585714285715,377.2057142857143,TP2,0.48132892619797135,0.02142351341123931,1,0.19541455611836836,2.8464064290408473
BILLUSDT,SHORT,1782712800,1782716400,0.0439,0.04500714285714286,0.04334642857142857,TP2,0.4841393548387128,0.02521965506020178,1,0.11764705882352941,3.0190494809031945
XLMUSDT,SHORT,1782714600,1782716400,0.17495,0.17712999999999998,0.17386,TP2,0.4678990825688136,0.01246070305801655,1,0.210445468509984,2.0124450633335496
DOTUSDT,LONG,1782721800,1782725400,0.8114,0.8043857142857144,0.8149071428571428,TP2,0.4537287169042768,0.008644670586992467,1,0.2762430939226504,-2.3384707585110567
LABUSDT,SHORT,1782721800,1782728100,14.686,15.454428571428572,14.301785714285714,TP2,0.49235530767800706,0.05232388474932398,1,0.28610354223433226,2.621794958663604
HYPEUSDT,SHORT,1782729900,1782731700,63.493,64.17657142857142,63.15121428571429,TP2,0.4628463113897647,0.010766091200154742,1,0.23202755058114402,2.265584056021338
BILLUSDT,LONG,1782731700,1782734400,0.04289,0.041895714285714286,0.04338714285714285,TP2,0.48274540229885055,0.02318222695933116,1,0.22727272727272813,-2.257555599129226
AAVEUSDT,SHORT,1782735300,1782737100,93.28,94.62428571428572,92.60785714285714,TP2,0.472243995749203,0.01441129625091891,1,0.239700374531834,2.612615786051273
ADAUSDT,SHORT,1782735300,1782737100,0.1465,0.14824285714285712,0.1456285714285714,TP2,0.46637704918033573,0.011896635787420734,1,0.22222222222222138,2.863588271468946
BTCUSDT,SHORT,1782735300,1782737100,60650.3,61165.385714285716,60392.75714285715,TP2,0.45290080985134235,0.008492715028379316,1,0.28431468599980253,3.4684674722217617
BTCUSDT,LONG,1782740700,1782747900,59428.8,58667.18571428572,59809.607142857145,TP2,0.4687879804175342,0.012815575709324201,1,0.10901928981057754,-2.440915797386238
AAVEUSDT,LONG,1782742500,1782747900,89.77,87.97999999999999,90.66499999999999,TP2,0.4799396648044653,0.019939846273810877,1,0.2097186700767262,-2.9519835092384112
ADAUSDT,LONG,1782742500,1782744300,0.1433,0.14084285714285716,0.14452857142857145,TP2,0.4766720930232614,0.01714684478117831,1,0.1238095238095236,-2.1464373674529935
LABUSDT,SHORT,1782745200,1782746100,15.175,15.737142857142858,14.893928571428573,TP2,0.48920203303684723,0.03704401035537772,1,0.16090584028605473,2.4259503457542606
BILLUSDT,SHORT,1782746100,1782747900,0.04551,0.04684857142857143,0.04484071428571429,SL,-1.0135995731056564,0.02941268794927328,1,0.22028985507246396,3.3828676835564955
TAOUSDT,LONG,1782746100,1782747900,201.8,197.72857142857143,203.8357142857143,TP2,0.48017403508771583,0.020175562792014743,1,0.25423728813559254,-2.0850733594018025
ADAUSDT,SHORT,1782753300,1782767700,0.1477,0.15005714285714286,0.14652142857142858,TP2,0.47493575757575174,0.01595899023116357,1,0.09219858156028318,2.9072775326941276
AVAXUSDT,SHORT,1782753300,1782757800,6.791,6.9192857142857145,6.726857142857143,TP2,0.47882538975501454,0.018890548414918898,1,0.18378378378378368,2.5846427797033953
DOTUSDT,SHORT,1782753300,1782757800,0.8365,0.8489857142857143,0.8302571428571429,TP2,0.4732013729977072,0.014926137819144382,1,0.11392405063291139,2.8794110087410356
LABUSDT,LONG,1782770400,1782773100,14.302,13.934571428571429,14.485714285714286,SL,-1.015569828926905,0.025690712587650055,1,0.27376425855513375,-2.7507900993204273
NEARUSDT,LONG,1782770400,1782771300,1.858,1.8304285714285715,1.8717857142857144,TP2,0.47304455958549224,0.014839304936183304,1,0.14285714285714285,-2.1751412513143316
AAVEUSDT,LONG,1782774900,1782779400,91.45,90.7,91.825,SL,-1.0487733333333333,0.008201202843083653,1,0.22051282051282084,-2.1597211237444243
HYPEUSDT,LONG,1782779400,1782810000,66.078,65.06771428571429,66.58314285714286,SL,-1.0261621040723983,0.015289290146277348,1,0.15491100856954568,-2.4473637932909877
ZECUSDT,LONG,1782780300,1782810000,401.43,395.3771428571428,404.4564285714286,SL,-1.026528298324286,0.015078238155736164,1,0.2789775231379484,-2.7629465840392218
BILLUSDT,LONG,1782783000,1782786600,0.04932,0.046791428571428574,0.050584285714285714,SL,-1.0078020338983051,0.05126868265554392,1,0.2719298245614037,-3.211877907395867
XLMUSDT,SHORT,1782784800,1782785700,0.17719,0.1789542857142857,0.17630785714285713,SL,-1.0401726315789475,0.00995702756524471,1,0.12603062426384165,2.2613918016951047
XLMUSDT,SHORT,1782864000,1782865800,0.18902,0.19185,0.187605,SL,-1.0267166077738517,0.014971960639085808,1,0.15308641975308487,2.583894707762993
AAVEUSDT,SHORT,1782864900,1782866700,86.08,86.96714285714286,85.63642857142857,TP2,0.46118776167471826,0.010306027615507182,1,0.17194570135746604,2.6922180149097192
ADAUSDT,LONG,1782868500,1782869400,0.1428,0.14145714285714286,0.14347142857142858,TP2,0.4574638297872341,0.00940376150460186,1,0.24528301886792372,-3.2804752117911278
DOTUSDT,LONG,1782868500,1782869400,0.812,0.8041571428571429,0.8159214285714286,TP2,0.45858652094716956,0.00965869106263194,1,0.21813031161472887,-2.84839517781022
ZECUSDT,LONG,1782868500,1782869400,390.34,384.12285714285713,393.44857142857137,TP2,0.4748862132352895,0.015927506422971867,1,0.2770167427701667,-2.2674605028607218
ADAUSDT,SHORT,1782870300,1782873900,0.1449,0.14655714285714286,0.14407142857142857,SL,-1.0349758620689655,0.011436458641427585,1,0.17647058823529507,2.5635015634543104
AVAXUSDT,SHORT,1782870300,1782875700,6.572,6.639857142857143,6.5380714285714285,SL,-1.0387402105263157,0.010325189113990137,1,0.08013937282230119,2.281974804554085
BTCUSDT,SHORT,1782870300,1782882000,58865.4,59364.41428571429,58615.89285714286,SL,-1.0471853425324211,0.00847720877993328,1,0.07938337415358201,2.1078746445189607
LABUSDT,LONG,1782872100,1782873000,12.641,12.272285714285715,12.825357142857143,SL,-1.0137135993800852,0.02916812639144733,1,0.18758557736193524,-2.8244788541207386
SUIUSDT,SHORT,1782874800,1782876600,0.7013,0.7103428571428572,0.6967785714285715,TP2,0.46897883096366516,0.012894420565887866,1,0.2621951219512189,2.6865203524626056
BILLUSDT,LONG,1782951300,1782958500,0.04308,0.041915714285714285,0.04366214285714286,SL,-1.014800490797546,0.027026130786576508,1,0.2662721893491123,-2.550716415077577
ETHUSDT,LONG,1782951300,1782956700,1605.82,1590.4957142857143,1613.482142857143,TP2,0.4580843106180741,0.009542966032485426,1,0.26569628503150045,-2.0434403964366257
XLMUSDT,LONG,1782952200,1782954900,0.19291,0.18984714285714285,0.19444142857142857,TP2,0.47480652985074634,0.01587712997178554,1,0.2800361336946705,-2.824688793580295
LABUSDT,SHORT,1782955800,1782957600,9.172,9.496571428571428,9.009714285714287,TP2,0.4886964788732394,0.03538720328951462,1,0.061728395061727635,2.572816589917743
NEARUSDT,SHORT,1782956700,1782963000,1.895,1.9302857142857144,1.8773571428571427,TP2,0.478518218623485,0.018620429702223957,1,0.2970297029702959,2.0890698777362533
ETHUSDT,SHORT,1782963900,1782971100,1634.25,1649.6228571428571,1626.5635714285713,TP2,0.457477000278792,0.009406674096898982,1,0.18487512208734458,2.1195364849906477
LINKUSDT,SHORT,1782963900,1782971100,7.505,7.568857142857143,7.473071428571428,TP2,0.45298881431767357,0.008508613305415474,1,0.1614583333333343,2.3095288994929715
ADAUSDT,SHORT,1782964800,1782965700,0.1561,0.15805714285714287,0.15512142857142855,TP2,0.46809635036496366,0.012537750526219525,1,0.13253012048192603,2.2119630551935288
TAOUSDT,LONG,1782972900,1782973800,203.7,201.38571428571427,204.85714285714286,TP2,0.46479259259259886,0.011361245529139542,1,0.072164948453608,-2.1911790621140756
SEIUSDT,LONG,1782976500,1782981000,0.04718,0.04658428571428571,0.04747785714285714,TP2,0.46832038369303985,0.012626415551383802,1,0.16153846153846438,-2.057474044122078
NEARUSDT,SHORT,1782981000,1782983700,1.934,1.9604285714285714,1.920785714285714,TP2,0.47072864864865294,0.013665238587679146,1,0.21495327102803657,2.476851688320612
ADAUSDT,SHORT,1782982800,1782983700,0.1565,0.15814285714285714,0.15567857142857142,TP2,0.4618956521739217,0.010497489730716628,1,0.14285714285714374,2.0592249037890853
BILLUSDT,LONG,1782983700,1782988200,0.04155,0.040498571428571425,0.04207571428571428,TP2,0.4841929347826054,0.02530514010658412,1,0.15662650602409658,-2.6465511225414975
SOLUSDT,SHORT,1782984600,1782985500,78.77,79.46142857142857,78.42428571428572,SL,-1.0455694214876032,0.008777816064854284,1,0.22181818181818275,2.599428533531145
ETHUSDT,SHORT,1782985500,1782994500,1642.24,1655.5714285714284,1635.5742857142857,SL,-1.0492742391770253,0.008117832089967685,1,0.17851609571354884,2.690782306857958
HYPEUSDT,SHORT,1782985500,1782992700,64.031,64.84628571428573,63.623357142857145,SL,-1.0314152444366567,0.012732671897763838,1,0.07660878447395235,2.2260924060805394
AAVEUSDT,SHORT,1782986400,1782990000,85.59,86.46428571428572,85.15285714285714,SL,-1.0391588235294116,0.010214811476641161,1,0.19241192411923738,2.4083444262151397
SEIUSDT,SHORT,1783036800,1783037700,0.04819,0.048588571428571425,0.04799071428571428,TP2,0.45163727598566333,0.008270832715738342,1,0.26829268292682945,2.82815112989
LABUSDT,LONG,1783038600,1783042200,9.934,9.190571428571428,10.305714285714284,TP2,0.49465503458877663,0.07483677989013203,1,0.08598726114649666,-2.1384584762695087
BILLUSDT,SHORT,1783040400,1783044900,0.0459,0.04704,0.04533,TP2,0.4838947368421082,0.024836601307189503,1,0.2313043478260884,2.032734371875528
ADAUSDT,SHORT,1783041300,1783043100,0.1631,0.16505714285714285,0.16212142857142856,SL,-1.033334306569343,0.011999649645265847,1,0.2600000000000024,2.9867692811145408
TAOUSDT,SHORT,1783041300,1783052100,212.4,214.74285714285713,211.22857142857143,TP2,0.4637365853658597,0.011030400860909319,1,0.21600000000000089,3.1082111540252417
NEARUSDT,SHORT,1783044000,1783046700,1.956,1.9822857142857142,1.9428571428571428,TP2,0.47023478260869556,0.013438504236050213,1,0.2857142857142851,2.107999071156356
AAVEUSDT,LONG,1783048500,1783049400,85.72,84.92285714285714,86.11857142857143,TP2,0.4569863799283156,0.009299380041330622,1,0.08805031446540898,-2.004888979450679
ZECUSDT,LONG,1783048500,1783055700,427.02,421.3685714285714,429.8457142857143,TP2,0.46977613751263914,0.013234575831175563,1,0.20230263157894807,-2.9557672004412248
DOTUSDT,SHORT,1783059300,1783068300,0.8532,0.8609,0.8493499999999999,SL,-1.0443220779220779,0.009024847632442599,1,0.19480519480519246,2.1527671762434
TAOUSDT,SHORT,1783059300,1783061100,214.5,217.07142857142858,213.21428571428572,TP2,0.4666333333333279,0.011988011988012026,1,0.17460317460317337,2.137225237020543
BILLUSDT,LONG,1783062900,1783065600,0.04423,0.04320142857142857,0.04474428571428571,TP2,0.48279944444444106,0.023255062820968286,1,0.21535181236673648,-3.3700420708141903
SEIUSDT,SHORT,1783063800,1783067400,0.04937,0.04993999999999999,0.049085,TP2,0.4653543859649182,0.011545472959286956,1,0.2439024390243915,2.594962881337543
XLMUSDT,SHORT,1783063800,1783065600,0.20043,0.20259571428571427,0.19934714285714286,TP2,0.46298126649076493,0.010805339947683835,1,0.25551470588235464,2.130141345007289
AAVEUSDT,SHORT,1783068300,1783069200,86.58,87.45857142857143,86.14071428571428,TP2,0.4605814634146342,0.010147510147510157,1,0.13772455089820215,2.241178891205914
NEARUSDT,SHORT,1783068300,1783069200,1.969,1.9911428571428573,1.9579285714285715,TP2,0.46443096774193554,0.011245737502720761,1,0.13157894736842143,2.6303381010904863
ADAUSDT,SHORT,1783069200,1783075500,0.1665,0.16835714285714287,0.1655714285714286,SL,-1.0358615384615384,0.011154011154011188,1,0.1466666666666652,2.1234690037426422
SUIUSDT,SHORT,1783073700,1783080900,0.7456,0.7526428571428572,0.7420785714285715,SL,-1.0423464503042597,0.009445892090741877,1,0.2103559870550179,2.6102428074995254
HYPEUSDT,SHORT,1783074600,1783077300,68.423,69.26442857142857,68.00228571428572,SL,-1.0325270628183365,0.012297452193393529,1,0.21371261852662213,2.395521896087068
SOLUSDT,SHORT,1783076400,1783088100,81.52,82.30571428571427,81.12714285714286,TP2,0.45849890909090896,0.009638300855180124,1,0.1380471380471424,2.315479601104849
AAVEUSDT,SHORT,1783124100,1783125000,88.08,88.91571428571427,87.66214285714285,TP2,0.45784205128205946,0.009488127676138498,1,0.12182741116751333,2.8702875653014384
DOTUSDT,LONG,1783125900,1783127700,0.8767,0.8689714285714286,0.8805642857142858,SL,-1.04537449168207,0.008815525754045244,1,0.16249999999999762,-2.3732671996289105
HYPEUSDT,SHORT,1783125900,1783127700,71.228,71.96371428571427,70.86014285714285,TP2,0.46127409708738804,0.010329003842790483,1,0.2795242141036514,2.1145508578222865
AVAXUSDT,LONG,1783127700,1783136700,6.888,6.827571428571428,6.918214285714286,TP2,0.4544056737588653,0.008773021403683443,1,0.23913043478260596,-2.5585194140855183
SEIUSDT,LONG,1783127700,1783128600,0.04963,0.04917285714285714,0.04985857142857143,TP2,0.4565737500000078,0.009211018681097327,1,0.26400000000000085,-2.005286419371188
NEARUSDT,LONG,1783128600,1783149300,2.015,1.985285714285714,2.0298571428571432,SL,-1.0271249999999998,0.01474654377880195,1,0.11267605633802799,-2.4602903135116203
XLMUSDT,SHORT,1783129500,1783130400,0.20599,0.20855285714285715,0.20470857142857143,TP2,0.4678499442586399,0.012441658055522813,1,0.03410852713178257,2.049436490413337
LABUSDT,SHORT,1783133100,1783134000,6.447,6.820571428571428,6.2602142857142855,SL,-1.0069030975143403,0.05794500210507655,1,0.27463863337713523,3.570156873009504
BILLUSDT,SHORT,1783138500,1783139400,0.04229,0.04331428571428572,0.041777857142857144,TP2,0.4834850767085043,0.024220518190723992,1,0.25688073394495303,3.483820077215015
HYPEUSDT,SHORT,1783139400,1783142100,71.905,72.81885714285714,71.44807142857142,TP2,0.46852680944193376,0.012709229439637657,1,0.2600200400801592,2.305334378380178
XRPUSDT,SHORT,1783140300,1783143000,1.1452,1.1557428571428572,1.1399285714285714,TP2,0.45655067750677497,0.009206127438750544,1,0.25339366515836687,3.0343327328272456
AAVEUSDT,LONG,1783146600,1783163700,87.6,86.49,88.15499999999999,TP2,0.46843243243242594,0.012671232876712277,1,0.11073253833049439,-2.7991596243443904
SEIUSDT,LONG,1783146600,1783155600,0.04949,0.04907285714285714,0.049698571428571425,TP2,0.45254383561643,0.008428831221314548,1,0.029702970297028477,-2.0685676254462204
TAOUSDT,LONG,1783151100,1783152000,212.6,210.88571428571427,213.45714285714286,TP2,0.4503933333333333,0.00806343233436366,1,0.17857142857142785,-2.7105298701102005
ZECUSDT,LONG,1783156500,1783162800,458.38,453.3242857142857,460.90785714285715,TP2,0.4637337100875955,0.011029526344330704,1,0.1432280398096066,-2.3783501038471453
HYPEUSDT,LONG,1783158300,1783160100,70.789,70.09528571428572,71.13585714285715,TP2,0.45918261943987826,0.009799746934047423,1,0.26177285318559773,-2.304703334242665
ADAUSDT,SHORT,1783165500,1783171800,0.1769,0.17835714285714285,0.17617142857142856,SL,-1.0485607843137255,0.008237099248970375,1,0.014925373134330832,2.089404855029663
BILLUSDT,SHORT,1783168200,1783172700,0.04286,0.04369714285714286,0.042441428571428574,TP2,0.47952081911262795,0.019532031197920127,1,0.23960396039603954,2.7039077392230166
XLMUSDT,LONG,1783169100,1783171800,0.20365,0.20097428571428572,0.20498785714285714,TP2,0.469555792845702,0.013138788537757316,1,0.26145038167938817,-2.584625129917238
XRPUSDT,SHORT,1783170900,1783171800,1.1509,1.1607,1.1460000000000001,SL,-1.0469755102040819,0.008515075158571497,1,0.10894941634241365,2.1073651823994286
NEARUSDT,SHORT,1783174500,1783175400,1.992,2.0127142857142855,1.9816428571428573,SL,-1.0384662068965518,0.010398737808376333,1,0.23711340206185533,2.8366034273776672
XLMUSDT,SHORT,1783178100,1783180800,0.20847,0.21117142857142857,0.2071192857142857,SL,-1.0308681121099947,0.012958356461018722,1,0.192619926199262,2.772925215331978
HYPEUSDT,LONG,1783184400,1783187100,70.236,69.47900000000001,70.6145,TP2,0.46288718626156805,0.010777948630331978,1,0.225889967637537,-2.1282186449816507
BILLUSDT,LONG,1783185300,1783188000,0.04203,0.04128285714285714,0.04240357142857143,TP2,0.47749827915870446,0.017776418204683724,1,0.24079320113314606,-2.4793576481774107
NEARUSDT,LONG,1783192500,1783194300,1.993,1.9642857142857144,2.007357142857143,TP2,0.4722368159203941,0.014407569349867382,1,0.1612903225806425,-2.3051554291033
ZECUSDT,SHORT,1783193400,1783195200,472.1,477.77857142857147,469.2607142857143,TP2,0.46674515723270443,0.012028323297122298,1,0.27419354838709736,2.279831381844825
LINKUSDT,LONG,1783197000,1783200600,8.03,7.961857142857142,8.064071428571427,TP2,0.4528637316561782,0.008486034513431811,1,0.09569377990430517,-2.030242415292142
XRPUSDT,LONG,1783197000,1783200600,1.1598,1.1488571428571428,1.1652714285714285,TP2,0.457605221932115,0.009435124282511791,1,0.21639344262294874,-2.388651494449843
AAVEUSDT,LONG,1783203300,1783206900,88.91,88.07,89.33,SL,-1.0423380952380952,0.009447756157912489,1,0.09795918367347094,-2.152185581753738
DOTUSDT,LONG,1783204200,1783207800,0.885,0.8772857142857143,0.8888571428571429,SL,-1.0458888888888889,0.008716707021791776,1,0.19486081370449734,-2.0453110222321746
LABUSDT,LONG,1783205100,1783206900,14.782,13.475,15.435500000000001,TP2,0.49547605202754463,0.08841834663780276,1,0.21587512454334137,-2.1290679686820098
BILLUSDT,LONG,1783207800,1783213200,0.04166,0.04112285714285715,0.04192857142857143,TP2,0.4689765957446872,0.012893491530073357,1,0.2999999999999977,-2.2760118892046393
SUIUSDT,LONG,1783209600,1783211400,0.7615,0.7546142857142857,0.7649428571428571,SL,-1.0442365145228216,0.009042303723853281,1,0.28374655647383246,-2.1088605505635813
HYPEUSDT,LONG,1783210500,1783215000,69.516,68.92414285714285,69.81192857142858,SL,-1.0469816075307747,0.008513970062390599,1,0.08211678832116676,-2.3507067848450616
NEARUSDT,LONG,1783215000,1783230300,1.98,1.957,1.9915,SL,-1.0344347826086957,0.011616161616161602,1,0.16279069767441945,-2.254212151556072
SEIUSDT,LONG,1783215000,1783217700,0.04966,0.049190000000000005,0.049895,SL,-1.042263829787234,0.009464357631896902,1,0.17346938775510237,-2.4759264650444766
ADAUSDT,LONG,1783217700,1783226700,0.19,0.18665714285714285,0.19167142857142858,TP2,0.4772649572649573,0.01759398496240604,1,0.17647058823529455,-2.3587704889591325
ADAUSDT,SHORT,1783237500,1783239300,0.1925,0.195,0.19125,TP2,0.46920000000000006,0.012987012987013019,1,0.09734513274336387,2.1461251495718
ZECUSDT,SHORT,1783238400,1783242900,458.93,462.62142857142857,457.0842857142857,TP2,0.4502707430340557,0.0080435547282343,1,0.1744804253262467,2.2509829565055925
AAVEUSDT,SHORT,1783239300,1783244700,88.08,88.81142857142856,87.71428571428571,TP2,0.4518312500000098,0.008304139094329838,1,0.22043010752687994,2.2873312086296407
ZECUSDT,LONG,1783244700,1783246500,452.35,448.18,454.435,TP2,0.45660911270982524,0.009218525478059007,1,0.1837563451776669,-2.2720384443182584
ADAUSDT,LONG,1783246500,1783256400,0.186,0.18255714285714286,0.18772142857142857,TP2,0.47839004149377595,0.018509984639016906,1,0.2340425531914902,-2.1968744914481575
TAOUSDT,LONG,1783246500,1783248300,209.4,207.44285714285715,210.37857142857143,TP2,0.45720291970802923,0.009346431982535146,1,0.2916666666666689,-2.3182423469447264
BILLUSDT,LONG,1783250100,1783258200,0.04002,0.03935142857142857,0.04035428571428571,TP2,0.476056410256405,0.016705932747911698,1,0.19391634980988615,-2.0893278946835925
HYPEUSDT,SHORT,1783254600,1783260900,69.31,69.92871428571429,69.00064285714286,TP2,0.4551909489725122,0.008926767937011774,1,0.27255580006287494,2.833853263372551
ZECUSDT,SHORT,1783254600,1783277100,462.92,468.2971428571429,460.2314285714286,TP2,0.4655638682252922,0.011615706508992601,1,0.23548983364140438,2.8751023493348247
AAVEUSDT,SHORT,1783255500,1783256400,88.57,89.62857142857142,88.04071428571427,TP2,0.4665322537112077,0.011951805674285065,1,0.1796116504854373,2.0885408618743995
ADAUSDT,SHORT,1783262700,1783265400,0.1898,0.19214285714285714,0.18862857142857142,TP2,0.4675951219512195,0.012343820562998644,1,0.1967213114754093,2.2816275680243745
SEIUSDT,SHORT,1783272600,1783277100,0.04889,0.04931714285714286,0.04867642857142857,SL,-1.0457832775919733,0.008736814423048805,1,0.24031007751938102,2.5684900489330107
LABUSDT,SHORT,1783274400,1783275300,16.594,17.284428571428574,16.248785714285717,TP2,0.4903862611214541,0.0416071213347337,1,0.22859387274155465,3.3940238386712394
NEARUSDT,SHORT,1783277100,1783278900,1.994,2.015285714285714,1.9833571428571428,TP2,0.46252885906040786,0.010674881788221794,1,0.13761467889908316,2.5375086419517
ZECUSDT,LONG,1783278000,1783280700,458.49,454.76,460.355,TP2,0.4508321715817696,0.008135400990207006,1,0.18014705882353185,-2.578125416443842
ADAUSDT,LONG,1783284300,1783287000,0.1879,0.18614285714285717,0.18877857142857143,TP2,0.4572260162601625,0.009351478750095019,1,0.15789473684210373,-2.231757269926476
ADAUSDT,SHORT,1783290600,1783291500,0.1918,0.19392857142857142,0.1907357142857143,TP2,0.4639570469798658,0.011097869804856246,1,0.20000000000000132,2.62891159674572
ZECUSDT,SHORT,1783290600,1783291500,465.22,469.38,463.14000000000004,TP2,0.4552673076923075,0.008942005932676978,1,0.23662153449387416,2.0510814848955135
DOTUSDT,SHORT,1783293300,1783294200,0.889,0.8966714285714286,0.8851642857142857,TP2,0.45364618249534455,0.008629278483046775,1,0.2506887052341605,2.5662520005104343
DOTUSDT,LONG,1783297800,1783299600,0.8748,0.8649571428571429,0.8797214285714285,TP2,0.4644493468795299,0.011251551375008158,1,0.15439429928740964,-2.0696210425461445
LABUSDT,LONG,1783297800,1783298700,16.043,15.469,16.33,TP2,0.4888202090592319,0.03577884435579378,1,0.2989281460897167,-3.004156968948152
SEIUSDT,LONG,1783297800,1783299600,0.04931,0.04868714285714286,0.04962142857142857,TP2,0.46833302752294137,0.012631456963235515,1,0.1073825503355688,-2.3817410452557817
BILLUSDT,SHORT,1783302300,1783303200,0.04367,0.04453571428571428,0.043237142857142856,SL,-1.0201775577557757,0.01982400471065457,1,0.18706697459584343,3.128903062420362
NEARUSDT,LONG,1783303200,1783305000,2.003,1.9667142857142859,2.0211428571428574,TP2,0.4779196850393732,0.01811568361743101,1,0.13513513513513514,-2.043010310554537
ZECUSDT,LONG,1783303200,1783312200,459.3,453.32,462.29,SL,-1.0307224080267559,0.013019812758545652,1,0.09576242909576213,-2.5192591969220137
AAVEUSDT,LONG,1783304100,1783305000,87.97,86.98714285714286,88.46142857142857,TP2,0.4641982558139535,0.011172640023384611,1,0.11233885819521125,-2.696610087235078
SOLUSDT,LONG,1783308600,1783340100,80.65,79.75142857142858,81.09928571428573,SL,-1.035901430842607,0.011141617217252714,1,0.24087591240875625,-2.2111877852157105
AVAXUSDT,SHORT,1783313100,1783314900,6.951,7.015714285714285,6.918642857142856,TP2,0.4570357615894108,0.00931006843825142,1,0.1111111111111111,2.365083404224049
ADAUSDT,LONG,1783314000,1783316700,0.1865,0.18434285714285711,0.18757857142857143,SL,-1.0345827814569533,0.011566449636154838,1,0.23333333333333126,-2.1151407579733905
SEIUSDT,LONG,1783314900,1783325700,0.04879,0.04833428571428571,0.04901785714285714,TP2,0.4571749216300866,0.009340321494451475,1,0.22270742358078685,-2.064677381994317
AAVEUSDT,SHORT,1783317600,1783325700,89.72,90.94285714285715,89.10857142857142,SL,-1.0293476635514018,0.013629705114323978,1,0.06287425149700658,2.2045858014275685
XLMUSDT,SHORT,1783323000,1783324800,0.20206,0.2042642857142857,0.20095785714285713,TP2,0.4633332469215812,0.010909065199869873,1,0.23156801661474594,3.5089598377566134
SEIUSDT,SHORT,1783331100,1783337400,0.04927,0.049698571428571425,0.049055714285714286,SL,-1.0459853333333335,0.008698425584969088,1,0.10576923076922987,2.306971879468727
NEARUSDT,SHORT,1783334700,1783336500,2.006,2.027285714285714,1.9953571428571426,SL,-1.037696644295302,0.010611024070645195,1,0.2765957446808507,2.9346445482423333
HYPEUSDT,SHORT,1783386000,1783386900,71.953,72.70885714285714,71.57507142857143,TP2,0.4619224343224343,0.010504873220812786,1,0.20429146177916868,2.4718180017721822
AVAXUSDT,LONG,1783387800,1783395000,6.834,6.777285714285714,6.862357142857142,SL,-1.0481994962216625,0.00829884192482964,1,0.21489971346704856,-2.3120280066880485
TAOUSDT,LONG,1783387800,1783389600,213.3,210.95714285714288,214.4714285714286,TP2,0.4635829268292743,0.010983859085124892,1,0.16666666666666746,-2.1377563756896545
ZECUSDT,LONG,1783391400,1783393200,451.72,446.3728571428572,454.3935714285715,SL,-1.0337915041410635,0.011837294910880283,1,0.14460999123575652,-2.1258581255891666
LABUSDT,SHORT,1783392300,1783394100,14.749,15.584285714285715,14.331357142857144,TP2,0.4929370275354883,0.056633379502726594,1,0.11777707609725271,2.8157668617205105
NEARUSDT,LONG,1783393200,1783399500,2.033,2.0002857142857144,2.0493571428571427,SL,-1.0248576419213975,0.016091630946525166,1,0.2839506172839508,-2.3960552544737457
BILLUSDT,SHORT,1783403100,1783404900,0.04431,0.04517142857142857,0.04387928571428572,SL,-1.0205751243781094,0.019440951736144674,1,0.2854368932038832,3.6485957014250374
AAVEUSDT,LONG,1783468800,1783475100,89.88,88.91999999999999,90.36,SL,-1.0374499999999998,0.010680907877169602,1,0.2222222222222239,-2.5869869018762883
BILLUSDT,SHORT,1783471500,1783475100,0.04055,0.04150285714285715,0.04007357142857143,TP2,0.4829775112443778,0.023498326580940622,1,0.09134615384615519,2.0128206441055987
LABUSDT,LONG,1783475100,1783477800,5.138,4.054428571428572,5.679785714285714,SL,-1.0018966908371787,0.21089362175387863,1,0.0957490713990922,-2.175985143873757
BILLUSDT,LONG,1783476000,1783477800,0.03916,0.038105714285714284,0.03968714285714286,SL,-1.0148574525745258,0.026922515686560622,1,0.20467836257309868,-2.8901920519917055
SUIUSDT,LONG,1783477800,1783480500,0.7142,0.7064285714285714,0.7180857142857142,TP2,0.4632397058823528,0.01088130575669076,1,0.24615384615384658,-2.2611486998408954
ZECUSDT,LONG,1783493100,1783494000,474.33,467.7814285714286,477.6042857142857,TP2,0.47102696335078964,0.013805939806825242,1,0.0972636141966956,-2.4060537086588054
AAVEUSDT,SHORT,1783495800,1783499400,89.07,90.02428571428571,88.59285714285714,TP2,0.46266526946107045,0.010713884745545249,1,0.14511873350923385,2.502012285502375
AVAXUSDT,SHORT,1783496700,1783499400,6.445,6.501428571428572,6.416785714285714,TP2,0.45431392405064086,0.008755402859359425,1,0.16605166051660442,2.3520529854301757
DOTUSDT,LONG,1783499400,1783501200,0.8253,0.8172857142857143,0.8293071428571429,TP2,0.45880855614973265,0.009710754530819968,1,0.19689119170984487,-2.679539254468063
HYPEUSDT,LONG,1783499400,1783501200,67.806,67.14228571428572,68.13785714285714,TP2,0.4591354283254518,0.00978843001672837,1,0.1131131131131132,-2.1442570857270846
NEARUSDT,LONG,1783499400,1783503000,1.889,1.8648571428571428,1.9010714285714285,SL,-1.0312970414201184,0.012780760795583473,1,0.27272727272727476,-2.2509207760946612
BILLUSDT,SHORT,1783503900,1783506600,0.03775,0.038997142857142855,0.037126428571428574,TP2,0.48789232531500293,0.03303689687795646,1,0.1610337972167006,2.316743662475794
HYPEUSDT,SHORT,1783511100,1783515600,68.569,69.45757142857144,68.12471428571429,TP2,0.4691329260450083,0.012958792290560376,1,0.12862318840579778,2.4512076070425195
BILLUSDT,LONG,1783515600,1783528200,0.03649,0.03549142857142858,0.03698928571428572,TP2,0.4853831187410621,0.02736561876052146,1,0.1941391941391929,-2.00978142758214
ADAUSDT,SHORT,1783518300,1783519200,0.168,0.16992857142857146,0.1670357142857143,TP2,0.46515555555555566,0.011479591836734727,1,0.2972972972973009,2.2466981144914375
AAVEUSDT,LONG,1783521900,1783522800,86.26,85.04,86.87,TP2,0.4717180327868852,0.014143287734755353,1,0.21772639691714638,-2.861643449593057
DOTUSDT,LONG,1783521900,1783530000,0.8218,0.8134857142857143,0.8259571428571428,TP2,0.46046323024054986,0.010117164412613433,1,0.0623441396508737,-2.1024489409446745
ADAUSDT,LONG,1783523700,1783527300,0.1649,0.16267142857142858,0.1660142857142857,TP2,0.47040256410256404,0.013514684224205124,1,0.20481927710843728,-3.03012282910524
BILLUSDT,SHORT,1783529100,1783536300,0.03738,0.038329999999999996,0.03690499999999999,SL,-1.015738947368421,0.025414660246120935,1,0.10416666666666678,2.4925892352014567
SEIUSDT,SHORT,1783530000,1783545300,0.04673,0.04729285714285714,0.04644857142857143,TP2,0.4667908629441624,0.012044877869829697,1,0.12727272727272715,2.1137561268423117
XLMUSDT,SHORT,1783530000,1783530900,0.18303,0.18487142857142858,0.18210928571428572,TP2,0.46024173778121824,0.010060801898205613,1,0.008108108108108757,2.1590336367459066
XRPUSDT,SHORT,1783531800,1783533600,1.0915,1.101142857142857,1.0866785714285714,TP2,0.4547229629629629,0.008834500359924077,1,0.16247139588100312,2.447471057923337
LABUSDT,SHORT,1783540800,1783556100,1.347,1.6328571428571428,1.2040714285714287,TP2,0.49811514242878524,0.21221762647152395,1,0.16393442622950824,2.737737871534937
TAOUSDT,LONG,1783544400,1783548000,202.8,201.07142857142858,203.6642857142857,TP2,0.45307107438015704,0.00852352775429698,1,0.0561797752808983,-2.6627035097570713
NEARUSDT,LONG,1783545300,1783547100,1.861,1.8432857142857144,1.8698571428571429,TP2,0.45797741935484465,0.009518691947493607,1,0.05000000000000028,-2.19564755479354
NEARUSDT,SHORT,1783548900,1783557000,1.893,1.9108571428571428,1.8840714285714286,TP2,0.45759679999999986,0.009433250320730478,1,0.14893617021276667,2.236664637347749
LABUSDT,LONG,1783557000,1783559700,1.14,0.9472857142857143,1.2363571428571427,TP2,0.4976338028169014,0.16904761904761903,1,0.08691674290942357,-2.155196320005924
HYPEUSDT,SHORT,1783559700,1783561500,68.285,68.97871428571429,67.93814285714285,TP2,0.4606264415156508,0.010159102082657787,1,0.2860360360360393,2.45798184728055
SEIUSDT,SHORT,1783559700,1783560600,0.04746,0.047901428571428574,0.04723928571428572,SL,-1.0430058252427183,0.009301065558966957,1,0.14634146341463278,2.3905614889493143
ZECUSDT,SHORT,1783559700,1783561500,467.73,472.6157142857143,465.2871428571429,TP2,0.4617063157894679,0.010445586739602532,1,0.040471512770138524,2.086267348236197
AAVEUSDT,LONG,1783561500,1783562400,87.07,86.19857142857143,87.50571428571428,TP2,0.46003344262295087,0.010008367651643191,1,0.14732142857142816,-2.7916205743800653
BILLUSDT,LONG,1783562400,1783566900,0.03689,0.036044285714285716,0.03731285714285714,TP2,0.482552027027027,0.022925299151918786,1,0.2934131736526961,-2.5096278767413103
ZECUSDT,LONG,1783562400,1783563300,458.8,452.89,461.755,TP2,0.46894754653129805,0.01288142981691369,1,0.02625975869410956,-2.317108856133507
SUIUSDT,SHORT,1783563300,1783565100,0.7153,0.7221714285714287,0.7118642857142857,TP2,0.4583609147609149,0.009606358970262255,1,0.25795053003534074,2.075825323245402
ETHUSDT,LONG,1783565100,1783568700,1725.71,1710.6342857142859,1733.2478571428571,TP2,0.4542121861082157,0.008735948847555082,1,0.2023141654978941,-2.7857306432574966
TAOUSDT,LONG,1783565100,1783571400,202.2,200.05714285714285,203.27142857142854,TP2,0.46225599999999334,0.01059771089444678,1,0.17073170731707468,-2.646860958026802
XLMUSDT,SHORT,1783571400,1783572300,0.18224,0.18407428571428572,0.18132285714285715,SL,-1.0397408099688474,0.010065220117897898,1,0.13938053097345138,2.1610572430444095
NEARUSDT,SHORT,1783572300,1783590300,1.917,1.945857142857143,1.9025714285714286,TP2,0.4734277227722772,0.015053282658916442,1,0.17105263157894762,2.4623480450043664
ADAUSDT,SHORT,1783573200,1783575000,0.1682,0.16978571428571426,0.16740714285714284,TP2,0.45757117117117996,0.00942755223373535,1,0.17073170731707615,2.081856392844624
DOTUSDT,SHORT,1783573200,1783590300,0.8333,0.8406428571428571,0.8296285714285715,TP2,0.45460622568093384,0.008811781042670278,1,0.2029339853300752,2.1262014391945527
AAVEUSDT,SHORT,1783576800,1783597500,88.37,89.11428571428571,87.99785714285714,SL,-1.0474925143953935,0.008422379928547193,1,0.039800995024878064,2.0911773246920506
HYPEUSDT,LONG,1783593900,1783604700,67.453,66.82000000000001,67.76950000000001,TP2,0.4573756714060143,0.00938431203949416,1,0.16587677725118705,-2.259788838581372
TAOUSDT,LONG,1783595700,1783599300,205.0,203.35714285714286,205.82142857142858,TP2,0.4500869565217479,0.008013937282229985,1,0.2835820895522365,-2.83551634868695
BILLUSDT,LONG,1783597500,1783605600,0.03764,0.03684571428571429,0.03803714285714286,TP2,0.4810446043165511,0.021102170942766087,1,0.09234828496042094,-2.0498217129164895
ADAUSDT,SHORT,1783598400,1783599300,0.1694,0.1709857142857143,0.16860714285714284,TP2,0.4572684684684687,0.009360769101028886,1,0.1428571428571416,2.2177286259643414
AAVEUSDT,SHORT,1783599300,1783600200,89.59,90.51571428571428,89.12714285714286,SL,-1.0387117283950618,0.010332785865769441,1,0.2660550458715615,2.462347621829738
NEARUSDT,SHORT,1783602900,1783604700,1.929,1.9542857142857144,1.9163571428571429,TP2,0.46948474576271193,0.013108198178182645,1,0.029702970297028442,2.0950208869536597
ZECUSDT,SHORT,1783604700,1783606500,470.75,476.68428571428575,467.78285714285715,TP2,0.4682691381800627,0.012606023822168314,1,0.14275065225493738,2.3724435676054383
LINKUSDT,LONG,1783607400,1783611000,7.699,7.630857142857143,7.733071428571428,TP2,0.4548067085953813,0.00885087117065295,1,0.08724832214765033,-2.111953444800062
HYPEUSDT,SHORT,1783610100,1783611000,68.617,69.48614285714287,68.18242857142857,TP2,0.4684208415516109,0.012666582000712063,1,0.22391084093211638,2.947284284499668
ADAUSDT,LONG,1783611000,1783614600,0.1674,0.16525714285714285,0.16847142857142858,SL,-1.031248,0.012800819252432167,1,0.009708737864079293,-2.305687313948073
LABUSDT,SHORT,1783611900,1783614600,0.968,1.0827142857142857,0.9106428571428571,SL,-1.0033753424657534,0.11850649350649353,1,0.1826484018264838,2.224798891668342
SEIUSDT,LONG,1783612800,1783615500,0.0473,0.04680571428571429,0.04754714285714286,TP2,0.46172254335260104,0.010450015101177863,1,0.09090909090909201,-2.13707069027423
BILLUSDT,LONG,1783613700,1783615500,0.03699,0.036185714285714286,0.03739214285714286,TP2,0.48160355239786856,0.021743328312671364,1,0.264516129032258,-2.049199644823356
SUIUSDT,LONG,1783617300,1783619100,0.7147,0.7088,0.71765,TP2,0.45154576271186453,0.008255211977053332,1,0.20361990950226003,-2.386129495218253
ZECUSDT,SHORT,1783618200,1783620900,470.93,477.31,467.74,SL,-1.0295253918495297,0.013547661011190613,1,0.18672739102147065,2.0598471227416466
ETHUSDT,SHORT,1783619100,1783639800,1748.77,1762.98,1741.665,TP2,0.45077353976073187,0.008125711214167674,1,0.1553514376996795,2.0475343746010246
LINKUSDT,SHORT,1783619100,1783639800,7.758,7.823285714285714,7.725357142857143,TP2,0.45246739606126923,0.008415276396714926,1,0.15624999999999975,2.0220907892966546
HYPEUSDT,LONG,1783624500,1783625400,66.66,65.88957142857143,67.04521428571428,TP2,0.4653906916373075,0.011557584329861528,1,0.18568920105355355,-2.1628197342318902
LABUSDT,SHORT,1783629000,1783630800,1.106,1.202857142857143,1.0575714285714286,TP2,0.4954324483775811,0.08757427021441488,1,0.24773960216998173,2.3550039856771154
BILLUSDT,SHORT,1783636200,1783637100,0.03867,0.03945571428571429,0.03827714285714286,TP2,0.48031345454545904,0.020318445454209653,1,0.22458628841607528,2.713337008931961
TAOUSDT,SHORT,1783638000,1783638900,212.2,214.3,211.14999999999998,SL,-1.0404190476190474,0.009896324222431719,1,0.16176470588235184,2.4140356871670714
NEARUSDT,LONG,1783644300,1783646100,1.912,1.8964285714285714,1.9197857142857142,TP2,0.45088440366972454,0.008144052600119512,1,0.1600000000000007,-2.0608393492771984
LABUSDT,SHORT,1783646100,1783648800,1.258,1.3852857142857142,1.194357142857143,TP2,0.49604668911335575,0.1011810129457188,1,0.292307692307692,2.1633644091466335
AAVEUSDT,SHORT,1783647000,1783648800,91.94,92.82714285714285,91.49642857142857,SL,-1.041454428341385,0.009649150066813729,1,0.18556701030927827,2.555273960945627
NEARUSDT,SHORT,1783647000,1783648800,1.935,1.954,1.9255,SL,-1.0407368421052632,0.009819121447028407,1,0.11428571428571464,2.4734322786429668
SUIUSDT,SHORT,1783649700,1783666800,0.7252,0.7314857142857142,0.7220571428571428,TP2,0.45385090909090875,0.008667559687967794,1,0.29906542056075086,2.5897537174210927
ZECUSDT,SHORT,1783650600,1783663200,490.64,499.0471428571429,486.43642857142856,SL,-1.0233439592183518,0.01713505392373815,1,0.10053577056413494,2.0283611067173215
BILLUSDT,LONG,1783658700,1783660500,0.03772,0.037047142857142855,0.03805642857142857,TP2,0.47757622080679396,0.01783820633237383,1,0.05369127516778581,-2.013911287543102
DOTUSDT,SHORT,1783671300,1783673100,0.8534,0.8604857142857143,0.8498571428571429,SL,-1.048175806451613,0.008302922762730605,1,0.2569974554707386,2.9269787144632193
XLMUSDT,SHORT,1783671300,1783673100,0.19112,0.1927542857142857,0.19030285714285716,SL,-1.0467776223776224,0.008551097291155876,1,0.11999999999999968,2.1153552038998282
AAVEUSDT,SHORT,1783672200,1783676700,94.82,95.88857142857142,94.28571428571428,SL,-1.035494117647059,0.011269472986410328,1,0.2471910112359561,2.001575283891888
ADAUSDT,SHORT,1783676700,1783678500,0.1687,0.1701285714285714,0.16798571428571427,TP2,0.4527640000000098,0.00846811753747143,1,0.22222222222222437,2.490834890509779
AAVEUSDT,LONG,1783728900,1783754100,94.95,93.88142857142857,95.48428571428572,TP2,0.4644572192513369,0.011254043481531618,1,0.2716535433070851,-2.482127289419926
ZECUSDT,SHORT,1783737000,1783738800,504.05,509.4485714285714,501.3507142857143,SL,-1.0373469171738556,0.01071038870860316,1,0.1648258283772303,2.4381891811675205
XLMUSDT,SHORT,1783737900,1783739700,0.19172,0.19355428571428573,0.19080285714285714,TP2,0.4581919003115266,0.009567524067837058,1,0.29093799682034355,2.2593761034115865
XLMUSDT,LONG,1783745100,1783746900,0.18961,0.18800999999999998,0.19041,TP2,0.45259749999999155,0.008438373503507231,1,0.12517193947730273,-2.2161064849920007
NEARUSDT,LONG,1783753200,1783763100,1.886,1.869142857142857,1.8944285714285714,TP2,0.4552474576271188,0.008938039690955957,1,0.17460317460317606,-2.8270598505079305
ZECUSDT,SHORT,1783767600,1783777500,504.1,509.0057142857143,501.64714285714285,TP2,0.45889691322073956,0.009731629211891057,1,0.19651162790697335,2.5168575219319833
NEARUSDT,SHORT,1783772100,1783773900,1.904,1.9192857142857143,1.8963571428571426,TP2,0.45017570093458686,0.008028211284513838,1,0.2777777777777795,2.024147947865158
BILLUSDT,SHORT,1783777500,1783780200,0.04,0.040760000000000005,0.03962,TP2,0.4789473684210481,0.01900000000000007,1,0.2551020408163259,2.0385939565659674
ZECUSDT,SHORT,1783783800,1783784700,506.87,511.34000000000003,504.635,SL,-1.0453574944071589,0.008818829285615648,1,0.2240663900414931,2.2208653878852473
BILLUSDT,SHORT,1783791000,1783792800,0.04044,0.04130571428571428,0.04000714285714285,TP2,0.4813148514851525,0.02140737600678252,1,0.18565400843881827,2.1311417410450475
ADAUSDT,LONG,1783806300,1783811700,0.1695,0.16792857142857143,0.1702857142857143,SL,-1.0431454545454544,0.009270965023177443,1,0.1494252873563211,-2.3077993121330835
AAVEUSDT,LONG,1783810800,1783812600,99.98,98.75428571428573,100.59285714285714,SL,-1.0326275058275058,0.012259594776098032,1,0.1333333333333326,-2.0725098647390965
NEARUSDT,LONG,1783811700,1783812600,1.89,1.8739999999999999,1.898,SL,-1.04725,0.008465608465608473,1,0.28358208955224,-2.299505852038196
ZECUSDT,LONG,1783815300,1783821600,506.26,495.87,511.455,TP2,0.4805097208854668,0.0205230513965156,1,0.18122743682310424,-2.0211622734552552
BILLUSDT,SHORT,1783819800,1783820700,0.04199,0.04331,0.04133,TP2,0.4872757575757576,0.03143605620385806,1,0.03690685413005178,2.2857867267843743
AAVEUSDT,LONG,1783836900,1783837800,97.91,96.83857142857143,98.44571428571429,SL,-1.0365530666666667,0.010942994295052327,1,0.21585903083700633,-2.2257726914422875
ADAUSDT,LONG,1783836900,1783841400,0.1632,0.1617714285714286,0.16391428571428573,TP2,0.4543040000000098,0.008753501400560231,1,0.20634920634920748,-2.3182556107533863
LABUSDT,LONG,1783836900,1783843200,0.476,0.42528571428571427,0.5013571428571428,SL,-1.003754366197183,0.10654261704681871,1,0.29533678756476683,-3.500959751900906
BILLUSDT,SHORT,1783838700,1783855800,0.04397,0.045501428571428575,0.043204285714285716,SL,-1.0114847014925372,0.03482894181097499,1,0.27272727272727243,2.4475107792296034
ZECUSDT,SHORT,1783841400,1783845900,519.43,526.7942857142857,515.7478571428571,SL,-1.028213462657614,0.014177628774398314,1,0.21222185320491638,2.530577447006145
AVAXUSDT,SHORT,1783901700,1783903500,6.518,6.576142857142857,6.488928571428572,TP2,0.4551587223587146,0.00892035243063164,1,0.22344322344322348,2.569849719290481
ETHUSDT,SHORT,1783901700,1783902600,1839.29,1855.982857142857,1830.9435714285714,TP2,0.4559262986735131,0.00907570700806135,1,0.24227811807637128,2.70963112518981
SOLUSDT,SHORT,1783901700,1783903500,77.99,78.69571428571427,77.63714285714286,TP2,0.45579514170039426,0.009048779147509647,1,0.15210355987054963,2.019421583639548
DOTUSDT,LONG,1783906200,1783908900,0.8384,0.8274285714285714,0.8438857142857144,SL,-1.0305666666666666,0.013086150490730659,1,0.21259842519684902,-2.1592422414930565
BTCUSDT,LONG,1783908000,1783913400,63380.0,62819.328571428574,63660.33571428571,SL,-1.0452172140545775,0.008846188522742634,1,0.29420872193755354,-2.3735816915567205
SUIUSDT,LONG,1783908000,1783932300,0.7294,0.7193571428571429,0.7344214285714287,TP2,0.4709485064011436,0.013768655254808304,1,0.27927927927927854,-2.313952086424478
ZECUSDT,LONG,1783911600,1783920600,524.36,513.7071428571429,529.6864285714286,SL,-1.0196889902105404,0.020315922539585654,1,0.22762148337595828,-2.2099613521838335
ETHUSDT,LONG,1783914300,1783933200,1778.59,1751.9857142857143,1791.8921428571427,TP2,0.4732585942114589,0.014958076742973734,1,0.16929812922913587,-2.2639852466438137
LABUSDT,SHORT,1783987200,1783993500,0.2538,0.2813714285714286,0.24001428571428574,TP2,0.4963179274611399,0.10863447033659802,1,0.1883817427385891,2.5371135758312664
NEARUSDT,SHORT,1783987200,1783990800,1.921,1.9447142857142858,1.9091428571428573,SL,-1.0324024096385542,0.012344760913214854,1,0.1879699248120294,2.130692496424489
AAVEUSDT,SHORT,1783988100,1783991700,94.95,95.77285714285715,94.53857142857143,SL,-1.0461562500000001,0.008666215301286377,1,0.17201166180758226,2.1632580503999925
ZECUSDT,SHORT,1783992600,1783996200,502.3,509.09714285714284,498.9014285714286,TP2,0.4704405212274065,0.013532038337931224,1,0.21637816245006683,2.15042014224983
TAOUSDT,LONG,1783995300,1783997100,198.3,196.4857142857143,199.20714285714288,TP2,0.45628031496063814,0.009149196743750523,1,0.12820512820512708,-2.320444954420738
BILLUSDT,LONG,1783998900,1784002500,0.05616,0.053012857142857146,0.057733571428571426,TP2,0.4928620971402622,0.056038868538868504,1,0.17864476386036954,-2.1176413353837606
HYPEUSDT,LONG,1783998900,1784000700,62.827,62.153571428571425,63.163714285714285,TP2,0.4626823080186679,0.010718776504187264,1,0.13769751693002164,-2.855972166077152
XLMUSDT,LONG,1783998900,1784004300,0.17825,0.17668999999999999,0.17903,TP2,0.4542948717948717,0.008751753155680213,1,0.23750000000000138,-2.466632074428788
ADAUSDT,SHORT,1784006100,1784022300,0.1589,0.16044285714285716,0.15812857142857145,TP2,0.45880370370369494,0.009709610716533363,1,0.11392405063291113,2.683890233906564
HYPEUSDT,SHORT,1784006100,1784016900,63.723,64.323,63.423,TP2,0.457518,0.009415752554022872,1,0.09614206981016457,2.0930319518194045
DOTUSDT,SHORT,1784007900,1784008800,0.8472,0.8540428571428571,0.8437785714285714,TP2,0.45047682672233846,0.008077026844732275,1,0.17206982543640653,2.675028274176254
BILLUSDT,SHORT,1784013300,1784016000,0.0633,0.06695999999999999,0.06147,SL,-1.0069180327868852,0.05781990521327011,1,0.15917968749999958,2.1548860829479115
AAVEUSDT,LONG,1784016000,1784017800,95.2,94.40142857142858,95.59928571428571,TP2,0.45231484794275484,0.008388355342136838,1,0.10465116279069887,-2.5224488797617446
ZECUSDT,LONG,1784021400,1784024100,502.87,498.1985714285714,505.2057142857143,TP2,0.45694079510703367,0.009289535210747466,1,0.12374934175882157,-2.700735894226467
ZECUSDT,SHORT,1784026800,1784031300,509.28,514.2242857142857,506.80785714285713,TP2,0.45879849754406243,0.009708383824783453,1,0.1113350125944576,2.0115120587874262
DOTUSDT,LONG,1784028600,1784033100,0.8379,0.8308428571428571,0.8414285714285714,TP2,0.4525076923076926,0.00842241658568195,1,0.06626506024096301,-2.088184292812917
LABUSDT,SHORT,1784030400,1784032200,0.3171,0.3508857142857143,0.30020714285714284,TP2,0.49624575052854125,0.10654592963013021,1,0.2752967778405878,3.585890804975671
NEARUSDT,SHORT,1784032200,1784033100,2.011,2.0372857142857144,1.997857142857143,SL,-1.0306021739130435,0.013070966825317904,1,0.1450381679389325,2.719173520955165
ADAUSDT,SHORT,1784033100,1784034000,0.1605,0.1619,0.1598,SL,-1.045857142857143,0.00872274143302176,1,0.2999999999999977,3.7611317361404004
TAOUSDT,SHORT,1784033100,1784035800,200.1,202.15714285714284,199.07142857142856,SL,-1.0389083333333333,0.010280573998714931,1,0.23076923076922992,2.9487208492321146
AVAXUSDT,SHORT,1784034000,1784035800,6.587,6.653714285714285,6.553642857142857,SL,-1.039493790149893,0.010128174542930834,1,0.22898550724637937,2.7946665232221237
BILLUSDT,LONG,1784034900,1784038500,0.0553,0.04956714285714286,0.05816642857142857,SL,-1.0038584600049838,0.1036683027641436,1,0.10688836104513075,-2.259581226319604
SEIUSDT,SHORT,1784034900,1784035800,0.04826,0.04866142857142857,0.04805928571428571,SL,-1.0480882562277578,0.008318039192469404,1,0.27918781725888075,2.3107741069205705
ADAUSDT,SHORT,1784073600,1784075400,0.1654,0.16692857142857143,0.16463571428571427,TP2,0.45671775700934597,0.009241665227154987,1,0.2799999999999965,2.0039451889676414
BILLUSDT,LONG,1784079000,1784088900,0.04005,0.03826142857142857,0.04094428571428572,SL,-1.0089568690095847,0.044658462635990735,1,0.1586206896551735,-2.9064218600907807
HYPEUSDT,LONG,1784079900,1784081700,64.966,64.38485714285713,65.25657142857142,TP2,0.4552839724680312,0.008945338440766845,1,0.2411300919842333,-2.9174364308477387
ADAUSDT,LONG,1784081700,1784088000,0.1632,0.16172857142857144,0.1639357142857143,TP2,0.45563495145631056,0.00901610644257701,1,0.11363636363636263,-2.183673071335927
AAVEUSDT,LONG,1784082600,1784085300,98.09,97.21285714285715,98.52857142857144,TP2,0.455268403908803,0.008942225070270763,1,0.14545454545454492,-2.2495530525260135
HYPEUSDT,SHORT,1784083500,1784085300,66.158,66.90828571428573,65.78285714285714,SL,-1.035270830159939,0.01134081614144502,1,0.13498098859315497,2.044677735981408
NEARUSDT,SHORT,1784095200,1784099700,2.028,2.047,2.0185,TP2,0.4573052631578946,0.009368836291913183,1,0.23364485981307992,2.1996363602213282
ADAUSDT,SHORT,1784096100,1784099700,0.1647,0.16640000000000002,0.16385000000000002,TP2,0.4612470588235211,0.010321797207043078,1,0.038961038961038495,2.019754763879366
BILLUSDT,LONG,1784096100,1784098800,0.03828,0.03637,0.039235,SL,-1.0080167539267015,0.049895506792058536,1,0.2608047690014908,-2.0860735008238973
ZECUSDT,SHORT,1784096100,1784097900,558.97,564.3185714285714,556.2957142857143,TP2,0.4581966880341882,0.009568619833929285,1,0.1877510040160594,2.414286565251742
AAVEUSDT,LONG,1784100600,1784105100,97.11,96.04142857142858,97.64428571428572,TP2,0.46364866310161074,0.011003721847095284,1,0.18660287081339752,-2.8930463272507922
ZECUSDT,LONG,1784100600,1784105100,551.28,545.1142857142856,554.3628571428571,TP2,0.46423577386468967,0.011184360553102441,1,0.19150899861560317,-2.103719840658437
ZECUSDT,SHORT,1784107800,1784112300,560.14,566.6242857142857,556.8978571428571,SL,-1.034553690240141,0.011576187585756618,1,0.2738693467336682,2.37119678867948
LABUSDT,SHORT,1784111400,1784115900,0.2454,0.26174285714285717,0.23722857142857143,TP2,0.4939937062937063,0.06659680987309347,1,0.23176661264181533,2.256731314485283
NEARUSDT,SHORT,1784113200,1784115000,2.051,2.071714285714286,2.040642857142857,SL,-1.0396055172413794,0.01009960298112419,1,0.19999999999999823,2.1030364769528105
TAOUSDT,LONG,1784116800,1784119500,196.2,194.55714285714285,197.02142857142857,TP2,0.4522295652174,0.00837337993301296,1,0.1910112359550592,-2.185025910333299
TAOUSDT,SHORT,1784120400,1784124000,200.2,202.32857142857142,199.13571428571427,TP2,0.4623785234899329,0.010632224917939208,1,0.26126126126126137,3.3472199050745273
AAVEUSDT,LONG,1784128500,1784130300,96.58,95.07285714285715,97.33357142857143,TP2,0.4743673933649336,0.015605123805579402,1,0.25531914893617075,-2.4540331828918536
BILLUSDT,SHORT,1784130300,1784133000,0.03482,0.036297142857142854,0.03408142857142857,SL,-1.0094290135396518,0.042422253220644995,1,0.18827160493827144,2.54671610087652
LABUSDT,LONG,1784130300,1784147400,0.223,0.19907142857142857,0.2349642857142857,TP2,0.4962722388059696,0.10730301089045483,1,0.2411260709914323,-2.2642828953843233
HYPEUSDT,LONG,1784132100,1784139300,67.587,66.70457142857144,68.02821428571428,TP2,0.4693631860126274,0.013056187897503489,1,0.1826625386996911,-2.162735339914905
NEARUSDT,LONG,1784132100,1784135700,2.059,2.0285714285714285,2.074214285714286,TP2,0.47293333333333337,0.014778325123152743,1,0.09489051094890762,-2.265175237877133
NEARUSDT,LONG,1784142900,1784149200,2.039,2.0132857142857143,2.051857142857143,TP2,0.46828222222222216,0.0126112239893505,1,0.25984251968503647,-2.481657092982155
SOLUSDT,LONG,1784143800,1784153700,77.15,76.42571428571429,77.51214285714286,TP2,0.4573925049309668,0.009388019627812305,1,0.21613832853025766,-2.2351935079061804
SEIUSDT,SHORT,1784147400,1784150100,0.04882,0.04929,0.048585,SL,-1.0415489361702128,0.009627201966407192,1,0.07641196013289092,2.1943179340225796
LABUSDT,SHORT,1784149200,1784151000,0.2396,0.2522142857142857,0.23329285714285716,TP2,0.4924022650056614,0.05264726925828762,1,0.29906542056074714,2.1860438597859506
ADAUSDT,SHORT,1784157300,1784159100,0.1658,0.16715714285714287,0.16512142857142859,TP2,0.45113263157893707,0.008185421333792848,1,0.16923076923076752,2.474283660265677
HYPEUSDT,LONG,1784161800,1784174400,66.587,66.02528571428572,66.86785714285715,SL,-1.0474169888097655,0.008435795060812053,1,0.0995986866107241,-2.4349807324977015
ZECUSDT,LONG,1784162700,1784170800,565.7,558.3757142857143,569.3621428571429,TP2,0.46910551979714465,0.012947296648905328,1,0.04478474429355559,-2.0882340332199925
SUIUSDT,LONG,1784163600,1784166300,0.7477,0.7415571428571429,0.7507714285714286,TP2,0.4513125581395438,0.008215670914614327,1,0.10729613733905305,-2.2397236279183836
SUIUSDT,SHORT,1784170800,1784175300,0.7614,0.7679857142857143,0.7581071428571429,TP2,0.45375444685465516,0.008649480280685918,1,0.2440476190476213,2.222046218911645
LABUSDT,LONG,1784178900,1784180700,0.2174,0.2051714285714286,0.22351428571428572,SL,-1.007111214953271,0.05624917860428437,1,0.2805429864253393,-2.151341615522742
XLMUSDT,SHORT,1784178900,1784180700,0.18938,0.19113714285714284,0.18850142857142857,TP2,0.4568891056910566,0.009278397175746363,1,0.09967141292442494,2.719928956168506
TAOUSDT,LONG,1784184300,1784186100,199.6,197.81428571428572,200.49285714285713,TP2,0.4552896,0.008946464357286,1,0.20833333333333284,-2.938085614327721
SEIUSDT,LONG,1784187000,1784189700,0.04821,0.04779428571428572,0.048417857142857144,SL,-1.0463876288659795,0.008622988710107552,1,0.17045454545454133,-2.404299208681294
HYPEUSDT,LONG,1784189700,1784191500,65.809,65.20214285714286,66.11242857142857,TP2,0.4566230696798494,0.009221491632711994,1,0.16274012323305642,-2.39740016706377
XLMUSDT,LONG,1784189700,1784190600,0.18636,0.18399428571428572,0.18754285714285712,TP2,0.4684898550724577,0.012694324349185838,1,0.15628415300546575,-2.3935533284893
ZECUSDT,LONG,1784191500,1784192400,560.46,551.9271428571429,564.7264285714286,SL,-1.0262730286288297,0.015224738862465018,1,0.2484203525108067,-2.2176337359387026
XLMUSDT,SHORT,1784203200,1784204100,0.19154,0.19386285714285714,0.19037857142857142,TP2,0.4670164821648157,0.012127269201509588,1,0.23124516627997055,2.851767176180937
TAOUSDT,LONG,1784205900,1784206800,194.6,192.55714285714285,195.62142857142857,TP2,0.46189650349650346,0.010497724269563928,1,0.2640000000000009,-2.0336793152615775
BILLUSDT,LONG,1784206800,1784209500,0.02803,0.026525714285714284,0.028782142857142857,TP2,0.492546628679962,0.053666989450078986,1,0.16860465116279078,-2.5932001033322627
HYPEUSDT,LONG,1784206800,1784208600,65.404,64.852,65.67999999999999,TP2,0.4526057971014488,0.008439850773652904,1,0.19802955665025362,-2.4391073831008616
LABUSDT,LONG,1784207700,1784215800,0.2092,0.19905714285714285,0.21427142857142856,TP2,0.4917498591549282,0.04848402075935537,1,0.21450151057401787,-2.021576576409832
NEARUSDT,SHORT,1784207700,1784209500,2.042,2.064285714285714,2.0308571428571427,SL,-1.036651282051282,0.010913670071358591,1,0.039215686274510234,2.068604731885722
ADAUSDT,SHORT,1784208600,1784211300,0.1632,0.16452857142857144,0.16253571428571428,SL,-1.0491354838709677,0.008140756302521033,1,0.2413793103448309,2.6289877325624773
AVAXUSDT,SHORT,1784211300,1784214000,6.638,6.693428571428571,6.610285714285714,TP2,0.4520969072164949,0.008350191537898696,1,0.1707317073170724,2.1954138104610617
SEIUSDT,SHORT,1784212200,1784214900,0.04819,0.04860285714285714,0.047983571428571424,TP2,0.45331072664359867,0.008567278332789861,1,0.2988505747126461,2.035378696512142
SOLUSDT,SHORT,1784212200,1784214000,76.59,77.20428571428572,76.28285714285715,TP2,0.4501274418604534,0.008020442803051466,1,0.19999999999999332,2.1727533101594827
BTCUSDT,SHORT,1784215800,1784218500,64797.0,65347.5,64521.75,TP2,0.452917711171662,0.008495763692763537,1,0.2522271714922058,2.0367431240183986
HYPEUSDT,LONG,1784218500,1784222100,64.496,63.717571428571425,64.88521428571428,SL,-1.0331416406680125,0.012069408512598754,1,0.28436232537178996,-3.1764164760065494
TAOUSDT,LONG,1784222100,1784223000,192.8,190.31428571428572,194.04285714285714,TP2,0.4689747126436724,0.01289270895080022,1,0.23870967741935412,-2.891556201436338
AVAXUSDT,LONG,1784224800,1784226600,6.534,6.4758571428571425,6.563071428571428,TP2,0.4550486486486408,0.00889850889850886,1,0.05769230769230731,-2.1463901915473844
SEIUSDT,LONG,1784224800,1784243700,0.04758,0.04707,0.047834999999999996,SL,-1.0373176470588237,0.010718789407313987,1,0.046153846153846725,-2.270982023771679
SOLUSDT,LONG,1784224800,1784238300,75.58,74.76,75.99,TP2,0.46313170731707315,0.010849431066419678,1,0.12886597938144156,-2.138006784915205
NEARUSDT,LONG,1784227500,1784237400,2.029,1.995285714285714,2.045857142857143,TP2,0.47592711864406784,0.016616207843413378,1,0.2530120481927728,-2.449629757630401
LABUSDT,SHORT,1784240100,1784241000,0.2235,0.23075714285714288,0.21987142857142858,TP2,0.48768110236220286,0.032470437839565394,1,0.1919191919191917,3.445263117798492
HYPEUSDT,LONG,1784241000,1784244600,61.721,60.925714285714285,62.11864285714285,SL,-1.031043434524879,0.012885172215059871,1,0.1445880452342501,-3.094459068538229
ZECUSDT,LONG,1784241900,1784244600,538.23,531.1285714285715,541.7807142857143,SL,-1.0303167169583585,0.01319404078447611,1,0.19162851536951975,-2.0562560696116514
ADAUSDT,LONG,1784244600,1784248200,0.1602,0.1587,0.16095,TP2,0.4572799999999998,0.00936329588014977,1,0.24999999999999567,-2.327299987477281
XLMUSDT,LONG,1784246400,1784268000,0.18499,0.18223857142857142,0.18636571428571427,SL,-1.0268936656282452,0.014873390839659245,1,0.2966878083157165,-2.1366026710065404
LABUSDT,LONG,1784254500,1784257200,0.205,0.19522857142857142,0.2098857142857143,SL,-1.0083918128654972,0.047665505226480845,1,0.1422764227642277,-2.7218164061006616
SUIUSDT,SHORT,1784259000,1784260800,0.7473,0.7542857142857142,0.7438071428571428,TP2,0.4572098159509282,0.009347938292137398,1,0.07065217391304227,2.1937485846452938
SUIUSDT,LONG,1784267100,1784269800,0.7354,0.7289285714285715,0.7386357142857143,TP2,0.4545448123620222,0.008799875675045631,1,0.21066666666666556,-2.0880193927011694
TAOUSDT,LONG,1784268000,1784268900,189.8,188.10000000000002,190.65,TP2,0.455341176470588,0.008956796628029465,1,0.2771084337349364,-2.0009926051531575
NEARUSDT,LONG,1784269800,1784277900,1.948,1.9228571428571428,1.9605714285714286,SL,-1.030990909090909,0.012907010853622775,1,0.20588235294117646,-2.0175253205208312
HYPEUSDT,SHORT,1784280600,1784290500,60.272,61.12485714285714,59.845571428571425,TP2,0.47173172529313645,0.014150138420114491,1,0.057703747769184306,2.1367436927879284
TAOUSDT,SHORT,1784283300,1784291400,192.5,194.28571428571428,191.60714285714286,TP2,0.4568799999999999,0.009276437847866397,1,0.2,2.251370386946004
SEIUSDT,SHORT,1784285100,1784293200,0.04704,0.04741857142857143,0.04685071428571428,TP2,0.4502973584905755,0.008047862001943676,1,0.28275862068965024,2.0279600605471257
ADAUSDT,LONG,1784294100,1784296800,0.1584,0.15691428571428573,0.15914285714285714,TP2,0.45735384615383656,0.009379509379509321,1,0.07462686567164266,-2.354253623010378
DOTUSDT,LONG,1784294100,1784296800,0.8375,0.8299428571428571,0.8412785714285714,TP2,0.4556710775047189,0.009023454157782582,1,0.25654450261780176,-2.9872034655064885
SUIUSDT,LONG,1784294100,1784296800,0.7246,0.7187857142857144,0.7275071428571429,TP2,0.45015036855037793,0.008024131540554365,1,0.09034267912772592,-2.3180373702817447
NEARUSDT,SHORT,1784296800,1784299500,1.936,1.957142857142857,1.9254285714285715,TP2,0.46337297297296764,0.010920897284533626,1,0.20754716981131988,2.879309845013475
ZECUSDT,SHORT,1784296800,1784301300,540.1,549.2214285714286,535.5392857142857,TP2,0.4763151135473767,0.016888406908773544,1,0.22860071758073114,2.326077359193194
AAVEUSDT,SHORT,1784297700,1784298600,91.48,92.37285714285714,91.03357142857143,TP2,0.4590169600000001,0.009760134924105213,1,0.25257731958763113,2.963015976713339
LABUSDT,LONG,1784301300,1784305800,0.1812,0.16794285714285714,0.18782857142857143,TP2,0.4945327586206897,0.07316304005045726,1,0.12,-2.5586544714611823
ADAUSDT,SHORT,1784304000,1784308500,0.1639,0.16685714285714284,0.16242142857142855,SL,-1.0221700483091787,0.01804236032423954,1,0.28000000000000125,2.106136734647803
AVAXUSDT,SHORT,1784306700,1784349900,6.57,6.660857142857143,6.524571428571429,EXPIRED,-0.5132012578616313,0.013829093281148097,1,0.17551020408163318,2.5196150013217764
DOTUSDT,SHORT,1784306700,1784307600,0.8618,0.8736714285714285,0.8558642857142857,TP2,0.4709622141997593,0.013775154991214393,1,0.14071856287425077,2.350125156606543
BTCUSDT,SHORT,1784308500,1784351700,63926.2,64557.828571428574,63610.38571428571,EXPIRED,0.0003633781155219021,0.009880589983896647,1,0.23867541393314481,2.3652715435291007
XRPUSDT,SHORT,1784309400,1784313900,1.0933,1.102942857142857,1.0884785714285714,TP2,0.45464829629629605,0.008819955312226376,1,0.24460431654676115,2.0289207602148713
AAVEUSDT,LONG,1784315700,1784316600,90.11,89.29714285714286,90.51642857142858,TP2,0.4556576449912214,0.00902072070643816,1,0.2422680412371131,-2.5980591340195573
HYPEUSDT,LONG,1784315700,1784318400,59.863,59.14814285714286,60.22042857142857,TP2,0.46650351718625094,0.011941552258609517,1,0.15867615218063674,-2.065668969929043
NEARUSDT,SHORT,1784322900,1784324700,1.934,1.9502857142857142,1.9258571428571427,TP2,0.4524982456140419,0.008420741616191468,1,0.1733333333333316,2.161297347816992
ZECUSDT,LONG,1784330100,1784331000,539.29,534.0471428571428,541.9114285714286,TP2,0.458855258855597,0.009721777045480506,1,0.23883221948646302,-2.229368832528583
ADAUSDT,SHORT,1784333700,1784334600,0.1679,0.16948571428571427,0.16710714285714284,TP2,0.45764684684685564,0.009444397175189313,1,0.2808988764044975,2.9632350316103007
BILLUSDT,SHORT,1784337300,1784338200,0.02404,0.024718571428571427,0.023700714285714283,TP2,0.4858290526315815,0.028226764915616816,1,0.11314984709480115,2.244126682241324
BILLUSDT,LONG,1784340000,1784344500,0.02288,0.02200857142857143,0.023315714285714287,SL,-1.0105022950819673,0.038086913086913095,1,0.16290726817042578,-2.1798491314851542
LABUSDT,LONG,1784349000,1784356200,0.1779,0.17122857142857142,0.18123571428571428,TP2,0.48933361884368104,0.03750100377419097,1,0.19391634980988617,-2.2264118976254608
ZECUSDT,LONG,1784349000,1784354400,544.24,539.3285714285714,546.6957142857143,SL,-1.0443243746364166,0.009024380000419982,1,0.07665198237885641,-2.0627058155203577
ADAUSDT,LONG,1784351700,1784352600,0.1661,0.1646,0.16685,TP2,0.4557066666666666,0.00903070439494279,1,0.1594202898550706,-2.1962630283925972
LABUSDT,SHORT,1784357100,1784358000,0.1866,0.19269999999999998,0.18355,SL,-1.0122360655737705,0.03269024651661307,1,0.18213058419244027,2.1793986484449173
BILLUSDT,SHORT,1784358900,1784366100,0.02332,0.02425142857142857,0.022854285714285716,TP2,0.48998527607361964,0.03994119088458708,1,0.2188139059304704,2.616610720953639
BILLUSDT,SHORT,1784373300,1784375100,0.02377,0.024635714285714285,0.02333714285714286,SL,-1.0109828382838284,0.03642045796021393,1,0.26511627906976615,2.1184163904527438
LABUSDT,LONG,1784374200,1784377800,0.1831,0.17392857142857143,0.1876857142857143,TP2,0.492014330218067,0.050089724584536144,1,0.06967213114754073,-2.0959050639991577
HYPEUSDT,LONG,1784375100,1784376000,58.577,58.09128571428571,58.81985714285714,TP2,0.4517601176470515,0.008291894185675018,1,0.13914807302231114,-2.073508087519868
ZECUSDT,SHORT,1784377800,1784379600,543.69,548.5614285714287,541.2542857142857,SL,-1.044643167155425,0.008959937779669646,1,0.20443740095086751,2.166325969465215
HYPEUSDT,SHORT,1784385000,1784399400,59.34,59.98585714285714,59.017071428571434,SL,-1.0367511612475118,0.010884009822331292,1,0.15066751430387978,2.4964162990068313
BILLUSDT,SHORT,1784393100,1784398500,0.02488,0.02577857142857143,0.024430714285714285,TP2,0.4889246422893482,0.0361162149747359,1,0.14141414141414071,3.0214434597180433
NEARUSDT,SHORT,1784396700,1784399400,1.924,1.94,1.916,SL,-1.0480999999999998,0.00831600831600834,1,0.1621621621621607,2.265955554330506
ZECUSDT,SHORT,1784415600,1784420100,560.9,566.8685714285714,557.9157142857142,TP2,0.46240976543801826,0.010641061559228813,1,0.11038658593386302,2.380349141902156
LABUSDT,LONG,1784431800,1784432700,0.188,0.18178571428571427,0.19110714285714286,SL,-1.0121011494252874,0.033054711246200616,1,0.19424460431654697,-2.1470845197546446
BILLUSDT,LONG,1784436300,1784439900,0.0241,0.02230714285714286,0.024996428571428572,TP2,0.4946231075697221,0.07439241256668642,1,0.125,-2.0792492401446965
LABUSDT,LONG,1784454300,1784457000,0.1712,0.16725714285714285,0.17317142857142856,SL,-1.0173681159420291,0.023030707610146802,1,0.14285714285714238,-2.0831668604372267
ZECUSDT,LONG,1784460600,1784470500,555.7,549.6628571428572,558.7185714285715,TP2,0.4631812588736488,0.010864032494408593,1,0.17088899124827228,-2.2733207944362595
LABUSDT,LONG,1784471400,1784478600,0.1623,0.15512857142857142,0.16588571428571428,SL,-1.0090525896414342,0.0441862512102808,1,0.2653061224489804,-3.569792615231892
ZECUSDT,LONG,1784477700,1784479500,549.64,544.1457142857142,552.3871428571429,TP2,0.4599846073842953,0.00999615332633306,1,0.23117669315172248,-3.0001097767015015
NEARUSDT,LONG,1784479500,1784480400,1.902,1.885142857142857,1.9104285714285714,TP2,0.4548677966101695,0.008862851134144518,1,0.22500000000000062,-2.868599064733274
DOTUSDT,LONG,1784481300,1784484900,0.8177,0.8105285714285715,0.8212857142857143,SL,-1.0456087649402392,0.008770244064361658,1,0.15723270440251508,-2.9743109588203103
BILLUSDT,LONG,1784482200,1784484000,0.02591,0.02489857142857143,0.026415714285714285,TP2,0.48975310734463445,0.039036224292881935,1,0.08764044943820253,-2.278288846782198
ADAUSDT,LONG,1784485800,1784486700,0.1642,0.16275714285714285,0.16492142857142858,TP2,0.4544792079207827,0.008787193318253048,1,0.13333333333333425,-2.0554017402408613
XLMUSDT,SHORT,1784492100,1784497500,0.19119,0.19275571428571428,0.19040714285714286,TP2,0.45115583941605814,0.008189310558681299,1,0.08510638297872448,2.506326760558834
LABUSDT,LONG,1784498400,1784500200,0.1511,0.14637142857142857,0.15346428571428572,TP2,0.48721812688821464,0.03129431785950657,1,0.13461538461538475,-2.155635082872754
XLMUSDT,LONG,1784501100,1784506500,0.18807,0.18624571428571426,0.18898214285714285,TP2,0.4587630383711825,0.009700035700992794,1,0.14377682403433653,-2.011902781811196
ZECUSDT,LONG,1784502000,1784503800,545.26,539.6014285714286,548.0892857142857,TP2,0.4614559959606157,0.010377749016196645,1,0.22884882108183413,-2.564347257999008
ADAUSDT,SHORT,1784506500,1784507400,0.1677,0.1694285714285714,0.16683571428571428,TP2,0.4611933884297519,0.010307521935428866,1,0.28395061728395127,3.178571428571399
NEARUSDT,SHORT,1784506500,1784507400,1.935,1.9542857142857144,1.925357142857143,TP2,0.4598666666666608,0.00996677740863786,1,0.2987012987013006,3.4063784748401553
ZECUSDT,SHORT,1784506500,1784508300,553.56,560.872857142857,549.9035714285714,TP2,0.46972127368627437,0.01321059531551609,1,0.14504431909750265,2.077364597372164
HYPEUSDT,LONG,1784509200,1784512800,60.696,60.08314285714285,61.00242857142857,SL,-1.039615104895105,0.010097158673671128,1,0.13213572854291564,-2.2986714281913527
AVAXUSDT,SHORT,1784510100,1784512800,6.534,6.619,6.491499999999999,TP2,0.4692517647058877,0.013008876645240334,1,0.29909365558912493,2.0960019897914512
DOTUSDT,LONG,1784511900,1784517300,0.8105,0.8011571428571428,0.8151714285714285,TP2,0.4652996941895966,0.011527275931964419,1,0.16712328767123386,-2.3753540853496067
LABUSDT,LONG,1784512800,1784520000,0.148,0.1411,0.15144999999999997,TP2,0.49142028985507047,0.046621621621621555,1,0.2419354838709686,-2.403372020889848
ZECUSDT,LONG,1784514600,1784537100,537.21,526.2971428571428,542.6664285714286,SL,-1.019690901950517,0.020313950117937442,1,0.2315643013317414,-2.408586302913726
SEIUSDT,LONG,1784521800,1784529900,0.04582,0.045309999999999996,0.046075,SL,-1.0359372549019608,0.011130510694020091,1,0.26356589147286835,-2.6024810511661682
BILLUSDT,LONG,1784524500,1784529900,0.02428,0.023657142857142856,0.02459142857142857,SL,-1.0155926605504588,0.02565309484584608,1,0.23119777158774402,-2.6235679931315605
DOTUSDT,LONG,1784530800,1784534400,0.8034,0.7955571428571429,0.8073214285714286,TP2,0.4590251366120291,0.009762082577616588,1,0.216300940438871,-2.1278914447671884
AAVEUSDT,SHORT,1784532600,1784537100,90.44,91.31285714285714,90.00357142857142,TP2,0.45855450081833893,0.009651228912617724,1,0.25,3.058695149721943
HYPEUSDT,SHORT,1784532600,1784537100,60.767,61.36342857142858,60.468785714285715,TP2,0.4592460838323355,0.009815007675688681,1,0.17128027681660846,2.947713617947992
LABUSDT,LONG,1784533500,1784541600,0.1469,0.14187142857142857,0.14941428571428572,SL,-1.0116852272727272,0.03423125547019355,1,0.12707182320441984,-2.2608619761741275
NEARUSDT,SHORT,1784535300,1784536200,1.932,1.9502857142857142,1.9228571428571428,TP2,0.4577374999999999,0.009464655427388323,1,0.17241379310344934,2.2592592592592773
XLMUSDT,SHORT,1784540700,1784546100,0.18726,0.18899714285714286,0.18639142857142857,TP2,0.4568809210526398,0.009276635998840465,1,0.06422018348623892,2.3000741026414264
BILLUSDT,SHORT,1784543400,1784547900,0.02492,0.02575857142857143,0.024500714285714285,TP2,0.4881131175468505,0.03365053886723229,1,0.20987654320987656,2.381072423370999
ZECUSDT,SHORT,1784547900,1784556000,536.22,542.2157142857143,533.2221428571429,TP2,0.4642264474624733,0.011181444716187957,1,0.2533972821742609,2.6362179477253873
AAVEUSDT,LONG,1784556000,1784559600,89.58,88.65857142857142,90.04071428571429,SL,-1.038887441860465,0.01028609702420826,1,0.09333333333333342,-2.856089498205468
LABUSDT,SHORT,1784556900,1784559600,0.1541,0.16119999999999998,0.15055,TP2,0.4913183098591549,0.04607397793640491,1,0.22580645161290294,2.083388762885305
SOLUSDT,LONG,1784556900,1784560500,76.07,75.34571428571428,76.43214285714285,TP2,0.4579889546351088,0.009521305564423814,1,0.1509433962264167,-2.1057185305776076
BILLUSDT,SHORT,1784560500,1784561400,0.02534,0.026015714285714288,0.025002142857142858,TP2,0.484999577167019,0.02666591498477843,1,0.1160220994475136,2.746591417134857
HYPEUSDT,SHORT,1784562300,1784564100,61.577,62.32285714285714,61.204071428571424,SL,-1.0330234820915534,0.012112593060024723,1,0.23139158576051574,2.105941018320952
ETHUSDT,SHORT,1784563200,1784574900,1901.5,1922.3528571428571,1891.0735714285713,TP2,0.4635253819277989,0.0109665301829383,1,0.2568704430734729,2.3950909503680107
SOLUSDT,SHORT,1784563200,1784575800,77.73,78.63857142857144,77.27571428571429,TP2,0.46577924528301895,0.011688812923857332,1,0.25751072961373395,2.504517210018021
ZECUSDT,SHORT,1784565000,1784591100,549.43,560.4442857142857,543.9228571428571,TP2,0.4800466407263295,0.020046749748440687,1,0.29761368752813727,2.01835957560224
BILLUSDT,LONG,1784575800,1784576700,0.02449,0.023937142857142858,0.02476642857142857,TP2,0.48228113695090125,0.022574811876567683,1,0.05817174515235426,-2.0297718177590256
LABUSDT,LONG,1784580300,1784582100,0.1479,0.1431,0.1503,TP2,0.4876749999999971,0.03245436105476669,1,0.07407407407407407,-2.281944687949737
HYPEUSDT,SHORT,1784581200,1784585700,62.689,63.215,62.426,TP2,0.4523277566539857,0.008390626744723977,1,0.12062868369351747,2.939107745967848
ADAUSDT,SHORT,1784590200,1784592000,0.1709,0.1730857142857143,0.16980714285714285,TP2,0.46872418300653595,0.012789434088439362,1,0.2954545454545494,2.177594465645828
ZECUSDT,LONG,1784592000,1784594700,543.58,537.4771428571429,546.6314285714286,TP2,0.46437209737827706,0.011227155419362615,1,0.11111111111110748,-2.1180475766187543
NEARUSDT,SHORT,1784595600,1784598300,1.996,2.016285714285714,1.985857142857143,TP2,0.46064225352112653,0.010163183509876843,1,0.2987012987013023,2.1666728841712337
ZECUSDT,SHORT,1784603700,1784606400,552.06,560.0328571428571,548.0735714285713,TP2,0.4723030281311664,0.014442011996625643,1,0.07980744869521116,2.078095175318665
ADAUSDT,SHORT,1784606400,1784607300,0.1723,0.17431428571428573,0.17129285714285716,TP2,0.4657843971631136,0.011690572920984972,1,0.2566371681415916,2.5757236266063024
BILLUSDT,SHORT,1784618100,1784619000,0.02467,0.025165714285714284,0.024422142857142858,TP2,0.4800933717579286,0.020093809716833597,1,0.22580645161290364,2.6317193667082073
LABUSDT,LONG,1784619900,1784625300,0.1272,0.1224,0.12960000000000002,TP2,0.48940000000000144,0.03773584905660382,1,0.17592592592592599,-2.2702003764363594
ZECUSDT,LONG,1784624400,1784631600,541.58,534.4714285714286,545.1342857142857,SL,-1.0304747588424437,0.013125616582169658,1,0.189823874755379,-2.7349644021626327
LABUSDT,SHORT,1784630700,1784636100,0.1322,0.13717142857142858,0.12971428571428573,TP2,0.4893632183908046,0.037605359844391666,1,0.05263157894736893,2.08800442693542
AAVEUSDT,LONG,1784636100,1784639700,93.99,92.89285714285714,94.53857142857143,TP2,0.4657328125000065,0.011672974328575999,1,0.04983388704319117,-2.3538988535609864
ADAUSDT,SHORT,1784640600,1784644200,0.1756,0.17720000000000002,0.1748,TP2,0.4560999999999915,0.009111617312072927,1,0.09999999999999815,2.1549175034210166
XLMUSDT,SHORT,1784640600,1784641500,0.19484,0.19697285714285717,0.19377357142857143,TP2,0.46345934360348295,0.01094671085432738,1,0.1636690647482022,2.2403006764857802
ZECUSDT,SHORT,1784642400,1784644200,549.16,556.8014285714286,545.3392857142857,TP2,0.4712535427182651,0.013914758124096024,1,0.2538523925385227,2.3858453952684093
BILLUSDT,SHORT,1784644200,1784646000,0.02455,0.02509142857142857,0.02427928571428571,SL,-1.018137203166227,0.022054116962467257,1,0.1935483870967728,2.7773167119981794
AAVEUSDT,SHORT,1784648700,1784649600,95.02,95.93714285714286,94.56142857142856,SL,-1.0414417445482864,0.00965210331659507,1,0.17460317460317235,2.03133646058517
LABUSDT,SHORT,1784649600,1784650500,0.1357,0.14029999999999998,0.1334,TP2,0.4882,0.03389830508474577,1,0.10256410256410192,3.1345533453769665
DOTUSDT,LONG,1784650500,1784655900,0.8518,0.8445142857142857,0.8554428571428572,TP2,0.4532345098039216,0.008553315667661765,1,0.20833333333333237,-2.28043646646799
ADAUSDT,LONG,1784651400,1784689200,0.1737,0.1716285714285714,0.17473571428571427,TP2,0.4664579310344762,0.011925322806151878,1,0.06666666666666701,-2.3634973443065483
ZECUSDT,LONG,1784651400,1784663100,537.22,527.9785714285714,541.8407142857143,SL,-1.0232526820219507,0.01720231668856073,1,0.13756097560975614,-2.0398171838457126
BILLUSDT,LONG,1784675700,1784677500,0.02501,0.024421428571428573,0.025304285714285717,TP2,0.48300291262136225,0.023533443765351034,1,0.1314984709480121,-2.0131094065714414
ZECUSDT,SHORT,1784679300,1784682900,535.06,539.8957142857142,532.6421428571429,TP2,0.4557409748892051,0.009037704716693934,1,0.1993262212240295,2.0573700060774494
BILLUSDT,SHORT,1784687400,1784689200,0.02597,0.02674,0.025585,TP2,0.4865090909090909,0.02964959568733153,1,0.1919191919191918,2.0722711757831287
TAOUSDT,SHORT,1784687400,1784690100,201.6,203.28571428571428,200.75714285714287,TP2,0.45216271186439816,0.008361678004535116,1,0.2631578947368413,2.187088215532392
ZECUSDT,LONG,1784690100,1784691000,528.35,523.0942857142858,530.9778571428571,TP2,0.4597885294917098,0.009947410401654769,1,0.27632950990614896,-2.2756470665991047
NEARUSDT,LONG,1784692800,1784694600,1.911,1.8937142857142857,1.9196428571428572,TP2,0.45577851239669415,0.009045376392315152,1,0.2195121951219524,-2.663229494635494
ADAUSDT,LONG,1784698200,1784701800,0.1724,0.17085714285714285,0.17317142857142856,SL,-1.0446962962962962,0.008949287371561157,1,0.1935483870967732,-2.8772955017256003
DOTUSDT,LONG,1784698200,1784714400,0.8435,0.8350571428571428,0.8477214285714286,SL,-1.0399627749576987,0.010009314929291245,1,0.18396226415094005,-3.1471729743960393
TAOUSDT,LONG,1784698200,1784700900,198.8,197.02857142857144,199.6857142857143,SL,-1.0448903225806452,0.008910606496119577,1,0.1958762886597917,-2.4592099783657506
AAVEUSDT,LONG,1784701800,1784706300,95.1,93.64571428571428,95.82714285714285,TP2,0.47384282907661596,0.015292173651795114,1,0.18577075098814397,-2.4279597747577952
ZECUSDT,LONG,1784720700,1784723400,512.12,507.7114285714286,514.3242857142857,TP2,0.4535341542449708,0.008608473460461263,1,0.09801876955161629,-2.3404790525394166
BILLUSDT,LONG,1784722500,1784726100,0.02524,0.02448,0.025619999999999997,TP2,0.48671578947368194,0.030110935023771764,1,0.22646310432570047,-2.1981086519798474
HYPEUSDT,LONG,1784723400,1784724300,58.274,57.77742857142857,58.522285714285715,TP2,0.453058918296893,0.008521320461465292,1,0.04211395540875169,-2.0490605244287448
AAVEUSDT,SHORT,1784724300,1784725200,96.67,97.50714285714285,96.25142857142858,TP2,0.45380955631399317,0.008659799908377543,1,0.2264529058116245,2.46300669172749
LABUSDT,SHORT,1784729700,1784737800,0.1561,0.16412857142857143,0.15208571428571427,SL,-1.0077772241992882,0.05143223208565938,1,0.2779369627507166,2.4924137575016205
ADAUSDT,SHORT,1784733300,1784736000,0.1767,0.17908571428571426,0.17550714285714286,SL,-1.0296263473053893,0.013501495674670495,1,0.28571428571428464,2.438496566148647
DOTUSDT,SHORT,1784733300,1784738700,0.8421,0.8488428571428571,0.8387285714285714,SL,-1.0499550847457626,0.0080071929020985,1,0.12727272727272654,2.0218817615453792
HYPEUSDT,LONG,1784736000,1784742300,58.072,57.182142857142864,58.51692857142857,TP2,0.47389603467651303,0.015323342451734771,1,0.1957247828991327,-2.117285722364352
ZECUSDT,LONG,1784736000,1784736900,508.06,500.65999999999997,511.76,TP2,0.47253729729729355,0.014565208833602366,1,0.2603184920376993,-2.5947590598892605
XLMUSDT,SHORT,1784738700,1784741400,0.19168,0.19403714285714285,0.19050142857142857,TP2,0.4674724848484789,0.012297281182923912,1,0.19371727748691148,2.1249665840482455
LINKUSDT,LONG,1784745900,1784750400,8.604,8.532714285714285,8.639642857142857,TP2,0.45172104208416874,0.008285182971375508,1,0.19700748129676152,-2.045415997918046
NEARUSDT,LONG,1784745900,1784770200,1.863,1.8402857142857143,1.8743571428571428,TP2,0.4671924528301886,0.012192316540142613,1,0.22123893805309572,-2.6214858368011464
TAOUSDT,LONG,1784747700,1784773800,197.0,194.77142857142857,198.11428571428573,SL,-1.0353589743589742,0.011312545322697643,1,0.12280701754386009,-2.391913029583436
AAVEUSDT,LONG,1784762100,1784763000,96.88,95.98857142857143,97.32571428571428,TP2,0.4565282051282129,0.009201368408635082,1,0.12655086848635405,-2.468247523541007
ZECUSDT,SHORT,1784764800,1784766600,515.3,520.1828571428571,512.8585714285714,SL,-1.0422129900526622,0.009475756147597813,1,0.169871794871795,2.281068634759107
ADAUSDT,SHORT,1784766600,1784770200,0.1759,0.17798571428571427,0.17485714285714285,TP2,0.46626575342466414,0.01185738650207096,1,0.15294117647059086,2.0535862974732977
LABUSDT,LONG,1784769300,1784771100,0.1477,0.14095714285714286,0.15107142857142858,TP2,0.49123813559322244,0.045652384176419404,1,0.2049689440993797,-2.738029214703021
HYPEUSDT,LONG,1784772900,1784774700,58.604,57.98785714285714,58.91207142857143,TP2,0.4619542777648969,0.01051366557134084,1,0.22280630812777993,-2.551760017369057
ZECUSDT,LONG,1784781900,1784784600,512.39,507.4485714285714,514.8607142857143,TP2,0.45852292570106945,0.009643881753017319,1,0.16053511705685442,-2.1554539034635987
ADAUSDT,LONG,1784790900,1784796300,0.1728,0.17121428571428574,0.17359285714285716,TP2,0.4564108108108196,0.0091765873015873,1,0.15151515151515305,-3.1981499416432246
HYPEUSDT,LONG,1784791800,1784795400,58.622,58.03485714285714,58.915571428571425,TP2,0.4600628710462227,0.010015742505251562,1,0.09461077844311443,-2.156974161675472
LABUSDT,LONG,1784792700,1784793600,0.1497,0.14405714285714286,0.15252142857142856,TP2,0.4893883544303773,0.03769443649203166,1,0.18454935622317534,-2.291833380345736
LABUSDT,SHORT,1784795400,1784802600,0.1598,0.16654285714285713,0.15642857142857142,SL,-1.0094796610169492,0.042195601644913254,1,0.25827814569536356,2.5317497574434737
BILLUSDT,SHORT,1784799900,1784804400,0.02601,0.02658285714285714,0.025723571428571426,TP2,0.4818384039900279,0.022024496072938982,1,0.2539682539682528,2.4956215709268696
AAVEUSDT,SHORT,1784802600,1784803500,98.12,98.92857142857143,97.71571428571428,TP2,0.45146007067138694,0.00824063828548135,1,0.19592875318066094,3.297258699226552
NEARUSDT,SHORT,1784806200,1784810700,1.889,1.9041428571428571,1.8814285714285715,TP2,0.45010188679245244,0.00801633517356116,1,0.24999999999999828,2.1671892305436398
AAVEUSDT,LONG,1784810700,1784814300,95.96,95.02857142857142,96.42571428571428,TP2,0.45879018404907984,0.009706425296254408,1,0.22244488977955923,-2.6534569782917203
ADAUSDT,LONG,1784812500,1784817000,0.1723,0.17055714285714288,0.1731714285714286,SL,-1.0395442622950821,0.01011524749191606,1,0.1470588235294125,-2.3772224949519427
ZECUSDT,LONG,1784812500,1784814300,511.95,507.45571428571424,514.1971428571428,TP2,0.45443547361727943,0.008778759086406376,1,0.2556935817805428,-2.1054623604558134
HYPEUSDT,SHORT,1784813400,1784815200,59.611,60.22928571428571,59.30185714285714,TP2,0.4614346580406711,0.010372007084023296,1,0.2801387684301828,2.2283571371635977
DOTUSDT,LONG,1784815200,1784817000,0.8133,0.8065428571428571,0.8166785714285715,TP2,0.45185539112050743,0.00830830303349669,1,0.2673992673992665,-2.1914766273471096
SEIUSDT,LONG,1784815200,1784816100,0.04596,0.045515714285714284,0.04618214285714286,TP2,0.45862122186495197,0.009666790998383737,1,0.19101123595505357,-2.2839023013230326
BILLUSDT,SHORT,1784817000,1784819700,0.02709,0.02814,0.026565,TP2,0.48968000000000167,0.038759689922480633,1,0.2875989445910296,2.175017953519839
NEARUSDT,LONG,1784819700,1784824200,1.87,1.8455714285714286,1.8822142857142858,TP2,0.46938011695906434,0.013063407181054242,1,0.03921568627450972,-2.032935641991188
HYPEUSDT,LONG,1784825100,1784832300,58.593,57.73128571428572,59.023857142857146,SL,-1.0271983421750663,0.01470677872295812,1,0.16145957548294804,-2.6419931887512837
ZECUSDT,LONG,1784828700,1784831400,509.56,502.79,512.945,SL,-1.03010694239291,0.013285972211319582,1,0.11233547597183965,-2.3257238652989574
DOTUSDT,LONG,1784829600,1784831400,0.8069,0.8000857142857143,0.8103071428571428,TP2,0.45263480083857416,0.008445018855230732,1,0.2326283987915411,-2.311841614154059
LABUSDT,SHORT,1784840400,1784841300,0.1572,0.16219999999999998,0.1547,TP2,0.48742400000000274,0.031806615776081355,1,0.18716577540106918,2.2135874273705225
HYPEUSDT,LONG,1784844900,1784848500,57.4,56.626571428571424,57.78671428571428,TP2,0.4703140007388207,0.01347436535589848,1,0.29337231968810884,-2.2836643510277512
LABUSDT,LONG,1784844900,1784846700,0.1484,0.14292857142857143,0.1511357142857143,TP2,0.4891509138381201,0.03686946476703881,1,0.08786610878661037,-2.327438181820467
ZECUSDT,SHORT,1784854800,1784861100,507.35,512.2414285714286,504.9042857142857,TP2,0.45851109813084123,0.009641132495178045,1,0.15412558380903113,2.4505032921752314
HYPEUSDT,SHORT,1784857500,1784861100,58.165,58.758,57.8685,TP2,0.46076559865092753,0.010195134531075399,1,0.029013539651838696,2.081317184438255
LABUSDT,LONG,1784873700,1784885400,0.1476,0.1438,0.1495,TP2,0.48446315789473315,0.025745257452574482,1,0.20245398773006038,-2.5070888595318372
SUIUSDT,LONG,1784884500,1784895300,0.7347,0.7285857142857143,0.7377571428571429,SL,-1.0480644859813084,0.008322152870948287,1,0.2893982808022928,-3.4412879631048834
XLMUSDT,LONG,1784885400,1784898000,0.18285,0.18138,0.183585,SL,-1.0497551020408167,0.008039376538145971,1,0.11178247734138948,-2.0111651124547767
NEARUSDT,LONG,1784888100,1784897100,1.884,1.8648571428571428,1.8935714285714285,SL,-1.0393671641791045,0.010160752198968786,1,0.1460674157303353,-2.6652204095371372
BILLUSDT,LONG,1784945700,1784946600,0.02804,0.027134285714285715,0.028492857142857143,SL,-1.0123835962145111,0.032300794782963105,1,0.22054380664652565,-2.8397710042007227
LABUSDT,SHORT,1784952900,1784953800,0.1634,0.1687142857142857,0.16074285714285713,TP2,0.48770107526881723,0.03252316838608152,1,0.17307692307692346,2.4528706826156395
LABUSDT,LONG,1784954700,1784967300,0.1555,0.14941428571428572,0.15854285714285715,SL,-1.0102206572769954,0.03913642627468997,1,0.264367816091954,-2.6109537978004473
BILLUSDT,SHORT,1784973600,1784975400,0.02777,0.028517142857142855,0.02739642857142857,TP2,0.48513269598470365,0.026904676166469462,1,0.2836676217765037,2.2953769743924246
LABUSDT,LONG,1784973600,1784979000,0.1498,0.1460857142857143,0.15165714285714285,TP2,0.48386769230769605,0.02479496471485785,1,0.16129032258064502,-2.3700891006230105
BILLUSDT,LONG,1784993400,1785000600,0.02695,0.02626857142857143,0.027290714285714286,SL,-1.0158197064989518,0.025284919162470183,1,0.2509363295880146,-2.0911065192976612
ZECUSDT,SHORT,1784994300,1784995200,481.43,485.50714285714287,479.3914285714286,TP2,0.4527679046951577,0.00846881759994778,1,0.2178965717606024,2.605266995282083
LABUSDT,SHORT,1785024000,1785025800,0.1524,0.15554285714285715,0.15082857142857142,SL,-1.0193963636363637,0.02062242219722539,1,0.21259842519685165,2.2115507734172866
ZECUSDT,SHORT,1785049200,1785054600,491.94,496.6614285714286,489.57928571428573,TP2,0.45832278366111345,0.009597569970786205,1,0.284561049445002,2.448869818680902
LABUSDT,SHORT,1785057300,1785059100,0.1534,0.15704285714285715,0.15157857142857142,TP2,0.4831560784313763,0.02374743900167631,1,0.21428571428571463,3.1856747353285133
AVAXUSDT,LONG,1785060900,1785076200,6.713,6.657,6.741,SL,-1.04795,0.008342022940563094,1,0.2377049180327864,-2.4026739035250824
LABUSDT,SHORT,1785074400,1785078900,0.1578,0.16234285714285715,0.15552857142857143,SL,-1.0138943396226414,0.02878870179250407,1,0.2261306532663309,2.555856402956401
BILLUSDT,SHORT,1785080700,1785084300,0.02571,0.026207142857142856,0.025461428571428572,TP2,0.4793137931034483,0.019336556092682117,1,0.12550607287449425,2.6456246443350837
BILLUSDT,LONG,1785093300,1785104100,0.02487,0.024368571428571427,0.025120714285714284,TP2,0.48016068376068033,0.020161985180079302,1,0.2547528517110271,-2.3210510907057325
BILLUSDT,SHORT,1785115800,1785119400,0.0254,0.025855714285714284,0.025172142857142855,TP2,0.4777053291536088,0.017941507311586044,1,0.2631578947368402,2.177718820695719
HYPEUSDT,SHORT,1785124800,1785127500,59.908,60.415571428571425,59.65421428571429,SL,-1.0472114832535888,0.008472514999189192,1,0.10533393097265734,2.210393824572779
BILLUSDT,SHORT,1785130200,1785132000,0.02557,0.026087142857142857,0.02531142857142857,TP2,0.4802220994475105,0.02022459355271243,1,0.17551020408163254,2.197248486777648
AAVEUSDT,SHORT,1785132000,1785132900,101.28,102.31,100.765,TP2,0.4606679611650485,0.010169826224328585,1,0.2161520190023767,2.482196343335249
BILLUSDT,LONG,1785133800,1785160800,0.02481,0.0242,0.025115,SL,-1.0162688524590164,0.024586860137041516,1,0.18146718146718172,-2.562940689773286
LABUSDT,LONG,1785133800,1785135600,0.148,0.14391428571428572,0.15004285714285714,SL,-1.0144895104895104,0.027606177606177593,1,0.15611814345991482,-3.297033730114792
ZECUSDT,LONG,1785138300,1785150000,500.4,495.21428571428567,502.99285714285713,TP2,0.461401652892562,0.010363138060979792,1,0.29616724738676325,-2.681919648342464
SEIUSDT,SHORT,1785152700,1785154500,0.0456,0.04597142857142857,0.04541428571428572,TP2,0.4508923076922982,0.008145363408521275,1,0.16666666666666718,2.1551738512205634
HYPEUSDT,LONG,1785155400,1785156300,59.54,59.061,59.7795,TP2,0.45027974947807936,0.008045011756802153,1,0.1799485861182524,-2.531117572776415
LABUSDT,SHORT,1785157200,1785159000,0.1498,0.15254285714285715,0.1484285714285714,TP2,0.47815416666666677,0.018310127789433608,1,0.1327433628318588,2.453202499355484
ETHUSDT,SHORT,1785159900,1785160800,1974.34,1990.3171428571427,1966.3514285714284,TP2,0.45057088698140896,0.008092396880548849,1,0.13551625239005627,2.1624022851426674
TAOUSDT,SHORT,1785159900,1785160800,199.5,201.11428571428573,198.69285714285715,TP2,0.4505663716814071,0.008091657715717874,1,0.2291666666666663,2.6666366642020662
AAVEUSDT,LONG,1785161700,1785163500,100.0,98.76857142857143,100.61571428571429,SL,-1.0324825986078887,0.01231428571428568,1,0.19639639639639556,-2.0696170051875034
ADAUSDT,LONG,1785162600,1785163500,0.162,0.1597857142857143,0.16310714285714287,SL,-1.0292645161290324,0.013668430335096939,1,0.2909090909090907,-2.427224456848381
ETHUSDT,LONG,1785162600,1785179700,1936.88,1914.8600000000001,1947.89,TP2,0.4648159854677566,0.01136879930610054,1,0.257189072609633,-2.7010159693924023
AVAXUSDT,LONG,1785164400,1785167100,6.522,6.438428571428572,6.563785714285714,TP2,0.46878358974358975,0.012813773163359177,1,0.23950617283950434,-2.5988713844069014
LABUSDT,LONG,1785164400,1785171600,0.1431,0.13885714285714285,0.14522142857142858,TP2,0.48650909090909095,0.029649595687331595,1,0.25000000000000205,-2.0430675991958296
LABUSDT,LONG,1785179700,1785187800,0.1411,0.13817142857142858,0.14256428571428573,SL,-1.0192721951219512,0.02075529006783438,1,0.24637681159420233,-2.3250042821926384
BILLUSDT,LONG,1785187800,1785188700,0.02368,0.02334285714285714,0.023848571428571427,SL,-1.0280949152542374,0.014237451737451745,1,0.24183006535947915,-3.174921101837313
ADAUSDT,LONG,1785191400,1785192300,0.158,0.15662857142857142,0.1586857142857143,SL,-1.0460833333333333,0.008679927667269462,1,0.20833333333333479,-2.04598301841148
AAVEUSDT,LONG,1785192300,1785193200,98.48,97.64714285714287,98.89642857142857,SL,-1.0472974271012008,0.008457119647209002,1,0.23076923076923078,-2.9605373536280886
BILLUSDT,SHORT,1785209400,1785213900,0.023,0.02344714285714286,0.02277642857142857,SL,-1.0205750798722044,0.01944099378881999,1,0.11224489795918521,2.1683743571829353
HYPEUSDT,LONG,1785217500,1785219300,55.658,55.12714285714286,55.92342857142857,SL,-1.0419382131324004,0.009537840793006253,1,0.18275154004106625,-2.412849047111339
ZECUSDT,LONG,1785217500,1785222000,470.91,465.64714285714285,473.5414285714286,TP2,0.46420879478826826,0.011175929886511535,1,0.220582943504858,-2.1514686496710014
AAVEUSDT,LONG,1785224700,1785227400,97.28,96.42142857142858,97.70928571428571,TP2,0.4546782029950084,0.008825775375939857,1,0.08943089430894371,-2.414330862368112
LABUSDT,SHORT,1785230100,1785231900,0.143,0.14628571428571427,0.14135714285714285,TP2,0.48259130434782604,0.022977022977022945,1,0.1354838709677417,2.1623090182683407
BILLUSDT,SHORT,1785233700,1785235500,0.02368,0.02414857142857143,0.023445714285714285,TP2,0.4797853658536585,0.01978764478764478,1,0.153061224489795,2.539036940417985
HYPEUSDT,LONG,1785236400,1785244500,54.676,54.23571428571429,54.89614285714286,SL,-1.0496731992212847,0.008052632129009371,1,0.09282886053673393,-2.4785707067584983
SEIUSDT,LONG,1785237300,1785243600,0.04271,0.042301428571428566,0.04291428571428571,TP2,0.4581860139860055,0.009566177208415565,1,0.08021390374331364,-2.3009284976203066
NEARUSDT,LONG,1785239100,1785241800,1.66,1.646,1.6669999999999998,TP2,0.4525714285714207,0.008433734939759043,1,0.1940298507462667,-2.7291826596548447
AAVEUSDT,SHORT,1785242700,1785246300,97.89,98.71428571428571,97.47785714285715,TP2,0.45249705372616983,0.008420530332880925,1,0.16972477064219957,2.596365099333927
ADAUSDT,SHORT,1785242700,1785245400,0.1578,0.1591,0.15715,TP2,0.451446153846143,0.008238276299112774,1,0.1538461538461526,2.1803190724766877
ADAUSDT,LONG,1785246300,1785248100,0.1558,0.15421428571428572,0.15659285714285714,TP2,0.4606990990991078,0.01017788373372453,1,0.18309859154929456,-2.608433418774257
AVAXUSDT,LONG,1785246300,1785247200,6.398,6.343714285714285,6.425142857142857,TP2,0.45285684210527166,0.008484794355378971,1,0.16097560975609856,-2.7705250260979226
DOTUSDT,LONG,1785246300,1785247200,0.7537,0.7474285714285714,0.7568357142857143,TP2,0.4519280182232256,0.008320855209537676,1,0.2851063829787248,-2.81995009650484
BILLUSDT,SHORT,1785250800,1785251700,0.02375,0.02418714285714286,0.02353142857142857,SL,-1.0217320261437908,0.018406015037594026,1,0.048780487804877794,2.24462479377638
SOLUSDT,SHORT,1785251700,1785252600,73.62,74.28142857142858,73.28928571428573,SL,-1.0445218142548598,0.008984359840105524,1,0.1698113207547204,2.206396625777877
AVAXUSDT,SHORT,1785252600,1785254400,6.511,6.584857142857143,6.4740714285714285,SL,-1.035262669245648,0.011343440770564128,1,0.2014388489208625,2.4347930547398926
BTCUSDT,SHORT,1785252600,1785260700,63723.1,64239.614285714284,63464.84285714285,TP2,0.4506514326806133,0.008105605121443975,1,0.12746386333771104,2.185216834279306
LINKUSDT,SHORT,1785253500,1785260700,8.369,8.462714285714286,8.322142857142858,TP2,0.4642786585365758,0.011197787754126604,1,0.1725888324873086,2.1394922847884557
TAOUSDT,SHORT,1785286800,1785287700,197.9,200.45714285714286,196.62142857142857,TP2,0.469043575419,0.012921388868837078,1,0.20610687022900814,2.846981539654976
BILLUSDT,SHORT,1785289500,1785290400,0.02424,0.024724285714285713,0.023997857142857144,SL,-1.0200212389380532,0.01997878359264492,1,0.07446808510638338,2.303869569230337
HYPEUSDT,LONG,1785290400,1785292200,54.392,53.75185714285715,54.712071428571434,TP2,0.46601258647623844,0.01176906267728444,1,0.2973825291706087,-2.0986710646059494
NEARUSDT,LONG,1785290400,1785291300,1.629,1.6102857142857143,1.6383571428571428,TP2,0.4651816793893129,0.011488204858370566,1,0.20408163265306076,-2.7537503021383842
AAVEUSDT,LONG,1785295800,1785298500,99.17,97.93857142857144,99.78571428571428,SL,-1.0322129930394432,0.01241734971693623,1,0.19379844961240258,-2.0745222821306264
ETHUSDT,LONG,1785295800,1785298500,1901.08,1885.4185714285713,1908.9107142857142,SL,-1.0485544467755177,0.008238174391098,1,0.19903303787268542,-2.0502833895096915
SEIUSDT,LONG,1785295800,1785297600,0.04235,0.04194285714285714,0.04255357142857143,SL,-1.0416070175438599,0.009613762860516078,1,0.2564102564102569,-2.086768112552208
LINKUSDT,LONG,1785298500,1785300300,8.324,8.247428571428571,8.362285714285715,TP2,0.45651641791045955,0.009198874167639239,1,0.14805194805194913,-2.0363715831646987
ADAUSDT,SHORT,1785376800,1785379500,0.1639,0.16561428571428571,0.16304285714285713,TP2,0.4617566666666667,0.01045933931839973,1,0.28205128205128094,2.048888063020644
LABUSDT,LONG,1785378600,1785392100,0.1491,0.14352857142857145,0.1518857142857143,TP2,0.48929538461538463,0.03736705949985629,1,0.11787072243345956,-2.089322727842167
HYPEUSDT,LONG,1785385800,1785400200,53.71,53.241,53.944500000000005,TP2,0.454191897654592,0.008732079687209127,1,0.1419833988641322,-2.2459779761889975
BILLUSDT,LONG,1785387600,1785390300,0.02331,0.022937142857142857,0.02349642857142857,TP2,0.47499310344827117,0.01599558742415884,1,0.23529411764705738,-2.1172710824393994
AAVEUSDT,SHORT,1785397500,1785402000,96.74,97.82714285714286,96.19642857142857,SL,-1.035594218134034,0.011237780206149094,1,0.11764705882352847,2.1973512389762853
LABUSDT,LONG,1785398400,1785407400,0.1447,0.14057142857142857,0.1467642857142857,TP2,0.4859806228373702,0.028531937999802498,1,0.18888888888888833,-2.7929076301550295
BILLUSDT,SHORT,1785407400,1785410100,0.02398,0.024405714285714288,0.023767142857142858,SL,-1.022531543624161,0.01775288931252238,1,0.24183006535947915,2.3753333830248806
HYPEUSDT,LONG,1785410100,1785411900,53.369,52.937285714285714,53.584857142857146,SL,-1.0494484447385837,0.008089233182452088,1,0.24155320221885768,-2.5999429325642023
ADAUSDT,SHORT,1785416400,1785419100,0.166,0.16754285714285716,0.16522857142857145,SL,-1.043037037037037,0.009294320137693659,1,0.29411764705882354,2.1022975459943463
AAVEUSDT,SHORT,1785460500,1785462300,100.28,101.13714285714286,99.85142857142857,SL,-1.0467973333333334,0.008547495583793929,1,0.29230769230769704,2.896918460916869
ZECUSDT,SHORT,1785460500,1785462300,475.83,480.5642857142857,473.46285714285716,TP2,0.4597971031985455,0.009949531795569224,1,0.18803418803418756,2.8254462022648124
ETHUSDT,LONG,1785463200,1785482100,1909.59,1893.5457142857142,1917.6121428571428,SL,-1.0476079779182619,0.008401953149254956,1,0.16360294117646942,-2.2655101934647566
ZECUSDT,LONG,1785463200,1785465900,466.49,460.7857142857143,469.34214285714285,SL,-1.0327115452041071,0.012228098596509498,1,0.2606593406593403,-2.7584777570069443
LINKUSDT,LONG,1785464100,1785467700,8.398,8.32857142857143,8.432714285714285,SL,-1.0483835390946505,0.008267274521144442,1,0.21153846153846187,-2.070491487996954
HYPEUSDT,LONG,1785466800,1785474900,55.112,54.478142857142856,55.42892857142857,TP2,0.465221185485683,0.011501254588059652,1,0.1969253294289886,-2.1873807577592097
BILLUSDT,SHORT,1785469500,1785471300,0.02441,0.02481857142857143,0.02420571428571429,TP2,0.4761020979020936,0.016737870896002777,1,0.2021857923497282,3.1606412119211065
ADAUSDT,LONG,1785472200,1785484800,0.1687,0.16685714285714284,0.16962142857142856,TP2,0.4633829457364341,0.01092387162333813,1,0.13253012048192692,-2.393507918760855
AAVEUSDT,LONG,1785480300,1785489300,98.87,97.65,99.48,SL,-1.032416393442623,0.012339435622534629,1,0.16612377850162915,-2.1750760461152243
TAOUSDT,LONG,1785483000,1785484800,194.1,192.2,195.04999999999998,TP2,0.4591368421052557,0.009788768675940246,1,0.0909090909090915,-2.48921245115234
ADAUSDT,SHORT,1785487500,1785488400,0.1713,0.17322857142857145,0.17033571428571428,TP2,0.4644711111111112,0.01125844383287469,1,0.1368421052631577,2.5059463377045037
SEIUSDT,LONG,1785489300,1785490200,0.04153,0.04111285714285714,0.041738571428571423,TP2,0.4601767123287587,0.010044374118537347,1,0.19371727748691198,-2.483119183881906
HYPEUSDT,LONG,1785490200,1785493800,54.4,53.69228571428572,54.75385714285714,TP2,0.4692531287848253,0.013009453781512588,1,0.1740870435217614,-2.0631240089400285
DOTUSDT,LONG,1785492900,1785506400,0.7614,0.7549714285714285,0.7646142857142857,SL,-1.0473759999999999,0.008443093549476536,1,0.2539682539682546,-2.0769181796390797
AVAXUSDT,SHORT,1785496500,1785497400,6.491,6.544714285714285,6.464142857142857,TP2,0.45166276595744687,0.008275194224970847,1,0.16049382716049357,2.0427793142571478
LABUSDT,LONG,1785496500,1785497400,0.1442,0.14187142857142857,0.14536428571428572,SL,-1.0247705521472392,0.016148206855557765,1,0.24137931034483023,-2.882007217702052
HYPEUSDT,SHORT,1785501900,1785505500,55.204,55.78971428571428,54.911142857142856,TP2,0.46229970731707914,0.010609997205171435,1,0.24148372445117366,2.064840584481684
NEARUSDT,SHORT,1785502800,1785507300,1.662,1.6758571428571427,1.6550714285714285,SL,-1.047975257731959,0.00833763108131337,1,0.11475409836065371,2.5494745825572025
AVAXUSDT,LONG,1785506400,1785507300,6.383,6.319714285714286,6.414642857142857,TP2,0.45965598194130913,0.00991472885566569,1,0.21311475409836025,-2.4228043240816555
TAOUSDT,LONG,1785506400,1785507300,191.6,189.97142857142856,192.4142857142857,SL,-1.0470596491228072,0.008499850879809088,1,0.17333333333333353,-2.6809626514707645
ADAUSDT,LONG,1785507300,1785512700,0.168,0.16567142857142858,0.1691642857142857,TP2,0.4711411042944726,0.01386054421768708,1,0.14285714285714285,-2.0885131819167317
ZECUSDT,LONG,1785508200,1785514500,455.88,450.7785714285714,458.4307142857143,TP2,0.46425471856623374,0.01119028817107267,1,0.05440742302825903,-2.0352835563426326
XLMUSDT,SHORT,1785509100,1785510900,0.17106,0.1728042857142857,0.17018785714285714,SL,-1.0392275184275186,0.010196923385278278,1,0.24629878869448002,2.3453227240668055
SEIUSDT,SHORT,1785510000,1785522600,0.04206,0.042480000000000004,0.04185,TP2,0.4599428571428572,0.009985734664764639,1,0.19999999999999837,2.6359538064721773
SUIUSDT,LONG,1785510000,1785527100,0.6842,0.6775285714285715,0.6875357142857144,SL,-1.0410226980728052,0.009750699461310363,1,0.07936507936507908,-2.284512480130776
BILLUSDT,SHORT,1785517200,1785523500,0.02397,0.024391428571428574,0.023759285714285715,TP2,0.477248813559322,0.017581500685380523,1,0.20212765957446874,2.2483102828595447
NEARUSDT,SHORT,1785519000,1785519900,1.702,1.7364285714285714,1.6847857142857143,TP2,0.4802257261410756,0.020228302836998516,1,0.2987012987012987,2.2242882946090026
TAOUSDT,SHORT,1785520800,1785523500,196.2,198.35714285714283,195.12142857142857,TP2,0.4636185430463575,0.01099461191204308,1,0.2380952380952368,2.0002571384285104
ADAUSDT,LONG,1785531600,1785550500,0.1686,0.16652857142857144,0.16963571428571428,TP2,0.46744275862068957,0.012286053211320078,1,0.18421052631578985,-2.3113201261430705
LABUSDT,SHORT,1785533400,1785537000,0.1469,0.14845714285714287,0.14612142857142857,SL,-1.0377357798165137,0.010600019449577018,1,0.19444444444444658,2.6670915478354313
BILLUSDT,SHORT,1785546000,1785547800,0.02416,0.024438571428571428,0.024020714285714288,TP2,0.46530871794871775,0.011530274361400129,1,0.19379844961240336,2.701917387436932
NEARUSDT,SHORT,1785548700,1785553200,1.68,1.6941428571428572,1.6729285714285713,TP2,0.4524848484848487,0.008418367346938812,1,0.08108108108108109,2.165400774848159
AAVEUSDT,LONG,1785563100,1785579300,91.04,90.11285714285715,91.50357142857143,SL,-1.0392776579352851,0.010183906603063009,1,0.11157024793388519,-2.3601585480604905
BILLUSDT,LONG,1785564900,1785567600,0.02359,0.023318571428571428,0.023725714285714284,SL,-1.034764210526316,0.011506086113970785,1,0.23199999999999737,-2.0356611172846417
ADAUSDT,SHORT,1785568500,1785571200,0.1716,0.17322857142857143,0.1707857142857143,TP2,0.45785263157894757,0.009490509490509532,1,0.2173913043478275,2.3584683629631296
AAVEUSDT,LONG,1785580200,1785582000,90.58,89.83,90.955,TP2,0.4516906666666669,0.008279973504084832,1,0.1301939058171727,-2.1060012144138054
BILLUSDT,SHORT,1785580200,1785582000,0.0238,0.024062857142857143,0.02366857142857143,SL,-1.036217391304348,0.011044417767106787,1,0.09433962264151166,2.5224033338406677
HYPEUSDT,SHORT,1785595500,1785599100,52.45,52.874428571428574,52.237785714285714,TP2,0.4505688320430915,0.008092060465749703,1,0.1989159891598895,2.036796776549134
BILLUSDT,SHORT,1785597300,1785598200,0.02436,0.024701428571428572,0.024189285714285715,SL,-1.0285389121338913,0.014015951208069434,1,0.2857142857142852,2.1594063085098427
LABUSDT,LONG,1785600900,1785606300,0.1436,0.14054285714285714,0.14512857142857144,SL,-1.018788785046729,0.02128929566255477,1,0.2480000000000013,-2.646657845287277
NEARUSDT,SHORT,1785602700,1785604500,1.682,1.6988571428571428,1.6735714285714285,TP2,0.4600881355932203,0.010022082554781713,1,0.25641025641025716,2.5090509734887556
HYPEUSDT,LONG,1785606300,1785610800,52.081,51.65985714285715,52.29157142857143,SL,-1.0494663500678425,0.008086305123612397,1,0.037117903930130244,-2.255448185305134
ZECUSDT,LONG,1785608100,1785609900,463.0,458.05285714285714,465.4735714285714,SL,-1.0374357493502744,0.01068497377352667,1,0.16294227188082008,-2.511162596704068
DOTUSDT,LONG,1785609900,1785614400,0.7676,0.7600285714285714,0.7713857142857142,TP2,0.4594475471698115,0.009863768331720441,1,0.06358381502890341,-2.043036806245333
LABUSDT,SHORT,1785629700,1785631500,0.1367,0.13918571428571427,0.13545714285714286,TP2,0.478002298850569,0.01818371825687106,1,0.2181818181818181,2.5284056922065417
ZECUSDT,SHORT,1785634200,1785636900,467.49,471.30285714285714,465.5835714285714,SL,-1.049043536905208,0.00815601861613541,1,0.29306722689075515,2.3627474396001786
ADAUSDT,SHORT,1785636000,1785637800,0.1763,0.17862857142857144,0.17513571428571428,SL,-1.030284662576687,0.013208005834211172,1,0.24271844660194122,2.399478874753919
BILLUSDT,LONG,1785641400,1785644100,0.0242,0.02379857142857143,0.024400714285714286,TP2,0.47588612099644556,0.016587957497048385,1,0.16666666666666707,-2.9186501192363927
BILLUSDT,SHORT,1785652200,1785654000,0.02479,0.02513,0.02462,SL,-1.029164705882353,0.013715207745058492,1,0.2142857142857128,2.273733336252471
LABUSDT,SHORT,1785652200,1785656700,0.1365,0.1383714285714286,0.13556428571428572,SL,-1.0291755725190839,0.013710099424385168,1,0.09090909090908939,2.4436678190437524
AAVEUSDT,SHORT,1785655800,1785656700,92.69,93.46428571428571,92.30285714285714,TP2,0.45211586715868096,0.008353497834563779,1,0.21081081081080852,2.5587801485559694
BILLUSDT,SHORT,1785663000,1785664800,0.02535,0.025941428571428574,0.025054285714285716,TP2,0.4828550724637652,0.02333051563820797,1,0.2611940298507474,2.078784478575004
ZECUSDT,LONG,1785671100,1785673800,469.77,465.83714285714285,471.7364285714285,TP2,0.45222099527787113,0.008371878031498636,1,0.1416390336333487,-3.150353627135931
ADAUSDT,SHORT,1785672900,1785679200,0.1895,0.19252857142857144,0.18798571428571428,TP2,0.47497169811320755,0.015981907274783262,1,0.19999999999999918,2.3590009529848146
BILLUSDT,LONG,1785673800,1785679200,0.02401,0.023331428571428572,0.024349285714285716,TP2,0.48584673684210783,0.028262033676444323,1,0.23602484472049667,-2.760088741266836
LABUSDT,SHORT,1785682800,1785685500,0.1382,0.14008571428571429,0.13725714285714286,SL,-1.0293151515151515,0.013644821170146834,1,0.03370786516853898,2.452812278274952
ADAUSDT,LONG,1785704400,1785705300,0.1874,0.1854857142857143,0.18835714285714286,TP2,0.4608417910447761,0.010214971794480861,1,0.2873563218390794,-2.0512076781536517
BILLUSDT,LONG,1785707100,1785708900,0.02402,0.023778571428571427,0.024140714285714286,TP2,0.460203550295858,0.010051147852979662,1,0.1604938271604955,-2.1553497484603037
AAVEUSDT,SHORT,1785708000,1785710700,93.05,93.84142857142857,92.6542857142857,TP2,0.4529711191335829,0.008505411836954007,1,0.27272727272727526,2.148823062507798
ADAUSDT,SHORT,1785710700,1785712500,0.1906,0.19278571428571428,0.18950714285714285,TP2,0.465118954248366,0.011467546095038233,1,0.1789473684210527,2.1539653880710117
AAVEUSDT,LONG,1785712500,1785723300,92.12,91.32428571428572,92.51785714285715,SL,-1.046308078994614,0.008637801625209343,1,0.049853372434018356,-2.146282914463602
AVAXUSDT,LONG,1785716100,1785723300,6.523,6.463285714285714,6.5528571428571425,SL,-1.0436947368421057,0.009154420621536905,1,0.23571428571428735,-2.0776925039736716
ZECUSDT,LONG,1785719700,1785738600,479.64,472.5771428571428,483.1714285714286,SL,-1.027164077669903,0.014725329711569425,1,0.2776203966005668,-2.293727932117077
LABUSDT,LONG,1785728700,1785743100,0.1364,0.1340142857142857,0.13759285714285716,SL,-1.0228694610778442,0.017490573942186956,1,0.24050632911392245,-2.0148872613063165
AAVEUSDT,SHORT,1785736800,1785738600,92.14,92.91142857142857,91.75428571428571,TP2,0.45222370370370363,0.008372352631089323,1,0.20769230769231167,2.3456509432136365
HYPEUSDT,SHORT,1785736800,1785738600,52.81,53.305571428571426,52.56221428571429,TP2,0.4573744594984144,0.009384045229529004,1,0.18974782968168596,2.5542260040464964
ADAUSDT,LONG,1785802500,1785812400,0.1927,0.19001428571428572,0.19404285714285716,TP2,0.47130000000000016,0.013937282229965245,1,0.18918918918919136,-2.2004748266281013
AAVEUSDT,SHORT,1785807900,1785810600,93.02,93.78285714285714,92.63857142857142,TP2,0.4512254681647938,0.008201001320760473,1,0.014150943396227016,2.157130884912785
BILLUSDT,SHORT,1785807900,1785810600,0.02337,0.02371,0.0232,TP2,0.4725058823529411,0.014548566538296922,1,0.2533333333333344,2.3203883495145696
HYPEUSDT,SHORT,1785809700,1785813300,54.391,54.82957142857143,54.17171428571429,TP2,0.4503925732898942,0.008063308793208962,1,0.08105515587530167,2.25455310596264
NEARUSDT,SHORT,1785811500,1785813300,1.763,1.7777142857142856,1.755642857142857,TP2,0.45207378640776696,0.008346163195851226,1,0.1688311688311686,2.0680102204895774
ZECUSDT,SHORT,1785811500,1785813300,485.82,491.2985714285714,483.0807142857143,TP2,0.4645294393741851,0.011276957368102226,1,0.09668874172185357,2.1170577759421754
LABUSDT,LONG,1785813300,1785822300,0.139,0.13585714285714287,0.14057142857142857,TP2,0.4823090909090864,0.02261048304213768,1,0.16923076923076752,-2.863713316851028
ADAUSDT,SHORT,1785815100,1785817800,0.197,0.2003714285714286,0.19531428571428572,TP2,0.4766271186440678,0.017113850616388693,1,0.13698630136986312,2.5974113987340233
BILLUSDT,LONG,1785817800,1785821400,0.02293,0.022617142857142856,0.02308642857142857,TP2,0.470683105022831,0.013644009719020607,1,0.18518518518518662,-2.125211632294953
BILLUSDT,SHORT,1785828600,1785829500,0.02349,0.023767142857142858,0.02335142857142857,TP2,0.46609690721649494,0.011798333637414123,1,0.14503816793892968,2.7284575316321176
LABUSDT,LONG,1785830400,1785831300,0.1386,0.13697142857142858,0.1394142857142857,SL,-1.034042105263158,0.0117501546072974,1,0.07042253521126772,-2.127896394052053
ADAUSDT,LONG,1785850200,1785879900,0.193,0.1906,0.1942,TP2,0.4678333333333333,0.01243523316062177,1,0.09836065573770578,-2.3464999547143526
AVAXUSDT,LONG,1785851100,1785857400,6.751,6.692,6.780500000000001,SL,-1.0457694915254234,0.008739446007998856,1,0.0625,-2.110813668392323
AAVEUSDT,LONG,1785852000,1785856500,91.39,90.63142857142857,91.76928571428572,SL,-1.0481905838041432,0.008300376721429335,1,0.20805369127516607,-2.4170741087944028
LINKUSDT,SHORT,1785854700,1785855600,8.251,8.32542857142857,8.213785714285713,TP2,0.45565681381958956,0.009020551621448466,1,0.27793696275071994,2.613053100037485
NEARUSDT,LONG,1785857400,1785859200,1.724,1.7082857142857144,1.7318571428571428,TP2,0.4561163636363635,0.009115014915478923,1,0.285714285714288,-2.3443939954936917
LABUSDT,SHORT,1785858300,1785859200,0.1402,0.142,0.13929999999999998,SL,-1.0311555555555554,0.012838801711840287,1,0.013333333333331952,2.0526843402163246
DOTUSDT,SHORT,1785861000,1785861900,0.8434,0.8507000000000001,0.83975,TP2,0.45378630136986325,0.008655442257529091,1,0.2300000000000001,2.9634347466713074
SEIUSDT,SHORT,1785864600,1785891600,0.04151,0.04185285714285714,0.041338571428571426,TP2,0.45157166666666665,0.008259627628454416,1,0.039106145251396995,2.0428976515247923
TAOUSDT,SHORT,1785864600,1785868200,193.5,195.42857142857142,192.53571428571428,SL,-1.0401333333333334,0.009966777408637854,1,0.2577319587628869,2.780556166855592
HYPEUSDT,SHORT,1785865500,1785866400,55.755,56.26428571428572,55.50035714285714,TP2,0.4562092566619988,0.009134350538708941,1,0.04081632653061463,2.257989679527249
NEARUSDT,SHORT,1785868200,1785872700,1.746,1.7610000000000001,1.7385,TP2,0.45344000000000007,0.008591065292096236,1,0.11111111111111233,2.452582534094321
BILLUSDT,SHORT,1785874500,1785875400,0.02354,0.023755714285714283,0.023432142857142856,TP2,0.4563496688741721,0.009163733462798869,1,0.0,2.326862369731462
BILLUSDT,LONG,1785878100,1785879900,0.0232,0.02298,0.023309999999999997,TP2,0.4578181818181816,0.009482758620689612,1,0.28089887640449623,-2.1401217972313997
HYPEUSDT,LONG,1785879900,1785892500,55.171,54.696571428571424,55.40821428571429,SL,-1.0465157482685938,0.008599238212622068,1,0.0418529053230397,-2.1156524319483356
ZECUSDT,SHORT,1785884400,1785886200,509.35,515.0285714285715,506.5107142857143,TP2,0.46412125786163516,0.011148662861630354,1,0.2485414235705959,2.2060346453964645
ADAUSDT,LONG,1785890700,1785894300,0.1915,0.18957142857142859,0.19246428571428573,TP2,0.46028148148148873,0.010070869078701986,1,0.06930693069306935,-2.0519650363265307
BILLUSDT,SHORT,1785894300,1785906900,0.02361,0.023925714285714283,0.023452142857142855,SL,-1.0299131221719457,0.013372057844738891,1,0.1999999999999974,2.5379162253226473
ZECUSDT,SHORT,1785895200,1785897000,511.56,517.0957142857143,508.79214285714284,SL,-1.0369643354838711,0.010821241468672839,1,0.2657120127287178,2.556600930284314
HYPEUSDT,SHORT,1785896100,1785898800,55.753,56.25014285714286,55.50442857142857,SL,-1.0448587356321837,0.008916880834087149,1,0.21276595744680643,2.903588952693594
AAVEUSDT,SHORT,1785897900,1785900600,91.15,91.92142857142858,90.76428571428572,TP2,0.45273703703703705,0.008463286576287133,1,0.2200956937799051,2.0306838585427593
DOTUSDT,LONG,1785899700,1785917700,0.8517,0.8424714285714285,0.8563142857142857,TP2,0.46308421052630977,0.010835471913316224,1,0.2109704641350218,-2.019718956858725
BILLUSDT,LONG,1785912300,1785913200,0.02329,0.02291,0.02348,TP2,0.47548421052631124,0.016316015457277816,1,0.18888888888888858,-2.1670700364565607
LABUSDT,LONG,1785912300,1785913200,0.1455,0.14267142857142856,0.14691428571428572,TP2,0.47942424242424736,0.019440353460972056,1,0.19999999999999904,-2.0184326483890107
ADAUSDT,SHORT,1785915900,1785922200,0.1931,0.19492857142857142,0.1921857142857143,SL,-1.042240625,0.009469556854331587,1,0.0784313725490186,2.5919302668433915
LABUSDT,SHORT,1785924900,1785926700,0.1492,0.15202857142857143,0.1477857142857143,TP2,0.4789010101010052,0.01895825354270393,1,0.10400000000000025,2.6150699738384056
ZECUSDT,LONG,1785928500,1785930300,514.64,510.04,516.9399999999999,TP2,0.4552486956521675,0.008938286957873414,1,0.1452830188679285,-2.012112701058109
BILLUSDT,SHORT,1785931200,1785932100,0.02379,0.024079999999999997,0.023645,TP2,0.4671862068965517,0.012189995796553176,1,0.08148148148148007,2.822840819380427
AAVEUSDT,SHORT,1785933000,1785934800,92.0,92.80571428571429,91.59714285714286,TP2,0.4543262411347517,0.008757763975155259,1,0.12755102040816274,2.457528207996356
ZECUSDT,SHORT,1785933000,1785935700,523.56,528.9928571428571,520.8435714285714,TP2,0.4614523271101658,0.010376761293561684,1,0.294167371090448,3.415970974861985
ADAUSDT,LONG,1785936600,1785945600,0.1919,0.1890285714285714,0.19333571428571428,SL,-1.0267323383084577,0.01496315045038341,1,0.12056737588652508,-2.3295060561142846
LINKUSDT,LONG,1785937500,1785938400,8.117,8.050142857142859,8.150428571428572,TP2,0.45143675213675194,0.008236681391787926,1,0.22676579925650375,-2.302751482824925
AVAXUSDT,LONG,1785938400,1785939300,6.612,6.55,6.643,TP2,0.4573419354838638,0.009376890502117366,1,0.26940639269406647,-2.0371220248366315
LABUSDT,SHORT,1785940200,1785947400,0.1508,0.15398571428571428,0.14920714285714284,SL,-1.018934529147982,0.02112542629784008,1,0.22147651006711397,2.3172266618111035
AAVEUSDT,LONG,1785943800,1785960000,90.75,89.69857142857143,91.27571428571429,SL,-1.0345244565217393,0.011585989767807905,1,0.17857142857142494,-2.1606792147898224
HYPEUSDT,SHORT,1785943800,1785945600,57.559,58.254285714285714,57.21135714285714,TP2,0.4668861310869119,0.012079530816826473,1,0.09684323167469022,2.2013507017714797
TAOUSDT,SHORT,1785943800,1785945600,198.3,200.15714285714287,197.37142857142857,TP2,0.4572892307692387,0.0093653195014769,1,0.2000000000000035,2.4646782435648364
BILLUSDT,SHORT,1785946500,1785947400,0.02385,0.024184285714285714,0.023682857142857144,TP2,0.4714615384615332,0.014016172506738494,1,0.22285714285714195,2.181243996135105
LINKUSDT,SHORT,1785947400,1785965400,8.208,8.299142857142858,8.162428571428572,TP2,0.46397742946707476,0.011104149262043965,1,0.12121212121212331,2.0665654313598103
ETHUSDT,SHORT,1785948300,1785951900,1891.59,1909.7314285714285,1882.5192857142856,SL,-1.0417076305220883,0.009590571197473346,1,0.28931513586622315,2.180848264662604
NEARUSDT,SHORT,1785949200,1785960900,1.708,1.7248571428571429,1.6995714285714285,TP2,0.4594711864406779,0.009869521579123443,1,0.11764705882352865,2.0427891126144218
LABUSDT,LONG,1785951900,1785952800,0.1462,0.1413142857142857,0.14864285714285713,SL,-1.0119695906432749,0.03341801837013879,1,0.07692307692307693,-2.2223250955584004
AAVEUSDT,LONG,1785980700,1785986100,88.99,88.18857142857142,89.39071428571428,SL,-1.04441568627451,0.009005827300017635,1,0.294915254237288,-3.4401343024111046
BILLUSDT,SHORT,1785981600,1785992400,0.02447,0.024898571428571426,0.024255714285714283,TP2,0.4771613333333373,0.017514157277132323,1,0.18367346938775697,2.328246353690038
BILLUSDT,SHORT,1786002300,1786004100,0.02478,0.025131428571428572,0.024604285714285714,TP2,0.47179512195121953,0.01418194396402631,1,0.1470588235294101,2.189081818461987
ZECUSDT,LONG,1786004100,1786006800,504.78,500.6271428571428,506.8564285714285,TP2,0.45137997936015817,0.008227063558098845,1,0.19096509240246293,-2.4049034192746475
ADAUSDT,SHORT,1786012200,1786013100,0.1895,0.19127142857142856,0.1886142857142857,TP2,0.4572096774193627,0.009347908028646811,1,0.23076923076922684,2.041839699238009
AAVEUSDT,SHORT,1786025700,1786032000,88.77,89.48571428571428,88.41214285714285,TP2,0.4503880239520956,0.008062569400859327,1,0.13142857142856912,2.326611694737506
BILLUSDT,LONG,1786026600,1786033800,0.02406,0.023635714285714288,0.02427214285714286,SL,-1.0226828282828284,0.017634485215532576,1,0.16216216216216234,-2.0480798012976056
NEARUSDT,LONG,1786032000,1786042800,1.672,1.6514285714285715,1.6822857142857142,SL,-1.0325111111111112,0.012303485987696506,1,0.12500000000000036,-2.1975395064009993
LABUSDT,LONG,1786032900,1786033800,0.1283,0.12587142857142858,0.12951428571428572,TP2,0.4788682352941233,0.01892884979400956,1,0.17777777777777765,-2.4618825459331317
LABUSDT,SHORT,1786041000,1786046400,0.1311,0.13374285714285714,0.12977857142857144,TP2,0.48015783783783245,0.020159093385637906,1,0.05982905982906056,2.169387937278051
TAOUSDT,LONG,1786046400,1786049100,191.5,189.81428571428572,192.34285714285716,TP2,0.4545593220339067,0.008802685565087641,1,0.07894736842105077,-2.9045484963542516
BILLUSDT,SHORT,1786061700,1786063500,0.02433,0.024652857142857143,0.024168571428571428,SL,-1.0301433628318584,0.013269919558452222,1,0.14970059880239492,2.3439244328340734
LABUSDT,SHORT,1786062600,1786063500,0.1328,0.13502857142857141,0.1316857142857143,SL,-1.0238358974358976,0.016781411359724524,1,0.26086956521739313,2.9742484506432554
NEARUSDT,LONG,1786072500,1786076100,1.65,1.6367142857142856,1.656642857142857,SL,-1.0496774193548386,0.008051948051948069,1,0.23076923076923275,-2.4524781203502433
XLMUSDT,LONG,1786076100,1786082400,0.16005,0.15876714285714286,0.16069142857142857,TP2,0.4500957683741649,0.008015352345249267,1,0.22818791946308753,-2.0206481092519057
ADAUSDT,LONG,1786169700,1786198500,0.1997,0.19807142857142856,0.2005142857142857,TP2,0.45095087719298205,0.008155089777523364,1,0.030303030303031324,-2.1113995354922066
BILLUSDT,SHORT,1786176000,1786177800,0.02454,0.024864285714285714,0.024377857142857142,TP2,0.4697303964757709,0.013214576784258924,1,0.23943661971831026,2.0377134968226907
LABUSDT,SHORT,1786185000,1786187700,0.1276,0.12915714285714286,0.12682142857142856,SL,-1.032777981651376,0.012203313927451945,1,0.2258064516128983,2.2093685942812606
NEARUSDT,SHORT,1786202100,1786206600,1.628,1.6414285714285715,1.6212857142857142,TP2,0.4515063829787154,0.008248508248508295,1,0.26760563380281577,2.930477151434322
BILLUSDT,LONG,1786210200,1786225500,0.0245,0.02420142857142857,0.024649285714285717,TP2,0.46717703349282885,0.012186588921282849,1,0.1803278688524565,-2.285259917182184
ZECUSDT,SHORT,1786240800,1786245300,512.88,517.0928571428572,510.7735714285714,TP2,0.4513033570701932,0.00821411859081488,1,0.164687661331956,2.759727409762514
LABUSDT,LONG,1786244400,1786253400,0.1265,0.12450000000000001,0.1275,TP2,0.47470000000000334,0.01581027667984182,1,0.15789473684210256,-2.5235730725761645
NEARUSDT,SHORT,1786249800,1786250700,1.629,1.6442857142857144,1.621357142857143,TP2,0.4573719626168151,0.009383495571340873,1,0.1764705882352935,2.075102364237442
ZECUSDT,SHORT,1786266900,1786268700,518.09,523.3257142857143,515.4721428571429,TP2,0.4604187721691678,0.010105800702029164,1,0.2321181356714408,3.2965125822276473
TAOUSDT,LONG,1786275000,1786275900,203.4,201.22857142857143,204.4857142857143,TP2,0.4625315789473686,0.01067565669335586,1,0.26315789473684265,-2.778145062954263
TAOUSDT,SHORT,1786282200,1786295700,208.4,210.9,207.15,TP2,0.46665599999999996,0.01199616122840689,1,0.21333333333333487,2.450901073341475
ZECUSDT,LONG,1786292100,1786298400,518.35,513.96,520.545,SL,-1.04723006833713,0.008469181055271478,1,0.22107969151670784,-2.960050734594125
LABUSDT,LONG,1786294800,1786312800,0.1225,0.12081428571428571,0.12334285714285714,TP2,0.47093220338983055,0.013760932944606436,1,0.19444444444444503,-2.0307664481383076
BILLUSDT,LONG,1786299300,1786301100,0.02515,0.02461285714285714,0.02541857142857143,SL,-1.0187287234042552,0.021357568872479426,1,0.22857142857142998,-2.1737334878544776
NEARUSDT,LONG,1786315500,1786318200,1.62,1.607,1.6265,SL,-1.0498461538461537,0.008024691358024708,1,0.20481927710843323,-2.3764122096837426
ADAUSDT,LONG,1786317300,1786318200,0.1965,0.19484285714285715,0.19732857142857144,SL,-1.0474310344827584,0.008433296982915322,1,0.15384615384615055,-2.1953751686551053
ETHUSDT,LONG,1786322700,1786323600,1906.51,1890.5585714285714,1914.4857142857143,TP2,0.4521921189324735,0.008366821349706297,1,0.21341731360773242,-2.047821083577525
ZECUSDT,LONG,1786322700,1786323600,508.28,502.31999999999994,511.26,TP2,0.46588724832214795,0.011725820413945173,1,0.26684846123880146,-2.0690410135793824
NEARUSDT,SHORT,1786338900,1786344300,1.636,1.6568571428571428,1.6255714285714284,SL,-1.0313753424657535,0.01274886482710441,1,0.2807017543859652,2.697434343034386
AVAXUSDT,SHORT,1786341600,1786351500,6.541,6.602,6.5105,TP2,0.45710819672131153,0.009325791163430679,1,0.21068249258160604,2.0059346173447756
ADAUSDT,LONG,1786355100,1786363200,0.1954,0.19379999999999997,0.19619999999999999,TP2,0.4511499999999915,0.008188331627430942,1,0.17241379310344926,-2.0644163714026225
BILLUSDT,SHORT,1786355100,1786356900,0.02618,0.026708571428571425,0.025915714285714285,TP2,0.4801881081081081,0.020189894139473964,1,0.2791519434628982,2.0333291693049786
ZECUSDT,LONG,1786355100,1786363200,506.42,502.22428571428577,508.51785714285717,TP2,0.45172025876745636,0.008285048548071303,1,0.015450186467768866,-2.0577284852040174
NEARUSDT,SHORT,1786365900,1786366800,1.664,1.6789999999999998,1.6564999999999999,TP2,0.4556266666666739,0.009014423076923038,1,0.17647058823529413,2.086523698005635
AVAXUSDT,LONG,1786374900,1786381200,6.479,6.4237142857142855,6.506642857142857,SL,-1.0468764857881137,0.008533062862434689,1,0.13636363636363874,-3.044917182158236
NEARUSDT,LONG,1786374900,1786381200,1.633,1.6138571428571429,1.6425714285714286,SL,-1.0341223880597017,0.011722508966844498,1,0.14606741573033602,-3.0599773932441643
SUIUSDT,LONG,1786374900,1786375800,0.6875,0.6819571428571428,0.6902714285714285,TP2,0.4503865979381343,0.008062337662337651,1,0.22500000000000128,-3.0553913613121013
LABUSDT,LONG,1786376700,1786379400,0.1189,0.11658571428571429,0.12005714285714286,TP2,0.47944938271604937,0.019464135528054777,1,0.2,-2.225722419479014
LINKUSDT,LONG,1786380300,1786391100,8.251,8.17242857142857,8.290285714285714,TP2,0.4579949090909091,0.009522655262565589,1,0.14929577464788946,-2.1073054575116665
ZECUSDT,LONG,1786382100,1786390200,496.86,490.2957142857143,500.14214285714286,TP2,0.46972343852013054,0.013211539899137995,1,0.21671018276762571,-2.057055334742713
HYPEUSDT,SHORT,1786386600,1786388400,55.354,56.00142857142857,55.03028571428571,TP2,0.4658007060900319,0.011696147910332964,1,0.2706919945725902,2.114168134894514
BILLUSDT,SHORT,1786393800,1786395600,0.02517,0.02555,0.024980000000000002,TP2,0.4735052631578947,0.01509733810091376,1,0.2000000000000007,2.390543540186085
LABUSDT,SHORT,1786400100,1786410900,0.1203,0.12234285714285714,0.11927857142857143,TP2,0.4764447552447587,0.016981356133475844,1,0.13580246913580277,2.4560791815026968
NEARUSDT,LONG,1786401900,1786405500,1.595,1.5795714285714286,1.6027142857142858,TP2,0.45864814814815524,0.009673085535154469,1,0.19999999999999873,-2.300426781581204
BILLUSDT,SHORT,1786406400,1786410000,0.02525,0.02555,0.0251,SL,-1.0336666666666667,0.011881188118811866,1,0.2784810126582288,2.552252908890785
BILLUSDT,SHORT,1786422600,1786432500,0.02579,0.02631857142857143,0.025525714285714287,TP2,0.48048324324324,0.020495208552595165,1,0.2881355932203406,2.033506161366131
LABUSDT,LONG,1786430700,1786432500,0.1182,0.11648571428571429,0.11905714285714286,SL,-1.02758,0.01450326323422768,1,0.2571428571428574,-2.6369690706663516
BILLUSDT,LONG,1786445100,1786446000,0.02512,0.02465,0.025355,TP2,0.47862127659574105,0.018710191082802596,1,0.299065420560749,-2.8355581197897903
NEARUSDT,LONG,1786445100,1786446900,1.591,1.578142857142857,1.5974285714285714,TP2,0.4505022222222225,0.008081170871868593,1,0.25925925925925924,-2.0454976707545747
LABUSDT,SHORT,1786446900,1786447800,0.1217,0.12517142857142857,0.11996428571428572,TP2,0.4859769547325103,0.02852447470360371,1,0.13592233009708718,2.886237466761373
BILLUSDT,SHORT,1786450500,1786451400,0.02585,0.026407142857142858,0.02557142857142857,TP2,0.48144102564102875,0.021552915169936467,1,0.15942028985507214,2.151304608083368
ZECUSDT,LONG,1786457700,1786460400,481.57,476.6557142857143,484.02714285714285,SL,-1.039197558139535,0.010204717308565134,1,0.18025561921551236,-2.428872171524315
LINKUSDT,LONG,1786459500,1786479300,8.578,8.486571428571429,8.623714285714286,TP2,0.4624712500000097,0.010658495153715466,1,0.19917864476386082,-3.0272789451904076
XRPUSDT,LONG,1786460400,1786461300,0.9938,0.9853428571428572,0.9980285714285714,TP2,0.45299594594593917,0.00850990426357699,1,0.29696969696970066,-3.6509825665668743
TAOUSDT,LONG,1786463100,1786464900,198.0,195.07142857142858,199.46428571428572,TP2,0.47295609756098045,0.01479076479076477,1,0.27868852459016663,-2.9046914258033243
XRPUSDT,SHORT,1786469400,1786473900,1.0142,1.0265857142857142,1.0080071428571429,TP2,0.46724613610149934,0.012212299630954698,1,0.15107913669064776,2.011330628459175
BILLUSDT,LONG,1786473000,1786473900,0.0251,0.024732857142857143,0.02528357142857143,TP2,0.4726536964980545,0.014627205463858865,1,0.0872483221476507,-2.191196098552241
ZECUSDT,SHORT,1786478400,1786484700,476.34,481.16285714285715,473.9285714285714,SL,-1.0395068720379146,0.010124820806266865,1,0.0676506765067648,2.0908383667990993
TAOUSDT,SHORT,1786482900,1786494600,200.5,202.34285714285713,199.57857142857142,SL,-1.0435193798449613,0.009191307445671499,1,0.25,2.1751647244199894
LABUSDT,SHORT,1786490100,1786493700,0.1159,0.11735714285714285,0.11517142857142858,SL,-1.0318156862745098,0.012572414643165273,1,0.23076923076923175,2.879468454884905
BILLUSDT,LONG,1786507200,1786509900,0.02495,0.02466714285714286,0.02509142857142857,SL,-1.0352828282828284,0.011336959633552775,1,0.1678832116788342,-2.287731615648079
NEARUSDT,SHORT,1786580100,1786581900,1.653,1.6704285714285714,1.6442857142857144,TP2,0.46206229508196706,0.01054360038026095,1,0.2,2.17406030792582
TAOUSDT,SHORT,1786580100,1786581900,200.7,202.31428571428572,199.89285714285714,TP2,0.4502690265486639,0.008043277101573093,1,0.20987654320987734,2.279831408967448
ZECUSDT,SHORT,1786580100,1786581900,494.62,499.1042857142857,492.3778571428571,TP2,0.4558797069130359,0.009066122911094805,1,0.13043478260869734,2.9120832255133564
BILLUSDT,LONG,1786587300,1786590000,0.02283,0.02251857142857143,0.022985714285714286,TP2,0.47067706422018907,0.013641198923721927,1,0.284210526315789,-2.1327250039393797
ZECUSDT,LONG,1786587300,1786590000,484.43,479.1985714285714,487.04571428571427,TP2,0.4629600218459803,0.010799142438388547,1,0.17583686033089657,-2.55604299652288
NEARUSDT,LONG,1786612500,1786615200,1.654,1.637142857142857,1.6624285714285714,TP2,0.4607525423728814,0.01019174296078771,1,0.06024096385542343,-2.440736725384141
HYPEUSDT,SHORT,1786615200,1786617900,57.734,58.22842857142857,57.486785714285716,TP2,0.45329234325339496,0.008563906388411875,1,0.29238643634036815,2.303119993859118
LABUSDT,SHORT,1786615200,1786616100,0.1141,0.11555714285714286,0.11337142857142857,TP2,0.46867843137254434,0.012770752472768286,1,0.28124999999999867,3.1456673063258864
HYPEUSDT,SHORT,1786628700,1786629600,58.035,58.54714285714285,57.778928571428565,TP2,0.4546728033472872,0.008824723996603038,1,0.29885057471264387,2.23632182199934
LABUSDT,LONG,1786631400,1786634100,0.1119,0.11057142857142857,0.11256428571428571,SL,-1.033690322580645,0.011872845653006532,1,0.11392405063291149,-2.2299967374990324
AVAXUSDT,LONG,1786634100,1786637700,6.454,6.391285714285714,6.485357142857143,SL,-1.0411644646924831,0.009717118951702118,1,0.16245487364620853,-2.3533632564811495
BILLUSDT,LONG,1786635000,1786637700,0.02297,0.02262142857142857,0.023144285714285714,SL,-1.0263590163934424,0.015175073076683945,1,0.24705882352940936,-2.4490196305040954
AAVEUSDT,LONG,1786636800,1786638600,87.06,86.04714285714286,87.56642857142857,TP2,0.46561805359661496,0.011634012667782486,1,0.29174311926605934,-2.775330120165747
BILLUSDT,LONG,1786679100,1786681800,0.02278,0.022474285714285717,0.022932857142857144,SL,-1.0298056074766355,0.013420293490530514,1,0.09433962264150932,-2.759123207581412
ZECUSDT,LONG,1786689000,1786693500,489.56,485.43285714285713,491.62357142857144,SL,-1.0474478366216684,0.008430310599605473,1,0.07828983897834314,-2.0151050647517965
LABUSDT,LONG,1786697100,1786705200,0.0848,0.08142857142857142,0.08648571428571429,TP2,0.4899389830508475,0.039757412398921874,1,0.28467153284671587,-2.3521787653352386
ADAUSDT,LONG,1786706100,1786707000,0.1792,0.17734285714285714,0.18012857142857144,TP2,0.4614030769230846,0.010363520408163318,1,0.254901960784318,-2.083923809922032
ZECUSDT,LONG,1786711500,1786714200,483.34,478.6114285714286,485.7042857142857,TP2,0.45911323262839876,0.00978311629199202,1,0.10168758113370656,-2.1044510208507656
BILLUSDT,LONG,1786713300,1786716000,0.02215,0.021795714285714286,0.022327142857142858,TP2,0.4749919354838758,0.01599484037407283,1,0.2021276595744695,-2.0410316523725833
LINKUSDT,LONG,1786719600,1786721400,8.768,8.691142857142857,8.806428571428572,TP2,0.45436728624535316,0.008765641293013559,1,0.21135646687697204,-2.125102560583874
ZECUSDT,SHORT,1786722300,1786728600,488.36,493.41714285714284,485.8314285714286,SL,-1.0386273446327685,0.010355358459216245,1,0.06178489702517173,2.071274268592765
AAVEUSDT,SHORT,1786725900,1786734000,86.65,87.43714285714286,86.25642857142857,TP2,0.455967332123421,0.009084164537136272,1,0.13216957605985002,2.2469360795939757
NEARUSDT,SHORT,1786728600,1786730400,1.604,1.6172857142857144,1.597357142857143,TP2,0.45170752688172056,0.008282864267901691,1,0.10344827586206817,2.18901627585781
LINKUSDT,SHORT,1786729500,1786731300,8.936,9.025428571428572,8.891285714285715,TP2,0.4600306709265076,0.01000767361555185,1,0.2741935483870977,2.424349111590613
BILLUSDT,SHORT,1786753800,1786765500,0.0218,0.02208,0.02166,TP2,0.468857142857149,0.012844036697247683,1,0.15723270440251574,2.325262960774689
ZECUSDT,SHORT,1786758300,1786761000,496.74,501.14428571428573,494.53785714285715,TP2,0.45488576062277,0.00886638022765574,1,0.18666049096804332,2.4941179944199283
LABUSDT,LONG,1786766400,1786768200,0.0853,0.0835,0.0862,TP2,0.48104444444444444,0.02110199296600237,1,0.0444444444444442,-2.203195852029667
BILLUSDT,LONG,1786777200,1786779900,0.02145,0.02111857142857143,0.021615714285714287,TP2,0.4741120689655224,0.015451215451215422,1,0.21854304635761604,-2.2359836278146243
LINKUSDT,SHORT,1786797000,1786803300,9.397,9.499142857142857,9.345928571428573,SL,-1.0367994405594407,0.01086973046108932,1,0.07822410147991703,2.0257817547553088
BILLUSDT,LONG,1786798800,1786805100,0.02142,0.02121714285714286,0.021521428571428573,TP2,0.4577633802816982,0.009470454848606,1,0.13924050632911403,-2.2955869569701988
LABUSDT,SHORT,1786809600,1786810500,0.0869,0.08837142857142857,0.08616428571428572,TP2,0.47637669902912616,0.016932434653953624,1,0.1388888888888893,2.1525728187340816
BILLUSDT,LONG,1786814100,1786824900,0.02124,0.021005714285714284,0.021357142857142856,SL,-1.0362634146341463,0.011030400860909331,1,0.27272727272727526,-2.463597726760263
LABUSDT,LONG,1786831200,1786833000,0.086,0.08468571428571428,0.08665714285714285,SL,-1.0261739130434782,0.015282392026578096,1,0.13333333333333441,-2.0289618316647386
BILLUSDT,LONG,1786837500,1786845600,0.02101,0.02075714285714286,0.021136428571428573,SL,-1.0332361581920904,0.012035085333514656,1,0.08928571428571379,-2.1004201260420334
BILLUSDT,SHORT,1786879800,1786884300,0.02046,0.02080857142857143,0.020285714285714285,SL,-1.0234786885245901,0.017036726714146126,1,0.07777777777777625,2.3580839492829013
LABUSDT,LONG,1786898700,1786905900,0.0801,0.07841428571428571,0.08094285714285715,TP2,0.48099322033898306,0.021045122168717706,1,0.07407407407407397,-2.017528818929558
BILLUSDT,LONG,1786900500,1786907700,0.02048,0.020162857142857146,0.02063857142857143,TP2,0.4741693693693694,0.015485491071428591,1,0.04347826086956353,-2.0083721765942504
LINKUSDT,SHORT,1786911300,1786914900,9.468,9.546142857142858,9.428928571428571,TP2,0.45153491773308946,0.008253364717243026,1,0.2994011976047881,2.0881199426312693
LABUSDT,SHORT,1786913100,1786916700,0.0821,0.08332857142857143,0.08148571428571429,TP2,0.4732697674418661,0.014964329215242728,1,0.17241379310344845,2.5960739634566288
BILLUSDT,LONG,1786917600,1786918500,0.02026,0.02003142857142857,0.020374285714285713,TP2,0.4645449999999923,0.011281906642222516,1,0.2444444444444494,-2.0435933068786625
LINKUSDT,SHORT,1786930200,1786932900,9.514,9.597857142857142,9.472071428571429,TP2,0.4546180579216248,0.008814078500855879,1,0.11290322580645276,2.9725593326379265
BILLUSDT,LONG,1786931100,1786941900,0.02023,0.02004857142857143,0.02032071428571429,TP2,0.4553984251968601,0.00896829319963282,1,0.21518987341771897,-2.045346991069981
LABUSDT,LONG,1786932900,1786934700,0.0797,0.07807142857142856,0.0805142857142857,TP2,0.48042456140350454,0.0204337694927407,1,0.2727272727272711,-2.4515854992258665
ADAUSDT,SHORT,1786935600,1786951800,0.1769,0.17857142857142858,0.1760642857142857,TP2,0.45766495726496575,0.00944843737381898,1,0.08823529411764958,2.1006433524552626
LABUSDT,LONG,1786946400,1786949100,0.07893,0.07750571428571429,0.07964214285714286,TP2,0.47783309929789375,0.018044922263850464,1,0.2705167173252269,-2.623340330876201
BILLUSDT,LONG,1786956300,1786959000,0.02007,0.01982714285714286,0.020191428571428572,TP2,0.46694352941176476,0.012100505374048,1,0.18181818181818354,-2.363515791475019
LABUSDT,LONG,1786975200,1786976100,0.07756,0.07632714285714287,0.07817642857142858,TP2,0.47483568945539373,0.01589552788624467,1,0.21654501216544753,-2.1652458724932413
BILLUSDT,LONG,1786977000,1786977900,0.01963,0.01933,0.019780000000000002,TP2,0.4738266666666667,0.015282730514518603,1,0.2987012987012985,-2.7108180922635
NEARUSDT,LONG,1786977000,1786978800,1.63,1.6148571428571425,1.6375714285714285,TP2,0.45694339622640806,0.00929009640666089,1,0.09375000000000097,-2.3757275322085243
LABUSDT,SHORT,1786979700,1786983300,0.08076,0.08284285714285713,0.07971857142857143,SL,-1.015509465020576,0.025790702610910602,1,0.19548872180451096,2.608264461958184
BILLUSDT,SHORT,1786980600,1786981500,0.02037,0.020787142857142858,0.02016142857142857,TP2,0.48046712328767127,0.020478294410547743,1,0.2081218274111686,2.1382371611342106
NEARUSDT,LONG,1786988700,1786999500,1.612,1.5937142857142856,1.6211428571428572,TP2,0.46473749999999414,0.011343495214463026,1,0.28440366972477166,-2.1795657484134865
ZECUSDT,SHORT,1786992300,1786996800,516.61,521.8714285714286,513.9792857142857,TP2,0.4607247352701713,0.010184527150904198,1,0.13901689708141238,2.5017662856736167
BILLUSDT,SHORT,1786995900,1787002200,0.02047,0.020774285714285714,0.02031785714285714,SL,-1.0269089201877935,0.014864959173703679,1,0.2849162011173179,2.10252518003704
ADAUSDT,LONG,1786997700,1786999500,0.1734,0.17195714285714286,0.17412142857142857,TP2,0.4519287128712871,0.00832097544900313,1,0.27999999999999825,-2.0507090319684274
LABUSDT,LONG,1787005800,1787006700,0.07958,0.07804,0.08034999999999999,TP2,0.4793298701298656,0.01935159587836137,1,0.18490566037735873,-2.343430548359253
LABUSDT,SHORT,1787015700,1787016600,0.08465,0.08772714285714285,0.08311142857142857,TP2,0.4889962859795751,0.03635136275419792,1,0.19501466275659773,2.159692943376001
NEARUSDT,LONG,1787020200,1787021100,1.629,1.6155714285714284,1.6357142857142857,TP2,0.45147659574467275,0.008243444707533132,1,0.12000000000000106,-2.0009389231069385
ZECUSDT,LONG,1787021100,1787030100,509.77,504.3157142857142,512.4971428571429,TP2,0.4626150864326876,0.010699503137269287,1,0.2207596840917656,-2.0246377881626523
ADAUSDT,LONG,1787022000,1787023800,0.1717,0.17029999999999998,0.1724,TP2,0.45094285714285715,0.008153756552125803,1,0.2881355932203374,-2.0649512556248366
LABUSDT,LONG,1787022000,1787025600,0.07737,0.0730342857142857,0.07953785714285713,TP2,0.49286207578253544,0.05603870086227589,1,0.16411824668705408,-2.1753596471220518
HYPEUSDT,SHORT,1787034600,1787035500,59.712,60.27785714285715,59.42907142857143,SL,-1.042209946983085,0.009476439289542215,1,0.14978490418459264,3.0830248095414774
ZECUSDT,LONG,1787040000,1787061600,506.26,501.5242857142857,508.6278571428571,SL,-1.0427610256410256,0.009354312577952615,1,0.22326064382139285,-2.5611327189607116
NEARUSDT,LONG,1787040900,1787052600,1.613,1.594142857142857,1.6224285714285713,TP2,0.4657848484848427,0.011690727127800933,1,0.13131313131313063,-2.5926393134582906
BILLUSDT,SHORT,1787046300,1787053500,0.01967,0.019984285714285715,0.019512857142857144,SL,-1.0250345454545455,0.015977921417677395,1,0.26562499999999933,2.37886269807581
LABUSDT,SHORT,1787058900,1787060700,0.08114,0.08227285714285715,0.08057357142857142,TP2,0.47135031525851817,0.013961759216873868,1,0.20272572402044187,2.443549773521283
ZECUSDT,SHORT,1787063400,1787064300,509.54,514.5628571428572,507.02857142857147,TP2,0.4594222980659784,0.00985763069210884,1,0.1837096060203647,2.6351957387679428
BILLUSDT,LONG,1787067900,1787069700,0.01976,0.01946142857142857,0.019909285714285713,TP2,0.47352727272726697,0.015109890109890146,1,0.08333333333333261,-2.3112840405985273
HYPEUSDT,LONG,1787073300,1787081400,58.45,57.65357142857143,58.84821428571429,TP2,0.47064394618834526,0.013625809605279244,1,0.2503562945368171,-2.1725177959619106
LABUSDT,LONG,1787082300,1787086800,0.07825,0.07719,0.07878,SL,-1.0295283018867925,0.013546325878594268,1,0.2364425162689797,-2.0910394706462054
ZECUSDT,LONG,1787098500,1787116500,506.38,502.0885714285714,508.5257142857143,SL,-1.0471992010652464,0.008474719719239635,1,0.17523809523809508,-2.4640630736454465
BILLUSDT,SHORT,1787103900,1787105700,0.01946,0.01975857142857143,0.01931071428571429,TP2,0.473929186602865,0.015342827778593438,1,0.1600000000000014,2.1294314590724746
BILLUSDT,LONG,1787106600,1787116500,0.01911,0.01877142857142857,0.019279285714285714,TP2,0.4774227848101317,0.017716976900650376,1,0.1875000000000005,-2.57280707847871
LINKUSDT,SHORT,1787129100,1787133600,9.794,9.91,9.736,TP2,0.4662275862068965,0.011843986113947306,1,0.1732851985559573,2.8446031052916645
ZECUSDT,SHORT,1787129100,1787132700,509.03,513.3571428571428,506.86642857142857,TP2,0.4529453945196434,0.008500761953407172,1,0.265822784810126,3.346307736423229
ADAUSDT,LONG,1787130900,1787138100,0.1741,0.1727,0.1748,TP2,0.450257142857143,0.008041355542791524,1,0.0819672131147535,-2.034008035188128
BILLUSDT,LONG,1787133600,1787140800,0.01906,0.018821428571428572,0.019179285714285715,TP2,0.4680431137724549,0.012516864038374988,1,0.2553191489361709,-2.0230615025649237
LINKUSDT,LONG,1787147100,1787151600,9.695,9.595857142857144,9.744571428571428,TP2,0.46088472622477455,0.010226184336550412,1,0.16730038022813598,-2.105296758280806
ADAUSDT,SHORT,1787151600,1787152500,0.1764,0.17815714285714285,0.17552142857142858,SL,-1.0401560975609756,0.009961127308066066,1,0.2525252525252508,2.7119350723670816
AVAXUSDT,SHORT,1787151600,1787152500,6.374,6.429142857142857,6.346428571428571,SL,-1.0462362694300518,0.0086512169976243,1,0.16078431372549115,2.4933430105534633
BILLUSDT,SHORT,1787152500,1787153400,0.01941,0.019754285714285714,0.019237857142857143,SL,-1.0225510373443982,0.017737543239861674,1,0.2957746478873239,2.1093243071905
LINKUSDT,SHORT,1787153400,1787154300,9.962,10.116285714285715,9.884857142857143,TP2,0.47417259259258676,0.015487423638397316,1,0.2982456140350897,3.431610890748395
BILLUSDT,LONG,1787188500,1787211900,0.0199,0.019582857142857145,0.02005857142857143,SL,-1.0250990990990991,0.01593682699210337,1,0.14970059880239492,-2.190771200245566
SEIUSDT,SHORT,1787191200,1787193000,0.04147,0.04194571428571429,0.041232142857142856,TP2,0.46513033033033024,0.011471287333356273,1,0.16738197424892776,2.188771078780252
ETHUSDT,LONG,1787195700,1787196600,2228.35,2202.9942857142855,2241.027857142857,TP2,0.4648465829060793,0.011378694677996869,1,0.2537929796211531,-3.22171841372958
NEARUSDT,LONG,1787195700,1787208300,1.723,1.7000000000000002,1.7345000000000002,TP2,0.47003478260870035,0.013348810214741694,1,0.0338983050847457,-2.115555076134767
XLMUSDT,LONG,1787197500,1787202000,0.16666,0.16425571428571428,0.16786214285714285,TP2,0.4722728461081344,0.014426291337367766,1,0.27554744525547403,-2.4931343079346835
LABUSDT,SHORT,1787205600,1787208300,0.08191,0.08319857142857143,0.08126571428571429,TP2,0.4745733924611919,0.015731552051903634,1,0.2075471698113216,2.4462797057469228
BILLUSDT,LONG,1787212800,1787213700,0.01957,0.019315714285714287,0.019697142857142858,TP2,0.46921573033707875,0.012993649171472423,1,0.1954022988505749,-2.134326641479721
BILLUSDT,SHORT,1787214600,1787227200,0.01993,0.020235714285714287,0.019777142857142858,TP2,0.4739233644859757,0.015339402193391203,1,0.14999999999999972,2.170777184598051
ETHUSDT,SHORT,1787214600,1787215500,2277.66,2299.5042857142853,2266.737857142857,TP2,0.4582927996860896,0.009590670123848847,1,0.26333139422144897,2.34220449982508
TAOUSDT,SHORT,1787214600,1787221800,208.4,210.92857142857144,207.13571428571427,SL,-1.032967231638418,0.012133260213874487,1,0.29411764705882426,2.8035564644283286
NEARUSDT,LONG,1787228100,1787238000,1.728,1.7042857142857142,1.7398571428571428,SL,-1.0291469879518071,0.013723544973544987,1,0.06206896551724229,-2.154640289380421
BILLUSDT,LONG,1787229900,1787231700,0.01952,0.01918142857142857,0.019689285714285715,TP2,0.4769383966244776,0.017344847775175597,1,0.024691358024692495,-2.0697975491846123
LABUSDT,LONG,1787229900,1787232600,0.08075,0.07949142857142857,0.08137928571428571,TP2,0.474335981838814,0.015586023883237479,1,0.010886469673406044,-2.3043043685214815
ZECUSDT,SHORT,1787230800,1787233500,571.48,583.0657142857143,565.6871428571428,TP2,0.4802694944512996,0.020273175414212728,1,0.12935323383084593,2.260996729324435
ADAUSDT,SHORT,1787232600,1787233500,0.1936,0.19764285714285715,0.19157857142857143,TP2,0.48084522968197535,0.02088252656434474,1,0.22285714285714298,2.0191346320040506
BTCUSDT,LONG,1787236200,1787238900,71416.7,70620.9857142857,71814.55714285714,TP2,0.4640993249551166,0.011141851775765103,1,0.16880078798325487,-2.552048615846608
SOLUSDT,LONG,1787236200,1787238900,86.27,85.1842857142857,86.81285714285714,TP2,0.46821631578947376,0.012585073440527287,1,0.2571428571428571,-2.156267025297122
AVAXUSDT,SHORT,1787238900,1787240700,7.082,7.216428571428572,7.014785714285714,TP2,0.47892709883103085,0.018981724290958985,1,0.23777403035413086,3.056281732594361
SEIUSDT,SHORT,1787238900,1787245200,0.04265,0.04317571428571429,0.04238714285714286,SL,-1.0324510869565215,0.01232624351029986,1,0.12878787878787762,2.7208516530917772
SUIUSDT,SHORT,1787238900,1787245200,0.7376,0.75,0.7314,SL,-1.0237935483870968,0.016811279826464163,1,0.09646302250803862,2.758515353041414
BTCUSDT,SHORT,1787241600,1787268600,72438.3,73369.68571428572,71972.60714285714,SL,-1.0311099038299307,0.012857641803931289,1,0.13495295604549812,2.027864423917649
XLMUSDT,SHORT,1787246100,1787247900,0.18707,0.19143857142857143,0.18488571428571426,SL,-1.0171287115761936,0.02335260292174818,1,0.21769911504424777,3.1932627823133357
AAVEUSDT,SHORT,1787247000,1787249700,97.65,98.8157142857143,97.06714285714287,TP2,0.4664926470588173,0.011937678297125276,1,0.11151736745886676,2.070090940628538
AVAXUSDT,SHORT,1787270400,1787273100,7.292,7.388714285714285,7.2436428571428575,TP2,0.4698410635155049,0.013263067157746233,1,0.22144522144522188,2.2538998951246443
ETHUSDT,SHORT,1787271300,1787275800,2336.81,2356.76,2326.835,SL,-1.0468533333333332,0.008537279453614148,1,0.1085445406908354,2.337226692443212
LINKUSDT,SHORT,1787272200,1787275800,10.753,10.862714285714285,10.698142857142857,TP2,0.4607963541666745,0.010203132680580772,1,0.206477732793523,2.211766173304572
SOLUSDT,SHORT,1787274000,1787275800,88.2,89.04428571428572,87.77785714285714,SL,-1.0417868020304566,0.009572400388726983,1,0.2528735632183923,2.041570497128873
LABUSDT,LONG,1787276700,1787277600,0.0836,0.08152428571428572,0.08463785714285714,TP2,0.4838898830006915,0.024829118250170836,1,0.08239095315024333,-2.8564346829386777
HYPEUSDT,LONG,1787282100,1787283900,71.72,70.14828571428572,72.50585714285714,TP2,0.4817473186693328,0.02191458847900562,1,0.2646608873023984,-3.426403977942031
NEARUSDT,SHORT,1787283000,1787290200,1.793,1.8259999999999998,1.7765,SL,-1.0217333333333334,0.01840490797546013,1,0.22222222222222263,2.269468900324672
AVAXUSDT,SHORT,1787291100,1787297400,7.356,7.454428571428571,7.306785714285715,SL,-1.0298937590711177,0.013380719335042321,1,0.27814569536423756,2.3618009669626585
DOTUSDT,SHORT,1787292000,1787298300,0.8511,0.8594999999999999,0.8469,SL,-1.0405285714285715,0.009869580542826906,1,0.13119533527696645,2.1768825589301866
ETHUSDT,SHORT,1787292000,1787293800,2367.43,2388.712857142857,2356.7885714285712,TP2,0.4555054101221638,0.008989856993810596,1,0.24229359775813958,2.449114502266157
BILLUSDT,SHORT,1787295600,1787301900,0.02031,0.020651428571428574,0.020139285714285717,SL,-1.0237941422594141,0.016810860237743544,1,0.025316455696203673,2.0754763524972155
LABUSDT,SHORT,1787298300,1787299200,0.08536,0.08674142857142858,0.08466928571428572,TP2,0.4752835573939971,0.016183558709331924,1,0.2100538599640934,2.686349514634626
LABUSDT,LONG,1787300100,1787304600,0.08111,0.07898428571428572,0.08217285714285714,SL,-1.0152626344086022,0.02620779541011323,1,0.21169590643274722,-2.6702205095792557
BILLUSDT,SHORT,1787316300,1787318100,0.02091,0.021365714285714286,0.020682142857142857,TP2,0.4816463949843298,0.02179408348705337,1,0.23555555555555655,2.075299672954318
TAOUSDT,SHORT,1787316300,1787318100,229.5,234.77142857142857,226.86428571428573,TP2,0.4825853658536558,0.022969187675070012,1,0.21014492753623212,2.4206437745304186
LABUSDT,SHORT,1787317200,1787318100,0.08302,0.08468571428571428,0.08218714285714285,TP2,0.48006380789022723,0.020064012114120528,1,0.2350698856416761,2.3365688992973963
HYPEUSDT,SHORT,1787319000,1787319900,77.176,79.16585714285715,76.18107142857143,TP2,0.4844861224782827,0.02578336714596692,1,0.17816398336709605,2.7635196970099316
LINKUSDT,SHORT,1787324400,1787328900,11.512,11.701285714285715,11.417357142857144,TP2,0.47567275471697645,0.016442469969224674,1,0.12401055408970885,2.227875027079476
SOLUSDT,SHORT,1787324400,1787328000,91.86,93.08571428571429,91.24714285714286,TP2,0.4700223776223718,0.013343286367453555,1,0.13947990543735433,2.121727057864896
ADAUSDT,SHORT,1787325300,1787327100,0.2196,0.22525714285714285,0.21677142857142856,TP2,0.4844727272727273,0.025761124121779895,1,0.2531120331950204,2.2897143004356804
ETHUSDT,SHORT,1787332500,1787338800,2415.0,2445.3885714285716,2399.805714285714,TP2,0.46821173373448677,0.012583259390712849,1,0.2724060610178674,2.3542398825494075
DOTUSDT,SHORT,1787334300,1787337900,0.9057,0.9197714285714285,0.8986642857142857,TP2,0.4742542131979695,0.01553652265808606,1,0.18678160919540118,2.1164548003378947
XLMUSDT,SHORT,1787336100,1787337900,0.19438,0.19735571428571427,0.19289214285714285,TP2,0.47387114738358593,0.01530874722561105,1,0.27358490566037624,2.6441068491989363
AVAXUSDT,LONG,1787337900,1787340600,7.506,7.3754285714285714,7.571285714285715,TP2,0.4770056892778993,0.017395607323664873,1,0.11177347242921065,-2.42342932819132
TAOUSDT,LONG,1787337900,1787346900,226.3,221.85714285714286,228.52142857142857,TP2,0.4796257234726656,0.01963259895208637,1,0.12328767123287745,-2.4315159835834397
SEIUSDT,LONG,1787339700,1787343300,0.04644,0.04578714285714286,0.04676642857142857,TP2,0.4715466083150931,0.014058078011566355,1,0.08517350157728727,-2.287161623489482
BILLUSDT,LONG,1787341500,1787344200,0.02055,0.020215714285714285,0.020717142857142858,TP2,0.47541025641026163,0.016266944734098007,1,0.16564417177914328,-2.311480024429741
NEARUSDT,SHORT,1787346000,1787347800,1.92,1.952,1.904,SL,-1.024,0.016666666666666632,1,0.2676056338028177,2.1536759545243607
SOLUSDT,SHORT,1787346900,1787349600,92.26,93.36285714285715,91.70857142857143,SL,-1.0334621761658032,0.011953795175126215,1,0.20526315789473806,2.126456659465585
XLMUSDT,SHORT,1787346900,1787350500,0.19488,0.19829571428571427,0.19317214285714285,SL,-1.0228215809284817,0.017527269528501026,1,0.1509293680297372,2.378417197331502
ADAUSDT,SHORT,1787348700,1787350500,0.2239,0.22867142857142855,0.2215142857142857,SL,-1.0187700598802396,0.02131053403943086,1,0.22123893805309747,2.7862668149607526
AVAXUSDT,SHORT,1787350500,1787352300,7.82,7.937285714285714,7.761357142857143,TP2,0.47333008526187575,0.014998173182316398,1,0.24046434494195626,2.2310014423210016
LABUSDT,SHORT,1787360400,1787361300,0.08984,0.09188571428571429,0.08881714285714286,TP2,0.4824335195530726,0.02277063986770133,1,0.27153762268266074,2.180039305684827
HYPEUSDT,SHORT,1787364900,1787366700,78.866,80.484,78.057,SL,-1.0194971569839308,0.020515811629853158,1,0.2792947226643817,3.229536643242792
LINKUSDT,SHORT,1787369400,1787373000,12.396,12.609714285714286,12.289142857142858,TP2,0.4767989304812834,0.01724058452035219,1,0.15040650406504005,2.73051504970414
BILLUSDT,SHORT,1787373900,1787374800,0.02214,0.02258,0.021920000000000002,SL,-1.0201272727272728,0.019873532068653995,1,0.28286852589641365,2.41028720449028
ETHUSDT,SHORT,1787373900,1787374800,2527.46,2554.4500000000003,2513.965,TP2,0.4625422749166274,0.010678705103147048,1,0.10542141230068072,2.1493629701923997
AAVEUSDT,LONG,1787375700,1787376600,119.96,114.18428571428569,122.84785714285714,TP2,0.4916921098194398,0.04814700138141293,1,0.10909090909090932,-2.328142248761881
AVAXUSDT,LONG,1787375700,1787418900,7.654,7.301,7.8305,EXPIRED,-0.24380056657223864,0.04611967598641229,1,0.15912897822445557,-2.1671867102445037
BTCUSDT,LONG,1787375700,1787418900,77306.4,76412.27142857142,77753.46428571428,EXPIRED,-0.04006421575675587,0.011566035560167989,1,0.15895899644261588,-2.5238711118822357
NEARUSDT,LONG,1787393700,1787401800,1.888,1.8304285714285713,1.916785714285714,TP2,0.4868823821339931,0.030493341404358342,1,0.1245551601423492,-2.5000696175213553
BILLUSDT,SHORT,1787398200,1787402700,0.02111,0.021737142857142858,0.02079642857142857,SL,-1.0134642369020501,0.02970833051363611,1,0.27500000000000013,2.4921160994849934
AAVEUSDT,SHORT,1787401800,1787406300,126.2,130.28428571428572,124.15785714285714,TP2,0.487640433718085,0.032363595200362257,1,0.23767313019390657,2.1199906212517186
XRPUSDT,LONG,1787409900,1787417100,1.4568,1.4194285714285715,1.4754857142857143,TP2,0.4844073394495383,0.02565309484584604,1,0.21904761904761777,-2.3010216865095314
ZECUSDT,SHORT,1787416200,1787419800,812.07,832.9057142857143,801.6521428571428,SL,-1.015589962290024,0.025657534800835297,1,0.25676352705410777,2.923132783090454
DOTUSDT,SHORT,1787417100,1787419800,0.9378,0.9531,0.9301499999999999,TP2,0.47548235294118013,0.016314779270633392,1,0.21449275362318745,2.307381816213039
LABUSDT,SHORT,1787419800,1787429700,0.07657,0.0798342857142857,0.07493785714285714,TP2,0.49061724288840475,0.042631392376723413,1,0.05623901581722348,2.0256224555229356
HYPEUSDT,SHORT,1787420700,1787433300,78.973,80.25914285714286,78.32992857142857,TP2,0.47543880928579363,0.01628585538276192,1,0.23395102581072064,3.093136041811875
AVAXUSDT,LONG,1787433300,1787434200,7.5,7.425142857142857,7.537428571428571,TP2,0.4599236641221374,0.00998095238095238,1,0.050359712230215736,-2.705174820821725
DOTUSDT,LONG,1787433300,1787435100,0.9206,0.9089857142857143,0.9264071428571428,SL,-1.0317057810578107,0.012615995779150199,1,0.14529914529914412,-3.1880216792193745
LINKUSDT,LONG,1787433300,1787442300,11.569,11.426142857142858,11.640428571428572,TP2,0.4676068,0.01234827062469901,1,0.1486880466472286,-3.449620483636831
AAVEUSDT,SHORT,1787434200,1787435100,127.83,130.94857142857143,126.27071428571428,TP2,0.4836040311497962,0.02439624054268507,1,0.24882629107981133,2.067299344406919
SEIUSDT,LONG,1787435100,1787436900,0.0469,0.046279999999999995,0.047209999999999995,SL,-1.030258064516129,0.013219616204690865,1,0.13071895424836433,-2.551841534875286
ADAUSDT,LONG,1787436000,1787436900,0.2235,0.2187285714285714,0.2258857142857143,TP2,0.4812634730538923,0.021348673697667048,1,0.12741312741312755,-2.2972573081181737
HYPEUSDT,SHORT,1787445000,1787452200,80.122,81.80799999999999,79.279,TP2,0.4809912218268132,0.02104290956291654,1,0.12982552548426962,2.1169249218149835
SOLUSDT,SHORT,1787445900,1787449500,96.35,97.74285714285713,95.65357142857142,TP2,0.4723302564102564,0.014456223589591498,1,0.26752503576537795,3.3400558390200015
ADAUSDT,LONG,1787451300,1787454000,0.2228,0.21904285714285715,0.22467857142857142,TP2,0.4762798479087452,0.016863298281610664,1,0.25961538461538386,-2.6031053466134217
AVAXUSDT,LONG,1787451300,1787453100,7.438,7.351571428571428,7.481214285714286,TP2,0.46557619834710756,0.011619867091768182,1,0.20963855421686986,-2.0205776302830096
NEARUSDT,LONG,1787451300,1787454900,1.873,1.834,1.8925,SL,-1.0192102564102565,0.020822210357714872,1,0.2079207920792079,-2.043751995958876
AAVEUSDT,LONG,1787455800,1787476500,123.3,120.30857142857143,124.79571428571428,TP2,0.483512893982808,0.024261383385470958,1,0.2238532110091734,-2.207679252169553
LABUSDT,LONG,1787455800,1787459400,0.0721,0.07033714285714285,0.07298142857142857,TP2,0.48364019448946516,0.024450168416881326,1,0.19881889763779517,-2.015820471540642
SUIUSDT,LONG,1787455800,1787463000,0.7973,0.7786571428571428,0.8066214285714286,SL,-1.0171068199233717,0.023382487323287574,1,0.2917316692667695,-2.2493738450463416
XRPUSDT,LONG,1787461200,1787463000,1.4541,1.4185285714285714,1.4718857142857142,TP2,0.4836486746987952,0.02446284889032982,1,0.11401020986954051,-2.086950863544455
BILLUSDT,SHORT,1787469300,1787470200,0.02099,0.021422857142857143,0.02077357142857143,SL,-1.019396699669967,0.02062206492887768,1,0.16216216216216364,2.1609876211437626
ZECUSDT,SHORT,1787470200,1787472900,800.68,821.9142857142857,790.0628571428571,SL,-1.0150827771797633,0.026520314875213273,1,0.061964005314651245,2.0802148118476427
NEARUSDT,SHORT,1787472900,1787479200,1.866,1.9032857142857145,1.847357142857143,SL,-1.0200183908045977,0.019981626090950874,1,0.1562499999999998,2.0622717648591284
TAOUSDT,SHORT,1787472900,1787484600,221.9,225.95714285714286,219.87142857142857,SL,-1.0218774647887323,0.01828365415566858,1,0.19760479041916182,2.4109570006088377
DOTUSDT,SHORT,1787474700,1787484600,0.9005,0.9135571428571428,0.8939714285714285,SL,-1.027586433260394,0.014499881018481802,1,0.17156105100463592,2.0235148214077774
AAVEUSDT,SHORT,1787480100,1787483700,126.84,129.5257142857143,125.49714285714286,TP2,0.4811089361702128,0.021174032526918064,1,0.26258714175058134,2.784767806309766
LABUSDT,LONG,1787490900,1787491800,0.07189,0.07100857142857142,0.07233071428571428,TP2,0.46737568881684793,0.0122607952626036,1,0.0963597430406831,-2.5424153105324856
LINKUSDT,SHORT,1787491800,1787496300,11.533,11.701571428571429,11.448714285714285,TP2,0.472633559322034,0.014616442258859733,1,0.2243767313019373,2.870289351550995
ZECUSDT,SHORT,1787508900,1787515200,871.16,896.0542857142857,858.712857142857,TP2,0.4860022495122255,0.028576020150472642,1,0.2610003497726473,2.3019975396437533
HYPEUSDT,SHORT,1787509800,1787522400,80.966,82.14871428571428,80.37464285714285,SL,-1.0273831139026453,0.014607542495791853,1,0.13882702301410352,2.0559546503175086
TAOUSDT,SHORT,1787509800,1787516100,237.9,243.24285714285716,235.22857142857143,SL,-1.0178106951871657,0.022458415901038906,1,0.16387959866220783,3.0438312904235056
ADAUSDT,LONG,1787513400,1787517000,0.2235,0.22035714285714286,0.2250714285714286,TP2,0.4715545454545499,0.014062000639181858,1,0.04761904761904909,-2.4775456080436697
BILLUSDT,LONG,1787515200,1787517000,0.02111,0.020748571428571425,0.021290714285714288,TP2,0.47663715415019775,0.01712120186776758,1,0.19999999999999923,-2.2571958317155576
LABUSDT,LONG,1787515200,1787517000,0.07178,0.07063,0.072355,TP2,0.4750330434782669,0.01602117581499028,1,0.10358565737051655,-2.228493337639898
NEARUSDT,SHORT,1787517000,1787519700,1.987,2.0251428571428574,1.9679285714285715,SL,-1.0208374531835207,0.019196203896757504,1,0.13924050632911353,2.1695009396393057
AAVEUSDT,SHORT,1787519700,1787521500,143.61,146.62,142.10500000000002,TP2,0.4809156146179402,0.020959543207297534,1,0.28120300751879745,3.8834652132369367
DOTUSDT,SHORT,1787520600,1787521500,0.9345,0.943342857142857,0.9300785714285714,TP2,0.4577285945072759,0.009462661469081956,1,0.2051282051282057,2.5050940618333537
DOTUSDT,LONG,1787531400,1787536800,0.9163,0.903557142857143,0.9226714285714286,SL,-1.0287627802690584,0.013906861445876991,1,0.09448818897637835,-2.0757812920861713
SOLUSDT,LONG,1787531400,1787533200,94.5,93.06857142857143,95.21571428571428,TP2,0.4735928143712575,0.015147392290249426,1,0.14606741573033874,-2.593187424170767
ADAUSDT,LONG,1787532300,1787533200,0.222,0.21774285714285715,0.22412857142857143,TP2,0.4791409395973154,0.019176319176319172,1,0.0967741935483867,-2.3621604904327302
XRPUSDT,LONG,1787534100,1787555700,1.487,1.454357142857143,1.5033214285714287,TP2,0.4817785557986871,0.021952156787395535,1,0.08615188257817408,-2.0125148813338827
ZECUSDT,LONG,1787534100,1787538600,825.86,800.8142857142858,838.3828571428571,TP2,0.48681035820214463,0.030326828137595067,1,0.1878575382911974,-2.42795307515517
AAVEUSDT,SHORT,1787545800,1787547600,143.19,146.71142857142857,141.42928571428573,TP2,0.4837350101419838,0.02459269901130364,1,0.10805746408494575,2.606753751248932
LABUSDT,SHORT,1787548500,1787560200,0.07238,0.07407857142857144,0.07153071428571428,TP2,0.48295508830950384,0.023467414044921694,1,0.28119800332778616,2.3262827360453397
LINKUSDT,SHORT,1787548500,1787550300,11.582,11.741,11.502500000000001,TP2,0.47086289308176094,0.013728198929373136,1,0.16216216216216167,2.1999027453250024
ETHUSDT,SHORT,1787555700,1787557500,2469.27,2495.2057142857143,2456.302142857143,TP2,0.46191706967777457,0.010503393426281525,1,0.20294672536160166,2.5287759839636936
SOLUSDT,SHORT,1787555700,1787556600,95.29,96.44714285714286,94.71142857142857,TP2,0.46706024691358644,0.01214338185688803,1,0.11842105263158063,2.6617955871469814
SUIUSDT,LONG,1787557500,1787564700,0.8121,0.7932571428571429,0.8215214285714286,TP2,0.48276057619408647,0.023202631625239722,1,0.21141374837872823,-2.443165434596596
HYPEUSDT,LONG,1787559300,1787566500,78.171,76.75585714285715,78.87857142857143,TP2,0.4779044215626893,0.01810316942527098,1,0.1630918656414409,-3.2202386311149063
AAVEUSDT,LONG,1787560200,1787562900,138.08,133.97857142857146,140.1307142857143,TP2,0.486533472657614,0.029703277603045773,1,0.06284454244762903,-2.0489089092143784
ETHUSDT,SHORT,1787566500,1787567400,2481.99,2506.8599999999997,2469.555,TP2,0.4600805790108563,0.010020185415734911,1,0.26424192889251813,2.9261329301898216
TAOUSDT,SHORT,1787566500,1787568300,238.1,242.35714285714283,235.97142857142856,TP2,0.4776281879194664,0.01787964240715183,1,0.09016393442622955,2.0084982771708297
ADAUSDT,SHORT,1787571900,1787572800,0.2243,0.22792857142857142,0.2224857142857143,TP2,0.4752740157480315,0.016177313546907844,1,0.23232323232323346,3.161760290452838
AVAXUSDT,SHORT,1787571900,1787572800,7.574,7.659,7.531499999999999,TP2,0.4643576470588288,0.011222603644045447,1,0.20250521920667994,2.891145033878826
BILLUSDT,SHORT,1787571900,1787573700,0.02084,0.021187142857142856,0.02066642857142857,TP2,0.4759868312757251,0.01665752673430213,1,0.12162162162162118,2.166097137578502
ZECUSDT,SHORT,1787574600,1787579100,852.22,871.2328571428571,842.7135714285714,TP2,0.4820706589525915,0.02230979928053454,1,0.20531243196168145,2.5491649262083675
DOTUSDT,SHORT,1787576400,1787579100,0.922,0.9370857142857143,0.9144571428571429,TP2,0.475553030303034,0.016361946079950403,1,0.2778457772337813,2.059489402777161
NEARUSDT,SHORT,1787576400,1787578200,2.017,2.064857142857143,1.9930714285714284,TP2,0.4831414925373135,0.023726892839436266,1,0.11284046692606946,2.1278261159717693
BILLUSDT,LONG,1787579100,1787581800,0.02033,0.019965714285714288,0.020512142857142857,TP2,0.477676862745098,0.017918628346567354,1,0.1412429378531074,-2.5095956993957937
LABUSDT,LONG,1787580000,1787581800,0.06939,0.06742142857142856,0.07037428571428571,SL,-1.014099564586357,0.0283696703930167,1,0.22721749696233304,-2.0879508432158445
SOLUSDT,SHORT,1787585400,1787586300,97.27,99.09285714285714,96.35857142857142,TP2,0.4786554858934169,0.01874017829605368,1,0.2913752913752919,2.2727766891255485
BILLUSDT,SHORT,1787589000,1787590800,0.02102,0.021544285714285717,0.020757857142857144,TP2,0.48396294277928825,0.02494223188799787,1,0.08035714285714272,2.4723943651063753
AAVEUSDT,LONG,1787592600,1787597100,133.47,130.2942857142857,135.05785714285713,TP2,0.48318866396760685,0.023793468837298933,1,0.2593681116825867,-2.2501415170631365
ADAUSDT,LONG,1787592600,1787596200,0.2182,0.21284285714285714,0.22087857142857142,TP2,0.4837077333333307,0.02455152546811579,1,0.21232876712328747,-2.5477175665731733
DOTUSDT,LONG,1787592600,1787595300,0.8967,0.8780142857142857,0.9060428571428571,TP2,0.4808045871559603,0.020838311905558477,1,0.20969441517386614,-2.6460400628147296
LINKUSDT,SHORT,1787606100,1787607000,11.684,11.812571428571427,11.619714285714284,TP2,0.46364977777778454,0.011004059275199258,1,0.054597701149423125,2.022112276283515
SOLUSDT,SHORT,1787608800,1787611500,97.44,98.58714285714285,96.86642857142857,SL,-1.0339765877957658,0.011772812573305185,1,0.25000000000000117,2.087630353166577
AAVEUSDT,LONG,1787610600,1787616000,131.73,129.92999999999998,132.63,TP2,0.47072666666666674,0.01366431336825327,1,0.15448851774530145,-3.0573613560245856
DOTUSDT,LONG,1787610600,1787613300,0.8973,0.8877571428571428,0.9020714285714285,SL,-1.037611377245509,0.010635079842702708,1,0.019522776572668404,-2.052380694915789
BILLUSDT,LONG,1787617800,1787618700,0.02031,0.020075714285714287,0.02042714285714286,TP2,0.4653243902439023,0.011535485686150352,1,0.19101123595505654,-2.382987939522585
TAOUSDT,LONG,1787617800,1787619600,238.9,235.51428571428573,240.59285714285716,TP2,0.4717755274261645,0.014172098307719882,1,0.05583756345177664,-2.0035790815212735
AVAXUSDT,SHORT,1787618700,1787625000,7.6,7.6698571428571425,7.565071428571429,SL,-1.0435173824130881,0.009191729323308253,1,0.2803030303030285,2.803497818860404
XRPUSDT,SHORT,1787618700,1787621400,1.5089,1.5301,1.4983,TP2,0.4715301886792401,0.014049970176950127,1,0.29477196885428336,3.687741599554819
NEARUSDT,SHORT,1787619600,1787620500,1.969,1.997142857142857,1.9549285714285716,TP2,0.47201421319796955,0.014292969600232156,1,0.2452830188679235,2.498879207722655
AAVEUSDT,SHORT,1787625000,1787626800,136.09,138.51142857142855,134.87928571428571,TP2,0.4775190560472034,0.01779284717046485,1,0.1335968379446641,2.4706065003598154
BILLUSDT,SHORT,1787625000,1787626800,0.02055,0.020867142857142855,0.02039142857142857,TP2,0.4740810810810811,0.015432742440041709,1,0.14285714285714082,2.2933642591339787
DOTUSDT,SHORT,1787625900,1787626800,0.9174,0.9317428571428572,0.9102285714285714,TP2,0.4744151394422311,0.015634245850073215,1,0.18028169014084539,2.0755241175626398
LABUSDT,LONG,1787626800,1787633100,0.06816,0.06708,0.0687,TP2,0.47475555555555565,0.015845070422535263,1,0.13839285714285535,-2.064608205184095
AAVEUSDT,LONG,1787629500,1787632200,127.61,123.97857142857143,129.4257142857143,TP2,0.48594382376082024,0.02845724137158973,1,0.17831978319783257,-3.0475175546221656
LABUSDT,SHORT,1787634900,1787644800,0.06923,0.07023857142857143,0.06872571428571429,TP2,0.472543342776197,0.01456841583954101,1,0.054466230936818766,2.1719393090154435
TAOUSDT,SHORT,1787634900,1787641200,244.3,248.35714285714286,242.27142857142857,TP2,0.4759140845070458,0.016607215952283493,1,0.26066350710900515,2.354450514801068
SOLUSDT,SHORT,1787635800,1787636700,102.65,104.45142857142856,101.74928571428572,TP2,0.4772069785884258,0.01754923109039031,1,0.08787541713014535,2.1116384350283264
BILLUSDT,SHORT,1787639400,1787644800,0.02069,0.020951428571428572,0.020559285714285714,TP2,0.4683431693989071,0.012635503693986042,1,0.22368421052631776,3.198227707731875
ADAUSDT,LONG,1787641200,1787642100,0.2235,0.2203142857142857,0.22509285714285715,TP2,0.47193721973094166,0.014253755193352483,1,0.0046082949308750695,-2.1682670872197662
AVAXUSDT,LONG,1787641200,1787643000,7.582,7.507285714285715,7.619357142857143,TP2,0.4594080305927402,0.00985416588159927,1,0.0352422907488988,-2.251435614287052
NEARUSDT,LONG,1787641200,1787642100,1.937,1.903857142857143,1.9535714285714287,TP2,0.4766224137931068,0.01711040637215137,1,0.06787330316742121,-2.753109547192893
XLMUSDT,LONG,1787643900,1787644800,0.19595,0.19391857142857144,0.1969657142857143,SL,-1.0385836849507735,0.010367076149163443,1,0.24844720496894326,-2.0492413085160224
SEIUSDT,LONG,1787644800,1787646600,0.04753,0.04675571428571429,0.04791714285714286,TP2,0.47544575645756454,0.016290463166120626,1,0.14285714285714174,-2.2510882536004035
SOLUSDT,LONG,1787644800,1787660100,100.21,98.35714285714285,101.13642857142857,SL,-1.0216336160370085,0.01848974296833792,1,0.15885416666666852,-2.6316418012096054
DOTUSDT,LONG,1787645700,1787646600,0.9014,0.8906285714285714,0.9067857142857143,TP2,0.46652625994695474,0.011949665599543571,1,0.2816901408450709,-2.1246760518164987
HYPEUSDT,SHORT,1787646600,1787648400,81.712,82.82285714285715,81.15657142857143,TP2,0.4705769547325167,0.013594785868136165,1,0.2809095215537628,2.39065387416993
AAVEUSDT,LONG,1787652000,1787665500,129.17,126.87285714285711,130.31857142857143,TP2,0.47750771144278925,0.017783872858580685,1,0.09245283018868027,-2.132861915549696
LABUSDT,LONG,1787652000,1787654700,0.06776,0.06655714285714286,0.06836142857142857,TP2,0.4774669833729216,0.017751728790689824,1,0.2707182320441978,-2.4185109862030254
HYPEUSDT,LONG,1787656500,1787667300,80.093,78.63314285714286,80.82292857142858,TP2,0.4780545650259321,0.018227025368723136,1,0.20377002827521185,-2.527031175252058
XLMUSDT,LONG,1787661900,1787663700,0.19185,0.18943857142857143,0.19305571428571427,TP2,0.4681765402843602,0.012569343609218516,1,0.2304483837330545,-2.0044987771488545
LABUSDT,SHORT,1787662800,1787664600,0.06987,0.07118142857142858,0.06921428571428571,TP2,0.47868888888888883,0.018769551616266904,1,0.21031746031745735,2.6017187614603094
LINKUSDT,LONG,1787664600,1787665500,11.454,11.327,11.5175,TP2,0.463924409448812,0.011087829579186347,1,0.2955326460481124,-2.5166121576464704
LABUSDT,LONG,1787674500,1787675400,0.06758,0.06590428571428572,0.06841785714285714,TP2,0.48386837169650465,0.02479600896292223,1,0.16981132075471733,-2.3260337944996623
AAVEUSDT,LONG,1787678100,1787679900,127.17,124.71857142857144,128.3957142857143,TP2,0.4792496503496532,0.019276783607993796,1,0.09639727361246454,-2.608599284818677
ADAUSDT,LONG,1787679000,1787680800,0.2131,0.2100857142857143,0.21460714285714286,TP2,0.4717213270142133,0.014144935308708154,1,0.2916666666666674,-2.2442893013452316
SOLUSDT,SHORT,1787682600,1787686200,98.66,99.73142857142857,98.12428571428572,TP2,0.46316693333332665,0.010859807129825354,1,0.235059760956174,2.0101338934605852
BILLUSDT,LONG,1787687100,1787690700,0.01983,0.01958714285714286,0.01995142857142857,SL,-1.0326611764705882,0.012246956271162046,1,0.0714285714285712,-2.0277123346453605
LINKUSDT,LONG,1787687100,1787690700,11.443,11.325,11.501999999999999,SL,-1.0387898305084746,0.010311981123831148,1,0.2737642585551325,-2.144952428469766
SEIUSDT,LONG,1787687100,1787690700,0.04672,0.046272857142857136,0.046943571428571425,SL,-1.041794249201278,0.009570694716242686,1,0.15789473684210587,-2.2447361359302924
LABUSDT,SHORT,1787706000,1787715900,0.06946,0.07121999999999999,0.06857999999999999,TP2,0.48421363636364034,0.025338324215375754,1,0.10028116213683239,2.1449922329219384
AAVEUSDT,SHORT,1787711400,1787713200,128.44,130.0142857142857,127.65285714285714,TP2,0.46736551724137937,0.012256973795435363,1,0.2284122562674098,2.9949685996743463
ADAUSDT,SHORT,1787711400,1787715900,0.2127,0.2155142857142857,0.21129285714285714,TP2,0.46976852791878165,0.013231244542951132,1,0.20253164556962,2.0104892091848425
AAVEUSDT,SHORT,1787723100,1787725800,128.66,130.44571428571427,127.76714285714286,TP2,0.47118015999999996,0.013879327574337647,1,0.23831775700934402,2.172788511277626
BILLUSDT,SHORT,1787723100,1787736600,0.01985,0.020064285714285715,0.019742857142857142,TP2,0.4629466666666666,0.010795250089960401,1,0.2195121951219504,2.4270294239108843
ZECUSDT,SHORT,1787728500,1787731200,792.55,804.3085714285714,786.6707142857142,TP2,0.47303924189041435,0.01483637805636421,1,0.13051869722557244,2.1748576251815464
