symbol,direction,entry_time,exit_time,entry,sl,tp1,outcome,net_r,risk_pct,size_mult,eff_ratio,z
NEARUSDT,SHORT,1771810200,1771812000,0.982,0.9977428571428572,0.9780642857142857,TP2,0.22504900181488027,0.016031422752400357,1,0.3722222222222221,-2.9412829565730148
SOLUSDT,SHORT,1771810200,1771812000,78.43,79.8257142857143,78.08107142857143,TP2,0.22752262026612077,0.017795668567057058,1,0.6893491124260359,-3.0540855324897906
SUIUSDT,SHORT,1771810200,1771812000,0.8692,0.8841714285714285,0.8654571428571428,TP2,0.22677709923664305,0.017224377095522977,1,0.5971394517282493,-3.2751511584488093
HYPEUSDT,SHORT,1771816500,1771817400,27.291,27.850857142857144,27.151035714285715,TP2,0.2305014544526649,0.02051435062317771,1,0.6528599605522696,-1.6968054189221156
AAVEUSDT,SHORT,1771817400,1771824600,111.36,113.44857142857143,110.83785714285715,SL,-1.0213274965800274,0.01875513136288999,1,0.6660231660231694,-1.3217480653890048
LABUSDT,LONG,1771828200,1771844400,0.13695,0.13447571428571428,0.13756857142857143,TP2,0.22786027713626428,0.01806707348876024,1,0.2601156069364163,3.049288265377478
ZECUSDT,LONG,1771850700,1771854300,251.42,247.10999999999999,252.4975,SL,-1.0233336426914152,0.0171426298623817,1,0.3604336043360423,2.9787327299593693
HYPEUSDT,SHORT,1771855200,1771856100,27.12,27.560285714285715,27.009928571428574,TP2,0.22536145360155332,0.016234723978086757,1,0.309612320764737,-2.226754046456812
SUIUSDT,SHORT,1771862400,1771863300,0.8857,0.9001428571428572,0.8820892857142858,TP2,0.22547022749752338,0.01630671462442944,1,0.40304182509505626,-2.128457498137417
TAOUSDT,SHORT,1771862400,1771863300,169.1,172.4142857142857,168.27142857142857,TP2,0.22959137931034268,0.019599560699501556,1,0.26717557251908236,-1.7537169677321711
AAVEUSDT,SHORT,1771863300,1771866900,115.85,117.87142857142857,115.34464285714286,TP2,0.22707561837455476,0.01744867131142486,1,0.18088737201365301,-2.538180722127717
ADAUSDT,SHORT,1771866900,1771867800,0.2648,0.2691142857142857,0.26372142857142855,TP2,0.22544900662251646,0.016292619766939954,1,0.3199999999999997,-1.6756565404437964
HYPEUSDT,SHORT,1771866900,1771867800,26.208,26.800714285714285,26.05982142857143,TP2,0.23231323210411847,0.0226157770800628,1,0.5161825726141107,-1.4923369730217957
DOTUSDT,SHORT,1771867800,1771869600,1.258,1.2785714285714285,1.252857142857143,TP2,0.22553888888888887,0.016352486940722222,1,0.6144578313252974,-2.0601472801208036
AVAXUSDT,SHORT,1771868700,1771869600,8.386,8.521714285714285,8.352071428571428,TP2,0.22528336842105265,0.016183434976661804,1,0.6020942408376977,-2.2195687560116117
ETHUSDT,SHORT,1771868700,1771869600,1847.53,1877.7614285714285,1839.972142857143,TP2,0.22555484358756073,0.016363159770844633,1,0.526562958614617,-2.34706359535343
TAOUSDT,SHORT,1771903800,1771905600,167.4,170.35714285714286,166.66071428571428,TP2,0.2273565217391353,0.017665130568356387,1,0.3170731707317082,-2.7784564421125086
SUIUSDT,SHORT,1771904700,1771905600,0.8577,0.8718857142857143,0.8541535714285714,TP2,0.22581510574018515,0.016539249487832898,1,0.3986486486486462,-2.762310337491472
AAVEUSDT,SHORT,1771906500,1771922700,111.77,113.57428571428571,111.31892857142857,SL,-1.0247787806809185,0.01614284436150768,1,0.45051698670605406,-2.275646544542417
XRPUSDT,SHORT,1771906500,1771944300,1.324,1.3455000000000001,1.3186250000000002,TP2,0.22536744186045993,0.016238670694864035,1,0.3936305732484111,-2.301354062886228
ZECUSDT,SHORT,1771906500,1771907400,233.24,237.34857142857143,232.21285714285716,TP2,0.22729235048678548,0.017615209349045736,1,0.3816743572841146,-2.2377390101338017
TAOUSDT,LONG,1771947000,1771949700,169.8,166.84285714285716,170.5392857142857,TP2,0.22703188405796615,0.017415446744068596,1,0.472868217054262,2.737680124034189
ZECUSDT,LONG,1771948800,1771949700,238.57,234.49714285714285,239.5882142857143,TP2,0.22656976499474046,0.01707195851472169,1,0.2844996729888814,3.118814567751466
NEARUSDT,LONG,1771949700,1771967700,0.9871,0.9696428571428571,0.9914642857142857,SL,-1.02261767594108,0.01768528300794535,1,0.2318634423897578,3.2653328522743834
LABUSDT,LONG,1771983000,1771983900,0.13724,0.13493285714285716,0.1378167857142857,TP2,0.22620606811145502,0.01681100886871793,1,0.5175438596491221,2.7789818110807474
SOLUSDT,LONG,1771983000,1771983900,81.94,80.58714285714285,82.27821428571428,TP2,0.22577275607180566,0.016510338575264107,1,0.48694316436251905,3.1228817162824614
TAOUSDT,LONG,1771983000,1771983900,173.2,170.22857142857143,173.94285714285712,TP2,0.22668461538461301,0.01715605410755527,1,0.22784810126582186,2.9467899541839517
AAVEUSDT,LONG,1771985700,1771990200,119.55,117.57857142857142,120.04285714285714,SL,-1.0242565217391304,0.016490410467825806,1,0.6015624999999991,2.2226457757926674
ADAUSDT,LONG,1771986600,1771992000,0.2705,0.2660857142857143,0.27160357142857144,SL,-1.0245113268608415,0.01631898600475309,1,0.5833333333333375,2.0866009230332705
ZECUSDT,SHORT,1771992900,1771998300,237.26,242.75857142857143,235.88535714285715,TP2,0.23274024421927517,0.02317529894871209,1,0.3021806853582551,-2.126366866147283
DOTUSDT,LONG,1772019000,1772019900,1.345,1.3162857142857143,1.3521785714285715,TP2,0.2312636815920417,0.021348911311736527,1,0.6379310344827575,1.8992196193160604
LABUSDT,LONG,1772019900,1772027100,0.15315,0.1482557142857143,0.15437357142857144,SL,-1.0125166374781085,0.031957464670491126,1,0.3758389261744932,1.5903448152623338
AVAXUSDT,LONG,1772024400,1772025300,9.306,9.147714285714285,9.345571428571427,TP2,0.2264830324909691,0.01700899573239997,1,0.9645120405576695,2.279097020627352
NEARUSDT,LONG,1772026200,1772027100,1.0769,1.0584142857142855,1.0815214285714285,TP2,0.22669768160741594,0.01716567395831957,1,0.7552238805970155,2.4729792257514824
HYPEUSDT,LONG,1772029800,1772030700,27.984,27.527285714285714,28.098178571428573,TP2,0.22549102283390488,0.01632055051866374,1,0.6222811671087519,2.062880549948334
ADAUSDT,LONG,1772030700,1772031600,0.2839,0.2793571428571428,0.2850357142857143,TP2,0.2250025157232705,0.01600161022492835,1,0.8443113772455066,1.9016703462045834
AAVEUSDT,LONG,1772031600,1772034300,119.67,117.71142857142858,120.15964285714286,TP2,0.22555973741794305,0.016366436271174258,1,0.1453175457481175,2.3149968376072754
DOTUSDT,LONG,1772031600,1772032500,1.505,1.442,1.5207499999999998,TP2,0.24044444444444354,0.041860465116279055,1,0.7807017543859655,1.6016471896064033
LINKUSDT,LONG,1772032500,1772033400,9.172,9.014714285714287,9.211321428571429,TP2,0.22667429609445952,0.01714846427013889,1,0.7516170763260028,2.06438863863238
ETHUSDT,LONG,1772034300,1772037000,2022.19,1989.7057142857143,2030.3110714285715,TP2,0.2250994678745767,0.016063913734261203,1,0.8260739633918527,2.2097887268508947
SUIUSDT,LONG,1772034300,1772036100,0.9485,0.9308857142857143,0.9529035714285714,TP2,0.2284606650446051,0.018570675502673422,1,0.6944801026957635,2.21275942574032
AVAXUSDT,LONG,1772036100,1772037000,9.613,9.435142857142857,9.657464285714285,TP2,0.22838040160642573,0.018501731286501923,1,0.7264248704663219,1.3849437811331657
NEARUSDT,LONG,1772037000,1772038800,1.1249,1.0982857142857143,1.1315535714285714,TP2,0.23309329039183907,0.02365924590122301,1,0.8184764991896288,1.7781224101210724
ZECUSDT,LONG,1772038800,1772039700,253.18,246.90428571428575,254.74892857142856,TP2,0.23386287275210443,0.024787559387448733,1,0.49381868131868106,1.9124208647802095
SOLUSDT,LONG,1772039700,1772041500,88.27,86.61285714285714,88.6842857142857,TP2,0.22869344827586,0.018773568110828847,1,0.7533834586466183,2.083077613570869
XLMUSDT,LONG,1772040600,1772044200,0.16642,0.16362857142857146,0.16711785714285715,TP2,0.22615271238485152,0.016773396054732385,1,0.7505567928730528,1.892907388137519
DOTUSDT,LONG,1772042400,1772045100,1.575,1.5225714285714287,1.5881071428571427,TP2,0.23798365122615697,0.03328798185941039,1,0.5527426160337566,1.8900559310541003
HYPEUSDT,LONG,1772043300,1772045100,28.826,28.221285714285713,28.97717857142857,TP2,0.2309324828726642,0.020978085260330476,1,0.6257471264367817,1.8273983180015796
ADAUSDT,LONG,1772045100,1772049600,0.2988,0.2932142857142857,0.3001964285714286,TP2,0.2286025575447571,0.018693822910690445,1,0.7837837837837855,1.3162154377467117
NEARUSDT,LONG,1772047800,1772049600,1.1798,1.1513571428571427,1.1869107142857143,TP2,0.23340813661476645,0.024108202358753283,1,0.7894736842105303,1.5153962729493262
SUIUSDT,LONG,1772049600,1772050500,0.9989,0.9789857142857142,1.0038785714285714,TP2,0.22993601147775908,0.019936215551392272,1,0.6412371134020595,1.49474333873046
TAOUSDT,LONG,1772052300,1772053200,186.4,183.22857142857143,187.19285714285715,TP2,0.22649009009009008,0.017014101778050267,1,0.3540372670807465,2.6785599020864597
DOTUSDT,LONG,1772053200,1772054100,1.668,1.6051428571428572,1.6837142857142857,TP2,0.23938545454545632,0.03768413840356283,1,0.5138888888888893,2.2433135352639004
ETHUSDT,LONG,1772055900,1772060400,2111.44,2077.032857142857,2120.0417857142857,SL,-1.0245465310359145,0.01629558162066775,1,0.44389517166655396,3.5801687317560047
SOLUSDT,LONG,1772055900,1772059500,90.46,88.9742857142857,90.83142857142856,SL,-1.0243546153846153,0.016423991661665804,1,0.5345454545454541,2.4320104655041175
AAVEUSDT,SHORT,1772063100,1772065800,117.81,120.15428571428572,117.22392857142857,SL,-1.0201016453382084,0.019898868638364414,1,0.45604395604395515,-3.069457249694899
HYPEUSDT,SHORT,1772063100,1772066700,27.648,28.231142857142856,27.502214285714285,SL,-1.018964821166095,0.021091683201058208,1,0.372523117569352,-3.273595638888731
ZECUSDT,SHORT,1772063100,1772064000,243.92,249.59428571428572,242.50142857142856,TP2,0.23280523665659494,0.023262896500023462,1,0.45836516424751905,-3.409010813912101
LABUSDT,LONG,1772071200,1772079300,0.15079,0.14779714285714288,0.1515382142857143,SL,-1.0201533174224344,0.01984784894792184,1,0.2910216718266258,2.288661537816378
LABUSDT,LONG,1772156700,1772157600,0.15772,0.15397714285714287,0.1586557142857143,TP2,0.23314442748091785,0.023731024238252213,1,0.2893910860012567,2.728800864818519
DOTUSDT,LONG,1772165700,1772167500,1.674,1.6344285714285716,1.683892857142857,SL,-1.0169212996389891,0.02363884621949132,1,0.539823008849557,2.6388959421988742
DOTUSDT,SHORT,1772172900,1772190000,1.592,1.6344285714285716,1.5813928571428573,TP2,0.23499124579124447,0.02665111270638908,1,0.16091954022988525,-1.7590048963378446
HYPEUSDT,SHORT,1772191800,1772192700,28.651,29.24357142857143,28.502857142857142,TP2,0.23065988428158302,0.020682399517344248,1,0.17112810707456985,-2.438012384850907
DOTUSDT,SHORT,1772192700,1772193600,1.569,1.6007142857142855,1.5610714285714284,TP2,0.2302108108108143,0.020213056541928415,1,0.3944954128440381,-2.604248294763072
LABUSDT,SHORT,1772192700,1772194500,0.15285,0.15659142857142858,0.15191464285714287,TP2,0.23365864833906067,0.024477779335482903,1,0.3714569865738434,-2.97924703542106
NEARUSDT,SHORT,1772194500,1772195400,1.1175,1.1393285714285712,1.112042857142857,TP2,0.22952225130890047,0.019533397251518005,1,0.19794871794872,-2.349676332490018
AAVEUSDT,SHORT,1772196300,1772199900,115.06,117.18428571428572,114.52892857142858,TP2,0.22833436449226296,0.018462417123985008,1,0.4365924491771533,-1.9844270121137875
SUIUSDT,SHORT,1772196300,1772199900,0.911,0.9263714285714286,0.9071571428571429,TP2,0.22629368029739777,0.016873137839109303,1,0.548209366391183,-1.562692760537784
ZECUSDT,SHORT,1772202600,1772203500,223.73,228.66142857142856,222.49714285714285,TP2,0.23185272305909616,0.02204187445326317,1,0.5180908391070048,-1.2328383639447262
AAVEUSDT,SHORT,1772207100,1772209800,113.87,115.99142857142857,113.33964285714286,TP2,0.22852956228956228,0.018630267598389132,1,0.4668049792531113,-1.741948732288209
HYPEUSDT,SHORT,1772210700,1772211600,27.572,28.090142857142858,27.442464285714284,TP2,0.22871475048249418,0.018792356635095677,1,0.3215517241379309,-3.191006428391098
NEARUSDT,SHORT,1772211600,1772213400,1.0951,1.1135285714285714,1.0904928571428572,TP2,0.2262303875968963,0.016828208774149842,1,0.27161997563946516,-2.10920650947896
SUIUSDT,SHORT,1772211600,1772212500,0.8992,0.9140428571428572,0.8954892857142858,TP2,0.2257674687199193,0.016506736146415877,1,0.32934131736526845,-2.9295338838404783
TAOUSDT,SHORT,1772213400,1772215200,176.4,179.22857142857143,175.69285714285715,SL,-1.0249454545454546,0.01603498542274051,1,0.3223140495867775,-2.006964632647554
DOTUSDT,LONG,1772217900,1772218800,1.613,1.5792857142857142,1.6214285714285714,TP2,0.23086271186440682,0.020901603046674377,1,0.27272727272727415,2.644964661920354
ZECUSDT,SHORT,1772219700,1772221500,216.39,219.89857142857142,215.51285714285711,TP2,0.2253301302931637,0.016214110765615016,1,0.536549707602338,-3.050304345971616
HYPEUSDT,SHORT,1772221500,1772226000,26.912,27.36828571428571,26.79792857142857,SL,-1.0235922354414528,0.016954730762697465,1,0.533271719038814,-1.573978774985294
LABUSDT,LONG,1772226900,1772227800,0.15983,0.15709571428571428,0.16051357142857142,TP2,0.22661839080459523,0.0171074623930784,1,0.5648632926119822,3.784454304299256
DOTUSDT,SHORT,1772252100,1772254800,1.56,1.5891428571428572,1.5527142857142857,TP2,0.22858823529411954,0.018681318681318677,1,0.2740740740740739,-2.421868546458853
TAOUSDT,SHORT,1772261100,1772262000,172.4,175.75714285714287,171.56071428571428,TP2,0.2294587234042574,0.019472986410341377,1,0.4383561643835605,-3.3249016543923173
ZECUSDT,SHORT,1772261100,1772262000,210.19,214.15,209.2,TP2,0.22876868686868865,0.018840097055045434,1,0.4340770791075033,-3.3669659760124317
NEARUSDT,SHORT,1772262000,1772264700,1.0317,1.0501714285714288,1.0270821428571428,SL,-1.0223415313225057,0.01790387571137795,1,0.7032967032967045,-3.184473942485161
LABUSDT,LONG,1772263800,1772264700,0.16687,0.16061714285714285,0.16843321428571428,TP2,0.23932519990861434,0.037471427715330206,1,0.31166797180892725,2.589934897757334
SEIUSDT,SHORT,1772266500,1772268300,0.06539,0.06669142857142858,0.06506464285714286,TP2,0.22990208562019493,0.019902562646101428,1,0.5384615384615364,-1.7536518489629087
XLMUSDT,SHORT,1772267400,1772270100,0.14899,0.1522571428571429,0.14817321428571428,TP2,0.23175898557061872,0.021928604987870817,1,0.5227142035652669,-1.8428274250002854
AAVEUSDT,SHORT,1772269200,1772273700,105.51,108.05571428571429,104.87357142857144,TP2,0.23342154882154742,0.02412770624314553,1,0.5467811158798279,-1.4158438643150515
AVAXUSDT,SHORT,1772269200,1772270100,8.479,8.669857142857142,8.431285714285714,TP2,0.23222964071856056,0.022509392954020893,1,0.41541755888651094,-1.5453761517405382
DOTUSDT,SHORT,1772272800,1772287200,1.459,1.5025714285714287,1.448107142857143,SL,-1.0133940983606557,0.029863898952315667,1,0.45454545454545453,-1.629016789686397
SUIUSDT,SHORT,1772273700,1772287200,0.828,0.8484142857142857,0.8228964285714285,SL,-1.0162239328201539,0.02465493443754316,1,0.5398230088495597,-1.2911749810210191
HYPEUSDT,LONG,1772278200,1772287200,27.606,27.073857142857143,27.739035714285716,TP2,0.2292491812080537,0.019276347791887898,1,0.3038799207023496,1.7285314883693295
HYPEUSDT,LONG,1772289900,1772290800,27.806,27.309714285714286,27.93007142857143,TP2,0.22758871617731902,0.017848151991862002,1,0.21568627450980413,2.425920318466695
LABUSDT,SHORT,1772294400,1772295300,0.15351,0.15862,0.1522325,TP2,0.23798356164383835,0.033287733698130435,1,0.21659826721386172,-2.462354239141041
HYPEUSDT,LONG,1772301600,1772302500,29.396,28.751571428571427,29.557107142857145,TP2,0.23175375748171279,0.021922321793052535,1,0.701963534361853,2.0717369831012484
DOTUSDT,LONG,1772302500,1772304300,1.558,1.5224285714285715,1.566892857142857,TP2,0.23248032128513743,0.02283146891619289,1,0.37759336099585067,2.4430800763228566
NEARUSDT,LONG,1772302500,1772303400,1.0888,1.0710857142857144,1.0932285714285714,SL,-1.024585806451613,0.01626954970085017,1,0.37373737373737187,2.4296780294667233
SUIUSDT,LONG,1772305200,1772307900,0.8774,0.8633,0.880925,TP2,0.22510921985815596,0.01607020743104624,1,0.2591715976331354,2.801618302440224
AAVEUSDT,LONG,1772307900,1772309700,110.89,108.88,111.3925,TP2,0.2279323383084559,0.018126070881053287,1,0.38167170191339467,2.5313272598407006
TAOUSDT,LONG,1772307900,1772309700,177.0,173.32857142857145,177.91785714285714,TP2,0.2307159533073949,0.02074253430185628,1,0.2783505154639169,2.604010425072979
AVAXUSDT,LONG,1772309700,1772310600,9.002,8.849857142857143,9.040035714285715,TP2,0.2263327699530487,0.01690100612562287,1,0.5512048192771096,2.121859757375206
ADAUSDT,LONG,1772310600,1772312400,0.2797,0.27467142857142857,0.28095714285714285,TP2,0.22775113636363362,0.017978446294499212,1,0.5486725663716822,2.4780290878650195
ETHUSDT,LONG,1772310600,1772312400,1959.46,1926.757142857143,1967.6357142857144,TP2,0.22603316442425475,0.016689729386084512,1,0.46364173810227793,2.0525048067853704
SOLUSDT,LONG,1772311500,1772312400,83.74,82.20142857142856,84.12464285714285,TP2,0.2282291550603482,0.018373195946637524,1,0.45859872611464886,2.4966793356079378
HYPEUSDT,LONG,1772315100,1772318700,30.582,29.784285714285716,30.78142857142857,TP2,0.2346651862464161,0.026084438091501034,1,0.5686820841460025,1.9129158083238764
LABUSDT,LONG,1772316000,1772318700,0.15945,0.15649142857142856,0.16018964285714288,TP2,0.22844229840656927,0.018554853738296878,1,0.2937728937728937,1.7125405088462204
DOTUSDT,LONG,1772316900,1772318700,1.647,1.5914285714285714,1.6608928571428572,TP2,0.23814498714652954,0.03374100095411567,1,0.46043165467625935,1.524217232328386
XLMUSDT,LONG,1772319600,1772330400,0.15974,0.15701142857142855,0.16042214285714285,TP2,0.2265826178010446,0.01708132858752619,1,0.5555555555555564,1.7856810598118014
LABUSDT,LONG,1772327700,1772329500,0.1624,0.15912285714285715,0.1632192857142857,TP2,0.23017785527463153,0.020179451090781106,1,0.32165605095541266,2.8405061014313455
AAVEUSDT,LONG,1772330400,1772331300,115.77,113.85,116.25,TP2,0.2258812500000019,0.016584607411246486,1,0.3926206244087028,3.7895190740102014
ADAUSDT,LONG,1772330400,1772331300,0.286,0.28138571428571424,0.2871535714285714,TP2,0.22520743034055432,0.01613386613386616,1,0.38235294117646873,3.156139922991105
ETHUSDT,LONG,1772331300,1772332200,2045.57,2011.792857142857,2054.0142857142855,TP2,0.22577568939265272,0.016512337811535594,1,0.5825231064698116,3.590508182327699
SOLUSDT,LONG,1772333100,1772339400,88.62,86.98857142857143,89.02785714285714,SL,-1.0217281961471103,0.018409259438372485,1,0.6134699853587127,2.4264700721841823
ZECUSDT,LONG,1772333100,1772334000,231.56,226.09571428571428,232.92607142857142,TP2,0.23304920261437648,0.023597709942501804,1,0.4589235127478754,2.71200700765649
NEARUSDT,LONG,1772351100,1772352900,1.2002,1.1776714285714285,1.2058321428571428,TP2,0.2286901712111604,0.018770681076963332,1,0.20642978003384177,2.205555040591722
LABUSDT,LONG,1772369100,1772372700,0.16559,0.16197857142857142,0.16649285714285714,SL,-1.018340664556962,0.02180946054368367,1,0.21848184818482022,2.5483924617970715
SOLUSDT,SHORT,1772384400,1772386200,83.96,85.65999999999998,83.535,TP2,0.23024470588235288,0.02024773701762738,1,0.1640211640211642,-2.427790046177188
ZECUSDT,SHORT,1772384400,1772386200,217.24,222.2257142857143,215.99357142857144,TP2,0.2325710028653281,0.022950259094615608,1,0.18655625913297674,-2.0792764630406984
LABUSDT,SHORT,1772393400,1772396100,0.16306,0.16581857142857145,0.16237035714285716,SL,-1.023644122216468,0.01691752378616114,1,0.1304347826086965,-2.3305559347284226
SUIUSDT,SHORT,1772393400,1772394300,0.8817,0.8997142857142858,0.8771964285714287,TP2,0.2304222045995211,0.020431309645328015,1,0.3341772151898733,-1.6067742264870435
ETHUSDT,SHORT,1772394300,1772396100,1949.12,1983.532857142857,1940.5167857142856,TP2,0.22734428162231887,0.017655586697000233,1,0.3265160831014167,-1.7617921865477095
TAOUSDT,SHORT,1772395200,1772396100,175.1,178.6285714285714,174.21785714285713,TP2,0.2301506072874534,0.020151750020396476,1,0.3875000000000004,-1.8328601924655958
AAVEUSDT,SHORT,1772397000,1772397900,111.24,113.17,110.7575,TP2,0.2269450777202073,0.017349874145990696,1,0.41872791519434627,-1.934672324869339
NEARUSDT,SHORT,1772397000,1772397900,1.1172,1.1355142857142857,1.1126214285714284,TP2,0.22559937597504506,0.016393023374763453,1,0.4775956284153006,-2.071517129730549
ZECUSDT,SHORT,1772397000,1772397900,213.52,216.96428571428572,212.6589285714286,TP2,0.2252029863127312,0.01613097468286675,1,0.5331306990881459,-1.943472129300633
HYPEUSDT,LONG,1772406900,1772411400,32.02,31.325285714285716,32.19367857142858,TP2,0.2315636438412541,0.02169626126528064,1,0.24472741742936757,2.5625379377526256
LABUSDT,LONG,1772408700,1772410500,0.16851,0.16550285714285715,0.1692617857142857,TP2,0.2275853681710237,0.01784548606695659,1,0.2100708103855255,1.4580549860895833
NEARUSDT,LONG,1772411400,1772413200,1.166,1.1411142857142855,1.1722214285714285,TP2,0.23125832376578648,0.021342808135261012,1,0.30491803278688473,2.2269619653384116
AAVEUSDT,LONG,1772412300,1772414100,115.68,113.49571428571429,116.22607142857143,TP2,0.22881595814257363,0.01888213791740765,1,0.2927536231884061,2.452810701058915
ADAUSDT,LONG,1772414100,1772417700,0.2791,0.27434285714285717,0.28028928571428574,SL,-1.0234678678678677,0.017044582075037163,1,0.4416243654822329,2.7833713222923597
DOTUSDT,LONG,1772414100,1772417700,1.593,1.5625714285714285,1.600607142857143,SL,-1.0209408450704225,0.019101425881086924,1,0.5999999999999981,2.9175397620308896
NEARUSDT,LONG,1772422200,1772425800,1.1962,1.1645999999999999,1.2041,TP2,0.23485822784810126,0.02641698712589866,1,0.38020833333333515,1.9679316437200671
LABUSDT,SHORT,1772426700,1772433000,0.16532,0.16832285714285714,0.1645692857142857,TP2,0.22797830637488575,0.018163907227541447,1,0.20285158781594223,-1.817669055510439
HYPEUSDT,SHORT,1772428500,1772432100,30.915,31.630857142857142,30.736035714285713,TP2,0.232725603671923,0.023155657216792584,1,0.5060055435786882,-2.6063131124684857
DOTUSDT,SHORT,1772433000,1772434800,1.525,1.5508571428571427,1.518535714285714,TP2,0.2264088397790098,0.016955503512880568,1,0.3722627737226276,-2.1687602558667285
TAOUSDT,SHORT,1772433000,1772435700,175.8,178.6857142857143,175.07857142857145,TP2,0.22563168316831195,0.016414757029091512,1,0.1506849315068489,-2.030491641065237
AAVEUSDT,SHORT,1772440200,1772442000,112.35,114.16571428571429,111.89607142857142,SL,-1.024750590086546,0.016161230847479207,1,0.4216589861751131,-1.9287009494559955
LABUSDT,SHORT,1772440200,1772441100,0.15936,0.16233714285714285,0.15861571428571428,SL,-1.02141113243762,0.01868187033849684,1,0.6167429692609556,-2.5592803746123027
LABUSDT,SHORT,1772461800,1772464500,0.15822,0.1612457142857143,0.15746357142857142,SL,-1.0209167138810198,0.01912346280946964,1,0.4217877094972044,-1.730491870220782
HYPEUSDT,LONG,1772462700,1772463600,31.624,31.030142857142856,31.772464285714285,TP2,0.2286992542699077,0.01877868526616315,1,0.44037356321839066,3.295246567281726
NEARUSDT,LONG,1772462700,1772463600,1.2726,1.2387285714285714,1.281067857142857,TP2,0.23497140447068746,0.026615926898812318,1,0.6791604197901041,2.843936278603749
TAOUSDT,LONG,1772462700,1772463600,181.1,178.2,181.825,TP2,0.22502068965517003,0.01601325234676977,1,0.34328358208955456,3.494871564414414
AAVEUSDT,LONG,1772464500,1772465400,121.1,118.92571428571428,121.64357142857142,TP2,0.2277214191852809,0.01795446502300344,1,0.570909090909091,3.577268480852496
DOTUSDT,LONG,1772464500,1772465400,1.563,1.532,1.5707499999999999,TP2,0.22983225806451432,0.019833653230966097,1,0.4503816793893125,3.4394919854271957
ETHUSDT,LONG,1772464500,1772465400,2027.71,1991.7585714285715,2036.6978571428572,TP2,0.22743945005165703,0.017730064245591634,1,0.4745063734066488,3.6067712419182008
ADAUSDT,LONG,1772466300,1772468100,0.2861,0.28081428571428574,0.2874214285714286,TP2,0.22834918918919178,0.018475058670794416,1,0.6682027649769557,2.5199096443195033
LINKUSDT,LONG,1772466300,1772468100,9.161,8.984571428571428,9.205107142857143,TP2,0.22923012145749233,0.019258658599341897,1,0.5924050632911372,2.6137431069322976
SOLUSDT,LONG,1772466300,1772468100,88.73,86.89285714285715,89.18928571428572,TP2,0.23068087091757386,0.020704867092785493,1,0.5813397129186583,2.637541856800257
BTCUSDT,LONG,1772469900,1772504100,69818.8,68402.72857142857,70172.81785714286,SL,-1.0197218300126103,0.020282093484440114,1,0.5208754965894622,1.703712097721325
SUIUSDT,LONG,1772469900,1772473500,0.9618,0.9332857142857143,0.9689285714285714,SL,-1.0134921843687374,0.029646793215102617,1,0.563786008230452,1.686722827742695
LABUSDT,LONG,1772473500,1772474400,0.16775,0.16262285714285715,0.16903178571428573,TP2,0.23691278907773888,0.030564189908452277,1,0.22022718944668368,2.9420757906026793
DOTUSDT,SHORT,1772485200,1772486100,1.516,1.5471428571428572,1.5082142857142857,TP2,0.2305284403669725,0.02054278175650211,1,0.5000000000000008,-1.3712608165400662
NEARUSDT,LONG,1772486100,1772487000,1.3553,1.3151857142857144,1.3653285714285714,TP2,0.23648561253561529,0.02959808582180008,1,0.31531531531531626,3.2095559553081006
ZECUSDT,LONG,1772489700,1772490600,223.35,219.75428571428571,224.24892857142856,TP2,0.22515375446960667,0.01609901180082509,1,0.11547619047618987,2.4650162617935196
TAOUSDT,LONG,1772490600,1772491500,189.6,186.27142857142857,190.43214285714285,TP2,0.22721545064377677,0.017555756479807078,1,0.32467532467532395,2.3917134207447135
HYPEUSDT,LONG,1772491500,1772497800,33.184,32.533857142857144,33.346535714285714,SL,-1.0204164359481434,0.019592058134729265,1,0.14157767826386305,2.4029075870760015
LABUSDT,SHORT,1772504100,1772505000,0.15937,0.16209142857142858,0.15868964285714288,TP2,0.2265755380577402,0.01707616597495494,1,0.531821506949526,-1.6249142423010499
TAOUSDT,SHORT,1772508600,1772513100,181.6,185.04285714285714,180.7392857142857,TP2,0.2289012448132801,0.018958464443045983,1,0.503184713375796,-1.790651348553912
NEARUSDT,LONG,1772510400,1772514900,1.419,1.3786428571428573,1.4290892857142858,TP2,0.2359355752212417,0.028440551696365647,1,0.3974683544303781,2.1589335536817496
HYPEUSDT,SHORT,1772527500,1772528400,32.129,32.78957142857143,31.96385714285714,TP2,0.23054472318339098,0.020559974744667683,1,0.2592364532019708,-2.347864887008372
ZECUSDT,SHORT,1772527500,1772528400,216.28,220.19142857142856,215.30214285714285,TP2,0.22788224981738675,0.018085022061349022,1,0.2664756446991399,-3.1431124375705473
AAVEUSDT,SHORT,1772535600,1772536500,113.32,115.25714285714285,112.83571428571427,TP2,0.22660058997050334,0.017094448086329504,1,0.636929460580911,-2.8599756419373517
NEARUSDT,SHORT,1772538300,1772540100,1.3226,1.3636714285714286,1.3123321428571428,SL,-1.0128809739130435,0.031053552526409053,1,0.18495620814013466,-1.7634978858249024
LABUSDT,LONG,1772544600,1772545500,0.16986,0.1664157142857143,0.17072107142857143,TP2,0.2302734135213584,0.02027720307480111,1,0.5935147654892852,3.9435093317655476
HYPEUSDT,SHORT,1772545500,1772549100,31.329,31.858428571428572,31.19664285714286,TP2,0.2263299514301117,0.016898993629818122,1,0.1843003412969279,-2.754282564073373
AAVEUSDT,SHORT,1772549100,1772550000,108.99,110.78428571428572,108.54142857142857,TP2,0.22570286624203625,0.01646284718126172,1,0.6134060795011702,-1.3388405527016054
NEARUSDT,LONG,1772552700,1772555400,1.3866,1.3467,1.3965750000000001,TP2,0.23609924812030214,0.028775421895283433,1,0.21631959201019987,3.241539254109004
AVAXUSDT,LONG,1772554500,1772555400,9.281,9.126428571428573,9.319642857142858,TP2,0.22598262476894915,0.016654609263164276,1,0.4129213483146076,3.3001649133220727
DOTUSDT,LONG,1772554500,1772555400,1.534,1.5017142857142858,1.5420714285714285,TP2,0.23099469026548491,0.021046749860309095,1,0.4117647058823547,3.4918499827063956
LABUSDT,LONG,1772560800,1772562600,0.17691,0.17160428571428574,0.17823642857142857,TP2,0.23666268174474828,0.02999103660456887,1,0.49172826469552927,1.7584686672326668
ADAUSDT,SHORT,1772571600,1772572500,0.2614,0.2657285714285715,0.26031785714285716,TP2,0.2258442244224423,0.016559186796371243,1,0.30923694779116295,-1.765870622448359
HYPEUSDT,SHORT,1772572500,1772575200,31.138,31.77585714285714,30.978535714285716,TP2,0.23047337066069562,0.020484846260425887,1,0.38630600169061635,-2.367490360785498
SUIUSDT,SHORT,1772572500,1772573400,0.8972,0.9118142857142857,0.8935464285714285,TP2,0.2254432062561133,0.016288771415833413,1,0.29113924050632867,-2.2977726962718723
NEARUSDT,SHORT,1772573400,1772584200,1.3466,1.3743285714285713,1.339667857142857,SL,-1.0194254507985574,0.020591542721351073,1,0.05981595092024589,-1.9361118205739367
LABUSDT,LONG,1772575200,1772583300,0.18429,0.17958857142857143,0.18546535714285714,SL,-1.0156794895168642,0.025511034627101668,1,0.5693581780538339,1.3817172251859855
NEARUSDT,LONG,1772587800,1772588700,1.3844,1.3592714285714285,1.390682142857143,TP2,0.2279629334849347,0.018151236224047615,1,0.1308411214953267,2.4788065817823797
SOLUSDT,LONG,1772588700,1772595000,87.64,86.17857142857143,88.00535714285715,SL,-1.0239874877810362,0.01667536023994263,1,0.44200626959247896,1.4463569226368949
ZECUSDT,SHORT,1772595000,1772595900,217.64,221.28571428571428,216.72857142857143,TP2,0.22612100313479236,0.016751122430225543,1,0.15971776779987196,-2.626076221545329
TAOUSDT,SHORT,1772595900,1772603100,177.8,181.37142857142857,176.90714285714287,SL,-1.0199136,0.02008677486742724,1,0.3212121212121196,-2.461342399420955
ADAUSDT,SHORT,1772598600,1772602200,0.2597,0.2639428571428571,0.2586392857142857,TP2,0.22551649831650478,0.016337532317509156,1,0.1657754010695203,-2.4666173458029554
SOLUSDT,SHORT,1772598600,1772610300,85.02,86.47285714285714,84.6567857142857,SL,-1.023407669616519,0.017088416170985006,1,0.35039999999999966,-2.3004287799319947
NEARUSDT,SHORT,1772604900,1772608500,1.3552,1.3897285714285714,1.3465678571428572,TP2,0.23430053785684407,0.0254785798616967,1,0.19676549865229206,-2.501784966200805
TAOUSDT,LONG,1772613900,1772614800,188.6,185.37142857142857,189.40714285714284,TP2,0.22663362831858186,0.017118618391152852,1,0.6144578313252996,2.250812816940707
HYPEUSDT,LONG,1772614800,1772615700,32.483,31.84785714285714,32.64178571428571,TP2,0.2295428699955002,0.01955308491034872,1,0.49410222804718196,2.4504474953172304
NEARUSDT,LONG,1772614800,1772616600,1.3974,1.3614714285714287,1.4063821428571428,TP2,0.23444246520874748,0.025711014332740357,1,0.12033978291647042,2.2230491846281963
ZECUSDT,LONG,1772615700,1772616600,230.69,226.15714285714284,231.82321428571427,TP2,0.22964286164512768,0.019649127152703408,1,0.5287187039764359,3.083885163824206
SOLUSDT,LONG,1772616600,1772617500,90.04,88.53857142857143,90.41535714285715,TP2,0.22601217887725736,0.016675128514311084,1,0.6170763260025864,2.2196411075500238
DOTUSDT,LONG,1772617500,1772622000,1.567,1.5404285714285715,1.5736428571428571,SL,-1.023589247311828,0.016956878475704252,1,0.32846715328467097,2.245351572137705
SUIUSDT,LONG,1772617500,1772621100,0.952,0.9351142857142857,0.9562214285714286,SL,-1.0225516074450085,0.01773709483793517,1,0.5784753363228722,2.2333573796284303
NEARUSDT,SHORT,1772627400,1772634600,1.3305,1.3586,1.323475,SL,-1.0189395017793594,0.02111987974445691,1,0.11350059737156455,-1.6826329455335982
ZECUSDT,LONG,1772631900,1772633700,236.18,231.32285714285715,237.39428571428573,TP2,0.23054988235294266,0.020565428305287785,1,0.34516616314199466,2.3896325925425117
LABUSDT,LONG,1772632800,1772633700,0.1836,0.18029428571428574,0.18442642857142857,TP2,0.22778392394122518,0.018004979769685646,1,0.14074074074074108,2.5662784052914325
AAVEUSDT,LONG,1772638200,1772640000,117.29,114.78285714285715,117.91678571428572,TP2,0.23128706552706696,0.021375589198933027,1,0.2522045855379191,2.7999908959440827
ADAUSDT,LONG,1772638200,1772640000,0.279,0.2741571428571429,0.2802107142857143,TP2,0.2269557522123894,0.017357910906298023,1,0.44897959183673325,3.01834743889426
ETHUSDT,LONG,1772638200,1772640000,2139.2,2101.6857142857143,2148.578571428571,TP2,0.22719055597867477,0.017536595790148515,1,0.40609418282548565,3.55511568335317
BTCUSDT,LONG,1772644500,1772651700,73497.9,72266.94285714286,73805.63928571428,TP2,0.2261168289484373,0.016748194749198825,1,0.5378179384203484,1.6354603797145353
NEARUSDT,SHORT,1772646300,1772648100,1.3205,1.355157142857143,1.3118357142857142,TP2,0.2347592745259703,0.026245469789581907,1,0.06990179087232794,-1.8731150142823842
XLMUSDT,LONG,1772649900,1772650800,0.16136,0.15786857142857144,0.16223285714285715,TP2,0.23151358428805435,0.021637509738650036,1,0.36731301939058286,1.4633590566769632
ETHUSDT,LONG,1772651700,1772652600,2180.87,2142.968571428571,2190.345357142857,TP2,0.22698376992951946,0.017379040736691612,1,0.45720620842572113,1.626642703147621
SUIUSDT,LONG,1772651700,1772652600,0.985,0.9631285714285714,0.9904678571428571,TP2,0.2319856303069889,0.022204496011602612,1,0.3499111900532854,1.7552647937218364
SOLUSDT,LONG,1772653500,1772660700,93.76,92.21285714285715,94.14678571428571,SL,-1.02424081255771,0.01650109702584105,1,0.36463536463536556,2.364828789734395
ZECUSDT,LONG,1772653500,1772654400,247.24,241.78857142857143,248.60285714285715,TP2,0.23185870020964228,0.02204913675549493,1,0.41353827963346207,2.2223857873692636
HYPEUSDT,SHORT,1772658000,1772658900,31.725,32.274,31.587750000000003,TP2,0.22688524590163606,0.017304964539007057,1,0.28883099967437215,-2.4646685123189673
NEARUSDT,SHORT,1772674200,1772675100,1.2595,1.282057142857143,1.2538607142857143,TP2,0.22766561114629513,0.01790960131571487,1,0.5529411764705863,-2.4934523553252594
LABUSDT,SHORT,1772678700,1772685000,0.18144,0.1848257142857143,0.1805935714285714,TP2,0.22856405063291346,0.01866024187452761,1,0.3057733428367784,-3.2122416978155575
ZECUSDT,SHORT,1772713800,1772717400,233.01,237.13,231.98,TP2,0.22737766990291264,0.017681644564610983,1,0.13111545988258316,-1.7485036634153341
SUIUSDT,LONG,1772714700,1772715600,0.9811,0.9648857142857142,0.9851535714285714,TP2,0.2257966519823789,0.01652663919507261,1,0.5479876160990701,1.887000243521856
TAOUSDT,LONG,1772717400,1772718300,192.4,189.27142857142857,193.18214285714288,TP2,0.22540091324201372,0.016260766260766286,1,0.484375000000002,1.9806765769850077
ETHUSDT,SHORT,1772723700,1772724600,2088.34,2121.9371428571426,2079.9407142857144,TP2,0.22513669529722238,0.0160879659716055,1,0.35864361702127673,-2.426082935277577
SOLUSDT,SHORT,1772723700,1772724600,89.74,91.32285714285715,89.3442857142857,TP2,0.22732202166065216,0.017638256550670278,1,0.3370165745856346,-2.1584725089733694
ADAUSDT,SHORT,1772724600,1772727300,0.2705,0.2751714285714286,0.26933214285714285,TP2,0.22683792048929968,0.017269606548719337,1,0.23584905660377384,-2.6966451445587163
AAVEUSDT,SHORT,1772727300,1772736300,114.49,116.76285714285714,113.9217857142857,SL,-1.0201490886235072,0.019852014524038276,1,0.42307692307692457,-3.3693807219816008
DOTUSDT,SHORT,1772727300,1772732700,1.49,1.5201428571428572,1.4824642857142858,TP2,0.2302274881516551,0.020230105465004825,1,0.3728813559322027,-3.17525531205063
ZECUSDT,SHORT,1772728200,1772732700,228.73,232.84,227.7025,TP2,0.2277391727493918,0.01796878415599182,1,0.3175416133162598,-2.8287579898320176
AVAXUSDT,SHORT,1772733600,1772739000,9.27,9.419,9.23275,SL,-1.0248859060402684,0.016073354908306383,1,0.28124999999999933,-1.971891686386487
BTCUSDT,SHORT,1772733600,1772760600,70675.1,71844.38571428572,70382.77857142857,TP2,0.22582281246182656,0.016544521539915927,1,0.3996547872880484,-1.4795892465560676
LABUSDT,SHORT,1772737200,1772738100,0.15204,0.15972285714285714,0.15011928571428573,TP2,0.24208419486797975,0.050531814935919114,1,0.644555694618273,-4.199549792830224
LABUSDT,LONG,1772787600,1772788500,0.1648,0.15822714285714287,0.1664432142857143,TP2,0.23997087589654528,0.03988384188626907,1,0.6499822506212274,2.3231558652922097
LABUSDT,LONG,1772803800,1772804700,0.16871,0.16278142857142858,0.17019214285714285,TP2,0.23861715662650484,0.03514060475710645,1,0.22780179580977733,2.808090357315043
SUIUSDT,SHORT,1772805600,1772806500,0.9187,0.9341,0.9148499999999999,TP2,0.2261376623376624,0.016762817024055767,1,0.40952380952380785,-3.00788810045453
TAOUSDT,SHORT,1772805600,1772806500,179.2,182.14285714285714,178.4642857142857,TP2,0.22564271844660438,0.01642219387755106,1,0.3049645390070925,-2.5966655646021013
AAVEUSDT,SHORT,1772806500,1772808300,112.03,113.88285714285713,111.56678571428571,TP2,0.22581464919044136,0.016538937274454508,1,0.5162454873646198,-2.2642365556195676
ADAUSDT,SHORT,1772808300,1772809200,0.2601,0.2643857142857143,0.25902857142857144,TP2,0.22572399999999673,0.016477179106936878,1,0.38285714285714156,-2.5374806711269233
DOTUSDT,SHORT,1772808300,1772809200,1.473,1.5015714285714286,1.465857142857143,TP2,0.22937799999999992,0.01939676074095619,1,0.4128440366972471,-2.049092838433046
ETHUSDT,SHORT,1772809200,1772812800,1980.32,2016.3428571428572,1971.3142857142857,TP2,0.228010406091369,0.018190422327127528,1,0.6236485975655868,-2.4012750277196093
ZECUSDT,SHORT,1772812800,1772815500,211.87,215.8057142857143,210.88607142857143,TP2,0.22846693284936664,0.018576081020032525,1,0.7017167381974245,-1.5904312824666775
LINKUSDT,SHORT,1772813700,1772819100,8.729,8.897714285714285,8.686821428571427,TP2,0.22930465707028205,0.019328019900823216,1,0.5312916111850844,-1.7746544542744147
XLMUSDT,SHORT,1772813700,1772819100,0.15091,0.1535742857142857,0.15024392857142857,TP2,0.22734327077747718,0.01765479898141742,1,0.608391608391609,-1.7467417476801899
TAOUSDT,SHORT,1772818200,1772819100,175.6,178.79999999999998,174.79999999999998,TP2,0.22805000000000442,0.018223234624145768,1,0.4333333333333358,-1.370526752175341
HYPEUSDT,LONG,1772830800,1772832600,31.054,30.544714285714285,31.181321428571426,TP2,0.22560976157082574,0.016400003680225223,1,0.6389822371579444,2.1715431268142007
LABUSDT,LONG,1772843400,1772845200,0.16785,0.16455999999999998,0.1686725,TP2,0.22959270516717328,0.019600834078045894,1,0.29875986471251487,2.159556350349528
LABUSDT,SHORT,1772865000,1772866800,0.15916,0.16301000000000002,0.1581975,TP2,0.23346389610389615,0.0241894948479518,1,0.5036112934996735,-2.5545060709235257
LABUSDT,SHORT,1772878500,1772887500,0.15665,0.15927000000000002,0.15599500000000002,TP2,0.22608396946564363,0.016725183530162828,1,0.4339622641509413,-1.129336878264922
TAOUSDT,LONG,1772895600,1772896500,185.7,182.09999999999997,186.6,TP2,0.22936666666666672,0.019386106623586488,1,0.22051282051281995,2.258296910534899
LABUSDT,SHORT,1772901000,1772903700,0.15034,0.15294428571428573,0.14968892857142857,SL,-1.02309116840373,0.01732264011098655,1,0.5722801788375556,-2.0246266090847747
TAOUSDT,SHORT,1772915400,1772916300,179.0,183.0857142857143,177.97857142857143,TP2,0.2324755244755245,0.02282521947326421,1,0.3717277486910993,-1.9112055348175736
ZECUSDT,SHORT,1772922600,1772924400,195.54,199.83142857142857,194.46714285714285,TP2,0.23177390146471372,0.021946550943175692,1,0.6326742976066577,-2.671788384697271
LABUSDT,LONG,1772944200,1772945100,0.15487,0.15186142857142856,0.15562214285714288,TP2,0.2294094966761657,0.019426431384848144,1,0.2724850099933395,2.5614515106040687
DOTUSDT,SHORT,1772983800,1772998200,1.445,1.4691428571428573,1.4389642857142857,SL,-1.0239408284023668,0.016707859614434058,1,0.183333333333333,-2.1245312457107763
NEARUSDT,SHORT,1772983800,1772985600,1.2151,1.2385000000000002,1.2092500000000002,TP2,0.22922905982905514,0.019257674265492596,1,0.3119429590017822,-2.104861594508496
SUIUSDT,SHORT,1772983800,1772988300,0.883,0.8972714285714286,0.8794321428571429,TP2,0.22525125125124934,0.01616243326322603,1,0.298804780876493,-1.8088002062668571
TAOUSDT,LONG,1772999100,1773000000,183.9,180.95714285714286,184.6357142857143,TP2,0.22500388349514802,0.01600248582304047,1,0.6212121212121235,3.0044894844437287
DOTUSDT,SHORT,1773008100,1773009000,1.44,1.4635714285714285,1.4341071428571428,TP2,0.2255636363636364,0.016369047619047644,1,0.1287128712871291,-2.0143146741218705
NEARUSDT,SHORT,1773008100,1773009000,1.2064,1.2262857142857142,1.2014285714285713,TP2,0.22573333333333612,0.016483516483516484,1,0.10683760683760679,-2.0794815042025503
LABUSDT,SHORT,1773018000,1773024300,0.15022,0.15291,0.1495475,TP2,0.22766245353159587,0.017907069631207497,1,0.2269692923898542,-2.3127417109834334
NEARUSDT,LONG,1773024300,1773026100,1.2333,1.2118714285714287,1.238657142857143,TP2,0.2269784,0.017374986968759762,1,0.13484358144552205,2.3783319677788994
TAOUSDT,LONG,1773024300,1773025200,187.9,183.28571428571428,189.05357142857144,TP2,0.23371145510836072,0.024557135254314653,1,0.21259842519685104,2.5564059277833184
AAVEUSDT,LONG,1773026100,1773035100,108.12,106.34285714285716,108.56428571428572,TP2,0.22566430868167198,0.0164367633845991,1,0.40189445196210694,3.202542908561765
ADAUSDT,LONG,1773026100,1773035100,0.2559,0.2516285714285714,0.25696785714285714,TP2,0.22603612040133125,0.01669178808686426,1,0.350000000000001,3.4563738799020034
LABUSDT,SHORT,1773029700,1773030600,0.14651,0.14913714285714286,0.1458532142857143,TP2,0.22769287656334702,0.017931491755804104,1,0.35900473933649113,-2.811078005183807
DOTUSDT,LONG,1773035100,1773036000,1.51,1.4844285714285714,1.516392857142857,TP2,0.22637988826815425,0.016934720908230824,1,0.3283582089552211,2.7582352939372146
SUIUSDT,LONG,1773036000,1773041400,0.9147,0.899042857142857,0.9186142857142857,SL,-1.0233682481751825,0.017117243748926307,1,0.33193717277486773,2.0879748768768946
HYPEUSDT,LONG,1773062100,1773063000,32.078,31.558571428571433,32.207857142857144,TP2,0.2252974697469713,0.016192673216178417,1,0.39639037433155183,2.0577193469844017
ZECUSDT,LONG,1773062100,1773063000,210.56,206.83857142857144,211.49035714285714,TP2,0.22736783109404798,0.017673957881024757,1,0.3050746268656713,2.814085978931374
TAOUSDT,LONG,1773063900,1773073800,197.7,194.0857142857143,198.60357142857143,SL,-1.0218798418972332,0.01828166775056,1,0.11999999999999955,1.9720137246084632
HYPEUSDT,LONG,1773073800,1773074700,33.563,32.47242857142857,33.83564285714286,TP2,0.23768975635315528,0.03249326426634768,1,0.5398613518197571,1.9307113560696165
SUIUSDT,LONG,1773073800,1773076500,0.9352,0.9192428571428571,0.9391892857142857,TP2,0.22655720680393746,0.017062813149211837,1,0.5134228187919476,1.2793987593592635
LABUSDT,LONG,1773076500,1773078300,0.15185,0.1491757142857143,0.15251857142857145,TP2,0.2272873931623958,0.01761136459852299,1,0.3603437691835491,2.9021958910166443
AAVEUSDT,LONG,1773084600,1773090000,108.85,107.06714285714285,109.29571428571428,SL,-1.0244214743589743,0.016379027495242476,1,0.1504761904761901,3.327471107041695
HYPEUSDT,LONG,1773084600,1773091800,34.611,33.462857142857146,34.89803571428571,TP2,0.23794191862635464,0.03317277331319101,1,0.25622366909230093,1.4411377138686075
SEIUSDT,LONG,1773084600,1773085500,0.06332,0.062264285714285716,0.06358392857142857,TP2,0.22600866035182346,0.016672682970850974,1,0.18672199170124476,3.441587730445617
NEARUSDT,SHORT,1773094500,1773095400,1.2338,1.2556,1.22835,TP2,0.2273614678899057,0.017668990111849553,1,0.040663900414936796,-1.7903058633812101
ZECUSDT,LONG,1773095400,1773097200,218.6,214.8142857142857,219.54642857142858,SL,-1.023097358490566,0.017317997647366395,1,0.28706326723323977,2.381775516775169
SEIUSDT,LONG,1773105300,1773109800,0.06545,0.06417714285714285,0.06576821428571428,TP2,0.2294320987654294,0.019447779111644664,1,0.3824756606397777,1.5448268873141553
ZECUSDT,LONG,1773109800,1773110700,219.95,216.34285714285713,220.8517857142857,TP2,0.22560950495049703,0.016399831130451764,1,0.23193197921587086,2.252270851441519
LABUSDT,SHORT,1773115200,1773119700,0.14692,0.14933999999999997,0.146315,TP2,0.22571570247933873,0.016471549142390345,1,0.31655372700871354,-1.7121496427575194
NEARUSDT,LONG,1773117000,1773117900,1.2674,1.2464714285714287,1.272632142857143,TP2,0.22577665529010513,0.016512996235262346,1,0.34679543459174555,2.1571209471926203
NEARUSDT,LONG,1773135000,1773152100,1.3127,1.2905857142857142,1.3182285714285713,SL,-1.023743927648579,0.016846412519452778,1,0.44306220095693677,2.4596622980945644
LABUSDT,SHORT,1773136800,1773137700,0.13927,0.14207857142857144,0.13856785714285716,SL,-1.01983499491353,0.020166377745181548,1,0.5934156378600821,-3.268670996663198
ZECUSDT,LONG,1773147600,1773149400,228.12,224.13,229.1175,TP2,0.2271308270676692,0.01749079431877961,1,0.5059151009046641,1.9978715774806426
HYPEUSDT,SHORT,1773152100,1773153900,34.053,34.707142857142856,33.88946428571428,SL,-1.0208229744485695,0.01920955149745565,1,0.37392725786677594,-3.263090498091854
LABUSDT,LONG,1773152100,1773153000,0.1549,0.1500657142857143,0.15610857142857143,TP2,0.23718321513002222,0.03120907497924932,1,0.33944954128440274,2.844137908943642
XLMUSDT,LONG,1773153900,1773154800,0.16367,0.16091000000000003,0.16436,TP2,0.2262797101449275,0.016863200342151868,1,0.14266304347826228,2.939751693381885
AAVEUSDT,LONG,1773154800,1773155700,114.05,112.00999999999999,114.56,TP2,0.22763725490196252,0.017886891714160455,1,0.12429378531073494,2.7905925888893335
ADAUSDT,LONG,1773154800,1773155700,0.2719,0.2666571428571428,0.27321071428571425,TP2,0.22925558583106004,0.019282299164608847,1,0.23437499999999895,3.1593872758742507
AVAXUSDT,LONG,1773155700,1773158400,9.716,9.556857142857142,9.755785714285713,TP2,0.22557917414721163,0.016379462447803316,1,0.22755227552275298,2.592552306557163
TAOUSDT,LONG,1773160200,1773161100,204.2,198.97142857142856,205.50714285714284,TP2,0.23437814207650137,0.025605149013572127,1,0.11489361702127583,2.432892733463156
SEIUSDT,LONG,1773161100,1773166500,0.06649,0.06520999999999999,0.06681,SL,-1.020778125,0.019251015190254166,1,0.13850837138508298,1.923465750256309
LABUSDT,SHORT,1773230400,1773233100,0.14352,0.14584142857142857,0.14293964285714286,SL,-1.0247296000000001,0.016174948240165615,1,0.4146757679180883,-2.9447842473483856
HYPEUSDT,LONG,1773234900,1773235800,36.011,35.327285714285715,36.18192857142857,TP2,0.22893213539489665,0.018986262134189188,1,0.6675562333206259,2.498185398363312
SEIUSDT,SHORT,1773243900,1773247500,0.06183,0.06294714285714287,0.061550714285714285,SL,-1.0221386189258312,0.018067974399852162,1,0.13364055299539213,-1.8461703359099544
SOLUSDT,LONG,1773250200,1773255600,87.62,86.12428571428572,87.99392857142857,TP2,0.22656771728748332,0.017070466625362764,1,0.3674033149171276,2.4586354403825936
TAOUSDT,LONG,1773258300,1773266400,202.6,199.02857142857144,203.49285714285713,TP2,0.22730879999999995,0.017627979128472672,1,0.218749999999998,2.9136194962968283
LABUSDT,SHORT,1773270900,1773273600,0.14669,0.14917,0.14606999999999998,TP2,0.22634032258064804,0.01690640125434597,1,0.1801510248112195,-1.9622208184908867
LABUSDT,LONG,1773287100,1773288000,0.15242,0.1498057142857143,0.15307357142857142,TP2,0.22667890710382238,0.0171518548371979,1,0.4254787676935902,2.7292948017739844
ZECUSDT,SHORT,1773291600,1773293400,204.74,208.19,203.8775,TP2,0.22626202898551134,0.016850639835889403,1,0.47570332480818267,-2.5922905478141316
HYPEUSDT,LONG,1773308700,1773311400,37.644,37.00028571428572,37.80492857142857,TP2,0.22660825565912113,0.017100050093355773,1,0.45174371451743633,1.9174507518933899
TAOUSDT,LONG,1773311400,1773312300,210.6,206.68571428571428,211.57857142857142,TP2,0.22847883211678838,0.018586351919685294,1,0.578947368421053,2.8426504045776264
ZECUSDT,LONG,1773312300,1773325800,212.18,208.66285714285715,213.05928571428572,SL,-1.0241309504467913,0.01657622234490931,1,0.5198135198135218,1.9859550412999833
LABUSDT,SHORT,1773322200,1773323100,0.1484,0.15196857142857143,0.14750785714285714,TP2,0.2333658927141752,0.024046977281478605,1,0.49023861171366667,-3.093031881881648
SUIUSDT,SHORT,1773325800,1773326700,0.9664,0.9835857142857143,0.9621035714285715,TP2,0.22750689941811977,0.017783230842005688,1,0.25925925925925736,-2.9919583757377723
ZECUSDT,SHORT,1773326700,1773333000,206.68,210.34857142857143,205.76285714285714,SL,-1.0225352024922119,0.017750006911996446,1,0.2612099644128108,-2.8105172084172976
TAOUSDT,LONG,1773333900,1773342900,216.3,210.55714285714288,217.7357142857143,SL,-1.015065671641791,0.026550425995640985,1,0.21827411167512523,2.3484952360445246
NEARUSDT,LONG,1773336600,1773338400,1.3345,1.3128428571428572,1.3399142857142856,TP2,0.2253522427440581,0.016228657067922658,1,0.19724770642201866,2.2839305998266317
LABUSDT,LONG,1773351900,1773359100,0.15913,0.15646714285714286,0.15979571428571426,SL,-1.0239036480686696,0.016733847438302855,1,0.5967741935483888,2.0456093623416822
TAOUSDT,LONG,1773361800,1773362700,220.5,216.4714285714286,221.50714285714287,TP2,0.22810638297872693,0.018270165208940696,1,0.38144329896907236,2.490344807633874
NEARUSDT,LONG,1773366300,1773369900,1.4166,1.3880000000000001,1.42375,SL,-1.0198125874125874,0.020189185373429265,1,0.6999161777032691,2.5798387169611483
SUIUSDT,LONG,1773366300,1773375300,1.026,1.0073285714285714,1.0306678571428571,TP2,0.2280198928844653,0.018198273461431394,1,0.68394437420986,2.1518130679095395
AAVEUSDT,LONG,1773367200,1773383400,115.52,113.65857142857142,115.98535714285714,SL,-1.024823944742901,0.016113474475662862,1,0.6073619631901808,2.046778331596038
LABUSDT,LONG,1773376200,1773377100,0.15932,0.15673857142857142,0.15996535714285715,TP2,0.22531289429995002,0.016202790430759277,1,0.288774635818339,2.19217006108327
LABUSDT,LONG,1773387000,1773387900,0.16865,0.16388142857142857,0.16984214285714286,TP2,0.23585320551228423,0.02827495658803097,1,0.6804664723032079,1.5356691996905651
TAOUSDT,LONG,1773395100,1773396000,238.4,233.71428571428572,239.57142857142858,TP2,0.22964878048780635,0.01965484180249278,1,0.5542857142857144,1.9974367245174338
ZECUSDT,LONG,1773404100,1773406800,219.84,215.55285714285714,220.9117857142857,TP2,0.22948843718760248,0.019501195674776473,1,0.6281540504648043,1.854536725704675
DOTUSDT,SHORT,1773416700,1773419400,1.504,1.5294285714285714,1.497642857142857,TP2,0.22634157303371225,0.01690729483282674,1,0.19047619047619047,-1.9180515205734026
NEARUSDT,LONG,1773421200,1773423000,1.367,1.3444857142857143,1.3726285714285715,TP2,0.2257131979695481,0.016469850559097103,1,0.1769815418023875,2.108217162525616
ADAUSDT,SHORT,1773423000,1773423900,0.2696,0.2739142857142857,0.2685214285714286,TP2,0.22500397350993373,0.01600254345061464,1,0.33658536585365817,-1.5927833961683764
SUIUSDT,SHORT,1773423000,1773423900,1.0027,1.0201714285714285,0.9983321428571428,TP2,0.22704366312346683,0.017424382738035826,1,0.49999999999999856,-1.7853804376913749
AVAXUSDT,SHORT,1773423900,1773424800,9.771,9.927714285714286,9.731821428571429,TP2,0.22506034639927353,0.016038715148325184,1,0.36478711162255495,-1.658961283619217
TAOUSDT,LONG,1773444600,1773447300,238.4,233.32857142857145,239.66785714285714,SL,-1.0188033802816903,0.02127277085330775,1,0.3084112149532716,3.100760390136631
TAOUSDT,LONG,1773457200,1773458100,240.4,234.61428571428573,241.84642857142856,TP2,0.23337975308641729,0.024067031138578505,1,0.307984790874524,1.9488340011900451
LABUSDT,LONG,1773459000,1773459900,0.17507,0.17091285714285714,0.17610928571428572,TP2,0.23315477663230239,0.023745603799296595,1,0.26127320954907185,2.217342933954113
TAOUSDT,SHORT,1773474300,1773475200,235.0,240.07142857142856,233.73214285714286,TP2,0.23146478873239434,0.02158054711246199,1,0.19852941176470595,-2.1446099489410724
LABUSDT,LONG,1773485100,1773486900,0.1842,0.17986,0.185285,TP2,0.23302304147465439,0.02356134636264931,1,0.36899455175829604,1.9949250503938185
LABUSDT,LONG,1773504000,1773505800,0.19104,0.18491571428571427,0.1925710714285714,TP2,0.23752246326102056,0.03205760947595118,1,0.28292682926829205,2.1723471877601455
HYPEUSDT,LONG,1773505800,1773506700,38.385,37.742,38.54575,TP2,0.22612130637636077,0.01675133515696232,1,0.4977834072197645,1.7610294771178068
TAOUSDT,LONG,1773525600,1773526500,246.6,242.48571428571427,247.62857142857143,TP2,0.2260250000000018,0.01668404588112623,1,0.4764397905759147,2.828324003867242
LABUSDT,LONG,1773531900,1773532800,0.19311,0.18911857142857144,0.19410785714285714,TP2,0.23064753042233183,0.020669196682867663,1,0.23150033944331197,2.6477283993568075
TAOUSDT,LONG,1773537300,1773538200,255.3,247.67142857142858,257.20714285714286,TP2,0.23661348314606556,0.029880812489508142,1,0.4504249291784695,2.3736815164801355
ZECUSDT,LONG,1773549900,1773550800,221.57,217.07857142857142,222.69285714285712,TP2,0.230267302798979,0.020270923732583684,1,0.402179062055896,2.055299870589648
LABUSDT,LONG,1773566100,1773571500,0.20452,0.19964714285714286,0.2057382142857143,SL,-1.0167885077689827,0.023825822134056065,1,0.4385809312638565,3.018136688776139
TAOUSDT,LONG,1773585900,1773587700,272.2,264.45714285714286,274.13571428571424,TP2,0.23593800738007012,0.02844547076729292,1,0.2516556291390718,2.822424096128167
LABUSDT,LONG,1773586800,1773587700,0.20603,0.20080142857142858,0.20733714285714283,TP2,0.23423814207650004,0.02537771891749462,1,0.14247311827956916,2.3851396112384307
TAOUSDT,LONG,1773597600,1773598500,280.0,271.7,282.075,TP2,0.23650602409638383,0.029642857142857127,1,0.3822222222222205,1.6235428455612266
LABUSDT,SHORT,1773603000,1773603900,0.19433,0.19914714285714286,0.1931257142857143,TP2,0.23386346381969159,0.02478846733465168,1,0.44444444444444475,-3.3637096424139097
ZECUSDT,LONG,1773612000,1773612900,232.85,228.4242857142857,233.95642857142857,TP2,0.22895480955455294,0.019006717997484594,1,0.4560570071258918,3.6222525567147534
ADAUSDT,LONG,1773632700,1773634500,0.2781,0.2734285714285714,0.2792678571428572,TP2,0.2261871559633058,0.016797657574356636,1,0.30894308943089555,3.654188083663811
AVAXUSDT,LONG,1773632700,1773635400,10.303,10.133428571428572,10.345392857142858,TP2,0.22569637742207507,0.016458451768555635,1,0.34800838574423665,3.7239873491896622
NEARUSDT,LONG,1773632700,1773635400,1.3957,1.371342857142857,1.4017892857142857,TP2,0.22707941348973837,0.017451560404917157,1,0.35820895522388035,2.7467122092608505
DOTUSDT,LONG,1773637200,1773639000,1.523,1.496142857142857,1.5297142857142856,TP2,0.2273170212765937,0.01763436825813715,1,0.7054263565891458,2.6402116246871623
LABUSDT,SHORT,1773637200,1773639900,0.19579,0.19944714285714285,0.1948757142857143,TP2,0.2285854687499962,0.01867890524103813,1,0.25284450063211145,-1.9009703080382332
ETHUSDT,LONG,1773640800,1773650700,2279.41,2242.5242857142857,2288.6314285714284,SL,-1.0247186212238575,0.01618213234377068,1,0.7831209754760936,1.5283682033592951
SUIUSDT,LONG,1773640800,1773645300,1.064,1.046457142857143,1.0683857142857143,TP2,0.2257394136807786,0.01648764769065521,1,0.6578947368421072,1.7689413285538718
ADAUSDT,LONG,1773643500,1773648900,0.2911,0.2842428571428572,0.29281428571428575,TP2,0.23301916666666866,0.02355596996613831,1,0.7021276595744667,1.6354279078027407
TAOUSDT,SHORT,1773644400,1773652500,272.4,278.4285714285714,270.8928571428571,SL,-1.0180739336492892,0.022131319488147647,1,0.13725490196078569,-1.723579820867709
DOTUSDT,LONG,1773648900,1773649800,1.605,1.563,1.6155,TP2,0.2347142857142844,0.026168224299065443,1,0.752475247524753,1.547330807611483
LABUSDT,SHORT,1773648900,1773650700,0.19131,0.19455857142857144,0.19049785714285716,TP2,0.22644379947229126,0.01698066712964001,1,0.634323432343235,-1.5832282148199597
TAOUSDT,LONG,1773654300,1773655200,285.8,280.0857142857143,287.22857142857146,TP2,0.22999400000000245,0.019994001799460107,1,0.30612244897959184,3.066142059380264
LABUSDT,LONG,1773668700,1773669600,0.20285,0.1965414285714286,0.20442714285714286,TP2,0.23713813405797213,0.03109968660868339,1,0.35894283958205225,3.1530820492898206
TAOUSDT,LONG,1773669600,1773670500,296.9,286.84285714285716,299.4142857142857,TP2,0.2381914772727301,0.03387383919549628,1,0.4055299539170496,2.14242085670239
ZECUSDT,LONG,1773677700,1773678600,236.5,231.91571428571427,237.64607142857142,TP2,0.2293642879401652,0.019383871942011497,1,0.35348084187803785,2.6039366668928574
LABUSDT,SHORT,1773678600,1773679500,0.18531,0.19510857142857144,0.18286035714285714,TP2,0.24243522379355592,0.052876646854305896,1,0.12447552447552403,-1.7248503922628828
NEARUSDT,LONG,1773678600,1773680400,1.4385,1.4078999999999997,1.4461499999999998,TP2,0.23119607843136897,0.021272158498435934,1,0.3851294903926462,2.139281655844599
XRPUSDT,LONG,1773684000,1773684900,1.5178,1.4934428571428573,1.5238892857142858,TP2,0.22507425219941796,0.0160476629708412,1,0.3751205400192845,1.607264380762293
TAOUSDT,SHORT,1773686700,1773687600,276.8,283.7142857142857,275.07142857142856,TP2,0.23398677685950828,0.02497935590421144,1,0.6504854368931997,-2.107017293920365
ZECUSDT,LONG,1773688500,1773689400,271.52,261.24,274.09,TP2,0.23943501945525292,0.0378609310548026,1,0.8270381836945314,1.8276000848317118
HYPEUSDT,LONG,1773693900,1773694800,40.078,39.41957142857143,40.242607142857146,TP2,0.22565233239314392,0.016428678362906672,1,0.4302087597216549,2.8303242276582887
ZECUSDT,LONG,1773699300,1773703800,286.97,277.1,289.43750000000006,TP2,0.2383700101317152,0.03439383907725556,1,0.701426190035193,1.8016289857957972
NEARUSDT,LONG,1773701100,1773702000,1.4996,1.4731571428571428,1.5062107142857144,TP2,0.22731561318206592,0.017633273634874106,1,0.49062500000000014,2.0346811353209633
LABUSDT,LONG,1773702900,1773705600,0.20508,0.2004571428571429,0.2062357142857143,SL,-1.017744870210136,0.02254172587700963,1,0.3412908930150299,2.5827282390772526
XRPUSDT,LONG,1773711000,1773715500,1.5733,1.5472857142857142,1.5798035714285714,TP2,0.2258086765513475,0.016534853946663514,1,0.38932496075353196,2.630986603682318
TAOUSDT,LONG,1773715500,1773721800,284.8,278.4571428571429,286.3857142857143,SL,-1.0179603603603604,0.02227126805778484,1,0.18095238095238003,1.9222097273345127
SUIUSDT,SHORT,1773717300,1773718200,1.0451,1.0652714285714284,1.0400571428571428,TP2,0.22927563739376774,0.019300955479311648,1,0.35883014623171977,-1.7054876612897465
ADAUSDT,SHORT,1773719100,1773722700,0.2853,0.29019999999999996,0.284075,TP2,0.22671020408162973,0.01717490361023478,1,0.2337164750957861,-3.1073753232622012
XLMUSDT,SHORT,1773722700,1773732600,0.17366,0.17672857142857146,0.17289285714285715,SL,-1.0226372439478584,0.01766999555782239,1,0.12834821428571394,-2.183793744667703
TAOUSDT,SHORT,1773726300,1773729000,273.9,281.4,272.025,SL,-1.014608,0.02738225629791895,1,0.18064516129032265,-3.010520232379545
HYPEUSDT,LONG,1773729000,1773729900,41.309,40.62842857142857,41.479142857142854,TP2,0.22572099076406382,0.01647513686052504,1,0.22840454964647933,3.044739147347545
ZECUSDT,LONG,1773743400,1773745200,272.84,267.4914285714285,274.1771428571428,TP2,0.22959529914529653,0.019603325863405092,1,0.40934579439252555,2.2477025698969775
HYPEUSDT,SHORT,1773760500,1773762300,40.166,40.88328571428571,39.98667857142857,TP2,0.22760111531567165,0.01785803202424221,1,0.24068041983351415,-2.1975774466945803
TAOUSDT,SHORT,1773760500,1773767700,270.8,276.3,269.425,SL,-1.0196945454545454,0.02031019202363365,1,0.5312499999999997,-2.100924610287562
ZECUSDT,LONG,1773769500,1773770400,272.92,267.9814285714286,274.15464285714285,TP2,0.22789482210008102,0.018095307887188286,1,0.21041879468845862,2.818018973233959
TAOUSDT,LONG,1773770400,1773771300,279.5,274.64285714285717,280.7142857142857,TP2,0.22698235294117938,0.01737797086634293,1,0.12169312169311944,2.268305697303512
LABUSDT,SHORT,1773774000,1773775800,0.19872,0.2030357142857143,0.19764107142857143,TP2,0.23158172790466894,0.021717563837129045,1,0.269636576787807,-2.7528824301672947
TAOUSDT,SHORT,1773791100,1773792000,276.0,280.54285714285714,274.8642857142857,TP2,0.22569811320755023,0.016459627329192525,1,0.23265306122449095,-1.9632305643985744
ZECUSDT,SHORT,1773791100,1773793800,270.69,275.68857142857144,269.4403571428571,TP2,0.22833861103172615,0.018466036530981646,1,0.3623331685615381,-2.0714359809321246
LABUSDT,LONG,1773796500,1773804600,0.20475,0.1996742857142857,0.20601892857142856,SL,-1.016135660005629,0.02478981336124194,1,0.46080090242526706,2.1016647488393216
ZECUSDT,LONG,1773800100,1773801000,277.96,272.53999999999996,279.315,TP2,0.22948634686347122,0.01949920851921137,1,0.132391879964695,2.1593004187991744
TAOUSDT,SHORT,1773803700,1773810900,273.9,279.07142857142856,272.60714285714283,SL,-1.021185635359116,0.018880717675898426,1,0.19844357976653662,-2.190195231755811
LABUSDT,SHORT,1773806400,1773809100,0.19845,0.20204285714285714,0.1975517857142857,TP2,0.22790616302187075,0.01810459633588888,1,0.1969339622641518,-2.1237799702742284
LABUSDT,SHORT,1773822600,1773827100,0.19416,0.19758285714285714,0.1933042857142857,SL,-1.022689816360601,0.017629054093825442,1,0.40350877192982443,-2.1819764992546946
ZECUSDT,LONG,1773829800,1773831600,283.04,278.40000000000003,284.20000000000005,SL,-1.0244,0.016393442622950827,1,0.1442055584687988,2.368087909792932
TAOUSDT,SHORT,1773889200,1773890100,263.0,268.15714285714284,261.7107142857143,TP2,0.22960110803324096,0.019608908202064075,1,0.17699115044247682,-2.240404613793828
ZECUSDT,SHORT,1773897300,1773898200,247.09,251.75142857142856,245.92464285714286,TP2,0.22879705792215901,0.018865306452825168,1,0.23671497584541068,-1.8973289859915792
LABUSDT,SHORT,1773903600,1773904500,0.19645,0.20017714285714286,0.1955182142857143,TP2,0.22891682637025496,0.018972475729920373,1,0.13651498335183285,-2.9896513676568524
HYPEUSDT,SHORT,1773904500,1773905400,40.45,41.10814285714286,40.28546428571429,TP2,0.22541567180377417,0.016270527988698567,1,0.25219858156028313,-3.2247571083716524
TAOUSDT,SHORT,1773904500,1773905400,254.8,259.12857142857143,253.71785714285716,TP2,0.22645412541254134,0.01698811392688949,1,0.43609022556390903,-2.273445911843384
ZECUSDT,SHORT,1773909000,1773912600,241.22,245.83714285714285,240.06571428571428,SL,-1.0208977722772277,0.019140796190792026,1,0.5094679891794412,-1.7961130929596016
LABUSDT,SHORT,1773920700,1773923400,0.194,0.1978042857142857,0.19304892857142858,TP2,0.22960195268494174,0.019609720176730436,1,0.13872522763792147,-2.6808407613488927
HYPEUSDT,SHORT,1773925200,1773926100,38.865,39.49157142857143,38.708357142857146,TP2,0.22518878248973723,0.016121740089320158,1,0.2948870392390006,-2.5771203527944193
TAOUSDT,SHORT,1773926100,1773928800,243.5,247.5857142857143,242.47857142857143,SL,-1.0238391608391608,0.016779114109709625,1,0.4494382022471936,-2.386011879450581
ZECUSDT,SHORT,1773926100,1773927900,237.46,241.31428571428572,236.49642857142857,TP2,0.22535626389918828,0.0162313051220657,1,0.1928205128205118,-2.7241252505293834
ZECUSDT,SHORT,1773938700,1773939600,232.93,237.84,231.70250000000001,TP2,0.2310240325865566,0.021079294208560515,1,0.4918681318681318,-1.6455669131180166
TAOUSDT,LONG,1773954000,1773954900,262.6,257.0,264.0,TP2,0.23124285714285206,0.021325209444021317,1,0.5365079365079366,2.937799470786691
TAOUSDT,LONG,1773964800,1773965700,282.4,272.4142857142857,284.89642857142854,TP2,0.23868783977110158,0.035360178065560494,1,0.6218487394958,1.787196109543025
TAOUSDT,LONG,1773980100,1773981000,294.3,285.2142857142857,296.5714285714286,TP2,0.2370433962264182,0.030872287753021737,1,0.33891213389121305,3.148711065892774
HYPEUSDT,LONG,1773993600,1773994500,40.332,39.657428571428575,40.50064285714286,TP2,0.2260843710292249,0.016725464360096913,1,0.29351184346035186,2.7303292418527674
ZECUSDT,LONG,1773994500,1773998100,239.55,235.57142857142858,240.54464285714286,SL,-1.0240840215439857,0.016608521931001544,1,0.1399999999999998,2.202015440512119
ZECUSDT,LONG,1774023300,1774024200,237.87,232.77857142857144,239.14285714285714,TP2,0.23131212121211983,0.021404248419004387,1,0.13412563667232655,2.8281878314899447
TAOUSDT,SHORT,1774028700,1774032300,271.4,278.1428571428571,269.71428571428567,TP2,0.23390000000000422,0.024844720496894405,1,0.23124999999999846,-2.442058228456666
TAOUSDT,SHORT,1774039500,1774043100,264.7,271.5285714285714,262.99285714285713,SL,-1.015505439330544,0.025797398672351396,1,0.4410774410774412,-1.79127298126881
HYPEUSDT,LONG,1774044900,1774045800,39.712,39.00414285714286,39.88896428571429,TP2,0.22755931382441733,0.017824766893058636,1,0.16843501326260124,2.0977521970028414
LABUSDT,SHORT,1774053900,1774054800,0.18216,0.18576857142857142,0.18125785714285714,TP2,0.22980807600949926,0.01980990024468284,1,0.608374384236452,-1.8163995403520976
LABUSDT,LONG,1774108800,1774109700,0.20089,0.19607285714285716,0.20209428571428573,TP2,0.23331874258600238,0.023979007701442883,1,0.4133333333333316,3.5938252744384025
LABUSDT,LONG,1774124100,1774125900,0.21528,0.2086542857142857,0.21693642857142856,TP2,0.237003363518756,0.030777193820672084,1,0.8635189966801925,1.2924075520524678
TAOUSDT,SHORT,1774137600,1774138500,267.9,272.37142857142857,266.78214285714284,TP2,0.22603450479232912,0.016690662827281006,1,0.27160493827160725,-2.932001277932823
ZECUSDT,SHORT,1774137600,1774138500,219.8,223.3857142857143,218.90357142857144,TP2,0.22548047808764943,0.016313531782139623,1,0.758706467661692,-3.4990432808282477
TAOUSDT,LONG,1774145700,1774146600,278.4,270.7571428571428,280.31071428571425,TP2,0.23542953271027858,0.02745279146141227,1,0.12786885245901564,1.7659642705098657
LABUSDT,LONG,1774158300,1774162800,0.21636,0.21153999999999998,0.217565,TP2,0.23204481327800977,0.02227768533924943,1,0.2022471910112375,1.9827259668685568
TAOUSDT,SHORT,1774168200,1774174500,270.0,275.0,268.75,TP2,0.22839999999999996,0.01851851851851849,1,0.23469387755102045,-2.6727563532009957
LABUSDT,LONG,1774173600,1774174500,0.23162,0.22372571428571428,0.23359357142857143,TP2,0.23826391603329802,0.03408291906694465,1,0.5160098522167477,1.6781137057082591
TAOUSDT,SHORT,1774206000,1774207800,264.7,269.0285714285714,263.61785714285713,TP2,0.22553927392739279,0.016352744346699803,1,0.5319148936170204,-2.5820473232505448
LABUSDT,SHORT,1774208700,1774215000,0.21626,0.22384142857142858,0.21436464285714285,TP2,0.2385900131901281,0.035057008098717174,1,0.22394933793897556,-3.24874898959604
TAOUSDT,LONG,1774233000,1774237500,273.6,268.0,275.0,TP2,0.23045714285713778,0.020467836257309937,1,0.4051724137931071,3.1768754380666526
TAOUSDT,LONG,1774243800,1774246500,278.8,272.98571428571427,280.25357142857143,SL,-1.019180343980344,0.020854683336749356,1,0.4370860927152299,1.8932155207025636
LABUSDT,SHORT,1774246500,1774251900,0.21003,0.21390142857142858,0.20906214285714286,SL,-1.021700516605166,0.018432740900959754,1,0.28266812465828406,-2.8127188928406195
ZECUSDT,SHORT,1774251000,1774256400,217.79,221.74,216.80249999999998,TP2,0.22794531645569802,0.018136737223931335,1,0.10961737331954537,-1.6158947120400764
LABUSDT,SHORT,1774257300,1774258200,0.2053,0.20993714285714288,0.2041407142857143,TP2,0.2322908194701186,0.022587154686521494,1,0.436210131332082,-2.896617976786163
TAOUSDT,SHORT,1774258200,1774259100,265.9,271.69999999999993,264.45,TP2,0.23166206896551716,0.02181271154569379,1,0.13091922005571027,-1.6962085205201638
AAVEUSDT,LONG,1774264500,1774265400,110.52,108.65285714285714,110.98678571428572,TP2,0.2263231828615187,0.016894162659634945,1,0.3143350604490494,4.06129717439258
ADAUSDT,LONG,1774264500,1774265400,0.2615,0.2573,0.26255,SL,-1.0249047619047618,0.016061185468451325,1,0.4297188755020089,4.182533227497278
AVAXUSDT,LONG,1774264500,1774265400,9.45,9.289142857142856,9.490214285714284,TP2,0.22650088809946153,0.017021919879062677,1,0.35294117647059065,4.128023804796869
TAOUSDT,LONG,1774273500,1774275300,288.0,277.5857142857143,290.6035714285714,TP2,0.23893827160493553,0.03616071428571422,1,0.5094339622641516,1.688853951786394
XLMUSDT,LONG,1774273500,1774274400,0.165,0.1614314285714286,0.16589214285714288,TP2,0.23150520416333456,0.021627705627705628,1,0.6201497617426827,1.464998360729795
AVAXUSDT,LONG,1774275300,1774281600,9.715,9.44742857142857,9.781892857142857,SL,-1.0145232247730913,0.027542092493199017,1,0.6914393226716818,1.6803617392588068
XRPUSDT,LONG,1774275300,1774278000,1.4467,1.4136428571428574,1.4549642857142857,TP2,0.2324945548833172,0.022850033080212048,1,0.5845697329376898,1.4717780352153391
ADAUSDT,LONG,1774278900,1774281600,0.2657,0.2613142857142857,0.26679642857142855,SL,-1.0242332247557002,0.016506263777622484,1,0.6141732283464574,1.333287764880853
SUIUSDT,LONG,1774278900,1774281600,0.9686,0.9511285714285714,0.9729678571428572,SL,-1.0221756336876533,0.01803781599362852,1,0.5936395759717326,1.302446518126478
TAOUSDT,LONG,1774313100,1774314000,297.6,290.1714285714286,299.45714285714286,TP2,0.2339753846153808,0.02496159754224273,1,0.3586005830903816,2.638725112247139
LABUSDT,LONG,1774314000,1774315800,0.2127,0.20705714285714286,0.2141107142857143,TP2,0.23492253164557084,0.026529652763785348,1,0.38517707192405903,2.61114977374939
ZECUSDT,SHORT,1774321200,1774324800,225.25,229.01857142857142,224.30785714285713,SL,-1.0239082638362396,0.016730616775011888,1,0.1594014313597916,-2.21097150933264
TAOUSDT,LONG,1774324800,1774325700,313.5,303.3571428571429,316.0357142857143,TP2,0.23763661971830982,0.03235361130097965,1,0.6105769230769239,2.1803891150556627
TAOUSDT,LONG,1774339200,1774344600,318.4,309.97142857142853,320.5071428571428,SL,-1.0151105084745762,0.026471643933955496,1,0.32101616628175417,2.248286340322237
LABUSDT,SHORT,1774340100,1774341000,0.20426,0.20920714285714284,0.2030232142857143,TP2,0.2334846087207609,0.024219831866948247,1,0.1500208942749692,-2.4045764151941196
ZECUSDT,SHORT,1774364400,1774365300,223.85,227.60571428571427,222.91107142857143,TP2,0.22615899581589766,0.016777816777816756,1,0.5929878048780474,-1.8591910947251788
HYPEUSDT,LONG,1774365300,1774366200,39.004,38.235571428571426,39.196107142857144,TP2,0.22969674660718067,0.019701276059598302,1,0.24056448966196078,2.197180861561361
TAOUSDT,LONG,1774368900,1774371600,315.8,306.37142857142857,318.15714285714284,TP2,0.23660242424242123,0.029856147652221166,1,0.2910052910052914,2.07225296474268
LABUSDT,SHORT,1774377000,1774377900,0.19293,0.19624,0.19210249999999998,TP2,0.22668519637462442,0.01715648162545999,1,0.38257357184074,-2.2745625868030244
TAOUSDT,LONG,1774383300,1774384200,332.0,321.62857142857143,334.59285714285716,TP2,0.23719559228650278,0.031239242685025828,1,0.5,2.0972413579047164
HYPEUSDT,LONG,1774384200,1774386900,40.141,39.449999999999996,40.31375,TP2,0.22676353111432707,0.017214319523679043,1,0.17553360942975288,2.1675137320775524
ZECUSDT,LONG,1774386000,1774386900,234.79,230.9742857142857,235.74392857142857,TP2,0.22538704605017035,0.016251604777521543,1,0.45537757437070775,2.8322649003308826
TAOUSDT,LONG,1774397700,1774398600,341.6,330.87142857142857,344.2821428571429,TP2,0.2372639147802943,0.03140682502509206,1,0.2793834296724477,2.4636903707662583
ZECUSDT,LONG,1774397700,1774401300,245.27,239.22000000000003,246.7825,TP2,0.23378380165289137,0.02466669384759649,1,0.6536585365853658,1.5003527113961896
LABUSDT,LONG,1774417500,1774418400,0.20098,0.19751857142857143,0.20184535714285715,TP2,0.2267749071399132,0.01722275137540338,1,0.18205260443527627,2.7204512729561467
TAOUSDT,LONG,1774422900,1774424700,343.5,335.27142857142854,345.5571428571429,TP2,0.2333020833333351,0.023955084217093033,1,0.2464454976303333,2.440590086281884
TAOUSDT,LONG,1774435500,1774436400,355.9,347.5857142857143,357.9785714285714,TP2,0.23287766323024053,0.023361297314654972,1,0.5111111111111089,2.0930627399490893
LABUSDT,SHORT,1774452600,1774458000,0.19546,0.20002571428571428,0.19431857142857142,TP2,0.23287584480600748,0.023358816564587537,1,0.18694638694638632,-1.9891159267322827
TAOUSDT,LONG,1774459800,1774465200,371.9,360.0,374.875,SL,-1.0125008403361344,0.031997848884108594,1,0.42059336823734716,1.8368816194614908
TAOUSDT,SHORT,1774474200,1774476000,345.2,355.9142857142857,342.52142857142854,TP2,0.23711253333333465,0.031037907631186867,1,0.3528265107212483,-1.5436483580685216
TAOUSDT,LONG,1774488600,1774494900,359.4,349.2571428571428,361.93571428571425,SL,-1.0141735211267606,0.02822163924000325,1,0.20973782771535457,2.8763762529274333
LABUSDT,LONG,1774497600,1774500300,0.19979,0.19607285714285713,0.2007192857142857,TP2,0.22850069177555735,0.01860524979800226,1,0.46832135858915397,2.0733258893963535
LABUSDT,SHORT,1774510200,1774537200,0.19095,0.19552714285714287,0.1898057142857143,TP2,0.23331273408239553,0.02397037369543268,1,0.36506329113924024,-2.6160898483898265
LABUSDT,SHORT,1774544400,1774560600,0.18558,0.18898714285714285,0.1847282142857143,SL,-1.0217871698113208,0.018359429125675477,1,0.4222222222222212,-1.72985524154248
TAOUSDT,SHORT,1774588500,1774589400,334.0,341.1142857142857,332.2214285714286,TP2,0.23122088353413453,0.021300256629597926,1,0.1326530612244903,-2.0608483614821353
LABUSDT,LONG,1774596600,1774597500,0.19061,0.18748,0.1913925,TP2,0.22564089456868783,0.016420964272598468,1,0.19790986283474934,2.9712220437974444
TAOUSDT,SHORT,1774601100,1774602900,328.5,334.8285714285714,326.91785714285714,TP2,0.2292370203160271,0.019265057621222034,1,0.31986531986531935,-2.9248000693286103
ZECUSDT,SHORT,1774608300,1774609200,216.23,219.87142857142857,215.31964285714284,TP2,0.22624778344448992,0.016840533558842737,1,0.3874261149919406,-2.2448855078935384
HYPEUSDT,SHORT,1774609200,1774624500,37.995,38.625142857142855,37.83746428571428,SL,-1.0241183405123555,0.016584888989152714,1,0.20688613711869638,-2.837315602745941
TAOUSDT,SHORT,1774614600,1774615500,319.3,327.6142857142857,317.2214285714286,TP2,0.23463848797250855,0.02603910339582116,1,0.35135135135135076,-1.9962845438321237
LABUSDT,LONG,1774626300,1774627200,0.19658,0.1923557142857143,0.19763607142857142,TP2,0.23138572877916644,0.021488888565905563,1,0.2967254408060443,2.444407952517991
TAOUSDT,SHORT,1774644300,1774646100,320.2,326.75714285714287,318.56071428571425,TP2,0.23046710239651633,0.02047827250825376,1,0.2818991097922845,-2.0414874493922555
TAOUSDT,SHORT,1774660500,1774667700,310.8,316.3285714285715,309.41785714285714,SL,-1.0224868217054264,0.01778819635962498,1,0.5894736842105275,-2.149711973461572
LABUSDT,LONG,1774669500,1774675800,0.20688,0.2023557142857143,0.20801107142857145,TP2,0.23170937796021776,0.02186913048281958,1,0.26519634211942045,2.4043977994808077
TAOUSDT,LONG,1774682100,1774683000,322.4,316.98571428571427,323.7535714285714,TP2,0.2261815303430026,0.016793690180786896,1,0.3672727272727268,2.162939443880238
LABUSDT,LONG,1774686600,1774687500,0.22008,0.21376142857142857,0.22165964285714285,TP2,0.23606773683020463,0.028710339097471047,1,0.5113505194305514,1.44971473384541
TAOUSDT,SHORT,1774693800,1774698300,313.0,319.2,311.45,SL,-1.0201935483870967,0.01980830670926514,1,0.14516129032258115,-1.9364630274128098
LABUSDT,LONG,1774707300,1774708200,0.2212,0.21665857142857145,0.22233535714285715,TP2,0.23051714375589963,0.020530870576078525,1,0.27862829148805757,2.145333554490312
LABUSDT,SHORT,1774791900,1774792800,0.20844,0.21331,0.20722249999999998,TP2,0.23287967145790703,0.02336403761274232,1,0.5449883449883439,-4.047128857658972
TAOUSDT,SHORT,1774824300,1774825200,308.9,314.04285714285714,307.6142857142857,SL,-1.0240255555555555,0.01664893863016233,1,0.27819548872180616,-3.384912810881258
ZECUSDT,SHORT,1774825200,1774826100,212.84,216.6457142857143,211.88857142857142,TP2,0.2276294294294313,0.01788063468198778,1,0.2818991097922865,-2.4498422776811557
AAVEUSDT,LONG,1774830600,1774836000,96.85,95.24428571428571,97.25142857142856,TP2,0.22587366548042487,0.01657939376060185,1,0.2710280373831767,2.7753424942266336
DOTUSDT,LONG,1774830600,1774836900,1.275,1.2535714285714286,1.2803571428571427,TP2,0.22619999999999985,0.016806722689075522,1,0.2839506172839524,2.3697969182920176
NEARUSDT,LONG,1774830600,1774836900,1.1776,1.157657142857143,1.1825857142857144,TP2,0.22638051575931784,0.01693517080745338,1,0.2878179384203491,1.9997445534441718
ADAUSDT,LONG,1774836900,1774839600,0.2451,0.24104285714285717,0.24611428571428573,TP2,0.22583521126760733,0.01655301043305938,1,0.25786163522012623,2.049028604172291
TAOUSDT,LONG,1774837800,1774838700,329.1,322.3571428571429,330.78571428571433,TP2,0.230477118644072,0.0204887789208664,1,0.3264248704663226,2.0661733248003524
LABUSDT,LONG,1774839600,1774840500,0.21605,0.21199428571428572,0.21706392857142856,TP2,0.22869179288481858,0.01877210963070716,1,0.3795379537953789,2.22670586574622
LABUSDT,LONG,1774851300,1774854900,0.22277,0.21787,0.223995,TP2,0.23181469387755246,0.02199578040131077,1,0.5212393803098441,3.068038920604868
TAOUSDT,SHORT,1774851300,1774852200,318.1,324.51428571428573,316.4964285714286,TP2,0.23016302895322494,0.020164368796874287,1,0.10975609756097415,-1.9086748219072434
ZECUSDT,LONG,1774857600,1774858500,230.0,226.25857142857143,230.93535714285713,TP2,0.22541046200839632,0.016267080745341597,1,0.6136363636363603,2.3121982073350367
TAOUSDT,SHORT,1774881000,1774886400,308.5,313.7857142857143,307.17857142857144,SL,-1.023345945945946,0.017133595739754547,1,0.38947368421052747,-2.615891369573776
TAOUSDT,SHORT,1774891800,1774904400,306.7,312.2142857142857,305.32142857142856,SL,-1.0222476683937824,0.0179794121756952,1,0.4621212121212111,-1.5637186938977188
ZECUSDT,LONG,1774907100,1774908900,230.16,226.2942857142857,231.12642857142856,TP2,0.22618447893569665,0.01679576940265161,1,0.3209580838323352,2.534140656571077
ZECUSDT,LONG,1774924200,1774931400,232.65,228.55714285714285,233.6732142857143,SL,-1.022737172774869,0.017592336741272932,1,0.14203894616265686,2.382739152103054
LABUSDT,LONG,1774942200,1774945800,0.22839,0.22468000000000002,0.2293175,SL,-1.024624258760108,0.016244143789132585,1,0.6771196283391424,2.072260051586109
ZECUSDT,LONG,1774945800,1774949400,234.65,230.80857142857144,235.61035714285714,SL,-1.0244336184455187,0.01637088673099754,1,0.27566964285714246,2.9265951634056875
LABUSDT,SHORT,1775009700,1775018700,0.20787,0.2112557142857143,0.20702357142857142,SL,-1.024558481012658,0.016287652310166458,1,0.32846715328467074,-2.191833129214042
SEIUSDT,LONG,1775013300,1775018700,0.05181,0.05073857142857143,0.05207785714285715,TP2,0.2306576000000032,0.02067995698568947,1,0.3981042654028424,2.098405010411627
ZECUSDT,SHORT,1775016900,1775021400,241.41,245.60285714285715,240.3617857142857,SL,-1.0230305962521296,0.017368199920703938,1,0.30658436213991946,-2.3699998708834213
SEIUSDT,LONG,1775024100,1775025000,0.05429,0.053119999999999994,0.0545825,TP2,0.23143931623931627,0.02155093018972189,1,0.5570698466780235,2.386906880260782
TAOUSDT,LONG,1775027700,1775033100,316.8,311.4714285714286,318.13214285714287,SL,-1.0237812332439677,0.016819985569985547,1,0.6347826086956563,2.16720591267952
LABUSDT,SHORT,1775034900,1775035800,0.20539,0.20890285714285714,0.2045117857142857,TP2,0.2266127694184668,0.017103350420454525,1,0.2593350383631729,-2.9370503218724
TAOUSDT,LONG,1775053800,1775054700,322.1,316.0714285714286,323.6071428571429,TP2,0.22862843601895966,0.018716458952410513,1,0.5166666666666657,3.1737469895888784
LABUSDT,SHORT,1775055600,1775061000,0.2023,0.20558142857142858,0.20147964285714287,SL,-1.024659991292991,0.016220605889414545,1,0.1109445277361327,-2.1328107639830014
HYPEUSDT,SHORT,1775064600,1775065500,36.413,37.01857142857143,36.26160714285714,TP2,0.22594800660533437,0.016630638194365426,1,0.28991463800189904,-2.1346181751421796
ZECUSDT,LONG,1775072700,1775074500,253.95,249.86571428571426,254.9710714285714,TP2,0.22512906610702696,0.016083030967850815,1,0.6086474501108644,2.7533313341810866
SOLUSDT,SHORT,1775074500,1775075400,82.98,84.38714285714286,82.6282142857143,TP2,0.22641177664974366,0.016957614571497425,1,0.07096774193548364,-1.6782867211097612
TAOUSDT,SHORT,1775074500,1775075400,310.0,315.85714285714283,308.5357142857143,TP2,0.22882926829268538,0.01889400921658986,1,0.4824281150159776,-2.224482435028048
SEIUSDT,SHORT,1775093400,1775094300,0.05308,0.05406142857142857,0.05283464285714286,TP2,0.22836622998544573,0.018489611368285072,1,0.16363636363636325,-3.105432251618571
ZECUSDT,SHORT,1775094300,1775096100,246.81,252.53428571428572,245.37892857142856,TP2,0.23275348140753935,0.023193086642703805,1,0.24463519313304685,-3.0269812258149673
ADAUSDT,SHORT,1775096100,1775097000,0.2408,0.24497142857142856,0.23975714285714284,TP2,0.2269095890410976,0.017323208353108722,1,0.45999999999999963,-2.450181218093791
NEARUSDT,SHORT,1775097900,1775101500,1.1574,1.1760714285714287,1.1527321428571429,TP2,0.22520489671002009,0.01613221753190655,1,0.48670520231213893,-2.0097858900612193
SUIUSDT,SHORT,1775097900,1775106900,0.8574,0.8714142857142858,0.8538964285714287,TP2,0.22552782874617341,0.016345096471058695,1,0.5221238938053063,-2.0680609565806924
TAOUSDT,SHORT,1775097900,1775119500,303.7,310.7571428571428,301.93571428571425,TP2,0.2327862348178178,0.02323721717860667,1,0.24832214765100777,-1.8193591931244752
AAVEUSDT,SHORT,1775104200,1775121300,93.84,95.49000000000001,93.42750000000001,TP2,0.22725090909090484,0.01758312020460362,1,0.540229885057473,-1.2694291068202825
ZECUSDT,SHORT,1775108700,1775109600,234.16,239.05,232.9375,TP2,0.23084580777095975,0.020883156815852472,1,0.6361423790690617,-1.2631092502138233
LABUSDT,LONG,1775113200,1775114100,0.21257,0.20910571428571428,0.21343607142857143,TP2,0.22545583505154446,0.0162971525346273,1,0.5056746532156347,2.7940516969466365
LABUSDT,SHORT,1775150100,1775151000,0.19819,0.20159857142857143,0.19733785714285715,TP2,0.22674216261525562,0.01719850360044111,1,0.6379310344827576,-2.924938489217596
LABUSDT,SHORT,1775170800,1775171700,0.19066,0.19402857142857144,0.18981785714285715,TP2,0.22736013570822325,0.017667950427837174,1,0.4578408195429477,-1.9585976549528572
LABUSDT,LONG,1775195100,1775196900,0.20372,0.20023,0.2045925,SL,-1.0233489971346705,0.017131356764186183,1,0.42172361040285533,2.7152160546687947
LABUSDT,LONG,1775214900,1775218500,0.20618,0.20281857142857143,0.20702035714285716,SL,-1.0245348066298343,0.016303368762385154,1,0.3154034229828853,2.392740289059991
LABUSDT,LONG,1775250900,1775254500,0.20235,0.19897571428571428,0.20319357142857142,TP2,0.2260127011007579,0.016675491545765787,1,0.3842404549147049,3.011034331804648
LABUSDT,LONG,1775300400,1775301300,0.20492,0.20124857142857142,0.20583785714285713,TP2,0.22767408560311103,0.01791639943113695,1,0.41004388103364026,4.061853859922157
ZECUSDT,LONG,1775309400,1775324700,249.45,244.04285714285714,250.8017857142857,TP2,0.23154663143989432,0.021676259198808806,1,0.5141104294478521,2.0879477388813052
LABUSDT,LONG,1775323800,1775324700,0.21635,0.21098999999999998,0.21769,TP2,0.23385447761194156,0.02477467067252136,1,0.36102783725910065,2.8308560875011985
LABUSDT,LONG,1775369700,1775370600,0.22274,0.21803285714285714,0.22391678571428572,TP2,0.23107216995447943,0.021132903192703865,1,0.17836257309941567,3.243771915672261
LABUSDT,LONG,1775403000,1775403900,0.22491,0.2208642857142857,0.22592142857142858,TP2,0.22776313559322206,0.01798814764000839,1,0.21473805411629246,2.7061211709869872
ADAUSDT,LONG,1775434500,1775437200,0.2546,0.2502,0.2557,TP2,0.22685454545454242,0.01728201099764345,1,0.5806451612903228,2.867861710510433
ZECUSDT,LONG,1775435400,1775441700,248.9,244.8814285714286,249.90464285714287,TP2,0.2252250266619303,0.016145325144923374,1,0.4873765093304067,2.6380874474428495
AVAXUSDT,LONG,1775438100,1775441700,9.476,9.311142857142858,9.517214285714287,TP2,0.22700797227036673,0.017397334619791403,1,0.8143236074270548,2.245561250680567
LABUSDT,LONG,1775448000,1775448900,0.25671,0.2509157142857143,0.2581585714285714,TP2,0.2322784023668615,0.022571328402811376,1,0.47120418848167506,2.878329203393124
LABUSDT,LONG,1775475900,1775476800,0.2641,0.2559214285714286,0.26614464285714284,TP2,0.23708331877729089,0.030967707037377657,1,0.1417202326293224,1.9732697121124987
LABUSDT,LONG,1775486700,1775488500,0.29465,0.2816514285714286,0.2978996428571429,SL,-1.0090671502362898,0.044115294174686674,1,0.6794310722100653,2.1435816969615407
AAVEUSDT,SHORT,1775495700,1775511900,94.88,96.41,94.4975,TP2,0.2251947712418254,0.016125632377740295,1,0.27728613569321614,-2.537577123527626
AVAXUSDT,SHORT,1775526300,1775527200,8.734,8.876714285714286,8.698321428571429,TP2,0.22552032032031719,0.016340083090712793,1,0.8465909090909085,-1.3022062254286606
LABUSDT,LONG,1775533500,1775534400,0.30195,0.29179285714285713,0.30448928571428574,TP2,0.23810886075949642,0.03363849265488615,1,0.15664243225379978,2.8684070005595084
ZECUSDT,LONG,1775538000,1775538900,261.66,256.0242857142857,263.0689285714286,TP2,0.23142844106464128,0.021538310348216325,1,0.402971634398919,3.303871185347617
LABUSDT,LONG,1775548800,1775553300,0.32146,0.30935285714285715,0.32448678571428574,TP2,0.23937949262536876,0.0376629840637805,1,0.45437171524127995,1.8198788819344305
ZECUSDT,LONG,1775553300,1775556900,270.63,265.83,271.83,SL,-1.0225525,0.017736392861101888,1,0.6129286558927826,2.4164969991364704
AAVEUSDT,SHORT,1775561400,1775563200,86.54,88.07428571428572,86.15642857142858,TP2,0.22743836126629421,0.017729208623592715,1,0.6850393700787422,-2.6966616320257124
LABUSDT,LONG,1775574000,1775575800,0.32982,0.31984142857142855,0.33231464285714285,TP2,0.23677886900500936,0.03025459774595668,1,0.3896006028636026,2.3181417583224313
ZECUSDT,LONG,1775575800,1775583900,270.97,264.44428571428574,272.6014285714286,TP2,0.23339063047285247,0.02408279250734135,1,0.1917525773195904,2.9296167297838482
LABUSDT,LONG,1775589300,1775590200,0.35241,0.34115285714285715,0.3552242857142857,TP2,0.23747781725888326,0.031943312780973475,1,0.5553508933505257,3.8606594419204368
ZECUSDT,LONG,1775592900,1775593800,277.06,271.6842857142857,278.4039285714286,TP2,0.22938432102046505,0.0194027080261109,1,0.21373510861948095,3.2818546906663815
TAOUSDT,LONG,1775598300,1775599200,324.6,319.1857142857143,325.9535714285714,TP2,0.2260189973614722,0.016679869729777225,1,0.6216216216216193,2.3219265013039756
AVAXUSDT,LONG,1775599200,1775600100,9.039,8.878857142857143,9.079035714285714,TP2,0.2274226583407698,0.01771687765713643,1,0.6638655462184856,2.327838862119593
SUIUSDT,LONG,1775599200,1775600100,0.9133,0.8978428571428572,0.9171642857142857,TP2,0.22636561922365628,0.016924496723029495,1,0.6005056890012653,2.0063102521704885
AAVEUSDT,LONG,1775600100,1775601900,92.12,90.58571428571429,92.50357142857143,TP2,0.22598361266294223,0.016655294336579588,1,0.5932203389830474,2.2343052516339794
ADAUSDT,LONG,1775601900,1775602800,0.2587,0.2540428571428571,0.2598642857142857,TP2,0.2277803680981625,0.01800209840410845,1,0.7320574162679406,2.4836745554775264
DOTUSDT,LONG,1775601900,1775602800,1.301,1.277,1.307,TP2,0.2283166666666667,0.01844734819369717,1,0.7247706422018361,2.339971085831054
ETHUSDT,LONG,1775602800,1775603700,2219.1,2183.2714285714287,2228.057142857143,TP2,0.2252253588516809,0.016145541628845624,1,0.6879226513161526,2.7853774940901053
LINKUSDT,LONG,1775603700,1775604600,9.274,9.107857142857142,9.315535714285714,TP2,0.2276722269991428,0.01791490803783232,1,0.701019252548129,2.492986873688071
SOLUSDT,LONG,1775603700,1775604600,85.48,83.9,85.875,TP2,0.22835949367088382,0.018483855872718766,1,0.7184210526315773,2.071150516046321
HYPEUSDT,LONG,1775604600,1775610000,39.155,38.38585714285714,39.34728571428572,SL,-1.020362927191679,0.019643541237207438,1,0.7206434316353881,2.192228940470134
LABUSDT,LONG,1775637900,1775638800,0.38664,0.3728228571428571,0.3900942857142857,TP2,0.23880694789082088,0.03573645473086819,1,0.1775247339929068,2.7124559794685488
ZECUSDT,LONG,1775644200,1775648700,335.69,327.8442857142857,337.6514285714286,SL,-1.0171145666423889,0.023371903499402137,1,0.5514018691588785,2.841718230467646
LABUSDT,SHORT,1775652300,1775653200,0.35562,0.3713885714285714,0.35167785714285715,TP2,0.24097901793803136,0.04434107032386094,1,0.3121801432958029,-1.9362044187242256
LABUSDT,SHORT,1775664000,1775664900,0.32195,0.34443142857142856,0.3163296428571429,SL,-1.0057282836627057,0.06982894415725596,1,0.39623355730103144,-2.525541687985001
LABUSDT,LONG,1775665800,1775666700,0.39152,0.36006142857142853,0.3993846428571428,SL,-1.0049782298714862,0.08034984529161071,1,0.14310605180624933,2.575680413951082
ZECUSDT,SHORT,1775681100,1775683800,320.34,326.82142857142856,318.71964285714284,SL,-1.0197697156711483,0.020232966758533397,1,0.577116704805492,-2.491224480455237
ZECUSDT,SHORT,1775698200,1775700000,318.6,325.5814285714286,316.8546428571429,TP2,0.23174585635358913,0.021912832929782085,1,0.050318102949680706,-2.051984498881837
LABUSDT,SHORT,1775718000,1775718900,0.36196,0.3744228571428571,0.3588442857142857,TP2,0.23838276020174232,0.03443158675781062,1,0.2483085250338297,-2.055455210596272
TAOUSDT,LONG,1775745900,1775747700,334.6,328.72857142857146,336.0678571428572,TP2,0.22720486618005112,0.01754760481598498,1,0.3438485804416392,2.729233372523733
LABUSDT,LONG,1775746800,1775747700,0.39054,0.37852714285714284,0.39354321428571426,TP2,0.23699593292900234,0.030759607576322893,1,0.31912442396313223,3.9516512775582053
ZECUSDT,LONG,1775749500,1775752200,328.62,321.8357142857143,330.31607142857143,TP2,0.2306246367656349,0.020644774250762984,1,0.45531361715957097,3.557394462804531
TAOUSDT,SHORT,1775778300,1775779200,316.2,323.9142857142857,314.27142857142854,TP2,0.2336044444444463,0.02439685551640016,1,0.4953703703703693,-3.763250431819237
LABUSDT,LONG,1775790000,1775790900,0.45259,0.43291285714285715,0.45750928571428573,TP2,0.24079968055757361,0.04347675126967643,1,0.5541635165784635,3.293808977919834
TAOUSDT,SHORT,1775793600,1775795400,276.3,287.4857142857143,273.50357142857143,TP2,0.24011954022988508,0.04048394602140534,1,0.7489768076398354,-1.2877771830458395
ZECUSDT,LONG,1775807100,1775812500,375.69,368.7242857142857,377.43142857142857,TP2,0.2284263330598852,0.018541122429966996,1,0.10741471666196836,2.0979990478321486
LABUSDT,LONG,1775825100,1775831400,0.51698,0.4758142857142857,0.5272714285714286,TP2,0.24497659633537025,0.07962728594087644,1,0.20002461841457425,2.675220132238919
ZECUSDT,LONG,1775834100,1775839500,384.01,374.3885714285714,386.41535714285715,SL,-1.0159647809948034,0.02505515109353552,1,0.21157556270096434,2.7580839223922173
TAOUSDT,SHORT,1775853900,1775855700,262.4,267.3285714285714,261.16785714285714,TP2,0.22870376811593623,0.01878266550522645,1,0.20146520146520097,-2.1166710618924105
LABUSDT,LONG,1775871000,1775871900,0.54112,0.5186557142857143,0.5467360714285715,TP2,0.24036479491256085,0.0415144251077131,1,0.30792580101180456,2.978410292528417
ZECUSDT,SHORT,1775871000,1775872800,365.65,371.70428571428573,364.13642857142855,SL,-1.024158093440302,0.01655759801527617,1,0.48243167875069803,-2.563589033292506
TAOUSDT,LONG,1775878200,1775881800,266.5,260.95714285714286,267.8857142857143,SL,-1.0192319587628866,0.020798713481640346,1,0.30000000000000177,2.4903338038740577
ZECUSDT,LONG,1775897100,1775902500,379.5,373.21714285714285,381.0707142857143,TP2,0.2258390177353365,0.016555618294748716,1,0.30956968529222834,2.5715690536799745
LABUSDT,SHORT,1775912400,1775917800,0.50787,0.529337142857143,0.5025032142857143,TP2,0.24053679377121182,0.042268972093533495,1,0.2763621296871763,-1.6409879946161123
LABUSDT,SHORT,1775923200,1775924100,0.46503,0.48859285714285716,0.4591392857142857,TP2,0.24210571116769797,0.0506695420571945,1,0.39908022483393074,-2.739617073235828
TAOUSDT,LONG,1775935800,1775936700,269.7,265.29999999999995,270.8,TP2,0.2254818181818215,0.016314423433444636,1,0.37362637362637446,3.125743473819168
LABUSDT,SHORT,1775941200,1775942100,0.43991,0.46587571428571434,0.43341857142857143,TP2,0.24322321742957803,0.05902506032077991,1,0.0758880209818119,-1.7507832892722122
LABUSDT,SHORT,1775952000,1775953800,0.42675,0.44728285714285715,0.42161678571428574,SL,-1.0083135044875808,0.04811448656791362,1,0.4766804500432733,-1.8029302383300256
AAVEUSDT,SHORT,1775958300,1775959200,91.27,92.76285714285714,90.89678571428571,TP2,0.22554488038277282,0.01635649329305519,1,0.4974358974358961,-3.4398212970539315
TAOUSDT,SHORT,1775958300,1775959200,262.8,268.8142857142857,261.2964285714286,TP2,0.2325216152019026,0.022885409871711188,1,0.2842809364548497,-2.9088862793391344
ZECUSDT,SHORT,1775958300,1775959200,364.03,370.8042857142857,362.33642857142854,TP2,0.22850518768452127,0.01860914131880809,1,0.32459875532263516,-3.202001920522991
LABUSDT,LONG,1775977200,1775978100,0.4764,0.45274,0.482315,TP2,0.24194590025359256,0.04966414777497904,1,0.5372279495990833,2.739190698926439
ZECUSDT,SHORT,1776007800,1776008700,362.31,368.95714285714286,360.6482142857143,TP2,0.22819754996776273,0.018346561941825656,1,0.15569230769230805,-2.3537923596596393
LABUSDT,LONG,1776008700,1776009600,0.50315,0.48183714285714285,0.5084782142857143,TP2,0.24055687378510623,0.04235885350861001,1,0.08614748449345246,1.9385822124823173
LABUSDT,LONG,1776019500,1776021300,0.63311,0.5831871428571428,0.6455907142857142,SL,-1.0050727064613976,0.07885337009817747,1,0.8690545167237292,2.7890901983650425
AAVEUSDT,LONG,1776054600,1776055500,96.0,94.45142857142856,96.38714285714286,TP2,0.22520295202952265,0.01613095238095243,1,0.8387096774193563,2.0893413378460175
DOTUSDT,SHORT,1776056400,1776057300,1.183,1.202,1.17825,TP2,0.22509473684210815,0.01606086221470834,1,0.6052631578947351,-3.931362607004026
ZECUSDT,LONG,1776060900,1776063600,375.14,368.7785714285714,376.73035714285714,SL,-1.0235884123063104,0.016957478731749725,1,0.5207142857142841,3.5572869112509817
LABUSDT,LONG,1776066300,1776067200,0.56556,0.5399328571428571,0.5719667857142856,TP2,0.24117248453090814,0.045312863104078845,1,0.34162760971452927,2.9285986523851113
ZECUSDT,SHORT,1776068100,1776078900,358.32,366.2014285714286,356.34964285714284,SL,-1.0181855356171832,0.021995502822696446,1,0.09314285714285689,-1.4203113905664375
ZECUSDT,SHORT,1776093300,1776095100,350.39,359.6171428571428,348.0832142857143,TP2,0.23481046601640967,0.026333921793267063,1,0.24221375756217828,-3.3840193384534314
TAOUSDT,SHORT,1776095100,1776096900,254.6,259.0285714285714,253.49285714285713,TP2,0.22700387096774347,0.017394231848277344,1,0.2201834862385315,-3.15607785460651
HYPEUSDT,LONG,1776097800,1776099600,42.933,42.113571428571426,43.13785714285714,TP2,0.22904246861924685,0.019086217395210468,1,0.3046107331821619,1.874086778921854
LABUSDT,SHORT,1776106800,1776113100,0.54965,0.58295,0.541325,SL,-1.0066024024024025,0.06058400800509409,1,0.20088126524510244,-2.8892514693324474
ZECUSDT,LONG,1776110400,1776117600,365.62,359.4614285714286,367.15964285714284,TP2,0.22625293435397587,0.016844186391804118,1,0.4824200190053864,2.3655191857568094
DOTUSDT,LONG,1776119400,1776120300,1.205,1.1842857142857144,1.2101785714285715,TP2,0.22673103448276125,0.017190278601066956,1,0.18867924528301927,2.560924769713395
TAOUSDT,LONG,1776119400,1776120300,262.2,257.98571428571427,263.25357142857143,TP2,0.2251132203389864,0.01607279067233299,1,0.32558139534883435,2.8584738335338233
AAVEUSDT,LONG,1776123000,1776125700,103.43,101.45,103.92500000000001,TP2,0.2291050505050523,0.01914338199748624,1,0.7965116279069772,2.3523990523816556
ETHUSDT,LONG,1776123000,1776166200,2386.5,2346.0271428571427,2396.618214285714,EXPIRED,-0.4673403692068754,0.01695908533117838,1,0.7675468734661798,2.3583232121679885
LABUSDT,LONG,1776132000,1776132900,0.61164,0.5954328571428571,0.6156917857142856,TP2,0.23490443367121736,0.02649784653904718,1,0.25783132530120323,2.414468643010741
ZECUSDT,SHORT,1776136500,1776137400,359.88,365.7528571428571,358.4117857142857,TP2,0.22548859158355627,0.01631893170739451,1,0.5468708740427765,-1.3176461620847295
LABUSDT,SHORT,1776151800,1776160800,0.55393,0.613497142857143,0.5390382142857143,TP2,0.24628029834280643,0.10753550603351125,1,0.4470196775859099,-2.000614151697891
ZECUSDT,LONG,1776155400,1776157200,371.24,364.4014285714286,372.94964285714286,TP2,0.22828552329224988,0.018420890605999992,1,0.41098370549185165,2.044362807532307
LABUSDT,SHORT,1776164400,1776172500,0.53368,0.5744785714285715,0.5234803571428572,SL,-1.0052323400679295,0.07644763046876676,1,0.40233860342556016,-1.420476175451456
ZECUSDT,SHORT,1776178800,1776179700,360.43,366.94,358.8025,TP2,0.22785376344086017,0.018061759564964024,1,0.5579091219678839,-2.652330049476339
HYPEUSDT,SHORT,1776179700,1776180600,43.556,44.27014285714285,43.37746428571428,TP2,0.2256037607521529,0.016395969720425577,1,0.4025723472668828,-2.487119952730009
AAVEUSDT,SHORT,1776180600,1776191400,98.89,100.55428571428571,98.47392857142857,TP2,0.22623244635193135,0.01682966644034498,1,0.23165467625899264,-2.588103888622173
TAOUSDT,SHORT,1776183300,1776184200,246.3,251.02857142857144,245.11785714285716,TP2,0.22916495468277795,0.019198422365292032,1,0.16062176165803216,-1.6331985733971626
NEARUSDT,SHORT,1776186000,1776188700,1.3684,1.391957142857143,1.3625107142857145,TP2,0.2267645845967205,0.017215100012527622,1,0.4657375145180059,-1.6578317399179185
SOLUSDT,SHORT,1776186000,1776192300,84.99,86.35142857142856,84.64964285714285,TP2,0.2250291710388273,0.01601869127460369,1,0.12918660287081354,-1.7557736462665015
ZECUSDT,SHORT,1776193200,1776202200,346.29,353.1457142857143,344.5760714285714,SL,-1.0202044592623463,0.01979760976555573,1,0.581568402976531,-2.1011436612132
LABUSDT,SHORT,1776208500,1776209400,0.48533,0.5010557142857143,0.4813985714285714,TP2,0.2376551235465125,0.0324021063723946,1,0.6135856152309319,-1.8398574219507349
LABUSDT,SHORT,1776221100,1776222000,0.43443,0.45868714285714285,0.42836571428571424,TP2,0.2428362544169623,0.055836712144978186,1,0.6706933306263321,-2.3749867440205867
ZECUSDT,LONG,1776249900,1776250800,361.74,355.9457142857143,363.18857142857144,TP2,0.22502781065088764,0.01601781863848546,1,0.4030520646319582,1.8988823025275225
AAVEUSDT,LONG,1776262500,1776263400,105.47,103.51714285714286,105.95821428571428,TP2,0.2283967812728566,0.018515759389941586,1,0.5345211581291771,2.822839268308297
LABUSDT,LONG,1776277800,1776278700,0.4918,0.4650714285714286,0.4984821428571429,TP2,0.24264008551576696,0.054348457561145654,1,0.15351993214588625,2.358340379896358
ZECUSDT,SHORT,1776308400,1776309300,338.91,344.33571428571435,337.55357142857144,TP2,0.22501453396524498,0.016009307148547734,1,0.542605288932421,-2.204794691075182
DOTUSDT,LONG,1776322800,1776323700,1.25,1.2284285714285714,1.2553928571428572,TP2,0.22682119205298273,0.017257142857142884,1,0.8750000000000024,1.9512468548636155
LABUSDT,SHORT,1776324600,1776325500,0.4794,0.4977285714285714,0.4748178571428571,TP2,0.2395376461418558,0.038232314202276615,1,0.2612137203166224,-2.346070157905486
LABUSDT,LONG,1776337200,1776339000,0.5062,0.48725714285714283,0.5109357142857143,SL,-1.0106889894419306,0.03742168538691657,1,0.10843373493975907,2.3581268170164518
DOTUSDT,LONG,1776345300,1776347100,1.296,1.2725714285714287,1.3018571428571428,TP2,0.227873170731705,0.018077601410934757,1,0.37037037037036885,2.918025726733146
ADAUSDT,SHORT,1776349800,1776352500,0.2466,0.25064285714285717,0.24558928571428573,SL,-1.024398586572438,0.01639439230680106,1,0.13541666666666585,-1.3123643857601484
AAVEUSDT,LONG,1776354300,1776355200,109.19,106.61285714285714,109.83428571428571,TP2,0.23305254988913524,0.023602370703753584,1,0.27882960413080804,2.2586091071935934
NEARUSDT,LONG,1776354300,1776356100,1.412,1.3882857142857141,1.4179285714285714,TP2,0.22618313253012284,0.016794819910967235,1,0.07865168539325708,1.5561369792717112
LABUSDT,SHORT,1776355200,1776356100,0.4738,0.4971285714285714,0.46796785714285716,TP2,0.24187605633802758,0.04923717059639393,1,0.2497249724972496,-2.244099530307705
LINKUSDT,LONG,1776355200,1776366000,9.455,9.291857142857141,9.495785714285715,TP2,0.22681786339754825,0.017254664954294854,1,0.29655172413793024,1.970099823990912
XLMUSDT,LONG,1776356100,1776360600,0.1652,0.16251428571428572,0.1658714285714286,SL,-1.024604255319149,0.016257350397786193,1,0.3834586466165415,2.602903323455798
ADAUSDT,LONG,1776365100,1776366000,0.2576,0.25347142857142857,0.25863214285714287,TP2,0.22504221453287537,0.016027062999112697,1,0.40384615384615313,2.1202619377190413
AVAXUSDT,LONG,1776365100,1776366000,9.659,9.497142857142858,9.699464285714287,TP2,0.2261295675198615,0.016757132504104225,1,0.30238095238095,1.9762605862603584
AAVEUSDT,LONG,1776367800,1776368700,115.62,112.90571428571428,116.29857142857144,TP2,0.23296126315789475,0.023475918649764022,1,0.7742663656884858,1.8516817337531934
DOTUSDT,LONG,1776368700,1776369600,1.343,1.3154285714285714,1.3498928571428572,TP2,0.23051606217616988,0.02052973087969368,1,0.4246575342465753,1.9510744347190165
ZECUSDT,LONG,1776369600,1776377700,344.86,339.2342857142857,346.2664285714286,SL,-1.0245202640934483,0.016313038002999193,1,0.3233140655105977,2.2224557099366344
LABUSDT,LONG,1776382200,1776383100,0.4956,0.48505714285714285,0.4982357142857143,TP2,0.23119674796748102,0.02127291594603946,1,0.2553191489361696,2.708001198110632
TAOUSDT,LONG,1776384900,1776385800,253.1,248.95714285714286,254.13571428571427,TP2,0.22556275862068795,0.016368459671501964,1,0.5707317073170726,2.2111059199234893
LABUSDT,LONG,1776411900,1776412800,0.5129,0.5000571428571429,0.5161107142857143,TP2,0.23402536151279196,0.025039690276578534,1,0.4962406015037593,2.7631694343457043
NEARUSDT,SHORT,1776422700,1776423600,1.378,1.4005714285714284,1.3723571428571428,TP2,0.22557974683544052,0.016379846568525782,1,0.1875000000000013,-3.3463186131096943
AAVEUSDT,LONG,1776425400,1776426300,116.3,114.31714285714285,116.79571428571428,TP2,0.22653890489913545,0.01704950251811816,1,0.3542116630669551,1.9442404917034004
LABUSDT,LONG,1776426300,1776429000,0.5784,0.5243428571428571,0.5919142857142857,TP2,0.2457200845665957,0.09345979055522625,1,0.31293349653202773,2.201110074120551
TAOUSDT,LONG,1776427200,1776431700,254.5,249.71428571428572,255.69642857142858,TP2,0.22872835820895815,0.018804378332865548,1,0.4061135371179021,2.137722495376645
DOTUSDT,LONG,1776432600,1776433500,1.334,1.312,1.3395000000000001,TP2,0.225745454545457,0.016491754122938497,1,0.1685393258426981,2.6357528788452624
SUIUSDT,LONG,1776433500,1776434400,1.0381,1.0199142857142858,1.0426464285714285,TP2,0.22716669285152868,0.01751826826482441,1,0.4087136929460583,2.754607554238463
ZECUSDT,LONG,1776434400,1776435300,351.87,344.98571428571427,353.5910714285714,TP2,0.22955517742269765,0.019564855527000637,1,0.40811848601206874,2.5971487434185034
ADAUSDT,LONG,1776437100,1776447000,0.2665,0.2621428571428572,0.26758928571428575,SL,-1.024465573770492,0.016349504154382157,1,0.4606741573033735,1.767306159478605
AVAXUSDT,LONG,1776437100,1776440700,9.95,9.789571428571428,9.990107142857143,SL,-1.0248085485307212,0.016123474515434357,1,0.41492537313432537,1.7523307998525623
HYPEUSDT,LONG,1776441600,1776442500,45.23,44.404285714285706,45.43642857142857,TP2,0.2280892733564036,0.018255898423928545,1,0.5128939828080223,1.5485275269657595
TAOUSDT,LONG,1776441600,1776442500,261.2,255.0,262.75,TP2,0.23314838709677646,0.0237366003062787,1,0.396946564885497,2.0330351034283423
ZECUSDT,SHORT,1776448800,1776449700,333.69,340.73571428571427,331.92857142857144,TP2,0.23105571776155517,0.02111455028833436,1,0.3021297672114919,-2.032528954495405
LABUSDT,LONG,1776465000,1776473100,0.5952,0.5743999999999999,0.6003999999999999,TP2,0.2385538461538448,0.034946236559139775,1,0.27895981087470356,2.5227199745175857
TAOUSDT,SHORT,1776476700,1776478500,253.2,257.74285714285713,252.0642857142857,TP2,0.22770566037736162,0.017941773865944508,1,0.26086956521739,-2.506169625007077
LABUSDT,LONG,1776500100,1776505500,0.6291,0.6000857142857142,0.6363535714285714,SL,-1.0086729689807976,0.04612030792288304,1,0.2566801619433189,2.6483853761555114
ZECUSDT,SHORT,1776510900,1776512700,322.62,327.79,321.3275,TP2,0.22503907156673392,0.01602504494451677,1,0.5513402061855672,-2.4313466918739963
TAOUSDT,SHORT,1776512700,1776513600,247.2,251.35714285714286,246.16071428571428,TP2,0.22621443298968902,0.01681692094313455,1,0.3333333333333333,-1.5414814252837754
LABUSDT,SHORT,1776528000,1776528900,0.5516,0.5746571428571429,0.5458357142857143,TP2,0.24043073110284763,0.04180047653579195,1,0.5048409405255888,-2.5562301104726193
AAVEUSDT,SHORT,1776537900,1776538800,101.95,104.79428571428572,101.23892857142857,SL,-1.0143375188347563,0.027898829958663204,1,0.6800563777307969,-4.24666629141739
LABUSDT,SHORT,1776538800,1776542400,0.4706,0.5019714285714285,0.46275714285714287,SL,-1.006000364298725,0.06666261914880695,1,0.8030769230769234,-1.9458719693687345
AAVEUSDT,SHORT,1776556800,1776557700,101.07,104.74428571428571,100.15142857142857,TP2,0.23899704510108769,0.036353870726088,1,0.22707633221315432,-2.137802528463881
AAVEUSDT,SHORT,1776567600,1776568500,95.33,97.96428571428571,94.67142857142858,TP2,0.23552472885032266,0.027633333832851253,1,0.7039711191335728,-1.5992520565638777
AAVEUSDT,SHORT,1776579300,1776581100,92.24,94.65714285714284,91.63571428571429,TP2,0.2347356973995257,0.02620493123528681,1,0.4845980465815173,-1.7512581548225437
LABUSDT,LONG,1776580200,1776582000,0.5564,0.5318714285714286,0.5625321428571428,TP2,0.24092649970879212,0.04408442025264457,1,0.2805755395683452,2.0189306382158265
LABUSDT,LONG,1776591000,1776603600,0.6043,0.5727857142857142,0.6121785714285713,TP2,0.24232982774251952,0.052150067374293785,1,0.5707317073170739,1.8729998063898168
ZECUSDT,LONG,1776600000,1776600900,332.36,326.95714285714286,333.7107142857143,TP2,0.22539375991538607,0.016256039062634342,1,0.3138105567606625,2.257932369638109
AAVEUSDT,SHORT,1776600900,1776604500,89.64,92.21714285714286,88.99571428571429,SL,-1.0139130820399114,0.028749920316185385,1,0.17776037588097038,-2.791679982106092
LABUSDT,LONG,1776607200,1776608100,0.6448,0.6071428571428572,0.6542142857142857,TP2,0.24315083459787556,0.05840127614321158,1,0.29291640076579384,2.5066139134211265
ZECUSDT,SHORT,1776617100,1776618900,321.38,326.8614285714286,320.00964285714286,TP2,0.22654771957258016,0.017055910670945834,1,0.39523121387283217,-1.6308280017195649
AAVEUSDT,SHORT,1776621600,1776622500,90.32,91.91857142857141,89.92035714285714,TP2,0.2273998212689879,0.017698975072757132,1,0.45015105740181394,-1.952856657530941
LABUSDT,SHORT,1776639600,1776641400,0.5434,0.5625142857142857,0.5386214285714286,TP2,0.23862840059790588,0.035175350964824624,1,0.321342925659472,-2.047185470325001
AAVEUSDT,LONG,1776647700,1776649500,92.34,90.84714285714286,92.71321428571429,TP2,0.22525818181817944,0.01616696061140506,1,0.33088235294117524,3.1565880199427223
LABUSDT,SHORT,1776650400,1776653100,0.5055,0.5331285714285714,0.4985928571428571,TP2,0.24268148914167428,0.05465592765296024,1,0.4530046224961479,-2.068568051466354
AAVEUSDT,SHORT,1776681000,1776681900,90.39,91.88142857142857,90.01714285714286,TP2,0.22575747126436788,0.01649992887961694,1,0.08513708513708554,-2.004585989944023
LABUSDT,SHORT,1776695400,1776696300,0.538,0.5593142857142858,0.5326714285714286,TP2,0.23990348525469296,0.03961763143919272,1,0.1348182883939036,-2.098006973080468
AAVEUSDT,SHORT,1776698100,1776700800,87.87,89.50428571428571,87.46142857142857,TP2,0.22849335664336093,0.01859890422539788,1,0.40909090909090773,-3.5189146993391778
ZECUSDT,LONG,1776709800,1776711600,321.21,315.9657142857142,322.5210714285714,TP2,0.22550019068373758,0.016326657682779966,1,0.5029036004645756,2.224626577763503
LABUSDT,LONG,1776715200,1776716100,0.5695,0.5510142857142857,0.5741214285714286,TP2,0.2376769706336925,0.03245955098457301,1,0.4745762711864427,1.9700134177137345
AAVEUSDT,LONG,1776716100,1776717000,92.55,90.82571428571428,92.98107142857143,TP2,0.22853024026512012,0.018630855908003386,1,0.4498308906426178,2.7666627883559713
LABUSDT,LONG,1776739500,1776740400,0.5915,0.573857142857143,0.5959107142857143,TP2,0.2365894736842105,0.029827315541601188,1,0.2930107526881725,2.8545276434098024
AAVEUSDT,LONG,1776744000,1776744900,93.55,91.99571428571429,93.93857142857142,TP2,0.22592463235293894,0.01661449186836684,1,0.3926380368098157,2.5609236675322467
LABUSDT,SHORT,1776763800,1776764700,0.5554,0.5747142857142857,0.5505714285714286,TP2,0.23849763313609323,0.0347754514121097,1,0.36396614268440164,-3.006682058195566
ZECUSDT,LONG,1776771000,1776771900,328.51,322.79714285714283,329.93821428571425,TP2,0.2269985496374044,0.0173902077344895,1,0.5682507583417639,3.3991126587260103
AAVEUSDT,SHORT,1776775500,1776776400,91.45,93.03857142857143,91.05285714285715,TP2,0.22697302158273153,0.017370928688588576,1,0.13590844062947063,-2.0799834690211467
LABUSDT,LONG,1776782700,1776785400,0.5742,0.556,0.5787500000000001,TP2,0.23738021978022283,0.03169627307558344,1,0.3161953727506435,2.594079272935915
ZECUSDT,SHORT,1776790800,1776792600,316.1,323.69714285714286,314.2007142857143,TP2,0.23335690109063742,0.024033985628417694,1,0.3044747081712066,-1.8841035329084943
AAVEUSDT,SHORT,1776800700,1776802500,90.0,91.45571428571428,89.63607142857143,SL,-1.024730127576055,0.01617460317460317,1,0.17565698478561484,-2.6340187112304596
LABUSDT,LONG,1776817800,1776818700,0.5944,0.5768857142857143,0.5987785714285715,TP2,0.2364247960848303,0.029465487406267976,1,0.21904761904761794,3.184021045403562
SEIUSDT,LONG,1776831300,1776832200,0.06104,0.06004142857142857,0.061289642857142855,TP2,0.22554907010014477,0.016359296011982768,1,0.6757679180887373,2.2284955911578095
ZECUSDT,LONG,1776832200,1776833100,321.24,315.7357142857143,322.61607142857144,TP2,0.22665528159875675,0.017134496682498113,1,0.2257261410788384,2.311063695192839
LABUSDT,SHORT,1776837600,1776838500,0.5733,0.6000714285714286,0.5666071428571429,TP2,0.24143415154749304,0.04669706710523034,1,0.3008849557522127,-1.8553026924791673
LABUSDT,SHORT,1776858300,1776861000,0.5558,0.5729285714285713,0.5515178571428571,TP2,0.23702051709758454,0.0308178687091965,1,0.39130434782608786,-2.671861295636602
ZECUSDT,LONG,1776872700,1776873600,324.76,318.96142857142854,326.20964285714285,TP2,0.2275972406996797,0.01785494343075325,1,0.3318284424379212,2.746000685081754
LABUSDT,LONG,1776888000,1776888900,0.5813,0.5644857142857144,0.5855035714285715,TP2,0.2361712829226848,0.028925315180260997,1,0.2236453201970443,2.4488333011075545
ZECUSDT,SHORT,1776903300,1776904200,312.56,317.56857142857143,311.30785714285713,TP2,0.22503799201369357,0.016024351895864514,1,0.4051470588235293,-2.4616913785868295
LABUSDT,LONG,1776912300,1776913200,0.5897,0.5731285714285714,0.5938428571428571,TP2,0.23576586206896388,0.028101455946122778,1,0.18670076726342738,2.383290521359709
SEIUSDT,SHORT,1776915000,1776915900,0.06051,0.06151285714285715,0.06025928571428572,TP2,0.22586495726495553,0.01657341171471067,1,0.2436974789915952,-1.8472359075963203
LABUSDT,LONG,1776925800,1776926700,0.614,0.5957,0.618575,TP2,0.23657923497267758,0.029804560260586293,1,0.452332657200812,2.289263834422718
LABUSDT,LONG,1776942900,1776943800,0.6525,0.6244999999999999,0.6595,TP2,0.24067857142857144,0.042911877394636005,1,0.37548638132295836,2.4210161844139693
LABUSDT,LONG,1776953700,1776954600,0.6982,0.6542,0.7092,TP2,0.24365272727272727,0.06301919220853622,1,0.35434782608695664,2.07498457459162
ZECUSDT,LONG,1776972600,1776978000,336.78,328.8142857142857,338.77142857142854,TP2,0.23308852223816354,0.023652575229272155,1,0.23974427277570542,2.9502706351662864
LABUSDT,LONG,1776979800,1776980700,0.6912,0.6439428571428572,0.7030142857142857,TP2,0.24414945586456957,0.06836970899470898,1,0.19151943462897497,2.4929548482457506
TAOUSDT,LONG,1776989700,1776998700,254.2,249.88571428571427,255.2785714285714,SL,-1.0235682119205298,0.016972013038102758,1,0.46956521739130536,1.799962843879433
LABUSDT,LONG,1776990600,1776991500,0.7447,0.7082428571428572,0.7538142857142858,TP2,0.24182931034482835,0.04895547583878453,1,0.6593830334190244,1.6339962409962847
LABUSDT,LONG,1777005000,1777005900,0.9194,0.834,0.94075,TP2,0.24569367681498797,0.09288666521644551,1,0.7635467980295563,1.9738629941816677
ZECUSDT,LONG,1777012200,1777014900,348.28,341.60714285714283,349.94821428571424,SL,-1.020877413830015,0.01915946118886286,1,0.2521881838074398,2.2278910080671266
LABUSDT,SHORT,1777019400,1777021200,0.6463,0.7626285714285714,0.6172178571428572,TP2,0.24777767407589316,0.17999160053933377,1,0.4312984688804931,-1.4387147030693666
ZECUSDT,LONG,1777028400,1777029300,352.07,345.9342857142857,353.6039285714286,TP2,0.22704782305006063,0.01742754078937231,1,0.2014176018901359,2.795692370491633
ZECUSDT,LONG,1777052700,1777053600,363.17,354.8128571428571,365.25928571428574,TP2,0.23261750427350428,0.02301165530507163,1,0.27791262135922423,2.5621443600118345
LABUSDT,LONG,1777054500,1777055400,0.7538,0.7014571428571429,0.7668857142857143,TP2,0.2442395196506545,0.06943865367850509,1,0.4320368046842318,2.042906395965939
LABUSDT,SHORT,1777079700,1777080600,0.7027,0.7313428571428572,0.6955392857142857,TP2,0.2401867331670823,0.04076114578462667,1,0.28897715988083394,-2.958378905823742
LABUSDT,LONG,1777109400,1777110300,0.7564,0.724542857142857,0.7643642857142857,TP2,0.24050260089686187,0.04211679383546124,1,0.32011331444759145,2.7743314004772093
LABUSDT,SHORT,1777128300,1777129200,0.7189,0.7595857142857143,0.7087285714285714,TP2,0.24293216292134898,0.05659440017487037,1,0.2703614457831327,-1.927381167455444
LABUSDT,LONG,1777138200,1777139100,0.7743,0.7364571428571428,0.7837607142857143,TP2,0.24181562853907063,0.04887363701776718,1,0.1604938271604937,2.3499240233514143
LABUSDT,SHORT,1777145400,1777146300,0.7056,0.7807,0.686825,SL,-1.003758189081225,0.10643424036281174,1,0.04310344827586208,-1.308919182587448
LABUSDT,LONG,1777183200,1777186800,0.8945,0.8033285714285714,0.9172928571428571,TP2,0.2460755249138204,0.1019244589954484,1,0.31155778894472375,2.192746253328965
LABUSDT,SHORT,1777214700,1777215600,0.84,0.8864428571428571,0.8283892857142857,SL,-1.0072346970163026,0.05528911564625852,1,0.5636363636363643,-2.812694022979527
LABUSDT,SHORT,1777235400,1777236300,0.758,0.8253,0.741175,TP2,0.24549479940564595,0.08878627968337728,1,0.3294749896651507,-1.9051521318563098
ZECUSDT,LONG,1777251600,1777256100,363.09,356.9528571428571,364.6242857142857,SL,-1.0236650837988828,0.016902538921872965,1,0.21961774251712887,2.5528963137605154
AAVEUSDT,SHORT,1777267800,1777288500,95.85,97.5542857142857,95.42392857142856,TP2,0.22750377200335697,0.017780758625828973,1,0.09544468546637695,-2.2231866525019837
LABUSDT,SHORT,1777292100,1777293900,0.731,0.7620571428571429,0.7232357142857143,TP2,0.2405850965961344,0.0424858315419191,1,0.16695652173913025,-3.3079679129956765
LABUSDT,SHORT,1777302900,1777306500,0.6641,0.7095428571428571,0.6527392857142857,TP2,0.24415441685004716,0.06842773248435044,1,0.6195652173913047,-1.760347319681603
ZECUSDT,SHORT,1777305600,1777311000,350.07,356.3757142857143,348.49357142857144,SL,-1.022206524694155,0.0180127239858151,1,0.20236336779911496,-2.781732330248182
LABUSDT,LONG,1777330800,1777369500,0.7222,0.6685714285714285,0.7356071428571428,SL,-1.0053866808737346,0.07425722989278792,1,0.3694617356279752,2.3104689445521545
ZECUSDT,SHORT,1777351500,1777352400,341.32,346.9757142857143,339.9060714285714,TP2,0.22586016670876732,0.01657012271684719,1,0.503488799118617,-2.604882040112293
LABUSDT,SHORT,1777373100,1777378500,0.6602,0.6798857142857143,0.6552785714285714,SL,-1.0134148040638606,0.029817804128619063,1,0.46844660194174703,-2.05475352319695
LABUSDT,LONG,1777379400,1777380300,0.7194,0.6934857142857144,0.7258785714285715,TP2,0.23889570011025463,0.036022081893641526,1,0.24844720496894426,3.2648768788345515
TAOUSDT,LONG,1777392000,1777392900,256.1,251.94285714285715,257.13928571428573,TP2,0.22535807560137286,0.016232498466001014,1,0.4285714285714309,2.2733292077111074
LABUSDT,SHORT,1777400100,1777401900,0.6755,0.7037,0.66845,TP2,0.24041843971631205,0.041746854182087303,1,0.16282642089093702,-2.175530430348144
LABUSDT,LONG,1777425300,1777428000,0.6932,0.6712285714285714,0.6986928571428572,TP2,0.23737997399219896,0.03169565575797546,1,0.3844468784227839,3.230066995534932
LABUSDT,SHORT,1777444200,1777446000,0.6709,0.6843142857142858,0.6675464285714287,SL,-1.0200055378061768,0.019994463726763594,1,0.34195933456561967,-1.5858375408119139
LABUSDT,SHORT,1777457700,1777461300,0.6541,0.6693,0.6503,TP2,0.232786842105265,0.023238036997401044,1,0.37535014005602196,-2.037577739143188
ZECUSDT,SHORT,1777478400,1777485600,319.38,324.72142857142853,318.04464285714283,SL,-1.0239171971115273,0.01672436774822642,1,0.5750708215297446,-2.1007143798222585
LABUSDT,SHORT,1777481100,1777482900,0.6367,0.6577142857142858,0.6314464285714286,SL,-1.012119374575119,0.03300500347775362,1,0.2578616352201255,-2.642955152599912
LABUSDT,LONG,1777485600,1777490100,0.681,0.6552571428571429,0.6874357142857144,SL,-1.010581576026637,0.03780155233899728,1,0.19055374592833943,2.63005058027136
AAVEUSDT,SHORT,1777486500,1777487400,92.66,94.21,92.2725,TP2,0.2260877419354862,0.016727822145478126,1,0.28621908127208723,-2.314757553273375
DOTUSDT,SHORT,1777486500,1777487400,1.187,1.2074285714285715,1.181892857142857,TP2,0.22675804195804744,0.017210253941509233,1,0.45454545454545453,-2.671549969553735
LABUSDT,LONG,1777499100,1777500000,0.6891,0.6704857142857144,0.6937535714285714,TP2,0.23519201841903,0.02701245931546318,1,0.44283121597096264,2.3885051766807353
LABUSDT,SHORT,1777523400,1777531500,0.6644,0.6824714285714285,0.6598821428571429,TP2,0.23529391304347824,0.02719962157048246,1,0.27019498607242404,-1.6437618126586766
LABUSDT,LONG,1777545900,1777554000,0.6985,0.6780857142857143,0.7036035714285714,SL,-1.0136864940517845,0.029225892218018162,1,0.4218566392479443,2.7438638805075803
LABUSDT,SHORT,1777563900,1777565700,0.6681,0.6836714285714286,0.6642071428571429,TP2,0.23283779816513764,0.023307032736758868,1,0.4092307692307689,-2.112584395443161
ZECUSDT,LONG,1777572900,1777573800,347.49,341.84999999999997,348.90000000000003,TP2,0.22535531914893878,0.016230682897349642,1,0.6992263056092792,2.5163797569636857
LABUSDT,LONG,1777582800,1777583700,0.6905,0.6766,0.693975,TP2,0.2301294964028777,0.02013034033309195,1,0.4419354838709694,2.504013083223605
LABUSDT,SHORT,1777614300,1777621500,0.6758,0.6901428571428571,0.6722142857142857,TP2,0.23115298804781068,0.021223523443115,1,0.30192719486081254,-2.305978423555564
LABUSDT,LONG,1777632300,1777633200,0.7031,0.6857857142857142,0.7074285714285714,TP2,0.23375676567656922,0.02462563748298347,1,0.2595744680851053,2.791402120430741
TAOUSDT,LONG,1777647600,1777648500,266.3,261.3,267.55,TP2,0.22869600000000004,0.018775816748028567,1,0.23720930232558246,2.855544356802811
LABUSDT,SHORT,1777652100,1777653000,0.6905,0.7058142857142857,0.6866714285714286,TP2,0.2319645522388042,0.022178545567394264,1,0.0983606557377051,-2.0516305893712077
ZECUSDT,LONG,1777652100,1777653000,361.38,355.16,362.935,TP2,0.2267601286173656,0.01721179921412362,1,0.4953111679454409,2.7791042243287887
LABUSDT,LONG,1777663800,1777664700,0.7585,0.7358857142857143,0.7641535714285713,TP2,0.23658370183196215,0.029814483473019997,1,0.47457627118644036,3.326005035200572
LABUSDT,LONG,1777675500,1777677300,0.9624,0.8539,0.989525,TP2,0.24645198156681977,0.11273898586866167,1,0.6670740650207776,1.6089602637696125
LABUSDT,LONG,1777693500,1777695300,1.4276,1.219142857142857,1.4797142857142858,TP2,0.24726063596491255,0.1460192931193211,1,0.4320521295684201,2.094448945162848
LABUSDT,LONG,1777731300,1777732200,2.4889,2.218971428571429,2.556382142857143,TP2,0.24631176501720115,0.10845295971255227,1,0.5331258337038679,3.1358251395959496
LABUSDT,SHORT,1777747500,1777754700,1.6307,2.4768285714285714,1.4191678571428572,SL,-1.0007708993905013,0.5188744535650772,1,0.19266475644699144,-2.478351361834528
TAOUSDT,LONG,1777752900,1777757400,290.9,286.0428571428571,292.1142857142857,SL,-1.0239564705882351,0.01669695035112713,1,0.7720207253886017,1.9534285173235826
LABUSDT,SHORT,1777772700,1777777200,1.2612,2.0953714285714287,1.052657142857143,TP2,0.24939523222359228,0.6614109011825473,1,0.3686413836789776,-1.849195925888458
ZECUSDT,LONG,1777814100,1777816800,403.53,395.2028571428571,405.6117857142857,SL,-1.0193838394235717,0.020635746678420115,1,0.48100616016427084,2.181574177407489
LABUSDT,LONG,1777826700,1777827600,1.7553,1.5142428571428572,1.8155642857142857,TP2,0.24708732961953278,0.13733102196612706,1,0.38209159261790854,2.954265532995997
ZECUSDT,LONG,1777833900,1777840200,405.81,397.4971428571429,407.8882142857143,TP2,0.23047313971472935,0.020484603984271335,1,0.29457565533350627,1.980573964064931
LABUSDT,LONG,1777845600,1777852800,2.588,2.1605714285714286,2.694857142857143,SL,-1.0024219251336899,0.1651578714948112,1,0.48602582496413227,1.462776820151085
ZECUSDT,LONG,1777846500,1777848300,412.79,405.8828571428572,414.51678571428573,TP2,0.2260948914167528,0.01673282506151516,1,0.4002820874471087,2.1370680217521882
LABUSDT,SHORT,1777881600,1777883400,1.7894,2.058742857142857,1.7220642857142858,TP2,0.24734256921608147,0.15052132398729026,1,0.24822572269343965,-2.6640325197754033
ZECUSDT,SHORT,1777890600,1777901400,404.93,413.43,402.805,SL,-1.0190555294117647,0.02099128244387921,1,0.271055900621119,-2.990191980954888
LABUSDT,SHORT,1777895100,1777899600,1.5043,1.7565,1.44125,SL,-1.002385884218874,0.1676527288439806,1,0.5696578027333407,-1.5933080841989764
LABUSDT,SHORT,1777928400,1777929300,1.5309,1.6615714285714285,1.4982321428571428,TP2,0.24531374221056085,0.08535595308082077,1,0.2952098031934646,-2.302309981936958
ZECUSDT,LONG,1777932000,1777932900,426.36,418.71857142857147,428.27035714285716,TP2,0.22768166012338945,0.017922479996783404,1,0.45357643758765925,2.7332668737056447
LABUSDT,LONG,1777941000,1777941900,1.8288,1.6056857142857144,1.8845785714285714,TP2,0.24672132155205553,0.12200037495313083,1,0.15446696696696713,2.853606497770134
LABUSDT,LONG,1777964400,1777965300,1.9126,1.7449285714285716,1.9545178571428572,TP2,0.24543726676322739,0.08766675131832505,1,0.2600235079012666,3.02791213255779
ZECUSDT,LONG,1778009400,1778010300,445.24,438.0571428571429,447.0357142857143,TP2,0.22520540970564645,0.016132551304593377,1,0.4416691154863346,4.087345307770132
LABUSDT,LONG,1778015700,1778017500,2.9116,2.6644,2.9734,SL,-1.0047113268608414,0.08490177222145899,1,0.40710659898477125,3.4977474879065262
TAOUSDT,LONG,1778020200,1778021100,303.8,297.37142857142857,305.40714285714284,SL,-1.018903111111111,0.02116053794789808,1,0.6358208955223867,2.895912567197974
TAOUSDT,SHORT,1778034600,1778050800,284.3,290.6571428571429,282.7107142857143,SL,-1.0178885393258428,0.022360685392693865,1,0.09128630705394157,-2.1510422949132004
ZECUSDT,LONG,1778045400,1778047200,538.96,525.7642857142857,542.2589285714287,TP2,0.23366257442893154,0.02448366165525147,1,0.5326890278567383,2.528143487298447
LABUSDT,LONG,1778051700,1778052600,2.9505,2.748457142857143,3.001010714285714,TP2,0.24415866506398926,0.06847749776067004,1,0.2635876499106913,2.9256093701011765
NEARUSDT,LONG,1778056200,1778057100,1.402,1.3782857142857141,1.4079285714285714,TP2,0.22635180722891807,0.016914611779091156,1,0.6666666666666666,3.0056652251402642
TAOUSDT,LONG,1778057100,1778061600,298.8,293.9857142857143,300.00357142857143,TP2,0.22517388724035606,0.016112067316886587,1,0.5458515283842827,2.3939284661405305
NEARUSDT,LONG,1778067000,1778067900,1.461,1.4215714285714285,1.4708571428571429,TP2,0.23517826086956245,0.026987386330302184,1,0.7382198952879588,1.4567739543740168
TAOUSDT,LONG,1778068800,1778069700,312.7,305.3142857142857,314.5464285714286,TP2,0.23306460348162675,0.02361916944584045,1,0.625766871165643,2.4108485630512546
LABUSDT,LONG,1778070600,1778071500,3.6504,3.3531,3.724725,TP2,0.2450885973763875,0.08144312952005262,1,0.37695881565477596,2.7832640620431897
LABUSDT,SHORT,1778075100,1778076000,2.5831,3.0444285714285715,2.467767857142857,TP2,0.24776029480073103,0.1785949329985566,1,0.42375764018070683,-2.944980444824736
TAOUSDT,LONG,1778081400,1778083200,319.1,309.7142857142858,321.4464285714286,TP2,0.23640060882800912,0.029413081434391312,1,0.41624365482233555,2.348944782501738
LABUSDT,LONG,1778082300,1778083200,4.2051,3.358242857142857,4.416814285714286,TP2,0.24801378542510122,0.2013881103557925,1,0.22155688622754482,1.9274134507597511
NEARUSDT,LONG,1778082300,1778083200,1.503,1.456,1.5147499999999998,TP2,0.23720851063829668,0.03127079174983369,1,0.32631578947368267,1.8462904111461544
NEARUSDT,LONG,1778103900,1778105700,1.538,1.508714285714286,1.5453214285714285,SL,-1.0210068292682928,0.01904142671372829,1,0.1388888888888893,2.8195992081890853
ZECUSDT,SHORT,1778123700,1778130900,535.41,547.1042857142857,532.4864285714285,SL,-1.0183135597361348,0.021841739441336015,1,0.5097018457169934,-2.5531173692927513
NEARUSDT,LONG,1778130900,1778131800,1.502,1.476,1.5085,TP2,0.22689230769230553,0.01731025299600532,1,0.20879120879120783,2.35124026441593
LABUSDT,LONG,1778135400,1778136300,4.7542,4.339814285714286,4.857796428571429,TP2,0.24541084565794463,0.08716202816156543,1,0.21433988279903396,2.5958942039205577
TAOUSDT,LONG,1778136300,1778145300,312.4,306.9142857142857,313.77142857142854,SL,-1.0227791666666668,0.01755990488384851,1,0.26394052044609884,2.172033848521978
NEARUSDT,SHORT,1778144400,1778147100,1.475,1.5021428571428572,1.468214285714286,TP2,0.22826315789473273,0.018401937046004815,1,0.07284768211920505,-1.8849704815725703
ZECUSDT,LONG,1778152500,1778153400,576.45,563.7871428571428,579.6157142857144,TP2,0.23179083935018274,0.02196696529249225,1,0.4123179611650466,2.4951554751695104
LABUSDT,SHORT,1778153400,1778154300,3.8921,4.3223142857142856,3.7845464285714288,TP2,0.24638124522663124,0.11053526006893083,1,0.6177532058665438,-3.809734193264762
BILLUSDT,LONG,1778160600,1778161500,0.07934,0.07403285714285714,0.0806667857142857,TP2,0.24402013458950136,0.06689113759948147,1,0.4081115335868186,2.7950270222690055
BILLUSDT,SHORT,1778184000,1778187600,0.07418,0.08127571428571428,0.07240607142857142,TP2,0.2458183209180602,0.09565535569849408,1,0.2195913071683425,-2.840727424063208
TAOUSDT,SHORT,1778188500,1778199300,297.8,302.90000000000003,296.52500000000003,SL,-1.023356862745098,0.017125587642713252,1,0.3966101694915258,-2.731154482636625
ZECUSDT,SHORT,1778188500,1778189400,554.98,565.8371428571429,552.2657142857144,TP2,0.2295533684210474,0.01956312453988046,1,0.17026135498604134,-2.248061912839526
LABUSDT,LONG,1778193000,1778193900,4.4906,4.230942857142857,4.555514285714286,TP2,0.2430822623239445,0.05782237181159371,1,0.38653658536585384,2.8942281388900457
ZECUSDT,LONG,1778198400,1778199300,574.59,562.7828571428572,577.5417857142858,TP2,0.2305341560798572,0.020548813688269642,1,0.2742407199100108,2.4075367367148246
BILLUSDT,LONG,1778225400,1778227200,0.07824,0.07456428571428572,0.07915892857142857,TP2,0.24148573649436456,0.04697998831434409,1,0.5439524124256438,1.6082190196024322
NEARUSDT,LONG,1778230800,1778231700,1.544,1.5167142857142857,1.5508214285714286,TP2,0.227365445026176,0.017672094744633632,1,0.39860139860139876,2.0479609191882147
ZECUSDT,SHORT,1778232600,1778233500,561.98,570.9985714285714,559.7253571428572,TP2,0.22507454459052426,0.016047851219921368,1,0.06004560425639716,-2.2391803035036433
LABUSDT,SHORT,1778234400,1778235300,4.3146,4.512714285714286,4.265071428571429,TP2,0.24128866455148654,0.045917184840839405,1,0.3576058474693152,-2.9358736933684617
ZECUSDT,LONG,1778239800,1778245200,577.72,566.787142857143,580.4532142857144,TP2,0.22886298183719317,0.01892414516176886,1,0.06802570352315644,1.6099510967934116
NEARUSDT,LONG,1778255100,1778262300,1.586,1.5554285714285714,1.5936428571428571,SL,-1.0207514018691588,0.019275806161052098,1,0.24812030075187907,2.2226321848075945
SEIUSDT,LONG,1778257800,1778258700,0.06377,0.06274285714285714,0.0640267857142857,TP2,0.2251660639777434,0.016106991644078007,1,0.3064516129032251,2.3607766405642048
TAOUSDT,LONG,1778260500,1778261400,314.9,309.7428571428571,316.1892857142857,TP2,0.2255756232686954,0.01637708115955185,1,0.24561403508771767,2.11834317114781
ZECUSDT,LONG,1778261400,1778262300,589.78,575.4185714285715,593.3703571428571,TP2,0.23357322192380187,0.024350484199919576,1,0.23945511242409395,2.4323340167104877
DOTUSDT,LONG,1778262300,1778265000,1.362,1.3391428571428572,1.3677142857142859,TP2,0.2261650000000025,0.01678204321376131,1,0.5531914893617035,1.590649008443469
LABUSDT,SHORT,1778265900,1778266800,4.1085,4.299457142857143,4.060760714285714,TP2,0.24139388045186022,0.04647855491228986,1,0.1621139327385034,-1.9482361088339144
BILLUSDT,LONG,1778271300,1778273100,0.09159,0.08797714285714286,0.09249321428571429,SL,-1.0101404507710559,0.0394459781947499,1,0.25663716814159326,3.37305957100609
ZECUSDT,SHORT,1778271300,1778274900,569.12,582.8885714285715,565.6778571428572,SL,-1.0165338866984852,0.024192738664203437,1,0.20565319804312354,-2.2322321680897597
ZECUSDT,LONG,1778277600,1778278500,596.62,584.1385714285714,599.7403571428572,TP2,0.23087975277555456,0.020920231590339896,1,0.20529022777369635,2.6353533735700716
BILLUSDT,LONG,1778283000,1778283900,0.09675,0.09112142857142858,0.09815714285714286,TP2,0.2431243654822335,0.05817644887412329,1,0.49052631578947387,1.8696146710036838
SUIUSDT,LONG,1778289300,1778290200,1.0928,1.0740571428571428,1.0974857142857142,TP2,0.2266780487804818,0.017151223593390445,1,0.6311399443929588,2.8181116269524558
SEIUSDT,LONG,1778291100,1778292900,0.06778,0.06656285714285716,0.06808428571428572,TP2,0.2277248826291107,0.017957256670741384,1,0.4679186228482039,2.1792104686328493
BILLUSDT,SHORT,1778292900,1778303700,0.08312,0.09133857142857142,0.08106535714285715,SL,-1.00404547192769,0.09887597965076309,1,0.18979865771812104,-2.2869897039773424
ZECUSDT,LONG,1778305500,1778309100,636.19,620.8328571428572,640.0292857142857,SL,-1.016570530232558,0.02413923962517936,1,0.52865595942519,2.5724660952669747
BILLUSDT,LONG,1778307300,1778308200,0.0967,0.09227428571428571,0.09780642857142857,TP2,0.2412601678502275,0.04576746934554585,1,0.3850702143385072,2.161850933681884
ZECUSDT,SHORT,1778328900,1778331600,587.47,601.4428571428572,583.9767857142857,SL,-1.0168174624271547,0.023784801169178204,1,0.4838709677419345,-2.886215174091451
LABUSDT,LONG,1778341500,1778342400,4.3854,4.246657142857143,4.420085714285714,TP2,0.23735675453048097,0.031637446331658936,1,0.40083112958065775,3.71831050836355
BILLUSDT,LONG,1778343300,1778344200,0.13262,0.12291285714285713,0.1350467857142857,TP2,0.24453515820456073,0.07319516556434065,1,0.7228480340063766,4.0605286998870795
LABUSDT,LONG,1778355900,1778359500,4.592,4.410057142857143,4.637485714285714,TP2,0.23990452261306652,0.03962170233947233,1,0.49914417379855014,2.4507649244051337
BILLUSDT,SHORT,1778396400,1778397300,0.09866,0.10793285714285714,0.09634178571428571,TP2,0.2457441380372824,0.09398801077292868,1,0.446242774566474,-3.5219930099487224
LABUSDT,LONG,1778399100,1778401800,5.245,5.012714285714286,5.303071428571429,SL,-1.0090319803198031,0.04428707612692363,1,0.5936004031242115,3.7948809280311138
ZECUSDT,SHORT,1778408100,1778409900,597.34,607.37,594.8325,TP2,0.22617786640080323,0.016791107242106654,1,0.2830188679245295,-2.686573532076068
SUIUSDT,LONG,1778409000,1778414400,1.1442,1.1201142857142858,1.1502214285714287,TP2,0.23099786476868558,0.02105026593752339,1,0.6280765724703714,1.8996185078729162
BILLUSDT,LONG,1778415300,1778417100,0.12256,0.11543285714285716,0.12434178571428571,SL,-1.0068784926839045,0.058152275270421425,1,0.524410312671421,1.9199869605697193
LABUSDT,SHORT,1778418000,1778425200,4.695,4.915842857142858,4.639789285714286,TP2,0.2414962157966213,0.04703788224554993,1,0.3821170809943862,-3.976996209609769
SUIUSDT,LONG,1778422500,1778426100,1.1517,1.1245,1.1584999999999999,TP2,0.23306323529411557,0.023617261439610997,1,0.21877365632096824,1.7067780775456636
SEIUSDT,LONG,1778432400,1778433300,0.07319,0.07200571428571428,0.07348607142857143,TP2,0.22527961399275653,0.01618097710460056,1,0.8466898954703804,2.6355979069524724
SUIUSDT,LONG,1778433300,1778434200,1.2976,1.2463285714285715,1.3104178571428573,TP2,0.23987662301476845,0.03951250660560157,1,0.6957076073098185,2.160501139284274
XLMUSDT,LONG,1778436000,1778436900,0.1728,0.1698714285714286,0.17353214285714286,TP2,0.22639804878048542,0.01694775132275129,1,0.7187500000000008,1.8026529324755696
AAVEUSDT,LONG,1778442300,1778445900,103.09,101.39857142857143,103.51285714285714,SL,-1.0243793918918918,0.016407300139960945,1,0.5885022692889613,2.807866519682827
NEARUSDT,SHORT,1778445900,1778446800,1.569,1.5964285714285715,1.562142857142857,TP2,0.22711875000000006,0.017481562414640866,1,0.07936507936507964,-1.8760797108526104
ZECUSDT,SHORT,1778445900,1778446800,569.38,579.0885714285714,566.9528571428572,TP2,0.22654114184814303,0.01705112829493733,1,0.527618293407247,-3.058267088210488
BILLUSDT,SHORT,1778466600,1778469300,0.11538,0.12250142857142857,0.11359964285714286,TP2,0.2435192778335,0.061721516479706785,1,0.3061386138613861,-1.6818981206126313
LABUSDT,SHORT,1778469300,1778470200,4.6682,4.828314285714286,4.628171428571428,TP2,0.2383378301213419,0.03429893443174794,1,0.2462177888611796,-3.4376192862357247
TAOUSDT,SHORT,1778469300,1778477400,313.8,319.62857142857143,312.34285714285716,SL,-1.021535294117647,0.018574160065555838,1,0.2790697674418615,-3.023602336960983
ZECUSDT,SHORT,1778474700,1778476500,576.24,587.0571428571429,573.5357142857143,TP2,0.22869160063390923,0.018771940262985697,1,0.2787219578517999,-1.9523348950675754
SEIUSDT,LONG,1778480100,1778481000,0.07685,0.07535285714285715,0.07722428571428572,TP2,0.2294675572519107,0.019481364439074243,1,0.3333333333333333,2.610184898117916
BILLUSDT,LONG,1778481000,1778481900,0.12131,0.11560714285714287,0.12273571428571428,TP2,0.24149128256512964,0.04701061036070513,1,0.1774802608994164,2.466619913696532
LABUSDT,SHORT,1778481900,1778482800,4.4994,4.679042857142856,4.454489285714286,TP2,0.2399814552683884,0.03992595838175245,1,0.4778162129643577,-2.340424453634306
SUIUSDT,SHORT,1778490000,1778505300,1.2492,1.288557142857143,1.2393607142857144,SL,-1.0126960435571688,0.03150587804766477,1,0.1774275546517537,-1.9944379323767654
SEIUSDT,LONG,1778502600,1778503500,0.07593,0.0745,0.0762875,TP2,0.22876083916083684,0.018833135782958074,1,0.1535380507343114,2.3597562040138382
BILLUSDT,LONG,1778504400,1778507100,0.13814,0.13051142857142858,0.14004714285714287,TP2,0.24275670411985018,0.05522347928602446,1,0.21247449723112816,2.4129242549291283
ZECUSDT,SHORT,1778509800,1778510700,555.91,564.8442857142857,553.6764285714286,TP2,0.22511116085704833,0.016071460693791666,1,0.3466371027346647,-3.1344930502652057
SEIUSDT,SHORT,1778510700,1778512500,0.07381,0.07604857142857142,0.07325035714285714,TP2,0.23681123165283982,0.030328836588151054,1,0.023381294964028437,-1.526319829851502
LABUSDT,LONG,1778512500,1778513400,4.7755,4.591314285714286,4.821546428571429,TP2,0.23962894593965717,0.03856888583095262,1,0.4713367081680109,2.9789985864971973
AAVEUSDT,LONG,1778515200,1778516100,101.78,100.13285714285715,102.19178571428571,TP2,0.22528326105810928,0.016183364680122395,1,0.24338624338624285,2.7995869129683
LABUSDT,LONG,1778525100,1778526000,5.2172,4.932842857142857,5.288289285714286,TP2,0.24266106003516705,0.05450378418637249,1,0.5830255273742101,2.3825105445623422
SUIUSDT,LONG,1778526000,1778527800,1.3187,1.2877857142857143,1.3264285714285715,TP2,0.2329373382624805,0.023443001224149315,1,0.16622691292875993,1.7843676067033492
SUIUSDT,SHORT,1778549400,1778550300,1.2795,1.303857142857143,1.2734107142857143,TP2,0.22898768328445984,0.019036453971975745,1,0.2554112554112548,-2.001768109860761
SEIUSDT,SHORT,1778550300,1778551200,0.0737,0.07539,0.07327750000000001,TP2,0.23255621301774732,0.022930800542740774,1,0.14249037227214442,-2.440990529730747
BILLUSDT,LONG,1778558400,1778559300,0.14672,0.1401042857142857,0.14837392857142856,TP2,0.24112900021593608,0.04509074622215298,1,0.27112317611129955,1.9364751062450178
LABUSDT,SHORT,1778563800,1778566500,4.7062,5.038728571428572,4.623067857142857,TP2,0.2443388924689608,0.0706575520438085,1,0.15125570776255687,-2.7072530142169127
NEARUSDT,LONG,1778580900,1778581800,1.601,1.5698571428571428,1.6087857142857143,SL,-1.0205633027522936,0.019452128134201815,1,0.42857142857142905,2.396969349346894
SUIUSDT,SHORT,1778580900,1778581800,1.2603,1.2825,1.25475,TP2,0.2272918918918894,0.017614853606284217,1,0.21135029354207485,-1.7922982320135945
BILLUSDT,LONG,1778582700,1778583600,0.15373,0.14473571428571427,0.15597857142857144,TP2,0.24316321473951716,0.05850702995046978,1,0.2364485981308404,3.252003325752426
BILLUSDT,LONG,1778593500,1778594400,0.17188,0.16031428571428571,0.17477142857142858,TP2,0.24405553359683796,0.06728947105954325,1,0.5301106104055708,1.938402732310196
SEIUSDT,SHORT,1778599800,1778605200,0.06917,0.07032999999999999,0.06888,TP2,0.22614827586206884,0.016770276131270703,1,0.49333333333333285,-2.8021242859749496
SUIUSDT,SHORT,1778599800,1778606100,1.2169,1.249557142857143,1.2087357142857145,SL,-1.0149051618547682,0.02683634058438894,1,0.2767584097859301,-2.18419877722144
NEARUSDT,LONG,1778607000,1778607900,1.577,1.5344285714285713,1.5876428571428571,TP2,0.23518255033557048,0.026995198840474705,1,0.10909090909090888,2.5448776479205306
BILLUSDT,LONG,1778617800,1778618700,0.19405,0.18426,0.1964975,TP2,0.24207150153217497,0.050450914712702924,1,0.4236387782204513,2.8450102641270423
LABUSDT,LONG,1778620500,1778633100,5.1032,4.8007,5.178825,SL,-1.0067480330578513,0.0592765323718451,1,0.5017914388082231,1.955183785419253
NEARUSDT,LONG,1778620500,1778625900,1.643,1.602,1.65325,SL,-1.016029268292683,0.02495435179549602,1,0.46788990825688076,1.688538948635015
ZECUSDT,LONG,1778632200,1778634900,580.89,569.21,583.81,TP2,0.2301065068493126,0.020107077071390422,1,0.48830245180610043,2.13419735588827
NEARUSDT,LONG,1778634900,1778635800,1.661,1.626857142857143,1.6695357142857143,TP2,0.23054058577406017,0.02055560333706028,1,0.2804878048780482,2.717145820765513
LABUSDT,LONG,1778642100,1778643900,5.1541,4.947185714285714,5.2058285714285715,TP2,0.24003626070146586,0.04014557065526198,1,0.19026149684400387,3.0504718305016936
ZECUSDT,SHORT,1778650200,1778651100,557.52,569.6171428571429,554.4957142857143,TP2,0.2315652338214455,0.021698132546173948,1,0.34592066516542697,-2.5622026120682837
BILLUSDT,SHORT,1778652900,1778654700,0.17134,0.18382428571428572,0.16821892857142856,TP2,0.24451021856047603,0.07286264570027848,1,0.2985719030222512,-2.5505176556826537
BILLUSDT,LONG,1778661900,1778663700,0.19678,0.18078285714285716,0.20077928571428572,TP2,0.24507962136095687,0.08129455664774292,1,0.1549805230940456,1.9522008315951072
LABUSDT,LONG,1778662800,1778664600,5.588,5.346928571428571,5.648267857142857,TP2,0.24072805925925744,0.04314091420390635,1,0.4492062035422595,3.23650776431665
NEARUSDT,SHORT,1778665500,1778666400,1.592,1.6232857142857144,1.5841785714285714,SL,-1.0203543378995434,0.019651830581478846,1,0.3631284916201127,-2.3644508783331526
DOTUSDT,SHORT,1778679900,1778680800,1.349,1.3734285714285714,1.342892857142857,TP2,0.2279111111111111,0.018108651911468796,1,0.3587786259541991,-1.8201601739371143
ZECUSDT,SHORT,1778680800,1778685300,536.4,547.1014285714285,533.7246428571428,TP2,0.22995034040849022,0.01995046340683927,1,0.35716034271725905,-3.4620010363261824
SUIUSDT,SHORT,1778685300,1778686200,1.1957,1.2155714285714285,1.190732142857143,TP2,0.2259312724658491,0.01661907549672039,1,0.44262295081967296,-2.362096776537331
TAOUSDT,SHORT,1778686200,1778688000,293.6,298.45714285714286,292.3857142857143,TP2,0.22582117647059113,0.01654340210198518,1,0.6161616161616152,-2.0655791981204574
BILLUSDT,SHORT,1778687100,1778688000,0.17839,0.19459428571428572,0.17433892857142858,TP2,0.24559647359604958,0.09083628967030509,1,0.3658146964856225,-2.7752159724446517
NEARUSDT,SHORT,1778687100,1778690700,1.555,1.5814285714285714,1.5483928571428571,SL,-1.0235351351351352,0.016995865870463926,1,0.4719999999999987,-2.0491597243103237
ZECUSDT,SHORT,1778706900,1778707800,520.42,530.082857142857,518.0042857142856,TP2,0.22845688941455344,0.018567420819447993,1,0.4426314426314433,-2.4107651113158934
BILLUSDT,LONG,1778719500,1778720400,0.18867,0.18155428571428572,0.1904489285714286,TP2,0.23939417787593048,0.03771513375583975,1,0.21821515892420532,2.741910815258835
NEARUSDT,SHORT,1778729400,1778740200,1.55,1.5791428571428572,1.5427142857142857,SL,-1.0212745098039215,0.018801843317972387,1,0.1858407079646033,-2.085188507988331
BILLUSDT,SHORT,1778731200,1778734800,0.17903,0.19148857142857142,0.17591535714285714,TP2,0.24425198945075105,0.06958929469123293,1,0.08693771626297574,-1.9011177879157912
LABUSDT,SHORT,1778731200,1778733900,5.66,5.960742857142857,5.584814285714286,TP2,0.2424719741592255,0.053134780413932305,1,0.2787829554685764,-3.18016029202351
SUIUSDT,LONG,1778736600,1778739300,1.2232,1.2032857142857143,1.2281785714285716,SL,-1.0245692969870874,0.016280482107820234,1,0.18652226233453714,2.6742637249638874
LABUSDT,SHORT,1778742900,1778752800,5.3856,5.762342857142857,5.291414285714286,TP2,0.24428193538601609,0.06995373907138613,1,0.5462328767123297,-1.675390667609903
BILLUSDT,LONG,1778755500,1778760900,0.18433,0.16966571428571428,0.18799607142857142,TP2,0.24497200194836777,0.07955452565662514,1,0.2239657631954353,2.430269401360338
LABUSDT,SHORT,1778761800,1778762700,5.0536,5.329457142857144,4.984635714285715,SL,-1.0073278508544796,0.0545862638232434,1,0.49178507992895343,-3.2788229502856625
HYPEUSDT,LONG,1778764500,1778765400,40.72,40.028571428571425,40.89285714285714,TP2,0.22644297520660653,0.01698007297221449,1,0.5451713395638615,2.5311907582655677
BILLUSDT,LONG,1778768100,1778769000,0.19492,0.1840557142857143,0.19763607142857142,TP2,0.24282345825114926,0.055737152238280845,1,0.5679270378111345,1.3985572999444174
ZECUSDT,LONG,1778769900,1778770800,550.13,540.0385714285715,552.6528571428571,TP2,0.22819416761041614,0.018343716160595745,1,0.4855997083485231,3.5448702735131055
HYPEUSDT,LONG,1778776200,1778777100,42.83,41.80428571428571,43.08642857142857,TP2,0.23329749303621167,0.023948500717120794,1,0.7148148148148162,1.391924661023544
XRPUSDT,LONG,1778782500,1778783400,1.508,1.4822857142857144,1.5144285714285715,TP2,0.22654222222222428,0.017051913603637673,1,0.4838709677419355,2.3112409040895527
DOTUSDT,LONG,1778783400,1778786100,1.412,1.3872857142857142,1.4181785714285713,TP2,0.22714682080924628,0.017503035208417627,1,0.6666666666666687,1.7532554669884914
HYPEUSDT,LONG,1778787000,1778789700,44.65,43.73285714285714,44.879285714285714,SL,-1.019473520249221,0.020540713485842247,1,0.6757990867579885,1.433174931530952
NEARUSDT,SHORT,1778789700,1778790600,1.571,1.5988571428571428,1.5640357142857142,TP2,0.2274420512820533,0.017732108756933734,1,0.19480519480519592,-2.1045348522073537
SUIUSDT,SHORT,1778790600,1778800500,1.1908,1.2107857142857144,1.1858035714285715,TP2,0.2261669764117226,0.01678343490570561,1,0.23025583982202527,-2.5668147857875834
ZECUSDT,LONG,1778796000,1778796900,555.93,542.6657142857142,559.2460714285713,TP2,0.23323528271405067,0.023859632893144314,1,0.35918811163465164,2.3356376632863385
BILLUSDT,LONG,1778805900,1778806800,0.21598,0.20690714285714287,0.21824821428571428,TP2,0.24047797197291687,0.042007857870437745,1,0.3102958579881654,1.9627171928589984
HYPEUSDT,LONG,1778809500,1778810400,46.28,45.505714285714284,46.47357142857143,TP2,0.22609151291513147,0.0167304605506853,1,0.4930232558139557,2.650514112478667
LABUSDT,SHORT,1778823000,1778823900,4.9204,5.271042857142857,4.832739285714285,TP2,0.24438699531472932,0.07126307965670615,1,0.49144669763226395,-3.4142521266680084
BILLUSDT,LONG,1778832900,1778834700,0.23098,0.2182157142857143,0.2341710714285714,TP2,0.24276167879126972,0.0552614326534146,1,0.3416315587897359,2.524512471473777
HYPEUSDT,SHORT,1778850000,1778850900,43.47,44.61142857142857,43.184642857142855,TP2,0.2347664580725923,0.026257846133622538,1,0.453608247422681,-3.7538205021033626
TAOUSDT,SHORT,1778859000,1778861700,286.4,291.5,285.125,TP2,0.22753725490195523,0.01780726256983243,1,0.5982142857142853,-1.6555260519657384
ZECUSDT,SHORT,1778859000,1778859900,516.66,525.8642857142858,514.3589285714286,TP2,0.22754698121992248,0.017814976414442265,1,0.667653833497869,-2.3214022389085653
BILLUSDT,SHORT,1778859900,1778863500,0.19509,0.2057757142857143,0.19241857142857144,SL,-1.0073028342245989,0.054773254834764924,1,0.34700460829493135,-3.058067513841843
NEARUSDT,LONG,1778865300,1778866200,1.569,1.5432857142857141,1.5754285714285714,TP2,0.2255933333333334,0.016388964763725793,1,0.1809523809523822,2.3989471663714834
BILLUSDT,SHORT,1778873400,1778874300,0.18466,0.19518999999999997,0.18202749999999998,TP2,0.24298537511870977,0.05702371926784359,1,0.43496503496503497,-1.5971897722684905
BILLUSDT,SHORT,1778887800,1778895000,0.17186,0.18016714285714286,0.1697832142857143,TP2,0.24172471195184866,0.048336686006882686,1,0.5297393065046818,-2.2836009695194885
BILLUSDT,SHORT,1778901300,1778905800,0.16955,0.1801057142857143,0.16691107142857142,TP2,0.24357504398430166,0.062257235539453226,1,0.21230896323833118,-1.816737358327253
HYPEUSDT,SHORT,1778922900,1778923800,41.2,41.98571428571429,41.00357142857143,TP2,0.22902545454545234,0.019070735090152613,1,0.4864048338368575,-1.9265607911362075
BILLUSDT,SHORT,1778924700,1778925600,0.15391,0.16854285714285713,0.1502517857142857,TP2,0.2457927560285068,0.09507411567056817,1,0.1692901692901691,-1.8030545270962515
SUIUSDT,SHORT,1778927400,1778943600,1.0401,1.0574714285714286,1.0357571428571428,SL,-1.0239496710526317,0.01670169077149168,1,0.5354659248956793,-2.4791556688263205
LABUSDT,SHORT,1778967900,1778968800,4.5698,4.6820571428571425,4.541735714285714,TP2,0.23371667090862816,0.02456500128170661,1,0.2589718719689606,-3.1273362676135963
BILLUSDT,SHORT,1778979600,1778983200,0.13845,0.14398571428571427,0.1370660714285714,TP2,0.23999587096774322,0.03998349068771602,1,0.278081615481699,-2.770692154550837
LABUSDT,LONG,1778987700,1778988600,4.8411,4.674714285714286,4.882696428571428,TP2,0.23836174122091391,0.03436940246756192,1,0.5540662923383429,3.1556621833467537
ZECUSDT,LONG,1778994900,1779003000,516.81,508.20285714285706,518.9617857142856,TP2,0.22598227385891462,0.01665436593166323,1,0.1499354838709659,1.9310680942216383
BILLUSDT,SHORT,1778999400,1779000300,0.12973,0.13548285714285715,0.12829178571428573,TP2,0.24097978644151855,0.04434484809109025,1,0.3656118947769727,-2.2845549184827822
BILLUSDT,LONG,1779033600,1779037200,0.14991,0.1427742857142857,0.15169392857142855,SL,-1.0084033633633633,0.04759998856456733,1,0.1357540071965976,2.796544925852479
LABUSDT,SHORT,1779034500,1779036300,4.76,5.037742857142857,4.690564285714285,TP2,0.24314473819565965,0.0583493397358944,1,0.13292884721456016,-2.436742278644667
BILLUSDT,LONG,1779044400,1779047100,0.16046,0.15082714285714285,0.16286821428571427,TP2,0.24333697167432822,0.06003276294937767,1,0.44337459880788543,3.050932878058032
HYPEUSDT,LONG,1779044400,1779045300,45.48,44.73714285714285,45.66571428571428,TP2,0.22551076923076455,0.01633371026510874,1,0.6306954436450853,3.071935766754792
ZECUSDT,LONG,1779051600,1779052500,536.61,527.2457142857143,538.9510714285715,TP2,0.22707844393592988,0.01745082222523945,1,0.5111515703231708,2.685274507817537
LABUSDT,SHORT,1779056100,1779057000,4.2224,4.410871428571429,4.175282142857143,SL,-1.0089613582960661,0.044636090510474714,1,0.5597969991173867,-3.349885952375118
NEARUSDT,SHORT,1779061500,1779071400,1.494,1.5185714285714285,1.4878571428571428,SL,-1.0243209302325582,0.016446739338305576,1,0.31249999999999767,-2.503350958388428
ZECUSDT,LONG,1779079500,1779080400,541.07,528.32,544.2575,TP2,0.23302525490196077,0.023564418651930433,1,0.09405693357749453,2.634201730782913
LABUSDT,LONG,1779081300,1779082200,4.7615,4.474914285714286,4.833146428571428,TP2,0.2433541697821644,0.06018811598985909,1,0.5084250343878945,2.1399562860275245
BILLUSDT,SHORT,1779083100,1779084000,0.14538,0.1542,0.14317500000000002,TP2,0.24340680272108683,0.060668592653734976,1,0.2026901669758806,-3.024135477442106
ZECUSDT,SHORT,1779099300,1779102000,522.07,531.7842857142858,519.6414285714286,TP2,0.22850300000000004,0.018607247522910205,1,0.41368462445930143,-1.8758365817486293
LABUSDT,LONG,1779101100,1779110100,4.9522,4.8018,4.989800000000001,TP2,0.23682925531915044,0.030370340454747416,1,0.43951043464616063,2.347297990856365
BILLUSDT,LONG,1779106500,1779107400,0.15215,0.14340285714285714,0.15433678571428572,TP2,0.24304229952637516,0.05749025867330172,1,0.41395874540830696,3.066248803157586
NEARUSDT,LONG,1779108300,1779111900,1.531,1.5052857142857141,1.5374285714285714,SL,-1.0238155555555555,0.016795745077913673,1,0.44761904761904797,1.8045852746560072
HYPEUSDT,SHORT,1779116400,1779117300,44.69,45.70428571428572,44.43642857142857,TP2,0.23237577464788386,0.022696032989163492,1,0.17333333333333262,-2.4212591221058424
ZECUSDT,LONG,1779119100,1779120000,531.88,522.3028571428572,534.2742857142857,TP2,0.22778544152744915,0.01800620977878999,1,0.3728813559322066,2.647087890331613
ZECUSDT,LONG,1779131700,1779132600,547.57,537.3371428571429,550.1282142857143,TP2,0.22859561636185688,0.018687760729874152,1,0.5552957680617258,3.3300289257821474
NEARUSDT,LONG,1779132600,1779133500,1.558,1.5291428571428571,1.5652142857142857,TP2,0.22840396039603578,0.01852191454245373,1,0.46762589928057435,1.7384728407377705
HYPEUSDT,LONG,1779134400,1779138900,46.4,45.52285714285714,46.61928571428571,TP2,0.22884039087947472,0.01890394088669947,1,0.4035874439461857,3.1323485085786626
ZECUSDT,LONG,1779142500,1779144300,565.84,551.1942857142858,569.5014285714286,TP2,0.23454592274678304,0.025883137080648738,1,0.5353504637372688,1.7236620559796783
NEARUSDT,LONG,1779143400,1779147900,1.615,1.5825714285714285,1.6231071428571429,TP2,0.23007929515418504,0.02007961079168512,1,0.42483660130718914,1.5314575919442845
HYPEUSDT,LONG,1779149700,1779156900,48.35,47.03142857142857,48.67964285714286,SL,-1.0146673889490792,0.027271384251735867,1,0.4889589905362781,1.8781147301462475
LABUSDT,SHORT,1779152400,1779153300,4.7078,4.818014285714286,4.6802464285714285,TP2,0.23291401166558448,0.023410995733524294,1,0.3033811949976853,-2.0485080051458993
BILLUSDT,SHORT,1779153300,1779154200,0.14823,0.1536242857142857,0.14688142857142858,TP2,0.23900836864406652,0.036391322365821474,1,0.20850367947669654,-2.4248796099124417
BILLUSDT,SHORT,1779174000,1779175800,0.12467,0.12972,0.1234075,TP2,0.24012514851485148,0.04050693831715727,1,0.35442531037244573,-1.6818772921767202
NEARUSDT,LONG,1779176700,1779178500,1.664,1.6369999999999998,1.67075,SL,-1.0246518518518517,0.016225961538461564,1,0.43939393939393917,2.6050245217001557
LABUSDT,SHORT,1779179400,1779180300,4.3708,4.5809428571428565,4.318264285714286,TP2,0.2416803263086325,0.04807880871759321,1,0.4317203375236758,-3.508390825286395
BILLUSDT,SHORT,1779192000,1779199200,0.11385,0.12001142857142857,0.11230964285714286,SL,-1.0073911430558775,0.05411882803187153,1,0.3935443823711976,-1.7159993707903207
LABUSDT,LONG,1779201900,1779202800,4.6919,4.503385714285715,4.739028571428572,SL,-1.0099555319793876,0.040178666577353736,1,0.6275773195876299,3.956782871141505
LABUSDT,SHORT,1779203700,1779204600,3.4638,3.891514285714286,3.3568714285714285,SL,-1.0032393587174349,0.12348123035807085,1,0.48388879677223245,-3.835899580926537
ZECUSDT,LONG,1779239700,1779242400,578.7,569.3671428571429,581.0332142857143,TP2,0.22519730598499313,0.016127280357451413,1,0.14103677961193237,2.1534492931019122
ZECUSDT,LONG,1779257700,1779262200,589.97,580.4200000000001,592.3575000000001,TP2,0.22528921465969182,0.0161872637591742,1,0.3560621343554576,1.7656689444373581
BILLUSDT,LONG,1779272100,1779273900,0.11646,0.11105571428571429,0.11781107142857142,TP2,0.2413801744647099,0.046404651505115156,1,0.20510396975425316,2.9093709757484496
BILLUSDT,SHORT,1779278400,1779281100,0.10247,0.10933285714285715,0.10075428571428573,TP2,0.24402756036636036,0.06697430606867513,1,0.2223738062755801,-2.8818995727346883
HYPEUSDT,LONG,1779281100,1779283800,50.16,49.284285714285716,50.37892857142857,TP2,0.22708841761827075,0.017458418774208215,1,0.6159420289855061,1.8699522663346406
NEARUSDT,LONG,1779287400,1779288300,1.677,1.649142857142857,1.6839642857142858,TP2,0.2259200000000001,0.016611295681063187,1,0.239669421487604,2.8554694012111086
ZECUSDT,LONG,1779287400,1779288300,614.68,603.1785714285713,617.5553571428571,TP2,0.228622481679297,0.018711245805018175,1,0.5825363825363833,3.5187636472810353
LABUSDT,SHORT,1779288300,1779292800,4.0632,4.1887,4.031825,SL,-1.012950438247012,0.03088698562709194,1,0.11317008603573868,-2.3523428614334336
BILLUSDT,SHORT,1779291900,1779295500,0.09802,0.10202,0.09702,TP2,0.240198,0.040807998367680044,1,0.5977564102564111,-1.3439972256165214
TAOUSDT,LONG,1779292800,1779293700,273.8,269.1714285714286,274.95714285714286,TP2,0.22633827160493525,0.01690493582385479,1,0.5069767441860494,2.206171130476953
ZECUSDT,LONG,1779299100,1779304500,659.38,638.0928571428572,664.7017857142857,TP2,0.23760979800013554,0.032283573746766416,1,0.7641459545214194,1.953108447699366
LABUSDT,LONG,1779300900,1779304500,4.8465,4.571585714285714,4.915228571428571,TP2,0.24294834753689382,0.05672429293599211,1,0.5722608836381289,3.4916982552023725
BILLUSDT,SHORT,1779304500,1779305400,0.092,0.09689714285714285,0.09077571428571428,TP2,0.24248541423570738,0.05322981366459624,1,0.4787393696848437,-1.8076911613880835
HYPEUSDT,LONG,1779305400,1779308100,52.76,51.75,53.012499999999996,TP2,0.22910495049504775,0.019143290371493555,1,0.3362637362637378,2.776698461134835
NEARUSDT,LONG,1779312600,1779313500,1.703,1.6722857142857144,1.7106785714285715,TP2,0.2278213953488372,0.018035399714789017,1,0.13207547169811362,1.7422619545876556
HYPEUSDT,LONG,1779316200,1779317100,53.83,52.66285714285714,54.121785714285714,TP2,0.23155152998776163,0.021682014808524212,1,0.3171641791044782,2.6761355506650006
NEARUSDT,LONG,1779326100,1779328800,1.746,1.7134285714285715,1.7541428571428572,SL,-1.021442105263158,0.018654884634266077,1,0.36774193548387196,2.9409322382359044
SUIUSDT,LONG,1779329700,1779330600,1.1302,1.1085428571428573,1.135614285714286,TP2,0.2291255936675513,0.01916222160426728,1,0.5043029259896763,2.153899760491386
BILLUSDT,SHORT,1779330600,1779332400,0.08307,0.08642428571428572,0.08223142857142858,TP2,0.24009386712095296,0.0403790262945192,1,0.3349196906603212,-2.1902143245914982
LABUSDT,SHORT,1779330600,1779331500,4.2717,4.397457142857143,4.240260714285714,TP2,0.23641285925252759,0.02943960082804112,1,0.5516953399031238,-2.0785608441111627
LABUSDT,LONG,1779336900,1779337800,4.5868,4.413057142857143,4.630235714285715,TP2,0.2394400263114645,0.03787888225840615,1,0.18138041733547303,2.7308404463722478
NEARUSDT,LONG,1779338700,1779339600,1.764,1.7248571428571429,1.7737857142857143,TP2,0.23197372262773722,0.022189828312277275,1,0.31979695431472077,2.2741356394695913
HYPEUSDT,LONG,1779347700,1779348600,57.13,56.14142857142857,57.37714285714286,TP2,0.22688381502889818,0.017303893376009623,1,0.2860520094562652,2.305243615002628
BILLUSDT,SHORT,1779350400,1779351300,0.08094,0.08580571428571428,0.07972357142857142,TP2,0.24334609512624925,0.06011507642345299,1,0.054655870445343986,-1.8102340821603362
HYPEUSDT,LONG,1779372000,1779372900,59.4,57.919999999999995,59.769999999999996,TP2,0.23394594594594356,0.02491582491582493,1,0.13294797687861348,2.0113926262680555
SUIUSDT,LONG,1779376500,1779377400,1.1098,1.0875571428571427,1.1153607142857143,TP2,0.23004213230571863,0.020042221249646035,1,0.17604790419161837,2.6852880833334853
NEARUSDT,LONG,1779377400,1779381900,1.819,1.7797142857142858,1.8288214285714286,SL,-1.0185207272727272,0.021597424016335482,1,0.3650793650793647,3.745281391601089
BILLUSDT,SHORT,1779381900,1779384600,0.07204,0.07676714285714285,0.07085821428571429,TP2,0.24390414022363396,0.06561830728960094,1,0.11406649616368329,-1.8348402961536363
TAOUSDT,LONG,1779383700,1779384600,282.2,277.2,283.45,TP2,0.22742400000000002,0.01771793054571226,1,0.20647773279352377,2.5352375525974784
ZECUSDT,LONG,1779385500,1779386400,674.15,659.6742857142857,677.7689285714285,TP2,0.2313715582749433,0.02147254214301613,1,0.19868243749064216,2.645800368458679
LABUSDT,SHORT,1779388200,1779390000,4.4005,4.513885714285714,4.372153571428572,TP2,0.23447599848808978,0.02576655250215068,1,0.15301866081229507,-2.426414717983678
SUIUSDT,LONG,1779389100,1779399900,1.1591,1.1295428571428572,1.1664892857142857,SL,-1.0156862252295795,0.025500080111416502,1,0.4427425237053244,1.8810568233504896
NEARUSDT,LONG,1779391800,1779392700,1.874,1.819,1.88775,TP2,0.23637090909090708,0.029348986125933865,1,0.4402730375426619,1.6021280719421986
BILLUSDT,LONG,1779400800,1779401700,0.08062,0.07767142857142857,0.08135714285714285,SL,-1.0109368217054264,0.03657369670765846,1,0.6408800567778565,2.3933667547233757
LABUSDT,LONG,1779402600,1779409800,4.5144,4.408528571428572,4.540867857142858,TP2,0.23294384023748693,0.023451937925622144,1,0.06046511627907056,2.3517628284006724
SUIUSDT,SHORT,1779408900,1779409800,1.1066,1.124957142857143,1.1020107142857143,TP2,0.22588731517509733,0.016588779014226368,1,0.37081081081081335,-1.9157361275854674
NEARUSDT,LONG,1779411600,1779412500,1.977,1.9254285714285715,1.9898928571428574,TP2,0.23466592797784153,0.02608569983380305,1,0.26424870466321254,2.5912981542160565
LABUSDT,LONG,1779423300,1779424200,4.558,4.476042857142858,4.578489285714285,TP2,0.22775422694788203,0.01798094402306764,1,0.15288220551378465,2.3608481179123624
NEARUSDT,LONG,1779423300,1779424200,2.142,2.0624285714285713,2.161892857142857,TP2,0.239232315978456,0.03714819261037744,1,0.690322580645162,1.623416487629534
BILLUSDT,SHORT,1779427800,1779428700,0.07446,0.07862999999999999,0.0734175,TP2,0.24285755395683536,0.05600322320709102,1,0.069107551487414,-2.0878393040312226
NEARUSDT,LONG,1779435000,1779435900,2.226,2.142857142857143,2.246785714285714,TP2,0.23929072164948323,0.03735078937235279,1,0.3611940298507468,1.6135685927792414
HYPEUSDT,LONG,1779438600,1779439500,59.04,58.03142857142857,59.292142857142856,TP2,0.22658470254957505,0.017082849399922558,1,0.30332681017612556,3.0433794039673487
BILLUSDT,LONG,1779443100,1779447600,0.08056,0.07609,0.0816775,SL,-1.0072089485458613,0.05548659384309825,1,0.16072113540468025,1.848766832427282
HYPEUSDT,LONG,1779451200,1779453000,60.9,59.294285714285714,61.30142857142857,TP2,0.23482918149466414,0.026366408632418507,1,0.5406162464985983,1.871577592166835
NEARUSDT,LONG,1779454800,1779455700,2.315,2.2382857142857144,2.334178571428571,TP2,0.23792923649906744,0.03313792039493983,1,0.14285714285714252,2.5124027122175616
SUIUSDT,LONG,1779454800,1779457500,1.129,1.1103857142857143,1.1336535714285714,SL,-1.0242609363008441,0.01648740984436291,1,0.30552423900789144,2.9793011372422518
LABUSDT,SHORT,1779458400,1779461100,4.4887,4.626028571428571,4.454367857142857,TP2,0.2369256631644664,0.030594285968893277,1,0.5016949152542362,-2.4265039587238
BILLUSDT,SHORT,1779459300,1779460200,0.07299,0.07688571428571428,0.07201607142857143,TP2,0.2425056105610561,0.053373260524925116,1,0.2778884462151393,-2.0283050260076876
SUIUSDT,SHORT,1779462000,1779463800,1.0923,1.113257142857143,1.0870607142857143,TP2,0.22915173824131146,0.019186251814650612,1,0.07561436672967878,-1.919418398091025
HYPEUSDT,SHORT,1779464700,1779466500,58.01,59.83571428571428,57.55357142857142,TP2,0.23729045383411773,0.03147240623537813,1,0.14320388349514582,-2.2275248987612786
ZECUSDT,SHORT,1779468300,1779470100,623.97,634.0242857142857,621.4564285714285,TP2,0.22517595907928956,0.016113412045908798,1,0.5869017632241819,-1.8338243957026457
BILLUSDT,LONG,1779471900,1779473700,0.08305,0.07734714285714285,0.08447571428571428,TP2,0.24417484969939757,0.06866775608497465,1,0.2412466333205077,2.6596553362597244
HYPEUSDT,SHORT,1779475500,1779476400,56.57,58.035714285714285,56.20357142857143,TP2,0.2345617933723197,0.02590974519558576,1,0.6552631578947363,-1.5971944585350444
SUIUSDT,SHORT,1779475500,1779476400,1.0757,1.094157142857143,1.0710857142857144,TP2,0.2266876160990683,0.01715826239392295,1,0.5801242236024866,-2.1922903307844273
TAOUSDT,SHORT,1779476400,1779477300,276.7,281.5,275.5,TP2,0.22694166666666377,0.017347307553306872,1,0.33023255813953595,-2.5542526543097925
NEARUSDT,SHORT,1779477300,1779478200,2.125,2.1944285714285714,2.107642857142857,TP2,0.23775720164609376,0.03267226890756307,1,0.47852760736196354,-2.032449630542124
LABUSDT,LONG,1779478200,1779479100,4.6561,4.536271428571429,4.686057142857143,TP2,0.23445746304243972,0.025735824279669986,1,0.34242033523669135,3.0224877604277487
DOTUSDT,SHORT,1779479100,1779486300,1.269,1.2897142857142856,1.2638214285714284,SL,-1.024504827586207,0.0163233141956546,1,0.5,-2.7240318343840833
SEIUSDT,SHORT,1779479100,1779494400,0.06122,0.062222857142857135,0.06096928571428571,TP2,0.22558176638176636,0.016381201288094442,1,0.46993318485523095,-2.5986108852676435
ZECUSDT,SHORT,1779481800,1779482700,594.78,611.5699999999999,590.5825,TP2,0.23583013698630137,0.028228924980665145,1,0.4717176959003618,-2.2671852370939303
ZECUSDT,SHORT,1779492600,1779505200,584.51,599.6685714285715,580.7203571428571,SL,-1.0154238808783338,0.0259338102488776,1,0.3385133385133367,-2.323237040630648
LABUSDT,LONG,1779501600,1779502500,4.8099,4.713114285714286,4.834096428571429,TP2,0.23012144649446953,0.020122188462486576,1,0.3063019052271611,3.0161197860004565
BILLUSDT,LONG,1779507900,1779508800,0.09627,0.08994999999999999,0.09784999999999999,TP2,0.2439069620253159,0.06564869637477927,1,0.2117052023121384,2.772954077680264
LABUSDT,SHORT,1779515100,1779516000,4.5637,4.726728571428572,4.522942857142857,TP2,0.23880269891342587,0.03572289401769871,1,0.1865594187856763,-2.990886257628892
NEARUSDT,SHORT,1779518700,1779521400,2.052,2.097714285714286,2.0405714285714285,TP2,0.23204500000000255,0.02227791701475926,1,0.17021276595744642,-2.1434513042314265
BILLUSDT,LONG,1779541200,1779542100,0.09224,0.08648857142857143,0.09367785714285715,TP2,0.24358489816194734,0.062352868293891715,1,0.32230215827338127,3.2296343340411346
NEARUSDT,LONG,1779545700,1779546600,2.138,2.077,2.15325,TP2,0.23598032786885245,0.028531337698783913,1,0.26428571428571435,2.5276631217283305
HYPEUSDT,LONG,1779547500,1779548400,56.17,55.19714285714286,56.41321428571429,TP2,0.22690513950073607,0.017319870800376433,1,0.20649651972157707,2.491595823299231
ZECUSDT,LONG,1779548400,1779549300,598.59,588.5571428571428,601.0982142857143,TP2,0.22613481418197356,0.016760816490180526,1,0.07852982526611621,2.3457814707735656
LABUSDT,SHORT,1779551100,1779552000,4.5456,4.657442857142858,4.517639285714286,TP2,0.23374290458551544,0.02460464122290951,1,0.11712808031639835,-2.3930299760806166
BILLUSDT,LONG,1779554700,1779555600,0.09933,0.09365857142857144,0.10074785714285714,TP2,0.24299435768261904,0.05709683450547236,1,0.5564172159751847,1.9779976134754045
HYPEUSDT,LONG,1779560100,1779561000,58.2,56.93285714285715,58.51678571428572,TP2,0.23162795941375558,0.021772214040255217,1,0.5117187500000004,1.4516524911933397
SUIUSDT,LONG,1779560100,1779561900,1.056,1.0390714285714286,1.0602321428571428,TP2,0.22504810126581962,0.016030844155844222,1,0.4554707379134854,1.8804609619201185
ZECUSDT,LONG,1779560100,1779569100,617.11,603.0857142857143,620.6160714285714,TP2,0.23239881837628604,0.022725746972639762,1,0.49841748304446004,1.8804894387181075
DOTUSDT,LONG,1779569100,1779570000,1.319,1.296,1.3247499999999999,TP2,0.22706086956521498,0.017437452615617896,1,0.5877862595419854,3.0036564900963487
TAOUSDT,LONG,1779569100,1779570900,284.4,279.18571428571425,285.7035714285714,TP2,0.22818301369863284,0.018334337954591093,1,0.44520547945205236,3.251152114609557
LABUSDT,SHORT,1779579900,1779582600,4.3125,4.414557142857142,4.286985714285715,TP2,0.233097704367299,0.023665424430641745,1,0.14207350521119078,-2.7126815609811845
HYPEUSDT,LONG,1779584400,1779585300,59.87,58.81142857142857,60.13464285714286,TP2,0.2273770580296929,0.017681166336586392,1,0.24825174825174706,2.0534463953090056
HYPEUSDT,LONG,1779605100,1779606900,61.7,60.471428571428575,62.00714285714286,TP2,0.22991162790697675,0.019912016670525588,1,0.24268502581755677,2.598262067744913
LABUSDT,SHORT,1779608700,1779627600,4.216,4.315642857142857,4.191089285714286,SL,-1.0169244444444445,0.023634453781512535,1,0.21840193704600397,-2.259423860181017
BILLUSDT,LONG,1779611400,1779614100,0.09867,0.09408857142857142,0.09981535714285714,TP2,0.24138521983161831,0.04643182904052463,1,0.10994764397905739,1.9305075966316738
HYPEUSDT,LONG,1779615900,1779616800,63.92,62.48142857142857,64.27964285714286,TP2,0.2322268123138046,0.022505810834972287,1,0.5657686212361336,2.1077850667177
ZECUSDT,LONG,1779615900,1779616800,644.31,633.7842857142856,646.9414285714286,TP2,0.22551482084690833,0.016336413039863284,1,0.12415856394914222,2.2305288370114376
BILLUSDT,LONG,1779622200,1779623100,0.10384,0.0967857142857143,0.10560357142857144,TP2,0.24411194815714965,0.06793418445960818,1,0.2749788910779627,1.6807311382201906
ZECUSDT,LONG,1779626700,1779628500,655.32,641.0342857142857,658.8914285714286,TP2,0.23165103999999806,0.02179960063131651,1,0.40586025544703247,2.0694745017985308
NEARUSDT,LONG,1779628500,1779629400,2.406,2.3521428571428573,2.4194642857142856,TP2,0.23213050397877566,0.022384514903218106,1,0.137096774193548,2.1064804249315663
BILLUSDT,LONG,1779637500,1779640200,0.10931,0.10370714285714286,0.11071071428571429,TP2,0.2421961244263125,0.05125658350431927,1,0.290298225745564,2.337380490406017
LABUSDT,LONG,1779639300,1779640200,4.3935,4.297357142857143,4.417535714285715,TP2,0.23172095096582704,0.021882976474987458,1,0.34365162644281305,1.9670545766639198
ZECUSDT,LONG,1779642000,1779642900,675.17,657.6042857142857,679.5614285714286,TP2,0.23462527651268866,0.026016728062138835,1,0.3842817045164584,2.7509409685033486
BILLUSDT,LONG,1779654600,1779656400,0.11697,0.11047714285714286,0.11859321428571429,TP2,0.24279392739273875,0.05550873850437844,1,0.2659909122684376,3.1357088249411245
NEARUSDT,LONG,1779657300,1779659100,2.483,2.418857142857143,2.4990357142857142,SL,-1.0154841870824054,0.025832805937518022,1,0.26950354609929056,2.605426079696246
HYPEUSDT,SHORT,1779659100,1779660000,61.7,62.955714285714286,61.386071428571434,TP2,0.23034584755403725,0.020351933317897645,1,0.3382084095063993,-2.0912883393026678
HYPEUSDT,SHORT,1779674400,1779684300,60.96,62.18714285714286,60.653214285714284,SL,-1.0198705471478464,0.02013029621297337,1,0.2429022082018933,-2.269695124572713
NEARUSDT,SHORT,1779674400,1779677100,2.361,2.422714285714286,2.3455714285714286,TP2,0.23469722222222397,0.026139045198765625,1,0.376543209876542,-1.6012571149450507
ZECUSDT,SHORT,1779677100,1779679800,648.39,661.04,645.2275,TP2,0.22949754940711675,0.0195098628911611,1,0.08521303258145337,-1.8748010019669672
HYPEUSDT,LONG,1779686100,1779687000,62.98,61.801428571428566,63.27464285714285,TP2,0.2286249696969667,0.018713423762645752,1,0.20779220779220745,2.47218157767829
LABUSDT,LONG,1779687900,1779690600,4.393,4.309528571428571,4.413867857142857,SL,-1.0210515146328942,0.019001008097297586,1,0.12758020392937114,2.636170621210285
BILLUSDT,LONG,1779691500,1779693300,0.116,0.11177285714285715,0.11705678571428572,TP2,0.23902331868874702,0.036440886699507374,1,0.2412626832018035,2.4649964035593444
HYPEUSDT,LONG,1779697800,1779701400,63.7,62.472857142857144,64.00678571428571,TP2,0.22923632130383734,0.01926440906032742,1,0.36544850498338943,2.1991156006821453
LABUSDT,SHORT,1779705000,1779705900,4.1792,4.248871428571428,4.161782142857143,TP2,0.2260062333401682,0.016670996499671884,1,0.7394609536973002,-2.256636620976907
NEARUSDT,LONG,1779706800,1779707700,2.457,2.4067142857142856,2.4695714285714283,TP2,0.2304556818181796,0.020466306180591913,1,0.20472440944881978,2.3017760825015707
BILLUSDT,SHORT,1779717600,1779718500,0.11324,0.11959428571428571,0.11165142857142857,TP2,0.2428715827338124,0.056113437957309394,1,0.2806246949731573,-3.184894157321694
NEARUSDT,LONG,1779717600,1779718500,2.613,2.519857142857143,2.636285714285714,TP2,0.23877852760736076,0.0356459460937073,1,0.549295774647887,2.2948100168135075
LABUSDT,LONG,1779720300,1779721200,4.323,4.211142857142858,4.350964285714286,TP2,0.23454099616858437,0.025874888470308326,1,0.1572039942938654,2.6746710696389586
NEARUSDT,LONG,1779728400,1779729300,2.781,2.6791428571428573,2.806464285714286,TP2,0.23907882187938506,0.03662608516977452,1,0.5265151515151524,1.8520788925933978
BILLUSDT,SHORT,1779729300,1779730200,0.09812,0.10691857142857143,0.09592035714285714,TP2,0.2455392758564702,0.08967153922310872,1,0.5864262990455991,-1.3161626316989792
ZECUSDT,SHORT,1779735600,1779736500,660.35,672.7242857142858,657.2564285714286,TP2,0.22865412145000924,0.0187389804108211,1,0.2740336967294349,-2.1503290316615264
BILLUSDT,SHORT,1779746400,1779758100,0.08896,0.09307571428571429,0.08793107142857143,TP2,0.24135411315515362,0.0462647738951696,1,0.3798836242726513,-2.076044302498319
ZECUSDT,SHORT,1779756300,1779757200,640.61,652.2857142857143,637.6910714285714,TP2,0.22805324850116732,0.018225931980010178,1,0.28396672647202553,-2.2937416494451375
TAOUSDT,SHORT,1779759900,1779765300,275.4,280.2285714285714,274.1928571428571,TP2,0.22718579881656797,0.017532939101566503,1,0.2513966480446931,-2.5430073049155872
BILLUSDT,SHORT,1779766200,1779767100,0.08553,0.0889442857142857,0.08467642857142857,TP2,0.2399797489539749,0.039919159526314855,1,0.34907251264755496,-2.0986527868463147
TAOUSDT,LONG,1779769800,1779770700,281.9,277.09999999999997,283.09999999999997,TP2,0.22650833333333034,0.0170273146505853,1,0.11206896551724214,2.287745062315845
LABUSDT,LONG,1779771600,1779772500,4.4399,4.348385714285714,4.462778571428571,TP2,0.23059363097096475,0.020611789840826563,1,0.4037610619469037,1.9907472227131755
SEIUSDT,LONG,1779784200,1779788700,0.06404,0.06295428571428571,0.06431142857142857,SL,-1.0235936842105264,0.01695368965824927,1,0.40787401574803195,1.33326975975333
HYPEUSDT,LONG,1779791400,1779792300,61.58,60.42571428571428,61.86857142857143,TP2,0.22866039603960403,0.018744490326172755,1,0.27586206896551685,3.0523850185365333
NEARUSDT,LONG,1779791400,1779792300,2.801,2.724857142857143,2.8200357142857144,TP2,0.23528555347091928,0.027184168919263455,1,0.12727272727272704,2.8430920418611105
HYPEUSDT,LONG,1779803100,1779804000,63.03,61.67857142857143,63.36785714285715,TP2,0.23134418604651424,0.021441037147843435,1,0.5408320493066251,2.0991143259035008
SEIUSDT,LONG,1779805800,1779806700,0.06625,0.06518000000000002,0.06651750000000001,TP2,0.22523364485981942,0.016150943396226317,1,0.7272727272727304,1.7327925979353602
TAOUSDT,LONG,1779805800,1779806700,290.9,285.24285714285713,292.3142857142857,SL,-1.020568686868687,0.019447036291312687,1,0.1563636363636347,2.0218053914310166
BILLUSDT,LONG,1779813000,1779813900,0.09329,0.08986857142857142,0.09414535714285714,TP2,0.2390934446764092,0.03667519103257125,1,0.3986577181208055,3.038887790131472
DOTUSDT,SHORT,1779816600,1779822900,1.248,1.2732857142857144,1.2416785714285714,TP2,0.23025762711864406,0.02026098901098902,1,0.2372881355932208,-2.2701771931089767
NEARUSDT,SHORT,1779816600,1779820200,2.68,2.7741428571428575,2.6564642857142857,TP2,0.2386130500758737,0.0351279317697228,1,0.23573200992555793,-2.027462442052698
SUIUSDT,SHORT,1779816600,1779817500,1.0069,1.0276999999999998,1.0016999999999998,TP2,0.23063653846154375,0.020657463501837284,1,0.3500501504513552,-2.347553481547914
HYPEUSDT,SHORT,1779822900,1779827400,60.5,62.27142857142857,60.05714285714286,TP2,0.23633870967741935,0.029279811097992898,1,0.4480198019801987,-2.0127689311003905
SEIUSDT,LONG,1779831900,1779840900,0.06644,0.06530142857142858,0.06672464285714286,TP2,0.22665846925972682,0.017136836673260377,1,0.14002828854313887,2.1886494691157545
ZECUSDT,SHORT,1779832800,1779836400,576.33,588.3657142857144,573.3210714285715,TP2,0.23084600593471577,0.02088337286921434,1,0.3510686675761712,-1.9836637721223331
NEARUSDT,SHORT,1779840000,1779841800,2.551,2.613,2.5355000000000003,TP2,0.2335419354838691,0.024304194433555353,1,0.18248175182481743,-3.188720055063478
SEIUSDT,LONG,1779842700,1779843600,0.06694,0.06563285714285715,0.06726678571428571,TP2,0.22951562841529782,0.019527081821673946,1,0.21643835616438328,2.020486171006112
BILLUSDT,SHORT,1779849000,1779849900,0.08607,0.08944714285714285,0.08522571428571428,TP2,0.23980558375634517,0.03923716576208731,1,0.432469304229196,-2.6001983656969956
TAOUSDT,SHORT,1779849000,1779854400,276.9,281.6428571428571,275.71428571428567,TP2,0.2266469879518132,0.017128411494608673,1,0.1450381679389318,-1.7457916877675572
ZECUSDT,SHORT,1779849000,1779849900,566.84,577.9728571428572,564.0567857142858,TP2,0.22963361991530862,0.019640210893474615,1,0.34058656575212803,-1.704367596893439
HYPEUSDT,LONG,1779851700,1779854400,61.05,60.029999999999994,61.305,SL,-1.0239411764705881,0.01670761670761671,1,0.32203389830508306,2.1942875458972573
SEIUSDT,LONG,1779858000,1779859800,0.0691,0.06735857142857142,0.06953535714285713,TP2,0.23412797374897262,0.025201571221831785,1,0.28106151990349737,2.382263857808878
LABUSDT,SHORT,1779861600,1779862500,4.3369,4.409771428571428,4.318682142857143,TP2,0.22619423642423048,0.01680265364002591,1,0.3134263295553617,-3.4679358953412813
BILLUSDT,SHORT,1779864300,1779869700,0.0796,0.08254,0.078865,TP2,0.23917006802721089,0.036934673366834175,1,0.5596880623875212,-2.167124524515309
HYPEUSDT,LONG,1779864300,1779866100,62.18,61.13,62.4425,TP2,0.2263123809523843,0.01688645866838209,1,0.4138613861386116,1.9884994875240622
SEIUSDT,LONG,1779875100,1779876900,0.07268,0.07070285714285714,0.0731742857142857,SL,-1.0147040462427745,0.027203396493434947,1,0.4102857142857154,1.5311573826225866
NEARUSDT,SHORT,1779876000,1779876900,2.476,2.5315714285714286,2.462107142857143,TP2,0.23217789203084432,0.022444034156473565,1,0.19298245614035087,-2.1851359858001915
BILLUSDT,SHORT,1779884100,1779885000,0.07588,0.07826714285714287,0.07528321428571429,TP2,0.23728521843207664,0.03145944724753378,1,0.39647168059424387,-1.946464097247039
HYPEUSDT,SHORT,1779889500,1779891300,60.44,61.78571428571428,60.10357142857143,TP2,0.23203481953290866,0.02226529261605366,1,0.3026315789473691,-3.4414542166664845
XLMUSDT,LONG,1779891300,1779892200,0.1534,0.15064285714285713,0.15408928571428573,TP2,0.2277450777202098,0.017973551871856994,1,0.44370860927152633,2.590754336993278
LABUSDT,LONG,1779892200,1779893100,4.4849,4.3288,4.523924999999999,TP2,0.2385076233183842,0.03480568128609331,1,0.520954116282921,2.360568972133792
TAOUSDT,SHORT,1779892200,1779895800,272.5,277.42857142857144,271.26785714285717,SL,-1.0221159420289856,0.018086500655307966,1,0.13846153846153747,-2.076241711496532
NEARUSDT,LONG,1779896700,1779897600,2.597,2.5181428571428572,2.6167142857142855,TP2,0.23682681159420146,0.030364706529512054,1,0.3811320754716972,3.2302997455634364
ZECUSDT,SHORT,1779900300,1779902100,556.24,570.6285714285715,552.6428571428571,TP2,0.23453661636219422,0.0258675597378316,1,0.2533733133433274,-3.106866918299922
HYPEUSDT,SHORT,1779902100,1779903900,59.31,60.55285714285715,58.99928571428572,TP2,0.2309117241379282,0.020955271334634026,1,0.46091644204851623,-1.431815954508551
SUIUSDT,SHORT,1779902100,1779904800,0.9803,0.9965571428571428,0.9762357142857142,TP2,0.22588014059754133,0.01658384459567776,1,0.3600944510035389,-2.5272227006012584
TAOUSDT,SHORT,1779903900,1779905700,271.1,276.1142857142857,269.8464285714286,TP2,0.22837378917379195,0.0184960741950782,1,0.3092369477911666,-1.9078754243114575
XLMUSDT,LONG,1779908400,1779909300,0.1657,0.1602142857142857,0.16707142857142857,TP2,0.23791770833333462,0.03310630226743684,1,0.5466666666666652,1.9932021734684764
NEARUSDT,LONG,1779909300,1779911100,2.689,2.6108571428571428,2.7085357142857145,TP2,0.2362354661791605,0.029060192317908948,1,0.3927710843373483,3.3809511514911517
LABUSDT,SHORT,1779910200,1779911100,4.3218,4.6063285714285715,4.250667857142857,TP2,0.2439242657026645,0.06583566371154881,1,0.25422522682796617,-2.8024240140066783
SEIUSDT,SHORT,1779918300,1779919200,0.06728,0.06838142857142858,0.06700464285714286,TP2,0.22556627756161154,0.01637081705452697,1,0.3212520593080741,-2.5828379758789732
HYPEUSDT,SHORT,1779921900,1779922800,58.75,59.777142857142856,58.49321428571429,TP2,0.22712100139081887,0.017483282674772047,1,0.15231788079470193,-2.38974316557945
BILLUSDT,SHORT,1779922800,1779927300,0.07774,0.07950142857142857,0.07729964285714286,SL,-1.0176538523925385,0.0226579440626263,1,0.23096446700507606,-1.9682882565215303
NEARUSDT,SHORT,1779924600,1779925500,2.494,2.5811428571428574,2.472214285714286,TP2,0.23855213114753843,0.03494100126016725,1,0.1583333333333335,-1.8414477812753978
ZECUSDT,SHORT,1779927300,1779929100,539.33,548.9542857142858,536.9239285714286,TP2,0.22758462223541343,0.01784489220752733,1,0.481580352375872,-1.9524088247209757
TAOUSDT,SHORT,1779928200,1779931800,264.7,269.1714285714286,263.58214285714286,TP2,0.2263207667731598,0.01689243887959419,1,0.4636871508379856,-1.3587456253184287
XLMUSDT,LONG,1779929100,1779930000,0.1717,0.16592857142857143,0.17314285714285713,TP2,0.23809999999999878,0.03361344537815123,1,0.1843575418994412,2.2487279962361684
BILLUSDT,LONG,1779930900,1779932700,0.08035,0.07868142857142857,0.08076714285714286,SL,-1.0192619863013699,0.020766290336918854,1,0.14219114219114246,2.3510055785956174
NEARUSDT,SHORT,1779935400,1779936300,2.416,2.474285714285714,2.4014285714285712,TP2,0.23341960784313914,0.024124881740775775,1,0.42857142857142994,-1.4748955474235985
HYPEUSDT,SHORT,1779940800,1779941700,57.14,58.22142857142857,56.86964285714286,TP2,0.22886499339498184,0.01892594629731485,1,0.28155339805825325,-2.9523101772984828
SUIUSDT,SHORT,1779940800,1779941700,0.922,0.9376,0.9181,TP2,0.22635897435897612,0.016919739696312358,1,0.5981012658227857,-3.085903255963955
BILLUSDT,LONG,1779941700,1779942600,0.0843,0.08123999999999999,0.085065,TP2,0.23898039215686276,0.036298932384341676,1,0.5102040816326521,3.4896048738022127
DOTUSDT,SHORT,1779941700,1779942600,1.186,1.2054285714285713,1.181142857142857,TP2,0.22558235294117918,0.016381594796434504,1,0.45,-2.8831696694727897
HYPEUSDT,SHORT,1779957900,1779961500,56.51,57.432857142857145,56.27928571428571,SL,-1.0244934984520124,0.016330864322370273,1,0.11678832116788324,-1.952904403068876
XLMUSDT,LONG,1779963300,1779965100,0.1739,0.16912857142857143,0.17509285714285713,TP2,0.23542155688622607,0.02743777211862315,1,0.2146118721461186,2.4998123132092527
SEIUSDT,SHORT,1779966000,1779966900,0.06682,0.06835571428571428,0.06643607142857143,TP2,0.23259572093023706,0.02298285372215332,1,0.08823529411764586,-2.4798290045148295
NEARUSDT,SHORT,1779971400,1779972300,2.357,2.399857142857143,2.3462857142857145,TP2,0.22800133333333322,0.01818292017698033,1,0.3063583815028913,-2.1240532681712776
XLMUSDT,LONG,1779974100,1779975000,0.1944,0.188,0.19599999999999998,TP2,0.23784999999999892,0.032921810699588466,1,0.8950819672131137,2.523598068174195
HYPEUSDT,LONG,1779977700,1779978600,58.31,57.198571428571434,58.587857142857146,TP2,0.22901439588689107,0.019060685498689275,1,0.1993464052287583,3.237576111497218
ZECUSDT,LONG,1779977700,1779978600,541.58,530.4928571428571,544.3517857142857,SL,-1.0195390284757118,0.020471846924079315,1,0.21265580057526343,3.0304188999949977
SEIUSDT,LONG,1779987600,1779988500,0.06976,0.0677557142857143,0.07026107142857142,TP2,0.23607783321453674,0.02873115989515058,1,0.20350109409190295,2.4835213498486284
XLMUSDT,LONG,1779988500,1779993000,0.212,0.19811428571428571,0.21547142857142856,TP2,0.24389300411522635,0.06549865229110514,1,0.36645962732919257,2.2525640657819874
HYPEUSDT,LONG,1779990300,1779992100,59.53,58.06,59.8975,TP2,0.23380136054421768,0.02469343188308416,1,0.2833545108005096,1.7724150061727606
TAOUSDT,LONG,1779992100,1780008300,263.9,259.65714285714284,264.9607142857143,SL,-1.0248794612794612,0.016077518540572783,1,0.3258426966292118,2.8076346136113135
LABUSDT,LONG,1779993000,1779993900,4.6326,4.513014285714286,4.662496428571429,TP2,0.23450450364353498,0.0258139520540764,1,0.41571785615106743,2.792032264005291
LABUSDT,SHORT,1780002900,1780005600,4.3804,4.5245428571428565,4.344364285714286,TP2,0.2378442814667988,0.03290632297115722,1,0.2601174416759249,-2.807849333214384
HYPEUSDT,LONG,1780004700,1780014600,62.03,60.582857142857144,62.39178571428572,TP2,0.23285449160908317,0.02332972524815182,1,0.35113484646194953,2.0603050363218602
SEIUSDT,SHORT,1780007400,1780008300,0.0682,0.06940571428571428,0.06789857142857142,TP2,0.2273744075829442,0.017679095098449973,1,0.5047258979206071,-2.0427084400162947
BILLUSDT,SHORT,1780009200,1780010100,0.08026,0.08200142857142857,0.07982464285714286,TP2,0.23156456111566656,0.02169734078530489,1,0.3182332955832386,-1.4363512511789933
BILLUSDT,LONG,1780012800,1780013700,0.08406,0.08170857142857142,0.08464785714285714,TP2,0.23570060753341285,0.027973216410047227,1,0.07717041800643094,2.9002599485971805
NEARUSDT,LONG,1780015500,1780016400,2.496,2.442428571428571,2.509392857142857,TP2,0.23136320000000007,0.021462912087912164,1,0.3375394321766566,2.382812667650886
LABUSDT,SHORT,1780018200,1780020900,4.105,4.302485714285715,4.055628571428572,SL,-1.008314525462963,0.04810857838872454,1,0.48136815648562975,-2.5006589467763587
BILLUSDT,SHORT,1780023600,1780024500,0.07316,0.07672571428571429,0.07226857142857143,TP2,0.2417929487179487,0.048738576896039984,1,0.41092394078611494,-3.8579658145372306
SEIUSDT,SHORT,1780023600,1780026300,0.06544,0.06649285714285715,0.06517678571428571,SL,-1.0248618724559024,0.01608889276982184,1,0.6456692913385825,-2.4613270705436108
ZECUSDT,SHORT,1780026300,1780027200,533.98,546.7557142857144,530.7860714285714,TP2,0.2332814044504104,0.023925454671924626,1,0.19165952584975574,-2.2442889282199747
LABUSDT,LONG,1780030800,1780031700,4.4698,4.299728571428572,4.5123178571428575,TP2,0.23948724065518823,0.03804900187288658,1,0.12064777327935193,2.1438757567450413
XLMUSDT,LONG,1780034400,1780035300,0.2099,0.2009142857142857,0.21214642857142857,TP2,0.2406562798092202,0.0428095011229837,1,0.3351955307262568,2.0865348324123816
XLMUSDT,LONG,1780045200,1780047900,0.2226,0.21114285714285713,0.2254642857142857,SL,-1.0077715710723192,0.05146964446155821,1,0.40624999999999994,2.659882622918114
LABUSDT,LONG,1780053300,1780054200,5.7839,5.319071428571429,5.900107142857143,TP2,0.2450227672260136,0.0803659419126491,1,0.5789316025961057,2.444647418407861
NEARUSDT,SHORT,1780056900,1780062300,2.424,2.4908571428571427,2.4072857142857145,TP2,0.23549743589743252,0.0275813295615275,1,0.3313782991202357,-3.159424557297914
SEIUSDT,SHORT,1780061400,1780062300,0.0637,0.06475,0.06343750000000001,TP2,0.22573333333333323,0.016483516483516408,1,0.7397769516728606,-2.26589107123079
XLMUSDT,SHORT,1780065900,1780067700,0.2011,0.20817142857142856,0.19933214285714285,SL,-1.0113753535353536,0.03516374227463237,1,0.3192982456140353,-1.7502151554804855
ZECUSDT,SHORT,1780065900,1780067700,525.09,536.6542857142857,522.1989285714286,SL,-1.0181624706609018,0.022023435438278588,1,0.43080413410637475,-2.7350974023829386
HYPEUSDT,LONG,1780067700,1780068600,65.03,63.10285714285714,65.51178571428572,TP2,0.2365022979985202,0.029634674106456378,1,0.32464146023468105,3.379834895421619
AAVEUSDT,LONG,1780068600,1780069500,82.88,81.51857142857142,83.22035714285714,TP2,0.2256491080797482,0.016426503033645918,1,0.19223985890652553,2.528743187368687
DOTUSDT,LONG,1780068600,1780069500,1.219,1.1972857142857143,1.2244285714285714,TP2,0.22754473684210014,0.01781319582796202,1,0.12643678160919428,2.3427536632667336
NEARUSDT,LONG,1780071300,1780074000,2.607,2.5107142857142857,2.631071428571429,TP2,0.23916973293768665,0.036933530604416724,1,0.3015873015873019,2.60569993467567
ZECUSDT,LONG,1780074000,1780081200,555.2,536.9514285714286,559.7621428571429,SL,-1.0121697197432284,0.032868464388637324,1,0.22007168458781437,2.8501297806594335
SEIUSDT,LONG,1780074900,1780081200,0.06725,0.06551285714285715,0.06768428571428571,SL,-1.0154851973684211,0.025831120552310006,1,0.17345750873108381,1.85478405665396
XLMUSDT,LONG,1780080300,1780082100,0.2206,0.21271428571428572,0.22257142857142856,TP2,0.23881014492753624,0.035746664939774644,1,0.4016172506738544,2.2050972055502913
BILLUSDT,SHORT,1780081200,1780083000,0.0708,0.07258714285714285,0.07035321428571428,TP2,0.23415347721822927,0.025242130750605257,1,0.1053811659192823,-2.123793673714769
LABUSDT,LONG,1780083000,1780083900,6.2083,5.854728571428572,6.296692857142857,TP2,0.24297646868686806,0.0569514083680603,1,0.37194545700013537,2.641261556105408
NEARUSDT,SHORT,1780090200,1780091100,2.458,2.5381428571428573,2.437964285714286,TP2,0.23773190730837648,0.032604905265604965,1,0.4691358024691339,-2.385225762027031
BILLUSDT,SHORT,1780092000,1780093800,0.06601,0.06811714285714286,0.06548321428571428,SL,-1.0125307118644067,0.03192157032484255,1,0.7321248741188321,-3.2906822913114797
SEIUSDT,SHORT,1780092000,1780099200,0.06479,0.06591142857142858,0.06450964285714286,SL,-1.0231098089171975,0.017308667563336516,1,0.4408602150537651,-1.4065214765879825
XLMUSDT,LONG,1780095600,1780096500,0.2558,0.23934285714285716,0.25991428571428576,TP2,0.24378263888889015,0.06433597676756393,1,0.5716234652114596,1.8847709356061833
SEIUSDT,LONG,1780100100,1780101000,0.06738,0.06625428571428571,0.06766142857142857,TP2,0.22605786802030461,0.016706949921553686,1,0.386401326699837,3.4814734642151732
LABUSDT,LONG,1780107300,1780108200,6.6853,6.387271428571428,6.7598071428571425,TP2,0.24102730323075372,0.04457968549333185,1,0.38656126482213493,2.204481010130474
XLMUSDT,LONG,1780107300,1780109100,0.2771,0.2596428571428572,0.2814642857142857,TP2,0.243650736497545,0.06299943290199515,1,0.5635792778649923,1.6520864703270275
BILLUSDT,LONG,1780110000,1780110900,0.07139,0.06932285714285714,0.07190678571428571,TP2,0.23618576364893212,0.028955636043463438,1,0.43844492440604754,1.8483489010924787
ZECUSDT,SHORT,1780113600,1780114500,524.17,533.7557142857142,521.7735714285714,TP2,0.22812703427720124,0.01828741493354126,1,0.1774358974358969,-2.205597688731121
NEARUSDT,SHORT,1780114500,1780115400,2.348,2.3925714285714283,2.3368571428571427,TP2,0.228928205128205,0.018982720856656005,1,0.31125827814569584,-2.1728915736871053
HYPEUSDT,LONG,1780126200,1780133400,66.25,65.11142857142858,66.53464285714286,TP2,0.22672521957340025,0.017185983827493256,1,0.1834319526627235,1.7362971668228324
BILLUSDT,LONG,1780128900,1780130700,0.07492,0.07334571428571428,0.07531357142857142,TP2,0.2309640653357488,0.02101288993974531,1,0.2987951807228905,3.2346760284467937
BILLUSDT,LONG,1780140600,1780141500,0.07921,0.07670285714285714,0.07983678571428572,TP2,0.2373625071225085,0.03165184771042614,1,0.7499999999999977,1.901684085722519
NEARUSDT,SHORT,1780155900,1780163100,2.334,2.376714285714286,2.3233214285714285,TP2,0.2281431438127116,0.018300893622230353,1,0.39877300613497163,-3.906276435335755
ZECUSDT,LONG,1780156800,1780157700,534.06,524.9428571428571,536.3392857142857,TP2,0.22656897524287056,0.017071383097672265,1,0.3361196656401223,2.2946875939469202
BILLUSDT,SHORT,1780161300,1780163100,0.07324,0.07557142857142858,0.07265714285714285,TP2,0.23743431372549173,0.0318327221658735,1,0.4041493775933594,-2.522706359057287
LABUSDT,LONG,1780161300,1780162200,8.1377,7.6500714285714295,8.259607142857144,TP2,0.2433246733462246,0.05992216122842711,1,0.4690065100481176,2.576035202029238
XLMUSDT,SHORT,1780173900,1780175700,0.2407,0.2467,0.2392,TP2,0.23395333333333335,0.024927295388450392,1,0.2981530343007911,-2.411299236297501
NEARUSDT,SHORT,1780184700,1780194600,2.232,2.2702857142857145,2.222428571428572,SL,-1.0233194029850747,0.017153097798259017,1,0.6714285714285742,-2.6444926358391068
LABUSDT,LONG,1780187400,1780188300,8.0767,7.749242857142858,8.158564285714286,TP2,0.2401340371695308,0.04054343269616834,1,0.1329959629271616,1.9767050324872422
XLMUSDT,SHORT,1780187400,1780188300,0.2238,0.2327142857142857,0.22157142857142856,TP2,0.23995769230769387,0.03983148219073153,1,0.6695156695156694,-1.6929936619760086
BILLUSDT,LONG,1780188300,1780189200,0.07471,0.07336857142857144,0.07504535714285714,TP2,0.22772225772097715,0.017955140830257912,1,0.18888888888888858,2.4470132761811483
HYPEUSDT,LONG,1780189200,1780194600,69.44,68.32571428571428,69.71857142857142,SL,-1.0249271794871795,0.016046741277156076,1,0.2743682310469318,2.7440223694065353
BILLUSDT,LONG,1780202700,1780205400,0.078,0.07593857142857144,0.07851535714285714,TP2,0.2348648648648631,0.026428571428571326,1,0.3992606284658041,2.823106518344767
LABUSDT,LONG,1780211700,1780217100,8.8675,8.48237142857143,8.963782142857143,SL,-1.00920991134686,0.043431471263441886,1,0.30822106131426913,2.1260326992345457
XLMUSDT,SHORT,1780211700,1780217100,0.2304,0.23697142857142856,0.22875714285714285,SL,-1.0140243478260869,0.028521825396825407,1,0.3767441860465121,-2.685064839813731
XLMUSDT,LONG,1780219800,1780220700,0.2466,0.2384,0.24865,TP2,0.23797073170731625,0.03325223033252234,1,0.23913043478260823,2.270363712946857
ZECUSDT,LONG,1780220700,1780221600,557.93,546.8057142857142,560.7110714285714,TP2,0.22993830743546684,0.019938497148899892,1,0.27024567788899223,2.710703631692087
LABUSDT,SHORT,1780221600,1780223400,7.7128,8.20452857142857,7.589867857142857,TP2,0.24372596961157433,0.06375487130854826,1,0.3715829768070253,-4.042008497085318
NEARUSDT,SHORT,1780223400,1780230600,2.247,2.293142857142857,2.2354642857142855,SL,-1.0194786377708978,0.020535316930510604,1,0.523076923076917,-1.9227648061997837
SEIUSDT,LONG,1780230600,1780231500,0.06866,0.06735714285714285,0.06898571428571429,TP2,0.2289201754385992,0.018975489992093583,1,0.42580645161290304,1.8749379423554993
NEARUSDT,LONG,1780231500,1780234200,2.32,2.282285714285714,2.329428571428571,TP2,0.22539393939393648,0.016256157635467998,1,0.11258278145695283,2.3849769525815585
XLMUSDT,LONG,1780234200,1780238700,0.2645,0.2509,0.2679,SL,-1.0077794117647059,0.05141776937618148,1,0.4192495921696565,1.6355336815259771
SEIUSDT,SHORT,1780237800,1780245000,0.06601,0.06754571428571428,0.06562607142857142,TP2,0.23280669767442308,0.023264873287597108,1,0.14688601645123367,-1.9068246632897843
SUIUSDT,SHORT,1780237800,1780245000,0.8759,0.8904857142857143,0.8722535714285714,TP2,0.22597923604309686,0.016652259716536437,1,0.5851851851851827,-3.69601632786943
LABUSDT,LONG,1780241400,1780243200,8.2714,7.647242857142857,8.427439285714286,TP2,0.24469915543246892,0.07545967343583226,1,0.2831000317337184,2.9858604505065847
NEARUSDT,SHORT,1780245900,1780246800,2.261,2.318,2.24675,TP2,0.23413333333333522,0.025210084033613363,1,0.05084745762711865,-2.0634555088358795
BILLUSDT,LONG,1780251300,1780255800,0.08253,0.0793457142857143,0.08332607142857143,SL,-1.0103671601615074,0.03858337228020978,1,0.36507936507936506,2.2231481636180797
LABUSDT,LONG,1780255800,1780256700,8.71,8.137428571428572,8.853142857142858,TP2,0.24391516966067864,0.06573724782680007,1,0.4973110247983262,1.6087415529922446
ZECUSDT,LONG,1780263000,1780263900,552.95,543.7385714285715,555.2528571428572,TP2,0.2259885235732071,0.01665870073501861,1,0.29702722957781397,2.526234129585602
NEARUSDT,LONG,1780263900,1780264800,2.323,2.2785714285714285,2.334107142857143,TP2,0.22908553054662625,0.019125515035975618,1,0.37777777777777966,3.4023225438644262
XLMUSDT,LONG,1780264800,1780265700,0.2543,0.2472714285714286,0.25605714285714287,TP2,0.2355276422764208,0.027638896691197134,1,0.22985074626865643,2.7321967252465753
HYPEUSDT,LONG,1780265700,1780266600,71.95,70.78714285714285,72.24071428571429,TP2,0.22525061425061424,0.016162017273900528,1,0.7236842105263126,2.2354733736485644
SEIUSDT,LONG,1780267500,1780269300,0.0686,0.06737571428571427,0.06890607142857143,TP2,0.22758693115519543,0.01784673052894632,1,0.609856262833674,1.7554570267524736
LABUSDT,LONG,1780273800,1780274700,9.9282,9.250742857142857,10.097564285714286,TP2,0.24413796128379234,0.06823564622561419,1,0.24892942368670556,2.389046666411515
ZECUSDT,LONG,1780273800,1780274700,581.91,564.6614285714285,586.2221428571428,TP2,0.23650531721053175,0.029641304374510572,1,0.5574554412403967,2.0611960903068756
BILLUSDT,LONG,1780278300,1780280100,0.08155,0.07958,0.08204249999999999,TP2,0.23344162436547872,0.024156958920907412,1,0.06944444444444355,2.549291546975644
XLMUSDT,LONG,1780278300,1780280100,0.2703,0.2602,0.272825,SL,-1.0107049504950496,0.03736588975212729,1,0.43459915611814226,2.513087682624278
NEARUSDT,LONG,1780283700,1780285500,2.384,2.311857142857143,2.4020357142857143,TP2,0.23678178217821938,0.030261265580057546,1,0.14285714285714207,1.9102520097448825
ZECUSDT,SHORT,1780294500,1780300800,554.02,566.6385714285714,550.8653571428571,TP2,0.23243794860183853,0.022776382492638234,1,0.34209782301385416,-2.1677745801129555
SEIUSDT,SHORT,1780295400,1780296300,0.06645,0.06763857142857142,0.06615285714285714,TP2,0.22763701923076918,0.017886703214016943,1,0.12732919254658429,-1.7682051154281573
LABUSDT,LONG,1780297200,1780298100,10.9648,10.357542857142857,11.116614285714286,TP2,0.2427774912957561,0.05538241854453734,1,0.5691476950768307,2.498998970790515
XLMUSDT,SHORT,1780300800,1780303500,0.2549,0.26534285714285716,0.2522892857142857,TP2,0.24023638850889326,0.04096844701003194,1,0.3333333333333333,-2.4685218272623786
BILLUSDT,LONG,1780301700,1780302600,0.08531,0.08291285714285714,0.08590928571428572,TP2,0.23576471990464984,0.02809920123247989,1,0.25429272281275445,1.6349535614463304
LABUSDT,LONG,1780308000,1780309800,14.4233,12.833771428571428,14.820682142857143,TP2,0.2463704206997585,0.11020560977228311,1,0.6814492238416874,2.1555997979022994
ZECUSDT,SHORT,1780308900,1780315200,544.55,555.7842857142857,541.7414285714285,TP2,0.23061113936927774,0.02063040256043656,1,0.4197055492638738,-1.59389558748715
HYPEUSDT,LONG,1780317000,1780317900,74.06,72.36571428571429,74.48357142857144,TP2,0.23251534569983562,0.022877203811581367,1,0.2345360824742262,2.4725621477751907
NEARUSDT,LONG,1780317000,1780326000,2.393,2.3219999999999996,2.4107499999999997,TP2,0.2365183098591534,0.02966987045549522,1,0.21739130434782644,3.1558369359652203
TAOUSDT,SHORT,1780322400,1780323300,246.5,250.54285714285714,245.4892857142857,TP2,0.22561130742049829,0.016401043175891104,1,0.283950617283951,-2.374481242119626
HYPEUSDT,SHORT,1780323300,1780324200,70.96,72.89714285714285,70.47571428571428,TP2,0.23534749262537055,0.027299081977774177,1,0.20819848975188832,-2.487425176306324
XLMUSDT,SHORT,1780325100,1780332300,0.2452,0.2557714285714286,0.24255714285714286,SL,-1.0092778378378378,0.04311349335819155,1,0.16465863453815294,-2.7765699191410613
ZECUSDT,SHORT,1780326900,1780332300,529.31,542.4871428571428,526.0157142857142,SL,-1.0160675195143105,0.024894944091634095,1,0.3417670682730908,-2.5023022860601847
DOTUSDT,SHORT,1780327800,1780330500,1.128,1.1469999999999998,1.1232499999999999,TP2,0.22625263157895023,0.01684397163120562,1,0.5820895522388105,-1.7967542883024255
SEIUSDT,LONG,1780332300,1780333200,0.06747,0.06604571428571429,0.06782607142857143,TP2,0.2310515546639919,0.021109911283321615,1,0.15502555366269227,1.9792444226881596
NEARUSDT,LONG,1780333200,1780334100,2.451,2.3544285714285715,2.475142857142857,TP2,0.2398479289940817,0.03940082765052159,1,0.3456221198156682,2.1353236446864248
TAOUSDT,LONG,1780335000,1780335900,253.0,248.81428571428572,254.04642857142858,TP2,0.22582252559727128,0.016544325239977373,1,0.10160427807486683,2.265759339755409
BILLUSDT,LONG,1780335900,1780345800,0.09192,0.08828571428571429,0.09282857142857143,TP2,0.23988301886792357,0.03953748601268182,1,0.24541691306918853,2.3467538152964895
ZECUSDT,LONG,1780338600,1780344000,556.5,542.4785714285714,560.0053571428572,TP2,0.23412429954152011,0.025195738672827588,1,0.2717184527584016,2.2869171611951753
HYPEUSDT,LONG,1780342200,1780346700,73.8,72.11,74.2225,SL,-1.0174674556213017,0.022899728997290023,1,0.3020833333333335,1.5561887267461025
SEIUSDT,LONG,1780344900,1780349400,0.07164,0.07013285714285715,0.07201678571428571,SL,-1.01901345971564,0.02103772832416041,1,0.7049999999999977,1.8760158782528031
NEARUSDT,LONG,1780346700,1780354800,2.679,2.584285714285714,2.7026785714285713,TP2,0.23868597285067872,0.03535434330507116,1,0.6107382550335563,1.7025453221069498
XLMUSDT,SHORT,1780349400,1780350300,0.2446,0.25074285714285716,0.24306428571428573,TP2,0.23407255813953376,0.02511388856442008,1,0.3154761904761892,-1.9812283515441058
ZECUSDT,SHORT,1780353900,1780366500,539.11,551.6457142857143,535.9760714285715,TP2,0.2327976296296274,0.0232526094595061,1,0.20940484937545817,-2.3396468412535056
HYPEUSDT,LONG,1780354800,1780355700,74.23,72.82571428571428,74.58107142857143,TP2,0.22885615462868772,0.01891803467985607,1,0.21784776902887146,1.8880419103863821
XLMUSDT,SHORT,1780360200,1780362000,0.2396,0.24622857142857144,0.23794285714285715,TP2,0.23554137931034483,0.02766515621273551,1,0.3947368421052637,-1.8375089744990973
LABUSDT,LONG,1780367400,1780368300,17.6456,16.47714285714286,17.93771428571429,TP2,0.24395935054773232,0.0662180454536623,1,0.5192159409114885,2.874097698052196
ZECUSDT,LONG,1780370100,1780371000,559.48,544.71,563.1725,TP2,0.2348482058226134,0.02639951383427468,1,0.1530908588023802,2.4607775245711196
NEARUSDT,LONG,1780371000,1780371900,2.714,2.620857142857143,2.737285714285714,TP2,0.23834478527607242,0.03431940204232025,1,0.15384615384615363,2.396210091141671
TAOUSDT,LONG,1780374600,1780384500,254.2,249.84285714285713,255.2892857142857,SL,-1.023336393442623,0.017140609194110392,1,0.038095238095237335,1.5215349135496963
XLMUSDT,SHORT,1780377300,1780378200,0.2319,0.23802857142857142,0.23036785714285712,TP2,0.23486433566433795,0.026427647384956586,1,0.2459016393442616,-2.058614243840143
HYPEUSDT,SHORT,1780381800,1780383600,72.42,73.85857142857142,72.06035714285714,TP2,0.22986335650447115,0.019864283741665666,1,0.09485094850948361,-1.767197172361582
SEIUSDT,SHORT,1780382700,1780383600,0.06857,0.06989142857142858,0.06823964285714286,TP2,0.22924367567567827,0.019271234817392017,1,0.13154172560113198,-1.9602111434665697
TAOUSDT,SHORT,1780389900,1780392600,247.0,251.12857142857143,245.96785714285713,TP2,0.22606920415225262,0.016714864083285173,1,0.28767123287671387,-2.1415815962267795
BILLUSDT,LONG,1780394400,1780395300,0.09315,0.08971571428571429,0.09400857142857143,TP2,0.2391505823627298,0.036868338317613665,1,0.28799444829979204,2.079737010963583
HYPEUSDT,SHORT,1780394400,1780398000,70.85,72.10428571428571,70.53642857142856,SL,-1.0225945330296127,0.017703397519911287,1,0.5532994923857851,-1.65173661350107
NEARUSDT,LONG,1780395300,1780396200,2.671,2.5844285714285715,2.692642857142857,TP2,0.23765874587458743,0.03241161683692566,1,0.2945205479452047,2.3886241507680888
ZECUSDT,LONG,1780396200,1780398000,568.15,552.5957142857143,572.0385714285715,TP2,0.23538923585599192,0.027377075973397395,1,0.21440877055599036,2.34832018939213
LABUSDT,LONG,1780399800,1780405200,19.876,18.317857142857143,20.265535714285715,TP2,0.24489751535710952,0.0783931805767185,1,0.14071060049997383,1.8963908333662736
HYPEUSDT,LONG,1780404300,1780405200,73.41,72.06714285714285,73.74571428571429,TP2,0.22813319148936445,0.018292564267227186,1,0.21926910299003172,2.000795532746717
BILLUSDT,SHORT,1780406100,1780410600,0.08322,0.09077714285714286,0.08133071428571428,SL,-1.0044048393194707,0.09080921481786661,1,0.2804967129291455,-3.4905367614720353
NEARUSDT,SHORT,1780410600,1780413300,2.599,2.686714285714286,2.5770714285714287,TP2,0.23814788273615764,0.033749244214807905,1,0.08333333333333247,-2.4793794952527737
TAOUSDT,SHORT,1780410600,1780414200,241.7,246.28571428571428,240.55357142857142,TP2,0.22891713395638633,0.018972752526745112,1,0.24752475247524836,-3.650029946546634
XLMUSDT,SHORT,1780413300,1780415100,0.2178,0.22412857142857143,0.21621785714285713,TP2,0.23623386004514785,0.029056801784074514,1,0.5032258064516125,-3.1046622929502328
ADAUSDT,SHORT,1780414200,1780415100,0.2162,0.2197714285714286,0.21530714285714286,TP2,0.22578559999999812,0.016519096075062807,1,0.5068493150684934,-2.5595633448560133
AVAXUSDT,SHORT,1780415100,1780428600,8.346,8.506428571428572,8.305892857142856,TP2,0.22919073909172422,0.019222210810995906,1,0.7169117647058875,-2.0104779763055407
ZECUSDT,LONG,1780416900,1780420500,605.8,582.9285714285713,611.5178571428571,TP2,0.23940512179887571,0.03775409140216011,1,0.31026984283878617,3.592307172516213
BILLUSDT,SHORT,1780417800,1780460100,0.07676,0.08664,0.07429,SL,-1.0031076923076923,0.12871287128712872,1,0.4171806167400882,-1.7090048870825276
LABUSDT,LONG,1780422300,1780425900,21.268,19.797,21.63575,TP2,0.2442167233174717,0.06916494263682528,1,0.12126711763735348,2.3328898825507984
HYPEUSDT,SHORT,1780428600,1780429500,69.73,71.29428571428572,69.33892857142858,TP2,0.23216949771689044,0.022433467865849915,1,0.38918918918918677,-2.828450373256338
TAOUSDT,SHORT,1780429500,1780431300,234.2,239.0857142857143,232.97857142857143,SL,-1.0191742690058478,0.02086129071611566,1,0.3121019108280255,-2.3619962587030554
LABUSDT,LONG,1780434000,1780436700,25.288,23.453857142857142,25.746535714285713,SL,-1.005514946646935,0.07253016676458622,1,0.6108478146392836,2.2474038245344654
NEARUSDT,LONG,1780434000,1780434900,2.714,2.6015714285714284,2.742107142857143,TP2,0.2403440914866582,0.041425413201389615,1,0.33766233766233816,2.4006007365102144
HYPEUSDT,SHORT,1780439400,1780440300,68.61,70.49142857142857,68.13964285714286,TP2,0.2354132118451006,0.027422075082765947,1,0.48849104859334996,-1.4920353769417156
LABUSDT,SHORT,1780439400,1780443900,7.084,13.099142857142855,5.580214285714286,SL,-1.0004710777561392,0.8491167217875292,1,0.5261948869951832,-3.857598361492434
AAVEUSDT,SHORT,1780441200,1780443000,73.05,74.61714285714285,72.65821428571428,TP2,0.23135460346399495,0.021453016524885078,1,0.544508670520231,-2.1634382667714447
XLMUSDT,LONG,1780446600,1780452000,0.228,0.2217714285714286,0.22955714285714288,SL,-1.0146422018348624,0.027318295739348335,1,0.2777777777777778,2.6224402724287454
ZECUSDT,LONG,1780446600,1780447500,624.04,598.8728571428571,630.3317857142856,TP2,0.2400816711131271,0.04032937449064614,1,0.25338640303010834,1.8925957932855704
SEIUSDT,SHORT,1780458300,1780460100,0.06127,0.06232285714285714,0.061006785714285715,SL,-1.0232776119402986,0.017183893305975865,1,0.3159999999999993,-2.8345373835153618
TAOUSDT,SHORT,1780458300,1780459200,221.0,225.38571428571427,219.90357142857144,TP2,0.2298436482084674,0.019844861021331567,1,0.1872791519434624,-3.2276170130905246
HYPEUSDT,LONG,1780460100,1780462800,72.26,70.48142857142858,72.70464285714286,TP2,0.23374875502007833,0.024613498873116924,1,0.3586744639376238,2.9590569042591586
NEARUSDT,LONG,1780461000,1780463700,2.805,2.695,2.8325,TP2,0.239799999999998,0.03921568627450987,1,0.30730050933786063,2.536950736601759
SUIUSDT,LONG,1780463700,1780471800,0.834,0.8170428571428572,0.8382392857142856,TP2,0.23032687447346084,0.020332305584104114,1,0.21436343852012996,2.66791708518073
XLMUSDT,LONG,1780468200,1780471800,0.2301,0.22440000000000002,0.231525,TP2,0.2338526315789498,0.024771838331160343,1,0.3047210300429184,2.7512536168323853
XRPUSDT,LONG,1780468200,1780469100,1.238,1.218,1.2429999999999999,TP2,0.22523999999999444,0.01615508885298868,1,0.23809523809523808,1.7919422704955317
NEARUSDT,LONG,1780476300,1780483500,2.902,2.807857142857143,2.9255357142857146,TP2,0.2376698027314124,0.032440681303534495,1,0.4793926247288502,1.6585674567591144
BILLUSDT,SHORT,1780483500,1780487100,0.08295,0.08529285714285714,0.08236428571428571,TP2,0.23583780487804878,0.028244209076035476,1,0.1992551210428298,-2.2567230400151668
LABUSDT,LONG,1780484400,1780485300,17.74,16.17542857142857,18.131142857142855,TP2,0.24546457268078833,0.08819455628925751,1,0.4293825408090838,2.0311526224161693
ZECUSDT,SHORT,1780487100,1780488000,594.17,612.9557142857143,589.4735714285714,TP2,0.2373484714828882,0.03161673306581333,1,0.23973472555383069,-2.1437896961398106
LABUSDT,SHORT,1780489800,1780490700,13.104,15.17742857142857,12.585642857142856,SL,-1.0025279867713932,0.15822867608581884,1,0.31343544857768024,-3.321433622934788
NEARUSDT,LONG,1780490700,1780493400,2.984,2.8727142857142853,3.0118214285714284,TP2,0.23927445442875284,0.03729414017617777,1,0.2235701906412477,2.056492300749698
SEIUSDT,LONG,1780492500,1780493400,0.06471,0.06362285714285715,0.06498178571428571,TP2,0.22619080157686927,0.01680022959577892,1,0.23684210526315838,2.208263520347828
XLMUSDT,SHORT,1780497000,1780502400,0.2233,0.22985714285714284,0.2216607142857143,TP2,0.2363782135076242,0.029364723946004714,1,0.07112970711297116,-1.9479271501822577
ZECUSDT,LONG,1780498800,1780502400,629.58,610.3442857142858,634.3889285714287,SL,-1.0130918975120684,0.03055324865102812,1,0.24020577760189943,1.8134980086375625
SEIUSDT,SHORT,1780502400,1780503300,0.0627,0.06402857142857143,0.06236785714285715,TP2,0.23112258064516128,0.021189336978810636,1,0.3157894736842097,-2.3647775355592175
AAVEUSDT,SHORT,1780503300,1780504200,74.94,76.14285714285715,74.6392857142857,TP2,0.22507933491686768,0.016050935986884833,1,0.4074074074074037,-2.28499871326059
BILLUSDT,LONG,1780503300,1780504200,0.08548,0.08341285714285715,0.08599678571428572,TP2,0.2334592950932998,0.02418276622768901,1,0.15197313182199879,2.15511872890263
TAOUSDT,SHORT,1780503300,1780504200,226.6,231.64285714285714,225.33928571428572,TP2,0.23202606232294332,0.022254444584541625,1,0.4319526627218933,-2.19534207560819
DOTUSDT,SHORT,1780504200,1780506900,1.093,1.1137142857142857,1.0878214285714285,TP2,0.22889379310345087,0.018951771010325393,1,0.36986301369862995,-3.28944653184102
XLMUSDT,SHORT,1780510500,1780514100,0.218,0.22364285714285712,0.2165892857142857,TP2,0.23454683544304036,0.025884665792922607,1,0.3357664233576653,-1.9330537574834652
LABUSDT,LONG,1780512300,1780515900,17.08,15.921142857142854,17.369714285714284,SL,-1.0058954635108481,0.06784877885580472,1,0.2355143519343918,2.3634417548636977
HYPEUSDT,LONG,1780513200,1780519500,74.11,72.44428571428571,74.52642857142857,SL,-1.0177965694682676,0.02247624187983108,1,0.187713310580205,1.979772926071192
ADAUSDT,SHORT,1780515000,1780516800,0.2058,0.20911428571428572,0.20497142857142858,TP2,0.22516206896551727,0.016104400944051106,1,0.5797101449275376,-1.8265969487226152
BILLUSDT,LONG,1780515900,1780517700,0.08606,0.08438428571428572,0.08647892857142857,TP2,0.22945711849957373,0.019471465090800423,1,0.17505470459518582,2.0744367729353366
LINKUSDT,SHORT,1780516800,1780520400,8.208,8.347714285714286,8.17307142857143,TP2,0.22650061349692932,0.017021720969089386,1,0.31051964512040625,-1.6613330874567642
SEIUSDT,SHORT,1780516800,1780517700,0.06103,0.06215285714285714,0.060749285714285714,TP2,0.22825903307888193,0.01839844572926662,1,0.43771043771043955,-1.445902568630121
LABUSDT,SHORT,1780517700,1780520400,13.838,15.364571428571429,13.456357142857142,SL,-1.0036259030507206,0.11031734561146334,1,0.19594868332207982,-2.9991056826683393
AVAXUSDT,SHORT,1780519500,1780520400,8.006,8.142,7.972,TP2,0.22645294117647058,0.016987259555333496,1,0.21582733812949617,-2.2872272099554385
DOTUSDT,LONG,1780524000,1780533000,1.119,1.0948571428571428,1.1250357142857144,SL,-1.0185396449704143,0.021575386186646273,1,0.2231404958677683,1.9914237094064118
HYPEUSDT,LONG,1780524000,1780526700,74.98,73.19,75.42750000000001,TP2,0.2332446927374322,0.023873032808749056,1,0.28210313447927343,1.9229286198146023
LINKUSDT,LONG,1780524000,1780533000,8.438,8.269142857142858,8.480214285714286,SL,-1.019988494077834,0.020011512545288324,1,0.2093541202672609,2.3742124450006385
ZECUSDT,LONG,1780529400,1780536600,631.56,608.6285714285714,637.2928571428571,SL,-1.0110164963867432,0.036309184513630674,1,0.273595923134091,1.8914524136901303
AAVEUSDT,SHORT,1780533000,1780536600,73.26,74.61142857142858,72.92214285714286,TP2,0.22831627906977014,0.018447018447018515,1,0.233689205219454,-2.5173816816759915
ADAUSDT,SHORT,1780533000,1780533900,0.1969,0.2006142857142857,0.19597142857142857,TP2,0.2287953846153827,0.018863817746499267,1,0.48000000000000076,-2.666152412170201
SEIUSDT,SHORT,1780533000,1780535700,0.05842,0.05962857142857143,0.058117857142857145,TP2,0.23066477541371017,0.0206876314373747,1,0.5075885328836413,-2.527925557519941
NEARUSDT,SHORT,1780535700,1780536600,2.759,2.863714285714286,2.7328214285714285,TP2,0.2394608458390167,0.037953709936312356,1,0.16733067729083673,-1.9899250240093234
AVAXUSDT,SHORT,1780536600,1780538400,7.814,7.969285714285714,7.7751785714285715,TP2,0.22987194112235512,0.019872755859446443,1,0.21052631578947403,-2.771701313258859
BILLUSDT,SHORT,1780537500,1780538400,0.08359,0.08641142857142857,0.08288464285714285,TP2,0.23814926582278603,0.033753183053338555,1,0.2343750000000008,-2.3081615182639577
LABUSDT,LONG,1780537500,1780545600,16.189,15.152571428571429,16.448107142857143,TP2,0.24375200551343945,0.06402054304951331,1,0.18066047917116368,2.0270729821393987
BTCUSDT,SHORT,1780538400,1780539300,62152.0,63184.357142857145,61893.91071428572,TP2,0.22591841140247343,0.01661019987863853,1,0.637957362419436,-1.998526134374024
DOTUSDT,SHORT,1780539300,1780540200,1.043,1.0778571428571428,1.0342857142857143,TP2,0.23803114754098204,0.033420079441172444,1,0.34545454545454596,-2.6146091824800064
ETHUSDT,SHORT,1780539300,1780542900,1744.84,1783.47,1735.1825,SL,-1.0180672016567434,0.022139565805460698,1,0.2667425535951428,-2.2606450581968582
XLMUSDT,LONG,1780542900,1780548300,0.2204,0.2123857142857143,0.22240357142857145,SL,-1.0110003565062389,0.03636245786880994,1,0.24226804123711423,2.5590172339817197
NEARUSDT,SHORT,1780549200,1780550100,2.629,2.7687142857142857,2.5940714285714286,TP2,0.24247321063394683,0.053143509210454826,1,0.2542787286063576,-2.2060963623457326
HYPEUSDT,SHORT,1780556400,1780558200,69.71,71.57571428571428,69.24357142857143,TP2,0.23505451761102222,0.02676394040617249,1,0.164695177434031,-2.706210502439955
SEIUSDT,SHORT,1780558200,1780560900,0.0543,0.055432857142857145,0.05401678571428571,TP2,0.2308272383354381,0.020862930807682204,1,0.3103448275862055,-2.0600246667406164
ZECUSDT,SHORT,1780558200,1780560000,572.62,595.2757142857142,566.9560714285715,TP2,0.2398900561195523,0.03956500696048736,1,0.17385198708046634,-2.666469596461844
SOLUSDT,SHORT,1780560000,1780560900,69.09,70.27428571428572,68.79392857142858,TP2,0.22666441495777448,0.017141202985753584,1,0.3094017094017101,-2.2726660603560203
AAVEUSDT,SHORT,1780560900,1780564500,70.53,71.89571428571429,70.18857142857144,TP2,0.22934267782426265,0.01936359401267957,1,0.21976592977893425,-2.229431864261724
NEARUSDT,SHORT,1780561800,1780562700,2.345,2.452857142857143,2.3180357142857146,TP2,0.24130331125827711,0.04599451720986902,1,0.7105263157894735,-1.5393276377974894
ADAUSDT,SHORT,1780562700,1780564500,0.1928,0.19635714285714287,0.1919107142857143,TP2,0.22831967871485553,0.01844991108476586,1,0.39884393063583734,-2.0256856202926956
LABUSDT,LONG,1780563600,1780565400,16.781,16.337285714285713,16.891928571428572,TP2,0.23487224726336525,0.026441468667796095,1,0.41795311606632196,2.4419455418474785
AVAXUSDT,SHORT,1780564500,1780565400,7.718,7.851714285714285,7.684571428571428,TP2,0.22691196581196915,0.01732499167067708,1,0.3908629441624371,-1.8937734626514442
BILLUSDT,SHORT,1780565400,1780566300,0.08095,0.08366,0.0802725,TP2,0.2380516605166039,0.03347745521927116,1,0.4494219653179187,-2.6224310545390854
DOTUSDT,SHORT,1780565400,1780570800,1.015,1.0367142857142857,1.0095714285714283,TP2,0.23130263157895253,0.021393384940183054,1,0.4796747967479662,-2.666989831832996
LABUSDT,SHORT,1780566300,1780567200,15.368,16.093857142857143,15.186535714285714,SL,-1.0084688840779374,0.04723172454822636,1,0.29335260115606887,-3.3203893616851214
HYPEUSDT,SHORT,1780568100,1780570800,65.78,68.28857142857143,65.15285714285714,TP2,0.2395111617312073,0.038135777266212055,1,0.5378729915837795,-1.5250216357710447
SEIUSDT,SHORT,1780571700,1780577100,0.05243,0.05357428571428571,0.05214392857142857,SL,-1.01832759051186,0.021825018391869438,1,0.49758454106280176,-1.3193762017472854
SUIUSDT,SHORT,1780571700,1780576200,0.7592,0.7787857142857142,0.7543035714285714,SL,-1.0155051787016776,0.02579783230468158,1,0.4223107569721113,-1.6889511406806472
TAOUSDT,SHORT,1780571700,1780576200,210.6,216.05714285714285,209.23571428571427,SL,-1.0154366492146596,0.025912359245692594,1,0.40425531914893614,-1.5037769856298815
ADAUSDT,SHORT,1780618500,1780621200,0.1755,0.17967142857142857,0.17445714285714284,TP2,0.23317123287671407,0.023768823768823864,1,0.7083333333333315,-2.363646406849763
ZECUSDT,SHORT,1780621200,1780623000,432.55,467.0342857142857,423.92892857142857,TP2,0.2449826421972745,0.07972323595950925,1,0.5475914280481111,-1.533226597030994
LABUSDT,SHORT,1780623900,1780634700,10.353,11.96742857142857,9.949392857142858,TP2,0.2474348818688609,0.15593823736391105,1,0.10174108729124719,-2.2235387609269117
SUIUSDT,SHORT,1780626600,1780627500,0.7477,0.7646714285714286,0.7434571428571429,TP2,0.23237744107743943,0.022698179178050764,1,0.18636363636363634,-2.5009842054576907
XLMUSDT,SHORT,1780626600,1780627500,0.1977,0.20217142857142856,0.19658214285714284,TP2,0.23231437699680516,0.02261724113013952,1,0.21,-2.2546804660325686
AAVEUSDT,SHORT,1780628400,1780629300,69.12,70.33571428571429,68.81607142857143,TP2,0.22725781433607523,0.017588458994709004,1,0.15963855421686746,-2.4296731874530386
DOTUSDT,SHORT,1780628400,1780629300,1.008,1.0282857142857142,1.0029285714285714,TP2,0.23012394366197456,0.020124716553288,1,0.20000000000000084,-2.878742154265288
ADAUSDT,SHORT,1780630200,1780631100,0.1619,0.16808571428571428,0.16035357142857143,TP2,0.23953071593533262,0.038207006088414375,1,0.660777385159011,-1.869638724840801
HYPEUSDT,SHORT,1780631100,1780632000,62.24,64.30000000000001,61.725,TP2,0.23791456310679526,0.03309768637532137,1,0.20402010050251235,-2.3064549126353446
AVAXUSDT,SHORT,1780632000,1780633800,7.314,7.4634285714285715,7.276642857142857,SL,-1.0195785850860422,0.02043048556584242,1,0.5258620689655189,-2.155095847955698
ETHUSDT,SHORT,1780638300,1780639200,1698.6,1729.72,1690.82,TP2,0.22816709511567945,0.018320970210761855,1,0.45999694049257983,-2.7228829161010997
LINKUSDT,SHORT,1780638300,1780639200,7.719,7.881285714285714,7.678428571428571,TP2,0.2309742957746506,0.021024188921584943,1,0.3083109919571056,-2.019423763136855
AAVEUSDT,SHORT,1780639200,1780640100,67.78,69.48,67.355,TP2,0.2340517647058803,0.025081144880495735,1,0.33333333333333215,-2.354613538326076
DOTUSDT,SHORT,1780640100,1780641000,0.984,1.011,0.97725,TP2,0.23542222222222425,0.027439024390243864,1,0.3676470588235288,-2.371660664446601
SEIUSDT,SHORT,1780640100,1780641000,0.05021,0.051334285714285714,0.04992892857142857,TP2,0.23213621346886912,0.022391669274760276,1,0.36483931947070136,-2.2725768313074957
BTCUSDT,SHORT,1780641000,1780643700,61647.7,62699.514285714286,61384.74642857142,TP2,0.22655567115324712,0.017061695500631576,1,0.3529517674595404,-2.380506742253569
BILLUSDT,SHORT,1780642800,1780643700,0.07602,0.0796357142857143,0.07511607142857143,TP2,0.2415900434610816,0.047562671477430776,1,0.22921522921522916,-2.3280920420677322
ZECUSDT,SHORT,1780642800,1780643700,320.2,359.84714285714284,310.2882142857143,TP2,0.24676950239613735,0.12381993396984031,1,0.5443008499243219,-2.6479842569211627
LABUSDT,SHORT,1780655400,1780656300,10.415,11.383,10.173,TP2,0.24569628099173463,0.09294287085933745,1,0.17522412387938102,-2.661857120712991
SEIUSDT,SHORT,1780658100,1780661700,0.04889,0.04989428571428572,0.048638928571428576,TP2,0.2305274537695573,0.020541740934459263,1,0.11210762331838549,-1.8501157046373404
BILLUSDT,SHORT,1780659900,1780660800,0.07349,0.07574,0.0729275,TP2,0.23693511111110804,0.030616410395972238,1,0.22251539138082677,-2.121929172354677
AAVEUSDT,SHORT,1780660800,1780661700,66.12,67.47571428571429,65.78107142857144,TP2,0.2304914646996813,0.020503845821450196,1,0.02114164904862457,-1.8787273429016442
AVAXUSDT,SHORT,1780668000,1780668900,6.971,7.129857142857143,6.931285714285714,TP2,0.23244712230215966,0.022788286165133103,1,0.4154302670623158,-2.328704386063115
DOTUSDT,SHORT,1780668000,1780668900,0.961,0.9847142857142857,0.9550714285714286,TP2,0.23379036144578197,0.024676676081462755,1,0.3600000000000016,-3.5517241379310414
ETHUSDT,SHORT,1780668000,1780668900,1613.51,1645.0085714285715,1605.6353571428572,TP2,0.22951005487777046,0.01952177019576666,1,0.5503325272067713,-3.445911509361782
LABUSDT,LONG,1780668900,1780669800,11.778,10.944571428571429,11.986357142857143,TP2,0.24434720603359564,0.07076146811246144,1,0.20481927710843367,2.7744183712836534
BTCUSDT,SHORT,1780669800,1780674300,60342.4,61411.9,60075.025,TP2,0.2274315474520804,0.01772385586254441,1,0.5921433259596003,-2.514225314311743
BILLUSDT,SHORT,1780671600,1780673400,0.07036,0.07242285714285715,0.06984428571428572,TP2,0.2363567867036011,0.02931860635101114,1,0.5299539170506908,-1.6743218151878545
NEARUSDT,SHORT,1780671600,1780672500,1.987,2.0704285714285713,1.9661428571428572,TP2,0.2404732876712342,0.04198720253073545,1,0.2270270270270269,-1.9033316474546564
HYPEUSDT,SHORT,1780673400,1780674300,59.49,61.83571428571428,58.90357142857143,TP2,0.23985554202192447,0.03943039646519218,1,0.2371871275327769,-3.0584280108861415
AAVEUSDT,SHORT,1780674300,1780677000,60.76,62.87428571428571,60.23142857142857,SL,-1.0114951351351351,0.034797329069876745,1,0.7313769751693006,-1.6951703960776348
ADAUSDT,SHORT,1780675200,1780676100,0.1571,0.16218571428571427,0.15582857142857143,TP2,0.23764382022471775,0.03237246521778667,1,0.23404255319148967,-2.2107431918976688
LABUSDT,SHORT,1780681500,1780683300,10.394,11.881571428571428,10.022107142857143,SL,-1.0027948910016327,0.14311828252563288,1,0.08850008493290286,-1.7519184452922596
XLMUSDT,LONG,1780682400,1780683300,0.1971,0.1909142857142857,0.19864642857142856,TP2,0.237254503464201,0.031383634123360156,1,0.21333333333333449,2.4318115836168817
BTCUSDT,SHORT,1780686000,1780690500,59362.5,60590.41428571429,59055.52142857143,SL,-1.0193376689857365,0.020685016394428903,1,0.27530487804878,-2.933183499329151
DOTUSDT,SHORT,1780686000,1780686900,0.923,0.9530000000000001,0.9155000000000001,TP2,0.23769333333333145,0.032502708559046564,1,0.509803921568627,-2.757921100649082
SEIUSDT,SHORT,1780686000,1780686900,0.04557,0.04696714285714285,0.04522071428571429,TP2,0.23695337423312757,0.030659268315621147,1,0.4635879218472451,-2.6819281523155336
XLMUSDT,LONG,1780693200,1780694100,0.2017,0.19492857142857142,0.20339285714285713,TP2,0.23808523206750953,0.03357178270415756,1,0.42763157894736853,2.3245688997282983
LABUSDT,SHORT,1780703100,1780704900,9.552,10.164571428571428,9.398857142857143,TP2,0.24376268656716418,0.06413017468293854,1,0.4869809992962712,-1.5897309581923345
SUIUSDT,LONG,1780704900,1780707600,0.7208,0.702,0.7255,TP2,0.23466382978723554,0.026082130965593794,1,0.3453453453453448,1.674090683228563
ZECUSDT,LONG,1780704900,1780716600,397.13,367.4271428571428,404.55571428571426,SL,-1.0053480377068102,0.07479378828811005,1,0.640590531138639,1.6057043363805663
AAVEUSDT,SHORT,1780711200,1780712100,61.46,62.76,61.135,TP2,0.23108923076923346,0.021151968760169188,1,0.1717495987158906,-2.4843332878040956
AVAXUSDT,SHORT,1780715700,1780716600,6.613,6.744000000000001,6.58025,TP2,0.22980763358778622,0.01980946620293359,1,0.2345679012345673,-1.8877531540383488
XLMUSDT,SHORT,1780716600,1780717500,0.1936,0.1984857142857143,0.19237857142857143,TP2,0.2341497076023378,0.025236127508854827,1,0.5462962962962971,-1.969911592899756
ADAUSDT,SHORT,1780719300,1780720200,0.1517,0.15587142857142858,0.15065714285714285,TP2,0.23545342465753594,0.027497881156417773,1,0.25388601036269354,-2.2780876075967087
DOTUSDT,SHORT,1780719300,1780720200,0.912,0.9298571428571428,0.9075357142857143,TP2,0.22957119999999995,0.019580200501253083,1,0.3500000000000001,-3.0067861721363327
HYPEUSDT,SHORT,1780719300,1780720200,58.01,59.34285714285714,57.676785714285714,TP2,0.23259078242229234,0.02297633412958355,1,0.1800000000000011,-2.278373915467508
ETHUSDT,SHORT,1780721100,1780722900,1518.88,1547.0657142857144,1511.8335714285715,TP2,0.22844468322351746,0.01855690659282777,1,0.5404486743711782,-2.5970252082359755
LINKUSDT,SHORT,1780721100,1780723800,7.02,7.155714285714286,6.986071428571428,SL,-1.0206905263157895,0.019332519332519355,1,0.5775127768313485,-2.6998987690656704
NEARUSDT,SHORT,1780721100,1780722900,1.834,1.8934285714285717,1.8191428571428572,SL,-1.0123442307692307,0.03240380121514261,1,0.5156250000000009,-3.0815751197753003
BILLUSDT,LONG,1780723800,1780725600,0.07318,0.07126142857142857,0.07365964285714285,TP2,0.2347428145941939,0.026217155350798365,1,0.20325203252032467,2.353570670660472
HYPEUSDT,LONG,1780730100,1780734600,60.23,58.67428571428571,60.61892857142857,TP2,0.23451386593204776,0.025829558122435443,1,0.17073170731707368,1.8158976992578442
ZECUSDT,LONG,1780730100,1780736400,389.42,368.0914285714286,394.75214285714287,SL,-1.007303255190891,0.05477009765438711,1,0.16516234907982622,2.3273386370746647
XLMUSDT,LONG,1780731000,1780731900,0.1981,0.1924142857142857,0.19952142857142857,TP2,0.23606331658291457,0.02870123314343403,1,0.08333333333333323,1.750761166197689
LABUSDT,SHORT,1780733700,1780734600,8.986,9.764857142857144,8.791285714285715,TP2,0.2453850330154066,0.08667450955454516,1,0.19532908704883167,-2.0369632805939393
ADAUSDT,LONG,1780734600,1780740900,0.1594,0.15528571428571428,0.16042857142857142,SL,-1.0154972222222223,0.02581107725398819,1,0.21161825726140993,1.762788641945968
SEIUSDT,LONG,1780736400,1780738200,0.04788,0.04698571428571428,0.048103571428571426,TP2,0.22858402555910354,0.018677646497195416,1,0.33783783783783844,1.7015120949974774
TAOUSDT,LONG,1780737300,1780740000,197.1,193.54285714285712,197.9892857142857,SL,-1.0221638554216868,0.018047401609045492,1,0.5487179487179481,1.310311051735448
BILLUSDT,SHORT,1780742700,1780749900,0.07045,0.07229714285714287,0.06998821428571428,TP2,0.23474400618716357,0.026219203082226555,1,0.29455445544554476,-2.6153776068767196
HYPEUSDT,SHORT,1780742700,1780743600,58.55,59.81142857142857,58.23464285714285,TP2,0.23143374858437285,0.02154446748810542,1,0.14788732394366239,-2.107193422767679
NEARUSDT,SHORT,1780742700,1780747200,1.871,1.918,1.85925,SL,-1.0159234042553191,0.025120256547300924,1,0.26016260162601584,-2.2426165682501233
ZECUSDT,SHORT,1780748100,1780750800,358.03,372.65714285714284,354.37321428571425,SL,-1.0097908389491161,0.04085451737883096,1,0.35649756775538516,-1.9136496203606461
BILLUSDT,LONG,1780751700,1780765200,0.07418,0.07151428571428571,0.07484642857142856,SL,-1.0111309753483386,0.03593575472788203,1,0.08214285714285646,1.7759235769496557
ADAUSDT,LONG,1780755300,1780758900,0.1608,0.15769999999999998,0.161575,SL,-1.0207483870967742,0.019278606965174177,1,0.12499999999999928,2.2731457051514856
XLMUSDT,LONG,1780755300,1780758900,0.2048,0.20044285714285714,0.20588928571428572,SL,-1.0188013114754098,0.021275111607142894,1,0.08661417322834573,2.208302153581402
HYPEUSDT,SHORT,1780758900,1780767000,57.76,58.79714285714286,57.50071428571428,TP2,0.2277234159779632,0.01795607439651764,1,0.2219679633867272,-2.4736497009829
NEARUSDT,SHORT,1780758900,1780760700,1.837,1.8818571428571427,1.8257857142857143,SL,-1.0163808917197452,0.024418695077377664,1,0.21465968586387463,-2.1745508943055656
ZECUSDT,LONG,1780791300,1780793100,366.47,353.1228571428572,369.80678571428575,TP2,0.23901727496521566,0.036420833512000574,1,0.24146924581612728,2.7490198759809426
ADAUSDT,LONG,1780794900,1780795800,0.1602,0.15762857142857145,0.16084285714285715,TP2,0.22507999999999997,0.016051364365971096,1,0.35849056603773666,3.273568127098101
NEARUSDT,LONG,1780794900,1780795800,1.905,1.864,1.9152500000000001,TP2,0.23141463414634417,0.021522309711286082,1,0.3333333333333323,2.8883547627743553
HYPEUSDT,LONG,1780795800,1780807500,58.36,57.169999999999995,58.6575,TP2,0.2303831932773095,0.02039067854695003,1,0.397260273972603,2.9828483820626177
BILLUSDT,LONG,1780796700,1780797600,0.07525,0.07398285714285714,0.07556678571428571,TP2,0.22624577226606546,0.01683910773611776,1,0.49870801033591605,3.2533710130348026
SUIUSDT,LONG,1780796700,1780797600,0.7511,0.7376571428571428,0.7544607142857143,TP2,0.22765058448458886,0.017897559769480986,1,0.7702702702702752,2.5521247236232494
TAOUSDT,LONG,1780800300,1780801200,202.3,198.87142857142857,203.15714285714287,TP2,0.22639833333333337,0.016947955652849397,1,0.6811594202898563,2.246492593346937
NEARUSDT,SHORT,1780803900,1780810200,1.832,1.8934285714285715,1.8166428571428572,SL,-1.0119293023255813,0.03353087960074861,1,0.08444444444444407,-1.5816428157972136
HYPEUSDT,LONG,1780808400,1780809300,59.12,58.06142857142857,59.38464285714286,TP2,0.22766045883940955,0.017905470713319167,1,0.4455782312925164,2.0253434701084183
ZECUSDT,LONG,1780811100,1780812000,397.96,383.4814285714286,401.57964285714286,TP2,0.23900554514060382,0.036381976652355576,1,0.30162136385312344,3.2067342095231726
TAOUSDT,LONG,1780813800,1780814700,206.4,202.71428571428572,207.32142857142858,TP2,0.2276000000000019,0.017857142857142846,1,0.5000000000000009,2.082941530222755
BILLUSDT,LONG,1780814700,1780816500,0.07722,0.07553714285714286,0.07764071428571429,TP2,0.2316455008488985,0.021793021793021818,1,0.20454545454545595,2.223992142532245
AAVEUSDT,LONG,1780819200,1780821900,63.45,62.401428571428575,63.71214285714286,TP2,0.22579564032697377,0.01652594844084205,1,0.2997711670480542,2.0676611499769137
XLMUSDT,SHORT,1780821000,1780825500,0.2052,0.2099,0.20402499999999998,TP2,0.23253617021276748,0.022904483430799247,1,0.28372093023255834,-2.633475665557087
SEIUSDT,LONG,1780823700,1780824600,0.0504,0.04951714285714286,0.05062071428571429,TP2,0.22716504854369332,0.01751700680272114,1,0.5267175572519078,1.5575694289389244
BILLUSDT,LONG,1780828200,1780829100,0.08023,0.07808142857142857,0.08076714285714286,TP2,0.23506356382978882,0.02678014992610528,1,0.39794967381174073,3.2684180434701586
LABUSDT,LONG,1780831800,1780833600,13.419,12.862714285714286,13.558071428571429,SL,-1.009648998459168,0.04145507968445596,1,0.2318244170096025,2.6613928051688607
HYPEUSDT,SHORT,1780834500,1780842600,57.53,58.832857142857144,57.20428571428572,SL,-1.0176627192982457,0.022646569491693767,1,0.45419847328244234,-2.824505736640677
XLMUSDT,SHORT,1780834500,1780836300,0.2032,0.20677142857142858,0.20230714285714285,TP2,0.22724159999999807,0.017575928008998893,1,0.30769230769230654,-1.8739423766158507
NEARUSDT,SHORT,1780835400,1780836300,1.876,1.9262857142857142,1.8634285714285712,TP2,0.23507727272727497,0.026804751751446858,1,0.20754716981132162,-2.031034264434188
NEARUSDT,LONG,1780842600,1780843500,1.967,1.9160000000000001,1.9797500000000001,TP2,0.23457254901960894,0.025927808845958297,1,0.22480620155038836,2.9242072133795656
ZECUSDT,LONG,1780843500,1780845300,432.78,414.16428571428565,437.43392857142857,TP2,0.2407007597268061,0.04301426656895952,1,0.5337558556076049,2.844774658378563
LABUSDT,LONG,1780850700,1780851600,13.666,13.052285714285714,13.819428571428572,TP2,0.24109292364990761,0.044908113984654316,1,0.32194918783840054,3.18540120769972
XLMUSDT,LONG,1780852500,1780859700,0.2082,0.20434285714285716,0.20916428571428572,SL,-1.0215911111111111,0.01852614244545074,1,0.35570469798657856,2.6846189523729453
HYPEUSDT,LONG,1780856100,1780859700,59.41,58.32714285714285,59.68071428571428,SL,-1.0219456464379948,0.018226849736696544,1,0.3431578947368401,1.7478788399815872
BILLUSDT,SHORT,1780857900,1780858800,0.07524,0.07707571428571429,0.07478107142857143,TP2,0.23360529182879186,0.024398116503379638,1,0.5447154471544726,-1.8657085717368713
HYPEUSDT,SHORT,1780860600,1780861500,57.72,58.64857142857142,57.487857142857145,TP2,0.22513599999999803,0.016087516087516053,1,0.17344753747323383,-2.5023470510567405
XLMUSDT,SHORT,1780862400,1780870500,0.2,0.2041,0.198975,SL,-1.0195121951219512,0.02050000000000002,1,0.15492957746478891,-2.0053252803607298
ZECUSDT,LONG,1780866900,1780870500,428.34,414.69285714285706,431.7517857142857,TP2,0.23744528420391398,0.03186053802386629,1,0.18743228602383485,2.3277622967286247
AAVEUSDT,LONG,1780870500,1780871400,64.76,63.541428571428575,65.06464285714286,TP2,0.22874232121922186,0.018816729903820686,1,0.2735849056603774,3.190241795797455
ADAUSDT,LONG,1780870500,1780871400,0.1668,0.1634,0.16765000000000002,TP2,0.2303764705882395,0.02038369304556366,1,0.21019108280254734,2.7945005305132877
HYPEUSDT,LONG,1780877700,1780878600,60.04,58.80285714285714,60.34928571428571,TP2,0.2305875288683603,0.020605310745217483,1,0.3372262773722634,1.8488596843739191
LABUSDT,SHORT,1780878600,1780879500,12.639,13.140142857142857,12.513714285714284,TP2,0.23991185860889486,0.03965051484633731,1,0.1454363089267807,-2.4860030946958904
XLMUSDT,SHORT,1780889400,1780892100,0.2003,0.20411428571428572,0.1993464285714286,TP2,0.22899475655430349,0.019042864275016048,1,0.329545454545455,-2.170064801513694
BILLUSDT,SHORT,1780895700,1780897500,0.07394,0.07545714285714286,0.07356071428571428,TP2,0.2305054613936015,0.02051856717802077,1,0.2004950495049503,-2.08897478731441
LABUSDT,LONG,1780898400,1780899300,13.052,12.573428571428572,13.171642857142857,TP2,0.23909086567164178,0.03666652073026575,1,0.2035640849897187,3.1671564379207213
HYPEUSDT,LONG,1780899300,1780900200,62.48,61.10142857142856,62.824642857142855,TP2,0.23187108808290158,0.022064203402231617,1,0.3970390309555849,2.2849434879718564
NEARUSDT,LONG,1780900200,1780901100,2.126,2.066142857142857,2.1409642857142854,TP2,0.23579284009546167,0.02815481790081979,1,0.22615803814713745,2.169719672380095
ZECUSDT,LONG,1780902900,1780909200,438.4,425.87999999999994,441.53,SL,-1.0140063897763578,0.028558394160583995,1,0.17452179057385203,2.187457920416325
ADAUSDT,LONG,1780918200,1780919100,0.1672,0.1644428571428571,0.1678892857142857,TP2,0.2257430051813497,0.016490088858509947,1,0.49056603773584884,2.670703664281771
ZECUSDT,SHORT,1780920900,1780921800,421.89,433.7857142857143,418.9160714285714,TP2,0.23581371442296267,0.02819624614405242,1,0.36931111663765254,-1.8548360236474513
LABUSDT,SHORT,1780921800,1780933500,12.724,13.162857142857144,12.614285714285714,SL,-1.0115973958333333,0.03449050163919703,1,0.25000000000000017,-2.0056237489438176
SUIUSDT,LONG,1780922700,1780931700,0.7657,0.753057142857143,0.7688607142857143,TP2,0.2257744632768383,0.01651150208026265,1,0.09688581314879004,2.6206112680522744
TAOUSDT,LONG,1780922700,1780930800,214.5,210.75714285714287,215.43571428571428,TP2,0.22707633587786255,0.017449217449217423,1,0.19101123595505545,2.5552750958201367
NEARUSDT,LONG,1780923600,1780928100,2.192,2.129,2.2077500000000003,SL,-1.0139174603174603,0.0287408759124088,1,0.14685314685314596,2.168340256013772
ADAUSDT,LONG,1780931700,1780936200,0.1709,0.16774285714285714,0.1716892857142857,TP2,0.22834751131221723,0.018473627016634655,1,0.4624999999999991,2.84266701522697
HYPEUSDT,LONG,1780931700,1780934400,65.19,63.52285714285714,65.6067857142857,TP2,0.23435886889459837,0.02557359805403986,1,0.5454545454545454,1.5310342218764128
NEARUSDT,LONG,1780934400,1780935300,2.212,2.146714285714286,2.228321428571429,TP2,0.2364472647702407,0.029514337380521817,1,0.24223602484472068,2.1730401725397295
XLMUSDT,SHORT,1780934400,1780947900,0.19942,0.20310285714285714,0.1984992857142857,SL,-1.0216592707525214,0.01846784245741221,1,0.09860724233983241,-2.5061658028008535
BILLUSDT,SHORT,1780937100,1780938900,0.07198,0.07336428571428572,0.07163392857142857,TP2,0.22920082559339777,0.01923153256857064,1,0.2488408037094291,-2.5627143212505374
LABUSDT,SHORT,1780942500,1780943400,12.754,13.111714285714285,12.664571428571428,TP2,0.23573833865814817,0.028047223280091356,1,0.1398013750954925,-2.052498181130274
ZECUSDT,LONG,1780951500,1780953300,466.7,451.2785714285714,470.55535714285713,TP2,0.23789476609541454,0.033043558113195995,1,0.27048260381593764,2.9079462946422847
ADAUSDT,LONG,1780954200,1780957800,0.1736,0.17035714285714287,0.17441071428571428,SL,-1.0214132158590308,0.018680052666227777,1,0.21348314606741614,1.9924727152578023
BILLUSDT,SHORT,1780956000,1780956900,0.07099,0.07217714285714286,0.07069321428571429,TP2,0.22608038507821307,0.016722677238242754,1,0.16783216783216778,-2.656215930032777
LABUSDT,SHORT,1780959600,1780960500,11.907,12.331428571428573,11.800892857142857,TP2,0.23877832379670041,0.03564529868384748,1,0.44258872651356984,-1.8200220921267765
NEARUSDT,SHORT,1780964100,1780965000,2.115,2.1634285714285717,2.1028928571428573,TP2,0.23253097345132742,0.02289766970618034,1,0.3122171945701329,-1.5350137509707764
XLMUSDT,SHORT,1780965000,1780965900,0.19996,0.20458714285714286,0.1988032142857143,TP2,0.23271417104044306,0.023140342354185085,1,0.12754158964879897,-2.0459364067348167
HYPEUSDT,SHORT,1780965900,1780966800,62.42,63.638571428571424,62.11535714285714,TP2,0.22951043376319163,0.019522131185059688,1,0.25,-2.496062035145942
HYPEUSDT,SHORT,1780979400,1780983000,61.04,62.247142857142855,60.738214285714285,SL,-1.0202262721893491,0.019776259127504185,1,0.3653250773993811,-1.979073373999274
BILLUSDT,LONG,1780981200,1780982100,0.07246,0.07086714285714286,0.07285821428571428,TP2,0.2318037668161413,0.02198257166515509,1,0.40482573726541515,2.511478849524027
NEARUSDT,LONG,1780983000,1780983900,2.139,2.0945714285714283,2.1501071428571428,TP2,0.2307421221864977,0.020770720630468205,1,0.28888888888888714,3.262978597946854
LABUSDT,SHORT,1780986600,1780987500,11.609,11.988285714285714,11.514178571428571,TP2,0.2377569868173258,0.03267169560562617,1,0.30434782608695743,-2.22569447354395
ZECUSDT,LONG,1780986600,1780989300,466.73,453.95714285714286,469.9232142857143,TP2,0.23538369309920704,0.027366694111921587,1,0.3496273184260707,3.367234698740185
LABUSDT,SHORT,1781001000,1781002800,10.423,11.008571428571429,10.276607142857143,SL,-1.007119882898268,0.056180699277696255,1,0.5360594795539039,-1.7738240534191865
BILLUSDT,LONG,1781006400,1781007300,0.07182,0.07053285714285713,0.07214178571428571,TP2,0.22768079911210037,0.01792178859848031,1,0.23471400394477163,2.396271242101898
HYPEUSDT,SHORT,1781011800,1781012700,60.82,61.809999999999995,60.5725,TP2,0.2254262626262662,0.016277540282801675,1,0.3786848072562365,-3.1630206619602865
LABUSDT,SHORT,1781014500,1781021700,10.151,10.664428571428571,10.022642857142857,SL,-1.0079084028937118,0.05057911254345108,1,0.28014184397163133,-1.7240983985658476
NEARUSDT,SHORT,1781015400,1781016300,2.099,2.152571428571429,2.085607142857143,TP2,0.2343274666666667,0.025522357585244734,1,0.13793103448275656,-2.842761174253521
ZECUSDT,SHORT,1781018100,1781019000,456.37,470.54,452.8275,TP2,0.23711729004940116,0.03104936783750031,1,0.2112042015755912,-2.0613739340722033
ADAUSDT,SHORT,1781019000,1781019900,0.164,0.16720000000000002,0.1632,TP2,0.22949999999999784,0.019512195121951223,1,0.23076923076923136,-2.4346922812985166
XLMUSDT,SHORT,1781019900,1781021700,0.19527,0.19933285714285714,0.1942542857142857,TP2,0.23077510548523208,0.020806356034501695,1,0.11914893617021262,-1.6548166500685437
AAVEUSDT,SHORT,1781020800,1781022600,60.14,61.16285714285714,59.88428571428572,TP2,0.2264815642458083,0.01700793386859231,1,0.38556701030927976,-1.9263722312774967
BILLUSDT,SHORT,1781028900,1781037900,0.06926,0.07069571428571429,0.06890107142857144,SL,-1.0192963184079602,0.020729342848892437,1,0.5157116451016599,-1.6711262429662053
LABUSDT,SHORT,1781033400,1781034300,9.689,10.188571428571429,9.564107142857143,TP2,0.24224215041464112,0.05156068000530796,1,0.3615279672578445,-1.7467417883186338
NEARUSDT,LONG,1781033400,1781034300,2.19,2.1142857142857143,2.2089285714285714,TP2,0.2384301886792453,0.03457273320287018,1,0.2757660167130909,2.3901639698844988
HYPEUSDT,SHORT,1781034300,1781035200,58.4,59.495714285714286,58.12607142857143,TP2,0.22868057366362293,0.01876223091976519,1,0.33920704845814753,-1.744187339207937
ADAUSDT,LONG,1781036100,1781040600,0.1692,0.16627142857142857,0.16993214285714284,SL,-1.023110243902439,0.01730834177642685,1,0.45945945945945893,1.9010033685262908
LABUSDT,SHORT,1781046000,1781049600,9.251,9.631857142857143,9.155785714285713,TP2,0.24028402100525248,0.04116929443921124,1,0.43902439024390255,-2.0268859847310154
ZECUSDT,SHORT,1781046000,1781053200,425.58,438.8485714285714,422.2628571428571,SL,-1.0128297157622739,0.031177619786107065,1,0.4512609551064216,-3.403089248142245
HYPEUSDT,SHORT,1781052300,1781058600,56.7,57.91571428571429,56.39607142857143,TP2,0.2313443008225617,0.021441169060216675,1,0.3669902912621366,-2.198043107999438
NEARUSDT,SHORT,1781052300,1781055000,2.119,2.174571428571429,2.1051071428571433,SL,-1.0152524421593832,0.026225308433897344,1,0.3740458015267189,-1.88287132048197
BILLUSDT,LONG,1781053200,1781057700,0.0724,0.07121428571428572,0.07269642857142858,SL,-1.024424096385542,0.016377269139700137,1,0.39143730886850353,2.570194142676602
XLMUSDT,LONG,1781150400,1781158500,0.19266,0.1895742857142857,0.19343142857142856,SL,-1.0249744444444444,0.016016372291675983,1,0.8943894389438981,2.70453619642143
ZECUSDT,LONG,1781150400,1781155800,424.94,415.49142857142857,427.3021428571428,TP2,0.23201040217719684,0.02223507184207514,1,0.46586134453781486,2.6822392884838826
NEARUSDT,LONG,1781154000,1781155800,2.054,2.0007142857142854,2.0673214285714283,TP2,0.23458123324396574,0.025942412018361373,1,0.23875432525951507,2.2956464270975188
LABUSDT,SHORT,1781156700,1781157600,7.25,7.644571428571429,7.151357142857143,TP2,0.242650253439536,0.05442364532019705,1,0.38453445554971066,-3.7801162692026167
HYPEUSDT,LONG,1781157600,1781158500,55.52,54.62428571428572,55.743928571428576,TP2,0.22520637958532896,0.016133182379580082,1,0.27450980392156854,2.2128648607675783
BILLUSDT,SHORT,1781159400,1781160300,0.06348,0.06457,0.0632075,TP2,0.22670458715595704,0.017170762444864585,1,0.2595155709342572,-1.7498094283187813
ZECUSDT,LONG,1781167500,1781168400,431.51,423.88428571428574,433.4164285714286,TP2,0.2273655301611127,0.017672161214605152,1,0.21024000000000018,3.1551019974487398
NEARUSDT,SHORT,1781169300,1781172900,1.997,2.0428571428571427,1.9855357142857144,SL,-1.0174193146417445,0.022963015952500127,1,0.08713692946058149,-2.765950740397017
LABUSDT,LONG,1781174700,1781181900,8.071,7.5407142857142855,8.20357142857143,TP2,0.2439119612068982,0.0657026036780714,1,0.3040871934604899,1.74039209505135
BILLUSDT,LONG,1781187300,1781188200,0.06592,0.06432714285714286,0.06631821428571429,TP2,0.23344609865470417,0.02416348821081832,1,0.38461538461538364,2.7729921478249855
ZECUSDT,SHORT,1781187300,1781188200,419.18,427.99285714285713,416.9767857142857,TP2,0.23097416112822333,0.021024040132776218,1,0.309236947791165,-2.8553779913830057
NEARUSDT,SHORT,1781198100,1781199000,1.974,2.0235714285714286,1.9616071428571429,TP2,0.23407146974063284,0.025112172528585823,1,0.25966850828729177,-2.5702866612822217
AAVEUSDT,LONG,1781199900,1781200800,64.65,63.588571428571434,64.91535714285715,TP2,0.2256366083445474,0.016418075350789936,1,0.38045738045738214,3.126891365554262
ADAUSDT,LONG,1781199900,1781200800,0.1687,0.16582857142857144,0.16941785714285712,TP2,0.2264995024875597,0.017020916250317514,1,0.244094488188977,3.2444284226152327
HYPEUSDT,LONG,1781199900,1781200800,57.73,56.60285714285714,58.011785714285715,TP2,0.2295128010139449,0.0195243869243523,1,0.26094570928196087,2.936462258132024
TAOUSDT,LONG,1781207100,1781208000,213.2,209.64285714285714,214.0892857142857,TP2,0.22602570281124298,0.016684534977217908,1,0.4160583941605817,1.7618899003953488
LABUSDT,SHORT,1781210700,1781211600,8.159,8.661857142857144,8.033285714285714,TP2,0.24350988636363727,0.06163220282597665,1,0.474100719424461,-1.1646189780764498
NEARUSDT,LONG,1781212500,1781213400,2.097,2.032285714285714,2.1131785714285716,TP2,0.2370384105960282,0.03086041283466178,1,0.283236994219652,2.0789812803403365
BILLUSDT,LONG,1781217000,1781217900,0.06953,0.06791714285714284,0.06993321428571428,TP2,0.23275606731620693,0.023196564689445538,1,0.40550458715596627,2.140485694367386
LABUSDT,LONG,1781227800,1781228700,9.276,8.840571428571428,9.384857142857143,TP2,0.2414787401574813,0.04694141563481797,1,0.491436100131752,2.5079359213844015
NEARUSDT,LONG,1781232300,1781241300,2.102,2.066,2.1109999999999998,SL,-1.0233555555555554,0.017126546146527224,1,0.04972375690607689,2.3517597155200214
LABUSDT,LONG,1781238600,1781242200,10.156,9.494857142857143,10.321285714285715,TP2,0.24385548833189216,0.06509874528779609,1,0.6848537756438242,1.9424852925073066
ZECUSDT,SHORT,1781245800,1781246700,422.33,429.43571428571425,420.5535714285714,TP2,0.2262258946521954,0.01682502849836452,1,0.07759456838021425,-2.070234571705231
XLMUSDT,SHORT,1781246700,1781253900,0.18886,0.19251142857142858,0.18794714285714287,SL,-1.0206888888888888,0.01933404940923744,1,0.055889145496535134,-1.912791616006181
NEARUSDT,LONG,1781249400,1781253900,2.115,2.0650000000000004,2.1275000000000004,TP2,0.23308000000000445,0.023640661938534282,1,0.05263157894736974,1.67860366467502
BILLUSDT,LONG,1781251200,1781253900,0.07279,0.07087857142857143,0.07326785714285713,SL,-1.015232585949178,0.026259494043530292,1,0.47930574098798456,2.6280943961120564
ZECUSDT,LONG,1781256600,1781257500,439.23,431.8357142857143,441.0785714285714,TP2,0.2262394899536283,0.016834655452236214,1,0.11502824858757105,1.9691912437129515
HYPEUSDT,LONG,1781257500,1781259300,59.2,58.18571428571429,59.45357142857143,TP2,0.22665352112675885,0.017133204633204654,1,0.08524590163934456,1.8467265489797853
LABUSDT,LONG,1781263800,1781264700,10.322,9.846285714285713,10.44092857142857,TP2,0.24132084084083896,0.046087413845600195,1,0.3194888178913727,2.4037018691778504
SEIUSDT,LONG,1781266500,1781267400,0.053,0.05213857142857142,0.05321535714285714,SL,-1.0246102819237146,0.01625336927223722,1,0.8169336384439396,1.9878779684976156
HYPEUSDT,LONG,1781268300,1781271900,60.5,59.527142857142856,60.74321428571429,SL,-1.0248751835535976,0.016080283353010615,1,0.6459854014598543,1.908501961935986
NEARUSDT,SHORT,1781271900,1781272800,2.061,2.1094285714285714,2.048892857142857,TP2,0.23297699115044246,0.023497608650447047,1,0.34453781512604914,-2.2455338632188746
ZECUSDT,SHORT,1781271900,1781272800,426.22,433.5314285714286,424.39214285714286,TP2,0.2266819851504533,0.017154118932543223,1,0.20540851553509748,-2.9758480962867173
ADAUSDT,LONG,1781276400,1781277300,0.1728,0.16992857142857146,0.17351785714285714,TP2,0.22592835820895274,0.01661706349206345,1,0.11764705882352686,1.988060715650078
TAOUSDT,LONG,1781277300,1781280000,217.5,213.9142857142857,218.39642857142857,SL,-1.0242629482071715,0.016486042692939205,1,0.32413793103448196,3.0246983853935467
SUIUSDT,SHORT,1781280000,1781323200,0.7469,0.7593571428571428,0.7437857142857143,EXPIRED,-0.3049463302752258,0.01667846145018454,1,0.19629629629629505,-1.9769289939291739
XLMUSDT,SHORT,1781280000,1781306100,0.18823,0.19195571428571429,0.18729857142857143,TP2,0.22979125766871536,0.019793413832621176,1,0.3048566413107098,-2.5296565875916373
HYPEUSDT,LONG,1781284500,1781285400,61.69,60.07285714285714,62.09428571428571,TP2,0.23474098939929217,0.026214019405784685,1,0.19777158774373343,2.252630021943138
NEARUSDT,SHORT,1781294400,1781298000,2.005,2.039285714285714,1.9964285714285714,TP2,0.22660833333333005,0.01710010687566796,1,0.5159817351598176,-1.6879281747184096
BILLUSDT,LONG,1781296200,1781297100,0.073,0.07153714285714285,0.07336571428571428,TP2,0.2300390625000023,0.02003913894324845,1,0.2310969116080961,2.4245192134852744
ZECUSDT,SHORT,1781301600,1781310600,406.79,414.07000000000005,404.97,SL,-1.0223510989010989,0.017896211804616684,1,0.3855585831062659,-3.3457972345948
LABUSDT,LONG,1781312400,1781320500,10.124,9.764285714285716,10.213928571428571,SL,-1.011257823669579,0.03553084608003608,1,0.12388774811772865,2.854462433121925
SEIUSDT,LONG,1781318700,1781325000,0.05321,0.05231285714285714,0.05343428571428571,TP2,0.2262757961783401,0.016860418288721243,1,0.5422885572139312,1.6326233923536153
BILLUSDT,SHORT,1781325000,1781331300,0.07069,0.07257,0.07022,TP2,0.2349595744680851,0.02659499221955013,1,0.24748490945673932,-3.356526555466041
SEIUSDT,LONG,1781333100,1781334000,0.05447,0.05348428571428571,0.05471642857142857,TP2,0.22789623188405797,0.01809646201054315,1,0.26158940397350944,1.9692776057784123
TAOUSDT,LONG,1781334000,1781334900,220.2,216.38571428571427,221.1535714285714,TP2,0.22690786516853745,0.017321915142078623,1,0.32291666666666824,2.366060275113186
NEARUSDT,LONG,1781335800,1781338500,2.052,2.0180000000000002,2.0605,SL,-1.0241411764705883,0.016569200779727,1,0.2624113475177339,3.0176635683775626
LABUSDT,LONG,1781348400,1781349300,10.239,9.94657142857143,10.312107142857144,TP2,0.2359945285784089,0.02856026676712286,1,0.36370539104024135,3.005978566070078
LABUSDT,SHORT,1781352900,1781353800,9.458,9.891,9.34975,TP2,0.24126281755196305,0.045781349122435984,1,0.17399999999999918,-2.185851550335266
TAOUSDT,LONG,1781359200,1781360100,255.9,247.9714285714286,257.88214285714287,TP2,0.2370897297297306,0.030983084910400267,1,0.4233128834355829,2.7066683349453404
NEARUSDT,LONG,1781363700,1781364600,2.087,2.0525714285714285,2.0956071428571432,TP2,0.22575269709543896,0.01649668012868783,1,0.4266666666666686,2.397718597380351
LABUSDT,SHORT,1781370900,1781414100,9.246,9.684142857142858,9.136464285714286,EXPIRED,-0.5288193022497549,0.047387287166651165,1,0.06558210472801292,-1.8698810037874982
TAOUSDT,LONG,1781371800,1781373600,275.9,264.7857142857143,278.6785714285714,SL,-1.009929562982005,0.040283746699114595,1,0.5814889336016087,2.1279954394895952
ZECUSDT,LONG,1781386200,1781387100,423.85,416.75714285714287,425.6232142857143,TP2,0.22609707955689826,0.016734356831089137,1,0.3873007842145204,3.1696357113698563
BILLUSDT,LONG,1781389800,1781390700,0.07352,0.07208571428571428,0.07387857142857143,TP2,0.22949641434262952,0.019508782838489083,1,0.7097791798107241,2.592921941162713
TAOUSDT,LONG,1781393400,1781402400,265.7,259.2857142857143,267.30357142857144,TP2,0.2334307349665969,0.024141082853916914,1,0.31325301204819217,1.8544029107502196
TAOUSDT,LONG,1781406000,1781410500,275.7,267.5571428571429,277.73571428571427,TP2,0.23645684210526313,0.029535209078190554,1,0.4819672131147546,2.401172934310995
LABUSDT,LONG,1781415000,1781415900,9.855,9.659714285714287,9.90382142857143,TP2,0.2298141916605751,0.019815902007682788,1,0.31561461794019835,3.8418013288759165
BILLUSDT,SHORT,1781416800,1781419500,0.07063,0.07198285714285714,0.07029178571428571,SL,-1.0208832101372756,0.01915414332234379,1,0.5697478991596635,-1.407492824387384
BILLUSDT,LONG,1781427600,1781428500,0.07406,0.07235285714285714,0.07448678571428571,TP2,0.23264702928870096,0.023050808224991403,1,0.34374999999999956,2.560263585492111
TAOUSDT,SHORT,1781442000,1781443800,264.3,271.4714285714286,262.50714285714287,TP2,0.2352581673306773,0.02713366845035406,1,0.13189448441247023,-1.5628196110245234
BILLUSDT,SHORT,1781460000,1781460900,0.07263,0.07407857142857142,0.07226785714285715,TP2,0.22994437869822243,0.019944532955685337,1,0.2509003601440577,-1.9590206577084421
LABUSDT,SHORT,1781460900,1781461800,9.711,9.937,9.6545,TP2,0.23281238938053095,0.023272577489444918,1,0.18313253012048353,-2.835268656121059
TAOUSDT,LONG,1781472600,1781473500,271.1,266.0714285714286,272.3571428571429,TP2,0.22843522727273008,0.01854876956315539,1,0.12765957446808623,3.0845131447182355
HYPEUSDT,LONG,1781473500,1781474400,62.94,61.927142857142854,63.193214285714284,TP2,0.2251435825105783,0.016092423623405537,1,0.5799614643545308,3.4939755093356513
LABUSDT,LONG,1781473500,1781474400,10.068,9.802999999999999,10.13425,TP2,0.23480301886792454,0.026321017083829987,1,0.127399650959861,1.89064186610171
ZECUSDT,LONG,1781474400,1781476200,458.85,448.9371428571429,461.3282142857143,TP2,0.23148465196714083,0.02160369868771312,1,0.7294092737666741,3.078074893293674
NEARUSDT,LONG,1781476200,1781477100,2.22,2.171714285714286,2.232071428571429,TP2,0.23160946745562588,0.021750321750321724,1,0.6274509803921555,2.2878666985295246
ADAUSDT,LONG,1781477100,1781479800,0.1764,0.17335714285714288,0.17716071428571428,TP2,0.2268112676056337,0.017249757045675333,1,0.73134328358209,2.0662869009116833
BILLUSDT,LONG,1781477100,1781479800,0.07387,0.07233857142857143,0.07425285714285715,TP2,0.23070559701492538,0.020731400723278358,1,0.20391517128874326,2.399199511274888
SUIUSDT,LONG,1781479800,1781480700,0.7928,0.7781142857142856,0.7964714285714285,TP2,0.228406225680932,0.018523857575320764,1,0.6572280178837538,1.714757062519306
XLMUSDT,LONG,1781480700,1781481600,0.19053,0.18713142857142856,0.19137964285714287,TP2,0.2275752837326629,0.017837460917290913,1,0.5842105263157833,1.808121781867949
AVAXUSDT,LONG,1781481600,1781521200,6.787,6.675571428571428,6.814857142857143,TP2,0.22563641025641032,0.01641794186364693,1,0.7620041753653434,1.340749054342876
SEIUSDT,LONG,1781481600,1781512200,0.05523,0.054308571428571435,0.055460357142857145,TP2,0.22602418604651345,0.016683479475440324,1,0.532663316582915,1.331151857166379
SOLUSDT,LONG,1781482500,1781521200,71.63,70.42285714285714,71.93178571428571,TP2,0.22626461538461548,0.016852476017630343,1,0.7764932562620387,1.5817171499584148
LABUSDT,SHORT,1781511300,1781512200,10.078,10.599714285714285,9.947571428571427,TP2,0.24227316538882976,0.051767640971848175,1,0.18835616438356112,-2.691542336934292
BILLUSDT,SHORT,1781513100,1781514900,0.07175,0.07307571428571429,0.07141857142857143,SL,-1.0216487068965516,0.018476854156296716,1,0.3066132264529052,-2.6732172392244253
AAVEUSDT,LONG,1781514900,1781515800,72.91,71.74,73.2025,TP2,0.22507350427350736,0.016047181456590343,1,0.6155088852988697,2.237097647251612
BILLUSDT,LONG,1781519400,1781524800,0.0745,0.07278714285714286,0.07492821428571428,TP2,0.2326021684737261,0.02299137104506235,1,0.3112947658402188,2.273341951204675
ZECUSDT,LONG,1781522100,1781523000,520.97,508.12285714285713,524.1817857142858,TP2,0.23377942844434563,0.024660043490302493,1,0.39441263230956153,3.7065980896353583
NEARUSDT,LONG,1781523000,1781523900,2.47,2.4048571428571432,2.4862857142857147,TP2,0.23483333333333667,0.026373626373626294,1,0.3174061433447116,3.122711829012622
XLMUSDT,LONG,1781524800,1781525700,0.19956,0.19569999999999999,0.20052499999999998,TP2,0.2293202072538842,0.019342553617959505,1,0.6634615384615347,3.145182190681252
ADAUSDT,LONG,1781527500,1781532000,0.1889,0.18562857142857145,0.18971785714285716,TP2,0.22690305676856104,0.01731830900703318,1,0.6250000000000019,2.7214544119257416
XRPUSDT,LONG,1781527500,1781537400,1.244,1.2222857142857142,1.2494285714285716,TP2,0.22708421052632102,0.01745521359669279,1,0.7078651685393272,2.0812304133555988
AAVEUSDT,LONG,1781530200,1781531100,75.05,73.28999999999999,75.49,TP2,0.2329431818181798,0.023451032644903412,1,0.2595348837209288,1.8694773547778472
NEARUSDT,LONG,1781534700,1781535600,2.514,2.4479999999999995,2.5305,TP2,0.23476363636363806,0.02625298329355612,1,0.41333333333333244,1.462585447594337
BILLUSDT,LONG,1781535600,1781538300,0.07826,0.0760742857142857,0.07880642857142857,SL,-1.014322091503268,0.027928881749479797,1,0.449334698055273,2.5733107723114865
XLMUSDT,LONG,1781536500,1781537400,0.21928,0.20967285714285713,0.2216817857142857,TP2,0.24087012639405062,0.04381221660499298,1,0.685047193243915,1.7825745750604522
XRPUSDT,LONG,1781538300,1781541000,1.267,1.2435714285714285,1.2728571428571427,TP2,0.22836829268292444,0.018491374450332585,1,0.6106194690265483,2.0241641957828738
LABUSDT,SHORT,1781546400,1781547300,9.778,10.093142857142858,9.699214285714286,TP2,0.23758912058023712,0.03222978698536074,1,0.15702479338843,-2.0285496001243275
BILLUSDT,SHORT,1781551800,1781552700,0.07322,0.07487714285714285,0.07280571428571428,TP2,0.23232620689655178,0.022632379911811842,1,0.31123388581952127,-2.1132912935845787
ADAUSDT,SHORT,1781557200,1781558100,0.1804,0.18392857142857144,0.17951785714285715,TP2,0.22954979757085026,0.019559708584098872,1,0.42514970059880086,-3.159154676370662
TAOUSDT,SHORT,1781559900,1781560800,265.5,270.1857142857143,264.3285714285714,TP2,0.2273353658536586,0.017648641377454973,1,0.21777777777777677,-2.4762191673398424
BILLUSDT,SHORT,1781563500,1781577000,0.07031,0.07219571428571428,0.06983857142857143,TP2,0.23508575757575575,0.02682000121909097,1,0.5952380952380945,-1.4672862587139341
LABUSDT,SHORT,1781564400,1781565300,9.546,9.773,9.489249999999998,TP2,0.2331788546255546,0.023779593547035467,1,0.1262553802008603,-2.2971241104842997
NEARUSDT,SHORT,1781564400,1781565300,2.398,2.4442857142857144,2.3864285714285716,TP2,0.22927654320987656,0.019301799118312896,1,0.3955555555555521,-2.3194242445267848
NEARUSDT,SHORT,1781576100,1781577000,2.362,2.404714285714286,2.3513214285714286,TP2,0.22788093645485202,0.01808394822789398,1,0.4782608695652151,-1.9662127988613758
ZECUSDT,SHORT,1781576100,1781577900,507.5,515.8728571428571,505.4067857142857,SL,-1.0242450093840643,0.016498240675580547,1,0.3443526170798924,-2.349370112894468
BILLUSDT,SHORT,1781577900,1781584200,0.06936,0.07084285714285715,0.06898928571428573,TP2,0.23129017341039992,0.021379139891250617,1,0.17841079460269715,-2.6096768945985676
HYPEUSDT,LONG,1781579700,1781580600,68.41,67.27428571428571,68.69392857142857,TP2,0.22590591194968856,0.016601582893060695,1,0.17128874388254411,2.853707751396272
ZECUSDT,LONG,1781579700,1781580600,526.33,514.397142857143,529.3132142857144,TP2,0.2323569495989512,0.02267181643238484,1,0.20280669986419042,2.861630700961665
LABUSDT,LONG,1781584200,1781595000,10.034,9.69057142857143,10.119857142857143,TP2,0.23831314475873286,0.034226487086762146,1,0.2932061978545884,2.3251571458637135
NEARUSDT,LONG,1781591400,1781595900,2.442,2.402,2.452,TP2,0.22557999999999442,0.016380016380016366,1,0.13675213675213688,2.030124992033774
HYPEUSDT,LONG,1781592300,1781596800,72.47,70.77142857142857,72.89464285714286,TP2,0.23293389402859543,0.023438270023063677,1,0.6607142857142833,1.4428992462725094
BILLUSDT,SHORT,1781593200,1781595000,0.06625,0.06782,0.0658575,TP2,0.23312101910828245,0.02369811320754714,1,0.5772357723577234,-1.7903621813647779
LABUSDT,LONG,1781597700,1781598600,10.292,10.051714285714286,10.352071428571428,TP2,0.23286706302021215,0.02334684359558046,1,0.43256578947368574,2.2564948279733246
XLMUSDT,LONG,1781598600,1781600400,0.22053,0.21581428571428574,0.22170892857142857,TP2,0.23129403211148133,0.02138355001910976,1,0.42420382165604964,2.1944788784914686
NEARUSDT,LONG,1781602200,1781606700,2.514,2.4718571428571425,2.524535714285714,TP2,0.22613830508474045,0.01676326855324466,1,0.6975609756097548,2.0484600132276296
HYPEUSDT,LONG,1781605800,1781606700,74.8,73.39571428571429,75.15107142857143,TP2,0.2286937945066149,0.018773873185637835,1,0.3839541547277968,2.4270004907329588
ZECUSDT,SHORT,1781607600,1781609400,517.08,526.78,514.6550000000001,TP2,0.2286771134020588,0.01875918619942745,1,0.18694362017804203,-2.369236346776153
LABUSDT,LONG,1781608500,1781609400,11.348,10.825285714285714,11.478678571428572,TP2,0.24131609729434272,0.04606223878342314,1,0.6808184143222513,2.390843288830615
XLMUSDT,LONG,1781612100,1781613000,0.22991,0.22258,0.23174250000000002,TP2,0.2374537517053225,0.03188204079857339,1,0.3815375821663333,2.363184101849722
NEARUSDT,SHORT,1781615700,1781618400,2.392,2.463285714285714,2.3741785714285712,TP2,0.2365779559118252,0.02980172001911133,1,0.25878594249201325,-2.313737182533455
TAOUSDT,SHORT,1781618400,1781620200,261.3,265.6857142857143,260.2035714285714,TP2,0.226168078175899,0.016784210814061586,1,0.42682926829268353,-2.3793783410006535
AAVEUSDT,SHORT,1781620200,1781621100,73.28,74.60857142857142,72.94785714285715,TP2,0.22793720430107522,0.018130068621334962,1,0.348399246704334,-3.001036333546976
BILLUSDT,SHORT,1781620200,1781621100,0.06528,0.06640571428571429,0.06499857142857143,TP2,0.22680406091370553,0.017244397759103604,1,0.3319238900634255,-3.580133693683364
BILLUSDT,LONG,1781628300,1781630100,0.06936,0.06782857142857143,0.06974285714285715,TP2,0.2318835820895523,0.022079420003295477,1,0.3116147308781862,2.809284259535568
XLMUSDT,SHORT,1781628300,1781630100,0.21648,0.2226442857142857,0.21493892857142857,TP2,0.23595263035921316,0.028475081828740343,1,0.16695451928612512,-1.508619906017781
AAVEUSDT,LONG,1781633700,1781635500,75.98,74.63857142857142,76.31535714285715,TP2,0.2273435569755086,0.017655021998270275,1,0.2176308539944908,2.5111954143337187
TAOUSDT,SHORT,1781634600,1781637300,251.4,256.5,250.125,TP2,0.2302823529411779,0.020286396181384305,1,0.41137123745819254,-1.3521468004059607
NEARUSDT,SHORT,1781638200,1781640000,2.301,2.3415714285714286,2.290857142857143,TP2,0.227314084507045,0.017632085428695612,1,0.2402234636871537,-2.57786666373712
BILLUSDT,LONG,1781639100,1781640000,0.07238,0.07057285714285715,0.07283178571428571,TP2,0.23397913043478072,0.024967433782023492,1,0.7290748898678422,2.1946517711597124
AAVEUSDT,LONG,1781644500,1781661600,76.88,75.53285714285714,77.2167857142857,TP2,0.22717242841993382,0.017522669837966468,1,0.4295415959252962,1.501423763251881
ZECUSDT,LONG,1781648100,1781654400,513.2,503.3657142857143,515.6585714285715,SL,-1.0208739105171412,0.019162676762053216,1,0.26871591472483947,2.8165085634609994
BILLUSDT,SHORT,1781654400,1781667000,0.06805,0.06957571428571428,0.06766857142857143,TP2,0.2321591760299648,0.022420489136139383,1,0.19246861924686193,-1.6048307637103902
HYPEUSDT,LONG,1781660700,1781661600,74.02,72.69714285714285,74.35071428571428,TP2,0.2276181425485907,0.017871617709499348,1,0.10172143974960987,1.891098449981526
XLMUSDT,LONG,1781660700,1781661600,0.2231,0.21815142857142858,0.22433714285714285,TP2,0.23196651270207846,0.022180956649804632,1,0.10929519918284002,2.350039827184601
LABUSDT,LONG,1781664300,1781668800,13.758,13.139857142857142,13.912535714285713,TP2,0.24109720360526923,0.04492970323759681,1,0.16559865092748724,2.319708870534032
HYPEUSDT,SHORT,1781678700,1781685000,73.02,74.25285714285714,72.71178571428571,TP2,0.22630869061413672,0.016883828305356646,1,0.23374340949033312,-2.5520664859359616
NEARUSDT,SHORT,1781681400,1781686800,2.282,2.323,2.27175,TP2,0.2277365853658564,0.017966695880806332,1,0.34177215189873134,-3.1534958741789434
TAOUSDT,SHORT,1781681400,1781685900,253.2,257.7857142857143,252.05357142857142,TP2,0.2279140186915888,0.018111035883547746,1,0.30143540669856467,-2.612672130220202
BILLUSDT,LONG,1781686800,1781688600,0.06892,0.06753571428571428,0.06926607142857143,TP2,0.23008503611971357,0.02008539922062851,1,0.12903225806451407,2.441475028657064
ZECUSDT,SHORT,1781694900,1781695800,498.93,508.29571428571427,496.5885714285714,TP2,0.2286912141549756,0.01877159979498985,1,0.34059596283242494,-3.0209049500965186
HYPEUSDT,SHORT,1781695800,1781699400,70.91,72.05428571428571,70.62392857142856,TP2,0.22521248439451003,0.016137155750750486,1,0.3747779751332142,-2.6992663752889885
XLMUSDT,LONG,1781698500,1781703900,0.22657,0.22187142857142855,0.22774464285714285,TP2,0.23071158406810582,0.02073783567361713,1,0.190968955785512,2.6620415794282524
TAOUSDT,LONG,1781702100,1781711100,256.1,251.58571428571432,257.22857142857146,TP2,0.22730759493671038,0.017627043007753647,1,0.1441441441441448,2.600617661499804
LABUSDT,LONG,1781703000,1781703900,13.307,12.810285714285715,13.431178571428571,TP2,0.23928398044290966,0.037327292831914424,1,0.20158494304110894,2.3913137900071404
NEARUSDT,LONG,1781710200,1781711100,2.339,2.2897142857142856,2.3513214285714286,TP2,0.2310168115942029,0.02107127588102365,1,0.2864321608040194,2.007895806465124
SEIUSDT,LONG,1781710200,1781712000,0.05576,0.054787142857142854,0.05600321428571428,TP2,0.22707371512481464,0.01744722279155562,1,0.2652259332023575,1.8462130515841226
HYPEUSDT,LONG,1781712000,1781712900,74.36,72.75714285714285,74.76071428571429,TP2,0.23144313725490198,0.021555367709213888,1,0.4376811594202928,2.7445397757402263
TAOUSDT,LONG,1781712900,1781719200,259.5,255.32857142857142,260.54285714285714,SL,-1.0248835616438356,0.016074869254060032,1,0.3256704980842902,2.165670448968907
BILLUSDT,SHORT,1781720100,1781724600,0.0671,0.06841,0.06677250000000001,TP2,0.22951145038167672,0.019523099850968666,1,0.17329545454545392,-3.145686275034992
ZECUSDT,LONG,1781721900,1781724600,504.07,491.8614285714286,507.1221428571429,SL,-1.0165152820032763,0.0242199921212757,1,0.42814427209867173,2.0602718990783253
ADAUSDT,SHORT,1781724600,1781725500,0.1661,0.1704142857142857,0.16502142857142857,TP2,0.23460000000000003,0.025974025974026003,1,0.09704641350211073,-2.352902584257995
AVAXUSDT,SHORT,1781724600,1781725500,6.758,6.914571428571429,6.718857142857143,TP2,0.23273503649635036,0.023168308459814824,1,0.10482921083627705,-2.4919080161142793
AAVEUSDT,SHORT,1781725500,1781734500,73.57,75.61428571428571,73.05892857142857,TP2,0.23560475192173133,0.02778694731936546,1,0.12945590994371559,-2.5311824217521584
TAOUSDT,SHORT,1781726400,1781729100,246.3,252.2857142857143,244.80357142857144,TP2,0.23354081145584604,0.02430253465576241,1,0.27999999999999764,-2.3868029057415026
LABUSDT,SHORT,1781727300,1781738100,12.865,13.278,12.761750000000001,SL,-1.0124600484261501,0.03210260396424405,1,0.2143244709712423,-1.8691595849717044
ZECUSDT,SHORT,1781733600,1781734500,475.62,489.1142857142857,472.24642857142857,TP2,0.23590158797374655,0.028371989643593002,1,0.2564583634002019,-1.6869513731868995
NEARUSDT,SHORT,1781738100,1781739900,2.192,2.241714285714286,2.1795714285714287,TP2,0.23236321839080462,0.02267987486965591,1,0.32026143790849715,-1.727640456777944
HYPEUSDT,LONG,1781745300,1781748000,73.63,72.28142857142856,73.96714285714285,SL,-1.021839406779661,0.018315515802952986,1,0.1697645600991327,2.844503052424974
XLMUSDT,LONG,1781745300,1781746200,0.23805,0.23154428571428573,0.23967642857142857,TP2,0.23536363636363422,0.027329192546583832,1,0.4820191355988135,3.2931016738576937
LABUSDT,LONG,1781750700,1781751600,14.756,14.152428571428572,14.906892857142857,SL,-1.009779124260355,0.04090345815745653,1,0.6699923254029165,4.173887752133845
HYPEUSDT,SHORT,1781754300,1781756100,70.68,72.03571428571429,70.34107142857144,TP2,0.22914604847207332,0.019181017058776017,1,0.04387291981845559,-1.767769380737023
ZECUSDT,SHORT,1781756100,1781757000,472.43,480.74,470.3525,TP2,0.22725968712394537,0.01758990749952376,1,0.2126937984496119,-2.2113708941316887
BILLUSDT,SHORT,1781757000,1781760600,0.0656,0.06671,0.0653225,TP2,0.2263603603603603,0.01692073170731704,1,0.10463121783876538,-2.7109915543063337
TAOUSDT,SHORT,1781759700,1781760600,240.5,244.4,239.525,TP2,0.22533333333333147,0.01621621621621619,1,0.3812154696132613,-2.0672348309575574
HYPEUSDT,LONG,1781771400,1781773200,72.3,70.85857142857142,72.66035714285714,TP2,0.2299365708622374,0.019936771389053583,1,0.21251629726205815,1.9633210488343187
LABUSDT,LONG,1781771400,1781772300,15.49,14.84242857142857,15.651892857142858,TP2,0.2404319435252599,0.04180577330996966,1,0.3654301499605373,2.4968389114697405
XLMUSDT,LONG,1781775900,1781776800,0.24501,0.2392857142857143,0.24644107142857144,SL,-1.0171207387072623,0.023363477875538604,1,0.5630461922596754,1.8425431918643491
BILLUSDT,SHORT,1781781300,1781782200,0.06596,0.06710285714285714,0.06567428571428571,TP2,0.22691400000000603,0.017326518236160427,1,0.25680933852139876,-2.232741041202174
NEARUSDT,LONG,1781788500,1781789400,2.271,2.2338571428571425,2.2802857142857142,TP2,0.22554307692307696,0.016355287161099595,1,0.2624999999999986,2.368265597943067
XLMUSDT,LONG,1781789400,1781791200,0.24908,0.2417942857142857,0.25090142857142855,SL,-1.0136749803921568,0.02925049897910026,1,0.2388451443569548,2.197192970514499
HYPEUSDT,SHORT,1781790300,1781793000,70.31,71.84142857142858,69.92714285714285,TP2,0.23163544776119638,0.021781091899140567,1,0.20987654320987612,-2.5944025028054076
AAVEUSDT,SHORT,1781796600,1781797500,72.52,73.87285714285714,72.18178571428571,TP2,0.22855797254487858,0.018654952328421744,1,0.22157996146435693,-2.5746122647783856
AVAXUSDT,SHORT,1781796600,1781797500,6.339,6.451714285714286,6.310821428571429,TP2,0.22750418250950763,0.017781083091068885,1,0.5214285714285722,-3.8623486557767586
DOTUSDT,SHORT,1781796600,1781797500,0.9612,0.9772142857142857,0.9571964285714286,TP2,0.22599143621766446,0.016660721716901455,1,0.23876404494381911,-2.975756876253757
ADAUSDT,SHORT,1781798400,1781812800,0.1602,0.16312857142857143,0.15946785714285716,SL,-1.0218809756097562,0.018280720527911503,1,0.5084745762711806,-2.659156861842758
BILLUSDT,SHORT,1781798400,1781803800,0.06342,0.06493857142857143,0.06304035714285715,TP2,0.2332948259642521,0.023944677208631797,1,0.3666191155492128,-3.256088212819839
LINKUSDT,SHORT,1781798400,1781811900,7.783,7.922714285714287,7.7480714285714285,SL,-1.022282617586912,0.017951212349259466,1,0.36547433903576854,-2.7385867362496734
LABUSDT,LONG,1781804700,1781805600,17.048,16.136285714285712,17.27592857142857,TP2,0.24252046380444903,0.0534792518602936,1,0.42679680567879363,3.104111562485588
XLMUSDT,SHORT,1781804700,1781805600,0.23337,0.24308857142857143,0.23094035714285713,TP2,0.2403948846097317,0.04164447627617701,1,0.24589455488331902,-2.397601436720353
BILLUSDT,SHORT,1781811000,1781811900,0.06264,0.06377857142857143,0.06235535714285714,TP2,0.22799347553324978,0.018176427659186353,1,0.5464684014869917,-1.7648282001184747
AAVEUSDT,LONG,1781813700,1781814600,74.05,72.83142857142856,74.35464285714286,TP2,0.2256928487690564,0.016456062506028858,1,0.24094488188976634,2.765352811111587
NEARUSDT,LONG,1781827200,1781829900,2.237,2.1994285714285717,2.2463928571428573,TP2,0.22618403041825388,0.0167954530940673,1,0.3059360730593598,1.9736433142671699
LABUSDT,LONG,1781828100,1781831700,18.051,17.253285714285713,18.25042857142857,TP2,0.2409486389684836,0.044192248945448244,1,0.2249040043883713,2.136064902095716
NEARUSDT,SHORT,1781838900,1781839800,2.171,2.211,2.161,TP2,0.22828999999999444,0.018424689083371706,1,0.11475409836065616,-2.2947335045267603
AAVEUSDT,SHORT,1781839800,1781840700,73.51,74.87714285714286,73.16821428571428,TP2,0.22849237199582545,0.018598052743066983,1,0.08191653786707866,-1.5996248607325325
XLMUSDT,SHORT,1781839800,1781840700,0.22979,0.23462571428571427,0.22858107142857143,TP2,0.2309922599704579,0.02104405886119626,1,0.23829344432882435,-2.2135671902959255
LABUSDT,SHORT,1781843400,1781844300,15.724,16.91857142857143,15.425357142857143,TP2,0.24473484812245874,0.07597121779263737,1,0.35619735258724394,-3.3130498715613976
HYPEUSDT,SHORT,1781845200,1781849700,65.76,67.16142857142857,65.40964285714287,SL,-1.0187694189602448,0.021311261730969703,1,0.3292496171516088,-2.6915826945614945
BILLUSDT,SHORT,1781848800,1781851500,0.06303,0.06434571428571428,0.06270107142857143,TP2,0.23083778501629187,0.02087441354457057,1,0.23339658444022626,-2.158949339690919
XLMUSDT,SHORT,1781855100,1781862300,0.21694,0.2211385714285714,0.21589035714285715,SL,-1.0206679823069071,0.019353606658852312,1,0.5945461069250095,-1.4317119917598968
BILLUSDT,SHORT,1781863200,1781868600,0.06155,0.0628642857142857,0.06122142857142857,TP2,0.23126739130434912,0.02135313914355339,1,0.5378323108384491,-1.735194130846561
HYPEUSDT,LONG,1781874000,1781876700,68.3,67.05285714285714,68.61178571428572,TP2,0.2280939289805298,0.018259778289060904,1,0.1936056838365895,3.0734221892293743
ZECUSDT,LONG,1781874000,1781874900,456.88,449.52142857142854,458.71964285714284,SL,-1.024835255290235,0.01610613602821622,1,0.22250351617440092,3.0298198649352326
LABUSDT,SHORT,1781877600,1781878500,15.077,15.66757142857143,14.929357142857143,TP2,0.2397881954523464,0.03917035408711474,1,0.2114972114972115,-2.990399885694918
HYPEUSDT,LONG,1781885700,1781892900,70.56,68.89857142857143,70.97535714285715,TP2,0.23301220980223775,0.02354632329122121,1,0.4243641231593034,2.3533748379871655
NEARUSDT,LONG,1781885700,1781888400,2.181,2.1382857142857143,2.1916785714285716,SL,-1.0204240802675586,0.019584725224340016,1,0.423728813559324,1.5717836219377441
BILLUSDT,SHORT,1781888400,1781907300,0.05954,0.06065714285714286,0.05926071428571429,TP2,0.22868132992327056,0.018762896492154135,1,0.3333333333333344,-3.2556668401761244
TAOUSDT,SHORT,1781888400,1781892000,222.4,226.01428571428573,221.49642857142857,SL,-1.024613438735178,0.016251284686536492,1,0.2093023255813941,-2.1199264543725214
LABUSDT,SHORT,1781891100,1781893800,13.749,14.67842857142857,13.516642857142857,TP2,0.24408281586228192,0.06759972153818973,1,0.4212034383954152,-2.1476675853767904
AVAXUSDT,SHORT,1781894700,1781895600,5.785,5.909857142857143,5.753785714285715,SL,-1.018533180778032,0.021582911470551823,1,0.4953764861294598,-3.48424789592155
LABUSDT,SHORT,1781908200,1781916300,12.318,13.145142857142856,12.111214285714285,SL,-1.0059568911917098,0.06714911975506227,1,0.3558480258256769,-1.4763352737649347
ZECUSDT,LONG,1781908200,1781909100,458.8,451.06,460.735,TP2,0.22628940568475447,0.016870095902353933,1,0.1256157635467973,2.069942258845883
LABUSDT,SHORT,1781920800,1781922600,12.042,12.795142857142856,11.853714285714286,TP2,0.2436044006069797,0.06254300424704012,1,0.258440046565774,-2.2418320988387546
XLMUSDT,SHORT,1781922600,1781932500,0.21082,0.21438000000000001,0.20993,SL,-1.0236876404494382,0.016886443411441077,1,0.4047306176084096,-2.0932300120119116
AVAXUSDT,LONG,1781940600,1781962200,6.208,6.071142857142857,6.242214285714286,SL,-1.0181444676409186,0.02204528718703975,1,0.49732620320855603,3.555141834326816
BILLUSDT,SHORT,1781952300,1781954100,0.05617,0.057251428571428564,0.055899642857142856,TP2,0.22922377807133418,0.01925277855489709,1,0.3980952380952396,-2.3330457137591916
LABUSDT,SHORT,1781957700,1781958600,11.903,12.322285714285716,11.798178571428572,SL,-1.0113555025553662,0.0352252133315731,1,0.21568627450980452,-2.051677273900589
ZECUSDT,LONG,1781968500,1781969400,476.52,467.14,478.865,TP2,0.2296793176972312,0.01968437841014021,1,0.06280843427545861,1.8289332402748786
LABUSDT,LONG,1781972100,1781973900,13.624,12.948142857142857,13.792964285714286,SL,-1.0080632424434581,0.04960783491317844,1,0.389784211963944,3.722998885445939
NEARUSDT,LONG,1781973900,1781977500,2.19,2.1434285714285712,2.2016428571428572,SL,-1.0188098159509202,0.021265492498369187,1,0.28155339805825225,2.4159741855548025
AAVEUSDT,SHORT,1781977500,1781989200,73.32,74.69142857142856,72.97714285714285,SL,-1.021385,0.018704699555763402,1,0.16619718309859263,-1.9137747594048402
BILLUSDT,SHORT,1782008100,1782009000,0.05436,0.05529571428571429,0.054126071428571426,TP2,0.22676213740458018,0.01721328708083677,1,0.4867724867724873,-2.189956959245338
LABUSDT,LONG,1782018900,1782019800,13.994,13.248285714285714,14.180428571428571,TP2,0.2424936398467433,0.05328814389840544,1,0.10563579722458262,2.024029930646276
LABUSDT,LONG,1782031500,1782034200,15.679,14.827285714285715,15.891928571428572,SL,-1.0073635021804763,0.05432197753136588,1,0.6619890176937163,1.5574668943779533
ZECUSDT,SHORT,1782031500,1782032400,455.55,462.87428571428575,453.7189285714286,TP2,0.2251211234640121,0.016077896420339632,1,0.5410301953818839,-3.359114852956493
NEARUSDT,LONG,1782032400,1782035100,2.255,2.2117142857142857,2.2658214285714284,TP2,0.22916171617161715,0.019195438707633825,1,0.28961748633879775,2.301457839077944
BILLUSDT,SHORT,1782033300,1782034200,0.05444,0.055360000000000006,0.05421,TP2,0.22633043478260875,0.016899338721528327,1,0.26651480637813163,-2.811182981696355
LABUSDT,LONG,1782043200,1782046800,16.047,15.19657142857143,16.259607142857142,SL,-1.007547723836721,0.05299610964221169,1,0.26798307475317257,2.335942835940117
NEARUSDT,SHORT,1782045000,1782059400,2.175,2.2194285714285713,2.163892857142857,TP2,0.23041800643087063,0.020426929392446603,1,0.285714285714286,-2.958003761512742
BILLUSDT,LONG,1782052200,1782054900,0.05584,0.05481285714285714,0.05609678571428572,TP2,0.2282542420027833,0.018394392140810466,1,0.5780346820809246,2.1540819567312055
LABUSDT,SHORT,1782054900,1782056700,13.856,14.879142857142858,13.600214285714285,TP2,0.2445829656520525,0.0738411415374464,1,0.472772968444569,-2.103052848112399
LABUSDT,LONG,1782082800,1782083700,14.27,13.725142857142856,14.406214285714285,TP2,0.23952385946512683,0.038182000200220265,1,0.4963597430406842,2.5222142726588173
ZECUSDT,SHORT,1782085500,1782086400,437.5,445.4185714285714,435.52035714285716,TP2,0.22790005412231462,0.018099591836734676,1,0.5720858895705506,-2.3302622059388396
BILLUSDT,LONG,1782088200,1782092700,0.05914,0.05768285714285714,0.05950428571428571,TP2,0.23376549019607723,0.02463887144306487,1,0.23779527559055183,2.606090921533525
AAVEUSDT,LONG,1782091800,1782098100,76.52,75.17857142857143,76.85535714285714,SL,-1.0228174653887114,0.017530430886416225,1,0.29243937232524786,2.6490678597390036
ADAUSDT,LONG,1782091800,1782098100,0.1617,0.15904285714285715,0.16236428571428574,SL,-1.024341935483871,0.01643254704479197,1,0.05797101449275537,2.229886372530755
HYPEUSDT,SHORT,1782099900,1782100800,66.1,67.36999999999999,65.7825,TP2,0.2291811023622019,0.019213313161875918,1,0.20062695924764923,-1.985326149783243
BILLUSDT,LONG,1782112500,1782113400,0.06191,0.06031142857142857,0.062309642857142855,TP2,0.23450866845397567,0.02582089207836258,1,0.2500000000000006,3.0920389772638965
NEARUSDT,SHORT,1782138600,1782139500,2.131,2.168285714285714,2.1216785714285713,TP2,0.2271386973180047,0.01749681571361535,1,0.11724137931034685,-1.6882333803492438
BILLUSDT,SHORT,1782141300,1782142200,0.05836,0.060284285714285714,0.057878928571428574,TP2,0.23786874536005936,0.03297268187604029,1,0.520395550061804,-2.000632582304748
HYPEUSDT,SHORT,1782144000,1782144900,66.96,68.25714285714285,66.63571428571427,TP2,0.2293515418502258,0.01937190646868069,1,0.13904761904761867,-2.473708773403437
XLMUSDT,SHORT,1782144900,1782147600,0.20654,0.20993571428571428,0.20569107142857143,TP2,0.2256705090450147,0.016440952288729948,1,0.24111536358665922,-2.340931738961849
LABUSDT,LONG,1782148500,1782149400,15.556,15.15742857142857,15.655642857142857,TP2,0.23438824372759856,0.02562171693053669,1,0.3868698710433749,3.4580421574948774
HYPEUSDT,SHORT,1782164700,1782167400,66.46,67.66,66.16,TP2,0.2278466666666638,0.01805597351790561,1,0.2065217391304361,-1.9123355883236044
NEARUSDT,SHORT,1782167400,1782168300,2.093,2.129714285714286,2.0838214285714285,TP2,0.22719688715953312,0.01754146474643373,1,0.14634146341463533,-1.933255451601728
ZECUSDT,SHORT,1782167400,1782174600,441.96,449.37285714285713,440.1067857142857,TP2,0.2261517055309289,0.01677268789677152,1,0.3085339168490154,-2.1366948125004943
NEARUSDT,SHORT,1782179100,1782180000,2.033,2.067,2.0244999999999997,TP2,0.22608235294117984,0.016724053123462927,1,0.6279069767441893,-1.4973523258913162
BILLUSDT,SHORT,1782189000,1782189900,0.05503,0.056252857142857146,0.05472428571428572,TP2,0.23199953271027896,0.022221645336310075,1,0.19776119402985007,-2.0545369400694167
HYPEUSDT,SHORT,1782193500,1782194400,65.41,66.46571428571428,65.14607142857143,TP2,0.2252167794316577,0.01613995238823247,1,0.16605166051660486,-2.43102781513411
AAVEUSDT,SHORT,1782196200,1782197100,71.84,73.06428571428572,71.53392857142858,TP2,0.2265283547257876,0.017041839007317833,1,0.5965517241379341,-2.961098508916134
SUIUSDT,SHORT,1782196200,1782203400,0.6838,0.6974285714285714,0.6803928571428571,TP2,0.22993039832284912,0.019930639702502806,1,0.47042253521126925,-3.097580383149622
ZECUSDT,SHORT,1782196200,1782197100,422.58,430.4185714285714,420.62035714285713,TP2,0.2284358665937671,0.018549319486420173,1,0.5266272189349114,-3.6094835242906815
BILLUSDT,SHORT,1782201600,1782203400,0.05356,0.054874285714285716,0.053231428571428575,TP2,0.23369913043478263,0.024538568227888635,1,0.43964232488822574,-1.6870559410911268
ADAUSDT,SHORT,1782203400,1782214200,0.1512,0.15364285714285716,0.1505892857142857,SL,-1.024757894736842,0.016156462585034097,1,0.7142857142857122,-2.297315626430311
LABUSDT,SHORT,1782207900,1782210600,15.83,16.616285714285713,15.633428571428572,SL,-1.0080530523255815,0.04967060734590736,1,0.285011648977479,-1.99107809758849
HYPEUSDT,SHORT,1782211500,1782216900,62.34,63.38428571428572,62.07892857142858,SL,-1.0238785225718194,0.016751455153765055,1,0.5572232645403392,-1.539224623589169
LABUSDT,SHORT,1782261000,1782261900,14.361,14.807,14.249500000000001,TP2,0.23712017937219632,0.03105633312443421,1,0.3527194399569205,-2.029871001266853
HYPEUSDT,SHORT,1782270900,1782275400,60.7,61.69571428571429,60.45107142857143,TP2,0.2256154949784792,0.016403859731701574,1,0.3243243243243243,-3.0680510044437197
LABUSDT,LONG,1782279900,1782280800,15.568,14.767428571428571,15.768142857142857,TP2,0.2422215560314067,0.05142416678901776,1,0.5666235446313058,2.1963649428744914
AAVEUSDT,LONG,1782300600,1782301500,75.43,74.0457142857143,75.77607142857144,TP2,0.2282039215686326,0.01835192515293273,1,0.5294117647058816,2.8039160612635965
BILLUSDT,SHORT,1782306900,1782307800,0.05142,0.05275571428571429,0.05108607142857143,TP2,0.2346014973262006,0.025976551647496775,1,0.08457711442786069,-1.8936566402494583
HYPEUSDT,SHORT,1782306900,1782307800,61.04,62.04285714285714,60.78928571428571,TP2,0.22565356125356478,0.01642950758284963,1,0.22100656455142187,-3.3816708081137605
LABUSDT,LONG,1782314100,1782315000,17.433,16.539714285714286,17.656321428571427,TP2,0.242193762993762,0.0512410780867157,1,0.2830315224681406,2.120041136517504
ADAUSDT,SHORT,1782315900,1782316800,0.144,0.14645714285714284,0.14338571428571428,TP2,0.2265581395348809,0.017063492063492086,1,0.3118279569892459,-1.8084496128444691
AVAXUSDT,SHORT,1782315900,1782316800,6.244,6.358285714285714,6.215428571428571,TP2,0.228146,0.018303285439736427,1,0.3319148936170208,-2.119666814375614
DOTUSDT,SHORT,1782315900,1782316800,0.8782,0.8928999999999999,0.874525,TP2,0.22610340136054413,0.01673878387611017,1,0.36395759717314535,-2.1456900538706805
BILLUSDT,SHORT,1782319500,1782320400,0.04536,0.04744285714285714,0.04483928571428571,TP2,0.24128888888888805,0.045918367346938736,1,0.7025257249766145,-1.6552442927103577
HYPEUSDT,SHORT,1782319500,1782320400,59.4,60.709999999999994,59.0725,TP2,0.23186259541984863,0.022053872053872006,1,0.6926503340757245,-1.8254259166893254
TAOUSDT,SHORT,1782319500,1782320400,213.0,217.0857142857143,211.97857142857143,TP2,0.22914685314685318,0.01918175720992626,1,0.594594594594595,-2.085528907736466
ETHUSDT,SHORT,1782322200,1782323100,1575.78,1607.0257142857142,1567.9685714285713,TP2,0.22982724945135702,0.019828728810947164,1,0.6774499830451026,-2.30933298957693
LINKUSDT,SHORT,1782322200,1782323100,7.178,7.3069999999999995,7.14575,TP2,0.22774263565891814,0.017971579827249905,1,0.664074650077761,-2.4725947738000413
SEIUSDT,SHORT,1782322200,1782324000,0.05141,0.05280428571428571,0.05106142857142857,TP2,0.2352512295081955,0.027120904771167378,1,0.3184979137691231,-2.210522783897923
AAVEUSDT,SHORT,1782324000,1782325800,72.13,74.82571428571428,71.45607142857142,SL,-1.0107029146793853,0.03737299716781216,1,0.23468575974542624,-2.4031606815309514
SOLUSDT,SHORT,1782324000,1782325800,64.92,66.27714285714286,64.5807142857143,SL,-1.0191343157894737,0.020904849925182642,1,0.6327212020033435,-2.1310136674949303
SEIUSDT,LONG,1782332100,1782333000,0.054,0.052655714285714285,0.05433607142857143,TP2,0.2339319872476089,0.02489417989417988,1,0.12096774193548335,1.987040149260916
HYPEUSDT,LONG,1782333000,1782333900,62.27,60.89857142857143,62.612857142857145,TP2,0.2318379166666654,0.022023905113675503,1,0.37688442211055284,2.9643752693545165
AAVEUSDT,LONG,1782334800,1782335700,77.27,74.59285714285714,77.93928571428572,TP2,0.23845485592316168,0.03464660097247129,1,0.04781704781704773,1.5224224076953043
AVAXUSDT,LONG,1782337500,1782339300,6.369,6.257857142857143,6.3967857142857145,TP2,0.22707814910026108,0.0174505977614786,1,0.39655172413793294,1.7447270357016638
NEARUSDT,LONG,1782337500,1782339300,1.963,1.9265714285714286,1.9721071428571428,TP2,0.2284454901960754,0.018557601339058316,1,0.3979591836734707,1.8726768639005003
ZECUSDT,LONG,1782337500,1782364500,416.4,404.75142857142856,419.3121428571428,TP2,0.23570125091979274,0.027974475092630704,1,0.3525641025641041,1.712661634570094
HYPEUSDT,LONG,1782343800,1782346500,63.85,62.57714285714286,64.16821428571428,TP2,0.2299349046015699,0.019935115784763403,1,0.7280000000000022,1.3055157039493992
LABUSDT,LONG,1782351000,1782353700,16.744,16.12385714285714,16.899035714285713,SL,-1.0108000921446672,0.03703672104293225,1,0.21765704584040738,2.6583403672162738
AAVEUSDT,LONG,1782352800,1782353700,80.96,78.97857142857141,81.45535714285714,TP2,0.23365623648161502,0.02447416713721065,1,0.34501642935377747,2.0855662098830994
BILLUSDT,SHORT,1782352800,1782353700,0.0438,0.044732857142857144,0.04356678571428571,TP2,0.23121898928024684,0.021298108284409638,1,0.1747572815534003,-1.8757057349320436
AAVEUSDT,LONG,1782363600,1782364500,83.96,81.74857142857142,84.51285714285714,TP2,0.2348134366925097,0.026339073027972535,1,0.34972677595628304,1.7056968949646538
LABUSDT,LONG,1782369900,1782370800,17.03,16.282857142857143,17.216785714285717,TP2,0.24088260038241036,0.04387215837597517,1,0.22071129707112994,2.4050843433872284
BILLUSDT,SHORT,1782372600,1782374400,0.04301,0.04391714285714286,0.042783214285714286,TP2,0.2310349606299194,0.021091440528780758,1,0.22865013774104795,-2.3853695064202887
SEIUSDT,LONG,1782380700,1782382500,0.05918,0.05819571428571429,0.05942607142857143,TP2,0.2259500725689405,0.016632066817940442,1,0.43720930232558364,2.48373971380202
AAVEUSDT,LONG,1782393300,1782394200,84.05,82.03857142857143,84.55285714285714,TP2,0.2332855113636346,0.02393133338998895,1,0.2331606217616572,2.8182097633872853
LABUSDT,LONG,1782393300,1782394200,17.695,17.11885714285714,17.839035714285714,TP2,0.2377148524671445,0.0325596415452307,1,0.44204322200393137,2.395643092506113
BILLUSDT,SHORT,1782395100,1782396000,0.04127,0.042807142857142856,0.04088571428571429,TP2,0.2392605947955379,0.03724601059226695,1,0.21789321789321736,-2.9839486947425993
HYPEUSDT,SHORT,1782395100,1782396000,61.401,62.50757142857143,61.12435714285714,TP2,0.2278049573973696,0.018022042451612024,1,0.4120249346470937,-3.2299983777128447
NEARUSDT,SHORT,1782395100,1782396000,1.893,1.929,1.884,TP2,0.2289666666666698,0.019017432646592728,1,0.36196319018404766,-1.97382155668511
LABUSDT,LONG,1782405900,1782415800,18.452,17.550857142857144,18.677285714285716,TP2,0.24180951173113507,0.048837137282834245,1,0.36067975388221446,2.0222358064433483
HYPEUSDT,LONG,1782410400,1782418500,63.435,61.506,63.91725,TP2,0.23684603421461897,0.03040908016079453,1,0.020604182804027767,1.714762109529284
LABUSDT,LONG,1782416700,1782417600,19.429,18.62642857142857,19.629642857142855,SL,-1.0096833748665006,0.04130791232546346,1,0.5175817396668724,3.077047010699818
NEARUSDT,SHORT,1782419400,1782420300,1.819,1.851,1.811,TP2,0.2272625,0.01759208356239692,1,0.14418604651162864,-1.7654456263419283
HYPEUSDT,LONG,1782423900,1782425700,64.328,62.93571428571429,64.67607142857143,TP2,0.23151873589164912,0.021643541137385158,1,0.3372926938592568,1.6766823147352994
ZECUSDT,LONG,1782423900,1782428400,414.7,406.09,416.85249999999996,TP2,0.23073403019744157,0.020761996624065623,1,0.3295569492211211,3.1779317910904967
HYPEUSDT,SHORT,1782437400,1782440100,62.762,64.09457142857143,62.42885714285714,TP2,0.23116063464837316,0.021232137735754567,1,0.10386438730067485,-1.8839000368530578
BILLUSDT,SHORT,1782440100,1782442800,0.04024,0.041127142857142855,0.04001821428571428,TP2,0.23185636070853657,0.022046293666571997,1,0.41176470588235387,-3.6403809749997533
NEARUSDT,SHORT,1782440100,1782442800,1.77,1.8034285714285716,1.761642857142857,TP2,0.22882051282051455,0.018886198547215564,1,0.35593220338983134,-2.8882323557413545
DOTUSDT,SHORT,1782442800,1782443700,0.8063,0.8196142857142857,0.8029714285714286,TP2,0.22577639484978745,0.016512818695629015,1,0.5828571428571397,-2.0939747849723322
AAVEUSDT,LONG,1782446400,1782447300,83.42,81.27285714285715,83.95678571428572,TP2,0.23445934797072523,0.02573894578210093,1,0.18990384615384717,2.5499675950585163
LABUSDT,LONG,1782447300,1782450000,18.315,17.752714285714287,18.45557142857143,TP2,0.23697103658536903,0.030700830700830697,1,0.2831408775981523,1.9669540181185605
SEIUSDT,SHORT,1782454500,1782459900,0.05336,0.05429,0.053127499999999994,SL,-1.0229505376344086,0.017428785607196406,1,0.42671009771987073,-2.31966360272819
SOLUSDT,LONG,1782455400,1782456300,69.16,68.03428571428572,69.44142857142857,TP2,0.22542538071066617,0.016276956126580148,1,0.2835365853658541,1.9344190147828064
AAVEUSDT,LONG,1782457200,1782458100,86.14,83.91428571428573,86.69642857142857,TP2,0.23451912708600767,0.02583833626322593,1,0.4712871287128714,2.343440511448992
HYPEUSDT,LONG,1782459000,1782459900,63.977,62.77871428571429,64.27657142857143,TP2,0.2286438245112109,0.018729945359827957,1,0.33814128831339246,1.4787829737888387
BILLUSDT,LONG,1782467100,1782470700,0.04231,0.04148,0.0425175,TP2,0.22960963855421684,0.019617111793902135,1,0.3124999999999989,3.6307184779791166
HYPEUSDT,SHORT,1782471600,1782477900,61.963,63.20128571428572,61.65342857142857,TP2,0.22998426395939228,0.01998427633080569,1,0.05696521593009548,-1.6766745686253106
BILLUSDT,SHORT,1782475200,1782476100,0.0406,0.04164142857142857,0.04033964285714285,TP2,0.2344060356652966,0.025650950035186533,1,0.1400778210116746,-1.602895977693442
NEARUSDT,SHORT,1782480600,1782481500,1.761,1.7925714285714285,1.7531071428571428,TP2,0.22768868778280543,0.017928125253508568,1,0.5535714285714297,-2.2256104305769275
ADAUSDT,LONG,1782482400,1782487800,0.1456,0.14311428571428572,0.14622142857142859,TP2,0.22657011494253154,0.017072213500784954,1,0.10416666666666678,2.4178215576591477
DOTUSDT,LONG,1782482400,1782488700,0.85,0.8338428571428571,0.8540392857142857,TP2,0.2289566755083979,0.019008403361344517,1,0.1883211678832129,3.1120301994893262
SOLUSDT,LONG,1782482400,1782483300,70.68,69.36285714285715,71.00928571428572,TP2,0.2285353579175733,0.01863529792222497,1,0.16728624535316106,3.0026955048276993
AAVEUSDT,LONG,1782484200,1782486900,89.29,86.41428571428573,90.00892857142858,TP2,0.2375801291604595,0.03220645409020362,1,0.2381729200652529,2.1621082628316453
AVAXUSDT,LONG,1782487800,1782488700,6.292,6.151857142857143,6.327035714285714,TP2,0.23204118246686736,0.02227318136409043,1,0.28286852589641387,1.99977530391727
BTCUSDT,LONG,1782488700,1782531900,60398.8,59260.8,60683.3,EXPIRED,-0.12333876977153281,0.018841433935773578,1,0.25665641120544114,2.097970047720515
ZECUSDT,LONG,1782491400,1782492300,415.72,405.07,418.38250000000005,TP2,0.23438610328638632,0.02561820456076207,1,0.37427485497099244,1.8445331692151643
SUIUSDT,LONG,1782494100,1782501300,0.6983,0.6840857142857143,0.7018535714285714,TP2,0.23034934673366445,0.020355557374030817,1,0.29900332225913523,1.64204348199822
TAOUSDT,LONG,1782494100,1782508500,216.1,212.07142857142858,217.10714285714283,SL,-1.0214567375886525,0.0186421630197659,1,0.36046511627906935,1.774510863996276
HYPEUSDT,SHORT,1782508500,1782534600,63.429,64.71614285714287,63.107214285714285,SL,-1.0197115649278579,0.020292655680254488,1,0.2042977265649323,-2.4828971912024635
LABUSDT,LONG,1782511200,1782517500,19.118,18.621142857142857,19.242214285714283,TP2,0.23460885566417303,0.0259889707530674,1,0.26822558459422235,2.69154475115293
LABUSDT,LONG,1782522900,1782524700,19.927,19.315714285714286,20.079821428571428,SL,-1.013039401729376,0.0306762540415373,1,0.6174672489082972,1.9149605700106827
AAVEUSDT,LONG,1782526500,1782531000,97.15,95.02857142857144,97.68035714285715,SL,-1.0183178451178452,0.021836629659583842,1,0.31773584905660507,2.3724900685150847
BILLUSDT,SHORT,1782531000,1782532800,0.04077,0.04150142857142857,0.040587142857142856,TP2,0.22770390625000245,0.017940362311223285,1,0.17647058823529452,-1.948814720342197
LABUSDT,SHORT,1782549000,1782552600,18.559,19.37014285714286,18.356214285714287,TP2,0.2408479746389563,0.04370617259242721,1,0.10815709969788563,-3.1732238303371183
AAVEUSDT,LONG,1782561600,1782568800,96.99,95.26857142857142,97.42035714285714,TP2,0.22746290456431742,0.017748516047309756,1,0.17259552042160606,2.7574037055124325
LABUSDT,SHORT,1782562500,1782563400,16.877,17.867571428571427,16.629357142857142,TP2,0.24318494375540814,0.05869357282523128,1,0.6707581227436833,-2.0821619725233442
NEARUSDT,LONG,1782577800,1782580500,1.915,1.8792857142857142,1.9239285714285714,TP2,0.22855199999999848,0.01864975755315184,1,0.6645962732919262,1.8150762836396126
BILLUSDT,SHORT,1782590400,1782591300,0.03901,0.04010142857142858,0.03873714285714286,TP2,0.23570314136125656,0.02797817409455456,1,0.20952380952380983,-2.822410617198259
LABUSDT,LONG,1782609300,1782611100,17.387,16.636285714285716,17.57467857142857,TP2,0.2407357564224536,0.04317675767609625,1,0.5029150046026399,2.329143849315377
BILLUSDT,LONG,1782610200,1782612900,0.0403,0.03951428571428572,0.04049642857142857,TP2,0.22948363636363414,0.0194966323998582,1,0.3426573426573434,2.0976337824959344
BILLUSDT,LONG,1782621900,1782624600,0.04192,0.04104,0.04214,SL,-1.0190545454545454,0.02099236641221369,1,0.5723542116630692,2.0715224055971877
AAVEUSDT,SHORT,1782631800,1782632700,90.96,92.68857142857142,90.52785714285713,TP2,0.2289514049586818,0.019003643673828386,1,0.34649122807017807,-3.36247442407524
BILLUSDT,LONG,1782638100,1782644400,0.04254,0.041377142857142855,0.042830714285714284,TP2,0.2353670761670732,0.02733561689838136,1,0.15827338129496415,2.3692134258982116
AAVEUSDT,SHORT,1782643500,1782644400,89.39,91.15285714285714,88.94928571428572,TP2,0.2297170178281969,0.01972096591181496,1,0.5868772782503032,-1.6511432883850918
BILLUSDT,LONG,1782655200,1782658800,0.04493,0.04359428571428571,0.045263928571428566,TP2,0.2365450267379653,0.029728784458363796,1,0.3542600896860981,2.0104560539923577
AAVEUSDT,SHORT,1782657900,1782669600,88.35,89.85285714285713,87.97428571428571,SL,-1.0235152091254753,0.01701026760449508,1,0.332209106239463,-1.7345472497245435
LABUSDT,SHORT,1782677700,1782683100,16.605,17.052142857142858,16.493214285714288,TP2,0.23514568690095447,0.02692820578999437,1,0.3014311270125235,-1.7033831305494262
BILLUSDT,SHORT,1782681300,1782683100,0.04168,0.042634285714285715,0.041441428571428574,SL,-1.0174706586826348,0.022895530573073777,1,0.6099585062240671,-1.8432381572647554
ZECUSDT,SHORT,1782684000,1782685800,373.98,381.27714285714285,372.1557142857143,TP2,0.2294999216914682,0.01951212058704435,1,0.46537842190015877,-2.381594607945522
BILLUSDT,LONG,1782684900,1782688500,0.04386,0.04272857142857143,0.04414285714285714,TP2,0.23449393939393637,0.025796365057651,1,0.07462686567164269,2.329889204586877
LABUSDT,SHORT,1782688500,1782689400,15.744,16.19542857142857,15.631142857142857,TP2,0.23604962025316456,0.02867305458768875,1,0.725026852846404,-2.465118514902181
DOTUSDT,LONG,1782692100,1782694800,0.8143,0.8011,0.8176,TP2,0.2253242424242403,0.01621024192558024,1,0.10300429184549394,1.8611125722347899
AVAXUSDT,LONG,1782697500,1782702900,6.51,6.384142857142857,6.5414642857142855,TP2,0.22930987514188422,0.019332894448101826,1,0.16850393700787417,2.109463802476698
HYPEUSDT,LONG,1782700200,1782701100,62.335,61.24314285714286,62.60796428571429,TP2,0.22716367918356828,0.017515956410638387,1,0.13198809130003356,2.319910265874547
LABUSDT,SHORT,1782700200,1782701100,14.036,15.008714285714285,13.792821428571429,TP2,0.24422810985460328,0.06930138826690548,1,0.5478030470302502,-2.136407461775563
SOLUSDT,LONG,1782701100,1782702900,72.07,70.65571428571428,72.42357142857142,TP2,0.22961656565656569,0.01962377846934532,1,0.20906801007556564,1.9906308276151718
AAVEUSDT,LONG,1782702000,1782702900,92.37,90.74142857142857,92.77714285714286,TP2,0.22731263157894735,0.017630956247390143,1,0.18863049095607168,2.798567190507166
ADAUSDT,LONG,1782703800,1782710100,0.1457,0.14335714285714285,0.14628571428571427,SL,-1.0248756097560976,0.016080007843906237,1,0.25190839694656414,2.3915226365898996
NEARUSDT,LONG,1782703800,1782709200,1.879,1.8408571428571427,1.8885357142857142,SL,-1.0197048689138577,0.020299551433133153,1,0.25217391304347825,2.4375426258088044
BILLUSDT,LONG,1782712800,1782713700,0.0439,0.042792857142857146,0.04417678571428572,TP2,0.23413935483871123,0.02521965506020178,1,0.11764705882352941,3.0190494809031945
BILLUSDT,SHORT,1782731700,1782735300,0.04289,0.04388428571428571,0.042641428571428566,SL,-1.0172545977011493,0.02318222695933116,1,0.22727272727272813,-2.257555599129226
HYPEUSDT,LONG,1782738900,1782741600,64.761,63.513,65.073,SL,-1.0207567307692307,0.01927085746050865,1,0.3789878069149821,2.139836230869601
ZECUSDT,SHORT,1782740700,1782745200,379.3,387.38142857142856,377.27964285714285,SL,-1.018773908432031,0.021306165492825126,1,0.04913456169737544,-1.9027650718533238
AAVEUSDT,SHORT,1782742500,1782744300,89.77,91.56,89.32249999999999,TP2,0.2299396648044713,0.019939846273810877,1,0.2097186700767262,-2.9519835092384112
SUIUSDT,SHORT,1782742500,1782753300,0.684,0.6967714285714286,0.6808071428571429,SL,-1.0214228187919463,0.01867167919799497,1,0.09982486865148728,-1.9723963204919575
BILLUSDT,LONG,1782746100,1782747000,0.04551,0.04417142857142858,0.04584464285714286,TP2,0.23640042689434623,0.02941268794927328,1,0.22028985507246396,3.3828676835564955
TAOUSDT,SHORT,1782746100,1782753300,201.8,205.8714285714286,200.78214285714287,SL,-1.0198259649122807,0.020175562792014743,1,0.25423728813559254,-2.0850733594018025
AVAXUSDT,LONG,1782753300,1782767700,6.791,6.662714285714286,6.823071428571429,SL,-1.0211746102449888,0.018890548414918898,1,0.18378378378378368,2.5846427797033953
HYPEUSDT,LONG,1782753300,1782754200,65.684,64.29228571428571,66.03192857142857,TP2,0.23112141244097464,0.021188025785796913,1,0.12179418392531287,2.4137912519545623
NEARUSDT,LONG,1782753300,1782754200,1.882,1.8465714285714285,1.8908571428571428,TP2,0.22875161290322737,0.01882495825110067,1,0.06666666666666568,2.5764062191283466
ZECUSDT,LONG,1782756900,1782761400,405.97,396.97571428571433,408.21857142857147,TP2,0.23194542566709175,0.022155050162045744,1,0.4765862558280965,2.1609037557191346
AAVEUSDT,LONG,1782761400,1782774900,93.33,91.71571428571428,93.73357142857142,SL,-1.023126017699115,0.01729653610077917,1,0.5735900962861078,1.5764578575256243
BILLUSDT,LONG,1782765000,1782768600,0.05258,0.05006857142857143,0.05320785714285715,TP2,0.24162548350398247,0.04776395152964191,1,0.45242070116861505,1.640550597843814
LABUSDT,SHORT,1782769500,1782771300,14.301,14.670714285714286,14.208571428571428,TP2,0.2345275115919641,0.025852337998341766,1,0.3436960276338519,-3.75791994532932
BILLUSDT,LONG,1782777600,1782782100,0.05515,0.05319714285714286,0.055638214285714284,SL,-1.0112962692026335,0.03540992099468978,1,0.6296296296296301,1.4804244135608666
LABUSDT,SHORT,1782794700,1782803700,13.547,14.134714285714287,13.40007142857143,TP2,0.24077987360233274,0.04338335319364328,1,0.19035660472124524,-2.40352895729053
BILLUSDT,SHORT,1782796500,1782819900,0.04632,0.04864142857142857,0.045739642857142854,TP2,0.24201870769230918,0.05011719713792253,1,0.5593220338983054,-1.0298674609305847
LABUSDT,SHORT,1782810900,1782811800,12.533,13.167142857142856,12.374464285714286,TP2,0.24209452579409707,0.050597850246777126,1,0.47434996486296604,-1.905100917535871
LABUSDT,SHORT,1782821700,1782822600,11.423,12.178857142857144,11.234035714285714,TP2,0.24395494235494297,0.06616975775690655,1,0.5264715554094054,-3.7048905356711397
NEARUSDT,SHORT,1782824400,1782825300,1.775,1.8035714285714284,1.7678571428571428,TP2,0.22515,0.016096579476861165,1,0.49295774647887325,-3.1609695860819578
ZECUSDT,LONG,1782829800,1782832500,403.08,396.21,404.7975,SL,-1.0234689956331877,0.017043763024709786,1,0.3327987169206084,3.048137437309348
AAVEUSDT,SHORT,1782831600,1782859500,85.01,86.67000000000002,84.595,TP2,0.22951566265060463,0.019527114457122748,1,0.6301775147928997,-1.8364416051008317
XLMUSDT,LONG,1782835200,1782836100,0.18251,0.17886857142857143,0.18342035714285715,TP2,0.22995182424480182,0.019951940011114794,1,0.20554854981084625,2.1146179263305878
HYPEUSDT,SHORT,1782837000,1782849600,64.287,65.495,63.98500000000001,SL,-1.0212870860927152,0.018790735296405188,1,0.33909287257019394,-1.776256184099881
XLMUSDT,LONG,1782846000,1782851400,0.18782,0.18373714285714285,0.18884071428571428,SL,-1.0184008397480755,0.021738138339139297,1,0.5252837977296169,2.264696608716529
BILLUSDT,SHORT,1782860400,1782861300,0.04515,0.04650571428571429,0.04481107142857143,TP2,0.23667860906217197,0.030026894478721738,1,0.053511705685618874,-2.2675379702513023
XLMUSDT,LONG,1782865800,1782866700,0.19149,0.1883257142857143,0.19228107142857143,TP2,0.22579358916478776,0.01652454809277618,1,0.39328537170263683,2.404822168037684
LABUSDT,SHORT,1782872100,1782873000,12.641,13.009714285714285,12.54882142857143,TP2,0.23628640061991357,0.02916812639144733,1,0.18758557736193524,-2.8244788541207386
AAVEUSDT,LONG,1782873900,1782887400,87.66,85.98142857142857,88.07964285714286,SL,-1.0208891914893616,0.019148658779048925,1,0.27061556329848996,2.563407206335337
HYPEUSDT,LONG,1782873900,1782878400,65.452,64.30842857142858,65.73789285714285,TP2,0.22710610868207365,0.017471909621882078,1,0.1788235294117659,2.0428168924886934
ADAUSDT,LONG,1782877500,1782878400,0.1489,0.14644285714285715,0.1495142857142857,TP2,0.22576046511627626,0.016501966804183074,1,0.5157894736842102,2.670388784095101
ZECUSDT,LONG,1782881100,1782882000,405.0,397.48999999999995,406.8775,TP2,0.22842876165113002,0.01854320987654327,1,0.151467089611419,1.9654552604535451
LABUSDT,SHORT,1782886500,1782887400,11.497,12.085571428571429,11.349857142857143,TP2,0.24218650485436818,0.05119347904422273,1,0.5135842880523738,-1.5036150841838636
BILLUSDT,SHORT,1782888300,1782891900,0.04223,0.04348,0.041917499999999996,SL,-1.0135136,0.02959981056121241,1,0.3653444676409187,-2.6531198394809836
LABUSDT,SHORT,1782897300,1782899100,9.601,10.499285714285715,9.376428571428573,TP2,0.2457247455470733,0.09356168256282824,1,0.4685160722148832,-2.185314008600413
ADAUSDT,LONG,1782915300,1782916200,0.1567,0.154,0.15737500000000001,TP2,0.2267851851851877,0.017230376515634947,1,0.4634146341463367,3.4245927505918945
NEARUSDT,LONG,1782915300,1782918000,1.832,1.802,1.8395000000000001,TP2,0.2255733333333352,0.016375545851528416,1,0.3513513513513534,3.3746974492999335
ZECUSDT,LONG,1782915300,1782916200,413.29,406.2571428571429,415.0482142857143,TP2,0.2264937639650659,0.017016760973788653,1,0.38354806739345665,2.6591222427545147
TAOUSDT,LONG,1782918900,1782919800,203.1,199.65714285714287,203.9607142857143,TP2,0.22640331950207873,0.016951536892452653,1,0.4687499999999975,2.158712144137874
SOLUSDT,LONG,1782919800,1782923400,77.49,76.17142857142856,77.81964285714285,TP2,0.22649274106175515,0.017016020500341067,1,0.5980629539951577,2.0618311868504096
SUIUSDT,LONG,1782919800,1782926100,0.7195,0.7078285714285715,0.7224178571428572,SL,-1.0246585067319463,0.016221582448128637,1,0.5333333333333323,2.2082654831256168
LABUSDT,SHORT,1782924300,1782926100,8.387,8.911000000000001,8.256,SL,-1.0064022900763359,0.062477643972815085,1,0.30537084398976955,-3.70140692773933
BILLUSDT,LONG,1782927000,1782927900,0.04477,0.04329428571428571,0.045138928571428566,TP2,0.23786485963213705,0.03296212387121478,1,0.5250965250965275,2.431427754547127
HYPEUSDT,SHORT,1782938700,1782941400,62.019,63.01685714285714,61.76953571428571,SL,-1.0248608732999285,0.016089539380788834,1,0.5308742612594234,-2.539595474017304
BILLUSDT,SHORT,1782953100,1782958500,0.04225,0.04346285714285714,0.041946785714285714,TP2,0.23606595995288865,0.028706677937447182,1,0.3473684210526322,-3.166632745270423
HYPEUSDT,SHORT,1782953100,1782956700,61.891,62.976571428571425,61.61960714285714,SL,-1.0228049480194763,0.01754005313488921,1,0.19849785407725315,-1.83799429681292
NEARUSDT,LONG,1782956700,1782963000,1.895,1.8597142857142857,1.9038214285714286,TP2,0.22851821862348026,0.018620429702223957,1,0.2970297029702959,2.0890698777362533
LABUSDT,LONG,1782962100,1782963900,10.07,9.563571428571429,10.196607142857143,TP2,0.2420462623413258,0.05029082139310541,1,0.5044580009385266,3.444311342185151
BILLUSDT,SHORT,1782983700,1782984600,0.04155,0.04260142857142857,0.041287142857142856,TP2,0.23419293478260705,0.02530514010658412,1,0.15662650602409658,-2.6465511225414975
ZECUSDT,LONG,1782990900,1782991800,438.76,431.04714285714283,440.68821428571425,TP2,0.22724526764215225,0.017578760923641936,1,0.4420552918179261,3.5229238723871426
BILLUSDT,LONG,1782994500,1782995400,0.04304,0.04192714285714286,0.043318214285714286,TP2,0.2345299101412051,0.025856346255974504,1,0.10344827586206896,1.6793398036871825
TAOUSDT,LONG,1782999000,1782999900,215.0,211.35714285714286,215.91071428571428,TP2,0.22639215686274317,0.016943521594684385,1,0.5714285714285697,1.5869730246743037
XLMUSDT,LONG,1782999900,1783001700,0.20236,0.1989057142857143,0.20322357142857145,TP2,0.22656708023159838,0.01707000254143961,1,0.2652329749103937,2.518810357706377
LABUSDT,LONG,1783006200,1783007100,9.54,9.206999999999999,9.623249999999999,TP2,0.2385405405405392,0.034905660377358434,1,0.2930011862396197,3.655873295866362
BILLUSDT,LONG,1783007100,1783010700,0.04418,0.04296142857142857,0.044484642857142855,TP2,0.2354977725674091,0.027581969863545202,1,0.4555765595463146,2.71446408553172
SEIUSDT,SHORT,1783007100,1783028700,0.04773,0.04857,0.04752,TP2,0.22727142857143062,0.0175989943431804,1,0.11182108626198203,-1.6891092597894353
LABUSDT,LONG,1783021500,1783022400,10.205,9.692,10.33325,TP2,0.24204288499025256,0.05026947574718274,1,0.4483845547675337,2.0996551859371144
BILLUSDT,LONG,1783025100,1783027800,0.04511,0.044148571428571426,0.04535035714285714,SL,-1.0187679049034175,0.021312980967159622,1,0.3167938931297703,2.0758153262179553
LABUSDT,LONG,1783032300,1783034100,11.021,10.350000000000001,11.18875,TP2,0.2434301043219076,0.060883767353234725,1,0.5896328293736504,1.710424007845613
ADAUSDT,LONG,1783045800,1783047600,0.1666,0.16374285714285713,0.16731428571428572,TP2,0.22667600000000243,0.017149717029669,1,0.5514018691588807,2.1358402000788255
LABUSDT,SHORT,1783059300,1783060200,9.153,9.766142857142857,8.999714285714287,TP2,0.2440287977632798,0.06698818498228522,1,0.4977391304347823,-2.393595885712614
ZECUSDT,LONG,1783068300,1783069200,450.31,442.18428571428575,452.3414285714286,TP2,0.2278328410689205,0.018044712055504602,1,0.7971714384270441,2.7124564466129195
BILLUSDT,SHORT,1783071900,1783074600,0.04312,0.04435,0.042812499999999996,TP2,0.23597723577235913,0.02852504638218926,1,0.6517647058823538,-2.0955648132449745
NEARUSDT,LONG,1783083600,1783084500,2.04,2.0067142857142857,2.0483214285714286,TP2,0.22548497854077246,0.016316526610644217,1,0.5999999999999982,1.9254038133540086
AAVEUSDT,LONG,1783089000,1783094400,90.67,89.20285714285714,91.03678571428571,SL,-1.0247201557935735,0.01618112779467141,1,0.5686274509803939,3.2330284868250505
LABUSDT,SHORT,1783089000,1783089900,6.601,7.150142857142857,6.4637142857142855,TP2,0.24519177939646242,0.08319085852792861,1,0.4858096828046742,-2.3309699604373173
ADAUSDT,LONG,1783098900,1783099800,0.1759,0.17275714285714286,0.17668571428571428,TP2,0.22761272727272505,0.01786729472914805,1,0.6814159292035373,2.41837150459192
BILLUSDT,SHORT,1783099800,1783107000,0.04161,0.04274428571428572,0.04132642857142857,TP2,0.23532644836272198,0.02725993064853921,1,0.30258302583025676,-2.1672130614384426
BILLUSDT,SHORT,1783114200,1783119600,0.04042,0.041384285714285714,0.04017892857142857,SL,-1.0167668148148148,0.023856648052590655,1,0.47938144329896815,-2.2959768125738864
LABUSDT,LONG,1783135800,1783137600,7.405,6.871571428571428,7.538357142857143,TP2,0.24444724156400682,0.07203626893025948,1,0.5996541288370077,3.1193017539378314
LABUSDT,LONG,1783146600,1783147500,8.506,7.655714285714286,8.718571428571428,TP2,0.2459985215053753,0.09996305129152533,1,0.5584828526004997,1.8573307224002868
LABUSDT,LONG,1783158300,1783159200,10.574,9.660285714285713,10.802428571428571,TP2,0.2453709818636643,0.08641141343997412,1,0.5648654118599475,2.0015556821283154
BILLUSDT,SHORT,1783160100,1783161000,0.04122,0.04190857142857143,0.04104785714285714,SL,-1.0239452282157677,0.016704789630553815,1,0.11309523809523732,-1.864950987969173
BILLUSDT,LONG,1783168200,1783169100,0.04286,0.042022857142857147,0.04306928571428572,TP2,0.22952081911263214,0.019532031197920127,1,0.23960396039603954,2.7039077392230166
ADAUSDT,LONG,1783177200,1783178100,0.1841,0.18094285714285716,0.18488928571428573,TP2,0.22667511312217195,0.017149064949173592,1,0.7142857142857136,2.6822317815108194
LABUSDT,LONG,1783177200,1783179000,14.364,12.592285714285715,14.806928571428573,TP2,0.24675703918722836,0.12334407447189401,1,0.5043971631205674,1.6629098942752851
ADAUSDT,LONG,1783188000,1783194300,0.1997,0.1926142857142857,0.20147142857142855,SL,-1.0112733870967743,0.03548179411975104,1,0.7068403908794786,1.4944256849398563
LABUSDT,LONG,1783188000,1783221300,16.076,13.919571428571428,16.615107142857145,TP2,0.24701803246108045,0.13413962250737568,1,0.30948578728840637,2.0990848209617003
BILLUSDT,SHORT,1783216800,1783217700,0.0408,0.04151285714285714,0.040621785714285714,TP2,0.22710621242485451,0.017471988795518163,1,0.502923976608186,-2.5968860580548423
LABUSDT,LONG,1783229400,1783233000,17.28,16.257714285714286,17.53557142857143,SL,-1.0067613191727223,0.05916005291005288,1,0.5423612696962773,2.068713425030246
ADAUSDT,SHORT,1783245600,1783246500,0.1875,0.19074285714285713,0.18668928571428572,TP2,0.2268722466960331,0.017295238095238093,1,0.17557251908396881,-1.791742162347831
LABUSDT,LONG,1783274400,1783276200,16.594,15.90357142857143,16.766607142857143,TP2,0.240386261121456,0.0416071213347337,1,0.22859387274155465,3.3940238386712394
BILLUSDT,LONG,1783275300,1783280700,0.04202,0.04101428571428572,0.04227142857142857,TP2,0.2332874999999983,0.023934181002243846,1,0.391304347826087,2.1197053742705516
LABUSDT,SHORT,1783297800,1783301400,16.043,16.616999999999997,15.8995,TP2,0.23882020905923346,0.03577884435579378,1,0.2989281460897167,-3.004156968948152
BILLUSDT,LONG,1783301400,1783302300,0.04302,0.042221428571428576,0.04321964285714286,TP2,0.2284515205724508,0.01856279471342232,1,0.09278350515463943,1.8562238356640117
BILLUSDT,LONG,1783316700,1783317600,0.0466,0.044898571428571434,0.047025357142857147,TP2,0.23904450041981629,0.03651134273451871,1,0.40202020202020206,2.0803269626096323
LABUSDT,LONG,1783317600,1783318500,16.926,16.226285714285712,17.100928571428568,TP2,0.24032405063290888,0.041339612768184215,1,0.32890365448505055,2.6133757869605696
AAVEUSDT,LONG,1783325700,1783328400,91.05,89.52714285714285,91.43071428571429,SL,-1.0239155722326454,0.01672550404016633,1,0.4559748427672943,1.8650266598887928
LABUSDT,SHORT,1783329300,1783331100,15.783,16.716,15.54975,TP2,0.243233440514469,0.05911423683710321,1,0.11846318036286055,-1.8699111908596047
XLMUSDT,LONG,1783333800,1783340100,0.2065,0.20227142857142855,0.20755714285714286,SL,-1.0195337837837837,0.0204773434797648,1,0.39735894357742935,1.9601435050597424
BILLUSDT,SHORT,1783340100,1783342800,0.0417,0.04289857142857143,0.04140035714285714,TP2,0.23608343265792756,0.02874272010962661,1,0.5196629213483153,-2.6261686095560135
XLMUSDT,SHORT,1783341900,1783342800,0.19914,0.20297,0.1981825,TP2,0.22920208877284595,0.019232700612634327,1,0.06805762543467381,-2.112528188056512
AAVEUSDT,LONG,1783350900,1783353600,95.07,92.26857142857142,95.77035714285714,TP2,0.23642549719530853,0.02946700927136398,1,0.3163972286374135,2.221137976654009
NEARUSDT,LONG,1783350900,1783351800,2.041,1.9918571428571428,2.0532857142857144,TP2,0.23338720930232898,0.02407783299503047,1,0.19841269841269824,1.9058049279228757
LABUSDT,SHORT,1783351800,1783352700,16.186,16.788,16.0355,TP2,0.239245182724254,0.03719263561102189,1,0.3763996554694225,-1.857926428696702
TAOUSDT,LONG,1783357200,1783366200,215.3,211.7714285714286,216.18214285714288,TP2,0.22559352226721044,0.016389091632937364,1,0.46376811594202616,2.4455787545242407
BILLUSDT,LONG,1783363500,1783365300,0.04319,0.04211142857142857,0.043459642857142856,TP2,0.2339825165562914,0.0249727119372871,1,0.3639846743295024,1.936835193586392
BILLUSDT,SHORT,1783383300,1783387800,0.04261,0.043538571428571426,0.04237785714285715,TP2,0.2316449230769212,0.021792335803131363,1,0.06400000000000029,-1.863658509435823
LABUSDT,SHORT,1783383300,1783389600,13.876,14.693714285714286,13.671571428571427,TP2,0.24321229909154493,0.05893011571881565,1,0.3399999999999999,-1.4509954578581594
NEARUSDT,SHORT,1783394100,1783395000,2.027,2.0597142857142856,2.0188214285714285,TP2,0.2252157205240242,0.01613926280921838,1,0.27044025157232476,-2.4146739888647617
BILLUSDT,LONG,1783403100,1783404000,0.04431,0.043448571428571434,0.044525357142857144,TP2,0.2294248756218905,0.019440951736144674,1,0.2854368932038832,3.6485957014250374
LABUSDT,SHORT,1783412100,1783413900,12.625,13.473285714285714,12.412928571428571,TP2,0.2440468171101386,0.06719094766619514,1,0.4351230425055926,-3.0992248848873496
LABUSDT,SHORT,1783422900,1783427400,9.771,11.794142857142857,9.265214285714286,TP2,0.24806815421550651,0.20705586502331969,1,0.40847626826390776,-2.0904595906520282
BILLUSDT,SHORT,1783434600,1783435500,0.04256,0.04379142857142857,0.042252142857142856,TP2,0.236175406032484,0.028933941997851757,1,0.31428571428571545,-2.514012550439333
AAVEUSDT,SHORT,1783435500,1783439100,90.55,92.05857142857143,90.17285714285714,SL,-1.0240094696969697,0.016660093081959437,1,0.5026041666666652,-2.5620833827896283
ZECUSDT,LONG,1783436400,1783438200,469.88,460.78714285714284,472.1532142857143,TP2,0.22932970934799685,0.019351445353828933,1,0.43327126008690076,2.9297188263095277
HYPEUSDT,LONG,1783438200,1783445400,72.85,71.52257142857142,73.18185714285714,SL,-1.0219522169608266,0.018221394254338663,1,0.2293120638085735,2.1578064059571136
LABUSDT,SHORT,1783438200,1783440900,6.815,8.434428571428572,6.410142857142858,TP2,0.24831669019054325,0.23762708311497746,1,0.6230031948881791,-1.5410637569183259
NEARUSDT,LONG,1783438200,1783439100,2.054,2.0137142857142853,2.0640714285714283,TP2,0.22960567375886248,0.01961329809431074,1,0.20812182741117025,2.5350880387862507
BILLUSDT,SHORT,1783446300,1783447200,0.04151,0.04277428571428571,0.04119392857142857,TP2,0.23686689265536862,0.030457376879925654,1,0.4213197969543142,-2.4842050252125634
BILLUSDT,SHORT,1783476000,1783476900,0.03916,0.040214285714285716,0.038896428571428575,TP2,0.23514254742547094,0.026922515686560622,1,0.20467836257309868,-2.8901920519917055
LABUSDT,SHORT,1783476000,1783476900,4.803,5.966571428571428,4.512107142857142,TP2,0.24834887661141844,0.24225930222182562,1,0.144808743169399,-2.4884507883611096
NEARUSDT,SHORT,1783476900,1783479600,1.885,1.9167142857142858,1.8770714285714285,SL,-1.0237747747747747,0.016824554755589267,1,0.6436781609195394,-3.2824853594278367
LABUSDT,SHORT,1783493100,1783503000,2.905,3.724285714285714,2.7001785714285713,TP2,0.248581691368788,0.28202606343742315,1,0.4210992907801418,-1.7157872362564481
ZECUSDT,SHORT,1783503000,1783505700,463.59,472.55285714285714,461.3492857142857,TP2,0.22931061523748492,0.01933358601966641,1,0.40870005058168984,-2.4428386063756338
LABUSDT,SHORT,1783503900,1783504800,2.166,2.8987142857142856,1.9828214285714285,TP2,0.24881754728017158,0.3382799103020709,1,0.46768507638072865,-2.5831703529903463
BILLUSDT,SHORT,1783516500,1783528200,0.03618,0.03717714285714285,0.03593071428571428,SL,-1.0145134670487106,0.027560609650161865,1,0.1355599214145369,-2.322847951459524
LABUSDT,SHORT,1783520100,1783521000,1.668,2.174857142857143,1.5412857142857141,TP2,0.24868365276211962,0.3038711887632752,1,0.3330179754020812,-2.2793444821026054
NEARUSDT,SHORT,1783524600,1783529100,1.841,1.8707142857142856,1.8335714285714286,SL,-1.0247826923076924,0.016140296422751537,1,0.3109243697478991,-2.6377273870503317
ZECUSDT,SHORT,1783524600,1783526400,453.92,462.1857142857143,451.85357142857146,TP2,0.22803359834082096,0.018209627876529536,1,0.3666016169500979,-2.4959744961380927
BILLUSDT,LONG,1783534500,1783536300,0.03825,0.03732714285714286,0.038480714285714285,TP2,0.23342105263157897,0.024126984126984153,1,0.4149139579349897,2.385698167868337
LABUSDT,SHORT,1783556100,1783560600,1.117,1.306857142857143,1.0695357142857143,SL,-1.0023533483822422,0.16997058447371788,1,0.11007462686567171,-2.6990873692719757
BILLUSDT,LONG,1783578600,1783579500,0.03779,0.03700571428571428,0.037986071428571425,TP2,0.23072641165755703,0.020753789740294168,1,0.15170278637771112,2.4216137989016637
LABUSDT,SHORT,1783588500,1783589400,0.975,1.082,0.9482499999999999,TP2,0.24635514018691618,0.10974358974358983,1,0.45411764705882385,-4.209535470385576
LABUSDT,SHORT,1783602000,1783611900,0.831,0.9895714285714285,0.7913571428571429,SL,-1.0020962162162161,0.19082001031459514,1,0.48797736916548795,-1.2320515853699983
AAVEUSDT,LONG,1783605600,1783611000,91.48,89.95,91.8625,TP2,0.22608366013071424,0.0167249672059466,1,0.4815950920245445,2.141778047238207
BILLUSDT,SHORT,1783611900,1783614600,0.0371,0.03796714285714286,0.03688321428571429,TP2,0.23288632619439467,0.02337312283403927,1,0.30939226519337054,-1.9479497282626619
ZECUSDT,LONG,1783620900,1783621800,486.82,478.7342857142857,488.84142857142854,TP2,0.22591703180211659,0.01660924835814938,1,0.4908909408535068,3.6863701492184475
BILLUSDT,LONG,1783629900,1783636200,0.03817,0.037495714285714285,0.03833857142857143,TP2,0.22735677966101436,0.017665331786369257,1,0.27365728900255815,2.1422675982637176
LABUSDT,LONG,1783645200,1783646100,1.251,1.1228571428571428,1.283035714285714,TP2,0.2460949832775911,0.10243233984241178,1,0.37942664418212446,2.347248623045545
SEIUSDT,LONG,1783646100,1783647000,0.05038,0.04938,0.05063,TP2,0.22984799999999994,0.019849146486701028,1,0.4027303754266203,1.470519086868642
LABUSDT,LONG,1783679400,1783680300,1.231,1.1394285714285717,1.2538928571428571,TP2,0.24462277691107584,0.07438783799466164,1,0.437869822485207,2.6080078120932013
BILLUSDT,LONG,1783686600,1783694700,0.03883,0.03796714285714286,0.03904571428571429,SL,-1.0180006622516555,0.022221404657665294,1,0.3592233009708738,3.0244137488343448
BILLUSDT,LONG,1783698300,1783700100,0.03928,0.038187142857142864,0.03955321428571429,TP2,0.2356230065359493,0.0278222286878091,1,0.3578947368421046,2.5412608031323662
LABUSDT,SHORT,1783701000,1783701900,1.011,1.1372857142857142,0.9794285714285713,TP2,0.2467977375565611,0.1249116857425464,1,0.3540856031128405,-3.893466745388984
BILLUSDT,SHORT,1783710000,1783718100,0.03745,0.03877285714285714,0.037119285714285716,SL,-1.0113239740820734,0.03532328819378207,1,0.17666666666666644,-1.9346461180056274
LABUSDT,SHORT,1783722600,1783728900,0.849,0.919,0.8315,SL,-1.0048514285714285,0.08244994110718495,1,0.5652173913043481,-2.129488244348009
BILLUSDT,LONG,1783726200,1783728900,0.03938,0.03868142857142857,0.03955464285714286,TP2,0.22745112474437873,0.017739243996227207,1,0.31797235023041637,1.760956736924585
BILLUSDT,LONG,1783737000,1783737900,0.04009,0.03930571428571429,0.04028607142857143,TP2,0.22955336976320573,0.019563125824038678,1,0.4074074074074077,2.9567223408925414
LABUSDT,SHORT,1783744200,1783745100,0.761,0.8285714285714286,0.7441071428571429,TP2,0.24549513742071882,0.08879294161817164,1,0.44107744107744085,-3.5266873483196206
BILLUSDT,SHORT,1783751400,1783752300,0.03845,0.03922142857142857,0.03825714285714286,TP2,0.2300629629629607,0.020063161805684543,1,0.10144927536231843,-1.550031992831066
BILLUSDT,LONG,1783772100,1783774800,0.03955,0.03883,0.03973,TP2,0.22802777777777783,0.018204804045512044,1,0.331168831168832,2.5722554890259377
LABUSDT,SHORT,1783783800,1783786500,0.766,0.8491428571428571,0.7452142857142857,TP2,0.24631477663230272,0.10854158895934347,1,0.054441260744985814,-1.9090223820655514
AAVEUSDT,LONG,1783786500,1783787400,100.66,98.58428571428571,101.17892857142857,TP2,0.2306023399862371,0.02062104396696092,1,0.4958904109589059,2.3395083829365344
BILLUSDT,LONG,1783800900,1783801800,0.04111,0.04024571428571429,0.04132607142857143,TP2,0.2309738842975187,0.021023734232199373,1,0.4175588865096339,2.2742806776426208
ZECUSDT,LONG,1783802700,1783804500,522.52,513.5699999999999,524.7574999999999,TP2,0.22664715083798254,0.017128530965321957,1,0.5791469194312806,2.1739198232712846
LABUSDT,SHORT,1783805400,1783809900,0.644,0.6938571428571428,0.6315357142857143,TP2,0.24483323782234956,0.07741792369121549,1,0.3536585365853659,-2.6192616926613788
ZECUSDT,SHORT,1783815300,1783818900,506.26,516.65,503.6625,TP2,0.230509720885464,0.0205230513965156,1,0.18122743682310424,-2.0211622734552552
LABUSDT,SHORT,1783818000,1783818900,0.534,0.5857142857142857,0.5210714285714286,TP2,0.24586961325966797,0.09684323167469232,1,0.6651583710407245,-1.8870978511031158
BILLUSDT,LONG,1783821600,1783824300,0.04283,0.04133428571428571,0.043203928571428574,TP2,0.23854594078319122,0.0349221173409826,1,0.2926447574334904,3.2351508308559285
LABUSDT,SHORT,1783836900,1783842300,0.476,0.5267142857142857,0.46332142857142855,TP2,0.2462456338028169,0.10654261704681871,1,0.29533678756476683,-3.500959751900906
BILLUSDT,LONG,1783838700,1783845000,0.04397,0.04243857142857143,0.044352857142857145,TP2,0.23851529850746267,0.03482894181097499,1,0.27272727272727243,2.4475107792296034
BILLUSDT,LONG,1783855800,1783856700,0.04555,0.04407285714285714,0.04591928571428572,TP2,0.23766537717601782,0.03242904186921755,1,0.2590163934426217,2.1616075870641396
BILLUSDT,LONG,1783869300,1783872000,0.04744,0.045785714285714284,0.04785357142857143,TP2,0.23852918825561314,0.034871115393881054,1,0.5057660626029654,2.0519755692418853
ZECUSDT,LONG,1783872900,1783873800,540.8,531.0642857142857,543.2339285714286,TP2,0.22778077769626406,0.018002430262045642,1,0.5021678143330821,2.7071205941720464
BILLUSDT,LONG,1783880100,1783881000,0.05108,0.04828857142857143,0.051777857142857146,TP2,0.24268045035824073,0.05464817093634636,1,0.42328042328042303,2.5060792567149286
LABUSDT,SHORT,1783895400,1783896300,0.41,0.4391428571428571,0.4027142857142857,TP2,0.24437254901960784,0.07108013937282234,1,0.39285714285714285,-1.9142871033380797
BILLUSDT,LONG,1783904400,1783908000,0.05331,0.05034285714285714,0.05405178571428572,SL,-1.007186711603274,0.05565827906852109,1,0.15121951219512159,1.7914069463090392
NEARUSDT,SHORT,1783908000,1783912500,1.878,1.9118571428571427,1.869535714285714,TP2,0.22781265822785138,0.018028297581013243,1,0.21686746987951835,-1.8154438647916367
ZECUSDT,SHORT,1783911600,1783912500,524.36,535.0128571428571,521.6967857142857,TP2,0.23031100978945956,0.020315922539585654,1,0.22762148337595828,-2.2099613521838335
ADAUSDT,SHORT,1783912500,1783914300,0.158,0.16091428571428573,0.15727142857142856,TP2,0.22831372549019852,0.01844484629294761,1,0.29508196721311575,-2.6378773106704387
LABUSDT,SHORT,1783923300,1783924200,0.39,0.42042857142857143,0.38239285714285715,TP2,0.24487323943662015,0.07802197802197801,1,0.3043478260869562,-3.2125913119181853
BILLUSDT,SHORT,1783929600,1783931400,0.04806,0.05058,0.04743,SL,-1.0076285714285715,0.052434456928838934,1,0.3701149425287351,-2.9169690570969213
BILLUSDT,LONG,1783936800,1783941300,0.05325,0.05028285714285714,0.053991785714285714,TP2,0.24282137698603817,0.055720992622401065,1,0.0909090909090907,1.7814741055571888
LABUSDT,SHORT,1783945800,1783947600,0.33,0.35564285714285715,0.32358928571428575,TP2,0.24485236768802174,0.07770562770562763,1,0.27690892364305403,-2.2337833608617057
BILLUSDT,LONG,1783953000,1783953900,0.05735,0.05367428571428571,0.05826892857142857,TP2,0.24375903614457783,0.06409266409266412,1,0.33920704845814986,2.224991006850427
NEARUSDT,LONG,1783954800,1783957500,1.966,1.9334285714285713,1.9741428571428572,SL,-1.0241438596491228,0.016567359395436725,1,0.42857142857142855,2.7627743926708344
LABUSDT,SHORT,1783962900,1783964700,0.2607,0.3055285714285714,0.24949285714285713,TP2,0.2476738049713193,0.17195462765083028,1,0.4691106585200268,-2.7937251208048366
NEARUSDT,SHORT,1783969200,1783970100,1.895,1.9267142857142858,1.8870714285714285,TP2,0.22609909909910092,0.01673577082548062,1,0.25179856115107974,-2.3339598156465007
ZECUSDT,SHORT,1783980900,1783988100,490.41,498.52571428571434,488.38107142857143,SL,-1.0241708854074987,0.016548835231162295,1,0.49488591660109943,-1.695557594801719
BILLUSDT,LONG,1783983600,1783986300,0.05967,0.057581428571428575,0.06019214285714286,TP2,0.23857209302325746,0.03500203500203497,1,0.3043478260869558,2.1207220318535565
BILLUSDT,SHORT,1783998000,1784002500,0.05451,0.05753,0.053755000000000004,SL,-1.0072198675496689,0.055402678407631585,1,0.31450381679389267,-3.8262679693233212
LABUSDT,LONG,1784000700,1784001600,0.3206,0.28497142857142854,0.32950714285714283,TP2,0.2464006415396945,0.11113091524819534,1,0.5302452316076297,3.5646511785961232
BILLUSDT,LONG,1784013300,1784014200,0.0633,0.05964,0.064215,TP2,0.24308196721311476,0.05781990521327011,1,0.15917968749999958,2.1548860829479115
LABUSDT,SHORT,1784018700,1784030400,0.2596,0.3100857142857143,0.24697857142857144,SL,-1.0020568194680248,0.19447501650891488,1,0.19812792511700467,-1.33919578067698
BILLUSDT,SHORT,1784034900,1784035800,0.0553,0.061032857142857146,0.053866785714285714,TP2,0.24614153999501648,0.1036683027641436,1,0.10688836104513075,-2.259581226319604
ZECUSDT,LONG,1784034900,1784035800,524.59,516.1557142857143,526.6985714285714,TP2,0.2251210704607013,0.016077862167189105,1,0.4597875569044032,2.715719142161694
AAVEUSDT,LONG,1784043000,1784052900,100.81,98.92714285714285,101.28071428571428,SL,-1.0214163884673748,0.018677285416696218,1,0.5085470085470037,2.088282557672586
ADAUSDT,LONG,1784043000,1784043900,0.1664,0.1636,0.1671,TP2,0.22622857142857386,0.016826923076923034,1,0.6422764227642266,1.950973536642021
LINKUSDT,LONG,1784043000,1784049300,8.366,8.228428571428571,8.400392857142856,SL,-1.0243248182762201,0.016444110515351284,1,0.684552845528453,1.3763773020937635
BILLUSDT,SHORT,1784045700,1784046600,0.0409,0.047542857142857144,0.03923928571428571,TP2,0.24753720430107526,0.1624170450576319,1,0.6692586832555729,-1.5334857822875376
ZECUSDT,LONG,1784046600,1784048400,543.38,530.9442857142857,546.4889285714286,TP2,0.23252195290063185,0.02288585204776457,1,0.6264336428181322,1.5762834037771678
ZECUSDT,LONG,1784069100,1784071800,561.38,552.2085714285714,563.6728571428571,SL,-1.0244838629283488,0.01633729126692896,1,0.3318881422068065,3.481485834728749
LABUSDT,SHORT,1784070900,1784072700,0.2611,0.284,0.255375,TP2,0.24543930131004305,0.08770585982382227,1,0.6365568544102019,-1.6042322712455033
BILLUSDT,SHORT,1784079000,1784081700,0.04005,0.04183857142857143,0.03960285714285715,TP2,0.24104313099041338,0.044658462635990735,1,0.1586206896551735,-2.9064218600907807
LABUSDT,SHORT,1784082600,1784083500,0.2314,0.25502857142857144,0.22549285714285713,TP2,0.2460827085852479,0.10211137177429315,1,0.5093596059113297,-2.3053727429685456
BILLUSDT,SHORT,1784097900,1784098800,0.03689,0.03894857142857143,0.03637535714285714,TP2,0.2428319222761979,0.05580296634782942,1,0.4117647058823535,-3.3365504015959684
BILLUSDT,SHORT,1784113200,1784115900,0.03362,0.035508571428571424,0.03314785714285714,TP2,0.242879273827535,0.05617404606101806,1,0.5354691075514876,-1.8783384692001261
ZECUSDT,LONG,1784120400,1784129400,584.89,572.3757142857143,588.0185714285714,SL,-1.0186951141552512,0.021395964564765488,1,0.7004118794710675,2.193814229137839
LABUSDT,SHORT,1784129400,1784147400,0.2181,0.2411142857142857,0.21234642857142855,SL,-1.0037906890130355,0.10552171349970524,1,0.3639661426844012,-3.4440741254395113
AAVEUSDT,SHORT,1784132100,1784133900,96.31,97.94428571428573,95.90142857142857,TP2,0.2264276223776246,0.016969013750241076,1,0.26170798898071734,-1.8714190542949707
BILLUSDT,SHORT,1784151000,1784152800,0.03397,0.035288571428571426,0.033640357142857145,TP2,0.23969490790899112,0.038815761806636116,1,0.10625909752547338,-1.9388771388618276
LABUSDT,SHORT,1784157300,1784160000,0.219,0.23392857142857143,0.21526785714285715,SL,-1.005867942583732,0.06816699282452708,1,0.10943396226415078,-1.5259604636671475
BILLUSDT,SHORT,1784165400,1784167200,0.03289,0.03404571428571429,0.03260107142857143,TP2,0.23861656365883807,0.035138774269209076,1,0.3333333333333333,-1.877635232668419
BILLUSDT,SHORT,1784184300,1784185200,0.02945,0.030830000000000003,0.029105,TP2,0.24146376811594264,0.046859083191850635,1,0.4611727416798729,-1.7663607749946946
ZECUSDT,SHORT,1784192400,1784193300,549.93,560.5042857142856,547.2864285714285,TP2,0.2291974601459119,0.019228421279591453,1,0.3992557150451894,-3.4626957207960913
BILLUSDT,SHORT,1784206800,1784219400,0.02803,0.029534285714285714,0.027653928571428572,SL,-1.007453371320038,0.053666989450078986,1,0.16860465116279078,-2.5932001033322627
HYPEUSDT,SHORT,1784222100,1784223000,62.888,63.905428571428565,62.63364285714285,TP2,0.2252757090704893,0.016178421502171646,1,0.47473126905182117,-2.9686491379386215
ZECUSDT,SHORT,1784224800,1784227500,544.05,553.5314285714285,541.6796428571428,TP2,0.22704776254332376,0.017427494846849686,1,0.24043223773075542,-2.7723973912557858
BILLUSDT,SHORT,1784229300,1784235600,0.02782,0.02892857142857143,0.027542857142857143,TP2,0.23996185567010386,0.03984800246482487,1,0.1824175824175819,-2.091351381352063
LABUSDT,LONG,1784240100,1784241900,0.2235,0.21624285714285713,0.22531428571428572,SL,-1.0123188976377953,0.032470437839565394,1,0.1919191919191917,3.445263117798492
BILLUSDT,SHORT,1784241000,1784242800,0.02728,0.02814285714285714,0.027064285714285714,TP2,0.23735364238410495,0.03162966066191869,1,0.32114882506527526,-2.2858642861133296
ZECUSDT,SHORT,1784246400,1784250000,523.73,532.5085714285715,521.5353571428572,SL,-1.0238640195280715,0.01676163563013659,1,0.5149685534591202,-2.4629419095519016
BILLUSDT,SHORT,1784252700,1784258100,0.02612,0.027120000000000002,0.02587,TP2,0.239552,0.038284839203675335,1,0.4079999999999993,-1.856665862097982
HYPEUSDT,SHORT,1784252700,1784253600,60.383,61.59585714285714,60.07978571428572,TP2,0.2300857008244979,0.02008606963643973,1,0.35908494280892694,-1.8127135861334096
LABUSDT,SHORT,1784254500,1784255400,0.205,0.21477142857142856,0.20255714285714285,TP2,0.24160818713450222,0.047665505226480845,1,0.1422764227642277,-2.7218164061006616
LABUSDT,SHORT,1784268000,1784269800,0.1888,0.19777142857142857,0.18655714285714287,TP2,0.241582165605094,0.047518159806295396,1,0.6478555304740404,-1.5436382738695302
BILLUSDT,SHORT,1784271600,1784273400,0.0239,0.025134285714285717,0.023591428571428572,TP2,0.24225462962962963,0.05164375373580393,1,0.37560975609756075,-1.8183544076175375
BILLUSDT,LONG,1784286000,1784286900,0.0276,0.02610142857142857,0.027974642857142858,TP2,0.24263298379409015,0.05429606625258799,1,0.36214953271028055,2.3914343675378182
ZECUSDT,LONG,1784296800,1784297700,540.1,530.9785714285714,542.3803571428572,TP2,0.2263151135473767,0.016888406908773544,1,0.22860071758073114,2.326077359193194
BILLUSDT,SHORT,1784299500,1784302200,0.0244,0.026191428571428574,0.02395214285714286,TP2,0.24455183413078102,0.07341920374707261,1,0.14176245210727972,-1.6032873409378097
LABUSDT,SHORT,1784301300,1784337300,0.1812,0.19445714285714286,0.17788571428571429,TP2,0.24453275862068966,0.07316304005045726,1,0.12,-2.5586544714611823
ADAUSDT,LONG,1784304900,1784306700,0.1645,0.16144285714285714,0.16526428571428572,TP2,0.2284766355140187,0.018584455058619196,1,0.307692307692309,2.1746613796674947
ZECUSDT,LONG,1784308500,1784321100,553.37,541.2242857142858,556.4064285714286,SL,-1.0182243707362975,0.021948631631122543,1,0.3461132606401679,2.056134586226504
BILLUSDT,SHORT,1784324700,1784333700,0.02313,0.023728571428571432,0.022980357142857143,SL,-1.0154568019093078,0.02587857451670685,1,0.3310104529616726,-2.1843574921011717
BILLUSDT,SHORT,1784340000,1784340900,0.02288,0.023751428571428573,0.02266214285714286,TP2,0.2394977049180308,0.038086913086913095,1,0.16290726817042578,-2.1798491314851542
LABUSDT,LONG,1784357100,1784358000,0.1866,0.1805,0.188125,TP2,0.2377639344262295,0.03269024651661307,1,0.18213058419244027,2.1793986484449173
BILLUSDT,LONG,1784373300,1784374200,0.02377,0.022904285714285714,0.023986428571428572,TP2,0.2390171617161726,0.03642045796021393,1,0.26511627906976615,2.1184163904527438
LABUSDT,LONG,1784391300,1784392200,0.1944,0.18792857142857142,0.19601785714285713,TP2,0.23798410596026492,0.03328924162257498,1,0.3587301587301583,1.7899307652449328
BILLUSDT,LONG,1784393100,1784394000,0.02488,0.02398142857142857,0.025104642857142857,TP2,0.23892464228934818,0.0361162149747359,1,0.14141414141414071,3.0214434597180433
BILLUSDT,LONG,1784421000,1784423700,0.02626,0.025305714285714286,0.026498571428571427,TP2,0.2389928143712575,0.03633989772603633,1,0.303102625298329,2.325091116890252
LABUSDT,SHORT,1784431800,1784432700,0.188,0.19421428571428573,0.18644642857142857,TP2,0.23789885057471263,0.033054711246200616,1,0.19424460431654697,-2.1470845197546446
BILLUSDT,SHORT,1784436300,1784445300,0.0241,0.02589285714285714,0.023651785714285715,SL,-1.0053768924302788,0.07439241256668642,1,0.125,-2.0792492401446965
BILLUSDT,LONG,1784454300,1784461500,0.02722,0.025854285714285715,0.027561428571428574,TP2,0.24202761506276213,0.050173191980686496,1,0.63676148796499,1.7308107447337222
LABUSDT,SHORT,1784471400,1784472300,0.1623,0.16947142857142858,0.16050714285714285,TP2,0.24094741035856668,0.0441862512102808,1,0.2653061224489804,-3.569792615231892
BILLUSDT,SHORT,1784488500,1784489400,0.02552,0.026522857142857143,0.025269285714285716,TP2,0.23982108262108176,0.03929690998656519,1,0.22033898305084754,-1.9512782218727183
LABUSDT,SHORT,1784502900,1784508300,0.149,0.15427142857142856,0.14768214285714285,SL,-1.0113062330623306,0.0353787152444871,1,0.1896551724137928,-2.199884003688524
ZECUSDT,SHORT,1784512800,1784514600,539.06,549.6385714285714,536.4153571428571,TP2,0.22961690749493047,0.019624107573500953,1,0.26304300371098,-2.8075054866776075
ZECUSDT,SHORT,1784523600,1784524500,531.94,541.0485714285716,529.6628571428572,TP2,0.2266400250940999,0.017123306065668073,1,0.39114724480578206,-1.4206797463310064
BILLUSDT,SHORT,1784524500,1784525400,0.02428,0.024902857142857143,0.024124285714285713,TP2,0.23440733944954267,0.02565309484584608,1,0.23119777158774402,-2.6235679931315605
LABUSDT,LONG,1784554200,1784555100,0.1565,0.1507,0.15795,SL,-1.0107931034482758,0.03706070287539933,1,0.4596774193548398,3.9263038893265745
BILLUSDT,LONG,1784560500,1784561400,0.02534,0.024664285714285715,0.02550892857142857,TP2,0.23499957716701647,0.02666591498477843,1,0.1160220994475136,2.746591417134857
ZECUSDT,LONG,1784562300,1784563200,541.13,532.2814285714285,543.3421428571429,TP2,0.22553819825638047,0.01635202525931194,1,0.24163754368447168,1.8846920947664803
BILLUSDT,SHORT,1784574900,1784575800,0.02459,0.02516142857142857,0.024447142857142858,TP2,0.232787,0.023238250159762972,1,0.07608695652173902,-1.861272305510896
BILLUSDT,SHORT,1784585700,1784587500,0.02408,0.024537142857142858,0.023965714285714285,TP2,0.2289300000000038,0.018984337921215025,1,0.314285714285715,-2.281831599777538
LABUSDT,SHORT,1784592900,1784594700,0.1332,0.14142857142857143,0.13114285714285714,TP2,0.24352500000000166,0.06177606177606176,1,0.6415094339622638,-3.563265334670525
BILLUSDT,LONG,1784618100,1784619900,0.02467,0.024174285714285718,0.02479392857142857,SL,-1.019906628242075,0.020093809716833597,1,0.22580645161290364,2.6317193667082073
BILLUSDT,LONG,1784644200,1784645100,0.02455,0.024008571428571428,0.02468535714285714,TP2,0.23186279683377148,0.022054116962467257,1,0.1935483870967728,2.7773167119981794
ZECUSDT,SHORT,1784651400,1784655000,537.22,546.4614285714287,534.9096428571429,TP2,0.22674731797804615,0.01720231668856073,1,0.13756097560975614,-2.0398171838457126
LABUSDT,LONG,1784661300,1784662200,0.1411,0.13504285714285713,0.14261428571428572,TP2,0.24068207547169812,0.04292801457932573,1,0.4393939393939397,2.94842831693436
LABUSDT,LONG,1784690100,1784691000,0.164,0.1544,0.16640000000000002,TP2,0.2431666666666681,0.05853658536585366,1,0.36403508771929854,3.32398891791262
BILLUSDT,LONG,1784696400,1784697300,0.02637,0.025632857142857145,0.026554285714285714,TP2,0.23569069767441744,0.027953843653502345,1,0.322368421052632,3.1745329613611144
HYPEUSDT,SHORT,1784701800,1784736000,58.293,59.26842857142857,58.049142857142854,TP2,0.2260954305799667,0.01673320246733865,1,0.6547347042396549,-2.4366780599102826
BILLUSDT,SHORT,1784720700,1784721600,0.02556,0.026338571428571426,0.02536535714285714,TP2,0.23686825688073615,0.03046054102392127,1,0.2987012987012986,-1.9822206227347061
LABUSDT,LONG,1784730600,1784731500,0.1584,0.1501714285714286,0.16045714285714288,TP2,0.24230000000000168,0.05194805194805196,1,0.31335149863760237,2.5697060022490668
HYPEUSDT,SHORT,1784736900,1784737800,57.93,58.86485714285714,57.696285714285715,TP2,0.22521332518337406,0.016137703139256714,1,0.1855693348365279,-2.3256681193433706
ADAUSDT,LONG,1784738700,1784744100,0.1799,0.17672857142857143,0.18069285714285716,SL,-1.0226900900900902,0.017628841419836394,1,0.5348837209302296,1.919183845299897
LABUSDT,SHORT,1784748600,1784769300,0.1518,0.1638285714285714,0.14879285714285714,TP2,0.2449520190023747,0.07923960097873142,1,0.07208872458410326,-1.7146594057199693
BILLUSDT,SHORT,1784750400,1784765700,0.02469,0.025192857142857142,0.024564285714285716,SL,-1.0196397727272728,0.02036683446160969,1,0.3726937269372714,-2.4686907838428267
BILLUSDT,SHORT,1784777400,1784782800,0.02467,0.02528,0.0245175,SL,-1.016177049180328,0.024726388325901943,1,0.07843137254902008,-1.89095703932303
LABUSDT,LONG,1784795400,1784799900,0.1598,0.15305714285714286,0.1614857142857143,TP2,0.2405203389830519,0.042195601644913254,1,0.25827814569536356,2.5317497574434737
BILLUSDT,LONG,1784799900,1784800800,0.02601,0.025437142857142856,0.026153214285714283,TP2,0.23183840399002342,0.022024496072938982,1,0.2539682539682528,2.4956215709268696
BILLUSDT,LONG,1784815200,1784816100,0.02654,0.025835714285714288,0.02671607142857143,TP2,0.23492657200811357,0.026536763914307225,1,0.3790613718411568,2.8697797417672213
LABUSDT,SHORT,1784818800,1784819700,0.1541,0.16044285714285714,0.1525142857142857,TP2,0.2402819819819798,0.04116065634560124,1,0.20645161290322617,-1.6657184576014856
BILLUSDT,LONG,1784831400,1784833200,0.02884,0.0274,0.0292,TP2,0.24198888888888828,0.04993065187239944,1,0.388586956521739,1.6987633051462765
ZECUSDT,SHORT,1784836800,1784855700,499.85,508.20428571428573,497.7614285714286,SL,-1.0239326265389876,0.016713585504222684,1,0.29095354523227346,-2.5833522133636704
LABUSDT,LONG,1784840400,1784844000,0.1572,0.15220000000000003,0.15845,SL,-1.012576,0.031806615776081355,1,0.18716577540106918,2.2135874273705225
LABUSDT,SHORT,1784873700,1784874600,0.1476,0.1514,0.14665,TP2,0.23446315789473865,0.025745257452574482,1,0.20245398773006038,-2.5070888595318372
LABUSDT,SHORT,1784889900,1784897100,0.1447,0.1483,0.14379999999999998,SL,-1.0160777777777779,0.024879060124395246,1,0.28947368421052855,-2.1377437139490025
BILLUSDT,SHORT,1784892600,1784893500,0.02868,0.030257142857142857,0.028285714285714286,TP2,0.24272608695652229,0.05499103407053202,1,0.36131934032983387,-3.444914404765753
NEARUSDT,SHORT,1784904300,1784906100,1.802,1.8327142857142857,1.7943214285714286,TP2,0.22653209302325586,0.017044553670524855,1,0.6690647482014397,-2.5599514267642784
LABUSDT,LONG,1784905200,1784907900,0.1518,0.14692857142857144,0.15301785714285712,TP2,0.23753548387096632,0.03209109730848858,1,0.27374301675977786,2.7974753697107597
LABUSDT,LONG,1784918700,1784933100,0.1628,0.1554142857142857,0.16464642857142858,TP2,0.24118297872340522,0.045366795366795415,1,0.5457627118644071,1.7539574123427553
BILLUSDT,SHORT,1784926800,1784927700,0.02897,0.02960428571428571,0.02881142857142857,TP2,0.23173063063063062,0.021894570738202064,1,0.38643067846607804,-2.048941428555762
BILLUSDT,SHORT,1784946600,1784950200,0.02711,0.02815142857142857,0.026849642857142857,TP2,0.23958737997256432,0.03841492332823942,1,0.4216867469879514,-3.5319774384563
LABUSDT,SHORT,1784955600,1784956500,0.1523,0.15874285714285713,0.1506892857142857,TP2,0.24054456762749662,0.042303723853297094,1,0.30434782608695643,-3.144706233386449
LABUSDT,SHORT,1784981700,1784985300,0.1457,0.1493142857142857,0.14479642857142858,SL,-1.0161249011857707,0.024806353564074873,1,0.5275590551181127,-2.836107408360492
BILLUSDT,SHORT,1784992500,1784993400,0.02705,0.027732857142857146,0.026879285714285717,TP2,0.23415481171547864,0.025244256667546885,1,0.32203389830508516,-1.9185022822349918
AVAXUSDT,LONG,1784996100,1784997900,6.631,6.504857142857143,6.662535714285714,TP2,0.2289730464326143,0.019023202705905125,1,0.6020583190394536,1.5563830758729156
LABUSDT,SHORT,1785015900,1785022200,0.1473,0.14972857142857143,0.14669285714285712,SL,-1.024261176470588,0.016487246629812945,1,0.3012048192771076,-3.008829923036736
LABUSDT,LONG,1785023100,1785024900,0.1538,0.1509142857142857,0.15452142857142856,TP2,0.22868118811880955,0.018762771688649527,1,0.3050847457627118,3.625505614094074
BILLUSDT,SHORT,1785033900,1785035700,0.02611,0.026584285714285717,0.02599142857142857,TP2,0.22797951807229103,0.01816490671335562,1,0.3562231759656654,-3.0503455828732653
LABUSDT,SHORT,1785045600,1785046500,0.1463,0.1496714285714286,0.14545714285714287,TP2,0.23264237288135595,0.02304462454838398,1,0.6911764705882361,-1.6996542330626996
BILLUSDT,SHORT,1785046500,1785047400,0.02539,0.025894285714285713,0.02526392857142857,TP2,0.22986062322946518,0.019861587801721703,1,0.5175097276264597,-1.4801536164290099
LABUSDT,LONG,1785057300,1785058200,0.1534,0.14975714285714287,0.1543107142857143,TP2,0.23315607843137445,0.02374743900167631,1,0.21428571428571463,3.1856747353285133
LABUSDT,LONG,1785073500,1785074400,0.1571,0.15275714285714284,0.15818571428571426,TP2,0.23553026315789155,0.027643902882604335,1,0.3839999999999987,1.9801437931416443
LABUSDT,LONG,1785086100,1785087900,0.1682,0.1615142857142857,0.16987142857142856,TP2,0.23993675213675214,0.03974859860710042,1,0.47500000000000014,2.2569365330361517
BILLUSDT,SHORT,1785093300,1785094200,0.02487,0.025371428571428573,0.024744642857142857,TP2,0.23016068376068208,0.020161985180079302,1,0.2547528517110271,-2.3210510907057325
AAVEUSDT,LONG,1785110400,1785111300,101.42,99.77,101.83250000000001,TP2,0.22541333333333774,0.016268980477223482,1,0.6892950391644888,1.7052393231914904
LABUSDT,SHORT,1785115800,1785116700,0.1523,0.15521428571428572,0.15157142857142855,TP2,0.22909607843137497,0.019135165556702027,1,0.46788990825687926,-2.3063520060897362
BILLUSDT,SHORT,1785133800,1785134700,0.02481,0.025419999999999998,0.0246575,TP2,0.23373114754098362,0.024586860137041516,1,0.18146718146718172,-2.562940689773286
LABUSDT,SHORT,1785133800,1785134700,0.148,0.15208571428571427,0.14697857142857143,TP2,0.2355104895104878,0.027606177606177593,1,0.15611814345991482,-3.297033730114792
BILLUSDT,SHORT,1785160800,1785163500,0.02402,0.02449142857142857,0.023902142857142858,TP2,0.22961939393939212,0.019626501724753186,1,0.17592592592592501,-3.2688466246448034
LABUSDT,SHORT,1785162600,1785163500,0.1444,0.14785714285714285,0.1435357142857143,TP2,0.23329256198346912,0.023941432528690198,1,0.17391304347826278,-2.432698834935586
ADAUSDT,SHORT,1785163500,1785168900,0.1583,0.1611142857142857,0.15759642857142858,TP2,0.2275005076142082,0.017778178864723347,1,0.46575342465753333,-3.541432155570053
ZECUSDT,SHORT,1785167100,1785192300,483.76,494.1928571428572,481.1517857142857,TP2,0.2314524442010106,0.0215661839400884,1,0.37338551859099717,-2.2269812806171005
HYPEUSDT,SHORT,1785168000,1785175200,57.445,58.47871428571428,57.186571428571426,TP2,0.22777142067440917,0.01799485221889258,1,0.5183321351545658,-1.7691924714289355
LABUSDT,SHORT,1785187800,1785194100,0.1312,0.13575714285714288,0.1300607142857143,TP2,0.2384840125391819,0.034734320557491295,1,0.6568627450980389,-3.6535962011269048
BILLUSDT,SHORT,1785192300,1785194100,0.02276,0.02322857142857143,0.02264285714285714,TP2,0.2305707317073171,0.020587496861662075,1,0.6266666666666668,-2.6362793008389342
NEARUSDT,SHORT,1785195900,1785201300,1.679,1.7082857142857144,1.6716785714285716,TP2,0.22706731707316694,0.017442355143367658,1,0.41605839416058576,-2.5535859556055076
BILLUSDT,LONG,1785233700,1785235500,0.02368,0.02321142857142857,0.023797142857142857,TP2,0.22978536585365852,0.01978764478764478,1,0.153061224489795,2.539036940417985
BILLUSDT,LONG,1785251700,1785252600,0.02423,0.023731428571428573,0.02435464285714286,TP2,0.23056045845272383,0.020576616944755658,1,0.23152709359605828,3.6224125128356817
AAVEUSDT,LONG,1785252600,1785254400,100.1,98.39999999999999,100.52499999999999,TP2,0.2264470588235273,0.016983016983016973,1,0.41046831955922614,2.3871750627170774
ZECUSDT,LONG,1785254400,1785259800,478.48,469.9642857142857,480.6089285714286,SL,-1.0224751551753062,0.017797429956767898,1,0.45783926218709003,2.7607217688214885
LABUSDT,SHORT,1785279600,1785280500,0.1391,0.1420857142857143,0.13835357142857144,TP2,0.23136459330143308,0.021464516791619596,1,0.28695652173913067,-3.478200236630941
BILLUSDT,LONG,1785289500,1785290400,0.02424,0.02375571428571429,0.02436107142857143,TP2,0.22997876106194862,0.01997878359264492,1,0.07446808510638338,2.303869569230337
LABUSDT,SHORT,1785309300,1785310200,0.135,0.13820000000000002,0.1342,TP2,0.23312499999999783,0.023703703703703706,1,0.49019607843137364,-1.9763985442853147
BILLUSDT,SHORT,1785310200,1785313800,0.02378,0.024292857142857144,0.023651785714285712,TP2,0.23145292479108806,0.021566742761023727,1,0.2162162162162168,-2.3574270824336065
LABUSDT,LONG,1785330000,1785336300,0.1409,0.13801428571428573,0.14162142857142856,SL,-1.0195306930693069,0.02048058400081108,1,0.3900709219858144,2.29800186796278
BILLUSDT,SHORT,1785339900,1785348000,0.02257,0.02296142857142857,0.022472142857142857,SL,-1.0230642335766424,0.01734286980188619,1,0.20261437908496813,-3.0617120911630824
LABUSDT,LONG,1785343500,1785345300,0.1439,0.14064285714285715,0.1447142857142857,TP2,0.23232807017543855,0.022634766206691113,1,0.3374233128834363,3.4183394608153614
HYPEUSDT,SHORT,1785353400,1785354300,53.84,54.76957142857143,53.60760714285715,TP2,0.22683233440909598,0.017265442581192947,1,0.23642732049036824,-3.158100645836692
AAVEUSDT,SHORT,1785355200,1785356100,97.0,98.60285714285715,96.59928571428571,TP2,0.22579322638146165,0.016524300441826192,1,0.1623036649214659,-2.5847048773053203
ZECUSDT,SHORT,1785355200,1785359700,459.02,466.7342857142857,457.09142857142854,TP2,0.2261989629629648,0.01680599040191215,1,0.11699075549888456,-2.13265616074305
ADAUSDT,SHORT,1785358800,1785376800,0.1608,0.16432857142857143,0.15991785714285714,SL,-1.0182283400809717,0.021943852167732765,1,0.14285714285714332,-1.9214726184124067
BILLUSDT,LONG,1785361500,1785370500,0.02345,0.022954285714285712,0.02357392857142857,TP2,0.2310778097982674,0.021139201949436498,1,0.3956043956043954,2.229545645733175
LABUSDT,LONG,1785362400,1785363300,0.1572,0.15144285714285716,0.15863928571428573,TP2,0.23907791563275674,0.0366230461650309,1,0.45907473309608543,2.664123266494628
LABUSDT,SHORT,1785398400,1785399300,0.1447,0.14882857142857142,0.14366785714285715,TP2,0.23598062283736687,0.028531937999802498,1,0.18888888888888833,-2.7929076301550295
BILLUSDT,LONG,1785410100,1785411000,0.02436,0.023875714285714285,0.02448107142857143,TP2,0.22987964601769917,0.019880365939479304,1,0.4787234042553209,2.5703512827104094
ADAUSDT,LONG,1785423600,1785424500,0.1723,0.16925714285714286,0.1730607142857143,TP2,0.2273502347417818,0.017660227178509277,1,0.6752136752136775,2.647396711611602
LABUSDT,SHORT,1785429000,1785437100,0.1451,0.14862857142857144,0.14421785714285715,SL,-1.0164485829959513,0.024318204194151843,1,0.2275862068965518,-2.92207355125071
BILLUSDT,LONG,1785430800,1785431700,0.02445,0.02396142857142857,0.024572142857142855,TP2,0.2299824561403473,0.019982471516213823,1,0.29411764705882293,3.2200485152027305
LABUSDT,LONG,1785458700,1785460500,0.1516,0.14915714285714288,0.1522107142857143,TP2,0.22517660818714016,0.016113833396155297,1,0.3692307692307696,2.723166044112754
BILLUSDT,SHORT,1785474000,1785474900,0.02379,0.024265714285714283,0.023671071428571427,TP2,0.22999639639639818,0.01999639704557733,1,0.11111111111111144,-1.8700498919420583
LABUSDT,SHORT,1785480300,1785483900,0.1465,0.14932857142857142,0.14579285714285714,TP2,0.2292828282828258,0.019307654802535334,1,0.3613445378151261,-1.4792706684198482
LABUSDT,SHORT,1785496500,1785497400,0.1442,0.14652857142857142,0.14361785714285713,TP2,0.22522944785276375,0.016148206855557765,1,0.24137931034483023,-2.882007217702052
BILLUSDT,LONG,1785504600,1785505500,0.02379,0.023375714285714284,0.023893571428571427,TP2,0.22703034482758622,0.017414279709361696,1,0.3251533742331292,1.5416683006271024
HYPEUSDT,SHORT,1785516300,1785517200,53.706,54.65085714285714,53.46978571428572,TP2,0.22726386452978337,0.017593139367242792,1,0.39910025706940944,-2.39656020108025
NEARUSDT,LONG,1785518100,1785535200,1.702,1.6669999999999998,1.71075,SL,-1.0194514285714285,0.020564042303172766,1,0.31645569620253167,2.573877363321725
BILLUSDT,LONG,1785519000,1785519900,0.02426,0.02381,0.024372500000000002,TP2,0.22843555555555936,0.018549051937345403,1,0.34951456310679657,2.7759816515062625
LABUSDT,LONG,1785545100,1785546000,0.151,0.14822857142857143,0.15169285714285713,TP2,0.22820618556700778,0.018353831598864685,1,0.44117647058823384,2.028533312554919
LABUSDT,LONG,1785555900,1785556800,0.1676,0.16095714285714285,0.1692607142857143,TP2,0.23990795698924836,0.03963518581657005,1,0.70731707317073,2.839041391360778
LABUSDT,SHORT,1785570300,1785579300,0.149,0.15601428571428572,0.14724642857142856,TP2,0.2415030549898177,0.04707574304889739,1,0.13131313131313083,-1.3844866169664225
BILLUSDT,LONG,1785598200,1785599100,0.02473,0.024305714285714285,0.024836071428571426,TP2,0.22668552188551983,0.0171567211599561,1,0.3832599118942741,3.366412833628828
LABUSDT,SHORT,1785600900,1785601800,0.1436,0.14665714285714287,0.1428357142857143,TP2,0.23121121495327107,0.02128929566255477,1,0.2480000000000013,-2.646657845287277
BILLUSDT,SHORT,1785607200,1785609900,0.02377,0.024315714285714284,0.023633571428571427,TP2,0.23257696335078692,0.022958110463369177,1,0.1024390243902443,-1.472200415894313
BILLUSDT,LONG,1785620700,1785623400,0.02454,0.02413,0.024642499999999998,TP2,0.22605853658536162,0.016707416462917672,1,0.21182266009852166,2.5199114730379537
ADAUSDT,LONG,1785644100,1785645000,0.1816,0.17831428571428573,0.1824214285714286,TP2,0.2278921739130477,0.018093140339836368,1,0.5937500000000007,1.7387555057557351
AVAXUSDT,LONG,1785648600,1785663900,6.617,6.510285714285714,6.6436785714285715,TP2,0.2251973226238287,0.016127291176407106,1,0.8591549295774642,2.756644688765186
BILLUSDT,LONG,1785662100,1785667500,0.02543,0.024854285714285714,0.025573928571428574,SL,-1.0176684863523573,0.02263917757429361,1,0.3382352941176477,2.8513888105843863
BILLUSDT,SHORT,1785673800,1785707100,0.02401,0.024688571428571428,0.023840357142857142,TP2,0.23584673684210652,0.028262033676444323,1,0.23602484472049667,-2.760088741266836
ADAUSDT,LONG,1785676500,1785677400,0.1908,0.18764285714285714,0.1915892857142857,TP2,0.22582624434389134,0.016546870320455192,1,0.3617021276595711,2.3015960467057446
LABUSDT,LONG,1785695400,1785697200,0.1415,0.13877142857142855,0.14218214285714284,TP2,0.22925654450261526,0.0192831903079253,1,0.3525179856115128,1.9931592299688925
LABUSDT,SHORT,1785729600,1785730500,0.1351,0.13752857142857144,0.13449285714285714,TP2,0.22774823529411778,0.017976102358041767,1,0.32584269662921433,-2.8372941487356154
LABUSDT,SHORT,1785743100,1785744000,0.1337,0.1359142857142857,0.13314642857142858,TP2,0.2258477419354869,0.01656159846137403,1,0.3928571428571431,-1.786940401427996
BILLUSDT,SHORT,1785745800,1785746700,0.02267,0.02311857142857143,0.022557857142857143,TP2,0.22978471337579232,0.01978700611254648,1,0.6601307189542516,-1.8388706899145644
ADAUSDT,LONG,1785764700,1785765600,0.1913,0.18812857142857142,0.19209285714285715,TP2,0.22587207207207433,0.016578298857441626,1,0.5873015873015878,2.1945242845418567
ZECUSDT,LONG,1785767400,1785784500,494.15,485.9542857142857,496.19892857142855,SL,-1.024117483005055,0.016585478671889683,1,0.48284561049445124,2.2855640199945744
LABUSDT,LONG,1785780000,1785787200,0.1402,0.13759999999999997,0.14085,TP2,0.22843076923077196,0.018544935805991494,1,0.6288659793814508,2.2208213395211516
LABUSDT,LONG,1785793500,1785796200,0.1434,0.14097142857142858,0.14400714285714286,SL,-1.0236188235294117,0.0169356445507073,1,0.41538461538461496,2.8756746549093166
ADAUSDT,LONG,1785816900,1785817800,0.1977,0.19424285714285713,0.1985642857142857,TP2,0.22712561983470875,0.017486812630970447,1,0.23943661971830954,2.284914701025933
BILLUSDT,LONG,1785835800,1785836700,0.0237,0.02330857142857143,0.02379785714285714,TP2,0.22578102189781019,0.01651597347799877,1,0.42690058479532056,2.4146617084475372
BILLUSDT,LONG,1785846600,1785851100,0.02471,0.024185714285714286,0.024841071428571428,SL,-1.0188523160762943,0.021217552176678017,1,0.5094339622641518,2.2601366929054705
LABUSDT,LONG,1785872700,1785876300,0.1483,0.14495714285714284,0.14913571428571426,TP2,0.23225470085469668,0.02254118100375687,1,0.654676258992807,1.939405658089564
TAOUSDT,LONG,1785874500,1785875400,200.0,196.78571428571428,200.80357142857142,SL,-1.024888888888889,0.016071428571428552,1,0.5973154362416087,1.6611622771030163
BILLUSDT,SHORT,1785912300,1785914100,0.02329,0.023670000000000004,0.023195,SL,-1.0245157894736843,0.016316015457277816,1,0.18888888888888858,-2.1670700364565607
LABUSDT,LONG,1785924900,1785928500,0.1492,0.14637142857142857,0.14990714285714285,TP2,0.22890101010100763,0.01895825354270393,1,0.10400000000000025,2.6150699738384056
LABUSDT,LONG,1785941100,1785942000,0.1522,0.149,0.153,TP2,0.23097499999999782,0.02102496714848881,1,0.270440251572327,2.768391840118388
LABUSDT,SHORT,1785951900,1785952800,0.1462,0.1510857142857143,0.14497857142857143,TP2,0.23803040935672373,0.03341801837013879,1,0.07692307692307693,-2.2223250955584004
BILLUSDT,LONG,1785983400,1785986100,0.02457,0.024091428571428573,0.024689642857142858,TP2,0.2294638805970131,0.019477876620733737,1,0.25454545454545796,2.341564358683319
BILLUSDT,SHORT,1786023000,1786026600,0.02416,0.02461857142857143,0.024045357142857143,TP2,0.22892585669782123,0.01898060548722803,1,0.09821428571428485,-1.9547572076715882
ADAUSDT,LONG,1786027500,1786030200,0.202,0.1981857142857143,0.20295357142857146,TP2,0.22881647940075273,0.018882602545968883,1,0.6095238095238068,3.372122731918748
LABUSDT,SHORT,1786032900,1786035600,0.1283,0.13072857142857142,0.12769285714285714,TP2,0.22886823529412045,0.01892884979400956,1,0.17777777777777765,-2.4618825459331317
BILLUSDT,SHORT,1786033800,1786034700,0.02366,0.024092857142857145,0.023551785714285716,TP2,0.22813597359735577,0.01829489192126558,1,0.5287356321839121,-2.0701791309389765
LABUSDT,LONG,1786041000,1786041900,0.1311,0.12845714285714285,0.1317607142857143,TP2,0.23015783783784036,0.020159093385637906,1,0.05982905982906056,2.169387937278051
LABUSDT,LONG,1786062600,1786063500,0.1328,0.1305714285714286,0.13335714285714287,TP2,0.22616410256410865,0.016781411359724524,1,0.26086956521739313,2.9742484506432554
LABUSDT,SHORT,1786072500,1786081500,0.1288,0.1318857142857143,0.12802857142857144,TP2,0.23330370370369924,0.023957409050576795,1,0.12244897959183419,-1.8966462059131795
BILLUSDT,SHORT,1786081500,1786086000,0.02383,0.024307142857142857,0.023710714285714286,TP2,0.23002275449101794,0.020022780408848365,1,0.27804878048780496,-2.4170772871414803
LABUSDT,SHORT,1786110300,1786115700,0.1262,0.129,0.1255,TP2,0.23197142857143105,0.022187004754358152,1,0.2277227722772268,-2.4603861756002674
BILLUSDT,SHORT,1786123800,1786124700,0.02345,0.023889999999999998,0.02334,TP2,0.22868181818181618,0.018763326226012768,1,0.3999999999999987,-3.578418953459465
BILLUSDT,LONG,1786237200,1786238100,0.0257,0.025274285714285714,0.02580642857142857,TP2,0.22585234899328455,0.01656475819899946,1,0.6470588235294114,2.717944861770637
LABUSDT,SHORT,1786245300,1786259700,0.1261,0.12819999999999998,0.125575,TP2,0.22598095238095223,0.01665344964314026,1,0.1466666666666652,-2.3414523178948374
BILLUSDT,LONG,1786263300,1786266000,0.0262,0.0257,0.026325,SL,-1.02096,0.019083969465648835,1,0.5193133047210277,2.6111617732704393
BILLUSDT,SHORT,1786301100,1786302000,0.02469,0.025261428571428574,0.024547142857142858,TP2,0.2327169999999985,0.023144130070011034,1,0.4285714285714306,-2.713881832365862
BILLUSDT,LONG,1786338900,1786340700,0.02558,0.02511285714285714,0.025696785714285714,TP2,0.22809663608562875,0.018262035072042902,1,0.3694581280788175,2.4322286911788646
BILLUSDT,LONG,1786352400,1786355100,0.02613,0.02558142857142857,0.026267142857142857,TP2,0.2309468749999984,0.020993931441692634,1,0.33333333333333415,2.233395703525697
BILLUSDT,SHORT,1786373100,1786374900,0.02525,0.025734285714285716,0.025128928571428573,TP2,0.2291445427728614,0.0191796322489392,1,0.30578512396694135,-2.6997071617292416
LABUSDT,SHORT,1786375800,1786396500,0.1187,0.12104285714285715,0.11811428571428571,TP2,0.22973414634146339,0.019737633890961587,1,0.168831168831168,-2.6974611699133026
LABUSDT,LONG,1786405500,1786410900,0.1213,0.11924285714285715,0.12181428571428572,SL,-1.023586111111111,0.016959133199858704,1,0.2727272727272739,2.1709801403418005
BILLUSDT,LONG,1786420800,1786422600,0.02583,0.025325714285714285,0.02595607142857143,TP2,0.22951161473088166,0.019523256457054397,1,0.3680000000000015,2.90904207473269
LABUSDT,SHORT,1786432500,1786433400,0.1138,0.11665714285714285,0.11308571428571429,TP2,0.23406799999999878,0.025106703489831773,1,0.6037735849056616,-3.6616600945502276
BILLUSDT,SHORT,1786445100,1786446000,0.02512,0.02559,0.0250025,SL,-1.0213787234042553,0.018710191082802596,1,0.299065420560749,-2.8355581197897903
LABUSDT,LONG,1786446900,1786448700,0.1217,0.11822857142857143,0.12256785714285715,SL,-1.0140230452674897,0.02852447470360371,1,0.13592233009708718,2.886237466761373
LABUSDT,LONG,1786500000,1786511700,0.1185,0.11655714285714286,0.11898571428571428,TP2,0.22560294117647056,0.016395418927064483,1,0.5609756097560985,1.5234515496650174
BILLUSDT,SHORT,1786517100,1786524300,0.02357,0.024094285714285714,0.023438928571428572,TP2,0.23201743869209812,0.022243772349839402,1,0.6883116883116884,-2.968727667376177
LABUSDT,LONG,1786524300,1786525200,0.1209,0.11838571428571427,0.12152857142857143,TP2,0.2307659090909119,0.020796407893182125,1,0.22222222222222246,2.641461294703365
BILLUSDT,SHORT,1786536000,1786540500,0.02319,0.02356142857142857,0.023097142857142858,TP2,0.22502615384614916,0.01601675599088276,1,0.3292682926829284,-2.465868670985054
LABUSDT,SHORT,1786551300,1786552200,0.1145,0.1171857142857143,0.11382857142857143,TP2,0.23294680851063831,0.02345601996257021,1,0.47826086956521496,-2.468019280332794
LABUSDT,SHORT,1786635000,1786637700,0.109,0.11085714285714286,0.10853571428571429,TP2,0.2265230769230732,0.017038007863695952,1,0.6999999999999986,-2.773578452138605
BILLUSDT,SHORT,1786636800,1786637700,0.02279,0.02316714285714286,0.022695714285714288,TP2,0.22582878787878566,0.016548611546417666,1,0.3155080213903727,-2.4189971649709787
LABUSDT,SHORT,1786649400,1786650300,0.1075,0.10992857142857143,0.10689285714285714,TP2,0.2322941176470603,0.022591362126245886,1,0.4339622641509424,-2.2013218841195807
LABUSDT,SHORT,1786665600,1786666500,0.1024,0.10488571428571429,0.10177857142857143,TP2,0.23352183908046256,0.024274553571428607,1,0.4459459459459462,-3.2280502173716856
LABUSDT,SHORT,1786695300,1786696200,0.0848,0.08815714285714286,0.08396071428571429,TP2,0.2398961702127639,0.03958894878706203,1,0.37662337662337736,-3.5387494305721785
BILLUSDT,SHORT,1786721400,1786722300,0.02167,0.02203285714285714,0.021579285714285714,TP2,0.22611181102361957,0.016744676643153735,1,0.5802469135802468,-2.1410065712552284
LABUSDT,SHORT,1786731300,1786734000,0.0864,0.08971428571428572,0.08557142857142858,TP2,0.23957241379310346,0.03835978835978836,1,0.5220125786163515,-1.8077911273949319
LINKUSDT,LONG,1786761000,1786761900,9.552,9.396714285714285,9.590821428571429,TP2,0.22539503219871784,0.01625687963627667,1,0.8484848484848536,2.633379601822642
LABUSDT,LONG,1786809600,1786813200,0.0869,0.08542857142857144,0.08726785714285715,TP2,0.2263766990291262,0.016932434653953624,1,0.1388888888888893,2.1525728187340816
LABUSDT,SHORT,1786844700,1786845600,0.084,0.08561428571428573,0.08359642857142857,TP2,0.22918584070796677,0.019217687074829938,1,0.38028169014084373,-2.331977354569567
BILLUSDT,SHORT,1786847400,1786852800,0.02051,0.020841428571428573,0.02042714285714286,TP2,0.22524655172413274,0.016159364769798748,1,0.41258741258741255,-2.722186916891719
BILLUSDT,SHORT,1786864500,1786866300,0.02006,0.020407142857142856,0.01997321428571429,TP2,0.22688559670781638,0.01730522717561597,1,0.34328358208955356,-2.696098337158672
BILLUSDT,LONG,1786890600,1786898700,0.02091,0.02052714285714286,0.021005714285714287,SL,-1.0218462686567165,0.01830976292956208,1,0.3899999999999987,1.3726846779078
LABUSDT,SHORT,1786932900,1786933800,0.0797,0.08132857142857143,0.07929285714285714,TP2,0.2304245614035067,0.0204337694927407,1,0.2727272727272711,-2.4515854992258665
LABUSDT,SHORT,1786946400,1786955400,0.07893,0.08035428571428571,0.07857392857142857,TP2,0.22783309929789372,0.018044922263850464,1,0.2705167173252269,-2.623340330876201
LABUSDT,LONG,1786979700,1786980600,0.08076,0.07867714285714286,0.08128071428571429,TP2,0.23449053497942718,0.025790702610910602,1,0.19548872180451096,2.608264461958184
BILLUSDT,LONG,1786980600,1786981500,0.02037,0.01995285714285714,0.020474285714285712,TP2,0.23046712328766708,0.020478294410547743,1,0.2081218274111686,2.1382371611342106
LABUSDT,SHORT,1787005800,1787006700,0.07958,0.08112,0.079195,SL,-1.02067012987013,0.01935159587836137,1,0.18490566037735873,-2.343430548359253
LABUSDT,LONG,1787014800,1787015700,0.08624,0.08363,0.0868925,TP2,0.23678314176245208,0.030264378478664138,1,0.3284433577832115,3.8427303913630153
LABUSDT,SHORT,1787021100,1787022000,0.07905,0.08302714285714285,0.07805571428571428,TP2,0.24204956896551638,0.05031173759826509,1,0.08222222222222278,-1.6386542490863896
BILLUSDT,SHORT,1787022900,1787023800,0.01968,0.020001428571428573,0.019599642857142857,TP2,0.22550933333333067,0.016332752613240433,1,0.42857142857142855,-1.9444142010180456
LABUSDT,LONG,1787101200,1787106600,0.08022,0.07885428571428572,0.08056142857142858,SL,-1.0234953974895398,0.017024610891476933,1,0.3436426116838496,3.127718849910497
BILLUSDT,SHORT,1787107500,1787109300,0.01897,0.019322857142857145,0.018881785714285716,TP2,0.22849554655870197,0.01860079825288049,1,0.2857142857142843,-2.9779318621982878
LABUSDT,SHORT,1787123700,1787124600,0.07668,0.078,0.07635,TP2,0.22676363636363375,0.01721439749608766,1,0.34883720930232676,-2.5395910379582647
LABUSDT,LONG,1787143500,1787144400,0.07916,0.07748285714285713,0.07957928571428571,TP2,0.23112027257240417,0.021186746553093272,1,0.37951807228915696,2.9502531808732986
ZECUSDT,LONG,1787151600,1787152500,540.35,531.5857142857143,542.5410714285714,TP2,0.22533854930724695,0.016219645996642378,1,0.8309859154929548,3.4759128599252276
ADAUSDT,LONG,1787153400,1787155200,0.1826,0.17962857142857144,0.18334285714285714,SL,-1.0245807692307694,0.016272883742763228,1,0.5714285714285696,3.9440143576549485
AVAXUSDT,LONG,1787153400,1787155200,6.675,6.564857142857142,6.702535714285714,SL,-1.0242412451361866,0.016500802568218335,1,0.6333938294010891,4.054016143474904
BILLUSDT,LONG,1787153400,1787167800,0.01979,0.019399999999999997,0.0198875,TP2,0.22970256410256415,0.01970692268822643,1,0.43502824858757033,3.2852126822505636
NEARUSDT,LONG,1787162400,1787173200,1.702,1.663142857142857,1.7117142857142857,TP2,0.23247941176470735,0.022830283699848936,1,0.45762711864406747,1.5276880764329566
HYPEUSDT,LONG,1787166900,1787167800,67.81,65.88342857142857,68.29164285714286,TP2,0.2359211033664541,0.028411317336254682,1,0.8078983204720847,3.4482034838103144
LABUSDT,LONG,1787168700,1787170500,0.08123,0.07992428571428571,0.08155642857142857,TP2,0.2251155361050355,0.016074286417755598,1,0.4760383386581505,2.520400094376052
LINKUSDT,LONG,1787172300,1787173200,10.404,10.236714285714285,10.445821428571428,TP2,0.22512280102475984,0.016078980611852575,1,0.5206786850477209,2.931489390117217
BILLUSDT,LONG,1787173200,1787174100,0.02034,0.020012857142857145,0.020421785714285715,TP2,0.22513013100436943,0.01608371962354261,1,0.5111111111111116,2.1240449449140892
ADAUSDT,LONG,1787174100,1787175000,0.1895,0.1864,0.190275,TP2,0.22554838709677422,0.016358839050131944,1,0.5945945945945966,3.5976710567739825
ETHUSDT,LONG,1787174100,1787175000,2260.96,2204.8885714285716,2274.977857142857,TP2,0.23387085859872203,0.024799832182536816,1,0.7232174847724824,3.3157649385398344
TAOUSDT,LONG,1787175900,1787177700,208.5,205.12857142857143,209.34285714285716,TP2,0.22526271186441102,0.016169921205892442,1,0.621951219512191,2.3403916901617006
XRPUSDT,LONG,1787176800,1787179500,1.1323,1.1136285714285716,1.1369678571428572,SL,-1.0242573833205815,0.016489824756185236,1,0.73413897280967,2.2685386971230743
LABUSDT,LONG,1787214600,1787218200,0.08257,0.08104714285714286,0.0829507142857143,TP2,0.2283118198874319,0.018443225661343602,1,0.40108401084010836,1.8304748856290913
HYPEUSDT,LONG,1787216400,1787217300,73.13,71.58457142857142,73.51635714285713,TP2,0.23107191717507397,0.021132620968529622,1,0.4470085470085478,2.1735997681855603
BILLUSDT,LONG,1787221800,1787222700,0.02011,0.019785714285714285,0.020191071428571426,TP2,0.22519471365638224,0.016125594942104103,1,0.24812030075188107,1.7478501506973774
SUIUSDT,LONG,1787221800,1787222700,0.7318,0.7197428571428571,0.7348142857142858,TP2,0.2257222748815188,0.016476008277046775,1,0.5268456375838945,1.7046139806125977
TAOUSDT,LONG,1787221800,1787228100,213.1,209.57142857142856,213.98214285714286,SL,-1.0241570850202428,0.016558289200241386,1,0.427027027027028,2.316941517882767
XLMUSDT,LONG,1787225400,1787226300,0.17948,0.17622142857142858,0.18029464285714286,TP2,0.22796825953529365,0.018155624184151037,1,0.7324324324324318,1.3677165768333297
XRPUSDT,LONG,1787225400,1787226300,1.1675,1.1475428571428572,1.1724892857142857,TP2,0.22659985683607733,0.017093912511471417,1,0.6110520722635492,1.274364203704848
ADAUSDT,LONG,1787235300,1787239800,0.1963,0.19194285714285714,0.1973892857142857,TP2,0.23197901639344104,0.022196346699657976,1,0.36559139784946393,2.437460758759433
BILLUSDT,SHORT,1787237100,1787238900,0.01929,0.019651428571428573,0.01919964285714286,SL,-1.0213486166007906,0.018736577056950313,1,0.5259259259259249,-1.7604672322834858
AVAXUSDT,LONG,1787238000,1787238900,6.973,6.848714285714285,7.004071428571429,TP2,0.227558160919542,0.017823851181086234,1,0.08870967741935379,1.7863914382641817
SUIUSDT,LONG,1787238900,1787239800,0.7376,0.7252000000000001,0.7407,TP2,0.22620645161290315,0.016811279826464163,1,0.09646302250803862,2.758515353041414
LABUSDT,LONG,1787239800,1787241600,0.08345,0.08200571428571428,0.08381107142857143,TP2,0.22688822947576898,0.017307198493537634,1,0.05345501955671529,1.9955077991710795
HYPEUSDT,LONG,1787240700,1787243400,73.312,71.89285714285714,73.66678571428571,TP2,0.2293362593114531,0.019357579347758305,1,0.15194444444444555,2.2186844353184227
ETHUSDT,LONG,1787241600,1787244300,2325.01,2286.3628571428576,2334.6717857142858,TP2,0.22593602188296746,0.016622355541327887,1,0.2105173683912298,2.5689567042986052
XRPUSDT,LONG,1787243400,1787244300,1.2679,1.2292857142857143,1.2775535714285715,TP2,0.23686600073992006,0.03045530855295032,1,0.4307608100711557,1.6622338780569366
ZECUSDT,LONG,1787244300,1787247000,593.67,580.4085714285713,596.9853571428571,SL,-1.017906668102984,0.022338047351943946,1,0.4257425742574234,3.563215869506909
BILLUSDT,LONG,1787245200,1787247900,0.0201,0.019735714285714284,0.02019107142857143,SL,-1.022070588235294,0.018123667377398747,1,0.31250000000000083,2.425338871901001
XLMUSDT,LONG,1787245200,1787246100,0.18504,0.18073571428571428,0.18611607142857145,TP2,0.2328041154995038,0.02326137977888954,1,0.25148179508890744,2.67714003318167
ADAUSDT,LONG,1787247900,1787249700,0.2024,0.19792857142857143,0.20351785714285714,SL,-1.01810607028754,0.02209203839638624,1,0.5092592592592595,2.178509715309142
ADAUSDT,LONG,1787273100,1787274000,0.2022,0.19888571428571428,0.20302857142857142,TP2,0.22559655172413795,0.01639112618341107,1,0.43195266272189503,2.645798179998365
XRPUSDT,LONG,1787275800,1787277600,1.2888,1.2678714285714285,1.2940321428571429,TP2,0.2253676450511971,0.01623880464662581,1,0.46968139773895046,2.5709915507156658
AAVEUSDT,LONG,1787280300,1787283000,100.48,98.81285714285715,100.89678571428571,TP2,0.22589168808911522,0.016591787989080963,1,0.39218523878437184,2.090207688316056
HYPEUSDT,SHORT,1787282100,1787283000,71.72,73.29171428571428,71.32707142857143,TP2,0.23174731866933282,0.02191458847900562,1,0.2646608873023984,-3.426403977942031
LABUSDT,SHORT,1787282100,1787285700,0.08314,0.08547857142857143,0.08255535714285715,TP2,0.23577935247403636,0.02812811436819129,1,0.23968253968254033,-2.0376362056140125
NEARUSDT,LONG,1787283900,1787284800,1.805,1.7711428571428571,1.8134642857142858,TP2,0.22867510548523534,0.018757419865453113,1,0.24615384615384658,2.788628347642141
ZECUSDT,LONG,1787287500,1787288400,585.39,574.2728571428571,588.1692857142857,TP2,0.22893739398612184,0.01899100233543939,1,0.4037055095075584,3.5229929437178225
LINKUSDT,LONG,1787297400,1787298300,11.609,11.395000000000001,11.6625,TP2,0.22830093457943917,0.018433973641140442,1,0.5596638655462182,4.096041738558022
BILLUSDT,LONG,1787298300,1787300100,0.0204,0.02004714285714286,0.020488214285714287,TP2,0.22687449392712547,0.017296918767506976,1,0.23684210526315905,2.264406081466122
NEARUSDT,LONG,1787298300,1787299200,1.876,1.8388571428571427,1.8852857142857142,TP2,0.22979692307692456,0.01979896436186413,1,0.5116279069767455,2.321765158632314
AAVEUSDT,LONG,1787299200,1787300100,105.8,104.08285714285714,106.22928571428571,TP2,0.22535440931780157,0.016230083715906018,1,0.5108910891089122,3.9013196518594557
ADAUSDT,LONG,1787300100,1787301900,0.2129,0.20837142857142857,0.21403214285714287,TP2,0.231194952681388,0.0212708850567,1,0.40909090909090806,2.714282272276353
LABUSDT,SHORT,1787300100,1787301000,0.08111,0.08323571428571429,0.08057857142857143,TP2,0.23473736559139785,0.02620779541011323,1,0.21169590643274722,-2.6702205095792557
SUIUSDT,LONG,1787301000,1787301900,0.7906,0.7748857142857143,0.7945285714285714,TP2,0.22987563636363453,0.01987640490043724,1,0.7679180887371945,1.8863510300791224
XRPUSDT,LONG,1787301000,1787301900,1.3529,1.3261142857142858,1.3595964285714286,TP2,0.22979669333333536,0.019798739216286682,1,0.3838383838383845,3.051804605755644
AVAXUSDT,LONG,1787302800,1787303700,7.684,7.557285714285714,7.715678571428572,SL,-1.0242561443066516,0.0164906670632855,1,0.6006240249609998,2.5928285574502703
SOLUSDT,LONG,1787302800,1787303700,93.27,91.6842857142857,93.66642857142857,SL,-1.0235275675675677,0.017001332536874483,1,0.5932678821879372,2.8891459895973957
ZECUSDT,LONG,1787305500,1787306400,648.91,623.4857142857143,655.2660714285714,TP2,0.23979070629881552,0.03917998753954432,1,0.4899806076276668,1.5735126472921166
DOTUSDT,LONG,1787307300,1787308200,0.8958,0.8761857142857143,0.9007035714285715,TP2,0.2317316824471973,0.021895831339903655,1,0.5184815184815181,1.7995056862760501
SEIUSDT,LONG,1787310000,1787316300,0.04622,0.045369999999999994,0.046432499999999995,TP2,0.22824941176470182,0.01839030722630897,1,0.4449999999999996,1.5688927190164306
AAVEUSDT,LONG,1787310900,1787314500,113.34,109.15,114.3875,SL,-1.010820047732697,0.03696841362272807,1,0.5974499089253188,1.5977901708053133
TAOUSDT,LONG,1787316300,1787319900,229.5,224.22857142857143,230.81785714285715,SL,-1.0174146341463415,0.022969187675070012,1,0.21014492753623212,2.4206437745304186
HYPEUSDT,LONG,1787318100,1787319000,76.569,74.68485714285714,77.04003571428572,TP2,0.23374454469633976,0.024607123733402004,1,0.21322853934878017,2.844287989913897
LABUSDT,LONG,1787320800,1787321700,0.08494,0.08286714285714286,0.08545821428571429,TP2,0.23360909717436418,0.02440378082007469,1,0.6224611708482661,2.600960684024199
SEIUSDT,LONG,1787320800,1787324400,0.04677,0.04593142857142857,0.04697964285714286,TP2,0.22769063032368178,0.01792968630685116,1,0.5238095238095241,1.8404516588694462
ADAUSDT,LONG,1787325300,1787328900,0.2196,0.21394285714285713,0.22101428571428572,TP2,0.23447272727272975,0.025761124121779895,1,0.2531120331950204,2.2897143004356804
NEARUSDT,LONG,1787325300,1787328900,1.925,1.8855714285714287,1.9348571428571428,SL,-1.0195289855072465,0.020482374768089055,1,0.1973684210526313,2.9728126131556953
SUIUSDT,LONG,1787325300,1787328000,0.8116,0.7937285714285714,0.8160678571428571,TP2,0.23183469224620307,0.022019995775540396,1,0.2000000000000005,2.34561156392115
ZECUSDT,LONG,1787329800,1787330700,674.71,655.7128571428572,679.4592857142858,TP2,0.23579344262295232,0.028156012000923176,1,0.47921225382932153,2.7323301045937916
LINKUSDT,LONG,1787334300,1787341500,11.63,11.433142857142858,11.679214285714286,TP2,0.22636865021770464,0.016926667485566926,1,0.3203883495145617,1.8970620848036266
ZECUSDT,LONG,1787340600,1787343300,684.37,662.4028571428571,689.8617857142857,TP2,0.23753829745724003,0.03209834279285014,1,0.4106187405679798,1.993656623443332
AAVEUSDT,LONG,1787346000,1787346900,116.51,114.0457142857143,117.12607142857144,TP2,0.23108823188405941,0.021150851551675516,1,0.5175504107542964,3.4508827360916317
NEARUSDT,LONG,1787346000,1787346900,1.92,1.888,1.928,TP2,0.22599999999999995,0.016666666666666632,1,0.2676056338028177,2.1536759545243607
LINKUSDT,LONG,1787346900,1787347800,11.907,11.708285714285715,11.956678571428572,TP2,0.22603191948239126,0.016688862493851157,1,0.5066666666666642,2.56977503901937
SUIUSDT,LONG,1787347800,1787348700,0.8271,0.8104714285714285,0.8312571428571428,TP2,0.23010412371134017,0.02010466863568058,1,0.2675635276532131,2.540343728235603
ADAUSDT,LONG,1787348700,1787349600,0.2239,0.21912857142857142,0.22509285714285712,TP2,0.23122994011975903,0.02131053403943086,1,0.22123893805309747,2.7862668149607526
AVAXUSDT,LONG,1787348700,1787350500,7.759,7.634714285714286,7.790071428571429,TP2,0.22502850574712818,0.01601826450389408,1,0.21709401709401674,2.202573019168983
ETHUSDT,LONG,1787349600,1787350500,2513.35,2471.0142857142855,2523.9339285714286,TP2,0.22625314661717827,0.016844336954946273,1,0.5797477307556317,2.8906881624838725
TAOUSDT,LONG,1787350500,1787352300,232.8,228.51428571428573,233.8714285714286,TP2,0.22827200000000336,0.01840942562592049,1,0.22222222222222163,2.0810366866490044
BILLUSDT,LONG,1787351400,1787352300,0.02187,0.02144714285714286,0.021975714285714286,TP2,0.22931216216216216,0.019335031680710695,1,0.5477386934673374,3.7970996735546314
XLMUSDT,LONG,1787351400,1787352300,0.1996,0.1962657142857143,0.20043357142857143,TP2,0.22605484147386662,0.01670483824792438,1,0.4367050272562083,2.3610746090981283
DOTUSDT,LONG,1787353200,1787354100,0.9443,0.9288714285714286,0.9481571428571429,TP2,0.22551814814815002,0.016338633303580947,1,0.4716981132075481,2.074166772162625
XRPUSDT,LONG,1787355000,1787357700,1.4671,1.4332142857142858,1.4755714285714285,SL,-1.0173182124789208,0.023097071968996113,1,0.5997248968363149,2.105531323515813
AAVEUSDT,LONG,1787356800,1787357700,122.77,119.04571428571428,123.70107142857142,TP2,0.23681411584196396,0.030335470508151156,1,0.8309148264984239,1.247853117090607
LABUSDT,LONG,1787360400,1787361300,0.08984,0.08779428571428571,0.09035142857142857,TP2,0.23243351955306926,0.02277063986770133,1,0.27153762268266074,2.180039305684827
NEARUSDT,LONG,1787360400,1787364000,1.99,1.948,2.0005,TP2,0.231047619047623,0.021105527638190975,1,0.5681818181818182,1.251757526272227
XLMUSDT,LONG,1787362200,1787363100,0.20611,0.2004242857142857,0.20753142857142856,TP2,0.2354997989949749,0.027585824490390033,1,0.5258215962441312,1.7197722134023554
ZECUSDT,LONG,1787362200,1787363100,747.49,723.1985714285714,753.5628571428572,TP2,0.23769129616560924,0.03249732915681623,1,0.3815396113602408,1.781884170018298
DOTUSDT,LONG,1787364900,1787365800,0.9823,0.9602999999999999,0.9878,TP2,0.2321400000000025,0.022396416573348284,1,0.6422613531047252,1.772153243218515
HYPEUSDT,LONG,1787364900,1787365800,78.866,77.248,79.2705,TP2,0.23050284301606921,0.020515811629853158,1,0.2792947226643817,3.229536643242792
ADAUSDT,LONG,1787365800,1787366700,0.2342,0.2282142857142857,0.23569642857142856,TP2,0.23434940334128762,0.025558131023545195,1,0.3586206896551722,1.8152500758813541
AVAXUSDT,LONG,1787366700,1787367600,8.006,7.866571428571429,8.040857142857144,TP2,0.2270319672131211,0.017415509796224228,1,0.5391705069124411,2.853241148986087
SEIUSDT,LONG,1787366700,1787367600,0.0491,0.04826571428571429,0.049308571428571424,TP2,0.22645890410958694,0.016991562409077676,1,0.33866666666666584,1.995920019080688
AAVEUSDT,LONG,1787367600,1787368500,125.94,122.50285714285714,126.79928571428572,TP2,0.23534364089775667,0.02729190771115499,1,0.4215003866976029,2.07581335908002
SOLUSDT,LONG,1787369400,1787370300,96.84,95.2657142857143,97.23357142857144,TP2,0.22539455535390646,0.0162565645837021,1,0.42078364565587684,2.6988577928386897
TAOUSDT,LONG,1787369400,1787373900,248.6,242.14285714285714,250.2142857142857,TP2,0.23459999999999778,0.02597402597402595,1,0.48837209302325507,2.5555523449037016
XRPUSDT,LONG,1787369400,1787373000,1.5731,1.5139,1.5878999999999999,TP2,0.239370945945945,0.03763269976479558,1,0.44270462633451985,2.2568775791905966
SUIUSDT,LONG,1787372100,1787373900,0.9322,0.9016428571428572,0.9398392857142858,TP2,0.23779728845254883,0.03277959971802498,1,0.6291600633914425,1.9910062213033242
BILLUSDT,LONG,1787373900,1787374800,0.02214,0.0217,0.02225,TP2,0.22987272727272529,0.019873532068653995,1,0.28286852589641365,2.41028720449028
LABUSDT,LONG,1787374800,1787375700,0.09294,0.09040142857142856,0.09357464285714286,SL,-1.0146444569499156,0.027314088966768086,1,0.5882352941176489,1.9153771266256643
AVAXUSDT,SHORT,1787375700,1787376600,7.654,8.007,7.56575,TP2,0.24132691218130187,0.04611967598641229,1,0.15912897822445557,-2.1671867102445037
BILLUSDT,SHORT,1787375700,1787376600,0.02021,0.021692857142857142,0.019839285714285712,TP2,0.24454836223506804,0.07337244645507884,1,0.34368070953436813,-3.4886246399682586
NEARUSDT,SHORT,1787375700,1787376600,1.89,2.017142857142857,1.8582142857142856,TP2,0.2440539325842701,0.0672713529856387,1,0.15811088295687925,-2.290357352978853
DOTUSDT,SHORT,1787394600,1787401800,0.9089,0.9301714285714285,0.9035821428571429,SL,-1.0170914707857623,0.023403486160665118,1,0.5209452201933393,-2.056136033268596
BILLUSDT,LONG,1787398200,1787399100,0.02111,0.020482857142857143,0.021266785714285714,TP2,0.23653576309794852,0.02970833051363611,1,0.27500000000000013,2.4921160994849934
AAVEUSDT,LONG,1787401800,1787411700,126.2,122.11571428571429,127.22107142857143,SL,-1.0123595662819167,0.032363595200362257,1,0.23767313019390657,2.1199906212517186
XLMUSDT,SHORT,1787411700,1787416200,0.19378,0.1982357142857143,0.19266607142857145,SL,-1.0173960884899007,0.022993674712118304,1,0.16641975308642065,-2.8454045230085065
ZECUSDT,LONG,1787416200,1787417100,812.07,791.2342857142858,817.2789285714287,TP2,0.23441003770997743,0.025657534800835297,1,0.25676352705410777,2.923132783090454
BILLUSDT,LONG,1787444100,1787445900,0.0212,0.02079285714285714,0.021301785714285714,TP2,0.2291719298245593,0.0192048517520216,1,0.3979591836734691,3.2252440012464945
HYPEUSDT,LONG,1787445000,1787445900,80.122,78.436,80.5435,TP2,0.2309912218268069,0.02104290956291654,1,0.12982552548426962,2.1169249218149835
AAVEUSDT,SHORT,1787451300,1787454000,123.43,126.18,122.7425,SL,-1.0179534545454545,0.022279834724135153,1,0.38678414096916275,-3.0767761700653313
ADAUSDT,SHORT,1787452200,1787455800,0.2224,0.22637142857142856,0.22140714285714286,TP2,0.2275999999999965,0.017857142857142853,1,0.1979166666666675,-2.35437839635495
LABUSDT,SHORT,1787454900,1787455800,0.07253,0.07418285714285715,0.07211678571428572,TP2,0.2324473638720788,0.02278859979121942,1,0.17444219066937147,-1.8983580175799923
NEARUSDT,SHORT,1787454900,1787455800,1.85,1.8934285714285715,1.8391428571428572,TP2,0.23296052631579073,0.023474903474903462,1,0.3641618497109827,-2.258798569852359
BILLUSDT,SHORT,1787456700,1787461200,0.0203,0.02085428571428571,0.02016142857142857,TP2,0.23535051546391905,0.027304714989444017,1,0.13793103448275884,-1.9953236233145306
DOTUSDT,SHORT,1787456700,1787458500,0.8881,0.9035571428571428,0.8842357142857142,TP2,0.22701774491682428,0.017404732414303386,1,0.50814332247557,-2.576407506702416
HYPEUSDT,SHORT,1787456700,1787461200,77.571,79.24671428571428,77.15207142857143,TP2,0.23148347826086743,0.021602329294636968,1,0.2375492654962346,-2.048012615719615
SOLUSDT,SHORT,1787460300,1787461200,92.98,94.90571428571428,92.49857142857144,TP2,0.23068664688427112,0.020711059213963025,1,0.10228640192539074,-1.6360870240024843
LINKUSDT,SHORT,1787462100,1787463000,11.186,11.369428571428571,11.140142857142857,TP2,0.22560685358255453,0.01639804858113459,1,0.6340852130325803,-2.500409264082879
BILLUSDT,LONG,1787470200,1787471100,0.02122,0.020732857142857143,0.021341785714285712,TP2,0.23257595307917708,0.02295677931870201,1,0.16216216216216234,2.512416822863295
HYPEUSDT,LONG,1787472900,1787482800,79.092,77.667,79.44825,TP2,0.22779873684210772,0.01801699286906384,1,0.16286191536748162,1.8205350478950644
ZECUSDT,LONG,1787472900,1787474700,810.56,788.3999999999999,816.0999999999999,TP2,0.23536895306858954,0.027339123568890705,1,0.2662084765177537,2.449584165292518
AAVEUSDT,LONG,1787479200,1787480100,125.26,122.82285714285715,125.86928571428572,TP2,0.22944150058616794,0.019456672977349987,1,0.27659574468085146,2.1647956709576754
NEARUSDT,LONG,1787480100,1787481000,1.928,1.8958571428571427,1.9360357142857143,TP2,0.22600711111111285,0.016671606401896865,1,0.5741935483870972,2.3167813874092222
XRPUSDT,LONG,1787481000,1787484600,1.4909,1.463185714285714,1.4978285714285713,TP2,0.22848185567010112,0.01858896352155459,1,0.2934027777777758,1.8055813810078516
AAVEUSDT,LONG,1787491800,1787492700,139.66,134.98142857142858,140.82964285714286,TP2,0.2380596030534366,0.033499723819070786,1,0.7522299306243805,2.705322485464036
SUIUSDT,LONG,1787491800,1787492700,0.8233,0.8085857142857144,0.8269785714285715,TP2,0.22761902912621362,0.017872325658065985,1,0.353896103896104,1.937385862069958
XRPUSDT,LONG,1787491800,1787492700,1.505,1.4787285714285714,1.511567857142857,TP2,0.22708537248504618,0.017456098718557165,1,0.23181377303588838,1.9042660947911
XLMUSDT,LONG,1787494500,1787496300,0.20151,0.19826,0.2023225,SL,-1.0248012307692307,0.016128231849536018,1,0.5890410958904084,2.1724124469875443
BILLUSDT,SHORT,1787496300,1787498100,0.02082,0.02137571428571429,0.02068107142857143,SL,-1.014986118251928,0.02669136818992732,1,0.6972111553784833,-1.954420832139774
LABUSDT,SHORT,1787496300,1787498100,0.07124,0.07255428571428571,0.07091142857142857,SL,-1.0216817391304347,0.01844870458009144,1,0.255045871559633,-3.1384092068782055
BILLUSDT,SHORT,1787530500,1787531400,0.02102,0.021374285714285714,0.020931428571428573,TP2,0.22626774193548135,0.016854696207693302,1,0.19727891156462596,-1.991141252776688
NEARUSDT,LONG,1787530500,1787532300,2.045,1.9944285714285714,2.057642857142857,TP2,0.23382485875706324,0.02472930492490394,1,0.3777777777777761,1.8356953850517552
XLMUSDT,SHORT,1787532300,1787533200,0.19539,0.19901285714285716,0.19448428571428572,TP2,0.2284269716088328,0.01854167123628201,1,0.19291587602782975,-2.547190932442766
XRPUSDT,SHORT,1787532300,1787535000,1.4859,1.5188714285714287,1.4776571428571428,TP2,0.23197348353553024,0.02218953400055761,1,0.09390444810543759,-2.2098222830598013
ADAUSDT,SHORT,1787535900,1787536800,0.2195,0.22392857142857142,0.21839285714285714,TP2,0.23017419354838864,0.020175724048161404,1,0.25619834710743816,-2.5127560105007247
SEIUSDT,SHORT,1787535900,1787536800,0.04675,0.04751857142857143,0.046557857142857144,TP2,0.2256691449814104,0.016440030557677624,1,0.29442970822281306,-2.379926214572426
BILLUSDT,SHORT,1787542200,1787543100,0.02069,0.02110142857142857,0.020587142857142856,TP2,0.22988472222222642,0.019885382862666553,1,0.3567251461988294,-1.8912858809244806
HYPEUSDT,SHORT,1787542200,1787552100,79.373,80.91100000000002,78.9885,TP2,0.22935682704811453,0.01937686618875445,1,0.371796270040353,-1.988863213278766
LABUSDT,LONG,1787546700,1787547600,0.07215,0.07046714285714285,0.0725707142857143,TP2,0.2328505942275043,0.023324423324423377,1,0.3044871794871775,3.3581953469911254
XRPUSDT,LONG,1787555700,1787559300,1.4971,1.4675142857142858,1.5044964285714286,SL,-1.0202408498309994,0.019762016088246827,1,0.09876543209876636,2.178895776788666
ZECUSDT,LONG,1787555700,1787557500,850.77,833.4085714285713,855.1103571428571,SL,-1.0196013823747223,0.02040672399288713,1,0.046350263669165136,2.0869125143495255
SUIUSDT,SHORT,1787557500,1787560200,0.8121,0.8309428571428572,0.8073892857142857,TP2,0.2327605761940894,0.023202631625239722,1,0.21141374837872823,-2.443165434596596
HYPEUSDT,SHORT,1787559300,1787560200,78.171,79.58614285714286,77.81721428571429,TP2,0.22790442156269428,0.01810316942527098,1,0.1630918656414409,-3.2202386311149063
NEARUSDT,SHORT,1787560200,1787574600,1.943,1.999142857142857,1.928964285714286,SL,-1.0138432569974556,0.028894934196014917,1,0.1226993865030679,-2.418650058222632
AAVEUSDT,SHORT,1787567400,1787569200,136.24,140.17714285714285,135.2557142857143,TP2,0.2361584905660359,0.028898582333696778,1,0.43121529919802853,-1.794451002027948
ADAUSDT,LONG,1787571900,1787574600,0.2243,0.22067142857142857,0.22520714285714286,SL,-1.0247259842519685,0.016177313546907844,1,0.23232323232323346,3.161760290452838
SUIUSDT,LONG,1787571900,1787573700,0.8358,0.8222142857142858,0.8391964285714285,SL,-1.0246082018927445,0.016254743103271414,1,0.1839220462850189,2.6296776510597417
XLMUSDT,LONG,1787571900,1787576400,0.19942,0.19601285714285713,0.2002717857142857,TP2,0.22658800838574228,0.01708526154419249,1,0.2084980237154142,2.7927170399705963
SOLUSDT,LONG,1787616900,1787618700,100.54,98.86285714285715,100.95928571428573,TP2,0.22602112436116265,0.016681349285288007,1,0.6808199121522718,2.960550557264139
ZECUSDT,LONG,1787618700,1787619600,841.71,826.7442857142858,845.4514285714287,TP2,0.2275029782359717,0.01778013126339749,1,0.547386759581881,2.3195661613883827
ADAUSDT,LONG,1787625000,1787630400,0.2288,0.22481428571428572,0.22979642857142857,SL,-1.0229620071684586,0.017420079920079944,1,0.43169398907103484,2.8018200666293036
NEARUSDT,LONG,1787625000,1787640300,2.002,1.9639999999999997,2.0115,SL,-1.0210736842105264,0.018981018981018952,1,0.30817610062893086,3.5811674894134757
SUIUSDT,LONG,1787625000,1787641200,0.8324,0.8152571428571429,0.8366857142857144,SL,-1.0194226666666666,0.020594494405162353,1,0.33967391304348166,3.088142160218072
AAVEUSDT,SHORT,1787629500,1787630400,127.61,131.24142857142857,126.70214285714286,TP2,0.23594382376081727,0.02845724137158973,1,0.17831978319783257,-3.0475175546221656
TAOUSDT,LONG,1787634900,1787635800,244.3,240.24285714285716,245.31428571428572,TP2,0.2259140845070405,0.016607215952283493,1,0.26066350710900515,2.354450514801068
NEARUSDT,SHORT,1787641200,1787644800,1.937,1.9701428571428572,1.9287142857142858,TP2,0.22662241379310183,0.01711040637215137,1,0.06787330316742121,-2.753109547192893
SUIUSDT,SHORT,1787644800,1787652000,0.8014,0.8147571428571428,0.7980607142857143,TP2,0.22600085561496908,0.016667260864914955,1,0.4220877458396362,-3.3392089624012975
TAOUSDT,SHORT,1787644800,1787652000,236.0,240.89999999999998,234.775,TP2,0.23073469387755097,0.020762711864406737,1,0.24107142857142877,-2.7447954792687947
ADAUSDT,SHORT,1787652000,1787660100,0.2184,0.22215714285714286,0.21746071428571428,TP2,0.2267482889733877,0.017203035060177875,1,0.4395604395604392,-1.956457210654278
LABUSDT,LONG,1787662800,1787663700,0.06987,0.06855857142857143,0.07019785714285715,TP2,0.22868888888888883,0.018769551616266904,1,0.21031746031745735,2.6017187614603094
ZECUSDT,SHORT,1787663700,1787664600,824.96,845.6671428571428,819.7832142857143,TP2,0.23406424284236213,0.02510078410728134,1,0.2726075504828805,-2.5352661819311133
HYPEUSDT,SHORT,1787664600,1787666400,78.908,80.196,78.586,SL,-1.0245055900621118,0.016322806306077974,1,0.4935483870967714,-1.9821303449447991
NEARUSDT,SHORT,1787664600,1787666400,1.888,1.9205714285714286,1.8798571428571427,TP2,0.22681403508772102,0.017251815980629553,1,0.2934131736526947,-2.7651175393684104
HYPEUSDT,LONG,1787673600,1787681700,81.556,79.9592857142857,81.95517857142858,TP2,0.2295690435716226,0.01957813386770186,1,0.22971071149335393,1.8562478737585892
ZECUSDT,SHORT,1787675400,1787679000,802.25,828.1314285714286,795.7796428571429,TP2,0.2376011480929492,0.03226105150692251,1,0.28636242327195177,-1.7058101807063413
AAVEUSDT,SHORT,1787678100,1787690700,127.17,129.62142857142857,126.55714285714286,TP2,0.2292496503496489,0.019276783607993796,1,0.09639727361246454,-2.608599284818677
ZECUSDT,SHORT,1787686200,1787687100,788.76,806.2171428571428,784.3957142857142,TP2,0.23192693944353845,0.022132388631704,1,0.37687342741494567,-1.8334631351484547
HYPEUSDT,SHORT,1787690700,1787691600,79.939,81.43742857142857,79.56439285714285,TP2,0.2286605777481171,0.018744649938435234,1,0.24793893129770878,-2.684061479707846
LABUSDT,SHORT,1787691600,1787692500,0.06678,0.06826571428571429,0.06640857142857143,TP2,0.2320207692307739,0.02224789286783894,1,0.09890109890109763,-2.7370979129303055
LABUSDT,LONG,1787706000,1787706900,0.06946,0.0677,0.06989999999999999,TP2,0.2342136363636344,0.025338324215375754,1,0.10028116213683239,2.1449922329219384
