symbol,entry_bar,exit_bar,entry_time,exit_time,direction,outcome,entry,tp1,tp2,sl,gross_r,net_r,cost_r,mtf_score,volume_ratio,rsi,eff_ratio,vol_atr_pct,vol_ratio_regime,adaptive_pack,adaptive_reason,risk_mult,quality_score,trend_score,volatility_score,entry_quality_score,portfolio_risk_score,session,trend_1h,trend_4h,entry_source,signals,score_tags,premium,sniper,knn_score,swing_trend,pullback_frac,run_len_before,impulse6_atr,retrace_bars_ratio,pullback_vol_ratio,post_sl_tp1,post_sl_max_r,mae_r,mfe_tp1,accel_ratio,buy_pressure,absorption,obv_agree,obv_strength,size_mult,signal_bar,zone_age_bars,bos_candles_ago,extension_atr,room_atr,tp1_beyond_level,entry_range_atr,run_bars
SOLUSDT,326,351,1771868700,1771892100,SHORT,TRAIL,78.26,77.575225,64.5645,80.9991,0.05966237916924505,0.05484095059781647,0.004821428571428584,14,1.78,29.55,0.5555555555555497,0.008487713252012433,1.52722253781398,base,adaptive disabled,1.25,84.5,90,100,70,80,OFF_HOURS,bearish,bearish,FVG,BOS bearish | Vol 1.8x | FVG | ChoCH | StrongTrend1h | Zone:FVG | MTF 14 | Risk x1.25,BOS+2 | BodyStrong+1 | 1h+2 | 4h+2 | Vol+1 | BTC+2 | FVG+1 | ChoCH+1 | Zone:FVG+1 | Sess:OFF_HOURS | Strong1h+1 | QualityRisk:1.15 | TrendPairRisk:1.25,0,0,-1.0,range,0.1971,5,3.6183,0.0526,1.871,-1,0.0,0.3724,1.548,2.442,-0.2459,1.56,1.0,-0.5043,0.421875,326,0,2,1.404,1.157,0,1.14,4
SUIUSDT,326,337,1771868700,1771879500,SHORT,TRAIL,0.874,0.8663525,0.72105,0.90459,0.10986041446412567,0.1012889858926971,0.00857142857142857,13,1.74,29.24,0.5652173913043493,0.010278571759638753,2.002494191711785,base,adaptive disabled,1.25,76.5,90,90,50,80,OFF_HOURS,bearish,bearish,FVG,BOS bearish | Vol 1.7x | FVG | ChoCH | StrongTrend1h | Zone:FVG | MTF 13 | Risk x1.25,BOS+2 | 1h+2 | 4h+2 | Vol+1 | BTC+2 | FVG+1 | ChoCH+1 | Zone:FVG+1 | Sess:OFF_HOURS | Strong1h+1 | QualityRisk:1.15 | TrendPairRisk:1.25,0,0,-1.0,range,0.1973,0,3.7793,0.0526,1.7636,-1,0.0,0.4054,1.2292,1.083,-0.2538,1.211,1.0,-0.463,0.75,326,0,2,1.151,1.534,0,1.435,4
ADAUSDT,327,337,1771869600,1771879500,SHORT,TRAIL,0.2633,0.26099612,0.2172225,0.2725155,0.14127145129835175,0.1332357370126375,0.008035714285714248,14,1.44,34.01,0.34999999999999815,0.011167856882319157,1.9938347161345689,base,adaptive disabled,1.15,76.5,90,90,50,80,OFF_HOURS,bearish,bearish,FVG,BOS bearish | Vol 1.4x | FVG | ChoCH | StrongTrend1h | Zone:FVG | MTF 14 | Risk x1.15,BOS+2 | 1h+2 | 4h+2 | Vol+1 | RSI+1 | BTC+2 | FVG+1 | ChoCH+1 | Zone:FVG+1 | Sess:OFF_HOURS | Strong1h+1 | TrendPairRisk:1.15,0,0,-1.0,range,0.2411,0,3.9583,0.0526,1.4001,-1,0.0,0.2387,1.2587,0.677,-0.2071,0.946,1.0,-0.5652,0.703125,327,1,3,0.954,3.005,0,1.526,5
BTCUSDT,327,334,1771869600,1771876800,SHORT,TRAIL,64659.1,64110.07227862,53678.54557247,66855.21088551,0.07182887773246255,0.06768851943020478,0.004140358302257782,16,2.32,34.98,0.39810068740811366,0.008553889630543474,2.1778467723220754,base,adaptive disabled,1.15,88.5,90,90,90,80,OFF_HOURS,bearish,bearish,FVG,BOS bearish | Vol 2.3x | FVG | ChoCH | StrongTrend1h | Zone:FVG | MTF 16 | Risk x1.15,BOS+2 | BodyStrong+1 | 1h+2 | 4h+2 | Vol+2 | RSI+1 | BTC+2 | FVG+1 | ChoCH+1 | Zone:FVG+1 | Sess:OFF_HOURS | Strong1h+1 | TrendPairRisk:1.15,0,0,-1.0,bear,0.2397,0,4.2126,0.0526,2.2514,-1,0.0,0.2198,1.1631,2.169,-0.1609,1.316,1.0,-0.4038,0.3515625,327,1,3,0.842,1.445,1,1.763,5
SOLUSDT,327,351,1771869600,1771892100,SHORT,TRAIL,78.26,77.575225,64.5645,80.9991,0.07599464444484978,0.06956607301627833,0.006428571428571445,15,1.52,37.65,0.33007334963324786,0.01015752922148752,1.8132318274735622,base,adaptive disabled,1.25,82.3,90,89,70,80,OFF_HOURS,bearish,bearish,FVG,BOS bearish | Vol 1.5x | FVG | ChoCH | StrongTrend1h | Zone:FVG | MTF 15 | Risk x1.25,BOS+2 | BodyStrong+1 | 1h+2 | 4h+2 | Vol+1 | RSI+1 | BTC+2 | FVG+1 | ChoCH+1 | Zone:FVG+1 | Sess:OFF_HOURS | Strong1h+1 | QualityRisk:1.15 | TrendPairRisk:1.25,0,0,-1.0,range,0.2739,0,4.0007,0.0526,1.5161,-1,0.0,0.3724,1.0076,1.324,-0.1715,0.891,1.0,-0.3698,0.5625,327,1,3,0.5,1.922,0,1.703,5
XRPUSDT,371,380,1771909200,1771918200,SHORT,TRAIL,1.3333,1.32395563,1.14641251,1.3706775,0.06822286134706392,0.057521503578352805,0.010701357768711103,16,1.43,35.39,0.4562211981566837,0.007879743896656998,1.360901591567944,base,adaptive disabled,1.15,84.5,90,100,70,80,OFF_HOURS,bearish,bearish,FVG,BOS bearish | Vol 1.4x | FVG | ChoCH | Engulfing | StrongTrend1h | Zone:FVG | MTF 16 | Risk x1.15,BOS+2 | BodyStrong+1 | 1h+2 | 4h+2 | Vol+1 | RSI+1 | BTC+2 | FVG+1 | ChoCH+1 | Engulfing+1 | Zone:FVG+1 | Sess:OFF_HOURS | Strong1h+1 | TrendPairRisk:1.15,0,0,-1.0,bear,0.3071,0,1.4928,0.1765,0.6352,-1,0.0,0.2274,1.1451,3.882,-0.0226,0.996,1.0,-0.0663,0.75,369,3,1,0.403,0.076,1,0.436,1
SUIUSDT,406,409,1771940700,1771944300,SHORT,TRAIL,0.8508,0.84679495,0.77069894,0.86682021,0.16385552998368885,0.13730157095318923,0.026553959030499633,15,7.98,34.62,0.3827160493827152,0.008199807340347214,1.5596033563162375,base,adaptive disabled,1.25,84.5,90,100,70,80,NEW_YORK,bearish,bearish,FVG,BOS bearish | Vol 8.0x | FVG | ChoCH | Session:NEW_YORK | StrongTrend1h | Zone:FVG | MTF 15 | Risk x1.25,BOS+2 | 1h+2 | 4h+2 | Vol+2 | RSI+1 | BTC+2 | FVG+1 | ChoCH+1 | Zone:FVG+1 | Sess:NEW_YORK | Strong1h+1 | QualityRisk:1.15 | TrendPairRisk:1.25,0,1,-1.0,bull,0.481,0,4.2422,0.0526,8.1914,-1,0.0,0.5992,1.9975,1.292,0.1228,3.653,-1.0,0.1199,1.25,406,0,3,1.104,0.022,1,2.186,4
BTCUSDT,409,412,1771943400,1771947000,SHORT,SL,63105.8,62916.4826,59319.452,63863.0696,-0.28125,-0.290625,0.009375000000000005,16,1.45,37.51,0.4162124550620472,0.003237223597354582,0.9407878988669619,base,adaptive disabled,1.25,84.5,90,100,70,80,NEW_YORK,bearish,bearish,FVG,BOS bearish | Vol 1.4x | FVG | ChoCH | Engulfing | Session:NEW_YORK | StrongTrend1h | Zone:FVG | MTF 16 | Risk x1.25,BOS+2 | BodyStrong+1 | 1h+2 | 4h+2 | Vol+1 | RSI+1 | BTC+2 | FVG+1 | ChoCH+1 | Engulfing+1 | Zone:FVG+1 | Sess:NEW_YORK | Strong1h+1 | QualityRisk:1.15 | TrendPairRisk:1.25,0,0,-1.0,range,0.7565,0,3.1693,0.25,4.1217,-1,0.0,1.1111,1.957,10.0,0.0442,1.34,-1.0,0.092,0.28125,405,2,2,0.665,1.056,0,1.056,0
BTCUSDT,409,412,1771943400,1771947000,SHORT,SL,63105.8,62916.4826,59319.452,63863.0696,-0.375,-0.38750000000000007,0.012500000000000008,16,10.45,38.23,0.3287171094045071,0.005807758922361476,1.687825739982653,base,adaptive disabled,1.15,84.3,90,99,70,80,NEW_YORK,bearish,bearish,FVG,BOS bearish | Vol 10.4x | FVG | ChoCH | Engulfing | Session:NEW_YORK | StrongTrend1h | Zone:FVG | MTF 16 | Risk x1.15,BOS+2 | 1h+2 | 4h+2 | Vol+2 | RSI+1 | BTC+2 | FVG+1 | ChoCH+1 | Engulfing+1 | Zone:FVG+1 | Sess:NEW_YORK | Strong1h+1 | TrendPairRisk:1.15,0,0,-1.0,range,0.7565,0,2.7515,0.25,4.1217,-1,0.0,1.1111,1.957,1.432,0.197,3.852,-1.0,0.3783,0.375,406,3,3,0.516,0.978,0,0.917,0
ETHUSDT,409,415,1771943400,1771949700,SHORT,SL,1827.15,1821.66855,1717.521,1849.0758,-1.0,-1.0333333333333334,0.03333333333333337,16,1.6,36.77,0.30900243309003167,0.007997037072931085,1.710335870284142,base,adaptive disabled,1.15,77.9,90,97,50,80,NEW_YORK,bearish,bearish,FVG,BOS bearish | Vol 1.6x | FVG | ChoCH | Engulfing | BearWick | Session:NEW_YORK | StrongTrend1h | Zone:FVG | MTF 16 | Risk x1.15,BOS+2 | 1h+2 | 4h+2 | Vol+1 | RSI+1 | BTC+2 | FVG+1 | ChoCH+1 | Engulfing+1 | BearWick+1 | Zone:FVG+1 | Sess:NEW_YORK | Strong1h+1 | TrendPairRisk:1.15,0,1,-1.0,bull,0.9197,5,3.567,0.25,4.6231,-1,0.0,1.5954,4.5882,0.677,0.212,1.875,1.0,-0.4987,1.0,407,18,1,0.288,0.08,1,1.441,4
SUIUSDT,409,412,1771943400,1771947000,SHORT,SL,0.8565,0.8539305,0.80511,0.866778,-0.75,-0.7749999999999999,0.02499999999999998,16,5.22,31.16,0.5542168674698841,0.0054456509221149614,1.0357628055072665,base,adaptive disabled,1.25,90.5,90,100,90,80,NEW_YORK,bearish,bearish,FVG,BOS bearish | Vol 5.2x | FVG | ChoCH | Engulfing | Session:NEW_YORK | StrongTrend1h | Zone:FVG | MTF 16 | Risk x1.25,BOS+2 | BodyStrong+1 | 1h+2 | 4h+2 | Vol+2 | BTC+2 | FVG+1 | ChoCH+1 | Engulfing+1 | Zone:FVG+1 | Sess:NEW_YORK | Strong1h+1 | QualityRisk:1.15 | TrendPairRisk:1.25,0,1,-1.0,bull,0.8061,0,3.644,0.25,3.1572,-1,0.0,1.1286,5.3318,3.407,-0.147,2.81,1.0,-0.1664,0.75,405,2,2,1.524,-1.0,0,1.143,1
ADAUSDT,410,412,1771944300,1771947000,SHORT,SL,0.2576,0.2568272,0.242144,0.2606912,-0.75,-0.7749999999999999,0.02499999999999987,16,2.37,37.3,0.5714285714285969,0.0028630098264935543,0.613399855564839,base,adaptive disabled,1.15,88.5,90,90,90,80,NEW_YORK,bearish,bearish,FVG,BOS bearish | Vol 2.4x | FVG | ChoCH | Session:NEW_YORK | StrongTrend1h | Zone:FVG | MTF 16 | Risk x1.15,BOS+2 | BodyStrong+1 | 1h+2 | 4h+2 | Vol+2 | RSI+1 | BTC+2 | FVG+1 | ChoCH+1 | Zone:FVG+1 | Sess:NEW_YORK | Strong1h+1 | TrendPairRisk:1.15,0,0,-1.0,range,0.9545,0,3.4241,0.0526,3.4727,-1,0.0,1.0028,1.6822,4.0,-0.2162,3.356,1.0,-0.2325,0.75,405,16,3,0.705,0.403,1,3.424,3
ADAUSDT,410,412,1771944300,1771947000,SHORT,SL,0.2576,0.2568272,0.242144,0.2606912,-0.75,-0.7749999999999999,0.02499999999999987,15,6.63,38.49,0.41666666666669366,0.005339561260813489,1.1440010005742738,base,adaptive disabled,1.25,84.5,90,100,70,80,NEW_YORK,bearish,bearish,FVG,BOS bearish | Vol 6.6x | FVG | ChoCH | Session:NEW_YORK | StrongTrend1h | Zone:FVG | MTF 15 | Risk x1.25,BOS+2 | 1h+2 | 4h+2 | Vol+2 | RSI+1 | BTC+2 | FVG+1 | ChoCH+1 | Zone:FVG+1 | Sess:NEW_YORK | Strong1h+1 | QualityRisk:1.15 | TrendPairRisk:1.25,0,0,-1.0,range,0.9545,0,3.0497,0.0526,3.4727,-1,0.0,1.0028,1.6822,1.0,-0.0349,2.736,-1.0,0.0402,0.75,406,17,4,0.538,0.448,1,3.05,3
LINKUSDT,410,415,1771944300,1771949700,SHORT,SL,8.165,8.140505,7.6751,8.26298,-1.5625,-1.6145833333333324,0.05208333333333253,15,6.36,37.23,0.3805309734513105,0.006488573391309871,1.4311688499224349,base,adaptive disabled,1.15,84.5,90,100,70,80,NEW_YORK,bearish,bearish,FVG,BOS bearish | Vol 6.4x | FVG | ChoCH | Session:NEW_YORK | StrongTrend1h | Zone:FVG | MTF 15 | Risk x1.15,BOS+2 | 1h+2 | 4h+2 | Vol+2 | RSI+1 | BTC+2 | FVG+1 | ChoCH+1 | Zone:FVG+1 | Sess:NEW_YORK | Strong1h+1 | TrendPairRisk:1.15,0,0,-1.0,range,0.7867,0,3.0168,0.0526,3.2026,-1,0.0,1.1125,0.8165,2.263,0.0718,2.611,-1.0,0.2444,1.5625,406,17,2,0.794,0.053,1,3.017,3
LINKUSDT,410,415,1771944300,1771949700,SHORT,SL,8.165,8.140505,7.6751,8.26298,-0.9375,-0.9687499999999994,0.031249999999999518,15,1.66,32.48,0.5846153846153713,0.0064158170425308,1.526964456141249,base,adaptive disabled,1.15,78.5,90,100,50,80,NEW_YORK,bearish,bearish,FVG,BOS bearish | Vol 1.7x | FVG | ChoCH | Engulfing | Session:NEW_YORK | StrongTrend1h | Zone:FVG | MTF 15 | Risk x1.15,BOS+2 | 1h+2 | 4h+2 | Vol+1 | RSI+1 | BTC+2 | FVG+1 | ChoCH+1 | Engulfing+1 | Zone:FVG+1 | Sess:NEW_YORK | Strong1h+1 | TrendPairRisk:1.15,0,0,-1.0,range,0.7867,0,3.0827,0.0526,3.2026,-1,0.0,1.1125,0.8165,0.0,0.0441,2.052,-1.0,0.1626,0.9375,408,19,4,1.514,-1.0,0,3.083,3
BTCUSDT,563,584,1772082000,1772101800,LONG,TRAIL,68388.8,68674.16650144,74096.13002889,67247.33399422,0.01864584108701064,0.013590670831583777,0.005055170255426866,16,1.51,59.58,0.7133316637448903,0.004959298468804119,1.0028775847360756,base,adaptive disabled,1.15,84.5,90,100,70,80,OFF_HOURS,bullish,bullish,FVG,BOS bullish | Vol 1.5x | FVG | ChoCH | Engulfing | Discount | StrongTrend1h | Zone:FVG | MTF 16 | Risk x1.15,BOS+2 | BodyStrong+1 | 1h+2 | 4h+2 | Vol+1 | RSI+1 | BTCok+1 | FVG+1 | ChoCH+1 | Engulfing+1 | Discount+1 | Zone:FVG+1 | Sess:OFF_HOURS | Strong1h+1 | QualityRisk:1.15,0,0,-1.0,range,0.3924,0,2.405,0.1111,1.1382,-1,0.0,0.5596,1.0485,5.053,0.0738,1.638,1.0,0.2448,0.2109375,562,1,2,1.036,4.183,0,0.544,3
XRPUSDT,564,567,1772082900,1772086500,LONG,TRAIL,1.4413,1.4498797,1.61289398,1.4069812,0.08283947110956975,0.07024025435373916,0.012599216755830592,21,2.09,50.83,0.25248508946322373,0.010023345680530924,1.5497554161056566,base,adaptive disabled,1.25,91.5,90,90,100,80,OFF_HOURS,bullish,bullish,OB,BOS bullish | Vol 2.1x | FVG | OB | LiqSweep | ChoCH | StrongTrend1h | Zone:OB | 💎PREMIUM | MTF 21 | Risk x1.25,BOS+2 | BodyStrong+1 | 1h+2 | 4h+2 | Vol+2 | RSI+1 | BTC+2 | FVG+1 | OB+1 | LiqSweep+1 | ChoCH+1 | Zone:OB+1 | Sess:OFF_HOURS | Strong1h+1 | 💎Premium+3 | QualityRisk:1.15 | RelStrengthRisk:1.25,1,1,-1.0,bear,0.5347,0,2.6713,0.1765,1.827,-1,0.0,0.035,1.5968,0.0,-0.1399,1.155,-1.0,-0.0612,0.75,564,5,3,0.25,1.747,0,1.812,0
BTCUSDT,586,602,1772102700,1772118000,LONG,SL,68216.7,68421.3501,69513.9,67398.0996,-0.375,-0.38750000000000007,0.012500000000000065,22,1.39,55.17,0.1231089123108894,0.004855141531394083,1.1930177254309862,base,adaptive disabled,1.15,82.3,90,74,80,80,LONDON,bullish,bullish,OB,BOS bullish | Vol 1.4x | FVG | OB | LiqSweep | MACD_Div | ChoCH | Engulfing | Session:LONDON | StrongTrend1h | Zone:OB | 💎PREMIUM | MTF 22 | Risk x1.15,BOS+2 | BodyStrong+1 | 1h+2 | 4h+2 | Vol+1 | RSI+1 | BTC+2 | FVG+1 | OB+1 | LiqSweep+1 | MACD_Div+1 | ChoCH+1 | Engulfing+1 | Zone:OB+1 | Sess:LONDON | Strong1h+1 | 💎Premium+3 | QualityRisk:1.15,1,1,-1.0,bear,0.5025,1,2.1282,0.1765,1.1069,-1,0.0,1.1956,1.0022,0.0,-0.1319,1.123,1.0,-0.1126,0.375,582,23,2,0.397,1.18,0,0.805,0
BTCUSDT,586,602,1772102700,1772118000,LONG,SL,68216.7,69513.9,70090.9,67398.0996,-0.375,-0.38750000000000007,0.012500000000000065,22,1.55,59.26,0.26201102651614555,0.003714247017636722,0.9126742238135008,base,adaptive disabled,1.15,85.7,90,91,80,80,LONDON,bullish,bullish,OB,BOS bullish | Vol 1.6x | FVG | OB | LiqSweep | MACD_Div | ChoCH | Engulfing | Session:LONDON | StrongTrend1h | Zone:OB | 💎PREMIUM | MTF 22 | Risk x1.15,BOS+2 | BodyStrong+1 | 1h+2 | 4h+2 | Vol+1 | RSI+1 | BTC+2 | FVG+1 | OB+1 | LiqSweep+1 | MACD_Div+1 | ChoCH+1 | Engulfing+1 | Zone:OB+1 | Sess:LONDON | Strong1h+1 | 💎Premium+3 | QualityRisk:1.15,1,1,-1.0,bear,0.5025,1,2.1302,0.1765,1.1069,-1,0.0,1.1956,0.1581,0.0,-0.0683,1.572,1.0,0.0001,0.375,583,24,3,1.067,0.511,1,0.806,0
ETHUSDT,657,679,1772166600,1772187300,LONG,SL,2051.49,2067.39707158,2369.63143152,1987.8617137,-0.73828125,-0.7478026543290209,0.00952140432902093,14,2.22,70.38,0.6368314648042673,0.008233498843566325,1.6127646183240592,base,adaptive disabled,1.0,74.0,60,100,70,80,OFF_HOURS,neutral,bullish,FVG,BOS bullish | Vol 2.2x | FVG | LiqSweep | ChoCH | Engulfing | Zone:FVG | MTF 14,BOS+2 | 1hN+1 | 4h+2 | Vol+2 | BTC+2 | FVG+1 | LiqSweep+1 | ChoCH+1 | Engulfing+1 | Zone:FVG+1 | Sess:OFF_HOURS,0,0,-1.0,range,0.183,4,4.0772,0.0526,2.137,-1,0.0,1.0714,0.3363,0.0,0.0434,2.09,1.0,0.3626,0.73828125,657,0,2,1.951,1.987,0,1.061,3
LINKUSDT,657,682,1772166600,1772190000,LONG,SL,9.235,9.3068352,10.6717041,8.94765918,-0.9228515625,-0.9347155700986246,0.01186400759862456,13,2.17,70.29,0.7118644067796559,0.008812877790757526,1.7439918810901769,base,adaptive disabled,1.0,80.0,60,100,90,80,OFF_HOURS,neutral,bullish,FVG,BOS bullish | Vol 2.2x | FVG | ChoCH | Zone:FVG | MTF 13,BOS+2 | BodyStrong+1 | 1hN+1 | 4h+2 | Vol+2 | BTC+2 | FVG+1 | ChoCH+1 | Zone:FVG+1 | Sess:OFF_HOURS,0,0,-1.0,range,0.1987,0,4.1142,0.0526,2.0959,-1,0.0,1.1102,0.1253,0.0,0.0397,1.818,1.0,0.2004,0.9228515625,657,0,2,1.986,1.642,0,1.196,3
ETHUSDT,658,679,1772167500,1772187300,LONG,SL,2041.74,2055.19665401,2310.8730801,1987.91338398,-0.73828125,-0.7494829823089001,0.011201732308900203,15,3.46,68.72,0.6698964249916494,0.00798882866336359,1.5648390137558041,base,adaptive disabled,1.0,80.0,60,100,90,80,OFF_HOURS,neutral,bullish,FVG,BOS bullish | Vol 3.5x | FVG | LiqSweep | ChoCH | Engulfing | Zone:FVG | MTF 15,BOS+2 | BodyStrong+1 | 1hN+1 | 4h+2 | Vol+2 | BTC+2 | FVG+1 | LiqSweep+1 | ChoCH+1 | Engulfing+1 | Zone:FVG+1 | Sess:OFF_HOURS,0,0,-1.0,range,0.3347,0,4.0963,0.1111,1.5996,-1,0.0,1.0853,0.5811,0.0,0.0841,2.266,1.0,0.3013,0.73828125,656,0,1,1.61,2.346,0,1.159,4
SUIUSDT,676,679,1772183700,1772187300,LONG,SL,0.9536,0.95844967,1.05059335,0.93420133,-1.0,-1.0196632037144815,0.01966320371448151,15,1.48,66.76,0.3680297397769504,0.005508878108233845,1.1373438130305742,base,adaptive disabled,1.15,84.5,90,100,70,80,LONDON,bullish,bullish,FVG,BOS bullish | Vol 1.5x | FVG | ChoCH | Session:LONDON | StrongTrend1h | Zone:FVG | MTF 15 | Risk x1.15,BOS+2 | BodyStrong+1 | 1h+2 | 4h+2 | Vol+1 | RSI+1 | BTC+2 | FVG+1 | ChoCH+1 | Zone:FVG+1 | Sess:LONDON | Strong1h+1 | QualityRisk:1.15,0,0,-1.0,range,0.32,0,2.9441,0.0526,0.8605,-1,0.0,1.0929,1.2784,2.415,0.055,1.871,1.0,0.2611,1.0,675,2,2,0.321,0.038,1,0.547,1
AVAXUSDT,755,761,1772254800,1772261100,SHORT,TRAIL,8.891,8.774,8.45,8.997692,1.750365538184674,1.712865538184674,0.03749999999999976,14,1.9,36.88,0.4375000000000058,0.0029301962334046514,0.8988629549193405,base,adaptive disabled,1.15,75.8,65,100,70,80,OFF_HOURS,bearish,neutral,FVG,BOS bearish | Vol 1.9x | FVG | ChoCH | StrongTrend1h | Zone:FVG | MTF 14 | Risk x1.15,BOS+2 | BodyStrong+1 | 1h+2 | 4hN+1 | Vol+1 | RSI+1 | BTC+2 | FVG+1 | ChoCH+1 | Zone:FVG+1 | Sess:OFF_HOURS | Strong1h+1 | QualityRisk:1.15,0,0,-1.0,range,0.4135,0,2.4294,0.1111,1.3451,-1,0.0,0.0656,2.8632,0.0,-0.114,2.188,1.0,-0.0897,1.125,752,1,2,0.87,3.372,1,0.471,0
AVAXUSDT,755,761,1772254800,1772261100,SHORT,TRAIL,8.891,8.774,8.45,8.997692,1.750365538184674,1.712865538184674,0.03749999999999976,15,2.17,38.42,0.40000000000000396,0.0033450439003607398,1.061334643254958,base,adaptive disabled,1.15,75.8,65,100,70,80,OFF_HOURS,bearish,neutral,FVG,BOS bearish | Vol 2.2x | FVG | ChoCH | Engulfing | StrongTrend1h | Zone:FVG | MTF 15 | Risk x1.15,BOS+2 | 1h+2 | 4hN+1 | Vol+2 | RSI+1 | BTC+2 | FVG+1 | ChoCH+1 | Engulfing+1 | Zone:FVG+1 | Sess:OFF_HOURS | Strong1h+1 | QualityRisk:1.15,0,0,-1.0,range,0.4135,0,2.3675,0.1111,1.3451,-1,0.0,0.0656,2.8632,0.837,-0.1525,1.5,1.0,-0.1254,1.125,754,3,4,0.707,3.428,1,0.459,0
LINKUSDT,956,987,1772435700,1772464500,SHORT,SL,8.641,8.5733461,7.287922,8.9116156,-1.40625,-1.424211131952482,0.017961131952481724,14,1.59,33.85,0.5674157303370787,0.006356063291804211,1.0828987047671026,base,adaptive disabled,1.15,75.8,65,100,70,80,LONDON,bearish,neutral,FVG,BOS bearish | Vol 1.6x | FVG | ChoCH | Session:LONDON | StrongTrend1h | Zone:FVG | MTF 14 | Risk x1.15,BOS+2 | BodyStrong+1 | 1h+2 | 4hN+1 | Vol+1 | RSI+1 | BTC+2 | FVG+1 | ChoCH+1 | Zone:FVG+1 | Sess:LONDON | Strong1h+1 | QualityRisk:1.15,0,0,-1.0,range,0.148,6,4.1655,0.0526,1.7455,-1,0.0,1.6001,0.9164,0.0,-0.0647,1.054,1.0,-0.2801,1.40625,956,33,3,2.239,1.336,0,1.51,5
BTCUSDT,984,986,1772460900,1772463600,SHORT,SL,65619.5,65278.4493455,58798.48691005,66983.70261799,-0.421875,-0.42999204249718803,0.00811704249718804,14,1.62,30.92,0.5145248645987145,0.006058842389963265,1.5149397518928096,base,adaptive disabled,1.0,75.8,65,100,70,80,NEW_YORK,bearish,neutral,FVG,BOS bearish | Vol 1.6x | FVG | ChoCH | BearWick | Session:NEW_YORK | StrongTrend1h | Zone:FVG | MTF 14,BOS+2 | BodyStrong+1 | 1h+2 | 4hN+1 | Vol+1 | BTC+2 | FVG+1 | ChoCH+1 | BearWick+1 | Zone:FVG+1 | Sess:NEW_YORK | Strong1h+1,0,0,-1.0,bear,0.2753,0,3.3586,0.0526,1.6402,-1,0.0,1.1549,0.8283,3.084,-0.3654,1.508,1.0,-0.4056,0.421875,983,0,4,1.906,1.153,1,1.302,8
ETHUSDT,985,986,1772461800,1772463600,SHORT,SL,1935.32,1924.46855141,1718.29102825,1978.72579435,-1.5,-1.5267520043669007,0.026752004366900874,15,1.33,36.32,0.3450750163078872,0.006868632063714284,1.2061734184614001,base,adaptive disabled,1.15,72.8,65,100,60,80,NEW_YORK,bearish,neutral,OB,BOS bearish | Vol 1.3x | FVG | OB | ChoCH | Engulfing | Session:NEW_YORK | StrongTrend1h | Zone:OB | MTF 15 | Risk x1.15,BOS+2 | 1h+2 | 4hN+1 | Vol+1 | RSI+1 | BTC+2 | FVG+1 | OB+1 | ChoCH+1 | Engulfing+1 | Zone:OB+1 | Sess:NEW_YORK | Strong1h+1 | QualityRisk:1.15,0,0,-1.0,bear,0.3536,1,2.1517,0.1111,1.3866,-1,0.0,1.1316,0.951,0.981,-0.2469,1.415,1.0,-0.0776,1.5,983,25,3,0.659,0.853,1,1.236,0
XRPUSDT,985,986,1772461800,1772463600,SHORT,SL,1.3488,1.3159,1.3138,1.36806981,-1.0,-1.02799820029362,0.02799820029362,15,1.82,38.97,0.4037735849056583,0.004466508576756951,0.9551349435306643,base,adaptive disabled,1.25,78.5,90,100,50,80,NEW_YORK,bearish,bearish,FVG,BOS bearish | Vol 1.8x | FVG | ChoCH | BearWick | Session:NEW_YORK | StrongTrend1h | Zone:FVG | MTF 15 | Risk x1.25,BOS+2 | 1h+2 | 4h+2 | Vol+1 | RSI+1 | BTC+2 | FVG+1 | ChoCH+1 | BearWick+1 | Zone:FVG+1 | Sess:NEW_YORK | Strong1h+1 | QualityRisk:1.15 | TrendPairRisk:1.25,0,0,-1.0,bear,0.6397,1,2.6955,0.0526,2.2522,-1,0.0,1.5101,0.3465,0.0,-0.1911,1.164,-1.0,-0.2084,1.0,981,3,1,0.526,0.75,1,1.292,0
SOLUSDT,1117,1125,1772580600,1772588700,LONG,TP1,86.87,87.6301125,102.07225,83.82955,0.0,-0.008437499999999981,0.008437499999999981,13,1.43,65.97,0.5775401069518753,0.00844313492445982,1.0698838135634048,base,adaptive disabled,1.25,68.0,60,100,50,80,DEAD_ZONE,neutral,bullish,FVG,BOS bullish | Vol 1.4x | FVG | ChoCH | Engulfing | Zone:FVG | MTF 13 | Risk x1.25,BOS+2 | 1hN+1 | 4h+2 | Vol+1 | RSI+1 | BTC+2 | FVG+1 | ChoCH+1 | Engulfing+1 | Zone:FVG+1 | Sess:DEAD_ZONE | QualityRisk:1.15 | RelStrengthRisk:1.25,0,1,-1.0,bear,0.1672,0,3.2185,0.1111,2.0193,-1,0.0,0.2105,1.5261,0.0,-0.0064,2.144,1.0,0.2398,0.73828125,1117,0,4,1.718,0.014,1,0.668,1
SOLUSDT,1118,1125,1772581500,1772588700,LONG,TP1,86.87,87.6301125,102.07225,83.82955,0.0,-0.011249999999999974,0.011249999999999974,15,2.1,67.49,0.7424657534246576,0.009953332798162625,1.2033435101793106,base,adaptive disabled,1.25,74.0,60,100,70,80,DEAD_ZONE,neutral,bullish,FVG,BOS bullish | Vol 2.1x | FVG | ChoCH | Engulfing | BullWick | Zone:FVG | MTF 15 | Risk x1.25,BOS+2 | 1hN+1 | 4h+2 | Vol+2 | RSI+1 | BTC+2 | FVG+1 | ChoCH+1 | Engulfing+1 | BullWick+1 | Zone:FVG+1 | Sess:DEAD_ZONE | QualityRisk:1.15 | RelStrengthRisk:1.25,0,1,-1.0,bear,0.1672,1,2.513,0.1765,2.1967,-1,0.0,0.2105,1.5261,0.0,0.0738,1.872,1.0,0.2631,0.984375,1118,1,5,2.013,0.122,1,1.121,0
ADAUSDT,1141,1145,1772602200,1772606700,SHORT,TRAIL,0.2616,0.25995419,0.22868376,0.26818325,0.1450815155787226,0.1339054247421297,0.011176090836592894,16,3.79,38.38,0.40206185567010283,0.010215996353509253,1.4087321292847401,base,adaptive disabled,1.15,90.5,90,100,90,80,OFF_HOURS,bearish,bearish,FVG,BOS bearish | Vol 3.8x | FVG | ChoCH | StrongTrend1h | Zone:FVG | MTF 16 | Risk x1.15,BOS+2 | BodyStrong+1 | 1h+2 | 4h+2 | Vol+2 | RSI+1 | BTC+2 | FVG+1 | ChoCH+1 | Zone:FVG+1 | Sess:OFF_HOURS | Strong1h+1 | TrendPairRisk:1.15,0,0,-1.0,range,0.4304,2,2.4481,0.0526,1.2346,-1,0.0,0.0911,1.7621,0.0,-0.1316,1.879,1.0,-0.2757,0.703125,1137,29,3,1.008,0.384,1,0.912,1
BTCUSDT,1152,1155,1772612100,1772615700,LONG,TRAIL,69311.0,69890.53638785,80901.72775707,66992.85444859,0.229154917732362,0.22537078371533947,0.0037841340170225264,15,2.06,69.11,0.5858966918166028,0.006984209760817521,1.5967243917122365,base,adaptive disabled,1.0,84.5,90,100,70,80,LONDON,bullish,bullish,FVG,BOS bullish | Vol 2.1x | FVG | ChoCH | Engulfing | Session:LONDON | StrongTrend1h | Zone:FVG | MTF 15,BOS+2 | 1h+2 | 4h+2 | Vol+2 | BTC+2 | FVG+1 | ChoCH+1 | Engulfing+1 | Zone:FVG+1 | Sess:LONDON | Strong1h+1,0,0,-1.0,range,0.1553,0,3.7235,0.0526,2.0038,-1,0.0,0.091,3.3839,0.0,0.1897,2.096,1.0,0.0697,0.31640625,1152,0,2,1.397,0.298,1,0.983,3
ETHUSDT,1152,1155,1772612100,1772615700,LONG,TRAIL,2002.5,2020.021875,2352.9375,1932.4125,1.219759510927391,1.202884510927391,0.01687499999999998,13,3.89,68.25,0.5274107393871214,0.008049346305164327,1.5414930934944484,base,adaptive disabled,1.0,74.0,60,100,70,80,LONDON,neutral,bullish,FVG,BOS bullish | Vol 3.9x | FVG | ChoCH | Engulfing | Session:LONDON | Zone:FVG | MTF 13,BOS+2 | 1hN+1 | 4h+2 | Vol+2 | BTC+2 | FVG+1 | ChoCH+1 | Engulfing+1 | Zone:FVG+1 | Sess:LONDON,0,0,-1.0,range,0.229,4,3.7772,0.0526,3.7976,-1,0.0,0.0525,4.1149,0.0,0.1019,2.73,1.0,0.2438,1.4765625,1152,0,2,1.866,0.33,1,1.425,3
SUIUSDT,1152,1153,1772612100,1772613900,LONG,TP1,0.913,0.919959,1.05217999,0.885164,0.0,-0.026239402212961557,0.026239402212961557,15,2.38,62.19,0.3690140845070448,0.007582953533419839,1.214220434674251,base,adaptive disabled,1.15,74.0,60,100,70,80,LONDON,neutral,bullish,FVG,BOS bullish | Vol 2.4x | FVG | LiqSweep | ChoCH | Engulfing | Session:LONDON | Zone:FVG | MTF 15 | Risk x1.15,BOS+2 | 1hN+1 | 4h+2 | Vol+2 | RSI+1 | BTC+2 | FVG+1 | LiqSweep+1 | ChoCH+1 | Engulfing+1 | Zone:FVG+1 | Sess:LONDON | QualityRisk:1.15,0,1,-1.0,bear,0.2544,4,3.1231,0.0526,2.3259,-1,0.0,0.0251,1.2789,0.0,0.0622,2.1,1.0,0.0481,2.0,1152,0,3,1.492,0.264,1,1.134,3
AVAXUSDT,1160,1178,1772619300,1772636400,LONG,TRAIL,9.349,9.43080375,10.985075,9.021785,0.03867869749247575,0.03064298320676148,0.00803571428571427,15,1.86,71.16,0.6210526315789476,0.01148449662925864,2.265691454601478,base,adaptive disabled,1.0,76.5,90,90,50,80,LONDON,bullish,bullish,FVG,BOS bullish | Vol 1.9x | FVG | MACD_Div | ChoCH | BullWick | Session:LONDON | StrongTrend1h | Zone:FVG | MTF 15,BOS+2 | 1h+2 | 4h+2 | Vol+1 | BTC+2 | FVG+1 | MACD_Div+1 | ChoCH+1 | BullWick+1 | Zone:FVG+1 | Sess:LONDON | Strong1h+1,0,1,-1.0,bear,0.286,1,4.2277,0.1765,1.6097,-1,0.0,0.3453,2.1882,0.0,0.172,1.852,1.0,0.3029,0.703125,1156,0,1,2.696,0.654,1,0.925,0
ETHUSDT,1177,1178,1772634600,1772636400,LONG,TP1,2068.8,2080.35108887,2299.82177736,2022.59564453,0.0,-0.017909999860019652,0.017909999860019652,14,1.38,67.67,0.4623361377421258,0.0056489757986074194,1.0173092435764548,base,adaptive disabled,1.15,78.5,90,100,50,80,NEW_YORK,bullish,bullish,FVG,BOS bullish | Vol 1.4x | FVG | ChoCH | Session:NEW_YORK | StrongTrend1h | Zone:FVG | MTF 14 | Risk x1.15,BOS+2 | 1h+2 | 4h+2 | Vol+1 | RSI+1 | BTC+2 | FVG+1 | ChoCH+1 | Zone:FVG+1 | Sess:NEW_YORK | Strong1h+1 | QualityRisk:1.15,0,0,-1.0,range,0.4145,8,2.3315,9.0,0.5088,-1,0.0,0.1006,3.5546,0.0,0.0584,1.334,1.0,0.2606,1.0,1177,0,1,0.759,0.997,0,1.032,7
AVAXUSDT,1178,1180,1772635500,1772638200,LONG,TRAIL,9.364,9.41040444,10.29208879,9.17838224,0.32324493087299205,0.2980210514338696,0.025223879439122462,15,5.2,58.78,0.36734693877551555,0.00949119066630036,1.8184346525750579,base,adaptive disabled,1.15,82.5,90,90,70,80,NEW_YORK,bullish,bullish,FVG,BOS bullish | Vol 5.2x | FVG | ChoCH | Session:NEW_YORK | StrongTrend1h | Zone:FVG | MTF 15 | Risk x1.15,BOS+2 | 1h+2 | 4h+2 | Vol+2 | RSI+1 | BTC+2 | FVG+1 | ChoCH+1 | Zone:FVG+1 | Sess:NEW_YORK | Strong1h+1 | QualityRisk:1.15,0,1,-1.0,bear,0.5616,0,3.7488,0.0526,6.0806,-1,0.0,0.1185,5.0642,0.0,-0.271,1.826,1.0,-0.2982,1.25,1178,1,2,0.035,1.145,0,2.846,0
SOLUSDT,1183,1197,1772640000,1772653500,LONG,TRAIL,91.77,92.5729875,107.82975,88.55805,0.13627089851959054,0.13024411280530485,0.00602678571428571,16,1.59,69.37,0.5322939866369684,0.014538427497926174,1.844242288194931,base,adaptive disabled,1.15,82.5,90,90,70,80,NEW_YORK,bullish,bullish,FVG,BOS bullish | Vol 1.6x | FVG | LiqSweep | ChoCH | Engulfing | Session:NEW_YORK | StrongTrend1h | Zone:FVG | MTF 16 | Risk x1.15,BOS+2 | BodyStrong+1 | 1h+2 | 4h+2 | Vol+1 | BTC+2 | FVG+1 | LiqSweep+1 | ChoCH+1 | Engulfing+1 | Zone:FVG+1 | Sess:NEW_YORK | Strong1h+1 | QualityRisk:1.15,0,0,-1.0,range,0.3044,1,4.2323,0.0526,2.0248,-1,0.0,0.3736,2.8394,0.0,-0.1117,1.433,1.0,0.1361,0.52734375,1182,0,2,2.133,0.17,1,1.407,0
BTCUSDT,1184,1187,1772640900,1772644500,LONG,TRAIL,72535.3,73155.83028501,84945.9057003,70053.17885994,0.05389941594717599,0.05143371601064829,0.002465699936527698,14,1.61,70.79,0.5127226934330951,0.010326222893786331,1.9958489092487763,base,adaptive disabled,1.0,82.5,90,90,70,80,NEW_YORK,bullish,bullish,FVG,BOS bullish | Vol 1.6x | FVG | ChoCH | Session:NEW_YORK | StrongTrend1h | Zone:FVG | MTF 14,BOS+2 | BodyStrong+1 | 1h+2 | 4h+2 | Vol+1 | BTC+2 | FVG+1 | ChoCH+1 | Zone:FVG+1 | Sess:NEW_YORK | Strong1h+1,0,0,-1.0,range,0.324,0,4.3471,0.0526,1.3156,-1,0.0,0.0142,1.822,0.0,-0.0979,1.505,-1.0,-0.0186,0.2109375,1182,0,6,2.042,-1.0,0,1.539,1
LINKUSDT,1184,1187,1772640900,1772644500,LONG,TRAIL,9.373,9.45501375,11.013275,9.044945,0.27659984614575084,0.26320698900289363,0.01339285714285718,17,3.26,67.37,0.4773519163763098,0.012682238729681208,2.0837371170190493,base,adaptive disabled,1.15,88.5,90,90,90,80,NEW_YORK,bullish,bullish,FVG,BOS bullish | Vol 3.3x | FVG | ChoCH | Engulfing | Session:NEW_YORK | StrongTrend1h | Zone:FVG | MTF 17 | Risk x1.15,BOS+2 | BodyStrong+1 | 1h+2 | 4h+2 | Vol+2 | RSI+1 | BTC+2 | FVG+1 | ChoCH+1 | Engulfing+1 | Zone:FVG+1 | Sess:NEW_YORK | Strong1h+1 | RelStrengthRisk:1.15,0,0,-1.0,range,0.3678,0,5.0154,0.0526,3.1785,-1,0.0,0.0427,1.8412,0.0,-0.1359,1.596,1.0,0.0139,1.171875,1184,2,4,2.126,2.091,0,2.044,1
SOLUSDT,1184,1197,1772640900,1772653500,LONG,TRAIL,91.77,92.5729875,107.82975,88.55805,0.18169453135945407,0.17365881707373979,0.008035714285714281,16,1.62,60.4,0.2741194486983158,0.01368283251795207,1.7357075485292677,base,adaptive disabled,1.25,82.9,90,92,70,80,NEW_YORK,bullish,bullish,FVG,BOS bullish | Vol 1.6x | FVG | ChoCH | Engulfing | Session:NEW_YORK | StrongTrend1h | Zone:FVG | MTF 16 | Risk x1.25,BOS+2 | BodyStrong+1 | 1h+2 | 4h+2 | Vol+1 | RSI+1 | BTC+2 | FVG+1 | ChoCH+1 | Engulfing+1 | Zone:FVG+1 | Sess:NEW_YORK | Strong1h+1 | QualityRisk:1.15 | RelStrengthRisk:1.25,0,0,-1.0,range,0.3044,0,3.9115,0.1111,1.8141,-1,0.0,0.3736,2.8394,0.0,-0.1323,0.991,1.0,0.1437,0.703125,1184,2,4,1.5,0.629,1,1.636,1
SOLUSDT,1185,1197,1772641800,1772653500,LONG,TRAIL,91.77,92.5729875,107.82975,88.55805,0.18169453135945407,0.17365881707373979,0.008035714285714281,16,1.4,60.06,0.24451410658307154,0.01348327015956651,1.6877881705641737,base,adaptive disabled,1.25,76.3,90,89,50,80,NEW_YORK,bullish,bullish,FVG,BOS bullish | Vol 1.4x | FVG | ChoCH | Engulfing | BullWick | Session:NEW_YORK | StrongTrend1h | Zone:FVG | MTF 16 | Risk x1.25,BOS+2 | 1h+2 | 4h+2 | Vol+1 | RSI+1 | BTC+2 | FVG+1 | ChoCH+1 | Engulfing+1 | BullWick+1 | Zone:FVG+1 | Sess:NEW_YORK | Strong1h+1 | QualityRisk:1.15 | RelStrengthRisk:1.25,0,0,-1.0,range,0.3044,0,3.2065,0.1765,1.6655,-1,0.0,0.3736,2.8394,0.0,-0.0908,1.446,1.0,0.0931,0.703125,1185,3,5,1.461,0.673,1,0.967,0
ETHUSDT,1197,1246,1772652600,1772697600,LONG,SL,2173.79,2192.8106625,2554.20325,2097.70735,-0.5625,-0.5689285714285715,0.006428571428571443,14,1.52,70.63,0.4029339853300729,0.010366116687803831,1.3906152241810232,base,adaptive disabled,1.0,78.5,90,100,50,80,DEAD_ZONE,bullish,bullish,FVG,BOS bullish | Vol 1.5x | FVG | ChoCH | Engulfing | StrongTrend1h | Zone:FVG | MTF 14,BOS+2 | 1h+2 | 4h+2 | Vol+1 | BTC+2 | FVG+1 | ChoCH+1 | Engulfing+1 | Zone:FVG+1 | Sess:DEAD_ZONE | Strong1h+1,0,0,-1.0,bull,0.2013,0,3.3735,0.0526,1.5014,-1,0.0,1.0437,0.6893,0.519,-0.1445,1.058,1.0,0.0733,0.5625,1197,0,1,0.334,-1.0,0,1.439,2
LINKUSDT,1197,1246,1772652600,1772697600,LONG,SL,9.524,9.607335,11.1907,9.19066,-0.9375,-0.9482142857142857,0.010714285714285723,14,1.55,66.75,0.19354838709677774,0.009508361451428046,1.3324478457971423,base,adaptive disabled,1.0,75.1,90,83,50,80,DEAD_ZONE,bullish,bullish,FVG,BOS bullish | Vol 1.6x | FVG | ChoCH | StrongTrend1h | Zone:FVG | MTF 14,BOS+2 | 1h+2 | 4h+2 | Vol+1 | RSI+1 | BTC+2 | FVG+1 | ChoCH+1 | Zone:FVG+1 | Sess:DEAD_ZONE | Strong1h+1,0,0,-1.0,range,0.2252,0,3.1381,0.0526,1.5063,-1,0.0,1.05,0.876,0.272,-0.117,1.126,-1.0,-0.0132,0.9375,1197,0,1,0.151,0.655,1,1.374,4
SUIUSDT,1199,1246,1772654400,1772697600,LONG,SL,0.9769,0.98544787,1.1478575,0.9427085,-0.421875,-0.42669642857142853,0.004821428571428566,15,1.83,69.66,0.43378995433789824,0.009259816915962045,1.0699605522926872,base,adaptive disabled,1.25,84.5,90,100,70,80,DEAD_ZONE,bullish,bullish,FVG,BOS bullish | Vol 1.8x | FVG | ChoCH | Engulfing | StrongTrend1h | Zone:FVG | MTF 15 | Risk x1.25,BOS+2 | BodyStrong+1 | 1h+2 | 4h+2 | Vol+1 | BTC+2 | FVG+1 | ChoCH+1 | Engulfing+1 | Zone:FVG+1 | Sess:DEAD_ZONE | Strong1h+1 | QualityRisk:1.15 | RelStrengthRisk:1.25,0,0,-1.0,range,0.2991,0,2.6333,0.1765,0.8578,-1,0.0,1.0441,0.7019,0.936,0.0067,1.822,-1.0,-0.0191,0.421875,1196,0,1,0.874,4.111,0,0.804,1
SUIUSDT,1199,1246,1772654400,1772697600,LONG,SL,0.9772,0.9857505,1.14821,0.942998,-0.703125,-0.7111607142857143,0.008035714285714297,16,1.39,65.97,0.32059447983014844,0.010897372534015647,1.2307695282999078,base,adaptive disabled,1.25,81.1,90,98,60,80,DEAD_ZONE,bullish,bullish,OB,BOS bullish | Vol 1.4x | FVG | OB | ChoCH | Engulfing | StrongTrend1h | Zone:OB | MTF 16 | Risk x1.25,BOS+2 | 1h+2 | 4h+2 | Vol+1 | RSI+1 | BTC+2 | FVG+1 | OB+1 | ChoCH+1 | Engulfing+1 | Zone:OB+1 | Sess:DEAD_ZONE | Strong1h+1 | QualityRisk:1.15 | RelStrengthRisk:1.25,0,0,-1.0,range,0.2935,0,2.5643,0.1765,0.8578,-1,0.0,1.0526,0.6666,0.729,-0.0396,1.036,-1.0,-0.0614,0.703125,1197,13,2,0.499,4.355,0,0.783,1
ETHUSDT,1236,1247,1772687700,1772698500,LONG,SL,2117.54,2163.52,2167.86,2092.12952,-0.75,-0.7749999999999999,0.024999999999999994,16,1.68,55.19,0.17649012120206187,0.006798087354388989,1.1292525966617637,base,adaptive disabled,1.15,74.7,90,81,50,80,OFF_HOURS,bullish,bullish,FVG,BOS bullish | Vol 1.7x | FVG | MACD_Div | ChoCH | BullWick | StrongTrend1h | Zone:FVG | MTF 16 | Risk x1.15,BOS+2 | 1h+2 | 4h+2 | Vol+1 | RSI+1 | BTC+2 | FVG+1 | MACD_Div+1 | ChoCH+1 | BullWick+1 | Zone:FVG+1 | Sess:OFF_HOURS | Strong1h+1 | QualityRisk:1.15,0,1,-1.0,bear,0.6916,0,2.8367,0.1111,1.0263,-1,0.0,1.0027,0.4015,0.0,0.0778,1.329,1.0,0.0042,0.75,1235,3,2,0.227,1.428,1,0.489,0
BTCUSDT,1259,1276,1772708400,1772724600,LONG,SL,73110.7,73546.73596239,81831.41924778,71366.55615044,-0.28125,-0.28596575423785997,0.004715754237859982,14,1.7,66.15,0.8549973496672298,0.006361212860592533,1.5570709180223863,base,adaptive disabled,1.0,78.5,90,100,50,80,LONDON,bullish,bullish,FVG,BOS bullish | Vol 1.7x | FVG | ChoCH | Session:LONDON | StrongTrend1h | Zone:FVG | MTF 14,BOS+2 | 1h+2 | 4h+2 | Vol+1 | RSI+1 | BTC+2 | FVG+1 | ChoCH+1 | Zone:FVG+1 | Sess:LONDON | Strong1h+1,0,1,-1.0,bear,0.2298,5,3.1902,0.0526,0.9325,-1,0.0,1.0874,0.7171,0.0,0.0875,1.613,1.0,0.2267,0.28125,1258,0,5,1.712,2.187,0,0.922,4
XRPUSDT,1259,1279,1772708400,1772727300,LONG,SL,1.4424,1.45294423,1.6532846,1.40022308,-0.5625,-0.5701947297242188,0.007694729724218846,17,1.63,70.81,0.9440203562341027,0.00813348136110124,1.6305911789021186,base,adaptive disabled,1.0,84.5,90,100,70,80,LONDON,bullish,bullish,FVG,BOS bullish | Vol 1.6x | FVG | ChoCH | Engulfing | Session:LONDON | StrongTrend1h | Zone:FVG | MTF 17,BOS+2 | BodyStrong+1 | 1h+2 | 4h+2 | Vol+1 | BTC+2 | FVG+1 | ChoCH+1 | Engulfing+1 | Zone:FVG+1 | Sess:LONDON | Strong1h+1 | NestedOB_1h+2,0,0,-1.0,range,0.2114,3,3.785,0.0526,1.5833,-1,0.0,1.1215,0.6354,0.0,0.1731,1.31,1.0,0.2582,0.5625,1259,0,2,2.434,3.424,0,1.244,2
ETHUSDT,1260,1276,1772709300,1772724600,LONG,SL,2142.29,2158.16233284,2459.73665682,2078.80066864,-1.125,-1.1401841337646748,0.015184133764674746,17,2.85,66.33,0.8683088583609639,0.007651842817951271,1.4547048989069993,base,adaptive disabled,1.0,90.5,90,100,90,80,LONDON,bullish,bullish,FVG,BOS bullish | Vol 2.9x | FVG | ChoCH | Engulfing | Session:LONDON | StrongTrend1h | Zone:FVG | MTF 17,BOS+2 | BodyStrong+1 | 1h+2 | 4h+2 | Vol+2 | RSI+1 | BTC+2 | FVG+1 | ChoCH+1 | Engulfing+1 | Zone:FVG+1 | Sess:LONDON | Strong1h+1,0,1,-1.0,bear,0.2968,0,3.3916,0.1111,1.2044,-1,0.0,1.1205,0.5406,0.0,0.1122,2.153,1.0,0.2293,1.125,1258,0,1,1.445,0.27,1,1.05,4
SOLUSDT,1260,1276,1772709300,1772724600,LONG,SL,92.03,92.7829808,107.08961597,89.01807681,-0.6328125,-0.6405467921052379,0.0077342921052379054,15,2.56,69.91,0.8333333333333358,0.008799075462933034,1.52888086675921,base,adaptive disabled,1.15,84.5,90,100,70,80,LONDON,bullish,bullish,FVG,BOS bullish | Vol 2.6x | FVG | ChoCH | Engulfing | Session:LONDON | StrongTrend1h | Zone:FVG | MTF 15 | Risk x1.15,BOS+2 | 1h+2 | 4h+2 | Vol+2 | BTC+2 | FVG+1 | ChoCH+1 | Engulfing+1 | Zone:FVG+1 | Sess:LONDON | Strong1h+1 | QualityRisk:1.15,0,0,-1.0,range,0.2652,0,3.2396,0.1111,1.1024,-1,0.0,1.0392,0.3984,0.0,0.0664,1.953,1.0,0.261,0.6328125,1258,0,5,1.761,1.396,0,0.98,4
SUIUSDT,1260,1265,1772709300,1772714700,LONG,TRAIL,0.9672,0.97531154,1.12943082,0.93475384,0.1603618116905067,0.15197792281120637,0.008383888879300354,16,1.41,70.96,0.8990536277602497,0.01054713465116156,1.815641288868067,base,adaptive disabled,1.25,82.5,90,90,70,80,LONDON,bullish,bullish,FVG,BOS bullish | Vol 1.4x | FVG | ChoCH | Session:LONDON | StrongTrend1h | Zone:FVG | MTF 16 | Risk x1.25,BOS+2 | BodyStrong+1 | 1h+2 | 4h+2 | Vol+1 | BTC+2 | FVG+1 | ChoCH+1 | Zone:FVG+1 | Sess:LONDON | Strong1h+1 | NestedOB_1h+2 | QualityRisk:1.15 | RelStrengthRisk:1.25,0,0,-1.0,range,0.2375,0,3.4904,0.1111,1.4877,-1,0.0,0.188,2.1821,0.0,0.0946,1.12,1.0,0.3686,0.703125,1259,0,2,2.063,3.273,0,0.884,5
SUIUSDT,1260,1265,1772709300,1772714700,LONG,TRAIL,0.9672,0.97529822,1.12916433,0.93480713,0.16865690659704033,0.15983934118835624,0.008817565408684096,16,1.52,67.2,0.7449664429530188,0.008354743806534724,1.43823117033863,base,adaptive disabled,1.25,78.5,90,100,50,80,OVERLAP,bullish,bullish,FVG,BOS bullish | Vol 1.5x | FVG | ChoCH | Session:OVERLAP | StrongTrend1h | Zone:FVG | MTF 16 | Risk x1.25,BOS+2 | 1h+2 | 4h+2 | Vol+1 | RSI+1 | BTC+2 | FVG+1 | ChoCH+1 | Zone:FVG+1 | Sess:OVERLAP | Strong1h+1 | NestedOB_1h+2 | QualityRisk:1.15 | RelStrengthRisk:1.25,0,0,-1.0,range,0.2375,0,3.5195,0.1111,1.4877,-1,0.0,0.1883,2.1857,10.0,0.0965,1.704,1.0,0.3509,0.73828125,1260,1,3,1.736,3.645,0,0.892,5
XRPUSDT,1260,1279,1772709300,1772727300,LONG,SL,1.4424,1.45294821,1.65336427,1.40020715,-0.984375,-0.9978356929847119,0.013460692984711881,18,1.51,66.67,0.7765957446808512,0.006369407787338526,1.2769316964978514,base,adaptive disabled,1.0,84.5,90,100,70,80,OVERLAP,bullish,bullish,FVG,BOS bullish | Vol 1.5x | FVG | ChoCH | Engulfing | Session:OVERLAP | StrongTrend1h | Zone:FVG | MTF 18,BOS+2 | BodyStrong+1 | 1h+2 | 4h+2 | Vol+1 | RSI+1 | BTC+2 | FVG+1 | ChoCH+1 | Engulfing+1 | Zone:FVG+1 | Sess:OVERLAP | Strong1h+1 | NestedOB_1h+2,0,0,-1.0,range,0.2123,0,3.7102,0.1111,1.6627,-1,0.0,1.121,0.3603,5.959,0.1954,1.47,1.0,0.2868,0.984375,1260,1,3,2.015,3.83,0,1.028,3
SUIUSDT,1261,1264,1772710200,1772713800,LONG,TRAIL,0.9626,0.96952974,1.10119473,0.93488105,0.2843206497121695,0.27260023822472146,0.01172041148744811,16,2.71,67.85,0.7333333333333333,0.009406187649275888,1.621968794093446,base,adaptive disabled,1.15,90.5,90,100,90,80,LONDON,bullish,bullish,FVG,BOS bullish | Vol 2.7x | FVG | ChoCH | Session:LONDON | StrongTrend1h | Zone:FVG | MTF 16 | Risk x1.15,BOS+2 | BodyStrong+1 | 1h+2 | 4h+2 | Vol+2 | RSI+1 | BTC+2 | FVG+1 | ChoCH+1 | Zone:FVG+1 | Sess:LONDON | Strong1h+1 | QualityRisk:1.15,0,0,-1.0,range,0.3724,1,3.4658,0.1765,1.2011,-1,0.0,0.0541,2.3522,0.0,0.1147,1.633,1.0,0.344,0.84375,1258,0,1,1.456,3.988,0,0.965,0
XRPUSDT,1261,1279,1772710200,1772727300,LONG,SL,1.4373,1.44653417,1.62198341,1.40036332,-0.6328125,-0.642662236427313,0.009849736427312919,15,2.21,68.14,0.867036011080334,0.0072757743800062336,1.5136820611944886,base,adaptive disabled,1.0,84.5,90,100,70,80,LONDON,bullish,bullish,FVG,BOS bullish | Vol 2.2x | FVG | ChoCH | Engulfing | Session:LONDON | StrongTrend1h | Zone:FVG | MTF 15,BOS+2 | 1h+2 | 4h+2 | Vol+2 | BTC+2 | FVG+1 | ChoCH+1 | Engulfing+1 | Zone:FVG+1 | Sess:LONDON | Strong1h+1,0,0,-1.0,range,0.3288,1,3.7892,0.1765,1.2955,-1,0.0,1.1425,0.8122,0.0,0.1847,1.528,1.0,0.1695,0.6328125,1258,0,1,1.867,4.103,0,0.94,0
LINKUSDT,1269,1279,1772717400,1772727300,LONG,SL,9.393,9.45444991,10.62199814,9.14720037,-0.9375,-0.9518302697404386,0.014330269740438557,14,1.7,56.06,0.1325301204819253,0.006926828308744782,1.3650273148146481,base,adaptive disabled,1.25,76.5,90,75,60,80,NEW_YORK,bullish,bullish,OB,BOS bullish | Vol 1.7x | FVG | OB | ChoCH | Session:NEW_YORK | StrongTrend1h | Zone:OB | MTF 14 | Risk x1.25,BOS+2 | 1h+2 | 4h+2 | Vol+1 | RSI+1 | BTCok+1 | FVG+1 | OB+1 | ChoCH+1 | Zone:OB+1 | Sess:NEW_YORK | Strong1h+1 | QualityRisk:1.15 | RelStrengthRisk:1.25,0,0,-1.0,bull,0.3156,0,2.2917,0.1765,1.665,-1,0.0,1.2978,0.4882,0.0,0.1062,1.183,-1.0,-0.0016,0.9375,1269,5,2,1.061,3.523,0,1.439,0
ETHUSDT,1418,1423,1772851500,1772856900,SHORT,TP1,1976.4,1970.4708,1857.816,2000.1168,0.0,-0.025000000000000085,0.025000000000000085,17,2.06,39.4,0.36636636636637004,0.0022514925799440575,0.6414327675491776,base,adaptive disabled,1.15,82.5,90,90,70,80,OFF_HOURS,bearish,bearish,FVG,BOS bearish | Vol 2.1x | FVG | ChoCH | Engulfing | Premium | StrongTrend1h | Zone:FVG | MTF 17 | Risk x1.15,BOS+2 | 1h+2 | 4h+2 | Vol+2 | RSI+1 | BTC+2 | FVG+1 | ChoCH+1 | Engulfing+1 | Premium+1 | Zone:FVG+1 | Sess:OFF_HOURS | Strong1h+1 | TrendPairRisk:1.15,0,0,-1.0,range,0.2751,3,1.8014,0.0526,2.0492,-1,0.0,0.7843,2.3797,0.0,-0.0805,2.446,1.0,-0.0902,0.75,1418,0,1,0.277,2.592,0,0.841,2
ETHUSDT,1465,1469,1772893800,1772898300,SHORT,TP1,1984.0,1978.048,1864.96,2007.808,0.0,-0.02500000000000001,0.02500000000000001,18,4.21,36.77,0.8240190249702707,0.0034760872322379555,1.4125547991225407,base,adaptive disabled,1.15,90.5,90,100,90,80,NEW_YORK,bearish,bearish,FVG,BOS bearish | Vol 4.2x | FVG | LiqSweep | MACD_Div | ChoCH | Session:NEW_YORK | StrongTrend1h | Zone:FVG | MTF 18 | Risk x1.15,BOS+2 | BodyStrong+1 | 1h+2 | 4h+2 | Vol+2 | RSI+1 | BTC+2 | FVG+1 | LiqSweep+1 | MACD_Div+1 | ChoCH+1 | Zone:FVG+1 | Sess:NEW_YORK | Strong1h+1 | TrendPairRisk:1.15,0,1,-1.0,bull,0.5967,0,2.5352,0.1111,2.7387,-1,0.0,0.252,1.581,0.0,-0.0545,1.984,1.0,-0.481,0.75,1464,5,2,1.267,2.039,0,0.593,1
XRPUSDT,1465,1468,1772893800,1772897400,SHORT,TRAIL,1.3643,1.3602071,1.282442,1.3806716,0.13176117535609935,0.11301117535609939,0.018749999999999958,17,4.4,33.57,0.7750000000000004,0.003749438390144294,1.9710509200093431,base,adaptive disabled,1.15,88.5,90,90,90,80,NEW_YORK,bearish,bearish,FVG,BOS bearish | Vol 4.4x | FVG | ChoCH | Engulfing | Session:NEW_YORK | StrongTrend1h | Zone:FVG | MTF 17 | Risk x1.15,BOS+2 | BodyStrong+1 | 1h+2 | 4h+2 | Vol+2 | RSI+1 | BTC+2 | FVG+1 | ChoCH+1 | Engulfing+1 | Zone:FVG+1 | Sess:NEW_YORK | Strong1h+1 | TrendPairRisk:1.15,0,1,-1.0,bull,0.5257,0,3.5734,0.1111,2.9571,-1,0.0,0.1161,1.5881,0.0,-0.1746,2.124,1.0,-0.4589,0.5625,1464,5,6,2.072,3.874,0,0.691,3
XRPUSDT,1472,1479,1772900100,1772907300,SHORT,TP1,1.357,1.35219776,1.26095528,1.37620894,0.0,-0.028257675853014343,0.028257675853014343,14,1.5,39.58,0.24663677130044637,0.0031226282804168825,1.694962630735225,base,adaptive disabled,1.15,76.3,90,89,50,80,NEW_YORK,bearish,bearish,FVG,BOS bearish | Vol 1.5x | FVG | ChoCH | Session:NEW_YORK | StrongTrend1h | Zone:FVG | MTF 14 | Risk x1.15,BOS+2 | 1h+2 | 4h+2 | Vol+1 | RSI+1 | BTC+2 | FVG+1 | ChoCH+1 | Zone:FVG+1 | Sess:NEW_YORK | Strong1h+1 | TrendPairRisk:1.15,0,0,-1.0,bear,0.1746,0,3.0757,0.1765,1.1259,-1,0.0,0.3644,1.3952,0.561,-0.1205,2.17,1.0,-0.407,1.0,1472,1,2,0.526,3.408,0,0.693,0
ETHUSDT,1488,1514,1772914500,1772938800,SHORT,TP1,1963.4,1955.75748142,1810.54962849,1993.9700743,0.0,-0.01926786288510919,0.01926786288510919,16,1.36,38.39,0.3975641583297059,0.005635067195459351,2.318865223964007,base,adaptive disabled,1.15,82.5,90,90,70,80,DEAD_ZONE,bearish,bearish,FVG,BOS bearish | Vol 1.4x | FVG | ChoCH | Engulfing | StrongTrend1h | Zone:FVG | MTF 16 | Risk x1.15,BOS+2 | BodyStrong+1 | 1h+2 | 4h+2 | Vol+1 | RSI+1 | BTC+2 | FVG+1 | ChoCH+1 | Engulfing+1 | Zone:FVG+1 | Sess:DEAD_ZONE | Strong1h+1 | TrendPairRisk:1.15,0,0,-1.0,bear,0.4322,0,3.7413,0.1111,3.321,-1,0.0,0.4282,3.8194,4.08,-0.028,0.893,1.0,-0.4841,0.75,1488,2,3,0.328,1.118,0,1.529,1
SUIUSDT,1489,1494,1772915400,1772920800,SHORT,TRAIL,0.898,0.89521641,0.84232811,0.90913438,0.10661645801562505,0.08242112787600345,0.024195330139621607,16,4.19,34.37,0.5506607929515435,0.006795786157707838,1.9850272149948525,base,adaptive disabled,1.25,88.5,90,90,90,80,DEAD_ZONE,bearish,bearish,FVG,BOS bearish | Vol 4.2x | FVG | ChoCH | StrongTrend1h | Zone:FVG | MTF 16 | Risk x1.25,BOS+2 | BodyStrong+1 | 1h+2 | 4h+2 | Vol+2 | RSI+1 | BTC+2 | FVG+1 | ChoCH+1 | Zone:FVG+1 | Sess:DEAD_ZONE | Strong1h+1 | QualityRisk:1.15 | TrendPairRisk:1.25,0,0,-1.0,range,0.5989,0,2.9992,0.1765,2.0221,-1,0.0,0.0988,1.5807,0.0,-0.0732,1.672,1.0,-0.4786,0.75,1487,2,2,1.539,0.026,1,0.756,0
BTCUSDT,1516,1523,1772939700,1772946900,SHORT,TRAIL,67000.0,66799.0,62980.0,67804.0,0.10179570895522388,0.09476445895522388,0.00703125,15,2.16,37.29,0.2902276464987467,0.00540300005109719,2.4725239750179573,base,adaptive disabled,1.15,81.3,90,84,70,80,OFF_HOURS,bearish,bearish,FVG,BOS bearish | Vol 2.2x | FVG | ChoCH | StrongTrend1h | Zone:FVG | MTF 15 | Risk x1.15,BOS+2 | 1h+2 | 4h+2 | Vol+2 | RSI+1 | BTC+2 | FVG+1 | ChoCH+1 | Zone:FVG+1 | Sess:OFF_HOURS | Strong1h+1 | TrendPairRisk:1.15,0,1,-1.0,bull,0.3016,0,3.2376,0.1111,5.0832,-1,0.0,0.0821,2.4348,10.0,-0.0695,2.146,1.0,-0.0893,0.2109375,1516,0,1,0.576,0.367,1,1.007,1
LINKUSDT,1516,1523,1772939700,1772946900,SHORT,TRAIL,8.607,8.57330089,7.93301781,8.74179644,0.2347289364615207,0.2212601900873584,0.013468746374162347,14,1.36,34.29,0.33678756476683747,0.006616007496949783,2.3018413283651995,base,adaptive disabled,1.15,76.5,90,90,50,80,OFF_HOURS,bearish,bearish,FVG,BOS bearish | Vol 1.4x | FVG | ChoCH | StrongTrend1h | Zone:FVG | MTF 14 | Risk x1.15,BOS+2 | 1h+2 | 4h+2 | Vol+1 | RSI+1 | BTC+2 | FVG+1 | ChoCH+1 | Zone:FVG+1 | Sess:OFF_HOURS | Strong1h+1 | TrendPairRisk:1.15,0,0,-1.0,range,0.2426,0,4.0885,0.1111,5.3012,-1,0.0,0.1261,2.5223,10.0,-0.0484,1.491,1.0,-0.2015,0.52734375,1516,0,3,1.415,1.573,0,0.912,1
SUIUSDT,1516,1523,1772939700,1772946900,SHORT,TRAIL,0.8812,0.87610872,0.7793744,0.90156512,0.11876924859760128,0.10903348470325645,0.009735763894344832,16,1.39,33.0,0.3882352941176534,0.008697694089777688,2.4323645130662093,base,adaptive disabled,1.25,82.5,90,90,70,80,OFF_HOURS,bearish,bearish,FVG,BOS bearish | Vol 1.4x | FVG | ChoCH | Engulfing | StrongTrend1h | Zone:FVG | MTF 16 | Risk x1.25,BOS+2 | BodyStrong+1 | 1h+2 | 4h+2 | Vol+1 | RSI+1 | BTC+2 | FVG+1 | ChoCH+1 | Engulfing+1 | Zone:FVG+1 | Sess:OFF_HOURS | Strong1h+1 | QualityRisk:1.15 | TrendPairRisk:1.25,0,0,-1.0,bear,0.3077,0,4.0575,0.1111,3.4199,-1,0.0,0.1178,1.6499,2.676,0.0403,1.658,1.0,-0.3522,0.5625,1516,0,1,1.128,3.649,0,0.84,1
XRPUSDT,1516,1522,1772939700,1772946000,SHORT,TRAIL,1.3472,1.34309212,1.26504233,1.36363153,0.10426141839446729,0.07966480444555317,0.024596613948914114,15,1.96,35.64,0.36363636363636,0.004844087088752996,2.188397077290365,base,adaptive disabled,1.15,76.5,90,90,50,80,OFF_HOURS,bearish,bearish,FVG,BOS bearish | Vol 2.0x | FVG | ChoCH | Engulfing | StrongTrend1h | Zone:FVG | MTF 15 | Risk x1.15,BOS+2 | 1h+2 | 4h+2 | Vol+1 | RSI+1 | BTC+2 | FVG+1 | ChoCH+1 | Engulfing+1 | Zone:FVG+1 | Sess:OFF_HOURS | Strong1h+1 | TrendPairRisk:1.15,0,0,-1.0,range,0.2317,2,3.4973,0.0526,1.96,-1,0.0,0.2008,1.6797,0.0,0.0524,1.978,1.0,-0.2286,0.75,1516,0,1,0.861,0.209,1,0.992,1
BTCUSDT,1517,1523,1772940600,1772946900,SHORT,TRAIL,67000.0,66799.0,62980.0,67804.0,0.1357276119402985,0.1263526119402985,0.009375,15,1.32,38.38,0.17950664136623495,0.004346041524646348,1.9888380093443754,base,adaptive disabled,1.15,72.7,90,71,50,80,OFF_HOURS,bearish,bearish,FVG,BOS bearish | Vol 1.3x | FVG | ChoCH | BearWick | StrongTrend1h | Zone:FVG | MTF 15 | Risk x1.15,BOS+2 | 1h+2 | 4h+2 | Vol+1 | RSI+1 | BTC+2 | FVG+1 | ChoCH+1 | BearWick+1 | Zone:FVG+1 | Sess:OFF_HOURS | Strong1h+1 | TrendPairRisk:1.15,0,0,-1.0,range,0.3016,0,3.3223,0.1765,3.8832,-1,0.0,0.0796,2.4348,2.435,-0.0886,2.006,1.0,-0.007,0.28125,1517,1,2,0.469,0.498,1,0.66,0
SUIUSDT,1571,1577,1772989200,1772995500,SHORT,TRAIL,0.8842,0.87782001,0.75660021,0.90971996,0.14890305470698326,0.13504409881520288,0.01385895589178039,15,1.33,37.36,0.5141700404858306,0.004958006599610854,0.9706914661098688,base,adaptive disabled,1.25,84.5,90,100,70,80,NEW_YORK,bearish,bearish,FVG,BOS bearish | Vol 1.3x | FVG | ChoCH | Session:NEW_YORK | StrongTrend1h | Zone:FVG | MTF 15 | Risk x1.25,BOS+2 | BodyStrong+1 | 1h+2 | 4h+2 | Vol+1 | RSI+1 | BTC+2 | FVG+1 | ChoCH+1 | Zone:FVG+1 | Sess:NEW_YORK | Strong1h+1 | QualityRisk:1.15 | TrendPairRisk:1.25,0,0,-1.0,bear,0.2947,2,1.7897,0.0526,0.7361,-1,0.0,0.0705,1.1912,2.228,-0.1384,1.183,1.0,-0.188,1.0,1570,4,5,0.941,1.236,0,0.683,1
AVAXUSDT,1593,1611,1773009000,1773026100,SHORT,SL,8.798,8.73582556,7.5545111,9.04669778,-1.640625,-1.6638406776791494,0.023215677679149317,14,3.04,35.87,0.5319148936170256,0.012485483402269529,3.263852249430107,base,adaptive disabled,1.0,70.0,60,80,70,80,DEAD_ZONE,neutral,bearish,FVG,BOS bearish | Vol 3.0x | FVG | LiqSweep | ChoCH | Zone:FVG | MTF 14,BOS+2 | 1hN+1 | 4h+2 | Vol+2 | RSI+1 | BTC+2 | FVG+1 | LiqSweep+1 | ChoCH+1 | Zone:FVG+1 | Sess:DEAD_ZONE,0,1,-1.0,bull,0.3994,3,4.8997,0.1111,13.9017,-1,0.0,1.0575,0.9007,0.0,0.0576,2.03,1.0,-0.3749,1.640625,1593,0,1,1.389,-1.0,0,1.499,2
ETHUSDT,1707,1725,1773111600,1773128700,LONG,TRAIL,2039.28,2055.31978812,2360.07576237,1975.12084753,0.16451764235719174,0.15379030302206229,0.010727339335129472,14,1.58,64.09,0.4679051252280597,0.008931467617104935,1.6777148974876321,base,adaptive disabled,1.0,69.8,65,100,50,80,OFF_HOURS,bullish,neutral,FVG,BOS bullish | Vol 1.6x | FVG | LiqSweep | ChoCH | StrongTrend1h | Zone:FVG | MTF 14,BOS+2 | 1h+2 | 4hN+1 | Vol+1 | RSI+1 | BTC+2 | FVG+1 | LiqSweep+1 | ChoCH+1 | Zone:FVG+1 | Sess:OFF_HOURS | Strong1h+1,0,0,-1.0,range,0.2247,0,3.9325,0.1111,3.8786,-1,0.0,0.2767,1.2494,0.0,0.1012,1.468,1.0,0.0743,0.84375,1707,0,1,1.52,0.977,1,1.079,4
BTCUSDT,1730,1733,1773132300,1773135900,LONG,TRAIL,70688.4,71103.81700981,78996.74019629,69026.73196074,0.03780362710341288,0.03511160306081764,0.0026920240425952406,14,1.35,70.04,0.5337574896534739,0.005197240520113722,1.3362101487062454,base,adaptive disabled,1.0,78.5,90,100,50,80,LONDON,bullish,bullish,FVG,BOS bullish | Vol 1.4x | FVG | ChoCH | BullWick | Session:LONDON | StrongTrend1h | Zone:FVG | MTF 14,BOS+2 | 1h+2 | 4h+2 | Vol+1 | BTC+2 | FVG+1 | ChoCH+1 | BullWick+1 | Zone:FVG+1 | Sess:LONDON | Strong1h+1,0,0,-1.0,range,0.2099,1,2.7405,0.0526,1.0262,-1,0.0,0.0729,1.3815,0.0,0.0667,1.63,1.0,0.2655,0.158203125,1729,0,2,1.5,10.295,0,0.771,0
ETHUSDT,1730,1733,1773132300,1773135900,LONG,TRAIL,2056.45,2067.63725174,2280.19503488,2011.70099302,0.1984401576546478,0.1846535947421851,0.01378656291246268,14,1.57,67.57,0.4789963349309274,0.005057363259398712,1.0384623531687822,base,adaptive disabled,1.15,78.5,90,100,50,80,LONDON,bullish,bullish,FVG,BOS bullish | Vol 1.6x | FVG | ChoCH | Session:LONDON | StrongTrend1h | Zone:FVG | MTF 14 | Risk x1.15,BOS+2 | 1h+2 | 4h+2 | Vol+1 | RSI+1 | BTC+2 | FVG+1 | ChoCH+1 | Zone:FVG+1 | Sess:LONDON | Strong1h+1 | QualityRisk:1.15,0,0,-1.0,range,0.2791,4,2.4997,0.0526,1.6773,-1,0.0,0.0527,1.6349,10.0,-0.0351,1.484,1.0,0.3249,0.75,1729,0,1,0.648,3.101,0,1.004,3
ETHUSDT,1730,1733,1773132300,1773135900,LONG,TRAIL,2056.45,2067.63798376,2280.20967524,2011.69806495,0.1984271739328984,0.18464151306011786,0.013785660872780537,14,1.68,70.27,0.6414846012108457,0.005616434281152383,1.1532601596660397,base,adaptive disabled,1.15,84.5,90,100,70,80,LONDON,bullish,bullish,FVG,BOS bullish | Vol 1.7x | FVG | ChoCH | Session:LONDON | StrongTrend1h | Zone:FVG | MTF 14 | Risk x1.15,BOS+2 | BodyStrong+1 | 1h+2 | 4h+2 | Vol+1 | BTC+2 | FVG+1 | ChoCH+1 | Zone:FVG+1 | Sess:LONDON | Strong1h+1 | QualityRisk:1.15,0,0,-1.0,range,0.2791,4,2.499,0.0526,1.6773,-1,0.0,0.0527,1.6348,3.211,0.0049,1.672,1.0,0.4427,0.75,1730,1,2,1.151,2.597,0,1.004,3
LINKUSDT,1730,1732,1773132300,1773135000,LONG,TP1,9.073,9.12398351,10.09267017,8.86906597,0.0,-0.018769167043871892,0.018769167043871892,16,3.95,71.19,0.6866359447004664,0.005674128420749033,1.1840454493010992,base,adaptive disabled,1.15,90.5,90,100,90,80,LONDON,bullish,bullish,FVG,BOS bullish | Vol 4.0x | FVG | ChoCH | Engulfing | Session:LONDON | StrongTrend1h | Zone:FVG | MTF 16 | Risk x1.15,BOS+2 | BodyStrong+1 | 1h+2 | 4h+2 | Vol+2 | BTC+2 | FVG+1 | ChoCH+1 | Engulfing+1 | Zone:FVG+1 | Sess:LONDON | Strong1h+1 | QualityRisk:1.15,0,0,-1.0,range,0.3577,1,3.4615,0.1765,1.996,-1,0.0,0.0294,1.3926,0.0,0.0567,2.059,1.0,0.2138,1.0546875,1728,0,3,2.09,2.808,0,1.132,0
SOLUSDT,1730,1732,1773132300,1773135000,LONG,TP1,86.74,87.2040973,96.02194596,84.88361081,0.0,-0.01051315107043905,0.01051315107043905,15,1.57,64.88,0.5597484276729602,0.006817230864009818,1.3381914311936653,base,adaptive disabled,1.15,78.5,90,100,50,80,LONDON,bullish,bullish,FVG,BOS bullish | Vol 1.6x | FVG | ChoCH | BullWick | Session:LONDON | StrongTrend1h | Zone:FVG | MTF 15 | Risk x1.15,BOS+2 | 1h+2 | 4h+2 | Vol+1 | RSI+1 | BTC+2 | FVG+1 | ChoCH+1 | BullWick+1 | Zone:FVG+1 | Sess:LONDON | Strong1h+1 | QualityRisk:1.15,0,0,-1.0,bull,0.3171,1,2.2568,0.1765,1.967,-1,0.0,0.1131,1.5083,5.563,-0.0158,1.195,1.0,0.2205,0.5625,1730,1,2,0.372,6.968,0,1.315,0
BTCUSDT,1731,1733,1773133200,1773135900,LONG,TRAIL,70688.4,71102.53277887,78971.05557745,69031.86888451,0.06785093611177853,0.06305027470213896,0.004800661409639558,16,1.61,63.66,0.33914604436466467,0.003807506047788017,0.9789095198933437,base,adaptive disabled,1.15,84.5,90,100,70,80,LONDON,bullish,bullish,FVG,BOS bullish | Vol 1.6x | FVG | ChoCH | Engulfing | Session:LONDON | StrongTrend1h | Zone:FVG | MTF 16 | Risk x1.15,BOS+2 | BodyStrong+1 | 1h+2 | 4h+2 | Vol+1 | RSI+1 | BTC+2 | FVG+1 | ChoCH+1 | Engulfing+1 | Zone:FVG+1 | Sess:LONDON | Strong1h+1 | QualityRisk:1.15,0,0,-1.0,range,0.2168,0,2.6437,0.1111,1.4075,-1,0.0,0.056,1.3858,0.736,0.1223,1.611,1.0,0.3854,0.28125,1731,2,4,0.997,10.995,0,0.999,1
AVAXUSDT,1736,1754,1773137700,1773154800,LONG,TP1,9.536,9.59930406,10.80208118,9.28278376,0.0,-0.00953256394613551,0.00953256394613551,15,2.07,71.16,0.6573426573426502,0.00669690376682186,1.3601993890018427,base,adaptive disabled,1.15,84.5,90,100,70,80,LONDON,bullish,bullish,FVG,BOS bullish | Vol 2.1x | FVG | ChoCH | Engulfing | Session:LONDON | StrongTrend1h | Zone:FVG | MTF 15 | Risk x1.15,BOS+2 | 1h+2 | 4h+2 | Vol+2 | BTC+2 | FVG+1 | ChoCH+1 | Engulfing+1 | Zone:FVG+1 | Sess:LONDON | Strong1h+1 | RelStrengthRisk:1.15,0,0,-1.0,range,0.2418,0,3.9164,0.1111,1.4155,-1,0.0,0.9202,2.0062,0.0,0.1957,1.566,1.0,0.4088,0.6328125,1735,1,2,2.056,4.457,0,1.017,1
BTCUSDT,1736,1754,1773137700,1773154800,LONG,TP1,70688.4,71054.29191137,78006.23822749,69224.8323545,0.0,-0.0034384516609365884,0.0034384516609365884,16,2.14,71.45,0.6905817618462584,0.005267094989179089,1.3541697274743238,base,adaptive disabled,1.0,90.5,90,100,90,80,LONDON,bullish,bullish,FVG,BOS bullish | Vol 2.1x | FVG | ChoCH | Engulfing | Session:LONDON | StrongTrend1h | Zone:FVG | MTF 16,BOS+2 | BodyStrong+1 | 1h+2 | 4h+2 | Vol+2 | BTC+2 | FVG+1 | ChoCH+1 | Engulfing+1 | Zone:FVG+1 | Sess:LONDON | Strong1h+1,0,0,-1.0,range,0.3726,0,2.1562,0.1765,0.7055,-1,0.0,0.9828,2.1946,7.266,0.1457,1.273,1.0,0.41,0.177978515625,1733,4,6,2.621,8.841,0,0.733,0
ETHUSDT,1737,1739,1773138600,1773141300,LONG,TP1,2056.45,2065.35076907,2234.46538138,2020.84692372,0.0,-0.017328137466215664,0.017328137466215664,15,1.99,67.32,0.5163372327551469,0.005678316463122004,1.1584226767832302,base,adaptive disabled,1.15,84.5,90,100,70,80,LONDON,bullish,bullish,FVG,BOS bullish | Vol 2.0x | FVG | ChoCH | Session:LONDON | StrongTrend1h | Zone:FVG | MTF 15 | Risk x1.15,BOS+2 | BodyStrong+1 | 1h+2 | 4h+2 | Vol+1 | RSI+1 | BTC+2 | FVG+1 | ChoCH+1 | Zone:FVG+1 | Sess:LONDON | Strong1h+1 | QualityRisk:1.15,0,0,-1.0,range,0.4641,0,2.016,0.3333,0.9909,-1,0.0,0.0688,1.2931,3.409,-0.0302,1.152,1.0,0.4796,0.75,1733,4,5,1.407,2.191,0,0.45,0
ADAUSDT,1756,1757,1773155700,1773157500,LONG,TP1,0.2698,0.27216075,0.317015,0.260357,0.0,-0.010044642857142879,0.010044642857142879,16,3.4,64.62,0.3270142180094811,0.017785529858372725,2.897929772410219,base,adaptive disabled,1.15,82.3,90,89,70,80,NEW_YORK,bullish,bullish,FVG,BOS bullish | Vol 3.4x | FVG | LiqSweep | ChoCH | Session:NEW_YORK | StrongTrend1h | Zone:FVG | MTF 16 | Risk x1.15,BOS+2 | 1h+2 | 4h+2 | Vol+2 | RSI+1 | BTC+2 | FVG+1 | LiqSweep+1 | ChoCH+1 | Zone:FVG+1 | Sess:NEW_YORK | Strong1h+1 | RelStrengthRisk:1.15,0,1,-1.0,bear,0.3023,0,4.9538,0.0526,3.3933,-1,0.0,0.1377,1.0166,0.0,-0.0291,2.273,-1.0,-0.0377,0.87890625,1756,0,1,1.421,0.538,1,1.498,3
BTCUSDT,1756,1761,1773155700,1773161100,LONG,TRAIL,71045.3,71611.83670931,82376.03418616,68779.15316277,0.07376749202815897,0.06641967064521033,0.007347821382948628,16,2.59,59.85,0.1873248865636866,0.011918531649696987,3.148621301009108,base,adaptive disabled,1.15,76.9,90,62,70,80,NEW_YORK,bullish,bullish,FVG,BOS bullish | Vol 2.6x | FVG | LiqSweep | ChoCH | Session:NEW_YORK | StrongTrend1h | Zone:FVG | MTF 16 | Risk x1.15,BOS+2 | 1h+2 | 4h+2 | Vol+2 | RSI+1 | BTC+2 | FVG+1 | LiqSweep+1 | ChoCH+1 | Zone:FVG+1 | Sess:NEW_YORK | Strong1h+1 | QualityRisk:1.15,0,1,-1.0,bear,0.2834,0,5.3206,0.0526,2.5033,-1,0.0,0.0796,1.1027,0.0,-0.0695,1.715,-1.0,-0.0222,0.5859375,1756,0,1,0.596,0.195,1,1.508,3
ETHUSDT,1756,1761,1773155700,1773161100,LONG,TRAIL,2063.24,2081.00965762,2418.63315236,1992.16136953,0.3668912136821052,0.3487489817416028,0.018142231940502438,16,2.97,58.22,0.15525538201772698,0.013784234475773647,3.114869411938977,base,adaptive disabled,1.15,76.1,90,58,70,80,NEW_YORK,bullish,bullish,FVG,BOS bullish | Vol 3.0x | FVG | LiqSweep | ChoCH | Session:NEW_YORK | StrongTrend1h | Zone:FVG | MTF 16 | Risk x1.15,BOS+2 | 1h+2 | 4h+2 | Vol+2 | RSI+1 | BTC+2 | FVG+1 | LiqSweep+1 | ChoCH+1 | Zone:FVG+1 | Sess:NEW_YORK | Strong1h+1 | QualityRisk:1.15,0,1,-1.0,bear,0.2862,0,4.9825,0.0526,2.8913,-1,0.0,0.0627,1.3878,0.0,-0.0464,2.081,-1.0,-0.0888,1.5625,1756,0,1,0.521,0.432,1,1.426,3
SOLUSDT,1756,1758,1773155700,1773158400,LONG,TRAIL,87.38,88.144575,102.6715,84.3217,0.14177606840401757,0.1283832112611604,0.013392857142857192,17,2.71,58.22,0.1694352159468433,0.01454860417633671,2.690253593546556,base,adaptive disabled,1.15,84.5,90,70,90,80,NEW_YORK,bullish,bullish,FVG,BOS bullish | Vol 2.7x | FVG | LiqSweep | ChoCH | Session:NEW_YORK | StrongTrend1h | Zone:FVG | MTF 17 | Risk x1.15,BOS+2 | BodyStrong+1 | 1h+2 | 4h+2 | Vol+2 | RSI+1 | BTC+2 | FVG+1 | LiqSweep+1 | ChoCH+1 | Zone:FVG+1 | Sess:NEW_YORK | Strong1h+1 | QualityRisk:1.15,0,1,-1.0,bear,0.3217,0,5.2215,0.0526,2.72,-1,0.0,0.049,1.2294,0.0,-0.0423,1.615,-1.0,-0.0797,1.171875,1756,0,1,0.42,0.126,1,1.68,3
SUIUSDT,1756,1761,1773155700,1773161100,LONG,TRAIL,0.9935,1.00219313,1.1673625,0.9587275,0.12806456251347725,0.11467170537062014,0.01339285714285711,16,2.97,65.14,0.32723112128146603,0.01974716244121331,3.1796222727384795,base,adaptive disabled,1.25,80.3,90,79,70,80,NEW_YORK,bullish,bullish,FVG,BOS bullish | Vol 3.0x | FVG | LiqSweep | ChoCH | Session:NEW_YORK | StrongTrend1h | Zone:FVG | MTF 16 | Risk x1.25,BOS+2 | 1h+2 | 4h+2 | Vol+2 | RSI+1 | BTC+2 | FVG+1 | LiqSweep+1 | ChoCH+1 | Zone:FVG+1 | Sess:NEW_YORK | Strong1h+1 | QualityRisk:1.15 | RelStrengthRisk:1.25,0,0,-1.0,range,0.32,0,5.0221,0.0526,2.8903,-1,0.0,0.2502,1.3919,0.0,0.0516,1.85,1.0,0.0771,1.171875,1756,0,1,1.253,-1.0,0,1.607,3
XRPUSDT,1756,1813,1773155700,1773207900,LONG,SL,1.4248,1.437267,1.67414,1.374932,-0.87890625,-0.8889508928571428,0.010044642857142853,17,2.43,65.58,0.4410080183276075,0.014429243465192152,3.3097372881868528,base,adaptive disabled,1.15,86.5,90,80,90,80,NEW_YORK,bullish,bullish,FVG,BOS bullish | Vol 2.4x | FVG | ChoCH | Engulfing | Session:NEW_YORK | StrongTrend1h | Zone:FVG | MTF 17 | Risk x1.15,BOS+2 | BodyStrong+1 | 1h+2 | 4h+2 | Vol+2 | RSI+1 | BTC+2 | FVG+1 | ChoCH+1 | Engulfing+1 | Zone:FVG+1 | Sess:NEW_YORK | Strong1h+1 | RelStrengthRisk:1.15,0,1,-1.0,bear,0.2788,0,5.5383,0.0526,2.3994,-1,0.0,1.0247,0.9224,0.0,-0.0586,1.559,-1.0,-0.0287,0.87890625,1756,0,2,2.326,4.163,0,1.557,3
ADAUSDT,1757,1759,1773156600,1773159300,LONG,TP1,0.2698,0.27216075,0.317015,0.260357,0.0,-0.008035714285714302,0.008035714285714302,16,1.37,64.97,0.3205741626794272,0.015608868220580783,2.543269966666451,base,adaptive disabled,1.15,76.1,90,88,50,80,NEW_YORK,bullish,bullish,FVG,BOS bullish | Vol 1.4x | FVG | LiqSweep | ChoCH | BullWick | Session:NEW_YORK | StrongTrend1h | Zone:FVG | MTF 16 | Risk x1.15,BOS+2 | 1h+2 | 4h+2 | Vol+1 | RSI+1 | BTC+2 | FVG+1 | LiqSweep+1 | ChoCH+1 | BullWick+1 | Zone:FVG+1 | Sess:NEW_YORK | Strong1h+1 | RelStrengthRisk:1.15,0,1,-1.0,bear,0.3023,1,4.9408,0.1111,2.4042,-1,0.0,0.1165,1.1437,0.0,0.0031,1.328,1.0,0.0066,0.703125,1757,1,2,1.494,0.46,1,1.034,0
AVAXUSDT,1757,1759,1773156600,1773159300,LONG,TRAIL,9.641,9.72535875,11.328175,9.303565,0.24358271815867946,0.23286843244439373,0.010714285714285739,16,1.65,64.11,0.36363636363636415,0.016403464836942404,3.150469542491978,base,adaptive disabled,1.15,80.5,90,80,70,80,NEW_YORK,bullish,bullish,FVG,BOS bullish | Vol 1.6x | FVG | LiqSweep | ChoCH | Session:NEW_YORK | StrongTrend1h | Zone:FVG | MTF 16 | Risk x1.15,BOS+2 | BodyStrong+1 | 1h+2 | 4h+2 | Vol+1 | RSI+1 | BTC+2 | FVG+1 | LiqSweep+1 | ChoCH+1 | Zone:FVG+1 | Sess:NEW_YORK | Strong1h+1 | RelStrengthRisk:1.15,0,1,-1.0,bear,0.3307,0,6.4205,0.1111,7.5012,-1,0.0,0.0178,1.6714,0.0,-0.0178,1.109,1.0,0.3811,0.9375,1757,1,2,2.212,1.538,0,1.488,4
XRPUSDT,1757,1813,1773156600,1773207900,LONG,SL,1.4248,1.437267,1.67414,1.374932,-0.703125,-0.7111607142857143,0.008035714285714281,15,1.54,65.94,0.44545454545454505,0.011354262332441243,2.604407189620857,base,adaptive disabled,1.15,76.5,90,90,50,80,NEW_YORK,bullish,bullish,FVG,BOS bullish | Vol 1.5x | FVG | ChoCH | BullWick | Session:NEW_YORK | StrongTrend1h | Zone:FVG | MTF 15 | Risk x1.15,BOS+2 | 1h+2 | 4h+2 | Vol+1 | RSI+1 | BTC+2 | FVG+1 | ChoCH+1 | BullWick+1 | Zone:FVG+1 | Sess:NEW_YORK | Strong1h+1 | RelStrengthRisk:1.15,0,1,-1.0,bear,0.2788,1,5.5436,0.1111,2.0453,-1,0.0,1.0247,0.9224,0.0,0.0343,1.565,1.0,0.1009,0.703125,1757,1,3,2.409,4.085,0,0.987,0
ADAUSDT,1758,1759,1773157500,1773159300,LONG,TP1,0.2698,0.27216075,0.317015,0.260357,0.0,-0.008035714285714302,0.008035714285714302,15,1.45,62.95,0.2142857142857151,0.012450016553909949,2.0285745730308404,base,adaptive disabled,1.15,73.5,90,75,50,80,NEW_YORK,bullish,bullish,FVG,BOS bullish | Vol 1.4x | FVG | ChoCH | BullWick | Session:NEW_YORK | StrongTrend1h | Zone:FVG | MTF 15 | Risk x1.15,BOS+2 | 1h+2 | 4h+2 | Vol+1 | RSI+1 | BTC+2 | FVG+1 | ChoCH+1 | BullWick+1 | Zone:FVG+1 | Sess:NEW_YORK | Strong1h+1 | RelStrengthRisk:1.15,0,1,-1.0,bear,0.3023,0,4.8235,0.1765,2.1781,-1,0.0,0.0741,1.1437,3.0,0.0129,1.109,-1.0,-0.0138,0.703125,1758,2,3,1.234,0.673,1,1.309,1
XRPUSDT,1758,1813,1773157500,1773207900,LONG,SL,1.4248,1.437267,1.67414,1.374932,-0.5625,-0.5689285714285713,0.006428571428571426,15,1.35,66.31,0.4012269938650305,0.009177768622246129,2.053197951922465,base,adaptive disabled,1.15,76.5,90,90,50,80,NEW_YORK,bullish,bullish,FVG,BOS bullish | Vol 1.4x | FVG | ChoCH | BullWick | Session:NEW_YORK | StrongTrend1h | Zone:FVG | MTF 15 | Risk x1.15,BOS+2 | 1h+2 | 4h+2 | Vol+1 | RSI+1 | BTC+2 | FVG+1 | ChoCH+1 | BullWick+1 | Zone:FVG+1 | Sess:NEW_YORK | Strong1h+1 | RelStrengthRisk:1.15,0,1,-1.0,bear,0.2788,2,5.5379,0.1765,1.8159,-1,0.0,1.0247,0.9224,0.0,0.0513,1.332,1.0,0.1871,0.5625,1758,2,4,2.488,4.0,0,1.013,1
SOLUSDT,1812,1829,1773206100,1773222300,LONG,SL,86.32,86.6481031,92.88206199,85.0075876,-0.73828125,-0.7577045463662947,0.019423296366294623,16,1.89,63.19,0.29870129870130174,0.00656335911498226,1.2788108566547465,base,adaptive disabled,1.15,73.0,60,95,70,80,OFF_HOURS,neutral,bullish,FVG,BOS bullish | Vol 1.9x | FVG | LiqSweep | ChoCH | Zone:FVG | MTF 16 | Risk x1.15,BOS+2 | BodyStrong+1 | 1hN+1 | 4h+2 | Vol+1 | RSI+1 | BTC+2 | FVG+1 | LiqSweep+1 | ChoCH+1 | Zone:FVG+1 | Sess:OFF_HOURS | NestedOB_1h+2 | QualityRisk:1.15,0,1,-1.0,bear,0.3662,0,3.4432,0.0526,1.3098,-1,0.0,1.0591,0.2438,3.833,0.1102,1.592,1.0,0.1785,0.73828125,1811,0,1,1.358,0.849,0,1.164,4
SOLUSDT,1812,1829,1773206100,1773222300,LONG,SL,86.32,86.64931002,92.90620042,85.00275992,-0.984375,-1.0101778134096864,0.025802813409686286,15,1.3,56.98,0.34529147982062103,0.005898601321618478,1.1330443756060993,base,adaptive disabled,1.15,74.0,60,100,70,80,OFF_HOURS,neutral,bullish,FVG,BOS bullish | Vol 1.3x | FVG | ChoCH | Zone:FVG | MTF 15 | Risk x1.15,BOS+2 | BodyStrong+1 | 1hN+1 | 4h+2 | Vol+1 | RSI+1 | BTC+2 | FVG+1 | ChoCH+1 | Zone:FVG+1 | Sess:OFF_HOURS | NestedOB_1h+2 | QualityRisk:1.15,0,1,-1.0,bear,0.3662,0,3.4033,0.0526,1.3098,-1,0.0,1.0552,0.2429,0.0,0.0142,1.132,1.0,0.0572,0.984375,1812,1,2,0.623,1.558,0,1.15,4
AVAXUSDT,1846,1847,1773236700,1773238500,LONG,TP1,9.665,9.72160951,10.79719019,9.43856196,0.0,-0.012804827316117044,0.012804827316117044,14,1.74,67.12,0.4315789473684104,0.006683644371231871,1.5634837357354305,base,adaptive disabled,1.0,78.5,90,100,50,80,NEW_YORK,bullish,bullish,FVG,BOS bullish | Vol 1.7x | FVG | ChoCH | Session:NEW_YORK | StrongTrend1h | Zone:FVG | MTF 14,BOS+2 | 1h+2 | 4h+2 | Vol+1 | RSI+1 | BTC+2 | FVG+1 | ChoCH+1 | Zone:FVG+1 | Sess:NEW_YORK | Strong1h+1,0,0,-1.0,bull,0.5426,4,5.8355,0.0526,4.9786,-1,0.0,0.1016,2.0315,1.577,0.0944,1.754,1.0,0.1227,0.75,1845,0,4,1.64,0.687,1,2.918,3
AVAXUSDT,1847,1848,1773237600,1773239400,LONG,TP1,9.665,9.72132146,10.7914293,9.43971414,0.0,-0.01206592038222019,0.01206592038222019,17,2.7,62.69,0.49685534591193753,0.011299046858720685,2.5745685342638756,base,adaptive disabled,1.0,88.5,90,90,90,80,NEW_YORK,bullish,bullish,FVG,BOS bullish | Vol 2.7x | FVG | ChoCH | BullWick | Session:NEW_YORK | StrongTrend1h | Zone:FVG | MTF 17,BOS+2 | BodyStrong+1 | 1h+2 | 4h+2 | Vol+2 | RSI+1 | BTC+2 | FVG+1 | ChoCH+1 | BullWick+1 | Zone:FVG+1 | Sess:NEW_YORK | Strong1h+1,0,0,-1.0,bull,0.5426,0,4.4644,0.1111,4.0291,-1,0.0,0.1021,1.9531,10.0,-0.0171,1.401,1.0,0.1214,0.703125,1847,2,6,1.447,0.451,1,1.929,4
ETHUSDT,1847,1849,1773237600,1773240300,LONG,TRAIL,2045.7,2057.35327015,2278.7654031,1999.08691938,0.5431290754423272,0.5080196173624894,0.03510945807983793,16,4.36,63.33,0.38361028263030517,0.013668901762488942,3.8952327108490103,base,adaptive disabled,1.0,70.0,60,80,70,80,NEW_YORK,neutral,bullish,FVG,BOS bullish | Vol 4.4x | FVG | ChoCH | BullWick | Session:NEW_YORK | Zone:FVG | MTF 16,BOS+2 | 1hN+1 | 4h+2 | Vol+2 | RSI+1 | BTC+2 | FVG+1 | ChoCH+1 | BullWick+1 | Zone:FVG+1 | Sess:NEW_YORK | NestedOB_1h+2,0,0,-1.0,range,0.5223,0,4.8307,0.1111,7.4283,-1,0.0,0.0659,2.4397,0.0,-0.0065,1.857,1.0,0.1515,2.0,1847,1,2,1.185,0.245,1,2.348,4
SUIUSDT,1847,1849,1773237600,1773240300,LONG,TRAIL,0.9704,0.97883003,1.13900059,0.93667988,0.2751372691911891,0.26097306248018093,0.014164206711008138,16,3.0,66.62,0.5884057971014492,0.012654152787834156,2.3621085206438326,base,adaptive disabled,1.15,72.0,60,90,70,80,NEW_YORK,neutral,bullish,FVG,BOS bullish | Vol 3.0x | FVG | ChoCH | BullWick | Session:NEW_YORK | Zone:FVG | MTF 16 | Risk x1.15,BOS+2 | 1hN+1 | 4h+2 | Vol+2 | RSI+1 | BTC+2 | FVG+1 | ChoCH+1 | BullWick+1 | Zone:FVG+1 | Sess:NEW_YORK | NestedOB_1h+2 | QualityRisk:1.15,0,0,-1.0,range,0.4099,0,4.3084,0.1111,4.3216,-1,0.0,0.0445,1.6014,10.0,-0.0268,1.788,-1.0,-0.1331,1.23046875,1847,2,6,1.795,0.678,1,1.676,0
ETHUSDT,1851,1852,1773241200,1773243000,LONG,TP1,2045.7,2057.531608,2282.33216002,1998.373568,0.0,-0.03458025316592634,0.03458025316592634,15,2.83,63.21,0.4332793879652764,0.014716725423312755,4.193831462216383,base,adaptive disabled,1.0,70.0,60,80,70,80,NEW_YORK,neutral,bullish,FVG,BOS bullish | Vol 2.8x | FVG | ChoCH | Session:NEW_YORK | Zone:FVG | MTF 15,BOS+2 | 1hN+1 | 4h+2 | Vol+2 | RSI+1 | BTC+2 | FVG+1 | ChoCH+1 | Zone:FVG+1 | Sess:NEW_YORK | NestedOB_1h+2,0,0,-1.0,range,0.5223,0,3.2286,0.4286,3.9296,-1,0.0,0.0928,1.6329,10.0,-0.0435,1.701,1.0,0.0207,2.0,1848,2,3,1.114,0.244,1,1.416,2
LINKUSDT,1851,1857,1773241200,1773247500,LONG,TP1,9.01,9.05692646,9.94852926,8.82229415,0.0,-0.029531640696067746,0.029531640696067746,14,3.35,63.8,0.5107296137339227,0.010982396481276779,2.810865933725007,base,adaptive disabled,1.0,72.0,60,90,70,80,NEW_YORK,neutral,bullish,FVG,BOS bullish | Vol 3.4x | FVG | ChoCH | BullWick | Session:NEW_YORK | Zone:FVG | MTF 14,BOS+2 | 1hN+1 | 4h+2 | Vol+2 | RSI+1 | BTC+2 | FVG+1 | ChoCH+1 | BullWick+1 | Zone:FVG+1 | Sess:NEW_YORK,0,0,-1.0,bull,0.5458,0,3.5544,0.4286,4.851,-1,0.0,0.634,1.236,10.0,-0.2696,1.679,1.0,0.3304,1.5380859375,1847,2,6,1.293,0.736,1,1.346,3
SUIUSDT,1921,1925,1773304200,1773308700,LONG,TP1,0.9762,0.98119253,1.07605051,0.9562299,0.0,-0.03849542566136376,0.03849542566136376,15,2.15,61.04,0.6078431372549011,0.006106580045717402,1.3729864160023915,base,adaptive disabled,1.25,74.0,60,100,70,80,LONDON,neutral,bullish,FVG,BOS bullish | Vol 2.1x | FVG | ChoCH | Engulfing | Discount | Session:LONDON | Zone:FVG | MTF 15 | Risk x1.25,BOS+2 | 1hN+1 | 4h+2 | Vol+2 | RSI+1 | BTC+2 | FVG+1 | ChoCH+1 | Engulfing+1 | Discount+1 | Zone:FVG+1 | Sess:LONDON | QualityRisk:1.15 | RelStrengthRisk:1.25,0,0,-1.0,range,0.3969,1,4.6755,0.0526,2.3116,-1,0.0,0.2754,1.5623,0.0,0.0587,1.602,1.0,0.1043,1.96875,1920,1,3,1.79,1.924,0,2.125,0
SUIUSDT,1921,1925,1773304200,1773308700,LONG,TP1,0.9762,0.98128235,1.07784691,0.95587062,0.0,-0.03781509814859095,0.03781509814859095,13,2.38,63.55,0.6244131455399056,0.006370140079155388,1.4322445184103454,base,adaptive disabled,1.25,74.0,60,100,70,80,LONDON,neutral,bullish,FVG,BOS bullish | Vol 2.4x | FVG | ChoCH | Session:LONDON | Zone:FVG | MTF 13 | Risk x1.25,BOS+2 | 1hN+1 | 4h+2 | Vol+2 | RSI+1 | BTC+2 | FVG+1 | ChoCH+1 | Zone:FVG+1 | Sess:LONDON | QualityRisk:1.15 | RelStrengthRisk:1.25,0,0,-1.0,range,0.3969,1,4.3277,0.0526,2.3116,-1,0.0,0.2705,1.5347,0.0,-0.0104,1.211,1.0,0.1842,1.96875,1921,2,4,2.05,1.387,0,1.967,0
SUIUSDT,1923,1925,1773306000,1773308700,LONG,TP1,0.9762,0.98128361,1.07787213,0.95586557,0.0,-0.025203804581687438,0.025203804581687438,13,1.48,63.31,0.5638297872340416,0.006949295779486139,1.562460269837715,base,adaptive disabled,1.25,68.0,60,100,50,80,LONDON,neutral,bullish,FVG,BOS bullish | Vol 1.5x | FVG | ChoCH | BullWick | Session:LONDON | Zone:FVG | MTF 13 | Risk x1.25,BOS+2 | 1hN+1 | 4h+2 | Vol+1 | RSI+1 | BTC+2 | FVG+1 | ChoCH+1 | BullWick+1 | Zone:FVG+1 | Sess:LONDON | QualityRisk:1.15 | RelStrengthRisk:1.25,0,0,-1.0,range,0.3969,1,3.2062,0.1765,1.7092,-1,0.0,0.2705,1.5343,0.0,0.0203,1.46,1.0,0.0597,1.3125,1922,3,5,2.027,1.407,0,0.517,0
ETHUSDT,1931,1943,1773313200,1773324900,LONG,TP1,2067.55,2081.03564595,2337.26291908,2013.60741618,0.0,-0.015091932103522231,0.015091932103522231,14,1.38,70.77,0.4806231003039496,0.004894363800198459,1.3802378203837014,base,adaptive disabled,1.0,68.0,60,100,50,80,LONDON,neutral,bullish,FVG,BOS bullish | Vol 1.4x | FVG | ChoCH | Engulfing | Session:LONDON | Zone:FVG | MTF 14,BOS+2 | 1hN+1 | 4h+2 | Vol+1 | BTC+2 | FVG+1 | ChoCH+1 | Engulfing+1 | Zone:FVG+1 | Sess:LONDON | NestedOB_1h+2,0,0,-1.0,bull,0.1455,0,4.0573,0.0526,1.3255,-1,0.0,0.3248,1.0693,1.449,0.1144,1.676,1.0,0.239,0.984375,1931,0,5,1.802,0.636,1,0.821,2
BTCUSDT,1935,1939,1773316800,1773321300,LONG,TRAIL,70233.2,70525.52307795,76079.66155908,69063.90768818,0.06549634700051596,0.049729361436996675,0.015766985563519288,18,1.36,66.09,0.360928524900815,0.004169935745540709,1.4129091878120064,base,adaptive disabled,1.15,71.0,60,100,60,80,LONDON,neutral,bullish,OB,BOS bullish | Vol 1.4x | FVG | OB | LiqSweep | ChoCH | BullWick | Session:LONDON | Zone:OB | 💎PREMIUM | MTF 18 | Risk x1.15,BOS+2 | 1hN+1 | 4h+2 | Vol+1 | RSI+1 | BTC+2 | FVG+1 | OB+1 | LiqSweep+1 | ChoCH+1 | BullWick+1 | Zone:OB+1 | Sess:LONDON | 💎Premium+3 | QualityRisk:1.15,1,0,-1.0,bull,0.3924,0,2.5945,0.0526,1.1835,-1,0.0,0.0096,1.213,1.841,0.1003,1.253,1.0,0.4111,0.65625,1931,4,5,1.0,0.677,1,1.617,2
SUIUSDT,1940,1941,1773321300,1773323100,LONG,TP1,0.9817,0.98597772,1.06725436,0.96458913,-0.07670562630655257,-0.1068263916446096,0.030120765338057034,13,1.47,62.28,0.2713754646840135,0.0073377509935654145,1.5240664937558392,base,adaptive disabled,1.25,76.9,90,92,50,80,OVERLAP,bullish,bullish,FVG,BOS bullish | Vol 1.5x | FVG | ChoCH | Session:OVERLAP | StrongTrend1h | Zone:FVG | MTF 13 | Risk x1.25,BOS+2 | 1h+2 | 4h+2 | Vol+1 | RSI+1 | BTCok+1 | FVG+1 | ChoCH+1 | Zone:FVG+1 | Sess:OVERLAP | Strong1h+1 | QualityRisk:1.15 | RelStrengthRisk:1.25,0,0,-1.0,range,0.4884,5,2.9619,0.1111,1.1222,-1,0.0,0.3273,1.4727,10.0,0.0054,1.154,1.0,0.1122,1.3125,1939,1,1,0.327,0.164,1,0.867,4
SOLUSDT,1942,1944,1773323100,1773325800,LONG,TRAIL,86.42,86.79678667,93.95573348,84.9128533,0.3191925437434447,0.30199050229651725,0.017202041446927416,15,2.43,59.51,0.13669064748202572,0.0054354012526337744,1.3369534109708365,base,adaptive disabled,1.25,85.7,90,76,90,80,NEW_YORK,bullish,bullish,FVG,BOS bullish | Vol 2.4x | FVG | ChoCH | Session:NEW_YORK | StrongTrend1h | Zone:FVG | MTF 15 | Risk x1.25,BOS+2 | BodyStrong+1 | 1h+2 | 4h+2 | Vol+2 | RSI+1 | BTCok+1 | FVG+1 | ChoCH+1 | Zone:FVG+1 | Sess:NEW_YORK | Strong1h+1 | QualityRisk:1.15 | RelStrengthRisk:1.25,0,0,-1.0,bull,0.5368,1,2.2876,0.0526,1.8183,-1,0.0,0.0863,3.1848,0.198,0.0009,1.689,1.0,0.148,0.75,1941,11,4,0.343,0.297,1,2.059,0
SOLUSDT,1942,1944,1773323100,1773325800,LONG,TRAIL,86.42,86.80505191,94.12103823,84.87979235,0.30429152368384216,0.28745872844353804,0.016832795240304135,13,1.87,59.69,0.18518518518518987,0.007396593249207575,1.8193506080715147,base,adaptive disabled,1.25,72.9,90,72,50,80,NEW_YORK,bullish,bullish,FVG,BOS bullish | Vol 1.9x | FVG | ChoCH | Session:NEW_YORK | StrongTrend1h | Zone:FVG | MTF 13 | Risk x1.25,BOS+2 | 1h+2 | 4h+2 | Vol+1 | RSI+1 | BTCok+1 | FVG+1 | ChoCH+1 | Zone:FVG+1 | Sess:NEW_YORK | Strong1h+1 | QualityRisk:1.15 | RelStrengthRisk:1.25,0,0,-1.0,bull,0.5368,1,2.1267,0.0526,1.8183,-1,0.0,0.0844,3.1165,0.305,-0.0686,0.975,1.0,0.2025,0.75,1942,12,5,0.298,0.255,1,1.914,0
ADAUSDT,1981,1983,1773358200,1773360900,LONG,TP1,0.2631,0.26417826,0.2846651,0.25878698,0.0,-0.022875502548098545,0.022875502548098545,15,3.09,57.0,0.3333333333333333,0.006313694184728903,1.2709952067499724,base,adaptive disabled,1.15,90.5,90,100,90,80,DEAD_ZONE,bullish,bullish,FVG,BOS bullish | Vol 3.1x | FVG | ChoCH | StrongTrend1h | Zone:FVG | MTF 15 | Risk x1.15,BOS+2 | BodyStrong+1 | 1h+2 | 4h+2 | Vol+2 | RSI+1 | BTCok+1 | FVG+1 | ChoCH+1 | Zone:FVG+1 | Sess:DEAD_ZONE | Strong1h+1 | QualityRisk:1.15,0,0,-1.0,range,0.4464,0,2.7205,0.1111,7.2235,-1,0.0,0.1855,2.0403,0.0,-0.0208,2.342,1.0,0.1665,0.9375,1981,1,1,0.082,0.495,1,1.319,2
ETHUSDT,1981,1985,1773358200,1773362700,LONG,TRAIL,2078.73,2089.94782765,2303.08655291,2033.85868942,0.8903796096788753,0.8764816648241521,0.013897944854723253,16,2.81,66.18,0.5249357326478039,0.0073621213597458365,1.691953067600714,base,adaptive disabled,1.0,84.5,90,100,70,80,DEAD_ZONE,bullish,bullish,FVG,BOS bullish | Vol 2.8x | FVG | LiqSweep | ChoCH | Engulfing | StrongTrend1h | Zone:FVG | MTF 16,BOS+2 | 1h+2 | 4h+2 | Vol+2 | RSI+1 | BTCok+1 | FVG+1 | LiqSweep+1 | ChoCH+1 | Engulfing+1 | Zone:FVG+1 | Sess:DEAD_ZONE | Strong1h+1,0,1,-1.0,bear,0.2833,3,3.9358,0.0526,2.9531,-1,0.0,0.232,6.2294,2.143,0.1012,2.013,1.0,0.5566,0.75,1981,0,1,1.296,0.003,1,1.396,2
AVAXUSDT,1986,1989,1773362700,1773366300,LONG,TRAIL,9.82,9.89438863,11.30777263,9.52244547,0.1311975507843068,0.12249575816666462,0.008701792617642187,14,3.87,70.18,0.3814432989690732,0.013263708781229776,2.765194939419929,base,adaptive disabled,1.0,82.5,90,90,70,80,OFF_HOURS,bullish,bullish,FVG,BOS bullish | Vol 3.9x | FVG | ChoCH | StrongTrend1h | Zone:FVG | MTF 14,BOS+2 | 1h+2 | 4h+2 | Vol+2 | BTC+2 | FVG+1 | ChoCH+1 | Zone:FVG+1 | Sess:OFF_HOURS | Strong1h+1,0,0,-1.0,bull,0.3568,0,5.1046,0.0526,4.1074,-1,0.0,0.1311,1.5594,1.721,0.1372,1.746,1.0,0.247,0.6591796875,1986,0,1,1.511,0.487,1,2.216,2
XRPUSDT,2007,2018,1773381600,1773392400,LONG,TRAIL,1.42,1.42664796,1.55295921,1.39340816,0.15230236042334855,0.14329113743163382,0.00901122299171474,15,2.67,69.95,0.5898876404494369,0.005024918318455327,1.5303061027884033,base,adaptive disabled,1.15,84.5,90,100,70,80,OFF_HOURS,bullish,bullish,FVG,BOS bullish | Vol 2.7x | FVG | ChoCH | Engulfing | StrongTrend1h | Zone:FVG | MTF 15 | Risk x1.15,BOS+2 | 1h+2 | 4h+2 | Vol+2 | BTC+2 | FVG+1 | ChoCH+1 | Engulfing+1 | Zone:FVG+1 | Sess:OFF_HOURS | Strong1h+1 | RelStrengthRisk:1.15,0,0,-1.0,range,0.2388,3,3.117,0.0526,2.9016,-1,0.0,0.346,2.0307,0.0,-0.0081,2.58,1.0,0.2107,0.421875,2007,0,1,1.405,0.162,1,1.034,2
XRPUSDT,2008,2018,1773382500,1773392400,LONG,TRAIL,1.42,1.42666061,1.55321212,1.39335758,0.27024572092175014,0.25425618243388004,0.01598953848787013,17,3.69,65.83,0.4404432132963939,0.0050651906055240725,1.454329931309893,base,adaptive disabled,1.15,90.5,90,100,90,80,OFF_HOURS,bullish,bullish,FVG,BOS bullish | Vol 3.7x | FVG | ChoCH | Engulfing | StrongTrend1h | Zone:FVG | MTF 17 | Risk x1.15,BOS+2 | BodyStrong+1 | 1h+2 | 4h+2 | Vol+2 | RSI+1 | BTC+2 | FVG+1 | ChoCH+1 | Engulfing+1 | Zone:FVG+1 | Sess:OFF_HOURS | Strong1h+1 | RelStrengthRisk:1.15,0,0,-1.0,range,0.2388,0,3.0917,0.1111,3.6313,-1,0.0,0.3453,2.0268,0.0,-0.155,3.342,-1.0,-0.0502,0.75,2008,1,2,0.945,0.609,1,1.105,3
BTCUSDT,2020,2025,1773393300,1773398700,LONG,TRAIL,71688.0,71903.064,75989.28,70827.744,0.27916108693226144,0.26666108693226137,0.012500000000000087,16,1.6,63.52,0.5402466879853708,0.00486501987303682,1.7957236577846476,base,adaptive disabled,1.0,84.5,90,100,70,80,LONDON,bullish,bullish,FVG,BOS bullish | Vol 1.6x | FVG | ChoCH | BullWick | Session:LONDON | StrongTrend1h | Zone:FVG | MTF 16,BOS+2 | BodyStrong+1 | 1h+2 | 4h+2 | Vol+1 | RSI+1 | BTC+2 | FVG+1 | ChoCH+1 | BullWick+1 | Zone:FVG+1 | Sess:LONDON | Strong1h+1,0,0,-1.0,bull,0.468,0,3.3132,0.1765,4.3168,-1,0.0,0.1858,4.0011,0.0,0.1354,1.698,1.0,0.3512,0.375,2019,0,1,0.791,0.775,1,0.961,0
BTCUSDT,2020,2025,1773393300,1773398700,LONG,TRAIL,71688.0,71903.064,75989.28,70827.744,0.27916108693226144,0.26666108693226137,0.012500000000000087,14,1.66,60.9,0.44281318681319704,0.005165997279910688,1.8577549253406689,base,adaptive disabled,1.0,76.5,90,90,50,80,LONDON,bullish,bullish,FVG,BOS bullish | Vol 1.7x | FVG | ChoCH | Session:LONDON | StrongTrend1h | Zone:FVG | MTF 14,BOS+2 | 1h+2 | 4h+2 | Vol+1 | RSI+1 | BTC+2 | FVG+1 | ChoCH+1 | Zone:FVG+1 | Sess:LONDON | Strong1h+1,0,0,-1.0,bull,0.468,0,3.3225,0.1765,4.3168,-1,0.0,0.1858,4.0011,0.0,0.0744,1.724,1.0,0.2747,0.375,2020,1,2,0.529,0.101,1,0.963,0
SUIUSDT,2023,2027,1773396000,1773400500,LONG,TRAIL,1.0432,1.05004779,1.18015571,1.01580886,0.10267918750370346,0.08554079895908646,0.01713838854461699,15,2.05,67.96,0.3593314763231169,0.009943691114198372,1.467830861327911,base,adaptive disabled,1.25,84.5,90,100,70,80,LONDON,bullish,bullish,FVG,BOS bullish | Vol 2.0x | FVG | ChoCH | Session:LONDON | StrongTrend1h | Zone:FVG | MTF 15 | Risk x1.25,BOS+2 | 1h+2 | 4h+2 | Vol+2 | RSI+1 | BTC+2 | FVG+1 | ChoCH+1 | Zone:FVG+1 | Sess:LONDON | Strong1h+1 | QualityRisk:1.15 | RelStrengthRisk:1.25,0,0,-1.0,range,0.3183,4,3.3285,0.0526,1.9955,-1,0.0,0.1752,1.0806,8.062,0.0171,1.717,1.0,0.3406,1.125,2023,0,2,1.144,-1.0,0,1.196,3
SUIUSDT,2025,2027,1773397800,1773400500,LONG,TRAIL,1.0432,1.05002309,1.17966181,1.01590764,0.13740108953568933,0.1144671988791099,0.022933890656579428,16,2.09,64.69,0.48973607038122635,0.007402302128654618,1.092322322918293,base,adaptive disabled,1.25,84.5,90,100,70,80,LONDON,bullish,bullish,FVG,BOS bullish | Vol 2.1x | FVG | ChoCH | BullWick | Session:LONDON | StrongTrend1h | Zone:FVG | MTF 16 | Risk x1.25,BOS+2 | 1h+2 | 4h+2 | Vol+2 | RSI+1 | BTC+2 | FVG+1 | ChoCH+1 | BullWick+1 | Zone:FVG+1 | Sess:LONDON | Strong1h+1 | QualityRisk:1.15 | RelStrengthRisk:1.25,0,0,-1.0,range,0.3183,1,3.1084,0.1765,1.962,-1,0.0,0.0513,1.0846,0.0,-0.0027,2.515,1.0,0.2308,1.5,2025,2,4,0.909,-1.0,0,0.83,0
XRPUSDT,2042,2045,1773413100,1773416700,LONG,SL,1.4287,1.43317132,1.51812631,1.41081474,-1.0,-1.0319525687633277,0.0319525687633278,16,1.56,53.55,0.25116279069767944,0.008117574723811595,1.804765168019273,base,adaptive disabled,1.15,80.5,90,80,70,80,NEW_YORK,bullish,bullish,FVG,BOS bullish | Vol 1.6x | FVG | ChoCH | Engulfing | Session:NEW_YORK | StrongTrend1h | Zone:FVG | MTF 16 | Risk x1.15,BOS+2 | BodyStrong+1 | 1h+2 | 4h+2 | Vol+1 | RSI+1 | BTC+2 | FVG+1 | ChoCH+1 | Engulfing+1 | Zone:FVG+1 | Sess:NEW_YORK | Strong1h+1 | QualityRisk:1.15,0,0,-1.0,bull,0.7176,0,2.595,0.1111,1.2998,-1,0.0,1.1686,1.2972,0.0,-0.1005,0.844,1.0,0.2539,1.0,2042,7,4,0.459,0.905,0,1.847,0
LINKUSDT,2177,2183,1773534600,1773540900,LONG,TP1,9.143,9.18250126,9.93302512,8.98499498,0.0,-0.016274601591772117,0.016274601591772117,14,1.42,65.1,0.3068181818181699,0.0034584427889449883,1.4940472848407733,base,adaptive disabled,1.0,80.2,80,96,70,80,OFF_HOURS,bullish,bullish,FVG,BOS bullish | Vol 1.4x | FVG | ChoCH | Zone:FVG | MTF 14,BOS+2 | BodyStrong+1 | 1h+2 | 4h+2 | Vol+1 | RSI+1 | BTC+2 | FVG+1 | ChoCH+1 | Zone:FVG+1 | Sess:OFF_HOURS,0,0,-1.0,bull,0.2235,0,4.1915,0.1111,1.5453,-1,0.0,0.2278,1.6961,0.818,0.2726,0.841,1.0,0.4932,0.703125,2177,2,5,1.461,0.346,1,1.692,5
LINKUSDT,2178,2183,1773535500,1773540900,LONG,TP1,9.143,9.18273331,9.93766618,8.98406676,0.0,-0.012134664608234143,0.012134664608234143,13,1.39,69.69,0.4215686274509769,0.00393053404043938,1.6901296374075863,base,adaptive disabled,1.0,81.0,80,100,70,80,OFF_HOURS,bullish,bullish,FVG,BOS bullish | Vol 1.4x | FVG | ChoCH | Zone:FVG | MTF 13,BOS+2 | BodyStrong+1 | 1h+2 | 4h+2 | Vol+1 | BTC+2 | FVG+1 | ChoCH+1 | Zone:FVG+1 | Sess:OFF_HOURS,0,0,-1.0,bull,0.2235,1,2.6733,0.1765,1.4521,-1,0.0,0.2265,1.6862,1.654,0.2884,0.959,1.0,0.5213,0.52734375,2178,3,6,2.525,0.334,1,1.448,0
SUIUSDT,2185,2185,1773541800,1773542700,LONG,TP1,1.0052,1.01090037,1.1192074,0.98239852,0.0,-0.01322545729487733,0.01322545729487733,14,1.5,67.82,0.24545454545455095,0.0053361375982239915,1.765016446417092,base,adaptive disabled,1.15,72.8,80,89,50,80,OFF_HOURS,bullish,bullish,FVG,BOS bullish | Vol 1.5x | FVG | ChoCH | Engulfing | Zone:FVG | MTF 14 | Risk x1.15,BOS+2 | 1h+2 | 4h+2 | Vol+1 | RSI+1 | BTC+2 | FVG+1 | ChoCH+1 | Engulfing+1 | Zone:FVG+1 | Sess:OFF_HOURS | QualityRisk:1.15,0,0,-1.0,bull,0.2117,0,3.0777,0.0526,1.441,-1,0.0,0.0263,1.4034,0.422,0.1577,1.209,1.0,0.4406,0.75,2185,0,4,0.973,0.658,1,1.236,1
AVAXUSDT,2188,2214,1773544500,1773568800,LONG,TRAIL,9.748,9.799165,10.77130003,9.54333999,0.25285838694134927,0.2421415888722003,0.01071679806914895,15,3.51,70.7,0.4035087719298273,0.004547375350139506,2.4116247273824896,base,adaptive disabled,1.0,85.0,80,90,90,80,OFF_HOURS,bullish,bullish,FVG,BOS bullish | Vol 3.5x | FVG | ChoCH | Engulfing | Zone:FVG | MTF 15,BOS+2 | BodyStrong+1 | 1h+2 | 4h+2 | Vol+2 | BTC+2 | FVG+1 | ChoCH+1 | Engulfing+1 | Zone:FVG+1 | Sess:OFF_HOURS,0,0,-1.0,bull,0.2487,3,3.4599,0.0526,1.503,-1,0.0,0.4349,2.2281,1.179,0.0901,2.44,1.0,0.283,0.5625,2187,0,3,1.164,1.255,1,1.102,2
ETHUSDT,2188,2197,1773544500,1773553500,LONG,TRAIL,2098.79,2105.08637,2224.7174,2073.60452,0.2814121469989786,0.2564121469989787,0.024999999999999904,16,3.58,66.76,0.39350405996250964,0.0046102167075865565,2.6611364666411874,base,adaptive disabled,1.0,82.5,90,90,70,80,OFF_HOURS,bullish,bullish,FVG,BOS bullish | Vol 3.6x | FVG | ChoCH | Engulfing | StrongTrend1h | Zone:FVG | MTF 16,BOS+2 | 1h+2 | 4h+2 | Vol+2 | RSI+1 | BTC+2 | FVG+1 | ChoCH+1 | Engulfing+1 | Zone:FVG+1 | Sess:OFF_HOURS | Strong1h+1,0,0,-1.0,bull,0.3457,1,3.8117,0.1111,2.2406,-1,0.0,0.2438,2.6634,4.809,0.0854,2.352,1.0,0.1337,0.75,2187,0,1,0.398,0.624,1,0.627,0
LINKUSDT,2188,2196,1773544500,1773552600,LONG,TP1,9.214,9.26106566,10.15531327,9.02573735,0.0,-0.00774281884245227,0.00774281884245227,15,2.58,69.72,0.3826086956521715,0.005103432805328413,1.9943327849914236,base,adaptive disabled,1.0,82.5,90,90,70,80,OFF_HOURS,bullish,bullish,FVG,BOS bullish | Vol 2.6x | FVG | ChoCH | Engulfing | StrongTrend1h | Zone:FVG | MTF 15,BOS+2 | 1h+2 | 4h+2 | Vol+2 | BTC+2 | FVG+1 | ChoCH+1 | Engulfing+1 | Zone:FVG+1 | Sess:OFF_HOURS | Strong1h+1,0,0,-1.0,bull,0.2131,3,3.8782,0.1111,1.8043,-1,0.0,0.1859,1.0623,1.63,0.1822,2.201,1.0,0.5371,0.3955078125,2187,0,3,1.383,5.111,0,0.752,2
AVAXUSDT,2189,2214,1773545400,1773568800,LONG,TRAIL,9.742,9.78540503,10.61010053,9.56837989,0.4233380568644873,0.40650475339520614,0.016833303469281136,16,1.55,60.91,0.22264150943396055,0.004778222552292206,2.407972680982915,base,adaptive disabled,1.15,79.2,80,76,80,80,OFF_HOURS,bullish,bullish,OB,BOS bullish | Vol 1.6x | FVG | OB | ChoCH | Engulfing | Zone:OB | MTF 16 | Risk x1.15,BOS+2 | BodyStrong+1 | 1h+2 | 4h+2 | Vol+1 | RSI+1 | BTC+2 | FVG+1 | OB+1 | ChoCH+1 | Engulfing+1 | Zone:OB+1 | Sess:OFF_HOURS | QualityRisk:1.15,0,0,-1.0,bull,0.2941,0,2.773,0.0526,1.4848,-1,0.0,0.4781,2.7647,0.787,0.1096,0.941,1.0,0.2991,0.75,2189,4,5,0.173,0.144,1,1.646,3
XRPUSDT,2189,2197,1773545400,1773553500,LONG,TRAIL,1.4126,1.4184025,1.5286499,1.38939002,0.14218021730307218,0.12392169230649747,0.018258524996574692,15,1.59,66.06,0.35793357933578507,0.0036963082380780075,1.9016821384755314,base,adaptive disabled,1.0,82.5,90,90,70,80,OFF_HOURS,bullish,bullish,FVG,BOS bullish | Vol 1.6x | FVG | ChoCH | StrongTrend1h | Zone:FVG | MTF 15,BOS+2 | BodyStrong+1 | 1h+2 | 4h+2 | Vol+1 | RSI+1 | BTC+2 | FVG+1 | ChoCH+1 | Zone:FVG+1 | Sess:OFF_HOURS | Strong1h+1,0,0,-1.0,bull,0.2846,0,3.5963,0.1111,1.4889,-1,0.0,0.0732,1.3442,1.0,0.127,1.295,1.0,0.3948,0.75,2189,4,5,1.137,2.251,0,1.23,1
XRPUSDT,2190,2197,1773546300,1773553500,LONG,TRAIL,1.4126,1.41820232,1.52464634,1.39019073,0.14726048639692252,0.12834956248016846,0.018910923916754065,14,1.9,64.91,0.42635658914728214,0.003344075925962939,1.564693125869469,base,adaptive disabled,1.0,78.5,90,100,50,80,OFF_HOURS,bullish,bullish,FVG,BOS bullish | Vol 1.9x | FVG | ChoCH | StrongTrend1h | Zone:FVG | MTF 14,BOS+2 | 1h+2 | 4h+2 | Vol+1 | RSI+1 | BTC+2 | FVG+1 | ChoCH+1 | Zone:FVG+1 | Sess:OFF_HOURS | Strong1h+1,0,0,-1.0,bull,0.2963,0,1.9029,0.1765,1.6045,-1,0.0,0.0759,1.3923,1.964,0.071,1.905,1.0,0.2595,0.75,2190,5,6,1.021,2.367,0,0.998,0
ETHUSDT,2199,2212,1773554400,1773567000,LONG,TRAIL,2107.15,2114.95437639,2263.2375278,2075.93249444,0.2630735496856222,0.2428238536045238,0.020249696081098376,14,1.36,62.84,0.4460486322188416,0.004487604409866485,2.1875665867948846,base,adaptive disabled,1.0,82.5,90,90,70,80,OFF_HOURS,bullish,bullish,FVG,BOS bullish | Vol 1.4x | FVG | ChoCH | StrongTrend1h | Zone:FVG | MTF 14,BOS+2 | BodyStrong+1 | 1h+2 | 4h+2 | Vol+1 | RSI+1 | BTCok+1 | FVG+1 | ChoCH+1 | Zone:FVG+1 | Sess:OFF_HOURS | Strong1h+1,0,0,-1.0,bull,0.2526,0,2.9332,0.1765,2.2561,-1,0.0,0.1823,2.0476,1.416,0.0224,1.236,1.0,0.1789,0.75,2199,1,2,0.228,1.495,0,1.103,2
LINKUSDT,2209,2212,1773563400,1773567000,LONG,TRAIL,9.232,9.259696,9.78592,9.121216,0.5077448006932502,0.47649480069324995,0.03125000000000031,14,1.3,58.32,0.12121212121212488,0.003393564540176567,1.2031491512187382,base,adaptive disabled,1.15,73.3,90,74,50,80,LONDON,bullish,bullish,FVG,BOS bullish | Vol 1.3x | FVG | ChoCH | Engulfing | Session:LONDON | StrongTrend1h | Zone:FVG | MTF 14 | Risk x1.15,BOS+2 | 1h+2 | 4h+2 | Vol+1 | RSI+1 | BTCok+1 | FVG+1 | ChoCH+1 | Engulfing+1 | Zone:FVG+1 | Sess:LONDON | Strong1h+1 | QualityRisk:1.15,0,1,-1.0,bear,0.3765,0,2.536,1.8571,1.4075,-1,0.0,0.0722,3.1051,0.889,-0.022,1.214,1.0,0.1017,0.9375,2209,0,1,0.033,5.439,0,1.068,2
BTCUSDT,2213,2246,1773567000,1773597600,LONG,TP1,71750.9,71966.1527,76055.954,70889.8892,0.0,-0.00937500000000012,0.00937500000000012,14,1.32,68.44,0.5073490813648276,0.002285409871003655,1.1532165269750203,base,adaptive disabled,1.15,78.5,90,100,50,80,LONDON,bullish,bullish,FVG,BOS bullish | Vol 1.3x | FVG | ChoCH | Engulfing | Session:LONDON | StrongTrend1h | Zone:FVG | MTF 14 | Risk x1.15,BOS+2 | 1h+2 | 4h+2 | Vol+1 | BTC+2 | FVG+1 | ChoCH+1 | Engulfing+1 | Zone:FVG+1 | Sess:LONDON | Strong1h+1 | QualityRisk:1.15,0,0,-1.0,range,0.2712,3,3.2608,0.0526,1.3452,-1,0.0,0.6131,1.0156,0.0,0.0657,1.316,1.0,0.3381,0.28125,2213,0,2,1.188,1.2,1,1.005,2
AVAXUSDT,2214,2266,1773567900,1773615600,LONG,TRAIL,9.776,9.926,10.50805161,9.62958968,1.1679504559514788,1.1379033936952117,0.030047062256267326,15,2.91,67.55,0.6804123711340314,0.002792903495340863,1.00037665569339,base,adaptive disabled,1.15,87.0,80,100,90,80,LONDON,bullish,bullish,FVG,BOS bullish | Vol 2.9x | FVG | ChoCH | Session:LONDON | Zone:FVG | MTF 15 | Risk x1.15,BOS+2 | BodyStrong+1 | 1h+2 | 4h+2 | Vol+2 | RSI+1 | BTC+2 | FVG+1 | ChoCH+1 | Zone:FVG+1 | Sess:LONDON | QualityRisk:1.15,0,0,-1.0,range,0.4236,8,4.1822,0.0526,2.2846,-1,0.0,0.7513,1.6,0.0,0.067,2.09,1.0,0.2874,1.125,2212,0,4,2.21,0.476,1,1.36,7
AVAXUSDT,2214,2225,1773567900,1773578700,LONG,TRAIL,9.802,9.84518454,10.66569078,9.62926184,0.08824183712268929,0.07866614464107434,0.009575692481614962,13,1.82,69.97,0.6648648648648723,0.003434165543692412,1.1899383609016656,base,adaptive disabled,1.15,81.0,80,100,70,80,LONDON,bullish,bullish,FVG,BOS bullish | Vol 1.8x | FVG | ChoCH | Session:LONDON | Zone:FVG | MTF 13 | Risk x1.15,BOS+2 | BodyStrong+1 | 1h+2 | 4h+2 | Vol+1 | BTC+2 | FVG+1 | ChoCH+1 | Zone:FVG+1 | Sess:LONDON | QualityRisk:1.15,0,0,-1.0,range,0.2956,8,4.1361,0.0526,2.2846,-1,0.0,0.1737,1.7599,10.0,0.1018,1.591,1.0,0.3839,0.421875,2213,0,5,2.825,1.143,1,1.345,7
BTCUSDT,2214,2246,1773567900,1773597600,LONG,TP1,71668.0,71883.004,75968.08,70807.984,0.0,-0.01874999999999993,0.01874999999999993,17,3.64,67.37,0.5098576837707312,0.0020284919088642624,1.0264412936947316,base,adaptive disabled,1.15,90.5,90,100,90,80,LONDON,bullish,bullish,FVG,BOS bullish | Vol 3.6x | FVG | ChoCH | Engulfing | Session:LONDON | StrongTrend1h | Zone:FVG | MTF 17 | Risk x1.15,BOS+2 | BodyStrong+1 | 1h+2 | 4h+2 | Vol+2 | RSI+1 | BTC+2 | FVG+1 | ChoCH+1 | Engulfing+1 | Zone:FVG+1 | Sess:LONDON | Strong1h+1 | QualityRisk:1.15,0,0,-1.0,range,0.422,0,2.9883,0.1111,1.0694,-1,0.0,0.5174,1.4023,0.0,0.0399,2.659,1.0,0.2057,0.5625,2212,0,1,0.97,0.059,1,1.029,3
LINKUSDT,2214,2229,1773567900,1773582300,LONG,SL,9.261,9.397,9.585,9.149868,-0.791015625,-0.8173828125000001,0.026367187500000104,15,4.72,68.15,0.5421686746988047,0.0030188212139671557,1.0640183694268117,base,adaptive disabled,1.15,90.5,90,100,90,80,LONDON,bullish,bullish,FVG,BOS bullish | Vol 4.7x | FVG | ChoCH | Session:LONDON | StrongTrend1h | Zone:FVG | MTF 15 | Risk x1.15,BOS+2 | BodyStrong+1 | 1h+2 | 4h+2 | Vol+2 | BTC+2 | FVG+1 | ChoCH+1 | Zone:FVG+1 | Sess:LONDON | Strong1h+1 | QualityRisk:1.15,0,1,-1.0,bear,0.4385,0,3.1582,0.1111,0.825,-1,0.0,1.0978,0.2132,0.0,0.0655,2.986,1.0,0.2964,0.791015625,2212,0,4,1.982,3.528,1,1.042,0
XRPUSDT,2227,2266,1773579600,1773615600,LONG,TRAIL,1.4188,1.4365,1.503928,1.4017744,1.0671430081759248,1.0483930081759247,0.01875000000000003,15,2.62,69.69,0.4846625766871314,0.0035442380571092907,1.4209356691685993,base,adaptive disabled,1.15,90.5,90,100,90,80,OVERLAP,bullish,bullish,FVG,BOS bullish | Vol 2.6x | FVG | ChoCH | Engulfing | Session:OVERLAP | StrongTrend1h | Zone:FVG | MTF 15 | Risk x1.15,BOS+2 | BodyStrong+1 | 1h+2 | 4h+2 | Vol+2 | BTCok+1 | FVG+1 | ChoCH+1 | Engulfing+1 | Zone:FVG+1 | Sess:OVERLAP | Strong1h+1 | RelStrengthRisk:1.15,0,0,-1.0,range,0.3333,2,3.1726,0.0526,2.5711,-1,0.0,0.6108,2.5706,0.929,-0.0296,1.581,1.0,0.4767,0.5625,2227,0,4,1.656,0.168,1,1.656,1
XRPUSDT,2228,2228,1773580500,1773581400,LONG,TP1,1.4157,1.4199471,1.500642,1.3987116,0.0,-0.058333333333333286,0.058333333333333286,15,2.36,62.37,0.3057851239669564,0.002985972254940692,1.197118933837516,base,adaptive disabled,1.15,83.7,90,96,70,80,OVERLAP,bullish,bullish,FVG,BOS bullish | Vol 2.4x | FVG | ChoCH | Session:OVERLAP | StrongTrend1h | Zone:FVG | MTF 15 | Risk x1.15,BOS+2 | 1h+2 | 4h+2 | Vol+2 | RSI+1 | BTC+2 | FVG+1 | ChoCH+1 | Zone:FVG+1 | Sess:OVERLAP | Strong1h+1 | QualityRisk:1.15,0,0,-1.0,range,0.6452,0,4.5344,0.0526,7.1072,-1,0.0,0.0177,2.6842,0.411,-0.0833,1.307,1.0,0.4252,1.75,2226,2,3,0.385,0.504,1,3.823,2
XRPUSDT,2228,2266,1773580500,1773615600,LONG,TRAIL,1.4188,1.4365,1.503928,1.4017744,1.8971431256460884,1.863809792312755,0.03333333333333339,16,7.0,66.08,0.4319526627218932,0.0058621194827301925,2.350207445358023,base,adaptive disabled,1.15,82.5,90,90,70,80,NEW_YORK,bullish,bullish,FVG,BOS bullish | Vol 7.0x | FVG | ChoCH | Engulfing | BullWick | Session:NEW_YORK | StrongTrend1h | Zone:FVG | MTF 16 | Risk x1.15,BOS+2 | 1h+2 | 4h+2 | Vol+2 | RSI+1 | BTCok+1 | FVG+1 | ChoCH+1 | Engulfing+1 | BullWick+1 | Zone:FVG+1 | Sess:NEW_YORK | Strong1h+1 | RelStrengthRisk:1.15,0,0,-1.0,range,0.5023,0,3.6181,0.0526,7.1072,-1,0.0,0.6108,2.5706,1.46,-0.0851,2.296,1.0,0.0487,1.0,2228,1,5,1.111,0.426,1,3.051,2
XRPUSDT,2229,2266,1773581400,1773615600,LONG,TRAIL,1.4188,1.4365,1.503928,1.4017744,1.778571680293208,1.747321680293208,0.03125000000000005,16,4.01,67.87,0.4352941176470656,0.0071689934912538625,2.823786880920762,base,adaptive disabled,1.15,82.5,90,90,70,80,NEW_YORK,bullish,bullish,FVG,BOS bullish | Vol 4.0x | FVG | ChoCH | Engulfing | BullWick | Session:NEW_YORK | StrongTrend1h | Zone:FVG | MTF 16 | Risk x1.15,BOS+2 | 1h+2 | 4h+2 | Vol+2 | RSI+1 | BTCok+1 | FVG+1 | ChoCH+1 | Engulfing+1 | BullWick+1 | Zone:FVG+1 | Sess:NEW_YORK | Strong1h+1 | RelStrengthRisk:1.15,0,0,-1.0,range,0.5023,1,3.2126,0.1111,6.1445,-1,0.0,0.6108,2.5706,1.088,0.0159,1.631,1.0,0.2444,0.9375,2229,2,6,1.239,0.126,1,2.457,0
XRPUSDT,2264,2266,1773612900,1773615600,LONG,TRAIL,1.4243,1.42967387,1.53177742,1.40280452,1.5584671754248114,1.5253369545597733,0.033130220865038,16,3.62,60.35,0.4432989690721634,0.006828187928424584,2.43510252014512,base,adaptive disabled,1.0,82.5,90,90,70,80,DEAD_ZONE,bullish,bullish,FVG,BOS bullish | Vol 3.6x | FVG | ChoCH | Engulfing | StrongTrend1h | Zone:FVG | MTF 16,BOS+2 | 1h+2 | 4h+2 | Vol+2 | RSI+1 | BTC+2 | FVG+1 | ChoCH+1 | Engulfing+1 | Zone:FVG+1 | Sess:DEAD_ZONE | Strong1h+1,0,0,-1.0,range,0.4176,0,3.8603,0.0526,3.6088,-1,0.0,0.1023,7.4434,0.0,-0.1182,1.536,1.0,0.1161,1.25,2264,1,2,0.304,0.965,0,2.359,3
BTCUSDT,2265,2265,1773613800,1773614700,LONG,TP1,71976.9,72206.14114298,73866.7,71059.93542809,0.0,-0.006622994086729134,0.006622994086729134,15,1.33,57.44,0.2520731867842482,0.0047331117363848705,2.261108449521432,base,adaptive disabled,1.15,80.5,90,80,70,80,DEAD_ZONE,bullish,bullish,FVG,BOS bullish | Vol 1.3x | FVG | ChoCH | StrongTrend1h | Zone:FVG | MTF 15 | Risk x1.15,BOS+2 | BodyStrong+1 | 1h+2 | 4h+2 | Vol+1 | RSI+1 | BTC+2 | FVG+1 | ChoCH+1 | Zone:FVG+1 | Sess:DEAD_ZONE | Strong1h+1 | QualityRisk:1.15,0,0,-1.0,range,0.3092,1,3.0259,0.1111,2.2779,-1,0.0,0.0902,2.1763,10.0,-0.0196,1.18,1.0,0.2113,0.2109375,2265,2,3,0.088,0.026,1,1.126,0
SUIUSDT,2267,2284,1773615600,1773631800,LONG,TP1,1.0231,1.03072934,1.17568672,0.99258266,0.0,-0.007543170538454544,0.007543170538454544,15,3.74,71.16,0.5564853556485313,0.009837737071767232,2.401367624977668,base,adaptive disabled,1.15,88.5,90,90,90,80,DEAD_ZONE,bullish,bullish,FVG,BOS bullish | Vol 3.7x | FVG | ChoCH | StrongTrend1h | Zone:FVG | MTF 15 | Risk x1.15,BOS+2 | BodyStrong+1 | 1h+2 | 4h+2 | Vol+2 | BTC+2 | FVG+1 | ChoCH+1 | Zone:FVG+1 | Sess:DEAD_ZONE | Strong1h+1 | QualityRisk:1.15,0,0,-1.0,range,0.3,3,4.332,0.0526,4.16,-1,0.0,0.3473,1.0879,0.0,0.0506,2.356,1.0,0.2713,0.5625,2267,0,5,2.649,2.431,0,1.589,2
SUIUSDT,2268,2284,1773616500,1773631800,LONG,TP1,1.0231,1.03070938,1.17528767,0.99266247,0.0,-0.015756144634600806,0.015756144634600806,16,3.17,65.15,0.36170212765957127,0.011478283352194564,2.6653641693753216,base,adaptive disabled,1.15,88.5,90,90,90,80,DEAD_ZONE,bullish,bullish,FVG,BOS bullish | Vol 3.2x | FVG | ChoCH | StrongTrend1h | Zone:FVG | MTF 16 | Risk x1.15,BOS+2 | BodyStrong+1 | 1h+2 | 4h+2 | Vol+2 | RSI+1 | BTC+2 | FVG+1 | ChoCH+1 | Zone:FVG+1 | Sess:DEAD_ZONE | Strong1h+1 | QualityRisk:1.15,0,0,-1.0,range,0.3,0,4.0376,0.1111,3.8952,-1,0.0,0.3483,1.0908,0.0,-0.0268,2.217,1.0,0.1351,1.171875,2268,1,6,1.898,3.013,0,1.431,3
SUIUSDT,2306,2309,1773650700,1773654300,LONG,TRAIL,1.0499,1.05896658,1.23123167,1.01363367,0.11098793462869339,0.10230301944703593,0.008684915181657447,15,1.38,59.06,0.12021857923497023,0.008103982456956685,1.144930641626884,base,adaptive disabled,1.25,79.3,90,74,70,80,LONDON,bullish,bullish,FVG,BOS bullish | Vol 1.4x | FVG | ChoCH | Engulfing | Session:LONDON | StrongTrend1h | Zone:FVG | MTF 15 | Risk x1.25,BOS+2 | BodyStrong+1 | 1h+2 | 4h+2 | Vol+1 | RSI+1 | BTCok+1 | FVG+1 | ChoCH+1 | Engulfing+1 | Zone:FVG+1 | Sess:LONDON | Strong1h+1 | QualityRisk:1.15 | RelStrengthRisk:1.25,0,0,-1.0,bull,0.6534,0,3.1781,0.1765,1.3618,-1,0.0,0.0993,1.0257,0.0,0.0163,1.004,1.0,0.5535,0.75,2305,13,3,1.284,-1.0,0,0.992,0
SOLUSDT,2322,2324,1773665100,1773667800,LONG,TP1,93.68,94.08610645,101.80212898,92.0555742,0.0,-0.03027654448728877,0.03027654448728877,14,1.79,57.07,0.17318435754189493,0.006610622242437282,1.315654477783502,base,adaptive disabled,1.15,80.5,90,80,70,80,OVERLAP,bullish,bullish,FVG,BOS bullish | Vol 1.8x | FVG | ChoCH | Session:OVERLAP | StrongTrend1h | Zone:FVG | MTF 14 | Risk x1.15,BOS+2 | BodyStrong+1 | 1h+2 | 4h+2 | Vol+1 | RSI+1 | BTCok+1 | FVG+1 | ChoCH+1 | Zone:FVG+1 | Sess:OVERLAP | Strong1h+1 | QualityRisk:1.15,0,1,-1.0,bear,0.297,0,1.8517,0.1765,2.0656,-1,0.0,0.1354,1.0096,0.0,-0.2025,1.728,1.0,0.1006,1.3125,2322,6,1,0.431,1.184,0,1.034,1
ETHUSDT,2324,2326,1773666900,1773669600,LONG,TRAIL,2271.38,2284.52936454,2534.36729071,2218.78254186,0.7038362937893766,0.6692889208885158,0.03454737290086083,16,2.42,60.58,0.1857725419120985,0.011326324325265667,2.1567366408217707,base,adaptive disabled,1.0,84.9,90,72,90,80,OVERLAP,bullish,bullish,FVG,BOS bullish | Vol 2.4x | FVG | ChoCH | Engulfing | Session:OVERLAP | StrongTrend1h | Zone:FVG | MTF 16,BOS+2 | BodyStrong+1 | 1h+2 | 4h+2 | Vol+2 | RSI+1 | BTCok+1 | FVG+1 | ChoCH+1 | Engulfing+1 | Zone:FVG+1 | Sess:OVERLAP | Strong1h+1,0,0,-1.0,range,0.454,1,2.3845,0.25,2.1149,-1,0.0,0.0202,2.7667,1.277,-0.036,1.428,1.0,0.2103,2.0,2322,6,2,0.156,0.438,1,0.661,0
LINKUSDT,2324,2326,1773666900,1773669600,LONG,TRAIL,9.675,9.71720765,10.51915302,9.5061694,0.7818487880751281,0.7360040182289039,0.04584476984622416,16,1.95,55.45,0.12835820895522734,0.006930492161836166,1.2858728534247863,base,adaptive disabled,1.15,79.5,90,75,70,80,OVERLAP,bullish,bullish,FVG,BOS bullish | Vol 1.9x | FVG | LiqSweep | ChoCH | Engulfing | Session:OVERLAP | StrongTrend1h | Zone:FVG | MTF 16 | Risk x1.15,BOS+2 | BodyStrong+1 | 1h+2 | 4h+2 | Vol+1 | RSI+1 | BTCok+1 | FVG+1 | LiqSweep+1 | ChoCH+1 | Engulfing+1 | Zone:FVG+1 | Sess:OVERLAP | Strong1h+1 | QualityRisk:1.15,0,0,-1.0,range,0.4236,1,2.1223,0.1765,0.8875,-1,0.0,0.0296,3.388,0.0,-0.1442,1.687,1.0,0.0722,2.0,2322,1,1,0.444,2.431,0,0.579,0
BTCUSDT,2328,2332,1773670500,1773675000,LONG,TP1,73569.0,73825.50403179,78699.08063579,72542.98387284,0.0,-0.010755532693765528,0.010755532693765528,16,2.41,64.11,0.5740079567479296,0.006532868364337345,2.0289258061289592,base,adaptive disabled,1.0,82.5,90,90,70,80,NEW_YORK,bullish,bullish,FVG,BOS bullish | Vol 2.4x | FVG | ChoCH | Engulfing | Session:NEW_YORK | StrongTrend1h | Zone:FVG | MTF 16,BOS+2 | 1h+2 | 4h+2 | Vol+2 | RSI+1 | BTC+2 | FVG+1 | ChoCH+1 | Engulfing+1 | Zone:FVG+1 | Sess:NEW_YORK | Strong1h+1,0,0,-1.0,bull,0.6704,3,2.6314,0.1765,3.738,-1,0.0,0.6031,3.0054,1.386,-0.0501,1.419,1.0,0.5352,0.375,2327,11,1,0.168,1.181,0,1.616,2
BTCUSDT,2328,2332,1773670500,1773675000,LONG,TP1,73569.0,73789.707,77983.14,72686.172,0.0,-0.012500000000000086,0.012500000000000086,15,1.88,67.57,0.6154696132596683,0.007877304201821313,2.4421930626613206,base,adaptive disabled,1.0,76.5,90,90,50,80,NEW_YORK,bullish,bullish,FVG,BOS bullish | Vol 1.9x | FVG | ChoCH | Engulfing | Session:NEW_YORK | StrongTrend1h | Zone:FVG | MTF 15,BOS+2 | 1h+2 | 4h+2 | Vol+1 | RSI+1 | BTC+2 | FVG+1 | ChoCH+1 | Engulfing+1 | Zone:FVG+1 | Sess:NEW_YORK | Strong1h+1,0,0,-1.0,bull,0.6704,3,2.5205,0.1765,3.738,-1,0.0,0.7009,3.4929,1.41,-0.0205,1.214,1.0,0.563,0.375,2328,12,2,0.701,0.591,1,1.548,2
XRPUSDT,2328,2330,1773670500,1773673200,LONG,TP1,1.4809,1.48653461,1.59359211,1.45836158,0.0,-0.019711674553939403,0.019711674553939403,16,1.42,64.83,0.5864406779660944,0.00846782022889612,1.7705107601557952,base,adaptive disabled,1.0,84.5,90,100,70,80,NEW_YORK,bullish,bullish,FVG,BOS bullish | Vol 1.4x | FVG | ChoCH | Engulfing | Session:NEW_YORK | StrongTrend1h | Zone:FVG | MTF 16,BOS+2 | BodyStrong+1 | 1h+2 | 4h+2 | Vol+1 | RSI+1 | BTC+2 | FVG+1 | ChoCH+1 | Engulfing+1 | Zone:FVG+1 | Sess:NEW_YORK | Strong1h+1,0,0,-1.0,range,0.4286,1,2.4937,0.1765,2.6058,-1,0.0,0.457,4.9693,10.0,0.0312,1.094,1.0,0.0801,0.75,2328,27,2,0.94,0.204,1,1.295,0
XRPUSDT,2329,2329,1773671400,1773672300,LONG,TP1,1.4711,1.4755133,1.559366,1.4534468,0.0,-0.03333333333333327,0.03333333333333327,18,2.15,60.16,0.5627240143369096,0.007127663730153695,1.4945692605475023,base,adaptive disabled,1.0,84.5,90,100,70,80,NEW_YORK,bullish,bullish,FVG,BOS bullish | Vol 2.1x | FVG | LiqSweep | ChoCH | Engulfing | BullWick | Session:NEW_YORK | StrongTrend1h | Zone:FVG | MTF 18,BOS+2 | 1h+2 | 4h+2 | Vol+2 | RSI+1 | BTC+2 | FVG+1 | LiqSweep+1 | ChoCH+1 | Engulfing+1 | BullWick+1 | Zone:FVG+1 | Sess:NEW_YORK | Strong1h+1,0,0,-1.0,range,0.797,0,2.5515,0.25,2.4298,-1,0.0,0.0283,2.5831,0.0,-0.0091,1.252,1.0,0.0519,1.0,2327,15,1,0.223,0.948,0,1.617,1
XRPUSDT,2334,2339,1773675900,1773681300,LONG,TRAIL,1.4951,1.50504442,1.69398844,1.45532231,0.18403140435266746,0.1734602305363901,0.010571173816277365,15,5.46,70.35,0.48717948717948334,0.01413604442490825,2.8711661740034877,base,adaptive disabled,1.0,82.5,90,90,70,80,NEW_YORK,bullish,bullish,FVG,BOS bullish | Vol 5.5x | FVG | LiqSweep | ChoCH | BullWick | Session:NEW_YORK | StrongTrend1h | Zone:FVG | MTF 15,BOS+2 | 1h+2 | 4h+2 | Vol+2 | BTCok+1 | FVG+1 | LiqSweep+1 | ChoCH+1 | BullWick+1 | Zone:FVG+1 | Sess:NEW_YORK | Strong1h+1,0,0,-1.0,range,0.419,0,4.4037,0.0526,1.109,-1,0.0,0.1031,1.6693,5.736,0.2038,3.218,-1.0,-0.1733,0.703125,2332,0,1,1.494,-1.0,0,1.84,1
XRPUSDT,2334,2339,1773675900,1773681300,LONG,TRAIL,1.4951,1.50507161,1.69453212,1.45521358,0.13692849179974012,0.1290217241266825,0.007906767673057608,13,1.45,71.27,0.5453100158982477,0.014074986111736664,2.7703325999404806,base,adaptive disabled,1.0,76.5,90,90,50,80,NEW_YORK,bullish,bullish,FVG,BOS bullish | Vol 1.4x | FVG | ChoCH | BullWick | Session:NEW_YORK | StrongTrend1h | Zone:FVG | MTF 13,BOS+2 | 1h+2 | 4h+2 | Vol+1 | BTCok+1 | FVG+1 | ChoCH+1 | BullWick+1 | Zone:FVG+1 | Sess:NEW_YORK | Strong1h+1,0,0,-1.0,bull,0.419,0,4.358,0.0526,1.109,-1,0.0,0.1028,1.6647,7.457,0.2142,1.28,-1.0,-0.0879,0.52734375,2333,1,2,1.688,-1.0,0,1.821,1
LINKUSDT,2360,2389,1773699300,1773726300,LONG,SL,9.973,10.03933164,11.29963272,9.70767346,-0.52734375,-0.5352723940304841,0.007928644030484091,14,1.58,71.26,0.41726618705036045,0.009423443705099106,1.7275128120695062,base,adaptive disabled,1.0,84.5,90,100,70,80,DEAD_ZONE,bullish,bullish,FVG,BOS bullish | Vol 1.6x | FVG | ChoCH | StrongTrend1h | Zone:FVG | MTF 14,BOS+2 | BodyStrong+1 | 1h+2 | 4h+2 | Vol+1 | BTC+2 | FVG+1 | ChoCH+1 | Zone:FVG+1 | Sess:DEAD_ZONE | Strong1h+1,0,0,-1.0,bull,0.3412,1,2.6416,0.0526,1.5657,-1,0.0,1.0365,1.2814,0.879,0.0906,0.976,1.0,0.2874,0.52734375,2360,1,2,1.386,-1.0,0,1.614,0
ETHUSDT,2363,2366,1773702000,1773705600,LONG,TRAIL,2335.87,2354.67620914,2711.99418278,2260.64516344,0.10635054304837656,0.09936387781872463,0.0069866652296519255,13,1.85,69.69,0.3949268653952942,0.007993564149080942,1.23684202036459,base,adaptive disabled,1.0,78.5,90,100,50,80,DEAD_ZONE,bullish,bullish,FVG,BOS bullish | Vol 1.9x | FVG | ChoCH | StrongTrend1h | Zone:FVG | MTF 13,BOS+2 | 1h+2 | 4h+2 | Vol+1 | BTC+2 | FVG+1 | ChoCH+1 | Zone:FVG+1 | Sess:DEAD_ZONE | Strong1h+1,0,0,-1.0,bull,0.6882,0,2.5986,0.25,0.814,-1,0.0,0.0915,1.3363,0.454,0.0678,0.931,1.0,0.6455,0.5625,2358,3,2,0.665,-1.0,0,0.773,1
SUIUSDT,2363,2380,1773702000,1773718200,LONG,SL,1.0752,1.08322346,1.23566914,1.04310617,-0.5625,-0.5700378974712584,0.007537897471258497,16,1.4,66.59,0.4198473282442773,0.00888628191270287,1.4379619823720273,base,adaptive disabled,1.15,84.5,90,100,70,80,DEAD_ZONE,bullish,bullish,FVG,BOS bullish | Vol 1.4x | FVG | ChoCH | Engulfing | StrongTrend1h | Zone:FVG | MTF 16 | Risk x1.15,BOS+2 | BodyStrong+1 | 1h+2 | 4h+2 | Vol+1 | RSI+1 | BTC+2 | FVG+1 | ChoCH+1 | Engulfing+1 | Zone:FVG+1 | Sess:DEAD_ZONE | Strong1h+1 | QualityRisk:1.15,0,0,-1.0,bull,0.2835,0,3.0848,0.25,1.5864,-1,0.0,1.1248,0.9721,1.813,0.1661,1.791,1.0,0.1933,0.5625,2361,0,5,1.632,0.11,1,0.562,1
BTCUSDT,2373,2422,1773711000,1773756000,LONG,SL,75567.7,76101.96079132,86252.91582639,73430.65683472,-0.158203125,-0.16044080489028825,0.002237679890288244,15,1.4,71.4,0.43030969397104546,0.007589093094989386,1.5976697357596805,base,adaptive disabled,1.0,78.5,90,100,50,80,OFF_HOURS,bullish,bullish,FVG,BOS bullish | Vol 1.4x | FVG | ChoCH | Engulfing | BullWick | StrongTrend1h | Zone:FVG | MTF 15,BOS+2 | 1h+2 | 4h+2 | Vol+1 | BTC+2 | FVG+1 | ChoCH+1 | Engulfing+1 | BullWick+1 | Zone:FVG+1 | Sess:OFF_HOURS | Strong1h+1,0,0,-1.0,bull,0.1923,3,3.2947,0.0526,1.3373,-1,0.0,1.0848,0.7788,1.515,0.2862,1.517,1.0,0.4005,0.158203125,2373,0,5,2.42,-1.0,0,0.921,2
XRPUSDT,2381,2390,1773718200,1773727200,LONG,SL,1.5566,1.56777592,1.78011842,1.51189632,-0.5625,-0.570334589904008,0.0078345899040079,15,1.45,66.06,0.2819875776397516,0.010201864056091378,1.4841787322564892,base,adaptive disabled,1.15,77.1,90,93,50,80,OFF_HOURS,bullish,bullish,FVG,BOS bullish | Vol 1.4x | FVG | ChoCH | BullWick | StrongTrend1h | Zone:FVG | MTF 15 | Risk x1.15,BOS+2 | 1h+2 | 4h+2 | Vol+1 | RSI+1 | BTC+2 | FVG+1 | ChoCH+1 | BullWick+1 | Zone:FVG+1 | Sess:OFF_HOURS | Strong1h+1 | RelStrengthRisk:1.15,0,0,-1.0,bull,0.6844,0,3.6478,0.1765,1.5102,-1,0.0,1.0536,0.7606,1.214,0.247,1.023,1.0,0.3154,0.5625,2376,3,4,1.336,-1.0,0,1.107,0
XRPUSDT,2381,2390,1773718200,1773727200,LONG,SL,1.5566,1.56778657,1.78033139,1.51185372,-0.75,-0.7604361748060398,0.010436174806039736,14,1.32,62.78,0.3180076628352488,0.009067727148775013,1.3191832110408297,base,adaptive disabled,1.15,78.1,90,98,50,80,OFF_HOURS,bullish,bullish,FVG,BOS bullish | Vol 1.3x | FVG | ChoCH | StrongTrend1h | Zone:FVG | MTF 14 | Risk x1.15,BOS+2 | 1h+2 | 4h+2 | Vol+1 | RSI+1 | BTC+2 | FVG+1 | ChoCH+1 | Zone:FVG+1 | Sess:OFF_HOURS | Strong1h+1 | RelStrengthRisk:1.15,0,0,-1.0,bull,0.6844,0,3.636,0.1765,1.5102,-1,0.0,1.0526,0.7598,1.741,0.1926,1.267,1.0,0.2495,0.75,2377,4,5,0.996,-1.0,0,1.103,0
ADAUSDT,2399,2402,1773734400,1773738000,LONG,TRAIL,0.2861,0.28774068,0.31891364,0.27953727,0.09355512781781405,0.080476729041695,0.013078398776119052,15,1.52,54.53,0.34693877551020247,0.006286158105862613,0.9918160570520163,base,adaptive disabled,1.15,84.5,90,100,70,80,LONDON,bullish,bullish,FVG,BOS bullish | Vol 1.5x | FVG | ChoCH | Session:LONDON | StrongTrend1h | Zone:FVG | MTF 15 | Risk x1.15,BOS+2 | BodyStrong+1 | 1h+2 | 4h+2 | Vol+1 | RSI+1 | BTC+2 | FVG+1 | ChoCH+1 | Zone:FVG+1 | Sess:LONDON | Strong1h+1 | QualityRisk:1.15,0,1,-1.0,bear,0.5354,0,2.4965,-1.0,-1.0,-1,0.0,0.1067,1.0971,0.0,-0.0892,1.359,1.0,-0.0678,0.75,2397,0,1,1.172,0.917,0,0.459,0
LINKUSDT,2429,2509,1773761400,1773834300,LONG,SL,9.762,9.969,10.006,9.644856,-2.0,-2.066666666666667,0.06666666666666685,14,1.46,60.69,0.4451612903225879,0.006762679895807748,1.4403038030413724,base,adaptive disabled,1.15,68.0,60,100,50,80,NEW_YORK,neutral,bullish,FVG,BOS bullish | Vol 1.5x | FVG | ChoCH | BullWick | Session:NEW_YORK | Zone:FVG | MTF 14 | Risk x1.15,BOS+2 | 1hN+1 | 4h+2 | Vol+1 | RSI+1 | BTCok+1 | FVG+1 | ChoCH+1 | BullWick+1 | Zone:FVG+1 | Sess:NEW_YORK | NestedOB_1h+2 | RelStrengthRisk:1.15,0,1,-1.0,bear,0.7611,1,3.7509,0.1111,2.2184,-1,0.0,2.0914,0.7778,0.0,0.1981,1.164,1.0,0.3248,2.0,2425,12,1,0.689,0.061,1,0.852,0
LINKUSDT,2429,2509,1773761400,1773834300,LONG,SL,9.762,9.969,10.006,9.644856,-1.640625,-1.6953125000000002,0.054687500000000146,13,1.36,63.04,0.465838509316778,0.006106082064531539,1.3125421620586801,base,adaptive disabled,1.15,68.0,60,100,50,80,NEW_YORK,neutral,bullish,FVG,BOS bullish | Vol 1.4x | FVG | ChoCH | Session:NEW_YORK | Zone:FVG | MTF 13 | Risk x1.15,BOS+2 | 1hN+1 | 4h+2 | Vol+1 | RSI+1 | BTCok+1 | FVG+1 | ChoCH+1 | Zone:FVG+1 | Sess:NEW_YORK | NestedOB_1h+2 | RelStrengthRisk:1.15,0,1,-1.0,bear,0.7611,1,3.7911,0.1111,2.2184,-1,0.0,2.0914,0.7778,0.0,0.163,1.576,1.0,0.4178,1.640625,2426,13,2,1.004,4.754,0,0.861,0
LINKUSDT,2429,2509,1773761400,1773834300,LONG,SL,9.762,9.969,10.006,9.644856,-2.0,-2.066666666666667,0.06666666666666685,14,3.33,53.53,0.34653465346535106,0.007227159332316892,1.6365314051044326,base,adaptive disabled,1.15,80.0,60,100,90,80,NEW_YORK,neutral,bullish,FVG,BOS bullish | Vol 3.3x | FVG | ChoCH | Session:NEW_YORK | Zone:FVG | MTF 14 | Risk x1.15,BOS+2 | BodyStrong+1 | 1hN+1 | 4h+2 | Vol+2 | RSI+1 | BTC+2 | FVG+1 | ChoCH+1 | Zone:FVG+1 | Sess:NEW_YORK | QualityRisk:1.15,0,1,-1.0,bear,0.7611,1,3.4208,0.1111,2.2184,-1,0.0,2.0914,0.7778,0.0,-0.0029,1.386,1.0,0.2335,2.0,2428,15,4,0.259,0.425,1,0.777,0
LINKUSDT,2430,2430,1773762300,1773763200,LONG,TP1,9.762,9.791286,10.34772,9.644856,0.0,-0.06666666666666685,0.06666666666666685,13,1.66,46.24,0.1467889908256906,0.008814896723466708,2.006721488997641,base,adaptive disabled,1.0,67.4,60,67,70,80,NEW_YORK,neutral,bullish,FVG,BOS bullish | Vol 1.7x | FVG | ChoCH | Session:NEW_YORK | Zone:FVG | MTF 13,BOS+2 | BodyStrong+1 | 1hN+1 | 4h+2 | Vol+1 | RSI+1 | BTC+2 | FVG+1 | ChoCH+1 | Zone:FVG+1 | Sess:NEW_YORK,0,1,-1.0,bear,0.7611,0,3.5232,0.1765,2.0573,-1,0.0,0.0854,1.5366,0.0,-0.0428,1.061,1.0,0.2317,2.0,2430,17,6,0.449,1.114,0,1.564,1
SOLUSDT,2457,2483,1773786600,1773810900,LONG,SL,95.03,96.94,97.63,93.72401109,-0.5625,-0.5788720762376153,0.016372076237615264,16,1.35,56.98,0.24663677130045153,0.003569169532070673,0.7665602745023574,base,adaptive disabled,1.15,80.3,90,79,70,80,DEAD_ZONE,bullish,bullish,FVG,BOS bullish | Vol 1.4x | FVG | ChoCH | Engulfing | StrongTrend1h | Zone:FVG | MTF 16 | Risk x1.15,BOS+2 | BodyStrong+1 | 1h+2 | 4h+2 | Vol+1 | RSI+1 | BTC+2 | FVG+1 | ChoCH+1 | Engulfing+1 | Zone:FVG+1 | Sess:DEAD_ZONE | Strong1h+1 | QualityRisk:1.15,0,0,-1.0,range,0.3786,0,1.812,0.0526,1.3432,-1,0.0,1.0107,0.2932,1.833,-0.0826,1.432,1.0,0.057,0.5625,2457,4,1,0.55,0.917,1,0.94,1
SOLUSDT,2458,2458,1773787500,1773788400,LONG,TP1,94.82,95.10446,100.5092,93.68216,0.0,-0.010546875000000027,0.010546875000000027,17,1.37,50.3,0.17796610169491386,0.005119224942070711,1.099469902332265,base,adaptive disabled,1.15,80.7,90,81,70,80,DEAD_ZONE,bullish,bullish,FVG,BOS bullish | Vol 1.4x | FVG | ChoCH | Engulfing | BullWick | StrongTrend1h | Zone:FVG | MTF 17 | Risk x1.15,BOS+2 | BodyStrong+1 | 1h+2 | 4h+2 | Vol+1 | RSI+1 | BTC+2 | FVG+1 | ChoCH+1 | Engulfing+1 | BullWick+1 | Zone:FVG+1 | Sess:DEAD_ZONE | Strong1h+1 | QualityRisk:1.15,0,0,-1.0,range,0.5441,0,2.3046,0.1111,1.3476,-1,0.0,0.0615,2.285,6.0,-0.0851,0.949,-1.0,-0.0463,0.31640625,2458,17,2,1.285,0.532,1,1.44,0
SOLUSDT,2460,2483,1773789300,1773810900,LONG,SL,95.03,96.94,97.63,93.72952997,-0.5625,-0.5789415553659472,0.016441555365947193,15,1.71,57.41,0.1637931034482775,0.00624102143621338,1.250328890286122,base,adaptive disabled,1.25,80.3,90,79,70,80,DEAD_ZONE,bullish,bullish,FVG,BOS bullish | Vol 1.7x | FVG | ChoCH | Engulfing | StrongTrend1h | Zone:FVG | MTF 15 | Risk x1.25,BOS+2 | BodyStrong+1 | 1h+2 | 4h+2 | Vol+1 | RSI+1 | BTCok+1 | FVG+1 | ChoCH+1 | Engulfing+1 | Zone:FVG+1 | Sess:DEAD_ZONE | Strong1h+1 | QualityRisk:1.15 | RelStrengthRisk:1.25,0,0,-1.0,range,0.438,0,2.2106,0.25,1.2397,-1,0.0,1.015,0.2932,1.0,-0.0597,1.115,1.0,0.0029,0.5625,2459,6,3,0.276,0.616,1,0.531,1
ADAUSDT,2478,2483,1773805500,1773810900,LONG,TP1,0.2909,0.29241899,0.32127988,0.28482402,0.0,-0.008079252235853337,0.008079252235853337,19,2.79,61.57,0.48648648648649157,0.004695336366404863,0.9702577223360346,base,adaptive disabled,1.15,90.5,90,100,90,80,OFF_HOURS,bullish,bullish,FVG,BOS bullish | Vol 2.8x | FVG | ChoCH | Engulfing | StrongTrend1h | Zone:FVG | MTF 19 | Risk x1.15,BOS+2 | BodyStrong+1 | 1h+2 | 4h+2 | Vol+2 | RSI+1 | BTC+2 | FVG+1 | ChoCH+1 | Engulfing+1 | Zone:FVG+1 | Sess:OFF_HOURS | Strong1h+1 | NestedOB_1h+2 | QualityRisk:1.15,0,1,-1.0,bear,0.4103,0,3.1843,0.0526,5.4595,-1,0.0,0.1481,2.8967,0.0,0.0713,1.793,1.0,0.0111,0.421875,2477,17,5,1.287,0.745,1,2.033,1
ADAUSDT,2478,2483,1773805500,1773810900,LONG,TP1,0.2911,0.29269621,0.32302418,0.28471516,0.0,-0.012822854605597005,0.012822854605597005,18,5.41,59.71,0.38888888888888845,0.006979203299766992,1.4422025109432097,base,adaptive disabled,1.15,84.5,90,100,70,80,OFF_HOURS,bullish,bullish,FVG,BOS bullish | Vol 5.4x | FVG | ChoCH | Engulfing | StrongTrend1h | Zone:FVG | MTF 18 | Risk x1.15,BOS+2 | 1h+2 | 4h+2 | Vol+2 | RSI+1 | BTC+2 | FVG+1 | ChoCH+1 | Engulfing+1 | Zone:FVG+1 | Sess:OFF_HOURS | Strong1h+1 | NestedOB_1h+2 | QualityRisk:1.15,0,1,-1.0,bear,0.3846,0,2.9656,0.0526,5.4595,-1,0.0,0.1723,2.6312,0.0,-0.1607,2.858,-1.0,-0.2624,0.703125,2478,0,6,1.01,0.883,1,1.893,1
ETHUSDT,2478,2508,1773805500,1773833400,LONG,SL,2338.01,2348.30487228,2543.90744559,2296.83051088,-0.5625,-0.5752746181713679,0.012774618171367871,16,2.81,60.28,0.3680381904978473,0.004164071458240857,1.008021935828144,base,adaptive disabled,1.15,84.5,90,100,70,80,OFF_HOURS,bullish,bullish,FVG,BOS bullish | Vol 2.8x | FVG | ChoCH | Engulfing | StrongTrend1h | Zone:FVG | MTF 16 | Risk x1.15,BOS+2 | 1h+2 | 4h+2 | Vol+2 | RSI+1 | BTC+2 | FVG+1 | ChoCH+1 | Engulfing+1 | Zone:FVG+1 | Sess:OFF_HOURS | Strong1h+1 | QualityRisk:1.15,0,0,-1.0,bull,0.2556,2,2.3698,0.0526,2.8126,-1,0.0,1.1659,0.3273,10.0,-0.0029,2.343,1.0,0.3654,0.5625,2478,0,1,0.595,0.495,1,1.199,1
XRPUSDT,2481,2483,1773808200,1773810900,LONG,TP1,1.5262,1.53243291,1.65085829,1.50126834,0.0,-0.013773451105943194,0.013773451105943194,17,3.18,50.26,0.2674157303370792,0.005592723787954448,1.3030186007750082,base,adaptive disabled,1.25,91.9,90,92,100,80,OFF_HOURS,bullish,bullish,OB,BOS bullish | Vol 3.2x | FVG | OB | ChoCH | StrongTrend1h | Zone:OB | MTF 17 | Risk x1.25,BOS+2 | BodyStrong+1 | 1h+2 | 4h+2 | Vol+2 | RSI+1 | BTC+2 | FVG+1 | OB+1 | ChoCH+1 | Zone:OB+1 | Sess:OFF_HOURS | Strong1h+1 | QualityRisk:1.15 | RelStrengthRisk:1.25,0,0,-1.0,range,0.4479,0,2.2938,0.1111,2.2012,-1,0.0,0.1284,1.3798,0.0,-0.2552,1.645,-1.0,-0.3964,0.5625,2481,5,2,1.385,2.005,0,1.933,0
ADAUSDT,2613,2620,1773927000,1773934200,SHORT,TP1,0.2652,0.26324323,0.22606461,0.27302708,0.0,-0.007623532658411579,0.007623532658411579,14,1.43,29.61,0.6190476190476196,0.009594786148249136,2.3603173933415627,base,adaptive disabled,1.15,82.5,90,90,70,80,NEW_YORK,bearish,bearish,FVG,BOS bearish | Vol 1.4x | FVG | ChoCH | Session:NEW_YORK | StrongTrend1h | Zone:FVG | MTF 14 | Risk x1.15,BOS+2 | BodyStrong+1 | 1h+2 | 4h+2 | Vol+1 | BTC+2 | FVG+1 | ChoCH+1 | Zone:FVG+1 | Sess:NEW_YORK | Strong1h+1 | TrendPairRisk:1.15,0,0,-1.0,range,0.2727,0,3.9942,0.0526,1.4284,-1,0.0,0.2939,1.0732,0.0,-0.2431,0.888,1.0,-0.2266,0.5625,2613,1,2,2.102,1.612,0,1.612,7
BTCUSDT,2613,2618,1773927000,1773932400,SHORT,TRAIL,69443.3,69098.93185359,62555.93707182,70820.77258564,0.0366091677799677,0.030937642022255286,0.005671525757712414,16,1.49,31.39,0.5319090660093113,0.006851188319956973,2.3456610858157805,base,adaptive disabled,1.15,82.5,90,90,70,80,NEW_YORK,bearish,bearish,FVG,BOS bearish | Vol 1.5x | FVG | ChoCH | Engulfing | BearWick | Session:NEW_YORK | StrongTrend1h | Zone:FVG | MTF 16 | Risk x1.15,BOS+2 | BodyStrong+1 | 1h+2 | 4h+2 | Vol+1 | BTC+2 | FVG+1 | ChoCH+1 | Engulfing+1 | BearWick+1 | Zone:FVG+1 | Sess:NEW_YORK | Strong1h+1 | TrendPairRisk:1.15,0,0,-1.0,range,0.2719,0,3.0811,0.1111,1.8076,-1,0.0,0.4992,1.0881,0.0,-0.2255,0.986,1.0,-0.3125,0.28125,2613,1,5,1.888,0.553,1,1.509,2
ETHUSDT,2613,2617,1773927000,1773931500,SHORT,TRAIL,2135.34,2118.07318794,1790.00375885,2204.40724823,0.1872879225251321,0.180331636987303,0.006956285537829112,14,1.93,30.32,0.5814464114175923,0.010246915055844708,2.252857467277921,base,adaptive disabled,1.15,82.5,90,90,70,80,NEW_YORK,bearish,bearish,FVG,BOS bearish | Vol 1.9x | FVG | ChoCH | Session:NEW_YORK | StrongTrend1h | Zone:FVG | MTF 14 | Risk x1.15,BOS+2 | BodyStrong+1 | 1h+2 | 4h+2 | Vol+1 | BTC+2 | FVG+1 | ChoCH+1 | Zone:FVG+1 | Sess:NEW_YORK | Strong1h+1 | TrendPairRisk:1.15,0,0,-1.0,range,0.2642,0,4.1637,0.0526,1.8917,-1,0.0,0.1685,1.9703,0.0,-0.2911,1.089,1.0,-0.2951,0.5625,2613,1,4,2.229,5.53,0,1.771,7
LINKUSDT,2613,2616,1773927000,1773930600,SHORT,TP1,8.97,8.91019524,7.77390476,9.20921905,0.0,-0.014061380145101375,0.014061380145101375,15,2.25,31.72,0.5608108108108133,0.00910319419708814,2.451436649101401,base,adaptive disabled,1.15,88.5,90,90,90,80,NEW_YORK,bearish,bearish,FVG,BOS bearish | Vol 2.2x | FVG | ChoCH | Session:NEW_YORK | StrongTrend1h | Zone:FVG | MTF 15 | Risk x1.15,BOS+2 | BodyStrong+1 | 1h+2 | 4h+2 | Vol+2 | BTC+2 | FVG+1 | ChoCH+1 | Zone:FVG+1 | Sess:NEW_YORK | Strong1h+1 | TrendPairRisk:1.15,0,0,-1.0,range,0.2914,0,4.7609,0.1111,3.1623,-1,0.0,0.2341,1.1203,0.0,-0.3178,1.231,1.0,-0.2132,0.9375,2613,1,4,2.345,1.066,1,1.824,7
SOLUSDT,2613,2617,1773927000,1773931500,SHORT,TRAIL,88.25,87.57635615,74.77712293,90.94457541,0.1049425685995875,0.0975735968772485,0.007368971722338998,15,1.49,30.22,0.6135593220339014,0.008952008175702216,2.069979736630051,base,adaptive disabled,1.25,82.5,90,90,70,80,NEW_YORK,bearish,bearish,FVG,BOS bearish | Vol 1.5x | FVG | ChoCH | BearWick | Session:NEW_YORK | StrongTrend1h | Zone:FVG | MTF 15 | Risk x1.25,BOS+2 | BodyStrong+1 | 1h+2 | 4h+2 | Vol+1 | BTC+2 | FVG+1 | ChoCH+1 | BearWick+1 | Zone:FVG+1 | Sess:NEW_YORK | Strong1h+1 | QualityRisk:1.15 | TrendPairRisk:1.25,0,1,-1.0,bull,0.2423,0,4.2775,0.1111,2.2616,-1,0.0,0.2227,1.3063,0.0,-0.3641,0.864,1.0,-0.2176,0.5625,2613,1,4,2.318,1.349,1,1.728,5
SUIUSDT,2613,2620,1773927000,1773934200,SHORT,TP1,0.9503,0.94471779,0.83865579,0.97262884,0.0,-0.012767792684259451,0.012767792684259451,14,1.75,31.38,0.5636363636363627,0.009803796749558578,2.3484995116018506,base,adaptive disabled,1.25,82.5,90,90,70,80,NEW_YORK,bearish,bearish,FVG,BOS bearish | Vol 1.8x | FVG | ChoCH | Session:NEW_YORK | StrongTrend1h | Zone:FVG | MTF 14 | Risk x1.25,BOS+2 | BodyStrong+1 | 1h+2 | 4h+2 | Vol+1 | BTC+2 | FVG+1 | ChoCH+1 | Zone:FVG+1 | Sess:NEW_YORK | Strong1h+1 | QualityRisk:1.15 | TrendPairRisk:1.25,0,0,-1.0,range,0.3509,0,3.724,0.1111,2.5637,-1,0.0,0.3269,1.3615,0.0,-0.2182,1.01,1.0,-0.3516,0.75,2613,1,4,1.599,-1.0,0,1.735,7
XRPUSDT,2613,2620,1773927000,1773934200,SHORT,TP1,1.4419,1.43308975,1.2656949,1.47714102,0.0,-0.012274616341978769,0.012274616341978769,16,1.95,34.12,0.5670103092783518,0.008558835805364816,2.194665686662634,base,adaptive disabled,1.15,82.5,90,90,70,80,NEW_YORK,bearish,bearish,FVG,BOS bearish | Vol 1.9x | FVG | ChoCH | BearWick | Session:NEW_YORK | StrongTrend1h | Zone:FVG | MTF 16 | Risk x1.15,BOS+2 | BodyStrong+1 | 1h+2 | 4h+2 | Vol+1 | RSI+1 | BTC+2 | FVG+1 | ChoCH+1 | BearWick+1 | Zone:FVG+1 | Sess:NEW_YORK | Strong1h+1 | TrendPairRisk:1.15,0,0,-1.0,range,0.2642,0,3.8298,0.1111,2.3558,-1,0.0,0.4086,1.6345,0.0,-0.28,0.986,1.0,-0.1671,0.75,2613,1,4,1.623,0.76,1,1.973,5
ETHUSDT,2614,2617,1773927900,1773931500,SHORT,TRAIL,2135.34,2117.72903166,1783.12063322,2205.78387336,0.27833075247142214,0.2676739638403718,0.010656788631050372,15,3.25,36.36,0.4063093880653773,0.011356397981288366,2.455432495390873,base,adaptive disabled,1.15,82.5,90,90,70,80,NEW_YORK,bearish,bearish,FVG,BOS bearish | Vol 3.2x | FVG | ChoCH | Session:NEW_YORK | StrongTrend1h | Zone:FVG | MTF 15 | Risk x1.15,BOS+2 | 1h+2 | 4h+2 | Vol+2 | RSI+1 | BTC+2 | FVG+1 | ChoCH+1 | Zone:FVG+1 | Sess:NEW_YORK | Strong1h+1 | TrendPairRisk:1.15,0,0,-1.0,range,0.3063,0,3.7348,0.0526,3.1768,-1,0.0,0.1652,1.9318,0.0,-0.1474,1.414,1.0,-0.1419,0.87890625,2614,2,5,1.413,5.571,0,2.298,0
LINKUSDT,2614,2616,1773927900,1773930600,SHORT,TP1,8.97,8.90935986,7.75719728,9.21256054,0.0,-0.01733458995432649,0.01733458995432649,15,2.26,36.49,0.43396226415094363,0.009204210229520417,2.4786396724237543,base,adaptive disabled,1.15,82.5,90,90,70,80,NEW_YORK,bearish,bearish,FVG,BOS bearish | Vol 2.3x | FVG | ChoCH | Session:NEW_YORK | StrongTrend1h | Zone:FVG | MTF 15 | Risk x1.15,BOS+2 | 1h+2 | 4h+2 | Vol+2 | RSI+1 | BTC+2 | FVG+1 | ChoCH+1 | Zone:FVG+1 | Sess:NEW_YORK | Strong1h+1 | TrendPairRisk:1.15,0,0,-1.0,range,0.2914,0,3.8849,0.1765,3.172,-1,0.0,0.2309,1.0884,0.0,-0.2492,1.156,1.0,-0.1674,1.171875,2614,2,5,1.624,1.536,0,1.953,0
SOLUSDT,2614,2617,1773927900,1773931500,SHORT,TRAIL,88.25,87.56322356,74.51447129,90.99710574,0.16259628347454,0.1505495138441871,0.012046769630352876,16,2.49,39.68,0.40000000000000085,0.01036935368207894,2.3862807511990267,base,adaptive disabled,1.25,88.5,90,90,90,80,NEW_YORK,bearish,bearish,FVG,BOS bearish | Vol 2.5x | FVG | ChoCH | Session:NEW_YORK | StrongTrend1h | Zone:FVG | MTF 16 | Risk x1.25,BOS+2 | BodyStrong+1 | 1h+2 | 4h+2 | Vol+2 | RSI+1 | BTC+2 | FVG+1 | ChoCH+1 | Zone:FVG+1 | Sess:NEW_YORK | Strong1h+1 | QualityRisk:1.15 | TrendPairRisk:1.25,0,1,-1.0,bull,0.2575,0,3.5666,0.0526,2.4413,-1,0.0,0.2184,1.2813,0.0,-0.2703,1.084,1.0,-0.1142,0.9375,2614,2,5,1.1,2.201,0,2.296,0
XRPUSDT,2622,2813,1773935100,1774107900,SHORT,EXPIRED,1.4306,1.41957289,1.21005786,1.47470843,-0.12540119881845788,-0.1375638398374196,0.012162641018961721,16,2.91,31.15,0.125773195876288,0.007382347400538822,1.5400631299636054,base,adaptive disabled,1.15,79.5,90,75,70,80,NEW_YORK,bearish,bearish,FVG,BOS bearish | Vol 2.9x | FVG | ChoCH | Engulfing | BearWick | Session:NEW_YORK | StrongTrend1h | Zone:FVG | MTF 16 | Risk x1.15,BOS+2 | 1h+2 | 4h+2 | Vol+2 | BTC+2 | FVG+1 | ChoCH+1 | Engulfing+1 | BearWick+1 | Zone:FVG+1 | Sess:NEW_YORK | Strong1h+1 | TrendPairRisk:1.15,0,0,-1.0,bear,0.1711,0,3.1053,0.0526,2.8357,-1,0.0,0.798,0.8615,0.207,-0.3216,3.406,1.0,-0.1405,0.9375,2622,0,1,0.493,5.344,0,0.855,2
AVAXUSDT,2684,2705,1773990900,1774010700,SHORT,TP1,9.501,9.46780483,8.83709651,9.6337807,0.0,-0.0563488330758907,0.0563488330758907,15,3.62,38.11,0.243478260869563,0.004496414916881818,1.2544997618232918,base,adaptive disabled,1.0,77.8,60,89,90,80,LONDON,neutral,bearish,FVG,BOS bearish | Vol 3.6x | FVG | LiqSweep | ChoCH | Session:LONDON | Zone:FVG | MTF 15,BOS+2 | BodyStrong+1 | 1hN+1 | 4h+2 | Vol+2 | RSI+1 | BTC+2 | FVG+1 | LiqSweep+1 | ChoCH+1 | Zone:FVG+1 | Sess:LONDON,0,1,-1.0,bull,0.3766,6,3.9695,0.0526,3.5986,-1,0.0,0.8209,1.446,4.0,-0.1607,2.295,1.0,-0.3277,1.96875,2684,0,1,1.441,0.87,1,1.577,5
ADAUSDT,2713,2715,1774017000,1774019700,SHORT,TRAIL,0.2673,0.2661996,0.24529205,0.27170159,0.3619157370470826,0.33914271638863874,0.022773020658443825,18,4.79,34.13,0.4468085106383029,0.008762520111153358,1.9649951356563855,base,adaptive disabled,1.15,82.5,90,90,70,80,NEW_YORK,bearish,bearish,FVG,BOS bearish | Vol 4.8x | FVG | ChoCH | BearWick | Session:NEW_YORK | StrongTrend1h | Zone:FVG | MTF 18 | Risk x1.15,BOS+2 | 1h+2 | 4h+2 | Vol+2 | RSI+1 | BTC+2 | FVG+1 | ChoCH+1 | BearWick+1 | Zone:FVG+1 | Sess:NEW_YORK | Strong1h+1 | NestedOB_1h+2 | TrendPairRisk:1.15,0,0,-1.0,bear,0.5273,0,2.8539,0.0526,1.9384,-1,0.0,0.0682,2.7263,1.5,-0.0585,3.053,1.0,-0.3878,0.9375,2712,5,1,0.785,1.926,0,1.498,3
ADAUSDT,2713,2715,1774017000,1774019700,SHORT,TRAIL,0.267,0.26591213,0.24524262,0.27135148,0.23686110022624718,0.21845356991472084,0.01840753031152635,17,1.93,38.71,0.3333333333333333,0.008402455909433268,1.8709468498673785,base,adaptive disabled,1.25,79.5,90,90,60,80,NEW_YORK,bearish,bearish,OB,BOS bearish | Vol 1.9x | FVG | OB | ChoCH | Session:NEW_YORK | StrongTrend1h | Zone:OB | MTF 17 | Risk x1.25,BOS+2 | 1h+2 | 4h+2 | Vol+1 | RSI+1 | BTC+2 | FVG+1 | OB+1 | ChoCH+1 | Zone:OB+1 | Sess:NEW_YORK | Strong1h+1 | NestedOB_1h+2 | QualityRisk:1.15 | TrendPairRisk:1.25,0,0,-1.0,bear,0.4727,0,2.7558,0.0526,1.9384,-1,0.0,0.1379,2.4819,2.833,0.0051,1.335,1.0,-0.2278,0.75,2713,4,2,0.344,0.207,1,1.447,3
ETHUSDT,2713,2715,1774017000,1774019700,SHORT,TRAIL,2142.63,2134.44669912,1978.96398246,2175.36320351,0.430694105544812,0.3979654115850925,0.032728693959719474,17,2.99,38.14,0.3079880392994362,0.00988442928183996,2.261934270130582,base,adaptive disabled,1.15,81.7,90,86,70,80,NEW_YORK,bearish,bearish,FVG,BOS bearish | Vol 3.0x | FVG | ChoCH | Session:NEW_YORK | StrongTrend1h | Zone:FVG | MTF 17 | Risk x1.15,BOS+2 | 1h+2 | 4h+2 | Vol+2 | RSI+1 | BTC+2 | FVG+1 | ChoCH+1 | Zone:FVG+1 | Sess:NEW_YORK | Strong1h+1 | NestedOB_1h+2 | TrendPairRisk:1.15,0,0,-1.0,range,0.6478,0,2.9881,0.1111,2.7382,-1,0.0,0.1283,2.8851,0.946,-0.009,1.902,1.0,-0.372,1.25,2712,9,1,0.797,0.294,1,1.788,3
LINKUSDT,2713,2847,1774017000,1774138500,SHORT,TRAIL,9.071,8.894,8.46182954,9.19283409,3.2575037085268903,3.210970139802406,0.046533568724484206,16,2.81,37.5,0.3766233766233916,0.008598968091472904,2.113951723267452,base,adaptive disabled,1.15,82.5,90,90,70,80,NEW_YORK,bearish,bearish,FVG,BOS bearish | Vol 2.8x | FVG | ChoCH | BearWick | Session:NEW_YORK | StrongTrend1h | Zone:FVG | MTF 16 | Risk x1.15,BOS+2 | 1h+2 | 4h+2 | Vol+2 | RSI+1 | BTC+2 | FVG+1 | ChoCH+1 | BearWick+1 | Zone:FVG+1 | Sess:NEW_YORK | Strong1h+1 | TrendPairRisk:1.15,0,0,-1.0,bear,0.5394,0,2.9018,0.1111,2.3435,-1,0.0,0.8372,2.2938,1.45,0.0064,1.672,1.0,-0.3547,1.5625,2712,5,1,0.851,0.196,1,1.396,3
SUIUSDT,2713,2715,1774017000,1774019700,SHORT,TRAIL,0.9679,0.96410181,0.89193612,0.98309278,0.628181339302246,0.5835858143226176,0.04459552497962843,15,3.18,39.75,0.45664739884392574,0.00912779415619709,1.879937179598234,base,adaptive disabled,1.15,72.0,60,90,70,80,NEW_YORK,neutral,bearish,FVG,BOS bearish | Vol 3.2x | FVG | ChoCH | Session:NEW_YORK | Zone:FVG | MTF 15 | Risk x1.15,BOS+2 | 1hN+1 | 4h+2 | Vol+2 | RSI+1 | BTC+2 | FVG+1 | ChoCH+1 | Zone:FVG+1 | Sess:NEW_YORK | NestedOB_1h+2 | QualityRisk:1.15,0,0,-1.0,bear,0.5268,0,2.7855,0.1111,2.8378,-1,0.0,0.1514,3.7386,0.0,0.0714,1.745,1.0,-0.3901,1.75,2712,6,1,0.291,0.291,1,1.329,3
ADAUSDT,2716,2716,1774019700,1774020600,SHORT,TP1,0.267,0.26590129,0.24502589,0.27139482,0.0,-0.0182260024301338,0.0182260024301338,17,1.69,39.68,0.23333333333333733,0.006269928376609505,1.2993220809888948,base,adaptive disabled,1.25,79.1,90,88,60,80,NEW_YORK,bearish,bearish,OB,BOS bearish | Vol 1.7x | FVG | OB | ChoCH | Session:NEW_YORK | StrongTrend1h | Zone:OB | MTF 17 | Risk x1.25,BOS+2 | 1h+2 | 4h+2 | Vol+1 | RSI+1 | BTC+2 | FVG+1 | OB+1 | ChoCH+1 | Zone:OB+1 | Sess:NEW_YORK | Strong1h+1 | NestedOB_1h+2 | QualityRisk:1.15 | TrendPairRisk:1.25,0,0,-1.0,bear,0.4821,0,2.2745,0.0526,1.6512,-1,0.0,0.0228,1.9113,2.333,0.0018,1.579,1.0,-0.0335,0.75,2716,7,5,0.535,2.007,0,1.07,1
BTCUSDT,2716,2726,1774019700,1774029600,SHORT,TRAIL,69852.4,69538.2353261,63569.10652208,71109.05869558,0.05268994794122563,0.04799989465091695,0.004690053290308681,16,1.37,35.28,0.44436033308099926,0.005690396669999344,1.6414611167307602,base,adaptive disabled,1.15,78.5,90,100,50,80,NEW_YORK,bearish,bearish,FVG,BOS bearish | Vol 1.4x | FVG | ChoCH | Session:NEW_YORK | StrongTrend1h | Zone:FVG | MTF 16 | Risk x1.15,BOS+2 | 1h+2 | 4h+2 | Vol+1 | RSI+1 | BTC+2 | FVG+1 | ChoCH+1 | Zone:FVG+1 | Sess:NEW_YORK | Strong1h+1 | NestedOB_1h+2 | TrendPairRisk:1.15,0,0,-1.0,bear,0.3013,0,2.7668,0.0526,1.3568,-1,0.0,0.175,1.5845,10.0,0.0112,1.139,1.0,-0.2012,0.2109375,2716,0,5,1.414,0.183,1,1.2,1
LINKUSDT,2893,2921,1774179000,1774205100,SHORT,TP1,8.775,8.73641158,8.00323162,8.92935368,0.0,-0.0454799652330933,0.0454799652330933,15,2.12,32.18,0.43624161073825424,0.002548803355187731,0.6465949997419043,base,adaptive disabled,1.15,82.5,90,90,70,80,OVERLAP,bearish,bearish,FVG,BOS bearish | Vol 2.1x | FVG | ChoCH | Session:OVERLAP | StrongTrend1h | Zone:FVG | MTF 15 | Risk x1.15,BOS+2 | 1h+2 | 4h+2 | Vol+2 | RSI+1 | BTC+2 | FVG+1 | ChoCH+1 | Zone:FVG+1 | Sess:OVERLAP | Strong1h+1 | TrendPairRisk:1.15,0,0,-1.0,bear,0.2166,7,2.4877,0.0526,2.2253,-1,0.0,0.3758,1.7104,1.066,-0.1651,1.845,1.0,-0.44,2.0,2893,2,1,0.255,2.998,0,1.148,6
BTCUSDT,2896,2923,1774181700,1774206900,SHORT,TP1,68480.0,68248.0679158,63841.35831601,69407.7283368,0.0,-0.01937636190137755,0.01937636190137755,14,1.63,30.21,0.5381395348837074,0.003367939816001589,1.3757537108842781,base,adaptive disabled,1.15,78.5,90,100,50,80,OVERLAP,bearish,bearish,FVG,BOS bearish | Vol 1.6x | FVG | ChoCH | Engulfing | Session:OVERLAP | StrongTrend1h | Zone:FVG | MTF 14 | Risk x1.15,BOS+2 | 1h+2 | 4h+2 | Vol+1 | BTC+2 | FVG+1 | ChoCH+1 | Engulfing+1 | Zone:FVG+1 | Sess:OVERLAP | Strong1h+1 | TrendPairRisk:1.15,0,0,-1.0,bear,0.4104,0,3.4213,0.1111,1.7415,-1,0.0,0.5405,1.0387,1.396,-0.064,1.252,1.0,-0.3424,0.65625,2894,0,1,0.512,0.95,1,0.776,3
LINKUSDT,2925,2931,1774207800,1774214100,SHORT,TRAIL,8.721,8.68958385,8.09267701,8.8466646,0.16785753505760168,0.14833906088110335,0.019518474176498338,15,1.91,31.43,0.5394736842105348,0.003974524622028605,1.2799441329235977,base,adaptive disabled,1.15,84.5,90,100,70,80,DEAD_ZONE,bearish,bearish,FVG,BOS bearish | Vol 1.9x | FVG | ChoCH | Engulfing | StrongTrend1h | Zone:FVG | MTF 15 | Risk x1.15,BOS+2 | BodyStrong+1 | 1h+2 | 4h+2 | Vol+1 | BTC+2 | FVG+1 | ChoCH+1 | Engulfing+1 | Zone:FVG+1 | Sess:DEAD_ZONE | Strong1h+1 | TrendPairRisk:1.15,0,0,-1.0,range,0.2455,2,2.9665,0.0526,1.8756,-1,0.0,0.191,3.8515,3.727,-0.2051,2.096,1.0,-0.5432,0.703125,2925,0,3,2.124,1.011,1,0.91,1
AVAXUSDT,2927,2932,1774209600,1774215000,SHORT,TRAIL,8.99,8.95248442,8.23968846,9.14006231,0.25489411698380493,0.24141471632683778,0.013479400656967174,16,3.14,30.79,0.5024875621890489,0.0053056253723188255,1.666515224723548,base,adaptive disabled,1.15,90.5,90,100,90,80,DEAD_ZONE,bearish,bearish,FVG,BOS bearish | Vol 3.1x | FVG | ChoCH | Engulfing | StrongTrend1h | Zone:FVG | MTF 16 | Risk x1.15,BOS+2 | BodyStrong+1 | 1h+2 | 4h+2 | Vol+2 | BTC+2 | FVG+1 | ChoCH+1 | Engulfing+1 | Zone:FVG+1 | Sess:DEAD_ZONE | Strong1h+1 | TrendPairRisk:1.15,0,0,-1.0,bear,0.2981,1,3.6881,0.0526,3.0824,-1,0.0,0.2399,3.2253,10.0,-0.2039,1.691,1.0,-0.5691,0.5625,2927,2,5,2.302,-1.0,0,1.858,0
LINKUSDT,2927,2930,1774209600,1774213200,SHORT,TRAIL,8.721,8.69327255,8.16645109,8.83190978,0.10143379600969742,0.0719469915096795,0.029486804500017928,17,2.47,36.6,0.3814432989690767,0.004018014164973095,1.2556294265684214,base,adaptive disabled,1.15,90.5,90,100,90,80,DEAD_ZONE,bearish,bearish,FVG,BOS bearish | Vol 2.5x | FVG | ChoCH | Engulfing | StrongTrend1h | Zone:FVG | MTF 17 | Risk x1.15,BOS+2 | BodyStrong+1 | 1h+2 | 4h+2 | Vol+2 | RSI+1 | BTC+2 | FVG+1 | ChoCH+1 | Engulfing+1 | Zone:FVG+1 | Sess:DEAD_ZONE | Strong1h+1 | TrendPairRisk:1.15,0,0,-1.0,range,0.3162,1,3.1705,0.1111,2.0721,-1,0.0,0.2164,1.6951,0.0,-0.1808,2.467,1.0,-0.4429,0.9375,2927,2,5,1.779,1.229,0,1.003,0
BTCUSDT,2928,2930,1774210500,1774213200,SHORT,TRAIL,68361.1,68156.0167,64259.434,69181.4332,0.009565472907841004,0.002534222907840949,0.007031250000000056,16,1.42,34.31,0.5043270419516959,0.0029567681401082395,1.103894979516151,base,adaptive disabled,1.25,84.5,90,100,70,80,DEAD_ZONE,bearish,bearish,FVG,BOS bearish | Vol 1.4x | FVG | ChoCH | Engulfing | StrongTrend1h | Zone:FVG | MTF 16 | Risk x1.25,BOS+2 | BodyStrong+1 | 1h+2 | 4h+2 | Vol+1 | RSI+1 | BTC+2 | FVG+1 | ChoCH+1 | Engulfing+1 | Zone:FVG+1 | Sess:DEAD_ZONE | Strong1h+1 | QualityRisk:1.15 | TrendPairRisk:1.25,0,0,-1.0,range,0.2952,0,2.5473,0.1111,1.2513,-1,0.0,0.1267,1.6676,0.0,0.002,1.015,1.0,-0.2422,0.2109375,2927,2,5,2.356,0.864,1,0.836,1
ETHUSDT,2971,2972,1774249200,1774251000,SHORT,TP1,2037.89,2026.6047939,1812.18587808,2083.03082438,0.0,-0.01354354973346194,0.01354354973346194,16,1.86,37.66,0.2791011235955029,0.007953757308029661,1.6381009250215803,base,adaptive disabled,1.15,77.1,90,93,50,80,OFF_HOURS,bearish,bearish,FVG,BOS bearish | Vol 1.9x | FVG | LiqSweep | ChoCH | Engulfing | StrongTrend1h | Zone:FVG | MTF 16 | Risk x1.15,BOS+2 | 1h+2 | 4h+2 | Vol+1 | RSI+1 | BTC+2 | FVG+1 | LiqSweep+1 | ChoCH+1 | Engulfing+1 | Zone:FVG+1 | Sess:OFF_HOURS | Strong1h+1 | TrendPairRisk:1.15,0,0,-1.0,range,0.2395,0,3.805,0.1111,4.6514,-1,0.0,0.0111,1.408,0.0,-0.1378,1.978,1.0,-0.0647,0.75,2971,0,1,1.161,1.119,0,0.941,1
ADAUSDT,2973,2980,1774251000,1774258200,SHORT,TRAIL,0.2497,0.24830498,0.22179954,0.25528009,0.05745527829913458,0.049903988803803874,0.007551289495330708,15,1.56,38.85,0.2987012987012999,0.006686624328193981,1.5281975970696773,base,adaptive disabled,1.15,77.5,90,95,50,80,OFF_HOURS,bearish,bearish,FVG,BOS bearish | Vol 1.6x | FVG | ChoCH | Engulfing | StrongTrend1h | Zone:FVG | MTF 15 | Risk x1.15,BOS+2 | 1h+2 | 4h+2 | Vol+1 | RSI+1 | BTC+2 | FVG+1 | ChoCH+1 | Engulfing+1 | Zone:FVG+1 | Sess:OFF_HOURS | Strong1h+1 | TrendPairRisk:1.15,0,0,-1.0,range,0.3485,2,3.7497,0.0526,2.2816,-1,0.0,0.1971,1.1469,0.0,-0.2505,1.33,1.0,-0.2811,0.421875,2971,0,3,1.25,1.328,0,1.641,1
LINKUSDT,2973,2982,1774251000,1774260000,SHORT,TRAIL,8.636,8.59082468,7.73249353,8.81670129,0.10505943261389815,0.09161805098347371,0.01344138163042444,17,1.86,38.43,0.2709030100334405,0.006646160172478176,1.5613087626984772,base,adaptive disabled,1.15,82.9,90,92,70,80,OFF_HOURS,bearish,bearish,FVG,BOS bearish | Vol 1.9x | FVG | LiqSweep | ChoCH | Engulfing | StrongTrend1h | Zone:FVG | MTF 17 | Risk x1.15,BOS+2 | BodyStrong+1 | 1h+2 | 4h+2 | Vol+1 | RSI+1 | BTC+2 | FVG+1 | LiqSweep+1 | ChoCH+1 | Engulfing+1 | Zone:FVG+1 | Sess:OFF_HOURS | Strong1h+1 | TrendPairRisk:1.15,0,0,-1.0,range,0.3186,2,4.4363,0.0526,1.2413,-1,0.0,0.2822,1.3946,0.0,-0.1046,1.72,-1.0,0.1641,0.703125,2971,0,1,1.559,1.535,0,1.223,1
SOLUSDT,2973,2982,1774251000,1774260000,SHORT,TRAIL,85.83,85.35551717,76.34034349,87.7279313,0.10558370843033044,0.09604449822551425,0.009539210204816179,18,2.28,36.99,0.2682926829268288,0.007032537265403079,1.5547317000609124,base,adaptive disabled,1.25,82.9,90,92,70,80,OFF_HOURS,bearish,bearish,FVG,BOS bearish | Vol 2.3x | FVG | LiqSweep | MACD_Div | ChoCH | Engulfing | StrongTrend1h | Zone:FVG | MTF 18 | Risk x1.25,BOS+2 | 1h+2 | 4h+2 | Vol+2 | RSI+1 | BTC+2 | FVG+1 | LiqSweep+1 | MACD_Div+1 | ChoCH+1 | Engulfing+1 | Zone:FVG+1 | Sess:OFF_HOURS | Strong1h+1 | QualityRisk:1.15 | TrendPairRisk:1.25,0,1,-1.0,bull,0.3584,2,4.6882,0.0526,1.2395,-1,0.0,0.3109,1.4964,0.0,-0.1727,2.271,-1.0,0.1453,0.52734375,2971,0,1,1.295,1.496,0,1.339,1
XRPUSDT,2973,2980,1774251000,1774258200,SHORT,TRAIL,1.3726,1.36500818,1.22076367,1.40296727,0.10126033719856936,0.08770034316551995,0.013559994033049425,16,2.0,35.07,0.4191616766467057,0.005779828249243904,1.3848667790607239,base,adaptive disabled,1.15,84.5,90,100,70,80,OFF_HOURS,bearish,bearish,FVG,BOS bearish | Vol 2.0x | FVG | ChoCH | Engulfing | StrongTrend1h | Zone:FVG | MTF 16 | Risk x1.15,BOS+2 | 1h+2 | 4h+2 | Vol+2 | RSI+1 | BTC+2 | FVG+1 | ChoCH+1 | Engulfing+1 | Zone:FVG+1 | Sess:OFF_HOURS | Strong1h+1 | TrendPairRisk:1.15,0,1,-1.0,bull,0.3161,2,4.3854,0.0526,1.1293,-1,0.0,0.2206,1.2909,0.0,-0.2751,2.731,1.0,-0.0487,0.75,2971,0,1,1.051,0.03,1,1.325,1
SUIUSDT,2975,2979,1774252800,1774257300,SHORT,TRAIL,0.9025,0.89748652,0.80223036,0.92255393,0.18857689575080996,0.17845107502639335,0.01012582072441661,16,1.82,36.38,0.3110367892976611,0.006206175358875507,1.3844312155727236,base,adaptive disabled,1.25,77.9,90,97,50,80,OFF_HOURS,bearish,bearish,FVG,BOS bearish | Vol 1.8x | FVG | LiqSweep | ChoCH | Engulfing | StrongTrend1h | Zone:FVG | MTF 16 | Risk x1.25,BOS+2 | 1h+2 | 4h+2 | Vol+1 | RSI+1 | BTC+2 | FVG+1 | LiqSweep+1 | ChoCH+1 | Engulfing+1 | Zone:FVG+1 | Sess:OFF_HOURS | Strong1h+1 | QualityRisk:1.15 | TrendPairRisk:1.25,0,0,-1.0,range,0.4444,1,4.282,0.1765,1.5096,-1,0.0,0.0499,1.8351,0.0,-0.1431,1.971,1.0,-0.3987,0.5625,2971,0,1,1.361,1.823,0,0.703,0
AVAXUSDT,3072,3094,1774340100,1774360800,LONG,SL,9.582,9.757,10.38290333,9.42181933,-1.5,-1.5358919712347312,0.0358919712347312,18,4.92,61.0,0.3271028037383156,0.005491023576627742,1.188432216381287,base,adaptive disabled,1.15,84.3,90,99,70,80,LONDON,bullish,bullish,FVG,BOS bullish | Vol 4.9x | FVG | ChoCH | Engulfing | Session:LONDON | StrongTrend1h | Zone:FVG | MTF 18 | Risk x1.15,BOS+2 | 1h+2 | 4h+2 | Vol+2 | RSI+1 | BTC+2 | FVG+1 | ChoCH+1 | Engulfing+1 | Zone:FVG+1 | Sess:LONDON | Strong1h+1 | NestedOB_1h+2 | QualityRisk:1.15,0,0,-1.0,range,0.3049,2,2.7068,0.0526,4.8157,-1,0.0,1.0176,0.2571,5.0,0.0169,4.544,1.0,0.3422,1.5,3072,0,4,1.126,0.217,1,1.083,1
BTCUSDT,3072,3095,1774340100,1774361700,LONG,SL,71051.0,71350.47901611,77040.58032228,69853.08393554,-0.28125,-0.28792261900657723,0.0066726190065772096,17,1.57,65.13,0.6591131398761114,0.004614932786750558,1.604129256502933,base,adaptive disabled,1.0,84.5,90,100,70,80,LONDON,bullish,bullish,FVG,BOS bullish | Vol 1.6x | FVG | MACD_Div | ChoCH | Engulfing | Session:LONDON | StrongTrend1h | Zone:FVG | MTF 17,BOS+2 | BodyStrong+1 | 1h+2 | 4h+2 | Vol+1 | RSI+1 | BTC+2 | FVG+1 | MACD_Div+1 | ChoCH+1 | Engulfing+1 | Zone:FVG+1 | Sess:LONDON | Strong1h+1,0,1,-1.0,bear,0.2527,0,4.0639,0.1111,2.6597,-1,0.0,1.1165,0.964,0.0,0.0971,1.444,1.0,0.3975,0.28125,3072,0,4,1.584,0.443,1,1.09,1
ETHUSDT,3072,3086,1774340100,1774353600,LONG,TRAIL,2157.19,2166.97917739,2352.97354786,2118.03329043,0.5368323597631921,0.49964580180185647,0.03718655796133568,17,2.48,66.84,0.7084745762711763,0.005646278357670807,1.491539898235999,base,adaptive disabled,1.0,81.8,65,100,90,80,LONDON,bullish,neutral,FVG,BOS bullish | Vol 2.5x | FVG | ChoCH | Session:LONDON | StrongTrend1h | Zone:FVG | MTF 17,BOS+2 | BodyStrong+1 | 1h+2 | 4hN+1 | Vol+2 | RSI+1 | BTC+2 | FVG+1 | ChoCH+1 | Zone:FVG+1 | Sess:LONDON | Strong1h+1 | NestedOB_1h+2,0,0,-1.0,range,0.3037,0,3.0682,0.1111,1.9322,-1,0.0,0.2937,1.7816,0.0,0.0852,1.326,1.0,0.3045,1.6875,3071,2,3,1.272,0.322,1,0.678,1
ETHUSDT,3072,3086,1774340100,1774353600,LONG,TRAIL,2157.19,2166.92191472,2351.82829444,2118.26234111,0.363303812220991,0.3383669028953351,0.02493690932565596,16,1.41,64.96,0.6068635968722687,0.005567683197436612,1.470777936130767,base,adaptive disabled,1.0,69.8,65,100,50,80,LONDON,bullish,neutral,FVG,BOS bullish | Vol 1.4x | FVG | ChoCH | BullWick | Session:LONDON | StrongTrend1h | Zone:FVG | MTF 16,BOS+2 | 1h+2 | 4hN+1 | Vol+1 | RSI+1 | BTC+2 | FVG+1 | ChoCH+1 | BullWick+1 | Zone:FVG+1 | Sess:LONDON | Strong1h+1 | NestedOB_1h+2,0,0,-1.0,range,0.3037,0,3.1404,0.1111,1.9322,-1,0.0,0.2954,1.792,10.0,0.0728,2.037,1.0,0.2589,1.125,3072,3,4,1.123,0.508,1,0.694,1
LINKUSDT,3072,3137,1774340100,1774399500,LONG,TP1,9.223,9.28902412,10.54348238,8.95890352,0.0,-0.009822049691839857,0.009822049691839857,16,1.3,71.91,0.690000000000008,0.005240239534719134,1.2896654379371733,base,adaptive disabled,1.0,78.5,90,100,50,80,LONDON,bullish,bullish,FVG,BOS bullish | Vol 1.3x | FVG | ChoCH | Engulfing | Session:LONDON | StrongTrend1h | Zone:FVG | MTF 16,BOS+2 | 1h+2 | 4h+2 | Vol+1 | BTC+2 | FVG+1 | ChoCH+1 | Engulfing+1 | Zone:FVG+1 | Sess:LONDON | Strong1h+1 | NestedOB_1h+2,0,0,-1.0,range,0.1265,0,3.8518,0.1111,1.675,-1,0.0,0.8103,1.3177,2.936,0.179,1.874,1.0,0.1993,0.703125,3072,0,5,2.506,0.464,1,0.696,1
SOLUSDT,3072,3077,1774340100,1774345500,LONG,TP1,91.44,91.92787068,101.19741366,89.48851727,0.0,-0.008895447668143106,0.008895447668143106,17,2.4,69.08,0.7444933920704818,0.005240704434407985,1.246184349193777,base,adaptive disabled,1.15,84.5,90,100,70,80,LONDON,bullish,bullish,FVG,BOS bullish | Vol 2.4x | FVG | ChoCH | BullWick | Session:LONDON | StrongTrend1h | Zone:FVG | MTF 17 | Risk x1.15,BOS+2 | 1h+2 | 4h+2 | Vol+2 | BTC+2 | FVG+1 | ChoCH+1 | BullWick+1 | Zone:FVG+1 | Sess:LONDON | Strong1h+1 | NestedOB_1h+2 | QualityRisk:1.15,0,0,-1.0,range,0.2073,7,3.9148,0.1111,2.6939,-1,0.0,0.1947,1.0454,10.0,0.1276,2.532,1.0,0.5211,0.474609375,3072,0,4,2.159,0.593,1,0.949,6
ETHUSDT,3073,3086,1774341000,1774353600,LONG,TRAIL,2157.19,2166.96177796,2352.62555912,2118.10288818,0.47936942023168316,0.4462558454564367,0.03311357477524651,16,1.4,56.34,0.4003407155025473,0.00576941104981121,1.5240670446979003,base,adaptive disabled,1.15,75.8,65,100,70,80,LONDON,bullish,neutral,FVG,BOS bullish | Vol 1.4x | FVG | ChoCH | Session:LONDON | StrongTrend1h | Zone:FVG | MTF 16 | Risk x1.15,BOS+2 | BodyStrong+1 | 1h+2 | 4hN+1 | Vol+1 | RSI+1 | BTC+2 | FVG+1 | ChoCH+1 | Zone:FVG+1 | Sess:LONDON | Strong1h+1 | NestedOB_1h+2 | QualityRisk:1.15,0,0,-1.0,range,0.3037,0,2.7018,0.1765,1.7476,-1,0.0,0.2942,1.7847,0.0,0.0194,1.157,1.0,0.1582,1.5,3073,4,5,0.219,0.228,1,1.209,0
AVAXUSDT,3074,3094,1774341900,1774360800,LONG,SL,9.561,9.757,10.25543436,9.42211313,-1.0,-1.0275360802644626,0.02753608026446266,17,1.65,60.48,0.39748953974895385,0.005045598239541655,1.0950094906792567,base,adaptive disabled,1.15,84.5,90,100,70,80,LONDON,bullish,bullish,FVG,BOS bullish | Vol 1.6x | FVG | ChoCH | Session:LONDON | StrongTrend1h | Zone:FVG | MTF 17 | Risk x1.15,BOS+2 | BodyStrong+1 | 1h+2 | 4h+2 | Vol+1 | RSI+1 | BTC+2 | FVG+1 | ChoCH+1 | Zone:FVG+1 | Sess:LONDON | Strong1h+1 | NestedOB_1h+2 | QualityRisk:1.15,0,0,-1.0,range,0.4329,1,2.1357,0.1765,2.0733,-1,0.0,1.0224,0.3316,0.0,0.0483,0.984,1.0,0.1998,1.0,3071,2,3,1.046,0.305,1,0.937,0
AVAXUSDT,3137,3156,1774398600,1774416600,LONG,TRAIL,9.602,9.66846299,10.93125977,9.33614805,0.13133865648740023,0.12321214095873849,0.008126515528661721,15,1.97,70.46,0.546012269938646,0.00353515246404293,0.8704633105784112,base,adaptive disabled,1.15,78.5,90,100,50,80,OFF_HOURS,bullish,bullish,FVG,BOS bullish | Vol 2.0x | FVG | ChoCH | StrongTrend1h | Zone:FVG | MTF 15 | Risk x1.15,BOS+2 | 1h+2 | 4h+2 | Vol+1 | BTC+2 | FVG+1 | ChoCH+1 | Zone:FVG+1 | Sess:OFF_HOURS | Strong1h+1 | NestedOB_1h+2 | QualityRisk:1.15,0,0,-1.0,bull,0.1929,0,2.4842,0.1111,1.1873,-1,0.0,0.1693,1.2338,0.695,0.1324,1.919,1.0,0.4874,0.5625,3136,2,3,1.104,0.025,1,0.527,2
ADAUSDT,3140,3142,1774401300,1774404000,LONG,TRAIL,0.2668,0.26894475,0.30969505,0.25822099,0.09903865078578834,0.09204133990726039,0.006997310878527944,14,1.53,62.33,0.28358208955224373,0.005981969951144626,1.2120391428689719,base,adaptive disabled,1.0,77.3,90,94,50,80,OFF_HOURS,bullish,bullish,FVG,BOS bullish | Vol 1.5x | FVG | ChoCH | StrongTrend1h | Zone:FVG | MTF 14,BOS+2 | 1h+2 | 4h+2 | Vol+1 | RSI+1 | BTC+2 | FVG+1 | ChoCH+1 | Zone:FVG+1 | Sess:OFF_HOURS | Strong1h+1,0,0,-1.0,bull,0.2289,0,2.248,0.1111,1.3049,-1,0.0,0.0,1.0258,0.422,0.0143,1.921,1.0,0.3138,0.5625,3140,3,4,0.073,0.943,1,0.798,0
LINKUSDT,3140,3156,1774401300,1774416600,LONG,TRAIL,9.238,9.29597411,10.3974822,9.00610356,0.27086444276591826,0.25592566233444636,0.01493878043147192,16,2.28,67.94,0.2923076923076912,0.006000611389005654,1.339014478014992,base,adaptive disabled,1.0,89.5,90,95,90,80,OFF_HOURS,bullish,bullish,FVG,BOS bullish | Vol 2.3x | FVG | ChoCH | StrongTrend1h | Zone:FVG | MTF 16,BOS+2 | BodyStrong+1 | 1h+2 | 4h+2 | Vol+2 | RSI+1 | BTC+2 | FVG+1 | ChoCH+1 | Zone:FVG+1 | Sess:OFF_HOURS | Strong1h+1,0,0,-1.0,bull,0.313,0,2.3079,0.1765,1.2579,-1,0.0,0.2846,1.6732,0.352,0.1097,0.989,1.0,0.5147,0.9375,3138,4,2,1.002,-1.0,0,0.816,0
SOLUSDT,3143,3151,1774404000,1774412100,LONG,TRAIL,90.86,91.60543217,105.76864335,87.87827133,0.14856105267284403,0.1418119240499167,0.006749128622927328,13,2.04,68.9,0.34801762114537343,0.006317145901443349,1.2304993771867112,base,adaptive disabled,1.15,74.0,60,100,70,80,OFF_HOURS,neutral,bullish,FVG,BOS bullish | Vol 2.0x | FVG | ChoCH | BullWick | Zone:FVG | MTF 13 | Risk x1.15,BOS+2 | 1hN+1 | 4h+2 | Vol+2 | BTC+2 | FVG+1 | ChoCH+1 | BullWick+1 | Zone:FVG+1 | Sess:OFF_HOURS | QualityRisk:1.15,0,0,-1.0,bull,0.3673,0,1.9925,0.4286,1.185,-1,0.0,0.0369,1.4354,0.434,0.2137,1.023,1.0,0.3864,0.5537109375,3138,4,5,1.494,1.105,1,0.671,0
ADAUSDT,3145,3151,1774405800,1774412100,LONG,TRAIL,0.2668,0.26799777,0.29075542,0.26200892,0.05922619109496598,0.04669665704418829,0.012529534050777686,15,2.28,67.79,0.37662337662338186,0.004977655572198852,1.0085495986268613,base,adaptive disabled,1.15,84.5,90,100,70,80,OFF_HOURS,bullish,bullish,FVG,BOS bullish | Vol 2.3x | FVG | ChoCH | StrongTrend1h | Zone:FVG | MTF 15 | Risk x1.15,BOS+2 | 1h+2 | 4h+2 | Vol+2 | RSI+1 | BTC+2 | FVG+1 | ChoCH+1 | Zone:FVG+1 | Sess:OFF_HOURS | Strong1h+1 | QualityRisk:1.15,0,0,-1.0,bull,0.4583,0,1.5815,0.25,1.3126,-1,0.0,0.2713,1.3358,2.417,0.085,1.67,1.0,0.2858,0.5625,3142,5,6,1.078,3.163,0,1.078,1
AVAXUSDT,3159,3182,1774418400,1774440000,LONG,TRAIL,9.624,9.757,10.20144,9.508512,0.47123402431420913,0.45717152431420927,0.01406249999999989,14,2.78,68.11,0.4025974025974035,0.004145306162603533,1.2999680126062363,base,adaptive disabled,1.0,84.5,90,100,70,80,OFF_HOURS,bullish,bullish,FVG,BOS bullish | Vol 2.8x | FVG | ChoCH | StrongTrend1h | Zone:FVG | MTF 14,BOS+2 | 1h+2 | 4h+2 | Vol+2 | BTC+2 | FVG+1 | ChoCH+1 | Zone:FVG+1 | Sess:OFF_HOURS | Strong1h+1,0,0,-1.0,range,0.4724,0,2.4269,0.25,1.3367,-1,0.0,0.1039,1.188,0.0,0.0628,1.587,1.0,0.0486,0.421875,3156,0,4,1.52,2.719,1,0.351,0
ADAUSDT,3162,3163,1774421100,1774422900,LONG,TP1,0.2695,0.27078238,0.29514768,0.26437046,0.0,-0.011821235432416845,0.011821235432416845,15,1.4,64.96,0.2758620689655169,0.0046969722454464485,1.1426452485010714,base,adaptive disabled,1.15,77.1,90,93,50,80,OFF_HOURS,bullish,bullish,FVG,BOS bullish | Vol 1.4x | FVG | ChoCH | Engulfing | StrongTrend1h | Zone:FVG | MTF 15 | Risk x1.15,BOS+2 | 1h+2 | 4h+2 | Vol+1 | RSI+1 | BTC+2 | FVG+1 | ChoCH+1 | Engulfing+1 | Zone:FVG+1 | Sess:OFF_HOURS | Strong1h+1 | QualityRisk:1.15,0,0,-1.0,bull,0.1837,0,2.3018,0.1111,1.8742,-1,0.0,0.0975,1.7156,0.0,0.0581,1.977,1.0,0.2383,0.5625,3162,0,1,0.177,2.656,0,0.708,2
LINKUSDT,3162,3168,1774421100,1774427400,LONG,TP1,9.318,9.36346974,10.22739482,9.13612104,0.0,-0.019211952828408645,0.019211952828408645,16,1.79,63.08,0.40999999999999787,0.004181037000634759,1.2181189986667478,base,adaptive disabled,1.0,84.5,90,100,70,80,OFF_HOURS,bullish,bullish,FVG,BOS bullish | Vol 1.8x | FVG | ChoCH | Engulfing | StrongTrend1h | Zone:FVG | MTF 16,BOS+2 | BodyStrong+1 | 1h+2 | 4h+2 | Vol+1 | RSI+1 | BTC+2 | FVG+1 | ChoCH+1 | Engulfing+1 | Zone:FVG+1 | Sess:OFF_HOURS | Strong1h+1,0,0,-1.0,bull,0.1798,0,2.0346,0.1111,1.8261,-1,0.0,0.2144,1.2096,0.0,0.1383,2.008,1.0,0.2167,0.9375,3162,0,1,0.334,-1.0,0,0.892,1
ADAUSDT,3163,3163,1774422000,1774422900,LONG,TP1,0.2695,0.27077829,0.2950657,0.26438686,0.0,-0.011859151128269482,0.011859151128269482,15,1.86,61.02,0.2758620689655169,0.004817429525588305,1.1745769084040665,base,adaptive disabled,1.25,83.1,90,93,70,80,OFF_HOURS,bullish,bullish,FVG,BOS bullish | Vol 1.9x | FVG | ChoCH | Engulfing | StrongTrend1h | Zone:FVG | MTF 15 | Risk x1.25,BOS+2 | BodyStrong+1 | 1h+2 | 4h+2 | Vol+1 | RSI+1 | BTCok+1 | FVG+1 | ChoCH+1 | Engulfing+1 | Zone:FVG+1 | Sess:OFF_HOURS | Strong1h+1 | QualityRisk:1.15 | RelStrengthRisk:1.25,0,0,-1.0,bull,0.1837,0,2.2459,0.1765,1.9678,-1,0.0,0.0978,1.721,3.0,0.0476,2.303,1.0,0.2024,0.5625,3163,1,2,0.27,3.144,0,0.809,0
ADAUSDT,3166,3167,1774424700,1774426500,LONG,TP1,0.2695,0.27080662,0.29563244,0.26427351,0.0,-0.01740293198685916,0.01740293198685916,14,3.87,68.1,0.5882352941176452,0.005423418924765913,1.322328141967727,base,adaptive disabled,1.15,90.5,90,100,90,80,LONDON,bullish,bullish,FVG,BOS bullish | Vol 3.9x | FVG | ChoCH | Session:LONDON | StrongTrend1h | Zone:FVG | MTF 14 | Risk x1.15,BOS+2 | BodyStrong+1 | 1h+2 | 4h+2 | Vol+2 | BTCok+1 | FVG+1 | ChoCH+1 | Zone:FVG+1 | Sess:LONDON | Strong1h+1 | RelStrengthRisk:1.15,0,0,-1.0,bull,0.3548,1,2.8537,0.1765,1.7908,-1,0.0,0.1531,1.0715,0.0,0.1006,1.758,1.0,0.3077,0.84375,3164,2,3,1.141,1.468,0,0.734,0
BTCUSDT,3182,3251,1774439100,1774502100,LONG,SL,71729.5,72030.8822529,77757.14505796,70523.97098841,-0.2109375,-0.2159578491615002,0.005020349161500188,14,2.88,68.7,0.6348731294729918,0.0036574200089043874,1.4025571040870648,base,adaptive disabled,1.0,84.5,90,100,70,80,OVERLAP,bullish,bullish,FVG,BOS bullish | Vol 2.9x | FVG | ChoCH | Session:OVERLAP | StrongTrend1h | Zone:FVG | MTF 14,BOS+2 | 1h+2 | 4h+2 | Vol+2 | BTC+2 | FVG+1 | ChoCH+1 | Zone:FVG+1 | Sess:OVERLAP | Strong1h+1,0,0,-1.0,bull,0.2098,0,3.2336,0.0526,2.8091,-1,0.0,1.0671,0.7914,3.742,-0.0244,2.53,1.0,0.149,0.2109375,3182,0,2,1.221,0.019,1,1.137,4
ETHUSDT,3182,3196,1774439100,1774452600,LONG,SL,2189.0,2198.69272929,2382.8545858,2150.22908284,-1.75,-1.789521891980953,0.03952189198095313,16,2.36,65.29,0.5105740181268835,0.0035495925785858757,1.0680848180593883,base,adaptive disabled,1.15,84.5,90,100,70,80,OVERLAP,bullish,bullish,FVG,BOS bullish | Vol 2.4x | FVG | ChoCH | Engulfing | Session:OVERLAP | StrongTrend1h | Zone:FVG | MTF 16 | Risk x1.15,BOS+2 | 1h+2 | 4h+2 | Vol+2 | RSI+1 | BTC+2 | FVG+1 | ChoCH+1 | Engulfing+1 | Zone:FVG+1 | Sess:OVERLAP | Strong1h+1 | QualityRisk:1.15,0,1,-1.0,bear,0.2439,0,2.5003,0.0526,2.302,-1,0.0,1.0972,0.8728,1.408,-0.1381,1.833,1.0,0.2652,1.75,3182,0,1,0.256,1.031,1,1.287,3
LINKUSDT,3182,3184,1774439100,1774441800,LONG,TRAIL,9.39,9.42695868,10.12917369,9.24216526,0.37696341428047886,0.3452049791521728,0.03175843512830602,16,3.75,65.18,0.47899159663865243,0.004817674441025431,1.4379981162352191,base,adaptive disabled,1.15,87.5,90,100,80,80,OVERLAP,bullish,bullish,OB,BOS bullish | Vol 3.8x | FVG | OB | ChoCH | Session:OVERLAP | StrongTrend1h | Zone:OB | MTF 16 | Risk x1.15,BOS+2 | 1h+2 | 4h+2 | Vol+2 | RSI+1 | BTC+2 | FVG+1 | OB+1 | ChoCH+1 | Zone:OB+1 | Sess:OVERLAP | Strong1h+1 | QualityRisk:1.15,0,0,-1.0,range,0.3867,0,2.8506,0.0526,3.8527,-1,0.0,0.345,1.7046,1.727,-0.0533,2.339,1.0,0.1822,1.25,3182,4,1,0.38,-1.0,0,1.602,3
SOLUSDT,3182,3186,1774439100,1774443600,LONG,TP1,92.9,93.29188269,100.73765377,91.33246925,0.0,-0.013334666640510856,0.013334666640510856,16,2.5,66.87,0.5087719298245597,0.005308155246901018,1.4663376736606342,base,adaptive disabled,1.15,84.5,90,100,70,80,OVERLAP,bullish,bullish,FVG,BOS bullish | Vol 2.5x | FVG | ChoCH | Engulfing | Session:OVERLAP | StrongTrend1h | Zone:FVG | MTF 16 | Risk x1.15,BOS+2 | 1h+2 | 4h+2 | Vol+2 | RSI+1 | BTC+2 | FVG+1 | ChoCH+1 | Engulfing+1 | Zone:FVG+1 | Sess:OVERLAP | Strong1h+1 | QualityRisk:1.15,0,0,-1.0,range,0.3161,4,2.9402,0.0526,2.459,-1,0.0,0.3891,1.2759,0.0,-0.1033,1.718,1.0,0.396,0.5625,3182,0,1,0.821,6.728,0,1.457,3
SUIUSDT,3182,3189,1774439100,1774446300,LONG,TP1,0.968,0.97184819,1.0449637,0.95260726,0.0,-0.025154715794588854,0.025154715794588854,16,4.51,67.15,0.39534883720930414,0.0053352999879193175,1.3765073970273676,base,adaptive disabled,1.15,84.5,90,100,70,80,OVERLAP,bullish,bullish,FVG,BOS bullish | Vol 4.5x | FVG | ChoCH | Engulfing | Session:OVERLAP | StrongTrend1h | Zone:FVG | MTF 16 | Risk x1.15,BOS+2 | 1h+2 | 4h+2 | Vol+2 | RSI+1 | BTC+2 | FVG+1 | ChoCH+1 | Engulfing+1 | Zone:FVG+1 | Sess:OVERLAP | Strong1h+1 | QualityRisk:1.15,0,0,-1.0,bull,0.3957,4,3.7139,0.0526,4.5279,-1,0.0,0.5977,1.5072,3.4,-0.1253,2.493,1.0,0.4495,1.0,3182,0,1,0.391,0.44,1,1.808,3
BTCUSDT,3183,3251,1774440000,1774502100,LONG,SL,71729.5,72032.21030626,77783.70612527,70518.65877495,-0.65625,-0.671800340837811,0.015550340837810947,16,1.56,63.01,0.5155609167672089,0.004425752209624249,1.6971991697494397,base,adaptive disabled,1.0,84.5,90,100,70,80,OVERLAP,bullish,bullish,FVG,BOS bullish | Vol 1.6x | FVG | ChoCH | BullWick | Session:OVERLAP | StrongTrend1h | Zone:FVG | MTF 16,BOS+2 | BodyStrong+1 | 1h+2 | 4h+2 | Vol+1 | RSI+1 | BTC+2 | FVG+1 | ChoCH+1 | BullWick+1 | Zone:FVG+1 | Sess:OVERLAP | Strong1h+1,0,0,-1.0,bull,0.2098,0,3.16,0.1111,2.2092,-1,0.0,1.0624,0.7879,1.6,0.0114,1.2,1.0,0.0963,0.65625,3183,1,3,0.641,0.571,1,1.296,0
SUIUSDT,3183,3189,1774440000,1774446300,LONG,TP1,0.968,0.97189117,1.04582344,0.95243531,0.0,-0.04353443595728555,0.04353443595728555,16,2.12,61.01,0.35593220338982795,0.006161430721274398,1.589649126255304,base,adaptive disabled,1.15,84.5,90,100,70,80,OVERLAP,bullish,bullish,FVG,BOS bullish | Vol 2.1x | FVG | ChoCH | BullWick | Session:OVERLAP | StrongTrend1h | Zone:FVG | MTF 16 | Risk x1.15,BOS+2 | 1h+2 | 4h+2 | Vol+2 | RSI+1 | BTC+2 | FVG+1 | ChoCH+1 | BullWick+1 | Zone:FVG+1 | Sess:OVERLAP | Strong1h+1 | QualityRisk:1.15,0,0,-1.0,bull,0.3957,0,3.5642,0.1111,3.4714,-1,0.0,0.5911,1.4906,1.969,-0.0781,1.39,1.0,0.3522,1.75,3183,1,2,0.211,1.008,0,1.524,4
AVAXUSDT,3184,3240,1774440900,1774492200,LONG,SL,9.735,9.77299209,10.49484171,9.58303166,-0.984375,-1.009598386989685,0.025223386989684855,15,1.76,67.35,0.6054421768707501,0.005435349286429923,1.6326430419283722,base,adaptive disabled,1.0,84.5,90,100,70,80,OVERLAP,bullish,bullish,FVG,BOS bullish | Vol 1.8x | FVG | ChoCH | Session:OVERLAP | StrongTrend1h | Zone:FVG | MTF 15,BOS+2 | BodyStrong+1 | 1h+2 | 4h+2 | Vol+1 | RSI+1 | BTC+2 | FVG+1 | ChoCH+1 | Zone:FVG+1 | Sess:OVERLAP | Strong1h+1,0,0,-1.0,bull,0.3314,1,2.8132,0.0526,1.7408,-1,0.0,1.066,0.9476,8.091,0.0082,1.208,1.0,0.3478,0.984375,3184,2,2,0.73,16.041,0,1.461,0
BTCUSDT,3184,3186,1774440900,1774443600,LONG,TP1,71428.7,71654.28088774,75940.31775471,70526.37644906,0.0,-0.0050093975904388,0.0050093975904388,16,2.55,71.26,0.7869674185463659,0.003666004875678088,1.4058492515166134,base,adaptive disabled,1.0,90.5,90,100,90,80,OVERLAP,bullish,bullish,FVG,BOS bullish | Vol 2.5x | FVG | ChoCH | Engulfing | Session:OVERLAP | StrongTrend1h | Zone:FVG | MTF 16,BOS+2 | BodyStrong+1 | 1h+2 | 4h+2 | Vol+2 | BTC+2 | FVG+1 | ChoCH+1 | Engulfing+1 | Zone:FVG+1 | Sess:OVERLAP | Strong1h+1,0,0,-1.0,bull,0.453,1,2.6481,0.1765,1.6568,-1,0.0,0.4127,2.2351,10.0,0.0588,1.476,1.0,0.283,0.158203125,3181,1,1,1.479,-1.0,0,0.767,0
LINKUSDT,3184,3186,1774440900,1774443600,LONG,TP1,9.39,9.42699735,10.129947,9.2420106,0.0,-0.05076039229836726,0.05076039229836726,17,2.03,65.18,0.5042735042735095,0.005310043876043828,1.5849624511473044,base,adaptive disabled,1.15,87.5,90,100,80,80,OVERLAP,bullish,bullish,OB,BOS bullish | Vol 2.0x | FVG | OB | ChoCH | BullWick | Session:OVERLAP | StrongTrend1h | Zone:OB | MTF 17 | Risk x1.15,BOS+2 | 1h+2 | 4h+2 | Vol+2 | RSI+1 | BTC+2 | FVG+1 | OB+1 | ChoCH+1 | BullWick+1 | Zone:OB+1 | Sess:OVERLAP | Strong1h+1 | QualityRisk:1.15,0,0,-1.0,range,0.3867,1,2.8387,0.1765,2.5985,-1,0.0,0.3446,2.1083,1.229,0.0778,1.929,1.0,0.2291,2.0,3183,5,2,0.378,-1.0,0,1.081,0
LINKUSDT,3184,3186,1774440900,1774443600,LONG,TP1,9.39,9.42705111,10.13102222,9.24179556,0.0,-0.04157896686496014,0.04157896686496014,15,1.3,68.5,0.5468750000000018,0.004883555729955284,1.4227934397144197,base,adaptive disabled,1.15,87.5,90,100,80,80,OVERLAP,bullish,bullish,OB,BOS bullish | Vol 1.3x | FVG | OB | ChoCH | Session:OVERLAP | StrongTrend1h | Zone:OB | MTF 15 | Risk x1.15,BOS+2 | BodyStrong+1 | 1h+2 | 4h+2 | Vol+1 | BTC+2 | FVG+1 | OB+1 | ChoCH+1 | Zone:OB+1 | Sess:OVERLAP | Strong1h+1 | QualityRisk:1.15,0,0,-1.0,range,0.3867,1,2.8222,0.1765,2.5985,-1,0.0,0.3441,2.1052,2.121,0.0476,1.208,1.0,0.2513,1.640625,3184,6,3,0.968,-1.0,0,1.075,0
SUIUSDT,3184,3189,1774440900,1774446300,LONG,TP1,0.968,0.97189002,1.04580034,0.95243993,0.0,-0.043547361933461946,0.043547361933461946,14,1.67,62.91,0.38709677419354993,0.006230706393926261,1.5663667944054707,base,adaptive disabled,1.15,78.5,90,100,50,80,OVERLAP,bullish,bullish,FVG,BOS bullish | Vol 1.7x | FVG | ChoCH | Session:OVERLAP | StrongTrend1h | Zone:FVG | MTF 14 | Risk x1.15,BOS+2 | 1h+2 | 4h+2 | Vol+1 | RSI+1 | BTC+2 | FVG+1 | ChoCH+1 | Zone:FVG+1 | Sess:OVERLAP | Strong1h+1 | QualityRisk:1.15,0,0,-1.0,bull,0.3957,1,3.4976,0.1765,2.9492,-1,0.0,0.5913,1.491,5.143,-0.1183,1.69,1.0,0.3869,1.75,3184,2,3,0.094,0.704,1,0.986,0
ADAUSDT,3190,3241,1774446300,1774493100,LONG,SL,0.2728,0.27423278,0.30145553,0.26706889,-0.87890625,-0.895640573717395,0.016734323717395107,16,3.82,65.06,0.21518987341772544,0.010720627136540853,2.602188587753179,base,adaptive disabled,1.15,79.5,90,75,70,80,OVERLAP,bullish,bullish,FVG,BOS bullish | Vol 3.8x | FVG | ChoCH | Engulfing | Session:OVERLAP | StrongTrend1h | Zone:FVG | MTF 16 | Risk x1.15,BOS+2 | 1h+2 | 4h+2 | Vol+2 | RSI+1 | BTC+2 | FVG+1 | ChoCH+1 | Engulfing+1 | Zone:FVG+1 | Sess:OVERLAP | Strong1h+1 | RelStrengthRisk:1.15,0,0,-1.0,bull,0.6557,0,3.1267,0.1765,1.0891,-1,0.0,1.1342,0.6979,0.5,0.0476,1.835,1.0,0.5188,0.87890625,3187,5,3,0.674,12.752,0,1.471,0
XRPUSDT,3249,3252,1774499400,1774503000,SHORT,TRAIL,1.4029,1.3971417,1.28773399,1.4259332,0.17054348526492177,0.15683924529826493,0.013704239966656841,13,1.73,32.29,0.7041420118343019,0.002829466581108806,1.000145699828171,base,adaptive disabled,1.25,75.0,80,100,50,80,OFF_HOURS,bearish,bearish,FVG,BOS bearish | Vol 1.7x | FVG | ChoCH | Zone:FVG | MTF 13 | Risk x1.25,BOS+2 | 1h+2 | 4h+2 | Vol+1 | RSI+1 | BTC+2 | FVG+1 | ChoCH+1 | Zone:FVG+1 | Sess:OFF_HOURS | QualityRisk:1.15 | TrendPairRisk:1.25,0,0,-1.0,range,0.3645,0,1.9827,0.3333,1.107,-1,0.0,0.0781,1.7887,0.0,-0.1436,1.698,1.0,-0.3115,0.5625,3244,1,6,2.322,0.391,1,1.122,1
XRPUSDT,3256,3260,1774505700,1774510200,SHORT,TRAIL,1.3921,1.38539396,1.25797922,1.41892416,0.23172922630513865,0.2161600528436025,0.01556917346153611,15,2.21,31.97,0.3018181818181751,0.003860864921637726,1.3985240705599185,base,adaptive disabled,1.15,89.7,90,96,90,80,OFF_HOURS,bearish,bearish,FVG,BOS bearish | Vol 2.2x | FVG | ChoCH | StrongTrend1h | Zone:FVG | MTF 15 | Risk x1.15,BOS+2 | BodyStrong+1 | 1h+2 | 4h+2 | Vol+2 | BTC+2 | FVG+1 | ChoCH+1 | Zone:FVG+1 | Sess:OFF_HOURS | Strong1h+1 | TrendPairRisk:1.15,0,0,-1.0,bear,0.2238,0,4.2946,0.0526,2.1379,-1,0.0,0.0112,1.9982,0.624,-0.1128,2.038,1.0,-0.4655,0.75,3256,1,2,1.062,1.718,0,1.085,5
BTCUSDT,3294,3303,1774539900,1774548900,SHORT,TRAIL,69055.1,68786.15661239,63676.23224779,70130.87355044,0.38843415264215686,0.3703804025131855,0.018053750128971414,14,4.53,31.56,0.3449190993921854,0.007108383803811216,2.485534005339985,base,adaptive disabled,1.0,73.8,65,90,70,80,NEW_YORK,bearish,neutral,FVG,BOS bearish | Vol 4.5x | FVG | ChoCH | Engulfing | Session:NEW_YORK | StrongTrend1h | Zone:FVG | MTF 14,BOS+2 | 1h+2 | 4hN+1 | Vol+2 | BTC+2 | FVG+1 | ChoCH+1 | Engulfing+1 | Zone:FVG+1 | Sess:NEW_YORK | Strong1h+1,0,0,-1.0,range,0.4154,1,4.3638,0.1111,2.628,-1,0.0,0.1347,2.9006,1.826,0.0578,2.327,-1.0,0.1596,0.703125,3293,0,1,0.611,0.449,1,0.597,0
ETHUSDT,3294,3299,1774539900,1774545300,SHORT,TRAIL,2072.65,2064.89241628,2022.0,2103.68033488,0.35931905812819764,0.3259219000244368,0.03339715810376088,15,2.34,34.8,0.1566606023852832,0.007792591616389028,2.112066286340587,base,adaptive disabled,1.15,78.1,90,68,70,80,NEW_YORK,bearish,bearish,FVG,BOS bearish | Vol 2.3x | FVG | ChoCH | Session:NEW_YORK | StrongTrend1h | Zone:FVG | MTF 15 | Risk x1.15,BOS+2 | 1h+2 | 4h+2 | Vol+2 | RSI+1 | BTC+2 | FVG+1 | ChoCH+1 | Zone:FVG+1 | Sess:NEW_YORK | Strong1h+1 | TrendPairRisk:1.15,0,0,-1.0,range,0.5266,1,3.2424,0.1111,1.4351,-1,0.0,0.0648,1.8382,0.823,0.0067,1.431,1.0,-0.2531,1.25,3293,16,1,0.336,0.458,1,0.501,0
BTCUSDT,3345,3362,1774585800,1774602000,SHORT,TRAIL,68537.3,68329.74713341,64386.24266821,69367.51146636,0.25367030995532075,0.24438298189201907,0.009287328063301676,16,1.31,39.28,0.5285584768812316,0.0038927149365416158,1.4168493219636853,base,adaptive disabled,1.15,84.5,90,100,70,80,OFF_HOURS,bearish,bearish,FVG,BOS bearish | Vol 1.3x | FVG | ChoCH | Engulfing | StrongTrend1h | Zone:FVG | MTF 16 | Risk x1.15,BOS+2 | BodyStrong+1 | 1h+2 | 4h+2 | Vol+1 | RSI+1 | BTC+2 | FVG+1 | ChoCH+1 | Engulfing+1 | Zone:FVG+1 | Sess:OFF_HOURS | Strong1h+1 | TrendPairRisk:1.15,0,1,-1.0,bull,0.3083,0,3.0868,0.1111,3.7368,-1,0.0,0.473,4.6301,0.0,0.0137,1.507,1.0,-0.0525,0.28125,3345,0,1,0.672,0.017,1,0.871,2
ETHUSDT,3345,3361,1774585800,1774601100,SHORT,TP1,2051.74,2043.64964424,1889.93288485,2084.10142303,0.0,-0.019020238987308584,0.019020238987308584,15,1.3,37.7,0.6498010233087131,0.0048732832916820535,1.4137579371454643,base,adaptive disabled,1.15,84.5,90,100,70,80,OFF_HOURS,bearish,bearish,FVG,BOS bearish | Vol 1.3x | FVG | ChoCH | StrongTrend1h | Zone:FVG | MTF 15 | Risk x1.15,BOS+2 | BodyStrong+1 | 1h+2 | 4h+2 | Vol+1 | RSI+1 | BTC+2 | FVG+1 | ChoCH+1 | Zone:FVG+1 | Sess:OFF_HOURS | Strong1h+1 | TrendPairRisk:1.15,0,0,-1.0,range,0.284,0,3.3285,0.1111,4.5421,-1,0.0,0.6566,2.3522,0.0,-0.0668,1.309,1.0,-0.2794,0.75,3345,0,1,0.969,0.488,1,0.991,3
SUIUSDT,3430,3434,1774662300,1774666800,SHORT,TRAIL,0.8762,0.8735714,0.823628,0.8867144,0.09764163996705696,0.07264163996705705,0.024999999999999918,15,1.92,38.3,0.32467532467532095,0.00537870160975793,1.2055187378531433,base,adaptive disabled,1.25,78.1,90,98,50,80,OFF_HOURS,bearish,bearish,FVG,BOS bearish | Vol 1.9x | FVG | LiqSweep | ChoCH | Engulfing | StrongTrend1h | Zone:FVG | MTF 15 | Risk x1.25,BOS+2 | 1h+2 | 4h+2 | Vol+1 | RSI+1 | BTCok+1 | FVG+1 | LiqSweep+1 | ChoCH+1 | Engulfing+1 | Zone:FVG+1 | Sess:OFF_HOURS | Strong1h+1 | QualityRisk:1.15 | TrendPairRisk:1.25,0,1,-1.0,bull,0.5285,1,3.5526,0.0526,1.9448,-1,0.0,0.2663,1.1793,0.0,0.0432,1.169,-1.0,0.048,0.75,3430,1,2,0.318,1.213,0,1.646,0
ADAUSDT,3542,3544,1774763100,1774765800,SHORT,TP1,0.2453,0.2445641,0.230582,0.2482436,0.0,-0.01874999999999988,0.01874999999999988,16,13.8,29.3,0.48571428571428343,0.005857977770842772,1.8159731096935177,base,adaptive disabled,1.15,82.5,90,90,70,80,OFF_HOURS,bearish,bearish,FVG,BOS bearish | Vol 13.8x | FVG | ChoCH | StrongTrend1h | Zone:FVG | MTF 16 | Risk x1.15,BOS+2 | 1h+2 | 4h+2 | Vol+2 | BTC+2 | FVG+1 | ChoCH+1 | Zone:FVG+1 | Sess:OFF_HOURS | Strong1h+1 | NestedOB_1h+2 | TrendPairRisk:1.15,0,1,-1.0,bull,0.6087,0,4.1481,0.1111,7.407,-1,0.0,0.1359,1.0871,0.0,0.2103,5.641,1.0,-0.5599,0.5625,3541,1,1,0.957,0.532,1,0.638,8
ETHUSDT,3561,3571,1774780200,1774790100,SHORT,TP1,1995.99,1990.00203,1876.2306,2019.94188,0.0,-0.0656249999999998,0.0656249999999998,14,2.5,31.49,0.754999999999974,0.0019116318861180498,0.9073970382863848,base,adaptive disabled,1.15,80.0,60,100,90,80,LONDON,neutral,bearish,FVG,BOS bearish | Vol 2.5x | FVG | ChoCH | Engulfing | Session:LONDON | Zone:FVG | MTF 14 | Risk x1.15,BOS+2 | BodyStrong+1 | 1hN+1 | 4h+2 | Vol+2 | BTC+2 | FVG+1 | ChoCH+1 | Engulfing+1 | Zone:FVG+1 | Sess:LONDON | QualityRisk:1.15,0,1,-1.0,bull,0.3053,2,3.0789,0.0526,2.6088,-1,0.0,0.4805,2.3263,0.0,-0.0513,2.033,1.0,-0.3138,1.96875,3561,0,3,1.257,0.561,1,1.229,1
ETHUSDT,3562,3571,1774781100,1774790100,SHORT,TP1,1995.99,1990.00203,1876.2306,2019.94188,0.0,-0.058333333333333154,0.058333333333333154,14,1.44,37.17,0.4744897959183406,0.002410005915327852,1.1439609506943098,base,adaptive disabled,1.15,74.0,60,100,70,80,LONDON,neutral,bearish,FVG,BOS bearish | Vol 1.4x | FVG | ChoCH | Engulfing | Session:LONDON | Zone:FVG | MTF 14 | Risk x1.15,BOS+2 | BodyStrong+1 | 1hN+1 | 4h+2 | Vol+1 | RSI+1 | BTC+2 | FVG+1 | ChoCH+1 | Engulfing+1 | Zone:FVG+1 | Sess:LONDON | QualityRisk:1.15,0,1,-1.0,bull,0.3053,0,2.8885,0.1111,2.0516,-1,0.0,0.4805,2.3263,0.0,-0.0122,1.343,1.0,-0.2667,1.75,3562,1,4,0.786,1.022,1,1.069,2
BTCUSDT,3563,3571,1774782000,1774790100,SHORT,TP1,66687.5,66487.4375,62686.25,67487.75,0.0,-0.021875,0.021875,16,1.61,36.9,0.4215236847849888,0.0016190974907555854,0.8969327073643452,base,adaptive disabled,1.15,74.0,60,100,70,80,LONDON,neutral,bearish,FVG,BOS bearish | Vol 1.6x | FVG | ChoCH | Engulfing | Session:LONDON | Zone:FVG | MTF 16 | Risk x1.15,BOS+2 | BodyStrong+1 | 1hN+1 | 4h+2 | Vol+1 | RSI+1 | BTC+2 | FVG+1 | ChoCH+1 | Engulfing+1 | Zone:FVG+1 | Sess:LONDON | NestedOB_1h+2 | QualityRisk:1.15,0,0,-1.0,range,0.6684,1,2.264,0.1111,0.6966,-1,0.0,0.3355,1.0717,0.0,-0.0528,1.597,1.0,-0.2423,0.65625,3561,15,3,0.897,1.681,0,0.655,0
ETHUSDT,3563,3569,1774782000,1774788300,SHORT,TP1,2002.86,1996.85142,1882.6884,2026.89432,0.0,-0.05833333333333282,0.05833333333333282,13,1.64,35.21,0.4720416124837342,0.002716869952486732,1.289620541589717,base,adaptive disabled,1.0,74.0,60,100,70,80,LONDON,neutral,bearish,FVG,BOS bearish | Vol 1.6x | FVG | ChoCH | Session:LONDON | Zone:FVG | MTF 13,BOS+2 | BodyStrong+1 | 1hN+1 | 4h+2 | Vol+1 | RSI+1 | BTC+2 | FVG+1 | ChoCH+1 | Zone:FVG+1 | Sess:LONDON,0,1,-1.0,bull,0.6738,1,2.7691,0.1765,1.751,-1,0.0,0.1931,1.408,0.0,-0.0299,1.985,1.0,-0.2902,1.75,3560,14,2,0.681,1.169,1,0.466,0
ETHUSDT,3573,3575,1774791000,1774793700,SHORT,TRAIL,1992.74,1986.76178,1873.1756,2016.65288,0.22465270966114487,0.19131937632781165,0.033333333333333215,16,1.5,36.96,0.13278974956318945,0.005181640155529605,2.3271605672501265,base,adaptive disabled,1.15,71.5,90,65,50,80,NEW_YORK,bearish,bearish,FVG,BOS bearish | Vol 1.5x | FVG | ChoCH | Engulfing | Session:NEW_YORK | StrongTrend1h | Zone:FVG | MTF 16 | Risk x1.15,BOS+2 | 1h+2 | 4h+2 | Vol+1 | RSI+1 | BTCok+1 | FVG+1 | ChoCH+1 | Engulfing+1 | Zone:FVG+1 | Sess:NEW_YORK | Strong1h+1 | NestedOB_1h+2 | TrendPairRisk:1.15,0,0,-1.0,range,0.4198,0,3.6715,0.1111,3.8537,-1,0.0,0.3864,1.6292,0.514,-0.0678,1.326,1.0,-0.2847,1.0,3573,0,1,0.025,0.007,1,1.128,1
SUIUSDT,3599,3609,1774814400,1774824300,SHORT,TP1,0.8397,0.83646041,0.77490829,0.85265834,0.0,-0.014579992499039279,0.014579992499039279,14,1.31,32.17,0.45555555555555766,0.004366168096641592,1.1919638905240022,base,adaptive disabled,1.25,84.5,90,100,70,80,DEAD_ZONE,bearish,bearish,FVG,BOS bearish | Vol 1.3x | FVG | ChoCH | StrongTrend1h | Zone:FVG | MTF 14 | Risk x1.25,BOS+2 | BodyStrong+1 | 1h+2 | 4h+2 | Vol+1 | RSI+1 | BTCok+1 | FVG+1 | ChoCH+1 | Zone:FVG+1 | Sess:DEAD_ZONE | Strong1h+1 | QualityRisk:1.15 | TrendPairRisk:1.25,0,0,-1.0,bear,0.2017,0,2.9783,0.1111,1.0137,-1,0.0,0.5788,2.5621,10.0,0.0334,1.882,1.0,-0.258,0.5625,3598,0,1,1.07,1.128,0,0.492,4
SUIUSDT,3600,3603,1774815300,1774818900,SHORT,TRAIL,0.8437,0.8411689,0.793078,0.8538244,0.059262771127179405,0.03426277112717949,0.02499999999999992,17,1.77,38.82,0.39726027397260005,0.0034150020016127,0.927338285580348,base,adaptive disabled,1.25,87.5,90,100,80,80,DEAD_ZONE,bearish,bearish,OB,BOS bearish | Vol 1.8x | FVG | OB | ChoCH | BearWick | StrongTrend1h | Zone:OB | MTF 17 | Risk x1.25,BOS+2 | BodyStrong+1 | 1h+2 | 4h+2 | Vol+1 | RSI+1 | BTC+2 | FVG+1 | OB+1 | ChoCH+1 | BearWick+1 | Zone:OB+1 | Sess:DEAD_ZONE | Strong1h+1 | QualityRisk:1.15 | TrendPairRisk:1.25,0,0,-1.0,bear,0.5378,0,2.4882,0.1765,1.3809,-1,0.0,0.3457,1.5013,5.8,-0.0517,1.34,1.0,-0.2185,0.75,3600,6,3,0.381,0.527,1,1.317,0
ETHUSDT,3770,3771,1774968300,1774970100,LONG,TP1,2059.01,2074.25535971,2363.91719424,1998.02856115,0.0,-0.023635175344833587,0.023635175344833587,14,1.64,58.04,0.3515961059542647,0.009164171928534954,2.135979374581132,base,adaptive disabled,1.15,75.0,60,90,80,80,NEW_YORK,neutral,bullish,OB,BOS bullish | Vol 1.6x | FVG | OB | ChoCH | Session:NEW_YORK | Zone:OB | MTF 14 | Risk x1.15,BOS+2 | BodyStrong+1 | 1hN+1 | 4h+2 | Vol+1 | RSI+1 | BTC+2 | FVG+1 | OB+1 | ChoCH+1 | Zone:OB+1 | Sess:NEW_YORK | QualityRisk:1.15,0,0,-1.0,range,0.401,0,2.8202,0.1111,1.9777,-1,0.0,0.3768,1.2233,4.548,0.1097,0.824,1.0,0.4072,1.75,3770,5,6,0.727,1.359,0,1.986,4
ADAUSDT,3776,3777,1774973700,1774975500,SHORT,TP1,0.2385,0.23641313,0.1967625,0.2468475,-0.03593890386343316,-0.04451033243486173,0.008571428571428563,14,1.9,36.14,0.35593220338983284,0.007281790355197702,1.4593921509610477,base,adaptive disabled,1.15,78.5,90,100,50,80,NEW_YORK,bearish,bearish,FVG,BOS bearish | Vol 1.9x | FVG | ChoCH | Engulfing | Session:NEW_YORK | StrongTrend1h | Zone:FVG | MTF 14 | Risk x1.15,BOS+2 | 1h+2 | 4h+2 | Vol+1 | RSI+1 | BTCok+1 | FVG+1 | ChoCH+1 | Engulfing+1 | Zone:FVG+1 | Sess:NEW_YORK | Strong1h+1 | TrendPairRisk:1.15,0,0,-1.0,range,0.2184,0,3.6246,0.0526,1.96,-1,0.0,0.1677,2.0605,0.0,-0.1303,1.654,-1.0,0.0938,0.75,3776,0,1,0.423,3.383,0,1.148,1
ADAUSDT,3777,3828,1774974600,1775021400,SHORT,SL,0.2385,0.23641313,0.1967625,0.2468475,-0.75,-0.7585714285714285,0.008571428571428563,14,1.48,35.81,0.4594594594594612,0.007429393644527105,1.488974310209783,base,adaptive disabled,1.15,78.5,90,100,50,80,NEW_YORK,bearish,bearish,FVG,BOS bearish | Vol 1.5x | FVG | ChoCH | BearWick | Session:NEW_YORK | StrongTrend1h | Zone:FVG | MTF 14 | Risk x1.15,BOS+2 | 1h+2 | 4h+2 | Vol+1 | RSI+1 | BTCok+1 | FVG+1 | ChoCH+1 | BearWick+1 | Zone:FVG+1 | Sess:NEW_YORK | Strong1h+1 | TrendPairRisk:1.15,0,0,-1.0,range,0.2184,1,2.9349,0.1111,1.8566,-1,0.0,1.0901,2.0605,0.0,-0.1279,2.638,-1.0,0.1159,0.75,3777,1,2,0.5,3.434,0,0.562,0
ETHUSDT,3781,3829,1774978200,1775022300,LONG,TRAIL,2106.14,2124.568725,2474.7145,2032.4251,0.15345438981807044,0.14702581838949902,0.006428571428571434,15,1.51,65.04,0.5089614534740933,0.01036831835410264,1.9106681518378192,base,adaptive disabled,1.0,76.5,90,90,50,80,OFF_HOURS,bullish,bullish,FVG,BOS bullish | Vol 1.5x | FVG | ChoCH | Engulfing | StrongTrend1h | Zone:FVG | MTF 15,BOS+2 | 1h+2 | 4h+2 | Vol+1 | RSI+1 | BTC+2 | FVG+1 | ChoCH+1 | Engulfing+1 | Zone:FVG+1 | Sess:OFF_HOURS | Strong1h+1,0,0,-1.0,bull,0.207,0,3.9533,0.0526,1.483,-1,0.0,0.3675,1.6203,0.0,0.0082,1.485,1.0,0.137,0.5625,3781,0,3,0.885,3.751,0,1.018,1
ETHUSDT,3812,3827,1775006100,1775020500,LONG,TRAIL,2103.44,2110.45476263,2243.73525251,2075.3809495,0.1793538951006209,0.15686446695692804,0.02248942814369288,16,1.4,57.2,0.2892609699769228,0.0057951565186907415,1.1034921533833175,base,adaptive disabled,1.15,83.3,90,94,70,80,OFF_HOURS,bullish,bullish,FVG,BOS bullish | Vol 1.4x | FVG | ChoCH | Engulfing | StrongTrend1h | Zone:FVG | MTF 16 | Risk x1.15,BOS+2 | BodyStrong+1 | 1h+2 | 4h+2 | Vol+1 | RSI+1 | BTC+2 | FVG+1 | ChoCH+1 | Engulfing+1 | Zone:FVG+1 | Sess:OFF_HOURS | Strong1h+1 | QualityRisk:1.15,0,1,-1.0,bear,0.4422,0,2.1131,0.1111,2.9424,-1,0.0,0.8692,1.7677,0.0,0.1445,1.255,1.0,0.2964,0.75,3812,0,1,0.167,1.755,0,1.112,2
LINKUSDT,3812,3826,1775006100,1775019600,LONG,TRAIL,8.799,8.83161164,9.45123282,8.66855344,0.22118769231379062,0.19589285126930453,0.025294841044486087,16,1.56,59.83,0.5315315315315304,0.004164400727459578,0.9237495049658854,base,adaptive disabled,1.15,78.5,90,100,50,80,OFF_HOURS,bullish,bullish,FVG,BOS bullish | Vol 1.6x | FVG | ChoCH | Engulfing | BullWick | StrongTrend1h | Zone:FVG | MTF 16 | Risk x1.15,BOS+2 | 1h+2 | 4h+2 | Vol+1 | RSI+1 | BTC+2 | FVG+1 | ChoCH+1 | Engulfing+1 | BullWick+1 | Zone:FVG+1 | Sess:OFF_HOURS | Strong1h+1 | QualityRisk:1.15,0,1,-1.0,bear,0.2167,0,2.1401,0.1111,1.5527,-1,0.0,0.4753,1.8092,0.0,0.1337,2.19,1.0,0.1103,0.9375,3812,0,1,0.165,1.18,0,0.713,2
ETHUSDT,3830,3831,1775022300,1775024100,LONG,TP1,2122.33,2135.64301211,2388.59024212,2069.07795158,0.0,-0.005044076211049917,0.005044076211049917,14,1.4,69.34,0.678571428571439,0.006638610311663881,1.685727697118553,base,adaptive disabled,1.0,78.5,90,100,50,80,OFF_HOURS,bullish,bullish,FVG,BOS bullish | Vol 1.4x | FVG | ChoCH | Engulfing | StrongTrend1h | Zone:FVG | MTF 14,BOS+2 | 1h+2 | 4h+2 | Vol+1 | BTC+2 | FVG+1 | ChoCH+1 | Engulfing+1 | Zone:FVG+1 | Sess:OFF_HOURS | Strong1h+1,0,1,-1.0,bear,0.24,0,3.6602,0.1111,3.7101,-1,0.0,0.0175,1.5752,0.0,0.0385,1.713,1.0,0.2239,0.31640625,3830,0,5,1.818,5.029,0,0.819,3
BTCUSDT,3836,3908,1775027700,1775093400,LONG,SL,68990.6,69414.98284306,77478.25686116,67293.06862777,-0.11865234375,-0.12058123803039617,0.0019288942803961592,15,1.49,71.33,0.6544249620323044,0.004745182065664759,1.4343387468184658,base,adaptive disabled,1.0,84.5,90,100,70,80,OFF_HOURS,bullish,bullish,FVG,BOS bullish | Vol 1.5x | FVG | ChoCH | Engulfing | StrongTrend1h | Zone:FVG | MTF 15,BOS+2 | BodyStrong+1 | 1h+2 | 4h+2 | Vol+1 | BTC+2 | FVG+1 | ChoCH+1 | Engulfing+1 | Zone:FVG+1 | Sess:OFF_HOURS | Strong1h+1,0,0,-1.0,range,0.1842,1,3.5315,0.0526,1.482,-1,0.0,1.0515,0.4234,2.591,0.2045,1.678,1.0,0.499,0.11865234375,3835,0,2,1.283,11.359,0,0.959,0
AVAXUSDT,3859,3907,1775048400,1775092500,LONG,SL,9.192,9.482,9.74352,9.081696,-0.75,-0.7750000000000002,0.02500000000000016,15,2.6,63.15,0.5365853658536712,0.007239116461207774,1.8064530347852386,base,adaptive disabled,1.0,82.5,90,90,70,80,OVERLAP,bullish,bullish,FVG,BOS bullish | Vol 2.6x | FVG | ChoCH | Session:OVERLAP | StrongTrend1h | Zone:FVG | MTF 15,BOS+2 | 1h+2 | 4h+2 | Vol+2 | RSI+1 | BTC+2 | FVG+1 | ChoCH+1 | Zone:FVG+1 | Sess:OVERLAP | Strong1h+1,0,1,-1.0,bear,0.7962,0,2.8775,-1.0,-1.0,-1,0.0,1.4687,0.3793,0.0,-0.1115,1.143,1.0,-0.109,0.75,3858,2,1,0.919,4.136,1,1.479,5
AVAXUSDT,3859,3907,1775048400,1775092500,LONG,SL,9.192,9.482,9.74352,9.081696,-0.9375,-0.9687500000000003,0.0312500000000002,15,3.64,55.0,0.34042553191489605,0.008105268261916052,2.0079159159332822,base,adaptive disabled,1.25,88.5,90,90,90,80,OVERLAP,bullish,bullish,FVG,BOS bullish | Vol 3.6x | FVG | ChoCH | Session:OVERLAP | StrongTrend1h | Zone:FVG | MTF 15 | Risk x1.25,BOS+2 | BodyStrong+1 | 1h+2 | 4h+2 | Vol+2 | RSI+1 | BTCok+1 | FVG+1 | ChoCH+1 | Zone:FVG+1 | Sess:OVERLAP | Strong1h+1 | QualityRisk:1.15 | RelStrengthRisk:1.25,0,1,-1.0,bear,0.7962,0,2.7824,-1.0,-1.0,-1,0.0,1.4687,0.3793,0.0,-0.161,2.548,1.0,-0.1464,0.9375,3859,3,2,0.019,4.869,1,1.43,5
LINKUSDT,3859,3861,1775048400,1775051100,LONG,TRAIL,8.977,9.003931,9.51562,8.869276,0.20912021801741376,0.17982334301741404,0.02929687499999972,17,3.66,47.0,0.23636363636363322,0.008415304772306169,2.0524246017874153,base,adaptive disabled,1.0,86.1,90,78,90,80,OVERLAP,bullish,bullish,FVG,BOS bullish | Vol 3.7x | FVG | LiqSweep | ChoCH | Discount | Session:OVERLAP | StrongTrend1h | Zone:FVG | MTF 17,BOS+2 | BodyStrong+1 | 1h+2 | 4h+2 | Vol+2 | RSI+1 | BTCok+1 | FVG+1 | LiqSweep+1 | ChoCH+1 | Discount+1 | Zone:FVG+1 | Sess:OVERLAP | Strong1h+1,0,0,-1.0,range,1.0,0,2.3108,9.0,0.5669,-1,0.0,0.557,1.8195,1.345,-0.1499,1.73,1.0,-0.2135,0.87890625,3859,26,1,1.476,4.557,0,2.118,5
XRPUSDT,3859,3866,1775048400,1775055600,LONG,TP1,1.353,1.357059,1.43418,1.336764,0.0,-0.033333333333333506,0.033333333333333506,15,3.47,52.13,0.14979757085020157,0.005631122550780396,1.6588552541576873,base,adaptive disabled,1.15,85.9,90,77,90,80,OVERLAP,bullish,bullish,FVG,BOS bullish | Vol 3.5x | FVG | ChoCH | Session:OVERLAP | StrongTrend1h | Zone:FVG | MTF 15 | Risk x1.15,BOS+2 | BodyStrong+1 | 1h+2 | 4h+2 | Vol+2 | RSI+1 | BTCok+1 | FVG+1 | ChoCH+1 | Zone:FVG+1 | Sess:OVERLAP | Strong1h+1 | QualityRisk:1.15,0,0,-1.0,range,0.6066,0,2.4277,0.1111,3.6756,-1,0.0,0.542,1.1579,0.0,-0.1854,2.271,1.0,-0.1621,1.0,3859,26,1,0.265,0.918,0,1.53,2
AVAXUSDT,3861,3907,1775050200,1775092500,LONG,SL,9.184,9.482,9.73504,9.073792,-0.75,-0.7749999999999999,0.02499999999999998,15,1.34,53.99,0.2916666666666713,0.008793186239791693,2.0779687482686366,base,adaptive disabled,1.25,78.5,90,85,60,80,NEW_YORK,bullish,bullish,OB,BOS bullish | Vol 1.3x | FVG | OB | ChoCH | BullWick | Session:NEW_YORK | StrongTrend1h | Zone:OB | MTF 15 | Risk x1.25,BOS+2 | 1h+2 | 4h+2 | Vol+1 | RSI+1 | BTCok+1 | FVG+1 | OB+1 | ChoCH+1 | BullWick+1 | Zone:OB+1 | Sess:NEW_YORK | Strong1h+1 | QualityRisk:1.15 | RelStrengthRisk:1.25,0,1,-1.0,bear,0.7826,1,2.382,-1.0,-1.0,-1,0.0,1.3974,0.396,0.0,-0.1127,1.246,1.0,-0.1253,0.75,3860,7,3,0.096,4.956,1,0.615,0
ETHUSDT,3876,3893,1775063700,1775079900,LONG,TRAIL,2142.77,2154.76955675,2382.76113496,2094.77177301,0.173223375106632,0.15983056790702593,0.013392807199606064,15,2.75,63.43,0.5283181270442454,0.007770744413506423,1.673483076648283,base,adaptive disabled,1.15,84.5,90,100,70,80,OFF_HOURS,bullish,bullish,FVG,BOS bullish | Vol 2.8x | FVG | ChoCH | Engulfing | StrongTrend1h | Zone:FVG | MTF 15 | Risk x1.15,BOS+2 | 1h+2 | 4h+2 | Vol+2 | RSI+1 | BTCok+1 | FVG+1 | ChoCH+1 | Engulfing+1 | Zone:FVG+1 | Sess:OFF_HOURS | Strong1h+1 | RelStrengthRisk:1.15,0,1,-1.0,bear,0.4082,1,3.5572,0.0526,2.66,-1,0.0,0.4271,1.4351,0.0,0.0411,1.473,1.0,0.1951,0.75,3876,1,2,1.122,0.47,1,1.868,0
SUIUSDT,3876,3903,1775063700,1775088900,LONG,SL,0.9022,0.90798723,1.01794455,0.87905109,-0.5625,-0.5712690953915325,0.008769095391532486,16,1.67,65.53,0.4804270462633491,0.00750028591208192,1.5909535047199201,base,adaptive disabled,1.15,84.5,90,100,70,80,NEW_YORK,bullish,bullish,FVG,BOS bullish | Vol 1.7x | FVG | MACD_Div | ChoCH | Session:NEW_YORK | StrongTrend1h | Zone:FVG | MTF 16 | Risk x1.15,BOS+2 | BodyStrong+1 | 1h+2 | 4h+2 | Vol+1 | RSI+1 | BTC+2 | FVG+1 | MACD_Div+1 | ChoCH+1 | Zone:FVG+1 | Sess:NEW_YORK | Strong1h+1 | QualityRisk:1.15,0,1,-1.0,bear,0.4033,1,3.6198,0.0526,1.9077,-1,0.0,1.0281,1.3996,3.75,0.3,1.41,1.0,0.4476,0.5625,3874,0,3,1.334,12.955,0,1.81,0
XRPUSDT,3876,3907,1775063700,1775092500,LONG,SL,1.3577,1.36250672,1.45383433,1.33847313,-0.5625,-0.5783883115140427,0.01588831151404258,15,2.31,59.77,0.28571428571429064,0.005070342314329873,1.3184840149891859,base,adaptive disabled,1.15,83.3,90,94,70,80,OFF_HOURS,bullish,bullish,FVG,BOS bullish | Vol 2.3x | FVG | MACD_Div | ChoCH | StrongTrend1h | Zone:FVG | MTF 15 | Risk x1.15,BOS+2 | 1h+2 | 4h+2 | Vol+2 | RSI+1 | BTCok+1 | FVG+1 | MACD_Div+1 | ChoCH+1 | Zone:FVG+1 | Sess:OFF_HOURS | Strong1h+1 | QualityRisk:1.15,0,1,-1.0,bear,0.4304,1,2.9335,0.0526,2.2696,-1,0.0,1.0662,1.2274,6.571,-0.0129,1.348,1.0,0.2114,0.5625,3876,1,2,0.733,0.786,1,1.711,0
LINKUSDT,3877,3907,1775064600,1775092500,LONG,SL,9.011,9.04746844,9.74036888,8.86512622,-0.9375,-0.960664718155655,0.023164718155655042,15,1.65,58.1,0.3286713286713271,0.0062946827798831435,1.2440208946206064,base,adaptive disabled,1.25,78.3,90,99,50,80,OFF_HOURS,bullish,bullish,FVG,BOS bullish | Vol 1.6x | FVG | LiqSweep | ChoCH | Engulfing | StrongTrend1h | Zone:FVG | MTF 15 | Risk x1.25,BOS+2 | 1h+2 | 4h+2 | Vol+1 | RSI+1 | BTCok+1 | FVG+1 | LiqSweep+1 | ChoCH+1 | Engulfing+1 | Zone:FVG+1 | Sess:OFF_HOURS | Strong1h+1 | QualityRisk:1.15 | RelStrengthRisk:1.25,0,1,-1.0,bear,0.5688,0,3.5856,0.1111,1.1162,-1,0.0,1.2202,0.6855,0.0,-0.044,0.939,1.0,0.1972,0.9375,3876,2,3,0.925,0.636,1,1.234,1
BTCUSDT,4008,4010,1775182500,1775185200,SHORT,TRAIL,66593.3,66393.5201,62597.702,67392.4196,0.06747421830866732,0.06044296830866724,0.007031250000000081,15,1.44,39.08,0.5121790651744594,0.003547347846270738,1.304016795058865,base,adaptive disabled,1.15,84.5,90,100,70,80,OFF_HOURS,bearish,bearish,FVG,BOS bearish | Vol 1.4x | FVG | ChoCH | StrongTrend1h | Zone:FVG | MTF 15 | Risk x1.15,BOS+2 | BodyStrong+1 | 1h+2 | 4h+2 | Vol+1 | RSI+1 | BTC+2 | FVG+1 | ChoCH+1 | Zone:FVG+1 | Sess:OFF_HOURS | Strong1h+1 | TrendPairRisk:1.15,0,0,-1.0,bear,0.3211,1,2.8752,0.0526,2.3198,-1,0.0,0.1584,1.7184,10.0,-0.1696,1.87,1.0,-0.3398,0.2109375,4007,0,1,0.52,0.207,1,1.276,0
BTCUSDT,4008,4010,1775182500,1775185200,SHORT,TRAIL,66593.3,66393.5201,62597.702,67392.4196,0.0893579930970121,0.079982993097012,0.009375000000000107,17,2.29,34.74,0.5595839524517174,0.003871588399888829,1.423208694438474,base,adaptive disabled,1.15,90.5,90,100,90,80,OFF_HOURS,bearish,bearish,FVG,BOS bearish | Vol 2.3x | FVG | ChoCH | Engulfing | StrongTrend1h | Zone:FVG | MTF 17 | Risk x1.15,BOS+2 | BodyStrong+1 | 1h+2 | 4h+2 | Vol+2 | RSI+1 | BTC+2 | FVG+1 | ChoCH+1 | Engulfing+1 | Zone:FVG+1 | Sess:OFF_HOURS | Strong1h+1 | TrendPairRisk:1.15,0,0,-1.0,bear,0.3211,1,2.8197,0.0526,2.3198,-1,0.0,0.1584,1.7184,0.0,-0.1494,1.831,1.0,-0.3729,0.28125,4008,1,2,1.171,0.537,1,1.251,0
XRPUSDT,4010,4049,1775184300,1775220300,SHORT,SL,1.3073,1.2793,1.20124684,1.32851063,-0.984375,-1.008643462322901,0.02426846232290116,16,1.56,34.5,0.7003745318352051,0.004974231461417626,1.3187804269439158,base,adaptive disabled,1.0,74.0,60,100,70,80,OFF_HOURS,neutral,bearish,FVG,BOS bearish | Vol 1.6x | FVG | LiqSweep | ChoCH | Zone:FVG | MTF 16,BOS+2 | BodyStrong+1 | 1hN+1 | 4h+2 | Vol+1 | RSI+1 | BTC+2 | FVG+1 | LiqSweep+1 | ChoCH+1 | Zone:FVG+1 | Sess:OFF_HOURS | NestedOB_1h+2,0,1,-1.0,bull,0.2358,5,3.5125,0.0526,1.5099,-1,0.0,1.2965,0.175,0.0,-0.2031,1.56,1.0,-0.4256,0.984375,4010,0,2,1.776,1.756,1,0.998,4
BTCUSDT,4011,4021,1775185200,1775195100,SHORT,TRAIL,66593.3,66393.5201,62597.702,67392.4196,0.012564608601767923,0.0055333586017678425,0.007031250000000081,16,1.84,33.17,0.62092429827049,0.003345590827697778,1.229850248066094,base,adaptive disabled,1.15,78.5,90,100,50,80,OFF_HOURS,bearish,bearish,FVG,BOS bearish | Vol 1.8x | FVG | ChoCH | Engulfing | BearWick | StrongTrend1h | Zone:FVG | MTF 16 | Risk x1.15,BOS+2 | 1h+2 | 4h+2 | Vol+1 | RSI+1 | BTC+2 | FVG+1 | ChoCH+1 | Engulfing+1 | BearWick+1 | Zone:FVG+1 | Sess:OFF_HOURS | Strong1h+1 | TrendPairRisk:1.15,0,0,-1.0,bear,0.4187,0,3.3072,0.1111,2.3968,-1,0.0,0.2378,1.0677,0.0,-0.2085,1.124,1.0,-0.4549,0.2109375,4009,2,3,1.362,0.261,1,1.294,3
BTCUSDT,4011,4021,1775185200,1775195100,SHORT,TRAIL,66593.3,66393.5201,62597.702,67392.4196,0.012564608601767923,0.0055333586017678425,0.007031250000000081,15,3.53,29.55,0.6633089901787962,0.003853175787127405,1.416440157119233,base,adaptive disabled,1.15,90.5,90,100,90,80,OFF_HOURS,bearish,bearish,FVG,BOS bearish | Vol 3.5x | FVG | ChoCH | StrongTrend1h | Zone:FVG | MTF 15 | Risk x1.15,BOS+2 | BodyStrong+1 | 1h+2 | 4h+2 | Vol+2 | BTC+2 | FVG+1 | ChoCH+1 | Zone:FVG+1 | Sess:OFF_HOURS | Strong1h+1 | TrendPairRisk:1.15,0,0,-1.0,bear,0.4187,0,3.2488,0.1111,2.3968,-1,0.0,0.2378,1.0677,0.0,-0.244,2.873,1.0,-0.5262,0.2109375,4010,3,4,1.951,0.513,1,1.271,3
XRPUSDT,4012,4049,1775186100,1775220300,SHORT,SL,1.3139,1.2966,1.2793,1.3296668,-1.3125,-1.3562500000000002,0.04375000000000008,19,2.43,39.57,0.4959349593495939,0.004253384195885108,1.1276676345509775,base,adaptive disabled,1.15,80.0,60,100,90,80,OFF_HOURS,neutral,bearish,FVG,BOS bearish | Vol 2.4x | FVG | LiqSweep | ChoCH | Engulfing | BearWick | Zone:FVG | MTF 19 | Risk x1.15,BOS+2 | BodyStrong+1 | 1hN+1 | 4h+2 | Vol+2 | RSI+1 | BTC+2 | FVG+1 | LiqSweep+1 | ChoCH+1 | Engulfing+1 | BearWick+1 | Zone:FVG+1 | Sess:OFF_HOURS | NestedOB_1h+2 | QualityRisk:1.15,0,1,-1.0,bull,0.5472,0,2.8136,0.1765,1.58,-1,0.0,1.3256,0.3064,0.0,-0.1569,1.23,1.0,-0.3929,1.3125,4009,2,1,0.918,0.619,1,1.078,0
XRPUSDT,4041,4049,1775212200,1775220300,SHORT,SL,1.3148,1.3108556,1.235912,1.3305776,-1.3125,-1.3562499999999997,0.043749999999999845,16,1.54,39.18,0.6000000000000058,0.001982702717129701,0.652804869664521,base,adaptive disabled,1.0,66.0,60,90,50,80,LONDON,neutral,bearish,FVG,BOS bearish | Vol 1.5x | FVG | ChoCH | Engulfing | BearWick | Session:LONDON | Zone:FVG | MTF 16,BOS+2 | 1hN+1 | 4h+2 | Vol+1 | RSI+1 | BTC+2 | FVG+1 | ChoCH+1 | Engulfing+1 | BearWick+1 | Zone:FVG+1 | Sess:LONDON | NestedOB_1h+2,0,0,-1.0,range,0.3713,0,2.2584,0.0526,3.7141,-1,0.0,1.2676,0.862,10.0,-0.2711,2.321,1.0,-0.0678,1.3125,4040,3,4,1.169,1.7,0,1.382,2
ADAUSDT,4111,4172,1775275200,1775331000,LONG,TRAIL,0.2453,0.2484,0.260018,0.2423564,0.5572848422080358,0.5432223422080358,0.014062500000000044,20,2.63,51.19,0.26666666666666233,0.0042036936857760806,1.163021920198444,base,adaptive disabled,1.15,82.7,90,91,70,80,OFF_HOURS,bullish,bullish,FVG,BOS bullish | Vol 2.6x | FVG | LiqSweep | ChoCH | Engulfing | Discount | BullWick | StrongTrend1h | Zone:FVG | MTF 20 | Risk x1.15,BOS+2 | 1h+2 | 4h+2 | Vol+2 | RSI+1 | BTCok+1 | FVG+1 | LiqSweep+1 | ChoCH+1 | Engulfing+1 | Discount+1 | BullWick+1 | Zone:FVG+1 | Sess:OFF_HOURS | Strong1h+1 | NestedOB_1h+2 | QualityRisk:1.15,0,0,-1.0,range,0.6071,2,3.28,0.0526,2.9057,-1,0.0,0.7474,1.5161,0.0,0.0313,2.705,1.0,-0.3289,0.421875,4109,0,1,0.607,5.953,0,0.972,1
ADAUSDT,4111,4172,1775275200,1775331000,LONG,TRAIL,0.2453,0.2484,0.260018,0.2423564,0.5563797633601353,0.5423172633601353,0.014062500000000044,19,1.34,54.91,0.4838709677419372,0.004469509212785206,1.2365642160338361,base,adaptive disabled,1.15,78.5,90,100,50,80,OFF_HOURS,bullish,bullish,FVG,BOS bullish | Vol 1.3x | FVG | LiqSweep | ChoCH | Engulfing | Discount | BullWick | StrongTrend1h | Zone:FVG | MTF 19 | Risk x1.15,BOS+2 | 1h+2 | 4h+2 | Vol+1 | RSI+1 | BTCok+1 | FVG+1 | LiqSweep+1 | ChoCH+1 | Engulfing+1 | Discount+1 | BullWick+1 | Zone:FVG+1 | Sess:OFF_HOURS | Strong1h+1 | NestedOB_1h+2 | QualityRisk:1.15,0,0,-1.0,range,0.6071,2,3.2304,0.0526,2.9057,-1,0.0,0.7474,1.5161,0.0,0.0627,1.123,1.0,-0.2373,0.421875,4110,1,2,1.077,5.384,0,0.957,1
ADAUSDT,4111,4130,1775275200,1775293200,LONG,SL,0.2462,0.2469386,0.260972,0.2432456,-0.31640625,-0.326953125,0.010546875000000015,18,2.93,59.1,0.6470588235294031,0.0035183118086488697,1.075284046958069,base,adaptive disabled,1.25,90.5,90,100,90,80,OFF_HOURS,bullish,bullish,FVG,BOS bullish | Vol 2.9x | FVG | LiqSweep | ChoCH | Engulfing | BullWick | StrongTrend1h | Zone:FVG | MTF 18 | Risk x1.25,BOS+2 | BodyStrong+1 | 1h+2 | 4h+2 | Vol+2 | RSI+1 | BTCok+1 | FVG+1 | LiqSweep+1 | ChoCH+1 | Engulfing+1 | BullWick+1 | Zone:FVG+1 | Sess:OFF_HOURS | Strong1h+1 | QualityRisk:1.15 | RelStrengthRisk:1.25,0,0,-1.0,range,0.2857,2,3.2403,0.0526,2.9057,-1,0.0,1.0493,1.4893,0.0,0.1502,3.052,-1.0,-0.0441,0.31640625,4111,0,3,1.68,4.8,0,0.96,1
ADAUSDT,4112,4172,1775276100,1775331000,LONG,TRAIL,0.2453,0.2484,0.260018,0.2423564,0.5490554060399511,0.534992906039951,0.014062500000000044,19,7.19,47.65,0.24444444444444965,0.005555467082665075,1.6978896278338984,base,adaptive disabled,1.15,88.3,90,89,90,80,OFF_HOURS,bullish,bullish,FVG,BOS bullish | Vol 7.2x | FVG | LiqSweep | ChoCH | Engulfing | Discount | BullWick | StrongTrend1h | Zone:FVG | MTF 19 | Risk x1.15,BOS+2 | BodyStrong+1 | 1h+2 | 4h+2 | Vol+2 | RSI+1 | BTCok+1 | FVG+1 | LiqSweep+1 | ChoCH+1 | Engulfing+1 | Discount+1 | BullWick+1 | Zone:FVG+1 | Sess:OFF_HOURS | Strong1h+1 | RelStrengthRisk:1.15,0,0,-1.0,range,0.6452,0,3.0916,0.0526,6.9986,-1,0.0,0.7474,1.5161,0.0,-0.0055,2.932,1.0,-0.2843,0.421875,4112,3,4,0.213,5.544,0,2.452,2
SOLUSDT,4154,4155,1775313900,1775315700,SHORT,SL,79.94,79.70018,75.1436,80.89928,-0.73828125,-0.7628906249999997,0.024609374999999826,13,4.14,28.66,0.6666666666666601,0.002591133316573427,1.7302292721439994,base,adaptive disabled,1.15,80.0,60,100,90,80,NEW_YORK,neutral,bearish,FVG,BOS bearish | Vol 4.1x | FVG | ChoCH | Engulfing | Session:NEW_YORK | Zone:FVG | MTF 13 | Risk x1.15,BOS+2 | BodyStrong+1 | 1hN+1 | 4h+2 | Vol+2 | BTCok+1 | FVG+1 | ChoCH+1 | Engulfing+1 | Zone:FVG+1 | Sess:NEW_YORK | QualityRisk:1.15,0,0,-1.0,range,0.5974,2,4.4376,0.0526,4.0219,-1,0.0,1.7513,1.0841,0.0,0.1835,1.441,-1.0,0.28,0.73828125,4154,0,1,1.75,3.625,0,2.875,1
ADAUSDT,4173,4215,1775331000,1775369700,LONG,SL,0.2478,0.24920346,0.27586911,0.24218618,-0.75,-0.7632423198463791,0.013242319846379132,15,2.01,60.41,0.37837837837837845,0.007102826483941169,2.900320815459833,base,adaptive disabled,1.0,88.5,90,90,90,80,DEAD_ZONE,bullish,bullish,FVG,BOS bullish | Vol 2.0x | FVG | ChoCH | StrongTrend1h | Zone:FVG | MTF 15,BOS+2 | BodyStrong+1 | 1h+2 | 4h+2 | Vol+2 | RSI+1 | BTCok+1 | FVG+1 | ChoCH+1 | Zone:FVG+1 | Sess:DEAD_ZONE | Strong1h+1,0,0,-1.0,range,0.3235,0,3.255,0.0526,1.9364,-1,0.0,1.0154,0.4988,2.8,0.1126,0.924,1.0,0.1654,0.75,4173,0,1,0.197,2.762,0,2.17,1
ETHUSDT,4221,4241,1775374200,1775393100,SHORT,TP1,2035.67,2028.46191715,1891.50834298,2064.5023314,0.0,-0.027800216755971458,0.027800216755971458,13,1.8,30.7,0.44431554524361816,0.00554417398456828,3.737554903243263,base,adaptive disabled,1.0,70.0,60,80,70,80,OFF_HOURS,neutral,bearish,FVG,BOS bearish | Vol 1.8x | FVG | ChoCH | Engulfing | Zone:FVG | MTF 13,BOS+2 | BodyStrong+1 | 1hN+1 | 4h+2 | Vol+1 | BTC+2 | FVG+1 | ChoCH+1 | Engulfing+1 | Zone:FVG+1 | Sess:OFF_HOURS,0,0,-1.0,range,0.2872,1,4.5895,0.3333,1.8248,-1,0.0,0.566,2.1726,4.601,-0.0738,1.483,1.0,-0.2265,0.984375,4218,1,5,2.996,0.437,1,0.795,0
LINKUSDT,4247,4253,1775397600,1775403900,SHORT,SL,8.537,8.511389,8.02478,8.639444,-2.0,-2.0666666666666678,0.06666666666666769,17,1.31,33.59,0.3805309734513322,0.003492811970920768,1.8821890508519663,base,adaptive disabled,1.25,85.5,90,90,80,80,OVERLAP,bearish,bearish,OB,BOS bearish | Vol 1.3x | FVG | OB | ChoCH | Engulfing | Session:OVERLAP | StrongTrend1h | Zone:OB | MTF 17 | Risk x1.25,BOS+2 | BodyStrong+1 | 1h+2 | 4h+2 | Vol+1 | RSI+1 | BTC+2 | FVG+1 | OB+1 | ChoCH+1 | Engulfing+1 | Zone:OB+1 | Sess:OVERLAP | Strong1h+1 | QualityRisk:1.15 | TrendPairRisk:1.25,0,1,-1.0,bull,0.6154,0,2.8496,0.4286,3.4869,-1,0.0,1.3568,0.7809,0.0,-0.4468,0.939,1.0,-0.3747,2.0,4243,4,2,0.95,0.2,1,1.15,0
SOLUSDT,4325,4330,1775467800,1775473200,LONG,TRAIL,82.37,82.84048258,91.77965158,80.48806968,0.12061984748834281,0.10584784732204554,0.014772000166297266,16,4.17,65.86,0.6457142857142726,0.007605097663027329,1.6009705593212906,base,adaptive disabled,1.15,84.5,90,100,70,80,LONDON,bullish,bullish,FVG,BOS bullish | Vol 4.2x | FVG | LiqSweep | ChoCH | Session:LONDON | StrongTrend1h | Zone:FVG | MTF 16 | Risk x1.15,BOS+2 | 1h+2 | 4h+2 | Vol+2 | RSI+1 | BTC+2 | FVG+1 | LiqSweep+1 | ChoCH+1 | Zone:FVG+1 | Sess:LONDON | Strong1h+1 | QualityRisk:1.15,0,1,-1.0,bear,0.354,2,3.6499,0.0526,4.1586,-1,0.0,0.0319,1.0202,0.0,0.0651,2.2,1.0,0.3005,0.84375,4325,0,3,1.541,0.853,1,1.896,1
ETHUSDT,4326,4343,1775468700,1775484900,LONG,TP1,2147.14,2156.93881324,2343.11626486,2107.94474703,-0.11308767424954629,-0.12952185826905063,0.01643418401950435,16,1.75,66.31,0.5334637964774955,0.008867551023249707,2.2239296345662884,base,adaptive disabled,1.0,82.5,90,90,70,80,LONDON,bullish,bullish,FVG,BOS bullish | Vol 1.8x | FVG | ChoCH | Engulfing | Session:LONDON | StrongTrend1h | Zone:FVG | MTF 16,BOS+2 | BodyStrong+1 | 1h+2 | 4h+2 | Vol+1 | RSI+1 | BTC+2 | FVG+1 | ChoCH+1 | Engulfing+1 | Zone:FVG+1 | Sess:LONDON | Strong1h+1,0,0,-1.0,range,0.4833,0,3.9115,0.1111,5.3295,-1,0.0,0.2998,1.2971,0.0,-0.1383,1.38,1.0,0.4272,0.75,4326,1,4,1.284,1.543,0,1.27,2
LINKUSDT,4331,4344,1775473200,1775485800,LONG,TP1,9.036,9.08216696,9.95933925,8.85133215,0.0,-0.013761870298484526,0.013761870298484526,14,1.79,70.8,0.7004048582996006,0.00933621550165231,2.1942563327944695,base,adaptive disabled,1.0,76.5,90,90,50,80,LONDON,bullish,bullish,FVG,BOS bullish | Vol 1.8x | FVG | ChoCH | Engulfing | Session:LONDON | StrongTrend1h | Zone:FVG | MTF 14,BOS+2 | 1h+2 | 4h+2 | Vol+1 | BTC+2 | FVG+1 | ChoCH+1 | Engulfing+1 | Zone:FVG+1 | Sess:LONDON | Strong1h+1,0,1,-1.0,bear,0.4563,0,1.3846,0.5385,1.7635,-1,0.0,0.1949,1.0614,0.0,-0.0546,1.852,1.0,0.3533,0.703125,4326,1,2,1.804,2.517,0,0.734,1
SUIUSDT,4331,4378,1775473200,1775516400,LONG,SL,0.9101,0.91806338,1.0693675,0.8782465,-0.52734375,-0.5333705357142857,0.006026785714285719,14,1.34,69.71,0.5675675675675663,0.010871766298205845,2.0015374747524692,base,adaptive disabled,1.25,82.5,90,90,70,80,LONDON,bullish,bullish,FVG,BOS bullish | Vol 1.3x | FVG | ChoCH | Session:LONDON | StrongTrend1h | Zone:FVG | MTF 14 | Risk x1.25,BOS+2 | BodyStrong+1 | 1h+2 | 4h+2 | Vol+1 | BTC+2 | FVG+1 | ChoCH+1 | Zone:FVG+1 | Sess:LONDON | Strong1h+1 | QualityRisk:1.15 | RelStrengthRisk:1.25,0,0,-1.0,range,0.2929,0,4.6044,0.1111,3.8987,-1,0.0,1.1019,0.0126,7.0,0.0953,1.158,1.0,0.1641,0.52734375,4331,1,6,1.959,0.77,1,1.155,0
ETHUSDT,4354,4368,1775493900,1775507400,LONG,TP1,2147.14,2153.58142,2275.9684,2121.37432,0.0,-0.03333333333333336,0.03333333333333336,17,1.51,64.69,0.44324217981507835,0.006373002841412983,1.9956974787060864,base,adaptive disabled,1.0,76.5,90,90,50,80,NEW_YORK,bullish,bullish,FVG,BOS bullish | Vol 1.5x | FVG | LiqSweep | ChoCH | Engulfing | BullWick | Session:NEW_YORK | StrongTrend1h | Zone:FVG | MTF 17,BOS+2 | 1h+2 | 4h+2 | Vol+1 | RSI+1 | BTC+2 | FVG+1 | LiqSweep+1 | ChoCH+1 | Engulfing+1 | BullWick+1 | Zone:FVG+1 | Sess:NEW_YORK | Strong1h+1,0,0,-1.0,range,0.6504,1,1.1814,0.3333,0.4901,-1,0.0,0.9699,3.1422,0.0,0.0157,1.583,-1.0,-0.1223,1.0,4349,24,2,0.95,0.245,1,0.64,0
BTCUSDT,4355,4361,1775494800,1775501100,LONG,TRAIL,69598.7,69807.4961,73774.622,68763.5156,0.07079883367585497,0.06142383367585496,0.009375000000000019,15,1.54,68.62,0.6885322384995672,0.0032758939080962217,1.2665924196248801,base,adaptive disabled,1.0,84.5,90,100,70,80,NEW_YORK,bullish,bullish,FVG,BOS bullish | Vol 1.5x | FVG | ChoCH | BullWick | Session:NEW_YORK | StrongTrend1h | Zone:FVG | MTF 15,BOS+2 | BodyStrong+1 | 1h+2 | 4h+2 | Vol+1 | BTC+2 | FVG+1 | ChoCH+1 | BullWick+1 | Zone:FVG+1 | Sess:NEW_YORK | Strong1h+1,0,0,-1.0,range,0.6071,0,2.8458,0.0526,2.1516,-1,0.0,0.4474,1.6025,0.0,0.0864,1.383,1.0,0.0793,0.28125,4352,27,1,0.962,0.96,0,2.364,1
SOLUSDT,4412,4425,1775546100,1775558700,SHORT,TP1,79.69,79.45093,74.9086,80.64628,0.0,-0.021093749999999856,0.021093749999999856,15,1.47,37.17,0.2967032967032888,0.0033940378762775335,0.9946955290274024,base,adaptive disabled,1.15,74.8,65,95,70,80,OFF_HOURS,bearish,neutral,FVG,BOS bearish | Vol 1.5x | FVG | ChoCH | BearWick | StrongTrend1h | Zone:FVG | MTF 15 | Risk x1.15,BOS+2 | BodyStrong+1 | 1h+2 | 4hN+1 | Vol+1 | RSI+1 | BTC+2 | FVG+1 | ChoCH+1 | BearWick+1 | Zone:FVG+1 | Sess:OFF_HOURS | Strong1h+1 | QualityRisk:1.15,0,1,-1.0,bull,0.5114,0,1.4974,0.25,1.2672,-1,0.0,0.8993,1.213,9.0,-0.1866,1.91,1.0,-0.2254,0.6328125,4407,15,1,0.269,0.23,1,0.921,0
SOLUSDT,4412,4425,1775546100,1775558700,SHORT,TP1,79.69,79.45093,74.9086,80.64628,0.0,-0.028124999999999806,0.028124999999999806,15,1.32,39.93,0.16393442622950877,0.003187784670788691,0.9342486074472776,base,adaptive disabled,1.15,71.5,65,79,70,80,OFF_HOURS,bearish,neutral,FVG,BOS bearish | Vol 1.3x | FVG | ChoCH | Engulfing | StrongTrend1h | Zone:FVG | MTF 15 | Risk x1.15,BOS+2 | BodyStrong+1 | 1h+2 | 4hN+1 | Vol+1 | RSI+1 | BTC+2 | FVG+1 | ChoCH+1 | Engulfing+1 | Zone:FVG+1 | Sess:OFF_HOURS | Strong1h+1 | QualityRisk:1.15,0,1,-1.0,bull,0.5114,0,1.4812,0.25,1.2672,-1,0.0,0.8993,1.213,0.8,-0.169,1.124,1.0,-0.212,0.84375,4409,17,3,0.304,0.19,1,0.912,0
SOLUSDT,4412,4425,1775546100,1775558700,SHORT,TP1,79.69,79.45093,74.9086,80.64628,0.0,-0.028124999999999806,0.028124999999999806,15,2.24,38.78,0.17741935483870747,0.003356174485786284,0.9925575284828156,base,adaptive disabled,1.15,72.0,65,81,70,80,OFF_HOURS,bearish,neutral,FVG,BOS bearish | Vol 2.2x | FVG | ChoCH | Engulfing | StrongTrend1h | Zone:FVG | MTF 15 | Risk x1.15,BOS+2 | 1h+2 | 4hN+1 | Vol+2 | RSI+1 | BTC+2 | FVG+1 | ChoCH+1 | Engulfing+1 | Zone:FVG+1 | Sess:OFF_HOURS | Strong1h+1 | QualityRisk:1.15,0,1,-1.0,bull,0.5114,0,1.4907,0.25,1.2672,-1,0.0,0.8993,1.213,1.158,-0.173,2.444,1.0,-0.2631,0.84375,4410,18,4,0.497,0.535,1,0.917,0
BTCUSDT,4533,4537,1775655000,1775659500,LONG,SL,72369.3,72678.93660618,78562.03212352,71130.7535753,-0.2109375,-0.21586760158176269,0.004930101581762673,15,3.16,69.46,0.5962486473488022,0.006944870362228667,2.832325926766326,base,adaptive disabled,1.0,82.5,90,90,70,80,NEW_YORK,bullish,bullish,FVG,BOS bullish | Vol 3.2x | FVG | ChoCH | Engulfing | Session:NEW_YORK | StrongTrend1h | Zone:FVG | MTF 15,BOS+2 | 1h+2 | 4h+2 | Vol+2 | BTC+2 | FVG+1 | ChoCH+1 | Engulfing+1 | Zone:FVG+1 | Sess:NEW_YORK | Strong1h+1,0,0,-1.0,range,0.3407,0,5.1371,0.0526,3.0607,-1,0.0,1.2087,0.7063,0.0,0.1455,1.601,1.0,0.3207,0.2109375,4533,0,2,1.901,1.243,0,1.972,3
ETHUSDT,4533,4535,1775655000,1775657700,LONG,SL,2252.97,2259.72891,2388.1482,2225.93436,-1.0,-1.0333333333333339,0.033333333333333826,17,1.91,59.67,0.3221818181818172,0.005523283245801618,1.6056614781252918,base,adaptive disabled,1.15,81.1,90,98,60,80,NEW_YORK,bullish,bullish,OB,BOS bullish | Vol 1.9x | FVG | OB | ChoCH | Engulfing | BullWick | Session:NEW_YORK | StrongTrend1h | Zone:OB | MTF 17 | Risk x1.15,BOS+2 | 1h+2 | 4h+2 | Vol+1 | RSI+1 | BTC+2 | FVG+1 | OB+1 | ChoCH+1 | Engulfing+1 | BullWick+1 | Zone:OB+1 | Sess:NEW_YORK | Strong1h+1 | QualityRisk:1.15,0,1,-1.0,bear,0.4966,0,2.8869,0.1111,3.1711,-1,0.0,1.1825,1.7592,0.0,-0.0935,1.276,1.0,0.1151,1.0,4533,4,1,0.492,0.402,1,1.498,3
SOLUSDT,4552,4579,1775672100,1775697300,LONG,SL,83.37,83.70289631,90.02792621,82.03841476,-0.421875,-0.4324403675614487,0.010565367561448713,15,1.41,54.92,0.5722543352601243,0.006168903841841021,1.6843097457227003,base,adaptive disabled,1.15,84.5,90,100,70,80,OFF_HOURS,bullish,bullish,FVG,BOS bullish | Vol 1.4x | FVG | ChoCH | StrongTrend1h | Zone:FVG | MTF 15 | Risk x1.15,BOS+2 | BodyStrong+1 | 1h+2 | 4h+2 | Vol+1 | RSI+1 | BTC+2 | FVG+1 | ChoCH+1 | Zone:FVG+1 | Sess:OFF_HOURS | Strong1h+1 | QualityRisk:1.15,0,0,-1.0,range,0.6245,0,2.1867,19.0,1.1294,-1,0.0,1.2917,1.4719,0.0,-0.0381,0.793,-1.0,0.1135,0.421875,4550,2,3,1.361,2.332,0,0.802,0
BTCUSDT,4611,4613,1775725200,1775727900,LONG,TRAIL,71175.1,71388.6253,75445.606,70320.9988,0.06932452061886522,0.04471514561886535,0.02460937499999987,16,2.34,60.22,0.468288030519792,0.0031925317135262886,1.284204493080866,base,adaptive disabled,1.0,80.0,60,100,90,80,LONDON,neutral,bullish,FVG,BOS bullish | Vol 2.3x | FVG | ChoCH | Session:LONDON | Zone:FVG | MTF 16,BOS+2 | BodyStrong+1 | 1hN+1 | 4h+2 | Vol+2 | RSI+1 | BTC+2 | FVG+1 | ChoCH+1 | Zone:FVG+1 | Sess:LONDON | NestedOB_1h+2,0,0,-1.0,bull,0.2626,0,3.0379,0.0526,2.3345,-1,0.0,0.1123,1.7445,0.0,0.129,2.214,1.0,0.1507,0.73828125,4611,0,1,0.805,4.06,0,1.056,2
BTCUSDT,4613,4615,1775727000,1775729700,LONG,TRAIL,71175.1,71388.6253,75445.606,70320.9988,0.18421096776577092,0.16575393651577103,0.018457031249999905,16,2.17,62.59,0.46904761904761905,0.0036880582590761058,1.4465261736941972,base,adaptive disabled,1.0,74.0,60,100,70,80,LONDON,neutral,bullish,FVG,BOS bullish | Vol 2.2x | FVG | ChoCH | BullWick | Session:LONDON | Zone:FVG | MTF 16,BOS+2 | 1hN+1 | 4h+2 | Vol+2 | RSI+1 | BTC+2 | FVG+1 | ChoCH+1 | BullWick+1 | Zone:FVG+1 | Sess:LONDON | NestedOB_1h+2,0,0,-1.0,bull,0.42,0,4.0342,0.0526,2.6342,-1,0.0,0.0108,1.7464,10.0,0.2287,1.668,1.0,0.2677,0.5537109375,4612,1,2,1.187,3.566,0,2.018,1
BTCUSDT,4613,4615,1775727000,1775729700,LONG,TRAIL,71175.1,71388.6253,75445.606,70320.9988,0.2400364256773818,0.2154270506773819,0.02460937499999987,15,2.67,60.33,0.33046558704453927,0.0036120878532826385,1.4043332260935752,base,adaptive disabled,1.0,73.8,60,99,70,80,LONDON,neutral,bullish,FVG,BOS bullish | Vol 2.7x | FVG | ChoCH | Session:LONDON | Zone:FVG | MTF 15,BOS+2 | 1hN+1 | 4h+2 | Vol+2 | RSI+1 | BTC+2 | FVG+1 | ChoCH+1 | Zone:FVG+1 | Sess:LONDON | NestedOB_1h+2,0,0,-1.0,bull,0.42,0,3.7607,0.0526,2.6342,-1,0.0,0.0108,1.7464,1.494,0.1359,1.42,1.0,0.1554,0.73828125,4613,2,3,0.888,3.543,0,1.881,1
BTCUSDT,4619,4637,1775732400,1775749500,LONG,TRAIL,71175.1,71388.6253,75445.606,70320.9988,0.08959459553797369,0.07113756428797378,0.018457031249999905,15,2.09,68.07,0.5995158983386486,0.0037479202201610253,1.4700051665503706,base,adaptive disabled,1.0,80.0,60,100,90,80,LONDON,neutral,bullish,FVG,BOS bullish | Vol 2.1x | FVG | ChoCH | Session:LONDON | Zone:FVG | MTF 15,BOS+2 | BodyStrong+1 | 1hN+1 | 4h+2 | Vol+2 | BTC+2 | FVG+1 | ChoCH+1 | Zone:FVG+1 | Sess:LONDON | NestedOB_1h+2,0,0,-1.0,bull,0.4847,0,1.9579,0.3333,0.8744,-1,0.0,0.7846,4.9807,2.716,0.2186,1.362,1.0,0.2294,0.5537109375,4615,4,5,2.133,2.19,0,0.985,2
ADAUSDT,4641,4644,1775752200,1775755800,LONG,TRAIL,0.2542,0.25595042,0.28920835,0.24719833,0.14753301132813976,0.1368115066728218,0.010721504655317965,14,1.62,68.62,0.4823529411764724,0.006279659988777736,1.7471409575754338,base,adaptive disabled,1.0,74.0,60,100,70,80,NEW_YORK,neutral,bullish,FVG,BOS bullish | Vol 1.6x | FVG | ChoCH | Session:NEW_YORK | Zone:FVG | MTF 14,BOS+2 | BodyStrong+1 | 1hN+1 | 4h+2 | Vol+1 | BTC+2 | FVG+1 | ChoCH+1 | Zone:FVG+1 | Sess:NEW_YORK | NestedOB_1h+2,0,0,-1.0,range,0.2632,0,4.994,0.0526,1.608,-1,0.0,0.2,1.4282,0.0,0.078,1.259,1.0,0.3836,0.73828125,4641,2,3,2.212,1.641,0,1.284,1
BTCUSDT,4642,4644,1775753100,1775755800,LONG,TRAIL,72010.0,72462.82185855,81066.43717091,70198.71256582,0.050954891436089965,0.046482313066071354,0.004472578370018612,17,1.44,66.11,0.6227605754318433,0.004453738071621416,1.6500949012988606,base,adaptive disabled,1.0,78.5,90,100,50,80,NEW_YORK,bullish,bullish,FVG,BOS bullish | Vol 1.4x | FVG | ChoCH | BullWick | Session:NEW_YORK | StrongTrend1h | Zone:FVG | MTF 17,BOS+2 | 1h+2 | 4h+2 | Vol+1 | RSI+1 | BTC+2 | FVG+1 | ChoCH+1 | BullWick+1 | Zone:FVG+1 | Sess:NEW_YORK | Strong1h+1 | NestedOB_1h+2,0,1,-1.0,bear,0.197,0,3.6531,0.1765,1.3163,-1,0.0,0.1895,1.1225,0.0,0.0447,1.535,1.0,0.2671,0.28125,4642,3,4,1.949,2.741,0,0.937,0
SOLUSDT,4642,4644,1775753100,1775755800,LONG,TRAIL,83.27,83.86308208,95.13164165,80.89767167,0.31279698554962426,0.2989761488275842,0.01382083672204006,15,1.58,63.05,0.4478527607361937,0.0068649863881239765,2.020512600878504,base,adaptive disabled,1.15,66.0,60,90,50,80,NEW_YORK,neutral,bullish,FVG,BOS bullish | Vol 1.6x | FVG | ChoCH | BullWick | Session:NEW_YORK | Zone:FVG | MTF 15 | Risk x1.15,BOS+2 | 1hN+1 | 4h+2 | Vol+1 | RSI+1 | BTC+2 | FVG+1 | ChoCH+1 | BullWick+1 | Zone:FVG+1 | Sess:NEW_YORK | NestedOB_1h+2 | QualityRisk:1.15,0,0,-1.0,range,0.3286,0,4.2979,0.1765,1.4913,-1,0.0,0.1686,1.6692,0.0,0.0859,1.084,1.0,0.1815,0.984375,4642,3,6,2.032,1.778,0,1.461,0
ADAUSDT,4647,4655,1775757600,1775765700,LONG,TRAIL,0.2542,0.25597501,0.28970012,0.24709998,0.08968435610586564,0.08175461391851967,0.007929742187345969,13,1.89,71.39,0.6666666666666666,0.007454888896591308,2.0691458301267005,base,adaptive disabled,1.0,72.0,60,90,70,80,OFF_HOURS,neutral,bullish,FVG,BOS bullish | Vol 1.9x | FVG | ChoCH | Zone:FVG | MTF 13,BOS+2 | BodyStrong+1 | 1hN+1 | 4h+2 | Vol+1 | BTCok+1 | FVG+1 | ChoCH+1 | Zone:FVG+1 | Sess:OFF_HOURS | NestedOB_1h+2,0,0,-1.0,range,0.3171,0,2.6666,0.0526,0.656,-1,0.0,0.0704,1.4084,0.0,0.1683,1.573,1.0,0.4315,0.5537109375,4644,5,6,2.933,0.667,1,0.533,1
SOLUSDT,4648,4657,1775758500,1775767500,LONG,TRAIL,83.75,84.47726984,98.29539682,80.84092064,0.11975284714890347,0.11165589117586329,0.008096955973040195,17,2.2,61.93,0.2269503546099264,0.007713761996183319,2.114342163156439,base,adaptive disabled,1.25,85.9,90,77,90,80,OFF_HOURS,bullish,bullish,FVG,BOS bullish | Vol 2.2x | FVG | ChoCH | BullWick | StrongTrend1h | Zone:FVG | MTF 17 | Risk x1.25,BOS+2 | BodyStrong+1 | 1h+2 | 4h+2 | Vol+2 | RSI+1 | BTC+2 | FVG+1 | ChoCH+1 | BullWick+1 | Zone:FVG+1 | Sess:OFF_HOURS | Strong1h+1 | QualityRisk:1.15 | RelStrengthRisk:1.25,0,0,-1.0,bull,0.2831,0,3.4399,0.1111,1.6166,-1,0.0,0.1203,1.045,0.552,0.1194,1.471,1.0,0.1896,0.703125,4648,3,2,0.454,0.378,1,1.493,2
LINKUSDT,4660,4663,1775769300,1775772900,LONG,TRAIL,9.013,9.06324262,10.01785231,8.81202954,0.06997297015690593,0.0573596425564218,0.012613327600484132,13,1.37,64.75,0.4269662921348266,0.003875997150688367,0.8307553893067723,base,adaptive disabled,1.15,75.0,80,100,50,80,DEAD_ZONE,bullish,bullish,FVG,BOS bullish | Vol 1.4x | FVG | ChoCH | Zone:FVG | MTF 13 | Risk x1.15,BOS+2 | 1h+2 | 4h+2 | Vol+1 | RSI+1 | BTC+2 | FVG+1 | ChoCH+1 | Zone:FVG+1 | Sess:DEAD_ZONE | QualityRisk:1.15,0,0,-1.0,bull,0.2736,1,1.7671,0.0526,1.4846,-1,0.0,0.0199,1.0549,10.0,0.1475,1.005,1.0,0.1566,0.703125,4660,2,3,0.447,1.363,0,1.363,0
SUIUSDT,4665,4676,1775773800,1775784600,LONG,SL,0.9492,0.956053,1.08625998,0.921788,-1.171875,-1.1881064862104187,0.0162314862104188,14,8.11,69.19,0.4431137724550892,0.011443922122645186,2.3223532630097417,base,adaptive disabled,1.15,82.5,90,90,70,80,DEAD_ZONE,bullish,bullish,FVG,BOS bullish | Vol 8.1x | FVG | ChoCH | Engulfing | StrongTrend1h | Zone:FVG | MTF 14 | Risk x1.15,BOS+2 | 1h+2 | 4h+2 | Vol+2 | BTCok+1 | FVG+1 | ChoCH+1 | Engulfing+1 | Zone:FVG+1 | Sess:DEAD_ZONE | Strong1h+1 | QualityRisk:1.15,0,0,-1.0,bull,0.514,2,4.7943,0.0526,8.1424,-1,0.0,1.0178,1.109,3.083,0.0007,2.437,1.0,0.6099,1.171875,4665,0,1,1.104,3.494,0,3.327,1
AVAXUSDT,4669,4728,1775777400,1775831400,LONG,TP1,9.381,9.42922305,10.34546093,9.18810781,0.0,-0.008206883596479454,0.008206883596479454,14,1.55,70.88,0.6000000000000033,0.007084444004935774,1.318863228851651,base,adaptive disabled,1.15,84.5,90,100,70,80,DEAD_ZONE,bullish,bullish,FVG,BOS bullish | Vol 1.6x | FVG | ChoCH | Engulfing | StrongTrend1h | Zone:FVG | MTF 14 | Risk x1.15,BOS+2 | BodyStrong+1 | 1h+2 | 4h+2 | Vol+1 | BTCok+1 | FVG+1 | ChoCH+1 | Engulfing+1 | Zone:FVG+1 | Sess:DEAD_ZONE | Strong1h+1 | RelStrengthRisk:1.15,0,0,-1.0,range,0.6958,0,5.6966,0.3333,2.7751,-1,0.0,0.731,1.4723,0.0,0.1358,1.492,1.0,0.1609,0.421875,4664,1,1,1.206,2.152,0,1.744,1
AVAXUSDT,4692,4693,1775798100,1775799900,LONG,TP1,9.368,9.40580555,10.12411096,9.21677781,-0.03471712716235456,-0.05330170129132329,0.01858457412896873,19,1.99,58.25,0.2704918032786937,0.005477072208680424,1.0189545137138458,base,adaptive disabled,1.15,82.9,90,92,70,80,OFF_HOURS,bullish,bullish,FVG,BOS bullish | Vol 2.0x | FVG | ChoCH | Engulfing | Discount | StrongTrend1h | Zone:FVG | MTF 19 | Risk x1.15,BOS+2 | BodyStrong+1 | 1h+2 | 4h+2 | Vol+1 | RSI+1 | BTC+2 | FVG+1 | ChoCH+1 | Engulfing+1 | Discount+1 | Zone:FVG+1 | Sess:OFF_HOURS | Strong1h+1 | NestedOB_1h+2 | QualityRisk:1.15,0,0,-1.0,range,0.3034,2,2.2699,3.0,0.7432,-1,0.0,0.0661,1.3226,0.0,0.0712,2.497,1.0,0.1491,0.75,4692,0,1,0.398,0.796,0,0.796,1
BTCUSDT,4719,4720,1775822400,1775824200,LONG,TP1,72050.4,72266.5512,76373.424,71185.7952,0.0,-0.028710937499999964,0.028710937499999964,13,1.46,64.89,0.7416593226740437,0.0024846205943161548,1.0429093590654772,base,adaptive disabled,1.15,74.0,60,100,70,80,OVERLAP,neutral,bullish,FVG,BOS bullish | Vol 1.5x | FVG | ChoCH | Session:OVERLAP | Zone:FVG | MTF 13 | Risk x1.15,BOS+2 | BodyStrong+1 | 1hN+1 | 4h+2 | Vol+1 | RSI+1 | BTC+2 | FVG+1 | ChoCH+1 | Zone:FVG+1 | Sess:OVERLAP | QualityRisk:1.15,0,0,-1.0,range,0.206,0,3.2731,0.1111,1.0315,-1,0.0,0.1046,1.1547,0.0,0.0422,1.893,1.0,0.1945,0.861328125,4717,0,2,1.968,2.118,0,0.922,0
BTCUSDT,4721,4721,1775824200,1775825100,LONG,TP1,72050.4,72266.5512,76373.424,71185.7952,0.0,-0.021533203124999973,0.021533203124999973,15,2.27,61.11,0.4788926468745835,0.002863120200903921,1.3613947695126076,base,adaptive disabled,1.0,74.0,60,100,70,80,OVERLAP,neutral,bullish,FVG,BOS bullish | Vol 2.3x | FVG | ChoCH | Session:OVERLAP | Zone:FVG | MTF 15,BOS+2 | 1hN+1 | 4h+2 | Vol+2 | RSI+1 | BTC+2 | FVG+1 | ChoCH+1 | Zone:FVG+1 | Sess:OVERLAP | NestedOB_1h+2,0,0,-1.0,range,0.274,1,2.5717,0.0526,2.2443,-1,0.0,0.0583,1.7099,8.533,0.0471,1.145,1.0,0.2259,0.64599609375,4721,4,6,1.651,2.259,0,1.98,0
AVAXUSDT,4733,4736,1775835000,1775838600,LONG,TRAIL,9.397,9.44425874,10.34217489,9.20796502,0.14077755946905718,0.12586444656265228,0.014913112906404891,14,2.15,68.4,0.41304347826087,0.004974036623521442,1.1583287787150156,base,adaptive disabled,1.15,84.5,90,100,70,80,NEW_YORK,bullish,bullish,FVG,BOS bullish | Vol 2.1x | FVG | ChoCH | Session:NEW_YORK | StrongTrend1h | Zone:FVG | MTF 14 | Risk x1.15,BOS+2 | 1h+2 | 4h+2 | Vol+2 | BTC+2 | FVG+1 | ChoCH+1 | Zone:FVG+1 | Sess:NEW_YORK | Strong1h+1 | QualityRisk:1.15,0,0,-1.0,bull,0.4365,0,3.8057,0.0526,2.0684,-1,0.0,0.0529,1.2908,0.854,0.1251,1.509,1.0,0.4952,0.75,4733,3,4,0.829,2.424,0,1.424,6
BTCUSDT,4733,4739,1775835000,1775841300,LONG,TRAIL,72588.7,72885.57590375,78526.21807499,71401.196385,0.05947055052188391,0.05431294806481683,0.005157602457067072,15,2.52,69.39,0.47833516416453503,0.0065627875373930914,3.1424697341147674,base,adaptive disabled,1.0,80.5,90,80,70,80,NEW_YORK,bullish,bullish,FVG,BOS bullish | Vol 2.5x | FVG | ChoCH | Engulfing | Session:NEW_YORK | StrongTrend1h | Zone:FVG | MTF 15,BOS+2 | 1h+2 | 4h+2 | Vol+2 | BTC+2 | FVG+1 | ChoCH+1 | Engulfing+1 | Zone:FVG+1 | Sess:NEW_YORK | Strong1h+1,0,0,-1.0,range,0.436,0,4.027,0.0526,1.8843,-1,0.0,0.2551,1.5764,2.909,0.1954,1.475,1.0,0.2564,0.2109375,4730,1,2,1.52,0.193,1,2.169,2
BTCUSDT,4733,4739,1775835000,1775841300,LONG,TRAIL,72588.7,72891.46806142,78644.06122841,71377.62775432,0.10001897439777271,0.09102834230390752,0.008990632093865197,15,1.96,62.8,0.2990909090909058,0.005175465076727967,2.3944146703091698,base,adaptive disabled,1.0,81.5,90,85,70,80,NEW_YORK,bullish,bullish,FVG,BOS bullish | Vol 2.0x | FVG | ChoCH | Session:NEW_YORK | StrongTrend1h | Zone:FVG | MTF 15,BOS+2 | BodyStrong+1 | 1h+2 | 4h+2 | Vol+1 | RSI+1 | BTC+2 | FVG+1 | ChoCH+1 | Zone:FVG+1 | Sess:NEW_YORK | Strong1h+1,0,0,-1.0,range,0.436,0,3.6997,0.0526,1.8843,-1,0.0,0.2501,1.5457,0.998,0.119,0.986,1.0,0.2143,0.375,4733,4,5,1.126,0.095,1,1.992,2
AVAXUSDT,4737,4745,1775838600,1775846700,LONG,TRAIL,9.397,9.44466883,10.35037668,9.20632466,0.24649228369017473,0.2267791944149701,0.01971308927520462,15,1.96,61.55,0.18556701030927542,0.006355498576154604,1.4426981768025835,base,adaptive disabled,1.0,74.9,90,82,50,80,NEW_YORK,bullish,bullish,FVG,BOS bullish | Vol 2.0x | FVG | ChoCH | BullWick | Session:NEW_YORK | StrongTrend1h | Zone:FVG | MTF 15,BOS+2 | 1h+2 | 4h+2 | Vol+1 | RSI+1 | BTC+2 | FVG+1 | ChoCH+1 | BullWick+1 | Zone:FVG+1 | Sess:NEW_YORK | Strong1h+1,0,0,-1.0,bull,0.5023,0,2.4653,0.3333,1.7608,-1,0.0,0.2727,2.3495,0.29,0.1285,1.363,1.0,0.383,1.0,4734,4,5,0.288,0.267,1,1.15,1
ETHUSDT,4782,4804,1775879100,1775899800,LONG,TP1,2240.39,2247.11117,2374.8134,2213.50532,0.0,-0.025000000000000314,0.025000000000000314,17,1.7,54.79,0.2652388797364356,0.002377969826387095,0.7525068769336011,base,adaptive disabled,1.15,80.7,90,81,70,80,OFF_HOURS,bullish,bullish,FVG,BOS bullish | Vol 1.7x | FVG | ChoCH | StrongTrend1h | Zone:FVG | MTF 17 | Risk x1.15,BOS+2 | BodyStrong+1 | 1h+2 | 4h+2 | Vol+1 | RSI+1 | BTC+2 | FVG+1 | ChoCH+1 | Zone:FVG+1 | Sess:OFF_HOURS | Strong1h+1 | NestedOB_1h+2 | QualityRisk:1.15,0,0,-1.0,range,0.6188,0,1.3921,0.3333,1.1379,-1,0.0,0.4586,1.2275,0.0,0.0393,1.724,-1.0,0.009,0.75,4778,3,1,0.118,0.088,1,0.693,0
ETHUSDT,4807,4815,1775901600,1775909700,LONG,TRAIL,2239.08,2245.79724,2373.4248,2212.21104,0.1254718009012465,0.1004718009012463,0.025000000000000196,19,1.48,57.97,0.35268249780122685,0.003399592390115797,1.7575892656899754,base,adaptive disabled,1.15,84.5,90,100,70,80,LONDON,bullish,bullish,FVG,BOS bullish | Vol 1.5x | FVG | LiqSweep | ChoCH | Engulfing | BullWick | Session:LONDON | StrongTrend1h | Zone:FVG | MTF 19 | Risk x1.15,BOS+2 | BodyStrong+1 | 1h+2 | 4h+2 | Vol+1 | RSI+1 | BTCok+1 | FVG+1 | LiqSweep+1 | ChoCH+1 | Engulfing+1 | BullWick+1 | Zone:FVG+1 | Sess:LONDON | Strong1h+1 | NestedOB_1h+2 | QualityRisk:1.15,0,0,-1.0,range,0.4645,1,3.6372,0.1765,3.0255,-1,0.0,0.1035,1.0302,0.0,0.0782,1.3,1.0,0.0266,0.75,4806,0,1,1.363,0.918,1,0.505,0
BTCUSDT,4835,4841,1775926800,1775933100,LONG,TRAIL,73000.0,73219.0,77380.0,72124.0,0.1251070205479452,0.10323202054794521,0.021875000000000006,14,2.03,62.61,0.5096185197260953,0.00290931043608442,2.401093770008297,base,adaptive disabled,1.0,78.0,60,90,90,80,NEW_YORK,neutral,bullish,FVG,BOS bullish | Vol 2.0x | FVG | ChoCH | Session:NEW_YORK | Zone:FVG | MTF 14,BOS+2 | BodyStrong+1 | 1hN+1 | 4h+2 | Vol+2 | RSI+1 | BTC+2 | FVG+1 | ChoCH+1 | Zone:FVG+1 | Sess:NEW_YORK,0,0,-1.0,bull,0.2779,0,3.6578,0.1111,2.6705,-1,0.0,0.1107,3.4178,0.0,-0.1677,1.546,1.0,0.1675,0.65625,4835,0,1,0.946,0.55,1,1.314,1
ETHUSDT,4835,4842,1775926800,1775934000,LONG,TRAIL,2257.16,2265.09021005,2415.76420107,2225.43915979,1.1888083591213308,1.1603455569375674,0.02846280218376346,17,2.05,65.32,0.4697130712008538,0.006074469238760808,3.6937738477856357,base,adaptive disabled,1.0,86.5,90,80,90,80,NEW_YORK,bullish,bullish,FVG,BOS bullish | Vol 2.0x | FVG | ChoCH | Engulfing | Session:NEW_YORK | StrongTrend1h | Zone:FVG | MTF 17,BOS+2 | BodyStrong+1 | 1h+2 | 4h+2 | Vol+2 | RSI+1 | BTC+2 | FVG+1 | ChoCH+1 | Engulfing+1 | Zone:FVG+1 | Sess:NEW_YORK | Strong1h+1,0,0,-1.0,range,0.4119,0,4.5952,0.1111,6.1643,-1,0.0,0.1567,7.2508,0.0,-0.1254,1.932,1.0,0.2515,1.0,4835,0,1,0.31,0.064,1,1.06,1
XRPUSDT,4835,4842,1775926800,1775934000,LONG,TRAIL,1.3529,1.35735126,1.44192523,1.33509495,0.7666364317988414,0.7267447999303547,0.03989163186848678,15,1.32,67.59,0.5604395604395599,0.004012452140663632,2.5668229553184725,base,adaptive disabled,1.0,72.0,60,90,70,80,NEW_YORK,neutral,bullish,FVG,BOS bullish | Vol 1.3x | FVG | ChoCH | Session:NEW_YORK | Zone:FVG | MTF 15,BOS+2 | BodyStrong+1 | 1hN+1 | 4h+2 | Vol+1 | RSI+1 | BTC+2 | FVG+1 | ChoCH+1 | Zone:FVG+1 | Sess:NEW_YORK | NestedOB_1h+2,0,0,-1.0,range,0.2714,0,4.8108,0.1111,1.6408,-1,0.0,0.1404,3.0553,0.0,0.027,1.324,1.0,0.2832,1.3125,4835,0,1,1.573,0.817,1,0.998,8
SUIUSDT,4850,4869,1775940300,1775958300,LONG,SL,0.9542,0.96057956,1.0817912,0.92868176,-0.5625,-0.570913393713673,0.008413393713673036,17,1.62,56.71,0.26923076923076705,0.006208013037257802,1.929450452186657,base,adaptive disabled,1.25,83.9,90,82,80,80,DEAD_ZONE,bullish,bullish,OB,BOS bullish | Vol 1.6x | FVG | OB | ChoCH | BullWick | StrongTrend1h | Zone:OB | MTF 17 | Risk x1.25,BOS+2 | BodyStrong+1 | 1h+2 | 4h+2 | Vol+1 | RSI+1 | BTC+2 | FVG+1 | OB+1 | ChoCH+1 | BullWick+1 | Zone:OB+1 | Sess:DEAD_ZONE | Strong1h+1 | QualityRisk:1.15 | RelStrengthRisk:1.25,0,0,-1.0,bull,0.3046,0,3.0322,0.1111,1.3902,-1,0.0,1.7243,0.4389,0.894,0.1074,1.032,1.0,0.2696,0.5625,4850,7,4,1.527,0.288,1,1.571,0
AVAXUSDT,4920,4926,1776003300,1776009600,SHORT,TRAIL,8.978,8.951066,8.43932,9.085736,0.22276676319892072,0.18943342986558767,0.03333333333333304,16,1.64,35.49,0.35064935064934855,0.003603741658448042,1.413293467806941,base,adaptive disabled,1.15,84.5,90,100,70,80,NEW_YORK,bearish,bearish,FVG,BOS bearish | Vol 1.6x | FVG | ChoCH | BearWick | Session:NEW_YORK | StrongTrend1h | Zone:FVG | MTF 16 | Risk x1.15,BOS+2 | BodyStrong+1 | 1h+2 | 4h+2 | Vol+1 | RSI+1 | BTC+2 | FVG+1 | ChoCH+1 | BearWick+1 | Zone:FVG+1 | Sess:NEW_YORK | Strong1h+1 | TrendPairRisk:1.15,0,0,-1.0,range,0.2524,0,3.5515,0.1111,2.1927,-1,0.0,0.1856,2.0792,3.6,-0.117,2.161,1.0,-0.1947,1.0,4920,0,1,0.172,2.034,0,0.759,2
XRPUSDT,4920,4926,1776003300,1776009600,SHORT,TRAIL,1.3248,1.3208256,1.245312,1.3406976,0.11322463768116123,0.0798913043478278,0.03333333333333342,18,3.04,35.53,0.44615384615386755,0.0037995608097323255,2.0161989482283866,base,adaptive disabled,1.15,82.5,90,90,70,80,NEW_YORK,bearish,bearish,FVG,BOS bearish | Vol 3.0x | FVG | LiqSweep | MACD_Div | ChoCH | Engulfing | Session:NEW_YORK | StrongTrend1h | Zone:FVG | MTF 18 | Risk x1.15,BOS+2 | 1h+2 | 4h+2 | Vol+2 | RSI+1 | BTC+2 | FVG+1 | LiqSweep+1 | MACD_Div+1 | ChoCH+1 | Engulfing+1 | Zone:FVG+1 | Sess:NEW_YORK | Strong1h+1 | TrendPairRisk:1.15,0,0,-1.0,range,0.3203,0,3.842,0.0526,3.2386,-1,0.0,0.1384,1.5851,0.0,-0.0287,2.467,-1.0,0.0337,1.0,4920,0,1,0.9,0.69,1,1.231,2
ADAUSDT,4943,4951,1776024000,1776032100,SHORT,TP1,0.238,0.237286,0.22372,0.240856,0.0,-0.018750000000000017,0.018750000000000017,15,1.4,38.76,0.13513513513513595,0.0022406635874083207,0.6716389106057079,base,adaptive disabled,1.15,71.7,90,66,50,80,DEAD_ZONE,bearish,bearish,FVG,BOS bearish | Vol 1.4x | FVG | LiqSweep | ChoCH | StrongTrend1h | Zone:FVG | MTF 15 | Risk x1.15,BOS+2 | 1h+2 | 4h+2 | Vol+1 | RSI+1 | BTC+2 | FVG+1 | LiqSweep+1 | ChoCH+1 | Zone:FVG+1 | Sess:DEAD_ZONE | Strong1h+1 | TrendPairRisk:1.15,0,0,-1.0,range,0.3077,3,2.2106,9.0,1.3871,-1,0.0,0.5952,1.9608,5.0,0.0394,2.285,1.0,-0.009,0.5625,4943,0,1,0.246,0.737,1,0.614,2
XRPUSDT,4960,4966,1776039300,1776045600,SHORT,TRAIL,1.3302,1.3262094,1.250388,1.3461624,0.024667343256658175,0.005917343256658223,0.018749999999999954,19,1.53,35.38,0.7171717171717072,0.003796788608822313,1.7348705468725152,base,adaptive disabled,1.15,84.5,90,100,70,80,DEAD_ZONE,bearish,bearish,FVG,BOS bearish | Vol 1.5x | FVG | LiqSweep | MACD_Div | ChoCH | StrongTrend1h | Zone:FVG | MTF 19 | Risk x1.15,BOS+2 | BodyStrong+1 | 1h+2 | 4h+2 | Vol+1 | RSI+1 | BTC+2 | FVG+1 | LiqSweep+1 | MACD_Div+1 | ChoCH+1 | Zone:FVG+1 | Sess:DEAD_ZONE | Strong1h+1 | NestedOB_1h+2 | TrendPairRisk:1.15,0,1,-1.0,bull,0.5029,0,1.6754,0.1765,0.8529,-1,0.0,0.1504,1.1778,0.0,-0.1306,1.231,1.0,-0.2818,0.5625,4956,3,3,1.498,0.432,1,1.447,2
ETHUSDT,4982,4988,1776059100,1776065400,SHORT,TP1,2190.14,2183.56958,2058.7316,2216.42168,0.0,-0.024999999999999946,0.024999999999999946,18,1.46,38.08,0.3540816326530492,0.002862145871035454,0.960961113172963,base,adaptive disabled,1.25,84.5,90,100,70,80,OFF_HOURS,bearish,bearish,FVG,BOS bearish | Vol 1.5x | FVG | ChoCH | Engulfing | StrongTrend1h | Zone:FVG | MTF 18 | Risk x1.25,BOS+2 | BodyStrong+1 | 1h+2 | 4h+2 | Vol+1 | RSI+1 | BTC+2 | FVG+1 | ChoCH+1 | Engulfing+1 | Zone:FVG+1 | Sess:OFF_HOURS | Strong1h+1 | NestedOB_1h+2 | QualityRisk:1.15 | TrendPairRisk:1.25,0,0,-1.0,bear,0.3527,1,2.6724,0.0526,1.4894,-1,0.0,0.4075,1.2495,1.134,-0.0863,1.288,1.0,-0.1561,0.75,4982,2,2,0.691,0.373,1,1.132,0
SUIUSDT,4982,4991,1776059100,1776068100,SHORT,TP1,0.9022,0.89926712,0.84354241,0.91393152,0.0,-0.023071179182237264,0.023071179182237264,17,1.67,38.37,0.48453608247423413,0.004208655162255542,1.3538341803801959,base,adaptive disabled,1.25,84.5,90,100,70,80,OFF_HOURS,bearish,bearish,FVG,BOS bearish | Vol 1.7x | FVG | ChoCH | StrongTrend1h | Zone:FVG | MTF 17 | Risk x1.25,BOS+2 | BodyStrong+1 | 1h+2 | 4h+2 | Vol+1 | RSI+1 | BTC+2 | FVG+1 | ChoCH+1 | Zone:FVG+1 | Sess:OFF_HOURS | Strong1h+1 | NestedOB_1h+2 | QualityRisk:1.15 | TrendPairRisk:1.25,0,0,-1.0,range,0.2735,1,2.6922,0.0526,0.8449,-1,0.0,0.7927,1.057,0.0,-0.1211,1.855,1.0,-0.0344,0.75,4980,0,1,0.959,0.495,1,0.805,0
BTCUSDT,5085,5090,1776151800,1776157200,LONG,TRAIL,74565.3,74788.9959,79039.218,73670.5164,0.01549606519386438,0.006121065193864481,0.009374999999999899,15,1.3,64.43,0.3275151515151772,0.004014468249133628,1.508611294311702,base,adaptive disabled,1.0,84.3,90,99,70,80,LONDON,bullish,bullish,FVG,BOS bullish | Vol 1.3x | FVG | ChoCH | Session:LONDON | StrongTrend1h | Zone:FVG | MTF 15,BOS+2 | BodyStrong+1 | 1h+2 | 4h+2 | Vol+1 | RSI+1 | BTC+2 | FVG+1 | ChoCH+1 | Zone:FVG+1 | Sess:LONDON | Strong1h+1,0,0,-1.0,range,0.4477,0,3.793,0.1111,3.971,-1,0.0,0.1619,1.3621,10.0,0.1251,1.267,1.0,0.2746,0.28125,5085,0,2,0.8,1.264,0,1.029,5
ETHUSDT,5086,5086,1776152700,1776153600,LONG,TP1,2369.64,2376.74892,2511.8184,2341.20432,0.0,-0.028124999999999952,0.028124999999999952,15,6.41,69.52,0.4011812812358091,0.005006349447051138,1.3214884425534088,base,adaptive disabled,1.0,90.5,90,100,90,80,LONDON,bullish,bullish,FVG,BOS bullish | Vol 6.4x | FVG | ChoCH | Session:LONDON | StrongTrend1h | Zone:FVG | MTF 15,BOS+2 | BodyStrong+1 | 1h+2 | 4h+2 | Vol+2 | BTC+2 | FVG+1 | ChoCH+1 | Zone:FVG+1 | Sess:LONDON | Strong1h+1,0,1,-1.0,bear,0.5609,0,3.4181,0.1765,3.3703,-1,0.0,0.0169,1.0902,0.0,-0.0807,2.875,1.0,0.2715,0.84375,5084,0,1,1.317,1.638,0,1.038,0
XRPUSDT,5086,5090,1776152700,1776157200,LONG,TRAIL,1.3673,1.3714019,1.449338,1.3508924,0.23142490439982463,0.20642490439982458,0.02500000000000005,15,1.91,66.47,0.5675675675675799,0.004036135505673389,1.3742032363950496,base,adaptive disabled,1.0,84.5,90,100,70,80,LONDON,bullish,bullish,FVG,BOS bullish | Vol 1.9x | FVG | ChoCH | Session:LONDON | StrongTrend1h | Zone:FVG | MTF 15,BOS+2 | BodyStrong+1 | 1h+2 | 4h+2 | Vol+1 | RSI+1 | BTC+2 | FVG+1 | ChoCH+1 | Zone:FVG+1 | Sess:LONDON | Strong1h+1,0,0,-1.0,range,0.5655,0,2.9453,0.1765,2.2867,-1,0.0,0.0731,1.9747,0.0,0.0299,1.126,-1.0,-0.053,0.75,5084,2,1,1.473,0.27,1,0.933,0
XRPUSDT,5086,5090,1776152700,1776157200,LONG,TRAIL,1.3673,1.3714019,1.449338,1.3508924,0.4552564003317555,0.4052564003317554,0.0500000000000001,16,3.98,63.07,0.4795918367347125,0.004249634683323958,1.4152319992769526,base,adaptive disabled,1.0,84.5,90,100,70,80,LONDON,bullish,bullish,FVG,BOS bullish | Vol 4.0x | FVG | ChoCH | BullWick | Session:LONDON | StrongTrend1h | Zone:FVG | MTF 16,BOS+2 | 1h+2 | 4h+2 | Vol+2 | RSI+1 | BTC+2 | FVG+1 | ChoCH+1 | BullWick+1 | Zone:FVG+1 | Sess:LONDON | Strong1h+1,0,0,-1.0,range,0.5655,0,2.8299,0.1765,2.2867,-1,0.0,0.0731,1.9747,0.0,0.0839,2.639,-1.0,-0.2451,1.5,5085,3,2,1.085,0.59,1,0.896,0
SUIUSDT,5101,5109,1776166200,1776174300,LONG,TP1,0.9473,0.9501419,1.004138,0.9359324,0.0,-0.058333333333333175,0.058333333333333175,14,1.4,59.38,0.29523809523809263,0.0034009612441842584,0.9287539307232445,base,adaptive disabled,1.15,83.5,90,95,70,80,OVERLAP,bullish,bullish,FVG,BOS bullish | Vol 1.4x | FVG | ChoCH | Session:OVERLAP | StrongTrend1h | Zone:FVG | MTF 14 | Risk x1.15,BOS+2 | BodyStrong+1 | 1h+2 | 4h+2 | Vol+1 | RSI+1 | BTCok+1 | FVG+1 | ChoCH+1 | Zone:FVG+1 | Sess:OVERLAP | Strong1h+1 | QualityRisk:1.15,0,0,-1.0,bull,0.5083,0,1.658,0.1765,0.8659,-1,0.0,0.5102,3.3076,0.431,0.0728,1.413,1.0,0.5359,1.75,5100,9,3,0.116,2.822,0,1.251,1
BTCUSDT,5108,5109,1776172500,1776174300,LONG,TP1,74565.3,74788.9959,79039.218,73670.5164,0.0,-0.012499999999999865,0.012499999999999865,18,1.41,57.84,0.4050772626931362,0.0024328609282511324,1.2938390413021665,base,adaptive disabled,1.15,84.5,90,100,70,80,NEW_YORK,bullish,bullish,FVG,BOS bullish | Vol 1.4x | FVG | LiqSweep | ChoCH | Session:NEW_YORK | StrongTrend1h | Zone:FVG | MTF 18 | Risk x1.15,BOS+2 | BodyStrong+1 | 1h+2 | 4h+2 | Vol+1 | RSI+1 | BTC+2 | FVG+1 | LiqSweep+1 | ChoCH+1 | Zone:FVG+1 | Sess:NEW_YORK | Strong1h+1 | NestedOB_1h+2 | QualityRisk:1.15,0,1,-1.0,bear,0.4915,3,2.0499,19.0,1.3242,-1,0.0,0.1209,2.8364,0.0,-0.2454,1.061,1.0,0.1622,0.375,5108,23,1,0.751,2.058,0,1.327,2
AVAXUSDT,5111,5115,1776175200,1776179700,LONG,SL,9.441,9.606,9.709,9.31557788,-0.5625,-0.5794366057598132,0.016936605759813154,18,1.61,69.97,0.7931034482758755,0.006596289358955308,2.136970294070515,base,adaptive disabled,1.0,82.5,90,90,70,80,NEW_YORK,bullish,bullish,FVG,BOS bullish | Vol 1.6x | FVG | LiqSweep | MACD_Div | ChoCH | Engulfing | BullWick | Session:NEW_YORK | StrongTrend1h | Zone:FVG | MTF 18,BOS+2 | BodyStrong+1 | 1h+2 | 4h+2 | Vol+1 | BTC+2 | FVG+1 | LiqSweep+1 | MACD_Div+1 | ChoCH+1 | Engulfing+1 | BullWick+1 | Zone:FVG+1 | Sess:NEW_YORK | Strong1h+1,0,1,-1.0,bear,0.3662,4,4.0088,0.0526,1.5811,-1,0.0,1.3714,0.5333,0.0,0.0291,1.096,1.0,0.0822,0.5625,5111,0,1,1.581,1.609,1,1.468,3
SUIUSDT,5111,5113,1776175200,1776177900,LONG,TP1,0.9544,0.95867459,1.03989182,0.93730164,-0.14804051382705924,-0.16059961306230755,0.01255909923524831,17,3.03,68.8,0.45454545454545914,0.007084537852320126,2.031330217143513,base,adaptive disabled,1.15,88.5,90,90,90,80,NEW_YORK,bullish,bullish,FVG,BOS bullish | Vol 3.0x | FVG | LiqSweep | ChoCH | Engulfing | Session:NEW_YORK | StrongTrend1h | Zone:FVG | MTF 17 | Risk x1.15,BOS+2 | BodyStrong+1 | 1h+2 | 4h+2 | Vol+2 | BTC+2 | FVG+1 | LiqSweep+1 | ChoCH+1 | Engulfing+1 | Zone:FVG+1 | Sess:NEW_YORK | Strong1h+1 | QualityRisk:1.15,0,0,-1.0,range,0.3138,2,4.4779,0.0526,2.9957,-1,0.0,0.3802,1.8715,0.0,0.1766,2.157,1.0,0.3176,0.5625,5111,0,1,2.43,0.31,1,1.405,1
SOLUSDT,5112,5112,1776176100,1776177000,LONG,TP1,86.79,87.19504223,94.89084463,85.16983107,0.0,-0.020088183026692092,0.020088183026692092,16,2.32,64.38,0.44588744588745144,0.009459766908336869,3.0159138350761214,base,adaptive disabled,1.15,86.5,90,80,90,80,NEW_YORK,bullish,bullish,FVG,BOS bullish | Vol 2.3x | FVG | ChoCH | Session:NEW_YORK | StrongTrend1h | Zone:FVG | MTF 16 | Risk x1.15,BOS+2 | BodyStrong+1 | 1h+2 | 4h+2 | Vol+2 | RSI+1 | BTC+2 | FVG+1 | ChoCH+1 | Zone:FVG+1 | Sess:NEW_YORK | Strong1h+1 | QualityRisk:1.15,0,0,-1.0,range,0.326,0,4.1982,0.1111,2.6294,-1,0.0,0.0864,1.1357,0.0,0.0577,1.193,1.0,0.0373,0.9375,5112,1,2,0.775,0.65,1,1.949,6
SUIUSDT,5112,5113,1776176100,1776177900,LONG,TP1,0.9544,0.95879426,1.04228526,0.93682295,-0.32001957097465616,-0.3471686090669413,0.027149038092285138,18,3.53,59.03,0.21904761904762132,0.009796462020143847,2.808912837708948,base,adaptive disabled,1.15,85.7,90,76,90,80,NEW_YORK,bullish,bullish,FVG,BOS bullish | Vol 3.5x | FVG | LiqSweep | ChoCH | Engulfing | Session:NEW_YORK | StrongTrend1h | Zone:FVG | MTF 18 | Risk x1.15,BOS+2 | BodyStrong+1 | 1h+2 | 4h+2 | Vol+2 | RSI+1 | BTC+2 | FVG+1 | LiqSweep+1 | ChoCH+1 | Engulfing+1 | Zone:FVG+1 | Sess:NEW_YORK | Strong1h+1 | QualityRisk:1.15,0,0,-1.0,range,0.3828,0,4.3403,0.0526,3.4846,-1,0.0,0.3698,1.6157,0.0,0.0877,1.513,1.0,0.0903,1.25,5112,1,2,1.09,1.368,0,2.331,2
AVAXUSDT,5113,5115,1776177000,1776179700,LONG,SL,9.441,9.47320513,10.08510268,9.31217946,-1.0,-1.0293152008212352,0.0293152008212352,18,3.21,63.0,0.5249999999999972,0.007742031656590959,2.5081512901533265,base,adaptive disabled,1.0,82.5,90,90,70,80,NEW_YORK,bullish,bullish,FVG,BOS bullish | Vol 3.2x | FVG | LiqSweep | MACD_Div | ChoCH | BullWick | Session:NEW_YORK | StrongTrend1h | Zone:FVG | MTF 18,BOS+2 | 1h+2 | 4h+2 | Vol+2 | RSI+1 | BTC+2 | FVG+1 | LiqSweep+1 | MACD_Div+1 | ChoCH+1 | BullWick+1 | Zone:FVG+1 | Sess:NEW_YORK | Strong1h+1,0,1,-1.0,bear,0.4578,1,3.8897,0.1111,2.2218,-1,0.0,1.3352,2.7325,0.0,0.0462,1.503,-1.0,-0.0153,1.0,5112,1,2,0.85,2.061,0,1.133,0
XRPUSDT,5113,5129,1776177000,1776192300,LONG,SL,1.384,1.39016492,1.50729835,1.35934033,-0.5625,-0.5751279062128569,0.012627906212856909,14,4.19,70.44,0.5587392550143334,0.008023149878314371,3.2304977012397593,base,adaptive disabled,1.0,80.5,90,80,70,80,NEW_YORK,bullish,bullish,FVG,BOS bullish | Vol 4.2x | FVG | ChoCH | Session:NEW_YORK | StrongTrend1h | Zone:FVG | MTF 14,BOS+2 | 1h+2 | 4h+2 | Vol+2 | BTC+2 | FVG+1 | ChoCH+1 | Zone:FVG+1 | Sess:NEW_YORK | Strong1h+1,0,1,-1.0,bear,0.3607,0,5.5042,0.1111,2.4397,-1,0.0,1.099,1.687,0.0,0.1704,1.963,1.0,0.1799,0.5625,5112,0,2,2.713,0.155,1,0.872,0
AVAXUSDT,5115,5117,1776178800,1776181500,LONG,TP1,9.377,9.405131,9.93962,9.264476,0.0,-0.041666666666666484,0.041666666666666484,17,3.7,48.39,0.12820512820513405,0.009216322829173517,2.9806859246807,base,adaptive disabled,1.15,86.5,90,65,100,80,NEW_YORK,bullish,bullish,OB,BOS bullish | Vol 3.7x | FVG | OB | ChoCH | Session:NEW_YORK | StrongTrend1h | Zone:OB | MTF 17 | Risk x1.15,BOS+2 | BodyStrong+1 | 1h+2 | 4h+2 | Vol+2 | RSI+1 | BTC+2 | FVG+1 | OB+1 | ChoCH+1 | Zone:OB+1 | Sess:NEW_YORK | Strong1h+1 | QualityRisk:1.15,0,1,-1.0,bear,0.8539,0,3.1547,0.1111,2.5028,-1,0.0,0.9598,1.6352,0.0,-0.0085,1.268,-1.0,-0.0804,1.25,5114,7,4,0.587,3.046,0,0.957,0
BTCUSDT,5160,5182,1776219300,1776240000,LONG,SL,74349.9,75668.3,76000.0,73457.7012,-0.28125,-0.290625,0.009375000000000017,18,1.31,57.27,0.6158406450082758,0.0031351830898049076,0.814978719177337,base,adaptive disabled,1.15,78.5,90,100,50,80,OFF_HOURS,bullish,bullish,FVG,BOS bullish | Vol 1.3x | FVG | LiqSweep | ChoCH | BullWick | StrongTrend1h | Zone:FVG | MTF 18 | Risk x1.15,BOS+2 | 1h+2 | 4h+2 | Vol+1 | RSI+1 | BTC+2 | FVG+1 | LiqSweep+1 | ChoCH+1 | BullWick+1 | Zone:FVG+1 | Sess:OFF_HOURS | Strong1h+1 | NestedOB_1h+2 | QualityRisk:1.15,0,0,-1.0,range,0.3971,0,1.4187,0.25,0.7419,-1,0.0,1.0165,0.1517,0.0,0.2094,1.544,1.0,0.4613,0.28125,5158,5,2,0.253,1.136,1,0.672,0
AVAXUSDT,5200,5203,1776255300,1776258900,LONG,TRAIL,9.383,9.42677232,10.25844635,9.20791073,0.34217247875251916,0.29930063400726414,0.04287184474525503,15,2.25,57.76,0.31983805668016463,0.005707283565325101,1.3715041429435377,base,adaptive disabled,1.15,79.6,60,98,90,80,OVERLAP,neutral,bullish,FVG,BOS bullish | Vol 2.2x | FVG | ChoCH | Engulfing | Session:OVERLAP | Zone:FVG | MTF 15 | Risk x1.15,BOS+2 | BodyStrong+1 | 1hN+1 | 4h+2 | Vol+2 | RSI+1 | BTC+2 | FVG+1 | ChoCH+1 | Engulfing+1 | Zone:FVG+1 | Sess:OVERLAP | QualityRisk:1.15,0,0,-1.0,range,0.3732,0,2.9939,0.1111,3.8869,-1,0.0,0.0286,1.188,0.0,-0.0127,2.071,1.0,0.0712,2.0,5200,1,1,0.023,1.52,0,1.089,2
ETHUSDT,5200,5230,1776255300,1776283200,LONG,TRAIL,2330.59,2369.0,2492.83068712,2298.14186258,2.6879817128190475,2.630521650447307,0.05746006237174035,14,1.49,58.79,0.24856596558316882,0.003478328066463305,1.0217927777532416,base,adaptive disabled,1.15,71.8,60,89,70,80,OVERLAP,neutral,bullish,FVG,BOS bullish | Vol 1.5x | FVG | ChoCH | Engulfing | Session:OVERLAP | Zone:FVG | MTF 14 | Risk x1.15,BOS+2 | BodyStrong+1 | 1hN+1 | 4h+2 | Vol+1 | RSI+1 | BTC+2 | FVG+1 | ChoCH+1 | Engulfing+1 | Zone:FVG+1 | Sess:OVERLAP | QualityRisk:1.15,0,0,-1.0,bull,0.2568,0,2.9741,0.1111,2.2682,-1,0.0,0.4435,1.4194,10.0,0.0915,1.545,1.0,0.1494,2.0,5200,0,1,0.121,0.561,1,0.968,2
LINKUSDT,5200,5202,1776255300,1776258000,LONG,TRAIL,9.117,9.15835131,9.94402614,8.95159477,0.5718971049149414,0.5278017640360589,0.04409534087888245,15,2.48,65.27,0.4301675977653708,0.003725838990885423,1.1729968961088484,base,adaptive disabled,1.15,74.0,60,100,70,80,OVERLAP,neutral,bullish,FVG,BOS bullish | Vol 2.5x | FVG | ChoCH | Engulfing | BullWick | Session:OVERLAP | Zone:FVG | MTF 15 | Risk x1.15,BOS+2 | 1hN+1 | 4h+2 | Vol+2 | RSI+1 | BTC+2 | FVG+1 | ChoCH+1 | Engulfing+1 | BullWick+1 | Zone:FVG+1 | Sess:OVERLAP | QualityRisk:1.15,0,0,-1.0,range,0.1976,0,3.0568,0.1111,3.5223,-1,0.0,0.0302,1.5235,4.812,0.0885,2.684,1.0,0.128,2.0,5200,0,1,0.669,1.337,0,0.923,2
LINKUSDT,5213,5217,1776267000,1776271500,LONG,TRAIL,9.158,9.19924875,9.434,8.99300498,0.18751981232560821,0.16670554774962273,0.020814264575985484,16,1.9,67.62,0.21033210332103539,0.006194738368321581,1.8730823913221908,base,adaptive disabled,1.15,79.5,90,75,70,80,NEW_YORK,bullish,bullish,FVG,BOS bullish | Vol 1.9x | FVG | ChoCH | BullWick | Session:NEW_YORK | StrongTrend1h | Zone:FVG | MTF 16 | Risk x1.15,BOS+2 | BodyStrong+1 | 1h+2 | 4h+2 | Vol+1 | RSI+1 | BTC+2 | FVG+1 | ChoCH+1 | BullWick+1 | Zone:FVG+1 | Sess:NEW_YORK | Strong1h+1 | RelStrengthRisk:1.15,0,0,-1.0,bull,0.4019,0,2.9504,0.1111,1.3235,-1,0.0,0.2061,1.4546,0.533,0.1644,1.118,1.0,0.1654,0.9375,5212,9,3,1.35,0.45,1,1.475,2
SUIUSDT,5215,5221,1776268800,1776275100,LONG,TRAIL,0.9485,0.95401134,1.05872674,0.92645465,0.13608311956943336,0.12317563567827261,0.012907483891160743,23,2.05,49.49,0.17041800643086838,0.007276695788690689,1.6692030219490916,base,adaptive disabled,1.25,89.5,90,80,100,80,NEW_YORK,bullish,bullish,OB,BOS bullish | Vol 2.0x | FVG | OB | LiqSweep | ChoCH | Engulfing | BullWick | Session:NEW_YORK | StrongTrend1h | Zone:OB | 💎PREMIUM | MTF 23 | Risk x1.25,BOS+2 | BodyStrong+1 | 1h+2 | 4h+2 | Vol+2 | RSI+1 | BTC+2 | FVG+1 | OB+1 | LiqSweep+1 | ChoCH+1 | Engulfing+1 | BullWick+1 | Zone:OB+1 | Sess:NEW_YORK | Strong1h+1 | 💎Premium+3 | QualityRisk:1.15 | RelStrengthRisk:1.25,1,0,-1.0,bull,0.3254,1,2.6894,0.1765,1.4641,-1,0.0,0.2132,1.3608,0.0,-0.0631,1.265,-1.0,-0.0761,0.75,5214,8,2,1.699,3.438,0,1.031,0
AVAXUSDT,5231,5276,1776283200,1776324600,LONG,TRAIL,9.515,9.57591154,10.73323082,9.27135384,0.15006392877277275,0.14127710857417003,0.008786820198602732,15,1.84,65.29,0.342995169082126,0.0050447989062043655,1.0118578572189878,base,adaptive disabled,1.15,78.5,90,100,50,80,DEAD_ZONE,bullish,bullish,FVG,BOS bullish | Vol 1.8x | FVG | ChoCH | BullWick | StrongTrend1h | Zone:FVG | MTF 15 | Risk x1.15,BOS+2 | 1h+2 | 4h+2 | Vol+1 | RSI+1 | BTC+2 | FVG+1 | ChoCH+1 | BullWick+1 | Zone:FVG+1 | Sess:DEAD_ZONE | Strong1h+1 | QualityRisk:1.15,0,0,-1.0,range,0.2024,0,2.6369,0.1111,2.5224,-1,0.0,0.7306,1.7566,7.889,0.0365,3.722,1.0,0.1995,0.5625,5231,0,1,0.943,0.086,1,0.493,5
ETHUSDT,5232,5240,1776284100,1776292200,LONG,TRAIL,2355.92,2367.85081299,2594.53625979,2308.19674804,0.1957772074675699,0.18466979172724496,0.011107415740324958,15,2.69,69.55,0.5122452474738851,0.0056313679152909185,1.4038065697024964,base,adaptive disabled,1.0,90.5,90,100,90,80,DEAD_ZONE,bullish,bullish,FVG,BOS bullish | Vol 2.7x | FVG | ChoCH | StrongTrend1h | Zone:FVG | MTF 15,BOS+2 | BodyStrong+1 | 1h+2 | 4h+2 | Vol+2 | BTC+2 | FVG+1 | ChoCH+1 | Zone:FVG+1 | Sess:DEAD_ZONE | Strong1h+1,0,0,-1.0,bull,0.4433,0,3.0289,0.1765,1.5205,-1,0.0,0.1978,1.9747,1.823,0.1895,1.367,1.0,0.3657,0.5625,5230,2,2,1.516,1.968,0,1.514,0
LINKUSDT,5232,5240,1776284100,1776292200,LONG,TRAIL,9.266,9.3122146,10.19029196,9.08114161,0.24560068303743726,0.23150306755998992,0.014097615477447324,15,5.01,70.0,0.46067415730336975,0.005508160781298584,1.3487550453814838,base,adaptive disabled,1.0,90.5,90,100,90,80,DEAD_ZONE,bullish,bullish,FVG,BOS bullish | Vol 5.0x | FVG | ChoCH | StrongTrend1h | Zone:FVG | MTF 15,BOS+2 | BodyStrong+1 | 1h+2 | 4h+2 | Vol+2 | BTC+2 | FVG+1 | ChoCH+1 | Zone:FVG+1 | Sess:DEAD_ZONE | Strong1h+1,0,0,-1.0,bull,0.4251,0,2.5666,0.1765,2.8211,-1,0.0,0.1515,1.8609,2.085,0.2518,2.215,1.0,0.4613,0.703125,5230,2,6,2.333,1.703,0,1.12,0
ADAUSDT,5233,5264,1776285000,1776313800,LONG,TRAIL,0.2483,0.25047263,0.2917525,0.2396095,0.21844974397330397,0.2063961725447325,0.012053571428571443,16,1.66,64.0,0.34693877551020835,0.010435264940380969,1.9337348655240851,base,adaptive disabled,1.0,73.8,65,90,70,80,DEAD_ZONE,bullish,neutral,FVG,BOS bullish | Vol 1.7x | FVG | ChoCH | Engulfing | BullWick | StrongTrend1h | Zone:FVG | MTF 16,BOS+2 | BodyStrong+1 | 1h+2 | 4hN+1 | Vol+1 | RSI+1 | BTC+2 | FVG+1 | ChoCH+1 | Engulfing+1 | BullWick+1 | Zone:FVG+1 | Sess:DEAD_ZONE | Strong1h+1,0,0,-1.0,range,0.234,0,2.8676,0.25,2.3558,-1,0.0,0.5408,1.3348,2.267,0.2015,1.57,1.0,0.328,1.0546875,5232,1,4,0.997,0.499,1,0.686,0
SUIUSDT,5233,5240,1776285000,1776292200,LONG,TRAIL,0.9655,0.97305698,1.1166396,0.93527208,0.0818779459519534,0.07469129533226142,0.007186650619691976,15,1.52,65.87,0.5202702702702661,0.009327340102859646,1.8973026380822637,base,adaptive disabled,1.15,76.5,90,90,50,80,DEAD_ZONE,bullish,bullish,FVG,BOS bullish | Vol 1.5x | FVG | ChoCH | BullWick | StrongTrend1h | Zone:FVG | MTF 15 | Risk x1.15,BOS+2 | 1h+2 | 4h+2 | Vol+1 | RSI+1 | BTC+2 | FVG+1 | ChoCH+1 | BullWick+1 | Zone:FVG+1 | Sess:DEAD_ZONE | Strong1h+1 | QualityRisk:1.15,0,0,-1.0,bull,0.2485,0,3.1504,0.25,2.3177,-1,0.0,0.2018,1.0189,0.0,0.0737,1.18,1.0,0.1968,0.5625,5232,1,5,1.695,1.105,1,0.829,0
BTCUSDT,5258,5259,1776307500,1776309300,LONG,TP1,74854.6,75079.1638,79345.876,73956.3448,0.0,-0.0070312500000000045,0.0070312500000000045,15,2.27,64.45,0.5121951219512195,0.0035084800799498298,0.9809347764976414,base,adaptive disabled,1.15,90.5,90,100,90,80,OFF_HOURS,bullish,bullish,FVG,BOS bullish | Vol 2.3x | FVG | ChoCH | StrongTrend1h | Zone:FVG | MTF 15 | Risk x1.15,BOS+2 | BodyStrong+1 | 1h+2 | 4h+2 | Vol+2 | RSI+1 | BTCok+1 | FVG+1 | ChoCH+1 | Zone:FVG+1 | Sess:OFF_HOURS | Strong1h+1 | QualityRisk:1.15,0,1,-1.0,bear,0.542,3,2.9791,5.6667,0.9434,-1,0.0,0.1089,1.6289,0.0,0.0205,1.641,1.0,0.0971,0.2109375,5258,0,1,1.254,1.017,0,1.382,2
SUIUSDT,5258,5260,1776307500,1776310200,LONG,TRAIL,0.9655,0.96988733,1.05324652,0.9479507,0.10577344965326162,0.09339475078777978,0.012378698865481822,15,3.03,66.86,0.6465517241379378,0.0058989481770401475,1.2067741857051246,base,adaptive disabled,1.15,90.5,90,100,90,80,OFF_HOURS,bullish,bullish,FVG,BOS bullish | Vol 3.0x | FVG | ChoCH | StrongTrend1h | Zone:FVG | MTF 15 | Risk x1.15,BOS+2 | BodyStrong+1 | 1h+2 | 4h+2 | Vol+2 | RSI+1 | BTCok+1 | FVG+1 | ChoCH+1 | Zone:FVG+1 | Sess:OFF_HOURS | Strong1h+1 | QualityRisk:1.15,0,1,-1.0,bear,0.3775,5,3.5263,19.0,1.3094,-1,0.0,0.0228,1.6411,0.0,0.0165,2.335,1.0,0.0521,0.5625,5258,0,1,2.145,0.062,1,1.299,4
SUIUSDT,5267,5269,1776315600,1776318300,LONG,TP1,0.9655,0.96993042,1.05410834,0.94777833,0.0,-0.012258297327509188,0.012258297327509188,15,2.07,67.95,0.7297297297297329,0.005210796696925067,1.078634916376756,base,adaptive disabled,1.25,84.5,90,100,70,80,OFF_HOURS,bullish,bullish,FVG,BOS bullish | Vol 2.1x | FVG | ChoCH | StrongTrend1h | Zone:FVG | MTF 15 | Risk x1.25,BOS+2 | 1h+2 | 4h+2 | Vol+2 | RSI+1 | BTC+2 | FVG+1 | ChoCH+1 | Zone:FVG+1 | Sess:OFF_HOURS | Strong1h+1 | QualityRisk:1.15 | RelStrengthRisk:1.25,0,1,-1.0,bear,0.5415,0,2.5888,0.25,1.7781,-1,0.0,0.1862,1.0383,0.0,0.0636,1.732,1.0,0.2324,0.5625,5263,5,6,2.748,-1.0,0,1.752,1
XRPUSDT,5285,5286,1776331800,1776333600,LONG,TP1,1.412,1.41670301,1.50606029,1.39318794,0.0,-0.056293675440116875,0.056293675440116875,15,6.31,66.6,0.30434782608695315,0.006607071739176605,1.8341231149276058,base,adaptive disabled,1.0,81.7,90,86,70,80,LONDON,bullish,bullish,FVG,BOS bullish | Vol 6.3x | FVG | LiqSweep | ChoCH | Session:LONDON | StrongTrend1h | Zone:FVG | MTF 15,BOS+2 | 1h+2 | 4h+2 | Vol+2 | RSI+1 | BTCok+1 | FVG+1 | LiqSweep+1 | ChoCH+1 | Zone:FVG+1 | Sess:LONDON | Strong1h+1,0,0,-1.0,range,0.4583,2,3.7852,0.0526,6.2089,-1,0.0,0.2126,1.701,1.75,-0.0177,3.337,1.0,0.2111,1.875,5285,0,1,0.688,-1.0,0,1.893,1
XRPUSDT,5287,5295,1776333600,1776341700,LONG,TP1,1.412,1.41684979,1.50899586,1.39260083,0.0,-0.0545899644160033,0.0545899644160033,15,3.29,62.93,0.22580645161290044,0.007304225208728814,2.0232703829639194,base,adaptive disabled,1.15,85.9,90,77,90,80,LONDON,bullish,bullish,FVG,BOS bullish | Vol 3.3x | FVG | ChoCH | Session:LONDON | StrongTrend1h | Zone:FVG | MTF 15 | Risk x1.15,BOS+2 | BodyStrong+1 | 1h+2 | 4h+2 | Vol+2 | RSI+1 | BTCok+1 | FVG+1 | ChoCH+1 | Zone:FVG+1 | Sess:LONDON | Strong1h+1 | RelStrengthRisk:1.15,0,0,-1.0,range,0.4583,1,3.2817,0.1765,4.2638,-1,0.0,0.567,2.2681,1.4,-0.011,1.755,1.0,0.2934,1.875,5287,2,3,0.625,-1.0,0,1.875,0
SUIUSDT,5301,5304,1776346200,1776349800,LONG,SL,0.9867,0.99417452,1.13619044,0.95680191,-1.0,-1.0132008432645698,0.013200843264569748,16,2.64,67.5,0.7151898734177244,0.008099419481066133,1.3152107335354448,base,adaptive disabled,1.25,84.5,90,100,70,80,NEW_YORK,bullish,bullish,FVG,BOS bullish | Vol 2.6x | FVG | ChoCH | Engulfing | Session:NEW_YORK | StrongTrend1h | Zone:FVG | MTF 16 | Risk x1.25,BOS+2 | 1h+2 | 4h+2 | Vol+2 | RSI+1 | BTC+2 | FVG+1 | ChoCH+1 | Engulfing+1 | Zone:FVG+1 | Sess:NEW_YORK | Strong1h+1 | QualityRisk:1.15 | RelStrengthRisk:1.25,0,1,-1.0,bear,0.25,2,4.1142,0.0526,2.644,-1,0.0,1.1773,0.5753,0.0,-0.0058,2.073,1.0,0.0933,1.0,5301,0,1,0.887,0.016,1,1.275,1
SUIUSDT,5302,5304,1776347100,1776349800,LONG,SL,0.9867,0.9942192,1.13708398,0.9566232,-1.0,-1.013122406639004,0.013122406639004143,17,2.1,65.12,0.709779179810723,0.010215557480039656,1.658836275637364,base,adaptive disabled,1.25,84.5,90,100,70,80,NEW_YORK,bullish,bullish,FVG,BOS bullish | Vol 2.1x | FVG | ChoCH | Engulfing | BullWick | Session:NEW_YORK | StrongTrend1h | Zone:FVG | MTF 17 | Risk x1.25,BOS+2 | 1h+2 | 4h+2 | Vol+2 | RSI+1 | BTC+2 | FVG+1 | ChoCH+1 | Engulfing+1 | BullWick+1 | Zone:FVG+1 | Sess:NEW_YORK | Strong1h+1 | QualityRisk:1.15 | RelStrengthRisk:1.25,0,1,-1.0,bear,0.25,0,3.2775,0.1111,2.4579,-1,0.0,1.1703,0.1729,0.0,0.0444,1.538,1.0,0.033,1.0,5302,1,2,0.612,0.267,1,1.364,2
XRPUSDT,5302,5304,1776347100,1776349800,LONG,SL,1.424,1.43158856,1.57577112,1.39364578,-0.75,-0.7640738256492838,0.014073825649283698,15,2.31,69.1,0.6923076923076914,0.007710505064206626,1.8106836060396962,base,adaptive disabled,1.0,82.5,90,90,70,80,NEW_YORK,bullish,bullish,FVG,BOS bullish | Vol 2.3x | FVG | ChoCH | BullWick | Session:NEW_YORK | StrongTrend1h | Zone:FVG | MTF 15,BOS+2 | 1h+2 | 4h+2 | Vol+2 | BTC+2 | FVG+1 | ChoCH+1 | BullWick+1 | Zone:FVG+1 | Sess:NEW_YORK | Strong1h+1,0,0,-1.0,range,0.303,3,3.3994,0.0526,2.2368,-1,0.0,1.0542,0.7907,0.0,0.1395,1.699,1.0,0.4634,0.75,5302,0,1,0.952,-1.0,0,1.36,2
BTCUSDT,5328,5379,1776370500,1776417300,LONG,TRAIL,75181.8,75591.5083571,83375.96714195,73542.96657161,0.04881079707831003,0.04590775751441494,0.002903039563895083,14,1.43,67.52,0.6664749121125159,0.0038982212218257404,1.1550071165165567,base,adaptive disabled,1.15,78.5,90,100,50,80,DEAD_ZONE,bullish,bullish,FVG,BOS bullish | Vol 1.4x | FVG | ChoCH | StrongTrend1h | Zone:FVG | MTF 14 | Risk x1.15,BOS+2 | 1h+2 | 4h+2 | Vol+1 | RSI+1 | BTC+2 | FVG+1 | ChoCH+1 | Zone:FVG+1 | Sess:DEAD_ZONE | Strong1h+1 | QualityRisk:1.15,0,0,-1.0,range,0.2056,4,3.0365,0.0526,1.4867,-1,0.0,0.419,1.7505,10.0,0.0115,1.462,1.0,0.2236,0.158203125,5328,1,5,1.485,0.036,1,0.979,3
SUIUSDT,5330,5332,1776372300,1776375000,LONG,TP1,0.9873,0.99379698,1.11723964,0.96131207,0.0,-0.01139721401435205,0.01139721401435205,16,2.06,51.92,0.18067226890756422,0.009828668375975977,1.271698639070669,base,adaptive disabled,1.15,86.7,90,81,90,80,DEAD_ZONE,bullish,bullish,FVG,BOS bullish | Vol 2.1x | FVG | ChoCH | StrongTrend1h | Zone:FVG | MTF 16 | Risk x1.15,BOS+2 | BodyStrong+1 | 1h+2 | 4h+2 | Vol+2 | RSI+1 | BTC+2 | FVG+1 | ChoCH+1 | Zone:FVG+1 | Sess:DEAD_ZONE | Strong1h+1 | QualityRisk:1.15,0,0,-1.0,bull,0.5229,0,2.7751,0.1765,1.3547,-1,0.0,0.0847,1.1698,0.0,-0.0292,1.563,1.0,0.0236,0.75,5330,7,3,1.665,0.278,1,1.315,0
SUIUSDT,5342,5392,1776383100,1776429000,LONG,TP1,1.0004,1.00903424,1.1730847,0.96586306,-0.019544290837576417,-0.028234116861538018,0.008689826023961601,13,1.74,60.86,0.21917808219177976,0.008543351885975228,1.0701900034449876,base,adaptive disabled,1.25,75.7,90,86,50,80,DEAD_ZONE,bullish,bullish,FVG,BOS bullish | Vol 1.7x | FVG | ChoCH | StrongTrend1h | Zone:FVG | MTF 13 | Risk x1.25,BOS+2 | 1h+2 | 4h+2 | Vol+1 | RSI+1 | BTCok+1 | FVG+1 | ChoCH+1 | Zone:FVG+1 | Sess:DEAD_ZONE | Strong1h+1 | QualityRisk:1.15 | RelStrengthRisk:1.25,0,0,-1.0,bull,0.4358,2,1.5473,0.25,0.7497,-1,0.0,0.7702,1.0308,0.568,0.0165,1.558,1.0,0.2105,0.75,5339,2,2,0.312,-1.0,0,0.468,1
BTCUSDT,5373,5376,1776411000,1776414600,LONG,TRAIL,74896.7,75121.3901,79390.502,73997.9396,0.1372358945721273,0.10442339457212728,0.03281250000000003,16,2.73,63.47,0.34377399048058915,0.0018211501794887705,0.8108319287247914,base,adaptive disabled,1.15,80.0,60,100,90,80,LONDON,neutral,bullish,FVG,BOS bullish | Vol 2.7x | FVG | ChoCH | Session:LONDON | Zone:FVG | MTF 16 | Risk x1.15,BOS+2 | BodyStrong+1 | 1hN+1 | 4h+2 | Vol+2 | RSI+1 | BTC+2 | FVG+1 | ChoCH+1 | Zone:FVG+1 | Sess:LONDON | NestedOB_1h+2 | QualityRisk:1.15,0,0,-1.0,bull,0.295,0,3.3376,0.1111,1.8999,-1,0.0,0.0046,1.0535,2.18,0.2113,2.486,1.0,0.358,0.984375,5372,0,1,1.163,1.456,1,0.654,5
BTCUSDT,5383,5393,1776420000,1776429900,LONG,TRAIL,75576.2,75911.48727506,82281.94550111,74235.05089978,0.06295178840380555,0.05106507522263499,0.01188671318117056,17,4.1,64.59,0.3639112386613948,0.007915544775615785,3.7465780670480133,base,adaptive disabled,1.0,86.5,90,80,90,80,LONDON,bullish,bullish,FVG,BOS bullish | Vol 4.1x | FVG | ChoCH | BullWick | Session:LONDON | StrongTrend1h | Zone:FVG | MTF 17,BOS+2 | BodyStrong+1 | 1h+2 | 4h+2 | Vol+2 | RSI+1 | BTC+2 | FVG+1 | ChoCH+1 | BullWick+1 | Zone:FVG+1 | Sess:LONDON | Strong1h+1,0,0,-1.0,bull,0.42,1,4.6794,0.1765,3.6565,-1,0.0,0.402,1.1149,3.172,0.3667,1.377,1.0,0.44,0.52734375,5382,2,5,2.338,1.06,1,0.852,0
ETHUSDT,5384,5390,1776420900,1776427200,LONG,TRAIL,2343.17,2352.59741932,2531.71838648,2305.4603227,0.27950385032862324,0.22979417010285302,0.04970968022577021,14,3.07,60.85,0.2570157426420255,0.008506373872619198,3.03274272515572,base,adaptive disabled,1.0,74.0,60,70,90,80,LONDON,neutral,bullish,FVG,BOS bullish | Vol 3.1x | FVG | ChoCH | Session:LONDON | Zone:FVG | MTF 14,BOS+2 | BodyStrong+1 | 1hN+1 | 4h+2 | Vol+2 | RSI+1 | BTC+2 | FVG+1 | ChoCH+1 | Zone:FVG+1 | Sess:LONDON,0,0,-1.0,bull,0.5647,0,3.3556,0.25,2.4261,-1,0.0,0.2408,1.3535,2.113,0.1874,1.341,1.0,0.3638,2.0,5382,3,4,1.218,0.998,0,0.872,1
LINKUSDT,5384,5390,1776420900,1776427200,LONG,TRAIL,9.501,9.55508335,10.58266699,9.2846666,0.1848997889369035,0.14976513104311548,0.03513465789378803,17,2.12,59.0,0.272030651340999,0.00946293294703956,2.430950747636748,base,adaptive disabled,1.15,86.9,90,82,90,80,LONDON,bullish,bullish,FVG,BOS bullish | Vol 2.1x | FVG | ChoCH | Engulfing | Session:LONDON | StrongTrend1h | Zone:FVG | MTF 17 | Risk x1.15,BOS+2 | BodyStrong+1 | 1h+2 | 4h+2 | Vol+2 | RSI+1 | BTC+2 | FVG+1 | ChoCH+1 | Engulfing+1 | Zone:FVG+1 | Sess:LONDON | Strong1h+1 | QualityRisk:1.15,0,1,-1.0,bear,0.3769,0,2.4527,0.25,1.6657,-1,0.0,0.2404,1.1649,4.176,0.0684,1.007,1.0,0.1625,2.0,5382,3,1,0.243,1.824,0,1.074,1
XRPUSDT,5384,5395,1776420900,1776431700,LONG,TRAIL,1.435,1.453,1.52332098,1.4173358,0.7059162078273797,0.6876377123393306,0.01827849548804926,16,1.83,67.34,0.8095238095238105,0.004624189695848022,1.1105762253632356,base,adaptive disabled,1.15,84.5,90,100,70,80,LONDON,bullish,bullish,FVG,BOS bullish | Vol 1.8x | FVG | ChoCH | Engulfing | Session:LONDON | StrongTrend1h | Zone:FVG | MTF 16 | Risk x1.15,BOS+2 | BodyStrong+1 | 1h+2 | 4h+2 | Vol+1 | RSI+1 | BTC+2 | FVG+1 | ChoCH+1 | Engulfing+1 | Zone:FVG+1 | Sess:LONDON | Strong1h+1 | QualityRisk:1.15,0,1,-1.0,bear,0.6571,0,3.3544,0.25,1.601,-1,0.0,0.2264,2.3333,0.0,0.1335,1.297,1.0,0.4094,0.5625,5379,4,5,1.589,3.707,0,2.119,1
BTCUSDT,5397,5397,1776432600,1776433500,LONG,TP1,76400.0,76846.03595242,85320.71904845,74615.85619031,0.0,-0.003613077580960289,0.003613077580960289,16,2.38,68.56,0.6047975736409157,0.00868799257550066,3.610158250425759,base,adaptive disabled,1.0,86.5,90,80,90,80,NEW_YORK,bullish,bullish,FVG,BOS bullish | Vol 2.4x | FVG | ChoCH | Engulfing | Session:NEW_YORK | StrongTrend1h | Zone:FVG | MTF 16,BOS+2 | BodyStrong+1 | 1h+2 | 4h+2 | Vol+2 | BTC+2 | FVG+1 | ChoCH+1 | Engulfing+1 | Zone:FVG+1 | Sess:NEW_YORK | Strong1h+1,0,0,-1.0,bull,0.2985,0,4.3323,0.0526,2.2851,-1,0.0,0.2211,1.0918,7.957,0.2648,1.415,1.0,0.2963,0.2109375,5397,0,1,0.584,-1.0,0,1.679,2
SOLUSDT,5397,5398,1776432600,1776434400,LONG,TP1,89.33,89.968382,102.09763996,86.77647201,0.0,-0.013118614767954865,0.013118614767954865,15,4.75,66.58,0.7868852459016362,0.011960716479961928,3.005215449282921,base,adaptive disabled,1.15,80.5,90,80,70,80,NEW_YORK,bullish,bullish,FVG,BOS bullish | Vol 4.8x | FVG | ChoCH | Session:NEW_YORK | StrongTrend1h | Zone:FVG | MTF 15 | Risk x1.15,BOS+2 | 1h+2 | 4h+2 | Vol+2 | RSI+1 | BTC+2 | FVG+1 | ChoCH+1 | Zone:FVG+1 | Sess:NEW_YORK | Strong1h+1 | QualityRisk:1.15,0,0,-1.0,range,0.3648,0,4.9295,0.0526,4.7602,-1,0.0,0.1958,1.2845,0.0,-0.0352,2.184,1.0,0.0035,0.9375,5397,0,1,0.15,1.724,0,2.174,2
XRPUSDT,5397,5397,1776432600,1776433500,LONG,TP1,1.467,1.47810672,1.68913447,1.42257311,0.0,-0.009287027518694198,0.009287027518694198,15,2.55,70.64,0.7391304347826086,0.011117904955062706,2.6553263002861054,base,adaptive disabled,1.0,88.5,90,90,90,80,NEW_YORK,bullish,bullish,FVG,BOS bullish | Vol 2.5x | FVG | ChoCH | Session:NEW_YORK | StrongTrend1h | Zone:FVG | MTF 15,BOS+2 | BodyStrong+1 | 1h+2 | 4h+2 | Vol+2 | BTC+2 | FVG+1 | ChoCH+1 | Zone:FVG+1 | Sess:NEW_YORK | Strong1h+1,0,0,-1.0,range,0.234,0,4.1534,0.0526,2.5202,-1,0.0,0.0675,1.7107,0.0,0.1874,1.95,1.0,0.2456,0.703125,5397,0,1,1.424,-1.0,0,1.305,2
SOLUSDT,5398,5398,1776433500,1776434400,LONG,TP1,89.33,89.97689043,102.26780854,86.74243829,0.0,-0.009709551042939175,0.009709551042939175,15,3.79,68.61,0.7999999999999967,0.01282120942354435,3.152949084076848,base,adaptive disabled,1.15,80.5,90,80,70,80,NEW_YORK,bullish,bullish,FVG,BOS bullish | Vol 3.8x | FVG | ChoCH | BullWick | Session:NEW_YORK | StrongTrend1h | Zone:FVG | MTF 15 | Risk x1.15,BOS+2 | 1h+2 | 4h+2 | Vol+2 | BTC+2 | FVG+1 | ChoCH+1 | BullWick+1 | Zone:FVG+1 | Sess:NEW_YORK | Strong1h+1 | QualityRisk:1.15,0,0,-1.0,range,0.3648,1,4.6339,0.1111,4.5509,-1,0.0,0.0502,1.2676,0.0,0.112,2.127,1.0,0.1411,0.703125,5398,1,2,0.546,1.216,0,1.78,0
AVAXUSDT,5539,5542,1776560400,1776564000,SHORT,TRAIL,9.313,9.28208372,8.69467441,9.43666512,0.26381731566669636,0.24687296628184152,0.016944349384854833,15,3.83,29.87,0.6397515527950312,0.0031891524832513615,1.0305361352023281,base,adaptive disabled,1.25,90.5,90,100,90,80,OFF_HOURS,bearish,bearish,FVG,BOS bearish | Vol 3.8x | FVG | ChoCH | StrongTrend1h | Zone:FVG | MTF 15 | Risk x1.25,BOS+2 | BodyStrong+1 | 1h+2 | 4h+2 | Vol+2 | BTC+2 | FVG+1 | ChoCH+1 | Zone:FVG+1 | Sess:OFF_HOURS | Strong1h+1 | QualityRisk:1.15 | TrendPairRisk:1.25,0,1,-1.0,bull,0.3649,0,3.371,0.1111,1.4168,-1,0.0,0.0728,2.5553,0.0,-0.2005,2.645,1.0,-0.4778,0.5625,5537,0,3,1.989,0.91,1,1.146,7
SUIUSDT,5545,5547,1776565800,1776568500,SHORT,TRAIL,0.9514,0.94742843,0.8719687,0.96728626,0.18891222242834604,0.16869994464867977,0.02021227777966629,15,4.12,30.35,0.4954954954954985,0.005982893107819075,1.6977339032418244,base,adaptive disabled,1.15,81.8,65,100,90,80,OFF_HOURS,bearish,neutral,FVG,BOS bearish | Vol 4.1x | FVG | MACD_Div | ChoCH | StrongTrend1h | Zone:FVG | MTF 15 | Risk x1.15,BOS+2 | BodyStrong+1 | 1h+2 | 4hN+1 | Vol+2 | BTC+2 | FVG+1 | MACD_Div+1 | ChoCH+1 | Zone:FVG+1 | Sess:OFF_HOURS | Strong1h+1 | QualityRisk:1.15,0,0,-1.0,bear,0.4537,1,3.94,0.0526,3.995,-1,0.0,0.0,2.2913,3.333,-0.1292,1.618,1.0,-0.1454,0.84375,5545,3,3,1.395,1.003,0,2.545,0
ADAUSDT,5565,5573,1776583800,1776591900,SHORT,TRAIL,0.2458,0.24477358,0.22527152,0.2499057,0.12330418686216169,0.0929960177314411,0.03030816913072058,14,4.99,31.92,0.5081967213114745,0.0054343864504146815,1.4980791987681148,base,adaptive disabled,1.0,81.8,65,100,90,80,LONDON,bearish,neutral,FVG,BOS bearish | Vol 5.0x | FVG | ChoCH | Session:LONDON | StrongTrend1h | Zone:FVG | MTF 14,BOS+2 | BodyStrong+1 | 1h+2 | 4hN+1 | Vol+2 | BTC+2 | FVG+1 | ChoCH+1 | Zone:FVG+1 | Sess:LONDON | Strong1h+1,0,0,-1.0,bear,0.375,3,3.3463,0.0526,5.1884,-1,0.0,0.0487,1.5588,0.0,-0.2392,3.068,1.0,-0.2932,1.265625,5565,0,1,1.266,0.724,1,1.628,2
SOLUSDT,5566,5576,1776584700,1776594600,SHORT,TRAIL,84.83,84.48161789,77.86235783,86.22352843,0.30273871054069484,0.26164859083642744,0.04109011970426744,15,2.12,33.82,0.43209876543210307,0.006138153925061039,2.4011342126880435,base,adaptive disabled,1.15,79.8,65,90,90,80,LONDON,bearish,neutral,FVG,BOS bearish | Vol 2.1x | FVG | ChoCH | Session:LONDON | StrongTrend1h | Zone:FVG | MTF 15 | Risk x1.15,BOS+2 | BodyStrong+1 | 1h+2 | 4hN+1 | Vol+2 | RSI+1 | BTC+2 | FVG+1 | ChoCH+1 | Zone:FVG+1 | Sess:LONDON | Strong1h+1 | QualityRisk:1.15,0,0,-1.0,bear,0.3052,0,3.8636,0.1111,4.1724,-1,0.0,0.1866,1.2917,2.593,-0.0942,1.456,1.0,-0.1053,1.6875,5566,0,2,1.051,0.958,1,1.453,3
SOLUSDT,5568,5587,1776586500,1776604500,SHORT,SL,85.03,83.74,79.11869304,86.21226139,-1.265625,-1.302035253996369,0.03641025399636897,14,5.46,28.11,0.6470588235294139,0.004874473751924413,1.9068055049595665,base,adaptive disabled,1.15,79.8,65,90,90,80,LONDON,bearish,neutral,FVG,BOS bearish | Vol 5.5x | FVG | ChoCH | Session:LONDON | StrongTrend1h | Zone:FVG | MTF 14 | Risk x1.15,BOS+2 | BodyStrong+1 | 1h+2 | 4hN+1 | Vol+2 | BTC+2 | FVG+1 | ChoCH+1 | Zone:FVG+1 | Sess:LONDON | Strong1h+1 | QualityRisk:1.15,0,0,-1.0,bear,0.4351,0,3.6188,0.25,2.6575,-1,0.0,1.0404,0.5039,0.0,-0.12,2.543,1.0,-0.1648,1.265625,5565,0,1,1.697,0.384,1,0.833,0
ETHUSDT,5604,5607,1776618900,1776622500,SHORT,TRAIL,2311.22,2299.25298716,2071.87974319,2359.08805136,0.22273688685001483,0.2082519437553938,0.014484943094621033,16,2.46,32.69,0.720830350751614,0.006488113222626175,2.106152568868605,base,adaptive disabled,1.15,82.5,90,90,70,80,OFF_HOURS,bearish,bearish,FVG,BOS bearish | Vol 2.5x | FVG | LiqSweep | ChoCH | StrongTrend1h | Zone:FVG | MTF 16 | Risk x1.15,BOS+2 | 1h+2 | 4h+2 | Vol+2 | RSI+1 | BTC+2 | FVG+1 | LiqSweep+1 | ChoCH+1 | Zone:FVG+1 | Sess:OFF_HOURS | Strong1h+1 | TrendPairRisk:1.15,0,0,-1.0,bear,0.3185,5,3.6502,0.0526,2.5068,-1,0.0,0.1082,1.9403,0.0,-0.0595,1.439,1.0,-0.316,0.75,5604,0,1,0.679,0.493,1,1.711,4
ETHUSDT,5608,5618,1776622500,1776632400,SHORT,TRAIL,2299.77,2284.74465786,1999.26315716,2359.87136857,0.16962887589145223,0.16101928409160282,0.00860959179984943,13,1.72,30.44,0.5356086013020428,0.006169508281370734,1.6986032965751925,base,adaptive disabled,1.15,78.5,90,100,50,80,OFF_HOURS,bearish,bearish,FVG,BOS bearish | Vol 1.7x | FVG | ChoCH | StrongTrend1h | Zone:FVG | MTF 13 | Risk x1.15,BOS+2 | 1h+2 | 4h+2 | Vol+1 | BTC+2 | FVG+1 | ChoCH+1 | Zone:FVG+1 | Sess:OFF_HOURS | Strong1h+1 | TrendPairRisk:1.15,0,0,-1.0,bear,0.1935,0,3.0376,0.0526,1.7178,-1,0.0,0.0777,1.8928,2.512,-0.051,1.616,1.0,-0.3153,0.5625,5608,0,5,1.53,0.12,1,1.065,2
LINKUSDT,5608,5624,1776622500,1776637800,SHORT,TRAIL,9.141,9.07266274,7.77425481,9.41434904,0.2315034653130666,0.22209825119561438,0.0094052141174522,14,1.33,32.1,0.509433962264154,0.0059746769219447835,1.5268618800691696,base,adaptive disabled,1.15,78.5,90,100,50,80,OFF_HOURS,bearish,bearish,FVG,BOS bearish | Vol 1.3x | FVG | ChoCH | StrongTrend1h | Zone:FVG | MTF 14 | Risk x1.15,BOS+2 | 1h+2 | 4h+2 | Vol+1 | RSI+1 | BTC+2 | FVG+1 | ChoCH+1 | Zone:FVG+1 | Sess:OFF_HOURS | Strong1h+1 | TrendPairRisk:1.15,0,0,-1.0,bear,0.1358,6,3.4499,0.0526,1.3547,-1,0.0,0.2232,2.1511,2.4,-0.0938,1.634,1.0,-0.4309,0.703125,5608,0,2,1.556,0.18,1,0.812,5
AVAXUSDT,5612,5617,1776626100,1776631500,SHORT,TRAIL,9.222,9.17703438,8.32268764,9.40186247,0.24005326411579753,0.22467151160233542,0.01538175251346211,16,1.34,32.14,0.5798319327731143,0.005780172576898924,1.4967435767341777,base,adaptive disabled,1.15,84.5,90,100,70,80,OFF_HOURS,bearish,bearish,FVG,BOS bearish | Vol 1.3x | FVG | LiqSweep | ChoCH | StrongTrend1h | Zone:FVG | MTF 16 | Risk x1.15,BOS+2 | BodyStrong+1 | 1h+2 | 4h+2 | Vol+1 | RSI+1 | BTC+2 | FVG+1 | LiqSweep+1 | ChoCH+1 | Zone:FVG+1 | Sess:OFF_HOURS | Strong1h+1 | TrendPairRisk:1.15,0,0,-1.0,bear,0.4561,0,2.0485,0.3333,0.9177,-1,0.0,0.0222,2.1794,0.0,0.0065,0.965,1.0,-0.2657,0.75,5607,3,2,1.11,0.405,1,0.875,0
AVAXUSDT,5612,5617,1776626100,1776631500,SHORT,TRAIL,9.222,9.17692478,8.32049567,9.40230087,0.2385577781327032,0.2232134262169304,0.01534435191577279,15,1.66,36.22,0.3557692307692297,0.006439838942998416,1.6059565926403223,base,adaptive disabled,1.15,78.5,90,100,50,80,OFF_HOURS,bearish,bearish,FVG,BOS bearish | Vol 1.7x | FVG | LiqSweep | ChoCH | StrongTrend1h | Zone:FVG | MTF 15 | Risk x1.15,BOS+2 | 1h+2 | 4h+2 | Vol+1 | RSI+1 | BTC+2 | FVG+1 | LiqSweep+1 | ChoCH+1 | Zone:FVG+1 | Sess:OFF_HOURS | Strong1h+1 | TrendPairRisk:1.15,0,0,-1.0,bear,0.4561,0,2.0296,0.3333,0.9177,-1,0.0,0.0222,2.1741,1.51,0.045,1.481,1.0,-0.2268,0.75,5608,4,3,0.74,0.761,1,0.867,0
LINKUSDT,5626,5628,1776638700,1776641400,SHORT,TRAIL,9.09,9.04660772,8.22215442,9.26356912,0.27663029765941577,0.2569911475617486,0.019639150097667167,16,6.58,29.09,0.6179775280898816,0.006058807103778659,1.5237081108450017,base,adaptive disabled,1.15,90.5,90,100,90,80,DEAD_ZONE,bearish,bearish,FVG,BOS bearish | Vol 6.6x | FVG | ChoCH | Engulfing | StrongTrend1h | Zone:FVG | MTF 16 | Risk x1.15,BOS+2 | BodyStrong+1 | 1h+2 | 4h+2 | Vol+2 | BTC+2 | FVG+1 | ChoCH+1 | Engulfing+1 | Zone:FVG+1 | Sess:DEAD_ZONE | Strong1h+1 | TrendPairRisk:1.15,0,0,-1.0,range,0.4615,0,3.7047,0.1111,1.8633,-1,0.0,0.023,1.6593,2.821,-0.0465,3.554,1.0,-0.4877,0.9375,5624,0,1,1.275,3.199,0,1.034,3
LINKUSDT,5627,5660,1776639600,1776670200,SHORT,SL,9.051,9.00269585,8.08491701,9.2442166,-0.9375,-0.9550664254520576,0.01756642545205748,16,2.18,37.08,0.3917525773195922,0.005008109066662022,1.2284364371278786,base,adaptive disabled,1.15,84.5,90,100,70,80,DEAD_ZONE,bearish,bearish,FVG,BOS bearish | Vol 2.2x | FVG | ChoCH | BearWick | StrongTrend1h | Zone:FVG | MTF 16 | Risk x1.15,BOS+2 | 1h+2 | 4h+2 | Vol+2 | RSI+1 | BTC+2 | FVG+1 | ChoCH+1 | BearWick+1 | Zone:FVG+1 | Sess:DEAD_ZONE | Strong1h+1 | TrendPairRisk:1.15,0,0,-1.0,range,0.274,0,3.6479,0.1765,2.077,-1,0.0,1.5889,0.6832,0.0,0.0591,2.561,1.0,-0.3071,0.9375,5627,2,4,0.782,3.624,0,0.853,0
XRPUSDT,5653,5653,1776663000,1776663900,SHORT,TP1,1.402,1.397794,1.31788,1.418824,0.0,-0.024999999999999745,0.024999999999999745,15,1.64,39.83,0.30434782608695987,0.00451669880170857,1.2791291007341714,base,adaptive disabled,1.15,77.7,90,96,50,80,OFF_HOURS,bearish,bearish,FVG,BOS bearish | Vol 1.6x | FVG | LiqSweep | ChoCH | StrongTrend1h | Zone:FVG | MTF 15 | Risk x1.15,BOS+2 | 1h+2 | 4h+2 | Vol+1 | RSI+1 | BTC+2 | FVG+1 | LiqSweep+1 | ChoCH+1 | Zone:FVG+1 | Sess:OFF_HOURS | Strong1h+1 | TrendPairRisk:1.15,0,0,-1.0,range,0.3125,2,2.6429,0.0526,1.6746,-1,0.0,0.0,1.6643,0.0,-0.0803,1.611,-1.0,0.1098,0.75,5653,0,1,0.61,1.626,0,1.017,1
SUIUSDT,5692,5715,1776698100,1776719700,SHORT,SL,0.9367,0.93226833,0.84806652,0.9544267,-1.3125,-1.340241627037181,0.027741627037181228,17,1.67,35.96,0.5175879396984905,0.008570779630247575,1.8972032912138768,base,adaptive disabled,1.15,72.0,60,90,70,80,NEW_YORK,neutral,bearish,FVG,BOS bearish | Vol 1.7x | FVG | LiqSweep | MACD_Div | ChoCH | Session:NEW_YORK | Zone:FVG | MTF 17 | Risk x1.15,BOS+2 | BodyStrong+1 | 1hN+1 | 4h+2 | Vol+1 | RSI+1 | BTC+2 | FVG+1 | LiqSweep+1 | MACD_Div+1 | ChoCH+1 | Zone:FVG+1 | Sess:NEW_YORK | NestedOB_1h+2 | QualityRisk:1.15,0,1,-1.0,bull,0.3495,3,3.3057,0.0526,2.0507,-1,0.0,1.0493,0.9026,10.0,0.0268,1.447,1.0,-0.1281,1.3125,5692,0,1,0.906,0.995,0,1.155,2
BTCUSDT,5764,5768,1776762900,1776767400,LONG,TRAIL,76210.2,76448.21894587,80970.57891742,75258.12421652,0.04781522515048542,0.038810009758217134,0.009005215392268279,13,1.58,70.67,0.6813186813186953,0.0030867612585061405,1.3782452532836786,base,adaptive disabled,1.0,78.5,90,100,50,80,LONDON,bullish,bullish,FVG,BOS bullish | Vol 1.6x | FVG | ChoCH | Session:LONDON | StrongTrend1h | Zone:FVG | MTF 13,BOS+2 | 1h+2 | 4h+2 | Vol+1 | BTC+2 | FVG+1 | ChoCH+1 | Zone:FVG+1 | Sess:LONDON | Strong1h+1,0,0,-1.0,bull,0.5258,0,4.532,0.1111,4.3765,-1,0.0,0.0968,1.4024,3.084,0.1475,1.14,1.0,0.4065,0.28125,5762,0,1,0.705,0.673,1,1.304,4
BTCUSDT,5764,5768,1776762900,1776767400,LONG,TRAIL,76210.2,76438.8306,80782.812,75295.6776,0.04559816659240571,0.03622316659240572,0.009374999999999982,14,1.31,70.08,0.5878582658120597,0.004696756583195007,2.06352598449364,base,adaptive disabled,1.0,76.5,90,90,50,80,LONDON,bullish,bullish,FVG,BOS bullish | Vol 1.3x | FVG | ChoCH | BullWick | Session:LONDON | StrongTrend1h | Zone:FVG | MTF 14,BOS+2 | 1h+2 | 4h+2 | Vol+1 | BTC+2 | FVG+1 | ChoCH+1 | BullWick+1 | Zone:FVG+1 | Sess:LONDON | Strong1h+1,0,0,-1.0,bull,0.5258,0,3.986,0.1111,4.3765,-1,0.0,0.1008,1.46,1.292,-0.0684,1.144,1.0,0.4876,0.28125,5764,2,3,0.733,0.479,1,1.147,4
BTCUSDT,5765,5768,1776763800,1776767400,LONG,TRAIL,76210.2,76438.8306,80782.812,75295.6776,0.05883755688683503,0.04633755688683505,0.012499999999999976,15,1.59,57.84,0.27835653782492886,0.005069452409115767,2.1608933155930763,base,adaptive disabled,1.15,81.1,90,83,70,80,LONDON,bullish,bullish,FVG,BOS bullish | Vol 1.6x | FVG | ChoCH | Session:LONDON | StrongTrend1h | Zone:FVG | MTF 15 | Risk x1.15,BOS+2 | BodyStrong+1 | 1h+2 | 4h+2 | Vol+1 | RSI+1 | BTC+2 | FVG+1 | ChoCH+1 | Zone:FVG+1 | Sess:LONDON | Strong1h+1 | QualityRisk:1.15,0,0,-1.0,bull,0.5362,0,3.824,0.1765,3.5558,-1,0.0,0.1008,1.46,0.868,-0.0989,1.038,1.0,0.3635,0.375,5765,3,4,0.251,0.014,1,1.528,0
ADAUSDT,5797,5801,1776792600,1776797100,SHORT,TRAIL,0.2469,0.24565642,0.22202839,0.25187432,0.21032668986948155,0.19078293816070518,0.01954375170877637,17,1.4,32.13,0.6896551724137905,0.0062162008788345215,1.5422394386604634,base,adaptive disabled,1.0,74.0,60,100,70,80,OFF_HOURS,neutral,bearish,FVG,BOS bearish | Vol 1.4x | FVG | ChoCH | Engulfing | BearWick | Zone:FVG | MTF 17,BOS+2 | BodyStrong+1 | 1hN+1 | 4h+2 | Vol+1 | RSI+1 | BTC+2 | FVG+1 | ChoCH+1 | Engulfing+1 | BearWick+1 | Zone:FVG+1 | Sess:OFF_HOURS | NestedOB_1h+2,0,0,-1.0,bear,0.4478,3,4.1591,0.0526,3.3257,-1,0.0,0.1407,2.0907,0.0,-0.1262,1.273,1.0,-0.1216,0.984375,5796,0,1,1.177,1.099,0,1.491,2
ADAUSDT,5797,5805,1776792600,1776800700,SHORT,TP1,0.2458,0.24427025,0.21520493,0.25191901,0.0,-0.011862672638220873,0.011862672638220873,14,3.42,28.56,0.6399999999999956,0.007188085434759229,1.7826451885390957,base,adaptive disabled,1.0,80.0,60,100,90,80,OFF_HOURS,neutral,bearish,FVG,BOS bearish | Vol 3.4x | FVG | ChoCH | Engulfing | Zone:FVG | MTF 14,BOS+2 | BodyStrong+1 | 1hN+1 | 4h+2 | Vol+2 | BTC+2 | FVG+1 | ChoCH+1 | Engulfing+1 | Zone:FVG+1 | Sess:OFF_HOURS,0,0,-1.0,bear,0.2836,3,4.0182,0.0526,3.3257,-1,0.0,0.3269,1.3728,1.455,-0.1219,2.375,1.0,-0.2747,0.73828125,5797,0,2,1.82,0.379,1,1.44,2
SUIUSDT,5797,5805,1776792600,1776800700,SHORT,TP1,0.9366,0.92990572,0.80271432,0.96337714,0.0,-0.01377242864622586,0.01377242864622586,13,2.46,31.06,0.509433962264152,0.00837540668772574,1.782472663482794,base,adaptive disabled,1.15,80.0,60,100,90,80,OFF_HOURS,neutral,bearish,FVG,BOS bearish | Vol 2.5x | FVG | ChoCH | Zone:FVG | MTF 13 | Risk x1.15,BOS+2 | BodyStrong+1 | 1hN+1 | 4h+2 | Vol+2 | BTC+2 | FVG+1 | ChoCH+1 | Zone:FVG+1 | Sess:OFF_HOURS | QualityRisk:1.15,0,0,-1.0,bear,0.3105,3,3.8047,0.0526,2.3829,-1,0.0,0.2726,1.7179,1.378,-0.0985,1.468,1.0,-0.2976,0.984375,5797,0,1,1.497,0.159,1,1.673,2
BTCUSDT,5824,5831,1776816900,1776824100,LONG,TP1,76275.0,76720.72278029,85189.45560577,74492.10887885,0.0,-0.006316976025706782,0.006316976025706782,13,1.4,67.02,0.7340594508736069,0.004001868859035308,1.0536620003615211,base,adaptive disabled,1.15,74.0,60,100,70,80,OFF_HOURS,neutral,bullish,FVG,BOS bullish | Vol 1.4x | FVG | ChoCH | Zone:FVG | MTF 13 | Risk x1.15,BOS+2 | BodyStrong+1 | 1hN+1 | 4h+2 | Vol+1 | RSI+1 | BTC+2 | FVG+1 | ChoCH+1 | Zone:FVG+1 | Sess:OFF_HOURS | QualityRisk:1.15,0,0,-1.0,range,0.1196,7,3.7779,0.0526,1.3899,-1,0.0,0.092,1.3006,0.0,0.1164,1.877,1.0,0.5011,0.369140625,5824,0,2,2.082,0.595,1,0.748,6
LINKUSDT,5836,5845,1776827700,1776836700,LONG,TRAIL,9.475,9.53292463,10.63349252,9.2433015,0.08876365729601106,0.08229415227385944,0.0064695050221516255,14,2.37,70.58,0.528089887640449,0.007419144296173882,1.7904868234956675,base,adaptive disabled,1.0,84.5,90,100,70,80,OFF_HOURS,bullish,bullish,FVG,BOS bullish | Vol 2.4x | FVG | ChoCH | BullWick | StrongTrend1h | Zone:FVG | MTF 14,BOS+2 | 1h+2 | 4h+2 | Vol+2 | BTCok+1 | FVG+1 | ChoCH+1 | BullWick+1 | Zone:FVG+1 | Sess:OFF_HOURS | Strong1h+1,0,0,-1.0,range,0.2083,0,3.5253,0.1765,1.7807,-1,0.0,0.0993,1.3293,1.288,0.4573,1.978,1.0,0.5058,0.3955078125,5834,0,2,2.062,4.173,0,0.695,1
LINKUSDT,5836,5845,1776827700,1776836700,LONG,TRAIL,9.475,9.53268001,10.6286002,9.24427996,0.08914009485261827,0.08264315332393701,0.006496941528681265,14,1.43,70.91,0.5617977528089898,0.005330247589214267,1.299317984721696,base,adaptive disabled,1.0,78.5,90,100,50,80,OFF_HOURS,bullish,bullish,FVG,BOS bullish | Vol 1.4x | FVG | ChoCH | BullWick | StrongTrend1h | Zone:FVG | MTF 14,BOS+2 | 1h+2 | 4h+2 | Vol+1 | BTC+2 | FVG+1 | ChoCH+1 | BullWick+1 | Zone:FVG+1 | Sess:OFF_HOURS | Strong1h+1,0,0,-1.0,range,0.2083,0,3.61,0.1765,1.7807,-1,0.0,0.0997,1.335,1.515,0.4796,2.078,1.0,0.535,0.3955078125,5835,1,3,2.186,4.199,0,0.712,1
LINKUSDT,5836,5845,1776827700,1776836700,LONG,TRAIL,9.475,9.53247072,10.62441447,9.24511711,0.11928628094069947,0.11059214623367536,0.008694134707024124,15,1.77,66.17,0.4183673469387708,0.003754498960354482,0.950902966428555,base,adaptive disabled,1.15,84.5,90,100,70,80,OFF_HOURS,bullish,bullish,FVG,BOS bullish | Vol 1.8x | FVG | ChoCH | StrongTrend1h | Zone:FVG | MTF 15 | Risk x1.15,BOS+2 | BodyStrong+1 | 1h+2 | 4h+2 | Vol+1 | RSI+1 | BTC+2 | FVG+1 | ChoCH+1 | Zone:FVG+1 | Sess:OFF_HOURS | Strong1h+1 | QualityRisk:1.15,0,0,-1.0,range,0.2083,0,3.6858,0.1765,1.7807,-1,0.0,0.1001,1.3398,1.242,0.3849,2.428,1.0,0.4161,0.52734375,5836,2,4,1.78,4.739,0,0.727,1
XRPUSDT,5838,5845,1776829500,1776836700,LONG,TRAIL,1.441,1.44889268,1.59885365,1.40942927,0.4066218399480249,0.39121714388936557,0.015404696058659347,15,1.37,67.66,0.4666666666666667,0.003686585435485938,0.8890815209194677,base,adaptive disabled,1.15,75.8,65,100,70,80,OFF_HOURS,bullish,neutral,FVG,BOS bullish | Vol 1.4x | FVG | ChoCH | BullWick | StrongTrend1h | Zone:FVG | MTF 15 | Risk x1.15,BOS+2 | BodyStrong+1 | 1h+2 | 4hN+1 | Vol+1 | RSI+1 | BTC+2 | FVG+1 | ChoCH+1 | BullWick+1 | Zone:FVG+1 | Sess:OFF_HOURS | Strong1h+1 | QualityRisk:1.15,0,0,-1.0,range,0.2903,0,3.0517,0.1765,1.2536,-1,0.0,0.0317,2.4073,1.0,0.2285,1.526,1.0,0.4485,0.84375,5837,3,4,1.975,0.359,1,0.718,0
AVAXUSDT,5864,5866,1776852900,1776855600,LONG,TRAIL,9.566,9.594698,10.13996,9.451208,0.18533600147799545,0.13533600147799602,0.04999999999999943,15,2.56,58.89,0.2977099236641153,0.004061919884101703,1.1412800192126167,base,adaptive disabled,1.15,86.5,90,95,80,80,LONDON,bullish,bullish,OB,BOS bullish | Vol 2.6x | FVG | OB | ChoCH | Session:LONDON | StrongTrend1h | Zone:OB | MTF 15 | Risk x1.15,BOS+2 | 1h+2 | 4h+2 | Vol+2 | RSI+1 | BTCok+1 | FVG+1 | OB+1 | ChoCH+1 | Zone:OB+1 | Sess:LONDON | Strong1h+1 | QualityRisk:1.15,0,1,-1.0,bear,0.7872,1,3.1151,19.0,0.1556,-1,0.0,0.1481,2.265,5.571,0.0117,1.659,1.0,0.2784,1.5,5863,20,1,0.337,2.189,0,1.066,0
SUIUSDT,5868,5878,1776856500,1776866400,LONG,TP1,0.9701,0.9730103,1.028306,0.9584588,0.0,-0.04921875000000039,0.04921875000000039,13,1.65,71.31,0.6065573770491722,0.004080201378401969,1.1922842998790737,base,adaptive disabled,1.15,75.8,65,100,70,80,OVERLAP,bullish,neutral,FVG,BOS bullish | Vol 1.6x | FVG | ChoCH | Session:OVERLAP | StrongTrend1h | Zone:FVG | MTF 13 | Risk x1.15,BOS+2 | BodyStrong+1 | 1h+2 | 4hN+1 | Vol+1 | BTC+2 | FVG+1 | ChoCH+1 | Zone:FVG+1 | Sess:OVERLAP | Strong1h+1 | QualityRisk:1.15,0,0,-1.0,range,0.4783,4,3.0661,0.0526,1.7467,-1,0.0,0.5584,1.6493,10.0,0.1945,1.204,1.0,0.4241,1.4765625,5868,1,2,1.022,0.613,1,1.372,3
XRPUSDT,5879,5879,1776866400,1776867300,LONG,TP1,1.454,1.458362,1.54124,1.436552,0.0,-0.03333333333333351,0.03333333333333351,17,2.37,64.68,0.36842105263157526,0.0034328138683681363,1.2443950273692688,base,adaptive disabled,1.0,84.5,90,100,70,80,NEW_YORK,bullish,bullish,FVG,BOS bullish | Vol 2.4x | FVG | LiqSweep | ChoCH | BullWick | Session:NEW_YORK | StrongTrend1h | Zone:FVG | MTF 17,BOS+2 | 1h+2 | 4h+2 | Vol+2 | RSI+1 | BTC+2 | FVG+1 | LiqSweep+1 | ChoCH+1 | BullWick+1 | Zone:FVG+1 | Sess:NEW_YORK | Strong1h+1,0,0,-1.0,range,0.4286,2,3.1444,0.0526,2.322,-1,0.0,0.0573,1.834,0.0,0.2715,2.108,1.0,0.3686,1.0,5879,33,1,0.674,0.449,1,1.123,1
XRPUSDT,5881,5886,1776868200,1776873600,LONG,TP1,1.454,1.458362,1.54124,1.436552,0.0,-0.03333333333333351,0.03333333333333351,17,2.12,67.58,0.4,0.004799377143124104,1.7385743702166896,base,adaptive disabled,1.0,84.5,90,100,70,80,NEW_YORK,bullish,bullish,FVG,BOS bullish | Vol 2.1x | FVG | MACD_Div | ChoCH | BullWick | Session:NEW_YORK | StrongTrend1h | Zone:FVG | MTF 17,BOS+2 | 1h+2 | 4h+2 | Vol+2 | RSI+1 | BTC+2 | FVG+1 | MACD_Div+1 | ChoCH+1 | BullWick+1 | Zone:FVG+1 | Sess:NEW_YORK | Strong1h+1,0,0,-1.0,range,0.5,0,3.3492,0.1111,1.4711,-1,0.0,0.2293,1.3755,0.0,0.2893,1.124,1.0,0.4025,1.0,5880,34,2,1.047,1.256,0,1.256,3
BTCUSDT,5983,5989,1776960000,1776966300,LONG,SL,78257.0,78571.48400036,84546.68000716,76999.06399857,-0.4921875,-0.504435219166544,0.012247719166544019,17,1.39,65.77,0.6117684177315136,0.004787051062659187,1.8835609329262133,base,adaptive disabled,1.0,72.0,60,90,70,80,NEW_YORK,neutral,bullish,FVG,BOS bullish | Vol 1.4x | FVG | ChoCH | Engulfing | BullWick | Session:NEW_YORK | Zone:FVG | MTF 17,BOS+2 | BodyStrong+1 | 1hN+1 | 4h+2 | Vol+1 | RSI+1 | BTC+2 | FVG+1 | ChoCH+1 | Engulfing+1 | BullWick+1 | Zone:FVG+1 | Sess:NEW_YORK | NestedOB_1h+2,0,1,-1.0,bear,0.2811,0,3.4559,0.1765,2.7986,-1,0.0,1.0573,0.6773,4.183,0.1238,1.692,1.0,0.3618,0.4921875,5983,1,4,1.723,0.333,1,0.82,2
BTCUSDT,6020,6022,1776993300,1776996000,LONG,TP1,78027.7,78261.7831,82709.362,77091.3676,0.0,-0.01640625000000001,0.01640625000000001,16,2.34,51.48,0.17737961926092513,0.002738781974815283,0.9736050291450687,base,adaptive disabled,1.15,79.2,60,81,100,80,OFF_HOURS,neutral,bullish,OB,BOS bullish | Vol 2.3x | FVG | OB | ChoCH | Engulfing | Zone:OB | MTF 16 | Risk x1.15,BOS+2 | BodyStrong+1 | 1hN+1 | 4h+2 | Vol+2 | RSI+1 | BTC+2 | FVG+1 | OB+1 | ChoCH+1 | Engulfing+1 | Zone:OB+1 | Sess:OFF_HOURS | QualityRisk:1.15,0,0,-1.0,bull,0.5168,0,1.9979,0.1765,1.5253,-1,0.0,0.1303,1.8694,0.0,0.057,1.4,1.0,0.1205,0.4921875,6020,13,3,0.863,0.861,1,1.67,1
ETHUSDT,6032,6034,1777004100,1777006800,SHORT,TRAIL,2310.08,2301.40465823,2136.5731646,2344.78136708,0.1021213369441648,0.08714302214746725,0.01497831479669755,19,4.7,34.37,0.4015078291127071,0.004089741386426347,1.2261351142915144,base,adaptive disabled,1.15,90.5,90,100,90,80,OFF_HOURS,bearish,bearish,FVG,BOS bearish | Vol 4.7x | FVG | ChoCH | Engulfing | StrongTrend1h | Zone:FVG | MTF 19 | Risk x1.15,BOS+2 | BodyStrong+1 | 1h+2 | 4h+2 | Vol+2 | RSI+1 | BTC+2 | FVG+1 | ChoCH+1 | Engulfing+1 | Zone:FVG+1 | Sess:OFF_HOURS | Strong1h+1 | NestedOB_1h+2 | TrendPairRisk:1.15,0,0,-1.0,bear,0.305,0,3.6689,0.1765,2.1648,-1,0.0,0.021,1.3694,2.048,-0.1797,3.412,1.0,-0.471,0.5625,6030,0,1,1.567,0.107,1,0.482,0
SOLUSDT,6038,6052,1777009500,1777023000,SHORT,TRAIL,85.47,85.19473428,79.96468566,86.57106287,0.1941306040044708,0.17666498008419468,0.017465623920276126,15,2.99,37.07,0.6260162601625964,0.0030880141191892397,0.9404105855127649,base,adaptive disabled,1.25,84.5,90,100,70,80,OFF_HOURS,bearish,bearish,FVG,BOS bearish | Vol 3.0x | FVG | ChoCH | StrongTrend1h | Zone:FVG | MTF 15 | Risk x1.25,BOS+2 | 1h+2 | 4h+2 | Vol+2 | RSI+1 | BTC+2 | FVG+1 | ChoCH+1 | Zone:FVG+1 | Sess:OFF_HOURS | Strong1h+1 | QualityRisk:1.15 | TrendPairRisk:1.25,0,0,-1.0,range,0.3145,0,2.3102,0.1765,2.3368,-1,0.0,0.2815,2.216,0.0,-0.0651,2.591,1.0,-0.1464,0.5625,6036,2,2,0.279,0.637,1,1.075,0
SOLUSDT,6038,6052,1777009500,1777023000,SHORT,TRAIL,85.47,85.19439612,79.9579224,86.57241552,0.19389240819105655,0.17644821437201466,0.017444193819041897,14,1.56,37.86,0.514563106796117,0.002814158170241369,0.8890655256365694,base,adaptive disabled,1.25,78.5,90,100,50,80,OFF_HOURS,bearish,bearish,FVG,BOS bearish | Vol 1.6x | FVG | ChoCH | StrongTrend1h | Zone:FVG | MTF 14 | Risk x1.25,BOS+2 | 1h+2 | 4h+2 | Vol+1 | RSI+1 | BTC+2 | FVG+1 | ChoCH+1 | Zone:FVG+1 | Sess:OFF_HOURS | Strong1h+1 | QualityRisk:1.15 | TrendPairRisk:1.25,0,0,-1.0,range,0.3145,0,2.2978,0.1765,2.3368,-1,0.0,0.2812,2.2133,1.71,-0.0342,1.459,1.0,-0.1473,0.5625,6037,3,3,0.198,0.713,1,1.07,0
ETHUSDT,6074,6076,1777041900,1777044600,SHORT,TRAIL,2316.19,2309.24143,2177.2186,2343.98428,0.3169716934563487,0.2836383601230154,0.03333333333333325,19,1.74,39.83,0.6059113300492727,0.004066593436197504,1.6927541970251732,base,adaptive disabled,1.15,84.5,90,100,70,80,NEW_YORK,bearish,bearish,FVG,BOS bearish | Vol 1.7x | FVG | LiqSweep | ChoCH | Engulfing | Session:NEW_YORK | StrongTrend1h | Zone:FVG | MTF 19 | Risk x1.15,BOS+2 | BodyStrong+1 | 1h+2 | 4h+2 | Vol+1 | RSI+1 | BTC+2 | FVG+1 | LiqSweep+1 | ChoCH+1 | Engulfing+1 | Zone:FVG+1 | Sess:NEW_YORK | Strong1h+1 | NestedOB_1h+2 | TrendPairRisk:1.15,0,0,-1.0,range,0.4677,0,3.4419,0.1111,1.6175,-1,0.0,0.0421,2.3285,0.0,0.1403,1.326,-1.0,-0.025,1.0,6072,0,1,0.884,0.67,1,1.57,5
ETHUSDT,6074,6076,1777041900,1777044600,SHORT,TRAIL,2316.19,2309.24143,2177.2186,2343.98428,0.2377287700922615,0.21272877009226154,0.02499999999999994,18,1.92,36.29,0.6196136701337419,0.004793818572085843,1.9954678614893189,base,adaptive disabled,1.15,76.5,90,90,50,80,NEW_YORK,bearish,bearish,FVG,BOS bearish | Vol 1.9x | FVG | LiqSweep | ChoCH | BearWick | Session:NEW_YORK | StrongTrend1h | Zone:FVG | MTF 18 | Risk x1.15,BOS+2 | 1h+2 | 4h+2 | Vol+1 | RSI+1 | BTC+2 | FVG+1 | LiqSweep+1 | ChoCH+1 | BearWick+1 | Zone:FVG+1 | Sess:NEW_YORK | Strong1h+1 | NestedOB_1h+2 | TrendPairRisk:1.15,0,0,-1.0,range,0.4677,0,3.2889,0.1111,1.6175,-1,0.0,0.0421,2.3285,0.0,0.0866,1.219,1.0,-0.0827,0.75,6073,1,2,1.385,0.1,1,1.5,5
XRPUSDT,6080,6177,1777047300,1777135500,LONG,SL,1.441,1.4462794,1.54658797,1.41988241,-0.75,-0.7704710859525163,0.020471085952516344,17,1.91,64.24,0.26315789473683904,0.005087182068115973,1.46510843571911,base,adaptive disabled,1.15,82.7,90,91,70,80,NEW_YORK,bullish,bullish,FVG,BOS bullish | Vol 1.9x | FVG | LiqSweep | ChoCH | Engulfing | Session:NEW_YORK | StrongTrend1h | Zone:FVG | MTF 17 | Risk x1.15,BOS+2 | BodyStrong+1 | 1h+2 | 4h+2 | Vol+1 | RSI+1 | BTC+2 | FVG+1 | LiqSweep+1 | ChoCH+1 | Engulfing+1 | Zone:FVG+1 | Sess:NEW_YORK | Strong1h+1 | RelStrengthRisk:1.15,0,0,-1.0,range,0.3913,0,3.7596,0.0526,1.5471,-1,0.0,1.0418,0.3788,1.429,0.2024,1.948,1.0,0.0853,0.75,6079,0,1,1.471,0.327,1,1.308,3
XRPUSDT,6080,6177,1777047300,1777135500,LONG,SL,1.441,1.44606301,1.54226026,1.42074795,-0.75,-0.7713459871963577,0.02134598719635782,17,1.48,58.77,0.1707317073170745,0.005078173702562898,1.4604827569586192,base,adaptive disabled,1.25,80.5,90,80,70,80,NEW_YORK,bullish,bullish,FVG,BOS bullish | Vol 1.5x | FVG | LiqSweep | ChoCH | Engulfing | Session:NEW_YORK | StrongTrend1h | Zone:FVG | MTF 17 | Risk x1.25,BOS+2 | BodyStrong+1 | 1h+2 | 4h+2 | Vol+1 | RSI+1 | BTC+2 | FVG+1 | LiqSweep+1 | ChoCH+1 | Engulfing+1 | Zone:FVG+1 | Sess:NEW_YORK | Strong1h+1 | QualityRisk:1.15 | RelStrengthRisk:1.25,0,0,-1.0,range,0.3913,0,3.6788,0.0526,1.5471,-1,0.0,1.0863,0.395,7.0,0.1264,1.159,-1.0,-0.079,0.75,6080,1,2,0.8,0.16,1,1.28,3
AVAXUSDT,6138,6174,1777099500,1777132800,LONG,SL,9.463,9.49153373,10.03367464,9.34886507,-0.75,-0.7748731917564591,0.024873191756459054,19,2.03,60.51,0.18857142857143494,0.0035188723586811774,1.5094362931466268,base,adaptive disabled,1.0,86.9,90,82,90,80,OFF_HOURS,bullish,bullish,FVG,BOS bullish | Vol 2.0x | FVG | ChoCH | Engulfing | BullWick | StrongTrend1h | Zone:FVG | MTF 19,BOS+2 | BodyStrong+1 | 1h+2 | 4h+2 | Vol+2 | RSI+1 | BTCok+1 | FVG+1 | ChoCH+1 | Engulfing+1 | BullWick+1 | Zone:FVG+1 | Sess:OFF_HOURS | Strong1h+1 | NestedOB_1h+2,0,0,-1.0,range,0.2586,0,4.123,0.1765,1.7535,-1,0.0,1.2617,0.8762,1.5,0.1919,1.965,-1.0,-0.3738,0.75,6137,0,1,0.533,0.071,1,0.853,0
ADAUSDT,6151,6174,1777111200,1777132800,LONG,SL,0.2531,0.25402418,0.27158361,0.24940328,-0.474609375,-0.4876072361106603,0.012997861110660308,18,2.37,64.43,0.5121951219512182,0.0034234906574444287,1.433301422487341,base,adaptive disabled,1.0,90.5,90,100,90,80,LONDON,bullish,bullish,FVG,BOS bullish | Vol 2.4x | FVG | ChoCH | Engulfing | BullWick | Session:LONDON | StrongTrend1h | Zone:FVG | MTF 18,BOS+2 | BodyStrong+1 | 1h+2 | 4h+2 | Vol+2 | RSI+1 | BTC+2 | FVG+1 | ChoCH+1 | Engulfing+1 | BullWick+1 | Zone:FVG+1 | Sess:LONDON | Strong1h+1,0,0,-1.0,range,0.1667,0,3.0141,0.0526,2.2844,-1,0.0,1.0009,0.7574,10.0,0.1265,2.757,1.0,0.1447,0.474609375,6151,0,5,2.009,4.593,0,0.861,1
BTCUSDT,6156,6228,1777115700,1777181400,LONG,TRAIL,77660.4,77893.3812,82320.024,76728.4752,0.12528354617235377,0.11605503054735372,0.009228515625000065,16,1.59,65.12,0.5256899259591753,0.001531739732454988,1.5835649585899163,base,adaptive disabled,1.0,74.0,60,100,70,80,LONDON,neutral,bullish,FVG,BOS bullish | Vol 1.6x | FVG | ChoCH | Engulfing | Session:LONDON | Zone:FVG | MTF 16,BOS+2 | BodyStrong+1 | 1hN+1 | 4h+2 | Vol+1 | RSI+1 | BTC+2 | FVG+1 | ChoCH+1 | Engulfing+1 | Zone:FVG+1 | Sess:LONDON | NestedOB_1h+2,0,1,-1.0,bear,0.4168,0,2.1917,0.1765,1.3854,-1,0.0,0.6716,2.2075,10.0,-0.0084,1.361,1.0,0.168,0.27685546875,6152,1,6,2.022,7.053,0,0.61,0
ETHUSDT,6176,6178,1777133700,1777136400,SHORT,TRAIL,2310.0,2303.07,2171.4,2337.72,0.10842803030302937,0.06467803030302906,0.043750000000000316,16,3.01,38.87,0.3490759753593286,0.0032534090637899604,3.602364427345575,base,adaptive disabled,1.0,76.0,60,80,90,80,NEW_YORK,neutral,bearish,FVG,BOS bearish | Vol 3.0x | FVG | ChoCH | Session:NEW_YORK | Zone:FVG | MTF 16,BOS+2 | BodyStrong+1 | 1hN+1 | 4h+2 | Vol+2 | RSI+1 | BTC+2 | FVG+1 | ChoCH+1 | Zone:FVG+1 | Sess:NEW_YORK | NestedOB_1h+2,0,1,-1.0,bull,0.5294,0,4.5172,0.1111,5.9145,-1,0.0,0.0227,1.6392,0.0,0.0203,1.834,1.0,-0.2322,1.3125,6176,0,1,1.265,0.996,1,1.642,2
ETHUSDT,6178,6228,1777135500,1777181400,SHORT,SL,2310.0,2303.07,2171.4,2337.72,-1.3125,-1.3562500000000004,0.043750000000000316,15,2.97,36.23,0.5165198237885306,0.0029965613340114648,2.8842586702408437,base,adaptive disabled,1.0,72.0,60,90,70,80,NEW_YORK,neutral,bearish,FVG,BOS bearish | Vol 3.0x | FVG | ChoCH | Session:NEW_YORK | Zone:FVG | MTF 15,BOS+2 | 1hN+1 | 4h+2 | Vol+2 | RSI+1 | BTC+2 | FVG+1 | ChoCH+1 | Zone:FVG+1 | Sess:NEW_YORK | NestedOB_1h+2,0,0,-1.0,range,0.5868,2,4.5104,0.0526,2.9533,-1,0.0,1.0011,0.6306,0.0,0.1994,1.283,1.0,-0.275,1.3125,6178,2,3,1.513,0.461,1,2.313,1
ADAUSDT,6213,6233,1777167000,1777185900,SHORT,SL,0.2487,0.2479539,0.233778,0.2516844,-0.84375,-0.8718750000000003,0.02812500000000028,16,1.54,37.83,0.4000000000000056,0.003083670828500874,1.2920580776558341,base,adaptive disabled,1.0,75.8,65,100,70,80,OFF_HOURS,bearish,neutral,FVG,BOS bearish | Vol 1.5x | FVG | MACD_Div | ChoCH | BearWick | StrongTrend1h | Zone:FVG | MTF 16,BOS+2 | BodyStrong+1 | 1h+2 | 4hN+1 | Vol+1 | RSI+1 | BTC+2 | FVG+1 | MACD_Div+1 | ChoCH+1 | BearWick+1 | Zone:FVG+1 | Sess:OFF_HOURS | Strong1h+1,0,0,-1.0,range,0.2,0,2.911,0.1111,1.597,-1,0.0,1.0722,0.5361,0.0,-0.1506,2.253,1.0,-0.1207,0.84375,6213,31,1,0.685,1.027,1,0.685,2
BTCUSDT,6284,6287,1777230900,1777234500,LONG,TRAIL,77967.2,78201.1016,82645.232,77031.5936,0.06396920756420707,0.05459420756420711,0.009374999999999956,16,4.53,63.7,0.2884306987400067,0.0023561659239455103,2.0230859708181157,base,adaptive disabled,1.0,81.3,90,84,70,80,OFF_HOURS,bullish,bullish,FVG,BOS bullish | Vol 4.5x | FVG | ChoCH | Engulfing | StrongTrend1h | Zone:FVG | MTF 16,BOS+2 | 1h+2 | 4h+2 | Vol+2 | RSI+1 | BTC+2 | FVG+1 | ChoCH+1 | Engulfing+1 | Zone:FVG+1 | Sess:OFF_HOURS | Strong1h+1,0,1,-1.0,bear,0.7193,7,3.5904,0.0526,1.7277,-1,0.0,0.0182,2.1518,0.753,0.1385,1.745,1.0,0.6036,0.28125,6281,15,1,0.665,0.064,1,2.266,6
LINKUSDT,6285,6296,1777231800,1777242600,LONG,TP1,9.478,9.506434,10.04668,9.364264,-0.0989132728423761,-0.14057993950904296,0.04166666666666689,15,2.02,55.34,0.28124999999998485,0.00369000229363982,1.748507586859716,base,adaptive disabled,1.15,83.1,90,93,70,80,DEAD_ZONE,bullish,bullish,FVG,BOS bullish | Vol 2.0x | FVG | ChoCH | StrongTrend1h | Zone:FVG | MTF 15 | Risk x1.15,BOS+2 | 1h+2 | 4h+2 | Vol+2 | RSI+1 | BTC+2 | FVG+1 | ChoCH+1 | Zone:FVG+1 | Sess:DEAD_ZONE | Strong1h+1 | QualityRisk:1.15,0,0,-1.0,range,0.5046,0,3.8103,0.0526,2.1125,-1,0.0,0.633,1.3716,0.0,-0.0049,0.765,1.0,0.0564,1.25,6285,4,1,0.583,0.233,1,2.644,2
ADAUSDT,6308,6311,1777252500,1777256100,LONG,TRAIL,0.2543,0.25558425,0.27998502,0.249163,0.10199875905907582,0.09086044876123667,0.01113831029783914,15,1.89,66.29,0.5555555555555487,0.007216868433810556,2.2742156661067523,base,adaptive disabled,1.0,76.5,90,90,50,80,OFF_HOURS,bullish,bullish,FVG,BOS bullish | Vol 1.9x | FVG | LiqSweep | ChoCH | StrongTrend1h | Zone:FVG | MTF 15,BOS+2 | 1h+2 | 4h+2 | Vol+1 | RSI+1 | BTC+2 | FVG+1 | LiqSweep+1 | ChoCH+1 | Zone:FVG+1 | Sess:OFF_HOURS | Strong1h+1,0,0,-1.0,bull,0.2857,0,4.0457,0.0526,1.8101,-1,0.0,0.1752,1.2459,0.0,-0.0024,1.342,1.0,0.0591,0.5625,6308,0,1,1.143,2.639,0,1.407,2
AVAXUSDT,6308,6311,1777252500,1777256100,LONG,TRAIL,9.501,9.54189521,10.31890414,9.33741917,0.1293378299454028,0.11191341658351917,0.017424413361883648,18,3.52,59.46,0.37894736842105864,0.005795459682010815,2.110884738047015,base,adaptive disabled,1.15,82.5,90,90,70,80,OFF_HOURS,bullish,bullish,FVG,BOS bullish | Vol 3.5x | FVG | LiqSweep | MACD_Div | ChoCH | Engulfing | StrongTrend1h | Zone:FVG | MTF 18 | Risk x1.15,BOS+2 | 1h+2 | 4h+2 | Vol+2 | RSI+1 | BTC+2 | FVG+1 | LiqSweep+1 | MACD_Div+1 | ChoCH+1 | Engulfing+1 | Zone:FVG+1 | Sess:OFF_HOURS | Strong1h+1 | QualityRisk:1.15,0,0,-1.0,range,0.3187,0,3.6634,0.0526,3.4211,-1,0.0,0.1834,1.1737,0.0,-0.1044,2.399,-1.0,-0.118,0.75,6308,0,1,0.354,0.581,1,1.465,2
BTCUSDT,6308,6329,1777252500,1777272300,LONG,SL,79066.0,79474.11139322,87228.22786445,77433.55442711,-0.2109375,-0.21502412552723865,0.004086625527238636,15,1.82,66.19,0.4374807672581764,0.006201840749779928,2.8012365192147914,base,adaptive disabled,1.0,76.5,90,90,50,80,OFF_HOURS,bullish,bullish,FVG,BOS bullish | Vol 1.8x | FVG | ChoCH | Engulfing | StrongTrend1h | Zone:FVG | MTF 15,BOS+2 | 1h+2 | 4h+2 | Vol+1 | RSI+1 | BTC+2 | FVG+1 | ChoCH+1 | Engulfing+1 | Zone:FVG+1 | Sess:OFF_HOURS | Strong1h+1,0,0,-1.0,range,0.246,0,3.4485,0.0526,1.7377,-1,0.0,1.0144,0.6939,8.513,-0.0437,1.431,1.0,0.1962,0.2109375,6308,0,1,0.588,1.045,1,1.271,2
ETHUSDT,6308,6318,1777252500,1777262400,LONG,TRAIL,2385.25,2398.09327271,2642.11545424,2333.87690915,0.13392402167213907,0.11999503690286861,0.013928984769270465,16,3.61,67.39,0.5121391703307072,0.007770626321641814,3.115423414492269,base,adaptive disabled,1.0,80.5,90,80,70,80,OFF_HOURS,bullish,bullish,FVG,BOS bullish | Vol 3.6x | FVG | ChoCH | Engulfing | StrongTrend1h | Zone:FVG | MTF 16,BOS+2 | 1h+2 | 4h+2 | Vol+2 | RSI+1 | BTC+2 | FVG+1 | ChoCH+1 | Engulfing+1 | Zone:FVG+1 | Sess:OFF_HOURS | Strong1h+1,0,0,-1.0,range,0.3179,0,4.2827,0.0526,3.4842,-1,0.0,0.1752,1.1477,0.0,-0.1114,2.144,-1.0,-0.1562,0.75,6308,0,1,0.657,3.305,0,1.684,2
SOLUSDT,6308,6311,1777252500,1777256100,LONG,TRAIL,87.31,87.69841403,95.07828069,85.75634386,0.09589921769675444,0.08641606236999083,0.009483155326763611,16,3.59,65.08,0.5301204819277092,0.0060387811575482965,2.482514177770304,base,adaptive disabled,1.15,82.5,90,90,70,80,OFF_HOURS,bullish,bullish,FVG,BOS bullish | Vol 3.6x | FVG | LiqSweep | ChoCH | StrongTrend1h | Zone:FVG | MTF 16 | Risk x1.15,BOS+2 | 1h+2 | 4h+2 | Vol+2 | RSI+1 | BTC+2 | FVG+1 | LiqSweep+1 | ChoCH+1 | Zone:FVG+1 | Sess:OFF_HOURS | Strong1h+1 | QualityRisk:1.15,0,0,-1.0,bull,0.3023,3,3.7607,0.0526,3.464,-1,0.0,0.0579,1.416,0.0,-0.0565,2.439,1.0,0.1639,0.421875,6308,0,1,0.396,5.288,0,1.47,2
AVAXUSDT,6309,6311,1777253400,1777256100,LONG,TRAIL,9.501,9.54184912,10.31798241,9.33760352,0.12990683085004465,0.11246275861544075,0.017444072234603893,17,1.38,56.45,0.2577319587628915,0.005333778578737282,1.9427262746606089,base,adaptive disabled,1.15,74.5,90,80,50,80,OFF_HOURS,bullish,bullish,FVG,BOS bullish | Vol 1.4x | FVG | LiqSweep | ChoCH | Engulfing | BullWick | StrongTrend1h | Zone:FVG | MTF 17 | Risk x1.15,BOS+2 | 1h+2 | 4h+2 | Vol+1 | RSI+1 | BTC+2 | FVG+1 | LiqSweep+1 | ChoCH+1 | Engulfing+1 | BullWick+1 | Zone:FVG+1 | Sess:OFF_HOURS | Strong1h+1 | QualityRisk:1.15,0,0,-1.0,range,0.3187,0,3.6805,0.1111,2.4022,-1,0.0,0.0796,1.1751,0.0,-0.1154,1.466,-1.0,-0.1948,0.75,6309,1,2,0.025,0.102,1,0.939,0
BTCUSDT,6309,6329,1777253400,1777272300,LONG,SL,79066.0,79475.81772228,87262.35444557,77426.72911089,-0.28125,-0.28667614711155476,0.0054261471115547265,18,1.81,59.53,0.2725233644859781,0.006204108659663882,2.802260884761334,base,adaptive disabled,1.15,80.9,90,82,70,80,OFF_HOURS,bullish,bullish,FVG,BOS bullish | Vol 1.8x | FVG | MACD_Div | ChoCH | Engulfing | BullWick | StrongTrend1h | Zone:FVG | MTF 18 | Risk x1.15,BOS+2 | BodyStrong+1 | 1h+2 | 4h+2 | Vol+1 | RSI+1 | BTC+2 | FVG+1 | MACD_Div+1 | ChoCH+1 | Engulfing+1 | BullWick+1 | Zone:FVG+1 | Sess:OFF_HOURS | Strong1h+1 | QualityRisk:1.15,0,0,-1.0,range,0.246,0,3.3794,0.1111,1.7161,-1,0.0,1.0102,0.691,5.549,-0.0483,1.432,1.0,0.0944,0.28125,6309,1,2,0.1,1.7,0,1.261,0
ETHUSDT,6309,6318,1777253400,1777262400,LONG,TRAIL,2385.25,2398.07214609,2641.69292179,2333.96141564,0.10107191910222618,0.09060796778251388,0.010463951319712308,17,1.57,62.82,0.3822948464715347,0.007154287629542584,2.868319009629086,base,adaptive disabled,1.0,82.5,90,90,70,80,OFF_HOURS,bullish,bullish,FVG,BOS bullish | Vol 1.6x | FVG | ChoCH | Engulfing | BullWick | StrongTrend1h | Zone:FVG | MTF 17,BOS+2 | BodyStrong+1 | 1h+2 | 4h+2 | Vol+1 | RSI+1 | BTC+2 | FVG+1 | ChoCH+1 | Engulfing+1 | BullWick+1 | Zone:FVG+1 | Sess:OFF_HOURS | Strong1h+1,0,0,-1.0,range,0.3179,0,4.3155,0.1111,2.5225,-1,0.0,0.131,1.1496,0.0,-0.1028,1.744,-1.0,-0.2313,0.5625,6309,1,2,0.26,3.733,0,0.901,0
AVAXUSDT,6361,6363,1777300200,1777302900,SHORT,TRAIL,9.304,9.276088,8.74576,9.415648,0.3493121238177137,0.31597879048438005,0.03333333333333367,14,1.49,37.51,0.19047619047619552,0.001912739107347191,0.7272234086210427,base,adaptive disabled,1.15,72.9,90,72,50,80,NEW_YORK,bearish,bearish,FVG,BOS bearish | Vol 1.5x | FVG | ChoCH | Session:NEW_YORK | StrongTrend1h | Zone:FVG | MTF 14 | Risk x1.15,BOS+2 | 1h+2 | 4h+2 | Vol+1 | RSI+1 | BTC+2 | FVG+1 | ChoCH+1 | Zone:FVG+1 | Sess:NEW_YORK | Strong1h+1 | TrendPairRisk:1.15,0,0,-1.0,range,1.0,0,3.6069,0.1765,2.0779,-1,0.0,0.0448,3.4752,0.0,0.0241,1.481,1.0,0.1177,1.0,6358,32,3,0.274,1.415,0,0.731,0
XRPUSDT,6414,6425,1777347900,1777358700,SHORT,TP1,1.393,1.388821,1.30942,1.409716,0.0,-0.01875000000000005,0.01875000000000005,16,1.61,36.8,0.5294117647058855,0.002876326082538161,1.0023996398364563,base,adaptive disabled,1.25,84.5,90,100,70,80,OFF_HOURS,bearish,bearish,FVG,BOS bearish | Vol 1.6x | FVG | LiqSweep | ChoCH | StrongTrend1h | Zone:FVG | MTF 16 | Risk x1.25,BOS+2 | BodyStrong+1 | 1h+2 | 4h+2 | Vol+1 | RSI+1 | BTC+2 | FVG+1 | LiqSweep+1 | ChoCH+1 | Zone:FVG+1 | Sess:OFF_HOURS | Strong1h+1 | QualityRisk:1.15 | TrendPairRisk:1.25,0,0,-1.0,range,0.4,0,3.2558,0.1111,1.0965,-1,0.0,0.2393,1.9143,0.0,-0.2538,1.187,1.0,-0.0744,0.5625,6413,2,3,1.899,1.357,0,0.814,2
ETHUSDT,6429,6446,1777361400,1777377600,SHORT,TRAIL,2278.24,2270.92168372,2131.87367444,2307.51326511,0.10632568619536975,0.08297769281534464,0.0233479933800251,16,1.74,39.01,0.22191365816713043,0.005089974928792081,2.2182380152338643,base,adaptive disabled,1.15,79.7,90,76,70,80,OFF_HOURS,bearish,bearish,FVG,BOS bearish | Vol 1.7x | FVG | ChoCH | Engulfing | StrongTrend1h | Zone:FVG | MTF 16 | Risk x1.15,BOS+2 | BodyStrong+1 | 1h+2 | 4h+2 | Vol+1 | RSI+1 | BTC+2 | FVG+1 | ChoCH+1 | Engulfing+1 | Zone:FVG+1 | Sess:OFF_HOURS | Strong1h+1 | TrendPairRisk:1.15,0,1,-1.0,bull,0.3791,0,3.0766,0.25,2.3568,-1,0.0,0.4352,1.2626,0.716,-0.2107,1.316,1.0,-0.206,0.75,6427,0,1,0.738,1.798,0,1.144,1
SUIUSDT,6429,6446,1777361400,1777377600,SHORT,TRAIL,0.9229,0.9189029,0.842958,0.9388884,0.29624097494523044,0.25078403428825385,0.045456940656976585,15,3.0,34.59,0.3666666666666693,0.00364655498660797,1.2600873343962395,base,adaptive disabled,1.15,80.0,60,100,90,80,LONDON,neutral,bearish,FVG,BOS bearish | Vol 3.0x | FVG | LiqSweep | ChoCH | Session:LONDON | Zone:FVG | MTF 15 | Risk x1.15,BOS+2 | BodyStrong+1 | 1hN+1 | 4h+2 | Vol+2 | RSI+1 | BTC+2 | FVG+1 | LiqSweep+1 | ChoCH+1 | Zone:FVG+1 | Sess:LONDON | QualityRisk:1.15,0,0,-1.0,range,0.2125,2,4.6039,0.0526,3.0536,-1,0.0,0.5629,1.5761,10.0,-0.2066,2.992,1.0,-0.187,1.96875,6429,0,3,1.062,0.03,1,1.003,1
SUIUSDT,6430,6439,1777362300,1777371300,SHORT,TRAIL,0.9267,0.92365312,0.86576246,0.93888751,0.5743585030904563,0.5211327006090638,0.05322580248139254,17,1.8,36.83,0.31555555555555426,0.0056259117616419135,2.007801355457789,base,adaptive disabled,1.15,71.4,60,87,70,80,LONDON,neutral,bearish,FVG,BOS bearish | Vol 1.8x | FVG | LiqSweep | ChoCH | Engulfing | Session:LONDON | Zone:FVG | MTF 17 | Risk x1.15,BOS+2 | BodyStrong+1 | 1hN+1 | 4h+2 | Vol+1 | RSI+1 | BTC+2 | FVG+1 | LiqSweep+1 | ChoCH+1 | Engulfing+1 | Zone:FVG+1 | Sess:LONDON | NestedOB_1h+2 | QualityRisk:1.15,0,0,-1.0,range,0.45,0,4.1919,0.1111,3.5252,-1,0.0,0.4267,2.1005,3.087,-0.29,1.528,1.0,-0.1186,1.75,6428,1,2,0.59,0.059,1,0.886,2
SUIUSDT,6430,6446,1777362300,1777377600,SHORT,TRAIL,0.9229,0.91890984,0.84309672,0.93886066,0.30320445928832346,0.25694572061460935,0.04625873867371412,15,3.01,39.09,0.33877551020408103,0.003758580871825061,1.2944830937355318,base,adaptive disabled,1.15,80.0,60,100,90,80,LONDON,neutral,bearish,FVG,BOS bearish | Vol 3.0x | FVG | LiqSweep | ChoCH | Session:LONDON | Zone:FVG | MTF 15 | Risk x1.15,BOS+2 | BodyStrong+1 | 1hN+1 | 4h+2 | Vol+2 | RSI+1 | BTC+2 | FVG+1 | LiqSweep+1 | ChoCH+1 | Zone:FVG+1 | Sess:LONDON | QualityRisk:1.15,0,0,-1.0,range,0.2125,0,4.2254,0.1111,3.5252,-1,0.0,0.5639,1.5789,0.0,-0.0378,3.374,-1.0,0.0848,2.0,6430,1,4,0.536,0.119,1,0.893,2
ETHUSDT,6447,6450,1777377600,1777381200,SHORT,TRAIL,2278.28,2271.44516,2141.5832,2305.61936,0.1164987037004631,0.05816537036712964,0.058333333333333466,14,1.66,39.04,0.5825688073394694,0.002665412541808453,1.0452920791977152,base,adaptive disabled,1.25,78.5,90,100,50,80,OVERLAP,bearish,bearish,FVG,BOS bearish | Vol 1.7x | FVG | ChoCH | Session:OVERLAP | StrongTrend1h | Zone:FVG | MTF 14 | Risk x1.25,BOS+2 | 1h+2 | 4h+2 | Vol+1 | RSI+1 | BTC+2 | FVG+1 | ChoCH+1 | Zone:FVG+1 | Sess:OVERLAP | Strong1h+1 | QualityRisk:1.15 | TrendPairRisk:1.25,0,0,-1.0,range,0.4253,0,2.9425,19.0,0.7799,-1,0.0,0.0721,1.1456,0.0,0.286,1.685,1.0,-0.0664,1.75,6447,2,1,0.131,1.243,0,0.984,4
LINKUSDT,6447,6451,1777377600,1777382100,SHORT,TP1,9.205,9.177385,8.6527,9.31546,0.0,-0.041666666666666755,0.041666666666666755,15,2.51,34.98,0.58695652173913,0.00253635841475951,1.1153938076455627,base,adaptive disabled,1.25,84.5,90,100,70,80,OVERLAP,bearish,bearish,FVG,BOS bearish | Vol 2.5x | FVG | ChoCH | Session:OVERLAP | StrongTrend1h | Zone:FVG | MTF 15 | Risk x1.25,BOS+2 | 1h+2 | 4h+2 | Vol+2 | RSI+1 | BTC+2 | FVG+1 | ChoCH+1 | Zone:FVG+1 | Sess:OVERLAP | Strong1h+1 | QualityRisk:1.15 | TrendPairRisk:1.25,0,0,-1.0,range,0.2959,0,3.0343,0.0526,2.5145,-1,0.0,0.1901,1.702,0.0,0.2895,2.406,1.0,-0.0047,1.25,6447,1,2,0.453,2.4,0,1.042,4
LINKUSDT,6448,6451,1777378500,1777382100,SHORT,TP1,9.205,9.177385,8.6527,9.31546,0.0,-0.041666666666666755,0.041666666666666755,15,2.55,35.48,0.444444444444428,0.0024645678590903344,1.08382305614023,base,adaptive disabled,1.25,84.5,90,100,70,80,OVERLAP,bearish,bearish,FVG,BOS bearish | Vol 2.5x | FVG | ChoCH | Session:OVERLAP | StrongTrend1h | Zone:FVG | MTF 15 | Risk x1.25,BOS+2 | 1h+2 | 4h+2 | Vol+2 | RSI+1 | BTC+2 | FVG+1 | ChoCH+1 | Zone:FVG+1 | Sess:OVERLAP | Strong1h+1 | QualityRisk:1.15 | TrendPairRisk:1.25,0,0,-1.0,range,0.2959,0,3.0253,0.1111,2.6794,-1,0.0,0.1901,1.702,0.0,0.3355,2.455,-1.0,0.1738,1.25,6448,2,3,0.406,2.438,0,1.039,0
ADAUSDT,6449,6508,1777379400,1777433400,SHORT,SL,0.2461,0.2426,0.231334,0.2490532,-1.3125,-1.3562500000000002,0.043750000000000164,17,2.14,33.93,0.4285714285714172,0.0036721954679639485,1.2926128052478978,base,adaptive disabled,1.15,84.5,90,100,70,80,OVERLAP,bearish,bearish,FVG,BOS bearish | Vol 2.1x | FVG | ChoCH | Engulfing | BearWick | Session:OVERLAP | StrongTrend1h | Zone:FVG | MTF 17 | Risk x1.15,BOS+2 | 1h+2 | 4h+2 | Vol+2 | RSI+1 | BTC+2 | FVG+1 | ChoCH+1 | Engulfing+1 | BearWick+1 | Zone:FVG+1 | Sess:OVERLAP | Strong1h+1 | TrendPairRisk:1.15,0,0,-1.0,range,0.4848,4,2.4716,0.0526,2.1637,-1,0.0,1.0836,0.5714,2.25,-0.0864,1.176,1.0,-0.5607,1.3125,6449,10,1,0.39,0.781,1,1.821,3
LINKUSDT,6449,6451,1777379400,1777382100,SHORT,TP1,9.205,9.177385,8.6527,9.31546,0.0,-0.03125000000000006,0.03125000000000006,16,3.33,33.01,0.45205479452052727,0.0028642031625822784,1.2595674384158455,base,adaptive disabled,1.15,84.5,90,100,70,80,OVERLAP,bearish,bearish,FVG,BOS bearish | Vol 3.3x | FVG | ChoCH | BearWick | Session:OVERLAP | StrongTrend1h | Zone:FVG | MTF 16 | Risk x1.15,BOS+2 | 1h+2 | 4h+2 | Vol+2 | RSI+1 | BTC+2 | FVG+1 | ChoCH+1 | BearWick+1 | Zone:FVG+1 | Sess:OVERLAP | Strong1h+1 | TrendPairRisk:1.15,0,0,-1.0,range,0.2959,1,2.7921,0.1765,3.4144,-1,0.0,0.1901,1.702,10.0,0.0905,2.316,1.0,-0.1007,0.9375,6449,3,4,0.785,1.963,0,1.44,0
ETHUSDT,6450,6452,1777380300,1777383000,SHORT,TRAIL,2278.28,2271.44516,2141.5832,2305.61936,0.7393186965605764,0.6809853632272429,0.058333333333333466,16,1.62,38.28,0.3868349864743087,0.0029266264981078157,1.1477320862183034,base,adaptive disabled,1.25,84.5,90,100,70,80,OVERLAP,bearish,bearish,FVG,BOS bearish | Vol 1.6x | FVG | ChoCH | BearWick | Session:OVERLAP | StrongTrend1h | Zone:FVG | MTF 16 | Risk x1.25,BOS+2 | BodyStrong+1 | 1h+2 | 4h+2 | Vol+1 | RSI+1 | BTC+2 | FVG+1 | ChoCH+1 | BearWick+1 | Zone:FVG+1 | Sess:OVERLAP | Strong1h+1 | QualityRisk:1.15 | TrendPairRisk:1.25,0,0,-1.0,range,0.4222,0,1.8546,0.25,1.5248,-1,0.0,0.0256,3.2159,0.0,0.1989,1.189,1.0,-0.1201,1.75,6449,4,3,0.417,0.918,1,1.167,1
SOLUSDT,6459,6508,1777388400,1777433400,SHORT,SL,83.42,83.16974,78.4148,84.42104,-0.75,-0.7749999999999999,0.02499999999999992,19,1.54,38.78,0.13829787234042104,0.004528592590090649,1.652739400055023,base,adaptive disabled,1.25,76.7,90,76,60,80,NEW_YORK,bearish,bearish,OB,BOS bearish | Vol 1.5x | FVG | OB | LiqSweep | ChoCH | Session:NEW_YORK | StrongTrend1h | Zone:OB | 💎PREMIUM | MTF 19 | Risk x1.25,BOS+2 | 1h+2 | 4h+2 | Vol+1 | RSI+1 | BTC+2 | FVG+1 | OB+1 | LiqSweep+1 | ChoCH+1 | Zone:OB+1 | Sess:NEW_YORK | Strong1h+1 | 💎Premium+3 | QualityRisk:1.15 | TrendPairRisk:1.25,1,0,-1.0,range,0.4906,0,3.4231,0.1765,1.9061,-1,0.0,1.1888,0.999,0.867,0.0829,1.324,1.0,-0.2034,0.75,6458,4,1,0.065,-1.0,0,1.195,0
SUIUSDT,6553,6556,1777473000,1777476600,SHORT,TRAIL,0.9192,0.91372888,0.80977759,0.94108448,1.0875286961353487,1.0581270379739485,0.02940165816140025,14,1.58,35.34,0.4883720930232546,0.006536997574956794,2.1756528716985293,base,adaptive disabled,1.15,72.0,60,90,70,80,NEW_YORK,neutral,bearish,FVG,BOS bearish | Vol 1.6x | FVG | ChoCH | Engulfing | Session:NEW_YORK | Zone:FVG | MTF 14 | Risk x1.15,BOS+2 | BodyStrong+1 | 1hN+1 | 4h+2 | Vol+1 | RSI+1 | BTC+2 | FVG+1 | ChoCH+1 | Engulfing+1 | Zone:FVG+1 | Sess:NEW_YORK | QualityRisk:1.15,0,0,-1.0,range,0.284,0,2.836,0.1765,0.9048,-1,0.0,0.0503,2.9427,0.0,0.0568,0.889,-1.0,0.1075,1.75,6551,1,1,0.427,0.226,1,1.029,1
SOLUSDT,6559,6563,1777478400,1777482900,SHORT,TRAIL,83.47,82.90766899,72.22337983,85.71932403,0.1367077379242678,0.12557505998813245,0.011132677936135343,15,1.97,32.51,0.3456221198156702,0.004886404812383242,1.949210148256273,base,adaptive disabled,1.25,76.5,90,90,50,80,NEW_YORK,bearish,bearish,FVG,BOS bearish | Vol 2.0x | FVG | ChoCH | Engulfing | Session:NEW_YORK | StrongTrend1h | Zone:FVG | MTF 15 | Risk x1.25,BOS+2 | 1h+2 | 4h+2 | Vol+1 | RSI+1 | BTC+2 | FVG+1 | ChoCH+1 | Engulfing+1 | Zone:FVG+1 | Sess:NEW_YORK | Strong1h+1 | QualityRisk:1.15 | TrendPairRisk:1.25,0,0,-1.0,range,0.2589,0,3.1489,0.0526,1.9358,-1,0.0,0.0533,1.067,0.652,-0.0477,2.15,1.0,-0.2864,0.75,6559,2,3,1.031,0.859,1,0.916,1
ADAUSDT,6560,6567,1777479300,1777486500,SHORT,TP1,0.2442,0.24206325,0.201465,0.252747,0.0,-0.006428571428571429,0.006428571428571429,13,1.42,28.36,0.4426229508196653,0.00615264322009616,1.7206892212371636,base,adaptive disabled,1.15,75.0,80,100,50,80,NEW_YORK,bearish,bearish,FVG,BOS bearish | Vol 1.4x | FVG | ChoCH | BearWick | Session:NEW_YORK | Zone:FVG | MTF 13 | Risk x1.15,BOS+2 | 1h+2 | 4h+2 | Vol+1 | BTC+2 | FVG+1 | ChoCH+1 | BearWick+1 | Zone:FVG+1 | Sess:NEW_YORK | TrendPairRisk:1.15,0,0,-1.0,range,0.1354,0,3.3621,0.1111,1.8803,-1,0.0,0.1053,2.9484,0.5,-0.2002,1.537,1.0,-0.5118,0.5625,6560,1,5,1.765,1.261,1,0.925,2
SUIUSDT,6560,6567,1777479300,1777486500,SHORT,TP1,0.9033,0.89539612,0.7452225,0.9349155,0.0,-0.008571428571428567,0.008571428571428567,15,1.42,29.0,0.3809523809523778,0.00705990072537013,2.200335726309019,base,adaptive disabled,1.25,82.5,90,90,70,80,NEW_YORK,bearish,bearish,FVG,BOS bearish | Vol 1.4x | FVG | ChoCH | Engulfing | Session:NEW_YORK | StrongTrend1h | Zone:FVG | MTF 15 | Risk x1.25,BOS+2 | BodyStrong+1 | 1h+2 | 4h+2 | Vol+1 | BTC+2 | FVG+1 | ChoCH+1 | Engulfing+1 | Zone:FVG+1 | Sess:NEW_YORK | Strong1h+1 | QualityRisk:1.15 | TrendPairRisk:1.25,0,0,-1.0,bear,0.1608,0,4.162,0.1111,1.9292,-1,0.0,0.2088,2.872,0.889,-0.12,1.618,1.0,-0.3587,0.75,6560,1,4,1.821,-1.0,0,0.88,2
AVAXUSDT,6613,6743,1777527000,1777644900,SHORT,SL,9.093,8.902,8.25135441,9.26132912,-0.75,-0.7662057521598165,0.01620575215981651,15,1.34,39.23,0.25123152709359975,0.005064786468604142,1.5016274978531918,base,adaptive disabled,1.15,82.5,90,90,70,80,OFF_HOURS,bearish,bearish,FVG,BOS bearish | Vol 1.3x | FVG | ChoCH | StrongTrend1h | Zone:FVG | MTF 15 | Risk x1.15,BOS+2 | BodyStrong+1 | 1h+2 | 4h+2 | Vol+1 | RSI+1 | BTC+2 | FVG+1 | ChoCH+1 | Zone:FVG+1 | Sess:OFF_HOURS | Strong1h+1 | TrendPairRisk:1.15,0,0,-1.0,bear,0.2919,1,3.2414,0.0526,1.3068,-1,0.0,1.0456,0.1832,3.188,-0.1828,0.695,1.0,-0.0799,0.75,6613,2,3,0.536,0.08,1,1.929,0
SUIUSDT,6613,6742,1777527000,1777644000,SHORT,SL,0.9033,0.8806,0.80877781,0.92220444,-0.421875,-0.429938284339552,0.008063284339551969,15,1.56,37.42,0.47787610619468773,0.004289742397296921,1.1095725122005529,base,adaptive disabled,1.25,84.5,90,100,70,80,OFF_HOURS,bearish,bearish,FVG,BOS bearish | Vol 1.6x | FVG | ChoCH | StrongTrend1h | Zone:FVG | MTF 15 | Risk x1.25,BOS+2 | BodyStrong+1 | 1h+2 | 4h+2 | Vol+1 | RSI+1 | BTC+2 | FVG+1 | ChoCH+1 | Zone:FVG+1 | Sess:OFF_HOURS | Strong1h+1 | QualityRisk:1.15 | TrendPairRisk:1.25,0,0,-1.0,range,0.2624,1,3.3713,0.0526,1.5137,-1,0.0,1.2325,0.163,0.0,-0.1366,0.974,1.0,-0.1218,0.421875,6613,2,3,1.373,4.77,1,1.598,0
AVAXUSDT,6772,6869,1777670100,1777758300,SHORT,SL,9.088,9.04909827,8.30996541,9.24360692,-1.3125,-1.343161875448727,0.030661875448726766,13,2.48,31.41,0.6666666666666874,0.003484980657883451,1.132618713824549,base,adaptive disabled,1.15,80.0,60,100,90,80,DEAD_ZONE,neutral,bearish,FVG,BOS bearish | Vol 2.5x | FVG | ChoCH | Zone:FVG | MTF 13 | Risk x1.15,BOS+2 | BodyStrong+1 | 1hN+1 | 4h+2 | Vol+2 | BTC+2 | FVG+1 | ChoCH+1 | Zone:FVG+1 | Sess:DEAD_ZONE | QualityRisk:1.15,0,0,-1.0,range,0.2615,0,3.5306,0.1111,3.283,-1,0.0,1.0282,0.874,4.222,0.1169,4.165,1.0,-0.2437,1.3125,6772,0,3,1.468,0.454,1,0.594,7
AVAXUSDT,6806,6869,1777700700,1777758300,SHORT,SL,9.087,8.902,8.54178,9.196044,-0.5625,-0.5812499999999998,0.018749999999999864,15,1.94,35.91,0.34000000000002023,0.0020565222326479776,1.040257496025821,base,adaptive disabled,1.25,84.5,90,100,70,80,OFF_HOURS,bearish,bearish,FVG,BOS bearish | Vol 1.9x | FVG | ChoCH | StrongTrend1h | Zone:FVG | MTF 15 | Risk x1.25,BOS+2 | BodyStrong+1 | 1h+2 | 4h+2 | Vol+1 | RSI+1 | BTC+2 | FVG+1 | ChoCH+1 | Zone:FVG+1 | Sess:OFF_HOURS | Strong1h+1 | QualityRisk:1.15 | TrendPairRisk:1.25,0,1,-1.0,bull,0.3671,0,2.2472,0.1111,0.8878,-1,0.0,1.4765,0.1135,0.0,-0.13,1.488,1.0,-0.1395,0.5625,6804,1,2,1.307,0.209,1,0.679,0
AVAXUSDT,6806,6869,1777700700,1777758300,SHORT,SL,9.087,8.902,8.54178,9.196044,-0.75,-0.7749999999999997,0.024999999999999818,15,1.33,39.06,0.33999999999999647,0.0019840063893864814,1.0055605716983658,base,adaptive disabled,1.25,84.5,90,100,70,80,OFF_HOURS,bearish,bearish,FVG,BOS bearish | Vol 1.3x | FVG | ChoCH | StrongTrend1h | Zone:FVG | MTF 15 | Risk x1.25,BOS+2 | BodyStrong+1 | 1h+2 | 4h+2 | Vol+1 | RSI+1 | BTC+2 | FVG+1 | ChoCH+1 | Zone:FVG+1 | Sess:OFF_HOURS | Strong1h+1 | QualityRisk:1.15 | TrendPairRisk:1.25,0,1,-1.0,bull,0.3671,0,2.2824,0.1111,0.8878,-1,0.0,1.4765,0.1135,0.0,-0.0452,1.674,1.0,-0.0199,0.75,6805,2,3,1.009,0.531,1,0.69,0
LINKUSDT,6810,6816,1777704300,1777710600,SHORT,TRAIL,9.098,9.070706,8.898,9.207176,0.18032809408661976,0.14907809408661968,0.03125000000000008,15,1.59,39.87,0.3333333333333461,0.0018724576835069332,1.0024257281048592,base,adaptive disabled,1.25,78.5,90,100,50,80,OFF_HOURS,bearish,bearish,FVG,BOS bearish | Vol 1.6x | FVG | ChoCH | Engulfing | StrongTrend1h | Zone:FVG | MTF 15 | Risk x1.25,BOS+2 | 1h+2 | 4h+2 | Vol+1 | RSI+1 | BTC+2 | FVG+1 | ChoCH+1 | Engulfing+1 | Zone:FVG+1 | Sess:OFF_HOURS | Strong1h+1 | QualityRisk:1.15 | TrendPairRisk:1.25,0,1,-1.0,bull,0.5522,0,1.557,0.4286,1.0542,-1,0.0,0.0916,1.1724,0.0,0.0491,1.429,0.0,0.0281,0.9375,6805,4,2,0.667,0.111,1,0.779,1
ADAUSDT,6827,6839,1777719600,1777731300,LONG,TRAIL,0.2481,0.2488443,0.262986,0.2451228,0.2975740628778818,0.24835531287788157,0.04921875000000025,15,2.07,63.88,0.733333333333353,0.002416218126128234,1.1974777037923954,base,adaptive disabled,1.15,80.0,60,100,90,80,LONDON,neutral,bullish,FVG,BOS bullish | Vol 2.1x | FVG | ChoCH | Engulfing | Session:LONDON | Zone:FVG | MTF 15 | Risk x1.15,BOS+2 | BodyStrong+1 | 1hN+1 | 4h+2 | Vol+2 | RSI+1 | BTC+2 | FVG+1 | ChoCH+1 | Engulfing+1 | Zone:FVG+1 | Sess:LONDON | QualityRisk:1.15,0,0,-1.0,range,0.381,0,1.868,0.1765,0.9233,-1,0.0,0.2351,1.2092,0.0,-0.0402,1.248,1.0,0.069,1.4765625,6822,1,2,1.66,0.415,1,0.415,0
ETHUSDT,6837,6870,1777728600,1777759200,LONG,TRAIL,2306.15,2313.06845,2444.519,2278.4762,0.5853912364763753,0.5603912364763752,0.024999999999999974,16,1.63,58.28,0.2031686859272824,0.0021158863135143295,1.6967712576365024,base,adaptive disabled,1.15,81.3,90,84,70,80,NEW_YORK,bullish,bullish,FVG,BOS bullish | Vol 1.6x | FVG | ChoCH | Engulfing | Session:NEW_YORK | StrongTrend1h | Zone:FVG | MTF 16 | Risk x1.15,BOS+2 | BodyStrong+1 | 1h+2 | 4h+2 | Vol+1 | RSI+1 | BTC+2 | FVG+1 | ChoCH+1 | Engulfing+1 | Zone:FVG+1 | Sess:NEW_YORK | Strong1h+1 | QualityRisk:1.15,0,0,-1.0,range,0.4461,0,3.7319,0.1111,4.2595,-1,0.0,0.1471,5.4073,7.267,0.1377,1.567,1.0,0.0674,0.75,6837,0,4,0.769,0.084,1,1.037,1
ADAUSDT,6844,6848,1777734900,1777739400,LONG,TRAIL,0.2492,0.2499476,0.264152,0.2462096,0.3140303711864388,0.2812178711864389,0.03281249999999996,14,2.66,66.84,0.5714285714285672,0.0018726066843031371,0.9288129157888766,base,adaptive disabled,1.15,74.0,60,100,70,80,NEW_YORK,neutral,bullish,FVG,BOS bullish | Vol 2.7x | FVG | ChoCH | BullWick | Session:NEW_YORK | Zone:FVG | MTF 14 | Risk x1.15,BOS+2 | 1hN+1 | 4h+2 | Vol+2 | RSI+1 | BTC+2 | FVG+1 | ChoCH+1 | BullWick+1 | Zone:FVG+1 | Sess:NEW_YORK | QualityRisk:1.15,0,0,-1.0,range,0.3077,0,3.6583,0.1111,1.4954,-1,0.0,0.0,2.0064,0.0,0.0722,4.366,1.0,0.0841,0.984375,6842,0,3,2.032,1.829,0,0.813,6
BTCUSDT,6871,6961,1777759200,1777841100,LONG,TRAIL,78684.8,78920.8544,83405.888,77740.5824,0.024516671014842208,0.020561592889842224,0.003955078124999985,15,1.82,68.2,0.48351648351649834,0.004128922843328247,4.048821740167684,base,adaptive disabled,1.0,80.5,90,80,70,80,DEAD_ZONE,bullish,bullish,FVG,BOS bullish | Vol 1.8x | FVG | ChoCH | Engulfing | StrongTrend1h | Zone:FVG | MTF 15,BOS+2 | BodyStrong+1 | 1h+2 | 4h+2 | Vol+1 | BTC+2 | FVG+1 | ChoCH+1 | Engulfing+1 | Zone:FVG+1 | Sess:DEAD_ZONE | Strong1h+1,0,0,-1.0,range,0.5387,0,6.5569,0.1111,15.9824,-1,0.0,0.7129,2.4655,10.0,-0.1925,1.193,1.0,0.4827,0.11865234375,6871,0,1,1.715,1.554,1,1.53,2
SUIUSDT,6871,6884,1777759200,1777771800,LONG,SL,0.9287,0.9314861,0.984422,0.9175556,-0.5625,-0.58125,0.018750000000000093,15,1.41,64.62,0.4047619047618963,0.003767263707558074,1.9359549610377216,base,adaptive disabled,1.15,76.5,90,90,50,80,DEAD_ZONE,bullish,bullish,FVG,BOS bullish | Vol 1.4x | FVG | ChoCH | Engulfing | StrongTrend1h | Zone:FVG | MTF 15 | Risk x1.15,BOS+2 | 1h+2 | 4h+2 | Vol+1 | RSI+1 | BTC+2 | FVG+1 | ChoCH+1 | Engulfing+1 | Zone:FVG+1 | Sess:DEAD_ZONE | Strong1h+1 | QualityRisk:1.15,0,0,-1.0,bull,0.3636,0,3.644,0.1111,5.4809,-1,0.0,1.0768,0.4666,0.0,-0.1997,1.175,1.0,0.1024,0.5625,6871,0,1,0.6,3.875,0,1.199,2
BTCUSDT,6872,6961,1777760100,1777841100,LONG,TRAIL,78684.8,78920.8544,83405.888,77740.5824,0.03268889468645628,0.0274154571864563,0.00527343749999998,15,1.49,70.12,0.48852236014284506,0.004496510858838578,4.409278548177115,base,adaptive disabled,1.0,74.5,90,80,50,80,DEAD_ZONE,bullish,bullish,FVG,BOS bullish | Vol 1.5x | FVG | ChoCH | Engulfing | BullWick | StrongTrend1h | Zone:FVG | MTF 15,BOS+2 | 1h+2 | 4h+2 | Vol+1 | BTC+2 | FVG+1 | ChoCH+1 | Engulfing+1 | BullWick+1 | Zone:FVG+1 | Sess:DEAD_ZONE | Strong1h+1,0,0,-1.0,range,0.5387,1,6.4188,0.1765,12.0509,-1,0.0,0.7129,2.4655,4.56,-0.1344,1.17,1.0,0.5539,0.158203125,6872,1,2,2.049,1.151,1,1.274,0
LINKUSDT,6907,6977,1777791600,1777855500,SHORT,TRAIL,9.117,9.089649,8.56998,9.226404,0.13710650433256616,0.10585650433256602,0.03125000000000012,16,2.09,34.6,0.2957746478873437,0.001689394657931496,1.0318822570757815,base,adaptive disabled,1.25,83.5,90,95,70,80,OFF_HOURS,bearish,bearish,FVG,BOS bearish | Vol 2.1x | FVG | ChoCH | Engulfing | BearWick | StrongTrend1h | Zone:FVG | MTF 16 | Risk x1.25,BOS+2 | 1h+2 | 4h+2 | Vol+2 | RSI+1 | BTCok+1 | FVG+1 | ChoCH+1 | Engulfing+1 | BearWick+1 | Zone:FVG+1 | Sess:OFF_HOURS | Strong1h+1 | QualityRisk:1.15 | TrendPairRisk:1.25,0,0,-1.0,range,1.0,0,2.3126,0.1765,1.1407,-1,0.0,0.9597,1.3162,1.167,-0.2093,3.613,1.0,-0.2569,0.9375,6905,20,1,0.257,0.45,1,1.606,0
ETHUSDT,6913,6918,1777797000,1777802400,LONG,TRAIL,2306.63,2313.54989,2445.0278,2278.95044,0.4073177102526044,0.3635677102526045,0.04374999999999994,15,1.46,60.84,0.4725060827250584,0.0025735884244095764,1.590788967465645,base,adaptive disabled,1.0,74.0,60,100,70,80,LONDON,neutral,bullish,FVG,BOS bullish | Vol 1.5x | FVG | ChoCH | Engulfing | Discount | Session:LONDON | Zone:FVG | MTF 15,BOS+2 | BodyStrong+1 | 1hN+1 | 4h+2 | Vol+1 | RSI+1 | BTC+2 | FVG+1 | ChoCH+1 | Engulfing+1 | Discount+1 | Zone:FVG+1 | Sess:LONDON,0,0,-1.0,range,0.4026,0,2.5625,0.25,1.1054,-1,0.0,0.0134,2.1763,5.193,-0.0157,1.089,1.0,0.2547,1.3125,6909,0,1,1.516,0.69,1,0.743,1
ETHUSDT,6913,6918,1777797000,1777802400,LONG,TRAIL,2306.63,2313.54989,2445.0278,2278.95044,0.4073177102526044,0.3635677102526045,0.04374999999999994,13,1.95,59.44,0.349462365591391,0.0024417550032110754,1.503559608902388,base,adaptive disabled,1.15,68.0,60,100,50,80,LONDON,neutral,bullish,FVG,BOS bullish | Vol 1.9x | FVG | ChoCH | Discount | Session:LONDON | Zone:FVG | MTF 13 | Risk x1.15,BOS+2 | 1hN+1 | 4h+2 | Vol+1 | RSI+1 | BTC+2 | FVG+1 | ChoCH+1 | Discount+1 | Zone:FVG+1 | Sess:LONDON | QualityRisk:1.15,0,0,-1.0,range,0.4026,0,2.5598,0.25,1.1054,-1,0.0,0.0134,2.1763,1.917,-0.097,1.92,1.0,0.0981,1.3125,6910,1,2,1.357,0.847,1,0.742,1
ETHUSDT,6919,6925,1777802400,1777808700,LONG,TP1,2313.9,2320.8417,2452.734,2286.1332,0.0,-0.0583333333333336,0.0583333333333336,13,1.41,65.78,0.30990041007614366,0.0028621080501767624,1.6270342237241862,base,adaptive disabled,1.0,67.4,60,97,50,80,LONDON,neutral,bullish,FVG,BOS bullish | Vol 1.4x | FVG | ChoCH | BullWick | Session:LONDON | Zone:FVG | MTF 13,BOS+2 | 1hN+1 | 4h+2 | Vol+1 | RSI+1 | BTC+2 | FVG+1 | ChoCH+1 | BullWick+1 | Zone:FVG+1 | Sess:LONDON,0,0,-1.0,bull,0.3359,4,3.6793,0.1111,3.134,-1,0.0,0.1707,1.3397,0.545,-0.1181,2.084,1.0,0.4602,1.75,6919,0,1,0.441,2.289,0,0.677,3
BTCUSDT,6932,6961,1777814100,1777841100,LONG,TRAIL,78619.9,78855.7597,83337.094,77676.4612,0.18085433840541856,0.1589793384054183,0.021875000000000255,14,3.29,64.24,0.2735671514114664,0.002186303395300362,1.7282706211271999,base,adaptive disabled,1.0,72.4,60,92,70,80,OVERLAP,neutral,bullish,FVG,BOS bullish | Vol 3.3x | FVG | ChoCH | Engulfing | Session:OVERLAP | Zone:FVG | MTF 14,BOS+2 | 1hN+1 | 4h+2 | Vol+2 | RSI+1 | BTC+2 | FVG+1 | ChoCH+1 | Engulfing+1 | Zone:FVG+1 | Sess:OVERLAP,0,0,-1.0,bull,0.4327,0,2.1315,0.3333,1.275,-1,0.0,0.1016,2.7427,0.741,-0.1164,1.768,1.0,0.2865,0.65625,6927,0,1,0.398,2.338,0,0.558,0
BTCUSDT,6932,6961,1777814100,1777841100,LONG,TRAIL,78619.9,78855.7597,83337.094,77676.4612,0.1780284893678339,0.15649528624283365,0.02153320312500025,14,2.21,71.49,0.4391017173051719,0.003057308759511376,2.41679947995161,base,adaptive disabled,1.0,78.0,60,90,90,80,OVERLAP,neutral,bullish,FVG,BOS bullish | Vol 2.2x | FVG | ChoCH | Engulfing | Session:OVERLAP | Zone:FVG | MTF 14,BOS+2 | BodyStrong+1 | 1hN+1 | 4h+2 | Vol+2 | BTC+2 | FVG+1 | ChoCH+1 | Engulfing+1 | Zone:FVG+1 | Sess:OVERLAP,0,0,-1.0,bull,0.4327,0,1.9728,0.3333,1.275,-1,0.0,0.1016,2.7427,1.897,-0.0285,1.125,1.0,0.2995,0.64599609375,6928,1,2,1.93,0.602,1,0.516,0
BTCUSDT,6962,6967,1777841100,1777846500,LONG,TP1,78865.3,79101.8959,83597.218,77918.9164,0.0,-0.009374999999999991,0.009374999999999991,16,7.48,67.0,0.5095502156500604,0.0033010356626628954,2.554116354633912,base,adaptive disabled,1.0,82.5,90,90,70,80,DEAD_ZONE,bullish,bullish,FVG,BOS bullish | Vol 7.5x | FVG | ChoCH | Engulfing | StrongTrend1h | Zone:FVG | MTF 16,BOS+2 | 1h+2 | 4h+2 | Vol+2 | RSI+1 | BTC+2 | FVG+1 | ChoCH+1 | Engulfing+1 | Zone:FVG+1 | Sess:DEAD_ZONE | Strong1h+1,0,0,-1.0,bull,0.5405,2,4.739,0.0526,7.4315,-1,0.0,0.2654,2.2553,0.0,-0.1419,2.472,1.0,0.4308,0.28125,6962,0,1,1.291,1.572,1,3.026,1
SUIUSDT,6962,6963,1777841100,1777842900,LONG,TP1,0.9246,0.9273738,0.980076,0.9135048,0.0,-0.03333333333333342,0.03333333333333342,16,2.29,58.63,0.31958762886597347,0.0032770432125885924,1.513010851416004,base,adaptive disabled,1.15,84.1,90,98,70,80,DEAD_ZONE,bullish,bullish,FVG,BOS bullish | Vol 2.3x | FVG | ChoCH | Engulfing | StrongTrend1h | Zone:FVG | MTF 16 | Risk x1.15,BOS+2 | 1h+2 | 4h+2 | Vol+2 | RSI+1 | BTC+2 | FVG+1 | ChoCH+1 | Engulfing+1 | Zone:FVG+1 | Sess:DEAD_ZONE | Strong1h+1 | QualityRisk:1.15,0,0,-1.0,range,0.48,0,2.8568,0.0526,2.365,-1,0.0,0.0811,1.0094,0.0,0.0707,1.431,1.0,0.3865,1.0,6962,3,4,0.173,0.779,1,1.602,1
BTCUSDT,6963,6967,1777842000,1777846500,LONG,TP1,78865.3,79101.8959,83597.218,77918.9164,0.0,-0.009374999999999991,0.009374999999999991,17,1.69,60.29,0.27205556376533174,0.0037334277604518344,2.87396568377343,base,adaptive disabled,1.0,80.9,90,82,70,80,DEAD_ZONE,bullish,bullish,FVG,BOS bullish | Vol 1.7x | FVG | ChoCH | Engulfing | BullWick | StrongTrend1h | Zone:FVG | MTF 17,BOS+2 | BodyStrong+1 | 1h+2 | 4h+2 | Vol+1 | RSI+1 | BTC+2 | FVG+1 | ChoCH+1 | Engulfing+1 | BullWick+1 | Zone:FVG+1 | Sess:DEAD_ZONE | Strong1h+1,0,0,-1.0,bull,0.5405,0,4.5338,0.1111,4.9971,-1,0.0,0.2654,2.2553,3.023,-0.1535,1.244,1.0,0.3961,0.28125,6963,1,2,0.617,0.079,1,1.362,2
SOLUSDT,6969,6969,1777847400,1777848300,LONG,TP1,84.43,84.68329,89.4958,83.41684,0.0,-0.037499999999999506,0.037499999999999506,14,3.82,57.88,0.12299465240642174,0.006111125167865906,3.0296801714608503,base,adaptive disabled,1.15,66.5,65,54,70,80,DEAD_ZONE,bullish,neutral,FVG,BOS bullish | Vol 3.8x | FVG | LiqSweep | ChoCH | StrongTrend1h | Zone:FVG | MTF 14 | Risk x1.15,BOS+2 | 1h+2 | 4hN+1 | Vol+2 | RSI+1 | BTCok+1 | FVG+1 | LiqSweep+1 | ChoCH+1 | Zone:FVG+1 | Sess:DEAD_ZONE | Strong1h+1 | QualityRisk:1.15,0,0,-1.0,range,0.453,0,4.553,0.0526,3.7833,-1,0.0,0.0099,1.3029,1.533,-0.0631,1.851,-1.0,-0.0556,1.125,6969,0,1,0.584,1.051,0,2.062,2
XRPUSDT,6970,6971,1777848300,1777850100,LONG,TP1,1.396,1.400188,1.47976,1.379248,0.0,-0.043750000000000316,0.043750000000000316,13,1.34,57.05,0.20000000000000254,0.005955282938061481,2.765236377771619,base,adaptive disabled,1.15,68.8,60,74,70,80,DEAD_ZONE,neutral,bullish,FVG,BOS bullish | Vol 1.3x | FVG | ChoCH | BullWick | Zone:FVG | MTF 13 | Risk x1.15,BOS+2 | BodyStrong+1 | 1hN+1 | 4h+2 | Vol+1 | RSI+1 | BTCok+1 | FVG+1 | ChoCH+1 | BullWick+1 | Zone:FVG+1 | Sess:DEAD_ZONE | QualityRisk:1.15,0,0,-1.0,range,0.5,1,3.5772,0.1111,2.6341,-1,0.0,0.0597,1.1939,0.0,0.073,1.202,1.0,0.2538,1.3125,6970,1,2,0.0,0.224,1,1.118,0
SUIUSDT,6987,6993,1777863600,1777869900,LONG,TRAIL,0.938,0.94568535,1.09170697,0.90725861,0.11012992174394248,0.10626816972166893,0.0038617520222735562,13,1.4,70.82,0.8269896193771652,0.005120660757966439,1.4675493692634736,base,adaptive disabled,1.15,78.5,90,100,50,80,OFF_HOURS,bullish,bullish,FVG,BOS bullish | Vol 1.4x | FVG | ChoCH | StrongTrend1h | Zone:FVG | MTF 13 | Risk x1.15,BOS+2 | 1h+2 | 4h+2 | Vol+1 | BTC+2 | FVG+1 | ChoCH+1 | Zone:FVG+1 | Sess:OFF_HOURS | Strong1h+1 | QualityRisk:1.15,0,0,-1.0,range,0.1353,7,5.1526,0.0526,1.3507,-1,0.0,0.0716,2.7195,0.0,0.1443,1.55,1.0,0.4941,0.31640625,6987,0,4,2.048,5.417,0,0.903,6
SUIUSDT,6988,6993,1777864500,1777869900,LONG,TRAIL,0.938,0.94569532,1.09190647,0.90721871,0.10998716671718496,0.10613042045996182,0.003856746257223143,15,2.01,71.81,0.8310810810810838,0.005110987514554681,1.4312313826397343,base,adaptive disabled,1.15,84.5,90,100,70,80,OFF_HOURS,bullish,bullish,FVG,BOS bullish | Vol 2.0x | FVG | ChoCH | BullWick | StrongTrend1h | Zone:FVG | MTF 15 | Risk x1.15,BOS+2 | 1h+2 | 4h+2 | Vol+2 | BTC+2 | FVG+1 | ChoCH+1 | BullWick+1 | Zone:FVG+1 | Sess:OFF_HOURS | Strong1h+1 | QualityRisk:1.15,0,0,-1.0,range,0.1353,8,4.4092,0.1111,1.7394,-1,0.0,0.0715,2.7159,0.0,0.1339,1.802,1.0,0.5084,0.31640625,6988,1,5,2.27,5.13,0,1.113,7
LINKUSDT,7015,7094,1777888800,1777960800,LONG,TRAIL,9.517,9.59655055,11.10801104,9.19879779,0.21998590141784527,0.1960589777173467,0.023926923700498568,16,2.94,65.59,0.4468085106383008,0.01288667668304398,3.5543797324348647,base,adaptive disabled,1.15,86.5,90,80,90,80,LONDON,bullish,bullish,FVG,BOS bullish | Vol 2.9x | FVG | ChoCH | Session:LONDON | StrongTrend1h | Zone:FVG | MTF 16 | Risk x1.15,BOS+2 | BodyStrong+1 | 1h+2 | 4h+2 | Vol+2 | RSI+1 | BTC+2 | FVG+1 | ChoCH+1 | Zone:FVG+1 | Sess:LONDON | Strong1h+1 | RelStrengthRisk:1.15,0,0,-1.0,range,0.34,0,5.5717,0.1111,5.5116,-1,0.0,0.7731,1.0056,0.0,0.3095,1.191,1.0,0.5216,2.0,7015,0,3,2.122,1.31,1,2.472,7
ETHUSDT,7036,7040,1777907700,1777912200,LONG,TP1,2343.59,2353.84164767,2548.62295337,2302.58340933,0.0,-0.040006081295614185,0.040006081295614185,13,1.38,56.04,0.4716624685138504,0.005941770174534222,1.7743293141849017,base,adaptive disabled,1.15,74.0,60,100,70,80,NEW_YORK,neutral,bullish,FVG,BOS bullish | Vol 1.4x | FVG | LiqSweep | ChoCH | Session:NEW_YORK | Zone:FVG | MTF 13 | Risk x1.15,BOS+2 | BodyStrong+1 | 1hN+1 | 4h+2 | Vol+1 | RSI+1 | BTCok+1 | FVG+1 | LiqSweep+1 | ChoCH+1 | Zone:FVG+1 | Sess:NEW_YORK | QualityRisk:1.15,0,1,-1.0,bear,0.5571,0,5.3645,0.1111,3.2313,-1,0.0,0.2153,2.5274,0.0,-0.0212,1.019,1.0,-0.02,1.75,7034,0,1,0.855,0.434,1,1.24,5
ETHUSDT,7036,7047,1777907700,1777918500,LONG,TRAIL,2360.41,2375.24552784,2657.12055673,2301.06788865,0.11362083091774242,0.1016879390153379,0.011932891902404508,14,1.34,62.66,0.4880677444187901,0.008123956387035591,2.425972991425384,base,adaptive disabled,1.0,76.5,90,90,50,80,NEW_YORK,bullish,bullish,FVG,BOS bullish | Vol 1.3x | FVG | ChoCH | Session:NEW_YORK | StrongTrend1h | Zone:FVG | MTF 14,BOS+2 | 1h+2 | 4h+2 | Vol+1 | RSI+1 | BTC+2 | FVG+1 | ChoCH+1 | Zone:FVG+1 | Sess:NEW_YORK | Strong1h+1,0,0,-1.0,range,0.3135,0,4.6832,0.1111,3.2313,-1,0.0,0.4322,1.2935,2.082,0.1754,1.236,1.0,0.3517,0.75,7036,0,3,1.918,2.884,0,1.083,5
XRPUSDT,7036,7043,1777907700,1777914900,LONG,TP1,1.4,1.40561225,1.51224496,1.37755101,0.0,-0.03274089391104009,0.03274089391104009,15,2.32,61.72,0.6190476190476342,0.006177633494151719,1.742092645474297,base,adaptive disabled,1.0,80.0,60,100,90,80,NEW_YORK,neutral,bullish,FVG,BOS bullish | Vol 2.3x | FVG | LiqSweep | ChoCH | Session:NEW_YORK | Zone:FVG | MTF 15,BOS+2 | BodyStrong+1 | 1hN+1 | 4h+2 | Vol+2 | RSI+1 | BTC+2 | FVG+1 | LiqSweep+1 | ChoCH+1 | Zone:FVG+1 | Sess:NEW_YORK,0,0,-1.0,range,0.4483,0,4.0316,0.1111,2.0198,-1,0.0,0.4009,1.4255,0.0,-0.0451,1.153,1.0,-0.0114,1.3125,7035,0,1,1.241,1.861,0,0.775,4
BTCUSDT,7037,7045,1777908600,1777916700,LONG,TRAIL,79883.2,80418.01408681,90579.48173618,77743.94365276,0.0644489884956357,0.059197829598997054,0.005251158896638655,17,3.04,57.33,0.3862170218445488,0.01000860692636199,3.7295679222053653,base,adaptive disabled,1.15,86.5,90,80,90,80,NEW_YORK,bullish,bullish,FVG,BOS bullish | Vol 3.0x | FVG | ChoCH | BullWick | Session:NEW_YORK | StrongTrend1h | Zone:FVG | MTF 17 | Risk x1.15,BOS+2 | BodyStrong+1 | 1h+2 | 4h+2 | Vol+2 | RSI+1 | BTC+2 | FVG+1 | ChoCH+1 | BullWick+1 | Zone:FVG+1 | Sess:NEW_YORK | Strong1h+1 | QualityRisk:1.15,0,1,-1.0,bear,0.3009,0,5.1867,0.1765,4.871,-1,0.0,0.21,1.1099,2.627,0.1626,1.343,1.0,0.2755,0.3515625,7037,1,4,1.704,2.302,0,2.262,0
ETHUSDT,7037,7040,1777908600,1777912200,LONG,TP1,2343.59,2354.57799013,2563.34980268,2299.63803946,0.0,-0.03332601622325714,0.03332601622325714,17,3.51,49.74,0.21229225462527465,0.0106564879855933,3.1822366843025227,base,adaptive disabled,1.0,83.5,90,65,90,80,NEW_YORK,bullish,bullish,FVG,BOS bullish | Vol 3.5x | FVG | ChoCH | Discount | Session:NEW_YORK | StrongTrend1h | Zone:FVG | MTF 17,BOS+2 | BodyStrong+1 | 1h+2 | 4h+2 | Vol+2 | RSI+1 | BTC+2 | FVG+1 | ChoCH+1 | Discount+1 | Zone:FVG+1 | Sess:NEW_YORK | Strong1h+1,0,0,-1.0,range,0.6258,0,4.182,0.1765,4.137,-1,0.0,0.2009,1.9312,1.248,0.0644,1.467,1.0,0.2975,1.5625,7037,3,4,0.361,0.644,1,2.391,0
SUIUSDT,7037,7040,1777908600,1777912200,LONG,TP1,0.9286,0.93257125,1.0080251,0.91271498,0.0,-0.029228795431167177,0.029228795431167177,17,2.18,47.94,0.14418604651162628,0.009571769652274917,2.283480637290699,base,adaptive disabled,1.15,83.9,90,67,90,80,NEW_YORK,bullish,bullish,FVG,BOS bullish | Vol 2.2x | FVG | ChoCH | Discount | Session:NEW_YORK | StrongTrend1h | Zone:FVG | MTF 17 | Risk x1.15,BOS+2 | BodyStrong+1 | 1h+2 | 4h+2 | Vol+2 | RSI+1 | BTC+2 | FVG+1 | ChoCH+1 | Discount+1 | Zone:FVG+1 | Sess:NEW_YORK | Strong1h+1 | QualityRisk:1.15,0,0,-1.0,range,0.6296,0,3.3911,0.1765,2.408,-1,0.0,0.3462,1.2339,0.939,0.0033,0.979,1.0,0.1737,1.25,7037,3,3,0.018,0.036,1,2.224,0
XRPUSDT,7037,7124,1777908600,1777987800,LONG,TRAIL,1.395,1.414,1.48446122,1.37710776,2.409299025218743,2.3469256164113497,0.0623734088073932,16,2.57,48.18,0.1724137931034451,0.007604180571144053,2.144378921214657,base,adaptive disabled,1.15,77.0,60,70,100,80,NEW_YORK,neutral,bullish,OB,BOS bullish | Vol 2.6x | FVG | OB | ChoCH | Discount | Session:NEW_YORK | Zone:OB | MTF 16 | Risk x1.15,BOS+2 | BodyStrong+1 | 1hN+1 | 4h+2 | Vol+2 | RSI+1 | BTC+2 | FVG+1 | OB+1 | ChoCH+1 | Discount+1 | Zone:OB+1 | Sess:NEW_YORK | QualityRisk:1.15,0,0,-1.0,range,0.6923,0,3.7724,0.1765,2.6347,-1,0.0,0.3912,1.3158,1.0,0.0759,1.264,1.0,0.1835,2.0,7037,6,3,0.145,0.145,1,2.031,0
LINKUSDT,7038,7115,1777909500,1777979700,LONG,TRAIL,9.414,9.653,10.28742382,9.23931524,1.8258434359858369,1.798897753946946,0.026945682038891104,16,1.98,53.25,0.17509727626458896,0.009003649621123481,2.07215702014206,base,adaptive disabled,1.15,78.7,90,71,70,80,NEW_YORK,bullish,bullish,FVG,BOS bullish | Vol 2.0x | FVG | ChoCH | Discount | Session:NEW_YORK | StrongTrend1h | Zone:FVG | MTF 16 | Risk x1.15,BOS+2 | BodyStrong+1 | 1h+2 | 4h+2 | Vol+1 | RSI+1 | BTC+2 | FVG+1 | ChoCH+1 | Discount+1 | Zone:FVG+1 | Sess:NEW_YORK | Strong1h+1 | QualityRisk:1.15,0,0,-1.0,range,0.641,1,2.1399,0.1111,1.7024,-1,0.0,0.5725,1.1967,1.184,0.1354,0.925,1.0,0.2221,1.25,7037,13,2,0.211,2.302,1,0.665,0
AVAXUSDT,7082,7086,1777949100,1777953600,LONG,TRAIL,9.255,9.29309913,10.01698264,9.10260347,0.321257498420141,0.28937439058297454,0.031883107837166476,15,1.35,62.22,0.5530726256983188,0.004178750870039838,1.0154364614306706,base,adaptive disabled,1.15,68.0,60,100,50,80,OFF_HOURS,neutral,bullish,FVG,BOS bullish | Vol 1.4x | FVG | ChoCH | Engulfing | Zone:FVG | MTF 15 | Risk x1.15,BOS+2 | 1hN+1 | 4h+2 | Vol+1 | RSI+1 | BTC+2 | FVG+1 | ChoCH+1 | Engulfing+1 | Zone:FVG+1 | Sess:OFF_HOURS | NestedOB_1h+2 | QualityRisk:1.15,0,0,-1.0,range,0.2403,4,2.3731,0.1111,1.0929,-1,0.0,0.1116,1.4436,0.0,0.0813,1.293,1.0,0.3973,1.3125,7081,0,1,0.367,0.141,1,0.763,3
ETHUSDT,7082,7083,1777949100,1777950900,LONG,TP1,2364.82,2371.95439376,2507.50787511,2336.28242498,0.0,-0.024860066053362866,0.024860066053362866,16,1.63,61.35,0.6683054736151892,0.003782934514794497,1.2278914280541857,base,adaptive disabled,1.0,78.5,90,100,50,80,OFF_HOURS,bullish,bullish,FVG,BOS bullish | Vol 1.6x | FVG | MACD_Div | ChoCH | Engulfing | StrongTrend1h | Zone:FVG | MTF 16,BOS+2 | 1h+2 | 4h+2 | Vol+1 | RSI+1 | BTC+2 | FVG+1 | MACD_Div+1 | ChoCH+1 | Engulfing+1 | Zone:FVG+1 | Sess:OFF_HOURS | Strong1h+1,0,0,-1.0,range,0.3283,1,2.8007,0.0526,2.202,-1,0.0,0.0943,1.7044,0.0,0.0144,1.617,1.0,0.2281,0.75,7081,0,1,0.196,2.195,0,1.3,0
ETHUSDT,7082,7083,1777949100,1777950900,LONG,TP1,2364.82,2371.99265134,2508.27302689,2336.12939462,0.0,-0.02472746707863271,0.02472746707863271,18,2.27,66.85,0.6975493126120547,0.00454408179590751,1.4749499532045185,base,adaptive disabled,1.0,90.5,90,100,90,80,OFF_HOURS,bullish,bullish,FVG,BOS bullish | Vol 2.3x | FVG | MACD_Div | ChoCH | Engulfing | StrongTrend1h | Zone:FVG | MTF 18,BOS+2 | BodyStrong+1 | 1h+2 | 4h+2 | Vol+2 | RSI+1 | BTC+2 | FVG+1 | MACD_Div+1 | ChoCH+1 | Engulfing+1 | Zone:FVG+1 | Sess:OFF_HOURS | Strong1h+1,0,0,-1.0,range,0.3283,1,2.7419,0.0526,2.202,-1,0.0,0.0938,1.6953,0.0,0.0706,1.781,1.0,0.2928,0.75,7082,1,2,1.147,1.195,0,1.273,0
LINKUSDT,7082,7113,1777949100,1777977900,LONG,TRAIL,9.477,9.653,10.34016805,9.30436639,0.5437364572286905,0.532156703509238,0.011579753719452425,15,2.37,70.84,0.6521739130434799,0.005349449307246272,1.5192436032741758,base,adaptive disabled,1.0,90.5,90,100,90,80,OFF_HOURS,bullish,bullish,FVG,BOS bullish | Vol 2.4x | FVG | ChoCH | StrongTrend1h | Zone:FVG | MTF 15,BOS+2 | BodyStrong+1 | 1h+2 | 4h+2 | Vol+2 | BTC+2 | FVG+1 | ChoCH+1 | Zone:FVG+1 | Sess:OFF_HOURS | Strong1h+1,0,0,-1.0,range,0.2247,9,3.8691,0.0526,2.2755,-1,0.0,0.1274,1.1932,0.0,0.1053,2.053,1.0,0.5515,0.52734375,7082,0,3,2.858,0.982,1,1.155,8
SOLUSDT,7082,7086,1777949100,1777953600,LONG,TRAIL,84.47,84.72341,89.5382,83.45636,0.30104992896886834,0.26823742896886815,0.032812500000000154,13,1.55,64.51,0.6344086021505366,0.0028373385434062276,1.0873455117948365,base,adaptive disabled,1.15,74.0,60,100,70,80,OFF_HOURS,neutral,bullish,FVG,BOS bullish | Vol 1.6x | FVG | ChoCH | Zone:FVG | MTF 13 | Risk x1.15,BOS+2 | BodyStrong+1 | 1hN+1 | 4h+2 | Vol+1 | RSI+1 | BTC+2 | FVG+1 | ChoCH+1 | Zone:FVG+1 | Sess:OFF_HOURS | QualityRisk:1.15,0,1,-1.0,bear,0.35,1,2.9982,0.0526,1.526,-1,0.0,0.1085,1.8547,0.0,0.1451,1.211,1.0,0.4538,0.984375,7082,1,2,0.885,0.639,1,1.278,0
ETHUSDT,7083,7086,1777950000,1777953600,LONG,TRAIL,2364.82,2372.12764053,2510.97281069,2335.58943786,0.49674036135384825,0.4724696683510213,0.024270693002827012,17,1.99,58.21,0.5277030661646163,0.004406346848082054,1.430242977411797,base,adaptive disabled,1.15,84.5,90,100,70,80,OFF_HOURS,bullish,bullish,FVG,BOS bullish | Vol 2.0x | FVG | MACD_Div | ChoCH | Engulfing | StrongTrend1h | Zone:FVG | MTF 17 | Risk x1.15,BOS+2 | BodyStrong+1 | 1h+2 | 4h+2 | Vol+1 | RSI+1 | BTC+2 | FVG+1 | MACD_Div+1 | ChoCH+1 | Engulfing+1 | Zone:FVG+1 | Sess:OFF_HOURS | Strong1h+1 | QualityRisk:1.15,0,0,-1.0,range,0.3623,0,2.7699,0.0526,1.9525,-1,0.0,0.0575,3.2131,0.0,0.0571,1.051,1.0,0.2086,0.75,7083,2,3,0.207,1.973,0,1.896,1
LINKUSDT,7083,7086,1777950000,1777953600,LONG,TRAIL,9.477,9.52053995,10.3477989,9.30284022,0.10900550632298375,0.09370113323523639,0.015304373087747349,15,1.77,62.27,0.6432432432432341,0.005659861987833734,1.6074008045619572,base,adaptive disabled,1.0,84.5,90,100,70,80,OFF_HOURS,bullish,bullish,FVG,BOS bullish | Vol 1.8x | FVG | ChoCH | StrongTrend1h | Zone:FVG | MTF 15,BOS+2 | BodyStrong+1 | 1h+2 | 4h+2 | Vol+1 | RSI+1 | BTC+2 | FVG+1 | ChoCH+1 | Zone:FVG+1 | Sess:OFF_HOURS | Strong1h+1,0,0,-1.0,range,0.2247,0,3.6228,0.1111,2.0065,-1,0.0,0.0861,1.6077,0.0,0.0811,1.143,1.0,0.4471,0.703125,7083,1,4,1.825,1.853,0,1.549,9
SOLUSDT,7083,7086,1777950000,1777953600,LONG,TRAIL,84.47,84.72341,89.5382,83.45636,0.30104992896886834,0.26823742896886815,0.032812500000000154,14,1.47,54.82,0.46153846153846256,0.0032330387677449207,1.2389886295859045,base,adaptive disabled,1.15,74.0,60,100,70,80,OFF_HOURS,neutral,bullish,FVG,BOS bullish | Vol 1.5x | FVG | ChoCH | Engulfing | Zone:FVG | MTF 14 | Risk x1.15,BOS+2 | BodyStrong+1 | 1hN+1 | 4h+2 | Vol+1 | RSI+1 | BTC+2 | FVG+1 | ChoCH+1 | Engulfing+1 | Zone:FVG+1 | Sess:OFF_HOURS | QualityRisk:1.15,0,1,-1.0,bear,0.3659,0,2.9061,0.0526,1.4152,-1,0.0,0.1085,1.8547,0.0,0.1105,0.816,1.0,0.3457,0.984375,7083,2,3,0.185,1.615,0,1.799,1
SUIUSDT,7083,7086,1777950000,1777953600,LONG,TRAIL,0.9373,0.94072006,1.00570124,0.92361975,0.4317355311489122,0.39576524551816733,0.0359702856307449,16,1.38,58.46,0.6103896103896093,0.004267309712449143,1.1644735151873804,base,adaptive disabled,1.15,68.0,60,100,50,80,OFF_HOURS,neutral,bullish,FVG,BOS bullish | Vol 1.4x | FVG | MACD_Div | ChoCH | BullWick | Zone:FVG | MTF 16 | Risk x1.15,BOS+2 | 1hN+1 | 4h+2 | Vol+1 | RSI+1 | BTC+2 | FVG+1 | MACD_Div+1 | ChoCH+1 | BullWick+1 | Zone:FVG+1 | Sess:OFF_HOURS | NestedOB_1h+2 | QualityRisk:1.15,0,1,-1.0,bear,0.1953,0,3.0767,0.1111,1.409,-1,0.0,0.1974,1.8128,0.0,0.0704,0.862,1.0,0.1166,1.3125,7083,1,1,0.355,0.237,1,1.598,4
SUIUSDT,7087,7091,1777953600,1777958100,LONG,TP1,0.9391,0.9429889,1.01687807,0.92354439,0.0,-0.023770885551900493,0.023770885551900493,15,1.89,66.87,0.6533333333333274,0.0039718642683409825,1.0951831623432067,base,adaptive disabled,1.15,74.0,60,100,70,80,OFF_HOURS,neutral,bullish,FVG,BOS bullish | Vol 1.9x | FVG | ChoCH | Zone:FVG | MTF 15 | Risk x1.15,BOS+2 | BodyStrong+1 | 1hN+1 | 4h+2 | Vol+1 | RSI+1 | BTC+2 | FVG+1 | ChoCH+1 | Zone:FVG+1 | Sess:OFF_HOURS | NestedOB_1h+2 | QualityRisk:1.15,0,1,-1.0,bear,0.2667,0,2.7202,0.1111,1.3003,-1,0.0,0.0707,1.0029,10.0,0.1711,1.482,1.0,0.2963,0.984375,7086,0,4,1.1,0.145,1,0.666,3
XRPUSDT,7087,7102,1777953600,1777968000,LONG,TRAIL,1.404,1.40910635,1.50612697,1.38357461,0.09638738844154277,0.06932180976715759,0.027065578674385183,15,2.7,62.68,0.45454545454545453,0.0035556873020981743,1.2400459466956295,base,adaptive disabled,1.15,83.0,60,100,100,80,OFF_HOURS,neutral,bullish,OB,BOS bullish | Vol 2.7x | OB | ChoCH | BullWick | Zone:OB | MTF 15 | Risk x1.15,BOS+2 | BodyStrong+1 | 1hN+1 | 4h+2 | Vol+2 | RSI+1 | BTC+2 | OB+1 | ChoCH+1 | BullWick+1 | Zone:OB+1 | Sess:OFF_HOURS | QualityRisk:1.15,0,0,-1.0,bull,0.2381,0,2.4857,0.1111,2.474,-1,0.0,0.2938,1.175,10.0,0.1016,2.386,1.0,0.2659,0.984375,7087,4,1,0.226,1.808,0,1.13,3
ETHUSDT,7090,7093,1777956300,1777959900,LONG,TRAIL,2374.56,2384.43650283,2572.09005651,2335.0539887,0.0774956618007514,0.06735272438909728,0.010142937411654122,15,4.27,70.1,0.59492502883507,0.004386008914176831,1.4253561024280454,base,adaptive disabled,1.0,90.5,90,100,90,80,OFF_HOURS,bullish,bullish,FVG,BOS bullish | Vol 4.3x | FVG | ChoCH | StrongTrend1h | Zone:FVG | MTF 15,BOS+2 | BodyStrong+1 | 1h+2 | 4h+2 | Vol+2 | BTC+2 | FVG+1 | ChoCH+1 | Zone:FVG+1 | Sess:OFF_HOURS | Strong1h+1,0,0,-1.0,range,0.3061,0,2.2352,0.3333,1.7104,-1,0.0,0.0124,1.5258,5.57,0.2133,2.598,1.0,0.4688,0.421875,7086,0,6,2.294,1.875,0,0.513,0
AVAXUSDT,7125,7127,1777987800,1777990500,LONG,TRAIL,9.436,9.47379525,10.19190496,9.28481901,0.21332047104599183,0.19459589462934054,0.018724576416651293,14,1.41,68.41,0.3125000000000026,0.0032824789535180372,1.025337009124881,base,adaptive disabled,1.15,77.9,90,97,50,80,NEW_YORK,bullish,bullish,FVG,BOS bullish | Vol 1.4x | FVG | ChoCH | Engulfing | Session:NEW_YORK | StrongTrend1h | Zone:FVG | MTF 14 | Risk x1.15,BOS+2 | 1h+2 | 4h+2 | Vol+1 | BTC+2 | FVG+1 | ChoCH+1 | Engulfing+1 | Zone:FVG+1 | Sess:NEW_YORK | Strong1h+1 | QualityRisk:1.15,0,0,-1.0,bull,0.2258,0,3.0147,0.0526,1.3786,-1,0.0,0.1654,2.5135,0.69,0.2059,1.26,1.0,0.4068,0.75,7125,0,1,0.385,-1.0,0,1.122,1
BTCUSDT,7125,7126,1777987800,1777989600,LONG,TP1,81366.1,81634.71108818,86738.32176353,80291.65564729,-0.014861606103403474,-0.021251201497696482,0.006389595394293007,15,2.54,68.35,0.5747781410555765,0.0036236961622906124,1.781324054845027,base,adaptive disabled,1.0,90.5,90,100,90,80,NEW_YORK,bullish,bullish,FVG,BOS bullish | Vol 2.5x | FVG | ChoCH | Session:NEW_YORK | StrongTrend1h | Zone:FVG | MTF 15,BOS+2 | BodyStrong+1 | 1h+2 | 4h+2 | Vol+2 | BTC+2 | FVG+1 | ChoCH+1 | Zone:FVG+1 | Sess:NEW_YORK | Strong1h+1,0,1,-1.0,bear,0.2672,0,4.1649,0.0526,2.4611,-1,0.0,0.2037,1.0394,0.0,0.3158,1.516,1.0,0.2785,0.2109375,7125,0,4,1.5,-1.0,0,1.679,1
ETHUSDT,7125,7126,1777987800,1777989600,LONG,TP1,2383.44,2390.59032,2526.4464,2354.83872,0.0,-0.04375000000000022,0.04375000000000022,16,2.21,65.42,0.8487394957983628,0.0025316854782340367,0.9231657339644563,base,adaptive disabled,1.15,84.5,90,100,70,80,OVERLAP,bullish,bullish,FVG,BOS bullish | Vol 2.2x | FVG | ChoCH | BullWick | Session:OVERLAP | StrongTrend1h | Zone:FVG | MTF 16 | Risk x1.15,BOS+2 | 1h+2 | 4h+2 | Vol+2 | RSI+1 | BTC+2 | FVG+1 | ChoCH+1 | BullWick+1 | Zone:FVG+1 | Sess:OVERLAP | Strong1h+1 | QualityRisk:1.15,0,0,-1.0,range,0.4701,0,3.7993,0.0526,2.6129,-1,0.0,0.0661,1.8866,0.0,0.1857,2.771,1.0,0.2821,1.3125,7122,0,4,1.35,0.33,1,1.889,1
ETHUSDT,7125,7126,1777987800,1777989600,LONG,TP1,2383.44,2390.59032,2526.4464,2354.83872,0.0,-0.04375000000000022,0.04375000000000022,15,1.42,64.51,0.759954493742959,0.002276574380887634,0.8301408201475361,base,adaptive disabled,1.15,78.5,90,100,50,80,OVERLAP,bullish,bullish,FVG,BOS bullish | Vol 1.4x | FVG | ChoCH | BullWick | Session:OVERLAP | StrongTrend1h | Zone:FVG | MTF 15 | Risk x1.15,BOS+2 | 1h+2 | 4h+2 | Vol+1 | RSI+1 | BTC+2 | FVG+1 | ChoCH+1 | BullWick+1 | Zone:FVG+1 | Sess:OVERLAP | Strong1h+1 | QualityRisk:1.15,0,0,-1.0,range,0.4701,0,3.8526,0.0526,2.6129,-1,0.0,0.0661,1.8866,0.0,0.2428,1.736,1.0,0.2662,1.3125,7123,1,5,1.291,0.414,1,1.916,1
ETHUSDT,7125,7126,1777987800,1777989600,LONG,TP1,2383.44,2390.59032,2526.4464,2354.83872,0.0,-0.018750000000000093,0.018750000000000093,16,4.38,70.57,0.8111011638317518,0.002868204432938839,1.0458755928643508,base,adaptive disabled,1.15,90.5,90,100,90,80,NEW_YORK,bullish,bullish,FVG,BOS bullish | Vol 4.4x | FVG | ChoCH | BullWick | Session:NEW_YORK | StrongTrend1h | Zone:FVG | MTF 16 | Risk x1.15,BOS+2 | BodyStrong+1 | 1h+2 | 4h+2 | Vol+2 | BTC+2 | FVG+1 | ChoCH+1 | BullWick+1 | Zone:FVG+1 | Sess:NEW_YORK | Strong1h+1 | QualityRisk:1.15,0,0,-1.0,range,0.4701,0,3.6761,0.0526,2.6129,-1,0.0,0.0661,1.8866,0.0,0.2638,2.743,1.0,0.3851,0.5625,7124,2,6,2.261,0.932,1,1.828,1
BTCUSDT,7126,7135,1777988700,1777997700,LONG,TRAIL,81366.1,81637.14243902,86786.94878044,80281.93024391,0.03068880570879394,0.022245767892453975,0.008443037816339965,15,1.83,66.08,0.4607078584283052,0.0044293567375493295,2.177367900265404,base,adaptive disabled,1.0,76.5,90,90,50,80,NEW_YORK,bullish,bullish,FVG,BOS bullish | Vol 1.8x | FVG | ChoCH | BullWick | Session:NEW_YORK | StrongTrend1h | Zone:FVG | MTF 15,BOS+2 | 1h+2 | 4h+2 | Vol+1 | RSI+1 | BTC+2 | FVG+1 | ChoCH+1 | BullWick+1 | Zone:FVG+1 | Sess:NEW_YORK | Strong1h+1,0,1,-1.0,bear,0.2672,0,3.3246,0.1111,2.1942,-1,0.0,0.4295,1.1039,2.282,0.3353,1.126,1.0,0.2144,0.28125,7126,1,5,1.219,-1.0,0,1.628,0
AVAXUSDT,7128,7129,1777990500,1777992300,LONG,TP1,9.436,9.47391702,10.19434032,9.28433194,-0.054395104677935485,-0.07305954859579131,0.018664443917855822,15,1.43,68.89,0.6893203883494898,0.0041275930212419315,1.2893224734157243,base,adaptive disabled,1.0,78.5,90,100,50,80,NEW_YORK,bullish,bullish,FVG,BOS bullish | Vol 1.4x | FVG | ChoCH | Engulfing | BullWick | Session:NEW_YORK | StrongTrend1h | Zone:FVG | MTF 15,BOS+2 | 1h+2 | 4h+2 | Vol+1 | BTC+2 | FVG+1 | ChoCH+1 | Engulfing+1 | BullWick+1 | Zone:FVG+1 | Sess:NEW_YORK | Strong1h+1,0,0,-1.0,bull,0.4439,0,3.7893,0.1111,4.6949,-1,0.0,0.211,1.2132,1.479,0.2677,1.188,1.0,0.4624,0.75,7126,1,2,0.474,-1.0,0,2.116,2
AVAXUSDT,7128,7132,1777990500,1777995000,LONG,TRAIL,9.436,9.47546544,10.22530874,9.27813825,0.1841429323432942,0.1602334039109793,0.023909528432314933,15,2.57,65.22,0.459854014598549,0.006762381972554993,2.0920555695985583,base,adaptive disabled,1.15,82.5,90,90,70,80,NEW_YORK,bullish,bullish,FVG,BOS bullish | Vol 2.6x | FVG | ChoCH | Session:NEW_YORK | StrongTrend1h | Zone:FVG | MTF 15 | Risk x1.15,BOS+2 | 1h+2 | 4h+2 | Vol+2 | RSI+1 | BTC+2 | FVG+1 | ChoCH+1 | Zone:FVG+1 | Sess:NEW_YORK | Strong1h+1 | RelStrengthRisk:1.15,0,0,-1.0,bull,0.4439,0,3.1694,0.1111,4.6949,-1,0.0,0.2407,1.2163,0.851,0.0455,1.452,1.0,0.4391,1.0,7128,3,4,0.555,-1.0,0,1.77,2
AVAXUSDT,7153,7155,1778013000,1778015700,LONG,TP1,9.436,9.47047506,10.12550124,9.29809975,0.0,-0.020527881566567215,0.020527881566567215,16,1.69,59.48,0.5294117647058648,0.0037836105394853507,1.0782143488999747,base,adaptive disabled,1.15,78.5,90,100,50,80,DEAD_ZONE,bullish,bullish,FVG,BOS bullish | Vol 1.7x | FVG | LiqSweep | ChoCH | Engulfing | StrongTrend1h | Zone:FVG | MTF 16 | Risk x1.15,BOS+2 | 1h+2 | 4h+2 | Vol+1 | RSI+1 | BTC+2 | FVG+1 | LiqSweep+1 | ChoCH+1 | Engulfing+1 | Zone:FVG+1 | Sess:DEAD_ZONE | Strong1h+1 | QualityRisk:1.15,0,1,-1.0,bear,0.1783,2,2.4451,0.0526,1.7273,-1,0.0,0.0725,1.6534,0.0,-0.197,0.997,-1.0,-0.3022,0.75,7153,28,3,0.878,0.219,1,1.693,1
ETHUSDT,7155,7201,1778014800,1778057100,LONG,TP1,2377.52,2384.65256,2520.1712,2348.98976,0.0,-0.04374999999999993,0.04374999999999993,16,1.51,58.38,0.6114324600204358,0.0038847715477975282,1.3500205872559956,base,adaptive disabled,1.15,68.0,60,100,50,80,DEAD_ZONE,neutral,bullish,FVG,BOS bullish | Vol 1.5x | FVG | LiqSweep | ChoCH | Engulfing | Zone:FVG | MTF 16 | Risk x1.15,BOS+2 | 1hN+1 | 4h+2 | Vol+1 | RSI+1 | BTC+2 | FVG+1 | LiqSweep+1 | ChoCH+1 | Engulfing+1 | Zone:FVG+1 | Sess:DEAD_ZONE | NestedOB_1h+2 | QualityRisk:1.15,0,1,-1.0,bear,0.3242,0,2.4572,0.1765,0.8835,-1,0.0,0.8945,1.4273,0.0,-0.1473,1.232,1.0,-0.0153,1.3125,7153,0,1,0.848,0.238,1,0.445,3
AVAXUSDT,7156,7160,1778015700,1778020200,LONG,TRAIL,9.436,9.47065523,10.12910468,9.29737906,0.10820875980208888,0.08778760265223823,0.020421157149850648,15,2.28,62.66,0.6831683168316616,0.0036700343213929214,1.0428458130929432,base,adaptive disabled,1.15,84.5,90,100,70,80,DEAD_ZONE,bullish,bullish,FVG,BOS bullish | Vol 2.3x | FVG | ChoCH | StrongTrend1h | Zone:FVG | MTF 15 | Risk x1.15,BOS+2 | 1h+2 | 4h+2 | Vol+2 | RSI+1 | BTC+2 | FVG+1 | ChoCH+1 | Zone:FVG+1 | Sess:DEAD_ZONE | Strong1h+1 | QualityRisk:1.15,0,1,-1.0,bear,0.3497,1,3.0349,0.0526,2.5109,-1,0.0,0.0649,1.5005,0.0,-0.0856,1.302,1.0,0.0847,0.75,7156,31,6,1.379,2.422,0,1.747,0
SUIUSDT,7156,7160,1778015700,1778020200,LONG,TRAIL,0.972,0.97725487,1.0770974,0.95098052,0.09112604287770579,0.08332256724462636,0.007803475633079418,13,1.53,68.62,0.8418079096045231,0.0037715353203357717,0.9055456305069064,base,adaptive disabled,1.25,78.5,90,100,50,80,DEAD_ZONE,bullish,bullish,FVG,BOS bullish | Vol 1.5x | FVG | ChoCH | StrongTrend1h | Zone:FVG | MTF 13 | Risk x1.25,BOS+2 | 1h+2 | 4h+2 | Vol+1 | BTC+2 | FVG+1 | ChoCH+1 | Zone:FVG+1 | Sess:DEAD_ZONE | Strong1h+1 | QualityRisk:1.15 | RelStrengthRisk:1.25,0,1,-1.0,bear,0.2283,5,4.151,0.0526,1.6448,-1,0.0,0.0618,1.256,0.0,0.0741,1.259,1.0,0.3778,0.421875,7156,0,3,1.505,2.185,0,1.214,4
XRPUSDT,7157,7158,1778016600,1778018400,LONG,TP1,1.412,1.416236,1.49672,1.395056,0.0,-0.03333333333333363,0.03333333333333363,15,2.77,64.87,0.7500000000000209,0.0037664783424835903,1.3248587570627637,base,adaptive disabled,1.0,84.5,90,100,70,80,DEAD_ZONE,bullish,bullish,FVG,BOS bullish | Vol 2.8x | FVG | ChoCH | StrongTrend1h | Zone:FVG | MTF 15,BOS+2 | 1h+2 | 4h+2 | Vol+2 | RSI+1 | BTC+2 | FVG+1 | ChoCH+1 | Zone:FVG+1 | Sess:DEAD_ZONE | Strong1h+1,0,0,-1.0,range,0.5263,0,2.4312,0.1111,1.7262,-1,0.0,0.0,1.1804,0.0,0.0568,1.569,1.0,0.1935,1.0,7156,23,2,0.663,0.663,1,1.105,0
SUIUSDT,7162,7163,1778021100,1778022900,LONG,TP1,0.9687,0.97288774,1.05245478,0.95194904,0.0,-0.017348856423751256,0.017348856423751256,16,2.57,53.58,0.1583333333333289,0.006100994572966346,1.3211426431210198,base,adaptive disabled,1.25,86.1,90,78,90,80,DEAD_ZONE,bullish,bullish,FVG,BOS bullish | Vol 2.6x | FVG | ChoCH | Engulfing | StrongTrend1h | Zone:FVG | MTF 16 | Risk x1.25,BOS+2 | BodyStrong+1 | 1h+2 | 4h+2 | Vol+2 | RSI+1 | BTCok+1 | FVG+1 | ChoCH+1 | Engulfing+1 | Zone:FVG+1 | Sess:DEAD_ZONE | Strong1h+1 | QualityRisk:1.15 | RelStrengthRisk:1.25,0,0,-1.0,range,0.4541,0,2.6588,0.1765,1.4401,-1,0.0,0.0597,1.5283,0.487,0.1515,1.172,1.0,0.468,0.75,7162,8,2,1.714,2.857,0,2.197,0
BTCUSDT,7176,7181,1778033700,1778039100,LONG,TRAIL,81190.0,81433.57,86061.4,80215.72,0.10998506589481476,0.10061006589481475,0.009375000000000012,15,1.46,56.5,0.5061728395061715,0.0021816938078911153,0.8894778850501027,base,adaptive disabled,1.15,84.5,90,100,70,80,OFF_HOURS,bullish,bullish,FVG,BOS bullish | Vol 1.5x | FVG | ChoCH | StrongTrend1h | Zone:FVG | MTF 15 | Risk x1.15,BOS+2 | BodyStrong+1 | 1h+2 | 4h+2 | Vol+1 | RSI+1 | BTC+2 | FVG+1 | ChoCH+1 | Zone:FVG+1 | Sess:OFF_HOURS | Strong1h+1 | QualityRisk:1.15,0,1,-1.0,bear,0.4396,0,3.6091,-1.0,-1.0,-1,0.0,0.1999,2.1834,0.0,-0.1006,1.484,-1.0,0.1159,0.28125,7175,1,1,0.703,1.276,0,0.863,5
SUIUSDT,7176,7182,1778033700,1778040000,LONG,TRAIL,0.9803,0.98613187,1.09693749,0.9569725,0.1660493574411449,0.1565941007698342,0.009455256671310707,15,3.47,70.21,0.6528301886792496,0.00615030467025189,1.2878203171742892,base,adaptive disabled,1.25,90.5,90,100,90,80,OFF_HOURS,bullish,bullish,FVG,BOS bullish | Vol 3.5x | FVG | ChoCH | StrongTrend1h | Zone:FVG | MTF 15 | Risk x1.25,BOS+2 | BodyStrong+1 | 1h+2 | 4h+2 | Vol+2 | BTC+2 | FVG+1 | ChoCH+1 | Zone:FVG+1 | Sess:OFF_HOURS | Strong1h+1 | QualityRisk:1.15 | RelStrengthRisk:1.25,0,0,-1.0,range,0.2879,0,5.1119,0.1111,2.7025,-1,0.0,0.1929,1.6976,0.0,-0.0112,2.359,1.0,0.4876,0.5625,7175,0,1,1.154,-1.0,0,0.716,6
SUIUSDT,7176,7182,1778033700,1778040000,LONG,TRAIL,0.9803,0.98610638,1.09642767,0.95707447,0.2240174949277682,0.2113551358771889,0.012662359050579287,15,1.67,64.72,0.5368421052631617,0.005801848455569272,1.230874762689169,base,adaptive disabled,1.25,84.5,90,100,70,80,OFF_HOURS,bullish,bullish,FVG,BOS bullish | Vol 1.7x | FVG | ChoCH | StrongTrend1h | Zone:FVG | MTF 15 | Risk x1.25,BOS+2 | BodyStrong+1 | 1h+2 | 4h+2 | Vol+1 | RSI+1 | BTC+2 | FVG+1 | ChoCH+1 | Zone:FVG+1 | Sess:OFF_HOURS | Strong1h+1 | QualityRisk:1.15 | RelStrengthRisk:1.25,0,0,-1.0,range,0.2879,0,5.2177,0.1111,2.7025,-1,0.0,0.1938,1.705,0.0,-0.042,2.288,1.0,0.3332,0.75,7176,1,2,0.568,0.162,1,0.731,6
AVAXUSDT,7182,7184,1778039100,1778041800,LONG,TRAIL,9.534,9.58812945,10.61658891,9.31748222,0.09675013274156635,0.08684263230441981,0.009907500437146539,13,2.94,68.89,0.4885844748858469,0.005104693646339839,1.544581496876686,base,adaptive disabled,1.0,84.5,90,100,70,80,OFF_HOURS,bullish,bullish,FVG,BOS bullish | Vol 2.9x | FVG | ChoCH | StrongTrend1h | Zone:FVG | MTF 13,BOS+2 | 1h+2 | 4h+2 | Vol+2 | BTCok+1 | FVG+1 | ChoCH+1 | Zone:FVG+1 | Sess:OFF_HOURS | Strong1h+1,0,0,-1.0,bull,0.2063,5,3.7958,0.0526,3.0993,-1,0.0,0.0554,1.053,1.945,0.0336,2.528,1.0,0.5585,0.5625,7182,0,1,0.709,-1.0,0,1.164,4
AVAXUSDT,7184,7202,1778040900,1778058000,LONG,TRAIL,9.534,9.58837692,10.62153839,9.31649232,0.2303184718547488,0.222921664073065,0.0073968077816838245,14,1.43,71.95,0.4766355140186961,0.004879422604988217,1.4036472360497523,base,adaptive disabled,1.15,78.5,90,100,50,80,OFF_HOURS,bullish,bullish,FVG,BOS bullish | Vol 1.4x | FVG | ChoCH | BullWick | StrongTrend1h | Zone:FVG | MTF 14 | Risk x1.15,BOS+2 | 1h+2 | 4h+2 | Vol+1 | BTC+2 | FVG+1 | ChoCH+1 | BullWick+1 | Zone:FVG+1 | Sess:OFF_HOURS | Strong1h+1 | RelStrengthRisk:1.15,0,0,-1.0,bull,0.2436,7,3.1846,0.0526,1.397,-1,0.0,0.2115,3.7884,1.962,0.0665,1.484,1.0,0.5372,0.421875,7184,2,3,1.358,-1.0,0,0.963,6
LINKUSDT,7184,7196,1778040900,1778052600,LONG,TRAIL,9.845,9.88126149,10.57022983,9.69995403,0.21314589841971077,0.18769276104540109,0.025453137374309685,15,1.75,66.27,0.32163742690058433,0.0034472917871893097,1.0267706356553687,base,adaptive disabled,1.15,84.1,90,98,70,80,OFF_HOURS,bullish,bullish,FVG,BOS bullish | Vol 1.8x | FVG | ChoCH | StrongTrend1h | Zone:FVG | MTF 15 | Risk x1.15,BOS+2 | BodyStrong+1 | 1h+2 | 4h+2 | Vol+1 | RSI+1 | BTC+2 | FVG+1 | ChoCH+1 | Zone:FVG+1 | Sess:OFF_HOURS | Strong1h+1 | QualityRisk:1.15,0,0,-1.0,bull,0.323,1,3.5233,0.0526,1.7186,-1,0.0,0.4343,1.8753,4.231,0.0018,1.498,1.0,0.4834,0.9375,7184,2,2,0.694,-1.0,0,1.165,0
SUIUSDT,7185,7191,1778041800,1778048100,LONG,TRAIL,0.9803,0.98612896,1.09687923,0.95698415,0.1412797469728909,0.12866643885845366,0.01261330811443722,15,1.6,67.49,0.2831541218637973,0.005836361318815161,1.3320476741555523,base,adaptive disabled,1.15,77.1,90,93,50,80,OFF_HOURS,bullish,bullish,FVG,BOS bullish | Vol 1.6x | FVG | ChoCH | Engulfing | StrongTrend1h | Zone:FVG | MTF 15 | Risk x1.15,BOS+2 | 1h+2 | 4h+2 | Vol+1 | RSI+1 | BTC+2 | FVG+1 | ChoCH+1 | Engulfing+1 | Zone:FVG+1 | Sess:OFF_HOURS | Strong1h+1 | QualityRisk:1.15,0,0,-1.0,bull,0.3668,0,2.4722,0.1111,1.052,-1,0.0,0.1501,1.6469,1.0,0.0326,2.167,1.0,0.3496,0.75,7184,9,1,0.179,-1.0,0,1.097,0
XRPUSDT,7187,7189,1778043600,1778046300,LONG,TP1,1.415,1.419245,1.4999,1.39802,0.0,-0.025000000000000005,0.025000000000000005,15,1.58,61.69,0.36842105263157526,0.003993095244913598,1.1316431924883998,base,adaptive disabled,1.15,78.5,90,100,50,80,OFF_HOURS,bullish,bullish,FVG,BOS bullish | Vol 1.6x | FVG | ChoCH | StrongTrend1h | Zone:FVG | MTF 15 | Risk x1.15,BOS+2 | 1h+2 | 4h+2 | Vol+1 | RSI+1 | BTCok+1 | FVG+1 | ChoCH+1 | Zone:FVG+1 | Sess:OFF_HOURS | Strong1h+1 | NestedOB_1h+2 | QualityRisk:1.15,0,0,-1.0,range,0.5263,0,1.812,0.0526,2.1666,-1,0.0,0.1178,1.1779,3.5,-0.0166,1.309,1.0,0.3078,0.75,7182,2,1,0.201,0.403,1,1.611,1
AVAXUSDT,7204,7206,1778058900,1778061600,LONG,TRAIL,9.679,9.73799817,10.85896338,9.44300732,0.1740164995528095,0.1555602067559313,0.018456292796878222,16,2.51,67.77,0.49818181818181273,0.0068419803690019446,1.6461103026417183,base,adaptive disabled,1.15,90.5,90,100,90,80,LONDON,bullish,bullish,FVG,BOS bullish | Vol 2.5x | FVG | ChoCH | Session:LONDON | StrongTrend1h | Zone:FVG | MTF 16 | Risk x1.15,BOS+2 | BodyStrong+1 | 1h+2 | 4h+2 | Vol+2 | RSI+1 | BTC+2 | FVG+1 | ChoCH+1 | Zone:FVG+1 | Sess:LONDON | Strong1h+1 | RelStrengthRisk:1.15,0,1,-1.0,bear,0.2451,0,4.334,0.0526,2.5238,-1,0.0,0.0,1.1865,0.0,0.1055,1.822,1.0,0.2652,1.125,7204,0,4,2.578,-1.0,0,1.378,4
LINKUSDT,7286,7289,1778132700,1778136300,LONG,TP1,9.99,10.03750437,10.9400875,9.7999825,0.0,-0.025876317312879118,0.025876317312879118,15,1.81,62.21,0.5068493150685016,0.004903868169803558,1.3817699397455108,base,adaptive disabled,1.15,68.0,60,100,50,80,OFF_HOURS,neutral,bullish,FVG,BOS bullish | Vol 1.8x | FVG | LiqSweep | ChoCH | Engulfing | BullWick | Zone:FVG | MTF 15 | Risk x1.15,BOS+2 | 1hN+1 | 4h+2 | Vol+1 | RSI+1 | BTC+2 | FVG+1 | LiqSweep+1 | ChoCH+1 | Engulfing+1 | BullWick+1 | Zone:FVG+1 | Sess:OFF_HOURS | RelStrengthRisk:1.15,0,0,-1.0,range,0.1989,0,3.1938,0.1765,2.6442,-1,0.0,0.2842,1.242,0.0,0.2164,2.555,1.0,0.0402,1.23046875,7285,0,4,2.243,1.219,0,0.805,0
LINKUSDT,7286,7289,1778132700,1778136300,LONG,TP1,9.99,10.03736121,10.9372241,9.80055518,0.0,-0.025954539823258262,0.025954539823258262,14,1.45,60.67,0.45777777777777745,0.0047306724435651456,1.3329683325403525,base,adaptive disabled,1.15,68.0,60,100,50,80,OFF_HOURS,neutral,bullish,FVG,BOS bullish | Vol 1.4x | FVG | LiqSweep | ChoCH | Engulfing | Zone:FVG | MTF 14 | Risk x1.15,BOS+2 | 1hN+1 | 4h+2 | Vol+1 | RSI+1 | BTC+2 | FVG+1 | LiqSweep+1 | ChoCH+1 | Engulfing+1 | Zone:FVG+1 | Sess:OFF_HOURS | RelStrengthRisk:1.15,0,0,-1.0,range,0.1989,0,3.239,0.1765,2.6442,-1,0.0,0.285,1.2457,0.0,0.214,1.781,1.0,0.0632,1.23046875,7286,1,5,2.102,1.409,0,0.816,0
LINKUSDT,7287,7292,1778133600,1778139000,LONG,TRAIL,9.947,9.98398548,10.19,9.79905808,1.0814829831902193,1.0483903407363426,0.033092642453876685,16,3.72,63.05,0.5708154506437837,0.005249226160699662,1.4592848726891037,base,adaptive disabled,1.15,80.0,60,100,90,80,OFF_HOURS,neutral,bullish,FVG,BOS bullish | Vol 3.7x | FVG | LiqSweep | ChoCH | Engulfing | Zone:FVG | MTF 16 | Risk x1.15,BOS+2 | BodyStrong+1 | 1hN+1 | 4h+2 | Vol+2 | RSI+1 | BTC+2 | FVG+1 | LiqSweep+1 | ChoCH+1 | Engulfing+1 | Zone:FVG+1 | Sess:OFF_HOURS | RelStrengthRisk:1.15,0,0,-1.0,range,0.4301,1,2.9088,0.25,2.2722,-1,0.0,0.0744,4.0827,0.0,0.2181,1.951,1.0,0.1153,1.23046875,7284,0,3,2.289,1.097,0,0.596,0
AVAXUSDT,7296,7324,1778141700,1778167800,LONG,SL,9.644,9.70444139,10.85282778,9.40223444,-1.3125,-1.3334421887881798,0.020942188788179817,13,1.5,66.25,0.5661764705882382,0.005355043230871479,1.3520074936188453,base,adaptive disabled,1.0,68.0,60,100,50,80,LONDON,neutral,bullish,FVG,BOS bullish | Vol 1.5x | FVG | ChoCH | BullWick | Session:LONDON | Zone:FVG | MTF 13,BOS+2 | 1hN+1 | 4h+2 | Vol+1 | RSI+1 | BTC+2 | FVG+1 | ChoCH+1 | BullWick+1 | Zone:FVG+1 | Sess:LONDON,0,0,-1.0,bull,0.2348,0,1.9408,0.1765,1.1216,-1,0.0,1.1747,0.4136,2.962,0.2253,2.142,1.0,0.0813,1.3125,7292,0,2,1.309,2.408,0,0.795,0
AVAXUSDT,7296,7321,1778141700,1778165100,LONG,SL,9.644,9.70379002,10.83980048,9.4048399,-1.96875,-2.000505506039678,0.031755506039678104,15,2.04,66.44,0.38461538461539013,0.0036517464636104152,0.9125522215476171,base,adaptive disabled,1.15,80.0,60,100,90,80,LONDON,neutral,bullish,FVG,BOS bullish | Vol 2.0x | FVG | ChoCH | BullWick | Session:LONDON | Zone:FVG | MTF 15 | Risk x1.15,BOS+2 | BodyStrong+1 | 1hN+1 | 4h+2 | Vol+2 | RSI+1 | BTC+2 | FVG+1 | ChoCH+1 | BullWick+1 | Zone:FVG+1 | Sess:LONDON | QualityRisk:1.15,0,0,-1.0,bull,0.2348,0,1.9687,0.1765,1.1216,-1,0.0,1.0077,0.4181,0.785,0.2934,1.791,1.0,0.2303,1.96875,7294,2,4,1.708,2.064,0,0.806,0
LINKUSDT,7299,7321,1778144400,1778165100,LONG,SL,10.03,10.08476978,11.12539559,9.81092088,-0.9375,-0.9546684549399322,0.017168454939932205,16,1.45,67.19,0.3379790940766483,0.004624954925545135,1.2048007581166704,base,adaptive disabled,1.0,84.5,90,100,70,80,LONDON,bullish,bullish,FVG,BOS bullish | Vol 1.4x | FVG | ChoCH | BullWick | Session:LONDON | StrongTrend1h | Zone:FVG | MTF 16,BOS+2 | BodyStrong+1 | 1h+2 | 4h+2 | Vol+1 | RSI+1 | BTC+2 | FVG+1 | ChoCH+1 | BullWick+1 | Zone:FVG+1 | Sess:LONDON | Strong1h+1,0,0,-1.0,range,0.3616,0,1.9499,0.3333,0.7384,-1,0.0,1.1001,0.7121,0.729,0.315,1.527,1.0,0.2674,0.9375,7294,3,4,1.834,3.203,0,0.766,0
ADAUSDT,7300,7321,1778145300,1778165100,LONG,SL,0.2665,0.2723,0.2737,0.262184,-0.75,-0.768524096385542,0.01852409638554199,15,1.31,59.53,0.2647058823529479,0.0034811504203090884,0.8392737198309943,base,adaptive disabled,1.15,76.7,90,91,50,80,LONDON,bullish,bullish,FVG,BOS bullish | Vol 1.3x | FVG | ChoCH | BullWick | Session:LONDON | StrongTrend1h | Zone:FVG | MTF 15 | Risk x1.15,BOS+2 | 1h+2 | 4h+2 | Vol+1 | RSI+1 | BTC+2 | FVG+1 | ChoCH+1 | BullWick+1 | Zone:FVG+1 | Sess:LONDON | Strong1h+1 | QualityRisk:1.15,0,0,-1.0,range,0.5116,2,1.4337,0.3333,1.0784,-1,0.0,1.0195,0.6379,1.059,0.0739,1.331,1.0,0.0922,0.75,7297,6,6,0.627,0.717,1,0.627,1
SOLUSDT,7314,7318,1778157900,1778162400,LONG,SL,89.69,90.02769482,96.44389634,88.33922073,-1.3125,-1.3473593223524964,0.03485932235249647,17,1.46,61.32,0.2054794520547947,0.004455503539674236,1.152664974559423,base,adaptive disabled,1.15,75.3,90,84,50,80,OVERLAP,bullish,bullish,FVG,BOS bullish | Vol 1.5x | FVG | ChoCH | BullWick | Session:OVERLAP | StrongTrend1h | Zone:FVG | MTF 17 | Risk x1.15,BOS+2 | 1h+2 | 4h+2 | Vol+1 | RSI+1 | BTC+2 | FVG+1 | ChoCH+1 | BullWick+1 | Zone:FVG+1 | Sess:OVERLAP | Strong1h+1 | NestedOB_1h+2 | QualityRisk:1.15,0,0,-1.0,range,0.4167,0,2.2116,-1.0,-1.0,-1,0.0,1.0216,0.5923,0.0,-0.0019,1.551,-1.0,-0.1875,1.3125,7313,0,1,0.566,0.485,1,0.512,0
ETHUSDT,7319,7322,1778162400,1778166000,SHORT,TRAIL,2317.0,2309.56803052,2168.36061036,2346.72787793,1.075253338811054,1.0284891532451184,0.04676418556593559,15,5.5,33.82,0.432005060088536,0.004549333486486588,1.6409572647371908,base,adaptive disabled,1.0,75.8,65,100,70,80,NEW_YORK,bearish,neutral,FVG,BOS bearish | Vol 5.5x | FVG | ChoCH | Engulfing | Session:NEW_YORK | StrongTrend1h | Zone:FVG | MTF 15,BOS+2 | 1h+2 | 4hN+1 | Vol+2 | RSI+1 | BTC+2 | FVG+1 | ChoCH+1 | Engulfing+1 | Zone:FVG+1 | Sess:NEW_YORK | Strong1h+1,0,0,-1.0,bear,0.4121,2,4.3708,0.0526,5.558,-1,0.0,0.0336,3.9518,2.448,-0.0883,2.913,1.0,-0.5142,1.5,7319,0,1,0.381,0.073,1,1.889,1
ETHUSDT,7369,7371,1778207400,1778210100,SHORT,TP1,2277.32,2270.48804,2140.6808,2304.64784,0.0,-0.02500000000000007,0.02500000000000007,15,3.28,31.31,0.5884420148379574,0.004280870946942941,1.3972628803310116,base,adaptive disabled,1.15,84.5,90,100,70,80,OFF_HOURS,bearish,bearish,FVG,BOS bearish | Vol 3.3x | FVG | ChoCH | Engulfing | StrongTrend1h | Zone:FVG | MTF 15 | Risk x1.15,BOS+2 | 1h+2 | 4h+2 | Vol+2 | BTC+2 | FVG+1 | ChoCH+1 | Engulfing+1 | Zone:FVG+1 | Sess:OFF_HOURS | Strong1h+1 | TrendPairRisk:1.15,0,0,-1.0,range,0.3932,3,3.4049,0.0526,3.2167,-1,0.0,0.1896,2.1765,5.197,0.084,1.993,1.0,-0.6817,0.75,7369,0,1,0.648,-1.0,0,1.648,2
ETHUSDT,7372,7384,1778210100,1778221800,SHORT,TRAIL,2277.32,2270.48804,2140.6808,2304.64784,0.05077239913583645,0.025772399135836378,0.02500000000000007,14,3.58,30.7,0.572866194558335,0.004320897471587727,1.467797331609567,base,adaptive disabled,1.15,84.5,90,100,70,80,OFF_HOURS,bearish,bearish,FVG,BOS bearish | Vol 3.6x | FVG | ChoCH | StrongTrend1h | Zone:FVG | MTF 14 | Risk x1.15,BOS+2 | 1h+2 | 4h+2 | Vol+2 | BTC+2 | FVG+1 | ChoCH+1 | Zone:FVG+1 | Sess:OFF_HOURS | Strong1h+1 | TrendPairRisk:1.15,0,0,-1.0,range,0.4713,2,3.3732,0.0526,3.9559,-1,0.0,0.2331,1.2822,0.0,0.0632,1.637,1.0,-0.5887,0.75,7372,3,4,1.055,-1.0,0,2.186,1
XRPUSDT,7388,7428,1778224500,1778261400,SHORT,SL,1.382,1.377854,1.29908,1.398584,-0.5625,-0.5812499999999998,0.018749999999999822,16,2.26,36.62,0.36842105263156666,0.003382527455437315,1.1720457633935917,base,adaptive disabled,1.25,90.5,90,100,90,80,OFF_HOURS,bearish,bearish,FVG,BOS bearish | Vol 2.3x | FVG | ChoCH | StrongTrend1h | Zone:FVG | MTF 16 | Risk x1.25,BOS+2 | BodyStrong+1 | 1h+2 | 4h+2 | Vol+2 | RSI+1 | BTC+2 | FVG+1 | ChoCH+1 | Zone:FVG+1 | Sess:OFF_HOURS | Strong1h+1 | QualityRisk:1.15 | TrendPairRisk:1.25,0,0,-1.0,range,0.5455,1,3.038,0.25,1.9265,-1,0.0,1.1457,1.206,3.0,0.022,1.367,1.0,-0.4029,0.5625,7385,1,1,1.381,-1.0,0,1.105,0
AVAXUSDT,7394,7397,1778229900,1778233500,LONG,TRAIL,9.547,9.58297115,10.26642294,9.40311541,0.7525562674918758,0.7003042334137304,0.05225203407814527,14,3.35,63.52,0.48538011695906214,0.0025499324353743776,0.7563737086508926,base,adaptive disabled,1.0,78.0,60,90,90,80,LONDON,neutral,bullish,FVG,BOS bullish | Vol 3.4x | FVG | ChoCH | Session:LONDON | Zone:FVG | MTF 14,BOS+2 | BodyStrong+1 | 1hN+1 | 4h+2 | Vol+2 | RSI+1 | BTC+2 | FVG+1 | ChoCH+1 | Zone:FVG+1 | Sess:LONDON,0,1,-1.0,bear,0.1729,6,3.7775,0.0526,3.2728,-1,0.0,0.1877,2.1406,0.0,0.1336,4.938,1.0,0.1975,1.96875,7394,0,2,1.269,1.003,1,0.679,5
AVAXUSDT,7395,7397,1778230800,1778233500,LONG,TRAIL,9.547,9.58343749,10.27574987,9.40125003,0.7547171364769333,0.7023150673718764,0.05240206910505687,16,8.09,60.55,0.4514285714285584,0.0037003672785333596,1.0931116213858079,base,adaptive disabled,1.15,74.0,60,100,70,80,LONDON,neutral,bullish,FVG,BOS bullish | Vol 8.1x | FVG | ChoCH | BullWick | Session:LONDON | Zone:FVG | MTF 16 | Risk x1.15,BOS+2 | 1hN+1 | 4h+2 | Vol+2 | RSI+1 | BTC+2 | FVG+1 | ChoCH+1 | BullWick+1 | Zone:FVG+1 | Sess:LONDON | NestedOB_1h+2 | QualityRisk:1.15,0,1,-1.0,bear,0.2308,0,3.5525,0.0526,7.8353,-1,0.0,0.0892,2.1132,0.0,0.0713,4.82,-1.0,-0.1356,2.0,7395,1,3,0.895,1.259,0,1.678,6
AVAXUSDT,7398,7400,1778233500,1778236200,LONG,TRAIL,9.547,9.5838683,10.28436596,9.39952681,0.08677424689870608,0.06128397812510752,0.025490268773598567,14,1.45,68.86,0.5607476635514008,0.005432069130535556,1.6046671716092429,base,adaptive disabled,1.0,74.0,60,100,70,80,LONDON,neutral,bullish,FVG,BOS bullish | Vol 1.4x | FVG | ChoCH | Session:LONDON | Zone:FVG | MTF 14,BOS+2 | BodyStrong+1 | 1hN+1 | 4h+2 | Vol+1 | BTC+2 | FVG+1 | ChoCH+1 | Zone:FVG+1 | Sess:LONDON | NestedOB_1h+2,0,1,-1.0,bear,0.4118,0,2.7753,0.1111,0.9935,-1,0.0,0.0814,1.7088,0.0,0.0695,0.99,-1.0,-0.0844,0.984375,7397,3,5,2.348,1.201,0,1.121,2
BTCUSDT,7413,7415,1778247000,1778249700,SHORT,TRAIL,79776.2,79536.8714,74989.628,80733.5144,0.11530302897355116,0.09342802897355124,0.021874999999999933,18,1.35,37.51,0.5454627214677608,0.003926119500068532,1.8681711503186655,base,adaptive disabled,1.0,66.0,60,90,50,80,NEW_YORK,neutral,bearish,FVG,BOS bearish | Vol 1.4x | FVG | LiqSweep | MACD_Div | ChoCH | Engulfing | BearWick | Session:NEW_YORK | Zone:FVG | MTF 18,BOS+2 | 1hN+1 | 4h+2 | Vol+1 | RSI+1 | BTC+2 | FVG+1 | LiqSweep+1 | MACD_Div+1 | ChoCH+1 | Engulfing+1 | BearWick+1 | Zone:FVG+1 | Sess:NEW_YORK | NestedOB_1h+2,0,1,-1.0,bull,0.2246,4,4.7982,0.0526,1.3149,-1,0.0,0.1919,1.1541,0.0,-0.2671,1.256,1.0,-0.0718,0.65625,7413,0,1,0.803,0.153,1,1.077,3
BTCUSDT,7415,7520,1778248800,1778344200,SHORT,SL,79776.2,79536.8714,74989.628,80733.5144,-0.65625,-0.6781249999999999,0.021874999999999933,17,1.58,37.06,0.5810676542317631,0.003933287218187908,1.871581776053313,base,adaptive disabled,1.0,66.0,60,90,50,80,NEW_YORK,neutral,bearish,FVG,BOS bearish | Vol 1.6x | FVG | LiqSweep | MACD_Div | ChoCH | BearWick | Session:NEW_YORK | Zone:FVG | MTF 17,BOS+2 | 1hN+1 | 4h+2 | Vol+1 | RSI+1 | BTC+2 | FVG+1 | LiqSweep+1 | MACD_Div+1 | ChoCH+1 | BearWick+1 | Zone:FVG+1 | Sess:NEW_YORK | NestedOB_1h+2,0,1,-1.0,bull,0.2708,0,4.9974,0.0526,1.0217,-1,0.0,1.0388,0.8244,0.0,-0.3505,1.249,1.0,-0.1804,0.65625,7414,1,2,0.865,0.071,1,0.702,5
ETHUSDT,7415,7429,1778248800,1778262300,SHORT,SL,2278.89,2270.76773818,2116.44476356,2311.37904729,-0.75,-0.7710429993190482,0.021042999319048267,19,1.7,34.85,0.5609467455621282,0.004237763520093634,1.7460272907682548,base,adaptive disabled,1.15,78.5,90,100,50,80,NEW_YORK,bearish,bearish,FVG,BOS bearish | Vol 1.7x | FVG | LiqSweep | MACD_Div | ChoCH | BearWick | Session:NEW_YORK | StrongTrend1h | Zone:FVG | MTF 19 | Risk x1.15,BOS+2 | 1h+2 | 4h+2 | Vol+1 | RSI+1 | BTC+2 | FVG+1 | LiqSweep+1 | MACD_Div+1 | ChoCH+1 | BearWick+1 | Zone:FVG+1 | Sess:NEW_YORK | Strong1h+1 | NestedOB_1h+2 | TrendPairRisk:1.15,0,1,-1.0,bull,0.2946,0,4.8924,0.1111,1.3,-1,0.0,1.0961,0.8335,0.0,-0.2713,1.301,1.0,-0.4085,0.75,7414,1,2,1.244,0.664,1,0.914,5
AVAXUSDT,7420,7423,1778253300,1778256900,LONG,TRAIL,9.684,9.7436501,10.87700207,9.44539959,0.1796408641689158,0.1705088597436091,0.009132004425306725,13,1.69,69.61,0.3439490445859889,0.007317289406434841,1.9817310366950656,base,adaptive disabled,1.15,76.5,90,90,50,80,NEW_YORK,bullish,bullish,FVG,BOS bullish | Vol 1.7x | FVG | ChoCH | Session:NEW_YORK | StrongTrend1h | Zone:FVG | MTF 13 | Risk x1.15,BOS+2 | 1h+2 | 4h+2 | Vol+1 | BTC+2 | FVG+1 | ChoCH+1 | Zone:FVG+1 | Sess:NEW_YORK | Strong1h+1 | RelStrengthRisk:1.15,0,0,-1.0,range,0.2379,0,4.9395,0.0526,1.6853,-1,0.0,0.264,1.9447,3.273,-0.0295,1.422,1.0,0.0834,0.5625,7420,1,3,1.673,0.02,1,1.19,5
SUIUSDT,7421,7430,1778254200,1778263200,LONG,TRAIL,1.0054,1.01419725,1.181345,0.970211,0.4036240018187498,0.3955882875330355,0.008035714285714281,16,2.24,63.7,0.3834586466165444,0.010155601060565475,2.126715326664873,base,adaptive disabled,1.15,88.5,90,90,90,80,NEW_YORK,bullish,bullish,FVG,BOS bullish | Vol 2.2x | FVG | ChoCH | Session:NEW_YORK | StrongTrend1h | Zone:FVG | MTF 16 | Risk x1.15,BOS+2 | BodyStrong+1 | 1h+2 | 4h+2 | Vol+2 | RSI+1 | BTC+2 | FVG+1 | ChoCH+1 | Zone:FVG+1 | Sess:NEW_YORK | Strong1h+1 | QualityRisk:1.15,0,0,-1.0,range,0.2089,0,4.8165,0.1111,2.4326,-1,0.0,0.2558,3.5352,9.273,0.1403,1.068,1.0,0.3584,0.703125,7421,2,5,1.955,0.341,1,2.1,6
SUIUSDT,7422,7430,1778255100,1778263200,LONG,TRAIL,1.0054,1.01419725,1.181345,0.970211,0.538165335758333,0.5274510500440474,0.010714285714285707,15,1.74,67.06,0.5629629629629636,0.011556853480269023,2.4201558605867364,base,adaptive disabled,1.15,82.5,90,90,70,80,NEW_YORK,bullish,bullish,FVG,BOS bullish | Vol 1.7x | FVG | ChoCH | Session:NEW_YORK | StrongTrend1h | Zone:FVG | MTF 15 | Risk x1.15,BOS+2 | BodyStrong+1 | 1h+2 | 4h+2 | Vol+1 | RSI+1 | BTC+2 | FVG+1 | ChoCH+1 | Zone:FVG+1 | Sess:NEW_YORK | Strong1h+1 | QualityRisk:1.15,0,0,-1.0,range,0.2089,1,3.7059,0.1765,2.2329,-1,0.0,0.108,3.5352,0.0,0.1701,1.297,1.0,0.3951,0.9375,7422,3,6,2.594,1.01,1,1.342,0
AVAXUSDT,7461,7461,1778290200,1778291100,LONG,TP1,10.02,10.06966229,11.01324584,9.82135083,0.0,-0.01513220518364113,0.01513220518364113,15,1.35,65.26,0.25694444444444986,0.005317153053939726,1.1682376054407064,base,adaptive disabled,1.25,82.5,90,90,70,80,OFF_HOURS,bullish,bullish,FVG,BOS bullish | Vol 1.4x | FVG | ChoCH | StrongTrend1h | Zone:FVG | MTF 15 | Risk x1.25,BOS+2 | BodyStrong+1 | 1h+2 | 4h+2 | Vol+1 | RSI+1 | BTC+2 | FVG+1 | ChoCH+1 | Zone:FVG+1 | Sess:OFF_HOURS | Strong1h+1 | QualityRisk:1.15 | RelStrengthRisk:1.25,0,0,-1.0,range,0.2536,0,4.197,0.0526,1.3168,-1,0.0,0.005,1.1075,1.542,0.1635,1.083,1.0,0.4384,0.75,7461,0,1,0.0,-1.0,0,1.243,6
LINKUSDT,7464,7472,1778292900,1778301000,LONG,TRAIL,10.526,10.60216201,12.04924028,10.22135194,0.09204725038903093,0.08475907620863404,0.007288174180396885,15,1.77,69.12,0.6473684210526314,0.007844314008710121,1.6866944121874021,base,adaptive disabled,1.15,84.5,90,100,70,80,OFF_HOURS,bullish,bullish,FVG,BOS bullish | Vol 1.8x | FVG | ChoCH | Engulfing | StrongTrend1h | Zone:FVG | MTF 15 | Risk x1.15,BOS+2 | BodyStrong+1 | 1h+2 | 4h+2 | Vol+1 | BTC+2 | FVG+1 | ChoCH+1 | Engulfing+1 | Zone:FVG+1 | Sess:OFF_HOURS | Strong1h+1 | RelStrengthRisk:1.15,0,1,-1.0,bear,0.2167,0,3.6013,0.1111,3.8066,-1,0.0,0.0394,1.0373,0.0,0.2294,1.478,1.0,0.4331,0.52734375,7464,0,6,2.982,-1.0,0,1.2,2
AVAXUSDT,7466,7512,1778294700,1778337000,LONG,SL,10.02,10.07003279,11.02065586,9.81986883,-0.31640625,-0.32274287537424834,0.006336625374248337,15,2.27,70.88,0.5541401273885334,0.005301758195221907,1.1103235301298024,base,adaptive disabled,1.25,84.5,90,100,70,80,OFF_HOURS,bullish,bullish,FVG,BOS bullish | Vol 2.3x | FVG | ChoCH | Engulfing | StrongTrend1h | Zone:FVG | MTF 15 | Risk x1.25,BOS+2 | 1h+2 | 4h+2 | Vol+2 | BTC+2 | FVG+1 | ChoCH+1 | Engulfing+1 | Zone:FVG+1 | Sess:OFF_HOURS | Strong1h+1 | QualityRisk:1.15 | RelStrengthRisk:1.25,0,0,-1.0,range,0.393,0,2.3113,0.25,1.1927,-1,0.0,1.0693,0.5996,10.0,0.1115,1.963,1.0,0.5419,0.31640625,7463,2,3,1.428,-1.0,0,0.566,0
AVAXUSDT,7551,7553,1778371200,1778373900,LONG,TRAIL,9.928,9.957784,10.52368,9.808864,0.21297479918463913,0.1942247991846393,0.01874999999999984,14,1.88,46.99,0.18435754189944623,0.0031486118089519635,1.0460737966713252,base,adaptive disabled,1.15,74.9,90,82,50,80,DEAD_ZONE,bullish,bullish,FVG,BOS bullish | Vol 1.9x | FVG | ChoCH | Discount | StrongTrend1h | Zone:FVG | MTF 14 | Risk x1.15,BOS+2 | 1h+2 | 4h+2 | Vol+1 | RSI+1 | BTCok+1 | FVG+1 | ChoCH+1 | Discount+1 | Zone:FVG+1 | Sess:DEAD_ZONE | Strong1h+1 | QualityRisk:1.15,0,0,-1.0,range,1.0,1,2.5516,0.25,1.4824,-1,0.0,0.1427,2.0145,0.0,-0.0316,2.437,1.0,-0.0659,0.5625,7550,24,4,1.679,1.209,0,0.873,0
SUIUSDT,7554,7562,1778373900,1778382000,LONG,TP1,1.0823,1.08926143,1.22152868,1.05445426,0.0,-0.018219236586996753,0.018219236586996753,18,3.75,60.72,0.2424242424242416,0.022163581314529838,4.6636607806465324,base,adaptive disabled,1.15,84.3,90,69,90,80,OFF_HOURS,bullish,bullish,FVG,BOS bullish | Vol 3.8x | FVG | ChoCH | Engulfing | StrongTrend1h | Zone:FVG | MTF 18 | Risk x1.15,BOS+2 | BodyStrong+1 | 1h+2 | 4h+2 | Vol+2 | RSI+1 | BTCok+1 | FVG+1 | ChoCH+1 | Engulfing+1 | Zone:FVG+1 | Sess:OFF_HOURS | Strong1h+1 | NestedOB_1h+2 | QualityRisk:1.15,0,0,-1.0,bull,0.6252,0,5.7316,0.1111,15.431,-1,0.0,0.6033,1.0774,4.324,-0.0038,1.572,1.0,0.3678,1.171875,7554,0,2,0.848,2.363,0,2.385,3
SOLUSDT,7591,7611,1778407200,1778426100,LONG,TP1,93.85,94.13155,99.481,92.7238,0.0,-0.014062500000000035,0.014062500000000035,16,1.91,70.42,0.5796178343949048,0.005086134346629699,2.4865843129418264,base,adaptive disabled,1.25,85.5,90,90,80,80,LONDON,bullish,bullish,OB,BOS bullish | Vol 1.9x | FVG | OB | ChoCH | Engulfing | Session:LONDON | StrongTrend1h | Zone:OB | MTF 16 | Risk x1.25,BOS+2 | BodyStrong+1 | 1h+2 | 4h+2 | Vol+1 | BTC+2 | FVG+1 | OB+1 | ChoCH+1 | Engulfing+1 | Zone:OB+1 | Sess:LONDON | Strong1h+1 | QualityRisk:1.15 | RelStrengthRisk:1.25,0,0,-1.0,bull,0.5915,1,3.766,0.25,3.9422,-1,0.0,0.8879,1.7048,10.0,-0.0681,1.283,1.0,0.4127,0.421875,7590,4,2,0.76,-1.0,0,0.76,0
LINKUSDT,7605,7607,1778419800,1778422500,LONG,TRAIL,10.54,10.58038271,11.34765416,10.37846917,0.2649229875765132,0.23229763673791448,0.032625350838598736,15,2.15,65.04,0.24607329842931927,0.004204634247578885,1.4668567345193135,base,adaptive disabled,1.0,82.3,90,89,70,80,NEW_YORK,bullish,bullish,FVG,BOS bullish | Vol 2.1x | FVG | ChoCH | Session:NEW_YORK | StrongTrend1h | Zone:FVG | MTF 15,BOS+2 | 1h+2 | 4h+2 | Vol+2 | RSI+1 | BTC+2 | FVG+1 | ChoCH+1 | Zone:FVG+1 | Sess:NEW_YORK | Strong1h+1,0,0,-1.0,range,0.2791,0,3.9434,0.0526,2.1553,-1,0.0,0.0062,1.3124,1.741,0.0895,1.678,-1.0,-0.1323,1.25,7605,0,1,0.133,1.545,0,1.279,4
XRPUSDT,7606,7609,1778420700,1778424300,LONG,TP1,1.43,1.43454953,1.52099059,1.41180188,0.0,-0.031431818231773614,0.031431818231773614,16,1.88,63.19,0.36842105263157526,0.003963368778530342,1.8654255718936557,base,adaptive disabled,1.0,82.5,90,90,70,80,NEW_YORK,bullish,bullish,FVG,BOS bullish | Vol 1.9x | FVG | ChoCH | BullWick | Session:NEW_YORK | StrongTrend1h | Zone:FVG | MTF 16,BOS+2 | BodyStrong+1 | 1h+2 | 4h+2 | Vol+1 | RSI+1 | BTC+2 | FVG+1 | ChoCH+1 | BullWick+1 | Zone:FVG+1 | Sess:NEW_YORK | Strong1h+1,0,0,-1.0,bull,0.2222,0,3.573,0.0526,1.8209,-1,0.0,0.1099,1.5386,0.0,0.1905,1.973,-1.0,-0.0499,1.0,7606,0,1,0.0,1.191,0,0.953,3
AVAXUSDT,7608,7613,1778422500,1778427900,LONG,TRAIL,10.056,10.09708573,10.87771451,9.8916571,0.15438094069205016,0.1360241999992669,0.018356740692783265,15,3.44,66.79,0.7205882352941179,0.005135877271398356,1.4559478367807963,base,adaptive disabled,1.15,84.5,90,100,70,80,NEW_YORK,bullish,bullish,FVG,BOS bullish | Vol 3.4x | FVG | ChoCH | Session:NEW_YORK | StrongTrend1h | Zone:FVG | MTF 15 | Risk x1.15,BOS+2 | 1h+2 | 4h+2 | Vol+2 | RSI+1 | BTC+2 | FVG+1 | ChoCH+1 | Zone:FVG+1 | Sess:NEW_YORK | Strong1h+1 | RelStrengthRisk:1.15,0,0,-1.0,range,0.3369,0,3.5694,0.0526,3.6234,-1,0.0,0.2738,1.9958,0.0,0.1186,2.2,-1.0,-0.0907,0.75,7608,0,3,1.314,1.339,0,1.562,6
LINKUSDT,7608,7613,1778422500,1778427900,LONG,TRAIL,10.54,10.58065269,11.35305384,10.37738923,0.13660658733195347,0.11230007922059018,0.024306508111363284,14,1.35,68.78,0.7028571428571291,0.004385753479316238,1.5300431971653528,base,adaptive disabled,1.15,78.5,90,100,50,80,NEW_YORK,bullish,bullish,FVG,BOS bullish | Vol 1.4x | FVG | ChoCH | BullWick | Session:NEW_YORK | StrongTrend1h | Zone:FVG | MTF 14 | Risk x1.15,BOS+2 | 1h+2 | 4h+2 | Vol+1 | BTC+2 | FVG+1 | ChoCH+1 | BullWick+1 | Zone:FVG+1 | Sess:NEW_YORK | Strong1h+1 | RelStrengthRisk:1.15,0,0,-1.0,range,0.2994,0,2.9784,0.1111,1.3059,-1,0.0,0.1968,1.0823,0.0,0.1623,1.239,1.0,0.0129,0.9375,7607,2,3,0.906,0.725,1,0.725,2
SOLUSDT,7615,7617,1778428800,1778431500,LONG,TP1,94.3,94.73925467,103.08509332,92.54298134,0.0,-0.00905689015277732,0.00905689015277732,16,2.33,70.87,0.7702702702702834,0.0035335274275542093,1.3705669509640095,base,adaptive disabled,1.15,90.5,90,100,90,80,NEW_YORK,bullish,bullish,FVG,BOS bullish | Vol 2.3x | FVG | ChoCH | Engulfing | Session:NEW_YORK | StrongTrend1h | Zone:FVG | MTF 16 | Risk x1.15,BOS+2 | BodyStrong+1 | 1h+2 | 4h+2 | Vol+2 | BTC+2 | FVG+1 | ChoCH+1 | Engulfing+1 | Zone:FVG+1 | Sess:NEW_YORK | Strong1h+1 | QualityRisk:1.15,0,0,-1.0,range,0.2077,0,3.4526,0.0526,1.7025,-1,0.0,0.1252,1.1383,0.0,0.1457,2.306,1.0,0.2599,0.421875,7614,0,2,1.791,1.01,1,1.205,3
SOLUSDT,7615,7617,1778428800,1778431500,LONG,TP1,94.3,94.74037933,103.10758665,92.53848267,0.0,-0.009033760116342406,0.009033760116342406,15,1.72,69.69,0.6825396825396947,0.003317817486687256,1.2513480432802926,base,adaptive disabled,1.15,78.5,90,100,50,80,NEW_YORK,bullish,bullish,FVG,BOS bullish | Vol 1.7x | FVG | ChoCH | Engulfing | BullWick | Session:NEW_YORK | StrongTrend1h | Zone:FVG | MTF 15 | Risk x1.15,BOS+2 | 1h+2 | 4h+2 | Vol+1 | BTC+2 | FVG+1 | ChoCH+1 | Engulfing+1 | BullWick+1 | Zone:FVG+1 | Sess:NEW_YORK | Strong1h+1 | QualityRisk:1.15,0,0,-1.0,range,0.2077,0,3.4027,0.0526,1.7025,-1,0.0,0.1249,1.1354,0.0,0.1175,1.444,1.0,0.1258,0.421875,7615,1,3,1.669,1.091,1,1.188,3
SOLUSDT,7616,7617,1778429700,1778431500,LONG,TP1,94.3,94.74160224,103.13204475,92.53359105,0.0,-0.009008743416976014,0.009008743416976014,14,1.88,68.47,0.6229508196721432,0.003775116857989484,1.423823074160824,base,adaptive disabled,1.15,78.5,90,100,50,80,NEW_YORK,bullish,bullish,FVG,BOS bullish | Vol 1.9x | FVG | ChoCH | BullWick | Session:NEW_YORK | StrongTrend1h | Zone:FVG | MTF 14 | Risk x1.15,BOS+2 | 1h+2 | 4h+2 | Vol+1 | BTC+2 | FVG+1 | ChoCH+1 | BullWick+1 | Zone:FVG+1 | Sess:NEW_YORK | Strong1h+1 | QualityRisk:1.15,0,0,-1.0,range,0.2077,0,3.3501,0.1111,1.7915,-1,0.0,0.1245,1.1322,0.0,0.1518,1.569,1.0,0.0592,0.421875,7616,2,4,1.549,1.169,1,1.201,0
ETHUSDT,7647,7749,1778457600,1778550300,LONG,SL,2365.98,2382.8746344,2703.87268798,2298.4014624,-0.5625,-0.5703774344474717,0.00787743444747169,15,1.44,68.78,0.6108422071636065,0.006530242944891264,2.2415443040277556,base,adaptive disabled,1.0,82.5,90,90,70,80,DEAD_ZONE,bullish,bullish,FVG,BOS bullish | Vol 1.4x | FVG | LiqSweep | ChoCH | StrongTrend1h | Zone:FVG | MTF 15,BOS+2 | BodyStrong+1 | 1h+2 | 4h+2 | Vol+1 | BTC+2 | FVG+1 | LiqSweep+1 | ChoCH+1 | Zone:FVG+1 | Sess:DEAD_ZONE | Strong1h+1,0,0,-1.0,range,0.2343,0,2.7667,0.25,0.9224,-1,0.0,1.0665,0.5102,0.0,0.1028,1.682,1.0,0.0923,0.5625,7644,1,1,0.829,1.767,0,1.024,1
BTCUSDT,7648,7810,1778458500,1778605200,LONG,SL,81790.4,82257.28647845,91128.12956909,79922.85408618,-0.158203125,-0.16097456891026674,0.0027714439102667623,16,1.52,70.71,0.4247952345495168,0.006531264037792788,3.54844404124637,base,adaptive disabled,1.0,80.5,90,80,70,80,DEAD_ZONE,bullish,bullish,FVG,BOS bullish | Vol 1.5x | FVG | LiqSweep | ChoCH | Engulfing | StrongTrend1h | Zone:FVG | MTF 16,BOS+2 | BodyStrong+1 | 1h+2 | 4h+2 | Vol+1 | BTC+2 | FVG+1 | LiqSweep+1 | ChoCH+1 | Engulfing+1 | Zone:FVG+1 | Sess:DEAD_ZONE | Strong1h+1,0,1,-1.0,bear,0.3013,0,2.2078,0.25,0.7136,-1,0.0,1.077,0.6631,0.0,0.1726,1.231,1.0,0.1368,0.158203125,7643,0,2,1.881,2.569,0,1.703,0
ADAUSDT,7689,7701,1778495400,1778507100,LONG,TP1,0.2795,0.28081436,0.30578711,0.27424258,0.0,-0.023549529165446118,0.023549529165446118,15,3.1,65.36,0.46031746031745163,0.005486932527545841,1.089939954613699,base,adaptive disabled,1.15,80.0,60,100,90,80,LONDON,neutral,bullish,FVG,BOS bullish | Vol 3.1x | FVG | LiqSweep | ChoCH | Session:LONDON | Zone:FVG | MTF 15 | Risk x1.15,BOS+2 | BodyStrong+1 | 1hN+1 | 4h+2 | Vol+2 | RSI+1 | BTC+2 | FVG+1 | LiqSweep+1 | ChoCH+1 | Zone:FVG+1 | Sess:LONDON | QualityRisk:1.15,0,0,-1.0,range,0.2727,6,4.1354,0.0526,3.0617,-1,0.0,0.3614,1.0652,0.0,0.0218,2.597,1.0,0.3189,1.107421875,7689,0,2,1.909,6.442,0,1.193,5
LINKUSDT,7689,7705,1778495400,1778510700,LONG,SL,10.606,10.64649631,11.41592613,10.44401477,-2.0,-2.0523800842829933,0.05238008428299326,15,1.8,57.39,0.4106280193236691,0.003364070795076196,0.754697073694029,base,adaptive disabled,1.15,66.0,60,90,50,80,LONDON,neutral,bullish,FVG,BOS bullish | Vol 1.8x | FVG | LiqSweep | ChoCH | Session:LONDON | Zone:FVG | MTF 15 | Risk x1.15,BOS+2 | 1hN+1 | 4h+2 | Vol+1 | RSI+1 | BTC+2 | FVG+1 | LiqSweep+1 | ChoCH+1 | Zone:FVG+1 | Sess:LONDON | NestedOB_1h+2 | QualityRisk:1.15,0,0,-1.0,range,0.2547,0,2.7152,0.0526,1.856,-1,0.0,1.3211,0.1482,0.0,-0.0664,1.838,-1.0,-0.018,2.0,7689,0,1,0.024,0.024,1,0.977,5
XRPUSDT,7701,7701,1778506200,1778507100,LONG,TP1,1.452,1.456356,1.53912,1.434576,0.0,-0.06666666666666711,0.06666666666666711,14,1.54,59.26,0.384615384615403,0.00366347829336206,0.8896146456324774,base,adaptive disabled,1.15,68.0,60,100,50,80,OVERLAP,neutral,bullish,FVG,BOS bullish | Vol 1.5x | FVG | ChoCH | Engulfing | BullWick | Session:OVERLAP | Zone:FVG | MTF 14 | Risk x1.15,BOS+2 | 1hN+1 | 4h+2 | Vol+1 | RSI+1 | BTC+2 | FVG+1 | ChoCH+1 | Engulfing+1 | BullWick+1 | Zone:FVG+1 | Sess:OVERLAP | QualityRisk:1.15,0,0,-1.0,range,0.5217,0,2.0651,0.1111,0.6949,-1,0.0,0.0574,2.5253,1.25,0.1141,1.174,1.0,0.1389,2.0,7696,2,1,0.563,0.375,1,0.939,1
XRPUSDT,7701,7701,1778506200,1778507100,LONG,TP1,1.452,1.456356,1.53912,1.434576,0.0,-0.05833333333333372,0.05833333333333372,14,1.77,55.81,0.23809523809524716,0.003883632239595518,0.945664450406235,base,adaptive disabled,1.15,82.1,90,88,70,80,OVERLAP,bullish,bullish,FVG,BOS bullish | Vol 1.8x | FVG | ChoCH | Session:OVERLAP | StrongTrend1h | Zone:FVG | MTF 14 | Risk x1.15,BOS+2 | BodyStrong+1 | 1h+2 | 4h+2 | Vol+1 | RSI+1 | BTCok+1 | FVG+1 | ChoCH+1 | Zone:FVG+1 | Sess:OVERLAP | Strong1h+1 | QualityRisk:1.15,0,0,-1.0,range,0.5217,0,2.039,0.1111,0.6949,-1,0.0,0.0574,2.5253,1.667,0.15,1.361,1.0,0.1178,1.75,7699,5,4,0.556,0.371,1,0.927,1
SUIUSDT,7702,7703,1778507100,1778508900,LONG,TP1,1.2757,1.28676177,1.3515,1.23145294,0.0,-0.014415647050900102,0.014415647050900102,18,1.75,50.43,0.12211221122112424,0.011051027329118656,0.8863333215943814,base,adaptive disabled,1.25,73.3,90,74,50,80,NEW_YORK,bullish,bullish,FVG,BOS bullish | Vol 1.8x | FVG | ChoCH | Engulfing | Discount | BullWick | Session:NEW_YORK | StrongTrend1h | Zone:FVG | MTF 18 | Risk x1.25,BOS+2 | 1h+2 | 4h+2 | Vol+1 | RSI+1 | BTCok+1 | FVG+1 | ChoCH+1 | Engulfing+1 | Discount+1 | BullWick+1 | Zone:FVG+1 | Sess:NEW_YORK | Strong1h+1 | NestedOB_1h+2 | QualityRisk:1.15 | RelStrengthRisk:1.25,0,0,-1.0,range,0.3166,0,1.7969,0.1765,1.1752,-1,0.0,0.2283,1.6182,0.787,0.048,1.601,1.0,0.0925,1.25,7702,4,4,0.274,3.011,0,1.095,1
AVAXUSDT,7705,7706,1778509800,1778511600,LONG,TP1,10.07,10.10021,10.6742,9.94916,0.0,-0.03281249999999968,0.03281249999999968,19,1.71,44.05,0.16622691292876013,0.007396817619074234,1.6501478239694674,base,adaptive disabled,1.0,69.8,60,79,70,80,NEW_YORK,neutral,bullish,FVG,BOS bullish | Vol 1.7x | FVG | LiqSweep | ChoCH | Engulfing | Discount | BullWick | Session:NEW_YORK | Zone:FVG | MTF 19,BOS+2 | BodyStrong+1 | 1hN+1 | 4h+2 | Vol+1 | RSI+1 | BTC+2 | FVG+1 | LiqSweep+1 | ChoCH+1 | Engulfing+1 | Discount+1 | BullWick+1 | Zone:FVG+1 | Sess:NEW_YORK | NestedOB_1h+2,0,0,-1.0,range,0.7442,0,2.3537,5.6667,1.0087,-1,0.0,0.6289,1.0924,6.3,-0.1012,0.879,1.0,-0.1667,0.984375,7705,35,1,1.632,0.206,1,1.941,1
XRPUSDT,7711,7798,1778515200,1778594400,LONG,SL,1.479,1.48932358,1.68547164,1.43770567,-0.5625,-0.5705586124051414,0.008058612405141306,13,1.87,69.64,0.4230769230769249,0.007425990960871283,1.7983274778147609,base,adaptive disabled,1.15,78.5,90,100,50,80,NEW_YORK,bullish,bullish,FVG,BOS bullish | Vol 1.9x | FVG | ChoCH | BullWick | Session:NEW_YORK | StrongTrend1h | Zone:FVG | MTF 13 | Risk x1.15,BOS+2 | 1h+2 | 4h+2 | Vol+1 | BTCok+1 | FVG+1 | ChoCH+1 | BullWick+1 | Zone:FVG+1 | Sess:NEW_YORK | Strong1h+1 | RelStrengthRisk:1.15,0,0,-1.0,bull,0.2143,1,4.0992,0.1111,1.3833,-1,0.0,1.1624,0.7749,2.444,0.2558,1.721,1.0,0.3116,0.5625,7710,0,6,2.291,3.014,0,0.844,0
AVAXUSDT,7712,7771,1778516100,1778570100,LONG,SL,10.191,10.487,11.49913873,9.92937225,-0.421875,-0.4284481989439194,0.006573198943919353,17,1.48,63.45,0.324786324786327,0.005409355255042121,1.1445294160572639,base,adaptive disabled,1.25,84.1,90,98,70,80,NEW_YORK,bullish,bullish,FVG,BOS bullish | Vol 1.5x | FVG | ChoCH | Engulfing | BullWick | Session:NEW_YORK | StrongTrend1h | Zone:FVG | MTF 17 | Risk x1.25,BOS+2 | BodyStrong+1 | 1h+2 | 4h+2 | Vol+1 | RSI+1 | BTC+2 | FVG+1 | ChoCH+1 | Engulfing+1 | BullWick+1 | Zone:FVG+1 | Sess:NEW_YORK | Strong1h+1 | QualityRisk:1.15 | RelStrengthRisk:1.25,0,0,-1.0,range,0.2836,2,3.9921,0.0526,1.4446,-1,0.0,1.0244,0.2297,10.0,0.1615,1.427,1.0,0.0331,0.421875,7712,2,3,1.439,3.574,1,1.037,1
AVAXUSDT,7713,7771,1778517000,1778570100,LONG,SL,10.191,10.25693144,11.50962882,9.92727424,-1.0,-1.0154569655994166,0.015456965599416516,16,1.41,54.25,0.15241635687732472,0.0066244778045140415,1.3998349660801732,base,adaptive disabled,1.25,80.1,90,78,70,80,NEW_YORK,bullish,bullish,FVG,BOS bullish | Vol 1.4x | FVG | ChoCH | Engulfing | Session:NEW_YORK | StrongTrend1h | Zone:FVG | MTF 16 | Risk x1.25,BOS+2 | BodyStrong+1 | 1h+2 | 4h+2 | Vol+1 | RSI+1 | BTC+2 | FVG+1 | ChoCH+1 | Engulfing+1 | Zone:FVG+1 | Sess:NEW_YORK | Strong1h+1 | QualityRisk:1.15 | RelStrengthRisk:1.25,0,0,-1.0,range,0.2836,0,2.9374,0.1111,1.3883,-1,0.0,1.0162,0.5764,0.0,0.1051,0.999,-1.0,-0.0498,1.0,7713,3,4,0.24,0.285,1,1.409,2
BTCUSDT,7713,7719,1778517000,1778523300,LONG,TRAIL,81640.0,82015.81213261,89156.24265213,80136.75146957,0.08286896925445102,0.07217687498351742,0.010692094270933584,14,1.64,66.33,0.3976829612885012,0.0037341275318578133,1.6120369803326888,base,adaptive disabled,1.0,68.0,60,100,50,80,NEW_YORK,neutral,bullish,FVG,BOS bullish | Vol 1.6x | FVG | ChoCH | Engulfing | BullWick | Session:NEW_YORK | Zone:FVG | MTF 14,BOS+2 | 1hN+1 | 4h+2 | Vol+1 | RSI+1 | BTC+2 | FVG+1 | ChoCH+1 | Engulfing+1 | BullWick+1 | Zone:FVG+1 | Sess:NEW_YORK,0,0,-1.0,range,0.1361,0,3.9089,0.0526,1.5851,-1,0.0,0.2117,1.1333,0.0,0.2407,2.25,1.0,0.121,0.4921875,7713,0,2,1.526,2.725,0,0.727,2
BTCUSDT,7714,7719,1778517900,1778523300,LONG,TRAIL,81640.0,82017.65769456,89193.1538913,80129.36922174,0.10995199978072719,0.09576554183983685,0.014186457940890336,15,2.08,59.84,0.23100399915807268,0.004173911670098877,1.7724137954443362,base,adaptive disabled,1.15,77.4,60,87,90,80,NEW_YORK,neutral,bullish,FVG,BOS bullish | Vol 2.1x | FVG | ChoCH | Engulfing | Session:NEW_YORK | Zone:FVG | MTF 15 | Risk x1.15,BOS+2 | BodyStrong+1 | 1hN+1 | 4h+2 | Vol+2 | RSI+1 | BTC+2 | FVG+1 | ChoCH+1 | Engulfing+1 | Zone:FVG+1 | Sess:NEW_YORK | QualityRisk:1.15,0,0,-1.0,range,0.1625,0,3.5216,0.0526,1.9961,-1,0.0,0.2106,1.1277,0.0,0.1377,1.541,1.0,0.0058,0.65625,7714,1,3,0.766,0.048,1,1.349,0
SUIUSDT,7748,7749,1778548500,1778550300,LONG,TP1,1.2795,1.2833385,1.35627,1.264146,0.0,-0.029296874999999833,0.029296874999999833,18,2.23,42.73,0.22684563758389306,0.015167353459080218,1.4184164732382913,base,adaptive disabled,1.25,87.9,90,87,90,80,OFF_HOURS,bullish,bullish,FVG,BOS bullish | Vol 2.2x | FVG | LiqSweep | ChoCH | Engulfing | Discount | StrongTrend1h | Zone:FVG | MTF 18 | Risk x1.25,BOS+2 | BodyStrong+1 | 1h+2 | 4h+2 | Vol+2 | RSI+1 | BTCok+1 | FVG+1 | LiqSweep+1 | ChoCH+1 | Engulfing+1 | Discount+1 | Zone:FVG+1 | Sess:OFF_HOURS | Strong1h+1 | QualityRisk:1.15 | RelStrengthRisk:1.25,0,0,-1.0,range,1.0,0,2.5373,0.1111,2.1657,-1,0.0,0.5992,2.1884,5.121,-0.0781,1.156,1.0,-0.2352,0.87890625,7748,35,2,1.81,2.793,0,1.926,0
ETHUSDT,7839,7857,1778630400,1778647500,SHORT,SL,2277.01,2270.17897,2140.3894,2304.33412,-0.5625,-0.5812500000000002,0.018750000000000162,16,1.71,38.78,0.5820312500000067,0.0022087574117775287,0.9369934857483001,base,adaptive disabled,1.25,84.5,90,100,70,80,DEAD_ZONE,bearish,bearish,FVG,BOS bearish | Vol 1.7x | FVG | MACD_Div | ChoCH | StrongTrend1h | Zone:FVG | MTF 16 | Risk x1.25,BOS+2 | BodyStrong+1 | 1h+2 | 4h+2 | Vol+1 | RSI+1 | BTC+2 | FVG+1 | MACD_Div+1 | ChoCH+1 | Zone:FVG+1 | Sess:DEAD_ZONE | Strong1h+1 | QualityRisk:1.15 | TrendPairRisk:1.25,0,1,-1.0,bull,0.2568,2,2.8618,0.0526,1.8103,-1,0.0,1.0972,0.7056,0.0,-0.2031,1.729,-1.0,0.1019,0.5625,7839,0,4,1.589,2.373,0,0.988,1
ETHUSDT,7904,8003,1778688900,1778778900,SHORT,SL,2245.75,2227.65607143,1883.87142866,2318.12571427,-1.0,-1.0124116218963846,0.01241162189638448,14,1.3,28.91,0.4320346320346289,0.0054385624231924464,1.996608184523579,base,adaptive disabled,1.15,82.5,90,90,70,80,NEW_YORK,bearish,bearish,FVG,BOS bearish | Vol 1.3x | FVG | ChoCH | Session:NEW_YORK | StrongTrend1h | Zone:FVG | MTF 14 | Risk x1.15,BOS+2 | BodyStrong+1 | 1h+2 | 4h+2 | Vol+1 | BTC+2 | FVG+1 | ChoCH+1 | Zone:FVG+1 | Sess:NEW_YORK | Strong1h+1 | TrendPairRisk:1.15,0,0,-1.0,range,0.1721,0,3.6441,0.1111,2.0611,-1,0.0,1.0059,0.4692,0.823,-0.1491,1.101,1.0,-0.3259,1.0,7904,0,1,0.342,-1.0,0,1.182,4
XRPUSDT,7906,7993,1778690700,1778769900,SHORT,SL,1.423,1.41227625,1.20852504,1.46589499,-1.5,-1.5199044224045748,0.01990442240457454,13,1.55,28.94,0.4285714285714358,0.005893654709180963,1.6844065160018282,base,adaptive disabled,1.0,69.8,65,100,50,80,NEW_YORK,bearish,neutral,FVG,BOS bearish | Vol 1.6x | FVG | ChoCH | BearWick | Session:NEW_YORK | StrongTrend1h | Zone:FVG | MTF 13,BOS+2 | 1h+2 | 4hN+1 | Vol+1 | BTC+2 | FVG+1 | ChoCH+1 | BearWick+1 | Zone:FVG+1 | Sess:NEW_YORK | Strong1h+1,0,0,-1.0,bear,0.3095,0,1.8854,0.25,1.007,-1,0.0,1.0024,0.8393,0.75,-0.1393,1.333,1.0,-0.3144,1.5,7904,3,3,0.87,0.58,1,0.725,0
ADAUSDT,7949,7951,1778729400,1778732100,SHORT,TRAIL,0.2638,0.26295675,0.24693502,0.267173,0.1834420397272433,0.16584494515268067,0.017597094574562624,15,1.71,37.36,0.615384615384622,0.0055531735831693164,1.6375691883650283,base,adaptive disabled,1.15,78.5,90,100,50,80,OFF_HOURS,bearish,bearish,FVG,BOS bearish | Vol 1.7x | FVG | LiqSweep | ChoCH | StrongTrend1h | Zone:FVG | MTF 15 | Risk x1.15,BOS+2 | 1h+2 | 4h+2 | Vol+1 | RSI+1 | BTC+2 | FVG+1 | LiqSweep+1 | ChoCH+1 | Zone:FVG+1 | Sess:OFF_HOURS | Strong1h+1 | TrendPairRisk:1.15,0,1,-1.0,bull,0.3846,5,3.9055,0.0526,1.6646,-1,0.0,0.0889,2.1346,0.0,0.0346,0.925,1.0,0.2633,0.5625,7949,24,2,1.028,1.131,0,1.85,4
AVAXUSDT,7954,7974,1778733900,1778752800,SHORT,TRAIL,9.7,9.66362764,8.97255287,9.84548943,0.19717927274854136,0.18217818297865238,0.015001089769888985,16,1.52,28.38,0.7655172413793171,0.006054671279454634,2.1016196487722882,base,adaptive disabled,1.15,82.5,90,90,70,80,OFF_HOURS,bearish,bearish,FVG,BOS bearish | Vol 1.5x | FVG | LiqSweep | MACD_Div | ChoCH | StrongTrend1h | Zone:FVG | MTF 16 | Risk x1.15,BOS+2 | BodyStrong+1 | 1h+2 | 4h+2 | Vol+1 | BTC+2 | FVG+1 | LiqSweep+1 | MACD_Div+1 | ChoCH+1 | Zone:FVG+1 | Sess:OFF_HOURS | Strong1h+1 | TrendPairRisk:1.15,0,0,-1.0,range,0.4054,1,2.226,0.25,1.4249,-1,0.0,0.6805,1.9795,0.0,-0.0255,1.346,1.0,-0.3284,0.5625,7950,1,3,2.677,0.254,1,0.507,0
BTCUSDT,7954,7994,1778733900,1778770800,SHORT,SL,79416.6,79178.3502,74651.604,80369.5992,-0.2109375,-0.21796875000000007,0.007031250000000066,17,2.18,33.18,0.5212754943575971,0.0040769067024868395,2.1248035718928158,base,adaptive disabled,1.15,88.5,90,90,90,80,OFF_HOURS,bearish,bearish,FVG,BOS bearish | Vol 2.2x | FVG | ChoCH | Engulfing | StrongTrend1h | Zone:FVG | MTF 17 | Risk x1.15,BOS+2 | BodyStrong+1 | 1h+2 | 4h+2 | Vol+2 | RSI+1 | BTC+2 | FVG+1 | ChoCH+1 | Engulfing+1 | Zone:FVG+1 | Sess:OFF_HOURS | Strong1h+1 | TrendPairRisk:1.15,0,0,-1.0,range,0.6962,0,2.4357,0.25,1.136,-1,0.0,1.6362,0.9507,0.0,0.0586,1.499,1.0,-0.3057,0.2109375,7951,3,4,1.588,1.366,0,0.364,0
ETHUSDT,7954,7984,1778733900,1778761800,SHORT,TP1,2254.24,2247.47728,2118.9856,2281.29088,0.0,-0.018749999999999836,0.018749999999999836,16,1.75,29.16,0.689768976897699,0.004537018490586233,1.9711203589131199,base,adaptive disabled,1.15,82.5,90,90,70,80,OFF_HOURS,bearish,bearish,FVG,BOS bearish | Vol 1.8x | FVG | MACD_Div | ChoCH | Engulfing | StrongTrend1h | Zone:FVG | MTF 16 | Risk x1.15,BOS+2 | BodyStrong+1 | 1h+2 | 4h+2 | Vol+1 | BTC+2 | FVG+1 | MACD_Div+1 | ChoCH+1 | Engulfing+1 | Zone:FVG+1 | Sess:OFF_HOURS | Strong1h+1 | TrendPairRisk:1.15,0,1,-1.0,bull,0.542,0,2.2902,0.25,1.0431,-1,0.0,0.7504,1.0514,0.0,0.0574,1.386,1.0,-0.3022,0.5625,7951,3,4,2.411,1.118,0,0.476,0
LINKUSDT,7954,7959,1778733900,1778739300,SHORT,SL,10.193,10.031,9.58142,10.315316,-0.703125,-0.7265625000000001,0.02343750000000007,15,1.55,31.51,0.5267857142857111,0.006505908588178948,1.944883967379515,base,adaptive disabled,1.15,82.5,90,90,70,80,OFF_HOURS,bearish,bearish,FVG,BOS bearish | Vol 1.6x | FVG | ChoCH | Engulfing | StrongTrend1h | Zone:FVG | MTF 15 | Risk x1.15,BOS+2 | BodyStrong+1 | 1h+2 | 4h+2 | Vol+1 | BTC+2 | FVG+1 | ChoCH+1 | Engulfing+1 | Zone:FVG+1 | Sess:OFF_HOURS | Strong1h+1 | TrendPairRisk:1.15,0,0,-1.0,range,0.5879,0,2.222,0.1765,0.7845,-1,0.0,1.0301,0.2099,0.0,0.0698,1.304,1.0,-0.0883,0.703125,7951,3,4,2.359,0.092,1,0.435,0
SOLUSDT,8056,8084,1778825700,1778851800,SHORT,TRAIL,90.7,90.14269234,79.55384681,92.92923064,0.06820168570158174,0.06133580797436729,0.006865877727214452,14,1.37,28.61,0.6734693877550958,0.007027616226747857,1.972204662908561,base,adaptive disabled,1.25,76.5,90,90,50,80,OFF_HOURS,bearish,bearish,FVG,BOS bearish | Vol 1.4x | FVG | ChoCH | BearWick | StrongTrend1h | Zone:FVG | MTF 14 | Risk x1.25,BOS+2 | 1h+2 | 4h+2 | Vol+1 | BTC+2 | FVG+1 | ChoCH+1 | BearWick+1 | Zone:FVG+1 | Sess:OFF_HOURS | Strong1h+1 | QualityRisk:1.15 | TrendPairRisk:1.25,0,0,-1.0,bear,0.2212,0,3.8073,0.1765,2.6551,-1,0.0,0.4351,1.0048,3.22,-0.0112,1.304,1.0,-0.0726,0.421875,8056,1,5,1.954,0.401,1,1.052,3
AVAXUSDT,8084,8086,1778850900,1778853600,SHORT,TRAIL,9.718,9.68305486,9.0190971,9.85778058,1.2241307790454492,1.1963214796420556,0.027809299403393512,17,2.78,35.14,0.4451612903225879,0.0031915691018586465,0.8726281852753938,base,adaptive disabled,1.25,90.5,90,100,90,80,NEW_YORK,bearish,bearish,FVG,BOS bearish | Vol 2.8x | FVG | ChoCH | Engulfing | Session:NEW_YORK | StrongTrend1h | Zone:FVG | MTF 17 | Risk x1.25,BOS+2 | BodyStrong+1 | 1h+2 | 4h+2 | Vol+2 | RSI+1 | BTC+2 | FVG+1 | ChoCH+1 | Engulfing+1 | Zone:FVG+1 | Sess:NEW_YORK | Strong1h+1 | QualityRisk:1.15 | TrendPairRisk:1.25,0,0,-1.0,bear,0.2886,3,3.2267,0.0526,2.785,-1,0.0,0.0358,8.5277,3.0,-0.0756,2.18,1.0,-0.3398,1.0,8084,0,1,0.622,0.503,1,1.273,2
SUIUSDT,8133,8146,1778895000,1778907600,SHORT,TRAIL,1.0924,1.08739433,0.99228661,1.11242268,0.15732159730865283,0.1450460178157978,0.012275579492855059,17,1.73,35.15,0.30827067669173186,0.008225135027231956,1.6840202383203784,base,adaptive disabled,1.25,77.7,90,96,50,80,OFF_HOURS,bearish,bearish,FVG,BOS bearish | Vol 1.7x | FVG | LiqSweep | ChoCH | Engulfing | BearWick | StrongTrend1h | Zone:FVG | MTF 17 | Risk x1.25,BOS+2 | 1h+2 | 4h+2 | Vol+1 | RSI+1 | BTC+2 | FVG+1 | LiqSweep+1 | ChoCH+1 | Engulfing+1 | BearWick+1 | Zone:FVG+1 | Sess:OFF_HOURS | Strong1h+1 | QualityRisk:1.15 | TrendPairRisk:1.25,0,1,-1.0,bull,0.3543,4,3.9661,0.1111,3.1788,-1,0.0,0.2997,2.2175,10.0,0.0549,1.709,1.0,-0.1913,0.5625,8133,1,2,0.765,1.334,0,1.014,3
SOLUSDT,8146,8147,1778906700,1778908500,SHORT,TP1,88.75,88.48375,83.425,89.815,0.0,-0.010546875000000023,0.010546875000000023,15,12.48,30.9,0.676767676767682,0.004209859090116117,1.636170887243018,base,adaptive disabled,1.25,84.5,90,100,70,80,OFF_HOURS,bearish,bearish,FVG,BOS bearish | Vol 12.5x | FVG | ChoCH | Engulfing | StrongTrend1h | Zone:FVG | MTF 15 | Risk x1.25,BOS+2 | 1h+2 | 4h+2 | Vol+2 | BTC+2 | FVG+1 | ChoCH+1 | Engulfing+1 | Zone:FVG+1 | Sess:OFF_HOURS | Strong1h+1 | QualityRisk:1.15 | TrendPairRisk:1.25,0,0,-1.0,range,0.5,3,4.7728,0.0526,12.3464,-1,0.0,0.1127,1.4272,10.0,0.1102,4.506,1.0,-0.4706,0.31640625,8146,0,1,1.364,0.511,1,2.77,2
ADAUSDT,8147,8152,1778907600,1778913000,SHORT,TRAIL,0.2591,0.25813756,0.23985111,0.26294978,0.13150102083755272,0.12298304221280018,0.008517978624752528,15,2.51,31.33,0.5555555555555658,0.0042434943171759075,1.5828233809127503,base,adaptive disabled,1.15,84.5,90,100,70,80,OFF_HOURS,bearish,bearish,FVG,BOS bearish | Vol 2.5x | FVG | ChoCH | Engulfing | StrongTrend1h | Zone:FVG | MTF 15 | Risk x1.15,BOS+2 | 1h+2 | 4h+2 | Vol+2 | BTC+2 | FVG+1 | ChoCH+1 | Engulfing+1 | Zone:FVG+1 | Sess:OFF_HOURS | Strong1h+1 | TrendPairRisk:1.15,0,0,-1.0,range,0.1842,0,4.2679,0.1111,5.5762,-1,0.0,0.052,2.9093,6.667,-0.0516,2.687,1.0,-0.0686,0.31640625,8147,0,3,2.267,3.068,0,0.934,3
AVAXUSDT,8148,8152,1778908500,1778913000,SHORT,TRAIL,9.477,9.448569,8.90838,9.590724,0.2798052910803022,0.2610552910803021,0.018750000000000086,14,1.37,33.06,0.49180327868852197,0.004260120457681775,1.8533460409499019,base,adaptive disabled,1.15,76.5,90,90,50,80,OFF_HOURS,bearish,bearish,FVG,BOS bearish | Vol 1.4x | FVG | ChoCH | StrongTrend1h | Zone:FVG | MTF 14 | Risk x1.15,BOS+2 | 1h+2 | 4h+2 | Vol+1 | RSI+1 | BTC+2 | FVG+1 | ChoCH+1 | Zone:FVG+1 | Sess:OFF_HOURS | Strong1h+1 | TrendPairRisk:1.15,0,0,-1.0,range,0.3803,1,4.465,0.1765,7.2339,-1,0.0,0.044,3.5525,3.158,0.0963,1.313,1.0,-0.4381,0.5625,8148,1,3,1.931,2.776,0,1.046,0
ETHUSDT,8231,8316,1778983200,1779060600,SHORT,TP1,2173.7,2167.1789,2043.278,2199.7844,0.0,-0.018749999999999864,0.018749999999999864,15,2.26,31.04,0.4633420171194435,0.0033341149184008406,2.0948618759927955,base,adaptive disabled,1.15,82.5,90,90,70,80,OFF_HOURS,bearish,bearish,FVG,BOS bearish | Vol 2.3x | FVG | ChoCH | BearWick | StrongTrend1h | Zone:FVG | MTF 15 | Risk x1.15,BOS+2 | 1h+2 | 4h+2 | Vol+2 | BTC+2 | FVG+1 | ChoCH+1 | BearWick+1 | Zone:FVG+1 | Sess:OFF_HOURS | Strong1h+1 | TrendPairRisk:1.15,0,0,-1.0,range,0.3726,3,3.5963,0.1111,5.3595,-1,0.0,0.9228,1.2897,0.0,-0.1603,1.912,1.0,-0.422,0.5625,8231,0,4,2.171,1.879,0,1.182,2
XRPUSDT,8231,8232,1778983200,1778985000,SHORT,TP1,1.407,1.402779,1.32258,1.423884,0.0,-0.018750000000000114,0.018750000000000114,14,1.5,29.54,0.4285714285714165,0.004506375011246745,2.122502630447349,base,adaptive disabled,1.15,76.5,90,90,50,80,OFF_HOURS,bearish,bearish,FVG,BOS bearish | Vol 1.5x | FVG | ChoCH | Engulfing | StrongTrend1h | Zone:FVG | MTF 14 | Risk x1.15,BOS+2 | 1h+2 | 4h+2 | Vol+1 | BTC+2 | FVG+1 | ChoCH+1 | Engulfing+1 | Zone:FVG+1 | Sess:OFF_HOURS | Strong1h+1 | TrendPairRisk:1.15,0,1,-1.0,bull,0.3333,3,3.6924,0.1111,3.8781,-1,0.0,0.0592,1.1846,4.5,-0.2867,1.216,1.0,-0.48,0.5625,8231,0,4,1.969,2.215,0,1.231,2
ETHUSDT,8235,8315,1778986800,1779059700,SHORT,TP1,2176.66,2170.13002,2046.0604,2202.77992,0.0,-0.01406249999999995,0.01406249999999995,18,1.54,38.81,0.301125082726661,0.0033439586784666177,2.101046821078044,base,adaptive disabled,1.25,84.7,90,86,80,80,OFF_HOURS,bearish,bearish,OB,BOS bearish | Vol 1.5x | FVG | OB | ChoCH | Engulfing | BearWick | StrongTrend1h | Zone:OB | MTF 18 | Risk x1.25,BOS+2 | BodyStrong+1 | 1h+2 | 4h+2 | Vol+1 | RSI+1 | BTC+2 | FVG+1 | OB+1 | ChoCH+1 | Engulfing+1 | BearWick+1 | Zone:OB+1 | Sess:OFF_HOURS | Strong1h+1 | QualityRisk:1.15 | TrendPairRisk:1.25,0,0,-1.0,range,0.5376,2,2.1595,0.4286,2.4581,-1,0.0,0.8082,1.3262,10.0,-0.1519,1.095,1.0,-0.3454,0.421875,8232,4,5,1.376,0.582,1,0.671,1
BTCUSDT,8283,8293,1779030000,1779039900,SHORT,TRAIL,78070.0,77835.79,73385.8,79006.84,0.0682980818496224,0.05189183184962233,0.01640625000000006,13,3.74,35.19,0.6213253612356788,0.002443198140188932,1.97458260965452,base,adaptive disabled,1.0,72.0,60,90,70,80,NEW_YORK,neutral,bearish,FVG,BOS bearish | Vol 3.7x | FVG | ChoCH | Session:NEW_YORK | Zone:FVG | MTF 13,BOS+2 | 1hN+1 | 4h+2 | Vol+2 | RSI+1 | BTC+2 | FVG+1 | ChoCH+1 | Zone:FVG+1 | Sess:NEW_YORK,0,0,-1.0,range,0.3688,0,4.0034,0.1765,1.572,-1,0.0,0.0968,1.1037,0.0,0.074,1.68,1.0,-0.0835,0.4921875,8281,0,5,1.939,2.451,0,0.681,5
AVAXUSDT,8298,8312,1779043500,1779057000,SHORT,TP1,9.269,9.241193,8.71286,9.380228,0.0,-0.02499999999999988,0.02499999999999988,16,1.36,33.78,0.3939393939394081,0.002918451990020119,1.178420157896046,base,adaptive disabled,1.25,78.5,90,100,50,80,OFF_HOURS,bearish,bearish,FVG,BOS bearish | Vol 1.4x | FVG | ChoCH | BearWick | StrongTrend1h | Zone:FVG | MTF 16 | Risk x1.25,BOS+2 | 1h+2 | 4h+2 | Vol+1 | RSI+1 | BTCok+1 | FVG+1 | ChoCH+1 | BearWick+1 | Zone:FVG+1 | Sess:OFF_HOURS | Strong1h+1 | NestedOB_1h+2 | QualityRisk:1.15 | TrendPairRisk:1.25,0,0,-1.0,range,0.4017,1,2.3486,0.1111,0.6386,-1,0.0,0.6203,1.5104,1.393,0.0041,0.978,1.0,-0.1529,0.75,8296,4,4,0.655,2.464,0,0.616,0
SUIUSDT,8344,8405,1779084900,1779140700,SHORT,SL,1.0383,1.01,0.91658019,1.06264396,-0.9375,-0.9534942137597991,0.015994213759799182,17,3.44,39.35,0.27554179566563686,0.007131704009516737,1.3164361491697423,base,adaptive disabled,1.25,86.1,90,93,80,80,OFF_HOURS,bearish,bearish,OB,BOS bearish | Vol 3.4x | FVG | OB | ChoCH | Premium | StrongTrend1h | Zone:OB | MTF 17 | Risk x1.25,BOS+2 | 1h+2 | 4h+2 | Vol+2 | RSI+1 | BTC+2 | FVG+1 | OB+1 | ChoCH+1 | Premium+1 | Zone:OB+1 | Sess:OFF_HOURS | Strong1h+1 | QualityRisk:1.15 | TrendPairRisk:1.25,0,0,-1.0,range,0.3422,1,3.0807,0.0526,3.4268,-1,0.0,1.1009,0.583,0.0,0.006,2.109,1.0,-0.4483,0.9375,8344,21,2,0.341,0.085,1,1.633,0
LINKUSDT,8345,8348,1779085800,1779089400,SHORT,TP1,9.471,9.43199945,8.69098901,9.6270022,0.0,-0.02845813232121092,0.02845813232121092,21,2.49,34.74,0.24137931034482282,0.006650402536670874,1.7141861889972116,base,adaptive disabled,1.25,85.1,90,88,80,80,OFF_HOURS,bearish,bearish,OB,BOS bearish | Vol 2.5x | FVG | OB | LiqSweep | ChoCH | Premium | StrongTrend1h | Zone:OB | 💎PREMIUM | MTF 21 | Risk x1.25,BOS+2 | 1h+2 | 4h+2 | Vol+2 | RSI+1 | BTC+2 | FVG+1 | OB+1 | LiqSweep+1 | ChoCH+1 | Premium+1 | Zone:OB+1 | Sess:OFF_HOURS | Strong1h+1 | 💎Premium+3 | QualityRisk:1.15 | TrendPairRisk:1.25,1,0,-1.0,range,0.2961,6,2.9386,0.0526,2.6036,-1,0.0,0.141,1.3333,0.0,-0.0688,1.504,1.0,-0.5287,1.171875,8345,26,1,0.755,2.775,0,1.653,5
SUIUSDT,8349,8405,1779089400,1779140700,SHORT,SL,1.0373,1.01,0.90823875,1.06311225,-0.9375,-0.9525698796114248,0.015069879611424822,17,4.01,34.76,0.3352272727272725,0.00950599789989623,1.7479362104968024,base,adaptive disabled,1.25,90.5,90,100,90,80,OFF_HOURS,bearish,bearish,FVG,BOS bearish | Vol 4.0x | FVG | ChoCH | Engulfing | StrongTrend1h | Zone:FVG | MTF 17 | Risk x1.25,BOS+2 | BodyStrong+1 | 1h+2 | 4h+2 | Vol+2 | RSI+1 | BTC+2 | FVG+1 | ChoCH+1 | Engulfing+1 | Zone:FVG+1 | Sess:OFF_HOURS | Strong1h+1 | QualityRisk:1.15 | TrendPairRisk:1.25,0,0,-1.0,range,0.4053,0,2.0899,0.3333,1.6937,-1,0.0,1.077,0.5678,0.0,-0.007,2.216,1.0,-0.5183,0.9375,8345,19,3,1.078,2.795,1,1.318,2
SOLUSDT,8382,8393,1779119100,1779129900,SHORT,TRAIL,84.37,83.91710792,75.31215838,86.18156832,0.24840354903093487,0.2344316774097751,0.013971871621159787,15,1.31,36.75,0.4838709677419329,0.006147425968955243,1.5893890414299356,base,adaptive disabled,1.25,78.5,90,100,50,80,NEW_YORK,bearish,bearish,FVG,BOS bearish | Vol 1.3x | FVG | ChoCH | Engulfing | Session:NEW_YORK | StrongTrend1h | Zone:FVG | MTF 15 | Risk x1.25,BOS+2 | 1h+2 | 4h+2 | Vol+1 | RSI+1 | BTC+2 | FVG+1 | ChoCH+1 | Engulfing+1 | Zone:FVG+1 | Sess:NEW_YORK | Strong1h+1 | QualityRisk:1.15 | TrendPairRisk:1.25,0,0,-1.0,range,0.3756,0,2.1549,0.1765,0.9625,-1,0.0,0.1601,2.0976,0.0,-0.0019,1.41,1.0,-0.3739,0.75,8379,18,1,0.255,1.483,0,1.321,6
SOLUSDT,8382,8393,1779119100,1779129900,SHORT,TRAIL,84.37,83.91642164,75.29843278,86.18431344,0.24802770573093938,0.23407697404259334,0.013950731688346037,14,1.31,36.35,0.8984771573604111,0.00583659675386983,1.509025560729576,base,adaptive disabled,1.25,78.5,90,100,50,80,NEW_YORK,bearish,bearish,FVG,BOS bearish | Vol 1.3x | FVG | ChoCH | Session:NEW_YORK | StrongTrend1h | Zone:FVG | MTF 14 | Risk x1.25,BOS+2 | 1h+2 | 4h+2 | Vol+1 | RSI+1 | BTC+2 | FVG+1 | ChoCH+1 | Zone:FVG+1 | Sess:NEW_YORK | Strong1h+1 | QualityRisk:1.15 | TrendPairRisk:1.25,0,0,-1.0,range,0.3756,0,2.1413,0.1765,0.9625,-1,0.0,0.1598,2.0945,0.0,0.0565,1.207,1.0,-0.3888,0.75,8380,19,2,0.322,1.405,0,1.312,6
ETHUSDT,8458,8462,1779187500,1779192000,SHORT,TRAIL,2118.46,2110.26845116,1954.62902324,2151.22619535,0.3945709537328152,0.3436560631823627,0.0509148905504525,14,2.7,29.75,0.6958344981828493,0.003956982922634933,1.311518641050402,base,adaptive disabled,1.0,80.0,60,100,90,80,LONDON,neutral,bearish,FVG,BOS bearish | Vol 2.7x | FVG | ChoCH | BearWick | Session:LONDON | Zone:FVG | MTF 14,BOS+2 | BodyStrong+1 | 1hN+1 | 4h+2 | Vol+2 | BTC+2 | FVG+1 | ChoCH+1 | BearWick+1 | Zone:FVG+1 | Sess:LONDON,0,1,-1.0,bull,0.3052,1,3.2728,0.1765,1.6801,-1,0.0,0.043,1.5699,0.0,-0.195,1.471,1.0,-0.2391,1.96875,8458,4,5,2.837,0.152,1,1.832,0
ADAUSDT,8463,8475,1779192000,1779203700,SHORT,TRAIL,0.2488,0.24753498,0.22349955,0.25386009,0.20750619060135211,0.18169242049054374,0.025813770110808362,16,1.37,35.4,0.26923076923076966,0.0038907706681638346,1.0863896325540399,base,adaptive disabled,1.25,79.9,90,92,60,80,OVERLAP,bearish,bearish,OB,BOS bearish | Vol 1.4x | FVG | OB | ChoCH | BearWick | Session:OVERLAP | StrongTrend1h | Zone:OB | MTF 16 | Risk x1.25,BOS+2 | 1h+2 | 4h+2 | Vol+1 | RSI+1 | BTC+2 | FVG+1 | OB+1 | ChoCH+1 | BearWick+1 | Zone:OB+1 | Sess:OVERLAP | Strong1h+1 | QualityRisk:1.15 | TrendPairRisk:1.25,0,0,-1.0,range,0.1633,0,2.2915,0.1111,1.4393,-1,0.0,0.4545,1.581,0.7,-0.2735,1.88,1.0,-0.2841,1.3125,8463,4,5,1.146,1.562,0,0.729,3
AVAXUSDT,8466,8469,1779194700,1779198300,SHORT,TRAIL,9.143,9.09785137,8.24002745,9.32359451,0.3898539924878651,0.3493522075775705,0.04050178491029461,14,1.92,31.6,0.48466257668711404,0.0037387589041094865,1.1187331482224132,base,adaptive disabled,1.15,77.0,60,100,80,80,OVERLAP,neutral,bearish,OB,BOS bearish | Vol 1.9x | FVG | OB | ChoCH | Engulfing | Session:OVERLAP | Zone:OB | MTF 14 | Risk x1.15,BOS+2 | BodyStrong+1 | 1hN+1 | 4h+2 | Vol+1 | BTC+2 | FVG+1 | OB+1 | ChoCH+1 | Engulfing+1 | Zone:OB+1 | Sess:OVERLAP | QualityRisk:1.15,0,0,-1.0,range,0.3099,0,1.9348,0.3333,1.2701,-1,0.0,0.0388,1.1518,1.0,-0.2111,2.219,1.0,-0.1398,2.0,8463,4,5,1.726,1.042,1,0.417,0
BTCUSDT,8475,8545,1779202800,1779266700,SHORT,SL,76565.5,76335.8035,71971.57,77484.286,-0.4921875,-0.5085937500000002,0.01640625000000013,15,1.77,38.36,0.27081226828445354,0.004758056590345799,2.0636463372546054,base,adaptive disabled,1.0,64.4,60,82,50,80,NEW_YORK,neutral,bearish,FVG,BOS bearish | Vol 1.8x | FVG | LiqSweep | ChoCH | Engulfing | BearWick | Session:NEW_YORK | Zone:FVG | MTF 15,BOS+2 | 1hN+1 | 4h+2 | Vol+1 | RSI+1 | BTC+2 | FVG+1 | LiqSweep+1 | ChoCH+1 | Engulfing+1 | BearWick+1 | Zone:FVG+1 | Sess:NEW_YORK,0,0,-1.0,bear,0.4718,1,3.8257,0.0526,1.7208,-1,0.0,1.1499,1.1123,10.0,-0.2228,1.23,1.0,-0.0401,0.4921875,8474,0,1,0.512,0.015,1,1.434,0
BTCUSDT,8475,8545,1779202800,1779266700,SHORT,SL,76565.5,76335.8035,71971.57,77484.286,-0.375,-0.3875000000000001,0.012500000000000098,15,1.76,36.65,0.3780692902791636,0.004549944408928082,1.9733847077918236,base,adaptive disabled,1.15,76.5,90,90,50,80,NEW_YORK,bearish,bearish,FVG,BOS bearish | Vol 1.8x | FVG | ChoCH | Engulfing | Session:NEW_YORK | StrongTrend1h | Zone:FVG | MTF 15 | Risk x1.15,BOS+2 | 1h+2 | 4h+2 | Vol+1 | RSI+1 | BTC+2 | FVG+1 | ChoCH+1 | Engulfing+1 | Zone:FVG+1 | Sess:NEW_YORK | Strong1h+1 | TrendPairRisk:1.15,0,0,-1.0,bear,0.4718,1,3.7106,0.0526,1.7208,-1,0.0,1.1499,1.1123,0.0,-0.175,1.268,1.0,-0.1456,0.375,8475,1,2,0.763,1.436,0,1.391,0
ETHUSDT,8476,8476,1779203700,1779204600,SHORT,TP1,2112.01,2105.67397,1985.2894,2137.35412,0.0,-0.033333333333333666,0.033333333333333666,16,1.65,38.79,0.30515344528082505,0.006364860234817575,2.054710169187997,base,adaptive disabled,1.25,78.7,90,86,60,80,NEW_YORK,bearish,bearish,OB,BOS bearish | Vol 1.6x | FVG | OB | ChoCH | Engulfing | Session:NEW_YORK | StrongTrend1h | Zone:OB | MTF 16 | Risk x1.25,BOS+2 | 1h+2 | 4h+2 | Vol+1 | RSI+1 | BTC+2 | FVG+1 | OB+1 | ChoCH+1 | Engulfing+1 | Zone:OB+1 | Sess:NEW_YORK | Strong1h+1 | QualityRisk:1.15 | TrendPairRisk:1.25,0,1,-1.0,bull,0.5697,0,3.4611,0.1111,1.2212,-1,0.0,0.0122,1.4867,0.0,-0.0656,1.072,1.0,-0.0557,1.0,8475,4,6,0.222,0.01,1,0.775,0
LINKUSDT,8476,8476,1779203700,1779204600,SHORT,TP1,9.517,9.47715025,8.72000503,9.67639899,0.0,-0.02985276130043239,0.02985276130043239,16,1.56,32.83,0.35519125683060215,0.00611217951101102,1.3925819225578422,base,adaptive disabled,1.15,78.5,90,100,50,80,NEW_YORK,bearish,bearish,FVG,BOS bearish | Vol 1.6x | FVG | ChoCH | Engulfing | BearWick | Session:NEW_YORK | StrongTrend1h | Zone:FVG | MTF 16 | Risk x1.15,BOS+2 | 1h+2 | 4h+2 | Vol+1 | RSI+1 | BTC+2 | FVG+1 | ChoCH+1 | Engulfing+1 | BearWick+1 | Zone:FVG+1 | Sess:NEW_YORK | Strong1h+1 | TrendPairRisk:1.15,0,0,-1.0,bear,0.4508,0,3.6843,0.1111,1.1549,-1,0.0,0.0125,1.5307,1.14,-0.1931,1.168,1.0,-0.0546,1.25,8475,2,3,0.567,3.381,0,0.891,1
SOLUSDT,8476,8480,1779203700,1779208200,SHORT,TRAIL,84.39,84.13008322,79.19166443,85.42966711,0.08307931615085276,0.05872825247240275,0.02435106367845001,16,2.32,36.9,0.3132530120481937,0.005507171669543073,1.5192687779995833,base,adaptive disabled,1.25,83.9,90,97,70,80,NEW_YORK,bearish,bearish,FVG,BOS bearish | Vol 2.3x | FVG | ChoCH | Engulfing | Session:NEW_YORK | StrongTrend1h | Zone:FVG | MTF 16 | Risk x1.25,BOS+2 | 1h+2 | 4h+2 | Vol+2 | RSI+1 | BTC+2 | FVG+1 | ChoCH+1 | Engulfing+1 | Zone:FVG+1 | Sess:NEW_YORK | Strong1h+1 | QualityRisk:1.15 | TrendPairRisk:1.25,0,1,-1.0,bull,0.5347,0,3.7331,0.1111,1.8229,-1,0.0,0.2116,1.539,3.714,-0.1223,1.364,1.0,-0.2101,0.75,8475,2,2,0.757,1.677,0,0.974,4
XRPUSDT,8497,8504,1779222600,1779229800,SHORT,TRAIL,1.36,1.35509841,1.26196818,1.37960636,0.08403464578086371,0.06322507174468342,0.02080957403618029,16,1.9,37.67,0.44827586206896763,0.004908487415592566,1.3400170645549092,base,adaptive disabled,1.15,78.5,90,100,50,80,DEAD_ZONE,bearish,bearish,FVG,BOS bearish | Vol 1.9x | FVG | ChoCH | Engulfing | BearWick | StrongTrend1h | Zone:FVG | MTF 16 | Risk x1.15,BOS+2 | 1h+2 | 4h+2 | Vol+1 | RSI+1 | BTC+2 | FVG+1 | ChoCH+1 | Engulfing+1 | BearWick+1 | Zone:FVG+1 | Sess:DEAD_ZONE | Strong1h+1 | TrendPairRisk:1.15,0,1,-1.0,bull,0.3,3,2.1404,0.1111,0.4828,-1,0.0,0.153,1.4281,0.0,-0.0551,2.659,1.0,-0.143,0.75,8494,0,5,0.892,-1.0,0,0.535,2
ETHUSDT,8507,8513,1779231600,1779237900,SHORT,TRAIL,2109.12,2102.79264,1982.5728,2134.42944,0.02252124108632284,-0.0024787589136771654,0.025000000000000005,16,1.99,35.61,0.41784897025170215,0.0028985496846834747,0.9869818391698135,base,adaptive disabled,1.25,84.5,90,100,70,80,DEAD_ZONE,bearish,bearish,FVG,BOS bearish | Vol 2.0x | FVG | LiqSweep | ChoCH | StrongTrend1h | Zone:FVG | MTF 16 | Risk x1.25,BOS+2 | BodyStrong+1 | 1h+2 | 4h+2 | Vol+1 | RSI+1 | BTC+2 | FVG+1 | LiqSweep+1 | ChoCH+1 | Zone:FVG+1 | Sess:DEAD_ZONE | Strong1h+1 | QualityRisk:1.15 | TrendPairRisk:1.25,0,0,-1.0,bear,0.3679,1,3.2646,0.1111,1.0317,-1,0.0,0.3441,1.0668,1.442,-0.1318,1.632,1.0,-0.3702,0.75,8505,0,1,1.081,1.937,0,0.409,0
SUIUSDT,8507,8513,1779231600,1779237900,SHORT,TRAIL,1.0538,1.04947456,0.96729125,1.07110175,1.3427109974424674,1.3107347522649562,0.031976245177511145,14,1.33,39.55,0.3717277486910955,0.00538026968205564,0.9670806776877996,base,adaptive disabled,1.15,68.0,60,100,50,80,DEAD_ZONE,neutral,bearish,FVG,BOS bearish | Vol 1.3x | FVG | LiqSweep | ChoCH | BearWick | Zone:FVG | MTF 14 | Risk x1.15,BOS+2 | 1hN+1 | 4h+2 | Vol+1 | RSI+1 | BTC+2 | FVG+1 | LiqSweep+1 | ChoCH+1 | BearWick+1 | Zone:FVG+1 | Sess:DEAD_ZONE | QualityRisk:1.15,0,1,-1.0,bull,0.2959,1,2.9805,0.1111,0.9959,-1,0.0,0.1329,5.8954,0.0,-0.0766,1.433,1.0,-0.1149,1.3125,8506,0,1,0.167,0.778,1,0.537,0
SUIUSDT,8518,8570,1779241500,1779289200,SHORT,SL,1.04,1.03202402,0.88048043,1.07190391,-0.5625,-0.5698345242009522,0.007334524200952164,15,1.47,32.84,0.48771929824561916,0.007660765237769154,1.332345219920554,base,adaptive disabled,1.25,84.5,90,100,70,80,OFF_HOURS,bearish,bearish,FVG,BOS bearish | Vol 1.5x | FVG | ChoCH | StrongTrend1h | Zone:FVG | MTF 15 | Risk x1.25,BOS+2 | BodyStrong+1 | 1h+2 | 4h+2 | Vol+1 | RSI+1 | BTC+2 | FVG+1 | ChoCH+1 | Zone:FVG+1 | Sess:OFF_HOURS | Strong1h+1 | QualityRisk:1.15 | TrendPairRisk:1.25,0,0,-1.0,bear,0.3128,0,1.9181,0.3333,1.8708,-1,0.0,1.0563,0.9529,1.958,-0.2316,1.516,1.0,-0.4669,0.5625,8516,3,4,1.531,0.371,1,1.015,1
XRPUSDT,8518,8519,1779241500,1779243300,SHORT,TP1,1.356,1.351932,1.27464,1.372272,0.0,-0.025000000000000244,0.025000000000000244,17,2.87,34.64,0.54545454545454,0.005180099902454515,1.405879113629725,base,adaptive disabled,1.15,84.5,90,100,70,80,OFF_HOURS,bearish,bearish,FVG,BOS bearish | Vol 2.9x | FVG | ChoCH | Engulfing | BearWick | StrongTrend1h | Zone:FVG | MTF 17 | Risk x1.15,BOS+2 | 1h+2 | 4h+2 | Vol+2 | RSI+1 | BTC+2 | FVG+1 | ChoCH+1 | Engulfing+1 | BearWick+1 | Zone:FVG+1 | Sess:OFF_HOURS | Strong1h+1 | TrendPairRisk:1.15,0,0,-1.0,range,0.5263,3,2.5696,0.0526,2.8378,-1,0.0,0.0615,2.2124,0.0,0.0312,2.608,1.0,-0.1782,0.75,8518,5,1,0.184,-1.0,0,1.101,2
AVAXUSDT,8645,8657,1779355800,1779367500,LONG,SL,9.385,9.41615911,10.00818222,9.26036356,-1.5,-1.5451794033911752,0.045179403391175266,17,4.47,52.82,0.18518518518518337,0.0060358092366452,2.089954835333375,base,adaptive disabled,1.15,87.9,90,72,100,80,LONDON,bullish,bullish,OB,BOS bullish | Vol 4.5x | FVG | OB | ChoCH | Session:LONDON | StrongTrend1h | Zone:OB | MTF 17 | Risk x1.15,BOS+2 | BodyStrong+1 | 1h+2 | 4h+2 | Vol+2 | RSI+1 | BTC+2 | FVG+1 | OB+1 | ChoCH+1 | Zone:OB+1 | Sess:LONDON | Strong1h+1 | QualityRisk:1.15,0,1,-1.0,bear,0.5982,2,3.5757,0.3333,1.4193,-1,0.0,1.1393,1.7972,0.0,0.1204,1.742,1.0,0.3695,1.5,8643,6,5,0.355,0.136,1,0.737,1
ETHUSDT,8653,8662,1779363000,1779372000,SHORT,TRAIL,2119.0,2110.17980703,1942.59614068,2154.28077186,0.7111303640412604,0.663081528638032,0.048048835403228365,15,2.71,28.48,0.9135690540948767,0.005058442331378614,2.302022684430346,base,adaptive disabled,1.0,72.0,60,90,70,80,LONDON,neutral,bearish,FVG,BOS bearish | Vol 2.7x | FVG | ChoCH | Engulfing | Session:LONDON | Zone:FVG | MTF 15,BOS+2 | 1hN+1 | 4h+2 | Vol+2 | BTC+2 | FVG+1 | ChoCH+1 | Engulfing+1 | Zone:FVG+1 | Sess:LONDON | NestedOB_1h+2,0,0,-1.0,range,0.2654,0,3.1798,0.25,1.1803,-1,0.0,0.148,1.7936,0.0,-0.0648,1.713,1.0,-0.4278,2.0,8650,0,1,1.195,0.435,1,0.6,0
AVAXUSDT,8664,8664,1779372900,1779373800,LONG,TP1,9.297,9.324891,9.85482,9.185436,0.0,-0.04166666666666617,0.04166666666666617,17,2.43,50.5,0.1563636363636365,0.008212378526804983,2.7194704893343067,base,adaptive disabled,1.15,78.1,90,68,70,80,NEW_YORK,bullish,bullish,FVG,BOS bullish | Vol 2.4x | FVG | LiqSweep | ChoCH | Session:NEW_YORK | StrongTrend1h | Zone:FVG | MTF 17 | Risk x1.15,BOS+2 | 1h+2 | 4h+2 | Vol+2 | RSI+1 | BTCok+1 | FVG+1 | LiqSweep+1 | ChoCH+1 | Zone:FVG+1 | Sess:NEW_YORK | Strong1h+1 | NestedOB_1h+2 | QualityRisk:1.15,0,1,-1.0,bear,0.7282,2,2.6868,-1.0,-1.0,-1,0.0,0.1076,1.4342,0.0,0.0161,2.835,-1.0,0.0891,1.25,8664,5,3,0.116,1.39,0,0.857,1
XRPUSDT,8668,8669,1779376500,1779378300,SHORT,TP1,1.364,1.3582034,1.24806793,1.38718641,0.0,-0.0235310252859327,0.0235310252859327,15,1.91,39.8,0.23076923076923078,0.006380360433917102,2.1884636289930732,base,adaptive disabled,1.15,79.9,90,77,70,80,NEW_YORK,bearish,bearish,FVG,BOS bearish | Vol 1.9x | FVG | ChoCH | Session:NEW_YORK | StrongTrend1h | Zone:FVG | MTF 15 | Risk x1.15,BOS+2 | BodyStrong+1 | 1h+2 | 4h+2 | Vol+1 | RSI+1 | BTC+2 | FVG+1 | ChoCH+1 | Zone:FVG+1 | Sess:NEW_YORK | Strong1h+1 | TrendPairRisk:1.15,0,0,-1.0,range,0.6364,0,2.6994,0.25,0.9391,-1,0.0,0.0431,1.2076,0.462,-0.2496,1.103,1.0,-0.3684,1.0,8663,0,1,0.193,0.386,1,1.542,1
XRPUSDT,8668,8669,1779376500,1779378300,SHORT,TP1,1.364,1.35837181,1.25143612,1.38651278,0.0,-0.02423512333883266,0.02423512333883266,15,1.59,32.52,0.2857142857142857,0.005892672933681978,2.021186816400234,base,adaptive disabled,1.15,81.3,90,84,70,80,NEW_YORK,bearish,bearish,FVG,BOS bearish | Vol 1.6x | FVG | ChoCH | Session:NEW_YORK | StrongTrend1h | Zone:FVG | MTF 15 | Risk x1.15,BOS+2 | BodyStrong+1 | 1h+2 | 4h+2 | Vol+1 | RSI+1 | BTC+2 | FVG+1 | ChoCH+1 | Zone:FVG+1 | Sess:NEW_YORK | Strong1h+1 | TrendPairRisk:1.15,0,0,-1.0,range,0.6364,0,2.5396,0.25,0.9391,-1,0.0,0.0444,1.2437,0.471,-0.2401,0.973,1.0,-0.4456,1.0,8665,2,3,1.088,1.451,0,1.451,1
SUIUSDT,8678,8680,1779385500,1779388200,LONG,TP1,1.1424,1.152396,1.34232,1.102416,0.0,-0.006026785714285713,0.006026785714285713,13,1.64,68.49,0.3931178310740334,0.016886249207658525,1.983595359232496,base,adaptive disabled,1.15,76.5,90,90,50,80,OFF_HOURS,bullish,bullish,FVG,BOS bullish | Vol 1.6x | FVG | ChoCH | BullWick | StrongTrend1h | Zone:FVG | MTF 13 | Risk x1.15,BOS+2 | 1h+2 | 4h+2 | Vol+1 | BTCok+1 | FVG+1 | ChoCH+1 | BullWick+1 | Zone:FVG+1 | Sess:OFF_HOURS | Strong1h+1 | QualityRisk:1.15,0,0,-1.0,range,0.1571,0,3.963,0.0526,1.6774,-1,0.0,0.1701,1.3505,1.885,0.1871,1.717,1.0,0.3265,0.52734375,8678,0,1,1.494,0.178,1,0.952,4
AVAXUSDT,8679,8721,1779386400,1779425100,LONG,TRAIL,9.467,9.53612219,10.84944389,9.19051122,0.11750036038350226,0.10979634071225197,0.007704019671250283,15,1.87,65.13,0.30769230769231243,0.006711874719668277,1.6937506556274466,base,adaptive disabled,1.15,77.7,90,96,50,80,OFF_HOURS,bullish,bullish,FVG,BOS bullish | Vol 1.9x | FVG | ChoCH | Engulfing | StrongTrend1h | Zone:FVG | MTF 15 | Risk x1.15,BOS+2 | 1h+2 | 4h+2 | Vol+1 | RSI+1 | BTC+2 | FVG+1 | ChoCH+1 | Engulfing+1 | Zone:FVG+1 | Sess:OFF_HOURS | Strong1h+1 | RelStrengthRisk:1.15,0,0,-1.0,bull,0.1661,0,4.1791,0.0526,1.8039,-1,0.0,0.3219,1.2008,0.842,0.2482,1.93,1.0,0.1848,0.5625,8679,1,2,1.406,0.812,1,0.971,0
SUIUSDT,8679,8680,1779386400,1779388200,LONG,TP1,1.1424,1.152396,1.34232,1.102416,0.0,-0.008035714285714283,0.008035714285714283,14,1.41,66.34,0.22355769230769393,0.016600784145641808,1.95006232502958,base,adaptive disabled,1.15,73.7,90,76,50,80,OFF_HOURS,bullish,bullish,FVG,BOS bullish | Vol 1.4x | FVG | ChoCH | StrongTrend1h | Zone:FVG | MTF 14 | Risk x1.15,BOS+2 | 1h+2 | 4h+2 | Vol+1 | RSI+1 | BTC+2 | FVG+1 | ChoCH+1 | Zone:FVG+1 | Sess:OFF_HOURS | Strong1h+1 | QualityRisk:1.15,0,0,-1.0,range,0.1698,0,3.9923,0.0526,1.3793,-1,0.0,0.1701,1.3005,0.524,0.1633,1.172,1.0,0.2183,0.703125,8679,1,2,1.227,0.419,1,1.204,0
SUIUSDT,8683,8703,1779390000,1779408900,LONG,SL,1.1477,1.15774237,1.3485475,1.1075305,-0.52734375,-0.5333705357142857,0.006026785714285719,15,1.57,66.96,0.6422535211267622,0.016131893403336112,1.7660507770111682,base,adaptive disabled,1.25,81.5,90,100,60,80,OFF_HOURS,bullish,bullish,OB,BOS bullish | Vol 1.6x | FVG | OB | ChoCH | BullWick | StrongTrend1h | Zone:OB | MTF 15 | Risk x1.25,BOS+2 | 1h+2 | 4h+2 | Vol+1 | RSI+1 | BTCok+1 | FVG+1 | OB+1 | ChoCH+1 | BullWick+1 | Zone:OB+1 | Sess:OFF_HOURS | Strong1h+1 | QualityRisk:1.15 | RelStrengthRisk:1.25,0,0,-1.0,range,0.2113,0,2.0197,0.1111,1.2444,-1,0.0,1.0281,0.9161,4.957,0.2283,1.094,1.0,0.2321,0.52734375,8683,4,6,1.757,5.435,0,1.431,3
LINKUSDT,8712,8716,1779416100,1779420600,LONG,TRAIL,9.777,9.806331,10.36362,9.659676,0.22373938836044155,0.19248938836044155,0.03125000000000001,17,2.15,60.7,0.3037974683544385,0.0037207904220901106,0.9438078652342128,base,adaptive disabled,1.15,89.7,90,96,90,80,OFF_HOURS,bullish,bullish,FVG,BOS bullish | Vol 2.1x | FVG | LiqSweep | ChoCH | StrongTrend1h | Zone:FVG | MTF 17 | Risk x1.15,BOS+2 | BodyStrong+1 | 1h+2 | 4h+2 | Vol+2 | RSI+1 | BTC+2 | FVG+1 | LiqSweep+1 | ChoCH+1 | Zone:FVG+1 | Sess:OFF_HOURS | Strong1h+1 | QualityRisk:1.15,0,0,-1.0,range,0.2407,3,2.8415,0.0526,2.174,-1,0.0,0.0085,1.8751,0.0,0.1274,2.877,1.0,0.3077,0.9375,8712,0,1,0.804,0.89,0,0.746,2
XRPUSDT,8731,8741,1779433200,1779443100,SHORT,TP1,1.363,1.35871758,1.2773516,1.38012968,0.0,-0.0313304889525081,0.0313304889525081,13,2.35,28.08,0.7647058823529427,0.0034245508898701725,1.1737648175886144,base,adaptive disabled,1.15,80.0,60,100,90,80,OFF_HOURS,neutral,bearish,FVG,BOS bearish | Vol 2.4x | FVG | ChoCH | Zone:FVG | MTF 13 | Risk x1.15,BOS+2 | BodyStrong+1 | 1hN+1 | 4h+2 | Vol+2 | BTC+2 | FVG+1 | ChoCH+1 | Zone:FVG+1 | Sess:OFF_HOURS | QualityRisk:1.15,0,0,-1.0,range,0.2353,5,3.3901,0.0526,2.2815,-1,0.0,0.2919,1.8681,0.0,-0.1138,2.431,1.0,-0.3529,0.984375,8731,0,1,1.695,0.484,1,0.969,4
XRPUSDT,8732,8741,1779434100,1779443100,SHORT,TP1,1.363,1.35864847,1.27596935,1.38040613,0.0,-0.06264459704713257,0.06264459704713257,13,9.01,33.94,0.5294117647058855,0.004407808614126194,1.5096744504484154,base,adaptive disabled,1.0,74.0,60,100,70,80,LONDON,neutral,bearish,FVG,BOS bearish | Vol 9.0x | FVG | ChoCH | Session:LONDON | Zone:FVG | MTF 13,BOS+2 | 1hN+1 | 4h+2 | Vol+2 | RSI+1 | BTC+2 | FVG+1 | ChoCH+1 | Zone:FVG+1 | Sess:LONDON,0,0,-1.0,range,0.381,0,4.0852,0.0526,8.7504,-1,0.0,0.2873,1.149,4.5,0.0727,4.96,-1.0,0.0525,2.0,8732,1,2,1.135,0.454,1,1.816,5
AVAXUSDT,8756,8760,1779455700,1779460200,LONG,SL,9.567,9.60306398,10.28827954,9.42274409,-0.75,-0.7698958919603364,0.019895891960336316,15,1.92,64.22,0.4888888888888803,0.0038308736721032795,1.170764424835125,base,adaptive disabled,1.15,78.5,90,100,50,80,NEW_YORK,bullish,bullish,FVG,BOS bullish | Vol 1.9x | FVG | ChoCH | BullWick | Session:NEW_YORK | StrongTrend1h | Zone:FVG | MTF 15 | Risk x1.15,BOS+2 | 1h+2 | 4h+2 | Vol+1 | RSI+1 | BTC+2 | FVG+1 | ChoCH+1 | BullWick+1 | Zone:FVG+1 | Sess:NEW_YORK | Strong1h+1 | QualityRisk:1.15,0,0,-1.0,range,0.1838,0,3.2475,0.0526,1.8531,-1,0.0,1.2062,0.9982,0.0,0.1499,2.551,1.0,0.1731,0.75,8756,0,1,0.722,16.599,0,0.752,2
AVAXUSDT,8757,8758,1779456600,1779458400,LONG,TP1,9.501,9.529503,10.07106,9.386988,0.0,-0.03333333333333365,0.03333333333333365,17,3.02,54.42,0.22374429223743936,0.0050180036836771314,1.5335666741825178,base,adaptive disabled,1.15,90.7,90,86,100,80,NEW_YORK,bullish,bullish,OB,BOS bullish | Vol 3.0x | FVG | OB | ChoCH | Session:NEW_YORK | StrongTrend1h | Zone:OB | MTF 17 | Risk x1.15,BOS+2 | BodyStrong+1 | 1h+2 | 4h+2 | Vol+2 | RSI+1 | BTC+2 | FVG+1 | OB+1 | ChoCH+1 | Zone:OB+1 | Sess:NEW_YORK | Strong1h+1 | QualityRisk:1.15,0,0,-1.0,range,0.6939,0,2.5155,0.0526,2.9941,-1,0.0,0.1228,1.9998,0.0,-0.0376,1.698,1.0,-0.0167,1.0,8757,8,2,0.452,0.904,0,1.781,0
LINKUSDT,8757,8758,1779456600,1779458400,LONG,TP1,9.923,9.9753226,10.96945193,9.71370961,0.0,-0.013334791673903446,0.013334791673903446,18,2.02,66.12,0.5613382899628205,0.006042535560008531,1.6496122078990512,base,adaptive disabled,1.25,93.5,90,100,100,80,NEW_YORK,bullish,bullish,OB,BOS bullish | Vol 2.0x | FVG | OB | ChoCH | Engulfing | Session:NEW_YORK | StrongTrend1h | Zone:OB | MTF 18 | Risk x1.25,BOS+2 | BodyStrong+1 | 1h+2 | 4h+2 | Vol+2 | RSI+1 | BTC+2 | FVG+1 | OB+1 | ChoCH+1 | Engulfing+1 | Zone:OB+1 | Sess:NEW_YORK | Strong1h+1 | QualityRisk:1.15 | RelStrengthRisk:1.25,0,0,-1.0,range,0.3964,0,3.5574,0.0526,1.9486,-1,0.0,0.0669,1.2614,0.0,0.3045,1.138,1.0,0.3863,0.703125,8757,4,6,2.749,18.549,0,1.779,3
SOLUSDT,8757,8777,1779456600,1779475500,LONG,SL,87.2,87.4616,92.432,86.1536,-0.73828125,-0.7628906249999999,0.02460937499999987,15,1.57,64.69,0.44578313253012686,0.0032378015130048905,1.1704652469526422,base,adaptive disabled,1.15,84.5,90,100,70,80,OVERLAP,bullish,bullish,FVG,BOS bullish | Vol 1.6x | FVG | ChoCH | Session:OVERLAP | StrongTrend1h | Zone:FVG | MTF 15 | Risk x1.15,BOS+2 | BodyStrong+1 | 1h+2 | 4h+2 | Vol+1 | RSI+1 | BTC+2 | FVG+1 | ChoCH+1 | Zone:FVG+1 | Sess:OVERLAP | Strong1h+1 | QualityRisk:1.15,0,1,-1.0,bear,0.5345,0,2.275,0.1111,1.0934,-1,0.0,1.5004,1.2232,10.0,0.2384,1.645,1.0,0.0734,0.73828125,8755,3,3,1.358,0.881,1,1.321,0
LINKUSDT,8759,8775,1779458400,1779473700,LONG,SL,9.894,9.93799065,10.77381298,9.7180374,-0.9228515625,-0.9436075489638849,0.02075598646388493,15,2.24,69.16,0.5980392156862722,0.004771038751440896,1.365780004948541,base,adaptive disabled,1.15,90.5,90,100,90,80,OVERLAP,bullish,bullish,FVG,BOS bullish | Vol 2.2x | FVG | ChoCH | Session:OVERLAP | StrongTrend1h | Zone:FVG | MTF 15 | Risk x1.15,BOS+2 | BodyStrong+1 | 1h+2 | 4h+2 | Vol+2 | BTC+2 | FVG+1 | ChoCH+1 | Zone:FVG+1 | Sess:OVERLAP | Strong1h+1 | RelStrengthRisk:1.15,0,0,-1.0,range,0.5391,1,3.3879,0.1765,1.8129,-1,0.0,1.0229,1.5458,0.0,0.3662,2.242,1.0,0.2978,0.9228515625,8754,1,3,2.361,21.302,0,1.617,0
SOLUSDT,8759,8777,1779458400,1779475500,LONG,SL,86.9,87.1607,92.114,85.8572,-0.75,-0.7750000000000001,0.02500000000000001,16,3.12,50.36,0.1649484536082441,0.004158179403277405,1.5031818542865467,base,adaptive disabled,1.15,83.3,90,79,80,80,NEW_YORK,bullish,bullish,OB,BOS bullish | Vol 3.1x | FVG | OB | ChoCH | Session:NEW_YORK | StrongTrend1h | Zone:OB | MTF 16 | Risk x1.15,BOS+2 | 1h+2 | 4h+2 | Vol+2 | RSI+1 | BTC+2 | FVG+1 | OB+1 | ChoCH+1 | Zone:OB+1 | Sess:NEW_YORK | Strong1h+1 | QualityRisk:1.15,0,1,-1.0,bear,0.7931,1,2.6734,0.25,1.7393,-1,0.0,1.2179,1.7261,0.0,0.0849,1.895,-1.0,-0.1477,0.75,8758,9,6,0.48,0.069,1,0.96,0
XRPUSDT,8802,8820,1779497100,1779514200,SHORT,TP1,1.335,1.330995,1.2549,1.35102,0.0,-0.024999999999999772,0.024999999999999772,15,2.48,30.14,0.4814814814814797,0.005011403514841892,1.142600001467474,base,adaptive disabled,1.25,87.5,90,100,80,80,OFF_HOURS,bearish,bearish,OB,BOS bearish | Vol 2.5x | OB | ChoCH | Engulfing | StrongTrend1h | Zone:OB | MTF 15 | Risk x1.25,BOS+2 | 1h+2 | 4h+2 | Vol+2 | BTC+2 | OB+1 | ChoCH+1 | Engulfing+1 | Zone:OB+1 | Sess:OFF_HOURS | Strong1h+1 | QualityRisk:1.15 | TrendPairRisk:1.25,0,0,-1.0,range,0.5294,4,2.7517,0.0526,2.8739,-1,0.0,0.3745,1.9975,0.0,-0.0132,2.062,1.0,-0.3462,0.75,8802,4,2,0.86,-1.0,0,1.204,3
XRPUSDT,8825,8828,1779517800,1779521400,SHORT,TRAIL,1.335,1.330995,1.2549,1.35102,0.17556179775280364,0.1568117977528038,0.01874999999999983,17,1.42,32.25,0.5555555555555556,0.0027544542223645724,0.9206763238942189,base,adaptive disabled,1.25,87.5,90,100,80,80,OFF_HOURS,bearish,bearish,OB,BOS bearish | Vol 1.4x | OB | ChoCH | Engulfing | BearWick | StrongTrend1h | Zone:OB | MTF 17 | Risk x1.25,BOS+2 | BodyStrong+1 | 1h+2 | 4h+2 | Vol+1 | RSI+1 | BTC+2 | OB+1 | ChoCH+1 | Engulfing+1 | BearWick+1 | Zone:OB+1 | Sess:OFF_HOURS | Strong1h+1 | QualityRisk:1.15 | TrendPairRisk:1.25,0,0,-1.0,range,0.6,0,2.4586,0.1111,3.8761,-1,0.0,0.0,1.9975,0.0,-0.0447,0.959,1.0,-0.0679,0.5625,8821,23,3,1.475,0.738,1,0.738,0
XRPUSDT,8825,8828,1779517800,1779521400,SHORT,TRAIL,1.335,1.330995,1.2549,1.35102,0.17556179775280364,0.1568117977528038,0.01874999999999983,18,2.17,35.05,0.5555555555555556,0.0032575847077161066,1.083146915397044,base,adaptive disabled,1.25,87.5,90,100,80,80,OFF_HOURS,bearish,bearish,OB,BOS bearish | Vol 2.2x | FVG | OB | ChoCH | Engulfing | BearWick | StrongTrend1h | Zone:OB | MTF 18 | Risk x1.25,BOS+2 | 1h+2 | 4h+2 | Vol+2 | RSI+1 | BTC+2 | FVG+1 | OB+1 | ChoCH+1 | Engulfing+1 | BearWick+1 | Zone:OB+1 | Sess:OFF_HOURS | Strong1h+1 | QualityRisk:1.15 | TrendPairRisk:1.25,0,0,-1.0,range,0.6,0,2.4615,0.1111,3.8761,-1,0.0,0.0,1.9975,0.0,-0.0115,2.204,1.0,0.3279,0.5625,8822,24,4,1.231,0.985,1,0.738,0
XRPUSDT,8825,8828,1779517800,1779521400,SHORT,TRAIL,1.335,1.330995,1.2549,1.35102,0.17556179775280364,0.1568117977528038,0.01874999999999983,18,3.26,33.56,0.5789473684210551,0.003259842608534031,1.089602391983995,base,adaptive disabled,1.25,87.5,90,100,80,80,OFF_HOURS,bearish,bearish,OB,BOS bearish | Vol 3.3x | FVG | OB | ChoCH | Engulfing | BearWick | StrongTrend1h | Zone:OB | MTF 18 | Risk x1.25,BOS+2 | 1h+2 | 4h+2 | Vol+2 | RSI+1 | BTC+2 | FVG+1 | OB+1 | ChoCH+1 | Engulfing+1 | BearWick+1 | Zone:OB+1 | Sess:OFF_HOURS | Strong1h+1 | QualityRisk:1.15 | TrendPairRisk:1.25,0,0,-1.0,range,0.6,0,2.5083,0.1111,3.8761,-1,0.0,0.0,1.9975,0.0,-0.1196,4.335,-1.0,0.0445,0.5625,8823,25,5,1.505,0.753,1,0.753,0
XRPUSDT,8825,8828,1779517800,1779521400,SHORT,TRAIL,1.335,1.330995,1.2549,1.35102,0.23408239700373817,0.2090823970037384,0.024999999999999772,17,6.83,39.13,0.49999999999999445,0.003508019581875793,1.1725555453296834,base,adaptive disabled,1.25,87.5,90,100,80,80,OFF_HOURS,bearish,bearish,OB,BOS bearish | Vol 6.8x | FVG | OB | ChoCH | Engulfing | StrongTrend1h | Zone:OB | MTF 17 | Risk x1.25,BOS+2 | 1h+2 | 4h+2 | Vol+2 | RSI+1 | BTC+2 | FVG+1 | OB+1 | ChoCH+1 | Engulfing+1 | Zone:OB+1 | Sess:OFF_HOURS | Strong1h+1 | QualityRisk:1.15 | TrendPairRisk:1.25,0,0,-1.0,range,0.6,0,2.3799,0.1111,3.8761,-1,0.0,0.0,1.9975,0.0,0.0321,4.102,-1.0,0.2487,0.75,8824,26,6,0.952,1.19,0,0.714,0
XRPUSDT,8983,9025,1779660000,1779698700,SHORT,SL,1.346,1.341962,1.26524,1.362152,-0.75,-0.7750000000000001,0.025000000000000088,13,1.48,37.49,0.2727272727272911,0.0024796055347184815,1.1133428851712095,base,adaptive disabled,1.25,73.4,80,92,50,80,DEAD_ZONE,bearish,bearish,FVG,BOS bearish | Vol 1.5x | FVG | ChoCH | Zone:FVG | MTF 13 | Risk x1.25,BOS+2 | 1h+2 | 4h+2 | Vol+1 | RSI+1 | BTC+2 | FVG+1 | ChoCH+1 | Zone:FVG+1 | Sess:DEAD_ZONE | QualityRisk:1.15 | TrendPairRisk:1.25,0,0,-1.0,range,0.6667,0,4.3826,0.0526,2.643,-1,0.0,1.1763,2.9718,1.5,0.0953,1.801,1.0,-0.1842,0.75,8980,3,3,0.274,2.191,0,2.465,2
BTCUSDT,9052,9090,1779722100,1779757200,LONG,SL,77651.0,77883.953,82310.06,76719.188,-0.28125,-0.29062499999999997,0.009374999999999948,16,3.78,66.12,0.6339020771513099,0.0021978302938735557,1.3711766919217225,base,adaptive disabled,1.0,84.5,90,100,70,80,NEW_YORK,bullish,bullish,FVG,BOS bullish | Vol 3.8x | FVG | ChoCH | Engulfing | Session:NEW_YORK | StrongTrend1h | Zone:FVG | MTF 16,BOS+2 | 1h+2 | 4h+2 | Vol+2 | RSI+1 | BTC+2 | FVG+1 | ChoCH+1 | Engulfing+1 | Zone:FVG+1 | Sess:NEW_YORK | Strong1h+1,0,0,-1.0,range,0.3533,0,4.4143,0.0526,3.7206,-1,0.0,1.204,0.5731,0.0,-0.0442,2.309,-1.0,-0.0746,0.28125,9052,0,4,1.786,0.481,1,1.639,1
ADAUSDT,9084,9089,1779750900,1779756300,SHORT,TP1,0.2431,0.24183107,0.21772143,0.24817571,0.0,-0.018858568554941148,0.018858568554941148,13,2.99,30.76,0.4666666666666568,0.0041200882744868205,1.4526254093648392,base,adaptive disabled,1.0,80.0,60,100,90,80,DEAD_ZONE,neutral,bearish,FVG,BOS bearish | Vol 3.0x | FVG | ChoCH | Zone:FVG | MTF 13,BOS+2 | BodyStrong+1 | 1hN+1 | 4h+2 | Vol+2 | BTC+2 | FVG+1 | ChoCH+1 | Zone:FVG+1 | Sess:DEAD_ZONE,0,0,-1.0,bear,0.2037,0,3.6096,0.0526,3.1051,-1,0.0,0.1576,1.1821,0.56,0.0749,2.58,1.0,-0.1625,0.984375,9084,1,3,1.289,0.902,1,1.16,6
SUIUSDT,9158,9165,1779817500,1779824700,SHORT,TRAIL,1.0128,1.003938,0.83556,1.048248,0.11816606624518891,0.10745178053090323,0.01071428571428567,15,1.83,35.64,0.45173745173745283,0.010810532070940964,1.6110826274825794,base,adaptive disabled,1.25,84.5,90,100,70,80,OFF_HOURS,bearish,bearish,FVG,BOS bearish | Vol 1.8x | FVG | MACD_Div | ChoCH | StrongTrend1h | Zone:FVG | MTF 15 | Risk x1.25,BOS+2 | BodyStrong+1 | 1h+2 | 4h+2 | Vol+1 | RSI+1 | BTCok+1 | FVG+1 | MACD_Div+1 | ChoCH+1 | Zone:FVG+1 | Sess:OFF_HOURS | Strong1h+1 | QualityRisk:1.15 | TrendPairRisk:1.25,0,0,-1.0,range,0.2039,0,2.7094,0.0526,1.7726,-1,0.0,0.1636,1.0269,4.105,0.0713,1.488,1.0,-0.0884,0.9375,9158,0,1,0.194,0.939,1,1.231,3
XRPUSDT,9158,9202,1779817500,1779858000,SHORT,TRAIL,1.332,1.32209063,1.13381265,1.37163747,0.26490086274426755,0.24725846528549936,0.017642397458768205,13,3.86,34.42,0.6249999999999913,0.005755428375478873,1.9280685059293066,base,adaptive disabled,1.0,72.0,60,90,70,80,OFF_HOURS,neutral,bearish,FVG,BOS bearish | Vol 3.9x | FVG | MACD_Div | ChoCH | Zone:FVG | MTF 13,BOS+2 | 1hN+1 | 4h+2 | Vol+2 | RSI+1 | BTCok+1 | FVG+1 | MACD_Div+1 | ChoCH+1 | Zone:FVG+1 | Sess:OFF_HOURS,0,0,-1.0,range,0.175,0,2.8625,0.0526,3.7582,-1,0.0,0.1514,1.3119,3.0,0.0702,3.662,1.0,-0.0233,1.3125,9158,0,1,0.603,0.301,1,1.055,4
ADAUSDT,9202,9238,1779857100,1779890400,SHORT,TRAIL,0.2389,0.23797531,0.22040627,0.24259875,0.14264507275567959,0.13174561347889688,0.010899459276782696,14,9.82,31.32,0.4838709677419372,0.005585841377014671,1.6778471043190222,base,adaptive disabled,1.15,84.5,90,100,70,80,OFF_HOURS,bearish,bearish,FVG,BOS bearish | Vol 9.8x | FVG | ChoCH | StrongTrend1h | Zone:FVG | MTF 14 | Risk x1.15,BOS+2 | 1h+2 | 4h+2 | Vol+2 | BTC+2 | FVG+1 | ChoCH+1 | Zone:FVG+1 | Sess:OFF_HOURS | Strong1h+1 | TrendPairRisk:1.15,0,0,-1.0,range,0.451,6,4.4507,0.0526,9.6422,-1,0.0,0.7029,1.8385,7.5,0.208,3.835,1.0,-0.4959,0.421875,9202,0,1,0.89,0.111,1,2.559,5
AVAXUSDT,9202,9216,1779857100,1779870600,SHORT,SL,9.087,9.05268902,8.40078041,9.22424392,-0.5625,-0.5773973812464698,0.01489738124646984,14,6.42,30.45,0.5000000000000068,0.003925195618004476,1.2877445338350368,base,adaptive disabled,1.15,84.5,90,100,70,80,OFF_HOURS,bearish,bearish,FVG,BOS bearish | Vol 6.4x | FVG | ChoCH | StrongTrend1h | Zone:FVG | MTF 14 | Risk x1.15,BOS+2 | 1h+2 | 4h+2 | Vol+2 | BTC+2 | FVG+1 | ChoCH+1 | Zone:FVG+1 | Sess:OFF_HOURS | Strong1h+1 | TrendPairRisk:1.15,0,0,-1.0,bear,0.3208,7,4.4796,0.0526,6.2321,-1,0.0,1.0201,0.3206,7.333,0.1427,3.68,1.0,-0.5111,0.5625,9202,0,1,0.957,0.616,1,1.744,6
ETHUSDT,9202,9216,1779857100,1779870600,SHORT,SL,2070.39,2064.17883,1946.1666,2095.23468,-0.75,-0.7749999999999999,0.024999999999999842,16,2.98,35.93,0.41313742437337936,0.002282337772776286,0.8523112830812158,base,adaptive disabled,1.25,90.5,90,100,90,80,OFF_HOURS,bearish,bearish,FVG,BOS bearish | Vol 3.0x | FVG | ChoCH | StrongTrend1h | Zone:FVG | MTF 16 | Risk x1.25,BOS+2 | BodyStrong+1 | 1h+2 | 4h+2 | Vol+2 | RSI+1 | BTC+2 | FVG+1 | ChoCH+1 | Zone:FVG+1 | Sess:OFF_HOURS | Strong1h+1 | QualityRisk:1.15 | TrendPairRisk:1.25,0,0,-1.0,range,0.5269,5,4.127,0.0526,3.4105,-1,0.0,1.028,1.2381,0.0,-0.1366,2.696,1.0,-0.2745,0.75,9201,1,1,0.714,0.643,1,1.756,4
ETHUSDT,9202,9216,1779857100,1779870600,SHORT,SL,2064.65,2058.42853697,1940.22073936,2089.53585213,-0.75,-0.7748894430765069,0.024889443076506902,15,3.5,34.59,0.44115226337449276,0.0029571447146678983,1.104309728419187,base,adaptive disabled,1.25,84.5,90,100,70,80,OFF_HOURS,bearish,bearish,FVG,BOS bearish | Vol 3.5x | FVG | ChoCH | StrongTrend1h | Zone:FVG | MTF 15 | Risk x1.25,BOS+2 | 1h+2 | 4h+2 | Vol+2 | RSI+1 | BTC+2 | FVG+1 | ChoCH+1 | Zone:FVG+1 | Sess:OFF_HOURS | Strong1h+1 | QualityRisk:1.15 | TrendPairRisk:1.25,0,0,-1.0,range,0.3263,5,3.9156,0.0526,3.4105,-1,0.0,1.2569,0.3134,5.826,-0.0401,2.103,1.0,-0.4116,0.75,9202,0,2,0.912,0.376,1,1.666,4
LINKUSDT,9202,9255,1779857100,1779905700,SHORT,TRAIL,9.396,9.243,8.83224,9.508752,1.2139474244359516,1.1826974244359512,0.03125000000000038,16,1.96,34.52,0.5099337748344315,0.003629175811935734,0.9774925822708841,base,adaptive disabled,1.25,84.5,90,100,70,80,OFF_HOURS,bearish,bearish,FVG,BOS bearish | Vol 2.0x | FVG | LiqSweep | ChoCH | StrongTrend1h | Zone:FVG | MTF 16 | Risk x1.25,BOS+2 | BodyStrong+1 | 1h+2 | 4h+2 | Vol+1 | RSI+1 | BTC+2 | FVG+1 | LiqSweep+1 | ChoCH+1 | Zone:FVG+1 | Sess:OFF_HOURS | Strong1h+1 | QualityRisk:1.15 | TrendPairRisk:1.25,0,1,-1.0,bull,0.615,7,4.9264,0.0526,6.5735,-1,0.0,0.7539,1.1765,0.0,0.0119,1.466,1.0,-0.2245,0.9375,9201,1,1,1.186,0.335,1,2.037,6
SOLUSDT,9202,9232,1779857100,1779885000,SHORT,SL,83.4,83.14466767,78.29335349,84.4213293,-0.5625,-0.5808731143324686,0.018373114332468646,14,9.18,31.74,0.5135135135135142,0.004083458461583046,1.267384515115084,base,adaptive disabled,1.25,84.5,90,100,70,80,OFF_HOURS,bearish,bearish,FVG,BOS bearish | Vol 9.2x | FVG | ChoCH | StrongTrend1h | Zone:FVG | MTF 14 | Risk x1.25,BOS+2 | 1h+2 | 4h+2 | Vol+2 | BTC+2 | FVG+1 | ChoCH+1 | Zone:FVG+1 | Sess:OFF_HOURS | Strong1h+1 | QualityRisk:1.15 | TrendPairRisk:1.25,0,0,-1.0,range,0.4565,7,4.1647,0.0526,8.9804,-1,0.0,1.2141,0.9008,0.0,0.0515,3.952,1.0,-0.5897,0.5625,9202,0,1,1.179,0.332,1,2.322,6
SUIUSDT,9202,9240,1779857100,1779892200,SHORT,TP1,0.9923,0.98579652,0.86223031,1.01831394,0.0,-0.011443479918843457,0.011443479918843457,14,4.03,31.04,0.4909090909090944,0.006550250486290911,1.3108361274475118,base,adaptive disabled,1.25,84.5,90,100,70,80,OFF_HOURS,bearish,bearish,FVG,BOS bearish | Vol 4.0x | FVG | ChoCH | StrongTrend1h | Zone:FVG | MTF 14 | Risk x1.25,BOS+2 | 1h+2 | 4h+2 | Vol+2 | BTC+2 | FVG+1 | ChoCH+1 | Zone:FVG+1 | Sess:OFF_HOURS | Strong1h+1 | QualityRisk:1.15 | TrendPairRisk:1.25,0,0,-1.0,bear,0.3017,2,4.0451,0.0526,4.0383,-1,0.0,0.8957,1.1686,4.32,0.1347,2.454,1.0,-0.3822,0.75,9202,0,1,0.499,1.773,0,1.644,1
BTCUSDT,9204,9235,1779858900,1779887700,SHORT,TP1,75670.8,75443.7876,71130.552,76578.8496,0.0,-0.003955078125000008,0.003955078125000008,15,2.73,30.56,0.5520308330862934,0.001762711818075971,0.8905259979970753,base,adaptive disabled,1.25,90.5,90,100,90,80,OFF_HOURS,bearish,bearish,FVG,BOS bearish | Vol 2.7x | FVG | ChoCH | StrongTrend1h | Zone:FVG | MTF 15 | Risk x1.25,BOS+2 | BodyStrong+1 | 1h+2 | 4h+2 | Vol+2 | BTC+2 | FVG+1 | ChoCH+1 | Zone:FVG+1 | Sess:OFF_HOURS | Strong1h+1 | QualityRisk:1.15 | TrendPairRisk:1.25,0,0,-1.0,bear,0.4963,0,3.258,0.1765,2.4625,-1,0.0,0.5355,1.4131,10.0,-0.2059,2.829,1.0,-0.2812,0.11865234375,9201,1,2,1.26,8.738,0,0.449,0
SUIUSDT,9242,9251,1779893100,1779902100,SHORT,TP1,0.9976,0.9913668,0.87293597,1.02253281,0.0,-0.02000576750073504,0.02000576750073504,16,2.48,39.67,0.1853281853281869,0.00936501461728807,1.9471426227061932,base,adaptive disabled,1.25,84.9,90,72,90,80,NEW_YORK,bearish,bearish,FVG,BOS bearish | Vol 2.5x | FVG | ChoCH | Session:NEW_YORK | StrongTrend1h | Zone:FVG | MTF 16 | Risk x1.25,BOS+2 | BodyStrong+1 | 1h+2 | 4h+2 | Vol+2 | RSI+1 | BTC+2 | FVG+1 | ChoCH+1 | Zone:FVG+1 | Sess:NEW_YORK | Strong1h+1 | QualityRisk:1.15 | TrendPairRisk:1.25,0,1,-1.0,bull,0.4175,0,2.4521,0.1111,1.9548,-1,0.0,0.5495,3.2407,0.0,-0.0564,1.468,1.0,-0.3433,1.25,9241,21,3,0.649,0.865,1,0.721,2
ADAUSDT,9271,9272,1779919200,1779921000,SHORT,TP1,0.2375,0.23627348,0.21296959,0.24240608,-0.008599024068096525,-0.016768096932786858,0.008169072864690331,16,2.88,33.74,0.6734693877551032,0.009118055482758809,2.1956277611601247,base,adaptive disabled,1.15,82.5,90,90,70,80,DEAD_ZONE,bearish,bearish,FVG,BOS bearish | Vol 2.9x | FVG | ChoCH | Engulfing | StrongTrend1h | Zone:FVG | MTF 16 | Risk x1.15,BOS+2 | 1h+2 | 4h+2 | Vol+2 | RSI+1 | BTC+2 | FVG+1 | ChoCH+1 | Engulfing+1 | Zone:FVG+1 | Sess:DEAD_ZONE | Strong1h+1 | TrendPairRisk:1.15,0,0,-1.0,range,0.3684,4,4.3115,0.0526,2.8384,-1,0.0,0.1834,1.3045,10.0,0.1127,1.655,1.0,-0.2947,0.421875,9271,0,1,1.907,0.083,1,1.741,3
AVAXUSDT,9271,9273,1779919200,1779921900,SHORT,TRAIL,9.06,9.00958701,8.05174017,9.26165197,0.018596396553926947,0.005117728331642799,0.013478668222284145,14,2.98,30.66,0.6857142857142983,0.009382109577899388,2.385140746052066,base,adaptive disabled,1.15,82.5,90,90,70,80,DEAD_ZONE,bearish,bearish,FVG,BOS bearish | Vol 3.0x | FVG | ChoCH | StrongTrend1h | Zone:FVG | MTF 14 | Risk x1.15,BOS+2 | 1h+2 | 4h+2 | Vol+2 | BTC+2 | FVG+1 | ChoCH+1 | Zone:FVG+1 | Sess:DEAD_ZONE | Strong1h+1 | TrendPairRisk:1.15,0,0,-1.0,bear,0.3188,3,5.0166,0.0526,2.9446,-1,0.0,0.0992,1.0513,6.261,0.0503,1.821,1.0,-0.2174,0.75,9271,0,1,0.761,0.022,1,1.635,2
BTCUSDT,9271,9272,1779919200,1779921000,SHORT,TP1,74600.0,74349.17202202,69583.44044041,75603.31191192,0.0,-0.008364796530661741,0.008364796530661741,16,2.85,30.02,0.4811998310097169,0.004997025670458614,1.9900495253058783,base,adaptive disabled,1.15,88.5,90,90,90,80,DEAD_ZONE,bearish,bearish,FVG,BOS bearish | Vol 2.9x | FVG | ChoCH | Engulfing | StrongTrend1h | Zone:FVG | MTF 16 | Risk x1.15,BOS+2 | BodyStrong+1 | 1h+2 | 4h+2 | Vol+2 | BTC+2 | FVG+1 | ChoCH+1 | Engulfing+1 | Zone:FVG+1 | Sess:DEAD_ZONE | Strong1h+1 | TrendPairRisk:1.15,0,1,-1.0,bull,0.2697,4,4.3643,0.0526,2.8179,-1,0.0,0.1402,1.507,2.184,-0.0014,2.141,1.0,-0.3907,0.28125,9271,0,1,2.205,1.099,1,1.33,3
LINKUSDT,9271,9273,1779919200,1779921900,SHORT,TRAIL,9.203,9.15049852,8.1529704,9.41300592,0.14880532891643322,0.12689404184414502,0.021911287072288208,14,2.58,29.05,0.6855895196506575,0.00996453689306077,2.38918934584637,base,adaptive disabled,1.15,82.5,90,90,70,80,DEAD_ZONE,bearish,bearish,FVG,BOS bearish | Vol 2.6x | FVG | ChoCH | StrongTrend1h | Zone:FVG | MTF 14 | Risk x1.15,BOS+2 | 1h+2 | 4h+2 | Vol+2 | BTC+2 | FVG+1 | ChoCH+1 | Zone:FVG+1 | Sess:DEAD_ZONE | Strong1h+1 | TrendPairRisk:1.15,0,0,-1.0,bear,0.3391,4,4.5203,0.0526,2.51,-1,0.0,0.0238,1.4476,4.758,-0.0222,1.568,1.0,-0.3984,1.25,9271,0,1,1.021,2.479,0,1.646,3
SUIUSDT,9271,9273,1779919200,1779921900,SHORT,TRAIL,0.9673,0.95883613,0.7980225,1.0011555,0.09968838150374505,0.08897409578945935,0.010714285714285702,16,2.18,28.61,0.5907780979827086,0.012860208478685855,2.157189108655074,base,adaptive disabled,1.25,82.5,90,90,70,80,DEAD_ZONE,bearish,bearish,FVG,BOS bearish | Vol 2.2x | FVG | LiqSweep | ChoCH | Engulfing | StrongTrend1h | Zone:FVG | MTF 16 | Risk x1.25,BOS+2 | 1h+2 | 4h+2 | Vol+2 | BTC+2 | FVG+1 | LiqSweep+1 | ChoCH+1 | Engulfing+1 | Zone:FVG+1 | Sess:DEAD_ZONE | Strong1h+1 | QualityRisk:1.15 | TrendPairRisk:1.25,0,1,-1.0,bull,0.2682,4,4.293,0.0526,2.1356,-1,0.0,0.0561,1.4651,1.349,-0.1585,1.406,1.0,-0.4795,0.9375,9271,0,1,2.058,-1.0,0,1.554,3
ADAUSDT,9273,9276,1779921000,1779924600,SHORT,TRAIL,0.2375,0.23627637,0.21302735,0.24239453,0.03447726339403229,0.026288913337949284,0.008188350056083003,14,1.99,36.58,0.6956521739130404,0.008142894975841697,1.9437090315477008,base,adaptive disabled,1.15,76.5,90,90,50,80,DEAD_ZONE,bearish,bearish,FVG,BOS bearish | Vol 2.0x | FVG | ChoCH | StrongTrend1h | Zone:FVG | MTF 14 | Risk x1.15,BOS+2 | 1h+2 | 4h+2 | Vol+1 | RSI+1 | BTC+2 | FVG+1 | ChoCH+1 | Zone:FVG+1 | Sess:DEAD_ZONE | Strong1h+1 | TrendPairRisk:1.15,0,0,-1.0,range,0.3684,0,4.0169,0.1765,2.3537,-1,0.0,0.1022,1.3076,0.0,0.2073,1.431,1.0,-0.1604,0.421875,9273,2,3,1.545,0.309,1,1.39,0
SOLUSDT,9273,9277,1779921000,1779925500,SHORT,TRAIL,82.7,82.23332782,73.36655647,84.56668871,0.10445973160237775,0.09449154574454391,0.00996818585783384,15,2.55,30.68,0.7816091954023008,0.009930910425455549,2.3734875916866556,base,adaptive disabled,1.25,82.5,90,90,70,80,DEAD_ZONE,bearish,bearish,FVG,BOS bearish | Vol 2.5x | FVG | ChoCH | BearWick | StrongTrend1h | Zone:FVG | MTF 15 | Risk x1.25,BOS+2 | 1h+2 | 4h+2 | Vol+2 | BTC+2 | FVG+1 | ChoCH+1 | BearWick+1 | Zone:FVG+1 | Sess:DEAD_ZONE | Strong1h+1 | QualityRisk:1.15 | TrendPairRisk:1.25,0,1,-1.0,bull,0.3137,0,4.2047,0.1765,3.152,-1,0.0,0.0375,1.2,0.0,0.0004,1.314,1.0,-0.2392,0.5625,9272,1,2,1.377,2.951,0,1.254,0
BTCUSDT,9335,9336,1779976800,1779978600,SHORT,TP1,73139.5,72920.0815,68751.13,74017.174,0.0,-0.012500000000000013,0.012500000000000013,17,2.32,39.42,0.24107793153678078,0.004931647215088156,2.218775546447172,base,adaptive disabled,1.15,86.1,90,78,90,80,NEW_YORK,bearish,bearish,FVG,BOS bearish | Vol 2.3x | FVG | LiqSweep | ChoCH | Session:NEW_YORK | StrongTrend1h | Zone:FVG | MTF 17 | Risk x1.15,BOS+2 | BodyStrong+1 | 1h+2 | 4h+2 | Vol+2 | RSI+1 | BTC+2 | FVG+1 | LiqSweep+1 | ChoCH+1 | Zone:FVG+1 | Sess:NEW_YORK | Strong1h+1 | TrendPairRisk:1.15,0,0,-1.0,range,0.4672,0,3.9462,0.1111,3.6995,-1,0.0,0.462,2.6684,0.0,-0.0591,1.536,1.0,-0.1372,0.375,9335,1,2,1.104,1.543,0,1.513,3
AVAXUSDT,9387,9430,1780023600,1780063200,SHORT,TRAIL,8.915,8.784,8.3801,9.02198,0.9814918676387893,0.9377418676387893,0.04374999999999996,13,1.65,39.95,0.35570469798658905,0.0038575690329813923,0.8823941882977697,base,adaptive disabled,1.15,68.0,60,100,50,80,OFF_HOURS,neutral,bearish,FVG,BOS bearish | Vol 1.6x | FVG | ChoCH | BearWick | Zone:FVG | MTF 13 | Risk x1.15,BOS+2 | 1hN+1 | 4h+2 | Vol+1 | RSI+1 | BTC+2 | FVG+1 | ChoCH+1 | BearWick+1 | Zone:FVG+1 | Sess:OFF_HOURS | QualityRisk:1.15,0,0,-1.0,range,0.4252,3,2.9788,0.0526,1.1539,-1,0.0,0.5889,1.0229,1.359,-0.2144,1.54,1.0,-0.1263,1.3125,9386,0,1,0.227,0.162,1,1.101,2
SOLUSDT,9387,9392,1780023600,1780029000,SHORT,TRAIL,81.72,81.43533137,76.02662743,82.85867451,0.12189146343478952,0.10599604910343685,0.01589541433135267,13,1.89,35.32,0.5999999999999956,0.004081442759611907,1.0734194457792403,base,adaptive disabled,1.15,74.0,60,100,70,80,OFF_HOURS,neutral,bearish,FVG,BOS bearish | Vol 1.9x | FVG | ChoCH | Zone:FVG | MTF 13 | Risk x1.15,BOS+2 | BodyStrong+1 | 1hN+1 | 4h+2 | Vol+1 | RSI+1 | BTC+2 | FVG+1 | ChoCH+1 | Zone:FVG+1 | Sess:OFF_HOURS | QualityRisk:1.15,0,0,-1.0,range,0.265,5,3.1219,0.0526,1.8533,-1,0.0,0.1669,1.37,10.0,-0.2573,1.696,1.0,-0.4804,0.5537109375,9387,0,2,1.435,0.646,1,1.112,4
LINKUSDT,9393,9422,1780029000,1780056000,SHORT,TP1,8.951,8.91934735,8.31794705,9.07761059,0.0,-0.019883555948992847,0.019883555948992847,16,2.15,34.68,0.5050505050505022,0.003619677199953007,1.0500566793400197,base,adaptive disabled,1.25,93.5,90,100,100,80,OFF_HOURS,bearish,bearish,OB,BOS bearish | Vol 2.1x | FVG | OB | ChoCH | StrongTrend1h | Zone:OB | MTF 16 | Risk x1.25,BOS+2 | BodyStrong+1 | 1h+2 | 4h+2 | Vol+2 | RSI+1 | BTCok+1 | FVG+1 | OB+1 | ChoCH+1 | Zone:OB+1 | Sess:OFF_HOURS | Strong1h+1 | QualityRisk:1.15 | TrendPairRisk:1.25,0,0,-1.0,range,0.3262,0,3.037,0.1111,1.2949,-1,0.0,0.7819,1.2005,0.0,-0.2062,1.512,1.0,-0.2713,0.703125,9392,4,1,0.823,4.018,0,0.886,4
BTCUSDT,9429,9431,1780061400,1780064100,SHORT,TP1,73115.4,72887.80357914,68563.47158279,74025.78568344,0.0,-0.01581153420669822,0.01581153420669822,13,2.21,28.1,0.9196428571428479,0.0027489366345699803,1.501056542277499,base,adaptive disabled,1.0,74.0,60,100,70,80,NEW_YORK,neutral,bearish,FVG,BOS bearish | Vol 2.2x | FVG | ChoCH | Engulfing | Session:NEW_YORK | Zone:FVG | MTF 13,BOS+2 | 1hN+1 | 4h+2 | Vol+2 | BTC+2 | FVG+1 | ChoCH+1 | Engulfing+1 | Zone:FVG+1 | Sess:NEW_YORK,0,1,-1.0,bull,0.1913,2,3.4069,0.0526,2.2723,-1,0.0,0.2236,1.1591,3.917,-0.1558,1.82,1.0,-0.4796,0.4921875,9429,0,5,1.984,2.446,0,1.216,1
ADAUSDT,9453,9483,1780083000,1780110900,SHORT,SL,0.2326,0.23094905,0.19958108,0.23920378,-0.984375,-0.9982437615274887,0.013868761527488794,13,1.91,38.89,0.26666666666666483,0.0057348533158126614,1.4815037738888364,base,adaptive disabled,1.0,66.2,60,91,50,80,OFF_HOURS,neutral,bearish,FVG,BOS bearish | Vol 1.9x | FVG | LiqSweep | ChoCH | Zone:FVG | MTF 13,BOS+2 | 1hN+1 | 4h+2 | Vol+1 | RSI+1 | BTC+2 | FVG+1 | LiqSweep+1 | ChoCH+1 | Zone:FVG+1 | Sess:OFF_HOURS,0,0,-1.0,range,0.3537,0,3.2214,-1.0,-1.0,-1,0.0,1.0297,0.7269,0.0,0.0053,1.466,-1.0,0.0187,0.984375,9451,0,2,0.997,1.764,0,0.92,7
ETHUSDT,9491,9623,1780117200,1780236900,SHORT,TP1,2016.74,2010.68978,1895.7356,2040.94088,0.0,-0.03281249999999987,0.03281249999999987,17,1.62,38.78,0.4441138971525822,0.003016602716451896,1.1245069682567002,base,adaptive disabled,1.15,74.0,60,100,70,80,OFF_HOURS,neutral,bearish,FVG,BOS bearish | Vol 1.6x | FVG | LiqSweep | ChoCH | Engulfing | Zone:FVG | MTF 17 | Risk x1.15,BOS+2 | BodyStrong+1 | 1hN+1 | 4h+2 | Vol+1 | RSI+1 | BTC+2 | FVG+1 | LiqSweep+1 | ChoCH+1 | Engulfing+1 | Zone:FVG+1 | Sess:OFF_HOURS | NestedOB_1h+2 | QualityRisk:1.15,0,1,-1.0,bull,0.7281,0,3.6328,0.1111,3.5368,-1,0.0,0.8537,1.5834,0.0,0.0474,1.149,1.0,-0.0243,0.984375,9489,2,3,1.543,0.338,1,1.014,3
ETHUSDT,9491,9623,1780117200,1780236900,SHORT,TP1,2016.74,2010.68978,1895.7356,2040.94088,0.0,-0.03281249999999987,0.03281249999999987,16,4.74,37.02,0.5070821529745071,0.003999931851270108,1.4910651690308143,base,adaptive disabled,1.0,74.0,60,100,70,80,OFF_HOURS,neutral,bearish,FVG,BOS bearish | Vol 4.7x | FVG | ChoCH | Engulfing | Zone:FVG | MTF 16,BOS+2 | 1hN+1 | 4h+2 | Vol+2 | RSI+1 | BTC+2 | FVG+1 | ChoCH+1 | Engulfing+1 | Zone:FVG+1 | Sess:OFF_HOURS | NestedOB_1h+2,0,1,-1.0,bull,0.7281,0,3.4944,0.1111,3.5368,-1,0.0,0.8537,1.5834,0.0,0.0789,3.168,1.0,-0.2795,0.984375,9490,3,4,1.79,0.019,1,0.975,3
ETHUSDT,9611,9624,1780225200,1780237800,SHORT,TRAIL,2020.99,2014.92703,1899.7306,2045.24188,0.5162486372190513,0.44958197055238475,0.06666666666666658,14,2.96,35.25,0.1599022004889981,0.0026753155474008687,1.7139883160978004,base,adaptive disabled,1.0,69.8,60,79,70,80,LONDON,neutral,bearish,FVG,BOS bearish | Vol 3.0x | FVG | ChoCH | Engulfing | Session:LONDON | Zone:FVG | MTF 14,BOS+2 | 1hN+1 | 4h+2 | Vol+2 | RSI+1 | BTC+2 | FVG+1 | ChoCH+1 | Engulfing+1 | Zone:FVG+1 | Sess:LONDON,0,0,-1.0,range,0.4317,0,3.6079,0.1765,1.7333,-1,0.0,0.1893,2.7049,0.383,-0.1971,2.767,1.0,-0.3076,2.0,9608,0,1,0.771,0.151,1,1.176,4
ETHUSDT,9611,9624,1780225200,1780237800,SHORT,TRAIL,2020.99,2014.92703,1899.7306,2045.24188,0.5162486372190513,0.44958197055238475,0.06666666666666658,14,3.87,33.01,0.2600938967136111,0.003103328624519536,1.988202478995774,base,adaptive disabled,1.0,70.2,60,81,70,80,LONDON,neutral,bearish,FVG,BOS bearish | Vol 3.9x | FVG | ChoCH | Engulfing | Session:LONDON | Zone:FVG | MTF 14,BOS+2 | 1hN+1 | 4h+2 | Vol+2 | RSI+1 | BTC+2 | FVG+1 | ChoCH+1 | Engulfing+1 | Zone:FVG+1 | Sess:LONDON,0,0,-1.0,range,0.4317,0,3.5111,0.1765,1.7333,-1,0.0,0.1893,2.7049,0.707,-0.1066,2.867,1.0,-0.449,2.0,9609,1,2,1.16,0.85,1,1.144,4
SOLUSDT,9730,9767,1780332300,1780366500,SHORT,TP1,80.07,79.67851487,72.2402974,81.63594052,0.0,-0.015339663092695126,0.015339663092695126,15,1.36,35.36,0.2979591836734666,0.007827941177044079,2.055465844555375,base,adaptive disabled,1.25,75.5,90,85,50,80,NEW_YORK,bearish,bearish,FVG,BOS bearish | Vol 1.4x | FVG | ChoCH | Engulfing | Session:NEW_YORK | StrongTrend1h | Zone:FVG | MTF 15 | Risk x1.25,BOS+2 | 1h+2 | 4h+2 | Vol+1 | RSI+1 | BTC+2 | FVG+1 | ChoCH+1 | Engulfing+1 | Zone:FVG+1 | Sess:NEW_YORK | Strong1h+1 | QualityRisk:1.15 | TrendPairRisk:1.25,0,0,-1.0,bear,0.5075,0,2.0836,0.1765,0.8487,-1,0.0,0.9707,1.9158,0.802,-0.134,0.938,1.0,-0.4921,0.75,9728,8,3,0.329,-1.0,0,0.592,0
BTCUSDT,9752,9765,1780352100,1780364700,SHORT,TP1,71209.4,70995.7718,66936.836,72063.9128,0.0,-0.0070312499999999065,0.0070312499999999065,13,1.35,30.19,0.875236294896039,0.002800513740460435,0.9579088060081933,base,adaptive disabled,1.25,78.5,90,100,50,80,DEAD_ZONE,bearish,bearish,FVG,BOS bearish | Vol 1.4x | FVG | ChoCH | StrongTrend1h | Zone:FVG | MTF 13 | Risk x1.25,BOS+2 | 1h+2 | 4h+2 | Vol+1 | BTC+2 | FVG+1 | ChoCH+1 | Zone:FVG+1 | Sess:DEAD_ZONE | Strong1h+1 | QualityRisk:1.15 | TrendPairRisk:1.25,0,0,-1.0,range,0.4106,1,3.7009,0.0526,1.412,-1,0.0,0.4252,2.1224,0.0,0.1153,1.336,1.0,-0.3792,0.2109375,9752,3,4,1.87,1.383,0,1.008,0
XRPUSDT,9752,9767,1780352100,1780366500,SHORT,TRAIL,1.295,1.278,1.2173,1.31054,0.9287457707384906,0.8954124374051575,0.0333333333333331,15,2.32,39.43,0.6470588235294226,0.0033589748363729213,0.8632565330150387,base,adaptive disabled,1.25,84.5,90,100,70,80,DEAD_ZONE,bearish,bearish,FVG,BOS bearish | Vol 2.3x | FVG | ChoCH | StrongTrend1h | Zone:FVG | MTF 15 | Risk x1.25,BOS+2 | 1h+2 | 4h+2 | Vol+2 | RSI+1 | BTC+2 | FVG+1 | ChoCH+1 | Zone:FVG+1 | Sess:DEAD_ZONE | Strong1h+1 | QualityRisk:1.15 | TrendPairRisk:1.25,0,0,-1.0,range,0.5263,6,2.9214,0.0526,2.4182,-1,0.0,0.3861,1.7059,0.0,0.1968,2.38,1.0,-0.2944,1.0,9752,3,2,0.779,2.142,1,0.974,5
ETHUSDT,9768,9797,1780366500,1780393500,SHORT,TRAIL,1980.7,1971.61058408,1798.91168158,2017.05766368,0.28553496648146676,0.26408417602737555,0.02145079045409122,16,4.96,31.5,0.8010939830929887,0.006317417870729825,1.6504274995641937,base,adaptive disabled,1.0,74.0,60,100,70,80,OFF_HOURS,neutral,bearish,FVG,BOS bearish | Vol 5.0x | FVG | LiqSweep | ChoCH | Engulfing | Zone:FVG | MTF 16,BOS+2 | 1hN+1 | 4h+2 | Vol+2 | BTC+2 | FVG+1 | LiqSweep+1 | ChoCH+1 | Engulfing+1 | Zone:FVG+1 | Sess:OFF_HOURS | NestedOB_1h+2,0,0,-1.0,range,0.408,4,4.4315,0.0526,5.1858,-1,0.0,0.6917,1.6294,0.0,-0.0671,2.249,1.0,-0.4864,0.984375,9768,0,1,1.343,0.23,1,2.206,3
LINKUSDT,9768,9785,1780366500,1780382700,SHORT,TRAIL,8.901,8.84531026,7.78720513,9.12375897,0.16729124308663829,0.15605305927747454,0.011238183809163728,15,6.56,28.11,0.9807692307692244,0.008248919317900368,1.6632820952099125,base,adaptive disabled,1.15,84.5,90,100,70,80,OFF_HOURS,bearish,bearish,FVG,BOS bearish | Vol 6.6x | FVG | ChoCH | Engulfing | StrongTrend1h | Zone:FVG | MTF 15 | Risk x1.15,BOS+2 | 1h+2 | 4h+2 | Vol+2 | BTC+2 | FVG+1 | ChoCH+1 | Engulfing+1 | Zone:FVG+1 | Sess:OFF_HOURS | Strong1h+1 | TrendPairRisk:1.15,0,0,-1.0,bear,0.3714,4,4.6622,0.0526,6.9224,-1,0.0,0.5881,1.4904,0.0,-0.0342,2.949,1.0,-0.5858,0.703125,9768,0,1,1.796,0.342,1,2.224,3
LINKUSDT,9770,9785,1780368300,1780382700,SHORT,TRAIL,8.901,8.84422415,7.765483,9.1281034,0.21878800581584842,0.20409040551572086,0.01469760030012756,16,2.68,37.37,0.5117056856187256,0.009825124546787264,1.9811023859108674,base,adaptive disabled,1.15,88.5,90,90,90,80,OFF_HOURS,bearish,bearish,FVG,BOS bearish | Vol 2.7x | FVG | ChoCH | StrongTrend1h | Zone:FVG | MTF 16 | Risk x1.15,BOS+2 | BodyStrong+1 | 1h+2 | 4h+2 | Vol+2 | RSI+1 | BTC+2 | FVG+1 | ChoCH+1 | Zone:FVG+1 | Sess:OFF_HOURS | Strong1h+1 | TrendPairRisk:1.15,0,0,-1.0,bear,0.3714,1,4.1876,0.1765,4.7829,-1,0.0,0.5768,1.4619,0.0,-0.0314,2.284,1.0,-0.4236,0.9375,9770,2,3,1.018,0.939,1,1.174,0
ADAUSDT,9771,9775,1780369200,1780373700,SHORT,TP1,0.2281,0.22694567,0.20501332,0.23271734,0.0,-0.00833637440604331,0.00833637440604331,14,1.36,31.85,0.666666666666659,0.005706216174049674,1.1785930139224425,base,adaptive disabled,1.25,84.5,90,100,70,80,OFF_HOURS,bearish,bearish,FVG,BOS bearish | Vol 1.4x | FVG | ChoCH | StrongTrend1h | Zone:FVG | MTF 14 | Risk x1.25,BOS+2 | BodyStrong+1 | 1h+2 | 4h+2 | Vol+1 | BTC+2 | FVG+1 | ChoCH+1 | Zone:FVG+1 | Sess:OFF_HOURS | Strong1h+1 | QualityRisk:1.15 | TrendPairRisk:1.25,0,0,-1.0,bear,0.5205,0,3.7589,0.25,3.0191,-1,0.0,0.0866,1.8192,6.4,-0.2075,1.267,1.0,-0.459,0.421875,9767,0,1,1.074,1.7,0,1.7,1
ADAUSDT,9771,9775,1780369200,1780373700,SHORT,TP1,0.2281,0.2268969,0.20403802,0.2329124,0.0,-0.010664637187266242,0.010664637187266242,16,2.36,38.6,0.5492957746478897,0.009279046914149386,1.9165449634751013,base,adaptive disabled,1.15,88.5,90,90,90,80,OFF_HOURS,bearish,bearish,FVG,BOS bearish | Vol 2.4x | FVG | ChoCH | StrongTrend1h | Zone:FVG | MTF 16 | Risk x1.15,BOS+2 | BodyStrong+1 | 1h+2 | 4h+2 | Vol+2 | RSI+1 | BTC+2 | FVG+1 | ChoCH+1 | Zone:FVG+1 | Sess:OFF_HOURS | Strong1h+1 | TrendPairRisk:1.15,0,0,-1.0,bear,0.5205,0,3.2003,0.25,3.0191,-1,0.0,0.0831,1.7455,0.0,-0.1032,1.475,1.0,-0.4305,0.5625,9769,2,3,0.838,1.524,0,1.448,1
BTCUSDT,9824,9835,1780416900,1780427700,SHORT,TRAIL,67880.0,67345.67084487,57193.41689745,70017.31662051,0.09999103452861491,0.09522711705270515,0.004763917475909773,16,1.49,35.29,0.3785638652496175,0.007822173529433332,2.107719942148519,base,adaptive disabled,1.25,85.5,90,90,80,80,NEW_YORK,bearish,bearish,OB,BOS bearish | Vol 1.5x | FVG | OB | ChoCH | Session:NEW_YORK | StrongTrend1h | Zone:OB | MTF 16 | Risk x1.25,BOS+2 | BodyStrong+1 | 1h+2 | 4h+2 | Vol+1 | RSI+1 | BTC+2 | FVG+1 | OB+1 | ChoCH+1 | Zone:OB+1 | Sess:NEW_YORK | Strong1h+1 | QualityRisk:1.15 | TrendPairRisk:1.25,0,0,-1.0,bear,0.3257,0,3.2042,0.1765,1.5831,-1,0.0,0.118,1.4822,1.473,-0.2292,0.742,1.0,-0.5893,0.375,9824,6,3,0.859,-1.0,0,2.008,0
SOLUSDT,9824,9828,1780416900,1780421400,SHORT,TRAIL,77.16,76.48485,63.657,79.8606,0.11105619370924256,0.1030204794235283,0.00803571428571426,16,1.62,38.79,0.4181818181818211,0.011045689434824974,2.232333834780857,base,adaptive disabled,1.25,85.5,90,90,80,80,NEW_YORK,bearish,bearish,OB,BOS bearish | Vol 1.6x | FVG | OB | ChoCH | Session:NEW_YORK | StrongTrend1h | Zone:OB | MTF 16 | Risk x1.25,BOS+2 | BodyStrong+1 | 1h+2 | 4h+2 | Vol+1 | RSI+1 | BTC+2 | FVG+1 | OB+1 | ChoCH+1 | Zone:OB+1 | Sess:NEW_YORK | Strong1h+1 | QualityRisk:1.15 | TrendPairRisk:1.25,0,0,-1.0,bear,0.4587,0,3.6744,0.1765,2.1621,-1,0.0,0.1666,1.0812,10.0,-0.0596,0.872,1.0,-0.6152,0.703125,9824,5,3,0.906,-1.0,0,1.862,0
ADAUSDT,9838,9851,1780429500,1780442100,SHORT,TRAIL,0.215,0.21320978,0.17919555,0.22216089,0.2277998963815938,0.22104445117855342,0.006755445203040402,14,2.28,28.46,0.5789473684210568,0.009777746830716303,1.94132718982385,base,adaptive disabled,1.15,82.5,90,90,70,80,DEAD_ZONE,bearish,bearish,FVG,BOS bearish | Vol 2.3x | FVG | ChoCH | StrongTrend1h | Zone:FVG | MTF 14 | Risk x1.15,BOS+2 | 1h+2 | 4h+2 | Vol+2 | BTC+2 | FVG+1 | ChoCH+1 | Zone:FVG+1 | Sess:DEAD_ZONE | Strong1h+1 | TrendPairRisk:1.15,0,0,-1.0,range,0.3889,4,4.0942,0.0526,2.3197,-1,0.0,0.4329,2.3461,2.75,-0.0449,1.081,1.0,-0.6632,0.5625,9838,0,5,1.626,0.482,1,2.107,3
ETHUSDT,9838,9848,1780429500,1780439400,SHORT,TRAIL,1904.99,1891.45480778,1634.28615562,1959.13076888,0.16428861014363566,0.15373284945123228,0.010555760692403379,15,2.28,28.23,0.6478913105009907,0.007911953436305847,1.8332860755481613,base,adaptive disabled,1.15,82.5,90,90,70,80,DEAD_ZONE,bearish,bearish,FVG,BOS bearish | Vol 2.3x | FVG | ChoCH | Engulfing | StrongTrend1h | Zone:FVG | MTF 15 | Risk x1.15,BOS+2 | 1h+2 | 4h+2 | Vol+2 | BTC+2 | FVG+1 | ChoCH+1 | Engulfing+1 | Zone:FVG+1 | Sess:DEAD_ZONE | Strong1h+1 | TrendPairRisk:1.15,0,0,-1.0,range,0.3986,2,3.7154,0.0526,2.382,-1,0.0,0.2401,2.3856,2.024,0.1066,1.032,1.0,-0.4849,0.75,9838,0,5,1.398,1.128,0,2.211,1
LINKUSDT,9838,9848,1780429500,1780439400,SHORT,TP1,8.49,8.4157125,7.00425,8.78715,-0.009464916708731912,-0.01750063099444619,0.00803571428571428,14,3.46,28.3,0.7522935779816562,0.009503771697835488,1.7865024754811258,base,adaptive disabled,1.15,84.5,90,100,70,80,DEAD_ZONE,bearish,bearish,FVG,BOS bearish | Vol 3.5x | FVG | ChoCH | StrongTrend1h | Zone:FVG | MTF 14 | Risk x1.15,BOS+2 | 1h+2 | 4h+2 | Vol+2 | BTC+2 | FVG+1 | ChoCH+1 | Zone:FVG+1 | Sess:DEAD_ZONE | Strong1h+1 | TrendPairRisk:1.15,0,0,-1.0,range,0.3205,7,3.7042,0.0526,3.8624,-1,0.0,0.3197,1.05,10.0,0.1192,1.973,1.0,-0.4878,0.703125,9838,0,5,1.95,-1.0,0,1.755,6
XRPUSDT,9838,9851,1780429500,1780442100,SHORT,TRAIL,1.217,1.20789214,1.03484286,1.25343143,0.34997253744912343,0.33995097090616855,0.010021566542954826,14,2.38,31.24,0.6666666666666716,0.007118211615633613,1.4936380707990886,base,adaptive disabled,1.15,84.5,90,100,70,80,DEAD_ZONE,bearish,bearish,FVG,BOS bearish | Vol 2.4x | FVG | ChoCH | StrongTrend1h | Zone:FVG | MTF 14 | Risk x1.15,BOS+2 | 1h+2 | 4h+2 | Vol+2 | BTC+2 | FVG+1 | ChoCH+1 | Zone:FVG+1 | Sess:DEAD_ZONE | Strong1h+1 | TrendPairRisk:1.15,0,1,-1.0,bull,0.3158,0,3.4395,0.0526,2.4626,-1,0.0,0.3843,2.6351,0.0,0.0924,1.67,1.0,-0.4288,0.75,9838,0,5,1.542,0.237,1,1.423,8
ETHUSDT,9852,9852,1780442100,1780443000,SHORT,TP1,1872.07,1855.6893875,1544.45775,1937.59245,0.0,-0.017857142857142815,0.017857142857142815,15,2.14,32.17,0.33525544919847944,0.011245397105051907,2.1861956124753,base,adaptive disabled,1.15,82.5,90,90,70,80,DEAD_ZONE,bearish,bearish,FVG,BOS bearish | Vol 2.1x | FVG | ChoCH | StrongTrend1h | Zone:FVG | MTF 15 | Risk x1.15,BOS+2 | 1h+2 | 4h+2 | Vol+2 | RSI+1 | BTC+2 | FVG+1 | ChoCH+1 | Zone:FVG+1 | Sess:DEAD_ZONE | Strong1h+1 | TrendPairRisk:1.15,0,0,-1.0,bear,0.2606,0,3.6357,0.0526,2.0687,-1,0.0,0.0087,2.1452,1.339,0.1674,1.792,1.0,-0.089,1.5625,9852,0,1,0.476,-1.0,0,1.196,2
SOLUSDT,9852,9852,1780442100,1780443000,SHORT,TP1,73.92,73.2732,60.984,76.5072,0.0,-0.008035714285714299,0.008035714285714299,14,1.97,30.23,0.3297872340425514,0.01266630652657503,1.9733588576326258,base,adaptive disabled,1.25,82.3,90,89,70,80,DEAD_ZONE,bearish,bearish,FVG,BOS bearish | Vol 2.0x | FVG | ChoCH | StrongTrend1h | Zone:FVG | MTF 14 | Risk x1.25,BOS+2 | BodyStrong+1 | 1h+2 | 4h+2 | Vol+1 | BTC+2 | FVG+1 | ChoCH+1 | Zone:FVG+1 | Sess:DEAD_ZONE | Strong1h+1 | QualityRisk:1.15 | TrendPairRisk:1.25,0,0,-1.0,bear,0.193,0,4.0913,0.1111,3.4945,-1,0.0,0.0116,1.9635,0.821,-0.0535,2.034,1.0,-0.3336,0.703125,9852,0,1,0.671,-1.0,0,0.968,2
XRPUSDT,9852,9852,1780442100,1780443000,SHORT,TP1,1.21,1.20003201,1.01064028,1.24987194,0.0,-0.011380183657981012,0.011380183657981012,16,1.31,38.2,0.13333333333333433,0.01217457410503607,1.873362590564606,base,adaptive disabled,1.15,77.7,90,66,70,80,DEAD_ZONE,bearish,bearish,FVG,BOS bearish | Vol 1.3x | FVG | ChoCH | Engulfing | StrongTrend1h | Zone:FVG | MTF 16 | Risk x1.15,BOS+2 | BodyStrong+1 | 1h+2 | 4h+2 | Vol+1 | RSI+1 | BTC+2 | FVG+1 | ChoCH+1 | Engulfing+1 | Zone:FVG+1 | Sess:DEAD_ZONE | Strong1h+1 | TrendPairRisk:1.15,0,0,-1.0,range,0.4146,0,3.5454,0.1111,2.9338,-1,0.0,0.0,1.5048,0.533,-0.0389,0.994,1.0,-0.1088,0.9375,9852,0,1,0.304,-1.0,0,1.317,2
AVAXUSDT,9854,9870,1780443900,1780459200,SHORT,TRAIL,8.178,8.1064425,6.74685,8.46423,0.7456037674736462,0.7277466246165033,0.017857142857142877,17,2.49,33.75,0.294930875576034,0.011894275040398083,1.7380248563625336,base,adaptive disabled,1.15,89.5,90,95,90,80,DEAD_ZONE,bearish,bearish,FVG,BOS bearish | Vol 2.5x | FVG | ChoCH | Engulfing | StrongTrend1h | Zone:FVG | MTF 17 | Risk x1.15,BOS+2 | BodyStrong+1 | 1h+2 | 4h+2 | Vol+2 | RSI+1 | BTC+2 | FVG+1 | ChoCH+1 | Engulfing+1 | Zone:FVG+1 | Sess:DEAD_ZONE | Strong1h+1 | TrendPairRisk:1.15,0,0,-1.0,range,0.4332,0,3.9682,0.1111,1.982,-1,0.0,0.2935,2.781,0.928,-0.0391,2.187,1.0,-0.3155,1.5625,9852,0,1,0.014,-1.0,0,1.552,1
AVAXUSDT,9854,9870,1780443900,1780459200,SHORT,TRAIL,8.178,8.1064425,6.74685,8.46423,0.4337379105574729,0.4230236248431872,0.010714285714285725,16,1.46,37.85,0.27787610619468966,0.014416481404544273,1.9596961279987355,base,adaptive disabled,1.15,81.1,90,83,70,80,DEAD_ZONE,bearish,bearish,FVG,BOS bearish | Vol 1.5x | FVG | ChoCH | Engulfing | StrongTrend1h | Zone:FVG | MTF 16 | Risk x1.15,BOS+2 | BodyStrong+1 | 1h+2 | 4h+2 | Vol+1 | RSI+1 | BTC+2 | FVG+1 | ChoCH+1 | Engulfing+1 | Zone:FVG+1 | Sess:DEAD_ZONE | Strong1h+1 | TrendPairRisk:1.15,0,0,-1.0,range,0.4332,0,3.5613,0.1111,1.982,-1,0.0,0.2935,2.781,3.413,0.0068,1.049,1.0,-0.2747,0.9375,9854,2,3,0.16,-1.0,0,1.392,1
SOLUSDT,9854,9869,1780443900,1780458300,SHORT,TP1,73.92,73.2732,60.984,76.5072,0.0,-0.008035714285714299,0.008035714285714299,16,1.53,36.55,0.2789373814041738,0.013784082330786292,2.1153052744852214,base,adaptive disabled,1.25,81.1,90,83,70,80,DEAD_ZONE,bearish,bearish,FVG,BOS bearish | Vol 1.5x | FVG | ChoCH | Engulfing | StrongTrend1h | Zone:FVG | MTF 16 | Risk x1.25,BOS+2 | BodyStrong+1 | 1h+2 | 4h+2 | Vol+1 | RSI+1 | BTC+2 | FVG+1 | ChoCH+1 | Engulfing+1 | Zone:FVG+1 | Sess:DEAD_ZONE | Strong1h+1 | QualityRisk:1.15 | TrendPairRisk:1.25,0,0,-1.0,bear,0.3557,0,3.9811,0.1111,1.9746,-1,0.0,0.4484,1.8089,1.771,-0.0072,0.981,1.0,-0.2778,0.703125,9854,2,3,0.585,-1.0,0,1.559,1
SUIUSDT,9854,9870,1780443900,1780459200,SHORT,TRAIL,0.8081,0.80102913,0.6666825,0.8363835,0.3425229289968985,0.3318086432826128,0.010714285714285753,15,1.52,35.39,0.33194154488517297,0.012884956765567208,1.4801367238429743,base,adaptive disabled,1.25,84.3,90,99,70,80,DEAD_ZONE,bearish,bearish,FVG,BOS bearish | Vol 1.5x | FVG | ChoCH | StrongTrend1h | Zone:FVG | MTF 15 | Risk x1.25,BOS+2 | BodyStrong+1 | 1h+2 | 4h+2 | Vol+1 | RSI+1 | BTC+2 | FVG+1 | ChoCH+1 | Zone:FVG+1 | Sess:DEAD_ZONE | Strong1h+1 | QualityRisk:1.15 | TrendPairRisk:1.25,0,0,-1.0,range,0.3889,0,4.0198,0.1111,1.7673,-1,0.0,0.4384,2.5457,1.849,0.0889,1.858,1.0,-0.1036,0.9375,9852,0,1,0.023,-1.0,0,1.395,1
SUIUSDT,9854,9870,1780443900,1780459200,SHORT,TRAIL,0.8081,0.80102913,0.6666825,0.8363835,0.32900943856581877,0.31829515285153304,0.010714285714285753,15,1.3,36.87,0.39579967689822054,0.01505199137009161,1.7226167903417657,base,adaptive disabled,1.25,84.5,90,100,70,80,DEAD_ZONE,bearish,bearish,FVG,BOS bearish | Vol 1.3x | FVG | ChoCH | StrongTrend1h | Zone:FVG | MTF 15 | Risk x1.25,BOS+2 | BodyStrong+1 | 1h+2 | 4h+2 | Vol+1 | RSI+1 | BTC+2 | FVG+1 | ChoCH+1 | Zone:FVG+1 | Sess:DEAD_ZONE | Strong1h+1 | QualityRisk:1.15 | TrendPairRisk:1.25,0,0,-1.0,range,0.3889,0,3.6692,0.1111,1.7673,-1,0.0,0.4384,2.5457,0.0,0.0807,1.019,1.0,-0.1365,0.9375,9854,2,3,0.513,-1.0,0,1.273,1
XRPUSDT,9854,9869,1780443900,1780458300,SHORT,TP1,1.21,1.20144044,1.03880883,1.24423823,0.0,-0.009939547108597633,0.009939547108597633,16,1.38,34.03,0.35483870967742187,0.013870071084573839,2.1186533583420277,base,adaptive disabled,1.15,82.5,90,90,70,80,DEAD_ZONE,bearish,bearish,FVG,BOS bearish | Vol 1.4x | FVG | ChoCH | Engulfing | StrongTrend1h | Zone:FVG | MTF 16 | Risk x1.15,BOS+2 | BodyStrong+1 | 1h+2 | 4h+2 | Vol+1 | RSI+1 | BTC+2 | FVG+1 | ChoCH+1 | Engulfing+1 | Zone:FVG+1 | Sess:DEAD_ZONE | Strong1h+1 | TrendPairRisk:1.15,0,0,-1.0,range,0.4474,0,3.0279,0.25,2.233,-1,0.0,0.6133,1.7524,10.0,-0.0282,0.941,1.0,-0.1337,0.703125,9853,1,2,0.488,-1.0,0,1.172,1
ADAUSDT,9855,9867,1780444800,1780456500,SHORT,TRAIL,0.2132,0.211471,0.17862001,0.220116,0.09149978311162635,0.08282967032967146,0.008670112781954882,15,1.44,37.97,0.2968749999999997,0.01324148302499735,1.9694499094673696,base,adaptive disabled,1.15,81.5,90,85,70,80,DEAD_ZONE,bearish,bearish,FVG,BOS bearish | Vol 1.4x | FVG | ChoCH | StrongTrend1h | Zone:FVG | MTF 15 | Risk x1.15,BOS+2 | BodyStrong+1 | 1h+2 | 4h+2 | Vol+1 | RSI+1 | BTC+2 | FVG+1 | ChoCH+1 | Zone:FVG+1 | Sess:DEAD_ZONE | Strong1h+1 | TrendPairRisk:1.15,0,0,-1.0,range,0.4494,0,3.2738,0.1765,2.0546,-1,0.0,0.1735,1.1567,5.429,0.0499,1.113,1.0,-0.2888,0.703125,9854,2,1,0.298,-1.0,0,0.546,0
LINKUSDT,9855,9870,1780444800,1780459200,SHORT,TRAIL,8.393,8.31956125,6.924225,8.686755,0.5922157908491007,0.5788229337062435,0.013392857142857185,14,1.36,34.17,0.2811735941320318,0.011459917708674076,1.7633948374427142,base,adaptive disabled,1.15,77.1,90,93,50,80,DEAD_ZONE,bearish,bearish,FVG,BOS bearish | Vol 1.4x | FVG | ChoCH | StrongTrend1h | Zone:FVG | MTF 14 | Risk x1.15,BOS+2 | 1h+2 | 4h+2 | Vol+1 | RSI+1 | BTC+2 | FVG+1 | ChoCH+1 | Zone:FVG+1 | Sess:DEAD_ZONE | Strong1h+1 | TrendPairRisk:1.15,0,0,-1.0,range,0.4435,0,3.5569,0.1765,1.4722,-1,0.0,0.1328,3.1182,0.913,0.0404,1.273,1.0,-0.3228,1.171875,9852,0,1,0.041,-1.0,0,0.588,0
LINKUSDT,9855,9870,1780444800,1780459200,SHORT,TRAIL,8.393,8.32503257,7.03365139,8.66486972,0.4689696851485756,0.4581164571300232,0.010853228018552426,16,1.38,36.33,0.3434535104364315,0.012977277405352839,1.801501394587306,base,adaptive disabled,1.15,82.5,90,90,70,80,DEAD_ZONE,bearish,bearish,FVG,BOS bearish | Vol 1.4x | FVG | ChoCH | Engulfing | StrongTrend1h | Zone:FVG | MTF 16 | Risk x1.15,BOS+2 | BodyStrong+1 | 1h+2 | 4h+2 | Vol+1 | RSI+1 | BTC+2 | FVG+1 | ChoCH+1 | Engulfing+1 | Zone:FVG+1 | Sess:DEAD_ZONE | Strong1h+1 | TrendPairRisk:1.15,0,0,-1.0,range,0.4435,0,3.2553,0.1765,1.4722,-1,0.0,0.1435,3.3693,8.227,0.0644,1.067,1.0,-0.282,0.87890625,9854,2,3,0.351,-1.0,0,0.538,0
ADAUSDT,9871,9881,1780459200,1780469100,SHORT,SL,0.2093,0.2075149,0.17359809,0.21644038,-0.703125,-0.7113690465353385,0.008244046535338485,15,2.32,33.1,0.5283018867924524,0.01149132006494176,1.7737673337021953,base,adaptive disabled,1.15,84.5,90,100,70,80,OFF_HOURS,bearish,bearish,FVG,BOS bearish | Vol 2.3x | FVG | ChoCH | StrongTrend1h | Zone:FVG | MTF 15 | Risk x1.15,BOS+2 | 1h+2 | 4h+2 | Vol+2 | RSI+1 | BTC+2 | FVG+1 | ChoCH+1 | Zone:FVG+1 | Sess:OFF_HOURS | Strong1h+1 | TrendPairRisk:1.15,0,0,-1.0,range,0.2917,0,3.2919,0.0526,2.5223,-1,0.0,1.0364,0.4482,0.0,-0.028,1.815,1.0,-0.0235,0.703125,9871,0,1,0.366,-1.0,0,1.28,3
AVAXUSDT,9871,9884,1780459200,1780471800,SHORT,SL,8.068,8.00286123,6.76522454,8.32855509,-0.703125,-0.7118338108699008,0.008708810869900857,15,2.73,34.05,0.5417789757412328,0.012669172298103807,1.7221766671662915,base,adaptive disabled,1.15,84.5,90,100,70,80,OFF_HOURS,bearish,bearish,FVG,BOS bearish | Vol 2.7x | FVG | ChoCH | StrongTrend1h | Zone:FVG | MTF 15 | Risk x1.15,BOS+2 | 1h+2 | 4h+2 | Vol+2 | RSI+1 | BTC+2 | FVG+1 | ChoCH+1 | Zone:FVG+1 | Sess:OFF_HOURS | Strong1h+1 | TrendPairRisk:1.15,0,0,-1.0,range,0.3145,0,3.3506,0.0526,3.0715,-1,0.0,1.0362,0.3991,0.0,0.0972,2.038,-1.0,0.3014,0.703125,9871,0,2,1.608,0.391,1,1.337,2
BTCUSDT,9871,9919,1780459200,1780503300,SHORT,TP1,66240.0,65882.33706524,59086.74130485,67670.65173903,0.0,-0.0036624479298872394,0.0036624479298872394,16,3.11,31.58,0.44296797622978296,0.006947422378431334,1.2217768467020915,base,adaptive disabled,1.15,90.5,90,100,90,80,OFF_HOURS,bearish,bearish,FVG,BOS bearish | Vol 3.1x | FVG | ChoCH | BearWick | StrongTrend1h | Zone:FVG | MTF 16 | Risk x1.15,BOS+2 | BodyStrong+1 | 1h+2 | 4h+2 | Vol+2 | BTC+2 | FVG+1 | ChoCH+1 | BearWick+1 | Zone:FVG+1 | Sess:OFF_HOURS | Strong1h+1 | TrendPairRisk:1.15,0,0,-1.0,range,0.4716,0,3.6909,0.0526,2.9911,-1,0.0,0.865,1.2568,8.748,-0.1691,2.208,1.0,-0.3106,0.19775390625,9870,0,1,1.831,-1.0,0,1.446,4
BTCUSDT,9871,9920,1780459200,1780504200,SHORT,TP1,65957.7,65551.58263201,57835.35264022,67582.16947196,0.0,-0.003425845196576895,0.003425845196576895,15,2.71,33.88,0.5003003518407264,0.00833803910987022,1.4663313350520852,base,adaptive disabled,1.15,84.5,90,100,70,80,OFF_HOURS,bearish,bearish,FVG,BOS bearish | Vol 2.7x | FVG | ChoCH | StrongTrend1h | Zone:FVG | MTF 15 | Risk x1.15,BOS+2 | 1h+2 | 4h+2 | Vol+2 | RSI+1 | BTC+2 | FVG+1 | ChoCH+1 | Zone:FVG+1 | Sess:OFF_HOURS | Strong1h+1 | TrendPairRisk:1.15,0,0,-1.0,range,0.3135,0,3.577,0.0526,2.9911,-1,0.0,0.9356,1.0568,0.0,-0.0298,1.931,1.0,-0.0347,0.2109375,9871,0,2,1.524,-1.0,0,1.401,4
ETHUSDT,9871,9920,1780459200,1780504200,SHORT,TP1,1834.42,1818.368825,1513.3965,1898.6247,0.0,-0.006026785714285715,0.006026785714285715,14,2.51,31.42,0.5117322733683786,0.010740918927894305,1.6502264618201457,base,adaptive disabled,1.15,84.5,90,100,70,80,OFF_HOURS,bearish,bearish,FVG,BOS bearish | Vol 2.5x | FVG | ChoCH | StrongTrend1h | Zone:FVG | MTF 14 | Risk x1.15,BOS+2 | 1h+2 | 4h+2 | Vol+2 | BTC+2 | FVG+1 | ChoCH+1 | Zone:FVG+1 | Sess:OFF_HOURS | Strong1h+1 | TrendPairRisk:1.15,0,0,-1.0,range,0.327,0,3.0673,0.0526,2.6812,-1,0.0,0.9091,1.499,10.0,-0.0468,1.858,1.0,-0.0801,0.52734375,9871,0,2,1.462,-1.0,0,1.351,4
LINKUSDT,9871,9880,1780459200,1780468200,SHORT,SL,8.248,8.1804309,6.89661801,8.5182764,-0.87890625,-0.8896348504253424,0.010728600425342346,14,2.93,31.28,0.5449101796407092,0.011610198077982088,1.7759381169313606,base,adaptive disabled,1.15,84.5,90,100,70,80,OFF_HOURS,bearish,bearish,FVG,BOS bearish | Vol 2.9x | FVG | ChoCH | StrongTrend1h | Zone:FVG | MTF 14 | Risk x1.15,BOS+2 | 1h+2 | 4h+2 | Vol+2 | BTC+2 | FVG+1 | ChoCH+1 | Zone:FVG+1 | Sess:OFF_HOURS | Strong1h+1 | TrendPairRisk:1.15,0,0,-1.0,range,0.3134,0,3.4383,0.0526,3.2648,-1,0.0,1.0138,0.4144,0.0,0.0049,2.246,-1.0,0.1301,0.87890625,9871,0,2,1.742,-1.0,0,1.307,3
SOLUSDT,9871,9895,1780459200,1780481700,SHORT,SL,73.0,72.36125,60.225,75.555,-0.52734375,-0.5333705357142857,0.006026785714285698,15,2.29,29.37,0.6559766763848384,0.012967002271483265,1.8794672330826883,base,adaptive disabled,1.25,82.5,90,90,70,80,OFF_HOURS,bearish,bearish,FVG,BOS bearish | Vol 2.3x | FVG | ChoCH | Engulfing | StrongTrend1h | Zone:FVG | MTF 15 | Risk x1.25,BOS+2 | 1h+2 | 4h+2 | Vol+2 | BTC+2 | FVG+1 | ChoCH+1 | Engulfing+1 | Zone:FVG+1 | Sess:OFF_HOURS | Strong1h+1 | QualityRisk:1.15 | TrendPairRisk:1.25,0,0,-1.0,range,0.2753,4,3.6772,0.0526,2.6055,-1,0.0,1.0254,0.5636,0.0,-0.0182,1.797,1.0,-0.2119,0.52734375,9871,0,2,2.274,0.016,1,1.274,3
SUIUSDT,9871,9875,1780459200,1780463700,SHORT,SL,0.7993,0.79230612,0.6594225,0.8272755,-0.703125,-0.7111607142857143,0.008035714285714273,16,2.22,35.71,0.5508274231678498,0.013417469808619362,1.4724766530975117,base,adaptive disabled,1.25,84.5,90,100,70,80,OFF_HOURS,bearish,bearish,FVG,BOS bearish | Vol 2.2x | FVG | ChoCH | Engulfing | StrongTrend1h | Zone:FVG | MTF 16 | Risk x1.25,BOS+2 | 1h+2 | 4h+2 | Vol+2 | RSI+1 | BTC+2 | FVG+1 | ChoCH+1 | Engulfing+1 | Zone:FVG+1 | Sess:OFF_HOURS | Strong1h+1 | QualityRisk:1.15 | TrendPairRisk:1.25,0,0,-1.0,range,0.3026,0,2.9196,0.0526,2.521,-1,0.0,1.3405,0.5433,0.0,-0.0043,1.866,-1.0,0.1242,0.703125,9871,0,2,1.589,0.698,1,1.189,2
LINKUSDT,9922,9934,1780505100,1780516800,SHORT,TRAIL,8.296,8.22341,6.8442,8.58636,0.08475470106074777,0.0713618439178907,0.013392857142857074,15,3.43,30.79,0.5468749999999946,0.01126507561273315,2.0818349518472243,base,adaptive disabled,1.15,88.5,90,90,90,80,NEW_YORK,bearish,bearish,FVG,BOS bearish | Vol 3.4x | FVG | ChoCH | Session:NEW_YORK | StrongTrend1h | Zone:FVG | MTF 15 | Risk x1.15,BOS+2 | BodyStrong+1 | 1h+2 | 4h+2 | Vol+2 | BTC+2 | FVG+1 | ChoCH+1 | Zone:FVG+1 | Sess:NEW_YORK | Strong1h+1 | TrendPairRisk:1.15,0,0,-1.0,bear,0.227,0,4.283,0.1111,2.4737,-1,0.0,0.2686,1.5291,3.387,0.0051,2.957,1.0,-0.1163,1.171875,9922,0,3,1.789,0.8,1,1.161,4
SOLUSDT,9922,9932,1780505100,1780515000,SHORT,TP1,72.77,72.1332625,60.03525,75.31695,0.0,-0.008035714285714255,0.008035714285714255,14,1.48,28.48,0.5127478753541082,0.010610692238443653,2.085001024856917,base,adaptive disabled,1.25,82.5,90,90,70,80,NEW_YORK,bearish,bearish,FVG,BOS bearish | Vol 1.5x | FVG | ChoCH | Session:NEW_YORK | StrongTrend1h | Zone:FVG | MTF 14 | Risk x1.25,BOS+2 | BodyStrong+1 | 1h+2 | 4h+2 | Vol+1 | BTC+2 | FVG+1 | ChoCH+1 | Zone:FVG+1 | Sess:NEW_YORK | Strong1h+1 | QualityRisk:1.15 | TrendPairRisk:1.25,0,0,-1.0,bear,0.2388,0,4.3307,0.1111,3.1865,-1,0.0,0.5104,1.3192,2.413,-0.1369,1.76,1.0,-0.3495,0.703125,9922,0,4,2.109,0.803,1,0.84,4
AVAXUSDT,9925,9929,1780507800,1780512300,SHORT,TRAIL,8.143,8.07488765,6.78075306,8.41544939,0.11039256598443599,0.10198653229869342,0.008406033685742564,15,1.37,33.01,0.5066312997347467,0.011125343129323846,2.0951043902429296,base,adaptive disabled,1.15,82.5,90,90,70,80,NEW_YORK,bearish,bearish,FVG,BOS bearish | Vol 1.4x | FVG | ChoCH | Session:NEW_YORK | StrongTrend1h | Zone:FVG | MTF 15 | Risk x1.15,BOS+2 | BodyStrong+1 | 1h+2 | 4h+2 | Vol+1 | RSI+1 | BTC+2 | FVG+1 | ChoCH+1 | Zone:FVG+1 | Sess:NEW_YORK | Strong1h+1 | TrendPairRisk:1.15,0,0,-1.0,bear,0.377,0,2.8572,0.3333,1.8685,-1,0.0,0.1578,1.0571,6.821,-0.1014,1.406,1.0,-0.515,0.703125,9922,1,4,2.07,1.403,0,1.095,1
AVAXUSDT,9925,9929,1780507800,1780512300,SHORT,TRAIL,8.143,8.07993139,6.88162784,8.39527443,0.12783697499584395,0.11815347278755434,0.009683502208289604,14,1.35,35.49,0.37572254335260524,0.008955291857620402,1.6994701593642747,base,adaptive disabled,1.15,78.5,90,100,50,80,NEW_YORK,bearish,bearish,FVG,BOS bearish | Vol 1.4x | FVG | ChoCH | Session:NEW_YORK | StrongTrend1h | Zone:FVG | MTF 14 | Risk x1.15,BOS+2 | 1h+2 | 4h+2 | Vol+1 | RSI+1 | BTC+2 | FVG+1 | ChoCH+1 | Zone:FVG+1 | Sess:NEW_YORK | Strong1h+1 | TrendPairRisk:1.15,0,0,-1.0,bear,0.377,0,2.9158,0.3333,1.8685,-1,0.0,0.1704,1.1416,2.653,-0.0378,1.84,1.0,-0.3933,0.75,9923,2,5,1.851,1.694,0,1.117,1
BTCUSDT,9939,9947,1780520400,1780528500,SHORT,TRAIL,65218.0,64843.88669312,57735.73386232,66714.45322754,0.055946045179989384,0.05104310209765781,0.004902943082331581,14,3.61,28.33,0.5603559374041083,0.006356600112321164,1.5240114246312686,base,adaptive disabled,1.15,84.5,90,100,70,80,DEAD_ZONE,bearish,bearish,FVG,BOS bearish | Vol 3.6x | FVG | ChoCH | StrongTrend1h | Zone:FVG | MTF 14 | Risk x1.15,BOS+2 | 1h+2 | 4h+2 | Vol+2 | BTC+2 | FVG+1 | ChoCH+1 | Zone:FVG+1 | Sess:DEAD_ZONE | Strong1h+1 | TrendPairRisk:1.15,0,0,-1.0,range,0.3197,3,3.2561,0.0526,3.6707,-1,0.0,0.4068,2.2974,5.245,-0.0096,2.372,1.0,-0.2686,0.28125,9939,0,6,2.041,-1.0,0,1.523,2
XRPUSDT,9939,9952,1780520400,1780533000,SHORT,TP1,1.197,1.18705323,0.99806456,1.23678709,0.0,-0.009025540696743613,0.009025540696743613,15,2.9,28.4,0.6216216216216093,0.008358262129248784,1.4710541348671649,base,adaptive disabled,1.15,84.5,90,100,70,80,DEAD_ZONE,bearish,bearish,FVG,BOS bearish | Vol 2.9x | FVG | ChoCH | Engulfing | StrongTrend1h | Zone:FVG | MTF 15 | Risk x1.15,BOS+2 | 1h+2 | 4h+2 | Vol+2 | BTC+2 | FVG+1 | ChoCH+1 | Engulfing+1 | Zone:FVG+1 | Sess:DEAD_ZONE | Strong1h+1 | TrendPairRisk:1.15,0,0,-1.0,range,0.2791,3,3.1865,0.0526,2.8353,-1,0.0,0.5529,1.1059,2.875,-0.057,2.121,1.0,-0.4342,0.75,9939,0,6,2.048,0.569,1,1.366,2
ETHUSDT,9941,9952,1780522200,1780533000,SHORT,TRAIL,1822.36,1810.01579222,1575.47584436,1871.73683113,0.11372995940576078,0.0998897638249473,0.013840195580813484,14,1.3,36.21,0.3851457223440906,0.010919644674818851,2.071178294759615,base,adaptive disabled,1.15,76.5,90,90,50,80,DEAD_ZONE,bearish,bearish,FVG,BOS bearish | Vol 1.3x | FVG | ChoCH | StrongTrend1h | Zone:FVG | MTF 14 | Risk x1.15,BOS+2 | 1h+2 | 4h+2 | Vol+1 | RSI+1 | BTC+2 | FVG+1 | ChoCH+1 | Zone:FVG+1 | Sess:DEAD_ZONE | Strong1h+1 | TrendPairRisk:1.15,0,0,-1.0,range,0.7753,0,3.7127,0.1765,1.9814,-1,0.0,0.6098,3.1885,1.612,-0.0621,0.799,1.0,-0.2736,0.9375,9936,2,3,0.807,-1.0,0,0.539,0
XRPUSDT,9941,9948,1780522200,1780529400,SHORT,TRAIL,1.212,1.20513635,1.07472697,1.23945461,0.294286567052946,0.2810428895794725,0.013243677473473521,14,1.37,35.93,0.5999999999999873,0.00856443179666662,1.7414344654649518,base,adaptive disabled,1.15,78.5,90,100,50,80,DEAD_ZONE,bearish,bearish,FVG,BOS bearish | Vol 1.4x | FVG | ChoCH | StrongTrend1h | Zone:FVG | MTF 14 | Risk x1.15,BOS+2 | 1h+2 | 4h+2 | Vol+1 | RSI+1 | BTC+2 | FVG+1 | ChoCH+1 | Zone:FVG+1 | Sess:DEAD_ZONE | Strong1h+1 | TrendPairRisk:1.15,0,0,-1.0,range,0.6279,0,2.7204,0.1765,1.6679,-1,0.0,0.255,2.1854,3.0,-0.0385,1.283,1.0,-0.2044,0.75,9936,2,3,0.71,1.419,0,0.71,0
ETHUSDT,9960,9990,1780539300,1780567200,SHORT,TRAIL,1761.69,1746.2752125,1453.39425,1823.34915,0.12226936780575454,0.1115550820914688,0.010714285714285725,15,5.52,29.18,0.5620899533633685,0.01731804376309486,2.4622866725250727,base,adaptive disabled,1.15,82.5,90,90,70,80,OFF_HOURS,bearish,bearish,FVG,BOS bearish | Vol 5.5x | FVG | ChoCH | Engulfing | StrongTrend1h | Zone:FVG | MTF 15 | Risk x1.15,BOS+2 | 1h+2 | 4h+2 | Vol+2 | BTC+2 | FVG+1 | ChoCH+1 | Engulfing+1 | Zone:FVG+1 | Sess:OFF_HOURS | Strong1h+1 | TrendPairRisk:1.15,0,0,-1.0,range,0.3399,2,4.343,0.0526,5.6233,-1,0.0,0.9074,1.7055,0.0,0.0052,2.328,1.0,-0.3943,0.9375,9960,0,1,1.073,-1.0,0,2.371,1
XRPUSDT,9960,9983,1780539300,1780560900,SHORT,TRAIL,1.18,1.169675,0.9735,1.2213,0.15162093840229124,0.14358522411657698,0.008035714285714262,14,1.75,30.94,0.4461538461538502,0.011920794347307634,1.7970597480056343,base,adaptive disabled,1.15,78.5,90,100,50,80,OFF_HOURS,bearish,bearish,FVG,BOS bearish | Vol 1.8x | FVG | ChoCH | BearWick | StrongTrend1h | Zone:FVG | MTF 14 | Risk x1.15,BOS+2 | 1h+2 | 4h+2 | Vol+1 | BTC+2 | FVG+1 | ChoCH+1 | BearWick+1 | Zone:FVG+1 | Sess:OFF_HOURS | Strong1h+1 | TrendPairRisk:1.15,0,0,-1.0,range,0.5063,0,5.5947,0.0526,5.3677,-1,0.0,0.7506,2.1308,0.0,-0.0716,1.622,1.0,-0.2103,0.703125,9958,0,5,2.454,-1.0,0,2.552,1
SOLUSDT,9961,9984,1780540200,1780561800,SHORT,TRAIL,69.96,69.34785,57.717,72.4086,0.24982533324059827,0.2437985475263126,0.006026785714285682,14,1.5,31.63,0.464212678936606,0.014276070423881302,1.5817886029682307,base,adaptive disabled,1.25,78.5,90,100,50,80,OFF_HOURS,bearish,bearish,FVG,BOS bearish | Vol 1.5x | FVG | ChoCH | BearWick | StrongTrend1h | Zone:FVG | MTF 14 | Risk x1.25,BOS+2 | 1h+2 | 4h+2 | Vol+1 | BTC+2 | FVG+1 | ChoCH+1 | BearWick+1 | Zone:FVG+1 | Sess:OFF_HOURS | Strong1h+1 | QualityRisk:1.15 | TrendPairRisk:1.25,0,0,-1.0,range,0.5153,0,5.8515,0.1111,4.8457,-1,0.0,0.7188,2.8098,0.0,-0.1329,1.384,1.0,-0.2957,0.52734375,9958,0,5,2.703,-1.0,0,2.419,2
ETHUSDT,10042,10045,1780613100,1780616700,SHORT,TRAIL,1769.82,1762.76030048,1628.62600961,1798.05879808,0.20385785205081497,0.1850558478544665,0.01880200419634847,16,1.94,39.33,0.5800786369593723,0.007318857008798841,1.1211186964644764,base,adaptive disabled,1.25,78.5,90,100,50,80,DEAD_ZONE,bearish,bearish,FVG,BOS bearish | Vol 1.9x | FVG | ChoCH | Engulfing | BearWick | StrongTrend1h | Zone:FVG | MTF 16 | Risk x1.25,BOS+2 | 1h+2 | 4h+2 | Vol+1 | RSI+1 | BTC+2 | FVG+1 | ChoCH+1 | Engulfing+1 | BearWick+1 | Zone:FVG+1 | Sess:DEAD_ZONE | Strong1h+1 | QualityRisk:1.15 | TrendPairRisk:1.25,0,0,-1.0,range,0.5198,0,2.3501,0.0526,1.1951,-1,0.0,0.232,2.0199,0.0,-0.0184,1.388,1.0,-0.2253,0.75,10040,2,1,0.656,0.295,1,1.059,0
LINKUSDT,10042,10044,1780613100,1780615800,SHORT,TP1,7.967,7.9115948,6.8588961,8.18862078,0.0,-0.017974397527163198,0.017974397527163198,17,2.03,37.11,0.720930232558131,0.00882230325358793,1.0776994818348844,base,adaptive disabled,1.25,84.5,90,100,70,80,DEAD_ZONE,bearish,bearish,FVG,BOS bearish | Vol 2.0x | FVG | ChoCH | Engulfing | BearWick | StrongTrend1h | Zone:FVG | MTF 17 | Risk x1.25,BOS+2 | 1h+2 | 4h+2 | Vol+2 | RSI+1 | BTC+2 | FVG+1 | ChoCH+1 | Engulfing+1 | BearWick+1 | Zone:FVG+1 | Sess:DEAD_ZONE | Strong1h+1 | QualityRisk:1.15 | TrendPairRisk:1.25,0,0,-1.0,bear,0.3496,0,2.5803,0.0526,1.006,-1,0.0,0.2211,1.1732,0.0,-0.0278,1.84,1.0,-0.1255,1.25,10040,1,1,0.6,2.045,0,0.86,0
SOLUSDT,10042,10052,1780613100,1780623000,SHORT,TRAIL,68.3,67.77077804,57.71556073,70.41688785,0.03542936863660293,0.02575006512508246,0.009679303511520472,15,2.1,35.37,0.6915422885572222,0.008981937218128034,1.0389107382316494,base,adaptive disabled,1.25,84.5,90,100,70,80,DEAD_ZONE,bearish,bearish,FVG,BOS bearish | Vol 2.1x | FVG | ChoCH | Engulfing | StrongTrend1h | Zone:FVG | MTF 15 | Risk x1.25,BOS+2 | 1h+2 | 4h+2 | Vol+2 | RSI+1 | BTCok+1 | FVG+1 | ChoCH+1 | Engulfing+1 | Zone:FVG+1 | Sess:DEAD_ZONE | Strong1h+1 | QualityRisk:1.15 | TrendPairRisk:1.25,0,0,-1.0,range,0.3376,0,2.3638,0.1765,1.1901,-1,0.0,0.359,1.4928,3.0,-0.0219,1.589,1.0,-0.3823,0.75,10038,0,1,0.688,1.182,0,0.864,0
SUIUSDT,10042,10047,1780613100,1780618500,SHORT,TP1,0.7657,0.75900013,0.6317025,0.7924995,0.0,-0.0064285714285714345,0.0064285714285714345,15,1.37,35.15,0.5280898876404511,0.00874152912893116,0.8513156681530636,base,adaptive disabled,1.25,84.5,90,100,70,80,DEAD_ZONE,bearish,bearish,FVG,BOS bearish | Vol 1.4x | FVG | ChoCH | StrongTrend1h | Zone:FVG | MTF 15 | Risk x1.25,BOS+2 | BodyStrong+1 | 1h+2 | 4h+2 | Vol+1 | RSI+1 | BTC+2 | FVG+1 | ChoCH+1 | Zone:FVG+1 | Sess:DEAD_ZONE | Strong1h+1 | QualityRisk:1.15 | TrendPairRisk:1.25,0,0,-1.0,range,0.2477,1,2.8675,0.0526,1.3558,-1,0.0,0.3433,1.1344,0.0,-0.0491,1.589,1.0,-0.2177,0.5625,10042,3,5,1.7,0.419,1,0.863,0
XRPUSDT,10042,10052,1780613100,1780623000,SHORT,TRAIL,1.164,1.15688212,1.02164239,1.19247152,0.23707901790982366,0.22481413004995532,0.012264887859868352,17,1.42,38.42,0.6190476190476211,0.006620610246981435,0.8628862022634647,base,adaptive disabled,1.25,78.5,90,100,50,80,DEAD_ZONE,bearish,bearish,FVG,BOS bearish | Vol 1.4x | FVG | MACD_Div | ChoCH | StrongTrend1h | Zone:FVG | MTF 17 | Risk x1.25,BOS+2 | 1h+2 | 4h+2 | Vol+1 | RSI+1 | BTC+2 | FVG+1 | MACD_Div+1 | ChoCH+1 | Zone:FVG+1 | Sess:DEAD_ZONE | Strong1h+1 | NestedOB_1h+2 | QualityRisk:1.15 | TrendPairRisk:1.25,0,0,-1.0,range,0.3548,7,2.5969,0.1765,2.3017,-1,0.0,0.3512,1.9669,0.0,0.0772,1.332,1.0,-0.0441,0.75,10042,3,4,0.826,2.125,0,1.062,6
ADAUSDT,10043,10048,1780614000,1780619400,SHORT,TRAIL,0.1824,0.180804,0.15048,0.188784,0.6919141836598384,0.683878469374124,0.008035714285714285,15,3.01,32.15,0.5514018691588767,0.014278465686057002,1.223404901477083,base,adaptive disabled,1.15,84.5,90,100,70,80,DEAD_ZONE,bearish,bearish,FVG,BOS bearish | Vol 3.0x | FVG | ChoCH | Engulfing | StrongTrend1h | Zone:FVG | MTF 15 | Risk x1.15,BOS+2 | 1h+2 | 4h+2 | Vol+2 | RSI+1 | BTCok+1 | FVG+1 | ChoCH+1 | Engulfing+1 | Zone:FVG+1 | Sess:DEAD_ZONE | Strong1h+1 | TrendPairRisk:1.15,0,0,-1.0,bear,0.3277,0,1.7445,0.4286,1.6486,-1,0.0,0.1253,4.6366,5.364,0.0057,1.723,1.0,-0.371,0.703125,10038,0,6,1.968,-1.0,0,0.984,1
SUIUSDT,10043,10044,1780614000,1780615800,SHORT,TP1,0.77,0.7632625,0.63525,0.79695,0.0,-0.010714285714285702,0.010714285714285702,15,1.7,34.81,0.5575757575757544,0.013770128336888865,1.3275423727967326,base,adaptive disabled,1.25,84.5,90,100,70,80,DEAD_ZONE,bearish,bearish,FVG,BOS bearish | Vol 1.7x | FVG | LiqSweep | ChoCH | StrongTrend1h | Zone:FVG | MTF 15 | Risk x1.25,BOS+2 | BodyStrong+1 | 1h+2 | 4h+2 | Vol+1 | RSI+1 | BTCok+1 | FVG+1 | LiqSweep+1 | ChoCH+1 | Zone:FVG+1 | Sess:DEAD_ZONE | Strong1h+1 | QualityRisk:1.15 | TrendPairRisk:1.25,0,0,-1.0,range,0.3808,0,1.479,0.1111,1.4903,-1,0.0,0.1818,1.4991,3.172,-0.0519,1.209,1.0,-0.288,0.9375,10038,0,1,1.142,0.866,0,1.226,1
ADAUSDT,10049,10050,1780619400,1780621200,SHORT,TP1,0.178,0.1764425,0.14685,0.18423,0.0,-0.00803571428571427,0.00803571428571427,14,1.9,34.61,0.21008403361344236,0.016592746414889854,1.4307472711654132,base,adaptive disabled,1.15,81.5,90,85,70,80,OFF_HOURS,bearish,bearish,FVG,BOS bearish | Vol 1.9x | FVG | ChoCH | StrongTrend1h | Zone:FVG | MTF 14 | Risk x1.15,BOS+2 | BodyStrong+1 | 1h+2 | 4h+2 | Vol+1 | RSI+1 | BTCok+1 | FVG+1 | ChoCH+1 | Zone:FVG+1 | Sess:OFF_HOURS | Strong1h+1 | TrendPairRisk:1.15,0,0,-1.0,range,0.2113,0,3.7292,0.1111,2.8079,-1,0.0,0.0642,2.504,0.284,-0.1046,1.393,1.0,-0.4429,0.703125,10049,0,2,0.864,-1.0,0,1.364,4
AVAXUSDT,10060,10060,1780629300,1780630200,SHORT,TP1,7.487,7.42148875,6.176775,7.749045,0.0,-0.008035714285714297,0.008035714285714297,15,3.9,28.64,0.7938718662952651,0.013024386634713593,1.8668287509997556,base,adaptive disabled,1.15,88.5,90,90,90,80,OFF_HOURS,bearish,bearish,FVG,BOS bearish | Vol 3.9x | FVG | ChoCH | StrongTrend1h | Zone:FVG | MTF 15 | Risk x1.15,BOS+2 | BodyStrong+1 | 1h+2 | 4h+2 | Vol+2 | BTC+2 | FVG+1 | ChoCH+1 | Zone:FVG+1 | Sess:OFF_HOURS | Strong1h+1 | TrendPairRisk:1.15,0,0,-1.0,range,0.284,6,4.0167,0.0526,2.2416,-1,0.0,0.042,1.5875,0.0,-0.2667,3.456,1.0,-0.4723,0.703125,10059,0,2,1.911,-1.0,0,0.602,5
LINKUSDT,10060,10061,1780629300,1780631100,SHORT,TP1,7.857,7.79666696,6.6503392,8.09833216,0.0,-0.009156596659143987,0.009156596659143987,15,5.51,31.58,0.7905405405405428,0.00944364330840513,1.3587041810136289,base,adaptive disabled,1.15,90.5,90,100,90,80,OFF_HOURS,bearish,bearish,FVG,BOS bearish | Vol 5.5x | FVG | ChoCH | StrongTrend1h | Zone:FVG | MTF 15 | Risk x1.15,BOS+2 | BodyStrong+1 | 1h+2 | 4h+2 | Vol+2 | BTC+2 | FVG+1 | ChoCH+1 | Zone:FVG+1 | Sess:OFF_HOURS | Strong1h+1 | TrendPairRisk:1.15,0,0,-1.0,bear,0.3491,6,3.4172,0.0526,5.286,-1,0.0,0.029,1.3757,0.0,-0.273,5.364,1.0,-0.4046,0.703125,10059,0,2,1.219,0.112,1,0.642,5
LINKUSDT,10060,10069,1780629300,1780638300,SHORT,TP1,7.801,7.73274125,6.435825,8.074035,0.0,-0.008035714285714281,0.008035714285714281,15,5.24,29.92,0.7973856209150347,0.008233297821936833,1.2064830678853748,base,adaptive disabled,1.15,90.5,90,100,90,80,OFF_HOURS,bearish,bearish,FVG,BOS bearish | Vol 5.2x | FVG | ChoCH | StrongTrend1h | Zone:FVG | MTF 15 | Risk x1.15,BOS+2 | BodyStrong+1 | 1h+2 | 4h+2 | Vol+2 | BTC+2 | FVG+1 | ChoCH+1 | Zone:FVG+1 | Sess:OFF_HOURS | Strong1h+1 | TrendPairRisk:1.15,0,0,-1.0,bear,0.1455,6,3.5069,0.0526,5.286,-1,0.0,0.337,1.3039,0.0,-0.296,7.95,1.0,-0.6031,0.703125,10060,0,3,1.63,-1.0,0,0.659,5
XRPUSDT,10060,10063,1780629300,1780632900,SHORT,TRAIL,1.147,1.13795672,0.96613431,1.18317314,0.16193105825995294,0.1547966209398862,0.007134437320066759,15,2.32,30.05,0.5416666666666642,0.008754653014058625,1.2573870392536022,base,adaptive disabled,1.15,90.5,90,100,90,80,OFF_HOURS,bearish,bearish,FVG,BOS bearish | Vol 2.3x | FVG | ChoCH | StrongTrend1h | Zone:FVG | MTF 15 | Risk x1.15,BOS+2 | BodyStrong+1 | 1h+2 | 4h+2 | Vol+2 | BTC+2 | FVG+1 | ChoCH+1 | Zone:FVG+1 | Sess:OFF_HOURS | Strong1h+1 | TrendPairRisk:1.15,0,0,-1.0,range,0.3721,0,3.0524,0.0526,2.8536,-1,0.0,0.0,1.9904,0.0,-0.0907,1.776,1.0,-0.2791,0.5625,10058,0,2,1.308,-1.0,0,0.763,5
XRPUSDT,10060,10063,1780629300,1780632900,SHORT,TRAIL,1.147,1.13799839,0.96696785,1.18300643,0.1639829724526955,0.15681550264244215,0.007167469810253329,15,2.68,31.75,0.756097560975605,0.008212625243587991,1.179538300712982,base,adaptive disabled,1.25,90.5,90,100,90,80,OFF_HOURS,bearish,bearish,FVG,BOS bearish | Vol 2.7x | FVG | ChoCH | StrongTrend1h | Zone:FVG | MTF 15 | Risk x1.25,BOS+2 | BodyStrong+1 | 1h+2 | 4h+2 | Vol+2 | BTC+2 | FVG+1 | ChoCH+1 | Zone:FVG+1 | Sess:OFF_HOURS | Strong1h+1 | QualityRisk:1.15 | TrendPairRisk:1.25,0,0,-1.0,range,0.3721,0,3.1089,0.0526,2.8536,-1,0.0,0.0,1.9996,0.0,-0.0332,3.442,1.0,-0.168,0.5625,10060,2,4,1.443,-1.0,0,0.777,5
BTCUSDT,10063,10070,1780632000,1780639200,SHORT,TP1,62928.3,62585.84212359,56079.14247182,64298.13150564,0.0,-0.005168105508489117,0.005168105508489117,16,2.17,34.99,0.5557422296891955,0.006506508409200974,1.285108244866557,base,adaptive disabled,1.15,84.5,90,100,70,80,OFF_HOURS,bearish,bearish,FVG,BOS bearish | Vol 2.2x | FVG | ChoCH | BearWick | StrongTrend1h | Zone:FVG | MTF 16 | Risk x1.15,BOS+2 | 1h+2 | 4h+2 | Vol+2 | RSI+1 | BTC+2 | FVG+1 | ChoCH+1 | BearWick+1 | Zone:FVG+1 | Sess:OFF_HOURS | Strong1h+1 | TrendPairRisk:1.15,0,0,-1.0,range,0.3789,0,1.8478,0.25,1.5734,-1,0.0,0.5377,2.0186,0.0,-0.1455,1.998,1.0,-0.1684,0.28125,10058,0,1,0.9,1.622,0,0.619,0
BTCUSDT,10063,10073,1780632000,1780641900,SHORT,TRAIL,62928.3,61339.5,56104.41672308,64293.07665538,0.19792730292912997,0.19403686760290317,0.003890435326226804,17,3.0,29.94,0.8404580152671814,0.005185628192678853,1.0242196161308637,base,adaptive disabled,1.25,90.5,90,100,90,80,OFF_HOURS,bearish,bearish,FVG,BOS bearish | Vol 3.0x | FVG | ChoCH | Engulfing | BearWick | StrongTrend1h | Zone:FVG | MTF 17 | Risk x1.25,BOS+2 | BodyStrong+1 | 1h+2 | 4h+2 | Vol+2 | BTC+2 | FVG+1 | ChoCH+1 | Engulfing+1 | BearWick+1 | Zone:FVG+1 | Sess:OFF_HOURS | Strong1h+1 | QualityRisk:1.15 | TrendPairRisk:1.25,0,0,-1.0,range,0.3789,0,1.8757,0.25,1.5734,-1,0.0,0.5396,1.1664,0.0,-0.2368,3.02,1.0,-0.3609,0.2109375,10060,2,3,1.995,0.565,1,0.628,0
BTCUSDT,10063,10070,1780632000,1780639200,SHORT,TP1,62928.3,62585.04649071,56063.22981427,64301.31403715,0.0,-0.003867094704669765,0.003867094704669765,17,1.5,36.26,0.5377631578947382,0.00562459758185999,1.077266018098032,base,adaptive disabled,1.25,84.5,90,100,70,80,OFF_HOURS,bearish,bearish,FVG,BOS bearish | Vol 1.5x | FVG | ChoCH | Engulfing | BearWick | StrongTrend1h | Zone:FVG | MTF 17 | Risk x1.25,BOS+2 | BodyStrong+1 | 1h+2 | 4h+2 | Vol+1 | RSI+1 | BTC+2 | FVG+1 | ChoCH+1 | Engulfing+1 | BearWick+1 | Zone:FVG+1 | Sess:OFF_HOURS | Strong1h+1 | QualityRisk:1.15 | TrendPairRisk:1.25,0,0,-1.0,range,0.3789,0,1.8306,0.25,1.5734,-1,0.0,0.5364,2.014,0.0,-0.2202,1.147,1.0,-0.2877,0.2109375,10061,3,4,1.289,1.21,0,0.613,0
ETHUSDT,10066,10069,1780634700,1780638300,SHORT,TRAIL,1741.47,1729.86744503,1509.41890061,1787.88021988,0.08811367432806051,0.07967090566604741,0.008442768662013092,15,1.82,32.81,0.635528330781006,0.006903869577886912,1.087987637462947,base,adaptive disabled,1.25,78.5,90,100,50,80,OFF_HOURS,bearish,bearish,FVG,BOS bearish | Vol 1.8x | FVG | ChoCH | BearWick | StrongTrend1h | Zone:FVG | MTF 15 | Risk x1.25,BOS+2 | 1h+2 | 4h+2 | Vol+1 | RSI+1 | BTC+2 | FVG+1 | ChoCH+1 | BearWick+1 | Zone:FVG+1 | Sess:OFF_HOURS | Strong1h+1 | QualityRisk:1.15 | TrendPairRisk:1.25,0,0,-1.0,bear,0.4293,1,1.9113,0.1765,1.9554,-1,0.0,0.1192,3.9035,3.0,-0.1421,1.376,1.0,-0.3318,0.5625,10061,3,4,1.356,0.065,1,0.751,0
XRPUSDT,10074,10075,1780641900,1780643700,SHORT,TP1,1.117,1.10722625,0.921525,1.156095,0.0,-0.010714285714285687,0.010714285714285687,15,1.75,38.98,0.22916666666666435,0.017725228155180645,2.2333787477497333,base,adaptive disabled,1.15,79.9,90,77,70,80,OFF_HOURS,bearish,bearish,FVG,BOS bearish | Vol 1.8x | FVG | ChoCH | StrongTrend1h | Zone:FVG | MTF 15 | Risk x1.15,BOS+2 | BodyStrong+1 | 1h+2 | 4h+2 | Vol+1 | RSI+1 | BTC+2 | FVG+1 | ChoCH+1 | Zone:FVG+1 | Sess:OFF_HOURS | Strong1h+1 | TrendPairRisk:1.15,0,0,-1.0,range,0.3913,0,4.1214,0.1111,4.0142,-1,0.0,0.0767,1.4324,1.294,-0.2005,1.161,1.0,-0.3678,0.9375,10074,1,3,0.872,-1.0,0,1.506,4
BTCUSDT,10077,10092,1780644600,1780659000,SHORT,TRAIL,62610.0,62236.06159463,55131.23189262,64105.75362148,0.048513271496895716,0.04115533239218523,0.007357939104710482,17,3.74,35.42,0.18689166982682193,0.011103447063246867,2.1266172434385524,base,adaptive disabled,1.15,78.9,90,72,70,80,OFF_HOURS,bearish,bearish,FVG,BOS bearish | Vol 3.7x | FVG | ChoCH | Engulfing | BearWick | StrongTrend1h | Zone:FVG | MTF 17 | Risk x1.15,BOS+2 | 1h+2 | 4h+2 | Vol+2 | RSI+1 | BTC+2 | FVG+1 | ChoCH+1 | Engulfing+1 | BearWick+1 | Zone:FVG+1 | Sess:OFF_HOURS | Strong1h+1 | TrendPairRisk:1.15,0,0,-1.0,bear,0.5927,0,3.4809,0.3333,2.1418,-1,0.0,0.436,1.2267,0.865,-0.3193,2.425,1.0,-0.2672,0.439453125,10072,0,1,0.561,1.618,0,1.977,2
BTCUSDT,10077,10092,1780644600,1780659000,SHORT,TP1,62610.0,62221.8962219,54847.92443796,64162.41511241,0.0,-0.005671505758747514,0.005671505758747514,15,1.84,39.7,0.18761867603069465,0.012964101921109437,2.4829841160213784,base,adaptive disabled,1.15,78.9,90,72,70,80,OFF_HOURS,bearish,bearish,FVG,BOS bearish | Vol 1.8x | FVG | ChoCH | StrongTrend1h | Zone:FVG | MTF 15 | Risk x1.15,BOS+2 | BodyStrong+1 | 1h+2 | 4h+2 | Vol+1 | RSI+1 | BTC+2 | FVG+1 | ChoCH+1 | Zone:FVG+1 | Sess:OFF_HOURS | Strong1h+1 | TrendPairRisk:1.15,0,0,-1.0,bear,0.5927,0,3.0845,0.3333,2.1418,-1,0.0,0.4201,1.1819,1.254,-0.1773,1.627,1.0,-0.3267,0.3515625,10074,2,3,0.371,1.56,0,1.752,2
AVAXUSDT,10104,10110,1780668900,1780675200,SHORT,TRAIL,7.044,6.982365,5.8113,7.29054,0.7427590655693393,0.7249019227121966,0.01785714285714283,15,3.61,38.21,0.23989218328841166,0.020786419233988024,1.8798717894997734,base,adaptive disabled,1.15,80.1,90,78,70,80,NEW_YORK,bearish,bearish,FVG,BOS bearish | Vol 3.6x | FVG | ChoCH | Session:NEW_YORK | StrongTrend1h | Zone:FVG | MTF 15 | Risk x1.15,BOS+2 | 1h+2 | 4h+2 | Vol+2 | RSI+1 | BTC+2 | FVG+1 | ChoCH+1 | Zone:FVG+1 | Sess:NEW_YORK | Strong1h+1 | TrendPairRisk:1.15,0,0,-1.0,bear,0.401,0,3.6939,0.0526,3.8586,-1,0.0,0.3123,3.2449,0.597,0.0329,2.048,-1.0,0.0308,1.5625,10104,0,1,0.022,0.179,1,1.763,2
LINKUSDT,10104,10105,1780668900,1780670700,SHORT,TP1,7.475,7.40959375,6.166875,7.736625,0.0,-0.022321428571428534,0.022321428571428534,17,3.95,39.54,0.27146171693735494,0.020848101256608634,2.0650592929188623,base,adaptive disabled,1.15,86.9,90,82,90,80,NEW_YORK,bearish,bearish,FVG,BOS bearish | Vol 4.0x | FVG | LiqSweep | ChoCH | Session:NEW_YORK | StrongTrend1h | Zone:FVG | MTF 17 | Risk x1.15,BOS+2 | BodyStrong+1 | 1h+2 | 4h+2 | Vol+2 | RSI+1 | BTC+2 | FVG+1 | LiqSweep+1 | ChoCH+1 | Zone:FVG+1 | Sess:NEW_YORK | Strong1h+1 | TrendPairRisk:1.15,0,0,-1.0,range,0.4373,0,3.7295,0.0526,4.139,-1,0.0,0.1147,1.3607,1.36,-0.0664,2.268,1.0,-0.0437,1.953125,10104,0,1,0.344,1.199,0,1.743,2
BTCUSDT,10164,10259,1780722900,1780809300,SHORT,SL,60324.7,59937.33410796,52577.38215917,61874.16356817,-0.2109375,-0.21422244110288213,0.0032849411028821,15,3.23,30.11,0.7859142795606301,0.008271344938693392,1.1442336953392496,base,adaptive disabled,1.25,84.5,90,100,70,80,OFF_HOURS,bearish,bearish,FVG,BOS bearish | Vol 3.2x | FVG | ChoCH | BearWick | StrongTrend1h | Zone:FVG | MTF 15 | Risk x1.25,BOS+2 | 1h+2 | 4h+2 | Vol+2 | BTC+2 | FVG+1 | ChoCH+1 | BearWick+1 | Zone:FVG+1 | Sess:OFF_HOURS | Strong1h+1 | QualityRisk:1.15 | TrendPairRisk:1.25,0,0,-1.0,range,0.4288,1,3.6323,0.1765,2.8262,-1,0.0,1.0348,1.2823,0.0,-0.1048,2.348,1.0,-0.4783,0.2109375,10161,0,1,1.828,2.235,0,1.68,0
BTCUSDT,10164,10259,1780722900,1780809300,SHORT,SL,60024.0,59550.07585101,50545.51702025,61919.69659595,-0.2109375,-0.21360909049123156,0.0026715904912315287,15,2.06,33.75,0.6070720037343886,0.01015082316373486,1.4023069766372698,base,adaptive disabled,1.15,84.5,90,100,70,80,OFF_HOURS,bearish,bearish,FVG,BOS bearish | Vol 2.1x | FVG | ChoCH | StrongTrend1h | Zone:FVG | MTF 15 | Risk x1.15,BOS+2 | 1h+2 | 4h+2 | Vol+2 | RSI+1 | BTC+2 | FVG+1 | ChoCH+1 | Zone:FVG+1 | Sess:OFF_HOURS | Strong1h+1 | TrendPairRisk:1.15,0,0,-1.0,range,0.2818,1,3.2447,0.1765,2.8262,-1,0.0,1.0044,0.4136,2.138,-0.1646,1.369,1.0,-0.5629,0.2109375,10164,2,4,1.799,1.831,0,1.501,0
SOLUSDT,10205,10244,1780759800,1780795800,SHORT,SL,61.75,61.28991271,52.54825412,63.59034918,-0.9375,-0.9500825306695331,0.012582530669533071,14,1.76,38.64,0.5338983050847467,0.010839122882372335,1.3038214159489796,base,adaptive disabled,1.25,78.5,90,100,50,80,NEW_YORK,bearish,bearish,FVG,BOS bearish | Vol 1.8x | FVG | ChoCH | Session:NEW_YORK | StrongTrend1h | Zone:FVG | MTF 14 | Risk x1.25,BOS+2 | 1h+2 | 4h+2 | Vol+1 | RSI+1 | BTC+2 | FVG+1 | ChoCH+1 | Zone:FVG+1 | Sess:NEW_YORK | Strong1h+1 | QualityRisk:1.15 | TrendPairRisk:1.25,0,0,-1.0,range,0.3229,3,2.9981,-1.0,-1.0,-1,0.0,1.0813,0.9781,0.0,0.0547,1.946,1.0,-0.1039,0.9375,10205,0,1,0.944,0.407,1,0.907,2
XRPUSDT,10216,10224,1780769700,1780777800,SHORT,TRAIL,1.085,1.07691134,0.92322683,1.11735463,0.11179271819347264,0.10173233425460514,0.010060383938867502,14,1.43,37.46,0.6296296296296229,0.007382143506668701,0.9088238895696922,base,adaptive disabled,1.25,78.5,90,100,50,80,OFF_HOURS,bearish,bearish,FVG,BOS bearish | Vol 1.4x | FVG | ChoCH | StrongTrend1h | Zone:FVG | MTF 14 | Risk x1.25,BOS+2 | 1h+2 | 4h+2 | Vol+1 | RSI+1 | BTC+2 | FVG+1 | ChoCH+1 | Zone:FVG+1 | Sess:OFF_HOURS | Strong1h+1 | QualityRisk:1.15 | TrendPairRisk:1.25,0,0,-1.0,range,0.25,5,2.753,0.0526,1.443,-1,0.0,0.1236,1.1127,0.0,-0.0749,2.397,1.0,-0.044,0.75,10216,31,1,0.598,1.077,0,0.598,4
AVAXUSDT,10319,10327,1780862400,1780870500,SHORT,SL,6.586,6.52859826,6.217,6.81560698,-0.75,-0.7586051390946391,0.00860513909463903,17,2.52,30.88,0.4590747330960875,0.008792384520006925,1.4586780367308732,base,adaptive disabled,1.15,90.5,90,100,90,80,DEAD_ZONE,bearish,bearish,FVG,BOS bearish | Vol 2.5x | FVG | ChoCH | StrongTrend1h | Zone:FVG | MTF 17 | Risk x1.15,BOS+2 | BodyStrong+1 | 1h+2 | 4h+2 | Vol+2 | BTC+2 | FVG+1 | ChoCH+1 | Zone:FVG+1 | Sess:DEAD_ZONE | Strong1h+1 | NestedOB_1h+2 | TrendPairRisk:1.15,0,0,-1.0,bear,0.3574,0,4.6854,0.0526,2.0037,-1,0.0,1.3588,1.2543,3.308,-0.1215,2.388,1.0,-0.6114,0.75,10317,0,1,2.107,0.045,1,1.143,6
AVAXUSDT,10319,10327,1780862400,1780870500,SHORT,SL,6.568,6.217,5.49390358,6.78281928,-0.5625,-0.5693792707991573,0.006879270799157307,14,2.04,30.42,0.6491228070175442,0.007851921771751638,1.2836934545570022,base,adaptive disabled,1.15,84.5,90,100,70,80,DEAD_ZONE,bearish,bearish,FVG,BOS bearish | Vol 2.0x | FVG | ChoCH | StrongTrend1h | Zone:FVG | MTF 14 | Risk x1.15,BOS+2 | 1h+2 | 4h+2 | Vol+2 | BTC+2 | FVG+1 | ChoCH+1 | Zone:FVG+1 | Sess:DEAD_ZONE | Strong1h+1 | TrendPairRisk:1.15,0,0,-1.0,bear,0.2809,0,4.5614,0.0526,2.0037,-1,0.0,1.5362,0.1538,0.0,-0.0993,1.831,1.0,-0.5039,0.5625,10319,1,3,2.663,6.94,1,1.113,6
SUIUSDT,10387,10396,1780923600,1780932600,LONG,TRAIL,0.762,0.76771953,0.8763907,0.73912186,0.5910384744955834,0.5643929517389258,0.02664552275665768,14,1.43,64.29,0.4904109589041091,0.010129405307139407,1.357518020199418,base,adaptive disabled,1.25,69.8,65,100,50,80,OVERLAP,bullish,neutral,FVG,BOS bullish | Vol 1.4x | FVG | ChoCH | BullWick | Session:OVERLAP | StrongTrend1h | Zone:FVG | MTF 14 | Risk x1.25,BOS+2 | 1h+2 | 4hN+1 | Vol+1 | RSI+1 | BTC+2 | FVG+1 | ChoCH+1 | BullWick+1 | Zone:FVG+1 | Sess:OVERLAP | Strong1h+1 | QualityRisk:1.15 | RelStrengthRisk:1.25,0,0,-1.0,bull,0.2775,3,2.8712,0.0526,1.4254,-1,0.0,0.1661,1.9232,0.0,0.1363,1.472,1.0,0.3114,2.0,10387,0,1,0.355,2.207,0,0.973,2
LINKUSDT,10396,10422,1780931700,1780956000,LONG,TRAIL,8.053,8.11831694,9.35933875,7.79173225,0.10310541372974487,0.09497831189886452,0.008127101830880364,16,2.14,69.82,0.42857142857142966,0.006704089330427235,1.1000293243149015,base,adaptive disabled,1.25,90.5,90,100,90,80,NEW_YORK,bullish,bullish,FVG,BOS bullish | Vol 2.1x | FVG | ChoCH | Engulfing | Session:NEW_YORK | StrongTrend1h | Zone:FVG | MTF 16 | Risk x1.25,BOS+2 | BodyStrong+1 | 1h+2 | 4h+2 | Vol+2 | BTC+2 | FVG+1 | ChoCH+1 | Engulfing+1 | Zone:FVG+1 | Sess:NEW_YORK | Strong1h+1 | QualityRisk:1.15 | RelStrengthRisk:1.25,0,0,-1.0,bull,0.2023,3,3.1186,0.0526,2.0853,-1,0.0,0.3674,1.0258,0.971,0.212,2.114,1.0,0.2913,0.6591796875,10396,0,1,1.473,9.815,0,1.014,2
XRPUSDT,10415,10417,1780948800,1780951500,LONG,TP1,1.172,1.17780073,1.28801469,1.14879706,0.0,-0.020204336174639934,0.020204336174639934,16,3.12,60.89,0.44827586206896763,0.007346074412434703,1.0706903457041828,base,adaptive disabled,1.25,84.5,90,100,70,80,DEAD_ZONE,bullish,bullish,FVG,BOS bullish | Vol 3.1x | FVG | ChoCH | Engulfing | BullWick | StrongTrend1h | Zone:FVG | MTF 16 | Risk x1.25,BOS+2 | 1h+2 | 4h+2 | Vol+2 | RSI+1 | BTCok+1 | FVG+1 | ChoCH+1 | Engulfing+1 | BullWick+1 | Zone:FVG+1 | Sess:DEAD_ZONE | Strong1h+1 | QualityRisk:1.15 | RelStrengthRisk:1.25,0,0,-1.0,range,0.4828,0,1.9505,0.1111,2.2441,-1,0.0,0.2155,1.5515,0.0,0.0146,2.845,-1.0,-0.1687,1.0,10415,7,2,0.0,0.61,1,1.097,0
ADAUSDT,10539,10542,1781060400,1781064000,SHORT,TRAIL,0.1627,0.16142566,0.13721325,0.16779735,0.06621087427781291,0.06082461965531298,0.005386254622499927,14,1.42,29.08,0.5641025641025623,0.008196373064518142,1.0661589892535845,base,adaptive disabled,1.25,81.0,80,100,70,80,OFF_HOURS,bearish,bearish,FVG,BOS bearish | Vol 1.4x | FVG | ChoCH | BearWick | Zone:FVG | MTF 14 | Risk x1.25,BOS+2 | BodyStrong+1 | 1h+2 | 4h+2 | Vol+1 | BTC+2 | FVG+1 | ChoCH+1 | BearWick+1 | Zone:FVG+1 | Sess:OFF_HOURS | QualityRisk:1.15 | TrendPairRisk:1.25,0,0,-1.0,range,0.22,8,3.7583,0.0526,1.4055,-1,0.0,0.0196,1.334,0.0,-0.2412,1.543,1.0,-0.5091,0.421875,10539,0,2,2.088,0.919,1,0.919,7
AVAXUSDT,10540,10544,1781061300,1781065800,SHORT,TRAIL,6.602,6.57496108,6.0612215,6.7101557,0.11734576016402382,0.09903327177922289,0.018312488384800922,16,1.84,39.02,0.1685393258426981,0.005990713391972599,1.1057858469515685,base,adaptive disabled,1.25,77.5,90,80,60,80,OFF_HOURS,bearish,bearish,OB,BOS bearish | Vol 1.8x | FVG | OB | ChoCH | BearWick | StrongTrend1h | Zone:OB | MTF 16 | Risk x1.25,BOS+2 | 1h+2 | 4h+2 | Vol+1 | RSI+1 | BTC+2 | FVG+1 | OB+1 | ChoCH+1 | BearWick+1 | Zone:OB+1 | Sess:OFF_HOURS | Strong1h+1 | QualityRisk:1.15 | TrendPairRisk:1.25,0,0,-1.0,range,0.4286,0,2.7658,0.0526,1.814,-1,0.0,0.0,1.4054,1.034,-0.1295,1.623,1.0,-0.1929,0.75,10540,9,2,0.664,0.277,1,1.134,4
ADAUSDT,10544,10546,1781064900,1781067600,SHORT,TRAIL,0.1627,0.16142383,0.13717659,0.16780468,0.09898018791233153,0.0936016676133118,0.005378520299019723,13,1.38,29.96,0.41935483870967716,0.008840816184550867,1.1499861674551064,base,adaptive disabled,1.25,75.0,80,100,50,80,OFF_HOURS,bearish,bearish,FVG,BOS bearish | Vol 1.4x | FVG | ChoCH | BearWick | Zone:FVG | MTF 13 | Risk x1.25,BOS+2 | 1h+2 | 4h+2 | Vol+1 | BTC+2 | FVG+1 | ChoCH+1 | BearWick+1 | Zone:FVG+1 | Sess:OFF_HOURS | QualityRisk:1.15 | TrendPairRisk:1.25,0,0,-1.0,range,0.3036,0,1.4942,0.1765,0.8218,-1,0.0,0.0196,1.4105,2.364,-0.266,1.283,1.0,-0.3895,0.421875,10540,1,3,1.992,0.996,1,0.664,0
LINKUSDT,10551,10563,1781071200,1781082900,SHORT,TRAIL,7.709,7.65937531,6.71650614,7.90749877,0.2692082172599809,0.24736267887201008,0.021845538387970813,15,2.6,35.54,0.14925373134327805,0.004331132532967464,1.0255596852436517,base,adaptive disabled,1.15,71.2,65,77,70,80,OFF_HOURS,bearish,neutral,FVG,BOS bearish | Vol 2.6x | FVG | ChoCH | Engulfing | StrongTrend1h | Zone:FVG | MTF 15 | Risk x1.15,BOS+2 | 1h+2 | 4hN+1 | Vol+2 | RSI+1 | BTC+2 | FVG+1 | ChoCH+1 | Engulfing+1 | Zone:FVG+1 | Sess:OFF_HOURS | Strong1h+1 | QualityRisk:1.15,0,0,-1.0,range,0.2723,0,2.4508,0.1765,1.2591,-1,0.0,0.4836,1.5315,0.154,-0.0435,1.843,1.0,-0.3751,1.40625,10549,2,3,0.366,0.056,1,0.873,1
ADAUSDT,10555,10560,1781074800,1781080200,SHORT,TRAIL,0.1617,0.16028513,0.1334025,0.1673595,0.10932944606414201,0.10290087463557057,0.006428571428571448,15,1.6,30.49,0.31578947368421245,0.007250896304005153,1.065881757347913,base,adaptive disabled,1.25,83.9,90,97,70,80,OFF_HOURS,bearish,bearish,FVG,BOS bearish | Vol 1.6x | FVG | ChoCH | Engulfing | StrongTrend1h | Zone:FVG | MTF 15 | Risk x1.25,BOS+2 | BodyStrong+1 | 1h+2 | 4h+2 | Vol+1 | BTC+2 | FVG+1 | ChoCH+1 | Engulfing+1 | Zone:FVG+1 | Sess:OFF_HOURS | Strong1h+1 | QualityRisk:1.15 | TrendPairRisk:1.25,0,0,-1.0,bear,0.3793,1,1.6509,0.1111,1.0655,-1,0.0,0.0707,1.2015,0.462,-0.1785,1.585,1.0,-0.3145,0.5625,10550,3,2,0.367,0.367,1,0.642,0
ADAUSDT,10555,10560,1781074800,1781080200,SHORT,TRAIL,0.1617,0.16028513,0.1334025,0.1673595,0.10932944606414201,0.10290087463557057,0.006428571428571448,14,1.57,29.1,0.47368421052631504,0.0062212596473533175,0.9365823620216771,base,adaptive disabled,1.25,78.5,90,100,50,80,OFF_HOURS,bearish,bearish,FVG,BOS bearish | Vol 1.6x | FVG | ChoCH | Engulfing | BearWick | StrongTrend1h | Zone:FVG | MTF 14 | Risk x1.25,BOS+2 | 1h+2 | 4h+2 | Vol+1 | BTCok+1 | FVG+1 | ChoCH+1 | Engulfing+1 | BearWick+1 | Zone:FVG+1 | Sess:OFF_HOURS | Strong1h+1 | QualityRisk:1.15 | TrendPairRisk:1.25,0,0,-1.0,bear,0.3793,1,1.6829,0.1111,1.0655,-1,0.0,0.0707,1.2015,0.45,-0.2428,2.095,1.0,-0.4108,0.5625,10551,4,3,0.654,0.093,1,0.654,0
ADAUSDT,10555,10560,1781074800,1781080200,SHORT,TRAIL,0.1617,0.16033317,0.13436333,0.16716733,0.11317224312415945,0.10651771522845899,0.006654527895700471,14,1.53,37.32,0.35000000000000275,0.0064348827413886756,0.9687423478340571,base,adaptive disabled,1.25,84.5,90,100,70,80,OFF_HOURS,bearish,bearish,FVG,BOS bearish | Vol 1.5x | FVG | ChoCH | StrongTrend1h | Zone:FVG | MTF 14 | Risk x1.25,BOS+2 | BodyStrong+1 | 1h+2 | 4h+2 | Vol+1 | RSI+1 | BTCok+1 | FVG+1 | ChoCH+1 | Zone:FVG+1 | Sess:OFF_HOURS | Strong1h+1 | QualityRisk:1.15 | TrendPairRisk:1.25,0,0,-1.0,bear,0.3793,1,1.6864,0.1111,1.0655,-1,0.0,0.0732,1.2438,0.583,-0.1471,0.961,1.0,-0.2521,0.5625,10554,7,6,0.094,0.281,1,0.656,0
XRPUSDT,10556,10559,1781075700,1781079300,SHORT,TP1,1.116,1.11010872,1.076,1.13956513,0.0,-0.010655574571411265,0.010655574571411265,13,1.37,33.61,0.4736842105263133,0.0051037555679907315,1.135075238423238,base,adaptive disabled,1.25,78.5,90,100,50,80,OFF_HOURS,bearish,bearish,FVG,BOS bearish | Vol 1.4x | FVG | ChoCH | StrongTrend1h | Zone:FVG | MTF 13 | Risk x1.25,BOS+2 | 1h+2 | 4h+2 | Vol+1 | RSI+1 | BTCok+1 | FVG+1 | ChoCH+1 | Zone:FVG+1 | Sess:OFF_HOURS | Strong1h+1 | QualityRisk:1.15 | TrendPairRisk:1.25,0,0,-1.0,bear,0.55,0,1.7969,0.1765,1.0654,-1,0.0,0.1273,1.1882,1.125,0.0058,0.848,1.0,-0.1532,0.5625,10554,7,6,0.539,6.289,0,0.898,1
LINKUSDT,10563,10565,1781082000,1781084700,SHORT,TRAIL,7.677,7.63543325,6.845665,7.843267,0.11277042347549157,0.07814088183463687,0.03462954164085469,13,1.32,36.13,0.14691943127961982,0.006678689056871787,1.5897303800725813,base,adaptive disabled,1.0,65.2,65,77,50,80,LONDON,bearish,neutral,FVG,BOS bearish | Vol 1.3x | FVG | ChoCH | Session:LONDON | StrongTrend1h | Zone:FVG | MTF 13,BOS+2 | 1h+2 | 4hN+1 | Vol+1 | RSI+1 | BTC+2 | FVG+1 | ChoCH+1 | Zone:FVG+1 | Sess:LONDON | Strong1h+1,0,0,-1.0,range,0.1847,0,3.9982,3.0,1.8805,-1,0.0,0.0481,1.3953,0.721,-0.0824,2.025,-1.0,0.0491,1.875,10563,0,1,0.0,0.575,1,0.653,4
LINKUSDT,10565,10571,1781083800,1781090100,SHORT,TP1,7.677,7.63522373,6.84147464,7.84410507,0.0,-0.03675292437267147,0.03675292437267147,14,5.81,33.75,0.27777777777778095,0.006612396564969651,1.5679394885318059,base,adaptive disabled,1.0,74.3,65,93,70,80,LONDON,bearish,neutral,FVG,BOS bearish | Vol 5.8x | FVG | ChoCH | Session:LONDON | StrongTrend1h | Zone:FVG | MTF 14,BOS+2 | 1h+2 | 4hN+1 | Vol+2 | RSI+1 | BTC+2 | FVG+1 | ChoCH+1 | Zone:FVG+1 | Sess:LONDON | Strong1h+1,0,0,-1.0,range,0.3118,0,4.066,0.0526,2.5152,-1,0.0,0.1855,1.508,2.4,-0.1116,4.547,1.0,-0.1727,2.0,10564,1,2,0.435,0.128,1,1.381,1
LINKUSDT,10565,10571,1781083800,1781090100,SHORT,TP1,7.677,7.63495775,6.83615502,7.845169,0.0,-0.036520405068710494,0.036520405068710494,15,2.62,37.65,0.2105263157894741,0.005611697177773306,1.3287818711418935,base,adaptive disabled,1.0,72.8,65,85,70,80,LONDON,bearish,neutral,FVG,BOS bearish | Vol 2.6x | FVG | ChoCH | Engulfing | Session:LONDON | StrongTrend1h | Zone:FVG | MTF 15,BOS+2 | 1h+2 | 4hN+1 | Vol+2 | RSI+1 | BTC+2 | FVG+1 | ChoCH+1 | Engulfing+1 | Zone:FVG+1 | Sess:LONDON | Strong1h+1,0,0,-1.0,range,0.3118,0,3.9583,0.0526,2.5152,-1,0.0,0.1843,1.4985,3.2,0.0016,1.947,1.0,-0.0273,2.0,10565,2,3,0.05,0.498,1,1.344,1
LINKUSDT,10598,10602,1781113500,1781118000,SHORT,TRAIL,7.683,7.61577375,6.338475,7.951905,0.13394880463391512,0.1232345189196294,0.010714285714285707,16,1.57,36.39,0.3982300884955762,0.006772953408437257,1.1034149840229939,base,adaptive disabled,1.25,84.5,90,100,70,80,OFF_HOURS,bearish,bearish,FVG,BOS bearish | Vol 1.6x | FVG | LiqSweep | ChoCH | StrongTrend1h | Zone:FVG | MTF 16 | Risk x1.25,BOS+2 | BodyStrong+1 | 1h+2 | 4h+2 | Vol+1 | RSI+1 | BTC+2 | FVG+1 | LiqSweep+1 | ChoCH+1 | Zone:FVG+1 | Sess:OFF_HOURS | Strong1h+1 | QualityRisk:1.15 | TrendPairRisk:1.25,0,0,-1.0,range,0.1712,8,2.5525,0.0526,1.8089,-1,0.0,0.0483,1.2346,4.286,-0.0498,2.109,1.0,-0.3496,0.9375,10598,0,1,1.065,0.575,1,0.744,7
BTCUSDT,10617,10637,1781130600,1781149500,SHORT,SL,61324.2,61047.45942128,55789.38842566,62431.16231487,-0.369140625,-0.377320579533785,0.008179954533784969,13,1.35,36.09,0.582777543267211,0.005322383821391475,1.218386142748821,base,adaptive disabled,1.0,68.0,60,100,50,80,DEAD_ZONE,neutral,bearish,FVG,BOS bearish | Vol 1.4x | FVG | ChoCH | Engulfing | Zone:FVG | MTF 13,BOS+2 | 1hN+1 | 4h+2 | Vol+1 | RSI+1 | BTC+2 | FVG+1 | ChoCH+1 | Engulfing+1 | Zone:FVG+1 | Sess:DEAD_ZONE,0,0,-1.0,bear,0.2464,0,2.6761,0.0526,1.3485,-1,0.0,1.096,0.7194,0.0,-0.0368,1.469,1.0,-0.3527,0.369140625,10617,1,5,1.31,0.292,1,0.917,2
SOLUSDT,10617,10620,1781130600,1781134200,SHORT,TP1,63.02,62.468575,51.9915,65.2257,-0.00286898716960545,-0.006485058598176878,0.0036160714285714286,14,1.47,31.89,0.48181818181818226,0.006962167318370231,1.0793057433080775,base,adaptive disabled,1.25,84.5,90,100,70,80,DEAD_ZONE,bearish,bearish,FVG,BOS bearish | Vol 1.5x | FVG | ChoCH | StrongTrend1h | Zone:FVG | MTF 14 | Risk x1.25,BOS+2 | BodyStrong+1 | 1h+2 | 4h+2 | Vol+1 | BTC+2 | FVG+1 | ChoCH+1 | Zone:FVG+1 | Sess:DEAD_ZONE | Strong1h+1 | QualityRisk:1.15 | TrendPairRisk:1.25,0,0,-1.0,range,0.3822,0,2.1649,0.1765,1.0854,-1,0.0,0.0272,1.1062,1.093,-0.1245,0.87,1.0,-0.3468,0.31640625,10615,2,4,1.684,5.511,0,0.809,2
SUIUSDT,10617,10620,1781130600,1781134200,SHORT,TP1,0.7234,0.71707025,0.596805,0.748719,-0.038323492239029484,-0.043144920810458065,0.0048214285714285755,14,1.87,29.1,0.6387959866220754,0.007967150365803118,1.035589773126352,base,adaptive disabled,1.25,84.5,90,100,70,80,DEAD_ZONE,bearish,bearish,FVG,BOS bearish | Vol 1.9x | FVG | ChoCH | StrongTrend1h | Zone:FVG | MTF 14 | Risk x1.25,BOS+2 | BodyStrong+1 | 1h+2 | 4h+2 | Vol+1 | BTC+2 | FVG+1 | ChoCH+1 | Zone:FVG+1 | Sess:DEAD_ZONE | Strong1h+1 | QualityRisk:1.15 | TrendPairRisk:1.25,0,0,-1.0,bear,0.3356,0,2.7015,0.1765,1.3023,-1,0.0,0.1224,1.1059,3.979,-0.1669,1.238,1.0,-0.2777,0.421875,10615,2,3,1.414,9.026,0,0.588,0
ADAUSDT,10723,10727,1781226000,1781230500,LONG,TP1,0.1695,0.17034244,0.18634872,0.16613026,0.0,-0.011317638749577088,0.011317638749577088,14,1.44,57.57,0.15789473684210142,0.007417609580983703,1.111967109678168,base,adaptive disabled,1.15,74.1,90,78,50,80,OFF_HOURS,bullish,bullish,FVG,BOS bullish | Vol 1.4x | FVG | ChoCH | StrongTrend1h | Zone:FVG | MTF 14 | Risk x1.15,BOS+2 | 1h+2 | 4h+2 | Vol+1 | RSI+1 | BTC+2 | FVG+1 | ChoCH+1 | Zone:FVG+1 | Sess:OFF_HOURS | Strong1h+1 | QualityRisk:1.15,0,0,-1.0,range,0.5111,0,1.7953,0.4286,0.9943,-1,0.0,0.2671,1.7805,0.667,-0.1463,1.529,-1.0,-0.2171,0.5625,10720,11,2,0.427,0.427,1,0.598,1
BTCUSDT,10740,10758,1781241300,1781258400,LONG,TRAIL,63449.4,63639.7482,67256.364,62688.0072,0.11095517156190582,0.10392392156190583,0.007031249999999987,18,2.4,46.57,0.19927536231884183,0.002908726704253598,1.113777738733743,base,adaptive disabled,1.15,90.1,90,83,100,80,OFF_HOURS,bullish,bullish,OB,BOS bullish | Vol 2.4x | FVG | OB | ChoCH | Discount | StrongTrend1h | Zone:OB | MTF 18 | Risk x1.15,BOS+2 | BodyStrong+1 | 1h+2 | 4h+2 | Vol+2 | RSI+1 | BTC+2 | FVG+1 | OB+1 | ChoCH+1 | Discount+1 | Zone:OB+1 | Sess:OFF_HOURS | Strong1h+1 | QualityRisk:1.15,0,0,-1.0,range,0.6734,0,2.5374,0.1765,1.5236,-1,0.0,0.834,2.6299,1.96,-0.1305,1.377,1.0,-0.2025,0.2109375,10740,15,3,1.896,0.444,1,1.742,0
BTCUSDT,10758,10780,1781257500,1781278200,LONG,TRAIL,63723.2,63997.29636791,69205.12735818,62626.81452836,0.20509432621412987,0.195286379759025,0.009807946455104901,16,2.84,66.32,0.7599316531396839,0.003248072594715599,1.408134870848526,base,adaptive disabled,1.0,90.5,90,100,90,80,LONDON,bullish,bullish,FVG,BOS bullish | Vol 2.8x | FVG | ChoCH | Session:LONDON | StrongTrend1h | Zone:FVG | MTF 16,BOS+2 | BodyStrong+1 | 1h+2 | 4h+2 | Vol+2 | RSI+1 | BTC+2 | FVG+1 | ChoCH+1 | Zone:FVG+1 | Sess:LONDON | Strong1h+1,0,1,-1.0,bear,0.1997,4,3.7018,0.0526,2.8187,-1,0.0,0.6596,2.3919,0.0,-0.0724,2.352,1.0,0.1697,0.421875,10758,0,1,1.383,0.268,1,1.209,3
SOLUSDT,10758,10778,1781257500,1781276400,LONG,TP1,67.17,67.55736382,74.91727645,65.62054471,0.0,-0.019507823294468894,0.019507823294468894,15,2.3,64.81,0.7872340425531851,0.0038217968739391226,1.099015848881354,base,adaptive disabled,1.15,84.5,90,100,70,80,LONDON,bullish,bullish,FVG,BOS bullish | Vol 2.3x | FVG | ChoCH | Session:LONDON | StrongTrend1h | Zone:FVG | MTF 15 | Risk x1.15,BOS+2 | 1h+2 | 4h+2 | Vol+2 | RSI+1 | BTC+2 | FVG+1 | ChoCH+1 | Zone:FVG+1 | Sess:LONDON | Strong1h+1 | QualityRisk:1.15,0,1,-1.0,bear,0.1795,4,3.4143,0.0526,2.2555,-1,0.0,0.5421,2.0394,0.0,-0.1628,2.215,1.0,0.0598,1.125,10758,0,1,0.854,0.371,1,1.039,3
ETHUSDT,10760,10778,1781259300,1781276400,LONG,TP1,1674.0,1681.1489053,1816.97810609,1645.40437878,0.0,-0.02341617252685086,0.02341617252685086,16,1.65,65.04,0.7582351163493497,0.0027885592697171322,0.9440740790766489,base,adaptive disabled,1.15,87.5,90,100,80,80,LONDON,bullish,bullish,OB,BOS bullish | Vol 1.6x | FVG | OB | ChoCH | Session:LONDON | StrongTrend1h | Zone:OB | MTF 16 | Risk x1.15,BOS+2 | BodyStrong+1 | 1h+2 | 4h+2 | Vol+1 | RSI+1 | BTC+2 | FVG+1 | OB+1 | ChoCH+1 | Zone:OB+1 | Sess:LONDON | Strong1h+1 | QualityRisk:1.15,0,1,-1.0,bear,0.3189,0,2.8973,0.1111,0.9855,-1,0.0,0.7512,1.5821,0.0,-0.0132,2.131,1.0,0.09,1.0,10758,4,1,0.614,0.52,1,1.029,0
LINKUSDT,10780,10867,1781277300,1781356500,LONG,TRAIL,7.938,7.98945251,8.96705017,7.73218997,0.2779863927233999,0.26442678571590855,0.013559607007491363,16,3.5,68.37,0.3901639344262314,0.01006379958179185,2.8322407394830296,base,adaptive disabled,1.15,88.5,90,90,90,80,NEW_YORK,bullish,bullish,FVG,BOS bullish | Vol 3.5x | FVG | LiqSweep | ChoCH | Session:NEW_YORK | StrongTrend1h | Zone:FVG | MTF 16 | Risk x1.15,BOS+2 | BodyStrong+1 | 1h+2 | 4h+2 | Vol+2 | BTC+2 | FVG+1 | LiqSweep+1 | ChoCH+1 | Zone:FVG+1 | Sess:NEW_YORK | Strong1h+1 | RelStrengthRisk:1.15,0,1,-1.0,bear,0.3043,2,5.0207,0.0526,3.3847,-1,0.0,0.6997,1.7103,0.0,0.1904,2.289,1.0,0.1427,0.87890625,10780,0,1,1.943,0.458,1,1.528,1
ADAUSDT,10781,10786,1781278200,1781283600,LONG,TP1,0.1717,0.17313358,0.20037159,0.16596568,0.0,-0.011228445569832194,0.011228445569832194,16,1.61,61.24,0.22916666666666685,0.013854779965259327,2.3566980734760876,base,adaptive disabled,1.15,79.9,90,77,70,80,NEW_YORK,bullish,bullish,FVG,BOS bullish | Vol 1.6x | FVG | LiqSweep | ChoCH | Session:NEW_YORK | StrongTrend1h | Zone:FVG | MTF 16 | Risk x1.15,BOS+2 | BodyStrong+1 | 1h+2 | 4h+2 | Vol+1 | RSI+1 | BTC+2 | FVG+1 | LiqSweep+1 | ChoCH+1 | Zone:FVG+1 | Sess:NEW_YORK | Strong1h+1 | RelStrengthRisk:1.15,0,0,-1.0,range,0.3676,0,4.3923,0.1111,1.7995,-1,0.0,0.4011,1.2556,0.0,0.1217,1.536,1.0,0.0564,0.9375,10781,1,2,0.488,0.488,1,1.046,5
BTCUSDT,10781,10867,1781278200,1781356500,LONG,TRAIL,63852.6,64131.71291442,69434.85828849,62736.1483423,0.03844352120498754,0.03361790866024115,0.004825612544746389,17,5.22,69.63,0.5031248330751574,0.007157654763928982,2.6451720115737474,base,adaptive disabled,1.0,88.5,90,90,90,80,NEW_YORK,bullish,bullish,FVG,BOS bullish | Vol 5.2x | FVG | LiqSweep | ChoCH | Engulfing | Session:NEW_YORK | StrongTrend1h | Zone:FVG | MTF 17,BOS+2 | BodyStrong+1 | 1h+2 | 4h+2 | Vol+2 | BTC+2 | FVG+1 | LiqSweep+1 | ChoCH+1 | Engulfing+1 | Zone:FVG+1 | Sess:NEW_YORK | Strong1h+1,0,1,-1.0,bear,0.3816,0,4.6568,0.0526,1.921,-1,0.0,0.4541,1.2017,0.0,0.2108,2.77,1.0,0.217,0.2109375,10780,0,1,1.853,0.237,1,1.057,2
BTCUSDT,10781,10902,1781278200,1781388000,LONG,TRAIL,64100.0,64441.22984911,70924.59698221,62735.08060356,0.12039172454329088,0.11334735252756747,0.0070443720157234106,17,1.96,62.06,0.32212482636394163,0.006953372442435363,2.527036556537924,base,adaptive disabled,1.0,82.1,90,88,70,80,NEW_YORK,bullish,bullish,FVG,BOS bullish | Vol 2.0x | FVG | LiqSweep | ChoCH | Engulfing | Session:NEW_YORK | StrongTrend1h | Zone:FVG | MTF 17,BOS+2 | BodyStrong+1 | 1h+2 | 4h+2 | Vol+1 | RSI+1 | BTC+2 | FVG+1 | LiqSweep+1 | ChoCH+1 | Engulfing+1 | Zone:FVG+1 | Sess:NEW_YORK | Strong1h+1,0,1,-1.0,bear,0.2022,0,4.638,0.0526,1.921,-1,0.0,0.5527,1.8902,0.0,0.1293,1.86,1.0,0.1417,0.375,10781,0,2,0.93,0.377,1,1.052,2
ETHUSDT,10781,10901,1781278200,1781387100,LONG,TP1,1679.0,1687.61459696,1851.29193913,1644.54161217,0.0,-0.010963223290182586,0.010963223290182586,17,3.27,68.44,0.5094260578131555,0.008143710257462657,2.7126373119199445,base,adaptive disabled,1.0,82.5,90,90,70,80,NEW_YORK,bullish,bullish,FVG,BOS bullish | Vol 3.3x | FVG | LiqSweep | ChoCH | Engulfing | BullWick | Session:NEW_YORK | StrongTrend1h | Zone:FVG | MTF 17,BOS+2 | 1h+2 | 4h+2 | Vol+2 | BTC+2 | FVG+1 | LiqSweep+1 | ChoCH+1 | Engulfing+1 | BullWick+1 | Zone:FVG+1 | Sess:NEW_YORK | Strong1h+1,0,1,-1.0,bear,0.3052,0,4.4483,0.1111,2.4327,-1,0.0,0.6538,2.1359,0.0,0.1707,2.245,1.0,0.1553,0.5625,10780,0,1,1.461,0.618,1,1.139,2
ETHUSDT,10781,10867,1781278200,1781356500,LONG,TRAIL,1674.0,1681.38444717,1821.68894348,1644.4622113,0.16829647277123055,0.14562720640194404,0.0226692663692865,21,1.5,59.39,0.29019321910317236,0.007877423740803862,2.5719092081372277,base,adaptive disabled,1.15,84.3,90,84,80,80,NEW_YORK,bullish,bullish,OB,BOS bullish | Vol 1.5x | FVG | OB | LiqSweep | ChoCH | Engulfing | Session:NEW_YORK | StrongTrend1h | Zone:OB | 💎PREMIUM | MTF 21 | Risk x1.15,BOS+2 | BodyStrong+1 | 1h+2 | 4h+2 | Vol+1 | RSI+1 | BTC+2 | FVG+1 | OB+1 | LiqSweep+1 | ChoCH+1 | Engulfing+1 | Zone:OB+1 | Sess:NEW_YORK | Strong1h+1 | 💎Premium+3 | QualityRisk:1.15,1,1,-1.0,bear,0.4364,0,4.4044,0.1111,2.4327,-1,0.0,0.5935,1.2188,0.0,0.1202,1.33,1.0,0.1158,1.0,10781,27,2,0.484,0.313,1,1.128,2
SOLUSDT,10781,10903,1781278200,1781388900,LONG,TRAIL,68.15,68.71552767,79.46055347,65.88788931,0.24943863931786486,0.2430837820208508,0.006354857297014056,15,1.8,66.98,0.45806451612903154,0.012835231298348113,3.446516308237569,base,adaptive disabled,1.25,80.5,90,80,70,80,NEW_YORK,bullish,bullish,FVG,BOS bullish | Vol 1.8x | FVG | ChoCH | Session:NEW_YORK | StrongTrend1h | Zone:FVG | MTF 15 | Risk x1.25,BOS+2 | BodyStrong+1 | 1h+2 | 4h+2 | Vol+1 | RSI+1 | BTC+2 | FVG+1 | ChoCH+1 | Zone:FVG+1 | Sess:NEW_YORK | Strong1h+1 | QualityRisk:1.15 | RelStrengthRisk:1.25,0,1,-1.0,bear,0.251,0,4.9309,0.0526,1.8369,-1,0.0,0.7692,2.4932,10.0,0.1731,1.306,1.0,0.3618,0.52734375,10781,0,4,2.465,-1.0,0,1.38,6
SUIUSDT,10781,10844,1781278200,1781335800,LONG,TP1,0.7604,0.76485311,0.84946212,0.74258758,0.0,-0.01600849295042453,0.01600849295042453,16,1.66,58.26,0.2378048780487818,0.012160243520413774,2.7188873898336428,base,adaptive disabled,1.15,80.1,90,78,70,80,NEW_YORK,bullish,bullish,FVG,BOS bullish | Vol 1.7x | FVG | ChoCH | Engulfing | Session:NEW_YORK | StrongTrend1h | Zone:FVG | MTF 16 | Risk x1.15,BOS+2 | BodyStrong+1 | 1h+2 | 4h+2 | Vol+1 | RSI+1 | BTC+2 | FVG+1 | ChoCH+1 | Engulfing+1 | Zone:FVG+1 | Sess:NEW_YORK | Strong1h+1 | QualityRisk:1.15,0,0,-1.0,range,0.4459,0,4.1896,0.0526,1.6638,-1,0.0,0.8758,1.5046,9.75,0.2039,0.965,1.0,0.1215,0.9375,10781,1,2,0.599,0.1,1,1.716,2
XRPUSDT,10781,10868,1781278200,1781357400,LONG,TRAIL,1.146,1.15288447,1.28368949,1.1184621,0.11706470741309506,0.10770124832580083,0.009363459087294235,16,2.45,71.96,0.5882352941176509,0.010169577312224535,2.3369688665525357,base,adaptive disabled,1.0,88.5,90,90,90,80,NEW_YORK,bullish,bullish,FVG,BOS bullish | Vol 2.5x | FVG | LiqSweep | ChoCH | Session:NEW_YORK | StrongTrend1h | Zone:FVG | MTF 16,BOS+2 | BodyStrong+1 | 1h+2 | 4h+2 | Vol+2 | BTC+2 | FVG+1 | LiqSweep+1 | ChoCH+1 | Zone:FVG+1 | Sess:NEW_YORK | Strong1h+1,0,1,-1.0,bear,0.3438,0,4.4357,0.1111,1.7694,-1,0.0,0.7626,1.3073,0.0,0.1208,1.456,1.0,0.183,0.5625,10780,0,1,1.682,1.53,0,1.53,2
ADAUSDT,10782,10786,1781279100,1781283600,LONG,TP1,0.1717,0.17314904,0.20068076,0.16590385,0.0,-0.011108666959964805,0.011108666959964805,16,1.71,56.95,0.20408163265306076,0.01213055352554099,2.0549157684396975,base,adaptive disabled,1.25,73.3,90,74,50,80,NEW_YORK,bullish,bullish,FVG,BOS bullish | Vol 1.7x | FVG | LiqSweep | ChoCH | BullWick | Session:NEW_YORK | StrongTrend1h | Zone:FVG | MTF 16 | Risk x1.25,BOS+2 | 1h+2 | 4h+2 | Vol+1 | RSI+1 | BTC+2 | FVG+1 | LiqSweep+1 | ChoCH+1 | BullWick+1 | Zone:FVG+1 | Sess:NEW_YORK | Strong1h+1 | QualityRisk:1.15 | RelStrengthRisk:1.25,0,0,-1.0,range,0.3676,0,3.7429,0.1765,1.7723,-1,0.0,0.3968,1.1732,0.0,0.1116,1.111,-1.0,-0.0534,0.9375,10782,2,3,0.0,0.936,1,1.537,0
BTCUSDT,10782,10867,1781279100,1781356500,LONG,TRAIL,63852.6,64133.0616456,69461.83291208,62730.75341758,0.06711369181577378,0.058576080568308,0.008537611247465781,18,1.9,55.94,0.18511733403123168,0.005725108708581908,2.0234014917734937,base,adaptive disabled,1.15,78.9,90,72,70,80,NEW_YORK,bullish,bullish,FVG,BOS bullish | Vol 1.9x | FVG | LiqSweep | ChoCH | Engulfing | BullWick | Session:NEW_YORK | StrongTrend1h | Zone:FVG | MTF 18 | Risk x1.15,BOS+2 | BodyStrong+1 | 1h+2 | 4h+2 | Vol+1 | RSI+1 | BTC+2 | FVG+1 | LiqSweep+1 | ChoCH+1 | Engulfing+1 | BullWick+1 | Zone:FVG+1 | Sess:NEW_YORK | Strong1h+1 | QualityRisk:1.15,0,1,-1.0,bear,0.3816,0,4.0676,0.1111,1.8957,-1,0.0,0.4519,1.1959,0.0,0.0838,1.573,1.0,0.0241,0.375,10782,2,3,0.074,0.09,1,1.209,0
SOLUSDT,10782,10788,1781279100,1781285400,LONG,TRAIL,67.62,68.05620427,76.34408537,65.87518293,0.06800274125584661,0.05778419600313431,0.010218545252712305,17,2.35,58.07,0.24928366762177714,0.011419695483189544,3.047231542738866,base,adaptive disabled,1.25,84.3,90,69,90,80,NEW_YORK,bullish,bullish,FVG,BOS bullish | Vol 2.4x | FVG | ChoCH | BullWick | Session:NEW_YORK | StrongTrend1h | Zone:FVG | MTF 17 | Risk x1.25,BOS+2 | BodyStrong+1 | 1h+2 | 4h+2 | Vol+2 | RSI+1 | BTC+2 | FVG+1 | ChoCH+1 | BullWick+1 | Zone:FVG+1 | Sess:NEW_YORK | Strong1h+1 | QualityRisk:1.15 | RelStrengthRisk:1.25,0,1,-1.0,bear,0.4691,0,4.6172,0.1111,2.0848,-1,0.0,0.3439,1.2609,10.0,0.0818,1.727,1.0,0.2018,0.6591796875,10782,2,5,1.363,0.462,1,1.363,0
SUIUSDT,10782,10844,1781279100,1781335800,LONG,TP1,0.7575,0.76123681,0.83223625,0.74255275,0.0,-0.025339109200689144,0.025339109200689144,18,2.98,52.38,0.1215469613259657,0.010034421350824543,2.166001523300359,base,adaptive disabled,1.15,86.3,90,64,100,80,NEW_YORK,bullish,bullish,OB,BOS bullish | Vol 3.0x | FVG | OB | ChoCH | Engulfing | Session:NEW_YORK | StrongTrend1h | Zone:OB | MTF 18 | Risk x1.15,BOS+2 | BodyStrong+1 | 1h+2 | 4h+2 | Vol+2 | RSI+1 | BTC+2 | FVG+1 | OB+1 | ChoCH+1 | Engulfing+1 | Zone:OB+1 | Sess:NEW_YORK | Strong1h+1 | QualityRisk:1.15,0,0,-1.0,range,0.5714,0,3.9031,0.1111,2.2957,-1,0.0,0.8497,2.569,0.0,0.1211,2.739,-1.0,-0.0412,1.25,10782,21,3,0.159,0.178,1,1.09,0
ADAUSDT,10823,10844,1781316000,1781335800,LONG,TP1,0.1723,0.17354019,0.19710384,0.16733923,0.0,-0.005861111279095783,0.005861111279095783,16,1.67,66.44,0.8260869565217349,0.007354467624760824,0.9690925421976772,base,adaptive disabled,1.25,78.5,90,100,50,80,OFF_HOURS,bullish,bullish,FVG,BOS bullish | Vol 1.7x | FVG | LiqSweep | ChoCH | Engulfing | StrongTrend1h | Zone:FVG | MTF 16 | Risk x1.25,BOS+2 | 1h+2 | 4h+2 | Vol+1 | RSI+1 | BTC+2 | FVG+1 | LiqSweep+1 | ChoCH+1 | Engulfing+1 | Zone:FVG+1 | Sess:OFF_HOURS | Strong1h+1 | QualityRisk:1.15 | RelStrengthRisk:1.25,0,1,-1.0,bear,0.2041,4,3.7709,0.0526,1.7546,-1,0.0,0.7055,1.532,0.0,0.1082,1.773,1.0,0.5171,0.421875,10823,0,3,2.357,0.943,1,0.943,3
SOLUSDT,10823,10861,1781316000,1781351100,LONG,TRAIL,67.3,67.58139994,72.92799884,66.17440023,0.18822469530420022,0.17813507437259674,0.01008962093160348,16,1.57,66.74,0.8901098901098682,0.0031701120545180855,0.7298909720017082,base,adaptive disabled,1.15,82.5,90,90,70,80,OFF_HOURS,bullish,bullish,FVG,BOS bullish | Vol 1.6x | FVG | ChoCH | Discount | StrongTrend1h | Zone:FVG | MTF 16 | Risk x1.15,BOS+2 | BodyStrong+1 | 1h+2 | 4h+2 | Vol+1 | RSI+1 | BTC+2 | FVG+1 | ChoCH+1 | Discount+1 | Zone:FVG+1 | Sess:OFF_HOURS | Strong1h+1 | QualityRisk:1.15,0,0,-1.0,range,0.1682,6,2.7165,0.0526,1.5883,-1,0.0,0.7463,2.2033,0.0,0.1696,2.061,1.0,0.3617,0.421875,10823,0,4,2.122,0.212,1,0.764,5
ADAUSDT,10824,10844,1781316900,1781335800,LONG,TP1,0.1723,0.17353375,0.19697499,0.167365,0.0,-0.005891717325227971,0.005891717325227971,15,1.61,66.44,0.8048780487804832,0.00599000410995059,0.8440914129930329,base,adaptive disabled,1.25,78.5,90,100,50,80,OFF_HOURS,bullish,bullish,FVG,BOS bullish | Vol 1.6x | FVG | ChoCH | BullWick | StrongTrend1h | Zone:FVG | MTF 15 | Risk x1.25,BOS+2 | 1h+2 | 4h+2 | Vol+1 | RSI+1 | BTC+2 | FVG+1 | ChoCH+1 | BullWick+1 | Zone:FVG+1 | Sess:OFF_HOURS | Strong1h+1 | QualityRisk:1.15 | RelStrengthRisk:1.25,0,1,-1.0,bear,0.2041,0,3.5749,0.1111,1.7583,-1,0.0,0.7092,1.54,0.0,0.061,2.384,1.0,0.4424,0.421875,10824,1,4,2.415,0.966,1,0.676,4
BTCUSDT,10824,10861,1781316900,1781351100,LONG,TRAIL,63721.3,63912.4639,67544.578,62956.6444,0.031543621819327856,0.026270184319327892,0.005273437499999962,15,1.53,62.93,0.7267341868909027,0.0019757777876334595,0.7951628991486237,base,adaptive disabled,1.0,82.5,90,90,70,80,OFF_HOURS,bullish,bullish,FVG,BOS bullish | Vol 1.5x | FVG | ChoCH | StrongTrend1h | Zone:FVG | MTF 15,BOS+2 | BodyStrong+1 | 1h+2 | 4h+2 | Vol+1 | RSI+1 | BTC+2 | FVG+1 | ChoCH+1 | Zone:FVG+1 | Sess:OFF_HOURS | Strong1h+1,0,0,-1.0,bull,0.2231,0,2.268,0.1765,1.6061,-1,0.0,0.4333,1.1289,10.0,0.098,2.047,1.0,0.4623,0.158203125,10823,0,1,1.331,0.279,1,0.548,2
ETHUSDT,10845,10847,1781335800,1781338500,LONG,TRAIL,1671.73,1676.74519,1772.0338,1651.66924,0.352681713177708,0.28705671317770826,0.06562499999999977,16,3.11,66.66,0.8248175182481692,0.0024138467539870454,1.3146629814575306,base,adaptive disabled,1.0,80.0,60,100,90,80,LONDON,neutral,bullish,FVG,BOS bullish | Vol 3.1x | FVG | ChoCH | Session:LONDON | Zone:FVG | MTF 16,BOS+2 | BodyStrong+1 | 1hN+1 | 4h+2 | Vol+2 | RSI+1 | BTC+2 | FVG+1 | ChoCH+1 | Zone:FVG+1 | Sess:LONDON | NestedOB_1h+2,0,1,-1.0,bear,0.2014,1,3.4712,0.0526,3.1558,-1,0.0,0.0085,1.5493,0.0,0.0528,1.557,1.0,0.1655,1.96875,10845,22,2,1.586,0.29,1,1.998,0
SUIUSDT,10847,10850,1781337600,1781341200,LONG,TRAIL,0.7607,0.76504956,0.84769123,0.74330175,0.20368427859123334,0.17786050680384102,0.025823771787392324,14,3.34,68.04,0.5265700483091841,0.008886419415852465,2.4625255584553214,base,adaptive disabled,1.15,78.0,60,90,90,80,LONDON,neutral,bullish,FVG,BOS bullish | Vol 3.3x | FVG | ChoCH | Engulfing | Session:LONDON | Zone:FVG | MTF 14 | Risk x1.15,BOS+2 | BodyStrong+1 | 1hN+1 | 4h+2 | Vol+2 | BTC+2 | FVG+1 | ChoCH+1 | Engulfing+1 | Zone:FVG+1 | Sess:LONDON | QualityRisk:1.15,0,1,-1.0,bear,0.3184,1,4.4616,0.1765,4.5975,-1,0.0,0.0402,1.1266,0.0,-0.0242,3.53,1.0,0.0281,1.4765625,10846,0,3,2.298,0.054,1,0.865,0
SUIUSDT,10847,10850,1781337600,1781341200,LONG,TRAIL,0.7607,0.76504066,0.84751328,0.74333734,0.11662959477407,0.10184290598329723,0.014786688790772773,15,2.16,68.7,0.7157894736842171,0.008828112870470218,2.445714232590536,base,adaptive disabled,1.25,82.5,90,90,70,80,LONDON,bullish,bullish,FVG,BOS bullish | Vol 2.2x | FVG | ChoCH | Engulfing | Session:LONDON | StrongTrend1h | Zone:FVG | MTF 15 | Risk x1.25,BOS+2 | 1h+2 | 4h+2 | Vol+2 | BTC+2 | FVG+1 | ChoCH+1 | Engulfing+1 | Zone:FVG+1 | Sess:LONDON | Strong1h+1 | QualityRisk:1.15 | RelStrengthRisk:1.25,0,1,-1.0,bear,0.3184,1,4.5049,0.1765,4.5975,-1,0.0,0.0403,1.1289,0.0,-0.0855,2.471,1.0,0.1256,0.84375,10847,1,4,2.457,0.273,1,0.874,0
XRPUSDT,10847,10849,1781337600,1781340300,LONG,TRAIL,1.139,1.14269065,1.21281301,1.1242374,0.4225135663764245,0.3607900217433656,0.06172354463305892,15,3.14,65.31,0.7142857142857143,0.004675287400095514,1.762583349991785,base,adaptive disabled,1.0,74.0,60,100,70,80,LONDON,neutral,bullish,FVG,BOS bullish | Vol 3.1x | FVG | ChoCH | Session:LONDON | Zone:FVG | MTF 15,BOS+2 | 1hN+1 | 4h+2 | Vol+2 | RSI+1 | BTC+2 | FVG+1 | ChoCH+1 | Zone:FVG+1 | Sess:LONDON | NestedOB_1h+2,0,0,-1.0,range,0.3125,0,3.1893,0.0526,3.0597,-1,0.0,0.0,1.8967,0.0,-0.0878,2.951,1.0,0.1052,2.0,10847,1,2,0.797,2.658,0,1.063,0
ADAUSDT,10851,10861,1781341200,1781351100,LONG,TRAIL,0.1725,0.17369285,0.19635707,0.16772859,0.07831329354476922,0.07017890559655261,0.008134387948216606,16,1.86,66.47,0.5555555555555521,0.009245675138556963,1.7669512497293256,base,adaptive disabled,1.15,84.5,90,100,70,80,LONDON,bullish,bullish,FVG,BOS bullish | Vol 1.9x | FVG | ChoCH | BullWick | Session:LONDON | StrongTrend1h | Zone:FVG | MTF 16 | Risk x1.15,BOS+2 | BodyStrong+1 | 1h+2 | 4h+2 | Vol+1 | RSI+1 | BTC+2 | FVG+1 | ChoCH+1 | BullWick+1 | Zone:FVG+1 | Sess:LONDON | Strong1h+1 | RelStrengthRisk:1.15,0,1,-1.0,bear,0.3148,0,1.2133,0.5385,1.9998,-1,0.0,0.1257,1.006,0.0,0.0399,1.66,-1.0,-0.1825,0.5625,10846,0,3,2.147,0.28,1,0.84,1
ADAUSDT,10851,10861,1781341200,1781351100,LONG,TRAIL,0.1725,0.17368979,0.19629585,0.16774083,0.07923827377202332,0.0710829651782979,0.00815530859372541,14,1.99,66.47,0.7142857142857111,0.009233562653963965,1.774895933399056,base,adaptive disabled,1.0,78.5,90,100,50,80,LONDON,bullish,bullish,FVG,BOS bullish | Vol 2.0x | FVG | ChoCH | Session:LONDON | StrongTrend1h | Zone:FVG | MTF 14,BOS+2 | 1h+2 | 4h+2 | Vol+1 | RSI+1 | BTC+2 | FVG+1 | ChoCH+1 | Zone:FVG+1 | Sess:LONDON | Strong1h+1,0,1,-1.0,bear,0.3148,0,1.2274,0.5385,1.9998,-1,0.0,0.1261,1.0086,0.0,-0.0144,2.346,-1.0,-0.1451,0.5625,10847,1,4,2.172,0.283,1,0.85,1
SUIUSDT,10868,10939,1781356500,1781421300,LONG,SL,0.7717,0.77555522,0.84880444,0.75627911,-1.25,-1.2750212536371117,0.025021253637111704,17,3.67,67.09,0.2696629213483172,0.007033487348718065,1.817307610723369,base,adaptive disabled,1.15,86.9,90,82,90,80,NEW_YORK,bullish,bullish,FVG,BOS bullish | Vol 3.7x | FVG | ChoCH | Engulfing | Session:NEW_YORK | StrongTrend1h | Zone:FVG | MTF 17 | Risk x1.15,BOS+2 | BodyStrong+1 | 1h+2 | 4h+2 | Vol+2 | RSI+1 | BTC+2 | FVG+1 | ChoCH+1 | Engulfing+1 | Zone:FVG+1 | Sess:NEW_YORK | Strong1h+1 | QualityRisk:1.15,0,0,-1.0,bull,0.3025,0,2.9294,0.1111,4.3178,-1,0.0,1.0051,0.7782,0.906,-0.134,3.694,-1.0,-0.0431,1.25,10868,0,1,0.484,0.269,1,0.994,1
LINKUSDT,10869,10872,1781357400,1781361000,LONG,TRAIL,7.979,8.002937,8.45774,7.883252,0.17930499343298806,0.1480549934329882,0.031249999999999875,15,3.62,70.44,0.5434782608695699,0.002375560603133804,0.9394154405211605,base,adaptive disabled,1.15,90.5,90,100,90,80,OVERLAP,bullish,bullish,FVG,BOS bullish | Vol 3.6x | FVG | ChoCH | Session:OVERLAP | StrongTrend1h | Zone:FVG | MTF 15 | Risk x1.15,BOS+2 | BodyStrong+1 | 1h+2 | 4h+2 | Vol+2 | BTC+2 | FVG+1 | ChoCH+1 | Zone:FVG+1 | Sess:OVERLAP | Strong1h+1 | QualityRisk:1.15,0,0,-1.0,bull,0.5595,0,2.8387,0.1765,2.3688,-1,0.0,0.0836,1.3786,0.0,-0.044,1.946,1.0,0.3102,0.9375,10867,6,1,0.877,0.155,1,0.516,0
BTCUSDT,10879,10890,1781366400,1781377200,LONG,TRAIL,64033.6,64225.7008,67875.616,63265.1968,0.08660471951048683,0.07410471951048685,0.01249999999999999,14,1.37,66.18,0.15384615384614378,0.0016721661491086537,1.1855713489419644,base,adaptive disabled,1.15,74.1,90,78,50,80,NEW_YORK,bullish,bullish,FVG,BOS bullish | Vol 1.4x | FVG | ChoCH | Session:NEW_YORK | StrongTrend1h | Zone:FVG | MTF 14 | Risk x1.15,BOS+2 | 1h+2 | 4h+2 | Vol+1 | RSI+1 | BTC+2 | FVG+1 | ChoCH+1 | Zone:FVG+1 | Sess:NEW_YORK | Strong1h+1 | QualityRisk:1.15,0,0,-1.0,bull,0.5463,1,2.2517,0.1111,1.2693,-1,0.0,0.2387,1.2811,0.225,0.1084,1.186,1.0,0.3022,0.375,10878,10,2,0.176,0.023,1,1.542,0
AVAXUSDT,10880,10901,1781367300,1781387100,LONG,TP1,6.713,6.74069254,7.26685086,6.60222983,0.0,-0.015340123834783271,0.015340123834783271,13,2.53,70.3,0.5238095238095137,0.005351603173607161,1.6015888770711053,base,adaptive disabled,1.0,75.8,65,100,70,80,NEW_YORK,bullish,neutral,FVG,BOS bullish | Vol 2.5x | FVG | ChoCH | Session:NEW_YORK | StrongTrend1h | Zone:FVG | MTF 13,BOS+2 | 1h+2 | 4hN+1 | Vol+2 | BTC+2 | FVG+1 | ChoCH+1 | Zone:FVG+1 | Sess:NEW_YORK | Strong1h+1,0,0,-1.0,range,0.4649,0,4.3039,0.0526,3.534,-1,0.0,0.3701,2.0944,2.64,0.205,1.986,1.0,0.2376,0.6328125,10878,1,2,1.888,6.28,0,2.284,1
AVAXUSDT,10880,10901,1781367300,1781387100,LONG,TP1,6.713,6.7395678,7.2443561,6.60672878,0.0,-0.014212926133717106,0.014212926133717106,17,3.4,61.55,0.29629629629629184,0.005446794707075298,1.6295819437506318,base,adaptive disabled,1.15,89.5,90,95,90,80,NEW_YORK,bullish,bullish,FVG,BOS bullish | Vol 3.4x | FVG | ChoCH | Engulfing | Session:NEW_YORK | StrongTrend1h | Zone:FVG | MTF 17 | Risk x1.15,BOS+2 | BodyStrong+1 | 1h+2 | 4h+2 | Vol+2 | RSI+1 | BTC+2 | FVG+1 | ChoCH+1 | Engulfing+1 | Zone:FVG+1 | Sess:NEW_YORK | Strong1h+1 | RelStrengthRisk:1.15,0,0,-1.0,range,0.4649,0,3.8779,0.0526,3.534,-1,0.0,0.3858,2.1831,3.429,0.0319,1.652,1.0,0.058,0.5625,10880,3,4,1.227,6.133,0,2.058,1
ETHUSDT,10880,10883,1781367300,1781370900,LONG,TRAIL,1671.56,1676.57468,1771.8536,1651.50128,0.1671342937136578,0.14213429371365777,0.02500000000000001,16,2.73,45.28,0.17768780926675556,0.004315595074577562,2.6347337944177007,base,adaptive disabled,1.0,84.7,90,71,90,80,NEW_YORK,bullish,bullish,FVG,BOS bullish | Vol 2.7x | FVG | ChoCH | Session:NEW_YORK | StrongTrend1h | Zone:FVG | MTF 16,BOS+2 | BodyStrong+1 | 1h+2 | 4h+2 | Vol+2 | RSI+1 | BTC+2 | FVG+1 | ChoCH+1 | Zone:FVG+1 | Sess:NEW_YORK | Strong1h+1,0,0,-1.0,range,1.0,0,3.5885,0.1765,2.6245,-1,0.0,0.0583,1.6611,0.0,-0.1645,1.153,-1.0,0.0193,0.75,10880,34,3,1.598,0.3,1,2.371,1
LINKUSDT,10880,10886,1781367300,1781373600,LONG,TRAIL,7.979,8.002937,8.45774,7.883252,0.3854578033465037,0.3437911366798372,0.041666666666666505,15,2.05,64.41,0.19999999999997814,0.002454412868315218,0.9804152202608066,base,adaptive disabled,1.15,81.1,90,83,70,80,NEW_YORK,bullish,bullish,FVG,BOS bullish | Vol 2.0x | FVG | ChoCH | Session:NEW_YORK | StrongTrend1h | Zone:FVG | MTF 15 | Risk x1.15,BOS+2 | 1h+2 | 4h+2 | Vol+2 | RSI+1 | BTC+2 | FVG+1 | ChoCH+1 | Zone:FVG+1 | Sess:NEW_YORK | Strong1h+1 | QualityRisk:1.15,0,0,-1.0,range,0.8429,0,2.8497,0.1765,2.0798,-1,0.0,0.4073,1.6711,0.371,0.0376,1.441,1.0,0.182,1.25,10878,17,1,0.053,1.161,1,2.164,1
AVAXUSDT,10903,10932,1781388000,1781415000,LONG,SL,6.742,6.76465101,7.19502024,6.65139595,-0.75,-0.7723235054062153,0.02232350540621538,14,1.69,61.47,0.3722627737226276,0.005436938573650164,1.7369724233887052,base,adaptive disabled,1.0,78.5,90,100,50,80,DEAD_ZONE,bullish,bullish,FVG,BOS bullish | Vol 1.7x | FVG | ChoCH | StrongTrend1h | Zone:FVG | MTF 14,BOS+2 | 1h+2 | 4h+2 | Vol+1 | RSI+1 | BTC+2 | FVG+1 | ChoCH+1 | Zone:FVG+1 | Sess:DEAD_ZONE | Strong1h+1,0,0,-1.0,bull,0.3085,0,3.0464,0.1111,1.7137,-1,0.0,1.0927,0.2649,0.0,0.103,1.667,1.0,0.0256,0.75,10903,0,1,0.703,0.781,1,1.015,2
BTCUSDT,10903,10916,1781388000,1781400600,LONG,TRAIL,64407.6,64600.8228,68272.056,63634.7088,0.06782972816872612,0.05845472816872609,0.009375000000000022,15,1.71,63.45,0.42035464163312924,0.0037620021589258243,2.398606999146532,base,adaptive disabled,1.0,82.5,90,90,70,80,DEAD_ZONE,bullish,bullish,FVG,BOS bullish | Vol 1.7x | FVG | ChoCH | StrongTrend1h | Zone:FVG | MTF 15,BOS+2 | BodyStrong+1 | 1h+2 | 4h+2 | Vol+1 | RSI+1 | BTC+2 | FVG+1 | ChoCH+1 | Zone:FVG+1 | Sess:DEAD_ZONE | Strong1h+1,0,0,-1.0,bull,0.4027,0,4.1854,0.1111,7.5065,-1,0.0,0.089,1.4388,1.775,0.1144,1.588,1.0,0.4228,0.28125,10903,0,1,0.919,-1.0,0,1.079,2
ETHUSDT,10903,10917,1781388000,1781401500,LONG,TRAIL,1683.54,1688.59062,1784.5524,1663.33752,0.08835548902907409,0.063355489029074,0.02500000000000009,16,2.12,63.49,0.42292490118577586,0.005806737828286355,3.4564709879221835,base,adaptive disabled,1.0,80.5,90,80,70,80,DEAD_ZONE,bullish,bullish,FVG,BOS bullish | Vol 2.1x | FVG | ChoCH | BullWick | StrongTrend1h | Zone:FVG | MTF 16,BOS+2 | 1h+2 | 4h+2 | Vol+2 | RSI+1 | BTC+2 | FVG+1 | ChoCH+1 | BullWick+1 | Zone:FVG+1 | Sess:DEAD_ZONE | Strong1h+1,0,1,-1.0,bear,0.5535,0,5.2137,0.1111,6.1307,-1,0.0,0.3237,1.4394,10.0,0.0416,1.886,1.0,0.0595,0.75,10903,0,1,0.849,0.232,1,1.121,2
XRPUSDT,10903,10916,1781388000,1781400600,LONG,TP1,1.151,1.15447285,1.22045693,1.13710861,0.0,-0.03314283163887859,0.03314283163887859,15,2.13,59.29,0.3749999999999948,0.005209865358602839,1.9884319453736705,base,adaptive disabled,1.15,82.5,90,90,70,80,DEAD_ZONE,bullish,bullish,FVG,BOS bullish | Vol 2.1x | FVG | ChoCH | StrongTrend1h | Zone:FVG | MTF 15 | Risk x1.15,BOS+2 | 1h+2 | 4h+2 | Vol+2 | RSI+1 | BTC+2 | FVG+1 | ChoCH+1 | Zone:FVG+1 | Sess:DEAD_ZONE | Strong1h+1 | QualityRisk:1.15,0,0,-1.0,range,0.3333,0,3.3407,0.1111,3.0821,-1,0.0,0.2879,1.4397,0.0,0.2139,2.073,1.0,0.0044,1.0,10903,0,1,0.771,1.542,0,1.028,2
XRPUSDT,10904,10916,1781388900,1781400600,LONG,TP1,1.151,1.15449264,1.22085286,1.13702943,0.0,-0.02471624278751668,0.02471624278751668,15,1.56,54.02,0.17647058823529718,0.0060781604268293895,2.3198312297757346,base,adaptive disabled,1.15,78.7,90,71,70,80,DEAD_ZONE,bullish,bullish,FVG,BOS bullish | Vol 1.6x | FVG | ChoCH | StrongTrend1h | Zone:FVG | MTF 15 | Risk x1.15,BOS+2 | BodyStrong+1 | 1h+2 | 4h+2 | Vol+1 | RSI+1 | BTC+2 | FVG+1 | ChoCH+1 | Zone:FVG+1 | Sess:DEAD_ZONE | Strong1h+1 | QualityRisk:1.15,0,0,-1.0,range,0.3333,0,3.2741,0.1765,2.8309,-1,0.0,0.2863,1.4316,3.0,0.141,1.243,1.0,0.0038,0.75,10904,1,2,0.252,0.252,1,1.259,0
SOLUSDT,10905,10965,1781389800,1781444700,LONG,SL,69.16,69.57508149,77.46162978,67.49967404,-0.5625,-0.5718722560357967,0.009372256035796762,17,2.1,66.16,0.4339622641509488,0.008673604220743402,2.5621072641660882,base,adaptive disabled,1.25,88.5,90,90,90,80,DEAD_ZONE,bullish,bullish,FVG,BOS bullish | Vol 2.1x | FVG | ChoCH | Engulfing | StrongTrend1h | Zone:FVG | MTF 17 | Risk x1.25,BOS+2 | BodyStrong+1 | 1h+2 | 4h+2 | Vol+2 | RSI+1 | BTC+2 | FVG+1 | ChoCH+1 | Engulfing+1 | Zone:FVG+1 | Sess:DEAD_ZONE | Strong1h+1 | QualityRisk:1.15 | RelStrengthRisk:1.25,0,0,-1.0,bull,0.226,1,4.7533,0.1765,2.7797,-1,0.0,1.0359,0.0241,1.971,0.1153,1.523,-1.0,-0.0605,0.5625,10904,1,2,2.17,-1.0,0,0.689,0
BTCUSDT,11023,11053,1781496000,1781523900,LONG,TRAIL,65787.7,65986.19200087,69757.54001733,64993.73199653,0.15720879110302477,0.14788711035814114,0.009321680744883638,15,1.88,65.79,0.401271933185197,0.002549113754103159,0.8976835935785777,base,adaptive disabled,1.15,78.5,90,100,50,80,OFF_HOURS,bullish,bullish,FVG,BOS bullish | Vol 1.9x | FVG | ChoCH | Engulfing | StrongTrend1h | Zone:FVG | MTF 15 | Risk x1.15,BOS+2 | 1h+2 | 4h+2 | Vol+1 | RSI+1 | BTC+2 | FVG+1 | ChoCH+1 | Engulfing+1 | Zone:FVG+1 | Sess:OFF_HOURS | Strong1h+1 | QualityRisk:1.15,0,0,-1.0,range,0.2693,4,2.7931,0.0526,1.8755,-1,0.0,0.3989,2.9336,0.0,0.1581,2.029,1.0,0.1856,0.28125,11023,0,1,0.61,-1.0,0,0.925,3
LINKUSDT,11024,11032,1781496900,1781505000,LONG,TRAIL,8.178,8.21039199,8.82583984,8.04843203,0.10647897750816648,0.08280993337634904,0.023669044131817446,15,1.65,61.7,0.1333333333333386,0.0029285689175060827,0.7645517254066768,base,adaptive disabled,1.0,71.7,90,66,50,80,OFF_HOURS,bullish,bullish,FVG,BOS bullish | Vol 1.6x | FVG | ChoCH | BullWick | StrongTrend1h | Zone:FVG | MTF 15,BOS+2 | 1h+2 | 4h+2 | Vol+1 | RSI+1 | BTC+2 | FVG+1 | ChoCH+1 | BullWick+1 | Zone:FVG+1 | Sess:OFF_HOURS | Strong1h+1,0,0,-1.0,range,0.319,0,1.8049,5.6667,0.7553,-1,0.0,0.2393,1.4201,0.49,0.2579,2.737,1.0,0.0228,0.9375,11024,3,2,0.301,0.82,1,0.602,0
ADAUSDT,11054,11054,1781523900,1781524800,LONG,TP1,0.1835,0.18475447,0.20858937,0.17848213,0.0,-0.010799371795203926,0.010799371795203926,15,1.49,62.47,0.3623188405797125,0.010143144330149885,1.5273884845603238,base,adaptive disabled,1.0,84.5,90,100,70,80,OVERLAP,bullish,bullish,FVG,BOS bullish | Vol 1.5x | FVG | ChoCH | Session:OVERLAP | StrongTrend1h | Zone:FVG | MTF 15,BOS+2 | BodyStrong+1 | 1h+2 | 4h+2 | Vol+1 | RSI+1 | BTC+2 | FVG+1 | ChoCH+1 | Zone:FVG+1 | Sess:OVERLAP | Strong1h+1,0,0,-1.0,range,0.3393,0,3.794,0.0526,1.4498,-1,0.0,0.0399,1.3552,10.0,0.1851,1.032,1.0,0.42,0.73828125,11054,0,3,1.442,2.428,0,1.442,4
AVAXUSDT,11054,11057,1781523900,1781527500,LONG,TP1,6.882,6.92811643,7.8043285,6.6975343,0.0,-0.018362407618326915,0.018362407618326915,15,1.54,66.05,0.413533834586466,0.010436023836977342,2.3488010982771343,base,adaptive disabled,1.15,82.5,90,90,70,80,OVERLAP,bullish,bullish,FVG,BOS bullish | Vol 1.5x | FVG | ChoCH | Session:OVERLAP | StrongTrend1h | Zone:FVG | MTF 15 | Risk x1.15,BOS+2 | BodyStrong+1 | 1h+2 | 4h+2 | Vol+1 | RSI+1 | BTC+2 | FVG+1 | ChoCH+1 | Zone:FVG+1 | Sess:OVERLAP | Strong1h+1 | RelStrengthRisk:1.15,0,1,-1.0,bear,0.3178,0,5.1474,0.1111,3.8445,-1,0.0,0.0651,1.3227,10.0,0.3932,0.973,1.0,0.5781,1.23046875,11054,0,3,2.444,2.002,0,1.586,4
BTCUSDT,11054,11057,1781523900,1781527500,LONG,TRAIL,66091.9,66290.45170121,70062.93402412,65297.69319518,0.08406319279193487,0.06767974866437025,0.016383444127564623,16,1.57,64.69,0.5048998721772382,0.004116496513361677,1.5751039679468204,base,adaptive disabled,1.0,84.5,90,100,70,80,OVERLAP,bullish,bullish,FVG,BOS bullish | Vol 1.6x | FVG | MACD_Div | ChoCH | Session:OVERLAP | StrongTrend1h | Zone:FVG | MTF 16,BOS+2 | BodyStrong+1 | 1h+2 | 4h+2 | Vol+1 | RSI+1 | BTC+2 | FVG+1 | MACD_Div+1 | ChoCH+1 | Zone:FVG+1 | Sess:OVERLAP | Strong1h+1,0,1,-1.0,bear,0.3093,0,4.0564,0.1111,5.2136,-1,0.0,0.0276,1.7733,0.0,0.1145,1.56,1.0,0.3282,0.4921875,11054,0,3,1.991,-1.0,0,1.005,4
LINKUSDT,11054,11057,1781523900,1781527500,LONG,TP1,8.292,8.33791606,9.21032125,8.10833575,0.0,-0.019840253683011292,0.019840253683011292,16,2.6,64.32,0.3934426229508223,0.010941814231315988,2.7231854631179946,base,adaptive disabled,1.15,88.5,90,90,90,80,OVERLAP,bullish,bullish,FVG,BOS bullish | Vol 2.6x | FVG | ChoCH | Session:OVERLAP | StrongTrend1h | Zone:FVG | MTF 16 | Risk x1.15,BOS+2 | BodyStrong+1 | 1h+2 | 4h+2 | Vol+2 | RSI+1 | BTC+2 | FVG+1 | ChoCH+1 | Zone:FVG+1 | Sess:OVERLAP | Strong1h+1 | RelStrengthRisk:1.15,0,0,-1.0,range,0.5292,0,4.9503,0.1111,3.1016,-1,0.0,0.0871,1.5245,10.0,0.3562,1.155,1.0,0.4613,1.0986328125,11054,2,4,2.55,-1.0,0,2.25,4
SUIUSDT,11054,11058,1781523900,1781528400,LONG,TRAIL,0.8064,0.81230433,0.92448652,0.7827827,0.34129725425079516,0.3233714117539814,0.017925842496813813,16,1.62,61.33,0.35376044568244897,0.010215763295227444,1.7934340009447445,base,adaptive disabled,1.25,84.5,90,100,70,80,OVERLAP,bullish,bullish,FVG,BOS bullish | Vol 1.6x | FVG | MACD_Div | ChoCH | Session:OVERLAP | StrongTrend1h | Zone:FVG | MTF 16 | Risk x1.25,BOS+2 | BodyStrong+1 | 1h+2 | 4h+2 | Vol+1 | RSI+1 | BTC+2 | FVG+1 | MACD_Div+1 | ChoCH+1 | Zone:FVG+1 | Sess:OVERLAP | Strong1h+1 | QualityRisk:1.15 | RelStrengthRisk:1.25,0,1,-1.0,bear,0.3513,0,4.6218,0.1111,3.5962,-1,0.0,0.0296,1.5074,0.0,0.1245,1.146,1.0,0.3772,1.3125,11054,0,3,1.504,-1.0,0,1.414,4
LINKUSDT,11055,11057,1781524800,1781527500,LONG,TP1,8.292,8.33833277,9.21865544,8.10666891,0.0,-0.027526538787960506,0.027526538787960506,15,1.97,58.25,0.25925925925926185,0.011472160955798895,2.8551775130643953,base,adaptive disabled,1.15,80.7,90,81,70,80,OVERLAP,bullish,bullish,FVG,BOS bullish | Vol 2.0x | FVG | ChoCH | Session:OVERLAP | StrongTrend1h | Zone:FVG | MTF 15 | Risk x1.15,BOS+2 | BodyStrong+1 | 1h+2 | 4h+2 | Vol+1 | RSI+1 | BTC+2 | FVG+1 | ChoCH+1 | Zone:FVG+1 | Sess:OVERLAP | Strong1h+1 | QualityRisk:1.15,0,0,-1.0,range,0.5292,0,4.7382,0.1765,2.7284,-1,0.0,0.0863,1.4029,10.0,0.2739,1.357,1.0,0.3393,1.5380859375,11055,3,5,1.635,-1.0,0,1.448,0
AVAXUSDT,11062,11072,1781531100,1781541000,LONG,TRAIL,6.952,7.01283,8.1686,6.70868,0.30572065119943137,0.2942920797708599,0.011428571428571439,17,1.58,67.35,0.31372549019607776,0.007315287220115545,1.6464273103650426,base,adaptive disabled,1.0,83.9,90,97,70,80,NEW_YORK,bullish,bullish,FVG,BOS bullish | Vol 1.6x | FVG | ChoCH | Engulfing | BullWick | Session:NEW_YORK | StrongTrend1h | Zone:FVG | MTF 17,BOS+2 | BodyStrong+1 | 1h+2 | 4h+2 | Vol+1 | RSI+1 | BTC+2 | FVG+1 | ChoCH+1 | Engulfing+1 | BullWick+1 | Zone:FVG+1 | Sess:NEW_YORK | Strong1h+1,0,0,-1.0,bull,0.203,0,3.3233,0.1111,2.1937,-1,0.0,0.1932,1.9563,1.103,0.4141,1.183,1.0,0.5319,1.0,11062,1,2,0.291,-1.0,0,1.334,2
LINKUSDT,11063,11071,1781532000,1781540100,LONG,TRAIL,8.43,8.5037625,9.90525,8.13495,0.5380443992543669,0.5237586849686525,0.014285714285714294,17,1.36,67.44,0.2536687631027243,0.010399513128071582,2.6655252086713435,base,adaptive disabled,1.0,80.5,90,80,70,80,NEW_YORK,bullish,bullish,FVG,BOS bullish | Vol 1.4x | FVG | ChoCH | Engulfing | BullWick | Session:NEW_YORK | StrongTrend1h | Zone:FVG | MTF 17,BOS+2 | BodyStrong+1 | 1h+2 | 4h+2 | Vol+1 | RSI+1 | BTC+2 | FVG+1 | ChoCH+1 | Engulfing+1 | BullWick+1 | Zone:FVG+1 | Sess:NEW_YORK | Strong1h+1,0,0,-1.0,bull,0.2403,1,4.1246,0.1765,1.1478,-1,0.0,0.0678,2.5352,1.017,0.3612,0.938,1.0,0.3907,1.25,11062,0,1,0.182,-1.0,0,0.909,0
SUIUSDT,11064,11071,1781532900,1781540100,LONG,TRAIL,0.8175,0.82465312,0.9605625,0.7888875,0.3288029467505791,0.31094580389343623,0.017857142857142832,18,2.43,65.99,0.3581395348837199,0.01128121074324176,2.003292334678381,base,adaptive disabled,1.15,88.5,90,90,90,80,NEW_YORK,bullish,bullish,FVG,BOS bullish | Vol 2.4x | FVG | ChoCH | Engulfing | BullWick | Session:NEW_YORK | StrongTrend1h | Zone:FVG | MTF 18 | Risk x1.15,BOS+2 | BodyStrong+1 | 1h+2 | 4h+2 | Vol+2 | RSI+1 | BTC+2 | FVG+1 | ChoCH+1 | Engulfing+1 | BullWick+1 | Zone:FVG+1 | Sess:NEW_YORK | Strong1h+1 | QualityRisk:1.15,0,0,-1.0,range,0.27,0,2.7932,0.25,2.1497,-1,0.0,0.2621,1.2722,1.949,0.2288,1.527,1.0,0.4588,1.5625,11062,1,2,0.617,-1.0,0,1.332,1
SUIUSDT,11064,11071,1781532900,1781540100,LONG,TRAIL,0.8175,0.82465312,0.9605625,0.7888875,0.14678345749511298,0.1387477432093987,0.008035714285714275,15,1.5,69.56,0.3082706766917303,0.011374991502077799,2.019945713432883,base,adaptive disabled,1.25,81.7,90,86,70,80,NEW_YORK,bullish,bullish,FVG,BOS bullish | Vol 1.5x | FVG | ChoCH | Engulfing | BullWick | Session:NEW_YORK | StrongTrend1h | Zone:FVG | MTF 15 | Risk x1.25,BOS+2 | BodyStrong+1 | 1h+2 | 4h+2 | Vol+1 | BTCok+1 | FVG+1 | ChoCH+1 | Engulfing+1 | BullWick+1 | Zone:FVG+1 | Sess:NEW_YORK | Strong1h+1 | QualityRisk:1.15 | RelStrengthRisk:1.25,0,0,-1.0,range,0.27,0,2.7503,0.25,2.1497,-1,0.0,0.2621,1.2722,0.654,0.2952,1.253,1.0,0.515,0.703125,11063,2,3,1.455,-1.0,0,1.311,1
SOLUSDT,11076,11082,1781543700,1781550000,LONG,TRAIL,74.91,75.5654625,88.01925,72.28815,0.05627457547764126,0.052658504049069826,0.0036160714285714355,15,1.88,68.52,0.46979865771812435,0.008084613136736992,1.702850515545843,base,adaptive disabled,1.15,84.5,90,100,70,80,OFF_HOURS,bullish,bullish,FVG,BOS bullish | Vol 1.9x | FVG | ChoCH | Engulfing | BullWick | StrongTrend1h | Zone:FVG | MTF 15 | Risk x1.15,BOS+2 | BodyStrong+1 | 1h+2 | 4h+2 | Vol+1 | BTCok+1 | FVG+1 | ChoCH+1 | Engulfing+1 | BullWick+1 | Zone:FVG+1 | Sess:OFF_HOURS | Strong1h+1 | QualityRisk:1.15,0,0,-1.0,bull,0.3008,0,2.7684,0.1765,1.2852,-1,0.0,0.1068,1.1137,1.228,0.3691,1.439,1.0,0.2066,0.31640625,11076,4,6,1.744,-1.0,0,1.308,0
BTCUSDT,11140,11160,1781601300,1781620200,LONG,SL,66688.8,66967.25762987,72257.9525974,65574.96948052,-0.375,-0.3839810072762866,0.008981007276286593,15,1.33,66.23,0.4235650904189581,0.004001007156325586,1.666756049264567,base,adaptive disabled,1.0,84.5,90,100,70,80,LONDON,bullish,bullish,FVG,BOS bullish | Vol 1.3x | FVG | ChoCH | Session:LONDON | StrongTrend1h | Zone:FVG | MTF 15,BOS+2 | BodyStrong+1 | 1h+2 | 4h+2 | Vol+1 | RSI+1 | BTC+2 | FVG+1 | ChoCH+1 | Zone:FVG+1 | Sess:LONDON | Strong1h+1,0,0,-1.0,bull,0.2374,0,3.7335,0.1111,3.0885,-1,0.0,1.1082,0.3634,1.525,0.0214,1.249,1.0,0.2948,0.375,11140,0,2,0.891,2.883,0,1.062,5
ETHUSDT,11140,11151,1781601300,1781612100,LONG,TP1,1797.12,1809.00197552,2034.75951048,1749.5920979,0.0,-0.0063807571258231634,0.0063807571258231634,14,1.43,70.03,0.751126690035043,0.006854032484090448,1.9237312449486332,base,adaptive disabled,1.15,76.5,90,90,50,80,LONDON,bullish,bullish,FVG,BOS bullish | Vol 1.4x | FVG | LiqSweep | ChoCH | Session:LONDON | StrongTrend1h | Zone:FVG | MTF 14 | Risk x1.15,BOS+2 | 1h+2 | 4h+2 | Vol+1 | BTC+2 | FVG+1 | LiqSweep+1 | ChoCH+1 | Zone:FVG+1 | Sess:LONDON | Strong1h+1 | RelStrengthRisk:1.15,0,1,-1.0,bear,0.2057,0,4.8358,0.1111,3.0314,-1,0.0,0.231,1.0781,0.0,0.1128,1.382,1.0,0.287,0.421875,11140,0,2,2.206,6.449,0,1.036,5
ETHUSDT,11144,11151,1781604900,1781612100,LONG,TP1,1797.12,1809.09147727,2036.54954545,1749.23409091,0.0,-0.012666105990805204,0.012666105990805204,17,2.04,59.14,0.4092600248036341,0.008052222078623576,2.2533262775239966,base,adaptive disabled,1.25,88.5,90,90,90,80,LONDON,bullish,bullish,FVG,BOS bullish | Vol 2.0x | FVG | LiqSweep | ChoCH | Session:LONDON | StrongTrend1h | Zone:FVG | MTF 17 | Risk x1.25,BOS+2 | BodyStrong+1 | 1h+2 | 4h+2 | Vol+2 | RSI+1 | BTC+2 | FVG+1 | LiqSweep+1 | ChoCH+1 | Zone:FVG+1 | Sess:LONDON | Strong1h+1 | QualityRisk:1.15 | RelStrengthRisk:1.25,0,1,-1.0,bear,0.2156,0,2.8798,0.4286,2.0424,-1,0.0,0.1806,1.07,6.556,0.1139,1.286,1.0,0.2328,0.84375,11141,1,3,0.936,7.329,0,0.443,0
ETHUSDT,11154,11233,1781613900,1781685900,LONG,SL,1812.52,1825.38127621,2069.74552421,1761.07489516,-0.5625,-0.5704272265314331,0.007927226531433013,13,4.45,69.69,0.5584258324924364,0.010019521888872273,2.768352214214358,base,adaptive disabled,1.0,82.5,90,90,70,80,OVERLAP,bullish,bullish,FVG,BOS bullish | Vol 4.5x | FVG | ChoCH | Session:OVERLAP | StrongTrend1h | Zone:FVG | MTF 13,BOS+2 | 1h+2 | 4h+2 | Vol+2 | BTCok+1 | FVG+1 | ChoCH+1 | Zone:FVG+1 | Sess:OVERLAP | Strong1h+1,0,0,-1.0,range,0.3865,0,5.1366,0.0526,4.3413,-1,0.0,1.011,0.4051,1.615,0.1254,1.6,1.0,0.1822,0.5625,11154,0,2,1.711,3.43,0,2.782,4
LINKUSDT,11154,11160,1781613900,1781620200,LONG,SL,8.385,8.42757025,9.236405,8.214719,-1.5625,-1.5932763344119427,0.030776334411942753,16,3.82,64.83,0.35353535353535426,0.008106434208008448,2.0907000474845097,base,adaptive disabled,1.0,82.5,90,90,70,80,OVERLAP,bullish,bullish,FVG,BOS bullish | Vol 3.8x | FVG | LiqSweep | ChoCH | Engulfing | Session:OVERLAP | StrongTrend1h | Zone:FVG | MTF 16,BOS+2 | 1h+2 | 4h+2 | Vol+2 | RSI+1 | BTCok+1 | FVG+1 | LiqSweep+1 | ChoCH+1 | Engulfing+1 | Zone:FVG+1 | Sess:OVERLAP | Strong1h+1,0,0,-1.0,range,0.4333,0,4.5183,0.0526,3.8139,-1,0.0,1.5269,0.3289,1.148,0.1555,1.691,1.0,0.0963,1.5625,11154,0,1,0.695,0.645,1,2.259,3
XRPUSDT,11154,11158,1781613900,1781618400,LONG,SL,1.245,1.291,1.3543729,1.22312542,-1.75,-1.7898407649426864,0.03984076494268654,13,1.66,65.4,0.49999999999999073,0.0064207878994456576,1.5846504537115673,base,adaptive disabled,1.0,78.5,90,100,50,80,OVERLAP,bullish,bullish,FVG,BOS bullish | Vol 1.7x | FVG | ChoCH | Session:OVERLAP | StrongTrend1h | Zone:FVG | MTF 13,BOS+2 | 1h+2 | 4h+2 | Vol+1 | RSI+1 | BTCok+1 | FVG+1 | ChoCH+1 | Zone:FVG+1 | Sess:OVERLAP | Strong1h+1,0,0,-1.0,range,0.4,4,3.9152,0.0526,1.6135,-1,0.0,1.0057,0.0435,2.0,0.2307,0.974,1.0,0.3554,1.75,11154,0,1,1.021,0.511,1,1.702,3
LINKUSDT,11156,11160,1781615700,1781620200,LONG,SL,8.317,8.341951,8.81602,8.217196,-1.171875,-1.2109374999999998,0.039062499999999736,20,2.8,46.2,0.21518987341772208,0.00997940709752648,2.6548442043321705,base,adaptive disabled,1.25,88.5,90,75,100,80,NEW_YORK,bullish,bullish,OB,BOS bullish | Vol 2.8x | FVG | OB | LiqSweep | ChoCH | Session:NEW_YORK | StrongTrend1h | Zone:OB | 💎PREMIUM | MTF 20 | Risk x1.25,BOS+2 | BodyStrong+1 | 1h+2 | 4h+2 | Vol+2 | RSI+1 | BTCok+1 | FVG+1 | OB+1 | LiqSweep+1 | ChoCH+1 | Zone:OB+1 | Sess:NEW_YORK | Strong1h+1 | 💎Premium+3 | QualityRisk:1.15 | RelStrengthRisk:1.25,1,0,-1.0,range,0.7571,0,4.5721,0.1765,2.6457,-1,0.0,1.9238,0.6813,0.0,0.0537,1.005,1.0,-0.1461,1.171875,11156,6,3,1.415,2.591,0,2.787,0
XRPUSDT,11156,11157,1781615700,1781617500,LONG,TP1,1.231,1.234693,1.30486,1.216228,-0.16923910100189554,-0.2109057676685622,0.04166666666666665,21,2.93,45.96,0.1874999999999987,0.008865098581341215,2.1808142511872872,base,adaptive disabled,1.25,87.9,90,72,100,80,NEW_YORK,bullish,bullish,OB,BOS bullish | Vol 2.9x | FVG | OB | LiqSweep | ChoCH | Discount | Session:NEW_YORK | StrongTrend1h | Zone:OB | 💎PREMIUM | MTF 21 | Risk x1.25,BOS+2 | BodyStrong+1 | 1h+2 | 4h+2 | Vol+2 | RSI+1 | BTCok+1 | FVG+1 | OB+1 | LiqSweep+1 | ChoCH+1 | Discount+1 | Zone:OB+1 | Sess:NEW_YORK | Strong1h+1 | 💎Premium+3 | QualityRisk:1.15 | RelStrengthRisk:1.25,1,0,-1.0,range,0.9231,0,3.8966,0.1765,1.832,-1,0.0,0.4062,1.6247,0.0,0.1229,1.22,-1.0,0.0787,1.25,11156,22,3,1.049,2.398,0,2.398,0
AVAXUSDT,11188,11209,1781644500,1781664300,LONG,TRAIL,6.918,6.96753177,7.90863535,6.71987293,0.5461033711020647,0.52777195379498,0.018331417307084794,14,1.39,64.02,0.37142857142856706,0.00601167406649036,1.1338685253353105,base,adaptive disabled,1.25,68.0,60,100,50,80,DEAD_ZONE,neutral,bullish,FVG,BOS bullish | Vol 1.4x | FVG | LiqSweep | ChoCH | Engulfing | Zone:FVG | MTF 14 | Risk x1.25,BOS+2 | 1hN+1 | 4h+2 | Vol+1 | RSI+1 | BTC+2 | FVG+1 | LiqSweep+1 | ChoCH+1 | Engulfing+1 | Zone:FVG+1 | Sess:DEAD_ZONE | QualityRisk:1.15 | RelStrengthRisk:1.25,0,0,-1.0,bull,0.1719,1,2.7858,0.1111,1.2779,-1,0.0,0.2625,2.0593,0.747,0.2181,2.868,1.0,0.4225,1.3125,11188,1,2,0.613,2.99,0,0.486,0
LINKUSDT,11188,11209,1781644500,1781664300,LONG,TRAIL,8.316,8.36655804,9.32716073,8.11376785,0.6196709070887872,0.592685212677686,0.026985694411101255,14,1.91,61.64,0.2037914691943107,0.004959695150543591,0.8901574600735742,base,adaptive disabled,1.25,64.8,60,84,50,80,DEAD_ZONE,neutral,bullish,FVG,BOS bullish | Vol 1.9x | FVG | LiqSweep | ChoCH | BullWick | Zone:FVG | MTF 14 | Risk x1.25,BOS+2 | 1hN+1 | 4h+2 | Vol+1 | RSI+1 | BTC+2 | FVG+1 | LiqSweep+1 | ChoCH+1 | BullWick+1 | Zone:FVG+1 | Sess:DEAD_ZONE | QualityRisk:1.15 | RelStrengthRisk:1.25,0,0,-1.0,bull,0.1737,1,2.4761,0.0526,1.8852,-1,0.0,0.3214,1.9581,0.398,0.2312,2.273,1.0,0.4221,1.640625,11188,1,2,0.265,1.968,0,0.84,0
AVAXUSDT,11209,11232,1781663400,1781685000,LONG,SL,6.955,6.98561558,7.56731158,6.83253768,-0.75,-0.7670378937782658,0.01703789377826579,16,2.21,64.85,0.386138613861386,0.005906849117823827,1.2520674239621772,base,adaptive disabled,1.15,84.5,90,100,70,80,OFF_HOURS,bullish,bullish,FVG,BOS bullish | Vol 2.2x | FVG | LiqSweep | ChoCH | StrongTrend1h | Zone:FVG | MTF 16 | Risk x1.15,BOS+2 | 1h+2 | 4h+2 | Vol+2 | RSI+1 | BTC+2 | FVG+1 | LiqSweep+1 | ChoCH+1 | Zone:FVG+1 | Sess:OFF_HOURS | Strong1h+1 | RelStrengthRisk:1.15,0,0,-1.0,range,0.4221,4,4.6022,0.0526,4.3278,-1,0.0,1.0044,1.9924,0.0,0.2042,4.625,1.0,0.0551,0.75,11208,0,1,0.448,2.421,0,1.644,3
AVAXUSDT,11209,11233,1781663400,1781685900,LONG,SL,6.955,6.98600018,7.57500361,6.83099928,-0.421875,-0.4313399148004948,0.00946491480049473,16,4.32,70.99,0.5847457627118624,0.005630450681709714,1.1934795929562503,base,adaptive disabled,1.25,90.5,90,100,90,80,OFF_HOURS,bullish,bullish,FVG,BOS bullish | Vol 4.3x | FVG | LiqSweep | ChoCH | StrongTrend1h | Zone:FVG | MTF 16 | Risk x1.25,BOS+2 | BodyStrong+1 | 1h+2 | 4h+2 | Vol+2 | BTC+2 | FVG+1 | LiqSweep+1 | ChoCH+1 | Zone:FVG+1 | Sess:OFF_HOURS | Strong1h+1 | QualityRisk:1.15 | RelStrengthRisk:1.25,0,0,-1.0,range,0.4221,4,4.3999,0.0526,4.3278,-1,0.0,1.25,1.9677,0.0,0.3391,2.748,1.0,0.2776,0.421875,11209,1,2,1.771,0.971,0,1.571,3
LINKUSDT,11209,11233,1781663400,1781685900,LONG,SL,8.34,8.476,8.9824625,8.2115075,-0.52734375,-0.5410349673862288,0.013691217386228756,16,2.49,68.67,0.5840707964601733,0.0052926064108352435,1.1722407983060867,base,adaptive disabled,1.15,90.5,90,100,90,80,OFF_HOURS,bullish,bullish,FVG,BOS bullish | Vol 2.5x | FVG | LiqSweep | ChoCH | StrongTrend1h | Zone:FVG | MTF 16 | Risk x1.15,BOS+2 | BodyStrong+1 | 1h+2 | 4h+2 | Vol+2 | BTC+2 | FVG+1 | LiqSweep+1 | ChoCH+1 | Zone:FVG+1 | Sess:OFF_HOURS | Strong1h+1 | QualityRisk:1.15,0,0,-1.0,range,0.4573,4,4.1527,0.0526,2.5046,-1,0.0,1.3619,0.4926,0.0,0.2418,1.534,1.0,0.1965,0.52734375,11209,1,2,1.393,0.557,1,1.621,3
SUIUSDT,11209,11211,1781663400,1781666100,LONG,TRAIL,0.8103,0.81560733,0.91644668,0.78907066,0.061312530757972356,0.054871533298795565,0.0064409974591767855,14,1.41,69.9,0.5693430656934355,0.007771659656757516,1.3517619330758237,base,adaptive disabled,1.25,78.5,90,100,50,80,OFF_HOURS,bullish,bullish,FVG,BOS bullish | Vol 1.4x | FVG | ChoCH | BullWick | StrongTrend1h | Zone:FVG | MTF 14 | Risk x1.25,BOS+2 | 1h+2 | 4h+2 | Vol+1 | BTC+2 | FVG+1 | ChoCH+1 | BullWick+1 | Zone:FVG+1 | Sess:OFF_HOURS | Strong1h+1 | QualityRisk:1.15 | RelStrengthRisk:1.25,0,1,-1.0,bear,0.3466,4,3.955,0.0526,1.7293,-1,0.0,0.0942,1.6392,0.0,0.1988,1.999,1.0,0.1901,0.421875,11208,0,6,2.381,3.106,0,1.615,3
AVAXUSDT,11211,11233,1781665200,1781685900,LONG,SL,6.955,6.98671445,7.58928907,6.82814219,-0.75,-0.7664475486373287,0.01644754863732871,16,1.86,59.95,0.283018867924525,0.006968161249568954,1.4770324298913435,base,adaptive disabled,1.25,83.1,90,93,70,80,OFF_HOURS,bullish,bullish,FVG,BOS bullish | Vol 1.9x | FVG | ChoCH | BullWick | StrongTrend1h | Zone:FVG | MTF 16 | Risk x1.25,BOS+2 | BodyStrong+1 | 1h+2 | 4h+2 | Vol+1 | RSI+1 | BTC+2 | FVG+1 | ChoCH+1 | BullWick+1 | Zone:FVG+1 | Sess:OFF_HOURS | Strong1h+1 | QualityRisk:1.15 | RelStrengthRisk:1.25,0,0,-1.0,range,0.4221,1,3.8037,0.1765,2.3012,-1,0.0,1.2218,0.8829,0.0,0.283,0.938,1.0,0.1988,0.75,11210,2,3,0.423,2.113,0,0.687,0
LINKUSDT,11212,11233,1781666100,1781685900,LONG,SL,8.317,8.426,8.86071517,8.20825697,-0.9375,-0.9661811485756837,0.028681148575683584,18,2.08,57.55,0.27205882352941096,0.006529318809777341,1.4461558823453955,base,adaptive disabled,1.15,91.9,90,92,100,80,OFF_HOURS,bullish,bullish,OB,BOS bullish | Vol 2.1x | FVG | OB | ChoCH | BullWick | StrongTrend1h | Zone:OB | MTF 18 | Risk x1.15,BOS+2 | BodyStrong+1 | 1h+2 | 4h+2 | Vol+2 | RSI+1 | BTC+2 | FVG+1 | OB+1 | ChoCH+1 | BullWick+1 | Zone:OB+1 | Sess:OFF_HOURS | Strong1h+1 | QualityRisk:1.15,0,0,-1.0,range,0.5976,0,2.5501,0.25,1.602,-1,0.0,1.3978,0.7064,0.0,0.1902,1.048,1.0,0.1307,0.9375,11210,5,3,0.07,1.731,1,0.819,1
SUIUSDT,11212,11234,1781666100,1781686800,LONG,SL,0.8079,0.8272,0.90259642,0.78896072,-0.421875,-0.4290734323057688,0.007198432305768751,15,1.99,69.18,0.5785714285714324,0.009203018680043293,1.5831192787910127,base,adaptive disabled,1.25,84.5,90,100,70,80,OFF_HOURS,bullish,bullish,FVG,BOS bullish | Vol 2.0x | FVG | ChoCH | BullWick | StrongTrend1h | Zone:FVG | MTF 15 | Risk x1.25,BOS+2 | BodyStrong+1 | 1h+2 | 4h+2 | Vol+1 | BTC+2 | FVG+1 | ChoCH+1 | BullWick+1 | Zone:FVG+1 | Sess:OFF_HOURS | Strong1h+1 | QualityRisk:1.15 | RelStrengthRisk:1.25,0,1,-1.0,bear,0.4422,0,2.2473,0.25,1.4145,-1,0.0,1.1141,0.2539,0.0,0.0898,1.512,1.0,0.0371,0.421875,11207,0,5,2.166,3.199,1,1.134,1
ADAUSDT,11317,11350,1781760600,1781791200,SHORT,TP1,0.1649,0.16370029,0.14090583,0.16969883,0.0,-0.005798679053019169,0.005798679053019169,14,1.9,31.3,0.866666666666679,0.005666894059792577,0.9424044827101942,base,adaptive disabled,1.25,78.5,90,100,50,80,OFF_HOURS,bearish,bearish,FVG,BOS bearish | Vol 1.9x | FVG | MACD_Div | ChoCH | StrongTrend1h | Zone:FVG | MTF 14 | Risk x1.25,BOS+2 | 1h+2 | 4h+2 | Vol+1 | BTC+2 | FVG+1 | MACD_Div+1 | ChoCH+1 | Zone:FVG+1 | Sess:OFF_HOURS | Strong1h+1 | QualityRisk:1.15 | TrendPairRisk:1.25,0,1,-1.0,bull,0.2083,4,2.9034,0.1111,2.1783,-1,0.0,0.5418,1.0836,0.0,-0.2134,2.713,1.0,-0.2674,0.421875,11317,0,5,1.502,0.601,1,0.701,3
ADAUSDT,11318,11350,1781761500,1781791200,SHORT,TP1,0.1649,0.1636967,0.14083398,0.1697132,0.0,-0.005781366866118153,0.005781366866118153,14,1.46,29.72,0.8636363636363765,0.006691372738044749,1.0146554303409197,base,adaptive disabled,1.25,78.5,90,100,50,80,OFF_HOURS,bearish,bearish,FVG,BOS bearish | Vol 1.5x | FVG | MACD_Div | ChoCH | StrongTrend1h | Zone:FVG | MTF 14 | Risk x1.25,BOS+2 | 1h+2 | 4h+2 | Vol+1 | BTC+2 | FVG+1 | MACD_Div+1 | ChoCH+1 | Zone:FVG+1 | Sess:OFF_HOURS | Strong1h+1 | QualityRisk:1.15 | TrendPairRisk:1.25,0,1,-1.0,bull,0.24,5,2.4674,0.0526,1.5143,-1,0.0,0.5402,1.0804,0.0,-0.2283,1.231,1.0,-0.431,0.421875,11318,1,6,1.777,0.296,1,1.184,4
XRPUSDT,11346,11348,1781786700,1781789400,SHORT,TRAIL,1.17,1.1657979,1.08595802,1.1868084,0.1561719140429771,0.11962768615692047,0.03654422788605661,15,1.44,32.78,0.5199999999999979,0.004862632295035509,1.4223199464194507,base,adaptive disabled,1.15,84.5,90,100,70,80,OVERLAP,bearish,bearish,FVG,BOS bearish | Vol 1.4x | FVG | ChoCH | Session:OVERLAP | StrongTrend1h | Zone:FVG | MTF 15 | Risk x1.15,BOS+2 | BodyStrong+1 | 1h+2 | 4h+2 | Vol+1 | RSI+1 | BTC+2 | FVG+1 | ChoCH+1 | Zone:FVG+1 | Sess:OVERLAP | Strong1h+1 | TrendPairRisk:1.15,0,1,-1.0,bull,0.4545,1,1.8717,0.3333,1.6745,-1,0.0,0.119,1.1899,0.0,-0.1441,0.99,1.0,-0.0674,1.3125,11342,4,6,2.496,0.416,1,0.832,0
XRPUSDT,11360,11410,1781799300,1781845200,SHORT,TRAIL,1.14,1.13011205,0.94224099,1.1795518,0.18962474527075834,0.18097785688641177,0.008646888384346574,14,1.32,30.61,0.3488372093023203,0.009081058627963589,2.119519083948368,base,adaptive disabled,1.15,82.5,90,90,70,80,NEW_YORK,bearish,bearish,FVG,BOS bearish | Vol 1.3x | FVG | ChoCH | Session:NEW_YORK | StrongTrend1h | Zone:FVG | MTF 14 | Risk x1.15,BOS+2 | BodyStrong+1 | 1h+2 | 4h+2 | Vol+1 | BTC+2 | FVG+1 | ChoCH+1 | Zone:FVG+1 | Sess:NEW_YORK | Strong1h+1 | TrendPairRisk:1.15,0,0,-1.0,bear,0.2,0,4.105,0.1111,1.9502,-1,0.0,0.354,1.6181,1.364,-0.2263,1.107,1.0,-0.3692,0.75,11360,1,3,1.721,2.119,0,1.192,6
AVAXUSDT,11402,11405,1781837100,1781840700,SHORT,TRAIL,6.26,6.23658725,5.791745,6.353651,0.5926258128583749,0.5725726367043563,0.020053176154018568,15,1.59,32.85,0.4526315789473576,0.004627141852585882,0.9703116465026751,base,adaptive disabled,1.25,84.5,90,100,70,80,OFF_HOURS,bearish,bearish,FVG,BOS bearish | Vol 1.6x | FVG | ChoCH | BearWick | StrongTrend1h | Zone:FVG | MTF 15 | Risk x1.25,BOS+2 | BodyStrong+1 | 1h+2 | 4h+2 | Vol+1 | RSI+1 | BTCok+1 | FVG+1 | ChoCH+1 | BearWick+1 | Zone:FVG+1 | Sess:OFF_HOURS | Strong1h+1 | QualityRisk:1.15 | TrendPairRisk:1.25,0,0,-1.0,bear,0.2436,3,2.6526,0.0526,1.5777,-1,0.0,0.2456,6.6203,0.0,-0.1067,2.402,1.0,-0.2774,0.75,11402,0,1,0.593,1.606,0,0.663,2
BTCUSDT,11407,11410,1781841600,1781845200,SHORT,TRAIL,62828.0,62639.516,59058.32,63581.936,0.09061196838989022,0.08123696838989024,0.00937499999999998,17,1.32,39.89,0.3229543808834166,0.005449250189504599,1.9424533456762862,base,adaptive disabled,1.15,82.1,90,88,70,80,OFF_HOURS,bearish,bearish,FVG,BOS bearish | Vol 1.3x | FVG | LiqSweep | ChoCH | Engulfing | StrongTrend1h | Zone:FVG | MTF 17 | Risk x1.15,BOS+2 | BodyStrong+1 | 1h+2 | 4h+2 | Vol+1 | RSI+1 | BTC+2 | FVG+1 | LiqSweep+1 | ChoCH+1 | Engulfing+1 | Zone:FVG+1 | Sess:OFF_HOURS | Strong1h+1 | TrendPairRisk:1.15,0,0,-1.0,range,0.6504,0,3.4949,0.1765,4.9227,-1,0.0,0.0866,2.3753,0.0,0.2541,1.086,-1.0,0.2304,0.28125,11406,1,2,0.776,1.947,0,1.004,1
SUIUSDT,11442,11446,1781873100,1781877600,SHORT,SL,0.7058,0.70239479,0.63769577,0.71942085,-1.0,-1.0207270471372931,0.02072704713729317,14,2.62,29.86,0.5028248587570586,0.006619137663273419,1.4746197627529882,base,adaptive disabled,1.25,90.5,90,100,90,80,OVERLAP,bearish,bearish,FVG,BOS bearish | Vol 2.6x | FVG | ChoCH | Session:OVERLAP | StrongTrend1h | Zone:FVG | MTF 14 | Risk x1.25,BOS+2 | BodyStrong+1 | 1h+2 | 4h+2 | Vol+2 | BTCok+1 | FVG+1 | ChoCH+1 | Zone:FVG+1 | Sess:OVERLAP | Strong1h+1 | QualityRisk:1.15 | TrendPairRisk:1.25,0,0,-1.0,bear,0.2908,4,3.0932,0.1111,4.2539,-1,0.0,1.0719,1.3509,0.0,-0.1337,2.706,1.0,-0.3516,1.0,11442,0,1,1.16,-1.0,0,0.967,3
ADAUSDT,11545,11667,1781965800,1782076500,SHORT,TP1,0.1606,0.15960104,0.14062074,0.16459585,0.0,-0.015825481436990894,0.015825481436990894,13,1.32,36.32,0.4,0.005823263476129653,1.5868392982159023,base,adaptive disabled,1.0,74.0,60,100,70,80,NEW_YORK,neutral,bearish,FVG,BOS bearish | Vol 1.3x | FVG | ChoCH | Session:NEW_YORK | Zone:FVG | MTF 13,BOS+2 | BodyStrong+1 | 1hN+1 | 4h+2 | Vol+1 | RSI+1 | BTC+2 | FVG+1 | ChoCH+1 | Zone:FVG+1 | Sess:NEW_YORK,0,0,-1.0,range,0.2143,0,4.0238,0.1111,3.0259,-1,0.0,0.7758,2.5026,5.0,-0.1496,1.31,1.0,-0.3811,0.984375,11545,0,4,2.299,0.862,1,1.006,2
SUIUSDT,11546,11547,1781966700,1781968500,SHORT,TP1,0.7117,0.70835001,0.64470024,0.72509995,0.0,-0.02788387270101744,0.02788387270101744,15,1.47,35.3,0.41116751269035406,0.006293508707760256,1.857633987169498,base,adaptive disabled,1.15,72.0,60,90,70,80,NEW_YORK,neutral,bearish,FVG,BOS bearish | Vol 1.5x | FVG | ChoCH | Session:NEW_YORK | Zone:FVG | MTF 15 | Risk x1.15,BOS+2 | BodyStrong+1 | 1hN+1 | 4h+2 | Vol+1 | RSI+1 | BTC+2 | FVG+1 | ChoCH+1 | Zone:FVG+1 | Sess:NEW_YORK | NestedOB_1h+2 | QualityRisk:1.15,0,0,-1.0,range,0.5992,0,6.7587,0.1765,5.7452,-1,0.0,0.3881,2.0,0.0,-0.1179,1.335,1.0,-0.2073,1.3125,11543,1,3,2.345,0.724,1,1.207,0
SOLUSDT,11596,11621,1782011700,1782035100,LONG,TP1,73.56,73.9448717,81.25743394,72.02051321,0.0,-0.006047429286483201,0.006047429286483201,15,1.54,68.28,0.538461538461546,0.0043091458311367865,1.2087154056355023,base,adaptive disabled,1.15,84.5,90,100,70,80,OFF_HOURS,bullish,bullish,FVG,BOS bullish | Vol 1.5x | FVG | ChoCH | BullWick | StrongTrend1h | Zone:FVG | MTF 15 | Risk x1.15,BOS+2 | BodyStrong+1 | 1h+2 | 4h+2 | Vol+1 | BTC+2 | FVG+1 | ChoCH+1 | BullWick+1 | Zone:FVG+1 | Sess:OFF_HOURS | Strong1h+1 | QualityRisk:1.15,0,1,-1.0,bear,0.493,3,2.1417,19.0,0.3031,-1,0.0,0.5586,1.0913,0.0,0.0984,0.766,-1.0,-0.0454,0.31640625,11596,18,1,1.313,2.107,0,2.004,2
SUIUSDT,11605,11617,1782019800,1782031500,SHORT,TP1,0.7073,0.70495452,0.66039037,0.71668193,0.0,-0.022616881601120496,0.022616881601120496,18,3.01,35.12,0.3057851239669332,0.004617234057382383,1.3676632049394857,base,adaptive disabled,1.25,89.7,90,96,90,80,OFF_HOURS,bearish,bearish,FVG,BOS bearish | Vol 3.0x | FVG | ChoCH | StrongTrend1h | Zone:FVG | MTF 18 | Risk x1.25,BOS+2 | BodyStrong+1 | 1h+2 | 4h+2 | Vol+2 | RSI+1 | BTC+2 | FVG+1 | ChoCH+1 | Zone:FVG+1 | Sess:OFF_HOURS | Strong1h+1 | NestedOB_1h+2 | QualityRisk:1.15 | TrendPairRisk:1.25,0,0,-1.0,range,0.3523,0,3.5456,0.1111,2.6506,-1,0.0,0.5649,1.9186,1.0,-0.1497,2.408,1.0,-0.326,0.75,11604,0,1,1.048,1.652,0,1.007,3
LINKUSDT,11609,11618,1782023400,1782032400,SHORT,TRAIL,7.936,7.912192,7.45984,8.031232,0.15504898563508762,0.10036148563508723,0.05468750000000039,15,1.47,37.91,0.4022988505747155,0.002144522381328222,0.9955629784503784,base,adaptive disabled,1.15,74.0,60,100,70,80,OFF_HOURS,neutral,bearish,FVG,BOS bearish | Vol 1.5x | FVG | ChoCH | Zone:FVG | MTF 15 | Risk x1.15,BOS+2 | BodyStrong+1 | 1hN+1 | 4h+2 | Vol+1 | RSI+1 | BTC+2 | FVG+1 | ChoCH+1 | Zone:FVG+1 | Sess:OFF_HOURS | NestedOB_1h+2 | QualityRisk:1.15,0,0,-1.0,range,0.3333,0,1.3523,0.1765,0.7408,-1,0.0,0.3255,1.8061,2.333,-0.1759,1.83,1.0,-0.4182,1.640625,11607,3,3,0.651,1.803,0,0.601,0
SOLUSDT,11628,11637,1782040500,1782049500,LONG,TRAIL,73.55,73.83512734,79.25254675,72.40949065,0.06288308815705947,0.052000614900702576,0.010882473256356889,14,1.65,71.33,0.671428571428567,0.0048622040054943265,1.547026474445891,base,adaptive disabled,1.25,78.5,90,100,50,80,LONDON,bullish,bullish,FVG,BOS bullish | Vol 1.6x | FVG | MACD_Div | ChoCH | Session:LONDON | StrongTrend1h | Zone:FVG | MTF 14 | Risk x1.25,BOS+2 | 1h+2 | 4h+2 | Vol+1 | BTC+2 | FVG+1 | MACD_Div+1 | ChoCH+1 | Zone:FVG+1 | Sess:LONDON | Strong1h+1 | QualityRisk:1.15 | RelStrengthRisk:1.25,0,1,-1.0,bear,0.491,1,2.3751,0.25,1.1269,-1,0.0,0.5962,1.2626,3.0,0.1817,1.09,1.0,0.287,0.421875,11625,3,4,2.444,0.482,1,1.033,0
SOLUSDT,11628,11637,1782040500,1782049500,LONG,TRAIL,73.55,73.83481643,79.24632857,72.41073429,0.08393564307311649,0.06940983943069848,0.014525803642418017,17,1.33,61.25,0.6027397260273909,0.0045040773862980435,1.4330799266510243,base,adaptive disabled,1.15,84.5,90,100,70,80,LONDON,bullish,bullish,FVG,BOS bullish | Vol 1.3x | FVG | MACD_Div | ChoCH | Engulfing | Session:LONDON | StrongTrend1h | Zone:FVG | MTF 17 | Risk x1.15,BOS+2 | BodyStrong+1 | 1h+2 | 4h+2 | Vol+1 | RSI+1 | BTC+2 | FVG+1 | MACD_Div+1 | ChoCH+1 | Engulfing+1 | Zone:FVG+1 | Sess:LONDON | Strong1h+1 | QualityRisk:1.15,0,1,-1.0,bear,0.491,1,2.3854,0.25,1.1269,-1,0.0,0.5969,1.264,0.0,0.1118,1.199,1.0,0.2411,0.5625,11627,5,6,1.521,1.417,0,1.037,0
SOLUSDT,11653,11664,1782063000,1782073800,LONG,TRAIL,74.1,74.49060019,81.91200389,72.53759922,0.036002286173977174,0.025331208552011254,0.010671077621965924,15,1.34,64.95,0.2923076923076863,0.006318933480109764,1.6636849148368638,base,adaptive disabled,1.15,80.5,90,95,60,80,OFF_HOURS,bullish,bullish,OB,BOS bullish | Vol 1.3x | FVG | OB | ChoCH | BullWick | StrongTrend1h | Zone:OB | MTF 15 | Risk x1.15,BOS+2 | 1h+2 | 4h+2 | Vol+1 | RSI+1 | BTCok+1 | FVG+1 | OB+1 | ChoCH+1 | BullWick+1 | Zone:OB+1 | Sess:OFF_HOURS | Strong1h+1 | QualityRisk:1.15,0,0,-1.0,range,0.3294,0,2.7677,0.1765,2.1744,-1,0.0,0.1792,1.0753,0.369,0.1251,1.175,1.0,0.415,0.5625,11653,5,2,0.542,0.632,1,1.143,4
SUIUSDT,11669,11671,1782077400,1782080100,SHORT,TP1,0.7017,0.69787745,0.625249,0.7169902,0.0,-0.03011671691671784,0.03011671691671784,13,2.26,29.48,0.5744680851063741,0.014533523606133114,3.792711383086892,base,adaptive disabled,1.15,70.0,60,80,70,80,DEAD_ZONE,neutral,bearish,FVG,BOS bearish | Vol 2.3x | FVG | ChoCH | BearWick | Zone:FVG | MTF 13 | Risk x1.15,BOS+2 | 1hN+1 | 4h+2 | Vol+2 | BTC+2 | FVG+1 | ChoCH+1 | BearWick+1 | Zone:FVG+1 | Sess:DEAD_ZONE | QualityRisk:1.15,0,0,-1.0,range,0.5551,0,6.1651,0.1111,14.6701,-1,0.0,0.1243,1.2295,0.0,0.0593,1.479,1.0,-0.5236,1.640625,11669,0,1,1.454,0.777,1,1.529,6
ADAUSDT,11670,11671,1782078300,1782080100,SHORT,TP1,0.1597,0.15878436,0.14138715,0.16336257,0.0,-0.02861464081232574,0.02861464081232574,14,3.14,38.3,0.5348837209302418,0.01192239671625907,3.207124718660812,base,adaptive disabled,1.0,76.0,60,80,90,80,DEAD_ZONE,neutral,bearish,FVG,BOS bearish | Vol 3.1x | FVG | ChoCH | Zone:FVG | MTF 14,BOS+2 | BodyStrong+1 | 1hN+1 | 4h+2 | Vol+2 | RSI+1 | BTC+2 | FVG+1 | ChoCH+1 | Zone:FVG+1 | Sess:DEAD_ZONE,0,0,-1.0,range,0.3636,0,4.0576,0.1765,7.2326,-1,0.0,0.0819,1.0921,0.0,-0.0358,1.426,1.0,-0.2924,1.640625,11670,1,3,0.927,0.232,1,2.203,9
AVAXUSDT,11680,11684,1782087300,1782091800,SHORT,SL,6.156,6.11868382,5.40967646,6.30526471,-0.75,-0.7623726499049909,0.012372649904990887,13,1.3,31.45,0.3872832369942245,0.0054423988120300805,1.2161817631220344,base,adaptive disabled,1.15,75.0,80,100,50,80,DEAD_ZONE,bearish,bearish,FVG,BOS bearish | Vol 1.3x | FVG | ChoCH | Engulfing | Zone:FVG | MTF 13 | Risk x1.15,BOS+2 | 1h+2 | 4h+2 | Vol+1 | BTC+2 | FVG+1 | ChoCH+1 | Engulfing+1 | Zone:FVG+1 | Sess:DEAD_ZONE | TrendPairRisk:1.15,0,0,-1.0,bear,0.3672,0,1.954,0.1765,0.778,-1,0.0,1.1724,1.1791,1.763,-0.1622,0.964,1.0,-0.4189,0.75,11677,2,1,0.18,1.894,0,0.962,0
BTCUSDT,11680,11684,1782087300,1782091800,SHORT,SL,63638.5,63432.82880254,59525.07605087,64461.18478983,-0.421875,-0.4349285984228165,0.01305359842281654,15,1.94,38.89,0.31513606840417824,0.004145499392623556,1.7825091691312143,base,adaptive disabled,1.15,74.7,55,97,80,80,OFF_HOURS,bearish,neutral,OB,BOS bearish | Vol 1.9x | FVG | OB | ChoCH | BearWick | Zone:OB | MTF 15 | Risk x1.15,BOS+2 | BodyStrong+1 | 1h+2 | 4hN+1 | Vol+1 | RSI+1 | BTC+2 | FVG+1 | OB+1 | ChoCH+1 | BearWick+1 | Zone:OB+1 | Sess:OFF_HOURS | QualityRisk:1.15,0,0,-1.0,bear,0.4066,0,3.1477,0.1111,1.4492,-1,0.0,1.4276,0.8679,1.176,-0.1605,1.303,1.0,-0.4472,0.421875,11680,5,2,0.053,0.68,1,1.488,4
ETHUSDT,11729,11733,1782131400,1782135900,LONG,TP1,1761.59,1770.26463975,1935.08279498,1726.891441,0.0,-0.011244405283696387,0.011244405283696387,13,1.51,71.58,0.624362027900649,0.006399737373906106,1.8693997954870525,base,adaptive disabled,1.0,76.5,90,90,50,80,OVERLAP,bullish,bullish,FVG,BOS bullish | Vol 1.5x | FVG | ChoCH | Session:OVERLAP | StrongTrend1h | Zone:FVG | MTF 13,BOS+2 | 1h+2 | 4h+2 | Vol+1 | BTC+2 | FVG+1 | ChoCH+1 | Zone:FVG+1 | Sess:OVERLAP | Strong1h+1,0,1,-1.0,bear,0.3974,1,4.0684,0.1765,2.1763,-1,0.0,0.0444,2.0543,6.241,0.0121,1.23,1.0,0.4112,0.5537109375,11728,1,4,2.047,10.905,0,0.899,0
SOLUSDT,11735,11738,1782136800,1782140400,LONG,SL,74.62,74.98007172,81.8214345,73.1797131,-0.421875,-0.43061778937064554,0.008742789370645506,14,1.53,70.83,0.7482517482517425,0.005538283380159347,1.2968236677371956,base,adaptive disabled,1.15,84.5,90,100,70,80,NEW_YORK,bullish,bullish,FVG,BOS bullish | Vol 1.5x | FVG | ChoCH | Session:NEW_YORK | StrongTrend1h | Zone:FVG | MTF 14 | Risk x1.15,BOS+2 | BodyStrong+1 | 1h+2 | 4h+2 | Vol+1 | BTC+2 | FVG+1 | ChoCH+1 | Zone:FVG+1 | Sess:NEW_YORK | Strong1h+1 | QualityRisk:1.15,0,0,-1.0,bull,0.227,2,2.3409,0.0526,1.479,-1,0.0,1.0276,0.9443,10.0,0.1232,1.678,1.0,0.4106,0.421875,11735,0,1,1.142,0.2,1,0.914,1
ETHUSDT,11736,11745,1782137700,1782146700,LONG,SL,1763.4,1770.49468888,1905.29377755,1735.02124449,-0.75,-0.7686414094097109,0.018641409409710923,16,1.42,61.58,0.12507409602845365,0.006923096436847838,2.0729576342969804,base,adaptive disabled,1.15,80.5,90,65,80,80,NEW_YORK,bullish,bullish,OB,BOS bullish | Vol 1.4x | FVG | OB | ChoCH | Session:NEW_YORK | StrongTrend1h | Zone:OB | MTF 16 | Risk x1.15,BOS+2 | BodyStrong+1 | 1h+2 | 4h+2 | Vol+1 | RSI+1 | BTC+2 | FVG+1 | OB+1 | ChoCH+1 | Zone:OB+1 | Sess:NEW_YORK | Strong1h+1 | QualityRisk:1.15,0,0,-1.0,bull,0.4334,0,2.5199,0.1765,2.3147,-1,0.0,1.0596,0.5483,0.283,0.0779,0.874,1.0,0.4681,0.75,11736,5,1,0.972,9.655,0,1.63,4
XRPUSDT,11770,11795,1782168300,1782191700,SHORT,TRAIL,1.1256,1.12003009,1.01420178,1.14787964,0.3685058487107067,0.3482972636527794,0.020208585057927286,15,2.22,32.53,0.49738219895288566,0.00530512725926087,1.4153586028731686,base,adaptive disabled,1.15,84.5,90,100,70,80,DEAD_ZONE,bearish,bearish,FVG,BOS bearish | Vol 2.2x | FVG | ChoCH | StrongTrend1h | Zone:FVG | MTF 15 | Risk x1.15,BOS+2 | 1h+2 | 4h+2 | Vol+2 | RSI+1 | BTC+2 | FVG+1 | ChoCH+1 | Zone:FVG+1 | Sess:DEAD_ZONE | Strong1h+1 | TrendPairRisk:1.15,0,0,-1.0,bear,0.2203,0,2.795,0.0526,2.1926,-1,0.0,0.3411,1.9749,5.937,-0.098,2.03,1.0,-0.4389,1.0,11770,0,4,1.179,0.721,1,1.092,2
ADAUSDT,11829,11850,1782221400,1782241200,SHORT,TRAIL,0.1508,0.14961149,0.12702973,0.15555405,0.1447023991278252,0.13756532652656944,0.007137072601255757,15,1.75,32.46,0.2962962962962936,0.007301122909082601,1.597902900573653,base,adaptive disabled,1.15,83.5,90,95,70,80,NEW_YORK,bearish,bearish,FVG,BOS bearish | Vol 1.8x | FVG | ChoCH | Session:NEW_YORK | StrongTrend1h | Zone:FVG | MTF 15 | Risk x1.15,BOS+2 | BodyStrong+1 | 1h+2 | 4h+2 | Vol+1 | RSI+1 | BTC+2 | FVG+1 | ChoCH+1 | Zone:FVG+1 | Sess:NEW_YORK | Strong1h+1 | TrendPairRisk:1.15,0,0,-1.0,range,0.2558,1,3.983,0.1111,1.8179,-1,0.0,0.3576,1.4304,1.0,-0.1308,1.522,1.0,-0.2582,0.5625,11828,0,3,1.467,0.105,1,0.419,0
XRPUSDT,11829,11830,1782221400,1782223200,SHORT,TP1,1.101,1.097697,1.03494,1.114212,-0.09082652134423931,-0.12415985467757265,0.03333333333333333,15,1.49,34.93,0.2911392405063245,0.002787697983817311,0.9242858639517529,base,adaptive disabled,1.25,83.3,90,94,70,80,NEW_YORK,bearish,bearish,FVG,BOS bearish | Vol 1.5x | FVG | ChoCH | Session:NEW_YORK | StrongTrend1h | Zone:FVG | MTF 15 | Risk x1.25,BOS+2 | BodyStrong+1 | 1h+2 | 4h+2 | Vol+1 | RSI+1 | BTC+2 | FVG+1 | ChoCH+1 | Zone:FVG+1 | Sess:NEW_YORK | Strong1h+1 | QualityRisk:1.15 | TrendPairRisk:1.25,0,1,-1.0,bull,0.3623,1,3.0712,-1.0,-1.0,-1,0.0,0.3255,1.6046,0.0,-0.0042,2.035,1.0,0.0765,1.0,11829,1,2,0.479,1.634,0,0.733,0
XRPUSDT,11830,11836,1782222300,1782228600,SHORT,TRAIL,1.101,1.097697,1.03494,1.114212,0.2497729336966455,0.21643960036331217,0.03333333333333333,17,2.79,38.38,0.33333333333332366,0.0045441613562941605,1.4346566569027708,base,adaptive disabled,1.15,84.3,90,99,70,80,NEW_YORK,bearish,bearish,FVG,BOS bearish | Vol 2.8x | FVG | ChoCH | Engulfing | BearWick | Session:NEW_YORK | StrongTrend1h | Zone:FVG | MTF 17 | Risk x1.15,BOS+2 | 1h+2 | 4h+2 | Vol+2 | RSI+1 | BTC+2 | FVG+1 | ChoCH+1 | Engulfing+1 | BearWick+1 | Zone:FVG+1 | Sess:NEW_YORK | Strong1h+1 | TrendPairRisk:1.15,0,1,-1.0,bull,0.3759,0,3.014,0.0526,3.0161,-1,0.0,0.5071,2.8156,0.0,-0.076,1.156,-1.0,0.0924,1.0,11830,2,3,0.075,1.808,0,2.411,1
AVAXUSDT,11865,11872,1782253800,1782261000,LONG,TRAIL,6.475,6.53165625,7.608125,6.248375,0.08112266251408401,0.07630123394265542,0.004821428571428584,14,1.97,69.69,0.7050691244239636,0.007354622488199444,1.2131355504441756,base,adaptive disabled,1.0,78.5,90,100,50,80,DEAD_ZONE,bullish,bullish,FVG,BOS bullish | Vol 2.0x | FVG | ChoCH | Engulfing | StrongTrend1h | Zone:FVG | MTF 14,BOS+2 | 1h+2 | 4h+2 | Vol+1 | BTC+2 | FVG+1 | ChoCH+1 | Engulfing+1 | Zone:FVG+1 | Sess:DEAD_ZONE | Strong1h+1,0,0,-1.0,range,0.1977,2,2.6536,0.0526,1.9399,-1,0.0,0.1589,1.1649,0.0,0.0614,1.729,1.0,0.5058,0.421875,11865,0,1,0.914,11.774,0,1.137,1
XRPUSDT,11890,11902,1782276300,1782288000,SHORT,TRAIL,1.102,1.09826932,1.02738645,1.11692271,0.15271917156093368,0.13056501859542002,0.02215415296551363,15,1.52,39.13,0.38164251207729666,0.005039083964353596,1.635479163284702,base,adaptive disabled,1.25,87.5,90,100,80,80,OFF_HOURS,bearish,bearish,OB,BOS bearish | Vol 1.5x | FVG | OB | ChoCH | StrongTrend1h | Zone:OB | MTF 15 | Risk x1.25,BOS+2 | BodyStrong+1 | 1h+2 | 4h+2 | Vol+1 | RSI+1 | BTCok+1 | FVG+1 | OB+1 | ChoCH+1 | Zone:OB+1 | Sess:OFF_HOURS | Strong1h+1 | QualityRisk:1.15 | TrendPairRisk:1.25,0,0,-1.0,range,0.4256,0,3.1697,0.1111,2.7946,-1,0.0,0.2882,1.4743,0.0,-0.126,1.11,1.0,-0.2925,0.75,11890,4,1,0.322,1.665,0,1.37,3
BTCUSDT,11917,11918,1782300600,1782302400,SHORT,SL,62449.9,62262.5503,58702.906,63199.2988,-0.2109375,-0.21796875000000002,0.0070312500000000435,15,2.9,31.6,0.7386103781882266,0.0026772584297207794,1.254972386854764,base,adaptive disabled,1.15,84.5,90,100,70,80,OVERLAP,bearish,bearish,FVG,BOS bearish | Vol 2.9x | FVG | ChoCH | Engulfing | Session:OVERLAP | StrongTrend1h | Zone:FVG | MTF 15 | Risk x1.15,BOS+2 | 1h+2 | 4h+2 | Vol+2 | BTC+2 | FVG+1 | ChoCH+1 | Engulfing+1 | Zone:FVG+1 | Sess:OVERLAP | Strong1h+1 | TrendPairRisk:1.15,0,0,-1.0,range,0.3196,0,2.9249,0.1111,2.5359,-1,0.0,1.029,0.5386,8.676,-0.0098,2.06,1.0,-0.2026,0.2109375,11916,0,3,1.703,0.477,1,0.773,2
BTCUSDT,11917,11918,1782300600,1782302400,SHORT,SL,62449.9,62262.5503,58702.906,63199.2988,-0.369140625,-0.3814453125,0.012304687500000076,15,2.06,31.84,0.7459812753930343,0.0026035861622391685,1.2204383051463938,base,adaptive disabled,1.15,84.5,90,100,70,80,OVERLAP,bearish,bearish,FVG,BOS bearish | Vol 2.1x | FVG | ChoCH | Engulfing | Session:OVERLAP | StrongTrend1h | Zone:FVG | MTF 15 | Risk x1.15,BOS+2 | 1h+2 | 4h+2 | Vol+2 | BTC+2 | FVG+1 | ChoCH+1 | Engulfing+1 | Zone:FVG+1 | Sess:OVERLAP | Strong1h+1 | TrendPairRisk:1.15,0,0,-1.0,range,0.3196,0,2.9731,0.1111,2.5359,-1,0.0,1.029,0.5386,6.557,0.0099,2.627,1.0,-0.1219,0.369140625,11917,1,4,1.71,0.506,1,0.786,2
SOLUSDT,11917,11918,1782300600,1782302400,SHORT,SL,69.31,68.32,64.68414283,70.23517143,-0.984375,-1.0138731142035484,0.029498114203548465,16,2.26,29.73,0.7590361445783224,0.0036250023726362274,0.9662025554771081,base,adaptive disabled,1.25,90.5,90,100,90,80,OVERLAP,bearish,bearish,FVG,BOS bearish | Vol 2.3x | FVG | ChoCH | Engulfing | Session:OVERLAP | StrongTrend1h | Zone:FVG | MTF 16 | Risk x1.25,BOS+2 | BodyStrong+1 | 1h+2 | 4h+2 | Vol+2 | BTC+2 | FVG+1 | ChoCH+1 | Engulfing+1 | Zone:FVG+1 | Sess:OVERLAP | Strong1h+1 | QualityRisk:1.15 | TrendPairRisk:1.25,0,0,-1.0,range,0.4715,0,2.3657,0.0526,1.2631,-1,0.0,1.1998,0.4747,1.5,-0.1194,1.679,1.0,-0.6586,0.984375,11916,31,3,1.428,2.08,1,0.816,2
LINKUSDT,11925,11925,1782307800,1782308700,SHORT,TP1,7.54,7.49171069,6.57421381,7.73315724,0.0,-0.024397221662517066,0.024397221662517066,18,18.56,36.46,0.2079999999999984,0.007920677158537068,2.233337600323499,base,adaptive disabled,1.15,79.3,90,74,70,80,NEW_YORK,bearish,bearish,FVG,BOS bearish | Vol 18.6x | FVG | MACD_Div | ChoCH | Session:NEW_YORK | StrongTrend1h | Zone:FVG | MTF 18 | Risk x1.15,BOS+2 | 1h+2 | 4h+2 | Vol+2 | RSI+1 | BTC+2 | FVG+1 | MACD_Div+1 | ChoCH+1 | Zone:FVG+1 | Sess:NEW_YORK | Strong1h+1 | NestedOB_1h+2 | TrendPairRisk:1.15,0,0,-1.0,range,0.3128,0,4.5482,0.0526,17.9497,-1,0.0,0.2019,1.3253,1.733,0.1454,9.715,-1.0,0.3807,1.5625,11925,0,1,0.242,1.373,0,1.911,5
LINKUSDT,11937,11939,1782318600,1782321300,SHORT,TRAIL,7.4,7.33525,6.105,7.659,0.6611969111969147,0.6469111969112005,0.014285714285714318,16,1.42,35.76,0.2573529411764714,0.008246507115721837,2.225673366940554,base,adaptive disabled,1.15,80.5,90,80,70,80,NEW_YORK,bearish,bearish,FVG,BOS bearish | Vol 1.4x | FVG | ChoCH | Engulfing | Session:NEW_YORK | StrongTrend1h | Zone:FVG | MTF 16 | Risk x1.15,BOS+2 | BodyStrong+1 | 1h+2 | 4h+2 | Vol+1 | RSI+1 | BTC+2 | FVG+1 | ChoCH+1 | Engulfing+1 | Zone:FVG+1 | Sess:NEW_YORK | Strong1h+1 | TrendPairRisk:1.15,0,0,-1.0,bear,0.119,0,2.9325,0.1765,0.9488,-1,0.0,0.0849,2.6873,1.014,-0.0346,1.093,-1.0,0.1184,1.25,11936,1,2,0.545,-1.0,0,0.796,0
BTCUSDT,12012,12015,1782386100,1782389700,SHORT,TRAIL,61369.8,61185.6906,57687.612,62106.2376,0.08330803842036559,0.06485100717036552,0.018457031250000065,15,2.16,38.0,0.7411904056855187,0.002816189604808539,1.0907005353301693,base,adaptive disabled,1.15,80.0,60,100,90,80,LONDON,neutral,bearish,FVG,BOS bearish | Vol 2.2x | FVG | MACD_Div | ChoCH | Session:LONDON | Zone:FVG | MTF 15 | Risk x1.15,BOS+2 | BodyStrong+1 | 1hN+1 | 4h+2 | Vol+2 | RSI+1 | BTC+2 | FVG+1 | MACD_Div+1 | ChoCH+1 | Zone:FVG+1 | Sess:LONDON | QualityRisk:1.15,0,1,-1.0,bull,0.3782,0,4.6807,0.0526,3.3945,-1,0.0,0.0311,1.4638,0.0,-0.2379,2.388,1.0,-0.2332,0.5537109375,12011,0,2,2.147,3.856,0,2.047,5
BTCUSDT,12017,12018,1782390600,1782392400,SHORT,TP1,61369.8,61185.6906,57687.612,62106.2376,0.0,-0.028710937500000103,0.028710937500000103,14,2.32,38.46,0.5687759589543013,0.0034743968386674495,1.3285380702147043,base,adaptive disabled,1.0,80.0,60,100,90,80,OVERLAP,neutral,bearish,FVG,BOS bearish | Vol 2.3x | FVG | ChoCH | Session:OVERLAP | Zone:FVG | MTF 14,BOS+2 | BodyStrong+1 | 1hN+1 | 4h+2 | Vol+2 | RSI+1 | BTC+2 | FVG+1 | ChoCH+1 | Zone:FVG+1 | Sess:OVERLAP,0,1,-1.0,bull,0.3782,3,2.1822,0.4286,1.8521,-1,0.0,0.5263,1.6284,0.0,-0.1658,2.082,1.0,-0.1696,0.861328125,12013,2,4,2.17,3.366,0,1.176,2
BTCUSDT,12070,12071,1782438300,1782440100,SHORT,TP1,59348.8,59054.72934435,53467.38688695,60525.08262261,0.0,-0.004257101910499164,0.004257101910499164,15,1.56,38.67,0.5351815960225804,0.004961570863104166,1.153628238978885,base,adaptive disabled,1.25,78.5,90,100,50,80,OFF_HOURS,bearish,bearish,FVG,BOS bearish | Vol 1.6x | FVG | LiqSweep | ChoCH | StrongTrend1h | Zone:FVG | MTF 15 | Risk x1.25,BOS+2 | 1h+2 | 4h+2 | Vol+1 | RSI+1 | BTC+2 | FVG+1 | LiqSweep+1 | ChoCH+1 | Zone:FVG+1 | Sess:OFF_HOURS | Strong1h+1 | QualityRisk:1.15 | TrendPairRisk:1.25,0,0,-1.0,range,0.1545,0,2.6218,0.0526,1.5484,-1,0.0,0.0642,2.5429,0.0,-0.0409,2.398,-1.0,0.0688,0.2109375,12070,0,3,1.64,0.904,1,0.652,3
SUIUSDT,12070,12071,1782438300,1782440100,SHORT,TP1,0.6753,0.67133311,0.59596217,0.69116757,0.0,-0.009575662814154944,0.009575662814154944,18,1.55,37.69,0.39487179487179547,0.006761251575894768,0.9775043503184451,base,adaptive disabled,1.25,84.5,90,100,70,80,OFF_HOURS,bearish,bearish,FVG,BOS bearish | Vol 1.6x | FVG | LiqSweep | ChoCH | StrongTrend1h | Zone:FVG | MTF 18 | Risk x1.25,BOS+2 | BodyStrong+1 | 1h+2 | 4h+2 | Vol+1 | RSI+1 | BTC+2 | FVG+1 | LiqSweep+1 | ChoCH+1 | Zone:FVG+1 | Sess:OFF_HOURS | Strong1h+1 | NestedOB_1h+2 | QualityRisk:1.15 | TrendPairRisk:1.25,0,1,-1.0,bull,0.2805,6,3.7123,-1.0,-1.0,-1,0.0,0.0252,4.4115,0.0,-0.0622,1.657,1.0,-0.1225,0.5625,12070,0,1,1.229,0.049,1,0.934,5
XRPUSDT,12070,12071,1782438300,1782440100,SHORT,TP1,1.031,1.02543519,0.91970386,1.05325923,0.0,-0.007816139641847386,0.007816139641847386,19,2.44,37.9,0.33834586466165917,0.005262767600647016,0.9769012359640719,base,adaptive disabled,1.25,84.5,90,100,70,80,OFF_HOURS,bearish,bearish,FVG,BOS bearish | Vol 2.4x | FVG | LiqSweep | MACD_Div | ChoCH | StrongTrend1h | Zone:FVG | MTF 19 | Risk x1.25,BOS+2 | 1h+2 | 4h+2 | Vol+2 | RSI+1 | BTC+2 | FVG+1 | LiqSweep+1 | MACD_Div+1 | ChoCH+1 | Zone:FVG+1 | Sess:OFF_HOURS | Strong1h+1 | NestedOB_1h+2 | QualityRisk:1.15 | TrendPairRisk:1.25,0,1,-1.0,bull,0.1471,0,3.6014,0.0526,2.4211,-1,0.0,0.0629,2.7854,0.0,-0.0156,3.955,1.0,-0.0826,0.421875,12070,0,1,1.276,4.034,0,0.617,5
XRPUSDT,12071,12071,1782439200,1782440100,SHORT,TP1,1.031,1.02547554,0.92051073,1.05309785,0.0,-0.01049762759725495,0.01049762759725495,19,1.66,39.26,0.711538461538471,0.00443204643033398,0.8226986187098815,base,adaptive disabled,1.25,78.5,90,100,50,80,OFF_HOURS,bearish,bearish,FVG,BOS bearish | Vol 1.7x | FVG | LiqSweep | MACD_Div | ChoCH | BearWick | StrongTrend1h | Zone:FVG | MTF 19 | Risk x1.25,BOS+2 | 1h+2 | 4h+2 | Vol+1 | RSI+1 | BTC+2 | FVG+1 | LiqSweep+1 | MACD_Div+1 | ChoCH+1 | BearWick+1 | Zone:FVG+1 | Sess:OFF_HOURS | Strong1h+1 | NestedOB_1h+2 | QualityRisk:1.15 | TrendPairRisk:1.25,0,1,-1.0,bull,0.1471,0,3.3845,0.1111,2.0354,-1,0.0,0.0272,2.8057,0.0,-0.0236,3.003,1.0,-0.0182,0.5625,12071,1,2,1.149,4.342,0,0.553,0
ADAUSDT,12073,12075,1782441000,1782443700,SHORT,TRAIL,0.1405,0.13929375,0.11637504,0.14532499,0.16223420544678632,0.1545562831220768,0.007677922324709525,19,7.58,37.31,0.424657534246579,0.012622922441964198,1.9944217472328638,base,adaptive disabled,1.15,88.5,90,90,90,80,OFF_HOURS,bearish,bearish,FVG,BOS bearish | Vol 7.6x | FVG | LiqSweep | MACD_Div | ChoCH | Engulfing | StrongTrend1h | Zone:FVG | MTF 19 | Risk x1.15,BOS+2 | BodyStrong+1 | 1h+2 | 4h+2 | Vol+2 | RSI+1 | BTC+2 | FVG+1 | LiqSweep+1 | MACD_Div+1 | ChoCH+1 | Engulfing+1 | Zone:FVG+1 | Sess:OFF_HOURS | Strong1h+1 | TrendPairRisk:1.15,0,0,-1.0,range,0.3214,0,4.3903,0.0526,7.3214,-1,0.0,0.0829,1.9067,0.0,0.0856,4.314,-1.0,0.0034,0.6591796875,12073,0,5,2.341,0.195,1,1.756,1
BTCUSDT,12073,12075,1782441000,1782443700,SHORT,TRAIL,58863.7,58435.24778408,50294.6556817,60577.50886366,0.037157642115819164,0.03425963826439007,0.0028980038514290936,17,6.69,35.56,0.4987928007023721,0.008700139963496006,2.022893035670224,base,adaptive disabled,1.15,82.5,90,90,70,80,OFF_HOURS,bearish,bearish,FVG,BOS bearish | Vol 6.7x | FVG | ChoCH | StrongTrend1h | Zone:FVG | MTF 17 | Risk x1.15,BOS+2 | 1h+2 | 4h+2 | Vol+2 | RSI+1 | BTC+2 | FVG+1 | ChoCH+1 | Zone:FVG+1 | Sess:OFF_HOURS | Strong1h+1 | NestedOB_1h+2 | TrendPairRisk:1.15,0,0,-1.0,range,0.2773,0,4.6125,0.0526,6.4473,-1,0.0,0.0725,1.3157,0.0,0.1052,3.847,-1.0,0.1881,0.2109375,12073,0,6,2.733,2.668,0,1.739,1
ETHUSDT,12073,12075,1782441000,1782443700,SHORT,TRAIL,1537.66,1524.205475,1268.5695,1591.4781,0.1341944306239516,0.12666094848109444,0.00753348214285715,19,5.51,35.54,0.4140783941407822,0.01427276284232737,2.3832177062707878,base,adaptive disabled,1.15,88.5,90,90,90,80,OFF_HOURS,bearish,bearish,FVG,BOS bearish | Vol 5.5x | FVG | ChoCH | Engulfing | StrongTrend1h | Zone:FVG | MTF 19 | Risk x1.15,BOS+2 | BodyStrong+1 | 1h+2 | 4h+2 | Vol+2 | RSI+1 | BTC+2 | FVG+1 | ChoCH+1 | Engulfing+1 | Zone:FVG+1 | Sess:OFF_HOURS | Strong1h+1 | NestedOB_1h+2 | TrendPairRisk:1.15,0,0,-1.0,bear,0.3009,0,4.5215,0.0526,5.3006,-1,0.0,0.0617,1.9815,10.0,-0.0523,3.104,-1.0,0.0203,0.6591796875,12073,0,4,2.452,0.598,1,1.775,1
SUIUSDT,12073,12075,1782441000,1782443700,SHORT,TP1,0.6668,0.6609655,0.55011,0.690138,-0.03615348358899907,-0.04418919787471333,0.008035714285714257,17,4.6,37.01,0.4588859416445624,0.014209556615857495,2.0543390897651648,base,adaptive disabled,1.25,88.5,90,90,90,80,OFF_HOURS,bearish,bearish,FVG,BOS bearish | Vol 4.6x | FVG | ChoCH | Engulfing | StrongTrend1h | Zone:FVG | MTF 17 | Risk x1.25,BOS+2 | BodyStrong+1 | 1h+2 | 4h+2 | Vol+2 | RSI+1 | BTC+2 | FVG+1 | ChoCH+1 | Engulfing+1 | Zone:FVG+1 | Sess:OFF_HOURS | Strong1h+1 | QualityRisk:1.15 | TrendPairRisk:1.25,0,1,-1.0,bull,0.3072,0,4.5984,0.1111,7.1773,-1,0.0,0.0857,1.2683,0.0,-0.0699,3.292,1.0,-0.134,0.703125,12073,0,4,2.193,2.736,0,1.397,1
XRPUSDT,12073,12075,1782441000,1782443700,SHORT,TRAIL,1.0213,1.01305786,0.85645721,1.05426856,0.1296689937322119,0.12269894408491155,0.006970049647300377,19,5.94,33.07,0.6211699164345431,0.009549506919324333,1.7726272220700907,base,adaptive disabled,1.15,84.5,90,100,70,80,OFF_HOURS,bearish,bearish,FVG,BOS bearish | Vol 5.9x | FVG | MACD_Div | ChoCH | Engulfing | StrongTrend1h | Zone:FVG | MTF 19 | Risk x1.15,BOS+2 | 1h+2 | 4h+2 | Vol+2 | RSI+1 | BTC+2 | FVG+1 | MACD_Div+1 | ChoCH+1 | Engulfing+1 | Zone:FVG+1 | Sess:OFF_HOURS | Strong1h+1 | NestedOB_1h+2 | TrendPairRisk:1.15,0,1,-1.0,bull,0.2793,0,5.3165,0.0526,5.7822,-1,0.0,0.0303,1.6015,0.0,-0.0037,3.32,1.0,-0.0127,0.5625,12073,0,4,2.76,1.636,0,1.789,1
SUIUSDT,12074,12075,1782441900,1782443700,SHORT,TP1,0.6668,0.6609655,0.55011,0.690138,-0.03615348358899907,-0.04418919787471333,0.008035714285714257,15,1.64,38.22,0.5277777777777795,0.014379699760024567,2.099123563107521,base,adaptive disabled,1.25,76.5,90,90,50,80,OFF_HOURS,bearish,bearish,FVG,BOS bearish | Vol 1.6x | FVG | ChoCH | Engulfing | StrongTrend1h | Zone:FVG | MTF 15 | Risk x1.25,BOS+2 | 1h+2 | 4h+2 | Vol+1 | RSI+1 | BTC+2 | FVG+1 | ChoCH+1 | Engulfing+1 | Zone:FVG+1 | Sess:OFF_HOURS | Strong1h+1 | QualityRisk:1.15 | TrendPairRisk:1.25,0,1,-1.0,bull,0.3072,0,4.4491,0.1765,5.7377,-1,0.0,0.0857,1.2683,0.0,-0.0577,2.186,1.0,-0.0851,0.703125,12074,1,5,2.076,2.946,0,0.751,0
ADAUSDT,12075,12091,1782442800,1782458100,SHORT,SL,0.1405,0.1392942,0.11638396,0.14532321,-0.52734375,-0.5334883546823589,0.006144604682358852,17,1.46,35.98,0.571428571428576,0.013826769393470134,2.18462956570456,base,adaptive disabled,1.15,76.5,90,90,50,80,OFF_HOURS,bearish,bearish,FVG,BOS bearish | Vol 1.5x | FVG | MACD_Div | ChoCH | Engulfing | BearWick | StrongTrend1h | Zone:FVG | MTF 17 | Risk x1.15,BOS+2 | 1h+2 | 4h+2 | Vol+1 | RSI+1 | BTC+2 | FVG+1 | MACD_Div+1 | ChoCH+1 | Engulfing+1 | BearWick+1 | Zone:FVG+1 | Sess:OFF_HOURS | Strong1h+1 | TrendPairRisk:1.15,0,0,-1.0,range,0.3214,2,3.6161,0.1765,3.6492,-1,0.0,1.3684,1.9074,0.0,0.0447,1.49,1.0,-0.1009,0.52734375,12074,1,6,2.639,0.782,1,1.466,1
ETHUSDT,12117,12124,1782480600,1782487800,SHORT,SL,1543.56,1533.18143673,1335.98873461,1585.07425308,-1.25,-1.2685907234923086,0.01859072349230853,17,2.18,35.23,0.3115739746618027,0.009565637671765869,1.9286373541813895,base,adaptive disabled,1.15,81.9,90,87,70,80,NEW_YORK,bearish,bearish,FVG,BOS bearish | Vol 2.2x | FVG | LiqSweep | ChoCH | Engulfing | Session:NEW_YORK | StrongTrend1h | Zone:FVG | MTF 17 | Risk x1.15,BOS+2 | 1h+2 | 4h+2 | Vol+2 | RSI+1 | BTC+2 | FVG+1 | LiqSweep+1 | ChoCH+1 | Engulfing+1 | Zone:FVG+1 | Sess:NEW_YORK | Strong1h+1 | TrendPairRisk:1.15,0,0,-1.0,range,0.4435,2,3.7462,0.0526,2.138,-1,0.0,1.0375,1.5176,0.588,-0.126,1.523,1.0,-0.4508,1.25,12117,2,3,0.985,0.282,1,1.434,1
BTCUSDT,12118,12309,1782481500,1782654300,SHORT,EXPIRED,59542.6,59196.65187626,52623.63752514,60926.39249497,-0.41058825465361054,-0.4282366879411313,0.017648433287520762,18,2.47,37.09,0.3218035074943897,0.010423934837370549,2.4486340490648417,base,adaptive disabled,1.15,82.1,90,88,70,80,OVERLAP,bearish,bearish,FVG,BOS bearish | Vol 2.5x | FVG | ChoCH | BearWick | Session:OVERLAP | StrongTrend1h | Zone:FVG | MTF 18 | Risk x1.15,BOS+2 | 1h+2 | 4h+2 | Vol+2 | RSI+1 | BTC+2 | FVG+1 | ChoCH+1 | BearWick+1 | Zone:FVG+1 | Sess:OVERLAP | Strong1h+1 | NestedOB_1h+2 | TrendPairRisk:1.15,0,0,-1.0,range,0.6047,0,4.7915,0.1111,3.1093,-1,0.0,0.9995,0.705,0.671,-0.2162,1.465,1.0,-0.2521,1.025390625,12115,8,1,0.111,0.364,1,2.143,2
XRPUSDT,12118,12168,1782481500,1782527400,SHORT,SL,1.0279,1.02048701,0.87964012,1.05755198,-1.3125,-1.3306993748815426,0.018199374881542538,14,1.84,33.9,0.5092936802974009,0.008680109471789519,2.2195039921535806,base,adaptive disabled,1.15,82.5,90,90,70,80,OVERLAP,bearish,bearish,FVG,BOS bearish | Vol 1.8x | FVG | ChoCH | Session:OVERLAP | StrongTrend1h | Zone:FVG | MTF 14 | Risk x1.15,BOS+2 | BodyStrong+1 | 1h+2 | 4h+2 | Vol+1 | RSI+1 | BTCok+1 | FVG+1 | ChoCH+1 | Zone:FVG+1 | Sess:OVERLAP | Strong1h+1 | TrendPairRisk:1.15,0,1,-1.0,bull,0.6034,0,4.182,0.1111,2.1913,-1,0.0,1.2849,0.634,0.83,-0.1796,0.574,1.0,-0.4069,1.3125,12114,7,5,1.412,1.431,0,1.926,2
SUIUSDT,12184,12186,1782540900,1782543600,LONG,TRAIL,0.7101,0.71425819,0.79326377,0.69346725,0.40444123859963155,0.3804264935935441,0.024014745006087423,14,2.18,60.24,0.21782178217821585,0.00799686016372264,1.8600696743484464,base,adaptive disabled,1.25,77.0,65,76,90,80,OFF_HOURS,bullish,neutral,FVG,BOS bullish | Vol 2.2x | FVG | ChoCH | StrongTrend1h | Zone:FVG | MTF 14 | Risk x1.25,BOS+2 | BodyStrong+1 | 1h+2 | 4hN+1 | Vol+2 | RSI+1 | BTCok+1 | FVG+1 | ChoCH+1 | Zone:FVG+1 | Sess:OFF_HOURS | Strong1h+1 | QualityRisk:1.15 | RelStrengthRisk:1.25,0,0,-1.0,bull,0.3352,0,2.8353,0.1111,2.8957,-1,0.0,0.012,1.7075,0.579,0.0693,1.322,1.0,0.2104,1.40625,12184,0,1,0.055,0.165,1,1.652,2
SUIUSDT,12187,12189,1782543600,1782546300,LONG,TRAIL,0.7101,0.71381025,0.78430498,0.695259,0.1978188428776126,0.18167041959077207,0.01614842328684052,13,1.5,66.99,0.3130434782608686,0.006221133385121276,1.4470356255865788,base,adaptive disabled,1.25,75.2,65,97,70,80,OFF_HOURS,bullish,neutral,FVG,BOS bullish | Vol 1.5x | FVG | ChoCH | StrongTrend1h | Zone:FVG | MTF 13 | Risk x1.25,BOS+2 | BodyStrong+1 | 1h+2 | 4hN+1 | Vol+1 | RSI+1 | BTCok+1 | FVG+1 | ChoCH+1 | Zone:FVG+1 | Sess:OFF_HOURS | Strong1h+1 | QualityRisk:1.15 | RelStrengthRisk:1.25,0,0,-1.0,bull,0.4152,0,3.0761,0.0526,1.2786,-1,0.0,0.1348,1.4285,0.857,0.1132,1.139,1.0,0.3163,0.84375,12186,2,3,1.291,1.84,0,1.648,2
AVAXUSDT,12208,12215,1782562500,1782569700,LONG,TRAIL,6.528,6.55831538,7.13430751,6.4067385,0.5032197798854392,0.46553593134323884,0.03768384854220036,19,1.62,52.45,0.12328767123287955,0.009831330033473506,1.837616030856187,base,adaptive disabled,1.25,77.3,90,64,70,80,OVERLAP,bullish,bullish,FVG,BOS bullish | Vol 1.6x | FVG | LiqSweep | MACD_Div | ChoCH | BullWick | Session:OVERLAP | StrongTrend1h | Zone:FVG | MTF 19 | Risk x1.25,BOS+2 | BodyStrong+1 | 1h+2 | 4h+2 | Vol+1 | RSI+1 | BTCok+1 | FVG+1 | LiqSweep+1 | MACD_Div+1 | ChoCH+1 | BullWick+1 | Zone:FVG+1 | Sess:OVERLAP | Strong1h+1 | NestedOB_1h+2 | QualityRisk:1.15 | RelStrengthRisk:1.25,0,0,-1.0,range,0.3806,0,3.4238,5.6667,1.7836,-1,0.0,0.1072,3.6945,0.0,-0.0613,1.289,1.0,-0.1221,1.75,12208,0,1,0.314,2.222,0,1.255,2
SUIUSDT,12227,12237,1782579600,1782589500,LONG,SL,0.7075,0.7113915,0.78532997,0.69193401,-1.0,-1.0181806618146356,0.018180661814635592,15,1.31,66.53,0.4857142857142821,0.007234911117729494,1.6857342906721342,base,adaptive disabled,1.15,78.5,90,100,50,80,NEW_YORK,bullish,bullish,FVG,BOS bullish | Vol 1.3x | FVG | LiqSweep | ChoCH | Session:NEW_YORK | StrongTrend1h | Zone:FVG | MTF 15 | Risk x1.15,BOS+2 | 1h+2 | 4h+2 | Vol+1 | RSI+1 | BTC+2 | FVG+1 | LiqSweep+1 | ChoCH+1 | Zone:FVG+1 | Sess:NEW_YORK | Strong1h+1 | QualityRisk:1.15,0,0,-1.0,bull,0.4096,1,1.9311,0.4286,0.8502,-1,0.0,1.317,0.9251,1.109,0.101,0.76,1.0,0.3631,1.0,12222,1,2,0.951,0.238,1,0.743,0
SUIUSDT,12227,12237,1782579600,1782589500,LONG,SL,0.7075,0.71135185,0.78453707,0.69209259,-1.0,-1.0183677853708053,0.018367785370805332,15,1.36,60.81,0.2909090909090889,0.004789093264000277,1.152024641877754,base,adaptive disabled,1.15,83.3,90,94,70,80,NEW_YORK,bullish,bullish,FVG,BOS bullish | Vol 1.4x | FVG | ChoCH | Session:NEW_YORK | StrongTrend1h | Zone:FVG | MTF 15 | Risk x1.15,BOS+2 | BodyStrong+1 | 1h+2 | 4h+2 | Vol+1 | RSI+1 | BTC+2 | FVG+1 | ChoCH+1 | Zone:FVG+1 | Sess:NEW_YORK | Strong1h+1 | QualityRisk:1.15,0,0,-1.0,bull,0.4096,1,2.0266,0.4286,0.8502,-1,0.0,1.3305,0.9346,0.485,0.0665,1.68,1.0,0.238,1.0,12224,3,4,0.53,0.156,1,0.779,0
LINKUSDT,12250,12260,1782600300,1782610200,SHORT,TRAIL,7.308,7.28037661,6.75553228,7.41849354,0.2561785770750299,0.21277445589292288,0.04340412118210703,14,1.31,35.12,0.3636363636363673,0.004385847745789716,1.911713635102336,base,adaptive disabled,1.0,72.0,60,90,70,80,DEAD_ZONE,neutral,bearish,FVG,BOS bearish | Vol 1.3x | FVG | ChoCH | BearWick | Zone:FVG | MTF 14,BOS+2 | BodyStrong+1 | 1hN+1 | 4h+2 | Vol+1 | RSI+1 | BTC+2 | FVG+1 | ChoCH+1 | BearWick+1 | Zone:FVG+1 | Sess:DEAD_ZONE,0,0,-1.0,bear,0.4276,0,4.1714,0.1111,2.9743,-1,0.0,0.1991,1.0498,0.627,0.1106,1.231,1.0,-0.2889,1.640625,12250,3,2,0.213,0.851,1,1.064,2
BTCUSDT,12279,12279,1782626400,1782627300,SHORT,TP1,59998.7,59818.7039,56398.778,60718.6844,0.0,-0.009228515624999984,0.009228515624999984,13,5.77,29.84,0.5298710115410761,0.003012846268208854,1.7306341463621293,base,adaptive disabled,1.0,80.0,60,100,90,80,OFF_HOURS,neutral,bearish,FVG,BOS bearish | Vol 5.8x | FVG | ChoCH | Zone:FVG | MTF 13,BOS+2 | BodyStrong+1 | 1hN+1 | 4h+2 | Vol+2 | BTC+2 | FVG+1 | ChoCH+1 | Zone:FVG+1 | Sess:OFF_HOURS,0,0,-1.0,range,0.4688,0,3.5827,0.1765,3.1228,-1,0.0,0.001,1.0172,10.0,-0.0341,2.625,1.0,-0.3324,0.27685546875,12277,0,1,1.727,2.182,0,0.735,0
BTCUSDT,12279,12279,1782626400,1782627300,SHORT,TP1,59998.7,59818.7039,56398.778,60718.6844,0.0,-0.016406249999999973,0.016406249999999973,14,2.22,36.96,0.5794638163658697,0.0035318758186456355,2.0287742381534346,base,adaptive disabled,1.0,78.0,60,90,90,80,OFF_HOURS,neutral,bearish,FVG,BOS bearish | Vol 2.2x | FVG | ChoCH | Zone:FVG | MTF 14,BOS+2 | BodyStrong+1 | 1hN+1 | 4h+2 | Vol+2 | RSI+1 | BTC+2 | FVG+1 | ChoCH+1 | Zone:FVG+1 | Sess:OFF_HOURS,0,0,-1.0,range,0.4688,0,3.4999,0.1765,3.1228,-1,0.0,0.001,1.0172,0.0,-0.0019,1.71,1.0,-0.245,0.4921875,12278,1,2,0.969,0.586,1,0.718,0
ETHUSDT,12281,12291,1782628200,1782638100,SHORT,SL,1566.15,1561.45155,1472.181,1584.9438,-0.5625,-0.58125,0.018750000000000083,16,1.52,37.23,0.4188412206988005,0.0031234456065422148,1.2972820347088996,base,adaptive disabled,1.15,84.5,90,100,70,80,OFF_HOURS,bearish,bearish,FVG,BOS bearish | Vol 1.5x | FVG | ChoCH | Engulfing | StrongTrend1h | Zone:FVG | MTF 16 | Risk x1.15,BOS+2 | BodyStrong+1 | 1h+2 | 4h+2 | Vol+1 | RSI+1 | BTC+2 | FVG+1 | ChoCH+1 | Engulfing+1 | Zone:FVG+1 | Sess:OFF_HOURS | Strong1h+1 | TrendPairRisk:1.15,0,0,-1.0,bear,0.2571,0,2.7247,0.0526,1.5049,-1,0.0,1.0397,0.3448,10.0,-0.112,1.482,1.0,-0.2156,0.5625,12281,0,4,0.761,0.736,1,1.026,1
LINKUSDT,12281,12289,1782628200,1782636300,SHORT,SL,7.24,7.21679731,6.77594623,7.33281075,-0.52734375,-0.5437986057144512,0.016454855714451194,16,2.19,35.05,0.49295774647886775,0.003824872595900683,1.6336705834834253,base,adaptive disabled,1.15,84.5,90,100,70,80,OFF_HOURS,bearish,bearish,FVG,BOS bearish | Vol 2.2x | FVG | ChoCH | Engulfing | StrongTrend1h | Zone:FVG | MTF 16 | Risk x1.15,BOS+2 | 1h+2 | 4h+2 | Vol+2 | RSI+1 | BTC+2 | FVG+1 | ChoCH+1 | Engulfing+1 | Zone:FVG+1 | Sess:OFF_HOURS | Strong1h+1 | TrendPairRisk:1.15,0,0,-1.0,range,0.2553,0,3.2441,0.0526,2.1832,-1,0.0,1.2499,0.3448,0.0,-0.0947,2.082,1.0,-0.3426,0.52734375,12281,0,4,1.447,4.428,0,1.052,1
SUIUSDT,12281,12289,1782628200,1782636300,SHORT,SL,0.6796,0.67743952,0.63639037,0.68824193,-0.75,-0.773591952260664,0.02359195226066394,16,2.87,39.15,0.267080745341613,0.004909093426566588,1.2489097315553532,base,adaptive disabled,1.25,88.9,90,92,90,80,OFF_HOURS,bearish,bearish,FVG,BOS bearish | Vol 2.9x | FVG | ChoCH | StrongTrend1h | Zone:FVG | MTF 16 | Risk x1.25,BOS+2 | BodyStrong+1 | 1h+2 | 4h+2 | Vol+2 | RSI+1 | BTC+2 | FVG+1 | ChoCH+1 | Zone:FVG+1 | Sess:OFF_HOURS | Strong1h+1 | QualityRisk:1.15 | TrendPairRisk:1.25,0,0,-1.0,range,0.3444,0,2.5165,0.0526,2.9808,-1,0.0,1.1571,0.4629,3.0,0.0443,2.539,1.0,-0.0521,0.75,12281,0,4,0.255,0.656,1,1.131,1
ETHUSDT,12283,12321,1782630000,1782665100,SHORT,TP1,1572.11,1567.39367,1477.7834,1590.97532,0.0,-0.018749999999999892,0.018749999999999892,15,1.41,32.94,0.465509365006848,0.0033042108809647384,1.3723605129498475,base,adaptive disabled,1.15,84.5,90,100,70,80,OFF_HOURS,bearish,bearish,FVG,BOS bearish | Vol 1.4x | FVG | ChoCH | StrongTrend1h | Zone:FVG | MTF 15 | Risk x1.15,BOS+2 | BodyStrong+1 | 1h+2 | 4h+2 | Vol+1 | RSI+1 | BTC+2 | FVG+1 | ChoCH+1 | Zone:FVG+1 | Sess:OFF_HOURS | Strong1h+1 | TrendPairRisk:1.15,0,0,-1.0,bear,0.5903,0,1.9208,0.1765,0.8493,-1,0.0,0.8736,1.2064,0.0,-0.1188,0.887,1.0,-0.2602,0.5625,12280,3,3,1.21,0.291,1,0.548,0
LINKUSDT,12283,12343,1782630000,1782684900,SHORT,TRAIL,7.278,7.175,6.84132,7.365336,0.5313530502885327,0.5137749252885329,0.017578124999999892,14,1.33,31.57,0.4620689655172439,0.003867152731066465,1.6517291753330123,base,adaptive disabled,1.15,84.5,90,100,70,80,OFF_HOURS,bearish,bearish,FVG,BOS bearish | Vol 1.3x | FVG | ChoCH | StrongTrend1h | Zone:FVG | MTF 14 | Risk x1.15,BOS+2 | BodyStrong+1 | 1h+2 | 4h+2 | Vol+1 | BTC+2 | FVG+1 | ChoCH+1 | Zone:FVG+1 | Sess:OFF_HOURS | Strong1h+1 | TrendPairRisk:1.15,0,0,-1.0,range,0.6596,0,2.2888,0.1765,2.0422,-1,0.0,0.8931,1.1165,0.0,-0.1371,0.718,1.0,-0.4267,0.52734375,12280,3,3,1.849,4.049,1,0.836,0
SUIUSDT,12283,12305,1782630000,1782650700,SHORT,SL,0.682,0.6734,0.64108,0.690184,-0.75,-0.7750000000000001,0.0250000000000001,16,2.11,34.68,0.3333333333333333,0.004806551812191368,1.2672658722068921,base,adaptive disabled,1.25,90.5,90,100,90,80,OFF_HOURS,bearish,bearish,FVG,BOS bearish | Vol 2.1x | FVG | ChoCH | StrongTrend1h | Zone:FVG | MTF 16 | Risk x1.25,BOS+2 | BodyStrong+1 | 1h+2 | 4h+2 | Vol+2 | RSI+1 | BTC+2 | FVG+1 | ChoCH+1 | Zone:FVG+1 | Sess:OFF_HOURS | Strong1h+1 | QualityRisk:1.15 | TrendPairRisk:1.25,0,0,-1.0,range,0.6111,0,2.3578,0.1765,1.4711,-1,0.0,1.1608,0.2209,0.0,-0.0633,1.1,1.0,-0.1135,0.75,12280,3,3,0.774,0.147,1,0.81,0
XRPUSDT,12283,12397,1782630000,1782733500,SHORT,SL,1.0471,1.0307,1.0273,1.0596652,-0.75,-0.7749999999999999,0.02499999999999989,16,2.89,37.32,0.2800000000000116,0.004247118734986791,1.796870994568135,base,adaptive disabled,1.15,89.1,90,93,90,80,OFF_HOURS,bearish,bearish,FVG,BOS bearish | Vol 2.9x | FVG | ChoCH | StrongTrend1h | Zone:FVG | MTF 16 | Risk x1.15,BOS+2 | BodyStrong+1 | 1h+2 | 4h+2 | Vol+2 | RSI+1 | BTC+2 | FVG+1 | ChoCH+1 | Zone:FVG+1 | Sess:OFF_HOURS | Strong1h+1 | TrendPairRisk:1.15,0,0,-1.0,bear,0.5378,0,2.2123,0.1765,2.0141,-1,0.0,1.0824,0.9695,0.0,-0.0676,1.399,1.0,-0.1968,0.75,12280,3,3,0.837,1.375,1,0.747,0
SOLUSDT,12306,12334,1782650700,1782676800,LONG,SL,71.82,72.20357993,79.49159854,70.28568029,-2.0,-2.0374472149614764,0.03744721496147653,16,1.31,57.06,0.18292682926830114,0.006446063424782063,1.757543985320908,base,adaptive disabled,1.15,70.2,60,81,70,80,OVERLAP,neutral,bullish,FVG,BOS bullish | Vol 1.3x | FVG | ChoCH | Engulfing | Session:OVERLAP | Zone:FVG | MTF 16 | Risk x1.15,BOS+2 | BodyStrong+1 | 1hN+1 | 4h+2 | Vol+1 | RSI+1 | BTC+2 | FVG+1 | ChoCH+1 | Engulfing+1 | Zone:FVG+1 | Sess:OVERLAP | NestedOB_1h+2 | QualityRisk:1.15,0,0,-1.0,range,0.3567,0,2.8788,0.0526,1.278,-1,0.0,1.0558,0.9125,0.476,0.1176,0.683,1.0,0.1957,2.0,12306,15,1,0.706,1.129,0,1.919,1
BTCUSDT,12323,12326,1782666000,1782669600,SHORT,TRAIL,59770.0,59565.31199646,55676.23992927,60588.75201415,0.09240435283514238,0.08419170128279076,0.008212651552351614,14,1.32,30.72,0.6722388912701871,0.0033431887050681757,1.412098111262176,base,adaptive disabled,1.15,84.5,90,100,70,80,NEW_YORK,bearish,bearish,FVG,BOS bearish | Vol 1.3x | FVG | ChoCH | Session:NEW_YORK | StrongTrend1h | Zone:FVG | MTF 14 | Risk x1.15,BOS+2 | BodyStrong+1 | 1h+2 | 4h+2 | Vol+1 | BTC+2 | FVG+1 | ChoCH+1 | Zone:FVG+1 | Sess:NEW_YORK | Strong1h+1 | TrendPairRisk:1.15,0,0,-1.0,bear,0.247,0,3.1874,0.0526,1.2874,-1,0.0,0.0651,2.0138,2.531,-0.1617,1.355,1.0,-0.5423,0.28125,12323,1,4,1.653,0.817,1,0.974,6
ETHUSDT,12323,12335,1782666000,1782677700,SHORT,TRAIL,1576.23,1556.2,1481.6562,1595.14476,0.8625208567277713,0.8187708567277711,0.04375000000000026,14,3.97,31.79,0.6886746987951975,0.004490709577914217,1.424564894979467,base,adaptive disabled,1.0,80.0,60,100,90,80,NEW_YORK,neutral,bearish,FVG,BOS bearish | Vol 4.0x | FVG | LiqSweep | ChoCH | Session:NEW_YORK | Zone:FVG | MTF 14,BOS+2 | BodyStrong+1 | 1hN+1 | 4h+2 | Vol+2 | BTC+2 | FVG+1 | LiqSweep+1 | ChoCH+1 | Zone:FVG+1 | Sess:NEW_YORK,0,0,-1.0,range,0.4635,0,3.2512,0.0526,1.5506,-1,0.0,0.0301,1.0334,0.0,-0.1115,2.299,1.0,-0.3311,1.3125,12322,0,1,1.745,0.067,1,1.241,6
BTCUSDT,12348,12363,1782688500,1782702900,SHORT,SL,59414.3,58468.0,58300.0,60127.2716,-0.28125,-0.290625,0.00937500000000004,17,1.54,38.77,0.3164437450826098,0.0061968353167834835,2.4597062941695005,base,adaptive disabled,1.25,84.9,90,87,80,80,DEAD_ZONE,bearish,bearish,OB,BOS bearish | Vol 1.5x | FVG | OB | ChoCH | Engulfing | StrongTrend1h | Zone:OB | MTF 17 | Risk x1.25,BOS+2 | BodyStrong+1 | 1h+2 | 4h+2 | Vol+1 | RSI+1 | BTC+2 | FVG+1 | OB+1 | ChoCH+1 | Engulfing+1 | Zone:OB+1 | Sess:DEAD_ZONE | Strong1h+1 | QualityRisk:1.15 | TrendPairRisk:1.25,0,0,-1.0,range,0.5425,0,4.403,0.1111,2.1587,-1,0.0,1.0529,0.5872,0.0,-0.0202,0.998,1.0,-0.1263,0.28125,12348,4,2,0.059,0.779,1,1.547,3
SOLUSDT,12401,12403,1782736200,1782738900,LONG,TP1,73.63,74.15749253,84.1798506,71.52002988,0.0,-0.02290065012863784,0.02290065012863784,16,1.72,66.56,0.3313253012048211,0.01301427648503345,2.0133362621873556,base,adaptive disabled,1.15,76.3,90,89,50,80,OVERLAP,bullish,bullish,FVG,BOS bullish | Vol 1.7x | FVG | ChoCH | BullWick | Session:OVERLAP | StrongTrend1h | Zone:FVG | MTF 16 | Risk x1.15,BOS+2 | 1h+2 | 4h+2 | Vol+1 | RSI+1 | BTCok+1 | FVG+1 | ChoCH+1 | BullWick+1 | Zone:FVG+1 | Sess:OVERLAP | Strong1h+1 | NestedOB_1h+2 | QualityRisk:1.15,0,0,-1.0,bull,0.2512,3,3.6966,0.1111,3.853,-1,0.0,0.2891,1.6683,2.292,0.1577,2.053,1.0,0.2922,1.640625,12401,0,1,0.625,1.822,0,0.839,2
SOLUSDT,12404,12414,1782738900,1782748800,LONG,TRAIL,73.63,74.17515528,84.5331056,71.44937888,0.15047318261322185,0.13781107925800898,0.012662103355212862,14,1.39,64.08,0.23115577889447256,0.012589966458794788,1.9476945983408562,base,adaptive disabled,1.25,79.9,90,77,70,80,NEW_YORK,bullish,bullish,FVG,BOS bullish | Vol 1.4x | FVG | ChoCH | Session:NEW_YORK | StrongTrend1h | Zone:FVG | MTF 14 | Risk x1.25,BOS+2 | BodyStrong+1 | 1h+2 | 4h+2 | Vol+1 | RSI+1 | BTCok+1 | FVG+1 | ChoCH+1 | Zone:FVG+1 | Sess:NEW_YORK | Strong1h+1 | QualityRisk:1.15 | RelStrengthRisk:1.25,0,0,-1.0,bull,0.3621,2,3.8533,0.1765,1.8349,-1,0.0,0.6191,1.4308,1.917,0.0988,1.044,1.0,0.1924,0.9375,12404,3,4,0.761,1.411,0,1.332,1
BTCUSDT,12409,12412,1782743400,1782747000,SHORT,TRAIL,59576.3,59187.83663161,51807.03263221,61130.15347356,0.07847312369687848,0.07281183503835341,0.005661288658525074,15,1.99,35.02,0.2440845647310892,0.009436242150646132,2.795329310943718,base,adaptive disabled,1.0,69.8,60,79,70,80,NEW_YORK,neutral,bearish,FVG,BOS bearish | Vol 2.0x | FVG | LiqSweep | ChoCH | BearWick | Session:NEW_YORK | Zone:FVG | MTF 15,BOS+2 | BodyStrong+1 | 1hN+1 | 4h+2 | Vol+1 | RSI+1 | BTC+2 | FVG+1 | LiqSweep+1 | ChoCH+1 | BearWick+1 | Zone:FVG+1 | Sess:NEW_YORK,0,0,-1.0,range,0.3441,0,3.7992,0.0526,1.8633,-1,0.0,0.0635,1.3139,9.425,-0.0459,1.325,1.0,-0.1,0.369140625,12408,1,2,1.359,0.036,1,1.631,1
BTCUSDT,12465,12468,1782793800,1782797400,SHORT,TRAIL,59595.1,59362.76534304,54948.40686071,60524.43862786,0.0921949600576853,0.07957008365550966,0.012624876402175623,13,2.2,33.71,0.2903225806451613,0.002572805325815932,1.0142726968477216,base,adaptive disabled,1.15,72.8,60,94,70,80,OFF_HOURS,neutral,bearish,FVG,BOS bearish | Vol 2.2x | FVG | ChoCH | Zone:FVG | MTF 13 | Risk x1.15,BOS+2 | 1hN+1 | 4h+2 | Vol+2 | RSI+1 | BTC+2 | FVG+1 | ChoCH+1 | Zone:FVG+1 | Sess:OFF_HOURS | QualityRisk:1.15,0,0,-1.0,range,0.2232,7,3.5388,0.1111,1.5723,-1,0.0,0.0882,1.113,0.521,-0.1841,1.917,1.0,-0.4983,0.4921875,12464,0,2,1.131,0.018,1,0.803,6
ADAUSDT,12500,12515,1782825300,1782839700,SHORT,SL,0.1428,0.14209412,0.12868238,0.14562352,-0.421875,-0.4304095596985323,0.00853455969853234,15,1.68,34.48,0.5135135135135119,0.005850936149208928,1.6909205482915661,base,adaptive disabled,1.15,84.5,90,100,70,80,NEW_YORK,bearish,bearish,FVG,BOS bearish | Vol 1.7x | FVG | ChoCH | Session:NEW_YORK | StrongTrend1h | Zone:FVG | MTF 15 | Risk x1.15,BOS+2 | BodyStrong+1 | 1h+2 | 4h+2 | Vol+1 | RSI+1 | BTC+2 | FVG+1 | ChoCH+1 | Zone:FVG+1 | Sess:NEW_YORK | Strong1h+1 | TrendPairRisk:1.15,0,0,-1.0,range,0.3,0,4.1699,0.1111,2.88,-1,0.0,1.275,0.5667,10.0,-0.1811,0.954,1.0,-0.2716,0.421875,12500,2,5,1.925,2.887,0,1.764,5
BTCUSDT,12549,12558,1782869400,1782878400,SHORT,SL,58553.2,58377.5404,55040.008,59255.8384,-0.2109375,-0.21796875,0.007031249999999965,17,17.82,32.8,0.46790176647996634,0.006616396314518655,2.173328124764352,base,adaptive disabled,1.15,88.5,90,90,90,80,OFF_HOURS,bearish,bearish,FVG,BOS bearish | Vol 17.8x | FVG | ChoCH | Engulfing | StrongTrend1h | Zone:FVG | MTF 17 | Risk x1.15,BOS+2 | BodyStrong+1 | 1h+2 | 4h+2 | Vol+2 | RSI+1 | BTC+2 | FVG+1 | ChoCH+1 | Engulfing+1 | Zone:FVG+1 | Sess:OFF_HOURS | Strong1h+1 | TrendPairRisk:1.15,0,0,-1.0,range,0.7682,0,4.6135,0.1111,13.0128,-1,0.0,1.0878,1.4391,1.618,-0.1285,4.581,1.0,-0.502,0.2109375,12548,2,3,1.648,0.485,1,1.842,1
XRPUSDT,12549,12557,1782869400,1782877500,SHORT,SL,1.0343,1.03053278,0.9589557,1.04936886,-0.703125,-0.7224295044548825,0.019304504454882503,15,3.47,36.52,0.43333333333332924,0.00853387930207815,2.4007878287530935,base,adaptive disabled,1.15,82.5,90,90,70,80,OFF_HOURS,bearish,bearish,FVG,BOS bearish | Vol 3.5x | FVG | ChoCH | StrongTrend1h | Zone:FVG | MTF 15 | Risk x1.15,BOS+2 | 1h+2 | 4h+2 | Vol+2 | RSI+1 | BTC+2 | FVG+1 | ChoCH+1 | Zone:FVG+1 | Sess:OFF_HOURS | Strong1h+1 | TrendPairRisk:1.15,0,0,-1.0,bear,0.5593,0,4.4083,0.1111,9.6074,-1,0.0,1.1481,0.6636,3.714,0.0287,2.154,1.0,-0.4582,0.703125,12549,0,4,1.231,0.246,1,1.611,1
SOLUSDT,12551,12554,1782871200,1782874800,LONG,TRAIL,73.74,74.24708932,83.88178633,71.71164273,0.7589142669599277,0.7365477029016639,0.02236656405826375,15,2.15,56.49,0.130742049469967,0.011111746409218056,2.04400575197841,base,adaptive disabled,1.15,73.0,60,65,90,80,OFF_HOURS,neutral,bullish,FVG,BOS bullish | Vol 2.1x | FVG | LiqSweep | ChoCH | Zone:FVG | MTF 15 | Risk x1.15,BOS+2 | BodyStrong+1 | 1hN+1 | 4h+2 | Vol+2 | RSI+1 | BTC+2 | FVG+1 | LiqSweep+1 | ChoCH+1 | Zone:FVG+1 | Sess:OFF_HOURS | QualityRisk:1.15,0,0,-1.0,range,0.2757,0,4.4736,0.1111,3.3065,-1,0.0,0.0049,2.4453,0.0,0.0707,1.942,-1.0,-0.0289,1.5380859375,12551,0,1,0.063,0.105,1,1.108,2
SOLUSDT,12555,12559,1782874800,1782879300,LONG,TRAIL,74.65,75.3031875,87.71375,72.03725,0.06910448733995596,0.0663924337685274,0.0027120535714285662,15,1.42,64.29,0.33512064343163633,0.006379647649919714,1.2280821726111928,base,adaptive disabled,1.25,84.5,90,100,70,80,OFF_HOURS,bullish,bullish,FVG,BOS bullish | Vol 1.4x | FVG | ChoCH | StrongTrend1h | Zone:FVG | MTF 15 | Risk x1.25,BOS+2 | BodyStrong+1 | 1h+2 | 4h+2 | Vol+1 | RSI+1 | BTC+2 | FVG+1 | ChoCH+1 | Zone:FVG+1 | Sess:OFF_HOURS | Strong1h+1 | QualityRisk:1.15 | RelStrengthRisk:1.25,0,0,-1.0,range,0.1183,0,3.7633,0.1111,2.03,-1,0.0,0.1301,1.531,10.0,0.2089,2.06,1.0,0.1648,0.2373046875,12555,0,5,1.798,3.596,0,0.69,3
SOLUSDT,12556,12557,1782875700,1782877500,LONG,TP1,74.4,75.051,87.42,71.796,0.0,-0.007910156250000003,0.007910156250000003,13,2.8,68.51,0.3387096774193576,0.00715689468210452,1.316510776774897,base,adaptive disabled,1.15,80.0,60,100,90,80,OFF_HOURS,neutral,bullish,FVG,BOS bullish | Vol 2.8x | FVG | ChoCH | Zone:FVG | MTF 13 | Risk x1.15,BOS+2 | BodyStrong+1 | 1hN+1 | 4h+2 | Vol+2 | BTC+2 | FVG+1 | ChoCH+1 | Zone:FVG+1 | Sess:OFF_HOURS | QualityRisk:1.15,0,0,-1.0,range,0.2079,0,2.5525,0.1765,1.5749,-1,0.0,0.0346,1.2135,3.6,0.27,2.362,1.0,0.2577,0.692138671875,12554,0,4,2.205,3.063,0,0.694,0
LINKUSDT,12574,12599,1782891900,1782915300,SHORT,SL,7.204,7.16449546,6.41390923,7.36201815,-2.0,-2.036471759731398,0.0364717597313979,15,3.0,38.0,0.9122807017543877,0.00370868731630989,1.1109063798884435,base,adaptive disabled,1.15,74.0,60,100,70,80,LONDON,neutral,bearish,FVG,BOS bearish | Vol 3.0x | FVG | ChoCH | Session:LONDON | Zone:FVG | MTF 15 | Risk x1.15,BOS+2 | 1hN+1 | 4h+2 | Vol+2 | RSI+1 | BTC+2 | FVG+1 | ChoCH+1 | Zone:FVG+1 | Sess:LONDON | NestedOB_1h+2 | QualityRisk:1.15,0,1,-1.0,bull,0.1899,0,3.0648,0.1765,1.3003,-1,0.0,1.0442,0.8607,0.0,-0.0346,3.338,1.0,-0.0842,2.0,12574,3,4,1.099,0.6,1,0.899,7
AVAXUSDT,12583,12597,1782900000,1782913500,LONG,SL,6.668,6.69304622,7.16892445,6.56781511,-1.0,-1.0266227771473322,0.02662277714733219,16,1.31,59.91,0.3513513513513522,0.005605245109204573,1.3274421542748787,base,adaptive disabled,1.15,78.5,90,100,50,80,LONDON,bullish,bullish,FVG,BOS bullish | Vol 1.3x | FVG | ChoCH | Engulfing | BullWick | Session:LONDON | StrongTrend1h | Zone:FVG | MTF 16 | Risk x1.15,BOS+2 | 1h+2 | 4h+2 | Vol+1 | RSI+1 | BTC+2 | FVG+1 | ChoCH+1 | Engulfing+1 | BullWick+1 | Zone:FVG+1 | Sess:LONDON | Strong1h+1 | QualityRisk:1.15,0,0,-1.0,range,0.32,0,2.6099,-1.0,-1.0,-1,0.0,1.1179,0.9582,0.0,0.2679,1.058,-1.0,-0.117,1.0,12580,21,1,0.404,1.087,0,0.497,5
AVAXUSDT,12583,12597,1782900000,1782913500,LONG,SL,6.67,6.6947728,7.16545591,6.57090882,-1.0,-1.0269246970315622,0.02692469703156217,13,1.34,61.38,0.321100917431194,0.0024942334483179997,0.6036968735187952,base,adaptive disabled,1.0,76.1,90,88,50,80,LONDON,bullish,bullish,FVG,BOS bullish | Vol 1.3x | FVG | ChoCH | Session:LONDON | StrongTrend1h | Zone:FVG | MTF 13,BOS+2 | 1h+2 | 4h+2 | Vol+1 | RSI+1 | BTCok+1 | FVG+1 | ChoCH+1 | Zone:FVG+1 | Sess:LONDON | Strong1h+1,0,0,-1.0,range,0.3,0,2.8875,-1.0,-1.0,-1,0.0,1.1505,0.8881,0.0,0.1713,2.44,1.0,-0.1808,1.0,12583,2,4,0.756,0.894,0,0.55,5
BTCUSDT,12596,12598,1782911700,1782914400,SHORT,SL,58773.7,57750.0,55247.278,59478.9844,-0.65625,-0.6781249999999999,0.021874999999999874,15,1.6,35.83,0.4937659203646679,0.003794482885608553,1.2402837006700462,base,adaptive disabled,1.15,84.5,90,100,70,80,OVERLAP,bearish,bearish,FVG,BOS bearish | Vol 1.6x | FVG | ChoCH | Session:OVERLAP | StrongTrend1h | Zone:FVG | MTF 15 | Risk x1.15,BOS+2 | BodyStrong+1 | 1h+2 | 4h+2 | Vol+1 | RSI+1 | BTC+2 | FVG+1 | ChoCH+1 | Zone:FVG+1 | Sess:OVERLAP | Strong1h+1 | TrendPairRisk:1.15,0,0,-1.0,bear,0.6143,0,2.5834,0.1111,1.9545,-1,0.0,1.0108,0.2018,0.0,-0.0581,1.232,1.0,-0.288,0.65625,12594,9,2,0.517,1.23,1,1.432,0
XRPUSDT,12596,12599,1782911700,1782915300,SHORT,SL,1.0415,1.0288,0.97901,1.053998,-2.0,-2.0666666666666673,0.06666666666666722,14,1.32,34.53,0.5211267605633939,0.003476619983496339,1.0390127151670776,base,adaptive disabled,1.15,74.0,60,100,70,80,OVERLAP,neutral,bearish,FVG,BOS bearish | Vol 1.3x | FVG | ChoCH | BearWick | Session:OVERLAP | Zone:FVG | MTF 14 | Risk x1.15,BOS+2 | BodyStrong+1 | 1hN+1 | 4h+2 | Vol+1 | RSI+1 | BTC+2 | FVG+1 | ChoCH+1 | BearWick+1 | Zone:FVG+1 | Sess:OVERLAP | QualityRisk:1.15,0,0,-1.0,bear,0.5168,0,1.9848,0.1111,1.9902,-1,0.0,1.1362,0.4409,0.0,-0.0651,1.112,1.0,-0.3389,2.0,12594,8,2,0.737,0.624,1,1.219,0
XRPUSDT,12596,12597,1782911700,1782913500,SHORT,TP1,1.0415,1.0383755,0.97901,1.053998,-0.2800448071691496,-0.33837814050248344,0.05833333333333382,16,1.86,39.74,0.2765957446808564,0.002960546111192019,0.9049692863699578,base,adaptive disabled,1.25,83.1,90,93,70,80,OVERLAP,bearish,bearish,FVG,BOS bearish | Vol 1.9x | FVG | ChoCH | Engulfing | Session:OVERLAP | StrongTrend1h | Zone:FVG | MTF 16 | Risk x1.25,BOS+2 | BodyStrong+1 | 1h+2 | 4h+2 | Vol+1 | RSI+1 | BTC+2 | FVG+1 | ChoCH+1 | Engulfing+1 | Zone:FVG+1 | Sess:OVERLAP | Strong1h+1 | QualityRisk:1.15 | TrendPairRisk:1.25,0,0,-1.0,bear,0.5168,0,2.0062,0.1111,1.9902,-1,0.0,0.224,1.7923,1.258,-0.0187,2.16,1.0,-0.2685,1.75,12595,9,3,0.258,1.118,0,1.232,0
AVAXUSDT,12601,12603,1782916200,1782918900,LONG,TP1,6.67,6.70786531,7.42730612,6.51853878,0.0,-0.02201883756119226,0.02201883756119226,20,2.34,58.74,0.12426035502959146,0.007401163423599394,1.5838489726741607,base,adaptive disabled,1.15,79.3,90,74,70,80,NEW_YORK,bullish,bullish,FVG,BOS bullish | Vol 2.3x | FVG | LiqSweep | MACD_Div | ChoCH | Engulfing | Session:NEW_YORK | StrongTrend1h | Zone:FVG | MTF 20 | Risk x1.15,BOS+2 | 1h+2 | 4h+2 | Vol+2 | RSI+1 | BTC+2 | FVG+1 | LiqSweep+1 | MACD_Div+1 | ChoCH+1 | Engulfing+1 | Zone:FVG+1 | Sess:NEW_YORK | Strong1h+1 | NestedOB_1h+2 | QualityRisk:1.15,0,0,-1.0,range,0.2549,0,4.0842,0.0526,2.2885,-1,0.0,0.2839,1.0036,0.0,-0.0215,2.252,1.0,-0.2786,1.25,12601,0,1,0.214,0.534,1,1.041,2
SUIUSDT,12601,12604,1782916200,1782919800,LONG,TRAIL,0.7101,0.71544387,0.81697732,0.68872454,0.12498918125069136,0.11502307993638043,0.009966101314310943,18,2.62,66.21,0.47081712062256703,0.010300814258030108,1.9446266919632542,base,adaptive disabled,1.15,88.5,90,90,90,80,NEW_YORK,bullish,bullish,FVG,BOS bullish | Vol 2.6x | FVG | LiqSweep | ChoCH | BullWick | Session:NEW_YORK | StrongTrend1h | Zone:FVG | MTF 18 | Risk x1.15,BOS+2 | BodyStrong+1 | 1h+2 | 4h+2 | Vol+2 | RSI+1 | BTC+2 | FVG+1 | LiqSweep+1 | ChoCH+1 | BullWick+1 | Zone:FVG+1 | Sess:NEW_YORK | Strong1h+1 | QualityRisk:1.15,0,1,-1.0,bear,0.2634,0,4.5944,0.1111,3.6331,-1,0.0,0.1637,2.283,0.0,0.2145,2.662,1.0,0.2102,0.75,12601,0,4,2.195,1.292,0,0.985,6
ADAUSDT,12602,12604,1782917100,1782919800,LONG,TRAIL,0.1542,0.15554925,0.181185,0.148803,0.2475333518621431,0.2394976375764288,0.008035714285714268,16,1.66,64.4,0.45454545454545403,0.018019078951329797,2.455509033278427,base,adaptive disabled,1.0,76.5,90,90,50,80,NEW_YORK,bullish,bullish,FVG,BOS bullish | Vol 1.7x | FVG | ChoCH | Engulfing | BullWick | Session:NEW_YORK | StrongTrend1h | Zone:FVG | MTF 16,BOS+2 | 1h+2 | 4h+2 | Vol+1 | RSI+1 | BTC+2 | FVG+1 | ChoCH+1 | Engulfing+1 | BullWick+1 | Zone:FVG+1 | Sess:NEW_YORK | Strong1h+1,0,0,-1.0,bull,0.4156,1,4.5255,0.1111,2.4706,-1,0.0,0.0371,2.7423,0.0,0.2853,1.442,1.0,0.2786,0.703125,12602,1,5,1.689,-1.0,0,1.148,0
ADAUSDT,12631,12677,1782943200,1782985500,LONG,TP1,0.1567,0.15801301,0.18296024,0.15144795,0.0,-0.0037761148027912854,0.0037761148027912854,20,1.88,70.16,0.4827586206896547,0.009190073932089739,1.538826824983284,base,adaptive disabled,1.15,87.5,90,100,80,80,DEAD_ZONE,bullish,bullish,OB,BOS bullish | Vol 1.9x | FVG | OB | LiqSweep | ChoCH | BullWick | StrongTrend1h | Zone:OB | 💎PREMIUM | MTF 20 | Risk x1.15,BOS+2 | BodyStrong+1 | 1h+2 | 4h+2 | Vol+1 | BTC+2 | FVG+1 | OB+1 | LiqSweep+1 | ChoCH+1 | BullWick+1 | Zone:OB+1 | Sess:DEAD_ZONE | Strong1h+1 | 💎Premium+3 | QualityRisk:1.15,1,1,-1.0,bear,0.2222,0,4.6576,0.0526,1.2028,-1,0.0,0.8378,1.2186,0.0,0.2686,1.239,1.0,0.1522,0.31640625,12630,29,2,2.376,0.665,1,0.855,5
ADAUSDT,12632,12682,1782944100,1782990000,LONG,TRAIL,0.157,0.15837375,0.184475,0.151505,0.11516151046405834,0.11034008189262977,0.004821428571428572,15,1.54,65.44,0.7551020408163303,0.008066471694620552,1.347997048530625,base,adaptive disabled,1.15,78.5,90,100,50,80,DEAD_ZONE,bullish,bullish,FVG,BOS bullish | Vol 1.5x | FVG | LiqSweep | ChoCH | StrongTrend1h | Zone:FVG | MTF 15 | Risk x1.15,BOS+2 | 1h+2 | 4h+2 | Vol+1 | RSI+1 | BTC+2 | FVG+1 | LiqSweep+1 | ChoCH+1 | Zone:FVG+1 | Sess:DEAD_ZONE | Strong1h+1 | RelStrengthRisk:1.15,0,1,-1.0,bear,0.1667,0,4.1522,0.1111,1.4242,-1,0.0,0.8553,1.6742,0.0,0.2078,1.251,1.0,0.2018,0.421875,12632,1,4,1.887,1.132,1,1.227,0
SOLUSDT,12633,12645,1782945000,1782956700,LONG,TP1,78.1,78.60876202,88.2752405,76.0649519,0.0,-0.011513241382353582,0.011513241382353582,16,2.77,65.46,0.6161616161616188,0.0063889390567577415,1.1208231949812988,base,adaptive disabled,1.15,84.5,90,100,70,80,DEAD_ZONE,bullish,bullish,FVG,BOS bullish | Vol 2.8x | FVG | ChoCH | Engulfing | StrongTrend1h | Zone:FVG | MTF 16 | Risk x1.15,BOS+2 | 1h+2 | 4h+2 | Vol+2 | RSI+1 | BTC+2 | FVG+1 | ChoCH+1 | Engulfing+1 | Zone:FVG+1 | Sess:DEAD_ZONE | Strong1h+1 | QualityRisk:1.15,0,1,-1.0,bear,0.3475,0,3.1108,0.0526,2.9338,-1,0.0,0.6093,1.1204,0.0,-0.0919,1.828,1.0,0.0521,0.75,12633,2,3,0.566,0.081,1,1.515,0
ETHUSDT,12634,12641,1782945900,1782953100,LONG,SL,1620.4,1625.80971405,1728.59428099,1598.7611438,-0.75,-0.7724651430513224,0.022465143051322453,14,2.05,69.36,0.6368038740920113,0.005165211000304691,1.2651250543863313,base,adaptive disabled,1.0,84.5,90,100,70,80,DEAD_ZONE,bullish,bullish,FVG,BOS bullish | Vol 2.0x | FVG | ChoCH | StrongTrend1h | Zone:FVG | MTF 14,BOS+2 | 1h+2 | 4h+2 | Vol+2 | BTC+2 | FVG+1 | ChoCH+1 | Zone:FVG+1 | Sess:DEAD_ZONE | Strong1h+1,0,1,-1.0,bear,0.6978,0,3.4011,0.1111,2.8927,-1,0.0,1.1128,0.8965,3.109,0.2084,1.238,1.0,0.0626,0.75,12631,2,2,1.052,0.847,0,1.022,0
ETHUSDT,12634,12640,1782945900,1782952200,LONG,SL,1620.4,1625.2612,1717.624,1600.9552,-1.25,-1.2916666666666667,0.0416666666666667,15,3.87,62.43,0.43264942016057595,0.007362361719808685,1.7954752058797456,base,adaptive disabled,1.0,84.5,90,100,70,80,DEAD_ZONE,bullish,bullish,FVG,BOS bullish | Vol 3.9x | FVG | ChoCH | StrongTrend1h | Zone:FVG | MTF 15,BOS+2 | 1h+2 | 4h+2 | Vol+2 | RSI+1 | BTC+2 | FVG+1 | ChoCH+1 | Zone:FVG+1 | Sess:DEAD_ZONE | Strong1h+1,0,1,-1.0,bear,0.6978,0,3.1372,0.1111,2.8927,-1,0.0,1.0116,0.9977,0.0,-0.0941,1.603,-1.0,-0.1397,1.25,12633,4,4,0.438,0.456,1,0.942,0
ETHUSDT,12634,12640,1782945900,1782952200,LONG,SL,1620.4,1625.2612,1717.624,1600.9552,-0.75,-0.7750000000000001,0.025000000000000022,14,1.53,58.08,0.33222729158025815,0.006392496782276813,1.5589521288207395,base,adaptive disabled,1.15,78.3,90,99,50,80,DEAD_ZONE,bullish,bullish,FVG,BOS bullish | Vol 1.5x | FVG | ChoCH | StrongTrend1h | Zone:FVG | MTF 14 | Risk x1.15,BOS+2 | 1h+2 | 4h+2 | Vol+1 | RSI+1 | BTC+2 | FVG+1 | ChoCH+1 | Zone:FVG+1 | Sess:DEAD_ZONE | Strong1h+1 | QualityRisk:1.15,0,1,-1.0,bear,0.6978,0,3.1502,0.1111,2.8927,-1,0.0,1.0116,0.9977,0.0,-0.1297,1.612,-1.0,-0.1677,0.75,12634,5,5,0.085,0.813,0,0.946,0
AVAXUSDT,12635,12639,1782946800,1782951300,LONG,SL,6.713,6.819,7.11578,6.632444,-1.0,-1.0333333333333332,0.03333333333333312,16,3.47,58.11,0.4027777777777849,0.00611977229435253,1.2792236524230005,base,adaptive disabled,1.15,87.5,90,100,80,80,DEAD_ZONE,bullish,bullish,OB,BOS bullish | Vol 3.5x | FVG | OB | ChoCH | StrongTrend1h | Zone:OB | MTF 16 | Risk x1.15,BOS+2 | 1h+2 | 4h+2 | Vol+2 | RSI+1 | BTC+2 | FVG+1 | OB+1 | ChoCH+1 | Zone:OB+1 | Sess:DEAD_ZONE | Strong1h+1 | QualityRisk:1.15,0,0,-1.0,range,0.6783,0,2.8458,0.1765,1.6816,-1,0.0,1.0179,0.1132,0.0,0.0214,1.727,1.0,0.0174,1.0,12633,22,3,0.12,0.27,1,0.599,0
SUIUSDT,12635,12646,1782946800,1782957600,LONG,TRAIL,0.7201,0.72378378,0.79377568,0.70536486,0.27824642317616244,0.25869859397331807,0.019547829202844383,15,3.51,65.28,0.7046979865771844,0.005901498019549259,1.1427595194494475,base,adaptive disabled,1.15,84.5,90,100,70,80,DEAD_ZONE,bullish,bullish,FVG,BOS bullish | Vol 3.5x | FVG | ChoCH | StrongTrend1h | Zone:FVG | MTF 15 | Risk x1.15,BOS+2 | 1h+2 | 4h+2 | Vol+2 | RSI+1 | BTC+2 | FVG+1 | ChoCH+1 | Zone:FVG+1 | Sess:DEAD_ZONE | Strong1h+1 | QualityRisk:1.15,0,1,-1.0,bear,0.4804,1,2.1039,0.1765,2.0892,-1,0.0,0.7126,1.6831,0.0,-0.0671,1.883,-1.0,-0.0518,1.0,12633,4,5,1.064,-1.0,0,0.556,0
SUIUSDT,12635,12646,1782946800,1782957600,LONG,TRAIL,0.7201,0.72375459,0.7931917,0.70548166,0.2103522014127462,0.19557418968227608,0.01477801173047013,14,1.36,65.28,0.7027027027027062,0.005766263520786075,1.1186551231926576,base,adaptive disabled,1.15,78.5,90,100,50,80,DEAD_ZONE,bullish,bullish,FVG,BOS bullish | Vol 1.4x | FVG | ChoCH | StrongTrend1h | Zone:FVG | MTF 14 | Risk x1.15,BOS+2 | 1h+2 | 4h+2 | Vol+1 | RSI+1 | BTC+2 | FVG+1 | ChoCH+1 | Zone:FVG+1 | Sess:DEAD_ZONE | Strong1h+1 | QualityRisk:1.15,0,1,-1.0,bear,0.4804,1,2.1651,0.1765,2.0892,-1,0.0,0.7183,1.6965,0.0,-0.169,2.181,-1.0,-0.1544,0.75,12634,5,6,1.095,-1.0,0,0.572,0
XRPUSDT,12657,12678,1782966600,1782986400,LONG,TRAIL,1.061,1.06620666,1.16513327,1.04017335,0.4699507602038794,0.4584882830412055,0.011462477162673877,17,3.39,67.53,0.7216494845360882,0.005980466775205052,1.8057592253241828,base,adaptive disabled,1.0,82.5,90,90,70,80,OFF_HOURS,bullish,bullish,FVG,BOS bullish | Vol 3.4x | FVG | LiqSweep | ChoCH | Engulfing | StrongTrend1h | Zone:FVG | MTF 17,BOS+2 | 1h+2 | 4h+2 | Vol+2 | RSI+1 | BTC+2 | FVG+1 | LiqSweep+1 | ChoCH+1 | Engulfing+1 | Zone:FVG+1 | Sess:OFF_HOURS | Strong1h+1,0,1,-1.0,bear,0.349,0,3.3596,0.1765,1.6587,-1,0.0,0.2881,3.8604,0.0,0.0917,2.351,1.0,0.0623,0.5625,12655,1,5,1.845,1.42,0,0.852,0
ADAUSDT,12661,12666,1782970200,1782975600,LONG,TRAIL,0.1544,0.1551806,0.17001202,0.1512776,0.14210191217160223,0.13097585529227862,0.011126056879323607,17,1.63,55.41,0.13043478260869198,0.00792538163280261,1.361404445804228,base,adaptive disabled,1.15,79.5,90,75,70,80,OFF_HOURS,bullish,bullish,FVG,BOS bullish | Vol 1.6x | FVG | ChoCH | Engulfing | BullWick | StrongTrend1h | Zone:FVG | MTF 17 | Risk x1.15,BOS+2 | BodyStrong+1 | 1h+2 | 4h+2 | Vol+1 | RSI+1 | BTC+2 | FVG+1 | ChoCH+1 | Engulfing+1 | BullWick+1 | Zone:FVG+1 | Sess:OFF_HOURS | Strong1h+1 | QualityRisk:1.15,0,0,-1.0,range,0.4878,0,1.6627,0.5385,0.8038,-1,0.0,0.1281,1.6654,0.0,0.0525,1.192,-1.0,-0.0449,0.5625,12656,9,2,0.0,2.543,0,0.978,0
AVAXUSDT,12661,12674,1782970200,1782982800,LONG,TRAIL,6.677,6.70197005,7.17640096,6.57711981,0.1055757696353411,0.0855207417063793,0.020055027928961792,14,1.35,55.73,0.34065934065933656,0.003028328366121519,0.7259335712039561,base,adaptive disabled,1.25,76.5,90,90,50,80,OFF_HOURS,bullish,bullish,FVG,BOS bullish | Vol 1.4x | FVG | ChoCH | BullWick | StrongTrend1h | Zone:FVG | MTF 14 | Risk x1.25,BOS+2 | 1h+2 | 4h+2 | Vol+1 | RSI+1 | BTCok+1 | FVG+1 | ChoCH+1 | BullWick+1 | Zone:FVG+1 | Sess:OFF_HOURS | Strong1h+1 | QualityRisk:1.15 | RelStrengthRisk:1.25,0,0,-1.0,range,0.405,0,1.076,0.1111,0.8708,-1,0.0,0.2002,1.2815,1.033,0.099,1.348,1.0,0.2766,0.75,12660,6,1,0.251,0.395,1,0.933,0
SUIUSDT,12679,12683,1782986400,1782990900,LONG,TRAIL,0.7344,0.73812964,0.80899278,0.71948144,0.5504887871215423,0.5283365150523882,0.022152272069154096,15,2.91,65.83,0.6279069767441801,0.006889477401505153,1.5131797640302305,base,adaptive disabled,1.15,84.5,90,100,70,80,LONDON,bullish,bullish,FVG,BOS bullish | Vol 2.9x | FVG | ChoCH | Session:LONDON | StrongTrend1h | Zone:FVG | MTF 15 | Risk x1.15,BOS+2 | 1h+2 | 4h+2 | Vol+2 | RSI+1 | BTC+2 | FVG+1 | ChoCH+1 | Zone:FVG+1 | Sess:LONDON | Strong1h+1 | QualityRisk:1.15,0,1,-1.0,bear,0.3274,0,3.6755,0.1111,4.7576,-1,0.0,0.0134,3.2175,0.0,-0.0474,2.769,1.0,0.0243,1.125,12679,0,4,1.437,0.912,1,1.05,2
XRPUSDT,12679,12682,1782986400,1782990000,LONG,TRAIL,1.0727,1.07816893,1.18207869,1.05082426,0.3291317230868508,0.3070654981271466,0.02206622495970419,16,2.44,65.86,0.5836177474402628,0.00775291467888501,2.3409372095488092,base,adaptive disabled,1.0,88.5,90,90,90,80,LONDON,bullish,bullish,FVG,BOS bullish | Vol 2.4x | FVG | ChoCH | Session:LONDON | StrongTrend1h | Zone:FVG | MTF 16,BOS+2 | BodyStrong+1 | 1h+2 | 4h+2 | Vol+2 | RSI+1 | BTC+2 | FVG+1 | ChoCH+1 | Zone:FVG+1 | Sess:LONDON | Strong1h+1,0,1,-1.0,bear,0.3218,0,4.9093,0.1111,7.3497,-1,0.0,0.0274,1.6639,0.0,0.0938,1.756,1.0,0.3239,1.125,12679,0,5,2.778,0.072,1,1.389,2
SUIUSDT,12696,12787,1783001700,1783084500,LONG,TRAIL,0.7485,0.75480641,0.87462823,0.72327435,0.3067186316200483,0.2948497600547963,0.011868871565251989,15,1.5,67.3,0.19469026548672427,0.009298244757471041,1.9208623964058185,base,adaptive disabled,1.25,73.1,90,73,50,80,NEW_YORK,bullish,bullish,FVG,BOS bullish | Vol 1.5x | FVG | ChoCH | BullWick | Session:NEW_YORK | StrongTrend1h | Zone:FVG | MTF 15 | Risk x1.25,BOS+2 | 1h+2 | 4h+2 | Vol+1 | RSI+1 | BTC+2 | FVG+1 | ChoCH+1 | BullWick+1 | Zone:FVG+1 | Sess:NEW_YORK | Strong1h+1 | QualityRisk:1.15 | RelStrengthRisk:1.25,0,0,-1.0,bull,0.1893,0,3.2483,0.1111,1.1293,-1,0.0,0.8563,1.6491,0.306,0.1307,1.299,1.0,0.1014,1.0,12696,1,2,0.345,-1.0,0,1.157,0
BTCUSDT,12697,12778,1783002600,1783076400,LONG,TRAIL,61615.3,61991.11899924,69131.67998476,60112.02400305,0.07202070730262744,0.06587260474610974,0.006148102556517692,16,1.56,62.87,0.2599154097837401,0.006635589143886543,2.0604598440155404,base,adaptive disabled,1.0,80.7,90,81,70,80,NEW_YORK,bullish,bullish,FVG,BOS bullish | Vol 1.6x | FVG | ChoCH | Engulfing | Session:NEW_YORK | StrongTrend1h | Zone:FVG | MTF 16,BOS+2 | BodyStrong+1 | 1h+2 | 4h+2 | Vol+1 | RSI+1 | BTC+2 | FVG+1 | ChoCH+1 | Engulfing+1 | Zone:FVG+1 | Sess:NEW_YORK | Strong1h+1,0,0,-1.0,bull,0.3547,0,2.4386,0.0526,1.5065,-1,0.0,0.3428,1.1567,0.435,0.1105,0.716,1.0,0.6187,0.375,12697,4,6,0.746,0.956,1,2.18,1
ADAUSDT,12723,12730,1783026000,1783033200,LONG,TP1,0.1611,0.16193967,0.17789341,0.15774132,0.0,-0.010792186216013425,0.010792186216013425,14,1.82,62.01,0.47058823529412486,0.006621446002668352,1.0574449272882795,base,adaptive disabled,1.25,78.5,90,100,50,80,DEAD_ZONE,bullish,bullish,FVG,BOS bullish | Vol 1.8x | FVG | ChoCH | StrongTrend1h | Zone:FVG | MTF 14 | Risk x1.25,BOS+2 | 1h+2 | 4h+2 | Vol+1 | RSI+1 | BTC+2 | FVG+1 | ChoCH+1 | Zone:FVG+1 | Sess:DEAD_ZONE | Strong1h+1 | QualityRisk:1.15 | RelStrengthRisk:1.25,0,0,-1.0,range,0.3684,0,3.1293,-1.0,-1.0,-1,0.0,0.2382,1.1909,0.0,-0.2339,1.94,1.0,0.1431,0.5625,12723,0,1,0.522,1.46,0,0.939,5
SOLUSDT,12743,12778,1783044000,1783076400,LONG,TP1,81.34,81.66844462,87.90889231,80.02622154,0.0,-0.007835867357727825,0.007835867357727825,15,1.56,63.71,0.555555555555549,0.00454781106752282,1.0471659826631712,base,adaptive disabled,1.15,78.5,90,100,50,80,OFF_HOURS,bullish,bullish,FVG,BOS bullish | Vol 1.6x | FVG | ChoCH | Engulfing | StrongTrend1h | Zone:FVG | MTF 15 | Risk x1.15,BOS+2 | 1h+2 | 4h+2 | Vol+1 | RSI+1 | BTC+2 | FVG+1 | ChoCH+1 | Engulfing+1 | Zone:FVG+1 | Sess:OFF_HOURS | Strong1h+1 | QualityRisk:1.15,0,0,-1.0,range,0.2538,2,3.4615,0.0526,1.559,-1,0.0,0.8297,1.5528,0.0,0.0585,1.621,1.0,0.3022,0.31640625,12743,0,3,1.687,3.956,0,0.96,1
SUIUSDT,12743,12746,1783044000,1783047600,LONG,TP1,0.7382,0.74187415,0.81168301,0.7235034,0.0,-0.01130159356585881,0.01130159356585881,16,2.01,60.04,0.3480662983425441,0.004740088288397729,1.091849711828749,base,adaptive disabled,1.25,84.5,90,100,70,80,OFF_HOURS,bullish,bullish,FVG,BOS bullish | Vol 2.0x | FVG | LiqSweep | ChoCH | StrongTrend1h | Zone:FVG | MTF 16 | Risk x1.25,BOS+2 | 1h+2 | 4h+2 | Vol+2 | RSI+1 | BTC+2 | FVG+1 | LiqSweep+1 | ChoCH+1 | Zone:FVG+1 | Sess:OFF_HOURS | Strong1h+1 | QualityRisk:1.15 | RelStrengthRisk:1.25,0,0,-1.0,range,0.2207,0,3.7096,0.0526,2.0474,-1,0.0,0.1769,1.0615,0.0,0.0837,2.135,-1.0,-0.0244,0.5625,12743,0,1,1.06,4.092,0,0.942,1
BTCUSDT,12744,12758,1783044900,1783058400,LONG,TRAIL,61480.0,61664.44,65168.8,60742.24,0.0743000772608982,0.06492507726089822,0.009374999999999974,17,1.43,56.24,0.274709562109029,0.004426015447691449,1.4606421156505847,base,adaptive disabled,1.15,82.9,90,92,70,80,OFF_HOURS,bullish,bullish,FVG,BOS bullish | Vol 1.4x | FVG | LiqSweep | MACD_Div | ChoCH | Engulfing | StrongTrend1h | Zone:FVG | MTF 17 | Risk x1.15,BOS+2 | BodyStrong+1 | 1h+2 | 4h+2 | Vol+1 | RSI+1 | BTCok+1 | FVG+1 | LiqSweep+1 | MACD_Div+1 | ChoCH+1 | Engulfing+1 | Zone:FVG+1 | Sess:OFF_HOURS | Strong1h+1 | QualityRisk:1.15,0,1,-1.0,bear,0.4644,0,2.607,0.1765,1.2563,-1,0.0,0.2917,1.6688,0.0,-0.1169,1.191,-1.0,-0.0384,0.28125,12742,1,2,0.297,1.671,0,0.903,0
ETHUSDT,12744,12748,1783044900,1783049400,LONG,TP1,1704.54,1709.77692158,1809.2784316,1683.59231368,0.0,-0.018308537474796403,0.018308537474796403,16,2.2,64.67,0.47970107049080785,0.008739982817782559,2.133333252208649,base,adaptive disabled,1.0,88.5,90,90,90,80,OFF_HOURS,bullish,bullish,FVG,BOS bullish | Vol 2.2x | FVG | MACD_Div | ChoCH | StrongTrend1h | Zone:FVG | MTF 16,BOS+2 | BodyStrong+1 | 1h+2 | 4h+2 | Vol+2 | RSI+1 | BTCok+1 | FVG+1 | MACD_Div+1 | ChoCH+1 | Zone:FVG+1 | Sess:OFF_HOURS | Strong1h+1,0,0,-1.0,bull,0.5119,0,3.2222,0.3333,3.4451,-1,0.0,0.433,1.3558,0.0,0.085,1.476,1.0,0.1499,0.5625,12742,1,2,1.255,1.298,0,0.99,0
LINKUSDT,12744,12748,1783044900,1783049400,LONG,TP1,7.76,7.78495346,7.94,7.66018617,0.0,-0.0218657073874433,0.0218657073874433,15,1.33,53.71,0.13253012048192744,0.005218867779675336,1.3536003398058445,base,adaptive disabled,1.25,79.5,90,75,70,80,OFF_HOURS,bullish,bullish,FVG,BOS bullish | Vol 1.3x | FVG | ChoCH | StrongTrend1h | Zone:FVG | MTF 15 | Risk x1.25,BOS+2 | BodyStrong+1 | 1h+2 | 4h+2 | Vol+1 | RSI+1 | BTC+2 | FVG+1 | ChoCH+1 | Zone:FVG+1 | Sess:OFF_HOURS | Strong1h+1 | QualityRisk:1.15 | RelStrengthRisk:1.25,0,0,-1.0,range,0.4964,0,3.5698,0.1765,1.3118,-1,0.0,0.2905,1.2423,0.0,-0.0719,0.806,1.0,0.0054,0.703125,12744,3,4,0.389,5.647,0,1.655,0
SOLUSDT,12744,12778,1783044900,1783076400,LONG,TP1,81.34,81.66909143,87.92182857,80.02363429,0.0,-0.01390305130327347,0.01390305130327347,16,1.39,58.73,0.42675159235668697,0.00503834919489619,1.160115890334794,base,adaptive disabled,1.15,84.5,90,100,70,80,OFF_HOURS,bullish,bullish,FVG,BOS bullish | Vol 1.4x | FVG | ChoCH | Engulfing | StrongTrend1h | Zone:FVG | MTF 16 | Risk x1.15,BOS+2 | BodyStrong+1 | 1h+2 | 4h+2 | Vol+1 | RSI+1 | BTC+2 | FVG+1 | ChoCH+1 | Engulfing+1 | Zone:FVG+1 | Sess:OFF_HOURS | Strong1h+1 | QualityRisk:1.15,0,0,-1.0,range,0.2538,0,2.916,0.1111,1.4777,-1,0.0,0.828,1.5497,0.0,-0.0214,1.264,1.0,0.1874,0.5625,12744,1,4,1.155,0.029,1,1.097,2
SOLUSDT,12745,12796,1783045800,1783092600,LONG,TRAIL,80.97,81.96,82.8,79.99836,0.19212845035198461,0.18158157535198455,0.01054687500000007,16,2.69,63.39,0.5923566878980854,0.005741966033903693,1.289071374612976,base,adaptive disabled,1.15,90.5,90,100,90,80,OFF_HOURS,bullish,bullish,FVG,BOS bullish | Vol 2.7x | FVG | ChoCH | Engulfing | StrongTrend1h | Zone:FVG | MTF 16 | Risk x1.15,BOS+2 | BodyStrong+1 | 1h+2 | 4h+2 | Vol+2 | RSI+1 | BTCok+1 | FVG+1 | ChoCH+1 | Engulfing+1 | Zone:FVG+1 | Sess:OFF_HOURS | Strong1h+1 | QualityRisk:1.15,0,0,-1.0,range,0.5385,0,2.9289,0.1765,1.3732,-1,0.0,0.741,1.1515,0.0,0.1069,1.785,1.0,0.2839,0.31640625,12742,1,2,1.624,4.002,0,1.16,0
BTCUSDT,12761,12766,1783060200,1783065600,LONG,TRAIL,61590.0,61774.77,65285.4,60850.92,0.05743581137245031,0.04806081137245033,0.009374999999999979,16,1.9,59.4,0.4869012966393207,0.0027274201403643603,1.092034535979442,base,adaptive disabled,1.15,78.5,90,100,50,80,OFF_HOURS,bullish,bullish,FVG,BOS bullish | Vol 1.9x | FVG | LiqSweep | ChoCH | Engulfing | StrongTrend1h | Zone:FVG | MTF 16 | Risk x1.15,BOS+2 | 1h+2 | 4h+2 | Vol+1 | RSI+1 | BTC+2 | FVG+1 | LiqSweep+1 | ChoCH+1 | Engulfing+1 | Zone:FVG+1 | Sess:OFF_HOURS | Strong1h+1 | QualityRisk:1.15,0,0,-1.0,range,0.4381,0,2.7679,0.1111,1.4833,-1,0.0,0.0068,1.4066,0.0,0.0137,1.515,1.0,0.1698,0.28125,12758,0,1,0.753,0.221,1,0.79,1
BTCUSDT,12761,12766,1783060200,1783065600,LONG,TRAIL,61590.0,61774.77,65285.4,60850.92,0.05777049823529405,0.04839549823529407,0.009374999999999979,15,2.04,60.69,0.7302386687102945,0.002626732008252029,1.0637352932068516,base,adaptive disabled,1.15,84.5,90,100,70,80,OFF_HOURS,bullish,bullish,FVG,BOS bullish | Vol 2.0x | FVG | ChoCH | StrongTrend1h | Zone:FVG | MTF 15 | Risk x1.15,BOS+2 | 1h+2 | 4h+2 | Vol+2 | RSI+1 | BTC+2 | FVG+1 | ChoCH+1 | Zone:FVG+1 | Sess:OFF_HOURS | Strong1h+1 | QualityRisk:1.15,0,0,-1.0,range,0.4381,0,2.799,0.1111,1.4833,-1,0.0,0.0068,1.4066,0.0,-0.0637,1.801,1.0,0.1856,0.28125,12760,2,3,0.976,0.008,1,0.799,1
ETHUSDT,12761,12766,1783060200,1783065600,LONG,TRAIL,1713.5,1719.93100645,1842.12012902,1687.7759742,0.11248201761402801,0.09249875356365525,0.01998326405037276,14,1.32,61.63,0.536057692307696,0.00474166850787201,1.3771055718351413,base,adaptive disabled,1.0,78.5,90,100,50,80,OFF_HOURS,bullish,bullish,FVG,BOS bullish | Vol 1.3x | FVG | ChoCH | StrongTrend1h | Zone:FVG | MTF 14,BOS+2 | 1h+2 | 4h+2 | Vol+1 | RSI+1 | BTC+2 | FVG+1 | ChoCH+1 | Zone:FVG+1 | Sess:OFF_HOURS | Strong1h+1,0,0,-1.0,range,0.3079,0,2.8849,0.25,1.8095,-1,0.0,0.0529,1.2968,0.0,-0.0608,1.17,1.0,0.0547,0.75,12760,1,2,0.732,0.292,1,0.829,1
BTCUSDT,12771,12778,1783069200,1783076400,LONG,TRAIL,61590.0,61774.77,65285.4,60850.92,0.14633522137392171,0.13696022137392175,0.009374999999999979,15,1.96,46.92,0.17586206896551362,0.003270069290925652,1.5273954853786422,base,adaptive disabled,1.0,80.7,90,81,70,80,LONDON,bullish,bullish,FVG,BOS bullish | Vol 2.0x | FVG | ChoCH | Engulfing | Session:LONDON | StrongTrend1h | Zone:FVG | MTF 15,BOS+2 | BodyStrong+1 | 1h+2 | 4h+2 | Vol+1 | RSI+1 | BTCok+1 | FVG+1 | ChoCH+1 | Engulfing+1 | Zone:FVG+1 | Sess:LONDON | Strong1h+1,0,0,-1.0,bull,0.5157,0,2.3471,0.1111,1.623,-1,0.0,0.138,2.4896,0.0,-0.0423,0.921,1.0,0.276,0.28125,12771,13,1,1.873,0.987,1,2.129,2
SUIUSDT,12772,12775,1783070100,1783073700,LONG,TP1,0.7419,0.7441257,0.786414,0.7329972,0.0,-0.03333333333333338,0.03333333333333338,15,1.34,54.4,0.16230366492146547,0.007816172735715098,1.805535902194454,base,adaptive disabled,1.15,81.3,90,69,80,80,LONDON,bullish,bullish,OB,BOS bullish | Vol 1.3x | FVG | OB | ChoCH | Session:LONDON | StrongTrend1h | Zone:OB | MTF 15 | Risk x1.15,BOS+2 | BodyStrong+1 | 1h+2 | 4h+2 | Vol+1 | RSI+1 | BTCok+1 | FVG+1 | OB+1 | ChoCH+1 | Zone:OB+1 | Sess:LONDON | Strong1h+1 | QualityRisk:1.15,0,0,-1.0,range,0.4483,1,1.9747,0.1765,2.4928,-1,0.0,0.3257,2.4711,0.0,0.0935,1.437,1.0,0.1998,1.0,12772,24,2,0.302,0.768,0,0.933,0
ADAUSDT,12779,12782,1783076400,1783080000,LONG,TRAIL,0.168,0.16944408,0.19688151,0.1622237,0.11685681145369642,0.1081315028651536,0.008725308588542823,16,1.37,63.71,0.37142857142857233,0.007538957606898721,1.0139897987561188,base,adaptive disabled,1.25,84.5,90,100,70,80,LONDON,bullish,bullish,FVG,BOS bullish | Vol 1.4x | FVG | ChoCH | Engulfing | Session:LONDON | StrongTrend1h | Zone:FVG | MTF 16 | Risk x1.25,BOS+2 | BodyStrong+1 | 1h+2 | 4h+2 | Vol+1 | RSI+1 | BTC+2 | FVG+1 | ChoCH+1 | Engulfing+1 | Zone:FVG+1 | Sess:LONDON | Strong1h+1 | QualityRisk:1.15 | RelStrengthRisk:1.25,0,0,-1.0,range,0.2,0,2.8054,0.0526,1.352,-1,0.0,0.0692,1.1772,1.444,0.1663,1.469,1.0,0.1816,0.75,12779,0,1,0.17,0.34,1,0.935,1
BTCUSDT,12779,12781,1783076400,1783079100,LONG,TRAIL,61860.0,62045.58,65571.6,61117.68,0.05314419657290511,0.040644196572905106,0.012500000000000004,15,1.85,59.81,0.13140049140049043,0.003249848350682544,1.4695966839214234,base,adaptive disabled,1.15,79.5,90,75,70,80,LONDON,bullish,bullish,FVG,BOS bullish | Vol 1.9x | FVG | ChoCH | Session:LONDON | StrongTrend1h | Zone:FVG | MTF 15 | Risk x1.15,BOS+2 | BodyStrong+1 | 1h+2 | 4h+2 | Vol+1 | RSI+1 | BTC+2 | FVG+1 | ChoCH+1 | Zone:FVG+1 | Sess:LONDON | Strong1h+1 | QualityRisk:1.15,0,0,-1.0,range,0.3381,0,3.3646,0.1111,2.5253,-1,0.0,0.0637,1.0782,1.569,-0.023,1.935,1.0,0.1755,0.375,12779,0,1,0.046,1.904,0,0.958,4
ETHUSDT,12779,12790,1783076400,1783087200,LONG,TRAIL,1741.12,1750.43191179,1927.35823588,1703.87235282,0.1852466000511585,0.16654882844066177,0.018697771610496745,15,1.89,66.73,0.3370820668693021,0.005637492736069426,1.560713237386531,base,adaptive disabled,1.15,84.5,90,100,70,80,LONDON,bullish,bullish,FVG,BOS bullish | Vol 1.9x | FVG | ChoCH | Session:LONDON | StrongTrend1h | Zone:FVG | MTF 15 | Risk x1.15,BOS+2 | BodyStrong+1 | 1h+2 | 4h+2 | Vol+1 | RSI+1 | BTC+2 | FVG+1 | ChoCH+1 | Zone:FVG+1 | Sess:LONDON | Strong1h+1 | RelStrengthRisk:1.15,0,0,-1.0,bull,0.203,0,3.4206,0.1111,2.2863,-1,0.0,0.2789,1.3295,4.349,0.0071,2.122,1.0,0.3943,1.0,12779,0,2,0.78,-1.0,0,0.891,4
LINKUSDT,12779,12781,1783076400,1783079100,LONG,TRAIL,7.839,7.86808697,8.42073936,7.72265213,0.08057732384786917,0.055311498182130776,0.025265825665738394,15,1.34,59.79,0.2186379928315411,0.005136079346103662,1.475386348477534,base,adaptive disabled,1.15,81.7,90,86,70,80,LONDON,bullish,bullish,FVG,BOS bullish | Vol 1.3x | FVG | ChoCH | Session:LONDON | StrongTrend1h | Zone:FVG | MTF 15 | Risk x1.15,BOS+2 | BodyStrong+1 | 1h+2 | 4h+2 | Vol+1 | RSI+1 | BTC+2 | FVG+1 | ChoCH+1 | Zone:FVG+1 | Sess:LONDON | Strong1h+1 | QualityRisk:1.15,0,0,-1.0,range,0.3058,0,3.586,0.1111,1.8185,-1,0.0,0.0688,1.2033,6.1,-0.006,1.241,1.0,0.2654,0.9375,12779,0,1,0.495,3.06,0,1.082,4
SUIUSDT,12779,12781,1783076400,1783079100,LONG,TRAIL,0.7465,0.74971498,0.81079958,0.73364008,0.1574659873467284,0.14005141556090084,0.017414571785827566,17,1.68,61.04,0.24999999999999578,0.005260146040051081,1.2180525675637153,base,adaptive disabled,1.15,82.3,90,89,70,80,LONDON,bullish,bullish,FVG,BOS bullish | Vol 1.7x | FVG | ChoCH | Engulfing | BullWick | Session:LONDON | StrongTrend1h | Zone:FVG | MTF 17 | Risk x1.15,BOS+2 | BodyStrong+1 | 1h+2 | 4h+2 | Vol+1 | RSI+1 | BTC+2 | FVG+1 | ChoCH+1 | Engulfing+1 | BullWick+1 | Zone:FVG+1 | Sess:LONDON | Strong1h+1 | QualityRisk:1.15,0,0,-1.0,range,0.2397,0,2.8416,0.1111,1.8393,-1,0.0,0.1089,1.6485,10.0,0.1581,2.117,1.0,0.1732,0.75,12779,0,1,0.383,1.612,0,0.792,1
XRPUSDT,12779,12781,1783076400,1783079100,LONG,TRAIL,1.1074,1.11105723,1.18054462,1.09277108,0.09228295732016992,0.046863336459573385,0.04541962086059654,16,2.36,63.73,0.23529411764706396,0.005115748597119245,1.553482324134057,base,adaptive disabled,1.0,82.1,90,88,70,80,LONDON,bullish,bullish,FVG,BOS bullish | Vol 2.4x | FVG | ChoCH | Engulfing | Session:LONDON | StrongTrend1h | Zone:FVG | MTF 16,BOS+2 | 1h+2 | 4h+2 | Vol+2 | RSI+1 | BTC+2 | FVG+1 | ChoCH+1 | Engulfing+1 | Zone:FVG+1 | Sess:LONDON | Strong1h+1,0,0,-1.0,bull,0.3268,0,3.1417,0.0526,2.3171,-1,0.0,0.0957,1.1211,3.429,0.0323,2.045,-1.0,-0.0099,1.5,12779,0,1,0.416,0.762,1,1.155,2
BTCUSDT,12781,12783,1783078200,1783080900,LONG,TRAIL,61860.0,62045.58,65571.6,61117.68,0.1183746564823809,0.09649965648238089,0.02187500000000001,15,1.72,63.58,0.14360465116279594,0.004015034329524241,1.7935348151607664,base,adaptive disabled,1.0,79.9,90,77,70,80,OVERLAP,bullish,bullish,FVG,BOS bullish | Vol 1.7x | FVG | ChoCH | Session:OVERLAP | StrongTrend1h | Zone:FVG | MTF 15,BOS+2 | BodyStrong+1 | 1h+2 | 4h+2 | Vol+1 | RSI+1 | BTC+2 | FVG+1 | ChoCH+1 | Zone:FVG+1 | Sess:OVERLAP | Strong1h+1,0,0,-1.0,range,0.3498,0,2.5774,0.1111,1.6144,-1,0.0,0.002,1.56,1.047,0.0753,1.126,1.0,0.1613,0.65625,12780,1,2,0.711,1.16,0,0.83,1
BTCUSDT,12781,12783,1783078200,1783080900,LONG,TRAIL,61860.0,62045.58,65571.6,61117.68,0.1183746564823809,0.09649965648238089,0.02187500000000001,15,1.38,61.68,0.5210723031318403,0.0028572426716424472,1.2920585523698798,base,adaptive disabled,1.0,78.5,90,100,50,80,OVERLAP,bullish,bullish,FVG,BOS bullish | Vol 1.4x | FVG | ChoCH | Engulfing | Session:OVERLAP | StrongTrend1h | Zone:FVG | MTF 15,BOS+2 | 1h+2 | 4h+2 | Vol+1 | RSI+1 | BTC+2 | FVG+1 | ChoCH+1 | Engulfing+1 | Zone:FVG+1 | Sess:OVERLAP | Strong1h+1,0,0,-1.0,range,0.3498,0,2.6091,0.1111,1.6144,-1,0.0,0.002,1.56,0.0,0.078,1.644,1.0,0.1298,0.65625,12781,2,3,0.513,1.381,0,0.84,1
ETHUSDT,12781,12790,1783078200,1783087200,LONG,TRAIL,1741.12,1750.43356095,1927.39121903,1703.86575619,0.32412414707929027,0.2914088407046418,0.03271530637464849,15,1.52,67.18,0.21121157323689102,0.0057775054478794545,1.4871855890837848,base,adaptive disabled,1.15,75.5,90,85,50,80,OVERLAP,bullish,bullish,FVG,BOS bullish | Vol 1.5x | FVG | ChoCH | BullWick | Session:OVERLAP | StrongTrend1h | Zone:FVG | MTF 15 | Risk x1.15,BOS+2 | 1h+2 | 4h+2 | Vol+1 | RSI+1 | BTC+2 | FVG+1 | ChoCH+1 | BullWick+1 | Zone:FVG+1 | Sess:OVERLAP | Strong1h+1 | RelStrengthRisk:1.15,0,0,-1.0,bull,0.203,0,2.7737,0.25,1.8079,-1,0.0,0.2789,1.3292,0.842,0.0388,1.506,1.0,0.4147,1.75,12780,1,3,0.875,-1.0,0,0.738,1
XRPUSDT,12781,12782,1783078200,1783080000,LONG,TP1,1.1074,1.11104565,1.18031296,1.09281741,0.0,-0.05315790953458943,0.05315790953458943,15,2.44,62.76,0.4652406417112506,0.003908779856518821,1.1599568332022978,base,adaptive disabled,1.15,84.5,90,100,70,80,OVERLAP,bullish,bullish,FVG,BOS bullish | Vol 2.4x | FVG | ChoCH | Session:OVERLAP | StrongTrend1h | Zone:FVG | MTF 15 | Risk x1.15,BOS+2 | 1h+2 | 4h+2 | Vol+2 | RSI+1 | BTC+2 | FVG+1 | ChoCH+1 | Zone:FVG+1 | Sess:OVERLAP | Strong1h+1 | QualityRisk:1.15,0,0,-1.0,bull,0.3268,0,3.1756,0.1765,2.3195,-1,0.0,0.096,1.2618,0.0,-0.052,2.748,-1.0,-0.1767,1.75,12781,2,3,0.327,0.864,0,0.887,1
ADAUSDT,12784,12789,1783080900,1783086300,LONG,TRAIL,0.168,0.16919276,0.19185526,0.16322895,0.3426719095906074,0.3322732552063523,0.010398654384255041,13,1.86,69.63,0.5999999999999933,0.0066990191879242695,0.9010180813340608,base,adaptive disabled,1.25,78.5,90,100,50,80,OVERLAP,bullish,bullish,FVG,BOS bullish | Vol 1.9x | FVG | ChoCH | Session:OVERLAP | StrongTrend1h | Zone:FVG | MTF 13 | Risk x1.25,BOS+2 | 1h+2 | 4h+2 | Vol+1 | BTC+2 | FVG+1 | ChoCH+1 | Zone:FVG+1 | Sess:OVERLAP | Strong1h+1 | QualityRisk:1.15 | RelStrengthRisk:1.25,0,0,-1.0,range,0.3898,3,2.3056,0.0526,1.8541,-1,0.0,0.0629,2.3475,1.765,0.1572,1.553,1.0,0.3341,0.73828125,12784,5,6,1.366,-1.0,0,1.196,2
AVAXUSDT,12784,12799,1783080900,1783095300,LONG,SL,6.878,6.898634,7.29068,6.795464,-1.75,-1.8083333333333331,0.05833333333333322,16,1.73,63.42,0.5070422535211323,0.0028993121797370497,0.7944115372595376,base,adaptive disabled,1.0,82.5,90,90,70,80,OVERLAP,bullish,bullish,FVG,BOS bullish | Vol 1.7x | FVG | ChoCH | Engulfing | Session:OVERLAP | StrongTrend1h | Zone:FVG | MTF 16,BOS+2 | BodyStrong+1 | 1h+2 | 4h+2 | Vol+1 | RSI+1 | BTC+2 | FVG+1 | ChoCH+1 | Engulfing+1 | Zone:FVG+1 | Sess:OVERLAP | Strong1h+1,0,0,-1.0,bull,0.4271,2,1.8418,0.0526,1.7031,-1,0.0,1.1268,1.4054,0.0,0.1763,1.611,1.0,0.2859,1.75,12784,5,6,0.652,-1.0,0,1.074,1
BTCUSDT,12785,12789,1783081800,1783086300,LONG,TRAIL,61860.0,62045.58,65571.6,61117.68,0.10288780315622754,0.08648155315622755,0.016406250000000008,17,2.42,65.12,0.5042381641513319,0.002894031609035343,1.2927776006327871,base,adaptive disabled,1.0,90.5,90,100,90,80,OVERLAP,bullish,bullish,FVG,BOS bullish | Vol 2.4x | FVG | ChoCH | Engulfing | Session:OVERLAP | StrongTrend1h | Zone:FVG | MTF 17,BOS+2 | BodyStrong+1 | 1h+2 | 4h+2 | Vol+2 | RSI+1 | BTC+2 | FVG+1 | ChoCH+1 | Engulfing+1 | Zone:FVG+1 | Sess:OVERLAP | Strong1h+1,0,0,-1.0,range,0.4376,0,2.0506,0.1111,2.0088,-1,0.0,0.0342,1.7249,0.0,0.1679,2.293,1.0,0.2921,0.4921875,12784,5,6,1.463,0.385,1,1.553,2
XRPUSDT,12797,12805,1783092600,1783100700,LONG,TP1,1.1174,1.12319867,1.2333735,1.0942053,0.0,-0.014452439565935383,0.014452439565935383,14,1.42,69.13,0.5139442231075726,0.0056030258826602,1.545454614224824,base,adaptive disabled,1.0,78.5,90,100,50,80,NEW_YORK,bullish,bullish,FVG,BOS bullish | Vol 1.4x | FVG | ChoCH | Engulfing | Session:NEW_YORK | StrongTrend1h | Zone:FVG | MTF 14,BOS+2 | 1h+2 | 4h+2 | Vol+1 | BTC+2 | FVG+1 | ChoCH+1 | Engulfing+1 | Zone:FVG+1 | Sess:NEW_YORK | Strong1h+1,0,0,-1.0,bull,0.2791,4,3.6639,0.0526,1.3885,-1,0.0,0.1595,1.1382,3.071,-0.027,1.184,1.0,0.0796,0.75,12797,0,1,1.041,-1.0,0,1.201,3
ETHUSDT,12814,12815,1783107900,1783109700,LONG,TP1,1744.24,1750.06595166,1860.75903314,1720.93619337,0.0,-0.029939143036907288,0.029939143036907288,15,2.0,64.21,0.5101871101871056,0.004433959087996752,1.2639468449666567,base,adaptive disabled,1.0,84.5,90,100,70,80,DEAD_ZONE,bullish,bullish,FVG,BOS bullish | Vol 2.0x | FVG | ChoCH | StrongTrend1h | Zone:FVG | MTF 15,BOS+2 | 1h+2 | 4h+2 | Vol+2 | RSI+1 | BTC+2 | FVG+1 | ChoCH+1 | Zone:FVG+1 | Sess:DEAD_ZONE | Strong1h+1,0,1,-1.0,bear,0.3354,2,2.8728,0.0526,2.0462,-1,0.0,0.0674,1.09,0.0,-0.0949,1.396,1.0,0.084,1.0,12814,0,1,1.022,1.039,0,1.435,1
LINKUSDT,12814,12817,1783107900,1783111500,LONG,TRAIL,7.938,7.97601975,8.69839501,7.785921,0.2311709703509399,0.216490689049774,0.014680281301165877,15,2.15,71.92,0.8199999999999942,0.004281992520038452,1.1885587809345175,base,adaptive disabled,1.15,84.5,90,100,70,80,DEAD_ZONE,bullish,bullish,FVG,BOS bullish | Vol 2.1x | FVG | ChoCH | Engulfing | StrongTrend1h | Zone:FVG | MTF 15 | Risk x1.15,BOS+2 | 1h+2 | 4h+2 | Vol+2 | BTC+2 | FVG+1 | ChoCH+1 | Engulfing+1 | Zone:FVG+1 | Sess:DEAD_ZONE | Strong1h+1 | QualityRisk:1.15,0,0,-1.0,bull,0.2188,3,3.4344,0.0526,2.1488,-1,0.0,0.1052,2.5776,3.905,0.1378,1.661,1.0,0.5456,0.703125,12814,0,4,1.957,-1.0,0,1.293,2
SUIUSDT,12814,12817,1783107900,1783111500,LONG,TRAIL,0.7681,0.77387477,0.88359538,0.74500092,0.2500099571065176,0.2400342351297116,0.009975721976805983,17,2.52,67.67,0.4719999999999946,0.008006009850440239,1.7311280730324778,base,adaptive disabled,1.25,90.5,90,100,90,80,DEAD_ZONE,bullish,bullish,FVG,BOS bullish | Vol 2.5x | FVG | ChoCH | Engulfing | StrongTrend1h | Zone:FVG | MTF 17 | Risk x1.25,BOS+2 | BodyStrong+1 | 1h+2 | 4h+2 | Vol+2 | RSI+1 | BTC+2 | FVG+1 | ChoCH+1 | Engulfing+1 | Zone:FVG+1 | Sess:DEAD_ZONE | Strong1h+1 | QualityRisk:1.15 | RelStrengthRisk:1.25,0,0,-1.0,bull,0.247,0,4.1564,0.0526,2.4841,-1,0.0,0.0736,2.0434,4.214,0.1679,1.859,1.0,0.3999,0.75,12814,0,4,1.978,-1.0,0,1.356,1
ADAUSDT,12815,12818,1783108800,1783112400,LONG,TP1,0.1809,0.18248288,0.2125575,0.1745685,0.0,-0.004520089285714273,0.004520089285714273,13,1.3,69.95,0.35714285714285854,0.012700787442422956,1.6657571232332309,base,adaptive disabled,1.15,84.5,90,100,70,80,DEAD_ZONE,bullish,bullish,FVG,BOS bullish | Vol 1.3x | FVG | ChoCH | StrongTrend1h | Zone:FVG | MTF 13 | Risk x1.15,BOS+2 | BodyStrong+1 | 1h+2 | 4h+2 | Vol+1 | BTCok+1 | FVG+1 | ChoCH+1 | Zone:FVG+1 | Sess:DEAD_ZONE | Strong1h+1 | RelStrengthRisk:1.15,0,0,-1.0,bull,0.1746,1,2.7493,0.1765,1.4652,-1,0.0,0.1264,1.2635,0.98,0.1052,1.497,1.0,0.3741,0.3955078125,12815,2,6,2.036,-1.0,0,0.866,0
SUIUSDT,12815,12817,1783108800,1783111500,LONG,TRAIL,0.7681,0.77386764,0.88345285,0.74502943,0.14080438844814044,0.13518611048621754,0.005618277961922914,13,1.77,68.28,0.48437499999999545,0.008909238521894021,1.9254137196719034,base,adaptive disabled,1.25,76.5,90,90,50,80,DEAD_ZONE,bullish,bullish,FVG,BOS bullish | Vol 1.8x | FVG | ChoCH | Engulfing | StrongTrend1h | Zone:FVG | MTF 13 | Risk x1.25,BOS+2 | 1h+2 | 4h+2 | Vol+1 | BTCok+1 | FVG+1 | ChoCH+1 | Engulfing+1 | Zone:FVG+1 | Sess:DEAD_ZONE | Strong1h+1 | QualityRisk:1.15 | RelStrengthRisk:1.25,0,0,-1.0,bull,0.247,1,3.4,0.1111,2.15,-1,0.0,0.0737,2.0459,4.769,0.1518,1.927,1.0,0.4327,0.421875,12815,1,5,2.125,-1.0,0,0.917,0
XRPUSDT,12816,12850,1783109700,1783141200,LONG,TRAIL,1.1361,1.14477706,1.30964116,1.10139177,0.14747943067105174,0.14011453479477112,0.007364895876280616,16,1.43,65.89,0.3684210526315862,0.008233008030231683,2.1269880515366837,base,adaptive disabled,1.0,82.5,90,90,70,80,DEAD_ZONE,bullish,bullish,FVG,BOS bullish | Vol 1.4x | FVG | ChoCH | Engulfing | StrongTrend1h | Zone:FVG | MTF 16,BOS+2 | BodyStrong+1 | 1h+2 | 4h+2 | Vol+1 | RSI+1 | BTC+2 | FVG+1 | ChoCH+1 | Engulfing+1 | Zone:FVG+1 | Sess:DEAD_ZONE | Strong1h+1,0,0,-1.0,bull,0.2821,1,3.5037,0.25,1.9377,-1,0.0,0.2708,1.5213,1.77,0.0657,1.075,1.0,0.3202,0.5625,12814,1,4,1.962,-1.0,0,1.261,0
SOLUSDT,12851,12873,1783141200,1783161900,LONG,SL,83.36,83.85213748,93.20274953,81.39145009,-0.31640625,-0.3217656518350289,0.00535940183502893,15,2.14,72.0,0.7460317460317496,0.007867358393409747,2.1582786525947166,base,adaptive disabled,1.25,82.5,90,90,70,80,OFF_HOURS,bullish,bullish,FVG,BOS bullish | Vol 2.1x | FVG | ChoCH | Engulfing | StrongTrend1h | Zone:FVG | MTF 15 | Risk x1.25,BOS+2 | 1h+2 | 4h+2 | Vol+2 | BTC+2 | FVG+1 | ChoCH+1 | Engulfing+1 | Zone:FVG+1 | Sess:OFF_HOURS | Strong1h+1 | QualityRisk:1.15 | RelStrengthRisk:1.25,0,0,-1.0,range,0.2706,0,4.4116,0.1111,5.8435,-1,0.0,1.0109,0.3861,0.0,0.1453,1.396,1.0,0.4595,0.31640625,12851,0,3,1.981,-1.0,0,1.532,3
XRPUSDT,12851,12880,1783141200,1783168200,LONG,TP1,1.1443,1.14893252,1.23695039,1.12576992,0.0,-0.01042092775638307,0.01042092775638307,16,1.82,67.06,0.570175438596483,0.006146326245251387,1.4834877645165776,base,adaptive disabled,1.15,84.5,90,100,70,80,OFF_HOURS,bullish,bullish,FVG,BOS bullish | Vol 1.8x | FVG | ChoCH | Engulfing | StrongTrend1h | Zone:FVG | MTF 16 | Risk x1.15,BOS+2 | BodyStrong+1 | 1h+2 | 4h+2 | Vol+1 | RSI+1 | BTC+2 | FVG+1 | ChoCH+1 | Engulfing+1 | Zone:FVG+1 | Sess:OFF_HOURS | Strong1h+1 | RelStrengthRisk:1.15,0,0,-1.0,range,0.2732,2,2.8871,0.0526,1.7854,-1,0.0,0.6314,1.8349,10.0,0.1114,1.908,1.0,0.3834,0.421875,12851,0,1,1.243,-1.0,0,0.956,1
XRPUSDT,12882,12884,1783169100,1783171800,LONG,TRAIL,1.1446,1.14891471,1.23089424,1.12734115,0.45628764373060154,0.4231278445551063,0.03315979917549517,18,3.39,56.19,0.2341772151898698,0.007143624635762305,1.762611730935802,base,adaptive disabled,1.15,88.1,90,88,90,80,OVERLAP,bullish,bullish,FVG,BOS bullish | Vol 3.4x | FVG | ChoCH | Engulfing | Session:OVERLAP | StrongTrend1h | Zone:FVG | MTF 18 | Risk x1.15,BOS+2 | BodyStrong+1 | 1h+2 | 4h+2 | Vol+2 | RSI+1 | BTCok+1 | FVG+1 | ChoCH+1 | Engulfing+1 | Zone:FVG+1 | Sess:OVERLAP | Strong1h+1 | NestedOB_1h+2 | QualityRisk:1.15,0,0,-1.0,range,0.4419,0,3.1376,0.0526,3.39,-1,0.0,0.1043,3.7314,1.574,-0.0248,1.879,1.0,0.0156,1.25,12882,0,1,0.323,0.551,1,1.806,2
LINKUSDT,12885,12892,1783171800,1783179000,LONG,TRAIL,7.923,8.036,8.39838,7.827924,1.590832597080241,1.5491659304135743,0.04166666666666679,16,4.24,61.27,0.4406779661016903,0.0045301597758979515,1.706575904170565,base,adaptive disabled,1.0,84.5,90,100,70,80,NEW_YORK,bullish,bullish,FVG,BOS bullish | Vol 4.2x | FVG | ChoCH | Engulfing | Session:NEW_YORK | StrongTrend1h | Zone:FVG | MTF 16,BOS+2 | 1h+2 | 4h+2 | Vol+2 | RSI+1 | BTC+2 | FVG+1 | ChoCH+1 | Engulfing+1 | Zone:FVG+1 | Sess:NEW_YORK | Strong1h+1,0,1,-1.0,bear,0.5766,1,3.6218,0.0526,4.3409,-1,0.0,0.0631,1.4248,0.0,-0.0221,1.726,1.0,0.1434,1.25,12885,4,2,0.492,1.118,1,2.459,0
XRPUSDT,12885,12888,1783171800,1783175400,LONG,TRAIL,1.1504,1.15586125,1.25962502,1.128555,0.6480315861753181,0.6282833600366137,0.019748226138704406,15,4.81,63.71,0.34463276836158063,0.006573099447350808,1.5627543937445494,base,adaptive disabled,1.0,84.5,90,100,70,80,NEW_YORK,bullish,bullish,FVG,BOS bullish | Vol 4.8x | FVG | ChoCH | Session:NEW_YORK | StrongTrend1h | Zone:FVG | MTF 15,BOS+2 | 1h+2 | 4h+2 | Vol+2 | RSI+1 | BTC+2 | FVG+1 | ChoCH+1 | Zone:FVG+1 | Sess:NEW_YORK | Strong1h+1,0,0,-1.0,range,0.3902,3,3.6902,0.0526,4.9125,-1,0.0,0.119,3.3692,0.0,-0.1303,2.685,1.0,0.1954,0.9375,12885,0,4,1.619,-1.0,0,1.793,2
LINKUSDT,12886,12888,1783172700,1783175400,LONG,TRAIL,7.923,7.946769,8.39838,7.827924,0.597388000535609,0.5557213338689422,0.04166666666666679,16,1.65,51.53,0.14893617021276434,0.00487021800116533,1.834680695605053,base,adaptive disabled,1.15,77.9,90,67,70,80,NEW_YORK,bullish,bullish,FVG,BOS bullish | Vol 1.6x | FVG | ChoCH | Engulfing | Session:NEW_YORK | StrongTrend1h | Zone:FVG | MTF 16 | Risk x1.15,BOS+2 | BodyStrong+1 | 1h+2 | 4h+2 | Vol+1 | RSI+1 | BTC+2 | FVG+1 | ChoCH+1 | Engulfing+1 | Zone:FVG+1 | Sess:NEW_YORK | Strong1h+1 | QualityRisk:1.15,0,1,-1.0,bear,0.5766,0,2.8974,0.1111,3.0695,-1,0.0,0.0631,2.9871,0.0,-0.0685,1.153,1.0,0.032,1.25,12886,5,3,0.692,0.649,1,1.427,1
SUIUSDT,12899,12903,1783184400,1783188900,LONG,TRAIL,0.7662,0.77054325,0.85306501,0.748827,0.46667779447273483,0.4567546378503898,0.009923156622345036,15,2.06,70.68,0.5107296137339092,0.006862164302143695,1.7893684986093978,base,adaptive disabled,1.25,90.5,90,100,90,80,NEW_YORK,bullish,bullish,FVG,BOS bullish | Vol 2.1x | FVG | ChoCH | Session:NEW_YORK | StrongTrend1h | Zone:FVG | MTF 15 | Risk x1.25,BOS+2 | BodyStrong+1 | 1h+2 | 4h+2 | Vol+2 | BTC+2 | FVG+1 | ChoCH+1 | Zone:FVG+1 | Sess:NEW_YORK | Strong1h+1 | QualityRisk:1.15 | RelStrengthRisk:1.25,0,0,-1.0,bull,0.4845,0,2.2401,0.3333,1.1357,-1,0.0,0.1209,3.776,2.017,0.1507,1.463,1.0,0.4616,0.5625,12895,2,3,1.787,2.039,0,0.705,0
SUIUSDT,12899,12903,1783184400,1783188900,LONG,TRAIL,0.7662,0.77052588,0.85271751,0.7488965,0.8292108125928396,0.8114987890137949,0.017712023579044677,15,1.42,61.3,0.41935483870967716,0.007817386611777274,2.038450950554374,base,adaptive disabled,1.25,82.5,90,90,70,80,NEW_YORK,bullish,bullish,FVG,BOS bullish | Vol 1.4x | FVG | ChoCH | Session:NEW_YORK | StrongTrend1h | Zone:FVG | MTF 15 | Risk x1.25,BOS+2 | BodyStrong+1 | 1h+2 | 4h+2 | Vol+1 | RSI+1 | BTC+2 | FVG+1 | ChoCH+1 | Zone:FVG+1 | Sess:NEW_YORK | Strong1h+1 | QualityRisk:1.15 | RelStrengthRisk:1.25,0,0,-1.0,bull,0.4845,0,2.1689,0.3333,1.1357,-1,0.0,0.1214,3.7911,2.889,0.0881,1.006,1.0,0.3555,1.0,12896,3,4,0.853,2.851,0,0.682,0
SOLUSDT,12903,12932,1783188000,1783215000,LONG,SL,82.35,82.67963726,88.9427452,81.03145096,-0.984375,-1.0089666621349178,0.024591662134917754,14,1.47,64.12,0.26315789473684603,0.004773214908303018,1.4530019752366206,base,adaptive disabled,1.15,66.2,60,91,50,80,OFF_HOURS,neutral,bullish,FVG,BOS bullish | Vol 1.5x | FVG | ChoCH | Zone:FVG | MTF 14 | Risk x1.15,BOS+2 | 1hN+1 | 4h+2 | Vol+1 | RSI+1 | BTC+2 | FVG+1 | ChoCH+1 | Zone:FVG+1 | Sess:OFF_HOURS | NestedOB_1h+2 | QualityRisk:1.15,0,0,-1.0,bull,0.3056,3,2.9823,0.0526,1.4427,-1,0.0,1.3424,0.7281,0.484,-0.0071,1.068,1.0,0.3661,0.984375,12903,0,1,0.22,0.973,1,1.381,2
SUIUSDT,12904,12930,1783188900,1783213200,LONG,SL,0.7765,0.78252186,0.89693718,0.75241256,-0.5625,-0.569753261450781,0.007253261450781001,14,1.35,71.27,0.19133574007219997,0.006927039969570958,1.6848348831449098,base,adaptive disabled,1.25,74.9,90,82,50,80,OFF_HOURS,bullish,bullish,FVG,BOS bullish | Vol 1.4x | FVG | ChoCH | BullWick | StrongTrend1h | Zone:FVG | MTF 14 | Risk x1.25,BOS+2 | 1h+2 | 4h+2 | Vol+1 | BTC+2 | FVG+1 | ChoCH+1 | BullWick+1 | Zone:FVG+1 | Sess:OFF_HOURS | Strong1h+1 | QualityRisk:1.15 | RelStrengthRisk:1.25,0,0,-1.0,bull,0.2364,0,4.2166,0.1111,1.6454,-1,0.0,1.1168,0.6476,0.327,0.2192,1.16,1.0,0.3845,0.5625,12904,1,2,1.048,-1.0,0,1.162,4
ADAUSDT,12959,12962,1783238400,1783242000,LONG,TP1,0.1919,0.19320921,0.21808412,0.18666318,-0.057286673973898125,-0.06827998670948962,0.010993312735591499,16,1.54,63.09,0.5862068965517162,0.00917886670104495,1.2548822053556248,base,adaptive disabled,1.15,78.5,90,100,50,80,LONDON,bullish,bullish,FVG,BOS bullish | Vol 1.5x | FVG | MACD_Div | ChoCH | BullWick | Session:LONDON | StrongTrend1h | Zone:FVG | MTF 16 | Risk x1.15,BOS+2 | 1h+2 | 4h+2 | Vol+1 | RSI+1 | BTC+2 | FVG+1 | MACD_Div+1 | ChoCH+1 | BullWick+1 | Zone:FVG+1 | Sess:LONDON | Strong1h+1 | RelStrengthRisk:1.15,0,0,-1.0,range,0.3667,5,3.7583,0.1111,2.8792,-1,0.0,0.1337,1.2985,0.0,-0.0467,1.167,1.0,0.3523,0.75,12959,1,1,0.348,1.462,0,1.322,4
ADAUSDT,12960,12962,1783239300,1783242000,LONG,TP1,0.1919,0.19321748,0.21824954,0.18663009,-0.05692696839224738,-0.06785125362672009,0.01092428523447272,17,1.39,58.05,0.7037037037036976,0.010391341711032733,1.4199026216854846,base,adaptive disabled,1.25,84.5,90,100,70,80,LONDON,bullish,bullish,FVG,BOS bullish | Vol 1.4x | FVG | MACD_Div | ChoCH | BullWick | Session:LONDON | StrongTrend1h | Zone:FVG | MTF 17 | Risk x1.25,BOS+2 | BodyStrong+1 | 1h+2 | 4h+2 | Vol+1 | RSI+1 | BTC+2 | FVG+1 | MACD_Div+1 | ChoCH+1 | BullWick+1 | Zone:FVG+1 | Sess:LONDON | Strong1h+1 | QualityRisk:1.15 | RelStrengthRisk:1.25,0,0,-1.0,range,0.3667,0,3.4696,0.1765,2.4688,-1,0.0,0.1139,1.2903,0.0,-0.034,1.079,1.0,0.3148,0.75,12960,2,2,0.136,1.905,0,1.293,5
BTCUSDT,12962,13015,1783241100,1783289700,LONG,TRAIL,62862.9,63051.4887,66634.674,62108.5452,0.13068804791856262,0.11428179791856265,0.01640624999999998,14,1.94,59.43,0.614874815905747,0.0028418916958882702,1.5555810869957856,base,adaptive disabled,1.15,68.0,60,100,50,80,LONDON,neutral,bullish,FVG,BOS bullish | Vol 1.9x | FVG | ChoCH | Engulfing | Discount | Session:LONDON | Zone:FVG | MTF 14 | Risk x1.15,BOS+2 | 1hN+1 | 4h+2 | Vol+1 | RSI+1 | BTC+2 | FVG+1 | ChoCH+1 | Engulfing+1 | Discount+1 | Zone:FVG+1 | Sess:LONDON | QualityRisk:1.15,0,0,-1.0,range,0.4776,1,3.2653,0.1765,1.2893,-1,0.0,0.6,1.8294,0.0,0.0037,1.36,1.0,0.1952,0.4921875,12960,1,1,0.296,3.941,0,0.677,0
ETHUSDT,12963,12985,1783242000,1783262700,LONG,TP1,1765.41,1770.70623,1871.3346,1744.22508,0.0,-0.05833333333333293,0.05833333333333293,13,1.33,52.73,0.4022445363260491,0.003546027739456906,1.3624191642691523,base,adaptive disabled,1.15,68.0,60,100,50,80,LONDON,neutral,bullish,FVG,BOS bullish | Vol 1.3x | FVG | ChoCH | Discount | Session:LONDON | Zone:FVG | MTF 13 | Risk x1.15,BOS+2 | 1hN+1 | 4h+2 | Vol+1 | RSI+1 | BTC+2 | FVG+1 | ChoCH+1 | Discount+1 | Zone:FVG+1 | Sess:LONDON | QualityRisk:1.15,0,0,-1.0,range,0.5384,0,2.0537,9.0,0.6818,-1,0.0,0.8539,1.0177,0.0,-0.0291,1.001,1.0,0.2161,1.75,12960,1,1,0.161,1.578,0,0.769,1
AVAXUSDT,12997,13014,1783272600,1783288800,LONG,TP1,6.941,6.96674675,7.45593497,6.83801301,0.0,-0.015164294053064405,0.015164294053064405,14,3.71,68.81,0.4318181818181743,0.0027856529692030147,0.94572918305833,base,adaptive disabled,1.15,84.5,90,100,70,80,OFF_HOURS,bullish,bullish,FVG,BOS bullish | Vol 3.7x | FVG | ChoCH | Engulfing | StrongTrend1h | Zone:FVG | MTF 14 | Risk x1.15,BOS+2 | 1h+2 | 4h+2 | Vol+2 | BTCok+1 | FVG+1 | ChoCH+1 | Engulfing+1 | Zone:FVG+1 | Sess:OFF_HOURS | Strong1h+1 | QualityRisk:1.15,0,0,-1.0,range,0.292,4,2.7407,0.0526,3.6448,-1,0.0,0.6409,1.1264,2.235,-0.1741,2.584,1.0,0.2951,0.5625,12997,0,1,0.174,0.087,1,1.436,3
SOLUSDT,13014,13014,1783287900,1783288800,LONG,TP1,81.46,81.71528864,86.56577271,80.43884546,0.0,-0.0235578017897272,0.0235578017897272,13,5.18,67.77,0.5213675213675201,0.007122539018717587,2.3961408348831186,base,adaptive disabled,1.15,72.0,60,90,70,80,DEAD_ZONE,neutral,bullish,FVG,BOS bullish | Vol 5.2x | FVG | LiqSweep | ChoCH | Zone:FVG | MTF 13 | Risk x1.15,BOS+2 | 1hN+1 | 4h+2 | Vol+2 | RSI+1 | BTCok+1 | FVG+1 | LiqSweep+1 | ChoCH+1 | Zone:FVG+1 | Sess:DEAD_ZONE | QualityRisk:1.15,0,1,-1.0,bear,0.5197,2,5.1862,0.0526,5.4106,-1,0.0,0.0196,2.0761,10.0,-0.104,1.909,1.0,0.3497,0.73828125,13014,0,1,1.649,0.206,1,2.713,1
ADAUSDT,13018,13043,1783291500,1783314900,LONG,SL,0.1905,0.19157627,0.21202549,0.1861949,-0.9375,-0.9540936912034563,0.016593691203456343,17,4.05,57.31,0.24999999999999903,0.008728586619086473,1.4910012969083837,base,adaptive disabled,1.15,88.3,90,89,90,80,DEAD_ZONE,bullish,bullish,FVG,BOS bullish | Vol 4.0x | FVG | ChoCH | Engulfing | StrongTrend1h | Zone:FVG | MTF 17 | Risk x1.15,BOS+2 | BodyStrong+1 | 1h+2 | 4h+2 | Vol+2 | RSI+1 | BTC+2 | FVG+1 | ChoCH+1 | Engulfing+1 | Zone:FVG+1 | Sess:DEAD_ZONE | Strong1h+1 | QualityRisk:1.15,0,1,-1.0,bear,0.3922,0,3.8171,0.0526,3.9352,-1,0.0,1.115,0.4646,0.0,-0.0774,2.439,-1.0,-0.0936,0.9375,13018,0,1,0.166,0.581,1,1.66,1
AVAXUSDT,13018,13019,1783291500,1783293300,LONG,TP1,6.941,6.96412617,7.40352344,6.84849531,0.0,-0.016882657517148562,0.016882657517148562,15,3.9,68.86,0.4896551724137927,0.005887348610251655,1.8483598568907487,base,adaptive disabled,1.0,88.5,90,90,90,80,DEAD_ZONE,bullish,bullish,FVG,BOS bullish | Vol 3.9x | FVG | ChoCH | StrongTrend1h | Zone:FVG | MTF 15,BOS+2 | BodyStrong+1 | 1h+2 | 4h+2 | Vol+2 | BTC+2 | FVG+1 | ChoCH+1 | Zone:FVG+1 | Sess:DEAD_ZONE | Strong1h+1,0,1,-1.0,bear,0.5,0,4.8293,0.0526,1.6897,-1,0.0,0.1189,1.254,0.0,0.0013,2.152,1.0,0.3005,0.5625,13017,20,2,1.321,1.886,0,2.339,5
ADAUSDT,13020,13043,1783293300,1783314900,LONG,SL,0.1905,0.19157763,0.21205259,0.18618948,-0.5625,-0.572443695888199,0.009943695888199077,15,1.51,57.45,0.39999999999999764,0.007872735601463489,1.344806382092979,base,adaptive disabled,1.15,78.5,90,100,50,80,DEAD_ZONE,bullish,bullish,FVG,BOS bullish | Vol 1.5x | FVG | ChoCH | Engulfing | StrongTrend1h | Zone:FVG | MTF 15 | Risk x1.15,BOS+2 | 1h+2 | 4h+2 | Vol+1 | RSI+1 | BTC+2 | FVG+1 | ChoCH+1 | Engulfing+1 | Zone:FVG+1 | Sess:DEAD_ZONE | Strong1h+1 | QualityRisk:1.15,0,1,-1.0,bear,0.3922,1,2.6435,0.1765,2.2033,-1,0.0,1.1136,0.464,0.0,-0.0031,1.667,-1.0,-0.0427,0.5625,13020,2,3,0.248,0.496,1,0.909,0
SUIUSDT,13020,13029,1783293300,1783302300,LONG,TP1,0.7578,0.76034184,0.7733,0.74763265,0.0,-0.012577392339203408,0.012577392339203408,15,1.84,69.01,0.5000000000000092,0.010073877914314524,2.6153871319637094,base,adaptive disabled,1.15,76.5,90,90,50,80,DEAD_ZONE,bullish,bullish,FVG,BOS bullish | Vol 1.8x | FVG | LiqSweep | ChoCH | Engulfing | StrongTrend1h | Zone:FVG | MTF 15 | Risk x1.15,BOS+2 | 1h+2 | 4h+2 | Vol+1 | BTC+2 | FVG+1 | LiqSweep+1 | ChoCH+1 | Engulfing+1 | Zone:FVG+1 | Sess:DEAD_ZONE | Strong1h+1 | QualityRisk:1.15,0,1,-1.0,bear,0.5724,2,2.0723,0.1765,1.2271,-1,0.0,0.9245,2.9113,8.571,-0.1788,1.205,1.0,0.2142,0.421875,13015,1,2,1.145,1.472,0,1.254,1
SUIUSDT,13020,13037,1783293300,1783309500,LONG,SL,0.7578,0.7733,0.7756,0.74761999,-0.5625,-0.5792490012288789,0.016749001228878926,15,2.23,71.15,0.5704697986577182,0.005734129738879286,1.4691235850209319,base,adaptive disabled,1.15,90.5,90,100,90,80,DEAD_ZONE,bullish,bullish,FVG,BOS bullish | Vol 2.2x | FVG | ChoCH | StrongTrend1h | Zone:FVG | MTF 15 | Risk x1.15,BOS+2 | BodyStrong+1 | 1h+2 | 4h+2 | Vol+2 | BTC+2 | FVG+1 | ChoCH+1 | Zone:FVG+1 | Sess:DEAD_ZONE | Strong1h+1 | QualityRisk:1.15,0,1,-1.0,bear,0.5724,2,2.0652,0.1765,1.2271,-1,0.0,1.0511,0.4774,0.0,-0.0507,2.055,1.0,0.1817,0.5625,13017,3,4,1.685,0.924,1,1.25,1
SUIUSDT,13020,13029,1783293300,1783302300,LONG,TP1,0.7578,0.76041143,0.81002864,0.74735427,0.0,-0.021763916930650048,0.021763916930650048,15,1.99,59.48,0.2571428571428611,0.006528007558876076,1.672520557550932,base,adaptive disabled,1.15,82.5,90,90,70,80,DEAD_ZONE,bullish,bullish,FVG,BOS bullish | Vol 2.0x | FVG | ChoCH | StrongTrend1h | Zone:FVG | MTF 15 | Risk x1.15,BOS+2 | BodyStrong+1 | 1h+2 | 4h+2 | Vol+1 | RSI+1 | BTC+2 | FVG+1 | ChoCH+1 | Zone:FVG+1 | Sess:DEAD_ZONE | Strong1h+1 | QualityRisk:1.15,0,1,-1.0,bear,0.5724,2,1.9261,0.1765,1.2271,-1,0.0,0.8999,2.8337,1.875,-0.0821,1.063,1.0,0.1243,0.75,13018,4,5,0.735,0.025,1,1.166,1
SOLUSDT,13022,13025,1783295100,1783298700,LONG,TP1,81.46,81.73398932,86.9397864,80.36404272,0.0,-0.027437379048661628,0.027437379048661628,15,2.69,59.26,0.30569948186528567,0.007164913897950949,2.4103964505052256,base,adaptive disabled,1.15,77.2,60,86,90,80,DEAD_ZONE,neutral,bullish,FVG,BOS bullish | Vol 2.7x | FVG | MACD_Div | ChoCH | Zone:FVG | MTF 15 | Risk x1.15,BOS+2 | BodyStrong+1 | 1hN+1 | 4h+2 | Vol+2 | RSI+1 | BTC+2 | FVG+1 | MACD_Div+1 | ChoCH+1 | Zone:FVG+1 | Sess:DEAD_ZONE | QualityRisk:1.15,0,0,-1.0,range,0.5629,1,2.5413,0.4286,2.1352,-1,0.0,0.3559,1.7154,9.833,-0.0828,1.367,1.0,0.4543,0.9228515625,13018,4,5,1.394,0.082,1,0.765,0
AVAXUSDT,13023,13045,1783296000,1783316700,LONG,SL,6.914,7.005,7.32884,6.831032,-0.75,-0.7750000000000002,0.025000000000000223,15,1.63,57.33,0.30909090909091164,0.006703434751041826,2.1045738102779876,base,adaptive disabled,1.15,81.9,90,87,70,80,DEAD_ZONE,bullish,bullish,FVG,BOS bullish | Vol 1.6x | FVG | ChoCH | StrongTrend1h | Zone:FVG | MTF 15 | Risk x1.15,BOS+2 | BodyStrong+1 | 1h+2 | 4h+2 | Vol+1 | RSI+1 | BTC+2 | FVG+1 | ChoCH+1 | Zone:FVG+1 | Sess:DEAD_ZONE | Strong1h+1 | QualityRisk:1.15,0,1,-1.0,bear,0.7045,0,3.168,0.4286,0.7558,-1,0.0,1.0486,0.5495,0.0,-0.0025,0.765,1.0,0.3012,0.75,13018,4,3,0.0,0.861,1,0.379,0
ETHUSDT,13024,13061,1783296900,1783331100,LONG,SL,1777.68,1803.33,1884.3408,1756.34784,-0.75,-0.7749999999999997,0.024999999999999818,15,1.48,59.24,0.2716864817261146,0.007520128001483942,2.961363044486976,base,adaptive disabled,1.15,74.9,90,82,50,80,DEAD_ZONE,bullish,bullish,FVG,BOS bullish | Vol 1.5x | FVG | ChoCH | BullWick | StrongTrend1h | Zone:FVG | MTF 15 | Risk x1.15,BOS+2 | 1h+2 | 4h+2 | Vol+1 | RSI+1 | BTC+2 | FVG+1 | ChoCH+1 | BullWick+1 | Zone:FVG+1 | Sess:DEAD_ZONE | Strong1h+1 | QualityRisk:1.15,0,0,-1.0,range,0.758,1,3.0377,0.5385,1.7782,-1,0.0,1.1054,0.8066,0.0,0.0355,1.729,1.0,0.2897,0.75,13019,5,3,0.358,2.581,1,1.063,0
ETHUSDT,13169,13177,1783427400,1783435500,LONG,SL,1787.0,1793.65532227,1920.10644535,1760.37871093,-2.0,-2.053701381486107,0.053701381486106765,14,1.48,66.32,0.4947916666666588,0.005050514536077462,1.3960748038102375,base,adaptive disabled,1.0,68.0,60,100,50,80,OVERLAP,neutral,bullish,FVG,BOS bullish | Vol 1.5x | FVG | ChoCH | Engulfing | BullWick | Session:OVERLAP | Zone:FVG | MTF 14,BOS+2 | 1hN+1 | 4h+2 | Vol+1 | RSI+1 | BTC+2 | FVG+1 | ChoCH+1 | Engulfing+1 | BullWick+1 | Zone:FVG+1 | Sess:OVERLAP,0,0,-1.0,bull,0.2604,2,3.5978,0.0526,1.4619,-1,0.0,1.0236,0.5199,0.0,0.0238,1.398,-1.0,-0.0338,2.0,13169,0,1,0.831,2.109,0,1.057,1
SUIUSDT,13178,13186,1783435500,1783443600,SHORT,SL,0.7393,0.7284,0.7238,0.7489825,-0.9375,-0.9661328427575521,0.028632842757552176,17,2.14,36.46,0.32240437158470064,0.0073919582573387,1.8793416634051703,base,adaptive disabled,1.25,82.1,90,88,70,80,NEW_YORK,bearish,bearish,FVG,BOS bearish | Vol 2.1x | FVG | ChoCH | Engulfing | BearWick | Session:NEW_YORK | StrongTrend1h | Zone:FVG | MTF 17 | Risk x1.25,BOS+2 | 1h+2 | 4h+2 | Vol+2 | RSI+1 | BTC+2 | FVG+1 | ChoCH+1 | Engulfing+1 | BearWick+1 | Zone:FVG+1 | Sess:NEW_YORK | Strong1h+1 | QualityRisk:1.15 | TrendPairRisk:1.25,0,0,-1.0,range,0.631,1,3.4171,0.0526,1.8743,-1,0.0,1.1774,0.6789,10.0,-0.2193,1.403,1.0,-0.3343,0.9375,13176,3,1,0.89,1.35,1,2.355,0
AVAXUSDT,13180,13208,1783437300,1783463400,SHORT,TRAIL,6.717,6.68241939,6.0253877,6.85532246,0.195196065772682,0.17577188838312435,0.019424177389557654,14,1.59,39.14,0.41968911917098933,0.00791069551622579,2.1371535006952476,base,adaptive disabled,1.15,76.5,90,90,50,80,NEW_YORK,bearish,bearish,FVG,BOS bearish | Vol 1.6x | FVG | MACD_Div | ChoCH | Session:NEW_YORK | StrongTrend1h | Zone:FVG | MTF 14 | Risk x1.15,BOS+2 | 1h+2 | 4h+2 | Vol+1 | RSI+1 | BTCok+1 | FVG+1 | MACD_Div+1 | ChoCH+1 | Zone:FVG+1 | Sess:NEW_YORK | Strong1h+1 | TrendPairRisk:1.15,0,0,-1.0,range,0.4302,1,3.937,0.1765,2.1606,-1,0.0,0.6362,1.9086,0.0,0.0535,2.069,1.0,-0.3299,1.0,13180,2,3,0.743,0.083,1,0.771,0
SUIUSDT,13209,13221,1783463400,1783475100,SHORT,TP1,0.7275,0.72113437,0.6001875,0.7529625,0.0,-0.008571428571428591,0.008571428571428591,14,1.67,32.34,0.7106918238993735,0.008186196592207805,1.723077437228057,base,adaptive disabled,1.25,78.5,90,100,50,80,DEAD_ZONE,bearish,bearish,FVG,BOS bearish | Vol 1.7x | FVG | ChoCH | StrongTrend1h | Zone:FVG | MTF 14 | Risk x1.25,BOS+2 | 1h+2 | 4h+2 | Vol+1 | RSI+1 | BTC+2 | FVG+1 | ChoCH+1 | Zone:FVG+1 | Sess:DEAD_ZONE | Strong1h+1 | QualityRisk:1.15 | TrendPairRisk:1.25,0,0,-1.0,range,0.2843,1,3.6314,0.1111,1.0495,-1,0.0,0.216,1.3039,1.189,-0.0065,0.943,1.0,-0.3276,0.75,13208,2,3,0.704,1.407,1,0.567,0
ADAUSDT,13212,13213,1783466100,1783467900,SHORT,TP1,0.1752,0.17420341,0.15526822,0.17918636,0.0,-0.011124810604160203,0.011124810604160203,14,2.83,34.24,0.6571428571428608,0.00726082288112457,1.168992484521112,base,adaptive disabled,1.15,75.8,65,100,70,80,DEAD_ZONE,bearish,neutral,FVG,BOS bearish | Vol 2.8x | FVG | ChoCH | StrongTrend1h | Zone:FVG | MTF 14 | Risk x1.15,BOS+2 | 1h+2 | 4hN+1 | Vol+2 | RSI+1 | BTC+2 | FVG+1 | ChoCH+1 | Zone:FVG+1 | Sess:DEAD_ZONE | Strong1h+1 | QualityRisk:1.15,0,0,-1.0,bear,0.4348,2,1.9331,0.3333,0.9896,-1,0.0,0.0753,1.0034,10.0,0.197,2.562,1.0,-0.1972,0.6328125,13208,2,1,0.46,29.917,0,0.368,1
ADAUSDT,13226,13232,1783478700,1783485000,SHORT,TRAIL,0.1717,0.17033891,0.14447826,0.17714435,0.05682775037762755,0.052836313153716535,0.003991437223911017,13,1.41,31.26,0.4848484848484845,0.006801935631026615,1.0932565638597367,base,adaptive disabled,1.25,78.5,90,100,50,80,OFF_HOURS,bearish,bearish,FVG,BOS bearish | Vol 1.4x | FVG | ChoCH | StrongTrend1h | Zone:FVG | MTF 13 | Risk x1.25,BOS+2 | 1h+2 | 4h+2 | Vol+1 | BTC+2 | FVG+1 | ChoCH+1 | Zone:FVG+1 | Sess:OFF_HOURS | Strong1h+1 | QualityRisk:1.15 | TrendPairRisk:1.25,0,0,-1.0,range,0.2414,0,5.5537,0.0526,1.4099,-1,0.0,0.1837,1.1755,0.0,-0.0481,1.053,1.0,-0.3528,0.31640625,13226,1,4,2.298,28.726,0,1.341,5
SUIUSDT,13226,13248,1783478700,1783499400,SHORT,TP1,0.7151,0.7095267,0.60363393,0.73739321,0.0,-0.005412999070120438,0.005412999070120438,14,2.32,29.73,0.47368421052631665,0.007747701267074282,1.630780435493851,base,adaptive disabled,1.25,84.5,90,100,70,80,OFF_HOURS,bearish,bearish,FVG,BOS bearish | Vol 2.3x | FVG | ChoCH | StrongTrend1h | Zone:FVG | MTF 14 | Risk x1.25,BOS+2 | 1h+2 | 4h+2 | Vol+2 | BTC+2 | FVG+1 | ChoCH+1 | Zone:FVG+1 | Sess:OFF_HOURS | Strong1h+1 | QualityRisk:1.15 | TrendPairRisk:1.25,0,1,-1.0,bull,0.2724,0,5.5313,0.0526,2.3969,-1,0.0,0.1884,1.9916,0.0,-0.0139,1.479,1.0,-0.1091,0.421875,13226,1,4,2.458,8.718,0,1.571,0
SOLUSDT,13269,13277,1783517400,1783525500,SHORT,TRAIL,77.05,76.63124655,68.67493096,78.72501381,0.3179078266823344,0.3041079404593068,0.013799886223027653,13,1.8,30.4,0.355371900826442,0.00441466640320593,1.2313765931815113,base,adaptive disabled,1.25,78.5,90,100,50,80,NEW_YORK,bearish,bearish,FVG,BOS bearish | Vol 1.8x | FVG | ChoCH | Session:NEW_YORK | StrongTrend1h | Zone:FVG | MTF 13 | Risk x1.25,BOS+2 | 1h+2 | 4h+2 | Vol+1 | BTC+2 | FVG+1 | ChoCH+1 | Zone:FVG+1 | Sess:NEW_YORK | Strong1h+1 | QualityRisk:1.15 | TrendPairRisk:1.25,0,1,-1.0,bull,0.4286,7,3.1999,0.0526,1.2491,-1,0.0,0.2269,2.3403,0.439,-0.2954,1.775,1.0,-0.6287,0.75,13268,0,1,0.492,0.154,1,1.077,6
SUIUSDT,13281,13315,1783528200,1783559700,SHORT,SL,0.704,0.70120867,0.64817345,0.71516531,-0.9375,-0.9611446636949622,0.023644663694962143,17,2.29,32.35,0.32584269662920606,0.0074742424035226076,1.720281276019619,base,adaptive disabled,1.25,90.3,90,99,90,80,NEW_YORK,bearish,bearish,FVG,BOS bearish | Vol 2.3x | FVG | LiqSweep | ChoCH | Session:NEW_YORK | StrongTrend1h | Zone:FVG | MTF 17 | Risk x1.25,BOS+2 | BodyStrong+1 | 1h+2 | 4h+2 | Vol+2 | RSI+1 | BTC+2 | FVG+1 | LiqSweep+1 | ChoCH+1 | Zone:FVG+1 | Sess:NEW_YORK | Strong1h+1 | QualityRisk:1.15 | TrendPairRisk:1.25,0,0,-1.0,range,0.5325,0,2.194,0.3333,0.9183,-1,0.0,1.4688,1.7913,9.667,0.0342,1.743,-1.0,0.1125,0.9375,13277,9,1,0.807,-1.0,0,0.63,0
SUIUSDT,13412,13414,1783646100,1783648800,SHORT,SL,0.719,0.716843,0.67586,0.727628,-1.3125,-1.3562499999999995,0.04374999999999959,13,1.34,38.63,0.4320987654320984,0.004434479770018383,1.323507441544802,base,adaptive disabled,1.15,74.0,60,100,70,80,OFF_HOURS,neutral,bearish,FVG,BOS bearish | Vol 1.3x | FVG | ChoCH | Zone:FVG | MTF 13 | Risk x1.15,BOS+2 | BodyStrong+1 | 1hN+1 | 4h+2 | Vol+1 | RSI+1 | BTC+2 | FVG+1 | ChoCH+1 | Zone:FVG+1 | Sess:OFF_HOURS | QualityRisk:1.15,0,0,-1.0,bear,0.7959,0,2.6774,0.1765,4.8153,-1,0.0,1.1358,1.8544,5.833,0.0679,1.109,1.0,-0.3676,1.3125,13411,13,1,0.0,0.173,1,1.382,0
XRPUSDT,13412,13414,1783646100,1783648800,SHORT,SL,1.0944,1.0911168,1.028736,1.1075328,-1.3125,-1.3562500000000002,0.04375000000000019,14,2.41,37.38,0.5308641975308608,0.0032076275999009083,1.170142548550728,base,adaptive disabled,1.15,74.0,60,100,70,80,OFF_HOURS,neutral,bearish,FVG,BOS bearish | Vol 2.4x | FVG | ChoCH | Zone:FVG | MTF 14 | Risk x1.15,BOS+2 | 1hN+1 | 4h+2 | Vol+2 | RSI+1 | BTCok+1 | FVG+1 | ChoCH+1 | Zone:FVG+1 | Sess:OFF_HOURS | NestedOB_1h+2 | QualityRisk:1.15,0,0,-1.0,range,0.5505,0,2.1432,0.1765,1.5578,-1,0.0,1.0889,0.6092,1.536,-0.1579,1.498,1.0,-0.1393,1.3125,13410,22,1,0.214,0.5,1,1.179,0
BTCUSDT,13447,13455,1783677600,1783685700,LONG,TP1,64329.3,64522.2879,68189.058,63557.3484,0.0,-0.009374999999999998,0.009374999999999998,15,1.84,70.09,0.6167787529921364,0.0026537714531662676,1.1337563011924037,base,adaptive disabled,1.15,78.5,90,100,50,80,LONDON,bullish,bullish,FVG,BOS bullish | Vol 1.8x | FVG | ChoCH | Engulfing | BullWick | Session:LONDON | StrongTrend1h | Zone:FVG | MTF 15 | Risk x1.15,BOS+2 | 1h+2 | 4h+2 | Vol+1 | BTC+2 | FVG+1 | ChoCH+1 | Engulfing+1 | BullWick+1 | Zone:FVG+1 | Sess:LONDON | Strong1h+1 | QualityRisk:1.15,0,0,-1.0,range,0.1986,0,2.4846,0.0526,0.6469,-1,0.0,0.1158,1.3353,0.0,0.2893,2.428,1.0,0.2622,0.28125,13446,0,1,0.323,1.823,0,0.738,2
ADAUSDT,13468,13563,1783696500,1783782900,SHORT,SL,0.1662,0.16505432,0.14328649,0.1707827,-0.984375,-0.9986550641543194,0.014280064154319434,15,2.09,34.4,0.4117647058823472,0.009636322283846028,2.027241301668661,base,adaptive disabled,1.0,72.0,60,90,70,80,NEW_YORK,neutral,bearish,FVG,BOS bearish | Vol 2.1x | FVG | LiqSweep | ChoCH | Engulfing | Session:NEW_YORK | Zone:FVG | MTF 15,BOS+2 | 1hN+1 | 4h+2 | Vol+2 | RSI+1 | BTC+2 | FVG+1 | LiqSweep+1 | ChoCH+1 | Engulfing+1 | Zone:FVG+1 | Sess:NEW_YORK,0,0,-1.0,range,0.28,0,3.9687,0.1765,2.8186,-1,0.0,1.3529,0.6983,2.333,-0.0577,1.578,1.0,-0.3092,0.984375,13467,0,2,1.526,0.305,1,0.916,4
SUIUSDT,13520,13521,1783743300,1783745100,LONG,TP1,0.7392,0.74181321,0.79146428,0.72874714,0.0,-0.015911434765222138,0.015911434765222138,16,3.82,63.69,0.5,0.004369163005195226,1.1559556981019683,base,adaptive disabled,1.25,84.5,90,100,70,80,OFF_HOURS,bullish,bullish,FVG,BOS bullish | Vol 3.8x | FVG | ChoCH | BullWick | StrongTrend1h | Zone:FVG | MTF 16 | Risk x1.25,BOS+2 | 1h+2 | 4h+2 | Vol+2 | RSI+1 | BTC+2 | FVG+1 | ChoCH+1 | BullWick+1 | Zone:FVG+1 | Sess:OFF_HOURS | Strong1h+1 | QualityRisk:1.15 | RelStrengthRisk:1.25,0,0,-1.0,range,0.4317,0,3.8388,0.1765,2.3337,-1,0.0,0.0574,1.148,0.0,-0.0082,3.482,-1.0,-0.3144,0.5625,13517,0,2,1.88,0.313,1,1.567,0
SUIUSDT,13520,13521,1783743300,1783745100,LONG,TP1,0.7392,0.74186584,0.79251683,0.72853663,0.0,-0.011697990410161195,0.011697990410161195,15,3.81,68.82,0.6291390728476909,0.0055245987385321845,1.4616509807346665,base,adaptive disabled,1.25,90.5,90,100,90,80,OFF_HOURS,bullish,bullish,FVG,BOS bullish | Vol 3.8x | FVG | ChoCH | StrongTrend1h | Zone:FVG | MTF 15 | Risk x1.25,BOS+2 | BodyStrong+1 | 1h+2 | 4h+2 | Vol+2 | BTC+2 | FVG+1 | ChoCH+1 | Zone:FVG+1 | Sess:OFF_HOURS | Strong1h+1 | QualityRisk:1.15 | RelStrengthRisk:1.25,0,0,-1.0,range,0.4317,0,3.5464,0.1765,2.3337,-1,0.0,0.0563,1.1253,0.0,0.0591,1.913,-1.0,-0.0887,0.421875,13518,1,3,2.714,2.28,0,1.448,0
SUIUSDT,13520,13521,1783743300,1783745100,LONG,TP1,0.7392,0.74186863,0.79257268,0.72852546,0.0,-0.015580999274910192,0.015580999274910192,16,2.09,63.3,0.728571428571427,0.00498095735693807,1.4088446310731872,base,adaptive disabled,1.25,84.5,90,100,70,80,OFF_HOURS,bullish,bullish,FVG,BOS bullish | Vol 2.1x | FVG | ChoCH | Engulfing | BullWick | StrongTrend1h | Zone:FVG | MTF 16 | Risk x1.25,BOS+2 | 1h+2 | 4h+2 | Vol+2 | RSI+1 | BTCok+1 | FVG+1 | ChoCH+1 | Engulfing+1 | BullWick+1 | Zone:FVG+1 | Sess:OFF_HOURS | Strong1h+1 | QualityRisk:1.15 | RelStrengthRisk:1.25,0,0,-1.0,range,0.4317,0,3.5321,0.1765,2.3337,-1,0.0,0.0562,1.1242,0.0,0.0687,1.45,-1.0,-0.1755,0.5625,13520,3,5,2.163,2.811,0,1.442,0
SUIUSDT,13528,13598,1783750500,1783814400,LONG,SL,0.7473,0.75215282,0.84435648,0.7278887,-0.5625,-0.5711620937289106,0.00866209372891052,15,1.57,69.67,0.31073446327683046,0.007614358317874925,2.0145416580868325,base,adaptive disabled,1.25,75.9,90,87,50,80,OFF_HOURS,bullish,bullish,FVG,BOS bullish | Vol 1.6x | FVG | ChoCH | Engulfing | BullWick | StrongTrend1h | Zone:FVG | MTF 15 | Risk x1.25,BOS+2 | 1h+2 | 4h+2 | Vol+1 | BTC+2 | FVG+1 | ChoCH+1 | Engulfing+1 | BullWick+1 | Zone:FVG+1 | Sess:OFF_HOURS | Strong1h+1 | QualityRisk:1.15 | RelStrengthRisk:1.25,0,0,-1.0,bull,0.3133,1,4.1626,0.1765,3.6138,-1,0.0,1.02,0.7006,0.579,-0.0066,1.343,1.0,0.3097,0.5625,13528,1,3,1.114,0.235,1,1.173,0
SUIUSDT,13531,13565,1783753200,1783784700,LONG,TP1,0.745,0.74926393,0.83027853,0.72794429,-0.11130803115203243,-0.12359313977547881,0.01228510862344638,15,7.6,70.74,0.4010695187165774,0.007320798732992856,2.151729163894043,base,adaptive disabled,1.15,82.5,90,90,70,80,OFF_HOURS,bullish,bullish,FVG,BOS bullish | Vol 7.6x | FVG | ChoCH | Engulfing | StrongTrend1h | Zone:FVG | MTF 15 | Risk x1.15,BOS+2 | 1h+2 | 4h+2 | Vol+2 | BTC+2 | FVG+1 | ChoCH+1 | Engulfing+1 | Zone:FVG+1 | Sess:OFF_HOURS | Strong1h+1 | QualityRisk:1.15,0,0,-1.0,bull,0.4192,0,2.8608,0.4286,2.2893,-1,0.0,0.428,1.2195,1.056,0.0058,2.656,1.0,0.3042,0.703125,13526,0,1,1.043,0.328,1,1.043,1
AVAXUSDT,13562,13564,1783781100,1783783800,LONG,TRAIL,6.748,6.76862264,7.16045272,6.66550946,0.47732746082155664,0.4343807180799042,0.042946742741652444,13,2.5,69.64,0.530864197530875,0.001976007373885216,1.1040941201747891,base,adaptive disabled,1.15,80.0,60,100,90,80,NEW_YORK,neutral,bullish,FVG,BOS bullish | Vol 2.5x | FVG | ChoCH | Session:NEW_YORK | Zone:FVG | MTF 13 | Risk x1.15,BOS+2 | BodyStrong+1 | 1hN+1 | 4h+2 | Vol+2 | BTC+2 | FVG+1 | ChoCH+1 | Zone:FVG+1 | Sess:NEW_YORK | QualityRisk:1.15,0,0,-1.0,bull,0.3551,6,5.2629,0.0526,1.6961,-1,0.0,0.0,1.8911,3.583,0.0196,2.404,1.0,0.0998,1.3125,13561,0,1,1.186,0.519,1,2.076,5
BTCUSDT,13562,13697,1783781100,1783903500,LONG,SL,64354.3,64547.3629,68215.558,63582.0484,-0.11865234375,-0.12260742187499998,0.003955078124999983,15,3.47,70.92,0.5275217276797296,0.001959362447105388,2.1424109602854915,base,adaptive disabled,1.0,82.5,90,90,70,80,NEW_YORK,bullish,bullish,FVG,BOS bullish | Vol 3.5x | FVG | ChoCH | Engulfing | Session:NEW_YORK | StrongTrend1h | Zone:FVG | MTF 15,BOS+2 | 1h+2 | 4h+2 | Vol+2 | BTC+2 | FVG+1 | ChoCH+1 | Engulfing+1 | Zone:FVG+1 | Sess:NEW_YORK | Strong1h+1,0,1,-1.0,bear,0.3487,3,4.7213,0.0526,3.5321,-1,0.0,1.0699,0.5822,7.474,-0.0055,1.912,1.0,0.4076,0.11865234375,13562,0,4,2.555,3.867,0,1.816,2
BTCUSDT,13563,13697,1783782000,1783903500,LONG,SL,64354.3,64547.3629,68215.558,63582.0484,-0.158203125,-0.16347656249999998,0.005273437499999978,16,1.33,61.04,0.4146341463414634,0.002208377035426684,2.4146891108025965,base,adaptive disabled,1.0,82.5,90,90,70,80,NEW_YORK,bullish,bullish,FVG,BOS bullish | Vol 1.3x | FVG | ChoCH | Engulfing | Session:NEW_YORK | StrongTrend1h | Zone:FVG | MTF 16,BOS+2 | BodyStrong+1 | 1h+2 | 4h+2 | Vol+1 | RSI+1 | BTC+2 | FVG+1 | ChoCH+1 | Engulfing+1 | Zone:FVG+1 | Sess:NEW_YORK | Strong1h+1,0,1,-1.0,bear,0.3487,0,4.2789,0.1111,2.5611,-1,0.0,1.0699,0.5822,10.0,-0.0339,1.126,1.0,0.3976,0.158203125,13563,1,5,1.493,4.84,0,1.179,3
AVAXUSDT,13565,13577,1783783800,1783795500,LONG,TRAIL,6.758,6.77994139,7.19682785,6.67023443,0.16394607483343468,0.13362709553437704,0.030318979299057646,13,2.29,68.47,0.4117647058823538,0.0043838725876662946,2.4494888083949813,base,adaptive disabled,1.0,78.0,60,90,90,80,NEW_YORK,neutral,bullish,FVG,BOS bullish | Vol 2.3x | FVG | ChoCH | Session:NEW_YORK | Zone:FVG | MTF 13,BOS+2 | BodyStrong+1 | 1hN+1 | 4h+2 | Vol+2 | BTC+2 | FVG+1 | ChoCH+1 | Zone:FVG+1 | Sess:NEW_YORK,0,0,-1.0,bull,0.358,0,2.9823,0.1111,1.608,-1,0.0,0.5241,1.0482,1.633,-0.0901,1.009,1.0,0.3314,0.984375,13564,2,4,2.088,0.418,1,1.014,1
BTCUSDT,13565,13697,1783783800,1783903500,LONG,SL,64354.3,64547.3629,68215.558,63582.0484,-0.2109375,-0.21796875,0.007031249999999971,14,1.73,68.57,0.6585662211421774,0.001868094786202145,2.0426168474976345,base,adaptive disabled,1.0,82.5,90,90,70,80,NEW_YORK,bullish,bullish,FVG,BOS bullish | Vol 1.7x | FVG | ChoCH | Session:NEW_YORK | StrongTrend1h | Zone:FVG | MTF 14,BOS+2 | BodyStrong+1 | 1h+2 | 4h+2 | Vol+1 | BTC+2 | FVG+1 | ChoCH+1 | Zone:FVG+1 | Sess:NEW_YORK | Strong1h+1,0,1,-1.0,bear,0.3487,0,3.4584,0.25,2.0941,-1,0.0,1.0699,0.4392,0.0,-0.0005,0.935,1.0,0.4313,0.2109375,13564,2,6,2.927,2.99,0,0.96,1
ETHUSDT,13566,13568,1783784700,1783787400,LONG,TRAIL,1809.71,1815.13913,1918.2926,1787.99348,0.13116835100685592,0.10616835100685586,0.025000000000000067,15,1.46,68.01,0.4813805631244187,0.004346852036480944,3.128185986941466,base,adaptive disabled,1.0,80.5,90,80,70,80,NEW_YORK,bullish,bullish,FVG,BOS bullish | Vol 1.5x | FVG | ChoCH | Engulfing | Session:NEW_YORK | StrongTrend1h | Zone:FVG | MTF 15,BOS+2 | BodyStrong+1 | 1h+2 | 4h+2 | Vol+1 | BTC+2 | FVG+1 | ChoCH+1 | Engulfing+1 | Zone:FVG+1 | Sess:NEW_YORK | Strong1h+1,0,0,-1.0,bull,0.5742,0,6.9103,0.1111,3.3768,-1,0.0,0.1054,1.8456,2.319,0.0562,1.107,1.0,0.5878,0.75,13563,0,1,0.507,0.813,1,3.608,2
ETHUSDT,13566,13568,1783784700,1783787400,LONG,TRAIL,1809.71,1815.13913,1918.2926,1787.99348,0.16421657865765618,0.1225499119909894,0.04166666666666678,17,3.59,58.05,0.25839289581979613,0.007324680746946754,5.109958479236655,base,adaptive disabled,1.15,84.7,90,71,90,80,NEW_YORK,bullish,bullish,FVG,BOS bullish | Vol 3.6x | FVG | ChoCH | Engulfing | Session:NEW_YORK | StrongTrend1h | Zone:FVG | MTF 17 | Risk x1.15,BOS+2 | BodyStrong+1 | 1h+2 | 4h+2 | Vol+2 | RSI+1 | BTC+2 | FVG+1 | ChoCH+1 | Engulfing+1 | Zone:FVG+1 | Sess:NEW_YORK | Strong1h+1 | QualityRisk:1.15,0,0,-1.0,bull,0.5742,0,4.6002,0.1111,3.3768,-1,0.0,0.1054,1.8456,4.753,-0.0517,1.494,1.0,0.4768,1.25,13566,3,4,0.608,0.271,1,2.402,2
ADAUSDT,13626,13687,1783838700,1783894500,SHORT,TP1,0.1628,0.16168582,0.14051632,0.16725674,0.0,-0.006164259077262771,0.006164259077262771,14,1.67,29.62,0.7446808510638333,0.006561381405220094,1.3336007714311648,base,adaptive disabled,1.15,84.5,90,100,70,80,OFF_HOURS,bearish,bearish,FVG,BOS bearish | Vol 1.7x | FVG | ChoCH | StrongTrend1h | Zone:FVG | MTF 14 | Risk x1.15,BOS+2 | BodyStrong+1 | 1h+2 | 4h+2 | Vol+1 | BTC+2 | FVG+1 | ChoCH+1 | Zone:FVG+1 | Sess:OFF_HOURS | Strong1h+1 | TrendPairRisk:1.15,0,0,-1.0,range,0.1818,0,3.2682,0.1111,3.3057,-1,0.0,0.5609,1.436,0.0,-0.1794,1.786,1.0,-0.2961,0.421875,13626,0,5,2.101,-1.0,0,0.934,5
ADAUSDT,13628,13630,1783840500,1783843200,SHORT,TRAIL,0.1641,0.16332009,0.14850177,0.16721965,0.05276417720295338,0.04388758046934545,0.008876596733607932,15,2.22,28.56,0.8181818181818197,0.004076244837740988,0.8437826819219203,base,adaptive disabled,1.25,90.5,90,100,90,80,OFF_HOURS,bearish,bearish,FVG,BOS bearish | Vol 2.2x | FVG | ChoCH | StrongTrend1h | Zone:FVG | MTF 15 | Risk x1.25,BOS+2 | BodyStrong+1 | 1h+2 | 4h+2 | Vol+2 | BTC+2 | FVG+1 | ChoCH+1 | Zone:FVG+1 | Sess:OFF_HOURS | Strong1h+1 | QualityRisk:1.15 | TrendPairRisk:1.25,0,0,-1.0,range,0.4773,0,2.6841,0.25,2.3814,-1,0.0,0.0,1.154,0.0,0.0522,1.82,1.0,-0.0125,0.421875,13624,2,3,1.464,0.488,1,1.098,0
LINKUSDT,13660,13661,1783869300,1783871100,LONG,TP1,8.059,8.083177,8.54254,7.962292,0.0,-0.04166666666666685,0.04166666666666685,15,1.71,63.23,0.2533333333333314,0.0044189720813130945,1.8541076543510342,base,adaptive disabled,1.0,74.5,90,80,50,80,NEW_YORK,bullish,bullish,FVG,BOS bullish | Vol 1.7x | FVG | ChoCH | BullWick | Session:NEW_YORK | StrongTrend1h | Zone:FVG | MTF 15,BOS+2 | 1h+2 | 4h+2 | Vol+1 | RSI+1 | BTC+2 | FVG+1 | ChoCH+1 | BullWick+1 | Zone:FVG+1 | Sess:NEW_YORK | Strong1h+1,0,0,-1.0,bull,0.3367,0,3.7511,0.1111,4.7269,-1,0.0,0.0931,1.1168,1.52,0.1779,1.495,1.0,0.1702,1.25,13660,0,1,0.549,1.876,0,1.144,2
LINKUSDT,13661,13680,1783870200,1783888200,LONG,TRAIL,8.059,8.083177,8.54254,7.962292,0.11632956942549194,0.0746629027588251,0.04166666666666685,15,1.96,64.67,0.24324324324323807,0.004785137410289974,2.004468876261997,base,adaptive disabled,1.0,74.3,90,79,50,80,NEW_YORK,bullish,bullish,FVG,BOS bullish | Vol 2.0x | FVG | ChoCH | BullWick | Session:NEW_YORK | StrongTrend1h | Zone:FVG | MTF 15,BOS+2 | 1h+2 | 4h+2 | Vol+1 | RSI+1 | BTC+2 | FVG+1 | ChoCH+1 | BullWick+1 | Zone:FVG+1 | Sess:NEW_YORK | Strong1h+1,0,0,-1.0,range,0.3367,1,3.6774,0.1765,3.8725,-1,0.0,0.424,1.1168,1.333,0.2382,1.564,1.0,0.2388,1.25,13661,1,2,0.852,1.525,0,1.256,0
AVAXUSDT,13690,13695,1783896300,1783901700,SHORT,SL,6.399,6.275,5.88185635,6.50242873,-1.0,-1.0247474758705826,0.024747475870582555,15,2.05,35.61,0.7227722772277181,0.004744231272913606,1.702651890194259,base,adaptive disabled,1.15,84.5,90,100,70,80,DEAD_ZONE,bearish,bearish,FVG,BOS bearish | Vol 2.0x | FVG | ChoCH | StrongTrend1h | Zone:FVG | MTF 15 | Risk x1.15,BOS+2 | 1h+2 | 4h+2 | Vol+2 | RSI+1 | BTC+2 | FVG+1 | ChoCH+1 | Zone:FVG+1 | Sess:DEAD_ZONE | Strong1h+1 | TrendPairRisk:1.15,0,1,-1.0,bull,0.2957,1,4.2356,0.1765,2.884,-1,0.0,1.1699,0.2258,0.0,-0.0675,2.001,1.0,-0.3111,1.0,13689,0,1,0.089,0.357,1,0.535,0
BTCUSDT,13697,13702,1783902600,1783908000,LONG,SL,64138.9,64331.3167,67987.234,63369.2332,-0.369140625,-0.3814453125,0.012304687500000015,14,3.59,57.23,0.23682771194166485,0.004898232343966001,3.4763602089524404,base,adaptive disabled,1.15,73.6,60,68,90,80,OFF_HOURS,neutral,bullish,FVG,BOS bullish | Vol 3.6x | FVG | LiqSweep | ChoCH | Zone:FVG | MTF 14 | Risk x1.15,BOS+2 | BodyStrong+1 | 1hN+1 | 4h+2 | Vol+2 | RSI+1 | BTCok+1 | FVG+1 | LiqSweep+1 | ChoCH+1 | Zone:FVG+1 | Sess:OFF_HOURS | QualityRisk:1.15,0,1,-1.0,bear,0.3414,0,4.5511,0.0526,3.4553,-1,0.0,1.0154,0.1928,0.0,0.0617,2.144,1.0,-0.204,0.369140625,13697,0,1,1.649,0.414,1,1.676,1
ETHUSDT,13697,13707,1783902600,1783912500,LONG,SL,1830.37,1840.91574728,2041.28494563,1788.18701087,-2.0,-2.034712950177317,0.034712950177317216,16,2.49,63.56,0.30068836045055974,0.010999628496729806,4.54604325752273,base,adaptive disabled,1.0,75.2,60,76,90,80,OFF_HOURS,neutral,bullish,FVG,BOS bullish | Vol 2.5x | FVG | LiqSweep | ChoCH | Zone:FVG | MTF 16,BOS+2 | BodyStrong+1 | 1hN+1 | 4h+2 | Vol+2 | RSI+1 | BTCok+1 | FVG+1 | LiqSweep+1 | ChoCH+1 | Zone:FVG+1 | Sess:OFF_HOURS | NestedOB_1h+2,0,1,-1.0,bear,0.3196,0,5.6908,0.1111,9.5763,-1,0.0,1.099,0.2171,0.0,0.1197,1.552,1.0,0.134,2.0,13697,0,1,0.895,0.384,1,1.606,1
LINKUSDT,13697,13707,1783902600,1783912500,LONG,SL,8.1,8.14835002,9.06700047,7.90659991,-2.0,-2.033505672101807,0.0335056721018072,15,2.35,63.75,0.2528301886792454,0.008935371974185482,3.415865057602759,base,adaptive disabled,1.0,68.0,60,70,70,80,OFF_HOURS,neutral,bullish,FVG,BOS bullish | Vol 2.4x | FVG | LiqSweep | ChoCH | Zone:FVG | MTF 15,BOS+2 | 1hN+1 | 4h+2 | Vol+2 | RSI+1 | BTCok+1 | FVG+1 | LiqSweep+1 | ChoCH+1 | Zone:FVG+1 | Sess:OFF_HOURS | NestedOB_1h+2,0,0,-1.0,range,0.1675,0,5.0291,0.0526,2.2639,-1,0.0,1.0341,0.2482,0.0,-0.0676,2.53,-1.0,-0.1214,2.0,13697,0,1,0.0,0.291,1,0.93,4
SUIUSDT,13697,13702,1783902600,1783908000,LONG,SL,0.7414,0.74447794,0.80295881,0.72908824,-1.640625,-1.6801436187839922,0.03951861878399224,16,2.43,56.65,0.24000000000000243,0.009200002502731987,2.848167441854161,base,adaptive disabled,1.15,75.6,60,78,90,80,OFF_HOURS,neutral,bullish,FVG,BOS bullish | Vol 2.4x | FVG | LiqSweep | MACD_Div | ChoCH | Engulfing | Zone:FVG | MTF 16 | Risk x1.15,BOS+2 | BodyStrong+1 | 1hN+1 | 4h+2 | Vol+2 | RSI+1 | BTCok+1 | FVG+1 | LiqSweep+1 | MACD_Div+1 | ChoCH+1 | Engulfing+1 | Zone:FVG+1 | Sess:OFF_HOURS | QualityRisk:1.15,0,1,-1.0,bear,0.375,0,3.9858,0.1111,4.2611,-1,0.0,1.0153,0.2599,0.0,0.2011,1.642,1.0,0.0905,1.640625,13697,0,1,0.332,1.359,0,1.48,1
LINKUSDT,13700,13707,1783905300,1783912500,LONG,SL,8.1,8.14982502,9.09650044,7.90069991,-1.922607421875,-1.9538630427172936,0.031255620842293726,16,2.93,49.65,0.2161172161172123,0.012582313382324203,4.775287507541825,base,adaptive disabled,1.0,73.0,60,65,90,80,OFF_HOURS,neutral,bullish,FVG,BOS bullish | Vol 2.9x | FVG | LiqSweep | ChoCH | Zone:FVG | MTF 16,BOS+2 | BodyStrong+1 | 1hN+1 | 4h+2 | Vol+2 | RSI+1 | BTCok+1 | FVG+1 | LiqSweep+1 | ChoCH+1 | Zone:FVG+1 | Sess:OFF_HOURS | NestedOB_1h+2,0,0,-1.0,range,0.1675,0,3.995,0.25,1.9345,-1,0.0,1.0035,0.1004,0.0,-0.1104,1.008,1.0,-0.2296,1.922607421875,13698,1,2,1.861,0.298,1,1.613,1
ADAUSDT,13704,13708,1783908900,1783913400,SHORT,TRAIL,0.1603,0.15896582,0.13361641,0.16563672,0.24242418564211737,0.23566582095369454,0.006758364688422865,15,1.6,33.33,0.2467532467532462,0.00894064120876311,2.0984962164197576,base,adaptive disabled,1.15,74.3,90,79,50,80,OFF_HOURS,bearish,bearish,FVG,BOS bearish | Vol 1.6x | FVG | ChoCH | Engulfing | StrongTrend1h | Zone:FVG | MTF 15 | Risk x1.15,BOS+2 | 1h+2 | 4h+2 | Vol+1 | RSI+1 | BTC+2 | FVG+1 | ChoCH+1 | Engulfing+1 | Zone:FVG+1 | Sess:OFF_HOURS | Strong1h+1 | TrendPairRisk:1.15,0,0,-1.0,range,0.2308,2,3.255,0.1111,2.9292,-1,0.0,0.0937,2.2486,0.826,-0.0317,1.657,1.0,-0.5459,0.5625,13704,0,1,0.704,-1.0,0,0.968,1
XRPUSDT,13704,13708,1783908900,1783913400,SHORT,TRAIL,1.0812,1.07454193,0.94803861,1.10783228,0.2698941114944367,0.2577149064094797,0.012179205084957023,15,2.71,36.86,0.12107623318385757,0.005085316555063277,2.1239020183276467,base,adaptive disabled,1.15,77.3,90,64,70,80,OFF_HOURS,bearish,bearish,FVG,BOS bearish | Vol 2.7x | FVG | ChoCH | StrongTrend1h | Zone:FVG | MTF 15 | Risk x1.15,BOS+2 | 1h+2 | 4h+2 | Vol+2 | RSI+1 | BTC+2 | FVG+1 | ChoCH+1 | Zone:FVG+1 | Sess:OFF_HOURS | Strong1h+1 | TrendPairRisk:1.15,0,1,-1.0,bull,0.203,5,3.2767,0.0526,2.6147,-1,0.0,0.0676,1.8474,0.388,0.0038,2.723,1.0,-0.5717,0.75,13704,0,1,0.534,2.117,0,0.994,4
ADAUSDT,13711,13749,1783915200,1783950300,SHORT,TRAIL,0.1587,0.15731138,0.1309275,0.1642545,0.04557115852012021,0.040749729948691624,0.004821428571428581,15,1.92,36.38,0.4029850746268695,0.008209509404624345,1.925716350086081,base,adaptive disabled,1.15,82.5,90,90,70,80,OFF_HOURS,bearish,bearish,FVG,BOS bearish | Vol 1.9x | FVG | ChoCH | StrongTrend1h | Zone:FVG | MTF 15 | Risk x1.15,BOS+2 | BodyStrong+1 | 1h+2 | 4h+2 | Vol+1 | RSI+1 | BTC+2 | FVG+1 | ChoCH+1 | Zone:FVG+1 | Sess:OFF_HOURS | Strong1h+1 | TrendPairRisk:1.15,0,0,-1.0,range,0.2329,0,3.2008,0.1111,1.4408,-1,0.0,0.3421,1.0802,9.0,0.077,2.067,1.0,-0.2942,0.421875,13711,2,3,0.253,-1.0,0,0.927,1
BTCUSDT,13749,13749,1783949400,1783950300,SHORT,TP1,62651.1,62463.1467,58892.034,63402.9132,0.0,-0.00937499999999995,0.00937499999999995,15,1.34,29.37,0.47090192441456646,0.002527284946907219,1.1452740013551517,base,adaptive disabled,1.25,84.5,90,100,70,80,NEW_YORK,bearish,bearish,FVG,BOS bearish | Vol 1.3x | FVG | ChoCH | BearWick | Session:NEW_YORK | StrongTrend1h | Zone:FVG | MTF 15 | Risk x1.25,BOS+2 | BodyStrong+1 | 1h+2 | 4h+2 | Vol+1 | BTC+2 | FVG+1 | ChoCH+1 | BearWick+1 | Zone:FVG+1 | Sess:NEW_YORK | Strong1h+1 | QualityRisk:1.15 | TrendPairRisk:1.25,0,0,-1.0,range,0.3353,0,4.2502,0.0526,2.6525,-1,0.0,0.1209,2.216,4.01,-0.299,1.166,1.0,-0.3052,0.28125,13748,1,4,2.363,0.328,1,1.523,1
BTCUSDT,13749,13749,1783949400,1783950300,SHORT,TP1,62651.1,62463.1467,58892.034,63402.9132,0.0,-0.00937499999999995,0.00937499999999995,15,2.64,29.98,0.4150080356039112,0.0025666131785060274,1.1630961314732884,base,adaptive disabled,1.25,84.5,90,100,70,80,NEW_YORK,bearish,bearish,FVG,BOS bearish | Vol 2.6x | FVG | ChoCH | Engulfing | Session:NEW_YORK | StrongTrend1h | Zone:FVG | MTF 15 | Risk x1.25,BOS+2 | 1h+2 | 4h+2 | Vol+2 | BTC+2 | FVG+1 | ChoCH+1 | Engulfing+1 | Zone:FVG+1 | Sess:NEW_YORK | Strong1h+1 | QualityRisk:1.15 | TrendPairRisk:1.25,0,0,-1.0,range,0.3353,0,4.0972,0.0526,2.6525,-1,0.0,0.1209,2.216,1.605,-0.2565,1.8,1.0,-0.2101,0.28125,13749,2,5,2.221,0.373,1,1.468,1
SOLUSDT,13749,13751,1783949400,1783952100,SHORT,TRAIL,75.68,75.3218025,68.51604994,77.11279001,0.12562901663447898,0.11374451166085754,0.01188450497362144,13,1.87,29.74,0.6261682242990627,0.002731499120718676,0.7735200843349118,base,adaptive disabled,1.25,76.5,90,90,50,80,NEW_YORK,bearish,bearish,FVG,BOS bearish | Vol 1.9x | FVG | ChoCH | Session:NEW_YORK | StrongTrend1h | Zone:FVG | MTF 13 | Risk x1.25,BOS+2 | 1h+2 | 4h+2 | Vol+1 | BTC+2 | FVG+1 | ChoCH+1 | Zone:FVG+1 | Sess:NEW_YORK | Strong1h+1 | QualityRisk:1.15 | TrendPairRisk:1.25,0,0,-1.0,bear,0.1511,2,3.5603,0.0526,1.8254,-1,0.0,0.1047,1.7588,3.35,-0.2626,2.254,1.0,-0.2658,0.5625,13749,0,4,1.899,0.712,1,0.831,1
SUIUSDT,13749,13751,1783949400,1783952100,SHORT,TRAIL,0.7274,0.72456846,0.67076918,0.73872616,0.17878963390946823,0.15711437062517764,0.02167526328429058,14,1.55,33.93,0.5344827586206755,0.003307194308621203,0.8945348162654636,base,adaptive disabled,1.15,69.8,65,100,50,80,NEW_YORK,bearish,neutral,FVG,BOS bearish | Vol 1.6x | FVG | ChoCH | Engulfing | Session:NEW_YORK | StrongTrend1h | Zone:FVG | MTF 14 | Risk x1.15,BOS+2 | 1h+2 | 4hN+1 | Vol+1 | RSI+1 | BTC+2 | FVG+1 | ChoCH+1 | Engulfing+1 | Zone:FVG+1 | Sess:NEW_YORK | Strong1h+1 | QualityRisk:1.15,0,0,-1.0,bear,0.3333,2,3.444,0.0526,1.529,-1,0.0,0.053,1.8011,8.857,-0.1903,1.225,1.0,-0.5492,0.84375,13749,2,5,1.979,1.385,0,1.267,1
XRPUSDT,13749,13751,1783949400,1783952100,SHORT,TRAIL,1.071,1.06736519,0.99830376,1.08553925,0.13927816084047856,0.11717935932045533,0.02209880152002321,14,2.16,31.59,0.46666666666667656,0.0027714108080913735,1.0274288827780265,base,adaptive disabled,1.25,84.5,90,100,70,80,NEW_YORK,bearish,bearish,FVG,BOS bearish | Vol 2.2x | FVG | ChoCH | Session:NEW_YORK | StrongTrend1h | Zone:FVG | MTF 14 | Risk x1.25,BOS+2 | 1h+2 | 4h+2 | Vol+2 | BTC+2 | FVG+1 | ChoCH+1 | Zone:FVG+1 | Sess:NEW_YORK | Strong1h+1 | QualityRisk:1.15 | TrendPairRisk:1.25,0,0,-1.0,bear,0.2611,2,3.7765,0.0526,2.1046,-1,0.0,0.1307,1.5957,2.5,-0.2095,1.549,1.0,-0.5061,0.75,13749,0,4,1.871,0.306,1,1.395,1
SUIUSDT,13751,13752,1783951200,1783953000,SHORT,TP1,0.7274,0.72451357,0.66967138,0.73894572,-0.18513353866193646,-0.2134843041403995,0.028350765478463064,15,2.23,32.89,0.7570093457943813,0.0052417738726720795,1.4178027628653873,base,adaptive disabled,1.15,75.8,65,100,70,80,NEW_YORK,bearish,neutral,FVG,BOS bearish | Vol 2.2x | FVG | ChoCH | Engulfing | Session:NEW_YORK | StrongTrend1h | Zone:FVG | MTF 15 | Risk x1.15,BOS+2 | 1h+2 | 4hN+1 | Vol+2 | RSI+1 | BTC+2 | FVG+1 | ChoCH+1 | Engulfing+1 | Zone:FVG+1 | Sess:NEW_YORK | Strong1h+1 | QualityRisk:1.15,0,0,-1.0,bear,0.408,0,2.3309,0.1111,2.0485,-1,0.0,0.3811,1.8362,3.682,-0.2681,1.094,1.0,-0.7131,1.125,13750,3,6,2.003,1.093,0,0.983,3
XRPUSDT,13751,13752,1783951200,1783953000,SHORT,TP1,1.071,1.0673016,0.99703206,1.08579359,-0.1216743197560598,-0.13796346931340184,0.01628914955734204,14,3.64,30.89,0.795275590551199,0.004300656054986804,1.5943570086712184,base,adaptive disabled,1.15,84.5,90,100,70,80,NEW_YORK,bearish,bearish,FVG,BOS bearish | Vol 3.6x | FVG | ChoCH | Session:NEW_YORK | StrongTrend1h | Zone:FVG | MTF 14 | Risk x1.15,BOS+2 | 1h+2 | 4h+2 | Vol+2 | BTC+2 | FVG+1 | ChoCH+1 | Zone:FVG+1 | Sess:NEW_YORK | Strong1h+1 | TrendPairRisk:1.15,0,0,-1.0,bear,0.3766,4,3.1939,0.0526,2.8302,-1,0.0,0.4529,1.2438,10.0,-0.2042,1.787,1.0,-0.6189,0.5625,13750,1,5,1.847,0.157,1,1.378,3
XRPUSDT,13751,13752,1783951200,1783953000,SHORT,TP1,1.071,1.06728006,0.9966012,1.08587976,-0.12096969305956787,-0.13716451071791705,0.016194817658349188,14,2.76,29.17,0.804511278195505,0.004676762228160187,1.733788645504435,base,adaptive disabled,1.15,84.5,90,100,70,80,NEW_YORK,bearish,bearish,FVG,BOS bearish | Vol 2.8x | FVG | ChoCH | Session:NEW_YORK | StrongTrend1h | Zone:FVG | MTF 14 | Risk x1.15,BOS+2 | 1h+2 | 4h+2 | Vol+2 | BTC+2 | FVG+1 | ChoCH+1 | Zone:FVG+1 | Sess:NEW_YORK | Strong1h+1 | TrendPairRisk:1.15,0,0,-1.0,bear,0.3766,4,3.11,0.0526,2.8302,-1,0.0,0.4503,1.2366,10.0,-0.0848,2.059,1.0,-0.6423,0.5625,13751,2,6,2.104,0.488,1,1.342,3
XRPUSDT,13752,13762,1783952100,1783962000,SHORT,TRAIL,1.0732,1.0699804,1.008808,1.0860784,0.24459560193812446,0.21959560193812483,0.02499999999999965,15,1.86,32.26,0.4039735099337892,0.003390914140217386,1.2570937215472155,base,adaptive disabled,1.15,84.5,90,100,70,80,NEW_YORK,bearish,bearish,FVG,BOS bearish | Vol 1.9x | FVG | ChoCH | Session:NEW_YORK | StrongTrend1h | Zone:FVG | MTF 15 | Risk x1.15,BOS+2 | BodyStrong+1 | 1h+2 | 4h+2 | Vol+1 | RSI+1 | BTC+2 | FVG+1 | ChoCH+1 | Zone:FVG+1 | Sess:NEW_YORK | Strong1h+1 | TrendPairRisk:1.15,0,0,-1.0,bear,0.5195,0,2.8071,0.1111,2.8317,-1,0.0,0.5047,2.2984,1.605,-0.2727,1.659,1.0,-0.4648,0.75,13748,1,3,1.789,0.456,1,1.86,4
ETHUSDT,13769,13782,1783967400,1783980000,SHORT,TRAIL,1759.95,1751.55808362,1592.11167243,1793.51766551,0.08426775684348234,0.07099643347375653,0.013271323369725802,14,1.5,33.16,0.5263289243823297,0.0065647074832601215,2.1702265250968433,base,adaptive disabled,1.0,67.8,65,90,50,80,OFF_HOURS,bearish,neutral,FVG,BOS bearish | Vol 1.5x | FVG | ChoCH | BearWick | StrongTrend1h | Zone:FVG | MTF 14,BOS+2 | 1h+2 | 4hN+1 | Vol+1 | RSI+1 | BTC+2 | FVG+1 | ChoCH+1 | BearWick+1 | Zone:FVG+1 | Sess:OFF_HOURS | Strong1h+1,0,1,-1.0,bull,0.3336,0,3.7518,0.0526,1.3103,-1,0.0,0.5017,1.0188,0.0,0.0513,1.337,1.0,-0.0613,0.6328125,13768,0,1,1.328,3.747,0,1.538,0
ETHUSDT,13769,13782,1783967400,1783980000,SHORT,TRAIL,1759.95,1751.48411336,1590.63226726,1793.81354655,0.14850039385493852,0.12511307679319378,0.02338731706174474,13,1.31,35.14,0.4556271690629628,0.006987758123943128,2.2831627814767286,base,adaptive disabled,1.0,67.8,65,90,50,80,OFF_HOURS,bearish,neutral,FVG,BOS bearish | Vol 1.3x | FVG | ChoCH | StrongTrend1h | Zone:FVG | MTF 13,BOS+2 | 1h+2 | 4hN+1 | Vol+1 | RSI+1 | BTC+2 | FVG+1 | ChoCH+1 | Zone:FVG+1 | Sess:OFF_HOURS | Strong1h+1,0,1,-1.0,bull,0.3336,0,3.6129,0.0526,1.3103,-1,0.0,0.4973,1.0099,0.0,0.0724,0.884,1.0,-0.0454,1.125,13769,1,2,1.092,0.145,1,1.481,0
AVAXUSDT,13783,13788,1783980000,1783985400,SHORT,TRAIL,6.417,6.37887578,5.65451551,6.5694969,0.09836265524085851,0.08153083767604244,0.016831817564816068,16,2.87,28.97,0.4906832298136643,0.0075076341697369745,1.3515770596045635,base,adaptive disabled,1.15,84.5,90,100,70,80,DEAD_ZONE,bearish,bearish,FVG,BOS bearish | Vol 2.9x | FVG | ChoCH | StrongTrend1h | Zone:FVG | MTF 16 | Risk x1.15,BOS+2 | 1h+2 | 4h+2 | Vol+2 | BTC+2 | FVG+1 | ChoCH+1 | Zone:FVG+1 | Sess:DEAD_ZONE | Strong1h+1 | NestedOB_1h+2 | TrendPairRisk:1.15,0,0,-1.0,bear,0.4677,0,3.5619,0.1111,1.6676,-1,0.0,0.059,1.0754,1.197,-0.0731,1.327,1.0,-0.6115,1.0,13782,1,1,0.986,0.384,1,0.575,5
AVAXUSDT,13888,13913,1784074500,1784097900,LONG,TP1,6.702,6.72913531,7.24470615,6.59345877,0.0,-0.023154795647699927,0.023154795647699927,15,6.83,64.0,0.437908496732031,0.006522807424505822,1.6693369462813215,base,adaptive disabled,1.0,84.5,90,100,70,80,OFF_HOURS,bullish,bullish,FVG,BOS bullish | Vol 6.8x | FVG | ChoCH | StrongTrend1h | Zone:FVG | MTF 15,BOS+2 | 1h+2 | 4h+2 | Vol+2 | RSI+1 | BTC+2 | FVG+1 | ChoCH+1 | Zone:FVG+1 | Sess:OFF_HOURS | Strong1h+1,0,0,-1.0,range,0.3955,0,4.1029,0.0526,6.9617,-1,0.0,0.9121,1.0319,0.0,-0.2071,3.548,-1.0,-0.2211,0.9375,13888,0,1,0.327,0.254,1,1.924,2
ETHUSDT,13888,13912,1784074500,1784097000,LONG,TRAIL,1880.08,1885.72024,1992.8848,1857.51904,0.1764929785825273,0.1514929785825273,0.024999999999999974,15,1.73,64.82,0.3487812217875411,0.006149496176287434,1.66448722690443,base,adaptive disabled,1.0,84.5,90,100,70,80,DEAD_ZONE,bullish,bullish,FVG,BOS bullish | Vol 1.7x | FVG | ChoCH | StrongTrend1h | Zone:FVG | MTF 15,BOS+2 | BodyStrong+1 | 1h+2 | 4h+2 | Vol+1 | RSI+1 | BTC+2 | FVG+1 | ChoCH+1 | Zone:FVG+1 | Sess:DEAD_ZONE | Strong1h+1,0,1,-1.0,bear,0.6594,0,2.1266,0.5385,2.458,-1,0.0,0.7291,1.5833,2.25,-0.0517,1.265,1.0,0.4335,0.75,13884,2,3,0.962,0.369,1,0.874,2
AVAXUSDT,13914,13939,1784097900,1784121300,LONG,TRAIL,6.694,6.72279626,7.2699252,6.57881496,0.17546521765599363,0.16565828005368,0.009806937602313628,14,1.78,63.78,0.3157894736842087,0.0037283985102373653,1.2411838640766324,base,adaptive disabled,1.0,77.9,90,97,50,80,OFF_HOURS,bullish,bullish,FVG,BOS bullish | Vol 1.8x | FVG | ChoCH | StrongTrend1h | Zone:FVG | MTF 14,BOS+2 | 1h+2 | 4h+2 | Vol+1 | RSI+1 | BTC+2 | FVG+1 | ChoCH+1 | Zone:FVG+1 | Sess:OFF_HOURS | Strong1h+1,0,0,-1.0,range,0.2835,5,4.1348,0.0526,1.8038,-1,0.0,0.7814,2.6392,10.0,0.1043,1.391,1.0,0.3962,0.421875,13914,1,3,1.654,1.902,0,1.282,4
BTCUSDT,13914,13938,1784097900,1784120400,LONG,TP1,64850.1,65044.6503,68741.106,64071.8988,0.0,-0.009375000000000048,0.009375000000000048,17,2.59,63.6,0.40770348837209197,0.0028711875042131707,1.4479743484586414,base,adaptive disabled,1.0,90.5,90,100,90,80,OFF_HOURS,bullish,bullish,FVG,BOS bullish | Vol 2.6x | FVG | ChoCH | BullWick | StrongTrend1h | Zone:FVG | MTF 17,BOS+2 | BodyStrong+1 | 1h+2 | 4h+2 | Vol+2 | RSI+1 | BTC+2 | FVG+1 | ChoCH+1 | BullWick+1 | Zone:FVG+1 | Sess:OFF_HOURS | Strong1h+1,0,0,-1.0,range,0.507,1,4.4964,0.0526,5.82,-1,0.0,0.5116,2.0838,0.0,0.154,2.067,1.0,0.3829,0.28125,13912,0,1,1.035,0.531,1,2.174,0
BTCUSDT,13914,13938,1784097900,1784120400,LONG,TP1,64850.1,65044.6503,68741.106,64071.8988,0.0,-0.009375000000000048,0.009375000000000048,15,1.51,60.45,0.24255319148936536,0.0028185356156763745,1.4805159041685019,base,adaptive disabled,1.0,82.3,90,89,70,80,OFF_HOURS,bullish,bullish,FVG,BOS bullish | Vol 1.5x | FVG | ChoCH | StrongTrend1h | Zone:FVG | MTF 15,BOS+2 | BodyStrong+1 | 1h+2 | 4h+2 | Vol+1 | RSI+1 | BTC+2 | FVG+1 | ChoCH+1 | Zone:FVG+1 | Sess:OFF_HOURS | Strong1h+1,0,0,-1.0,range,0.507,1,4.6076,0.0526,5.82,-1,0.0,0.5116,2.0838,0.0,0.0861,2.228,1.0,0.2448,0.28125,13913,1,2,0.658,0.946,1,2.228,0
BTCUSDT,13914,13938,1784097900,1784120400,LONG,TP1,64850.1,65044.6503,68741.106,64071.8988,0.0,-0.009375000000000048,0.009375000000000048,15,5.88,62.32,0.2620412144860405,0.003102226886221131,1.629532803433225,base,adaptive disabled,1.0,82.7,90,91,70,80,OFF_HOURS,bullish,bullish,FVG,BOS bullish | Vol 5.9x | FVG | ChoCH | StrongTrend1h | Zone:FVG | MTF 15,BOS+2 | 1h+2 | 4h+2 | Vol+2 | RSI+1 | BTC+2 | FVG+1 | ChoCH+1 | Zone:FVG+1 | Sess:OFF_HOURS | Strong1h+1,0,0,-1.0,range,0.507,1,4.236,0.0526,5.82,-1,0.0,0.5116,2.0838,1.94,-0.0477,2.868,1.0,0.4625,0.28125,13914,2,3,0.95,0.526,1,2.049,0
ETHUSDT,13914,13938,1784097900,1784120400,LONG,TRAIL,1880.73,1886.49094449,1995.94888976,1857.68622205,0.27241626844438643,0.2540527756647661,0.01836349277962033,19,3.06,64.64,0.5267886855241244,0.00393602636155957,1.4824405765418238,base,adaptive disabled,1.0,90.5,90,100,90,80,OFF_HOURS,bullish,bullish,FVG,BOS bullish | Vol 3.1x | FVG | ChoCH | Engulfing | StrongTrend1h | Zone:FVG | MTF 19,BOS+2 | BodyStrong+1 | 1h+2 | 4h+2 | Vol+2 | RSI+1 | BTC+2 | FVG+1 | ChoCH+1 | Engulfing+1 | Zone:FVG+1 | Sess:OFF_HOURS | Strong1h+1 | NestedOB_1h+2,0,0,-1.0,range,0.3853,0,3.4305,0.0526,2.3237,-1,0.0,0.7633,8.3563,0.0,0.0989,2.195,1.0,0.3583,0.5625,13912,0,1,1.388,0.089,1,1.413,0
ETHUSDT,13914,13937,1784097900,1784119500,LONG,TP1,1884.14,1890.76407969,2016.62159372,1857.64368126,0.0,-0.021332850255408643,0.021332850255408643,17,2.21,59.63,0.27579231287929035,0.003644582562615507,1.3726729902381118,base,adaptive disabled,1.15,83.1,90,93,70,80,OFF_HOURS,bullish,bullish,FVG,BOS bullish | Vol 2.2x | FVG | ChoCH | StrongTrend1h | Zone:FVG | MTF 17 | Risk x1.15,BOS+2 | 1h+2 | 4h+2 | Vol+2 | RSI+1 | BTC+2 | FVG+1 | ChoCH+1 | Zone:FVG+1 | Sess:OFF_HOURS | Strong1h+1 | NestedOB_1h+2 | QualityRisk:1.15,0,0,-1.0,range,0.2628,0,3.4061,0.0526,2.3237,-1,0.0,0.7926,1.7618,1.23,0.0135,1.575,1.0,0.243,0.75,13914,1,3,0.772,0.695,1,1.403,0
LINKUSDT,13914,13925,1784097900,1784108700,LONG,TRAIL,8.367,8.3995449,9.01789798,8.2368204,0.18003972972722573,0.1559374510291812,0.02410227869804454,17,2.83,67.07,0.5584415584415543,0.004461569267648576,1.6152820561805865,base,adaptive disabled,1.0,84.5,90,100,70,80,OFF_HOURS,bullish,bullish,FVG,BOS bullish | Vol 2.8x | FVG | ChoCH | Engulfing | BullWick | StrongTrend1h | Zone:FVG | MTF 17,BOS+2 | 1h+2 | 4h+2 | Vol+2 | RSI+1 | BTC+2 | FVG+1 | ChoCH+1 | Engulfing+1 | BullWick+1 | Zone:FVG+1 | Sess:OFF_HOURS | Strong1h+1,0,0,-1.0,range,0.2847,1,3.5321,0.0526,4.0477,-1,0.0,0.4839,1.9972,0.0,0.0231,2.568,1.0,0.2597,0.9375,13912,0,1,0.993,0.589,1,1.104,0
LINKUSDT,13914,13925,1784097900,1784108700,LONG,TRAIL,8.367,8.39940989,9.01519775,8.23736045,0.1355923018862605,0.11744028924814201,0.0181520126381185,16,4.12,67.82,0.395348837209294,0.003020729087651726,1.1415609834108293,base,adaptive disabled,1.15,90.5,90,100,90,80,OFF_HOURS,bullish,bullish,FVG,BOS bullish | Vol 4.1x | FVG | ChoCH | StrongTrend1h | Zone:FVG | MTF 16 | Risk x1.15,BOS+2 | BodyStrong+1 | 1h+2 | 4h+2 | Vol+2 | RSI+1 | BTC+2 | FVG+1 | ChoCH+1 | Zone:FVG+1 | Sess:OFF_HOURS | Strong1h+1 | QualityRisk:1.15,0,0,-1.0,range,0.2847,1,3.6037,0.0526,4.0477,-1,0.0,0.486,2.0056,1.889,0.0017,3.659,1.0,0.3412,0.703125,13914,2,3,1.351,0.263,1,1.126,0
SUIUSDT,13914,13937,1784097900,1784119500,LONG,TP1,0.7549,0.75765927,0.81008533,0.74386293,0.0,-0.0205190326780568,0.0205190326780568,16,1.46,55.27,0.2000000000000081,0.003914313197237843,1.0627360331898619,base,adaptive disabled,1.15,75.3,90,84,50,80,OFF_HOURS,bullish,bullish,FVG,BOS bullish | Vol 1.5x | FVG | ChoCH | StrongTrend1h | Zone:FVG | MTF 16 | Risk x1.15,BOS+2 | 1h+2 | 4h+2 | Vol+1 | RSI+1 | BTC+2 | FVG+1 | ChoCH+1 | Zone:FVG+1 | Sess:OFF_HOURS | Strong1h+1 | NestedOB_1h+2 | QualityRisk:1.15,0,0,-1.0,range,0.4074,0,3.5231,0.0526,1.4281,-1,0.0,0.4077,1.2685,0.0,-0.0401,1.534,1.0,-0.2097,0.75,13914,2,3,1.021,2.272,0,0.955,0
XRPUSDT,13914,13925,1784097900,1784108700,LONG,TRAIL,1.1084,1.11173706,1.17514118,1.09505176,0.09978179239586123,0.07487064306081782,0.024911149335043407,16,4.17,61.98,0.290322580645159,0.004295818153901922,1.5830089898559923,base,adaptive disabled,1.0,83.3,90,94,70,80,OFF_HOURS,bullish,bullish,FVG,BOS bullish | Vol 4.2x | FVG | LiqSweep | ChoCH | StrongTrend1h | Zone:FVG | MTF 16,BOS+2 | 1h+2 | 4h+2 | Vol+2 | RSI+1 | BTC+2 | FVG+1 | LiqSweep+1 | ChoCH+1 | Zone:FVG+1 | Sess:OFF_HOURS | Strong1h+1,0,0,-1.0,range,0.3311,6,4.06,0.0526,4.1314,-1,0.0,0.5394,1.0488,0.0,-0.0707,3.266,1.0,0.5304,0.75,13914,1,3,1.131,2.291,0,1.276,5
AVAXUSDT,13915,13937,1784098800,1784119500,LONG,TP1,6.679,6.70408176,7.18063514,6.57867297,0.0,-0.014978764945000384,0.014978764945000384,17,2.41,62.43,0.36196319018404755,0.004740543077448786,1.5733862474289184,base,adaptive disabled,1.0,90.5,90,100,90,80,OFF_HOURS,bullish,bullish,FVG,BOS bullish | Vol 2.4x | FVG | LiqSweep | ChoCH | StrongTrend1h | Zone:FVG | MTF 17,BOS+2 | BodyStrong+1 | 1h+2 | 4h+2 | Vol+2 | RSI+1 | BTC+2 | FVG+1 | LiqSweep+1 | ChoCH+1 | Zone:FVG+1 | Sess:OFF_HOURS | Strong1h+1,0,0,-1.0,range,0.4016,0,4.1107,0.1111,1.6063,-1,0.0,0.7476,1.4752,0.0,0.1059,2.019,1.0,0.2705,0.5625,13912,0,1,1.357,0.288,1,1.315,5
SUIUSDT,13915,13937,1784098800,1784119500,LONG,TP1,0.7549,0.75766753,0.81025066,0.74382987,0.0,-0.020457754335314923,0.020457754335314923,17,1.8,48.83,0.21472392638036658,0.0039202243354163275,1.0242599928748137,base,adaptive disabled,1.15,81.5,90,85,70,80,OFF_HOURS,bullish,bullish,FVG,BOS bullish | Vol 1.8x | FVG | ChoCH | Discount | StrongTrend1h | Zone:FVG | MTF 17 | Risk x1.15,BOS+2 | BodyStrong+1 | 1h+2 | 4h+2 | Vol+1 | RSI+1 | BTCok+1 | FVG+1 | ChoCH+1 | Discount+1 | Zone:FVG+1 | Sess:OFF_HOURS | Strong1h+1 | NestedOB_1h+2 | QualityRisk:1.15,0,0,-1.0,range,0.4074,0,3.4526,0.1111,1.5756,-1,0.0,0.4065,1.2647,0.0,-0.1155,1.579,1.0,-0.2949,0.75,13915,3,4,0.163,3.094,0,1.14,0
XRPUSDT,13916,13939,1784099700,1784121300,LONG,TRAIL,1.1053,1.1204,1.171618,1.0920364,0.8017525373348339,0.7767525373348338,0.02500000000000013,17,4.75,61.17,0.37440758293838344,0.004940359421834025,1.8205224471104478,base,adaptive disabled,1.0,88.5,90,90,90,80,OFF_HOURS,bullish,bullish,FVG,BOS bullish | Vol 4.8x | FVG | LiqSweep | ChoCH | StrongTrend1h | Zone:FVG | MTF 17,BOS+2 | BodyStrong+1 | 1h+2 | 4h+2 | Vol+2 | RSI+1 | BTC+2 | FVG+1 | LiqSweep+1 | ChoCH+1 | Zone:FVG+1 | Sess:OFF_HOURS | Strong1h+1,0,0,-1.0,range,0.5405,1,3.3117,0.1765,1.9366,-1,0.0,0.3091,1.3311,0.0,0.0216,2.211,1.0,0.3588,0.75,13912,0,1,0.988,2.44,1,0.523,0
AVAXUSDT,13941,14015,1784122200,1784189700,LONG,SL,6.735,6.77193431,7.47368622,6.58726276,-0.5625,-0.5727572310136564,0.01025723101365637,15,2.24,71.35,0.8823529411764511,0.006969678739443178,2.318115148773699,base,adaptive disabled,1.15,82.5,90,90,70,80,NEW_YORK,bullish,bullish,FVG,BOS bullish | Vol 2.2x | FVG | ChoCH | BullWick | Session:NEW_YORK | StrongTrend1h | Zone:FVG | MTF 15 | Risk x1.15,BOS+2 | 1h+2 | 4h+2 | Vol+2 | BTC+2 | FVG+1 | ChoCH+1 | BullWick+1 | Zone:FVG+1 | Sess:NEW_YORK | Strong1h+1 | RelStrengthRisk:1.15,0,0,-1.0,range,0.2431,0,4.4682,0.1111,3.4138,-1,0.0,1.3131,0.6769,4.5,0.0633,1.227,1.0,0.5101,0.5625,13941,1,3,2.137,0.544,1,1.826,6
SOLUSDT,13941,13985,1784122200,1784162700,LONG,SL,78.44,78.84375222,86.5150443,76.82499114,-0.421875,-0.4300710850666788,0.008196085066678814,15,2.01,69.44,0.6649746192893417,0.008782272624128545,2.633330668376639,base,adaptive disabled,1.15,82.5,90,90,70,80,NEW_YORK,bullish,bullish,FVG,BOS bullish | Vol 2.0x | FVG | ChoCH | Engulfing | Session:NEW_YORK | StrongTrend1h | Zone:FVG | MTF 15 | Risk x1.15,BOS+2 | 1h+2 | 4h+2 | Vol+2 | BTC+2 | FVG+1 | ChoCH+1 | Engulfing+1 | Zone:FVG+1 | Sess:NEW_YORK | Strong1h+1 | QualityRisk:1.15,0,0,-1.0,range,0.3043,0,5.3431,0.1111,3.9969,-1,0.0,1.1207,1.2384,0.0,0.3187,1.222,1.0,0.4999,0.421875,13941,0,2,2.328,0.06,1,1.642,3
BTCUSDT,13942,13943,1784123100,1784124900,LONG,TP1,65117.9,65313.2537,69024.974,64336.4852,0.0,-0.00527343750000001,0.00527343750000001,16,4.96,71.75,0.71103258735767,0.005595108579781422,2.821489162935897,base,adaptive disabled,1.0,88.5,90,90,90,80,NEW_YORK,bullish,bullish,FVG,BOS bullish | Vol 5.0x | FVG | ChoCH | Engulfing | Session:NEW_YORK | StrongTrend1h | Zone:FVG | MTF 16,BOS+2 | BodyStrong+1 | 1h+2 | 4h+2 | Vol+2 | BTC+2 | FVG+1 | ChoCH+1 | Engulfing+1 | Zone:FVG+1 | Sess:NEW_YORK | Strong1h+1,0,1,-1.0,bear,0.4414,0,5.5409,0.1111,3.4466,-1,0.0,0.3326,1.3637,10.0,0.1962,2.888,1.0,0.5666,0.158203125,13940,0,1,2.572,-1.0,0,1.588,0
BTCUSDT,13942,13943,1784123100,1784124900,LONG,TP1,65117.9,65313.2537,69024.974,64336.4852,0.0,-0.00527343750000001,0.00527343750000001,15,5.24,68.6,0.6143730320429664,0.005585939993508059,2.6713744274286846,base,adaptive disabled,1.0,82.5,90,90,70,80,NEW_YORK,bullish,bullish,FVG,BOS bullish | Vol 5.2x | FVG | ChoCH | Engulfing | Session:NEW_YORK | StrongTrend1h | Zone:FVG | MTF 15,BOS+2 | 1h+2 | 4h+2 | Vol+2 | BTC+2 | FVG+1 | ChoCH+1 | Engulfing+1 | Zone:FVG+1 | Sess:NEW_YORK | Strong1h+1,0,1,-1.0,bear,0.4414,0,5.2901,0.1111,3.4466,-1,0.0,0.3326,1.3637,10.0,-0.0156,3.301,1.0,0.2304,0.158203125,13941,1,2,2.126,-1.0,0,1.516,0
BTCUSDT,13942,13943,1784123100,1784124900,LONG,TP1,65117.9,65313.2537,69024.974,64336.4852,0.0,-0.009375000000000017,0.009375000000000017,14,1.58,66.56,0.5281368821292726,0.0045161864039528375,2.1428723786814747,base,adaptive disabled,1.0,76.5,90,90,50,80,NEW_YORK,bullish,bullish,FVG,BOS bullish | Vol 1.6x | FVG | ChoCH | Session:NEW_YORK | StrongTrend1h | Zone:FVG | MTF 14,BOS+2 | 1h+2 | 4h+2 | Vol+1 | RSI+1 | BTC+2 | FVG+1 | ChoCH+1 | Zone:FVG+1 | Sess:NEW_YORK | Strong1h+1,0,1,-1.0,bear,0.4414,0,5.1019,0.1111,3.4466,-1,0.0,0.3326,1.3637,0.0,-0.1027,1.079,1.0,0.1132,0.28125,13942,2,3,1.843,0.078,1,1.463,0
SOLUSDT,13942,13985,1784123100,1784162700,LONG,SL,78.44,78.84776991,86.59539828,76.80892034,-0.5625,-0.5733204402475353,0.010820440247535198,15,2.18,63.99,0.4879227053140069,0.008179734097641262,2.2716290122621428,base,adaptive disabled,1.15,82.5,90,90,70,80,NEW_YORK,bullish,bullish,FVG,BOS bullish | Vol 2.2x | FVG | ChoCH | Session:NEW_YORK | StrongTrend1h | Zone:FVG | MTF 15 | Risk x1.15,BOS+2 | 1h+2 | 4h+2 | Vol+2 | RSI+1 | BTC+2 | FVG+1 | ChoCH+1 | Zone:FVG+1 | Sess:NEW_YORK | Strong1h+1 | QualityRisk:1.15,0,0,-1.0,range,0.3043,0,5.0701,0.1765,3.5849,-1,0.0,1.1097,0.0,0.0,0.1852,1.369,1.0,0.3319,0.5625,13942,1,3,1.652,0.627,1,1.595,0
SUIUSDT,13942,13953,1784123100,1784133900,LONG,SL,0.7614,0.76486194,0.83063887,0.74755223,-0.5625,-0.5748713059936726,0.012371305993672692,16,6.67,71.76,0.8417266187050364,0.007846843238470633,2.379162870218115,base,adaptive disabled,1.15,82.5,90,90,70,80,NEW_YORK,bullish,bullish,FVG,BOS bullish | Vol 6.7x | FVG | ChoCH | Session:NEW_YORK | StrongTrend1h | Zone:FVG | MTF 16 | Risk x1.15,BOS+2 | 1h+2 | 4h+2 | Vol+2 | BTC+2 | FVG+1 | ChoCH+1 | Zone:FVG+1 | Sess:NEW_YORK | Strong1h+1 | NestedOB_1h+2 | QualityRisk:1.15,0,0,-1.0,range,0.3869,0,5.3261,0.0526,1.6614,-1,0.0,1.2637,0.6355,0.0,0.1907,3.93,1.0,0.6366,0.5625,13940,0,1,2.375,0.339,1,1.628,5
SUIUSDT,13942,13953,1784123100,1784133900,LONG,SL,0.7614,0.76478071,0.82901413,0.74787717,-0.75,-0.7668914347070842,0.01689143470708426,16,1.7,67.58,0.6608187134502909,0.006499881543353203,1.9707640842046408,base,adaptive disabled,1.15,76.5,90,90,50,80,NEW_YORK,bullish,bullish,FVG,BOS bullish | Vol 1.7x | FVG | ChoCH | Session:NEW_YORK | StrongTrend1h | Zone:FVG | MTF 16 | Risk x1.15,BOS+2 | 1h+2 | 4h+2 | Vol+1 | RSI+1 | BTC+2 | FVG+1 | ChoCH+1 | Zone:FVG+1 | Sess:NEW_YORK | Strong1h+1 | NestedOB_1h+2 | QualityRisk:1.15,0,0,-1.0,range,0.3869,0,4.8715,0.0526,1.6614,-1,0.0,1.2941,0.6508,0.0,0.0729,1.144,1.0,0.556,0.75,13942,2,3,2.11,0.372,1,1.489,5
LINKUSDT,13947,14081,1784127600,1784249100,LONG,SL,8.566,8.63731939,9.99238789,8.28072242,-0.703125,-0.711570064277396,0.008445064277396051,14,1.46,68.7,0.6607773851590096,0.007120994340144256,2.1024735789529885,base,adaptive disabled,1.15,82.5,90,90,70,80,NEW_YORK,bullish,bullish,FVG,BOS bullish | Vol 1.5x | FVG | ChoCH | Session:NEW_YORK | StrongTrend1h | Zone:FVG | MTF 14 | Risk x1.15,BOS+2 | BodyStrong+1 | 1h+2 | 4h+2 | Vol+1 | BTC+2 | FVG+1 | ChoCH+1 | Zone:FVG+1 | Sess:NEW_YORK | Strong1h+1 | RelStrengthRisk:1.15,0,0,-1.0,bull,0.2066,2,3.0963,0.6667,0.892,-1,0.0,1.1007,0.6029,0.0,0.0023,0.868,1.0,0.4326,0.703125,13942,2,4,2.496,-1.0,0,1.04,1
ADAUSDT,13984,14015,1784160900,1784189700,LONG,SL,0.1644,0.1681,0.1694,0.16204759,-0.5625,-0.5782242997606709,0.015724299760670975,14,1.52,56.51,0.2631578947368406,0.0040397944537901645,0.8281578635319631,base,adaptive disabled,1.15,76.7,90,91,50,80,DEAD_ZONE,bullish,bullish,FVG,BOS bullish | Vol 1.5x | FVG | ChoCH | StrongTrend1h | Zone:FVG | MTF 14 | Risk x1.15,BOS+2 | 1h+2 | 4h+2 | Vol+1 | RSI+1 | BTC+2 | FVG+1 | ChoCH+1 | Zone:FVG+1 | Sess:DEAD_ZONE | Strong1h+1 | QualityRisk:1.15,0,0,-1.0,range,0.5152,1,1.8607,0.3333,1.1878,-1,0.0,1.5303,0.5405,0.0,0.0166,1.427,1.0,0.0795,0.5625,13979,9,2,0.266,0.266,1,0.797,0
ADAUSDT,13984,14015,1784160900,1784189700,LONG,SL,0.1644,0.1681,0.1694,0.16202276,-0.421875,-0.4335450459356228,0.011670045935622809,15,1.6,63.38,0.48148148148147846,0.004836676342590906,0.9909140662929024,base,adaptive disabled,1.15,84.5,90,100,70,80,DEAD_ZONE,bullish,bullish,FVG,BOS bullish | Vol 1.6x | FVG | ChoCH | StrongTrend1h | Zone:FVG | MTF 15 | Risk x1.15,BOS+2 | BodyStrong+1 | 1h+2 | 4h+2 | Vol+1 | RSI+1 | BTC+2 | FVG+1 | ChoCH+1 | Zone:FVG+1 | Sess:DEAD_ZONE | Strong1h+1 | QualityRisk:1.15,0,0,-1.0,range,0.5152,1,1.8013,0.3333,1.1878,-1,0.0,1.5144,0.5405,0.0,0.0179,1.128,1.0,0.0961,0.421875,13980,10,3,1.287,2.831,1,0.772,0
ADAUSDT,13984,14015,1784160900,1784189700,LONG,SL,0.1644,0.1681,0.1694,0.16202575,-0.5625,-0.5780796567337054,0.015579656733705417,15,1.78,52.77,0.17647058823529987,0.005236078050746165,1.0701234522757637,base,adaptive disabled,1.15,80.7,90,81,70,80,DEAD_ZONE,bullish,bullish,FVG,BOS bullish | Vol 1.8x | FVG | ChoCH | StrongTrend1h | Zone:FVG | MTF 15 | Risk x1.15,BOS+2 | BodyStrong+1 | 1h+2 | 4h+2 | Vol+1 | RSI+1 | BTC+2 | FVG+1 | ChoCH+1 | Zone:FVG+1 | Sess:DEAD_ZONE | Strong1h+1 | QualityRisk:1.15,0,0,-1.0,range,0.5152,1,1.8082,0.3333,1.1878,-1,0.0,1.5163,0.5405,1.2,0.0233,1.528,1.0,0.0618,0.5625,13982,12,5,0.129,0.387,1,0.775,0
SUIUSDT,13997,14013,1784172600,1784187900,LONG,SL,0.7608,0.76545926,0.85398524,0.74216295,-1.3125,-1.333931503376339,0.021431503376339017,13,1.46,67.14,0.7988826815642632,0.005864295789517772,1.5682802456347495,base,adaptive disabled,1.25,68.0,60,100,50,80,OFF_HOURS,neutral,bullish,FVG,BOS bullish | Vol 1.5x | FVG | ChoCH | Zone:FVG | MTF 13 | Risk x1.25,BOS+2 | 1hN+1 | 4h+2 | Vol+1 | RSI+1 | BTCok+1 | FVG+1 | ChoCH+1 | Zone:FVG+1 | Sess:OFF_HOURS | NestedOB_1h+2 | QualityRisk:1.15 | RelStrengthRisk:1.25,0,0,-1.0,range,0.235,0,4.2253,0.0526,1.4051,-1,0.0,1.0141,0.4078,0.0,-0.1946,1.013,1.0,0.2495,1.3125,13997,1,1,0.18,0.809,1,1.438,2
BTCUSDT,14007,14015,1784181600,1784189700,LONG,SL,64816.7,65011.1501,68705.702,64038.8996,-0.4921875,-0.5085937500000001,0.01640625,15,2.23,61.13,0.41551964891285414,0.002721834678309835,1.5194471535905185,base,adaptive disabled,1.0,74.0,60,100,70,80,OFF_HOURS,neutral,bullish,FVG,BOS bullish | Vol 2.2x | FVG | LiqSweep | ChoCH | BullWick | Zone:FVG | MTF 15,BOS+2 | 1hN+1 | 4h+2 | Vol+2 | RSI+1 | BTC+2 | FVG+1 | LiqSweep+1 | ChoCH+1 | BullWick+1 | Zone:FVG+1 | Sess:OFF_HOURS,0,1,-1.0,bear,0.2597,1,3.1772,0.1111,1.5179,-1,0.0,1.166,0.631,1.164,0.2569,1.871,1.0,0.1927,0.4921875,14006,0,2,1.156,1.609,0,0.486,0
BTCUSDT,14009,14015,1784183400,1784189700,LONG,SL,64730.0,64924.19,68613.8,63953.24,-0.369140625,-0.38144531249999997,0.012304687499999968,16,2.97,62.33,0.524365760175233,0.002241840996161489,1.2514936882703462,base,adaptive disabled,1.0,80.0,60,100,90,80,OFF_HOURS,neutral,bullish,FVG,BOS bullish | Vol 3.0x | FVG | LiqSweep | ChoCH | BullWick | Zone:FVG | MTF 16,BOS+2 | BodyStrong+1 | 1hN+1 | 4h+2 | Vol+2 | RSI+1 | BTC+2 | FVG+1 | LiqSweep+1 | ChoCH+1 | BullWick+1 | Zone:FVG+1 | Sess:OFF_HOURS,0,1,-1.0,bear,0.5292,0,3.0363,0.25,1.3708,-1,0.0,1.0559,0.3579,3.856,0.2167,1.952,1.0,0.1834,0.369140625,14005,0,1,1.297,1.509,0,0.748,0
XRPUSDT,14048,14054,1784218500,1784224800,LONG,SL,1.1103,1.1142133,1.18856607,1.09464679,-1.75,-1.7996517966602377,0.049651796660237835,16,1.54,58.7,0.39444444444444626,0.007135240906788568,2.843393501610162,base,adaptive disabled,1.15,72.0,60,90,70,80,NEW_YORK,neutral,bullish,FVG,BOS bullish | Vol 1.5x | FVG | LiqSweep | ChoCH | Session:NEW_YORK | Zone:FVG | MTF 16 | Risk x1.15,BOS+2 | BodyStrong+1 | 1hN+1 | 4h+2 | Vol+1 | RSI+1 | BTC+2 | FVG+1 | LiqSweep+1 | ChoCH+1 | Zone:FVG+1 | Sess:NEW_YORK | NestedOB_1h+2 | QualityRisk:1.15,0,0,-1.0,range,0.4108,0,2.5877,0.1111,1.4549,-1,0.0,1.3863,0.6133,0.0,0.129,0.717,1.0,0.1767,1.75,14045,4,5,1.094,0.505,1,0.863,0
ADAUSDT,14104,14133,1784268900,1784295900,SHORT,TP1,0.1588,0.15787855,0.14037108,0.16248578,0.0,-0.009694013207516457,0.009694013207516457,15,1.89,33.35,0.5499999999999945,0.006525984035262499,1.4972471953082687,base,adaptive disabled,1.15,84.5,90,100,70,80,OFF_HOURS,bearish,bearish,FVG,BOS bearish | Vol 1.9x | FVG | ChoCH | StrongTrend1h | Zone:FVG | MTF 15 | Risk x1.15,BOS+2 | BodyStrong+1 | 1h+2 | 4h+2 | Vol+1 | RSI+1 | BTC+2 | FVG+1 | ChoCH+1 | Zone:FVG+1 | Sess:OFF_HOURS | Strong1h+1 | TrendPairRisk:1.15,0,0,-1.0,range,0.2927,0,3.6906,0.1111,2.8579,-1,0.0,0.9496,1.3023,2.75,-0.0273,1.652,1.0,-0.3979,0.5625,14104,1,2,1.145,0.509,1,1.145,4
SOLUSDT,14104,14113,1784268900,1784277900,SHORT,TRAIL,74.69,74.3636903,68.16380608,75.99523878,0.09481023847605854,0.08193500809100973,0.012875230385048817,15,4.05,31.04,0.6178343949044606,0.005138955391680318,1.62348165749042,base,adaptive disabled,1.25,90.5,90,100,90,80,OFF_HOURS,bearish,bearish,FVG,BOS bearish | Vol 4.0x | FVG | ChoCH | StrongTrend1h | Zone:FVG | MTF 15 | Risk x1.25,BOS+2 | BodyStrong+1 | 1h+2 | 4h+2 | Vol+2 | BTC+2 | FVG+1 | ChoCH+1 | Zone:FVG+1 | Sess:OFF_HOURS | Strong1h+1 | QualityRisk:1.15 | TrendPairRisk:1.25,0,0,-1.0,range,0.3103,0,3.7162,0.1111,2.6468,-1,0.0,0.023,1.6549,5.389,-0.0637,2.569,1.0,-0.485,0.5625,14103,0,1,1.192,1.157,0,1.157,4
XRPUSDT,14104,14279,1784268900,1784427300,SHORT,SL,1.0858,1.0671,1.020652,1.0988296,-1.125,-1.1625000000000003,0.037500000000000394,14,1.87,35.26,0.47368421052629733,0.003193670053229156,1.1296320044145227,base,adaptive disabled,1.15,69.8,65,100,50,80,OFF_HOURS,bearish,neutral,FVG,BOS bearish | Vol 1.9x | FVG | ChoCH | Engulfing | StrongTrend1h | Zone:FVG | MTF 14 | Risk x1.15,BOS+2 | 1h+2 | 4hN+1 | Vol+1 | RSI+1 | BTC+2 | FVG+1 | ChoCH+1 | Engulfing+1 | Zone:FVG+1 | Sess:OFF_HOURS | Strong1h+1 | QualityRisk:1.15,0,0,-1.0,range,0.4472,0,4.0233,0.0526,1.2014,-1,0.0,1.0208,0.8877,0.0,0.3266,1.816,-1.0,0.0788,1.125,14102,0,1,0.817,0.424,1,1.422,4
XRPUSDT,14104,14279,1784268900,1784427300,SHORT,SL,1.0838,1.0671,1.00913056,1.09873389,-0.6328125,-0.6511825881016267,0.018370088101626564,15,2.25,29.96,0.8633540372670702,0.0041865977394944355,1.4808401360561796,base,adaptive disabled,1.0,81.8,65,100,90,80,OFF_HOURS,bearish,neutral,FVG,BOS bearish | Vol 2.2x | FVG | ChoCH | Engulfing | StrongTrend1h | Zone:FVG | MTF 15,BOS+2 | BodyStrong+1 | 1h+2 | 4hN+1 | Vol+2 | BTC+2 | FVG+1 | ChoCH+1 | Engulfing+1 | Zone:FVG+1 | Sess:OFF_HOURS | Strong1h+1,0,0,-1.0,range,0.323,0,3.8732,0.0526,1.2014,-1,0.0,1.0245,0.8743,0.0,0.0634,1.516,1.0,-0.2902,0.6328125,14103,0,2,1.893,3.902,1,1.369,4
ADAUSDT,14132,14133,1784294100,1784295900,SHORT,TP1,0.1588,0.15773827,0.13756541,0.16304692,0.0,-0.008413155887089909,0.008413155887089909,16,2.53,31.71,0.7499999999999982,0.006708443380826555,1.5314417898955976,base,adaptive disabled,1.15,90.5,90,100,90,80,NEW_YORK,bearish,bearish,FVG,BOS bearish | Vol 2.5x | FVG | LiqSweep | ChoCH | Session:NEW_YORK | StrongTrend1h | Zone:FVG | MTF 16 | Risk x1.15,BOS+2 | BodyStrong+1 | 1h+2 | 4h+2 | Vol+2 | BTC+2 | FVG+1 | LiqSweep+1 | ChoCH+1 | Zone:FVG+1 | Sess:NEW_YORK | Strong1h+1 | TrendPairRisk:1.15,0,0,-1.0,range,0.2045,6,4.1504,0.0526,2.4507,-1,0.0,0.0,1.1302,0.0,-0.0418,1.11,-1.0,0.1519,0.5625,14132,29,3,2.41,0.536,1,2.276,5
ADAUSDT,14133,14134,1784295000,1784296800,SHORT,TP1,0.1588,0.15773911,0.13758217,0.16304357,-0.1325534868047423,-0.14097328428657951,0.008419797481837223,15,1.71,33.2,0.6571428571428608,0.006720419444476784,1.5341757541420322,base,adaptive disabled,1.15,78.5,90,100,50,80,NEW_YORK,bearish,bearish,FVG,BOS bearish | Vol 1.7x | FVG | LiqSweep | ChoCH | Session:NEW_YORK | StrongTrend1h | Zone:FVG | MTF 15 | Risk x1.15,BOS+2 | 1h+2 | 4h+2 | Vol+1 | RSI+1 | BTC+2 | FVG+1 | LiqSweep+1 | ChoCH+1 | Zone:FVG+1 | Sess:NEW_YORK | Strong1h+1 | TrendPairRisk:1.15,0,0,-1.0,range,0.2045,0,4.0346,0.1111,2.0702,-1,0.0,0.2357,1.1311,0.0,-0.035,1.813,-1.0,0.2053,0.5625,14133,0,4,2.286,0.672,1,0.941,6
AVAXUSDT,14133,14133,1784295000,1784295900,SHORT,TP1,6.423,6.39684773,5.89995457,6.52760909,0.0,-0.018420005374293905,0.018420005374293905,15,2.56,30.95,0.6239316239316226,0.006184993027670193,1.750621939597913,base,adaptive disabled,1.15,90.5,90,100,90,80,NEW_YORK,bearish,bearish,FVG,BOS bearish | Vol 2.6x | FVG | ChoCH | Session:NEW_YORK | StrongTrend1h | Zone:FVG | MTF 15 | Risk x1.15,BOS+2 | BodyStrong+1 | 1h+2 | 4h+2 | Vol+2 | BTC+2 | FVG+1 | ChoCH+1 | Zone:FVG+1 | Sess:NEW_YORK | Strong1h+1 | TrendPairRisk:1.15,0,0,-1.0,range,0.3415,0,4.7016,0.1111,5.6083,-1,0.0,0.0669,1.9119,0.0,-0.0304,2.018,1.0,-0.1732,0.75,14133,0,3,2.668,0.085,1,1.271,6
ADAUSDT,14134,14141,1784295900,1784303100,SHORT,SL,0.1588,0.15773096,0.13741916,0.16307617,-0.5625,-0.5708556079388799,0.008355607938879893,16,2.1,29.09,0.6666666666666692,0.007582824559516042,1.726717479350184,base,adaptive disabled,1.15,90.5,90,100,90,80,NEW_YORK,bearish,bearish,FVG,BOS bearish | Vol 2.1x | FVG | LiqSweep | ChoCH | Session:NEW_YORK | StrongTrend1h | Zone:FVG | MTF 16 | Risk x1.15,BOS+2 | BodyStrong+1 | 1h+2 | 4h+2 | Vol+2 | BTC+2 | FVG+1 | LiqSweep+1 | ChoCH+1 | Zone:FVG+1 | Sess:NEW_YORK | Strong1h+1 | TrendPairRisk:1.15,0,0,-1.0,range,0.2553,1,3.8651,0.0526,2.0655,-1,0.0,1.1927,1.1225,0.0,-0.1066,1.359,-1.0,0.0935,0.5625,14134,1,5,2.963,0.387,1,1.546,0
AVAXUSDT,14134,14140,1784295900,1784302200,SHORT,TRAIL,6.469,6.449593,6.08086,6.546628,0.846909607983546,0.8031596079835459,0.04375000000000011,15,1.3,34.32,0.6666666666666622,0.003300329735809166,0.934136807845565,base,adaptive disabled,1.25,84.5,90,100,70,80,OVERLAP,bearish,bearish,FVG,BOS bearish | Vol 1.3x | FVG | ChoCH | Session:OVERLAP | StrongTrend1h | Zone:FVG | MTF 15 | Risk x1.25,BOS+2 | BodyStrong+1 | 1h+2 | 4h+2 | Vol+1 | RSI+1 | BTC+2 | FVG+1 | ChoCH+1 | Zone:FVG+1 | Sess:OVERLAP | Strong1h+1 | QualityRisk:1.15 | TrendPairRisk:1.25,0,0,-1.0,range,0.7328,1,5.9035,0.0526,3.579,-1,0.0,0.541,5.2558,0.0,0.0289,1.123,1.0,-0.073,1.3125,14131,0,1,1.564,1.009,0,2.876,0
BTCUSDT,14134,14147,1784295900,1784308500,SHORT,SL,62934.9,62746.0953,59158.806,63690.1188,-0.28125,-0.2906250000000001,0.00937500000000006,16,1.51,37.83,0.37863608931804116,0.003176334200601584,1.4788027491606717,base,adaptive disabled,1.15,78.5,90,100,50,80,NEW_YORK,bearish,bearish,FVG,BOS bearish | Vol 1.5x | FVG | LiqSweep | ChoCH | BearWick | Session:NEW_YORK | StrongTrend1h | Zone:FVG | MTF 16 | Risk x1.15,BOS+2 | 1h+2 | 4h+2 | Vol+1 | RSI+1 | BTC+2 | FVG+1 | LiqSweep+1 | ChoCH+1 | BearWick+1 | Zone:FVG+1 | Sess:NEW_YORK | Strong1h+1 | TrendPairRisk:1.15,0,1,-1.0,bull,0.517,1,5.1705,0.0526,4.4823,-1,0.0,1.5682,2.2505,0.0,0.041,1.372,-1.0,-0.219,0.28125,14133,0,1,1.341,1.59,0,2.804,0
BTCUSDT,14134,14147,1784295900,1784308500,SHORT,SL,62934.9,62746.0953,59158.806,63690.1188,-0.28125,-0.2906250000000001,0.00937500000000006,16,4.36,29.23,0.4999028560326418,0.004797650754917064,2.233637482019495,base,adaptive disabled,1.15,88.5,90,90,90,80,NEW_YORK,bearish,bearish,FVG,BOS bearish | Vol 4.4x | FVG | LiqSweep | ChoCH | Session:NEW_YORK | StrongTrend1h | Zone:FVG | MTF 16 | Risk x1.15,BOS+2 | BodyStrong+1 | 1h+2 | 4h+2 | Vol+2 | BTC+2 | FVG+1 | LiqSweep+1 | ChoCH+1 | Zone:FVG+1 | Sess:NEW_YORK | Strong1h+1 | TrendPairRisk:1.15,0,1,-1.0,bull,0.517,1,4.5803,0.0526,4.4823,-1,0.0,1.5682,2.2505,0.0,-0.1884,1.754,1.0,-0.3156,0.28125,14134,1,2,2.969,0.476,1,2.484,0
SUIUSDT,14134,14137,1784295900,1784299500,SHORT,TP1,0.732,0.72938035,0.67960706,0.74247859,-0.025051080345730625,-0.0617258619718843,0.036674781626153674,15,1.92,37.16,0.3648648648648661,0.005699671609779012,1.4646190635094023,base,adaptive disabled,1.25,84.5,90,100,70,80,OVERLAP,bearish,bearish,FVG,BOS bearish | Vol 1.9x | FVG | ChoCH | Session:OVERLAP | StrongTrend1h | Zone:FVG | MTF 15 | Risk x1.25,BOS+2 | BodyStrong+1 | 1h+2 | 4h+2 | Vol+1 | RSI+1 | BTC+2 | FVG+1 | ChoCH+1 | Zone:FVG+1 | Sess:OVERLAP | Strong1h+1 | QualityRisk:1.15 | TrendPairRisk:1.25,0,1,-1.0,bull,0.6064,1,5.1322,0.0526,2.325,-1,0.0,0.4867,4.1227,0.0,0.1846,1.054,1.0,-0.2847,1.3125,14131,0,1,1.429,0.292,1,1.981,0
SUIUSDT,14134,14139,1784295900,1784301300,SHORT,TP1,0.729,0.72554426,0.65988513,0.74282297,0.0,-0.01582149132928742,0.01582149132928742,15,2.59,30.89,0.617977528089883,0.008289849289691032,2.1302054108643835,base,adaptive disabled,1.25,88.5,90,90,90,80,NEW_YORK,bearish,bearish,FVG,BOS bearish | Vol 2.6x | FVG | ChoCH | Session:NEW_YORK | StrongTrend1h | Zone:FVG | MTF 15 | Risk x1.25,BOS+2 | BodyStrong+1 | 1h+2 | 4h+2 | Vol+2 | BTC+2 | FVG+1 | ChoCH+1 | Zone:FVG+1 | Sess:NEW_YORK | Strong1h+1 | QualityRisk:1.15 | TrendPairRisk:1.25,0,1,-1.0,bull,0.4468,1,4.6159,0.0526,2.325,-1,0.0,0.586,2.2571,0.0,0.151,1.121,1.0,-0.3893,0.75,14132,0,2,2.542,0.73,1,1.782,0
SUIUSDT,14134,14139,1784295900,1784301300,SHORT,TP1,0.729,0.72555538,0.66010762,0.74277848,0.0,-0.015872578107309326,0.015872578107309326,15,1.89,32.32,0.5465116279069778,0.007481274065480571,1.937649983226639,base,adaptive disabled,1.25,76.5,90,90,50,80,NEW_YORK,bearish,bearish,FVG,BOS bearish | Vol 1.9x | FVG | ChoCH | BearWick | Session:NEW_YORK | StrongTrend1h | Zone:FVG | MTF 15 | Risk x1.25,BOS+2 | 1h+2 | 4h+2 | Vol+1 | RSI+1 | BTC+2 | FVG+1 | ChoCH+1 | BearWick+1 | Zone:FVG+1 | Sess:NEW_YORK | Strong1h+1 | QualityRisk:1.15 | TrendPairRisk:1.25,0,1,-1.0,bull,0.4468,1,4.6767,0.0526,2.325,-1,0.0,0.5879,2.2644,0.0,0.1512,2.275,1.0,-0.1002,0.75,14133,1,3,2.427,0.888,1,1.806,0
ETHUSDT,14232,14248,1784384100,1784399400,SHORT,SL,1844.53,1820.16,1733.8582,1866.66436,-1.3125,-1.3562499999999997,0.04374999999999997,15,2.91,38.13,0.3025069637883036,0.002912982981515584,2.211085946397537,base,adaptive disabled,1.0,77.2,60,86,90,80,NEW_YORK,neutral,bearish,FVG,BOS bearish | Vol 2.9x | FVG | ChoCH | Engulfing | BearWick | Session:NEW_YORK | Zone:FVG | MTF 15,BOS+2 | BodyStrong+1 | 1hN+1 | 4h+2 | Vol+2 | RSI+1 | BTCok+1 | FVG+1 | ChoCH+1 | Engulfing+1 | BearWick+1 | Zone:FVG+1 | Sess:NEW_YORK,0,1,-1.0,bull,0.6069,0,3.3928,0.3333,1.605,-1,0.0,1.0987,0.1703,0.0,-0.3602,1.226,-1.0,0.0277,1.3125,14228,14,3,1.467,1.304,1,1.032,0
LINKUSDT,14283,14314,1784430000,1784458800,LONG,TP1,8.353,8.378059,8.85418,8.252764,0.0,-0.031250000000000354,0.031250000000000354,18,2.02,60.44,0.23214285714287103,0.0049409771669509115,2.270653506973029,base,adaptive disabled,1.0,79.9,90,77,70,80,OFF_HOURS,bullish,bullish,FVG,BOS bullish | Vol 2.0x | FVG | LiqSweep | ChoCH | Engulfing | StrongTrend1h | Zone:FVG | MTF 18,BOS+2 | 1h+2 | 4h+2 | Vol+2 | RSI+1 | BTCok+1 | FVG+1 | LiqSweep+1 | ChoCH+1 | Engulfing+1 | Zone:FVG+1 | Sess:OFF_HOURS | Strong1h+1 | NestedOB_1h+2,0,1,-1.0,bear,0.6,0,3.4767,0.25,3.8475,-1,0.0,0.3691,1.0376,4.333,-0.1547,1.27,1.0,0.2849,0.9375,14282,1,2,0.695,0.397,1,0.646,1
LINKUSDT,14303,14330,1784448000,1784473200,LONG,TP1,8.362,8.387086,8.86372,8.261656,0.0,-0.06250000000000015,0.06250000000000015,16,2.95,57.05,0.39285714285712814,0.0016735598060327375,0.9995933641579989,base,adaptive disabled,1.15,90.5,90,100,90,80,LONDON,bullish,bullish,FVG,BOS bullish | Vol 3.0x | FVG | ChoCH | Session:LONDON | StrongTrend1h | Zone:FVG | MTF 16 | Risk x1.15,BOS+2 | BodyStrong+1 | 1h+2 | 4h+2 | Vol+2 | RSI+1 | BTC+2 | FVG+1 | ChoCH+1 | Zone:FVG+1 | Sess:LONDON | Strong1h+1 | QualityRisk:1.15,0,0,-1.0,range,0.2549,0,2.4312,0.1111,2.1325,-1,0.0,0.4784,1.0364,0.0,-0.1559,3.031,1.0,-0.172,1.875,14303,1,1,0.139,0.903,1,0.972,2
LINKUSDT,14304,14330,1784448900,1784473200,LONG,TP1,8.362,8.387086,8.86372,8.261656,0.0,-0.04166666666666677,0.04166666666666677,15,1.45,60.08,0.5161290322580553,0.0018721121503624848,1.1181858429655038,base,adaptive disabled,1.15,78.5,90,100,50,80,LONDON,bullish,bullish,FVG,BOS bullish | Vol 1.4x | FVG | ChoCH | BullWick | Session:LONDON | StrongTrend1h | Zone:FVG | MTF 15 | Risk x1.15,BOS+2 | 1h+2 | 4h+2 | Vol+1 | RSI+1 | BTC+2 | FVG+1 | ChoCH+1 | BullWick+1 | Zone:FVG+1 | Sess:LONDON | Strong1h+1 | QualityRisk:1.15,0,0,-1.0,range,0.2549,1,2.3654,0.1765,1.9537,-1,0.0,0.4784,1.0364,0.0,-0.0625,1.071,-1.0,-0.0551,1.25,14304,2,2,0.405,0.338,1,1.352,0
ETHUSDT,14361,14367,1784500200,1784506500,LONG,TRAIL,1868.19,1874.15159222,1987.42184431,1844.34363114,0.22896567741843665,0.17412575576505662,0.05483992165338002,13,2.87,58.85,0.34484111416241786,0.004877036331145715,1.9010890828654325,base,adaptive disabled,1.15,72.0,60,90,70,80,DEAD_ZONE,neutral,bullish,FVG,BOS bullish | Vol 2.9x | FVG | LiqSweep | ChoCH | Zone:FVG | MTF 13 | Risk x1.15,BOS+2 | 1hN+1 | 4h+2 | Vol+2 | RSI+1 | BTCok+1 | FVG+1 | LiqSweep+1 | ChoCH+1 | Zone:FVG+1 | Sess:DEAD_ZONE | QualityRisk:1.15,0,0,-1.0,range,0.3109,3,3.5475,0.0526,2.8892,-1,0.0,0.1807,3.6249,0.0,0.12,2.016,-1.0,-0.0077,1.75,14361,0,1,0.445,1.128,0,1.424,2
BTCUSDT,14362,14367,1784501100,1784506500,LONG,TP1,64639.6,64833.5188,68517.976,63863.9248,0.0,-0.016406250000000046,0.016406250000000046,13,5.37,63.68,0.41164884637027904,0.003471822962967949,2.1404420411872396,base,adaptive disabled,1.0,72.0,60,90,70,80,DEAD_ZONE,neutral,bullish,FVG,BOS bullish | Vol 5.4x | FVG | LiqSweep | ChoCH | Zone:FVG | MTF 13,BOS+2 | 1hN+1 | 4h+2 | Vol+2 | RSI+1 | BTCok+1 | FVG+1 | LiqSweep+1 | ChoCH+1 | Zone:FVG+1 | Sess:DEAD_ZONE,0,0,-1.0,range,0.3659,4,4.4795,0.1111,3.579,-1,0.0,0.1303,2.0638,0.0,0.1019,2.906,1.0,0.1188,0.4921875,14361,0,1,1.547,0.064,1,1.071,3
ADAUSDT,14369,14387,1784507400,1784524500,LONG,SL,0.1668,0.16756487,0.18209745,0.16374051,-1.23046875,-1.2573022663703752,0.02683351637037547,15,4.34,59.18,0.3684210526315851,0.008569683769627618,2.3566630380759173,base,adaptive disabled,1.15,78.0,60,90,90,80,OFF_HOURS,neutral,bullish,FVG,BOS bullish | Vol 4.3x | FVG | ChoCH | Engulfing | Zone:FVG | MTF 15 | Risk x1.15,BOS+2 | BodyStrong+1 | 1hN+1 | 4h+2 | Vol+2 | RSI+1 | BTC+2 | FVG+1 | ChoCH+1 | Engulfing+1 | Zone:FVG+1 | Sess:OFF_HOURS | QualityRisk:1.15,0,0,-1.0,bull,0.4054,0,3.8395,0.0526,4.1766,-1,0.0,1.5689,0.6537,0.0,0.0613,2.486,-1.0,-0.0555,1.23046875,14369,0,1,0.116,0.116,1,1.745,1
BTCUSDT,14369,14371,1784507400,1784510100,LONG,TP1,64777.8,64972.1334,68664.468,64000.4664,0.0,-0.016406249999999886,0.016406249999999886,15,3.05,61.13,0.4187298170075382,0.004761568813694948,2.721031664792787,base,adaptive disabled,1.0,78.0,60,90,90,80,OFF_HOURS,neutral,bullish,FVG,BOS bullish | Vol 3.0x | FVG | ChoCH | BullWick | Zone:FVG | MTF 15,BOS+2 | BodyStrong+1 | 1hN+1 | 4h+2 | Vol+2 | RSI+1 | BTC+2 | FVG+1 | ChoCH+1 | BullWick+1 | Zone:FVG+1 | Sess:OFF_HOURS,0,0,-1.0,bull,0.4002,0,3.3616,0.0526,2.9356,-1,0.0,0.5054,1.2262,0.0,0.2366,1.609,1.0,0.4517,0.4921875,14369,0,1,0.1,0.133,1,1.898,1
ETHUSDT,14369,14371,1784507400,1784510100,LONG,TP1,1876.3,1883.29004366,2016.10087329,1848.33982534,0.0,-0.033028813928374916,0.033028813928374916,16,3.71,60.29,0.378947368421049,0.00803195587066822,3.105050823985461,base,adaptive disabled,1.0,76.0,60,80,90,80,OFF_HOURS,neutral,bullish,FVG,BOS bullish | Vol 3.7x | FVG | ChoCH | Engulfing | BullWick | Zone:FVG | MTF 16,BOS+2 | BodyStrong+1 | 1hN+1 | 4h+2 | Vol+2 | RSI+1 | BTC+2 | FVG+1 | ChoCH+1 | Engulfing+1 | BullWick+1 | Zone:FVG+1 | Sess:OFF_HOURS,0,0,-1.0,bull,0.4275,0,3.5944,0.0526,3.5593,-1,0.0,0.5383,1.8884,10.0,0.1868,1.877,1.0,0.399,1.23046875,14369,0,1,0.347,0.103,1,1.975,1
LINKUSDT,14369,14371,1784507400,1784510100,LONG,TP1,8.418,8.45424537,9.14290732,8.27301854,0.0,-0.021773473656562924,0.021773473656562924,17,2.84,66.22,0.5148514851485199,0.007225728442383309,2.8775603316367566,base,adaptive disabled,1.0,88.5,90,90,90,80,OFF_HOURS,bullish,bullish,FVG,BOS bullish | Vol 2.8x | FVG | ChoCH | BullWick | StrongTrend1h | Zone:FVG | MTF 17,BOS+2 | BodyStrong+1 | 1h+2 | 4h+2 | Vol+2 | RSI+1 | BTC+2 | FVG+1 | ChoCH+1 | BullWick+1 | Zone:FVG+1 | Sess:OFF_HOURS | Strong1h+1,0,0,-1.0,bull,0.3314,0,4.1899,0.0526,2.746,-1,0.0,0.338,3.1452,5.474,0.3245,1.624,1.0,0.5605,0.9375,14369,0,1,0.844,0.75,1,1.751,4
ETHUSDT,14370,14371,1784508300,1784510100,LONG,TP1,1876.3,1883.32486197,2016.79723948,1848.2005521,0.0,-0.03505611581784868,0.03505611581784868,13,1.42,61.04,0.2831105710814079,0.008679601761689188,3.3554223947393913,base,adaptive disabled,1.0,62.6,60,73,50,80,OFF_HOURS,neutral,bullish,FVG,BOS bullish | Vol 1.4x | FVG | ChoCH | Engulfing | Zone:FVG | MTF 13,BOS+2 | 1hN+1 | 4h+2 | Vol+1 | RSI+1 | BTC+2 | FVG+1 | ChoCH+1 | Engulfing+1 | Zone:FVG+1 | Sess:OFF_HOURS,0,0,-1.0,bull,0.4275,1,3.3178,0.1111,2.4749,-1,0.0,0.5356,1.879,1.169,0.1775,1.151,1.0,0.4531,1.3125,14370,1,2,0.458,0.136,1,1.232,0
LINKUSDT,14370,14371,1784508300,1784510100,LONG,TP1,8.418,8.45453141,9.14862823,8.27187435,0.0,-0.02160298345978271,0.02160298345978271,15,1.81,67.75,0.46448087431694496,0.008285118111792165,3.299449655702084,base,adaptive disabled,1.0,74.5,90,80,50,80,OFF_HOURS,bullish,bullish,FVG,BOS bullish | Vol 1.8x | FVG | ChoCH | BullWick | StrongTrend1h | Zone:FVG | MTF 15,BOS+2 | 1h+2 | 4h+2 | Vol+1 | RSI+1 | BTC+2 | FVG+1 | ChoCH+1 | BullWick+1 | Zone:FVG+1 | Sess:OFF_HOURS | Strong1h+1,0,0,-1.0,bull,0.3457,1,3.8037,0.1111,2.2692,-1,0.0,0.3353,3.1206,1.848,0.3105,1.247,1.0,0.5915,0.9375,14370,1,2,1.117,0.423,1,1.449,0
SUIUSDT,14370,14371,1784508300,1784510100,LONG,TP1,0.7519,0.75445525,0.80300498,0.741679,0.0,-0.02206926915174633,0.02206926915174633,15,1.56,66.23,0.6312056737588715,0.00588502596925299,1.8405418721291145,base,adaptive disabled,1.15,76.5,90,90,50,80,OFF_HOURS,bullish,bullish,FVG,BOS bullish | Vol 1.6x | FVG | ChoCH | BullWick | StrongTrend1h | Zone:FVG | MTF 15 | Risk x1.15,BOS+2 | 1h+2 | 4h+2 | Vol+1 | RSI+1 | BTC+2 | FVG+1 | ChoCH+1 | BullWick+1 | Zone:FVG+1 | Sess:OFF_HOURS | Strong1h+1 | QualityRisk:1.15,0,0,-1.0,bull,0.354,0,3.1496,0.0526,0.6615,-1,0.0,0.3914,2.6221,0.0,0.1537,1.201,1.0,0.5703,0.75,14369,0,1,0.514,0.89,0,1.232,5
LINKUSDT,14371,14371,1784509200,1784510100,LONG,TP1,8.418,8.45356488,9.12929764,8.27574047,0.0,-0.022190077529428285,0.022190077529428285,15,1.67,56.92,0.1456310679611709,0.007160988153324108,2.8517782822363493,base,adaptive disabled,1.25,77.9,90,67,70,80,OFF_HOURS,bullish,bullish,FVG,BOS bullish | Vol 1.7x | FVG | ChoCH | BullWick | StrongTrend1h | Zone:FVG | MTF 15 | Risk x1.25,BOS+2 | BodyStrong+1 | 1h+2 | 4h+2 | Vol+1 | RSI+1 | BTCok+1 | FVG+1 | ChoCH+1 | BullWick+1 | Zone:FVG+1 | Sess:OFF_HOURS | Strong1h+1 | QualityRisk:1.15 | RelStrengthRisk:1.25,0,0,-1.0,bull,0.3544,0,3.1716,0.1765,2.051,-1,0.0,0.1617,3.2054,0.698,0.2757,0.786,1.0,0.4631,0.9375,14371,2,3,0.055,1.462,0,2.124,1
LINKUSDT,14372,14373,1784510100,1784511900,LONG,TP1,8.418,8.45436382,9.14527638,8.27254472,0.0,-0.027128183315174553,0.027128183315174553,14,6.63,65.21,0.3070866141732335,0.010345937912792648,4.1201466078912485,base,adaptive disabled,1.15,79.7,90,76,70,80,OFF_HOURS,bullish,bullish,FVG,BOS bullish | Vol 6.6x | FVG | ChoCH | StrongTrend1h | Zone:FVG | MTF 14 | Risk x1.15,BOS+2 | 1h+2 | 4h+2 | Vol+2 | RSI+1 | BTCok+1 | FVG+1 | ChoCH+1 | Zone:FVG+1 | Sess:OFF_HOURS | Strong1h+1 | RelStrengthRisk:1.15,0,0,-1.0,bull,0.5278,1,3.9811,0.0526,6.482,-1,0.0,0.0756,1.54,1.902,0.2018,2.105,1.0,0.5883,1.171875,14372,3,4,1.197,0.667,1,3.153,0
SUIUSDT,14373,14387,1784511000,1784524500,LONG,SL,0.7519,0.75460924,0.80608482,0.74106304,-0.703125,-0.7226389480998361,0.019513948099836104,15,2.23,60.98,0.26315789473684076,0.007834973849307161,2.448102870991267,base,adaptive disabled,1.15,86.7,90,81,90,80,OFF_HOURS,bullish,bullish,FVG,BOS bullish | Vol 2.2x | FVG | ChoCH | StrongTrend1h | Zone:FVG | MTF 15 | Risk x1.15,BOS+2 | BodyStrong+1 | 1h+2 | 4h+2 | Vol+2 | RSI+1 | BTCok+1 | FVG+1 | ChoCH+1 | Zone:FVG+1 | Sess:OFF_HOURS | Strong1h+1 | QualityRisk:1.15,0,0,-1.0,bull,0.4786,0,3.2514,0.1111,1.5813,-1,0.0,1.1996,0.9228,7.5,0.0747,0.972,1.0,0.3862,0.703125,14372,3,4,0.339,0.085,1,1.244,1
LINKUSDT,14401,14407,1784536200,1784542500,LONG,TRAIL,8.315,8.339945,8.8139,8.21522,1.6667116031444953,1.600044936477828,0.06666666666666728,17,2.39,45.32,0.1489361702127697,0.0033114066488897794,0.9223371319484909,base,adaptive disabled,1.15,72.4,60,77,80,80,LONDON,neutral,bullish,OB,BOS bullish | Vol 2.4x | FVG | OB | ChoCH | BullWick | Session:LONDON | Zone:OB | MTF 17 | Risk x1.15,BOS+2 | 1hN+1 | 4h+2 | Vol+2 | RSI+1 | BTC+2 | FVG+1 | OB+1 | ChoCH+1 | BullWick+1 | Zone:OB+1 | Sess:LONDON | NestedOB_1h+2 | QualityRisk:1.15,0,1,-1.0,bear,0.8242,0,2.3252,4.0,2.1563,-1,0.0,0.1904,4.0489,0.0,0.0465,2.245,1.0,-0.3472,2.0,14401,6,1,0.252,0.728,0,1.065,5
LINKUSDT,14415,14431,1784548800,1784564100,LONG,TRAIL,8.475,8.5295261,9.56552205,8.25689559,0.4059042797813452,0.386779086198602,0.0191251935827432,16,1.53,71.52,0.7641025641025655,0.005703226762491181,1.4844429907924792,base,adaptive disabled,1.0,84.5,90,100,70,80,OVERLAP,bullish,bullish,FVG,BOS bullish | Vol 1.5x | FVG | LiqSweep | ChoCH | Engulfing | Session:OVERLAP | StrongTrend1h | Zone:FVG | MTF 16,BOS+2 | BodyStrong+1 | 1h+2 | 4h+2 | Vol+1 | BTC+2 | FVG+1 | LiqSweep+1 | ChoCH+1 | Engulfing+1 | Zone:FVG+1 | Sess:OVERLAP | Strong1h+1,0,0,-1.0,bull,0.1749,2,3.8411,0.0526,1.4954,-1,0.0,0.7978,1.889,2.98,0.1974,1.336,1.0,0.3565,1.23046875,14415,0,1,2.58,0.821,1,1.144,1
SOLUSDT,14415,14431,1784548800,1784564100,LONG,TRAIL,76.94,77.38673539,85.87470784,75.15305843,0.5802512054157486,0.5576463812412233,0.02260482417452524,16,1.53,65.2,0.35483870967741815,0.005680978186178585,1.3172983357786536,base,adaptive disabled,1.15,84.5,90,100,70,80,OVERLAP,bullish,bullish,FVG,BOS bullish | Vol 1.5x | FVG | ChoCH | Engulfing | Session:OVERLAP | StrongTrend1h | Zone:FVG | MTF 16 | Risk x1.15,BOS+2 | BodyStrong+1 | 1h+2 | 4h+2 | Vol+1 | RSI+1 | BTC+2 | FVG+1 | ChoCH+1 | Engulfing+1 | Zone:FVG+1 | Sess:OVERLAP | Strong1h+1 | QualityRisk:1.15,0,0,-1.0,bull,0.1503,2,2.9343,0.0526,1.5271,-1,0.0,0.6771,2.1489,0.567,0.1422,1.862,1.0,0.5283,1.3125,14415,0,1,1.104,0.883,1,0.82,1
SUIUSDT,14415,14421,1784548800,1784555100,LONG,TP1,0.7523,0.75666324,0.83956479,0.73484704,0.0,-0.02970165053664256,0.02970165053664256,17,1.79,66.75,0.6831683168316908,0.0061642084853789905,1.444351100923005,base,adaptive disabled,1.15,74.0,60,100,70,80,OVERLAP,neutral,bullish,FVG,BOS bullish | Vol 1.8x | FVG | LiqSweep | ChoCH | Engulfing | Session:OVERLAP | Zone:FVG | MTF 17 | Risk x1.15,BOS+2 | BodyStrong+1 | 1hN+1 | 4h+2 | Vol+1 | RSI+1 | BTC+2 | FVG+1 | LiqSweep+1 | ChoCH+1 | Engulfing+1 | Zone:FVG+1 | Sess:OVERLAP | NestedOB_1h+2 | QualityRisk:1.15,0,1,-1.0,bear,0.186,2,3.3594,0.0526,1.7442,-1,0.0,0.0859,1.7647,10.0,0.1828,1.93,1.0,0.302,1.72265625,14415,0,1,1.448,0.869,1,0.927,1
LINKUSDT,14416,14431,1784549700,1784564100,LONG,TRAIL,8.475,8.52982781,9.57155619,8.25568876,0.3812239474751495,0.3631097083235219,0.01811423915162764,18,5.24,63.64,0.42408376963350763,0.007114740366299724,1.8224515247589088,base,adaptive disabled,1.0,88.5,90,90,90,80,OVERLAP,bullish,bullish,FVG,BOS bullish | Vol 5.2x | FVG | LiqSweep | ChoCH | Engulfing | Session:OVERLAP | StrongTrend1h | Zone:FVG | MTF 18,BOS+2 | BodyStrong+1 | 1h+2 | 4h+2 | Vol+2 | RSI+1 | BTC+2 | FVG+1 | LiqSweep+1 | ChoCH+1 | Engulfing+1 | Zone:FVG+1 | Sess:OVERLAP | Strong1h+1,0,0,-1.0,bull,0.1749,0,3.7099,0.1111,3.3659,-1,0.0,0.7934,1.8786,1.025,0.0977,3.631,1.0,0.0515,1.171875,14416,1,2,1.586,1.699,0,1.444,2
SUIUSDT,14416,14421,1784549700,1784555100,LONG,TP1,0.7523,0.75666765,0.83965302,0.7348294,0.0,-0.03444873101095554,0.03444873101095554,17,1.94,63.94,0.5825242718446684,0.0066391357024825565,1.4608051234385329,base,adaptive disabled,1.15,68.0,60,100,50,80,OVERLAP,neutral,bullish,FVG,BOS bullish | Vol 1.9x | FVG | LiqSweep | ChoCH | Engulfing | BullWick | Session:OVERLAP | Zone:FVG | MTF 17 | Risk x1.15,BOS+2 | 1hN+1 | 4h+2 | Vol+1 | RSI+1 | BTC+2 | FVG+1 | LiqSweep+1 | ChoCH+1 | Engulfing+1 | BullWick+1 | Zone:FVG+1 | Sess:OVERLAP | NestedOB_1h+2 | QualityRisk:1.15,0,1,-1.0,bear,0.186,0,3.3424,0.1111,1.7972,-1,0.0,0.0515,1.763,0.0,0.1931,1.822,1.0,0.1805,2.0,14416,1,2,1.124,1.181,1,1.066,2
ETHUSDT,14417,14427,1784550600,1784560500,LONG,TP1,1871.24,1880.65044939,2059.44898781,1833.59820244,0.0,-0.019574005434399352,0.019574005434399352,15,6.1,70.44,0.7867043847241886,0.0061091874483416774,1.7029087280670752,base,adaptive disabled,1.0,80.0,60,100,90,80,OVERLAP,neutral,bullish,FVG,BOS bullish | Vol 6.1x | FVG | LiqSweep | ChoCH | Engulfing | Session:OVERLAP | Zone:FVG | MTF 15,BOS+2 | BodyStrong+1 | 1hN+1 | 4h+2 | Vol+2 | BTC+2 | FVG+1 | LiqSweep+1 | ChoCH+1 | Engulfing+1 | Zone:FVG+1 | Sess:OVERLAP,0,0,-1.0,range,0.5855,0,4.0598,0.1765,1.9563,-1,0.0,0.5048,1.5653,2.359,0.1922,2.123,1.0,0.5643,0.984375,14414,1,5,2.61,0.615,1,0.797,0
SUIUSDT,14418,14421,1784551500,1784555100,LONG,TP1,0.7523,0.75666165,0.83953296,0.73485341,0.0,-0.034496139360184565,0.034496139360184565,15,2.27,60.81,0.4444444444444525,0.004517956860595952,0.9940833905481054,base,adaptive disabled,1.15,74.0,60,100,70,80,OVERLAP,neutral,bullish,FVG,BOS bullish | Vol 2.3x | FVG | ChoCH | Session:OVERLAP | Zone:FVG | MTF 15 | Risk x1.15,BOS+2 | 1hN+1 | 4h+2 | Vol+2 | RSI+1 | BTC+2 | FVG+1 | ChoCH+1 | Zone:FVG+1 | Sess:OVERLAP | NestedOB_1h+2 | QualityRisk:1.15,0,1,-1.0,bear,0.209,0,3.2496,0.0526,2.1819,-1,0.0,0.0229,1.7654,0.0,0.0715,1.735,1.0,0.0107,2.0,14418,3,4,0.783,1.538,0,1.306,0
SOLUSDT,14421,14431,1784554200,1784564100,LONG,TRAIL,76.94,77.38893286,85.91865728,75.14426854,0.5774109453982662,0.554916769125384,0.022494176272882152,16,1.83,58.38,0.1444444444444475,0.006542285777827323,1.4645099133855495,base,adaptive disabled,1.15,79.9,90,77,70,80,OVERLAP,bullish,bullish,FVG,BOS bullish | Vol 1.8x | FVG | ChoCH | Engulfing | Session:OVERLAP | StrongTrend1h | Zone:FVG | MTF 16 | Risk x1.15,BOS+2 | BodyStrong+1 | 1h+2 | 4h+2 | Vol+1 | RSI+1 | BTC+2 | FVG+1 | ChoCH+1 | Engulfing+1 | Zone:FVG+1 | Sess:OVERLAP | Strong1h+1 | QualityRisk:1.15,0,0,-1.0,bull,0.1926,1,1.7806,0.5385,0.9251,-1,0.0,0.6738,2.1384,0.295,0.0988,1.352,1.0,0.3859,1.3125,14416,1,2,0.246,1.689,0,0.768,0
BTCUSDT,14429,14429,1784561400,1784562300,LONG,TP1,64845.8,65109.63317866,70122.46357328,63790.46728534,0.0,-0.016129531723541753,0.016129531723541753,16,1.34,62.32,0.2136380123322452,0.005151638961750019,2.08311557217849,base,adaptive disabled,1.0,63.0,60,75,50,80,NEW_YORK,neutral,bullish,FVG,BOS bullish | Vol 1.3x | FVG | ChoCH | Engulfing | BullWick | Session:NEW_YORK | Zone:FVG | MTF 16,BOS+2 | 1hN+1 | 4h+2 | Vol+1 | RSI+1 | BTC+2 | FVG+1 | ChoCH+1 | Engulfing+1 | BullWick+1 | Zone:FVG+1 | Sess:NEW_YORK | NestedOB_1h+2,0,0,-1.0,range,0.2024,0,3.785,3.0,1.2469,-1,0.0,0.0659,1.7807,0.982,0.0693,2.34,-1.0,-0.0221,0.65625,14429,0,1,0.678,0.101,1,0.571,1
LINKUSDT,14433,14440,1784565000,1784572200,LONG,TRAIL,8.504,8.56673244,9.75864877,8.25307025,0.41483892579236936,0.40213018958233443,0.012708736210034922,17,1.33,67.11,0.29670329670329754,0.006026255577521105,1.6793165542893378,base,adaptive disabled,1.0,83.5,90,95,70,80,NEW_YORK,bullish,bullish,FVG,BOS bullish | Vol 1.3x | FVG | LiqSweep | ChoCH | Engulfing | Session:NEW_YORK | StrongTrend1h | Zone:FVG | MTF 17,BOS+2 | BodyStrong+1 | 1h+2 | 4h+2 | Vol+1 | RSI+1 | BTC+2 | FVG+1 | LiqSweep+1 | ChoCH+1 | Engulfing+1 | Zone:FVG+1 | Sess:NEW_YORK | Strong1h+1,0,1,-1.0,bear,0.2671,0,4.6109,0.1111,0.6344,-1,0.0,0.0,2.1839,2.25,0.0687,1.063,1.0,0.0898,0.9375,14431,0,3,1.607,1.648,0,0.96,3
SUIUSDT,14433,14440,1784565000,1784572200,LONG,TRAIL,0.7615,0.76701618,0.87182359,0.73943528,0.27195215087178015,0.2641869265680047,0.007765224303775464,15,1.45,71.19,0.3856655290102382,0.00537377647026573,1.3070411158444353,base,adaptive disabled,1.15,84.5,90,100,70,80,NEW_YORK,bullish,bullish,FVG,BOS bullish | Vol 1.4x | FVG | ChoCH | Engulfing | Session:NEW_YORK | StrongTrend1h | Zone:FVG | MTF 15 | Risk x1.15,BOS+2 | BodyStrong+1 | 1h+2 | 4h+2 | Vol+1 | BTC+2 | FVG+1 | ChoCH+1 | Engulfing+1 | Zone:FVG+1 | Sess:NEW_YORK | Strong1h+1 | QualityRisk:1.15,0,0,-1.0,bull,0.237,0,3.3149,0.1765,0.8648,-1,0.0,0.1405,2.3386,1.189,0.1661,1.299,1.0,0.1845,0.5625,14431,0,3,1.209,0.403,1,0.56,0
ADAUSDT,14441,14452,1784572200,1784583000,LONG,TRAIL,0.1686,0.17007525,0.198105,0.162699,0.14298423995932996,0.13494852567361568,0.0080357142857143,15,2.04,65.82,0.22499999999999853,0.01184872447627213,2.40232888904528,base,adaptive disabled,1.15,82.2,80,76,90,80,OFF_HOURS,bullish,bullish,FVG,BOS bullish | Vol 2.0x | FVG | ChoCH | Zone:FVG | MTF 15 | Risk x1.15,BOS+2 | BodyStrong+1 | 1h+2 | 4h+2 | Vol+2 | RSI+1 | BTC+2 | FVG+1 | ChoCH+1 | Zone:FVG+1 | Sess:OFF_HOURS | RelStrengthRisk:1.15,0,0,-1.0,range,0.2198,0,3.9571,0.0526,1.9669,-1,0.0,0.2542,1.2879,0.581,0.1761,1.262,1.0,0.0917,0.703125,14441,0,2,1.05,0.081,1,1.615,2
ETHUSDT,14441,14475,1784572200,1784603700,LONG,TRAIL,1905.88,1921.64005181,2221.08103618,1842.83979276,0.09297637581814355,0.08617400287594447,0.006802372942199082,16,2.01,71.8,0.5359744990892514,0.00517988191059532,1.4131052038034642,base,adaptive disabled,1.0,90.5,90,100,90,80,OFF_HOURS,bullish,bullish,FVG,BOS bullish | Vol 2.0x | FVG | ChoCH | Engulfing | StrongTrend1h | Zone:FVG | MTF 16,BOS+2 | BodyStrong+1 | 1h+2 | 4h+2 | Vol+2 | BTC+2 | FVG+1 | ChoCH+1 | Engulfing+1 | Zone:FVG+1 | Sess:OFF_HOURS | Strong1h+1,0,0,-1.0,range,0.1787,0,2.4521,0.1111,1.389,-1,0.0,0.2805,1.3991,1.277,0.22,1.616,1.0,0.2533,0.5625,14440,0,1,0.789,3.406,0,1.196,2
ADAUSDT,14442,14452,1784573100,1784583000,LONG,TRAIL,0.1686,0.17007525,0.198105,0.162699,0.14298423995932996,0.13494852567361568,0.0080357142857143,13,1.47,64.49,0.24050632911392075,0.012226870609318813,2.1981196286782723,base,adaptive disabled,1.15,70.6,80,78,50,80,OFF_HOURS,bullish,bullish,FVG,BOS bullish | Vol 1.5x | FVG | ChoCH | Zone:FVG | MTF 13 | Risk x1.15,BOS+2 | 1h+2 | 4h+2 | Vol+1 | RSI+1 | BTC+2 | FVG+1 | ChoCH+1 | Zone:FVG+1 | Sess:OFF_HOURS | RelStrengthRisk:1.15,0,0,-1.0,range,0.2198,0,3.7758,0.1111,1.716,-1,0.0,0.2542,1.2879,0.679,0.1316,1.096,1.0,0.0177,0.703125,14442,1,3,0.865,0.236,1,1.337,0
ETHUSDT,14467,14474,1784595600,1784602800,LONG,TP1,1913.3,1919.75384725,2042.3769451,1887.48461098,0.0,-0.022234412177763983,0.022234412177763983,14,1.68,67.0,0.6338418862690716,0.003967158612102175,1.1950152242770018,base,adaptive disabled,1.15,78.5,90,100,50,80,OFF_HOURS,bullish,bullish,FVG,BOS bullish | Vol 1.7x | FVG | ChoCH | StrongTrend1h | Zone:FVG | MTF 14 | Risk x1.15,BOS+2 | 1h+2 | 4h+2 | Vol+1 | RSI+1 | BTC+2 | FVG+1 | ChoCH+1 | Zone:FVG+1 | Sess:OFF_HOURS | Strong1h+1 | QualityRisk:1.15,0,0,-1.0,range,0.156,3,3.105,0.0526,1.7617,-1,0.0,0.38,1.6579,0.0,-0.006,2.66,1.0,0.3981,0.75,14467,0,1,1.199,0.618,1,0.631,2
XRPUSDT,14469,14474,1784597400,1784602800,LONG,TP1,1.1156,1.11909445,1.18548907,1.10162219,0.0,-0.023943664994731155,0.023943664994731155,18,2.22,55.99,0.4082840236686195,0.0034316426768197903,1.0685154827260883,base,adaptive disabled,1.15,90.5,90,100,90,80,OFF_HOURS,bullish,bullish,FVG,BOS bullish | Vol 2.2x | FVG | ChoCH | Engulfing | BullWick | StrongTrend1h | Zone:FVG | MTF 18 | Risk x1.15,BOS+2 | BodyStrong+1 | 1h+2 | 4h+2 | Vol+2 | RSI+1 | BTC+2 | FVG+1 | ChoCH+1 | Engulfing+1 | BullWick+1 | Zone:FVG+1 | Sess:OFF_HOURS | Strong1h+1 | QualityRisk:1.15,0,0,-1.0,bull,0.2905,0,2.7316,0.1111,2.2932,-1,0.0,0.3076,1.4022,0.0,0.1383,1.681,-1.0,-0.2917,0.75,14469,2,1,0.69,0.575,1,1.323,1
BTCUSDT,14470,14475,1784598300,1784603700,LONG,TRAIL,65224.0,65419.672,69137.44,64441.312,0.05709890147798395,0.04772390147798398,0.009374999999999977,17,1.88,52.18,0.22830306825298213,0.0023846127571300227,0.9786973327830393,base,adaptive disabled,1.15,84.9,90,87,80,80,OFF_HOURS,bullish,bullish,OB,BOS bullish | Vol 1.9x | FVG | OB | ChoCH | Discount | StrongTrend1h | Zone:OB | MTF 17 | Risk x1.15,BOS+2 | BodyStrong+1 | 1h+2 | 4h+2 | Vol+1 | RSI+1 | BTC+2 | FVG+1 | OB+1 | ChoCH+1 | Discount+1 | Zone:OB+1 | Sess:OFF_HOURS | Strong1h+1 | QualityRisk:1.15,0,0,-1.0,range,0.7122,0,3.4899,0.1765,2.0287,-1,0.0,0.0945,1.4596,0.0,-0.1,1.797,-1.0,-0.0727,0.28125,14470,6,4,0.707,1.862,0,1.045,0
ETHUSDT,14472,14475,1784600100,1784603700,LONG,TRAIL,1903.75,1909.46125,2017.975,1880.905,0.41201575837163296,0.38701575837163293,0.024999999999999974,16,3.12,65.09,0.6458260565840058,0.0034615443396244267,1.0427105618469614,base,adaptive disabled,1.15,87.5,90,100,80,80,OFF_HOURS,bullish,bullish,OB,BOS bullish | Vol 3.1x | FVG | OB | ChoCH | StrongTrend1h | Zone:OB | MTF 16 | Risk x1.15,BOS+2 | 1h+2 | 4h+2 | Vol+2 | RSI+1 | BTC+2 | FVG+1 | OB+1 | ChoCH+1 | Zone:OB+1 | Sess:OFF_HOURS | Strong1h+1 | QualityRisk:1.15,0,0,-1.0,range,0.5749,1,2.04,0.3333,1.6958,-1,0.0,0.0114,4.2337,0.0,-0.1175,2.856,1.0,0.1802,0.75,14468,4,2,0.997,0.807,1,1.15,0
ETHUSDT,14472,14475,1784600100,1784603700,LONG,TRAIL,1903.75,1909.46125,2017.975,1880.905,0.41201575837163296,0.38701575837163293,0.024999999999999974,16,1.55,59.33,0.45403022670025756,0.0025278929809857747,0.7614695788581622,base,adaptive disabled,1.15,85.5,90,90,80,80,OFF_HOURS,bullish,bullish,OB,BOS bullish | Vol 1.6x | FVG | OB | ChoCH | StrongTrend1h | Zone:OB | MTF 16 | Risk x1.15,BOS+2 | BodyStrong+1 | 1h+2 | 4h+2 | Vol+1 | RSI+1 | BTC+2 | FVG+1 | OB+1 | ChoCH+1 | Zone:OB+1 | Sess:OFF_HOURS | Strong1h+1 | QualityRisk:1.15,0,0,-1.0,range,0.5749,1,2.078,0.3333,1.6958,-1,0.0,0.0114,4.2337,0.0,-0.1647,2.04,1.0,0.0667,0.75,14469,5,3,0.393,1.445,0,1.171,0
ETHUSDT,14472,14475,1784600100,1784603700,LONG,TRAIL,1903.75,1909.46125,2017.975,1880.905,0.41201575837163296,0.38701575837163293,0.024999999999999974,15,1.33,58.84,0.37547759638764405,0.0031145817685170126,0.934498518682885,base,adaptive disabled,1.15,81.5,90,100,60,80,OFF_HOURS,bullish,bullish,OB,BOS bullish | Vol 1.3x | FVG | OB | ChoCH | StrongTrend1h | Zone:OB | MTF 15 | Risk x1.15,BOS+2 | 1h+2 | 4h+2 | Vol+1 | RSI+1 | BTC+2 | FVG+1 | OB+1 | ChoCH+1 | Zone:OB+1 | Sess:OFF_HOURS | Strong1h+1 | QualityRisk:1.15,0,0,-1.0,range,0.5749,1,2.0462,0.3333,1.6958,-1,0.0,0.0114,4.2337,0.0,-0.1949,1.108,-1.0,-0.0668,0.75,14470,6,4,0.332,1.477,0,1.153,0
SUIUSDT,14484,14484,1784610900,1784611800,LONG,TP1,0.7684,0.7710408,0.82121596,0.75783681,0.0,-0.016367214828096523,0.016367214828096523,13,1.34,59.46,0.4745762711864475,0.004288690473873531,1.2163996908596948,base,adaptive disabled,1.15,78.5,90,100,50,80,OFF_HOURS,bullish,bullish,FVG,BOS bullish | Vol 1.3x | FVG | ChoCH | StrongTrend1h | Zone:FVG | MTF 13 | Risk x1.15,BOS+2 | 1h+2 | 4h+2 | Vol+1 | RSI+1 | BTCok+1 | FVG+1 | ChoCH+1 | Zone:FVG+1 | Sess:OFF_HOURS | Strong1h+1 | QualityRisk:1.15,0,0,-1.0,range,0.3445,1,2.6419,0.0526,1.3519,-1,0.0,0.0473,1.4011,10.0,-0.0482,0.947,1.0,0.0393,0.5625,14484,1,2,0.326,0.47,1,1.411,0
LINKUSDT,14485,14487,1784611800,1784614500,LONG,TRAIL,8.701,8.74446789,9.57035785,8.52712843,0.06975784626549217,0.059201967650604245,0.010555878614887925,14,3.95,68.9,0.577319587628864,0.006771690955633995,1.9355749981746637,base,adaptive disabled,1.15,82.5,90,90,70,80,OFF_HOURS,bullish,bullish,FVG,BOS bullish | Vol 4.0x | FVG | ChoCH | Engulfing | StrongTrend1h | Zone:FVG | MTF 14 | Risk x1.15,BOS+2 | 1h+2 | 4h+2 | Vol+2 | BTCok+1 | FVG+1 | ChoCH+1 | Engulfing+1 | Zone:FVG+1 | Sess:OFF_HOURS | Strong1h+1 | RelStrengthRisk:1.15,0,0,-1.0,bull,0.2703,0,3.4855,0.0526,3.8498,-1,0.0,0.0173,1.3343,3.0,-0.1655,2.773,1.0,0.4013,0.52734375,14485,1,3,1.611,-1.0,0,1.426,3
XRPUSDT,14485,14490,1784611800,1784617200,LONG,TRAIL,1.1295,1.13531,1.24569997,1.10626001,0.10964404901424636,0.09870869577183962,0.010935353242406735,15,2.94,71.04,0.6157635467980278,0.0057191357185802545,2.061287206110283,base,adaptive disabled,1.0,82.5,90,90,70,80,OFF_HOURS,bullish,bullish,FVG,BOS bullish | Vol 2.9x | FVG | ChoCH | Engulfing | BullWick | StrongTrend1h | Zone:FVG | MTF 15,BOS+2 | 1h+2 | 4h+2 | Vol+2 | BTCok+1 | FVG+1 | ChoCH+1 | Engulfing+1 | BullWick+1 | Zone:FVG+1 | Sess:OFF_HOURS | Strong1h+1,0,0,-1.0,bull,0.3184,0,4.1063,0.1111,5.2506,-1,0.0,0.0602,1.136,2.404,-0.025,3.477,1.0,0.3718,0.5625,14485,0,1,0.749,-1.0,0,0.845,3
SOLUSDT,14487,14490,1784613600,1784617200,LONG,TRAIL,78.3,78.5349,82.998,77.3604,0.20953065134100157,0.19078065134100153,0.018750000000000027,15,2.12,66.6,0.24242424242423852,0.003147099835810641,1.0644038966435663,base,adaptive disabled,1.15,82.3,90,89,70,80,OFF_HOURS,bullish,bullish,FVG,BOS bullish | Vol 2.1x | FVG | ChoCH | StrongTrend1h | Zone:FVG | MTF 15 | Risk x1.15,BOS+2 | 1h+2 | 4h+2 | Vol+2 | RSI+1 | BTC+2 | FVG+1 | ChoCH+1 | Zone:FVG+1 | Sess:OFF_HOURS | Strong1h+1 | QualityRisk:1.15,0,0,-1.0,range,0.3429,6,2.8312,0.0526,2.1031,-1,0.0,0.0532,2.2989,0.842,-0.1052,1.591,1.0,0.2732,0.5625,14487,1,1,0.167,2.456,0,1.332,5
AVAXUSDT,14491,14547,1784617200,1784668500,LONG,SL,6.673,6.70055502,7.22410046,6.56277991,-0.75,-0.7681627505475634,0.01816275054756346,16,1.43,64.85,0.6363636363636319,0.0032972974327673057,0.9930860359020754,base,adaptive disabled,1.15,84.5,90,100,70,80,OFF_HOURS,bullish,bullish,FVG,BOS bullish | Vol 1.4x | FVG | ChoCH | Engulfing | StrongTrend1h | Zone:FVG | MTF 16 | Risk x1.15,BOS+2 | BodyStrong+1 | 1h+2 | 4h+2 | Vol+1 | RSI+1 | BTC+2 | FVG+1 | ChoCH+1 | Engulfing+1 | Zone:FVG+1 | Sess:OFF_HOURS | Strong1h+1 | QualityRisk:1.15,0,0,-1.0,bull,0.1287,0,2.4302,0.1111,1.8715,-1,0.0,1.2974,0.3992,0.0,0.0231,2.642,1.0,0.0579,0.75,14491,0,1,0.45,0.315,1,0.54,2
AVAXUSDT,14493,14547,1784619000,1784668500,LONG,SL,6.673,6.70062252,7.22545042,6.56250992,-0.75,-0.7681183686354467,0.01811836863544674,15,1.49,61.97,0.49532710280373676,0.003345800330518137,1.007694226833978,base,adaptive disabled,1.15,78.5,90,100,50,80,LONDON,bullish,bullish,FVG,BOS bullish | Vol 1.5x | FVG | ChoCH | Engulfing | Session:LONDON | StrongTrend1h | Zone:FVG | MTF 15 | Risk x1.15,BOS+2 | 1h+2 | 4h+2 | Vol+1 | RSI+1 | BTC+2 | FVG+1 | ChoCH+1 | Engulfing+1 | Zone:FVG+1 | Sess:LONDON | Strong1h+1 | QualityRisk:1.15,0,0,-1.0,bull,0.1548,0,2.0898,0.25,1.8807,-1,0.0,1.2942,0.3982,10.0,0.0527,1.289,1.0,0.0537,0.75,14492,1,2,0.133,0.622,1,1.112,0
LINKUSDT,14518,14520,1784641500,1784644200,LONG,TRAIL,8.701,8.727103,9.22306,8.596588,0.1257039420756177,0.09445394207561766,0.03125000000000002,17,2.04,43.71,0.15789473684210104,0.003983619556537645,1.2831681216149977,base,adaptive disabled,1.0,86.1,90,78,90,80,NEW_YORK,bullish,bullish,FVG,BOS bullish | Vol 2.0x | FVG | ChoCH | Discount | Session:NEW_YORK | StrongTrend1h | Zone:FVG | MTF 17,BOS+2 | BodyStrong+1 | 1h+2 | 4h+2 | Vol+2 | RSI+1 | BTC+2 | FVG+1 | ChoCH+1 | Discount+1 | Zone:FVG+1 | Sess:NEW_YORK | Strong1h+1,0,0,-1.0,range,0.5517,0,2.138,4.0,1.1317,-1,0.0,0.2394,1.3025,0.913,-0.2136,1.259,1.0,-0.4196,0.9375,14518,34,2,1.622,3.059,0,1.622,0
SOLUSDT,14520,14561,1784643300,1784681100,LONG,TRAIL,78.28,78.51484,82.9768,77.34064,0.07984159427694933,0.05484159427694953,0.024999999999999793,16,1.99,57.99,0.3027522935779831,0.0039972396826991555,1.5551260985561937,base,adaptive disabled,1.15,83.7,90,96,70,80,NEW_YORK,bullish,bullish,FVG,BOS bullish | Vol 2.0x | FVG | MACD_Div | ChoCH | Session:NEW_YORK | StrongTrend1h | Zone:FVG | MTF 16 | Risk x1.15,BOS+2 | BodyStrong+1 | 1h+2 | 4h+2 | Vol+1 | RSI+1 | BTC+2 | FVG+1 | MACD_Div+1 | ChoCH+1 | Zone:FVG+1 | Sess:NEW_YORK | Strong1h+1 | QualityRisk:1.15,0,0,-1.0,range,0.5517,0,1.9831,0.1111,2.0723,-1,0.0,0.9687,1.1071,0.0,-0.0045,1.104,-1.0,-0.191,0.75,14519,8,3,0.315,1.397,0,1.262,1
SOLUSDT,14520,14561,1784643300,1784681100,LONG,TRAIL,78.28,78.51484,82.9768,77.34064,0.07984159427694933,0.05484159427694953,0.024999999999999793,16,1.96,54.19,0.12962962962963037,0.0040811023312124954,1.5253605808441175,base,adaptive disabled,1.15,73.5,90,75,50,80,NEW_YORK,bullish,bullish,FVG,BOS bullish | Vol 2.0x | FVG | MACD_Div | ChoCH | BullWick | Session:NEW_YORK | StrongTrend1h | Zone:FVG | MTF 16 | Risk x1.15,BOS+2 | 1h+2 | 4h+2 | Vol+1 | RSI+1 | BTC+2 | FVG+1 | MACD_Div+1 | ChoCH+1 | BullWick+1 | Zone:FVG+1 | Sess:NEW_YORK | Strong1h+1 | QualityRisk:1.15,0,0,-1.0,range,0.5517,0,1.9467,0.1111,2.0723,-1,0.0,0.9687,1.1071,2.0,-0.0275,1.582,-1.0,-0.2141,0.75,14520,9,4,0.088,1.77,0,1.239,1
XRPUSDT,14524,14526,1784646900,1784649600,LONG,TP1,1.1476,1.15321372,1.25987434,1.12514513,0.0,-0.02044278145453524,0.02044278145453524,16,1.76,67.63,0.37414965986394566,0.004207542255965432,1.4024728350313507,base,adaptive disabled,1.15,78.5,90,100,50,80,NEW_YORK,bullish,bullish,FVG,BOS bullish | Vol 1.8x | FVG | ChoCH | Engulfing | BullWick | Session:NEW_YORK | StrongTrend1h | Zone:FVG | MTF 16 | Risk x1.15,BOS+2 | 1h+2 | 4h+2 | Vol+1 | RSI+1 | BTC+2 | FVG+1 | ChoCH+1 | Engulfing+1 | BullWick+1 | Zone:FVG+1 | Sess:NEW_YORK | Strong1h+1 | RelStrengthRisk:1.15,0,0,-1.0,bull,0.1704,1,3.4388,0.1111,1.8833,-1,0.0,0.1425,1.532,2.619,0.2131,1.693,1.0,0.2705,1.0,14524,1,4,0.986,-1.0,0,1.037,0
XRPUSDT,14525,14526,1784647800,1784649600,LONG,TP1,1.1476,1.15324667,1.26053332,1.12501334,0.0,-0.015242625514352291,0.015242625514352291,14,1.4,68.66,0.3082706766917267,0.003975516965228888,1.3251333462034274,base,adaptive disabled,1.15,77.7,90,96,50,80,NEW_YORK,bullish,bullish,FVG,BOS bullish | Vol 1.4x | FVG | ChoCH | Engulfing | Session:NEW_YORK | StrongTrend1h | Zone:FVG | MTF 14 | Risk x1.15,BOS+2 | 1h+2 | 4h+2 | Vol+1 | BTC+2 | FVG+1 | ChoCH+1 | Engulfing+1 | Zone:FVG+1 | Sess:NEW_YORK | Strong1h+1 | RelStrengthRisk:1.15,0,0,-1.0,bull,0.2355,2,3.4747,0.0526,1.3521,-1,0.0,0.1417,1.523,0.901,0.1826,0.987,1.0,0.3384,0.75,14525,2,5,1.175,-1.0,0,1.419,1
ETHUSDT,14561,14589,1784680200,1784706300,LONG,SL,1934.77,1940.95800931,2058.53018622,1910.01796276,-0.421875,-0.4350655278880391,0.01319052788803904,15,5.46,66.74,0.46918056562726934,0.005091615172259509,1.8124544123487738,base,adaptive disabled,1.0,82.5,90,90,70,80,OFF_HOURS,bullish,bullish,FVG,BOS bullish | Vol 5.5x | FVG | ChoCH | StrongTrend1h | Zone:FVG | MTF 15,BOS+2 | 1h+2 | 4h+2 | Vol+2 | RSI+1 | BTC+2 | FVG+1 | ChoCH+1 | Zone:FVG+1 | Sess:OFF_HOURS | Strong1h+1,0,0,-1.0,range,0.3107,0,5.2211,0.0526,5.3861,-1,0.0,1.0262,1.1296,10.0,0.1048,3.368,-1.0,-0.0185,0.421875,14561,0,2,1.888,1.858,0,1.622,4
LINKUSDT,14561,14567,1784680200,1784686500,LONG,TRAIL,8.692,8.72096866,9.27137315,8.57612537,0.0776511884816797,0.05688367678067154,0.020767511701008164,13,3.04,70.66,0.6822429906542137,0.0032239529270558756,1.3896849092235848,base,adaptive disabled,1.0,74.0,60,100,70,80,OFF_HOURS,neutral,bullish,FVG,BOS bullish | Vol 3.0x | FVG | LiqSweep | ChoCH | Zone:FVG | MTF 13,BOS+2 | 1hN+1 | 4h+2 | Vol+2 | BTC+2 | FVG+1 | LiqSweep+1 | ChoCH+1 | Zone:FVG+1 | Sess:OFF_HOURS,0,0,-1.0,range,0.188,5,5.03,0.0526,3.0166,-1,0.0,0.1208,1.0011,8.111,0.381,2.887,1.0,0.5994,0.692138671875,14561,0,3,2.731,1.725,0,1.054,4
SOLUSDT,14561,14582,1784680200,1784700000,LONG,SL,78.32,78.55496,83.0192,77.38016,-0.73828125,-0.7628906250000003,0.024609375000000277,13,2.31,63.06,0.33928571428570886,0.0033600209951549407,1.1938765508709048,base,adaptive disabled,1.15,74.0,60,100,70,80,OFF_HOURS,neutral,bullish,FVG,BOS bullish | Vol 2.3x | FVG | ChoCH | Zone:FVG | MTF 13 | Risk x1.15,BOS+2 | 1hN+1 | 4h+2 | Vol+2 | RSI+1 | BTC+2 | FVG+1 | ChoCH+1 | Zone:FVG+1 | Sess:OFF_HOURS | QualityRisk:1.15,0,0,-1.0,bull,0.2558,0,3.8297,0.0526,2.3481,-1,0.0,1.0427,0.9789,2.714,0.1767,2.136,1.0,0.1022,0.73828125,14561,0,1,1.277,1.08,1,1.08,4
SUIUSDT,14561,14579,1784680200,1784697300,LONG,SL,0.7722,0.77499575,0.82811504,0.76101699,-0.75,-0.7707153530221291,0.02071535302212912,17,2.25,65.01,0.3153153153153043,0.0035380354730199406,1.2354176594217032,base,adaptive disabled,1.15,83.9,90,97,70,80,OFF_HOURS,bullish,bullish,FVG,BOS bullish | Vol 2.2x | FVG | ChoCH | StrongTrend1h | Zone:FVG | MTF 17 | Risk x1.15,BOS+2 | 1h+2 | 4h+2 | Vol+2 | RSI+1 | BTC+2 | FVG+1 | ChoCH+1 | Zone:FVG+1 | Sess:OFF_HOURS | Strong1h+1 | NestedOB_1h+2 | QualityRisk:1.15,0,0,-1.0,range,0.3009,0,4.4892,0.0526,2.1941,-1,0.0,1.0105,0.5723,0.814,0.3049,1.444,1.0,0.3891,0.75,14561,0,2,1.191,0.825,1,1.557,4
SUIUSDT,14562,14569,1784681100,1784688300,LONG,TP1,0.7708,0.77322235,0.81924697,0.76111061,-0.029026595069455444,-0.04692555465308245,0.017898959583627003,20,3.36,67.77,0.3904761904761832,0.003283720849169946,1.202780036909479,base,adaptive disabled,1.15,90.5,90,100,90,80,OFF_HOURS,bullish,bullish,FVG,BOS bullish | Vol 3.4x | FVG | LiqSweep | ChoCH | BullWick | StrongTrend1h | Zone:FVG | MTF 20 | Risk x1.15,BOS+2 | BodyStrong+1 | 1h+2 | 4h+2 | Vol+2 | RSI+1 | BTC+2 | FVG+1 | LiqSweep+1 | ChoCH+1 | BullWick+1 | Zone:FVG+1 | Sess:OFF_HOURS | Strong1h+1 | NestedOB_1h+2 | QualityRisk:1.15,0,0,-1.0,range,0.4248,1,4.5468,0.1111,2.1716,-1,0.0,0.4644,1.1972,0.719,0.4259,2.422,1.0,0.5614,0.5625,14560,0,1,1.532,0.574,1,1.101,0
SUIUSDT,14562,14579,1784681100,1784697300,LONG,SL,0.7722,0.77472284,0.82265683,0.76210863,-0.5625,-0.5797171865663432,0.01721718656634325,18,2.17,65.27,0.4653465346534538,0.003709315710296519,1.2937081567643076,base,adaptive disabled,1.15,84.5,90,100,70,80,OFF_HOURS,bullish,bullish,FVG,BOS bullish | Vol 2.2x | FVG | ChoCH | BullWick | StrongTrend1h | Zone:FVG | MTF 18 | Risk x1.15,BOS+2 | 1h+2 | 4h+2 | Vol+2 | RSI+1 | BTC+2 | FVG+1 | ChoCH+1 | BullWick+1 | Zone:FVG+1 | Sess:OFF_HOURS | Strong1h+1 | NestedOB_1h+2 | QualityRisk:1.15,0,0,-1.0,range,0.3009,1,4.3352,0.1111,2.1716,-1,0.0,1.1198,0.5946,1.741,0.2883,2.07,1.0,0.4403,0.5625,14562,1,3,1.232,0.776,1,1.05,0
BTCUSDT,14563,14589,1784682000,1784706300,LONG,SL,66506.0,66705.518,70496.36,65707.928,-0.158203125,-0.1634765625,0.0052734375,21,2.52,66.56,0.5515388373228992,0.00195791974039995,1.0643322264479957,base,adaptive disabled,1.15,90.5,90,100,90,80,OFF_HOURS,bullish,bullish,FVG,BOS bullish | Vol 2.5x | FVG | LiqSweep | ChoCH | Engulfing | BullWick | StrongTrend1h | Zone:FVG | MTF 21 | Risk x1.15,BOS+2 | BodyStrong+1 | 1h+2 | 4h+2 | Vol+2 | RSI+1 | BTC+2 | FVG+1 | LiqSweep+1 | ChoCH+1 | Engulfing+1 | BullWick+1 | Zone:FVG+1 | Sess:OFF_HOURS | Strong1h+1 | NestedOB_1h+2 | QualityRisk:1.15,0,0,-1.0,range,0.3684,0,2.9875,0.1111,1.4709,-1,0.0,1.0673,0.6335,7.663,0.3452,1.923,1.0,0.0904,0.158203125,14560,0,1,1.454,2.298,0,1.004,1
BTCUSDT,14563,14589,1784682000,1784706300,LONG,SL,66506.0,66705.518,70496.36,65707.928,-0.2109375,-0.21796875000000002,0.00703125,18,1.75,65.15,0.47248641304344763,0.0022897339187123557,1.239513026910613,base,adaptive disabled,1.0,78.5,90,100,50,80,OFF_HOURS,bullish,bullish,FVG,BOS bullish | Vol 1.8x | FVG | LiqSweep | ChoCH | BullWick | StrongTrend1h | Zone:FVG | MTF 18,BOS+2 | 1h+2 | 4h+2 | Vol+1 | RSI+1 | BTC+2 | FVG+1 | LiqSweep+1 | ChoCH+1 | BullWick+1 | Zone:FVG+1 | Sess:OFF_HOURS | Strong1h+1 | NestedOB_1h+2,0,0,-1.0,range,0.3684,0,2.9469,0.1111,1.4709,-1,0.0,1.0673,0.6335,0.0,0.3142,1.483,-1.0,-0.0244,0.2109375,14561,1,2,1.289,2.412,0,0.991,1
BTCUSDT,14563,14589,1784682000,1784706300,LONG,SL,66506.0,66705.518,70496.36,65707.928,-0.2109375,-0.21796875000000002,0.00703125,18,1.33,67.21,0.7074034714841826,0.002051331783388448,1.1151113496365155,base,adaptive disabled,1.15,84.5,90,100,70,80,OFF_HOURS,bullish,bullish,FVG,BOS bullish | Vol 1.3x | FVG | LiqSweep | ChoCH | StrongTrend1h | Zone:FVG | MTF 18 | Risk x1.15,BOS+2 | BodyStrong+1 | 1h+2 | 4h+2 | Vol+1 | RSI+1 | BTC+2 | FVG+1 | LiqSweep+1 | ChoCH+1 | Zone:FVG+1 | Sess:OFF_HOURS | Strong1h+1 | NestedOB_1h+2 | QualityRisk:1.15,0,0,-1.0,range,0.3684,0,2.9636,0.1111,1.4709,-1,0.0,1.0673,0.6335,0.0,0.3324,1.433,-1.0,-0.024,0.2109375,14562,2,3,1.699,2.023,0,0.996,1
BTCUSDT,14563,14589,1784682000,1784706300,LONG,SL,66506.0,66705.518,70496.36,65707.928,-0.28125,-0.290625,0.009375,16,1.54,59.98,0.5436349079263157,0.0018698444634087667,1.017327196802447,base,adaptive disabled,1.15,84.5,90,100,70,80,OFF_HOURS,bullish,bullish,FVG,BOS bullish | Vol 1.5x | FVG | ChoCH | Engulfing | StrongTrend1h | Zone:FVG | MTF 16 | Risk x1.15,BOS+2 | BodyStrong+1 | 1h+2 | 4h+2 | Vol+1 | RSI+1 | BTC+2 | FVG+1 | ChoCH+1 | Engulfing+1 | Zone:FVG+1 | Sess:OFF_HOURS | Strong1h+1 | QualityRisk:1.15,0,0,-1.0,range,0.3684,0,2.9644,0.1111,1.4709,-1,0.0,1.0673,0.6335,0.0,0.2879,1.543,-1.0,-0.0428,0.28125,14563,3,4,0.937,2.787,0,0.996,1
ETHUSDT,14563,14589,1784682000,1784706300,LONG,SL,1934.77,1941.01118722,2059.59374435,1909.80525113,-0.421875,-0.43495313826608706,0.013078138266087036,13,1.59,69.28,0.604472396925223,0.004668139159829097,1.661710308309828,base,adaptive disabled,1.0,78.5,90,100,50,80,OFF_HOURS,bullish,bullish,FVG,BOS bullish | Vol 1.6x | FVG | ChoCH | StrongTrend1h | Zone:FVG | MTF 13,BOS+2 | 1h+2 | 4h+2 | Vol+1 | BTC+2 | FVG+1 | ChoCH+1 | Zone:FVG+1 | Sess:OFF_HOURS | Strong1h+1,0,0,-1.0,range,0.3107,0,4.1718,0.1765,3.0045,-1,0.0,1.0174,0.7739,0.0,0.1363,1.067,1.0,0.0954,0.421875,14562,1,3,2.299,1.305,0,1.006,1
ETHUSDT,14564,14616,1784682900,1784730600,LONG,TRAIL,1927.95,1952.66,2043.627,1904.8146,0.23049093596825293,0.21642843596825298,0.01406249999999993,18,4.5,68.94,0.41976173791169274,0.00428183740691094,1.6508499700216899,base,adaptive disabled,1.0,90.5,90,100,90,80,OFF_HOURS,bullish,bullish,FVG,BOS bullish | Vol 4.5x | FVG | LiqSweep | ChoCH | Engulfing | BullWick | StrongTrend1h | Zone:FVG | MTF 18,BOS+2 | BodyStrong+1 | 1h+2 | 4h+2 | Vol+2 | BTC+2 | FVG+1 | LiqSweep+1 | ChoCH+1 | Engulfing+1 | BullWick+1 | Zone:FVG+1 | Sess:OFF_HOURS | Strong1h+1,0,0,-1.0,range,0.5534,0,4.3516,0.25,2.5061,-1,0.0,0.8074,1.17,1.852,0.3551,2.298,1.0,0.2866,0.421875,14560,0,1,2.201,1.733,1,1.214,0
SOLUSDT,14564,14582,1784682900,1784700000,LONG,SL,78.32,78.55496,83.0192,77.38016,-0.73828125,-0.7628906250000003,0.024609375000000277,14,1.47,57.07,0.2740740740740786,0.002508278798375757,0.9374990613559834,base,adaptive disabled,1.15,72.4,60,92,70,80,OFF_HOURS,neutral,bullish,FVG,BOS bullish | Vol 1.5x | FVG | ChoCH | Engulfing | Zone:FVG | MTF 14 | Risk x1.15,BOS+2 | BodyStrong+1 | 1hN+1 | 4h+2 | Vol+1 | RSI+1 | BTC+2 | FVG+1 | ChoCH+1 | Engulfing+1 | Zone:FVG+1 | Sess:OFF_HOURS | QualityRisk:1.15,0,0,-1.0,bull,0.2875,0,2.6735,0.1111,1.3214,-1,0.0,1.0427,0.7235,9.25,0.0717,1.644,1.0,0.1126,0.73828125,14564,3,4,0.842,0.347,1,0.891,0
SOLUSDT,14565,14582,1784683800,1784700000,LONG,SL,78.32,78.55496,83.0192,77.38016,-0.984375,-1.0171875000000004,0.03281250000000037,14,1.92,54.33,0.19424460431654383,0.0025119268464258125,0.8949310282867939,base,adaptive disabled,1.15,64.6,60,83,50,80,OFF_HOURS,neutral,bullish,FVG,BOS bullish | Vol 1.9x | FVG | ChoCH | Engulfing | BullWick | Zone:FVG | MTF 14 | Risk x1.15,BOS+2 | 1hN+1 | 4h+2 | Vol+1 | RSI+1 | BTC+2 | FVG+1 | ChoCH+1 | Engulfing+1 | BullWick+1 | Zone:FVG+1 | Sess:OFF_HOURS | QualityRisk:1.15,0,0,-1.0,bull,0.2875,0,2.3937,0.1765,1.4788,-1,0.0,1.0427,0.7235,2.7,0.062,1.636,1.0,0.0284,0.984375,14565,4,5,0.489,0.684,1,1.172,0
ADAUSDT,14567,14571,1784685600,1784690100,LONG,TRAIL,0.174,0.17460374,0.18607475,0.17158505,0.017469305782731353,0.005310668957952368,0.012158636824778985,13,1.45,57.84,0.4999999999999851,0.003643053746545005,0.9045182021626025,base,adaptive disabled,1.25,78.5,90,100,50,80,OFF_HOURS,bullish,bullish,FVG,BOS bullish | Vol 1.4x | FVG | ChoCH | StrongTrend1h | Zone:FVG | MTF 13 | Risk x1.25,BOS+2 | 1h+2 | 4h+2 | Vol+1 | RSI+1 | BTCok+1 | FVG+1 | ChoCH+1 | Zone:FVG+1 | Sess:OFF_HOURS | Strong1h+1 | QualityRisk:1.15 | RelStrengthRisk:1.25,0,0,-1.0,range,0.25,0,2.6018,0.0526,1.4162,-1,0.0,0.2485,2.1532,0.0,0.1092,1.486,-1.0,-0.0732,0.421875,14567,0,1,0.163,4.553,0,0.976,2
BTCUSDT,14568,14589,1784686500,1784706300,LONG,SL,66506.0,66705.518,70496.36,65707.928,-0.2109375,-0.21796875000000002,0.00703125,17,1.62,51.89,0.2570152170878142,0.002058687411810037,1.1200710726127077,base,adaptive disabled,1.15,82.5,90,90,70,80,OFF_HOURS,bullish,bullish,FVG,BOS bullish | Vol 1.6x | FVG | ChoCH | Engulfing | Discount | StrongTrend1h | Zone:FVG | MTF 17 | Risk x1.15,BOS+2 | BodyStrong+1 | 1h+2 | 4h+2 | Vol+1 | RSI+1 | BTC+2 | FVG+1 | ChoCH+1 | Engulfing+1 | Discount+1 | Zone:FVG+1 | Sess:OFF_HOURS | Strong1h+1 | QualityRisk:1.15,0,0,-1.0,range,0.3684,3,3.6125,0.5385,1.641,-1,0.0,1.0673,0.0431,0.0,0.2101,1.126,-1.0,-0.0757,0.2109375,14564,4,5,0.088,3.684,0,1.017,2
LINKUSDT,14603,14616,1784718000,1784730600,LONG,TRAIL,8.66,8.68927324,9.24546479,8.54290704,0.5978156159003907,0.5386489503724208,0.05916666552796985,14,4.34,57.51,0.4677419354838742,0.003966342384615276,1.4234211232952794,base,adaptive disabled,1.15,74.0,60,100,70,80,LONDON,neutral,bullish,FVG,BOS bullish | Vol 4.3x | FVG | MACD_Div | ChoCH | Session:LONDON | Zone:FVG | MTF 14 | Risk x1.15,BOS+2 | 1hN+1 | 4h+2 | Vol+2 | RSI+1 | BTC+2 | FVG+1 | MACD_Div+1 | ChoCH+1 | Zone:FVG+1 | Sess:LONDON | QualityRisk:1.15,0,0,-1.0,range,0.2222,0,3.6792,0.0526,4.2799,-1,0.0,0.7601,3.2111,0.0,-0.1797,4.358,-1.0,-0.2298,2.0,14603,0,2,1.265,2.836,0,0.996,2
XRPUSDT,14607,14613,1784721600,1784727900,LONG,TP1,1.1359,1.1393077,1.204054,1.1222692,0.0,-0.06666666666666748,0.06666666666666748,13,1.55,58.42,0.4693877551020223,0.00199136138365215,0.9028035969722125,base,adaptive disabled,1.15,74.0,60,100,70,80,OVERLAP,neutral,bullish,FVG,BOS bullish | Vol 1.6x | FVG | ChoCH | Session:OVERLAP | Zone:FVG | MTF 13 | Risk x1.15,BOS+2 | BodyStrong+1 | 1hN+1 | 4h+2 | Vol+1 | RSI+1 | BTC+2 | FVG+1 | ChoCH+1 | Zone:FVG+1 | Sess:OVERLAP | QualityRisk:1.15,0,0,-1.0,range,0.3361,1,1.6036,0.1765,1.1732,-1,0.0,0.2201,1.6727,1.211,0.1332,1.206,1.0,0.4587,2.0,14605,3,4,1.002,10.143,0,0.842,0
XRPUSDT,14607,14613,1784721600,1784727900,LONG,TP1,1.1359,1.1393077,1.204054,1.1222692,0.0,-0.06666666666666748,0.06666666666666748,14,1.49,52.13,0.22413793103447185,0.0023731975383628388,1.0759128360871273,base,adaptive disabled,1.15,71.2,60,86,70,80,OVERLAP,neutral,bullish,FVG,BOS bullish | Vol 1.5x | FVG | ChoCH | Engulfing | Session:OVERLAP | Zone:FVG | MTF 14 | Risk x1.15,BOS+2 | BodyStrong+1 | 1hN+1 | 4h+2 | Vol+1 | RSI+1 | BTC+2 | FVG+1 | ChoCH+1 | Engulfing+1 | Zone:FVG+1 | Sess:OVERLAP | QualityRisk:1.15,0,0,-1.0,range,0.3361,1,1.5762,0.1765,1.1732,-1,0.0,0.2201,1.6727,1.083,0.0489,1.221,1.0,0.32,2.0,14606,4,5,0.236,0.473,1,0.828,0
ETHUSDT,14616,14619,1784729700,1784733300,LONG,TP1,1934.04,1941.11037709,2075.44754177,1905.75849165,0.0,-0.04786972403471548,0.04786972403471548,14,3.23,65.35,0.2685206824024323,0.0049964111119826776,1.7270297565776411,base,adaptive disabled,1.15,72.4,60,92,70,80,NEW_YORK,neutral,bullish,FVG,BOS bullish | Vol 3.2x | FVG | LiqSweep | ChoCH | Session:NEW_YORK | Zone:FVG | MTF 14 | Risk x1.15,BOS+2 | 1hN+1 | 4h+2 | Vol+2 | RSI+1 | BTC+2 | FVG+1 | LiqSweep+1 | ChoCH+1 | Zone:FVG+1 | Sess:NEW_YORK | RelStrengthRisk:1.15,0,0,-1.0,bull,0.5096,5,7.0838,0.0526,6.2742,-1,0.0,0.4293,1.198,1.63,0.2053,2.678,1.0,0.2313,1.75,14615,0,1,0.861,0.753,1,3.162,4
ETHUSDT,14616,14619,1784729700,1784733300,LONG,TP1,1934.04,1941.3544573,2080.32914593,1904.78217081,0.0,-0.04627233248264113,0.04627233248264113,14,6.27,66.72,0.4750762970498468,0.007713308222266176,2.6661362571949336,base,adaptive disabled,1.15,72.0,60,90,70,80,NEW_YORK,neutral,bullish,FVG,BOS bullish | Vol 6.3x | FVG | LiqSweep | ChoCH | Session:NEW_YORK | Zone:FVG | MTF 14 | Risk x1.15,BOS+2 | 1hN+1 | 4h+2 | Vol+2 | RSI+1 | BTC+2 | FVG+1 | LiqSweep+1 | ChoCH+1 | Zone:FVG+1 | Sess:NEW_YORK | RelStrengthRisk:1.15,0,0,-1.0,bull,0.5096,5,6.1361,0.0526,6.2742,-1,0.0,0.4149,1.158,0.0,-0.0001,2.288,1.0,0.391,1.75,14616,1,2,1.0,0.397,1,2.739,4
XRPUSDT,14616,14705,1784729700,1784810700,LONG,SL,1.1403,1.1575,1.1637,1.1266164,-1.3125,-1.3562499999999997,0.043749999999999956,15,3.02,65.32,0.24657534246575386,0.003097327072216836,1.3617517602157252,base,adaptive disabled,1.0,71.8,60,89,70,80,NEW_YORK,neutral,bullish,FVG,BOS bullish | Vol 3.0x | FVG | ChoCH | Engulfing | BullWick | Session:NEW_YORK | Zone:FVG | MTF 15,BOS+2 | 1hN+1 | 4h+2 | Vol+2 | RSI+1 | BTC+2 | FVG+1 | ChoCH+1 | Engulfing+1 | BullWick+1 | Zone:FVG+1 | Sess:NEW_YORK,0,0,-1.0,bull,0.5145,4,5.8643,0.0526,3.49,-1,0.0,1.3958,0.9651,0.783,0.1182,2.712,1.0,0.4443,1.3125,14615,0,1,0.863,7.807,0,2.626,3
XRPUSDT,14616,14705,1784729700,1784810700,LONG,SL,1.1403,1.1575,1.1637,1.1266164,-0.73828125,-0.7628906249999999,0.024609374999999975,13,3.48,69.62,0.5263157894736812,0.004782855656872137,2.1028008853265234,base,adaptive disabled,1.0,72.0,60,90,70,80,NEW_YORK,neutral,bullish,FVG,BOS bullish | Vol 3.5x | FVG | ChoCH | Engulfing | Session:NEW_YORK | Zone:FVG | MTF 13,BOS+2 | 1hN+1 | 4h+2 | Vol+2 | BTC+2 | FVG+1 | ChoCH+1 | Engulfing+1 | Zone:FVG+1 | Sess:NEW_YORK,0,0,-1.0,bull,0.5145,4,5.254,0.0526,3.49,-1,0.0,1.3958,0.9651,3.077,0.1049,1.479,1.0,0.5045,0.73828125,14616,1,2,1.579,6.189,0,2.353,3
SUIUSDT,14622,14624,1784735100,1784737800,LONG,TRAIL,0.7693,0.77350792,0.85345836,0.75246833,0.2946698896624079,0.2626760352201571,0.0319938544422509,15,2.71,65.74,0.38325991189427777,0.0041900092339554424,1.180961862021919,base,adaptive disabled,1.15,77.0,60,100,80,80,NEW_YORK,neutral,bullish,OB,BOS bullish | Vol 2.7x | FVG | OB | ChoCH | Session:NEW_YORK | Zone:OB | MTF 15 | Risk x1.15,BOS+2 | 1hN+1 | 4h+2 | Vol+2 | RSI+1 | BTCok+1 | FVG+1 | OB+1 | ChoCH+1 | Zone:OB+1 | Sess:NEW_YORK | NestedOB_1h+2 | QualityRisk:1.15,0,0,-1.0,bull,0.2789,0,3.4167,0.0526,2.6147,-1,0.0,0.0356,1.0456,4.833,0.0374,2.356,1.0,0.2828,1.75,14622,5,1,0.383,1.022,1,1.15,4
BTCUSDT,14658,14705,1784767500,1784810700,LONG,SL,66037.6,66235.7128,69999.856,65245.1488,-0.4921875,-0.50859375,0.016406249999999938,13,2.37,61.71,0.23196829590488063,0.002571771488273081,1.0439839355106646,base,adaptive disabled,1.15,71.4,60,87,70,80,OFF_HOURS,neutral,bullish,FVG,BOS bullish | Vol 2.4x | FVG | ChoCH | Zone:FVG | MTF 13 | Risk x1.15,BOS+2 | 1hN+1 | 4h+2 | Vol+2 | RSI+1 | BTC+2 | FVG+1 | ChoCH+1 | Zone:FVG+1 | Sess:OFF_HOURS | QualityRisk:1.15,0,0,-1.0,range,0.4743,0,3.407,0.1111,1.8468,-1,0.0,1.243,0.7536,0.965,0.2482,2.048,1.0,0.4971,0.4921875,14657,1,1,0.86,1.252,1,0.93,5
SOLUSDT,14658,14683,1784767500,1784790900,LONG,SL,78.22,78.50026308,83.82526167,77.09894767,-0.984375,-1.011848405278057,0.027473405278056973,15,2.62,60.72,0.2127659574468061,0.004005825089324508,1.0768762895314912,base,adaptive disabled,1.15,77.0,60,85,90,80,OFF_HOURS,neutral,bullish,FVG,BOS bullish | Vol 2.6x | FVG | LiqSweep | ChoCH | Zone:FVG | MTF 15 | Risk x1.15,BOS+2 | BodyStrong+1 | 1hN+1 | 4h+2 | Vol+2 | RSI+1 | BTC+2 | FVG+1 | LiqSweep+1 | ChoCH+1 | Zone:FVG+1 | Sess:OFF_HOURS | QualityRisk:1.15,0,0,-1.0,range,0.271,0,3.8071,0.1111,1.8706,-1,0.0,1.115,0.6066,1.026,0.1895,2.539,1.0,0.4384,0.984375,14657,0,1,0.996,0.605,1,0.605,5
SUIUSDT,14678,14680,1784785500,1784788200,LONG,TP1,0.766,0.7684831,0.81566209,0.75606758,0.0,-0.040488622108207056,0.040488622108207056,13,1.31,61.89,0.7582417582417604,0.0030876183660528953,0.9404885544232366,base,adaptive disabled,1.15,68.0,60,100,50,80,OFF_HOURS,neutral,bullish,FVG,BOS bullish | Vol 1.3x | FVG | MACD_Div | ChoCH | Engulfing | Zone:FVG | MTF 13 | Risk x1.15,BOS+2 | 1hN+1 | 4h+2 | Vol+1 | RSI+1 | BTCok+1 | FVG+1 | MACD_Div+1 | ChoCH+1 | Engulfing+1 | Zone:FVG+1 | Sess:OFF_HOURS | QualityRisk:1.15,0,0,-1.0,bull,0.2347,2,2.5489,0.0526,1.2571,-1,0.0,0.1712,1.4498,0.0,0.0516,1.38,1.0,0.3081,1.3125,14678,0,1,0.576,0.206,1,0.946,1
SUIUSDT,14690,14707,1784796300,1784812500,LONG,SL,0.7726,0.77665161,0.85363223,0.75639355,-1.5,-1.5286034264135577,0.028603426413557596,15,2.19,64.97,0.34763948497853914,0.0035380522682731865,1.0776907210575577,base,adaptive disabled,1.15,90.5,90,100,90,80,LONDON,bullish,bullish,FVG,BOS bullish | Vol 2.2x | FVG | ChoCH | Session:LONDON | StrongTrend1h | Zone:FVG | MTF 15 | Risk x1.15,BOS+2 | BodyStrong+1 | 1h+2 | 4h+2 | Vol+2 | RSI+1 | BTCok+1 | FVG+1 | ChoCH+1 | Zone:FVG+1 | Sess:LONDON | Strong1h+1 | QualityRisk:1.15,0,0,-1.0,range,0.1793,4,3.131,0.0526,2.2505,-1,0.0,1.0058,0.5677,1.976,0.3144,2.45,1.0,0.4717,1.5,14690,0,1,0.998,0.103,1,0.895,3
AVAXUSDT,14718,14727,1784821500,1784830500,SHORT,TRAIL,6.446,6.3975871,5.47774197,6.63965161,0.9759794922438254,0.9560075436501627,0.019971948593662622,14,1.32,36.6,0.14876033057851015,0.006856296211764292,2.635237614609114,base,adaptive disabled,1.15,72.2,65,67,80,80,NEW_YORK,bearish,neutral,OB,BOS bearish | Vol 1.3x | FVG | OB | ChoCH | Session:NEW_YORK | StrongTrend1h | Zone:OB | MTF 14 | Risk x1.15,BOS+2 | BodyStrong+1 | 1h+2 | 4hN+1 | Vol+1 | RSI+1 | BTCok+1 | FVG+1 | OB+1 | ChoCH+1 | Zone:OB+1 | Sess:NEW_YORK | Strong1h+1 | QualityRisk:1.15,0,0,-1.0,bear,0.2615,0,3.3383,0.1765,1.7719,-1,0.0,0.0052,5.4324,0.327,-0.1763,1.302,1.0,-0.2883,1.5,14718,5,2,0.582,1.531,0,1.011,0
AVAXUSDT,14752,14753,1784852100,1784853900,SHORT,TP1,6.262,6.24080982,5.83819632,6.34676074,0.0,-0.022163562989185762,0.022163562989185762,14,2.84,31.41,0.6619718309859264,0.004045506084435875,0.9103833513726922,base,adaptive disabled,1.25,84.5,90,100,70,80,OFF_HOURS,bearish,bearish,FVG,BOS bearish | Vol 2.8x | FVG | ChoCH | StrongTrend1h | Zone:FVG | MTF 14 | Risk x1.25,BOS+2 | 1h+2 | 4h+2 | Vol+2 | BTC+2 | FVG+1 | ChoCH+1 | Zone:FVG+1 | Sess:OFF_HOURS | Strong1h+1 | QualityRisk:1.15 | TrendPairRisk:1.25,0,0,-1.0,range,0.3407,6,3.0694,0.0526,2.9549,-1,0.0,0.1888,1.7933,0.0,0.1277,2.269,1.0,-0.2758,0.75,14752,0,1,0.808,2.867,0,1.252,5
AVAXUSDT,14754,14759,1784853900,1784859300,SHORT,TRAIL,6.262,6.24046612,5.83132234,6.34813553,0.17587842730881809,0.15952106583440692,0.01635736147441115,15,3.45,29.66,0.5957446808510625,0.005334209974422392,1.154764490343355,base,adaptive disabled,1.25,90.5,90,100,90,80,OFF_HOURS,bearish,bearish,FVG,BOS bearish | Vol 3.5x | FVG | ChoCH | StrongTrend1h | Zone:FVG | MTF 15 | Risk x1.25,BOS+2 | BodyStrong+1 | 1h+2 | 4h+2 | Vol+2 | BTC+2 | FVG+1 | ChoCH+1 | Zone:FVG+1 | Sess:OFF_HOURS | Strong1h+1 | QualityRisk:1.15 | TrendPairRisk:1.25,0,0,-1.0,range,0.3878,1,3.0227,0.0526,3.4954,-1,0.0,0.2554,1.8575,0.0,0.0547,2.196,1.0,-0.3584,0.5625,14754,2,3,1.416,2.066,0,1.569,0
BTCUSDT,14755,14779,1784854800,1784877300,SHORT,SL,64958.4,64763.5248,61060.896,65737.9008,-0.2109375,-0.21796875,0.007031249999999985,15,1.99,37.87,0.5227995758218452,0.002562053973404503,1.0937616873548186,base,adaptive disabled,1.25,78.5,90,100,50,80,OFF_HOURS,bearish,bearish,FVG,BOS bearish | Vol 2.0x | FVG | LiqSweep | ChoCH | StrongTrend1h | Zone:FVG | MTF 15 | Risk x1.25,BOS+2 | 1h+2 | 4h+2 | Vol+1 | RSI+1 | BTC+2 | FVG+1 | LiqSweep+1 | ChoCH+1 | Zone:FVG+1 | Sess:OFF_HOURS | Strong1h+1 | QualityRisk:1.15 | TrendPairRisk:1.25,0,1,-1.0,bull,0.5072,0,3.4619,0.1111,1.3674,-1,0.0,1.0153,0.3895,0.0,0.0858,1.688,-1.0,-0.2357,0.2109375,14754,1,2,1.254,1.592,0,0.967,8
SOLUSDT,14755,14758,1784854800,1784858400,SHORT,TP1,75.85,75.62245,71.299,76.7602,0.0,-0.018749999999999933,0.018749999999999933,16,2.31,35.79,0.3411764705882168,0.0031278258361651227,0.9469805501586036,base,adaptive disabled,1.25,84.5,90,100,70,80,OFF_HOURS,bearish,bearish,FVG,BOS bearish | Vol 2.3x | FVG | MACD_Div | ChoCH | StrongTrend1h | Zone:FVG | MTF 16 | Risk x1.25,BOS+2 | 1h+2 | 4h+2 | Vol+2 | RSI+1 | BTC+2 | FVG+1 | MACD_Div+1 | ChoCH+1 | Zone:FVG+1 | Sess:OFF_HOURS | Strong1h+1 | QualityRisk:1.15 | TrendPairRisk:1.25,0,0,-1.0,bear,0.5132,0,3.3515,0.1111,1.9923,-1,0.0,0.2527,1.0108,0.0,0.0247,1.748,-1.0,-0.0013,0.5625,14754,2,2,0.85,1.18,0,0.897,1
SUIUSDT,14756,14762,1784855700,1784862000,SHORT,TRAIL,0.7441,0.7418677,0.699454,0.7530292,0.20998521704071657,0.1849852170407165,0.025000000000000085,16,1.59,36.55,0.37878787878787945,0.0041327608061999515,1.100790360599034,base,adaptive disabled,1.25,78.5,90,100,50,80,OFF_HOURS,bearish,bearish,FVG,BOS bearish | Vol 1.6x | FVG | ChoCH | Engulfing | BearWick | StrongTrend1h | Zone:FVG | MTF 16 | Risk x1.25,BOS+2 | 1h+2 | 4h+2 | Vol+1 | RSI+1 | BTC+2 | FVG+1 | ChoCH+1 | Engulfing+1 | BearWick+1 | Zone:FVG+1 | Sess:OFF_HOURS | Strong1h+1 | QualityRisk:1.15 | TrendPairRisk:1.25,0,0,-1.0,range,0.542,0,3.5865,0.1765,3.5818,-1,0.0,0.0672,1.9263,0.0,-0.1196,1.442,1.0,-0.2311,0.75,14753,1,1,0.788,1.182,0,1.025,0
SUIUSDT,14756,14762,1784855700,1784862000,SHORT,TRAIL,0.7441,0.7418677,0.699454,0.7530292,0.1539234654727679,0.13517346547276782,0.018750000000000062,16,6.72,32.01,0.41428571428571587,0.0052224194185627225,1.3356787873345501,base,adaptive disabled,1.25,90.5,90,100,90,80,OFF_HOURS,bearish,bearish,FVG,BOS bearish | Vol 6.7x | FVG | ChoCH | StrongTrend1h | Zone:FVG | MTF 16 | Risk x1.25,BOS+2 | BodyStrong+1 | 1h+2 | 4h+2 | Vol+2 | RSI+1 | BTC+2 | FVG+1 | ChoCH+1 | Zone:FVG+1 | Sess:OFF_HOURS | Strong1h+1 | QualityRisk:1.15 | TrendPairRisk:1.25,0,0,-1.0,range,0.542,0,3.354,0.1765,3.5818,-1,0.0,0.0672,1.9263,0.0,-0.1027,3.644,1.0,-0.4024,0.5625,14754,2,2,1.659,0.184,1,0.958,0
ADAUSDT,14776,14788,1784873700,1784885400,SHORT,TP1,0.1668,0.1662996,0.156792,0.1688016,0.0,-0.01875000000000007,0.01875000000000007,15,2.06,37.55,0.3684210526315759,0.00300000311652486,0.8330008658550461,base,adaptive disabled,1.25,84.5,90,100,70,80,OFF_HOURS,bearish,bearish,FVG,BOS bearish | Vol 2.1x | FVG | ChoCH | StrongTrend1h | Zone:FVG | MTF 15 | Risk x1.25,BOS+2 | 1h+2 | 4h+2 | Vol+2 | RSI+1 | BTC+2 | FVG+1 | ChoCH+1 | Zone:FVG+1 | Sess:OFF_HOURS | Strong1h+1 | QualityRisk:1.15 | TrendPairRisk:1.25,0,0,-1.0,range,0.4,5,2.1207,-1.0,-1.0,-1,0.0,0.7994,1.9984,0.0,0.1687,2.531,1.0,-0.143,0.5625,14776,13,1,0.326,0.489,1,0.816,4
ADAUSDT,14806,14806,1784900700,1784901600,SHORT,TP1,0.1654,0.16451931,0.14778623,0.16892275,0.0,-0.014085586544602863,0.014085586544602863,14,6.01,31.15,0.562500000000007,0.0056580718197830416,1.5569127633533397,base,adaptive disabled,1.15,84.5,90,100,70,80,NEW_YORK,bearish,bearish,FVG,BOS bearish | Vol 6.0x | FVG | ChoCH | Session:NEW_YORK | StrongTrend1h | Zone:FVG | MTF 14 | Risk x1.15,BOS+2 | 1h+2 | 4h+2 | Vol+2 | BTC+2 | FVG+1 | ChoCH+1 | Zone:FVG+1 | Sess:NEW_YORK | Strong1h+1 | TrendPairRisk:1.15,0,0,-1.0,bear,0.375,0,3.5974,0.1765,3.1785,-1,0.0,0.0,2.0439,1.385,-0.1178,2.895,1.0,-0.5917,0.75,14804,0,1,0.969,1.937,0,1.245,0
ADAUSDT,14806,14806,1784900700,1784901600,SHORT,TP1,0.1654,0.16456793,0.14875864,0.16872827,0.0,-0.014908646233628784,0.014908646233628784,15,1.32,32.58,0.5,0.005868159550527441,1.614721903964856,base,adaptive disabled,1.15,78.5,90,100,50,80,NEW_YORK,bearish,bearish,FVG,BOS bearish | Vol 1.3x | FVG | ChoCH | BearWick | Session:NEW_YORK | StrongTrend1h | Zone:FVG | MTF 15 | Risk x1.15,BOS+2 | 1h+2 | 4h+2 | Vol+1 | RSI+1 | BTC+2 | FVG+1 | ChoCH+1 | BearWick+1 | Zone:FVG+1 | Sess:NEW_YORK | Strong1h+1 | TrendPairRisk:1.15,0,0,-1.0,bear,0.375,0,3.5701,0.1765,3.1785,-1,0.0,0.0,2.1633,1.231,-0.139,1.2,1.0,-0.4814,0.75,14805,1,2,0.824,2.06,0,1.236,0
ADAUSDT,14806,14806,1784900700,1784901600,SHORT,TP1,0.1654,0.16456487,0.14869731,0.16874054,0.0,-0.014853885898687028,0.014853885898687028,15,1.8,38.11,0.27272727272727887,0.0064738530692399114,1.7813885706315227,base,adaptive disabled,1.15,82.9,90,92,70,80,NEW_YORK,bearish,bearish,FVG,BOS bearish | Vol 1.8x | FVG | ChoCH | Session:NEW_YORK | StrongTrend1h | Zone:FVG | MTF 15 | Risk x1.15,BOS+2 | BodyStrong+1 | 1h+2 | 4h+2 | Vol+1 | RSI+1 | BTC+2 | FVG+1 | ChoCH+1 | Zone:FVG+1 | Sess:NEW_YORK | Strong1h+1 | TrendPairRisk:1.15,0,0,-1.0,bear,0.375,0,3.511,0.1765,3.1785,-1,0.0,0.0,2.1554,0.474,-0.0574,1.483,1.0,-0.3853,0.75,14806,2,3,0.27,2.566,0,1.215,0
AVAXUSDT,14806,14809,1784900700,1784904300,SHORT,TRAIL,6.203,6.17786778,5.70035559,6.30352888,0.06714488413678016,0.04863378563453875,0.0185110985022414,15,1.55,38.26,0.42446043165468217,0.007769245164931285,2.3104255264653815,base,adaptive disabled,1.15,82.5,90,90,70,80,NEW_YORK,bearish,bearish,FVG,BOS bearish | Vol 1.6x | FVG | ChoCH | Session:NEW_YORK | StrongTrend1h | Zone:FVG | MTF 15 | Risk x1.15,BOS+2 | BodyStrong+1 | 1h+2 | 4h+2 | Vol+1 | RSI+1 | BTC+2 | FVG+1 | ChoCH+1 | Zone:FVG+1 | Sess:NEW_YORK | Strong1h+1 | TrendPairRisk:1.15,0,0,-1.0,range,0.5033,0,4.9748,0.1765,5.5149,-1,0.0,0.0099,1.9099,0.0,-0.0214,1.652,1.0,-0.2821,0.75,14806,1,4,1.567,0.548,1,0.94,0
ETHUSDT,14810,14819,1784904300,1784913300,SHORT,TRAIL,1861.65,1853.11381585,1690.92631693,1895.79473661,0.11158381578741747,0.0952271220346112,0.016356693752806253,14,1.5,30.56,0.7070900629619539,0.006591749229312151,2.0898064501105393,base,adaptive disabled,1.25,79.5,90,90,60,80,NEW_YORK,bearish,bearish,OB,BOS bearish | Vol 1.5x | FVG | OB | ChoCH | Session:NEW_YORK | StrongTrend1h | Zone:OB | MTF 14 | Risk x1.25,BOS+2 | 1h+2 | 4h+2 | Vol+1 | BTC+2 | FVG+1 | OB+1 | ChoCH+1 | Zone:OB+1 | Sess:NEW_YORK | Strong1h+1 | QualityRisk:1.15 | TrendPairRisk:1.25,0,0,-1.0,bear,0.3578,1,2.8528,0.25,2.3855,-1,0.0,0.203,1.7279,0.0,-0.0726,1.368,1.0,-0.4936,0.75,14809,4,6,2.251,2.015,0,0.83,0
ADAUSDT,14820,14872,1784913300,1784961000,SHORT,TP1,0.1631,0.16204071,0.14191412,0.16733718,0.0,-0.008660831024407728,0.008660831024407728,13,1.56,30.61,0.15789473684210756,0.005108228752839728,1.2150286969409005,base,adaptive disabled,1.15,74.1,90,78,50,80,OFF_HOURS,bearish,bearish,FVG,BOS bearish | Vol 1.6x | FVG | ChoCH | StrongTrend1h | Zone:FVG | MTF 13 | Risk x1.15,BOS+2 | 1h+2 | 4h+2 | Vol+1 | BTC+2 | FVG+1 | ChoCH+1 | Zone:FVG+1 | Sess:OFF_HOURS | Strong1h+1 | TrendPairRisk:1.15,0,0,-1.0,range,0.1905,3,2.9862,0.0526,1.4984,-1,0.0,0.354,1.3216,0.222,-0.0077,1.631,1.0,-0.6008,0.5625,14820,0,1,0.358,2.986,0,0.956,2
BTCUSDT,14853,14883,1784943000,1784970900,SHORT,TRAIL,64074.9,63882.6753,60230.406,64843.7988,0.0475700605853474,0.04229662308534737,0.005273437500000032,16,2.48,32.94,0.7063593683311905,0.0016764572729618002,1.1840279847852093,base,adaptive disabled,1.25,84.5,90,100,70,80,OFF_HOURS,bearish,bearish,FVG,BOS bearish | Vol 2.5x | FVG | ChoCH | BearWick | StrongTrend1h | Zone:FVG | MTF 16 | Risk x1.25,BOS+2 | 1h+2 | 4h+2 | Vol+2 | RSI+1 | BTC+2 | FVG+1 | ChoCH+1 | BearWick+1 | Zone:FVG+1 | Sess:OFF_HOURS | Strong1h+1 | QualityRisk:1.15 | TrendPairRisk:1.25,0,0,-1.0,range,0.4498,0,2.252,0.0526,1.5544,-1,0.0,0.1225,1.5908,7.995,-0.121,1.286,1.0,-0.5722,0.158203125,14852,1,2,1.482,3.35,0,0.962,3
BTCUSDT,14853,14883,1784943000,1784970900,SHORT,TRAIL,64074.9,63882.6753,60230.406,64843.7988,0.06342674744712987,0.05639549744712982,0.007031250000000043,15,1.58,36.81,0.49146899708694775,0.0016601842450875504,1.180009579679319,base,adaptive disabled,1.25,78.5,90,100,50,80,OFF_HOURS,bearish,bearish,FVG,BOS bearish | Vol 1.6x | FVG | ChoCH | BearWick | StrongTrend1h | Zone:FVG | MTF 15 | Risk x1.25,BOS+2 | 1h+2 | 4h+2 | Vol+1 | RSI+1 | BTC+2 | FVG+1 | ChoCH+1 | BearWick+1 | Zone:FVG+1 | Sess:OFF_HOURS | Strong1h+1 | QualityRisk:1.15 | TrendPairRisk:1.25,0,0,-1.0,range,0.4498,0,2.2582,0.0526,1.5544,-1,0.0,0.1225,1.5908,1.687,-0.1103,1.641,1.0,-0.5026,0.2109375,14853,2,3,1.148,3.698,0,0.964,3
LINKUSDT,14874,14880,1784961900,1784968200,SHORT,TRAIL,8.298,8.273106,7.80012,8.397576,0.09179546276210994,0.06835796276211012,0.02343749999999982,16,1.98,32.1,0.6444444444444436,0.00180710159505644,1.0041461196650379,base,adaptive disabled,1.25,84.5,90,100,70,80,OFF_HOURS,bearish,bearish,FVG,BOS bearish | Vol 2.0x | FVG | ChoCH | Engulfing | StrongTrend1h | Zone:FVG | MTF 16 | Risk x1.25,BOS+2 | BodyStrong+1 | 1h+2 | 4h+2 | Vol+1 | RSI+1 | BTC+2 | FVG+1 | ChoCH+1 | Engulfing+1 | Zone:FVG+1 | Sess:OFF_HOURS | Strong1h+1 | QualityRisk:1.15 | TrendPairRisk:1.25,0,0,-1.0,range,0.1692,2,3.0281,0.0526,2.035,-1,0.0,0.1406,1.0846,0.0,-0.0789,2.556,1.0,-0.102,0.703125,14874,0,5,2.746,0.282,1,0.775,1
ADAUSDT,14875,14877,1784962800,1784965500,SHORT,TP1,0.162,0.16132487,0.14849736,0.16470053,0.0,-0.010123012890062297,0.010123012890062297,14,1.52,30.02,0.5862068965517406,0.005557464284191262,2.2702241614814316,base,adaptive disabled,1.15,76.5,90,90,50,80,OFF_HOURS,bearish,bearish,FVG,BOS bearish | Vol 1.5x | FVG | ChoCH | Engulfing | StrongTrend1h | Zone:FVG | MTF 14 | Risk x1.15,BOS+2 | 1h+2 | 4h+2 | Vol+1 | BTC+2 | FVG+1 | ChoCH+1 | Engulfing+1 | Zone:FVG+1 | Sess:OFF_HOURS | Strong1h+1 | TrendPairRisk:1.15,0,0,-1.0,bear,0.2414,0,3.5962,0.0526,1.4798,-1,0.0,0.037,1.0368,0.0,-0.249,0.951,1.0,-0.3161,0.421875,14875,1,6,2.597,3.197,0,1.598,2
SOLUSDT,14875,14880,1784962800,1784968200,SHORT,TRAIL,74.0,73.778,69.56,74.888,0.1963682432432435,0.1776182432432436,0.018749999999999892,17,2.94,36.69,0.3714285714285923,0.002029832408561128,1.0687067631088796,base,adaptive disabled,1.25,90.5,90,100,90,80,OFF_HOURS,bearish,bearish,FVG,BOS bearish | Vol 2.9x | FVG | MACD_Div | ChoCH | StrongTrend1h | Zone:FVG | MTF 17 | Risk x1.25,BOS+2 | BodyStrong+1 | 1h+2 | 4h+2 | Vol+2 | RSI+1 | BTC+2 | FVG+1 | MACD_Div+1 | ChoCH+1 | Zone:FVG+1 | Sess:OFF_HOURS | Strong1h+1 | QualityRisk:1.15 | TrendPairRisk:1.25,0,1,-1.0,bull,0.459,0,3.1866,0.1111,1.7049,-1,0.0,0.0113,2.2973,0.0,-0.061,2.077,1.0,-0.2596,0.5625,14873,2,2,1.133,2.054,0,1.416,2
SOLUSDT,14875,14880,1784962800,1784968200,SHORT,TRAIL,74.0,73.778,69.56,74.888,0.1963682432432435,0.1776182432432436,0.018749999999999892,17,2.84,36.69,0.7454545454545624,0.0022114349816276854,1.1640045985454617,base,adaptive disabled,1.25,84.5,90,100,70,80,OFF_HOURS,bearish,bearish,FVG,BOS bearish | Vol 2.8x | FVG | MACD_Div | ChoCH | Engulfing | StrongTrend1h | Zone:FVG | MTF 17 | Risk x1.25,BOS+2 | 1h+2 | 4h+2 | Vol+2 | RSI+1 | BTC+2 | FVG+1 | MACD_Div+1 | ChoCH+1 | Engulfing+1 | Zone:FVG+1 | Sess:OFF_HOURS | Strong1h+1 | QualityRisk:1.15 | TrendPairRisk:1.25,0,1,-1.0,bull,0.459,0,3.1099,0.1111,1.7049,-1,0.0,0.0113,2.2973,0.0,-0.0698,2.162,1.0,-0.27,0.5625,14874,3,3,1.106,2.004,0,1.382,2
ETHUSDT,15057,15057,1785126600,1785127500,LONG,TP1,1950.8,1956.6524,2067.848,1927.3904,0.0,-0.018750000000000034,0.018750000000000034,14,2.45,69.48,0.32934847579198506,0.004328913677880867,1.680207239278055,base,adaptive disabled,1.0,84.3,90,99,70,80,OFF_HOURS,bullish,bullish,FVG,BOS bullish | Vol 2.5x | FVG | ChoCH | StrongTrend1h | Zone:FVG | MTF 14,BOS+2 | 1h+2 | 4h+2 | Vol+2 | BTC+2 | FVG+1 | ChoCH+1 | Zone:FVG+1 | Sess:OFF_HOURS | Strong1h+1,0,0,-1.0,range,0.4307,6,3.3603,0.0526,2.5719,-1,0.0,0.0598,1.3516,0.0,-0.0974,1.289,1.0,0.1621,0.5625,15057,0,2,0.725,0.622,1,1.902,5
AVAXUSDT,15066,15074,1785134700,1785142800,LONG,SL,6.696,6.716088,7.09776,6.615648,-1.3125,-1.3562500000000002,0.043750000000000254,16,2.09,52.83,0.18811881188118776,0.005318566630254561,2.3830724214980936,base,adaptive disabled,1.15,68.4,60,72,70,80,OFF_HOURS,neutral,bullish,FVG,BOS bullish | Vol 2.1x | FVG | LiqSweep | ChoCH | Engulfing | BullWick | Zone:FVG | MTF 16 | Risk x1.15,BOS+2 | 1hN+1 | 4h+2 | Vol+2 | RSI+1 | BTC+2 | FVG+1 | LiqSweep+1 | ChoCH+1 | Engulfing+1 | BullWick+1 | Zone:FVG+1 | Sess:OFF_HOURS | QualityRisk:1.15,0,1,-1.0,bear,0.6528,1,3.4592,0.1765,2.099,-1,0.0,1.033,0.7467,0.0,0.0615,1.401,0.0,0.2066,1.3125,15065,1,1,0.144,0.721,1,0.528,0
SOLUSDT,15069,15087,1785137400,1785154500,LONG,TP1,76.49,76.71947,81.0794,75.57212,0.0,-0.018750000000000065,0.018750000000000065,16,1.38,59.86,0.25000000000000633,0.004780647802825247,1.92383332107632,base,adaptive disabled,1.15,80.5,90,80,70,80,OFF_HOURS,bullish,bullish,FVG,BOS bullish | Vol 1.4x | FVG | ChoCH | Engulfing | StrongTrend1h | Zone:FVG | MTF 16 | Risk x1.15,BOS+2 | BodyStrong+1 | 1h+2 | 4h+2 | Vol+1 | RSI+1 | BTC+2 | FVG+1 | ChoCH+1 | Engulfing+1 | Zone:FVG+1 | Sess:OFF_HOURS | Strong1h+1 | QualityRisk:1.15,0,0,-1.0,range,0.6438,0,1.9792,0.4286,2.03,-1,0.0,0.4358,1.0895,1.474,0.1051,1.133,1.0,0.2712,0.5625,15065,1,1,0.168,1.811,0,0.674,0
SOLUSDT,15095,15096,1785160800,1785162600,LONG,SL,76.75,76.9947922,81.64584403,75.77083119,-0.9375,-0.9668935526806658,0.029393552680665833,16,2.71,55.72,0.1526717557251944,0.008521315094167831,3.429156590004907,base,adaptive disabled,1.15,82.1,90,58,90,80,NEW_YORK,bullish,bullish,FVG,BOS bullish | Vol 2.7x | FVG | ChoCH | Session:NEW_YORK | StrongTrend1h | Zone:FVG | MTF 16 | Risk x1.15,BOS+2 | BodyStrong+1 | 1h+2 | 4h+2 | Vol+2 | RSI+1 | BTC+2 | FVG+1 | ChoCH+1 | Zone:FVG+1 | Sess:NEW_YORK | Strong1h+1 | QualityRisk:1.15,0,0,-1.0,range,0.5217,0,3.9791,0.1111,4.1551,-1,0.0,1.0213,0.817,1.905,-0.0589,1.254,-1.0,-0.0288,0.9375,15095,0,1,0.282,0.282,1,2.162,1
SOLUSDT,15096,15096,1785161700,1785162600,LONG,SL,76.75,76.99427133,81.6354266,75.77291468,-0.75,-0.7735649840691496,0.02356498406914965,15,1.5,56.07,0.12252964426877692,0.008732223641674438,3.514030629701625,base,adaptive disabled,1.15,69.3,90,54,50,80,NEW_YORK,bullish,bullish,FVG,BOS bullish | Vol 1.5x | FVG | ChoCH | BullWick | Session:NEW_YORK | StrongTrend1h | Zone:FVG | MTF 15 | Risk x1.15,BOS+2 | 1h+2 | 4h+2 | Vol+1 | RSI+1 | BTC+2 | FVG+1 | ChoCH+1 | BullWick+1 | Zone:FVG+1 | Sess:NEW_YORK | Strong1h+1 | QualityRisk:1.15,0,0,-1.0,range,0.5455,1,3.3429,0.1765,3.4192,-1,0.0,1.0235,0.8188,0.738,-0.0066,1.64,1.0,0.0795,0.75,15096,1,2,0.221,0.221,1,0.915,0
SUIUSDT,15163,15190,1785222000,1785247200,SHORT,TRAIL,0.6825,0.6737,0.64155,0.69069,0.494505494505489,0.46950549450548906,0.02499999999999991,15,2.32,34.77,0.5789473684210547,0.002839469737826343,0.8779124163424742,base,adaptive disabled,1.25,84.5,90,100,70,80,OFF_HOURS,bearish,bearish,FVG,BOS bearish | Vol 2.3x | FVG | ChoCH | Premium | StrongTrend1h | Zone:FVG | MTF 15 | Risk x1.25,BOS+2 | 1h+2 | 4h+2 | Vol+2 | RSI+1 | BTCok+1 | FVG+1 | ChoCH+1 | Premium+1 | Zone:FVG+1 | Sess:OFF_HOURS | Strong1h+1 | QualityRisk:1.15 | TrendPairRisk:1.25,0,0,-1.0,range,0.6571,0,1.5885,-1.0,-1.0,-1,0.0,0.4274,1.0341,0.0,0.1349,2.852,-1.0,-0.0255,0.75,15160,2,1,0.53,2.973,1,0.896,0
SOLUSDT,15181,15181,1785238200,1785239100,SHORT,TP1,73.29,73.07013,68.8926,74.16948,0.0,-0.02500000000000038,0.02500000000000038,16,2.56,39.94,0.2800000000000091,0.004064064416802899,1.485618747564416,base,adaptive disabled,1.25,83.1,90,93,70,80,OVERLAP,bearish,bearish,FVG,BOS bearish | Vol 2.6x | FVG | ChoCH | Engulfing | BearWick | Session:OVERLAP | StrongTrend1h | Zone:FVG | MTF 16 | Risk x1.25,BOS+2 | 1h+2 | 4h+2 | Vol+2 | RSI+1 | BTCok+1 | FVG+1 | ChoCH+1 | Engulfing+1 | BearWick+1 | Zone:FVG+1 | Sess:OVERLAP | Strong1h+1 | QualityRisk:1.15 | TrendPairRisk:1.25,0,0,-1.0,range,0.7344,0,2.2773,0.0526,2.562,-1,0.0,0.0341,1.319,3.0,-0.1139,1.202,1.0,-0.0434,0.75,15181,5,1,0.242,1.211,0,2.132,2
XRPUSDT,15187,15188,1785243600,1785245400,SHORT,TP1,1.0542,1.0510374,0.990948,1.0668504,0.0,-0.04374999999999979,0.04374999999999979,14,1.71,30.43,0.4901960784313879,0.004098044722645001,1.729538794908901,base,adaptive disabled,1.15,78.5,90,100,50,80,OVERLAP,bearish,bearish,FVG,BOS bearish | Vol 1.7x | FVG | ChoCH | BearWick | Session:OVERLAP | StrongTrend1h | Zone:FVG | MTF 14 | Risk x1.15,BOS+2 | 1h+2 | 4h+2 | Vol+1 | BTC+2 | FVG+1 | ChoCH+1 | BearWick+1 | Zone:FVG+1 | Sess:OVERLAP | Strong1h+1 | TrendPairRisk:1.15,0,0,-1.0,bear,0.5652,0,1.9993,0.4286,1.4401,-1,0.0,0.0711,1.0118,2.5,-0.2881,1.928,-1.0,0.0041,1.3125,15183,2,3,1.278,-1.0,0,0.951,0
SOLUSDT,15229,15240,1785281400,1785292200,SHORT,TRAIL,73.43,73.13592933,67.5485867,74.60628266,0.062166180363489795,0.048120449212441435,0.01404573115104836,16,2.08,35.75,0.5275590551181132,0.003764707074336513,1.1565493857966544,base,adaptive disabled,1.25,84.5,90,100,70,80,DEAD_ZONE,bearish,bearish,FVG,BOS bearish | Vol 2.1x | FVG | LiqSweep | ChoCH | StrongTrend1h | Zone:FVG | MTF 16 | Risk x1.25,BOS+2 | 1h+2 | 4h+2 | Vol+2 | RSI+1 | BTC+2 | FVG+1 | LiqSweep+1 | ChoCH+1 | Zone:FVG+1 | Sess:DEAD_ZONE | Strong1h+1 | QualityRisk:1.15 | TrendPairRisk:1.25,0,0,-1.0,range,0.25,7,4.3852,0.0526,1.1309,-1,0.0,0.6036,1.3942,0.0,-0.2347,2.224,1.0,-0.4318,0.5625,15228,0,3,2.355,2.436,0,1.178,6
SOLUSDT,15230,15235,1785282300,1785287700,SHORT,TP1,73.72,73.49811621,69.28232414,74.60753517,0.0,-0.018688836860402812,0.018688836860402812,17,2.17,36.16,0.527559055118108,0.0038020220886706107,1.1680128691585572,base,adaptive disabled,1.25,90.5,90,100,90,80,DEAD_ZONE,bearish,bearish,FVG,BOS bearish | Vol 2.2x | FVG | LiqSweep | ChoCH | StrongTrend1h | Zone:FVG | MTF 17 | Risk x1.25,BOS+2 | BodyStrong+1 | 1h+2 | 4h+2 | Vol+2 | RSI+1 | BTC+2 | FVG+1 | LiqSweep+1 | ChoCH+1 | Zone:FVG+1 | Sess:DEAD_ZONE | Strong1h+1 | QualityRisk:1.15 | TrendPairRisk:1.25,0,0,-1.0,range,0.4839,0,4.161,0.1111,1.2736,-1,0.0,0.4732,1.1267,0.0,-0.3562,1.532,1.0,-0.2682,0.5625,15227,0,2,2.262,0.081,1,1.454,7
LINKUSDT,15249,15287,1785299400,1785334500,SHORT,TRAIL,8.352,8.30364685,7.38493695,8.54541261,0.06786010488148377,0.03952172508297932,0.02833837979850445,14,1.39,35.62,0.5309734513274318,0.004307220321054707,1.2047295238133846,base,adaptive disabled,1.0,74.0,60,100,70,80,OFF_HOURS,neutral,bearish,FVG,BOS bearish | Vol 1.4x | FVG | LiqSweep | ChoCH | Zone:FVG | MTF 14,BOS+2 | BodyStrong+1 | 1hN+1 | 4h+2 | Vol+1 | RSI+1 | BTC+2 | FVG+1 | LiqSweep+1 | ChoCH+1 | Zone:FVG+1 | Sess:OFF_HOURS,0,0,-1.0,range,0.3026,0,4.4751,0.0526,0.6867,-1,0.0,0.6411,1.2616,0.0,-0.125,1.839,-1.0,0.1561,1.640625,15247,0,1,0.93,1.337,1,1.598,6
LINKUSDT,15249,15287,1785299400,1785334500,SHORT,TRAIL,8.352,8.30329707,7.37794146,8.54681171,0.06737274674095045,0.03923788770193269,0.028134859039017763,13,1.95,34.63,0.43915343915343585,0.004719860956251311,1.3201451094792527,base,adaptive disabled,1.0,68.0,60,100,50,80,OFF_HOURS,neutral,bearish,FVG,BOS bearish | Vol 1.9x | FVG | LiqSweep | ChoCH | Zone:FVG | MTF 13,BOS+2 | 1hN+1 | 4h+2 | Vol+1 | RSI+1 | BTC+2 | FVG+1 | LiqSweep+1 | ChoCH+1 | Zone:FVG+1 | Sess:OFF_HOURS,0,0,-1.0,range,0.3026,0,4.3003,0.0526,0.6867,-1,0.0,0.6365,1.2525,0.0,-0.1351,1.291,-1.0,0.115,1.640625,15248,1,2,1.089,1.089,1,1.536,6
XRPUSDT,15302,15388,1785347100,1785425400,SHORT,SL,1.078,1.0615,1.00660488,1.09227902,-1.75,-1.8028467639936072,0.0528467639936073,14,1.59,33.77,0.4062499999999924,0.003400212963350116,1.1343960500039854,base,adaptive disabled,1.15,74.0,60,100,70,80,NEW_YORK,neutral,bearish,FVG,BOS bearish | Vol 1.6x | FVG | ChoCH | BearWick | Session:NEW_YORK | Zone:FVG | MTF 14 | Risk x1.15,BOS+2 | BodyStrong+1 | 1hN+1 | 4h+2 | Vol+1 | RSI+1 | BTC+2 | FVG+1 | ChoCH+1 | BearWick+1 | Zone:FVG+1 | Sess:NEW_YORK | QualityRisk:1.15,0,0,-1.0,bear,0.9692,0,2.3104,0.5385,0.9006,-1,0.0,1.1555,0.9879,0.491,-0.1351,1.363,1.0,-0.451,1.75,15297,15,3,0.272,0.68,1,0.87,1
ETHUSDT,15312,15316,1785356100,1785360600,SHORT,TRAIL,1889.0,1874.04726364,1589.94527288,1948.81094542,0.06081662770011316,0.05134177328976133,0.00947485441035183,15,1.43,38.49,0.20684157124220803,0.006972890480378927,1.7347817526712277,base,adaptive disabled,1.15,75.3,90,84,50,80,DEAD_ZONE,bearish,bearish,FVG,BOS bearish | Vol 1.4x | FVG | LiqSweep | ChoCH | StrongTrend1h | Zone:FVG | MTF 15 | Risk x1.15,BOS+2 | 1h+2 | 4h+2 | Vol+1 | RSI+1 | BTC+2 | FVG+1 | LiqSweep+1 | ChoCH+1 | Zone:FVG+1 | Sess:DEAD_ZONE | Strong1h+1 | TrendPairRisk:1.15,0,1,-1.0,bull,0.1834,6,4.0595,0.0526,1.3733,-1,0.0,0.0351,1.1369,0.0,-0.069,1.628,1.0,-0.0474,0.75,15312,0,1,0.475,0.059,1,0.875,5
LINKUSDT,15312,15316,1785356100,1785360600,SHORT,TRAIL,8.238,8.17566696,6.99133925,8.48733215,0.16042856887890278,0.14390843699859776,0.016520131880304996,16,2.74,36.0,0.2035398230088518,0.005622075928552001,1.2918281133761833,base,adaptive disabled,1.15,81.3,90,84,70,80,DEAD_ZONE,bearish,bearish,FVG,BOS bearish | Vol 2.7x | FVG | LiqSweep | ChoCH | StrongTrend1h | Zone:FVG | MTF 16 | Risk x1.15,BOS+2 | 1h+2 | 4h+2 | Vol+2 | RSI+1 | BTC+2 | FVG+1 | LiqSweep+1 | ChoCH+1 | Zone:FVG+1 | Sess:DEAD_ZONE | Strong1h+1 | TrendPairRisk:1.15,0,0,-1.0,range,0.1755,6,5.1762,0.0526,2.6833,-1,0.0,0.0321,1.2674,0.0,0.122,3.013,1.0,-0.024,1.25,15312,0,1,0.211,0.824,1,0.908,5
SOLUSDT,15312,15316,1785356100,1785360600,SHORT,TRAIL,72.95,72.45487272,63.04745447,74.93050911,0.10887352090998649,0.09506078464845018,0.013812736261536309,16,2.92,39.78,0.15463917525772825,0.007358752256363452,1.744499042970587,base,adaptive disabled,1.25,80.1,90,78,70,80,DEAD_ZONE,bearish,bearish,FVG,BOS bearish | Vol 2.9x | FVG | LiqSweep | ChoCH | StrongTrend1h | Zone:FVG | MTF 16 | Risk x1.25,BOS+2 | 1h+2 | 4h+2 | Vol+2 | RSI+1 | BTC+2 | FVG+1 | LiqSweep+1 | ChoCH+1 | Zone:FVG+1 | Sess:DEAD_ZONE | Strong1h+1 | QualityRisk:1.15 | TrendPairRisk:1.25,0,0,-1.0,range,0.2654,0,4.9012,0.0526,2.8032,-1,0.0,0.1111,1.3734,0.0,0.029,2.243,-1.0,0.1487,0.9375,15312,0,1,0.116,0.279,1,1.301,4
LINKUSDT,15313,15316,1785357000,1785360600,SHORT,TRAIL,8.238,8.17533361,6.98467216,8.48866557,0.11968137466984374,0.1073571851132166,0.01232418955662715,15,1.8,33.94,0.4158730158730149,0.006529991430603715,1.5004469198501356,base,adaptive disabled,1.15,78.5,90,100,50,80,DEAD_ZONE,bearish,bearish,FVG,BOS bearish | Vol 1.8x | FVG | LiqSweep | ChoCH | StrongTrend1h | Zone:FVG | MTF 15 | Risk x1.15,BOS+2 | 1h+2 | 4h+2 | Vol+1 | RSI+1 | BTC+2 | FVG+1 | LiqSweep+1 | ChoCH+1 | Zone:FVG+1 | Sess:DEAD_ZONE | Strong1h+1 | TrendPairRisk:1.15,0,0,-1.0,range,0.2377,7,4.8905,0.0526,1.7629,-1,0.0,0.0319,1.2606,0.0,0.0967,1.33,1.0,-0.0814,0.9375,15313,1,2,0.596,0.411,1,1.356,6
LINKUSDT,15318,15375,1785361500,1785413700,SHORT,SL,8.238,8.17536532,6.98530639,8.48853872,-1.25,-1.266440572539047,0.016440572539047075,16,2.48,37.16,0.733333333333336,0.005848312802305005,1.3436498663457694,base,adaptive disabled,1.15,84.5,90,100,70,80,DEAD_ZONE,bearish,bearish,FVG,BOS bearish | Vol 2.5x | FVG | ChoCH | Engulfing | StrongTrend1h | Zone:FVG | MTF 16 | Risk x1.15,BOS+2 | 1h+2 | 4h+2 | Vol+2 | RSI+1 | BTC+2 | FVG+1 | ChoCH+1 | Engulfing+1 | Zone:FVG+1 | Sess:DEAD_ZONE | Strong1h+1 | TrendPairRisk:1.15,0,0,-1.0,range,0.2811,1,1.7924,0.1765,0.9059,-1,0.0,1.0497,0.2714,0.0,0.1272,2.358,1.0,-0.0308,1.25,15316,4,5,0.597,0.412,1,0.309,0
ADAUSDT,15377,15379,1785414600,1785417300,LONG,TRAIL,0.165,0.16580141,0.18102823,0.16179435,0.28544745351965495,0.25842485279905225,0.027022600720602655,17,1.84,61.81,0.30232558139534793,0.00804958715397286,1.888203159267558,base,adaptive disabled,1.0,81.7,90,86,70,80,OVERLAP,bullish,bullish,FVG,BOS bullish | Vol 1.8x | FVG | ChoCH | Session:OVERLAP | StrongTrend1h | Zone:FVG | MTF 17,BOS+2 | BodyStrong+1 | 1h+2 | 4h+2 | Vol+1 | RSI+1 | BTC+2 | FVG+1 | ChoCH+1 | Zone:FVG+1 | Sess:OVERLAP | Strong1h+1 | NestedOB_1h+2,0,0,-1.0,range,0.4286,0,3.4755,0.1111,3.6366,-1,0.0,0.0,1.3726,1.857,0.131,1.348,1.0,0.26,1.3125,15377,0,1,0.124,1.614,0,1.365,3
BTCUSDT,15418,15427,1785451500,1785460500,LONG,TP1,64869.5,65064.1085,68761.67,64091.066,0.0,-0.009374999999999986,0.009374999999999986,14,1.45,56.19,0.20053610319985818,0.0029107415092986706,1.707047070095985,base,adaptive disabled,1.15,81.3,90,84,70,80,DEAD_ZONE,bullish,bullish,FVG,BOS bullish | Vol 1.4x | FVG | ChoCH | StrongTrend1h | Zone:FVG | MTF 14 | Risk x1.15,BOS+2 | BodyStrong+1 | 1h+2 | 4h+2 | Vol+1 | RSI+1 | BTCok+1 | FVG+1 | ChoCH+1 | Zone:FVG+1 | Sess:DEAD_ZONE | Strong1h+1 | QualityRisk:1.15,0,0,-1.0,range,0.3521,0,2.9009,0.0526,1.5166,-1,0.0,0.26,2.6787,0.0,-0.033,1.152,1.0,-0.1756,0.28125,15418,1,1,0.199,2.195,0,1.26,2
BTCUSDT,15429,15433,1785461400,1785465900,LONG,SL,65000.4,65195.4012,68900.424,64220.3952,-0.28125,-0.29062499999999997,0.00937499999999997,14,1.88,64.74,0.36041825509204006,0.005232822809466526,2.739365806054114,base,adaptive disabled,1.0,76.5,90,90,50,80,OFF_HOURS,bullish,bullish,FVG,BOS bullish | Vol 1.9x | FVG | ChoCH | BullWick | StrongTrend1h | Zone:FVG | MTF 14,BOS+2 | 1h+2 | 4h+2 | Vol+1 | RSI+1 | BTCok+1 | FVG+1 | ChoCH+1 | BullWick+1 | Zone:FVG+1 | Sess:OFF_HOURS | Strong1h+1,0,0,-1.0,range,0.5183,0,4.2661,0.1111,7.5513,-1,0.0,1.0685,0.8415,5.628,0.1338,1.506,1.0,0.1771,0.28125,15429,0,1,0.567,0.008,1,1.249,1
SUIUSDT,15437,15451,1785468600,1785482100,SHORT,TP1,0.6885,0.68555431,0.62958629,0.70028274,0.0,-0.03067728728631877,0.03067728728631877,15,1.43,39.15,0.2409638554216845,0.0044598799978210375,1.2519775131667434,base,adaptive disabled,1.15,71.6,60,88,70,80,OFF_HOURS,neutral,bearish,FVG,BOS bearish | Vol 1.4x | FVG | ChoCH | Zone:FVG | MTF 15 | Risk x1.15,BOS+2 | BodyStrong+1 | 1hN+1 | 4h+2 | Vol+1 | RSI+1 | BTC+2 | FVG+1 | ChoCH+1 | Zone:FVG+1 | Sess:OFF_HOURS | NestedOB_1h+2 | QualityRisk:1.15,0,0,-1.0,bear,0.2913,0,2.8749,0.1111,1.2732,-1,0.0,0.2376,1.7653,1.0,-0.0467,0.865,1.0,-0.2805,1.3125,15437,3,4,0.216,1.941,0,1.653,1
LINKUSDT,15454,15464,1785483900,1785493800,SHORT,TRAIL,8.277,8.24153791,7.56775823,8.41884835,0.620380850394082,0.5737000113148822,0.046680839079199704,17,2.08,33.62,0.39555555555556426,0.0056426808968737694,1.915351603657376,base,adaptive disabled,1.0,79.8,65,90,90,80,LONDON,bearish,neutral,FVG,BOS bearish | Vol 2.1x | FVG | ChoCH | Session:LONDON | StrongTrend1h | Zone:FVG | MTF 17,BOS+2 | BodyStrong+1 | 1h+2 | 4hN+1 | Vol+2 | RSI+1 | BTC+2 | FVG+1 | ChoCH+1 | Zone:FVG+1 | Sess:LONDON | Strong1h+1 | NestedOB_1h+2,0,1,-1.0,bull,0.2411,0,4.7239,0.0526,2.1646,-1,0.0,0.3454,1.9175,3.0,-0.2851,1.553,1.0,-0.3089,2.0,15454,1,2,2.211,0.067,1,1.34,2
ADAUSDT,15460,15467,1785489300,1785496500,LONG,TP1,0.1697,0.17050002,0.18570047,0.16649991,0.0,-0.02982923917764823,0.02982923917764823,16,2.55,57.39,0.35483870967741704,0.0066819854805671396,1.2680923563878346,base,adaptive disabled,1.25,90.5,90,100,90,80,LONDON,bullish,bullish,FVG,BOS bullish | Vol 2.5x | FVG | LiqSweep | ChoCH | Session:LONDON | StrongTrend1h | Zone:FVG | MTF 16 | Risk x1.25,BOS+2 | BodyStrong+1 | 1h+2 | 4h+2 | Vol+2 | RSI+1 | BTCok+1 | FVG+1 | LiqSweep+1 | ChoCH+1 | Zone:FVG+1 | Sess:LONDON | Strong1h+1 | QualityRisk:1.15 | RelStrengthRisk:1.25,0,0,-1.0,range,0.4773,1,3.2219,0.1111,1.2104,-1,0.0,0.4687,1.875,0.0,-0.0811,2.298,1.0,0.086,1.40625,15456,0,1,0.667,0.778,1,1.0,0
ADAUSDT,15460,15467,1785489300,1785496500,LONG,TP1,0.1697,0.17050857,0.18587133,0.16646573,0.0,-0.011805600645586233,0.011805600645586233,15,1.93,63.84,0.45161290322580516,0.0064436403602700565,1.2199959089270747,base,adaptive disabled,1.15,84.5,90,100,70,80,LONDON,bullish,bullish,FVG,BOS bullish | Vol 1.9x | FVG | LiqSweep | ChoCH | Session:LONDON | StrongTrend1h | Zone:FVG | MTF 15 | Risk x1.15,BOS+2 | BodyStrong+1 | 1h+2 | 4h+2 | Vol+1 | RSI+1 | BTCok+1 | FVG+1 | LiqSweep+1 | ChoCH+1 | Zone:FVG+1 | Sess:LONDON | Strong1h+1 | RelStrengthRisk:1.15,0,0,-1.0,range,0.4773,1,3.104,0.1111,1.2104,-1,0.0,0.4638,1.8551,0.0,0.0129,1.643,1.0,0.143,0.5625,15458,2,3,1.82,1.927,0,0.963,0
ADAUSDT,15460,15467,1785489300,1785496500,LONG,TP1,0.1697,0.17051867,0.18607337,0.16642533,0.0,-0.015546604696045803,0.015546604696045803,14,1.41,58.5,0.1929824561403478,0.007414275547502065,1.4012980793016803,base,adaptive disabled,1.25,81.1,90,83,70,80,LONDON,bullish,bullish,FVG,BOS bullish | Vol 1.4x | FVG | ChoCH | Session:LONDON | StrongTrend1h | Zone:FVG | MTF 14 | Risk x1.25,BOS+2 | BodyStrong+1 | 1h+2 | 4h+2 | Vol+1 | RSI+1 | BTCok+1 | FVG+1 | ChoCH+1 | Zone:FVG+1 | Sess:LONDON | Strong1h+1 | QualityRisk:1.15 | RelStrengthRisk:1.25,0,0,-1.0,range,0.4773,1,2.9754,0.1111,1.2104,-1,0.0,0.4581,1.8322,0.0,0.0012,0.918,1.0,0.0893,0.75,15459,3,4,1.129,0.205,1,0.923,0
ETHUSDT,15474,15480,1785501900,1785508200,SHORT,TRAIL,1879.0,1855.75,1766.26,1901.548,1.1991085683874436,1.1407752350541103,0.058333333333333334,14,1.59,32.5,0.24549918166938933,0.003797565155773803,1.4977073719048608,base,adaptive disabled,1.15,76.3,90,89,50,80,OVERLAP,bearish,bearish,FVG,BOS bearish | Vol 1.6x | FVG | ChoCH | Session:OVERLAP | StrongTrend1h | Zone:FVG | MTF 14 | Risk x1.15,BOS+2 | 1h+2 | 4h+2 | Vol+1 | RSI+1 | BTC+2 | FVG+1 | ChoCH+1 | Zone:FVG+1 | Sess:OVERLAP | Strong1h+1 | TrendPairRisk:1.15,0,0,-1.0,bear,0.3358,1,2.746,0.0526,1.6487,-1,0.0,0.4737,1.3523,1.481,0.0934,1.377,1.0,-0.2449,1.75,15474,1,2,0.088,0.884,1,1.151,0
SUIUSDT,15503,15594,1785528000,1785610800,SHORT,TRAIL,0.6799,0.6766566,0.6150321,0.69287358,0.641688724315106,0.6259667724714362,0.015721951843669934,15,2.23,29.29,0.5555555555555606,0.004023213657704877,1.2004919711674853,base,adaptive disabled,1.25,90.5,90,100,90,80,DEAD_ZONE,bearish,bearish,FVG,BOS bearish | Vol 2.2x | FVG | ChoCH | StrongTrend1h | Zone:FVG | MTF 15 | Risk x1.25,BOS+2 | BodyStrong+1 | 1h+2 | 4h+2 | Vol+2 | BTC+2 | FVG+1 | ChoCH+1 | Zone:FVG+1 | Sess:DEAD_ZONE | Strong1h+1 | QualityRisk:1.15 | TrendPairRisk:1.25,0,0,-1.0,range,0.3838,0,2.9142,0.1111,1.8555,-1,0.0,0.7554,5.4264,1.279,-0.2044,1.512,1.0,-0.2367,0.75,15502,0,4,1.826,0.117,1,0.738,3
SOLUSDT,15513,15560,1785537000,1785580200,SHORT,TRAIL,72.86,72.64142,68.4884,73.73432,0.0643357123250034,0.045585712325003344,0.01875000000000006,16,1.3,37.11,0.3164556962025462,0.004123808113353708,1.6733496922209978,base,adaptive disabled,1.25,83.9,90,97,70,80,DEAD_ZONE,bearish,bearish,FVG,BOS bearish | Vol 1.3x | FVG | ChoCH | Engulfing | StrongTrend1h | Zone:FVG | MTF 16 | Risk x1.25,BOS+2 | BodyStrong+1 | 1h+2 | 4h+2 | Vol+1 | RSI+1 | BTC+2 | FVG+1 | ChoCH+1 | Engulfing+1 | Zone:FVG+1 | Sess:DEAD_ZONE | Strong1h+1 | QualityRisk:1.15 | TrendPairRisk:1.25,0,0,-1.0,bear,0.3814,0,2.6587,0.1765,3.2186,-1,0.0,0.366,1.1437,1.087,-0.2778,1.164,1.0,-0.2285,0.5625,15512,0,1,0.373,0.233,1,0.28,0
ADAUSDT,15557,15574,1785576600,1785592800,LONG,TRAIL,0.1721,0.1762,0.19021018,0.16847796,0.9550902253978423,0.939054027564577,0.01603619783326526,15,3.33,68.53,0.6249999999999971,0.005594697520330588,1.3587122557366589,base,adaptive disabled,1.15,90.5,90,100,90,80,LONDON,bullish,bullish,FVG,BOS bullish | Vol 3.3x | FVG | ChoCH | Session:LONDON | StrongTrend1h | Zone:FVG | MTF 15 | Risk x1.15,BOS+2 | BodyStrong+1 | 1h+2 | 4h+2 | Vol+2 | BTC+2 | FVG+1 | ChoCH+1 | Zone:FVG+1 | Sess:LONDON | Strong1h+1 | RelStrengthRisk:1.15,0,0,-1.0,bull,0.4043,0,3.5278,0.0526,2.8976,-1,0.0,0.2761,1.122,0.0,-0.0004,2.739,1.0,0.4503,0.84375,15556,2,2,0.852,0.243,1,1.946,1
ADAUSDT,15557,15574,1785576600,1785592800,LONG,TRAIL,0.1721,0.1762,0.19048802,0.1684224,1.2542147052425463,1.2331561344354982,0.021058570807048056,16,2.99,62.61,0.49999999999999467,0.005987661055947335,1.4541462572997201,base,adaptive disabled,1.15,84.5,90,100,70,80,LONDON,bullish,bullish,FVG,BOS bullish | Vol 3.0x | FVG | ChoCH | Engulfing | Session:LONDON | StrongTrend1h | Zone:FVG | MTF 16 | Risk x1.15,BOS+2 | 1h+2 | 4h+2 | Vol+2 | RSI+1 | BTC+2 | FVG+1 | ChoCH+1 | Engulfing+1 | Zone:FVG+1 | Sess:LONDON | Strong1h+1 | RelStrengthRisk:1.15,0,0,-1.0,bull,0.4043,0,3.3045,0.0526,2.8976,-1,0.0,0.2719,1.122,0.0,-0.1145,1.639,1.0,0.2846,1.125,15557,3,3,0.228,0.342,1,1.823,1
SOLUSDT,15583,15586,1785600000,1785603600,SHORT,TP1,72.82,72.60154,68.4508,73.69384,0.0,-0.024999999999999963,0.024999999999999963,16,3.33,39.69,0.2203389830508385,0.0017861736619838614,1.4513653322339273,base,adaptive disabled,1.25,81.7,90,86,70,80,NEW_YORK,bearish,bearish,FVG,BOS bearish | Vol 3.3x | FVG | ChoCH | BearWick | Session:NEW_YORK | StrongTrend1h | Zone:FVG | MTF 16 | Risk x1.25,BOS+2 | 1h+2 | 4h+2 | Vol+2 | RSI+1 | BTC+2 | FVG+1 | ChoCH+1 | BearWick+1 | Zone:FVG+1 | Sess:NEW_YORK | Strong1h+1 | QualityRisk:1.15 | TrendPairRisk:1.25,0,0,-1.0,range,0.4242,4,3.0813,0.1111,3.8062,-1,0.0,0.0915,1.7852,0.0,-0.0056,3.722,1.0,-0.2485,0.75,15583,1,2,0.696,0.099,1,0.895,3
ETHUSDT,15664,15669,1785672900,1785678300,SHORT,TRAIL,1858.73,1852.69899939,1738.10998784,1882.85400243,0.30840653500962395,0.24676734373882458,0.06163919127079938,13,1.63,33.57,0.4578983994432946,0.004736790203603655,2.565101576827675,base,adaptive disabled,1.0,72.0,60,90,70,80,OVERLAP,neutral,bearish,FVG,BOS bearish | Vol 1.6x | FVG | ChoCH | Session:OVERLAP | Zone:FVG | MTF 13,BOS+2 | BodyStrong+1 | 1hN+1 | 4h+2 | Vol+1 | RSI+1 | BTC+2 | FVG+1 | ChoCH+1 | Zone:FVG+1 | Sess:OVERLAP,0,0,-1.0,range,0.3448,0,4.3289,0.1111,2.9766,-1,0.0,0.0427,1.1988,1.711,-0.1836,1.559,1.0,-0.3403,2.0,15664,1,3,1.732,0.131,1,1.046,5
ADAUSDT,15669,15672,1785677400,1785681000,LONG,TP1,0.1886,0.18985449,0.2136898,0.18358204,0.0,-0.019732122216996596,0.019732122216996596,14,1.46,64.88,0.26190476190476136,0.007752810515858379,0.8967417501844723,base,adaptive disabled,1.25,82.7,90,91,70,80,OVERLAP,bullish,bullish,FVG,BOS bullish | Vol 1.5x | FVG | ChoCH | Session:OVERLAP | StrongTrend1h | Zone:FVG | MTF 14 | Risk x1.25,BOS+2 | BodyStrong+1 | 1h+2 | 4h+2 | Vol+1 | RSI+1 | BTCok+1 | FVG+1 | ChoCH+1 | Zone:FVG+1 | Sess:OVERLAP | Strong1h+1 | QualityRisk:1.15 | RelStrengthRisk:1.25,0,0,-1.0,bull,0.4615,0,2.3057,0.0526,1.6407,-1,0.0,0.4384,2.79,3.0,-0.0761,1.474,1.0,0.3108,1.3125,15666,2,2,0.264,-1.0,0,0.791,1
ADAUSDT,15669,15672,1785677400,1785681000,LONG,TP1,0.1886,0.18985953,0.21379053,0.18356189,0.0,-0.019653203284565105,0.019653203284565105,14,1.46,63.01,0.2,0.00828414235016666,0.9288594615302015,base,adaptive disabled,1.15,75.3,90,84,50,80,OVERLAP,bullish,bullish,FVG,BOS bullish | Vol 1.5x | FVG | ChoCH | Session:OVERLAP | StrongTrend1h | Zone:FVG | MTF 14 | Risk x1.15,BOS+2 | 1h+2 | 4h+2 | Vol+1 | RSI+1 | BTC+2 | FVG+1 | ChoCH+1 | Zone:FVG+1 | Sess:OVERLAP | Strong1h+1 | QualityRisk:1.15,0,0,-1.0,bull,0.4615,0,2.2755,0.0526,1.6407,-1,0.0,0.4367,2.7788,1.214,-0.0922,1.248,1.0,0.2769,1.3125,15667,3,3,0.065,-1.0,0,0.78,1
ADAUSDT,15670,15672,1785678300,1785681000,LONG,TP1,0.1886,0.18990961,0.21479227,0.18336155,0.0,-0.016876413824700124,0.016876413824700124,16,3.93,56.24,0.21649484536082633,0.013183796057194998,1.443237910330799,base,adaptive disabled,1.15,87.5,90,85,90,80,NEW_YORK,bullish,bullish,FVG,BOS bullish | Vol 3.9x | FVG | ChoCH | Session:NEW_YORK | StrongTrend1h | Zone:FVG | MTF 16 | Risk x1.15,BOS+2 | BodyStrong+1 | 1h+2 | 4h+2 | Vol+2 | RSI+1 | BTC+2 | FVG+1 | ChoCH+1 | Zone:FVG+1 | Sess:NEW_YORK | Strong1h+1 | QualityRisk:1.15,0,0,-1.0,bull,0.5,0,2.3009,0.0526,3.8467,-1,0.0,0.42,1.2217,2.1,-0.1552,1.708,1.0,0.0806,1.171875,15670,6,6,0.23,-1.0,0,2.301,0
ADAUSDT,15756,15758,1785755700,1785758400,LONG,TRAIL,0.1862,0.18768925,0.21598495,0.18024301,0.3098604470808882,0.288322147117316,0.021538299963572222,13,1.7,57.38,0.5185185185185137,0.008381732908133538,1.5405625093531163,base,adaptive disabled,1.15,74.0,60,100,70,80,OVERLAP,neutral,bullish,FVG,BOS bullish | Vol 1.7x | FVG | ChoCH | BullWick | Session:OVERLAP | Zone:FVG | MTF 13 | Risk x1.15,BOS+2 | BodyStrong+1 | 1hN+1 | 4h+2 | Vol+1 | RSI+1 | BTCok+1 | FVG+1 | ChoCH+1 | BullWick+1 | Zone:FVG+1 | Sess:OVERLAP | QualityRisk:1.15,0,1,-1.0,bear,0.3286,0,2.148,0.1765,1.2882,-1,0.0,0.0,1.2087,0.0,0.0253,1.337,1.0,0.1419,1.72265625,15756,5,6,0.875,3.5,0,1.273,3
ADAUSDT,15768,15772,1785766500,1785771000,LONG,TP1,0.1924,0.1940835,0.22607,0.185666,0.0,-0.007533482142857153,0.007533482142857153,16,3.27,68.66,0.43103448275862316,0.017265280457152872,2.8754539831608756,base,adaptive disabled,1.15,88.5,90,90,90,80,NEW_YORK,bullish,bullish,FVG,BOS bullish | Vol 3.3x | FVG | ChoCH | Engulfing | Session:NEW_YORK | StrongTrend1h | Zone:FVG | MTF 16 | Risk x1.15,BOS+2 | BodyStrong+1 | 1h+2 | 4h+2 | Vol+2 | BTC+2 | FVG+1 | ChoCH+1 | Engulfing+1 | Zone:FVG+1 | Sess:NEW_YORK | Strong1h+1 | RelStrengthRisk:1.15,0,0,-1.0,range,0.2941,0,4.1185,0.0526,3.1595,-1,0.0,0.4752,1.1286,1.471,0.063,1.679,1.0,0.3277,0.6591796875,15768,0,6,2.282,-1.0,0,1.948,2
ETHUSDT,15812,15857,1785806100,1785847500,SHORT,SL,1855.97,1849.88764268,1734.32285359,1880.29942928,-1.3125,-1.3525496139381696,0.040049613938169804,15,1.3,33.67,0.3551054154609395,0.003605000704239265,1.2716007227914143,base,adaptive disabled,1.0,68.0,60,100,50,80,OFF_HOURS,neutral,bearish,FVG,BOS bearish | Vol 1.3x | FVG | ChoCH | BearWick | Zone:FVG | MTF 15,BOS+2 | 1hN+1 | 4h+2 | Vol+1 | RSI+1 | BTC+2 | FVG+1 | ChoCH+1 | BearWick+1 | Zone:FVG+1 | Sess:OFF_HOURS | NestedOB_1h+2,0,0,-1.0,range,0.3143,0,2.8402,0.1765,1.9851,-1,0.0,1.0543,0.9092,0.851,-0.0812,1.015,1.0,-0.4948,1.3125,15811,1,1,0.913,0.345,1,1.0,4
SOLUSDT,15819,15826,1785812400,1785819600,LONG,TRAIL,73.56,73.78068,77.9736,72.67728,0.22115059647399704,0.19302559647399722,0.028124999999999806,18,2.02,58.29,0.2096774193548437,0.004303739245285946,1.5865734727767935,base,adaptive disabled,1.15,72.8,65,85,70,80,OFF_HOURS,bullish,neutral,FVG,BOS bullish | Vol 2.0x | FVG | LiqSweep | ChoCH | BullWick | StrongTrend1h | Zone:FVG | MTF 18 | Risk x1.15,BOS+2 | 1h+2 | 4hN+1 | Vol+2 | RSI+1 | BTC+2 | FVG+1 | LiqSweep+1 | ChoCH+1 | BullWick+1 | Zone:FVG+1 | Sess:OFF_HOURS | Strong1h+1 | NestedOB_1h+2 | QualityRisk:1.15,0,1,-1.0,bear,0.4865,0,4.3264,0.1111,1.5956,-1,0.0,0.2039,2.311,0.0,0.0884,2.192,1.0,-0.0573,0.84375,15815,0,1,0.598,0.23,1,0.69,1
SOLUSDT,15819,15826,1785812400,1785819600,LONG,TRAIL,73.56,73.78068,77.9736,72.67728,0.16428716293510387,0.14319341293510401,0.021093749999999856,18,2.45,64.03,0.3185185185185249,0.003159930141158071,1.2843360507079538,base,adaptive disabled,1.15,81.3,65,98,90,80,OFF_HOURS,bullish,neutral,FVG,BOS bullish | Vol 2.5x | FVG | MACD_Div | ChoCH | StrongTrend1h | Zone:FVG | MTF 18 | Risk x1.15,BOS+2 | BodyStrong+1 | 1h+2 | 4hN+1 | Vol+2 | RSI+1 | BTC+2 | FVG+1 | MACD_Div+1 | ChoCH+1 | Zone:FVG+1 | Sess:OFF_HOURS | Strong1h+1 | NestedOB_1h+2 | QualityRisk:1.15,0,1,-1.0,bear,0.4865,0,4.2406,0.1111,1.5956,-1,0.0,0.2039,2.311,0.0,0.0855,1.393,1.0,0.0413,0.6328125,15818,3,4,1.489,1.489,0,0.677,1
ADAUSDT,15820,15820,1785813300,1785814200,LONG,TP1,0.1936,0.19465149,0.21462971,0.18939406,0.0,-0.016182470505998692,0.016182470505998692,15,3.53,55.4,0.24675324675324442,0.013538843627715881,2.02145349961042,base,adaptive disabled,1.25,80.3,90,79,70,80,OFF_HOURS,bullish,bullish,FVG,BOS bullish | Vol 3.5x | FVG | LiqSweep | ChoCH | StrongTrend1h | Zone:FVG | MTF 15 | Risk x1.25,BOS+2 | 1h+2 | 4h+2 | Vol+2 | RSI+1 | BTCok+1 | FVG+1 | LiqSweep+1 | ChoCH+1 | Zone:FVG+1 | Sess:OFF_HOURS | Strong1h+1 | QualityRisk:1.15 | RelStrengthRisk:1.25,0,0,-1.0,range,0.5873,0,3.7361,0.0526,3.4357,-1,0.0,0.0476,1.807,0.0,-0.1702,1.532,-1.0,-0.0975,0.87890625,15820,0,1,0.623,1.308,0,2.304,3
BTCUSDT,15827,15881,1785819600,1785869100,LONG,TRAIL,64007.5,64222.35088059,68304.51761171,63148.09647766,0.1504823227904313,0.1379139944740775,0.0125683283163538,14,7.07,64.23,0.3991357743916333,0.0028738974808316833,1.3506599685538725,base,adaptive disabled,1.0,75.8,65,100,70,80,OFF_HOURS,bullish,neutral,FVG,BOS bullish | Vol 7.1x | FVG | ChoCH | StrongTrend1h | Zone:FVG | MTF 14,BOS+2 | 1h+2 | 4hN+1 | Vol+2 | RSI+1 | BTC+2 | FVG+1 | ChoCH+1 | Zone:FVG+1 | Sess:OFF_HOURS | Strong1h+1,0,0,-1.0,bull,0.2535,0,3.5719,0.0526,6.8808,-1,0.0,0.6714,1.771,2.212,-0.1512,4.326,-1.0,-0.0541,0.421875,15827,0,1,0.37,0.249,1,1.633,3
ADAUSDT,15831,15942,1785823200,1785924000,LONG,TP1,0.1962,0.19791675,0.230535,0.189333,0.0,-0.008035714285714273,0.008035714285714273,15,1.38,56.41,0.3109243697479015,0.013107142254700587,1.956997163806236,base,adaptive disabled,1.25,81.9,90,87,70,80,OFF_HOURS,bullish,bullish,FVG,BOS bullish | Vol 1.4x | FVG | ChoCH | Engulfing | StrongTrend1h | Zone:FVG | MTF 15 | Risk x1.25,BOS+2 | BodyStrong+1 | 1h+2 | 4h+2 | Vol+1 | RSI+1 | BTCok+1 | FVG+1 | ChoCH+1 | Engulfing+1 | Zone:FVG+1 | Sess:OFF_HOURS | Strong1h+1 | QualityRisk:1.15 | RelStrengthRisk:1.25,0,0,-1.0,bull,0.3735,0,0.9283,0.5385,1.2787,-1,0.0,0.9611,1.631,0.0,-0.1347,1.804,1.0,0.0071,0.703125,15826,3,2,0.874,0.273,1,0.491,0
SOLUSDT,15855,15858,1785844800,1785848400,LONG,TRAIL,73.75,73.97125,78.175,72.865,0.1610169491525395,0.13601694915253965,0.02499999999999986,19,3.06,65.41,0.6538461538461475,0.0030260172198218,1.2359599222310715,base,adaptive disabled,1.15,90.5,90,100,90,80,OVERLAP,bullish,bullish,FVG,BOS bullish | Vol 3.1x | FVG | MACD_Div | ChoCH | Session:OVERLAP | StrongTrend1h | Zone:FVG | MTF 19 | Risk x1.15,BOS+2 | BodyStrong+1 | 1h+2 | 4h+2 | Vol+2 | RSI+1 | BTC+2 | FVG+1 | MACD_Div+1 | ChoCH+1 | Zone:FVG+1 | Sess:OVERLAP | Strong1h+1 | NestedOB_1h+2 | QualityRisk:1.15,0,0,-1.0,range,0.2688,3,4.7763,0.0526,3.0269,-1,0.0,0.0452,1.4011,0.0,0.2832,2.381,1.0,0.5399,0.75,15855,0,1,0.873,1.027,1,1.284,2
SOLUSDT,15856,15858,1785845700,1785848400,LONG,TRAIL,73.75,73.97125,78.175,72.865,0.2817796610169441,0.2380296610169444,0.043749999999999754,18,1.41,58.96,0.4529914529914478,0.002754058143187977,1.1248797482635988,base,adaptive disabled,1.15,84.5,90,100,70,80,OVERLAP,bullish,bullish,FVG,BOS bullish | Vol 1.4x | FVG | MACD_Div | ChoCH | Session:OVERLAP | StrongTrend1h | Zone:FVG | MTF 18 | Risk x1.15,BOS+2 | BodyStrong+1 | 1h+2 | 4h+2 | Vol+1 | RSI+1 | BTC+2 | FVG+1 | MACD_Div+1 | ChoCH+1 | Zone:FVG+1 | Sess:OVERLAP | Strong1h+1 | NestedOB_1h+2 | QualityRisk:1.15,0,0,-1.0,range,0.2688,0,3.6934,0.1111,2.2717,-1,0.0,0.0452,1.4011,0.0,0.2286,1.699,1.0,0.4913,1.3125,15856,1,2,0.156,1.769,0,0.832,3
SOLUSDT,15859,15861,1785848400,1785851100,LONG,TP1,73.75,73.97125,78.175,72.865,0.0,-0.043749999999999754,0.043749999999999754,18,2.21,63.76,0.6229508196721286,0.0026624959030856683,1.087481659972873,base,adaptive disabled,1.15,84.5,90,100,70,80,OVERLAP,bullish,bullish,FVG,BOS bullish | Vol 2.2x | FVG | MACD_Div | ChoCH | Session:OVERLAP | StrongTrend1h | Zone:FVG | MTF 18 | Risk x1.15,BOS+2 | 1h+2 | 4h+2 | Vol+2 | RSI+1 | BTC+2 | FVG+1 | MACD_Div+1 | ChoCH+1 | Zone:FVG+1 | Sess:OVERLAP | Strong1h+1 | NestedOB_1h+2 | QualityRisk:1.15,0,0,-1.0,range,0.3131,0,2.199,0.1111,1.4777,-1,0.0,0.0904,1.2203,0.0,0.129,1.728,1.0,0.4598,1.3125,15858,3,4,1.023,0.869,1,0.869,2
SUIUSDT,15859,15861,1785848400,1785851100,LONG,TP1,0.6934,0.6954802,0.735004,0.6850792,0.0,-0.05833333333333322,0.05833333333333322,15,2.64,56.8,0.4883720930232444,0.0025937727205031904,1.1261836932455576,base,adaptive disabled,1.15,74.0,60,100,70,80,OVERLAP,neutral,bullish,FVG,BOS bullish | Vol 2.6x | FVG | LiqSweep | ChoCH | Engulfing | BullWick | Session:OVERLAP | Zone:FVG | MTF 15 | Risk x1.15,BOS+2 | 1hN+1 | 4h+2 | Vol+2 | RSI+1 | BTCok+1 | FVG+1 | LiqSweep+1 | ChoCH+1 | Engulfing+1 | BullWick+1 | Zone:FVG+1 | Sess:OVERLAP | QualityRisk:1.15,0,0,-1.0,bull,0.3281,0,2.4889,0.1111,2.8016,-1,0.0,0.0961,1.2499,0.0,0.0273,3.11,1.0,0.0974,1.75,15859,3,1,0.121,1.093,1,0.85,1
BTCUSDT,15862,15863,1785851100,1785852900,LONG,TP1,63693.0,63884.079,67514.58,62928.684,0.0,-0.009375000000000014,0.009375000000000014,15,5.28,63.58,0.5817277019267671,0.0025100817890840368,1.3849560517343449,base,adaptive disabled,1.0,84.5,90,100,70,80,OVERLAP,bullish,bullish,FVG,BOS bullish | Vol 5.3x | FVG | ChoCH | Session:OVERLAP | StrongTrend1h | Zone:FVG | MTF 15,BOS+2 | 1h+2 | 4h+2 | Vol+2 | RSI+1 | BTC+2 | FVG+1 | ChoCH+1 | Zone:FVG+1 | Sess:OVERLAP | Strong1h+1,0,1,-1.0,bear,0.6079,1,2.5806,0.3333,2.8959,-1,0.0,0.1463,1.5957,0.0,0.0063,2.216,1.0,0.4034,0.28125,15858,6,5,1.46,0.841,1,2.198,0
SUIUSDT,15887,15957,1785873600,1785937500,LONG,SL,0.6963,0.69969089,0.76411773,0.68273645,-1.3125,-1.3394514618223108,0.026951461822310573,13,1.67,65.08,0.5121951219512182,0.003104784359312746,1.1296512778438765,base,adaptive disabled,1.15,74.0,60,100,70,80,DEAD_ZONE,neutral,bullish,FVG,BOS bullish | Vol 1.7x | FVG | ChoCH | Zone:FVG | MTF 13 | Risk x1.15,BOS+2 | BodyStrong+1 | 1hN+1 | 4h+2 | Vol+1 | RSI+1 | BTC+2 | FVG+1 | ChoCH+1 | Zone:FVG+1 | Sess:DEAD_ZONE | QualityRisk:1.15,0,0,-1.0,bull,0.314,0,1.7671,0.25,1.0885,-1,0.0,1.0174,0.7078,2.423,0.2607,1.079,1.0,0.0432,1.3125,15884,3,3,1.104,0.044,1,0.442,1
ADAUSDT,15944,15945,1785924900,1785926700,LONG,TP1,0.1945,0.19594274,0.22335479,0.18872904,0.0,-0.012638711756796055,0.012638711756796055,15,1.86,60.2,0.24675324675324892,0.012756867463061745,2.7186302007676635,base,adaptive disabled,1.15,80.3,90,79,70,80,LONDON,bullish,bullish,FVG,BOS bullish | Vol 1.9x | FVG | ChoCH | Session:LONDON | StrongTrend1h | Zone:FVG | MTF 15 | Risk x1.15,BOS+2 | BodyStrong+1 | 1h+2 | 4h+2 | Vol+1 | RSI+1 | BTC+2 | FVG+1 | ChoCH+1 | Zone:FVG+1 | Sess:LONDON | Strong1h+1 | RelStrengthRisk:1.15,0,0,-1.0,range,0.5056,0,4.2306,0.1111,2.9452,-1,0.0,0.104,1.2476,0.731,0.0346,1.217,1.0,0.287,0.9375,15944,3,3,0.219,0.875,1,1.532,1
XRPUSDT,15952,15955,1785932100,1785935700,SHORT,TP1,1.063,1.059811,0.99922,1.075756,0.0,-0.06666666666666672,0.06666666666666672,13,1.87,31.84,0.5421686746987907,0.0021353741553443487,1.1379408874897712,base,adaptive disabled,1.15,69.8,65,100,50,80,OVERLAP,bearish,neutral,FVG,BOS bearish | Vol 1.9x | FVG | ChoCH | Engulfing | Session:OVERLAP | StrongTrend1h | Zone:FVG | MTF 13 | Risk x1.15,BOS+2 | 1h+2 | 4hN+1 | Vol+1 | BTC+2 | FVG+1 | ChoCH+1 | Engulfing+1 | Zone:FVG+1 | Sess:OVERLAP | Strong1h+1 | QualityRisk:1.15,0,0,-1.0,bear,0.4557,0,1.9856,0.3333,1.451,-1,0.0,0.4077,1.0034,1.286,-0.2367,1.345,1.0,-0.441,2.0,15948,3,4,1.092,2.085,0,1.34,0
BTCUSDT,15954,15964,1785933900,1785943800,LONG,TRAIL,64371.9,64565.0157,68234.214,63599.4372,0.23806137290688917,0.20935043540688922,0.028710937499999957,15,2.12,64.14,0.39954105048445526,0.003921254666688063,2.6581024297426024,base,adaptive disabled,1.0,72.0,60,90,70,80,OVERLAP,neutral,bullish,FVG,BOS bullish | Vol 2.1x | FVG | ChoCH | Engulfing | BullWick | Session:OVERLAP | Zone:FVG | MTF 15,BOS+2 | 1hN+1 | 4h+2 | Vol+2 | RSI+1 | BTC+2 | FVG+1 | ChoCH+1 | Engulfing+1 | BullWick+1 | Zone:FVG+1 | Sess:OVERLAP,0,1,-1.0,bear,0.3501,0,4.4829,0.1111,5.8013,-1,0.0,0.6886,1.8025,2.298,0.2067,1.892,1.0,0.2593,0.861328125,15954,0,1,1.728,0.507,1,1.12,2
SOLUSDT,15954,15969,1785933900,1785948300,LONG,TRAIL,74.06,74.28218,78.5036,73.17128,0.5436351971127767,0.47696853044611054,0.0666666666666662,16,1.38,55.98,0.14035087719297765,0.004677342990990437,2.1559627849126244,base,adaptive disabled,1.15,67.2,60,66,70,80,OVERLAP,neutral,bullish,FVG,BOS bullish | Vol 1.4x | FVG | LiqSweep | ChoCH | Session:OVERLAP | Zone:FVG | MTF 16 | Risk x1.15,BOS+2 | BodyStrong+1 | 1hN+1 | 4h+2 | Vol+1 | RSI+1 | BTC+2 | FVG+1 | LiqSweep+1 | ChoCH+1 | Zone:FVG+1 | Sess:OVERLAP | NestedOB_1h+2 | QualityRisk:1.15,0,0,-1.0,range,0.4286,0,3.4542,0.1111,3.6387,-1,0.0,0.9677,1.5303,0.552,0.0493,1.179,1.0,0.2121,2.0,15954,0,1,0.051,0.762,1,1.168,2
BTCUSDT,15958,15964,1785937500,1785943800,LONG,TRAIL,64371.9,64565.0157,68234.214,63599.4372,0.3174151638758522,0.2791339138758523,0.03828124999999994,14,1.46,55.82,0.13943760167325264,0.0036954635393457546,2.4864516676438986,base,adaptive disabled,1.15,67.2,60,66,70,80,OVERLAP,neutral,bullish,FVG,BOS bullish | Vol 1.5x | FVG | ChoCH | Engulfing | Session:OVERLAP | Zone:FVG | MTF 14 | Risk x1.15,BOS+2 | BodyStrong+1 | 1hN+1 | 4h+2 | Vol+1 | RSI+1 | BTC+2 | FVG+1 | ChoCH+1 | Engulfing+1 | Zone:FVG+1 | Sess:OVERLAP | QualityRisk:1.15,0,1,-1.0,bear,0.2815,1,5.7086,0.4286,6.3382,-1,0.0,0.4814,1.8025,3.243,0.0781,1.305,1.0,0.1196,1.1484375,15955,1,2,0.672,1.541,0,3.352,0
BTCUSDT,16021,16141,1785994200,1786103100,LONG,TRAIL,64860.0,65054.58,68751.6,64081.68,0.05192674606845476,0.044895496068454756,0.007031250000000003,17,1.76,65.81,0.5029546946815484,0.002561493790919798,1.5769159627148936,base,adaptive disabled,1.0,78.5,90,100,50,80,OFF_HOURS,bullish,bullish,FVG,BOS bullish | Vol 1.8x | FVG | ChoCH | Engulfing | StrongTrend1h | Zone:FVG | MTF 17,BOS+2 | 1h+2 | 4h+2 | Vol+1 | RSI+1 | BTC+2 | FVG+1 | ChoCH+1 | Engulfing+1 | Zone:FVG+1 | Sess:OFF_HOURS | Strong1h+1 | NestedOB_1h+2,0,0,-1.0,range,0.2098,0,4.564,0.0526,1.796,-1,0.0,0.9622,1.6857,0.0,0.0021,1.638,-1.0,-0.0993,0.2109375,16021,0,4,2.046,1.426,1,1.074,2
ETHUSDT,16021,16035,1785994200,1786007700,LONG,TRAIL,1910.06,1915.79018,2024.6636,1887.13928,0.17211501209386176,0.1471150120938616,0.025000000000000168,16,1.92,59.54,0.5028248587570688,0.003811684345971478,1.5740698886441782,base,adaptive disabled,1.15,78.5,90,100,50,80,OFF_HOURS,bullish,bullish,FVG,BOS bullish | Vol 1.9x | FVG | LiqSweep | MACD_Div | ChoCH | StrongTrend1h | Zone:FVG | MTF 16 | Risk x1.15,BOS+2 | 1h+2 | 4h+2 | Vol+1 | RSI+1 | BTC+2 | FVG+1 | LiqSweep+1 | MACD_Div+1 | ChoCH+1 | Zone:FVG+1 | Sess:OFF_HOURS | Strong1h+1 | QualityRisk:1.15,0,1,-1.0,bear,0.3259,0,4.223,0.0526,1.8913,-1,0.0,0.2147,1.9406,0.0,-0.0186,1.341,-1.0,-0.0143,0.75,16021,0,1,0.128,3.112,0,1.434,2
LINKUSDT,16043,16061,1786014000,1786031100,SHORT,SL,8.116,8.08134784,7.42295688,8.25460862,-1.23046875,-1.2592879803624404,0.028819230362440416,13,1.46,36.97,0.4432989690721646,0.005809593844158721,2.372347646291102,base,adaptive disabled,1.0,72.0,60,90,70,80,LONDON,neutral,bearish,FVG,BOS bearish | Vol 1.5x | FVG | ChoCH | Session:LONDON | Zone:FVG | MTF 13,BOS+2 | BodyStrong+1 | 1hN+1 | 4h+2 | Vol+1 | RSI+1 | BTC+2 | FVG+1 | ChoCH+1 | Zone:FVG+1 | Sess:LONDON,0,1,-1.0,bull,0.3893,0,1.7562,0.4286,0.9431,-1,0.0,1.0894,0.8657,10.0,-0.0751,1.082,1.0,-0.0666,1.23046875,16039,2,3,2.297,0.169,1,0.439,1
BTCUSDT,16062,16133,1786031100,1786095900,LONG,TRAIL,64646.1,64840.0383,68524.866,63870.3468,0.10882305694368673,0.08694805694368671,0.021875000000000023,17,1.55,59.06,0.24015460148334117,0.004202964400542276,2.7642267060362027,base,adaptive disabled,1.15,63.6,60,78,50,80,NEW_YORK,neutral,bullish,FVG,BOS bullish | Vol 1.6x | FVG | LiqSweep | ChoCH | Engulfing | BullWick | Session:NEW_YORK | Zone:FVG | MTF 17 | Risk x1.15,BOS+2 | 1hN+1 | 4h+2 | Vol+1 | RSI+1 | BTC+2 | FVG+1 | LiqSweep+1 | ChoCH+1 | Engulfing+1 | BullWick+1 | Zone:FVG+1 | Sess:NEW_YORK | NestedOB_1h+2 | QualityRisk:1.15,0,1,-1.0,bear,0.3827,0,3.9638,0.1765,1.1531,-1,0.0,0.6897,1.4891,0.0,0.0003,1.441,-1.0,-0.1487,0.65625,16059,0,1,0.681,1.448,0,1.059,0
BTCUSDT,16062,16133,1786031100,1786095900,LONG,TRAIL,64646.1,64840.0383,68524.866,63870.3468,0.10680849781326279,0.08493349781326276,0.021875000000000023,17,2.02,61.55,0.30750988142293145,0.004497188780884038,2.9577336721201215,base,adaptive disabled,1.0,71.2,60,86,70,80,NEW_YORK,neutral,bullish,FVG,BOS bullish | Vol 2.0x | FVG | LiqSweep | ChoCH | Engulfing | Session:NEW_YORK | Zone:FVG | MTF 17,BOS+2 | 1hN+1 | 4h+2 | Vol+2 | RSI+1 | BTC+2 | FVG+1 | LiqSweep+1 | ChoCH+1 | Engulfing+1 | Zone:FVG+1 | Sess:NEW_YORK | NestedOB_1h+2,0,1,-1.0,bear,0.3827,0,3.849,0.1765,1.1531,-1,0.0,0.6897,1.4891,0.0,0.0023,1.465,-1.0,-0.0163,0.65625,16060,1,2,1.075,0.992,1,1.028,0
SOLUSDT,16081,16088,1786048200,1786055400,SHORT,TRAIL,72.94,72.72118,68.5636,73.81528,0.13934958633333186,0.11122458633333199,0.028124999999999883,15,2.45,28.56,0.8750000000000222,0.0028889352570466674,1.1140646646531618,base,adaptive disabled,1.15,81.8,65,100,90,80,DEAD_ZONE,bearish,neutral,FVG,BOS bearish | Vol 2.5x | FVG | ChoCH | Engulfing | StrongTrend1h | Zone:FVG | MTF 15 | Risk x1.15,BOS+2 | BodyStrong+1 | 1h+2 | 4hN+1 | Vol+2 | BTC+2 | FVG+1 | ChoCH+1 | Engulfing+1 | Zone:FVG+1 | Sess:DEAD_ZONE | Strong1h+1 | QualityRisk:1.15,0,0,-1.0,range,0.4,1,2.039,0.3333,1.2731,-1,0.0,0.0114,1.5081,0.0,-0.1155,2.154,1.0,-0.2716,0.84375,16077,2,5,2.276,0.379,1,0.569,0
SUIUSDT,16095,16115,1786060800,1786079700,SHORT,TRAIL,0.6726,0.67051553,0.63091057,0.68093789,0.09594753588737873,0.06368037956845418,0.032267156318924545,19,2.05,35.87,0.30120481927710296,0.002182425896873216,0.8162272855518682,base,adaptive disabled,1.25,89.7,90,96,90,80,DEAD_ZONE,bearish,bearish,FVG,BOS bearish | Vol 2.0x | FVG | ChoCH | Engulfing | StrongTrend1h | Zone:FVG | MTF 19 | Risk x1.25,BOS+2 | BodyStrong+1 | 1h+2 | 4h+2 | Vol+2 | RSI+1 | BTC+2 | FVG+1 | ChoCH+1 | Engulfing+1 | Zone:FVG+1 | Sess:DEAD_ZONE | Strong1h+1 | NestedOB_1h+2 | QualityRisk:1.15 | TrendPairRisk:1.25,0,0,-1.0,range,0.3437,0,2.0132,0.0526,1.1837,-1,0.0,0.7076,1.0554,0.658,-0.1105,1.882,1.0,-0.1149,1.0,16093,0,1,0.762,2.122,0,0.871,3
SUIUSDT,16096,16118,1786061700,1786082400,SHORT,TRAIL,0.6716,0.6695852,0.631304,0.6796592,0.12097974985109819,0.09597974985109832,0.024999999999999863,18,4.39,38.82,0.5128205128205113,0.0025807984235265416,0.9670825205148385,base,adaptive disabled,1.25,84.5,90,100,70,80,OFF_HOURS,bearish,bearish,FVG,BOS bearish | Vol 4.4x | FVG | ChoCH | BearWick | StrongTrend1h | Zone:FVG | MTF 18 | Risk x1.25,BOS+2 | 1h+2 | 4h+2 | Vol+2 | RSI+1 | BTC+2 | FVG+1 | ChoCH+1 | BearWick+1 | Zone:FVG+1 | Sess:OFF_HOURS | Strong1h+1 | NestedOB_1h+2 | QualityRisk:1.15 | TrendPairRisk:1.25,0,0,-1.0,range,0.1905,1,2.0275,0.1111,2.7529,-1,0.0,0.8562,1.2905,4.0,-0.1886,3.081,1.0,-0.242,0.75,16096,2,4,0.548,2.356,0,1.425,0
XRPUSDT,16113,16117,1786077000,1786081500,SHORT,TRAIL,1.0226,1.017707,0.92473994,1.04217201,0.15272429893972173,0.1409684802987135,0.011755818641008206,14,1.68,28.76,0.7756097560975637,0.004606138428766735,1.5377073098035967,base,adaptive disabled,1.15,84.5,90,100,70,80,OFF_HOURS,bearish,bearish,FVG,BOS bearish | Vol 1.7x | FVG | ChoCH | StrongTrend1h | Zone:FVG | MTF 14 | Risk x1.15,BOS+2 | BodyStrong+1 | 1h+2 | 4h+2 | Vol+1 | BTC+2 | FVG+1 | ChoCH+1 | Zone:FVG+1 | Sess:OFF_HOURS | Strong1h+1 | TrendPairRisk:1.15,0,0,-1.0,range,0.2488,0,3.7514,0.1111,1.6754,-1,0.0,0.0255,1.635,0.0,-0.078,2.302,1.0,-0.4749,0.5625,16113,1,5,2.24,-1.0,0,0.728,5
XRPUSDT,16119,16145,1786082400,1786106700,SHORT,SL,1.0214,1.01619183,0.9172367,1.04223266,-0.75,-0.7647086353830956,0.01470863538309562,15,1.95,28.21,0.5876288659793781,0.003899195119756973,1.3005702432962891,base,adaptive disabled,1.25,81.5,90,100,60,80,OFF_HOURS,bearish,bearish,OB,BOS bearish | Vol 1.9x | FVG | OB | ChoCH | Engulfing | StrongTrend1h | Zone:OB | MTF 15 | Risk x1.25,BOS+2 | 1h+2 | 4h+2 | Vol+1 | BTC+2 | FVG+1 | OB+1 | ChoCH+1 | Engulfing+1 | Zone:OB+1 | Sess:OFF_HOURS | Strong1h+1 | QualityRisk:1.15 | TrendPairRisk:1.25,0,0,-1.0,range,0.2833,0,2.3399,0.1111,1.1209,-1,0.0,1.0368,0.2496,1.9,-0.1604,1.725,1.0,-0.4528,0.75,16118,4,1,0.083,-1.0,0,1.074,0
ETHUSDT,16148,16339,1786108500,1786281300,LONG,EXPIRED,1927.13,1935.23478381,2089.22567617,1894.71086477,-0.1334281426482087,-0.1468030907127934,0.013374948064584691,14,5.84,69.85,0.46486486486486955,0.008753162790054043,4.717805964868478,base,adaptive disabled,1.0,80.5,90,80,70,80,OVERLAP,bullish,bullish,FVG,BOS bullish | Vol 5.8x | FVG | ChoCH | Session:OVERLAP | StrongTrend1h | Zone:FVG | MTF 14,BOS+2 | 1h+2 | 4h+2 | Vol+2 | BTC+2 | FVG+1 | ChoCH+1 | Zone:FVG+1 | Sess:OVERLAP | Strong1h+1,0,0,-1.0,bull,0.4209,0,4.6875,0.1765,2.3919,-1,0.0,0.753,0.8464,1.181,0.1252,1.658,1.0,0.0456,0.5625,16146,1,2,1.689,-1.0,0,0.874,1
BTCUSDT,16150,16152,1786110300,1786113000,LONG,TP1,64973.6,65184.58466045,69193.29320899,64129.6613582,0.0,-0.006495907674410275,0.006495907674410275,15,4.46,71.68,0.4834211341803467,0.004316417916276991,2.8834972887793198,base,adaptive disabled,1.0,82.5,90,90,70,80,OVERLAP,bullish,bullish,FVG,BOS bullish | Vol 4.5x | FVG | ChoCH | BullWick | Session:OVERLAP | StrongTrend1h | Zone:FVG | MTF 15,BOS+2 | 1h+2 | 4h+2 | Vol+2 | BTC+2 | FVG+1 | ChoCH+1 | BullWick+1 | Zone:FVG+1 | Sess:OVERLAP | Strong1h+1,0,0,-1.0,bull,0.4676,1,2.9177,0.25,0.9157,-1,0.0,0.2649,1.5759,0.664,0.1547,1.625,1.0,0.6734,0.2109375,16146,4,5,1.319,1.828,0,1.531,0
AVAXUSDT,16165,16197,1786123800,1786153500,SHORT,SL,6.382,6.33973093,5.53661863,6.55107627,-0.75,-0.7613238835940725,0.011323883594072624,15,1.34,34.42,0.40000000000000163,0.004699063324537507,1.4457451495384226,base,adaptive disabled,1.15,78.5,90,100,50,80,OFF_HOURS,bearish,bearish,FVG,BOS bearish | Vol 1.3x | FVG | ChoCH | Engulfing | StrongTrend1h | Zone:FVG | MTF 15 | Risk x1.15,BOS+2 | 1h+2 | 4h+2 | Vol+1 | RSI+1 | BTC+2 | FVG+1 | ChoCH+1 | Engulfing+1 | Zone:FVG+1 | Sess:OFF_HOURS | Strong1h+1 | TrendPairRisk:1.15,0,0,-1.0,bear,0.1647,3,3.7671,0.0526,1.3778,-1,0.0,1.242,0.4495,0.687,-0.1694,1.296,1.0,-0.3708,0.75,16165,0,1,0.776,0.369,1,1.034,2
XRPUSDT,16167,16255,1786125600,1786205700,SHORT,SL,1.0183,1.011048,0.87326003,1.04730799,-0.5625,-0.5703984272953763,0.00789842729537621,16,2.58,32.28,0.5499999999999884,0.006095987562788942,1.8422433004044438,base,adaptive disabled,1.15,82.5,90,90,70,80,OFF_HOURS,bearish,bearish,FVG,BOS bearish | Vol 2.6x | FVG | ChoCH | Engulfing | StrongTrend1h | Zone:FVG | MTF 16 | Risk x1.15,BOS+2 | 1h+2 | 4h+2 | Vol+2 | RSI+1 | BTC+2 | FVG+1 | ChoCH+1 | Engulfing+1 | Zone:FVG+1 | Sess:OFF_HOURS | Strong1h+1 | TrendPairRisk:1.15,0,0,-1.0,bear,0.2187,0,3.4355,0.25,1.5367,-1,0.0,1.0273,0.6481,1.63,-0.3363,1.764,1.0,-0.3992,0.5625,16164,0,2,1.973,0.418,1,0.673,1
XRPUSDT,16167,16255,1786125600,1786205700,SHORT,SL,1.0183,1.01108207,0.87394146,1.04717171,-0.5625,-0.570435709384723,0.007935709384722971,14,1.33,32.89,0.46226415094338563,0.005710399525934276,1.7778377192472037,base,adaptive disabled,1.15,78.5,90,100,50,80,OFF_HOURS,bearish,bearish,FVG,BOS bearish | Vol 1.3x | FVG | ChoCH | StrongTrend1h | Zone:FVG | MTF 14 | Risk x1.15,BOS+2 | 1h+2 | 4h+2 | Vol+1 | RSI+1 | BTC+2 | FVG+1 | ChoCH+1 | Zone:FVG+1 | Sess:OFF_HOURS | Strong1h+1 | TrendPairRisk:1.15,0,0,-1.0,bear,0.2187,0,3.5477,0.25,1.5367,-1,0.0,1.0322,0.6512,0.925,-0.3438,2.312,1.0,-0.2667,0.5625,16165,1,3,1.966,0.503,1,0.695,1
LINKUSDT,16208,16210,1786162500,1786165200,LONG,TRAIL,8.234,8.258702,8.72804,8.135192,0.22096595740259647,0.19020423865259647,0.03076171875,13,1.66,67.83,0.5438596491228306,0.003960611045909343,1.6248406816041459,base,adaptive disabled,1.15,68.0,60,100,50,80,OFF_HOURS,neutral,bullish,FVG,BOS bullish | Vol 1.7x | FVG | ChoCH | BullWick | Zone:FVG | MTF 13 | Risk x1.15,BOS+2 | 1hN+1 | 4h+2 | Vol+1 | RSI+1 | BTC+2 | FVG+1 | ChoCH+1 | BullWick+1 | Zone:FVG+1 | Sess:OFF_HOURS | RelStrengthRisk:1.15,0,0,-1.0,range,0.3153,0,4.7382,0.1111,1.8283,-1,0.0,0.0,1.8217,10.0,0.0633,1.272,1.0,0.1303,0.9228515625,16208,1,4,2.949,0.338,1,1.305,4
SOLUSDT,16237,16238,1786188600,1786190400,LONG,TP1,75.21,75.43563,79.7226,74.30748,0.0,-0.018457031250000092,0.018457031250000092,14,1.89,69.84,0.44897959183672403,0.004382654323774538,2.6916801971887314,base,adaptive disabled,1.15,82.5,90,90,70,80,OVERLAP,bullish,bullish,FVG,BOS bullish | Vol 1.9x | FVG | ChoCH | Session:OVERLAP | StrongTrend1h | Zone:FVG | MTF 14 | Risk x1.15,BOS+2 | BodyStrong+1 | 1h+2 | 4h+2 | Vol+1 | BTC+2 | FVG+1 | ChoCH+1 | Zone:FVG+1 | Sess:OVERLAP | Strong1h+1 | QualityRisk:1.15,0,0,-1.0,bull,0.4216,0,4.7375,0.1111,6.4002,-1,0.0,0.0665,1.9944,7.333,-0.0762,1.635,1.0,0.4338,0.5537109375,16237,0,2,1.213,-1.0,0,1.155,6
SOLUSDT,16241,16248,1786192200,1786199400,LONG,TRAIL,75.41,75.65643597,80.33871941,74.42425612,0.18973615134186533,0.15961403939935956,0.03012211194250576,14,1.55,65.3,0.3834586466165457,0.004194436211545342,2.572937079435503,base,adaptive disabled,1.25,82.5,90,90,70,80,OVERLAP,bullish,bullish,FVG,BOS bullish | Vol 1.6x | FVG | ChoCH | Session:OVERLAP | StrongTrend1h | Zone:FVG | MTF 14 | Risk x1.25,BOS+2 | BodyStrong+1 | 1h+2 | 4h+2 | Vol+1 | RSI+1 | BTCok+1 | FVG+1 | ChoCH+1 | Zone:FVG+1 | Sess:OVERLAP | Strong1h+1 | QualityRisk:1.15 | RelStrengthRisk:1.25,0,0,-1.0,bull,0.2404,0,3.3207,0.1765,2.4745,-1,0.0,0.0812,1.8666,3.188,0.0255,1.261,1.0,0.3657,0.984375,16241,1,6,1.737,-1.0,0,1.226,0
LINKUSDT,16253,16349,1786203000,1786290300,LONG,TP1,8.338,8.363014,8.83828,8.237944,0.0,-0.041666666666667254,0.041666666666667254,15,1.63,56.23,0.22627737226278016,0.004306756509314313,1.6954264791871785,base,adaptive disabled,1.15,81.9,90,87,70,80,NEW_YORK,bullish,bullish,FVG,BOS bullish | Vol 1.6x | FVG | ChoCH | Session:NEW_YORK | StrongTrend1h | Zone:FVG | MTF 15 | Risk x1.15,BOS+2 | BodyStrong+1 | 1h+2 | 4h+2 | Vol+1 | RSI+1 | BTC+2 | FVG+1 | ChoCH+1 | Zone:FVG+1 | Sess:NEW_YORK | Strong1h+1 | QualityRisk:1.15,0,0,-1.0,range,0.602,0,3.2245,0.1111,2.6058,-1,0.0,0.8295,1.0394,0.0,-0.0886,0.822,1.0,0.4615,1.25,16253,18,2,0.731,0.731,1,1.978,5
LINKUSDT,16317,16319,1786260600,1786263300,LONG,TP1,8.328,8.352984,8.82768,8.228064,-0.06003842459174124,-0.12670509125840818,0.06666666666666694,15,2.56,65.3,0.4655172413793069,0.00291904654354069,1.864597115219537,base,adaptive disabled,1.15,72.0,60,90,70,80,LONDON,neutral,bullish,FVG,BOS bullish | Vol 2.6x | FVG | LiqSweep | ChoCH | BullWick | Session:LONDON | Zone:FVG | MTF 15 | Risk x1.15,BOS+2 | 1hN+1 | 4h+2 | Vol+2 | RSI+1 | BTC+2 | FVG+1 | LiqSweep+1 | ChoCH+1 | BullWick+1 | Zone:FVG+1 | Sess:LONDON | RelStrengthRisk:1.15,0,0,-1.0,range,0.2234,0,4.6588,0.0526,1.1203,-1,0.0,0.04,1.1207,0.0,0.2096,2.167,1.0,0.2031,2.0,16316,0,2,2.241,0.708,1,1.003,6
SOLUSDT,16317,16320,1786260600,1786264200,LONG,TRAIL,76.2,76.4286,80.772,75.2856,0.06920521653543402,0.05865834153543401,0.010546874999999995,16,2.42,67.26,0.38181818181820815,0.0024497552833317765,1.5480411927940545,base,adaptive disabled,1.15,90.5,90,100,90,80,OFF_HOURS,bullish,bullish,FVG,BOS bullish | Vol 2.4x | FVG | ChoCH | StrongTrend1h | Zone:FVG | MTF 16 | Risk x1.15,BOS+2 | BodyStrong+1 | 1h+2 | 4h+2 | Vol+2 | RSI+1 | BTC+2 | FVG+1 | ChoCH+1 | Zone:FVG+1 | Sess:OFF_HOURS | Strong1h+1 | QualityRisk:1.15,0,0,-1.0,bull,0.3514,0,4.0237,0.1765,2.118,-1,0.0,0.0109,1.4873,0.875,0.0086,1.805,1.0,0.1499,0.31640625,16314,0,1,1.416,3.8,0,1.341,6
SOLUSDT,16317,16320,1786260600,1786264200,LONG,TRAIL,76.2,76.4286,80.772,75.2856,0.06920521653543402,0.05865834153543401,0.010546874999999995,15,3.36,70.39,0.5409836065573748,0.0029280355028667524,1.850274434855585,base,adaptive disabled,1.15,88.5,90,90,90,80,OFF_HOURS,bullish,bullish,FVG,BOS bullish | Vol 3.4x | FVG | ChoCH | StrongTrend1h | Zone:FVG | MTF 15 | Risk x1.15,BOS+2 | BodyStrong+1 | 1h+2 | 4h+2 | Vol+2 | BTC+2 | FVG+1 | ChoCH+1 | Zone:FVG+1 | Sess:OFF_HOURS | Strong1h+1 | QualityRisk:1.15,0,0,-1.0,bull,0.3514,0,3.9077,0.1765,2.118,-1,0.0,0.0109,1.4873,1.571,0.0218,2.443,1.0,0.2824,0.31640625,16315,1,2,2.026,3.039,0,1.303,6
SOLUSDT,16317,16320,1786260600,1786264200,LONG,TRAIL,76.2,76.4286,80.772,75.2856,0.09227362204724535,0.07821112204724535,0.014062499999999993,14,1.74,71.37,0.6666666666666825,0.002183061971706812,1.3795132442894964,base,adaptive disabled,1.15,78.5,90,100,50,80,LONDON,bullish,bullish,FVG,BOS bullish | Vol 1.7x | FVG | ChoCH | BullWick | Session:LONDON | StrongTrend1h | Zone:FVG | MTF 14 | Risk x1.15,BOS+2 | 1h+2 | 4h+2 | Vol+1 | BTC+2 | FVG+1 | ChoCH+1 | BullWick+1 | Zone:FVG+1 | Sess:LONDON | Strong1h+1 | QualityRisk:1.15,0,0,-1.0,bull,0.3514,0,3.9243,0.1765,2.118,-1,0.0,0.0109,1.4873,2.667,0.0686,1.841,1.0,0.3225,0.421875,16316,2,3,2.253,2.834,0,1.308,6
LINKUSDT,16320,16344,1786263300,1786285800,LONG,TP1,8.32,8.34496,8.8192,8.22016,-0.049297626201917466,-0.09031325120191731,0.04101562499999985,15,2.14,64.84,0.2769230769230721,0.002843405093452069,1.824372452674479,base,adaptive disabled,1.15,76.6,60,83,90,80,OFF_HOURS,neutral,bullish,FVG,BOS bullish | Vol 2.1x | FVG | LiqSweep | ChoCH | Zone:FVG | MTF 15 | Risk x1.15,BOS+2 | BodyStrong+1 | 1hN+1 | 4h+2 | Vol+2 | RSI+1 | BTC+2 | FVG+1 | LiqSweep+1 | ChoCH+1 | Zone:FVG+1 | Sess:OFF_HOURS | RelStrengthRisk:1.15,0,0,-1.0,range,0.3564,0,2.1527,0.0526,1.5112,-1,0.0,0.4507,1.0016,5.143,0.1836,1.326,1.0,0.0264,1.23046875,16315,0,1,2.153,0.12,1,1.914,1
XRPUSDT,16323,16375,1786266000,1786313700,SHORT,SL,1.0332,1.0301004,0.971208,1.0455984,-2.0,-2.066666666666666,0.06666666666666589,15,2.66,39.03,0.4084507042253543,0.003163425788840409,2.199424503665253,base,adaptive disabled,1.0,78.0,60,90,90,80,LONDON,neutral,bearish,FVG,BOS bearish | Vol 2.7x | FVG | ChoCH | Engulfing | Session:LONDON | Zone:FVG | MTF 15,BOS+2 | BodyStrong+1 | 1hN+1 | 4h+2 | Vol+2 | RSI+1 | BTC+2 | FVG+1 | ChoCH+1 | Engulfing+1 | Zone:FVG+1 | Sess:LONDON,0,0,-1.0,range,0.271,0,4.2371,0.0526,2.5919,-1,0.0,1.0243,0.3226,0.0,-0.0358,1.865,1.0,-0.1489,2.0,16323,0,1,0.394,0.64,1,1.429,2
LINKUSDT,16345,16350,1786285800,1786291200,LONG,TRAIL,8.313,8.337939,8.81178,8.213244,0.6743015457716526,0.6196140457716531,0.05468749999999942,13,3.08,54.81,0.1962616822429928,0.0030062765102357634,1.6640742576526788,base,adaptive disabled,1.15,70.6,60,83,70,80,NEW_YORK,neutral,bullish,FVG,BOS bullish | Vol 3.1x | FVG | ChoCH | Session:NEW_YORK | Zone:FVG | MTF 13 | Risk x1.15,BOS+2 | 1hN+1 | 4h+2 | Vol+2 | RSI+1 | BTC+2 | FVG+1 | ChoCH+1 | Zone:FVG+1 | Sess:NEW_YORK | QualityRisk:1.15,0,1,-1.0,bear,0.4571,0,3.7129,0.0526,3.008,-1,0.0,0.2205,2.045,7.0,0.015,1.657,-1.0,-0.0717,1.640625,16345,0,4,0.812,1.276,1,1.856,1
LINKUSDT,16346,16378,1786286700,1786316400,LONG,SL,8.297,8.397,8.79482,8.197436,-1.640625,-1.6953124999999993,0.05468749999999952,13,1.8,58.05,0.299999999999984,0.0026465249767796094,1.4679391871380114,base,adaptive disabled,1.15,73.0,60,95,70,80,NEW_YORK,neutral,bullish,FVG,BOS bullish | Vol 1.8x | FVG | ChoCH | Session:NEW_YORK | Zone:FVG | MTF 13 | Risk x1.15,BOS+2 | BodyStrong+1 | 1hN+1 | 4h+2 | Vol+1 | RSI+1 | BTC+2 | FVG+1 | ChoCH+1 | Zone:FVG+1 | Sess:NEW_YORK | QualityRisk:1.15,0,1,-1.0,bear,0.6857,0,3.1052,0.1111,2.4659,-1,0.0,1.3358,0.93,0.0,0.1133,0.965,1.0,0.0446,1.640625,16344,3,3,1.366,0.869,1,1.428,0
SOLUSDT,16352,16374,1786292100,1786312800,LONG,TRAIL,77.07,77.3249524,82.16904791,76.05019042,0.10759623019411976,0.09484329792611718,0.012752932268002596,14,2.99,69.45,0.4586466165413535,0.00495970767196895,2.8995214082316014,base,adaptive disabled,1.25,82.5,90,90,70,80,NEW_YORK,bullish,bullish,FVG,BOS bullish | Vol 3.0x | FVG | ChoCH | Engulfing | Session:NEW_YORK | StrongTrend1h | Zone:FVG | MTF 14 | Risk x1.25,BOS+2 | 1h+2 | 4h+2 | Vol+2 | BTCok+1 | FVG+1 | ChoCH+1 | Engulfing+1 | Zone:FVG+1 | Sess:NEW_YORK | Strong1h+1 | QualityRisk:1.15 | RelStrengthRisk:1.25,0,0,-1.0,bull,0.375,0,4.0035,0.0526,2.909,-1,0.0,0.0392,1.5689,2.346,0.0903,2.118,1.0,0.4364,0.421875,16352,1,5,1.774,-1.0,0,1.41,2
SUIUSDT,16360,16371,1786299300,1786310100,LONG,TP1,0.6985,0.70104954,0.74949072,0.68830186,0.0,-0.02054786461060553,0.02054786461060553,14,1.68,71.49,0.6000000000000162,0.003603919719343046,1.9219981090622982,base,adaptive disabled,1.15,82.5,90,90,70,80,NEW_YORK,bullish,bullish,FVG,BOS bullish | Vol 1.7x | FVG | ChoCH | Session:NEW_YORK | StrongTrend1h | Zone:FVG | MTF 14 | Risk x1.15,BOS+2 | BodyStrong+1 | 1h+2 | 4h+2 | Vol+1 | BTC+2 | FVG+1 | ChoCH+1 | Zone:FVG+1 | Sess:NEW_YORK | Strong1h+1 | QualityRisk:1.15,0,0,-1.0,range,0.5565,1,2.9503,0.5385,0.9219,-1,0.0,0.2648,1.1767,2.0,0.0728,1.224,1.0,0.3341,0.75,16355,7,2,0.316,2.529,0,1.001,0
SOLUSDT,16374,16375,1786311900,1786313700,LONG,TP1,77.32,77.55196,81.9592,76.39216,0.0,-0.018750000000000218,0.018750000000000218,14,1.7,61.84,0.3170731707317217,0.001768122269769594,1.0408799792742198,base,adaptive disabled,1.15,78.1,90,98,50,80,DEAD_ZONE,bullish,bullish,FVG,BOS bullish | Vol 1.7x | FVG | ChoCH | Engulfing | StrongTrend1h | Zone:FVG | MTF 14 | Risk x1.15,BOS+2 | 1h+2 | 4h+2 | Vol+1 | RSI+1 | BTCok+1 | FVG+1 | ChoCH+1 | Engulfing+1 | Zone:FVG+1 | Sess:DEAD_ZONE | Strong1h+1 | QualityRisk:1.15,0,0,-1.0,range,0.2927,2,2.742,0.0526,1.9157,-1,0.0,0.0323,2.2418,0.0,0.0027,2.12,1.0,0.0701,0.5625,16374,0,1,0.268,1.271,1,0.803,1
ADAUSDT,16376,16380,1786313700,1786318200,LONG,SL,0.1984,0.1989952,0.210304,0.1960192,-0.984375,-1.0171875000000001,0.032812500000000154,14,2.15,63.88,0.39534883720930414,0.004697896760327482,1.5456080349307517,base,adaptive disabled,1.0,80.0,60,100,90,80,DEAD_ZONE,neutral,bullish,FVG,BOS bullish | Vol 2.1x | FVG | ChoCH | Zone:FVG | MTF 14,BOS+2 | BodyStrong+1 | 1hN+1 | 4h+2 | Vol+2 | RSI+1 | BTC+2 | FVG+1 | ChoCH+1 | Zone:FVG+1 | Sess:DEAD_ZONE,0,0,-1.0,range,0.4286,1,2.7439,0.1765,1.9218,-1,0.0,2.2261,1.3441,0.0,-0.0724,1.084,-1.0,-0.039,0.984375,16376,2,3,1.372,0.305,1,1.982,0
ETHUSDT,16377,16385,1786314600,1786322700,LONG,SL,1928.44,1934.22532,2044.1464,1905.29872,-0.984375,-1.0171875,0.03281249999999993,13,5.46,63.18,0.3429068755439557,0.004403631265120311,5.103357661988267,base,adaptive disabled,1.0,70.0,60,80,70,80,DEAD_ZONE,neutral,bullish,FVG,BOS bullish | Vol 5.5x | FVG | ChoCH | Zone:FVG | MTF 13,BOS+2 | 1hN+1 | 4h+2 | Vol+2 | RSI+1 | BTC+2 | FVG+1 | ChoCH+1 | Zone:FVG+1 | Sess:DEAD_ZONE,0,1,-1.0,bear,0.4533,0,5.9355,0.0526,5.3269,-1,0.0,1.0125,0.2403,0.0,-0.1017,1.855,-1.0,-0.0588,0.984375,16377,0,4,2.245,4.673,0,2.944,1
LINKUSDT,16377,16378,1786314600,1786316400,LONG,SL,8.327,8.351981,8.82662,8.227076,-1.23046875,-1.2714843750000002,0.04101562500000014,14,3.35,69.93,0.7073170731707232,0.0027113216774761746,1.6097504131036635,base,adaptive disabled,1.0,80.0,60,100,90,80,DEAD_ZONE,neutral,bullish,FVG,BOS bullish | Vol 3.4x | FVG | ChoCH | Engulfing | Zone:FVG | MTF 14,BOS+2 | BodyStrong+1 | 1hN+1 | 4h+2 | Vol+2 | BTC+2 | FVG+1 | ChoCH+1 | Engulfing+1 | Zone:FVG+1 | Sess:DEAD_ZONE,0,0,-1.0,range,0.7326,0,4.1759,0.0526,4.7451,-1,0.0,1.6312,0.6805,0.0,-0.0227,1.351,1.0,0.1352,1.23046875,16376,6,3,2.36,1.392,1,3.147,1
LINKUSDT,16377,16378,1786314600,1786316400,LONG,SL,8.327,8.351981,8.82662,8.227076,-2.0,-2.066666666666667,0.06666666666666689,14,4.83,53.37,0.18644067796608538,0.004270448566399726,2.5354263203099086,base,adaptive disabled,1.15,74.4,60,72,90,80,DEAD_ZONE,neutral,bullish,FVG,BOS bullish | Vol 4.8x | FVG | ChoCH | Zone:FVG | MTF 14 | Risk x1.15,BOS+2 | BodyStrong+1 | 1hN+1 | 4h+2 | Vol+2 | RSI+1 | BTC+2 | FVG+1 | ChoCH+1 | Zone:FVG+1 | Sess:DEAD_ZONE | QualityRisk:1.15,0,0,-1.0,range,0.7326,0,3.6207,0.0526,4.7451,-1,0.0,1.6312,0.6805,0.0,-0.1942,1.768,-1.0,-0.0597,2.0,16377,7,4,0.157,0.367,1,2.729,1
SOLUSDT,16377,16380,1786314600,1786318200,LONG,SL,77.32,77.55196,81.9592,76.39216,-0.31640625,-0.3269531250000001,0.010546875000000122,16,6.05,69.36,0.37142857142858304,0.003568032697313857,2.100473402506122,base,adaptive disabled,1.15,88.5,90,90,90,80,DEAD_ZONE,bullish,bullish,FVG,BOS bullish | Vol 6.0x | FVG | ChoCH | Engulfing | StrongTrend1h | Zone:FVG | MTF 16 | Risk x1.15,BOS+2 | BodyStrong+1 | 1h+2 | 4h+2 | Vol+2 | BTC+2 | FVG+1 | ChoCH+1 | Engulfing+1 | Zone:FVG+1 | Sess:DEAD_ZONE | Strong1h+1 | QualityRisk:1.15,0,0,-1.0,range,0.642,0,4.0845,0.1111,4.5959,-1,0.0,1.0885,0.5173,10.0,0.0132,2.079,1.0,0.2532,0.31640625,16376,2,3,1.902,-1.0,0,1.902,1
SOLUSDT,16377,16380,1786314600,1786318200,LONG,SL,77.32,77.55196,81.9592,76.39216,-0.75,-0.7750000000000002,0.025000000000000293,16,2.42,57.39,0.16129032258065182,0.004515413772915193,2.653673940393436,base,adaptive disabled,1.15,84.3,90,69,90,80,DEAD_ZONE,bullish,bullish,FVG,BOS bullish | Vol 2.4x | FVG | ChoCH | StrongTrend1h | Zone:FVG | MTF 16 | Risk x1.15,BOS+2 | BodyStrong+1 | 1h+2 | 4h+2 | Vol+2 | RSI+1 | BTC+2 | FVG+1 | ChoCH+1 | Zone:FVG+1 | Sess:DEAD_ZONE | Strong1h+1 | QualityRisk:1.15,0,0,-1.0,range,0.642,0,3.8372,0.1111,4.5959,-1,0.0,1.0885,0.5173,0.0,-0.0932,1.354,1.0,0.1652,0.75,16377,3,4,0.368,0.841,1,1.787,1
SUIUSDT,16377,16380,1786314600,1786318200,LONG,SL,0.6991,0.7011973,0.741046,0.6907108,-1.0,-1.033333333333333,0.03333333333333296,17,2.83,55.4,0.24358974358974778,0.004034301405968536,1.6524023937525085,base,adaptive disabled,1.15,88.3,90,89,90,80,DEAD_ZONE,bullish,bullish,FVG,BOS bullish | Vol 2.8x | FVG | ChoCH | Engulfing | StrongTrend1h | Zone:FVG | MTF 17 | Risk x1.15,BOS+2 | BodyStrong+1 | 1h+2 | 4h+2 | Vol+2 | RSI+1 | BTC+2 | FVG+1 | ChoCH+1 | Engulfing+1 | Zone:FVG+1 | Sess:DEAD_ZONE | Strong1h+1 | QualityRisk:1.15,0,0,-1.0,range,0.6562,0,3.5165,0.0526,2.8443,-1,0.0,1.6569,1.2397,0.0,-0.1825,1.414,-1.0,-0.3229,1.0,16377,7,4,0.342,1.709,0,2.002,1
XRPUSDT,16439,16444,1786370400,1786375800,SHORT,TRAIL,1.029,1.025913,0.96726,1.041348,0.46971169420147335,0.4363783608681401,0.033333333333333263,14,1.58,35.34,0.3714285714285823,0.002626194264375178,1.0857737567683448,base,adaptive disabled,1.25,78.5,90,100,50,80,NEW_YORK,bearish,bearish,FVG,BOS bearish | Vol 1.6x | FVG | ChoCH | Session:NEW_YORK | StrongTrend1h | Zone:FVG | MTF 14 | Risk x1.25,BOS+2 | 1h+2 | 4h+2 | Vol+1 | RSI+1 | BTC+2 | FVG+1 | ChoCH+1 | Zone:FVG+1 | Sess:NEW_YORK | Strong1h+1 | QualityRisk:1.15 | TrendPairRisk:1.25,0,0,-1.0,bear,0.5077,0,4.2299,0.0526,3.3563,-1,0.0,0.2349,2.8183,1.083,-0.037,1.421,1.0,-0.462,1.0,16437,1,2,0.684,0.342,1,1.666,7
XRPUSDT,16439,16444,1786370400,1786375800,SHORT,TRAIL,1.029,1.025913,0.96726,1.041348,0.26421282798832874,0.2454628279883288,0.01874999999999996,15,4.12,30.17,0.4677419354838828,0.0029870722744844203,1.234975161282348,base,adaptive disabled,1.15,90.5,90,100,90,80,NEW_YORK,bearish,bearish,FVG,BOS bearish | Vol 4.1x | FVG | ChoCH | Session:NEW_YORK | StrongTrend1h | Zone:FVG | MTF 15 | Risk x1.15,BOS+2 | BodyStrong+1 | 1h+2 | 4h+2 | Vol+2 | BTC+2 | FVG+1 | ChoCH+1 | Zone:FVG+1 | Sess:NEW_YORK | Strong1h+1 | TrendPairRisk:1.15,0,0,-1.0,bear,0.5077,0,3.9123,0.0526,3.3563,-1,0.0,0.2349,2.8183,4.143,-0.0256,2.084,1.0,-0.5001,0.5625,16438,2,3,1.581,4.308,0,1.541,7
XRPUSDT,16439,16444,1786370400,1786375800,SHORT,TRAIL,1.029,1.025913,0.96726,1.041348,0.19815962099124657,0.1840971209912466,0.01406249999999997,14,3.3,30.63,0.6851851851851765,0.003735917147482667,1.5411405418290196,base,adaptive disabled,1.15,84.5,90,100,70,80,NEW_YORK,bearish,bearish,FVG,BOS bearish | Vol 3.3x | FVG | ChoCH | Session:NEW_YORK | StrongTrend1h | Zone:FVG | MTF 14 | Risk x1.15,BOS+2 | 1h+2 | 4h+2 | Vol+2 | BTC+2 | FVG+1 | ChoCH+1 | Zone:FVG+1 | Sess:NEW_YORK | Strong1h+1 | TrendPairRisk:1.15,0,0,-1.0,bear,0.5077,0,3.7667,0.0526,3.3563,-1,0.0,0.2349,2.8183,10.0,0.0281,2.226,1.0,-0.3634,0.421875,16439,3,4,1.484,4.185,0,1.484,7
ADAUSDT,16446,16447,1786376700,1786378500,SHORT,TP1,0.1954,0.19472923,0.18198462,0.19808308,0.0,-0.027310031754550695,0.027310031754550695,14,2.45,37.76,0.2631578947368444,0.008032033250433532,1.9648361348913193,base,adaptive disabled,1.15,80.7,90,81,70,80,NEW_YORK,bearish,bearish,FVG,BOS bearish | Vol 2.5x | FVG | ChoCH | Session:NEW_YORK | StrongTrend1h | Zone:FVG | MTF 14 | Risk x1.15,BOS+2 | 1h+2 | 4h+2 | Vol+2 | RSI+1 | BTCok+1 | FVG+1 | ChoCH+1 | Zone:FVG+1 | Sess:NEW_YORK | Strong1h+1 | TrendPairRisk:1.15,0,1,-1.0,bull,0.5143,6,3.3568,0.1111,1.7628,-1,0.0,0.0745,1.4908,0.0,0.0504,1.34,1.0,-0.3012,0.9375,16445,0,1,0.407,0.407,1,0.915,5
XRPUSDT,16507,16508,1786431600,1786433400,SHORT,TP1,1.006,1.00283619,0.94272372,1.01865526,0.0,-0.017885843514870416,0.017885843514870416,15,1.45,33.11,0.46913580246913916,0.004737438966446422,2.0871508283365086,base,adaptive disabled,1.15,76.5,90,90,50,80,OFF_HOURS,bearish,bearish,FVG,BOS bearish | Vol 1.4x | FVG | ChoCH | Engulfing | StrongTrend1h | Zone:FVG | MTF 15 | Risk x1.15,BOS+2 | 1h+2 | 4h+2 | Vol+1 | RSI+1 | BTC+2 | FVG+1 | ChoCH+1 | Engulfing+1 | Zone:FVG+1 | Sess:OFF_HOURS | Strong1h+1 | TrendPairRisk:1.15,0,0,-1.0,range,0.3151,0,4.5193,0.1111,5.9138,-1,0.0,0.079,1.1379,4.471,-0.0216,1.279,1.0,-0.3922,0.5625,16507,0,6,2.41,0.527,1,1.13,2
LINKUSDT,16512,16515,1786436100,1786439700,LONG,TRAIL,8.46,8.4918508,9.09701596,8.33259681,0.50551329440021,0.46816140391771915,0.03735189048249084,15,7.04,68.18,0.5221238938052972,0.004884960463333805,1.5725815030227983,base,adaptive disabled,1.0,84.5,90,100,70,80,LONDON,bullish,bullish,FVG,BOS bullish | Vol 7.0x | FVG | ChoCH | Engulfing | Session:LONDON | StrongTrend1h | Zone:FVG | MTF 15,BOS+2 | 1h+2 | 4h+2 | Vol+2 | BTC+2 | FVG+1 | ChoCH+1 | Engulfing+1 | Zone:FVG+1 | Sess:LONDON | Strong1h+1,0,0,-1.0,bull,0.4049,0,4.0785,0.0526,6.8592,-1,0.0,0.1491,3.2966,0.0,-0.12,3.243,-1.0,-0.1237,1.40625,16512,0,1,0.099,-1.0,0,2.171,2
LINKUSDT,16609,16615,1786523400,1786529700,LONG,TRAIL,8.758,8.78490665,9.29613309,8.65037338,0.5258926311865642,0.4648621909478943,0.061030440238669825,17,2.05,61.65,0.4500000000000052,0.0027023711224507508,0.8428502504511518,base,adaptive disabled,1.15,84.5,90,100,70,80,LONDON,bullish,bullish,FVG,BOS bullish | Vol 2.0x | FVG | LiqSweep | MACD_Div | ChoCH | Session:LONDON | StrongTrend1h | Zone:FVG | MTF 17 | Risk x1.15,BOS+2 | 1h+2 | 4h+2 | Vol+2 | RSI+1 | BTC+2 | FVG+1 | LiqSweep+1 | MACD_Div+1 | ChoCH+1 | Zone:FVG+1 | Sess:LONDON | Strong1h+1 | QualityRisk:1.15,0,0,-1.0,range,0.1546,3,2.0682,0.0526,2.0725,-1,0.0,0.2416,2.1184,0.0,0.0112,3.51,1.0,0.283,1.875,16609,0,1,0.156,2.263,0,0.585,2
SOLUSDT,16614,16624,1786527900,1786537800,LONG,TRAIL,76.64,76.8703671,81.24734198,75.7185316,0.2694468633821943,0.24137644881344714,0.028070414568747173,15,2.7,66.9,0.4887218045112883,0.003959667279753382,1.8840591875501709,base,adaptive disabled,1.15,79.0,80,90,70,80,LONDON,bullish,bullish,FVG,BOS bullish | Vol 2.7x | FVG | LiqSweep | ChoCH | Engulfing | Session:LONDON | Zone:FVG | MTF 15 | Risk x1.15,BOS+2 | 1h+2 | 4h+2 | Vol+2 | RSI+1 | BTCok+1 | FVG+1 | LiqSweep+1 | ChoCH+1 | Engulfing+1 | Zone:FVG+1 | Sess:LONDON | QualityRisk:1.15,0,0,-1.0,range,0.2316,0,4.0738,0.0526,2.6113,-1,0.0,0.0434,2.6479,0.0,0.0658,2.35,1.0,0.1883,0.84375,16614,0,1,1.515,0.366,1,1.149,2
SOLUSDT,16626,16633,1786538700,1786545900,LONG,SL,76.64,76.88073189,81.45463779,75.67707244,-0.703125,-0.7255098614323596,0.02238486143235953,17,5.02,47.76,0.1891891891891949,0.0063426057102986995,3.223735062358897,base,adaptive disabled,1.15,82.9,90,62,90,80,OVERLAP,bullish,bullish,FVG,BOS bullish | Vol 5.0x | FVG | ChoCH | Discount | Session:OVERLAP | StrongTrend1h | Zone:FVG | MTF 17 | Risk x1.15,BOS+2 | BodyStrong+1 | 1h+2 | 4h+2 | Vol+2 | RSI+1 | BTC+2 | FVG+1 | ChoCH+1 | Discount+1 | Zone:FVG+1 | Sess:OVERLAP | Strong1h+1 | QualityRisk:1.15,0,0,-1.0,range,0.4748,0,3.5633,0.0526,4.8504,-1,0.0,1.2877,0.1662,0.0,-0.0528,1.409,1.0,0.234,0.703125,16626,12,2,1.631,0.386,1,3.563,3
ADAUSDT,16663,16676,1786572000,1786584600,SHORT,TP1,0.182,0.18139097,0.16981934,0.18443613,0.0,-0.012607085828752938,0.012607085828752938,15,1.63,35.68,0.3846153846153835,0.006617173213222863,1.7667852488757994,base,adaptive disabled,1.25,87.5,90,100,80,80,DEAD_ZONE,bearish,bearish,OB,BOS bearish | Vol 1.6x | FVG | OB | ChoCH | StrongTrend1h | Zone:OB | MTF 15 | Risk x1.25,BOS+2 | BodyStrong+1 | 1h+2 | 4h+2 | Vol+1 | RSI+1 | BTCok+1 | FVG+1 | OB+1 | ChoCH+1 | Zone:OB+1 | Sess:DEAD_ZONE | Strong1h+1 | QualityRisk:1.15 | TrendPairRisk:1.25,0,0,-1.0,range,0.4848,1,4.2112,0.1765,3.7017,-1,0.0,0.5747,2.2987,0.0,0.027,1.331,1.0,-0.1923,0.421875,16662,26,2,1.63,0.136,1,1.494,0
ETHUSDT,16710,16711,1786614300,1786616100,SHORT,TP1,1889.2,1883.5324,1775.848,1911.8704,0.0,-0.06562500000000009,0.06562500000000009,15,2.11,36.34,0.42497831743277886,0.002402876211788715,1.209666522842489,base,adaptive disabled,1.0,80.0,60,100,90,80,LONDON,neutral,bearish,FVG,BOS bearish | Vol 2.1x | FVG | LiqSweep | ChoCH | Session:LONDON | Zone:FVG | MTF 15,BOS+2 | BodyStrong+1 | 1hN+1 | 4h+2 | Vol+2 | RSI+1 | BTC+2 | FVG+1 | LiqSweep+1 | ChoCH+1 | Zone:FVG+1 | Sess:LONDON,0,0,-1.0,range,0.4558,0,3.2733,0.1111,1.0399,-1,0.0,0.0353,1.3762,0.0,0.0607,0.944,-1.0,0.0268,1.96875,16708,0,2,2.501,1.166,1,0.647,0
BTCUSDT,16718,16738,1786621500,1786640400,SHORT,TRAIL,63451.5,63261.1455,59644.41,64212.918,0.41525318550389245,0.39337818550389236,0.021875000000000065,14,3.35,36.57,0.23670865368886865,0.0020598879325410178,1.645136225600933,base,adaptive disabled,1.0,71.6,60,88,70,80,OVERLAP,neutral,bearish,FVG,BOS bearish | Vol 3.4x | FVG | ChoCH | Engulfing | Session:OVERLAP | Zone:FVG | MTF 14,BOS+2 | 1hN+1 | 4h+2 | Vol+2 | RSI+1 | BTC+2 | FVG+1 | ChoCH+1 | Engulfing+1 | Zone:FVG+1 | Sess:OVERLAP,0,0,-1.0,bear,0.2282,0,3.571,0.0526,3.3481,-1,0.0,0.6867,3.328,1.051,-0.1144,2.304,1.0,-0.0271,0.65625,16718,0,1,1.079,1.621,1,1.452,2
ETHUSDT,16719,16737,1786622400,1786639500,SHORT,TP1,1880.87,1875.22739,1768.0178,1903.44044,0.0,-0.06666666666666611,0.06666666666666611,13,1.97,38.26,0.1329833770778656,0.002342444600129563,1.2527711341100491,base,adaptive disabled,1.0,69.0,60,75,70,80,OVERLAP,neutral,bearish,FVG,BOS bearish | Vol 2.0x | FVG | ChoCH | Session:OVERLAP | Zone:FVG | MTF 13,BOS+2 | BodyStrong+1 | 1hN+1 | 4h+2 | Vol+1 | RSI+1 | BTC+2 | FVG+1 | ChoCH+1 | Zone:FVG+1 | Sess:OVERLAP,0,0,-1.0,bear,0.2651,0,2.5699,0.1111,1.2683,-1,0.0,0.6974,3.2715,0.31,-0.1266,1.523,1.0,-0.2995,2.0,16718,1,1,0.38,0.309,1,0.726,0
XRPUSDT,16721,16736,1786624200,1786638600,SHORT,TRAIL,1.0043,1.00114884,0.94127679,1.01690464,0.22214041813174734,0.1583988118661179,0.06374160626562944,14,2.32,39.92,0.39259259259257384,0.0028868050925298025,1.5283353909812576,base,adaptive disabled,1.0,80.0,60,100,90,80,OVERLAP,neutral,bearish,FVG,BOS bearish | Vol 2.3x | FVG | ChoCH | Session:OVERLAP | Zone:FVG | MTF 14,BOS+2 | BodyStrong+1 | 1hN+1 | 4h+2 | Vol+2 | RSI+1 | BTC+2 | FVG+1 | ChoCH+1 | Zone:FVG+1 | Sess:OVERLAP,0,0,-1.0,bear,0.2045,1,3.0409,0.25,2.9225,-1,0.0,0.5395,1.0472,1.828,-0.002,1.807,1.0,-0.4267,2.0,16720,1,2,0.0,0.523,1,0.618,0
ETHUSDT,16739,16801,1786640400,1786697100,SHORT,TRAIL,1876.77,1870.06420705,1742.654141,1903.5931718,0.34437480935837306,0.29539704454384796,0.048977764814525114,13,1.66,38.87,0.3572056239015799,0.00597056986496161,2.5653096203887022,base,adaptive disabled,1.0,72.0,60,90,70,80,NEW_YORK,neutral,bearish,FVG,BOS bearish | Vol 1.7x | FVG | ChoCH | Session:NEW_YORK | Zone:FVG | MTF 13,BOS+2 | BodyStrong+1 | 1hN+1 | 4h+2 | Vol+1 | RSI+1 | BTC+2 | FVG+1 | ChoCH+1 | Zone:FVG+1 | Sess:NEW_YORK,0,0,-1.0,range,0.4199,0,4.1442,0.1111,4.0114,-1,0.0,0.5902,1.3078,0.0,-0.0194,1.402,1.0,-0.0097,1.75,16739,0,1,0.064,0.274,1,1.186,2
SUIUSDT,16741,16784,1786642200,1786681800,SHORT,TRAIL,0.6859,0.68307421,0.62938427,0.69720315,0.263200966102357,0.2207234266553888,0.04247753944696817,14,3.19,35.42,0.5256410256410302,0.005758956171171753,2.476351153963717,base,adaptive disabled,1.15,78.0,60,90,90,80,NEW_YORK,neutral,bearish,FVG,BOS bearish | Vol 3.2x | FVG | ChoCH | Session:NEW_YORK | Zone:FVG | MTF 14 | Risk x1.15,BOS+2 | BodyStrong+1 | 1hN+1 | 4h+2 | Vol+2 | RSI+1 | BTC+2 | FVG+1 | ChoCH+1 | Zone:FVG+1 | Sess:NEW_YORK | QualityRisk:1.15,0,0,-1.0,range,0.4161,1,2.5354,0.25,2.6031,-1,0.0,0.4158,1.1678,0.0,0.0538,2.442,-1.0,0.0837,1.75,16739,3,3,0.499,0.269,1,0.768,0
BTCUSDT,16783,16793,1786680000,1786689900,SHORT,TRAIL,63356.6,63166.5302,59555.204,64116.8792,0.10060969784160215,0.08420344784160225,0.016406249999999904,15,1.59,37.12,0.35081967213114157,0.0016816885646757063,1.099869584137145,base,adaptive disabled,1.15,74.0,60,100,70,80,OFF_HOURS,neutral,bearish,FVG,BOS bearish | Vol 1.6x | FVG | LiqSweep | ChoCH | BearWick | Zone:FVG | MTF 15 | Risk x1.15,BOS+2 | BodyStrong+1 | 1hN+1 | 4h+2 | Vol+1 | RSI+1 | BTC+2 | FVG+1 | LiqSweep+1 | ChoCH+1 | BearWick+1 | Zone:FVG+1 | Sess:OFF_HOURS | QualityRisk:1.15,0,1,-1.0,bull,0.2599,3,2.8283,0.0526,1.531,-1,0.0,0.1302,1.128,4.057,-0.0709,1.87,1.0,-0.2085,0.4921875,16783,0,1,0.768,0.003,1,0.852,2
SOLUSDT,16796,16805,1786691700,1786700700,SHORT,TP1,75.67,75.44299,71.1298,76.57804,0.0,-0.02109375000000001,0.02109375000000001,15,3.11,31.94,0.5942028985507216,0.0018970822214322194,1.032012728460478,base,adaptive disabled,1.15,81.8,65,100,90,80,OFF_HOURS,bearish,neutral,FVG,BOS bearish | Vol 3.1x | FVG | ChoCH | BearWick | StrongTrend1h | Zone:FVG | MTF 15 | Risk x1.15,BOS+2 | BodyStrong+1 | 1h+2 | 4hN+1 | Vol+2 | BTC+2 | FVG+1 | ChoCH+1 | BearWick+1 | Zone:FVG+1 | Sess:OFF_HOURS | Strong1h+1 | QualityRisk:1.15,0,0,-1.0,range,0.3188,0,3.3473,0.0526,1.9722,-1,0.0,0.1872,1.3215,2.929,-0.3077,2.569,1.0,-0.2716,0.6328125,16795,1,2,1.424,0.855,1,1.282,1
SOLUSDT,16796,16805,1786691700,1786700700,SHORT,TP1,75.67,75.44299,71.1298,76.57804,0.0,-0.05625000000000002,0.05625000000000002,16,2.0,39.26,0.3333333333333212,0.0019407656786666703,1.0557765291960506,base,adaptive disabled,1.15,81.5,65,99,90,80,LONDON,bearish,neutral,FVG,BOS bearish | Vol 2.0x | FVG | ChoCH | Engulfing | Session:LONDON | StrongTrend1h | Zone:FVG | MTF 16 | Risk x1.15,BOS+2 | BodyStrong+1 | 1h+2 | 4hN+1 | Vol+2 | RSI+1 | BTC+2 | FVG+1 | ChoCH+1 | Engulfing+1 | Zone:FVG+1 | Sess:LONDON | Strong1h+1 | QualityRisk:1.15,0,0,-1.0,range,0.3188,0,3.2812,0.0526,1.9722,-1,0.0,0.1872,1.3215,1.238,-0.196,1.588,1.0,-0.1984,1.6875,16796,2,3,0.559,0.628,1,1.257,1
XRPUSDT,16798,16806,1786693500,1786701600,SHORT,TRAIL,1.005,1.001985,0.9447,1.01706,0.5942832803902317,0.5286582803902327,0.065624999999999,14,5.69,31.18,0.6701030927834665,0.0021229336297439445,1.2598986701534793,base,adaptive disabled,1.0,80.0,60,100,90,80,LONDON,neutral,bearish,FVG,BOS bearish | Vol 5.7x | FVG | ChoCH | Engulfing | Session:LONDON | Zone:FVG | MTF 14,BOS+2 | BodyStrong+1 | 1hN+1 | 4h+2 | Vol+2 | BTC+2 | FVG+1 | ChoCH+1 | Engulfing+1 | Zone:FVG+1 | Sess:LONDON,0,0,-1.0,bear,0.2292,1,3.2574,0.1765,3.2209,-1,0.0,0.1327,1.4925,2.708,-0.2586,4.445,1.0,-0.7717,1.96875,16796,0,3,2.269,1.28,1,0.814,0
XRPUSDT,16798,16806,1786693500,1786701600,SHORT,TRAIL,1.005,1.001985,0.9447,1.01706,0.3970407691628403,0.35329076916284097,0.04374999999999933,14,1.72,35.26,0.4606741573033517,0.002355962606271286,1.4013819927629834,base,adaptive disabled,1.0,74.0,60,100,70,80,LONDON,neutral,bearish,FVG,BOS bearish | Vol 1.7x | FVG | ChoCH | Engulfing | Session:LONDON | Zone:FVG | MTF 14,BOS+2 | BodyStrong+1 | 1hN+1 | 4h+2 | Vol+1 | RSI+1 | BTC+2 | FVG+1 | ChoCH+1 | Engulfing+1 | Zone:FVG+1 | Sess:LONDON,0,0,-1.0,bear,0.2292,1,3.2873,0.1765,3.2209,-1,0.0,0.1327,1.4925,1.206,-0.1859,1.956,1.0,-0.6133,1.3125,16797,1,4,1.82,0.059,1,0.822,0
LINKUSDT,16808,16812,1786702500,1786707000,LONG,TP1,8.79,8.81637,9.3174,8.68452,0.0,-0.06666666666666665,0.06666666666666665,15,2.84,56.81,0.2562814070351769,0.0028779547581541803,1.1479115001404752,base,adaptive disabled,1.15,78.0,60,90,90,80,LONDON,neutral,bullish,FVG,BOS bullish | Vol 2.8x | FVG | LiqSweep | MACD_Div | ChoCH | Session:LONDON | Zone:FVG | MTF 15 | Risk x1.15,BOS+2 | BodyStrong+1 | 1hN+1 | 4h+2 | Vol+2 | RSI+1 | BTCok+1 | FVG+1 | LiqSweep+1 | MACD_Div+1 | ChoCH+1 | Zone:FVG+1 | Sess:LONDON | QualityRisk:1.15,0,1,-1.0,bear,0.5649,3,5.142,0.0526,5.2138,-1,0.0,0.0664,3.1854,0.0,0.0148,1.586,1.0,0.0088,2.0,16807,3,4,1.675,0.273,1,2.493,2
LINKUSDT,16808,16812,1786702500,1786707000,LONG,TP1,8.813,8.84260213,9.40504259,8.69459148,0.0,-0.05954301261429454,0.05954301261429454,14,4.98,60.6,0.3333333333333388,0.004533378533822422,1.808199847033848,base,adaptive disabled,1.0,72.0,60,90,70,80,LONDON,neutral,bullish,FVG,BOS bullish | Vol 5.0x | FVG | LiqSweep | MACD_Div | ChoCH | Session:LONDON | Zone:FVG | MTF 14,BOS+2 | 1hN+1 | 4h+2 | Vol+2 | RSI+1 | BTCok+1 | FVG+1 | LiqSweep+1 | MACD_Div+1 | ChoCH+1 | Zone:FVG+1 | Sess:LONDON,0,1,-1.0,bear,0.4156,3,4.6465,0.0526,5.2138,-1,0.0,0.2534,2.0607,0.0,-0.0048,2.212,1.0,0.3025,2.0,16808,0,5,2.182,0.598,1,2.253,2
LINKUSDT,16809,16812,1786703400,1786707000,LONG,TP1,8.8,8.82679126,9.33582526,8.69283495,0.0,-0.06569305944428665,0.06569305944428665,19,1.57,53.66,0.17991631799162813,0.00615942534812691,2.4520112363414013,base,adaptive disabled,1.15,71.2,60,71,80,80,LONDON,neutral,bullish,OB,BOS bullish | Vol 1.6x | FVG | OB | LiqSweep | MACD_Div | ChoCH | BullWick | Session:LONDON | Zone:OB | 💎PREMIUM | MTF 19 | Risk x1.15,BOS+2 | BodyStrong+1 | 1hN+1 | 4h+2 | Vol+1 | RSI+1 | BTCok+1 | FVG+1 | OB+1 | LiqSweep+1 | MACD_Div+1 | ChoCH+1 | BullWick+1 | Zone:OB+1 | Sess:LONDON | 💎Premium+3 | QualityRisk:1.15,1,1,-1.0,bear,0.5,0,3.4145,0.1111,3.4268,-1,0.0,0.1586,2.7621,0.0,-0.0135,0.893,1.0,0.198,2.0,16809,4,6,1.193,0.033,1,1.757,3
XRPUSDT,16820,16857,1786713300,1786747500,SHORT,TRAIL,1.0049,0.9876,0.944606,1.0169588,2.27841907984207,2.220085746508737,0.05833333333333261,16,1.38,36.15,0.3333333333333593,0.0026648415648589077,1.4964565855699068,base,adaptive disabled,1.25,81.5,90,100,60,80,OVERLAP,bearish,bearish,OB,BOS bearish | Vol 1.4x | FVG | OB | ChoCH | BearWick | Session:OVERLAP | StrongTrend1h | Zone:OB | MTF 16 | Risk x1.25,BOS+2 | 1h+2 | 4h+2 | Vol+1 | RSI+1 | BTC+2 | FVG+1 | OB+1 | ChoCH+1 | BearWick+1 | Zone:OB+1 | Sess:OVERLAP | Strong1h+1 | QualityRisk:1.15 | TrendPairRisk:1.25,0,0,-1.0,range,0.7703,0,2.2041,0.1111,1.4773,-1,0.0,0.3317,1.0867,1.357,-0.2282,0.882,1.0,-0.2433,1.75,16819,16,1,0.098,0.196,1,1.127,0
BTCUSDT,16821,16823,1786714200,1786716900,SHORT,TRAIL,62794.1,62605.7177,59026.454,63547.6292,0.07579334682716744,0.06329334682716752,0.012499999999999928,15,2.71,33.02,0.40374500315590833,0.0021754346232698125,1.444042464780446,base,adaptive disabled,1.15,84.5,90,100,70,80,NEW_YORK,bearish,bearish,FVG,BOS bearish | Vol 2.7x | FVG | ChoCH | Session:NEW_YORK | StrongTrend1h | Zone:FVG | MTF 15 | Risk x1.15,BOS+2 | 1h+2 | 4h+2 | Vol+2 | RSI+1 | BTC+2 | FVG+1 | ChoCH+1 | Zone:FVG+1 | Sess:NEW_YORK | Strong1h+1 | TrendPairRisk:1.15,0,0,-1.0,range,0.6288,0,2.88,0.1111,2.2785,-1,0.0,0.008,1.1854,5.09,-0.0726,1.835,1.0,-0.182,0.375,16820,14,1,0.505,-1.0,0,1.448,3
SOLUSDT,16825,16839,1786717800,1786731300,SHORT,TP1,75.22,74.99434,70.7068,76.12264,0.0,-0.037499999999999784,0.037499999999999784,15,2.63,33.69,0.47692307692307623,0.002481652246630338,1.2502564018540896,base,adaptive disabled,1.15,75.8,65,100,70,80,NEW_YORK,bearish,neutral,FVG,BOS bearish | Vol 2.6x | FVG | ChoCH | Engulfing | Session:NEW_YORK | StrongTrend1h | Zone:FVG | MTF 15 | Risk x1.15,BOS+2 | 1h+2 | 4hN+1 | Vol+2 | RSI+1 | BTC+2 | FVG+1 | ChoCH+1 | Engulfing+1 | Zone:FVG+1 | Sess:NEW_YORK | Strong1h+1 | QualityRisk:1.15,0,0,-1.0,range,0.3182,0,2.6532,0.0526,2.5586,-1,0.0,0.5539,1.3294,1.938,-0.018,2.03,1.0,-0.0528,1.125,16825,0,1,0.617,0.802,1,1.296,2
ETHUSDT,16828,17019,1786720500,1786893300,SHORT,EXPIRED,1873.08,1867.46076,1760.6952,1895.55696,-0.31632391568966733,-0.3413239156896674,0.025000000000000043,15,1.37,38.2,0.3759360958562063,0.0030286146689424,1.6064319750226348,base,adaptive disabled,1.15,78.5,90,100,50,80,NEW_YORK,bearish,bearish,FVG,BOS bearish | Vol 1.4x | FVG | ChoCH | Engulfing | Session:NEW_YORK | StrongTrend1h | Zone:FVG | MTF 15 | Risk x1.15,BOS+2 | 1h+2 | 4h+2 | Vol+1 | RSI+1 | BTC+2 | FVG+1 | ChoCH+1 | Engulfing+1 | Zone:FVG+1 | Sess:NEW_YORK | Strong1h+1 | TrendPairRisk:1.15,0,1,-1.0,bull,0.5668,0,2.269,0.25,1.5771,-1,0.0,0.6455,0.9752,6.381,-0.0284,1.51,1.0,-0.1559,0.75,16823,3,3,0.218,0.061,1,0.758,1
ETHUSDT,16828,17019,1786720500,1786893300,SHORT,EXPIRED,1873.08,1867.46076,1760.6952,1895.55696,-0.4217652209195565,-0.45509855425288986,0.03333333333333339,16,1.78,33.71,0.5856536101934665,0.0028901847623442715,1.5330062498754058,base,adaptive disabled,1.15,84.5,90,100,70,80,NEW_YORK,bearish,bearish,FVG,BOS bearish | Vol 1.8x | FVG | ChoCH | Engulfing | Session:NEW_YORK | StrongTrend1h | Zone:FVG | MTF 16 | Risk x1.15,BOS+2 | BodyStrong+1 | 1h+2 | 4h+2 | Vol+1 | RSI+1 | BTC+2 | FVG+1 | ChoCH+1 | Engulfing+1 | Zone:FVG+1 | Sess:NEW_YORK | Strong1h+1 | TrendPairRisk:1.15,0,1,-1.0,bull,0.5668,0,2.2341,0.25,1.5771,-1,0.0,0.6455,0.9752,0.0,-0.0835,1.486,1.0,-0.194,1.0,16824,4,4,0.91,0.914,1,0.746,1
ETHUSDT,16828,17019,1786720500,1786893300,SHORT,EXPIRED,1873.08,1867.46076,1760.6952,1895.55696,-0.4217652209195565,-0.45509855425288986,0.03333333333333339,16,2.18,38.02,0.43642291569631614,0.0027054745243274055,1.434283627063719,base,adaptive disabled,1.15,84.5,90,100,70,80,NEW_YORK,bearish,bearish,FVG,BOS bearish | Vol 2.2x | FVG | ChoCH | Engulfing | Session:NEW_YORK | StrongTrend1h | Zone:FVG | MTF 16 | Risk x1.15,BOS+2 | 1h+2 | 4h+2 | Vol+2 | RSI+1 | BTC+2 | FVG+1 | ChoCH+1 | Engulfing+1 | Zone:FVG+1 | Sess:NEW_YORK | Strong1h+1 | TrendPairRisk:1.15,0,1,-1.0,bull,0.5668,0,2.1727,0.25,1.5771,-1,0.0,0.6455,0.9752,0.0,0.0097,1.607,1.0,-0.0556,1.0,16825,5,5,0.513,0.009,1,0.726,1
SUIUSDT,16828,16861,1786720500,1786751100,SHORT,SL,0.6743,0.6722771,0.633842,0.6823916,-1.0,-1.0333333333333334,0.03333333333333344,16,2.04,37.45,0.18279569892473324,0.0046518925305163465,1.9915914899181355,base,adaptive disabled,1.25,78.7,90,71,70,80,NEW_YORK,bearish,bearish,FVG,BOS bearish | Vol 2.0x | FVG | ChoCH | Engulfing | Session:NEW_YORK | StrongTrend1h | Zone:FVG | MTF 16 | Risk x1.25,BOS+2 | 1h+2 | 4h+2 | Vol+2 | RSI+1 | BTC+2 | FVG+1 | ChoCH+1 | Engulfing+1 | Zone:FVG+1 | Sess:NEW_YORK | Strong1h+1 | QualityRisk:1.15 | TrendPairRisk:1.25,0,0,-1.0,range,0.4507,0,3.4447,0.0526,2.0121,-1,0.0,1.0134,0.3955,0.85,-0.0662,1.294,1.0,-0.2491,1.0,16828,0,1,0.246,0.591,1,1.575,1
LINKUSDT,16834,16837,1786725900,1786729500,LONG,TRAIL,8.849,8.88129506,9.49490124,8.71981975,0.6812186847447678,0.6264177380056188,0.054800946739148954,15,1.68,55.43,0.12107623318385272,0.0051239306693787925,1.6213580618289505,base,adaptive disabled,1.15,62.8,60,74,50,80,NEW_YORK,neutral,bullish,FVG,BOS bullish | Vol 1.7x | FVG | ChoCH | Engulfing | Session:NEW_YORK | Zone:FVG | MTF 15 | Risk x1.15,BOS+2 | 1hN+1 | 4h+2 | Vol+1 | RSI+1 | BTC+2 | FVG+1 | ChoCH+1 | Engulfing+1 | Zone:FVG+1 | Sess:NEW_YORK | NestedOB_1h+2 | QualityRisk:1.15,0,1,-1.0,bear,0.3431,0,3.0117,0.0526,1.6236,-1,0.0,0.1006,3.0964,0.0,-0.0157,1.197,-1.0,-0.1391,2.0,16834,3,4,0.179,0.051,1,1.404,1
XRPUSDT,16858,16876,1786747500,1786764600,SHORT,SL,0.9923,0.98857639,0.91782785,1.00719443,-0.5625,-0.5774899996173065,0.01498999961730659,13,1.91,29.63,0.40939597315435833,0.0053151741492368995,2.315567173072593,base,adaptive disabled,1.15,82.5,90,90,70,80,DEAD_ZONE,bearish,bearish,FVG,BOS bearish | Vol 1.9x | FVG | ChoCH | StrongTrend1h | Zone:FVG | MTF 13 | Risk x1.15,BOS+2 | BodyStrong+1 | 1h+2 | 4h+2 | Vol+1 | BTCok+1 | FVG+1 | ChoCH+1 | Zone:FVG+1 | Sess:DEAD_ZONE | Strong1h+1 | TrendPairRisk:1.15,0,0,-1.0,bear,0.369,0,4.3877,0.1111,7.5202,-1,0.0,1.0071,0.3223,1.13,-0.0919,1.731,1.0,-0.5414,0.5625,16858,0,1,1.52,1.209,1,1.106,2
SUIUSDT,16985,17045,1786861800,1786916700,SHORT,TRAIL,0.675,0.672975,0.6345,0.6831,0.10447827387329028,0.08572827387329027,0.01875000000000001,16,1.62,31.74,0.5686274509803708,0.0015826217410348468,0.9714419997318187,base,adaptive disabled,1.25,84.5,90,100,70,80,OFF_HOURS,bearish,bearish,FVG,BOS bearish | Vol 1.6x | FVG | ChoCH | Engulfing | BearWick | StrongTrend1h | Zone:FVG | MTF 16 | Risk x1.25,BOS+2 | BodyStrong+1 | 1h+2 | 4h+2 | Vol+1 | BTC+2 | FVG+1 | ChoCH+1 | Engulfing+1 | BearWick+1 | Zone:FVG+1 | Sess:OFF_HOURS | Strong1h+1 | QualityRisk:1.15 | TrendPairRisk:1.25,0,0,-1.0,range,0.5185,0,3.6103,0.0526,3.6566,-1,0.0,0.8395,4.3951,9.667,0.0823,1.206,1.0,-0.0387,0.5625,16984,2,3,1.175,0.84,1,1.427,2
SUIUSDT,16985,17045,1786861800,1786916700,SHORT,TRAIL,0.675,0.672975,0.6345,0.6831,0.13762124913312707,0.11262124913312704,0.025000000000000015,15,3.66,34.36,0.4285714285714156,0.002077790311423639,1.2753854713463937,base,adaptive disabled,1.25,84.5,90,100,70,80,OFF_HOURS,bearish,bearish,FVG,BOS bearish | Vol 3.7x | FVG | ChoCH | StrongTrend1h | Zone:FVG | MTF 15 | Risk x1.25,BOS+2 | 1h+2 | 4h+2 | Vol+2 | RSI+1 | BTC+2 | FVG+1 | ChoCH+1 | Zone:FVG+1 | Sess:OFF_HOURS | Strong1h+1 | QualityRisk:1.15 | TrendPairRisk:1.25,0,0,-1.0,range,0.5185,0,3.5034,0.0526,3.6566,-1,0.0,0.8395,4.3951,0.0,0.2519,2.643,-1.0,0.1703,0.75,16985,3,4,0.896,0.163,1,1.385,2
XRPUSDT,17001,17192,1786876200,1787049000,SHORT,EXPIRED,0.999,0.9861,0.93906,1.010988,0.7173840507173792,0.6507173840507126,0.06666666666666668,13,2.29,38.89,0.5517241379310391,0.0019024704166896677,1.7315939830725162,base,adaptive disabled,1.0,74.0,60,100,70,80,LONDON,neutral,bearish,FVG,BOS bearish | Vol 2.3x | FVG | ChoCH | Session:LONDON | Zone:FVG | MTF 13,BOS+2 | 1hN+1 | 4h+2 | Vol+2 | RSI+1 | BTC+2 | FVG+1 | ChoCH+1 | Zone:FVG+1 | Sess:LONDON,0,0,-1.0,range,0.4407,0,4.8805,0.0526,2.3509,-1,0.0,0.7758,0.8992,0.0,-0.1334,1.065,1.0,-0.2898,2.0,17001,0,1,0.0,1.158,1,2.151,4
XRPUSDT,17034,17225,1786905900,1787078700,SHORT,EXPIRED,0.9989,0.9861,0.938966,1.0108868,-0.21899088997896557,-0.2627408899789657,0.043750000000000136,13,2.69,33.4,0.5925925925926261,0.0018696627640863528,2.0749101877293232,base,adaptive disabled,1.0,72.0,60,90,70,80,OFF_HOURS,neutral,bearish,FVG,BOS bearish | Vol 2.7x | FVG | ChoCH | Zone:FVG | MTF 13,BOS+2 | 1hN+1 | 4h+2 | Vol+2 | RSI+1 | BTC+2 | FVG+1 | ChoCH+1 | Zone:FVG+1 | Sess:OFF_HOURS,0,0,-1.0,range,0.2833,0,3.6076,0.1765,3.5458,-1,0.0,0.7842,0.8984,0.0,-0.2874,2.191,-1.0,0.0141,1.3125,17033,0,1,0.998,0.461,1,0.691,0
SUIUSDT,17036,17042,1786907700,1786914000,SHORT,TRAIL,0.6776,0.6755672,0.636944,0.6857312,0.24212293388428863,0.19837293388428862,0.04374999999999997,14,2.53,38.3,0.39393939393937455,0.0019705142668935897,1.6680403271716902,base,adaptive disabled,1.15,80.0,60,100,90,80,OFF_HOURS,neutral,bearish,FVG,BOS bearish | Vol 2.5x | FVG | ChoCH | Zone:FVG | MTF 14 | Risk x1.15,BOS+2 | BodyStrong+1 | 1hN+1 | 4h+2 | Vol+2 | RSI+1 | BTC+2 | FVG+1 | ChoCH+1 | Zone:FVG+1 | Sess:OFF_HOURS | QualityRisk:1.15,0,1,-1.0,bull,0.3731,0,2.2581,0.25,0.7378,-1,0.0,0.0492,1.7218,0.0,-0.1658,1.472,1.0,-0.0277,1.3125,17032,1,2,1.174,1.265,1,1.355,1
LINKUSDT,17062,17068,1786931100,1786937400,LONG,TRAIL,9.503,9.55557252,10.5544505,9.2927099,0.057050095617910274,0.04036864765923318,0.01668144795867709,13,4.76,70.34,0.5959595959596125,0.008711971696043014,2.403735484748501,base,adaptive disabled,1.0,72.0,60,90,70,80,OFF_HOURS,neutral,bullish,FVG,BOS bullish | Vol 4.8x | FVG | ChoCH | Engulfing | Zone:FVG | MTF 13,BOS+2 | 1hN+1 | 4h+2 | Vol+2 | BTC+2 | FVG+1 | ChoCH+1 | Engulfing+1 | Zone:FVG+1 | Sess:OFF_HOURS,0,0,-1.0,range,0.2857,3,4.7472,0.0526,4.6449,-1,0.0,0.2758,1.1223,0.0,-0.0244,3.264,1.0,0.0574,0.9228515625,17062,0,1,1.678,2.583,0,1.457,2
LINKUSDT,17101,17103,1786966200,1786968900,LONG,TRAIL,9.48,9.51860833,10.25216658,9.32556668,0.2428232456570837,0.21213038740602766,0.030692858251056034,17,1.57,63.49,0.7066666666666809,0.006110053463150859,1.789863786380847,base,adaptive disabled,1.0,78.5,90,100,50,80,LONDON,bullish,bullish,FVG,BOS bullish | Vol 1.6x | FVG | LiqSweep | MACD_Div | ChoCH | BullWick | Session:LONDON | StrongTrend1h | Zone:FVG | MTF 17,BOS+2 | 1h+2 | 4h+2 | Vol+1 | RSI+1 | BTC+2 | FVG+1 | LiqSweep+1 | MACD_Div+1 | ChoCH+1 | BullWick+1 | Zone:FVG+1 | Sess:LONDON | Strong1h+1,0,1,-1.0,bear,0.2744,0,3.1609,0.1765,0.8868,-1,0.0,0.0842,2.2016,0.0,0.0391,1.239,1.0,0.1276,1.25,17099,0,1,0.198,1.976,0,0.677,1
ETHUSDT,17102,17114,1786967100,1786978800,LONG,TP1,1903.67,1909.38101,2017.8902,1880.82596,0.0,-0.024999999999999807,0.024999999999999807,17,1.7,65.28,0.5082112738570923,0.003697866397767672,1.9145174288105193,base,adaptive disabled,1.0,76.5,90,90,50,80,LONDON,bullish,bullish,FVG,BOS bullish | Vol 1.7x | FVG | LiqSweep | ChoCH | Engulfing | BullWick | Session:LONDON | StrongTrend1h | Zone:FVG | MTF 17,BOS+2 | 1h+2 | 4h+2 | Vol+1 | RSI+1 | BTC+2 | FVG+1 | LiqSweep+1 | ChoCH+1 | Engulfing+1 | BullWick+1 | Zone:FVG+1 | Sess:LONDON | Strong1h+1,0,0,-1.0,range,0.3817,0,3.9858,-1.0,-1.0,-1,0.0,0.362,1.1066,0.0,0.1526,1.417,1.0,0.0467,0.75,17099,0,2,2.16,0.334,1,0.412,0
AVAXUSDT,17114,17121,1786977900,1786985100,SHORT,TRAIL,6.324,6.305028,5.94456,6.399888,0.18351373176031388,0.15018039842698053,0.033333333333333354,14,1.4,39.4,0.40845070422535246,0.0036481146168590955,1.4444253811354475,base,adaptive disabled,1.15,84.5,90,100,70,80,NEW_YORK,bearish,bearish,FVG,BOS bearish | Vol 1.4x | FVG | ChoCH | Session:NEW_YORK | StrongTrend1h | Zone:FVG | MTF 14 | Risk x1.15,BOS+2 | BodyStrong+1 | 1h+2 | 4h+2 | Vol+1 | RSI+1 | BTCok+1 | FVG+1 | ChoCH+1 | Zone:FVG+1 | Sess:NEW_YORK | Strong1h+1 | TrendPairRisk:1.15,0,0,-1.0,range,0.5441,0,1.8736,0.4286,1.3132,-1,0.0,0.2504,1.5286,0.0,0.0862,1.153,1.0,-0.2374,1.0,17111,7,5,0.551,1.929,0,0.661,3
SUIUSDT,17147,17159,1787007600,1787019300,SHORT,TRAIL,0.6738,0.6717786,0.633372,0.6818856,0.47074428613830266,0.4269942861383028,0.04374999999999985,16,2.5,37.66,0.17647058823529668,0.002224606917905115,1.0762330469425156,base,adaptive disabled,1.15,76.2,60,81,90,80,DEAD_ZONE,neutral,bearish,FVG,BOS bearish | Vol 2.5x | FVG | ChoCH | Engulfing | BearWick | Zone:FVG | MTF 16 | Risk x1.15,BOS+2 | BodyStrong+1 | 1hN+1 | 4h+2 | Vol+2 | RSI+1 | BTC+2 | FVG+1 | ChoCH+1 | Engulfing+1 | BearWick+1 | Zone:FVG+1 | Sess:DEAD_ZONE | QualityRisk:1.15,0,1,-1.0,bull,0.1944,4,2.9668,0.0526,0.8675,-1,0.0,0.3339,2.1767,0.947,-0.11,3.607,1.0,-0.3715,1.3125,17146,0,1,1.452,0.063,1,0.568,3
ETHUSDT,17150,17162,1787010300,1787022000,LONG,SL,1911.56,1917.29468,2026.2536,1888.62128,-1.0,-1.0333333333333334,0.03333333333333351,18,7.23,59.0,0.22386483632524012,0.0032205810640213175,1.736357175525297,base,adaptive disabled,1.15,87.7,90,86,90,80,DEAD_ZONE,bullish,bullish,FVG,BOS bullish | Vol 7.2x | FVG | ChoCH | Engulfing | StrongTrend1h | Zone:FVG | MTF 18 | Risk x1.15,BOS+2 | BodyStrong+1 | 1h+2 | 4h+2 | Vol+2 | RSI+1 | BTCok+1 | FVG+1 | ChoCH+1 | Engulfing+1 | Zone:FVG+1 | Sess:DEAD_ZONE | Strong1h+1 | NestedOB_1h+2 | QualityRisk:1.15,0,1,-1.0,bear,0.4151,0,4.2298,0.0526,7.4193,-1,0.0,1.0223,0.3819,0.0,-0.2274,4.117,-1.0,-0.2932,1.0,17150,0,1,0.464,0.063,1,1.756,2
BTCUSDT,17151,17208,1787011200,1787063400,LONG,TP1,64425.6,64618.8768,68291.136,63652.4928,0.0,-0.012500000000000023,0.012500000000000023,14,2.81,64.6,0.24438135793708818,0.0017267050931876827,0.9788057743547129,base,adaptive disabled,1.15,82.3,90,89,70,80,DEAD_ZONE,bullish,bullish,FVG,BOS bullish | Vol 2.8x | FVG | ChoCH | StrongTrend1h | Zone:FVG | MTF 14 | Risk x1.15,BOS+2 | 1h+2 | 4h+2 | Vol+2 | RSI+1 | BTCok+1 | FVG+1 | ChoCH+1 | Zone:FVG+1 | Sess:DEAD_ZONE | Strong1h+1 | QualityRisk:1.15,0,0,-1.0,range,0.3933,1,2.9427,0.0526,1.3349,-1,0.0,0.5382,3.0578,0.0,-0.1104,2.513,-1.0,-0.2012,0.375,17150,0,1,0.563,0.199,1,1.019,0
BTCUSDT,17152,17208,1787012100,1787063400,LONG,TP1,64425.6,64618.8768,68291.136,63652.4928,0.0,-0.007031250000000013,0.007031250000000013,16,1.53,59.39,0.21773091193127334,0.0018997204722607842,1.0587293380736011,base,adaptive disabled,1.15,81.7,90,86,70,80,OFF_HOURS,bullish,bullish,FVG,BOS bullish | Vol 1.5x | FVG | ChoCH | Engulfing | StrongTrend1h | Zone:FVG | MTF 16 | Risk x1.15,BOS+2 | BodyStrong+1 | 1h+2 | 4h+2 | Vol+1 | RSI+1 | BTC+2 | FVG+1 | ChoCH+1 | Engulfing+1 | Zone:FVG+1 | Sess:OFF_HOURS | Strong1h+1 | QualityRisk:1.15,0,0,-1.0,range,0.3933,0,2.7839,0.1111,1.5273,-1,0.0,0.5382,3.0578,10.0,-0.0698,1.13,-1.0,-0.0353,0.2109375,17152,2,3,0.24,0.501,1,1.354,1
ETHUSDT,17152,17162,1787012100,1787022000,LONG,SL,1911.56,1917.29468,2026.2536,1888.62128,-0.75,-0.7750000000000001,0.025000000000000133,17,1.72,54.85,0.2186448822681411,0.0022846656879211965,1.1507179890052563,base,adaptive disabled,1.15,81.7,90,86,70,80,OFF_HOURS,bullish,bullish,FVG,BOS bullish | Vol 1.7x | FVG | ChoCH | StrongTrend1h | Zone:FVG | MTF 17 | Risk x1.15,BOS+2 | BodyStrong+1 | 1h+2 | 4h+2 | Vol+1 | RSI+1 | BTC+2 | FVG+1 | ChoCH+1 | Zone:FVG+1 | Sess:OFF_HOURS | Strong1h+1 | NestedOB_1h+2 | QualityRisk:1.15,0,1,-1.0,bear,0.4151,0,4.1116,0.1765,3.938,-1,0.0,1.0223,0.1238,0.0,-0.2061,1.484,-1.0,-0.2049,0.75,17152,2,3,0.03,0.503,1,1.16,1
ADAUSDT,17163,17208,1787022000,1787063400,SHORT,SL,0.172,0.17114937,0.15498748,0.1754025,-0.421875,-0.4304054922850845,0.008530492285084488,15,2.39,32.19,0.6216216216216192,0.00562864736472005,1.625740981448036,base,adaptive disabled,1.15,84.5,90,100,70,80,OFF_HOURS,bearish,bearish,FVG,BOS bearish | Vol 2.4x | FVG | ChoCH | StrongTrend1h | Zone:FVG | MTF 15 | Risk x1.15,BOS+2 | 1h+2 | 4h+2 | Vol+2 | RSI+1 | BTC+2 | FVG+1 | ChoCH+1 | Zone:FVG+1 | Sess:OFF_HOURS | Strong1h+1 | TrendPairRisk:1.15,0,1,-1.0,bull,0.2895,0,4.2704,0.0526,2.2976,-1,0.0,1.4107,0.7054,0.0,-0.2448,1.529,1.0,-0.2749,0.421875,17163,0,4,2.562,-1.0,0,1.566,4
BTCUSDT,17178,17208,1787035500,1787063400,LONG,TP1,64316.2,64509.1486,68175.172,63544.4056,0.0,-0.005273437500000007,0.005273437500000007,15,1.45,68.1,0.8492753623188406,0.0018578669320094166,1.3468152853262527,base,adaptive disabled,1.0,84.5,90,100,70,80,OFF_HOURS,bullish,bullish,FVG,BOS bullish | Vol 1.4x | FVG | ChoCH | BullWick | StrongTrend1h | Zone:FVG | MTF 15,BOS+2 | BodyStrong+1 | 1h+2 | 4h+2 | Vol+1 | BTC+2 | FVG+1 | ChoCH+1 | BullWick+1 | Zone:FVG+1 | Sess:OFF_HOURS | Strong1h+1,0,0,-1.0,bull,0.2586,3,3.4779,0.0526,1.4148,-1,0.0,0.3886,3.63,0.0,0.1599,1.225,-1.0,-0.0308,0.158203125,17178,0,1,1.726,0.674,1,1.18,2
BTCUSDT,17179,17208,1787036400,1787063400,LONG,TP1,64316.2,64509.1486,68175.172,63544.4056,0.0,-0.009375000000000014,0.009375000000000014,16,1.86,55.79,0.38747203579417694,0.00202752411050295,1.469804115862829,base,adaptive disabled,1.15,84.5,90,100,70,80,OFF_HOURS,bullish,bullish,FVG,BOS bullish | Vol 1.9x | FVG | ChoCH | BullWick | StrongTrend1h | Zone:FVG | MTF 16 | Risk x1.15,BOS+2 | BodyStrong+1 | 1h+2 | 4h+2 | Vol+1 | RSI+1 | BTC+2 | FVG+1 | ChoCH+1 | BullWick+1 | Zone:FVG+1 | Sess:OFF_HOURS | Strong1h+1 | QualityRisk:1.15,0,0,-1.0,bull,0.2586,0,3.2979,0.1111,1.6874,-1,0.0,0.3886,3.63,0.0,0.1196,1.113,-1.0,-0.0579,0.28125,17179,1,2,0.477,1.798,1,1.673,3
ETHUSDT,17180,17197,1787037300,1787053500,LONG,TRAIL,1899.17,1904.86751,2013.1202,1876.37996,0.16209361672208936,0.12928111672208947,0.032812499999999876,17,1.52,61.7,0.6114081996434777,0.0026218228944216242,1.4597438483108134,base,adaptive disabled,1.0,74.0,60,100,70,80,OFF_HOURS,neutral,bullish,FVG,BOS bullish | Vol 1.5x | FVG | LiqSweep | ChoCH | BullWick | Zone:FVG | MTF 17,BOS+2 | BodyStrong+1 | 1hN+1 | 4h+2 | Vol+1 | RSI+1 | BTC+2 | FVG+1 | LiqSweep+1 | ChoCH+1 | BullWick+1 | Zone:FVG+1 | Sess:OFF_HOURS | NestedOB_1h+2,0,0,-1.0,range,0.3222,0,3.4485,0.1765,0.9327,-1,0.0,0.283,1.0004,0.0,0.1307,0.867,-1.0,-0.1633,0.984375,17178,0,1,1.738,0.791,1,0.488,0
SOLUSDT,17200,17208,1787055300,1787063400,LONG,TP1,76.2,76.4286,80.772,75.2856,0.0,-0.04374999999999998,0.04374999999999998,18,1.87,65.88,0.29292929292930076,0.0038058571587542937,1.805641355758747,base,adaptive disabled,1.15,81.5,90,85,70,80,OVERLAP,bullish,bullish,FVG,BOS bullish | Vol 1.9x | FVG | ChoCH | Engulfing | Session:OVERLAP | StrongTrend1h | Zone:FVG | MTF 18 | Risk x1.15,BOS+2 | BodyStrong+1 | 1h+2 | 4h+2 | Vol+1 | RSI+1 | BTC+2 | FVG+1 | ChoCH+1 | Engulfing+1 | Zone:FVG+1 | Sess:OVERLAP | Strong1h+1 | NestedOB_1h+2 | QualityRisk:1.15,0,1,-1.0,bear,0.3973,1,3.9841,0.0526,2.5051,-1,0.0,0.2078,3.6745,4.143,0.0577,1.671,1.0,0.3721,1.3125,17198,0,1,1.066,1.403,0,1.178,0
SOLUSDT,17200,17208,1787055300,1787063400,LONG,TP1,76.2,76.4286,80.772,75.2856,0.0,-0.04374999999999998,0.04374999999999998,15,2.44,63.92,0.48888888888888327,0.002358605305377076,1.119010804571235,base,adaptive disabled,1.15,84.5,90,100,70,80,OVERLAP,bullish,bullish,FVG,BOS bullish | Vol 2.4x | FVG | ChoCH | Session:OVERLAP | StrongTrend1h | Zone:FVG | MTF 15 | Risk x1.15,BOS+2 | 1h+2 | 4h+2 | Vol+2 | RSI+1 | BTC+2 | FVG+1 | ChoCH+1 | Zone:FVG+1 | Sess:OVERLAP | Strong1h+1 | QualityRisk:1.15,0,1,-1.0,bear,0.3973,1,4.0038,0.0526,2.5051,-1,0.0,0.2078,3.6745,0.0,-0.1093,2.059,1.0,0.4024,1.3125,17200,2,3,0.959,1.523,0,1.184,0
BTCUSDT,17210,17297,1787064300,1787143500,LONG,TP1,64703.5,64914.8301433,68930.1028661,63858.17942678,0.0,-0.010763880562897342,0.010763880562897342,16,5.0,67.07,0.3611847922192809,0.006636783144362707,5.593186059732238,base,adaptive disabled,1.0,86.5,90,80,90,80,NEW_YORK,bullish,bullish,FVG,BOS bullish | Vol 5.0x | FVG | ChoCH | Session:NEW_YORK | StrongTrend1h | Zone:FVG | MTF 16,BOS+2 | BodyStrong+1 | 1h+2 | 4h+2 | Vol+2 | RSI+1 | BTC+2 | FVG+1 | ChoCH+1 | Zone:FVG+1 | Sess:NEW_YORK | Strong1h+1,0,0,-1.0,range,0.3267,0,6.4546,0.0526,4.8347,-1,0.0,0.6644,1.0448,3.544,0.1727,2.373,1.0,0.2797,0.3515625,17210,0,1,2.403,-1.0,0,2.109,4
BTCUSDT,17211,17297,1787065200,1787143500,LONG,TP1,64703.5,64915.27977593,68939.09551852,63856.3808963,0.0,-0.00859282209338278,0.00859282209338278,14,1.31,63.75,0.2934408979305557,0.00674524549742925,5.520833067930939,base,adaptive disabled,1.0,73.5,90,75,50,80,NEW_YORK,bullish,bullish,FVG,BOS bullish | Vol 1.3x | FVG | ChoCH | Session:NEW_YORK | StrongTrend1h | Zone:FVG | MTF 14,BOS+2 | 1h+2 | 4h+2 | Vol+1 | RSI+1 | BTC+2 | FVG+1 | ChoCH+1 | Zone:FVG+1 | Sess:NEW_YORK | Strong1h+1,0,0,-1.0,range,0.3267,0,6.382,0.1111,3.0631,-1,0.0,0.663,1.0426,3.336,0.1351,1.146,1.0,0.1947,0.28125,17211,1,2,1.937,-1.0,0,1.146,0
LINKUSDT,17211,17211,1787065200,1787066100,LONG,TP1,9.458,9.486374,10.02548,9.344504,0.0,-0.06666666666666692,0.06666666666666692,13,2.36,52.75,0.18666666666666493,0.006787285234978624,1.9992797070495993,base,adaptive disabled,1.15,68.4,60,72,70,80,NEW_YORK,neutral,bullish,FVG,BOS bullish | Vol 2.4x | FVG | ChoCH | Session:NEW_YORK | Zone:FVG | MTF 13 | Risk x1.15,BOS+2 | 1hN+1 | 4h+2 | Vol+2 | RSI+1 | BTC+2 | FVG+1 | ChoCH+1 | Zone:FVG+1 | Sess:NEW_YORK | QualityRisk:1.15,0,1,-1.0,bear,0.4921,0,3.497,0.1111,3.0827,-1,0.0,0.0352,1.8327,0.0,-0.1674,2.122,1.0,-0.3345,2.0,17211,1,2,0.278,0.056,1,1.11,0
LINKUSDT,17219,17227,1787072400,1787080500,LONG,TRAIL,9.458,9.486374,10.02548,9.344504,0.6808279585709456,0.6261404585709455,0.0546875000000002,14,2.73,60.67,0.4019607843137209,0.005786203585372546,1.6622184845427646,base,adaptive disabled,1.0,74.0,60,100,70,80,NEW_YORK,neutral,bullish,FVG,BOS bullish | Vol 2.7x | FVG | ChoCH | Engulfing | Session:NEW_YORK | Zone:FVG | MTF 14,BOS+2 | 1hN+1 | 4h+2 | Vol+2 | RSI+1 | BTC+2 | FVG+1 | ChoCH+1 | Engulfing+1 | Zone:FVG+1 | Sess:NEW_YORK,0,1,-1.0,bear,0.6025,0,2.3114,0.4286,0.9671,-1,0.0,0.1234,2.3613,0.0,-0.1708,2.011,-1.0,-0.358,1.640625,17214,4,5,1.482,0.829,0,0.628,3
LINKUSDT,17219,17227,1787072400,1787080500,LONG,TRAIL,9.458,9.486374,10.02548,9.344504,0.8153624879870031,0.7486958213203362,0.06666666666666692,14,1.32,53.82,0.22746781115879783,0.006039743818900369,1.7313932281030093,base,adaptive disabled,1.15,71.4,60,87,70,80,NEW_YORK,neutral,bullish,FVG,BOS bullish | Vol 1.3x | FVG | ChoCH | Engulfing | Session:NEW_YORK | Zone:FVG | MTF 14 | Risk x1.15,BOS+2 | BodyStrong+1 | 1hN+1 | 4h+2 | Vol+1 | RSI+1 | BTC+2 | FVG+1 | ChoCH+1 | Engulfing+1 | Zone:FVG+1 | Sess:NEW_YORK | QualityRisk:1.15,0,1,-1.0,bear,0.6025,0,2.219,0.4286,0.9671,-1,0.0,0.1234,2.3613,0.0,-0.1811,0.871,-1.0,-0.3822,2.0,17215,5,6,0.724,0.482,1,0.603,3
SUIUSDT,17244,17248,1787094900,1787099400,SHORT,TRAIL,0.6519,0.64969225,0.60774493,0.66073101,0.19401738280982944,0.1718715580400692,0.022145824769760267,16,3.82,34.39,0.7752808988763826,0.004817449218854846,1.6617664307995736,base,adaptive disabled,1.25,84.5,90,100,70,80,DEAD_ZONE,bearish,bearish,FVG,BOS bearish | Vol 3.8x | FVG | MACD_Div | ChoCH | BearWick | StrongTrend1h | Zone:FVG | MTF 16 | Risk x1.25,BOS+2 | 1h+2 | 4h+2 | Vol+2 | RSI+1 | BTCok+1 | FVG+1 | MACD_Div+1 | ChoCH+1 | BearWick+1 | Zone:FVG+1 | Sess:DEAD_ZONE | Strong1h+1 | QualityRisk:1.15 | TrendPairRisk:1.25,0,0,-1.0,range,0.459,0,2.5549,0.1111,2.6407,-1,0.0,0.0793,1.8571,0.0,-0.1063,3.158,1.0,-0.5087,0.75,17240,1,1,0.493,8.382,0,1.076,2
SUIUSDT,17244,17248,1787094900,1787099400,SHORT,TRAIL,0.6519,0.64969101,0.60772029,0.66073594,0.19370000589194997,0.1715665373532319,0.022133468538718042,14,3.41,37.89,0.5903614457831283,0.005228633481079274,1.8005762564173735,base,adaptive disabled,1.25,82.5,90,90,70,80,DEAD_ZONE,bearish,bearish,FVG,BOS bearish | Vol 3.4x | FVG | ChoCH | StrongTrend1h | Zone:FVG | MTF 14 | Risk x1.25,BOS+2 | 1h+2 | 4h+2 | Vol+2 | RSI+1 | BTCok+1 | FVG+1 | ChoCH+1 | Zone:FVG+1 | Sess:DEAD_ZONE | Strong1h+1 | QualityRisk:1.15 | TrendPairRisk:1.25,0,0,-1.0,range,0.459,0,2.5493,0.1111,2.6407,-1,0.0,0.0792,1.8561,0.0,0.0497,3.314,1.0,-0.3201,0.75,17241,2,2,0.179,8.676,0,1.073,2
LINKUSDT,17264,17275,1787112900,1787123700,LONG,TRAIL,9.603,9.64965169,10.53603388,9.41639322,0.18348639616250703,0.16901294696628813,0.014473449196218917,14,1.59,64.25,0.47445255474452375,0.008447740553299762,2.862577227519699,base,adaptive disabled,1.15,82.5,90,90,70,80,OFF_HOURS,bullish,bullish,FVG,BOS bullish | Vol 1.6x | FVG | ChoCH | StrongTrend1h | Zone:FVG | MTF 14 | Risk x1.15,BOS+2 | BodyStrong+1 | 1h+2 | 4h+2 | Vol+1 | RSI+1 | BTCok+1 | FVG+1 | ChoCH+1 | Zone:FVG+1 | Sess:OFF_HOURS | Strong1h+1 | RelStrengthRisk:1.15,0,1,-1.0,bear,0.4852,0,4.5272,0.1111,2.2207,-1,0.0,0.2411,1.6077,0.0,0.2576,0.928,1.0,0.5751,0.703125,17264,2,5,2.36,2.317,0,1.716,5
ETHUSDT,17280,17282,1787127300,1787130000,LONG,TRAIL,1914.57,1920.31371,2029.4442,1891.59516,0.4269888277785652,0.38948882777856497,0.037500000000000235,19,2.89,64.68,0.3857142857142891,0.002319514012101068,1.5910286525658455,base,adaptive disabled,1.0,90.5,90,100,90,80,LONDON,bullish,bullish,FVG,BOS bullish | Vol 2.9x | FVG | LiqSweep | ChoCH | Engulfing | BullWick | Session:LONDON | StrongTrend1h | Zone:FVG | MTF 19,BOS+2 | BodyStrong+1 | 1h+2 | 4h+2 | Vol+2 | RSI+1 | BTC+2 | FVG+1 | LiqSweep+1 | ChoCH+1 | Engulfing+1 | BullWick+1 | Zone:FVG+1 | Sess:LONDON | Strong1h+1,0,1,-1.0,bear,0.3832,0,2.4315,0.1765,1.5032,-1,0.0,0.0104,2.6377,0.0,0.2087,1.974,1.0,0.1423,1.125,17276,0,1,1.666,0.594,1,0.655,0
ETHUSDT,17283,17299,1787130000,1787145300,LONG,TRAIL,1920.65,1926.41195,2035.889,1897.6022,0.6720815001865676,0.6387481668532344,0.033333333333333263,15,1.48,59.67,0.3550335570469856,0.0035467547695417936,2.166353280642368,base,adaptive disabled,1.15,82.5,90,90,70,80,LONDON,bullish,bullish,FVG,BOS bullish | Vol 1.5x | FVG | ChoCH | Session:LONDON | StrongTrend1h | Zone:FVG | MTF 15 | Risk x1.15,BOS+2 | BodyStrong+1 | 1h+2 | 4h+2 | Vol+1 | RSI+1 | BTC+2 | FVG+1 | ChoCH+1 | Zone:FVG+1 | Sess:LONDON | Strong1h+1 | QualityRisk:1.15,0,0,-1.0,range,0.3695,0,3.5521,0.1111,4.3825,-1,0.0,0.1796,3.8095,0.0,-0.008,1.321,1.0,0.2713,1.0,17283,0,1,0.058,0.367,1,1.117,2
SOLUSDT,17283,17293,1787130000,1787139900,LONG,TRAIL,77.33,77.56199,81.9698,76.40204,0.12301374617185779,0.09801374617185776,0.025000000000000036,15,1.98,63.65,0.5102040816326436,0.0037924155817591824,1.7179642585391233,base,adaptive disabled,1.15,84.5,90,100,70,80,LONDON,bullish,bullish,FVG,BOS bullish | Vol 2.0x | FVG | ChoCH | Session:LONDON | StrongTrend1h | Zone:FVG | MTF 15 | Risk x1.15,BOS+2 | BodyStrong+1 | 1h+2 | 4h+2 | Vol+1 | RSI+1 | BTC+2 | FVG+1 | ChoCH+1 | Zone:FVG+1 | Sess:LONDON | Strong1h+1 | QualityRisk:1.15,0,0,-1.0,bull,0.3048,0,3.9878,0.1111,4.3234,-1,0.0,0.1832,1.0776,0.0,0.0186,2.423,1.0,0.322,0.75,17283,0,2,0.971,0.256,1,0.818,3
ETHUSDT,17301,17304,1787146200,1787149800,LONG,TRAIL,1930.98,1936.77294,2046.8388,1907.80824,0.1213761923997144,0.10262619239971435,0.018750000000000044,15,1.37,71.48,0.6270022883295013,0.004914861759230558,3.001991281564801,base,adaptive disabled,1.0,74.5,90,80,50,80,NEW_YORK,bullish,bullish,FVG,BOS bullish | Vol 1.4x | FVG | ChoCH | Engulfing | BullWick | Session:NEW_YORK | StrongTrend1h | Zone:FVG | MTF 15,BOS+2 | 1h+2 | 4h+2 | Vol+1 | BTC+2 | FVG+1 | ChoCH+1 | Engulfing+1 | BullWick+1 | Zone:FVG+1 | Sess:NEW_YORK | Strong1h+1,0,0,-1.0,range,0.4415,1,4.8503,0.1765,3.155,-1,0.0,0.1718,1.6831,5.028,0.1139,1.023,1.0,0.5263,0.5625,17300,1,2,2.17,-1.0,0,0.803,0
BTCUSDT,17371,17376,1787209200,1787214600,LONG,TRAIL,69752.1,70027.36368346,75257.37366918,68651.04526616,0.381679586525718,0.37455268264998365,0.007126903875734355,19,2.14,65.57,0.4946181445412609,0.0033995280195024662,0.9850422571080788,base,adaptive disabled,1.15,90.5,90,100,90,80,OFF_HOURS,bullish,bullish,FVG,BOS bullish | Vol 2.1x | FVG | ChoCH | Engulfing | StrongTrend1h | Zone:FVG | MTF 19 | Risk x1.15,BOS+2 | BodyStrong+1 | 1h+2 | 4h+2 | Vol+2 | RSI+1 | BTC+2 | FVG+1 | ChoCH+1 | Engulfing+1 | Zone:FVG+1 | Sess:OFF_HOURS | Strong1h+1 | NestedOB_1h+2 | QualityRisk:1.15,0,1,-1.0,bear,0.1571,3,2.5555,0.0526,2.2433,-1,0.0,0.2444,6.6387,0.0,-0.1445,2.99,-1.0,-0.1441,0.28125,17371,0,1,0.785,0.135,1,0.717,2
LINKUSDT,17371,17447,1787209200,1787278500,LONG,TRAIL,10.545,10.892,11.74751855,10.30449629,0.6051751758839795,0.5959265204786223,0.009248655405357346,17,1.96,64.69,0.5537190082644622,0.0052201331003808036,0.8741651461831828,base,adaptive disabled,1.25,84.5,90,100,70,80,OFF_HOURS,bullish,bullish,FVG,BOS bullish | Vol 2.0x | FVG | ChoCH | Engulfing | Discount | StrongTrend1h | Zone:FVG | MTF 17 | Risk x1.25,BOS+2 | BodyStrong+1 | 1h+2 | 4h+2 | Vol+1 | RSI+1 | BTC+2 | FVG+1 | ChoCH+1 | Engulfing+1 | Discount+1 | Zone:FVG+1 | Sess:OFF_HOURS | Strong1h+1 | QualityRisk:1.15 | RelStrengthRisk:1.25,0,0,-1.0,range,0.1733,2,3.2291,0.0526,1.9157,-1,0.0,0.237,1.0173,0.0,0.0567,2.734,1.0,0.0062,0.52734375,17371,0,1,2.0,5.669,1,0.716,1
AVAXUSDT,17372,17375,1787210100,1787213700,LONG,TRAIL,6.788,6.81939456,7.41589124,6.66242175,0.26278435955270096,0.23035199168645032,0.03243236786625067,17,5.0,61.25,0.42446043165467673,0.004658686642134181,0.9893885756378044,base,adaptive disabled,1.15,84.5,90,100,70,80,LONDON,bullish,bullish,FVG,BOS bullish | Vol 5.0x | FVG | LiqSweep | ChoCH | Engulfing | Session:LONDON | StrongTrend1h | Zone:FVG | MTF 17 | Risk x1.15,BOS+2 | 1h+2 | 4h+2 | Vol+2 | RSI+1 | BTC+2 | FVG+1 | LiqSweep+1 | ChoCH+1 | Engulfing+1 | Zone:FVG+1 | Sess:LONDON | Strong1h+1 | QualityRisk:1.15,0,0,-1.0,range,0.3165,0,3.4338,0.0526,5.1475,-1,0.0,0.008,3.7905,0.0,-0.2907,3.474,1.0,-0.3359,1.5,17372,0,2,0.687,2.682,0,1.439,3
BTCUSDT,17372,17376,1787210100,1787214600,LONG,TRAIL,69752.1,70028.60734893,75282.24697853,68646.07060429,0.7586607649961572,0.7444710675424785,0.014189697453678624,18,2.85,63.02,0.42285546989363143,0.003117905274488845,0.9013441050754275,base,adaptive disabled,1.15,84.5,90,100,70,80,LONDON,bullish,bullish,FVG,BOS bullish | Vol 2.9x | FVG | ChoCH | Engulfing | Session:LONDON | StrongTrend1h | Zone:FVG | MTF 18 | Risk x1.15,BOS+2 | 1h+2 | 4h+2 | Vol+2 | RSI+1 | BTC+2 | FVG+1 | ChoCH+1 | Engulfing+1 | Zone:FVG+1 | Sess:LONDON | Strong1h+1 | NestedOB_1h+2 | QualityRisk:1.15,0,0,-1.0,range,0.2415,0,2.997,0.0526,2.8674,-1,0.0,0.2433,6.6089,0.0,-0.2267,2.231,-1.0,-0.2131,0.5625,17372,1,2,0.513,0.386,1,1.278,3
LINKUSDT,17372,17375,1787210100,1787213700,LONG,TP1,10.545,10.60502765,11.74555294,10.30488941,0.0,-0.012351730300608543,0.012351730300608543,17,1.7,59.02,0.4082397003745299,0.00562171321723641,0.9906395641067041,base,adaptive disabled,1.25,84.5,90,100,70,80,LONDON,bullish,bullish,FVG,BOS bullish | Vol 1.7x | FVG | ChoCH | Engulfing | Discount | Session:LONDON | StrongTrend1h | Zone:FVG | MTF 17 | Risk x1.25,BOS+2 | BodyStrong+1 | 1h+2 | 4h+2 | Vol+1 | RSI+1 | BTC+2 | FVG+1 | ChoCH+1 | Engulfing+1 | Discount+1 | Zone:FVG+1 | Sess:LONDON | Strong1h+1 | QualityRisk:1.15 | RelStrengthRisk:1.25,0,0,-1.0,range,0.1733,0,3.2526,0.1111,1.8771,-1,0.0,0.1541,1.9824,0.0,-0.0095,1.88,-1.0,-0.0173,0.703125,17372,1,2,1.312,6.413,0,0.906,2
SUIUSDT,17375,17375,1787212800,1787213700,LONG,TP1,0.7074,0.71176123,0.79462453,0.68995509,0.0,-0.009123864783481239,0.009123864783481239,17,1.37,56.45,0.38461538461538464,0.006351775534770402,1.2145624841851872,base,adaptive disabled,1.15,81.5,90,100,60,80,OFF_HOURS,bullish,bullish,OB,BOS bullish | Vol 1.4x | OB | LiqSweep | ChoCH | Engulfing | BullWick | StrongTrend1h | Zone:OB | MTF 17 | Risk x1.15,BOS+2 | 1h+2 | 4h+2 | Vol+1 | RSI+1 | BTC+2 | OB+1 | LiqSweep+1 | ChoCH+1 | Engulfing+1 | BullWick+1 | Zone:OB+1 | Sess:OFF_HOURS | Strong1h+1 | QualityRisk:1.15,0,0,-1.0,range,0.0,1,2.0302,0.25,1.2379,-1,0.0,0.3153,2.0178,0.0,-0.0452,1.782,1.0,-0.0096,0.5625,17371,23,1,0.741,5.816,0,0.823,0
SUIUSDT,17375,17375,1787212800,1787213700,LONG,TP1,0.7074,0.71176578,0.79471563,0.68993687,0.0,-0.01822869096204404,0.01822869096204404,17,2.59,57.22,0.5284552845528424,0.005251200172057439,0.9512963681498795,base,adaptive disabled,1.15,87.5,90,100,80,80,LONDON,bullish,bullish,OB,BOS bullish | Vol 2.6x | OB | LiqSweep | ChoCH | Engulfing | Session:LONDON | StrongTrend1h | Zone:OB | MTF 17 | Risk x1.15,BOS+2 | 1h+2 | 4h+2 | Vol+2 | RSI+1 | BTC+2 | OB+1 | LiqSweep+1 | ChoCH+1 | Engulfing+1 | Zone:OB+1 | Sess:LONDON | Strong1h+1 | QualityRisk:1.15,0,0,-1.0,range,0.0,1,2.0201,0.25,1.2379,-1,0.0,0.3149,2.0157,0.0,-0.0304,2.433,-1.0,0.1346,1.125,17372,24,2,0.846,5.678,0,0.819,0
ETHUSDT,17377,17410,1787214600,1787245200,LONG,TRAIL,2269.91,2342.14,2545.72585303,2214.74682939,2.000400562182278,1.977254242620136,0.023146319562141755,19,2.86,63.93,0.3489681050656734,0.008892648200651132,1.6165962320199398,base,adaptive disabled,1.0,90.5,90,100,90,80,LONDON,bullish,bullish,FVG,BOS bullish | Vol 2.9x | FVG | LiqSweep | ChoCH | BullWick | Session:LONDON | StrongTrend1h | Zone:FVG | MTF 19,BOS+2 | BodyStrong+1 | 1h+2 | 4h+2 | Vol+2 | RSI+1 | BTCok+1 | FVG+1 | LiqSweep+1 | ChoCH+1 | BullWick+1 | Zone:FVG+1 | Sess:LONDON | Strong1h+1 | NestedOB_1h+2,0,0,-1.0,range,0.3319,0,3.3448,0.1111,4.4361,-1,0.0,0.2703,1.2671,2.155,0.1557,2.627,1.0,0.2238,1.40625,17377,0,1,0.824,4.95,1,1.09,2
AVAXUSDT,17382,17385,1787219100,1787222700,LONG,TRAIL,6.86,6.90731152,7.8062304,6.67075392,0.35667845801614484,0.3444443869061911,0.012234071109953757,14,2.87,70.57,0.6186046511627937,0.009102807166164718,1.994102047301145,base,adaptive disabled,1.0,82.5,90,90,70,80,LONDON,bullish,bullish,FVG,BOS bullish | Vol 2.9x | FVG | ChoCH | BullWick | Session:LONDON | StrongTrend1h | Zone:FVG | MTF 14,BOS+2 | 1h+2 | 4h+2 | Vol+2 | BTCok+1 | FVG+1 | ChoCH+1 | BullWick+1 | Zone:FVG+1 | Sess:LONDON | Strong1h+1,0,0,-1.0,range,0.4036,1,2.483,0.25,1.5064,-1,0.0,0.0211,2.2405,5.542,0.0823,2.002,-1.0,-0.0142,0.84375,17377,0,1,1.407,0.055,1,1.021,0
AVAXUSDT,17382,17385,1787219100,1787222700,LONG,TRAIL,6.86,6.90252575,7.71051501,6.689897,0.26454559884305395,0.25547168480273724,0.009073914040316744,14,1.86,71.23,0.6381909547738659,0.005974435214444415,1.2688206786863017,base,adaptive disabled,1.0,78.5,90,100,50,80,LONDON,bullish,bullish,FVG,BOS bullish | Vol 1.9x | FVG | ChoCH | Engulfing | Session:LONDON | StrongTrend1h | Zone:FVG | MTF 14,BOS+2 | 1h+2 | 4h+2 | Vol+1 | BTC+2 | FVG+1 | ChoCH+1 | Engulfing+1 | Zone:FVG+1 | Sess:LONDON | Strong1h+1,0,0,-1.0,range,0.4036,1,2.4257,0.25,1.5064,-1,0.0,0.0235,2.4926,3.024,0.0844,2.654,-1.0,-0.0678,0.5625,17380,3,4,2.129,-1.0,0,0.997,0
LINKUSDT,17382,17447,1787219100,1787278500,LONG,TRAIL,10.605,10.892,11.87830226,10.35033955,0.596382359333767,0.5846700724435178,0.011712286890249297,16,1.65,66.79,0.4012738853503189,0.004468026344830262,0.9341749481860342,base,adaptive disabled,1.15,84.5,90,100,70,80,LONDON,bullish,bullish,FVG,BOS bullish | Vol 1.6x | FVG | ChoCH | Engulfing | Session:LONDON | StrongTrend1h | Zone:FVG | MTF 16 | Risk x1.15,BOS+2 | BodyStrong+1 | 1h+2 | 4h+2 | Vol+1 | RSI+1 | BTC+2 | FVG+1 | ChoCH+1 | Engulfing+1 | Zone:FVG+1 | Sess:LONDON | Strong1h+1 | QualityRisk:1.15,0,0,-1.0,bull,0.3276,1,1.7563,0.25,1.2001,-1,0.0,0.4594,1.0209,1.355,0.2346,2.254,1.0,0.0468,0.703125,17380,3,4,1.628,4.007,1,0.695,0
ADAUSDT,17391,17396,1787227200,1787232600,LONG,TP1,0.1925,0.19418437,0.2261875,0.1857625,0.0,-0.014062499999999985,0.014062499999999985,13,1.94,69.27,0.37373737373737315,0.012972000171911436,2.0225510278848935,base,adaptive disabled,1.15,76.5,90,90,50,80,OVERLAP,bullish,bullish,FVG,BOS bullish | Vol 1.9x | FVG | ChoCH | Engulfing | Session:OVERLAP | StrongTrend1h | Zone:FVG | MTF 13 | Risk x1.15,BOS+2 | 1h+2 | 4h+2 | Vol+1 | BTCok+1 | FVG+1 | ChoCH+1 | Engulfing+1 | Zone:FVG+1 | Sess:OVERLAP | Strong1h+1 | RelStrengthRisk:1.15,0,0,-1.0,bull,0.2377,2,3.7252,0.0526,1.8853,-1,0.0,0.4007,1.0686,0.755,0.2371,1.149,1.0,0.4861,1.23046875,17391,0,1,0.64,-1.0,0,1.688,1
ETHUSDT,17391,17410,1787227200,1787245200,LONG,TRAIL,2285.23,2342.14,2563.0756783,2229.66086434,1.9887388689320509,1.9599520076465429,0.02878686128550806,17,2.06,60.64,0.17783735478105325,0.00889077250797971,1.7393324888857042,base,adaptive disabled,1.25,89.7,90,81,100,80,OVERLAP,bullish,bullish,OB,BOS bullish | Vol 2.1x | OB | ChoCH | Session:OVERLAP | StrongTrend1h | Zone:OB | MTF 17 | Risk x1.25,BOS+2 | BodyStrong+1 | 1h+2 | 4h+2 | Vol+2 | RSI+1 | BTCok+1 | OB+1 | ChoCH+1 | Zone:OB+1 | Sess:OVERLAP | Strong1h+1 | NestedOB_1h+2 | QualityRisk:1.15 | RelStrengthRisk:1.25,0,0,-1.0,bull,0.4483,0,2.6623,0.0526,2.0218,-1,0.0,0.544,1.339,0.55,0.0832,1.158,1.0,0.089,1.75,17391,5,1,0.154,3.19,1,1.782,4
SUIUSDT,17391,17400,1787227200,1787236200,LONG,TRAIL,0.7206,0.72690525,0.846705,0.695379,0.2873560627976277,0.2759274913690563,0.011428571428571408,15,1.73,65.41,0.3280423280423306,0.009472762266242375,1.712141057031154,base,adaptive disabled,1.15,84.3,90,99,70,80,LONDON,bullish,bullish,FVG,BOS bullish | Vol 1.7x | FVG | ChoCH | Session:LONDON | StrongTrend1h | Zone:FVG | MTF 15 | Risk x1.15,BOS+2 | BodyStrong+1 | 1h+2 | 4h+2 | Vol+1 | RSI+1 | BTC+2 | FVG+1 | ChoCH+1 | Zone:FVG+1 | Sess:LONDON | Strong1h+1 | QualityRisk:1.15,0,0,-1.0,bull,0.409,0,1.871,0.4286,0.6391,-1,0.0,0.1982,1.586,0.838,0.1816,1.19,1.0,0.3826,1.0,17386,7,1,0.109,-1.0,0,1.108,1
ETHUSDT,17394,17394,1787229900,1787230800,LONG,TP1,2269.91,2280.30962078,2477.90241557,2228.31151689,0.0,-0.019183758029464378,0.019183758029464378,17,2.86,49.08,0.1787234042553171,0.012120185302414497,2.371113651697166,base,adaptive disabled,1.15,84.7,90,71,90,80,OVERLAP,bullish,bullish,FVG,BOS bullish | Vol 2.9x | FVG | ChoCH | Session:OVERLAP | StrongTrend1h | Zone:FVG | MTF 17 | Risk x1.15,BOS+2 | BodyStrong+1 | 1h+2 | 4h+2 | Vol+2 | RSI+1 | BTCok+1 | FVG+1 | ChoCH+1 | Zone:FVG+1 | Sess:OVERLAP | Strong1h+1 | NestedOB_1h+2 | RelStrengthRisk:1.15,0,0,-1.0,bull,0.6546,2,3.2161,0.25,1.4732,-1,0.0,0.0964,2.3135,0.0,0.0127,1.36,-1.0,-0.0283,0.87890625,17392,15,2,1.538,4.317,0,0.729,1
ADAUSDT,17395,17396,1787230800,1787232600,LONG,TP1,0.1925,0.19418437,0.2261875,0.1857625,0.0,-0.01874999999999998,0.01874999999999998,16,1.65,62.32,0.1456310679611655,0.01661013425577171,2.5897967674299625,base,adaptive disabled,1.15,77.9,90,67,70,80,OVERLAP,bullish,bullish,FVG,BOS bullish | Vol 1.6x | FVG | ChoCH | Engulfing | BullWick | Session:OVERLAP | StrongTrend1h | Zone:FVG | MTF 16 | Risk x1.15,BOS+2 | BodyStrong+1 | 1h+2 | 4h+2 | Vol+1 | RSI+1 | BTCok+1 | FVG+1 | ChoCH+1 | Engulfing+1 | BullWick+1 | Zone:FVG+1 | Sess:OVERLAP | Strong1h+1 | RelStrengthRisk:1.15,0,0,-1.0,bull,0.2479,1,3.0946,0.3333,0.9443,-1,0.0,0.2078,1.0686,0.238,0.2195,0.995,1.0,0.3963,1.640625,17392,1,2,0.111,0.387,1,1.16,0
LINKUSDT,17395,17405,1787230800,1787240700,LONG,TP1,10.641,10.6895824,11.61264799,10.4466704,0.0,-0.02695094925065461,0.02695094925065461,15,1.49,48.52,0.12371134020618571,0.009479096158048867,2.153403366359915,base,adaptive disabled,1.15,80.3,90,64,80,80,OVERLAP,bullish,bullish,OB,BOS bullish | Vol 1.5x | FVG | OB | ChoCH | Session:OVERLAP | StrongTrend1h | Zone:OB | MTF 15 | Risk x1.15,BOS+2 | BodyStrong+1 | 1h+2 | 4h+2 | Vol+1 | RSI+1 | BTCok+1 | FVG+1 | OB+1 | ChoCH+1 | Zone:OB+1 | Sess:OVERLAP | Strong1h+1 | QualityRisk:1.15,0,0,-1.0,bull,0.5,1,3.9133,0.3333,1.1738,-1,0.0,0.6741,1.5232,0.0,0.1185,0.855,-1.0,-0.0014,1.23046875,17392,9,2,1.745,4.859,0,1.256,0
AVAXUSDT,17406,17408,1787240700,1787243400,LONG,TRAIL,7.044,7.105635,8.2767,6.79746,0.06464468240447943,0.05393039669019369,0.010714285714285733,15,1.54,64.04,0.4385964912280668,0.015090298285791955,2.755814743746094,base,adaptive disabled,1.15,82.5,90,90,70,80,NEW_YORK,bullish,bullish,FVG,BOS bullish | Vol 1.5x | FVG | ChoCH | Session:NEW_YORK | StrongTrend1h | Zone:FVG | MTF 15 | Risk x1.15,BOS+2 | BodyStrong+1 | 1h+2 | 4h+2 | Vol+1 | RSI+1 | BTC+2 | FVG+1 | ChoCH+1 | Zone:FVG+1 | Sess:NEW_YORK | Strong1h+1 | RelStrengthRisk:1.15,0,1,-1.0,bear,0.2222,0,3.825,0.1111,2.8294,-1,0.0,0.0487,1.4278,0.0,0.1691,1.0,1.0,0.1942,0.9375,17406,1,3,1.329,-1.0,0,1.54,4
SUIUSDT,17408,17408,1787242500,1787243400,LONG,TP1,0.7338,0.73989461,0.85569218,0.70942156,0.0,-0.01505018368689711,0.01505018368689711,15,1.46,64.95,0.4277108433734922,0.011883333448186553,1.7988396009667993,base,adaptive disabled,1.15,78.5,90,100,50,80,NEW_YORK,bullish,bullish,FVG,BOS bullish | Vol 1.5x | FVG | LiqSweep | ChoCH | Session:NEW_YORK | StrongTrend1h | Zone:FVG | MTF 15 | Risk x1.15,BOS+2 | 1h+2 | 4h+2 | Vol+1 | RSI+1 | BTC+2 | FVG+1 | LiqSweep+1 | ChoCH+1 | Zone:FVG+1 | Sess:NEW_YORK | Strong1h+1 | QualityRisk:1.15,0,1,-1.0,bear,0.3477,0,3.6093,0.0526,1.8377,-1,0.0,0.041,1.1486,0.0,-0.0343,1.06,-1.0,-0.1612,1.25,17405,0,1,1.02,-1.0,0,1.408,1
SUIUSDT,17408,17408,1787242500,1787243400,LONG,TP1,0.7338,0.73993476,0.8564952,0.70926096,0.0,-0.011961348121197918,0.011961348121197918,16,1.86,60.19,0.3743016759776533,0.009365986709213476,1.302052267889816,base,adaptive disabled,1.25,84.5,90,100,70,80,NEW_YORK,bullish,bullish,FVG,BOS bullish | Vol 1.9x | FVG | ChoCH | Engulfing | Session:NEW_YORK | StrongTrend1h | Zone:FVG | MTF 16 | Risk x1.25,BOS+2 | BodyStrong+1 | 1h+2 | 4h+2 | Vol+1 | RSI+1 | BTC+2 | FVG+1 | ChoCH+1 | Engulfing+1 | Zone:FVG+1 | Sess:NEW_YORK | Strong1h+1 | QualityRisk:1.15 | RelStrengthRisk:1.25,0,0,-1.0,range,0.3477,0,3.5179,0.0526,1.8377,-1,0.0,0.0408,1.141,0.0,-0.0336,1.356,-1.0,-0.1423,1.0,17408,3,4,0.726,-1.0,0,1.372,1
ADAUSDT,17415,17441,1787248800,1787273100,LONG,TP1,0.1992,0.200943,0.23406,0.192228,0.0,-0.004520089285714299,0.004520089285714299,14,2.1,70.36,0.5849056603773581,0.010541527838569162,1.153126018038014,base,adaptive disabled,1.25,84.5,90,100,70,80,OFF_HOURS,bullish,bullish,FVG,BOS bullish | Vol 2.1x | FVG | ChoCH | StrongTrend1h | Zone:FVG | MTF 14 | Risk x1.25,BOS+2 | 1h+2 | 4h+2 | Vol+2 | BTC+2 | FVG+1 | ChoCH+1 | Zone:FVG+1 | Sess:OFF_HOURS | Strong1h+1 | QualityRisk:1.15 | RelStrengthRisk:1.25,0,0,-1.0,bull,0.3333,0,3.2541,0.0526,1.8519,-1,0.0,0.8606,1.8933,3.444,0.1494,1.856,1.0,0.2644,0.3955078125,17412,0,3,1.273,-1.0,0,1.273,6
ADAUSDT,17415,17441,1787248800,1787273100,LONG,TP1,0.1992,0.200943,0.23406,0.192228,0.0,-0.006026785714285733,0.006026785714285733,14,1.9,66.79,0.4128440366972437,0.011252156304953548,1.1494965999561666,base,adaptive disabled,1.25,84.5,90,100,70,80,OFF_HOURS,bullish,bullish,FVG,BOS bullish | Vol 1.9x | FVG | ChoCH | StrongTrend1h | Zone:FVG | MTF 14 | Risk x1.25,BOS+2 | BodyStrong+1 | 1h+2 | 4h+2 | Vol+1 | RSI+1 | BTCok+1 | FVG+1 | ChoCH+1 | Zone:FVG+1 | Sess:OFF_HOURS | Strong1h+1 | QualityRisk:1.15 | RelStrengthRisk:1.25,0,0,-1.0,bull,0.3333,0,3.2055,0.0526,1.8519,-1,0.0,0.8606,1.8933,0.957,0.1015,1.514,1.0,0.234,0.52734375,17415,3,6,1.672,-1.0,0,1.254,6
BTCUSDT,17438,17439,1787269500,1787271300,LONG,TP1,73039.9,73297.76443227,78197.18864533,72008.44227093,0.0,-0.007966384388247075,0.007966384388247075,14,1.57,63.94,0.33696909601719044,0.00519451664289511,1.283512870438778,base,adaptive disabled,1.0,78.5,90,100,50,80,DEAD_ZONE,bullish,bullish,FVG,BOS bullish | Vol 1.6x | FVG | ChoCH | Engulfing | StrongTrend1h | Zone:FVG | MTF 14,BOS+2 | 1h+2 | 4h+2 | Vol+1 | RSI+1 | BTCok+1 | FVG+1 | ChoCH+1 | Engulfing+1 | Zone:FVG+1 | Sess:DEAD_ZONE | Strong1h+1,0,0,-1.0,range,0.3318,0,3.2375,0.1111,5.457,-1,0.0,0.0848,1.718,2.074,-0.0545,1.358,1.0,0.1382,0.28125,17438,0,1,0.011,-1.0,0,1.158,2
AVAXUSDT,17441,17444,1787272200,1787275800,LONG,TP1,7.267,7.31775126,8.28202512,7.06399498,-0.022166939517062213,-0.03022129699058676,0.008054357473524548,15,1.6,64.89,0.33818181818181764,0.007302512876152731,0.9060152182331975,base,adaptive disabled,1.25,78.5,90,100,50,80,OFF_HOURS,bullish,bullish,FVG,BOS bullish | Vol 1.6x | FVG | ChoCH | Engulfing | StrongTrend1h | Zone:FVG | MTF 15 | Risk x1.25,BOS+2 | 1h+2 | 4h+2 | Vol+1 | RSI+1 | BTC+2 | FVG+1 | ChoCH+1 | Engulfing+1 | Zone:FVG+1 | Sess:OFF_HOURS | Strong1h+1 | QualityRisk:1.15 | RelStrengthRisk:1.25,0,0,-1.0,range,0.3827,0,3.5846,0.0526,1.5966,-1,0.0,0.2364,1.1231,1.898,0.2508,1.324,1.0,0.117,0.5625,17441,3,4,1.453,0.415,1,1.207,2
AVAXUSDT,17442,17444,1787273100,1787275800,LONG,TP1,7.267,7.31841188,8.29523761,7.06135248,-0.029176135943676813,-0.039777284938811774,0.010601148995134962,16,1.74,54.67,0.24324324324324326,0.009343682269216358,1.1592609932795772,base,adaptive disabled,1.25,82.3,90,89,70,80,OFF_HOURS,bullish,bullish,FVG,BOS bullish | Vol 1.7x | FVG | ChoCH | Engulfing | StrongTrend1h | Zone:FVG | MTF 16 | Risk x1.25,BOS+2 | BodyStrong+1 | 1h+2 | 4h+2 | Vol+1 | RSI+1 | BTC+2 | FVG+1 | ChoCH+1 | Engulfing+1 | Zone:FVG+1 | Sess:OFF_HOURS | Strong1h+1 | QualityRisk:1.15 | RelStrengthRisk:1.25,0,0,-1.0,range,0.3827,0,2.8393,0.1111,1.7003,-1,0.0,0.2334,1.0114,4.5,0.16,1.073,1.0,0.0804,0.75,17442,4,5,0.27,1.51,0,1.617,0
SOLUSDT,17442,17442,1787273100,1787274000,LONG,TP1,87.81,88.11275724,93.86514488,86.59897102,0.0,-0.020393040057554875,0.020393040057554875,17,2.67,57.46,0.2384937238493709,0.008662633633823545,1.8322526554293275,base,adaptive disabled,1.15,89.1,90,78,100,80,OFF_HOURS,bullish,bullish,OB,BOS bullish | Vol 2.7x | FVG | OB | ChoCH | StrongTrend1h | Zone:OB | MTF 17 | Risk x1.15,BOS+2 | BodyStrong+1 | 1h+2 | 4h+2 | Vol+2 | RSI+1 | BTC+2 | FVG+1 | OB+1 | ChoCH+1 | Zone:OB+1 | Sess:OFF_HOURS | Strong1h+1 | QualityRisk:1.15,0,0,-1.0,bull,0.5575,0,3.2651,0.1111,4.9441,-1,0.0,0.033,2.0148,0.0,0.043,1.323,1.0,0.2629,0.703125,17442,4,2,0.136,0.045,1,2.018,3
LINKUSDT,17444,17446,1787274900,1787277600,LONG,TRAIL,10.706,10.77527008,12.09140161,10.42891968,0.16748302441689317,0.156615913753819,0.010867110663074175,17,2.54,63.62,0.5227272727272753,0.005065469574009609,0.8670940095075977,base,adaptive disabled,1.15,90.5,90,100,90,80,OFF_HOURS,bullish,bullish,FVG,BOS bullish | Vol 2.5x | FVG | MACD_Div | ChoCH | StrongTrend1h | Zone:FVG | MTF 17 | Risk x1.15,BOS+2 | BodyStrong+1 | 1h+2 | 4h+2 | Vol+2 | RSI+1 | BTC+2 | FVG+1 | MACD_Div+1 | ChoCH+1 | Zone:FVG+1 | Sess:OFF_HOURS | Strong1h+1 | QualityRisk:1.15,0,1,-1.0,bear,0.2805,1,2.3189,0.1111,0.7681,-1,0.0,0.0289,2.7718,0.0,0.0969,1.92,1.0,0.1234,0.703125,17441,0,4,1.371,0.152,1,0.812,0
SUIUSDT,17447,17456,1787277600,1787286600,LONG,TRAIL,0.7447,0.7504413,0.85952595,0.72173481,0.011022116516343702,0.005550003069862329,0.005472113446481374,15,2.01,71.75,0.5245901639344305,0.009503214769587438,1.2085755065656743,base,adaptive disabled,1.15,90.5,90,100,90,80,OFF_HOURS,bullish,bullish,FVG,BOS bullish | Vol 2.0x | FVG | ChoCH | StrongTrend1h | Zone:FVG | MTF 15 | Risk x1.15,BOS+2 | BodyStrong+1 | 1h+2 | 4h+2 | Vol+2 | BTC+2 | FVG+1 | ChoCH+1 | Zone:FVG+1 | Sess:OFF_HOURS | Strong1h+1 | QualityRisk:1.15,0,0,-1.0,bull,0.2178,6,3.0195,0.0526,1.9461,-1,0.0,0.1872,1.2192,2.065,0.0224,1.398,1.0,0.2826,0.421875,17447,36,1,1.361,0.783,1,1.435,5
XRPUSDT,17447,17472,1787277600,1787301000,LONG,TRAIL,1.2816,1.3443,1.50588,1.236744,0.9474682340846836,0.9394325197989694,0.008035714285714285,17,1.44,64.95,0.40190476190476,0.0112908166944752,0.9030453846567607,base,adaptive disabled,1.15,78.5,90,100,50,80,OFF_HOURS,bullish,bullish,FVG,BOS bullish | Vol 1.4x | FVG | ChoCH | BullWick | StrongTrend1h | Zone:FVG | MTF 17 | Risk x1.15,BOS+2 | 1h+2 | 4h+2 | Vol+1 | RSI+1 | BTC+2 | FVG+1 | ChoCH+1 | BullWick+1 | Zone:FVG+1 | Sess:OFF_HOURS | Strong1h+1 | NestedOB_1h+2 | QualityRisk:1.15,0,0,-1.0,bull,0.3462,1,3.3379,0.0526,1.5999,-1,0.0,0.0111,1.2153,0.925,0.143,1.511,1.0,0.2518,0.703125,17446,0,1,0.906,4.445,1,1.324,0
SUIUSDT,17448,17456,1787278500,1787286600,LONG,TRAIL,0.7447,0.75049013,0.86050267,0.72153947,0.0145722053856264,0.007337591151841615,0.007234614233784785,16,1.38,63.82,0.5371900826446311,0.009341571071840088,1.18801839840546,base,adaptive disabled,1.15,84.5,90,100,70,80,OFF_HOURS,bullish,bullish,FVG,BOS bullish | Vol 1.4x | FVG | ChoCH | BullWick | StrongTrend1h | Zone:FVG | MTF 16 | Risk x1.15,BOS+2 | BodyStrong+1 | 1h+2 | 4h+2 | Vol+1 | RSI+1 | BTC+2 | FVG+1 | ChoCH+1 | BullWick+1 | Zone:FVG+1 | Sess:OFF_HOURS | Strong1h+1 | QualityRisk:1.15,0,0,-1.0,bull,0.2178,0,2.6077,0.1111,1.6535,-1,0.0,0.1857,1.209,10.0,0.0058,0.95,1.0,0.1807,0.5625,17448,37,2,0.611,1.457,0,1.457,6
XRPUSDT,17455,17464,1787284800,1787293800,LONG,TRAIL,1.3073,1.31873887,1.5360775,1.2615445,0.057779939023725954,0.051351367595154504,0.006428571428571451,15,1.47,68.21,0.35027223230490095,0.009869884753593449,0.8965860527602686,base,adaptive disabled,1.25,78.5,90,100,50,80,OFF_HOURS,bullish,bullish,FVG,BOS bullish | Vol 1.5x | FVG | ChoCH | StrongTrend1h | Zone:FVG | MTF 15 | Risk x1.25,BOS+2 | 1h+2 | 4h+2 | Vol+1 | BTC+2 | FVG+1 | ChoCH+1 | Zone:FVG+1 | Sess:OFF_HOURS | Strong1h+1 | NestedOB_1h+2 | QualityRisk:1.15 | RelStrengthRisk:1.25,0,0,-1.0,bull,0.1788,4,2.6777,0.0526,1.4156,-1,0.0,0.2448,1.1714,0.59,0.1005,1.67,1.0,0.3801,0.5625,17455,0,2,0.436,2.777,0,0.88,3
XRPUSDT,17456,17459,1787285700,1787289300,LONG,TRAIL,1.3031,1.31450212,1.5311425,1.2574915,0.1850837281185656,0.17436944240427987,0.010714285714285727,15,1.78,67.97,0.4758418740849189,0.011425587915529752,1.036133035664445,base,adaptive disabled,1.15,78.5,90,100,50,80,OFF_HOURS,bullish,bullish,FVG,BOS bullish | Vol 1.8x | FVG | ChoCH | StrongTrend1h | Zone:FVG | MTF 15 | Risk x1.15,BOS+2 | 1h+2 | 4h+2 | Vol+1 | RSI+1 | BTCok+1 | FVG+1 | ChoCH+1 | Zone:FVG+1 | Sess:OFF_HOURS | Strong1h+1 | NestedOB_1h+2 | QualityRisk:1.15,0,0,-1.0,bull,0.2788,0,2.7821,0.0526,1.7252,-1,0.0,0.1535,1.3682,1.786,0.157,2.058,1.0,0.3153,0.9375,17454,0,1,0.387,2.797,0,1.274,4
ADAUSDT,17475,17477,1787302800,1787305500,LONG,TP1,0.2117,0.21355237,0.2487475,0.2042905,0.0,-0.008035714285714302,0.008035714285714302,14,1.8,69.99,0.3944954128440368,0.013830147886332717,1.4487079917848582,base,adaptive disabled,1.0,78.5,90,100,50,80,LONDON,bullish,bullish,FVG,BOS bullish | Vol 1.8x | FVG | ChoCH | BullWick | Session:LONDON | StrongTrend1h | Zone:FVG | MTF 14,BOS+2 | 1h+2 | 4h+2 | Vol+1 | BTC+2 | FVG+1 | ChoCH+1 | BullWick+1 | Zone:FVG+1 | Sess:LONDON | Strong1h+1,0,0,-1.0,range,0.5254,4,4.0391,0.0526,2.5842,-1,0.0,0.5803,3.3471,1.387,0.0422,2.051,1.0,0.1822,0.703125,17473,0,3,0.966,-1.0,0,1.844,3
AVAXUSDT,17475,17478,1787302800,1787306400,LONG,TRAIL,7.459,7.52426625,8.764325,7.197935,0.20007323685880005,0.19364466543022862,0.006428571428571442,14,1.4,70.47,0.3946731234866849,0.005867151805394592,0.8587163382492898,base,adaptive disabled,1.25,84.5,90,100,70,80,LONDON,bullish,bullish,FVG,BOS bullish | Vol 1.4x | FVG | ChoCH | Session:LONDON | StrongTrend1h | Zone:FVG | MTF 14 | Risk x1.25,BOS+2 | BodyStrong+1 | 1h+2 | 4h+2 | Vol+1 | BTC+2 | FVG+1 | ChoCH+1 | Zone:FVG+1 | Sess:LONDON | Strong1h+1 | QualityRisk:1.15 | RelStrengthRisk:1.25,0,0,-1.0,bull,0.56,4,4.2284,0.0526,2.774,-1,0.0,0.3754,3.524,1.552,0.1933,1.214,1.0,0.4046,0.5625,17472,2,3,1.332,-1.0,0,1.937,3
SOLUSDT,17476,17478,1787303700,1787306400,LONG,TP1,91.23,92.0282625,107.19525,88.03695,0.0,-0.02008928571428572,0.02008928571428572,17,5.54,58.5,0.20743034055727408,0.01920740574966014,3.011856010362319,base,adaptive disabled,1.15,83.3,90,64,90,80,LONDON,bullish,bullish,FVG,BOS bullish | Vol 5.5x | FVG | ChoCH | BullWick | Session:LONDON | StrongTrend1h | Zone:FVG | MTF 17 | Risk x1.15,BOS+2 | BodyStrong+1 | 1h+2 | 4h+2 | Vol+2 | RSI+1 | BTC+2 | FVG+1 | ChoCH+1 | BullWick+1 | Zone:FVG+1 | Sess:LONDON | Strong1h+1 | QualityRisk:1.15,0,0,-1.0,range,0.477,0,3.5133,0.1111,4.5774,-1,0.0,0.1221,1.1901,1.34,0.0813,1.628,1.0,0.272,1.7578125,17476,2,3,0.224,-1.0,0,3.401,4
XRPUSDT,17476,17476,1787303700,1787304600,LONG,TP1,1.3613,1.37321137,1.5995275,1.3136545,0.0,-0.020089285714285716,0.020089285714285716,17,4.39,64.14,0.41404682274247606,0.027649661084297433,2.976946843645668,base,adaptive disabled,1.0,88.5,90,90,90,80,LONDON,bullish,bullish,FVG,BOS bullish | Vol 4.4x | FVG | ChoCH | BullWick | Session:LONDON | StrongTrend1h | Zone:FVG | MTF 17,BOS+2 | BodyStrong+1 | 1h+2 | 4h+2 | Vol+2 | RSI+1 | BTC+2 | FVG+1 | ChoCH+1 | BullWick+1 | Zone:FVG+1 | Sess:LONDON | Strong1h+1,0,0,-1.0,bull,0.37,0,4.6656,0.1111,3.7613,-1,0.0,0.1637,1.3768,0.0,0.1815,1.366,1.0,0.1446,1.7578125,17476,1,4,2.161,-1.0,0,3.211,4
ETHUSDT,17477,17513,1787304600,1787337900,LONG,TRAIL,2409.1,2430.179625,2830.6925,2324.7815,0.286100377863911,0.2632432350067681,0.022857142857142895,16,5.68,58.3,0.19636267791249432,0.01990815683778529,3.432819939506594,base,adaptive disabled,1.15,83.1,90,63,90,80,LONDON,bullish,bullish,FVG,BOS bullish | Vol 5.7x | FVG | ChoCH | Session:LONDON | StrongTrend1h | Zone:FVG | MTF 16 | Risk x1.15,BOS+2 | BodyStrong+1 | 1h+2 | 4h+2 | Vol+2 | RSI+1 | BTC+2 | FVG+1 | ChoCH+1 | Zone:FVG+1 | Sess:LONDON | Strong1h+1 | QualityRisk:1.15,0,0,-1.0,bull,0.3801,0,3.6816,0.1765,4.0343,-1,0.0,0.6333,1.0859,1.289,0.0697,1.717,1.0,0.0174,2.0,17476,1,2,0.009,-1.0,0,0.773,0
XRPUSDT,17496,17499,1787321700,1787325300,LONG,TP1,1.399,1.41124125,1.643825,1.350035,0.0,-0.01428571428571431,0.01428571428571431,18,1.77,59.61,0.21408711770157643,0.018431065694433705,1.57471839688326,base,adaptive disabled,1.15,84.5,90,85,80,80,NEW_YORK,bullish,bullish,OB,BOS bullish | Vol 1.8x | FVG | OB | ChoCH | Engulfing | BullWick | Session:NEW_YORK | StrongTrend1h | Zone:OB | MTF 18 | Risk x1.15,BOS+2 | BodyStrong+1 | 1h+2 | 4h+2 | Vol+1 | RSI+1 | BTC+2 | FVG+1 | OB+1 | ChoCH+1 | Engulfing+1 | BullWick+1 | Zone:OB+1 | Sess:NEW_YORK | Strong1h+1 | QualityRisk:1.15,0,1,-1.0,bear,0.3727,0,2.5633,9.0,1.1206,-1,0.0,0.2226,1.3806,1.55,0.1721,1.528,1.0,0.1381,1.25,17496,20,2,0.175,1.365,0,1.162,3
LINKUSDT,17500,17509,1787325300,1787334300,LONG,TP1,11.542,11.6429925,13.56185,11.13803,0.0,-0.014285714285714311,0.014285714285714311,22,1.31,65.67,0.4710327455919443,0.00786700015728349,0.9719722891042393,base,adaptive disabled,1.25,87.5,90,100,80,80,NEW_YORK,bullish,bullish,OB,BOS bullish | Vol 1.3x | FVG | OB | LiqSweep | ChoCH | Engulfing | BullWick | Session:NEW_YORK | StrongTrend1h | Zone:OB | 💎PREMIUM | MTF 22 | Risk x1.25,BOS+2 | BodyStrong+1 | 1h+2 | 4h+2 | Vol+1 | RSI+1 | BTC+2 | FVG+1 | OB+1 | LiqSweep+1 | ChoCH+1 | Engulfing+1 | BullWick+1 | Zone:OB+1 | Sess:NEW_YORK | Strong1h+1 | 💎Premium+3 | QualityRisk:1.15 | RelStrengthRisk:1.25,1,0,-1.0,range,0.1405,4,2.7147,0.0526,1.3036,-1,0.0,0.3565,1.0298,0.0,0.2568,1.184,-1.0,-0.0106,1.25,17500,28,1,1.012,2.62,0,1.107,3
LINKUSDT,17502,17509,1787327100,1787334300,LONG,TP1,11.542,11.6429925,13.56185,11.13803,0.0,-0.022321428571428614,0.022321428571428614,19,2.49,59.43,0.3302961275626414,0.010460724691592855,1.2924284124696952,base,adaptive disabled,1.25,93.3,90,99,100,80,NEW_YORK,bullish,bullish,OB,BOS bullish | Vol 2.5x | FVG | OB | ChoCH | Discount | BullWick | Session:NEW_YORK | StrongTrend1h | Zone:OB | MTF 19 | Risk x1.25,BOS+2 | BodyStrong+1 | 1h+2 | 4h+2 | Vol+2 | RSI+1 | BTC+2 | FVG+1 | OB+1 | ChoCH+1 | Discount+1 | BullWick+1 | Zone:OB+1 | Sess:NEW_YORK | Strong1h+1 | QualityRisk:1.15 | RelStrengthRisk:1.25,0,0,-1.0,range,0.2081,0,2.9091,0.1111,2.2057,-1,0.0,0.3565,1.0298,0.0,0.2114,1.745,-1.0,-0.0837,1.953125,17501,29,2,0.348,3.165,0,0.54,0
LINKUSDT,17502,17503,1787327100,1787328900,LONG,TP1,11.476,11.56392936,13.23458721,11.12428256,-0.23456329035034637,-0.25087752259313756,0.016314232242791188,16,1.84,59.16,0.3838862559241678,0.00959258658488721,1.1851694616671982,base,adaptive disabled,1.25,78.5,90,100,50,80,NEW_YORK,bullish,bullish,FVG,BOS bullish | Vol 1.8x | FVG | ChoCH | Discount | BullWick | Session:NEW_YORK | StrongTrend1h | Zone:FVG | MTF 16 | Risk x1.25,BOS+2 | 1h+2 | 4h+2 | Vol+1 | RSI+1 | BTC+2 | FVG+1 | ChoCH+1 | Discount+1 | BullWick+1 | Zone:FVG+1 | Sess:NEW_YORK | Strong1h+1 | QualityRisk:1.15 | RelStrengthRisk:1.25,0,0,-1.0,range,0.3756,0,3.008,0.1111,2.2057,-1,0.0,0.1877,1.0122,0.0,0.1721,3.304,-1.0,-0.2026,1.25,17502,2,3,0.331,3.301,0,0.558,0
LINKUSDT,17503,17506,1787328000,1787331600,LONG,TRAIL,11.476,11.56339869,13.22397384,11.12640523,0.19738072655940017,0.1809674375390868,0.016413289020313374,15,1.42,59.61,0.40046838407494034,0.008424939406668467,1.0409059968153975,base,adaptive disabled,1.15,78.5,90,100,50,80,NEW_YORK,bullish,bullish,FVG,BOS bullish | Vol 1.4x | FVG | ChoCH | Discount | BullWick | Session:NEW_YORK | StrongTrend1h | Zone:FVG | MTF 15 | Risk x1.15,BOS+2 | 1h+2 | 4h+2 | Vol+1 | RSI+1 | BTCok+1 | FVG+1 | ChoCH+1 | Discount+1 | BullWick+1 | Zone:FVG+1 | Sess:NEW_YORK | Strong1h+1 | QualityRisk:1.15,0,0,-1.0,range,0.3756,1,2.2491,0.1765,2.0065,-1,0.0,0.2231,1.6476,0.0,0.2066,1.942,-1.0,-0.0831,1.25,17503,3,4,0.405,3.301,0,0.734,0
SUIUSDT,17529,17530,1787351400,1787353200,LONG,TP1,0.8459,0.85330162,0.9939325,0.8162935,0.0,-0.008035714285714292,0.008035714285714292,15,2.1,71.25,0.7705479452054815,0.014937693318569057,1.3683934116992242,base,adaptive disabled,1.15,90.5,90,100,90,80,DEAD_ZONE,bullish,bullish,FVG,BOS bullish | Vol 2.1x | FVG | ChoCH | StrongTrend1h | Zone:FVG | MTF 15 | Risk x1.15,BOS+2 | BodyStrong+1 | 1h+2 | 4h+2 | Vol+2 | BTC+2 | FVG+1 | ChoCH+1 | Zone:FVG+1 | Sess:DEAD_ZONE | Strong1h+1 | QualityRisk:1.15,0,1,-1.0,bear,0.2282,0,4.8329,0.1111,2.2293,-1,0.0,0.2364,1.6753,0.0,0.1439,1.552,1.0,0.5135,0.703125,17529,1,4,2.451,-1.0,0,1.355,10
LINKUSDT,17551,17553,1787371200,1787373900,LONG,TP1,12.325,12.43284375,14.481875,11.893625,0.0,-0.007533482142857158,0.007533482142857158,14,1.81,69.03,0.4475524475524486,0.0121967764971974,1.418578927993467,base,adaptive disabled,1.15,78.5,90,100,50,80,OFF_HOURS,bullish,bullish,FVG,BOS bullish | Vol 1.8x | FVG | ChoCH | BullWick | StrongTrend1h | Zone:FVG | MTF 14 | Risk x1.15,BOS+2 | 1h+2 | 4h+2 | Vol+1 | BTC+2 | FVG+1 | ChoCH+1 | BullWick+1 | Zone:FVG+1 | Sess:OFF_HOURS | Strong1h+1 | RelStrengthRisk:1.15,0,0,-1.0,range,0.2237,1,3.4178,0.1111,1.7323,-1,0.0,0.0927,2.7818,0.0,0.1058,1.591,-1.0,-0.0939,0.6591796875,17550,0,4,1.921,0.247,1,1.054,0
ADAUSDT,17555,17555,1787374800,1787375700,LONG,SL,0.2427,0.24482362,0.2851725,0.2342055,-0.3955078125,-0.40002790178571423,0.004520089285714292,14,1.54,68.51,0.44479495268138874,0.024294572208138538,1.9027856027408017,base,adaptive disabled,1.0,82.5,90,90,70,80,OFF_HOURS,bullish,bullish,FVG,BOS bullish | Vol 1.5x | FVG | ChoCH | StrongTrend1h | Zone:FVG | MTF 14,BOS+2 | BodyStrong+1 | 1h+2 | 4h+2 | Vol+1 | BTC+2 | FVG+1 | ChoCH+1 | Zone:FVG+1 | Sess:OFF_HOURS | Strong1h+1,0,0,-1.0,bull,0.4864,0,4.3426,0.0526,1.9397,-1,0.0,4.3911,6.9692,0.0,0.1709,0.904,1.0,0.1965,0.3955078125,17550,0,5,2.886,-1.0,0,1.564,3
LINKUSDT,17555,17555,1787374800,1787375700,LONG,SL,12.464,12.57306,14.6452,12.02776,-0.87890625,-0.8889508928571428,0.010044642857142865,15,1.48,68.54,0.513174404015057,0.015335343438935617,1.6955313355079042,base,adaptive disabled,1.15,84.5,90,100,70,80,OFF_HOURS,bullish,bullish,FVG,BOS bullish | Vol 1.5x | FVG | ChoCH | BullWick | StrongTrend1h | Zone:FVG | MTF 15 | Risk x1.15,BOS+2 | BodyStrong+1 | 1h+2 | 4h+2 | Vol+1 | BTC+2 | FVG+1 | ChoCH+1 | BullWick+1 | Zone:FVG+1 | Sess:OFF_HOURS | Strong1h+1 | RelStrengthRisk:1.15,0,0,-1.0,bull,0.2105,0,2.5323,0.1111,2.1683,-1,0.0,3.6173,1.1462,3.122,0.2226,1.331,1.0,0.2497,0.87890625,17555,0,1,0.529,-1.0,0,1.11,1
ADAUSDT,17557,17558,1787376600,1787378400,LONG,TP1,0.232,0.23403,0.249,0.22388,0.0,-0.007533482142857128,0.007533482142857128,22,4.2,43.26,0.22616822429906522,0.10318259118070766,7.890028809057525,base,adaptive disabled,1.15,80.9,90,67,80,80,OFF_HOURS,bullish,bullish,OB,BOS bullish | Vol 4.2x | FVG | OB | LiqSweep | ChoCH | Discount | BullWick | StrongTrend1h | Zone:OB | 💎PREMIUM | MTF 22 | Risk x1.15,BOS+2 | 1h+2 | 4h+2 | Vol+2 | RSI+1 | BTC+2 | FVG+1 | OB+1 | LiqSweep+1 | ChoCH+1 | Discount+1 | BullWick+1 | Zone:OB+1 | Sess:OFF_HOURS | Strong1h+1 | 💎Premium+3 | QualityRisk:1.15,1,0,-1.0,range,0.5019,0,6.5748,0.1765,6.4933,-1,0.0,0.6034,1.4286,0.0,0.1396,2.439,-1.0,-0.3508,0.6591796875,17557,14,3,2.315,-1.0,0,1.724,0
BTCUSDT,17604,17607,1787418900,1787422500,LONG,TRAIL,77068.7,77299.9061,81692.822,76143.8756,0.1444822610831451,0.12260726108314506,0.021875000000000054,16,2.08,53.92,0.1901966841725808,0.0035455180586322584,1.1791665623104297,base,adaptive disabled,1.15,73.4,60,82,80,80,NEW_YORK,neutral,bullish,OB,BOS bullish | Vol 2.1x | FVG | OB | ChoCH | Session:NEW_YORK | Zone:OB | MTF 16 | Risk x1.15,BOS+2 | 1hN+1 | 4h+2 | Vol+2 | RSI+1 | BTC+2 | FVG+1 | OB+1 | ChoCH+1 | Zone:OB+1 | Sess:NEW_YORK | NestedOB_1h+2 | QualityRisk:1.15,0,0,-1.0,range,0.7234,1,2.9445,0.1111,1.5719,-1,0.0,0.0125,1.3689,0.0,0.0378,1.572,1.0,0.1536,0.65625,17603,4,1,0.469,0.469,1,0.413,0
SOLUSDT,17604,17633,1787418900,1787445900,LONG,TP1,94.3,94.84056101,105.11122021,92.13775596,0.0,-0.007359541617698284,0.007359541617698284,17,1.57,55.57,0.3558052434456827,0.005897124401876685,0.8025217120823201,base,adaptive disabled,1.25,78.5,90,100,50,80,OFF_HOURS,bullish,bullish,FVG,BOS bullish | Vol 1.6x | FVG | LiqSweep | ChoCH | StrongTrend1h | Zone:FVG | MTF 17 | Risk x1.25,BOS+2 | 1h+2 | 4h+2 | Vol+1 | RSI+1 | BTC+2 | FVG+1 | LiqSweep+1 | ChoCH+1 | Zone:FVG+1 | Sess:OFF_HOURS | Strong1h+1 | NestedOB_1h+2 | QualityRisk:1.15 | RelStrengthRisk:1.25,0,1,-1.0,bear,0.2063,0,2.567,0.1111,1.4112,-1,0.0,0.8093,5.1613,0.0,0.0567,2.081,-1.0,-0.0208,0.421875,17604,1,2,0.091,12.896,0,0.755,0
SOLUSDT,17689,17694,1787495400,1787500800,LONG,TRAIL,94.86,95.47784755,107.21695101,92.3886098,0.12961601696580144,0.12313884270169696,0.006477174264104465,14,1.75,70.96,0.495327102803736,0.006480054662287995,1.136049583110084,base,adaptive disabled,1.15,78.5,90,100,50,80,NEW_YORK,bullish,bullish,FVG,BOS bullish | Vol 1.8x | FVG | ChoCH | Engulfing | Session:NEW_YORK | StrongTrend1h | Zone:FVG | MTF 14 | Risk x1.15,BOS+2 | 1h+2 | 4h+2 | Vol+1 | BTC+2 | FVG+1 | ChoCH+1 | Engulfing+1 | Zone:FVG+1 | Sess:NEW_YORK | Strong1h+1 | QualityRisk:1.15,0,0,-1.0,bull,0.3276,0,2.533,0.3333,2.1248,-1,0.0,0.7324,1.6347,0.946,0.1089,1.997,1.0,0.529,0.421875,17687,2,3,1.157,3.73,0,1.097,5
XRPUSDT,17689,17689,1787495400,1787496300,LONG,SL,1.5252,1.5985,1.6275,1.471818,-0.703125,-0.7111607142857144,0.008035714285714313,16,2.04,62.87,0.3238578680203056,0.015626126055760716,1.556594435511514,base,adaptive disabled,1.15,90.1,90,98,90,80,NEW_YORK,bullish,bullish,FVG,BOS bullish | Vol 2.0x | FVG | ChoCH | Session:NEW_YORK | StrongTrend1h | Zone:FVG | MTF 16 | Risk x1.15,BOS+2 | BodyStrong+1 | 1h+2 | 4h+2 | Vol+2 | RSI+1 | BTC+2 | FVG+1 | ChoCH+1 | Zone:FVG+1 | Sess:NEW_YORK | Strong1h+1 | RelStrengthRisk:1.15,0,0,-1.0,bull,0.3111,0,3.6101,0.1111,2.2641,-1,0.0,1.3469,0.2415,1.802,-0.0156,1.307,1.0,0.3734,0.703125,17689,0,4,1.41,10.849,0,1.56,5
AVAXUSDT,17717,17730,1787520600,1787533200,LONG,SL,7.629,7.66897019,7.896,7.46911923,-0.421875,-0.4299272113447415,0.008052211344741503,16,1.98,69.53,0.40999999999999887,0.0051502943779657305,0.9999494623197679,base,adaptive disabled,1.15,84.5,90,100,70,80,DEAD_ZONE,bullish,bullish,FVG,BOS bullish | Vol 2.0x | FVG | ChoCH | StrongTrend1h | Zone:FVG | MTF 16 | Risk x1.15,BOS+2 | BodyStrong+1 | 1h+2 | 4h+2 | Vol+1 | BTC+2 | FVG+1 | ChoCH+1 | Zone:FVG+1 | Sess:DEAD_ZONE | Strong1h+1 | NestedOB_1h+2 | QualityRisk:1.15,0,1,-1.0,bear,0.2638,5,4.0872,0.0526,1.9987,-1,0.0,1.0383,1.1759,2.485,0.265,1.835,1.0,0.2715,0.421875,17717,0,1,1.931,0.702,1,1.078,4
ETHUSDT,17717,17785,1787520600,1787582700,LONG,TRAIL,2464.96,2526.42,2695.70724836,2418.81055033,0.4668561901401322,0.45784282155232864,0.009013368587803538,15,3.04,71.64,0.5368620037807191,0.005179314145656566,1.3661867328184294,base,adaptive disabled,1.0,90.5,90,100,90,80,DEAD_ZONE,bullish,bullish,FVG,BOS bullish | Vol 3.0x | FVG | ChoCH | StrongTrend1h | Zone:FVG | MTF 15,BOS+2 | BodyStrong+1 | 1h+2 | 4h+2 | Vol+2 | BTC+2 | FVG+1 | ChoCH+1 | Zone:FVG+1 | Sess:DEAD_ZONE | Strong1h+1,0,0,-1.0,range,0.2869,5,3.8972,0.0526,2.9793,-1,0.0,0.9092,1.081,10.0,0.1544,2.435,1.0,0.1826,0.421875,17717,0,1,1.836,0.84,1,1.247,4
LINKUSDT,17717,17728,1787520600,1787531400,LONG,SL,11.621,11.68745969,12.95019384,11.35516123,-1.5380859375,-1.564980579962704,0.02689464246270397,16,2.15,68.93,0.27999999999999775,0.0077926516211801996,1.3527334791612462,base,adaptive disabled,1.0,78.6,60,93,90,80,DEAD_ZONE,neutral,bullish,FVG,BOS bullish | Vol 2.1x | FVG | ChoCH | Engulfing | Zone:FVG | MTF 16,BOS+2 | BodyStrong+1 | 1hN+1 | 4h+2 | Vol+2 | BTC+2 | FVG+1 | ChoCH+1 | Engulfing+1 | Zone:FVG+1 | Sess:DEAD_ZONE | NestedOB_1h+2,0,0,-1.0,bull,0.2993,2,3.6702,0.0526,2.1494,-1,0.0,1.0307,1.61,1.141,0.1421,1.936,1.0,0.1467,1.5380859375,17717,0,1,1.26,0.731,1,1.111,1
SOLUSDT,17717,17728,1787520600,1787531400,LONG,SL,95.61,95.94844799,102.37895974,94.25620805,-0.5625,-0.5783903663151491,0.015890366315149073,17,2.14,67.17,0.36936936936937526,0.005431280062539463,1.2067787034207709,base,adaptive disabled,1.15,90.5,90,100,90,80,DEAD_ZONE,bullish,bullish,FVG,BOS bullish | Vol 2.1x | FVG | ChoCH | Engulfing | StrongTrend1h | Zone:FVG | MTF 17 | Risk x1.15,BOS+2 | BodyStrong+1 | 1h+2 | 4h+2 | Vol+2 | RSI+1 | BTC+2 | FVG+1 | ChoCH+1 | Engulfing+1 | Zone:FVG+1 | Sess:DEAD_ZONE | Strong1h+1 | QualityRisk:1.15,0,0,-1.0,range,0.4145,2,3.2773,0.0526,2.1658,-1,0.0,1.4699,1.8319,0.0,0.2046,1.574,-1.0,-0.1031,0.5625,17717,0,1,1.337,2.48,0,1.358,1
XRPUSDT,17717,17734,1787520600,1787536800,LONG,SL,1.5252,1.53848519,1.79090376,1.47205925,-0.5625,-0.5689577560534995,0.006457756053499451,16,1.37,65.11,0.392296718972898,0.009364723862307984,1.0241235067648067,base,adaptive disabled,1.15,84.5,90,100,70,80,DEAD_ZONE,bullish,bullish,FVG,BOS bullish | Vol 1.4x | FVG | ChoCH | Engulfing | StrongTrend1h | Zone:FVG | MTF 16 | Risk x1.15,BOS+2 | BodyStrong+1 | 1h+2 | 4h+2 | Vol+1 | RSI+1 | BTC+2 | FVG+1 | ChoCH+1 | Engulfing+1 | Zone:FVG+1 | Sess:DEAD_ZONE | Strong1h+1 | QualityRisk:1.15,0,1,-1.0,bear,0.2294,2,3.1535,0.0526,1.3492,-1,0.0,1.1291,1.6108,2.644,0.1485,1.223,1.0,0.2828,0.5625,17717,28,1,1.644,1.065,0,1.119,1
BTCUSDT,17718,17746,1787521500,1787547600,LONG,SL,77676.2,78720.0,82336.772,76744.0856,-0.375,-0.3875000000000001,0.012500000000000117,18,3.17,57.78,0.2178333447825811,0.00527122937004772,2.175260653373062,base,adaptive disabled,1.15,85.7,90,76,90,80,DEAD_ZONE,bullish,bullish,FVG,BOS bullish | Vol 3.2x | FVG | ChoCH | StrongTrend1h | Zone:FVG | MTF 18 | Risk x1.15,BOS+2 | BodyStrong+1 | 1h+2 | 4h+2 | Vol+2 | RSI+1 | BTC+2 | FVG+1 | ChoCH+1 | Zone:FVG+1 | Sess:DEAD_ZONE | Strong1h+1 | NestedOB_1h+2 | QualityRisk:1.15,0,0,-1.0,range,0.3914,0,3.655,0.1111,5.6981,-1,0.0,1.0863,0.2876,0.0,0.2188,1.299,1.0,0.123,0.375,17718,1,2,0.637,0.72,1,2.442,2
ETHUSDT,17718,17767,1787521500,1787566500,LONG,TP1,2464.96,2476.7670151,2701.10030205,2417.73193959,0.0,-0.02609635012110371,0.02609635012110371,16,3.58,58.78,0.28741092636579674,0.008275083280716841,2.094872454502665,base,adaptive disabled,1.15,87.3,90,84,90,80,DEAD_ZONE,bullish,bullish,FVG,BOS bullish | Vol 3.6x | FVG | ChoCH | StrongTrend1h | Zone:FVG | MTF 16 | Risk x1.15,BOS+2 | BodyStrong+1 | 1h+2 | 4h+2 | Vol+2 | RSI+1 | BTC+2 | FVG+1 | ChoCH+1 | Zone:FVG+1 | Sess:DEAD_ZONE | Strong1h+1 | QualityRisk:1.15,0,0,-1.0,range,0.3632,0,3.6464,0.0526,3.5949,-1,0.0,0.8885,2.3478,0.0,0.0387,1.675,1.0,0.0516,1.25,17718,1,2,0.447,1.995,0,2.136,5
LINKUSDT,17718,17728,1787521500,1787531400,LONG,SL,11.621,11.68892686,12.97953714,11.34929257,-2.0,-2.0342162155815906,0.0342162155815907,17,2.61,57.29,0.2060301507537727,0.011521276335909242,1.999988833055552,base,adaptive disabled,1.15,74.8,60,74,90,80,DEAD_ZONE,neutral,bullish,FVG,BOS bullish | Vol 2.6x | FVG | ChoCH | Engulfing | Zone:FVG | MTF 17 | Risk x1.15,BOS+2 | BodyStrong+1 | 1hN+1 | 4h+2 | Vol+2 | RSI+1 | BTC+2 | FVG+1 | ChoCH+1 | Engulfing+1 | Zone:FVG+1 | Sess:DEAD_ZONE | NestedOB_1h+2 | QualityRisk:1.15,0,0,-1.0,bull,0.3579,0,3.3748,0.0526,2.6428,-1,0.0,1.0084,0.7214,10.0,0.0742,1.335,-1.0,-0.0416,2.0,17718,1,2,0.025,0.615,1,1.957,2
XRPUSDT,17718,17734,1787521500,1787536800,LONG,SL,1.52,1.53226482,1.5985,1.47094073,-1.5625,-1.5818643321639316,0.019364332163931467,16,2.12,58.11,0.3333333333333333,0.014815069843591558,1.620171774872302,base,adaptive disabled,1.15,84.5,90,100,70,80,DEAD_ZONE,bullish,bullish,FVG,BOS bullish | Vol 2.1x | FVG | ChoCH | Engulfing | StrongTrend1h | Zone:FVG | MTF 16 | Risk x1.15,BOS+2 | 1h+2 | 4h+2 | Vol+2 | RSI+1 | BTC+2 | FVG+1 | ChoCH+1 | Engulfing+1 | Zone:FVG+1 | Sess:DEAD_ZONE | Strong1h+1 | QualityRisk:1.15,0,1,-1.0,bear,0.4456,0,3.0828,0.0526,2.1389,-1,0.0,1.117,0.9458,0.0,0.0918,1.111,1.0,0.1139,1.5625,17718,1,2,0.796,1.723,0,1.911,2
BTCUSDT,17719,17746,1787522400,1787547600,LONG,SL,77676.2,78720.0,82336.772,76744.0856,-0.2109375,-0.21796875000000007,0.007031250000000066,15,1.48,62.62,0.30142953555432866,0.004952086415471999,2.036245472131491,base,adaptive disabled,1.0,81.7,90,86,70,80,DEAD_ZONE,bullish,bullish,FVG,BOS bullish | Vol 1.5x | FVG | ChoCH | StrongTrend1h | Zone:FVG | MTF 15,BOS+2 | BodyStrong+1 | 1h+2 | 4h+2 | Vol+1 | RSI+1 | BTC+2 | FVG+1 | ChoCH+1 | Zone:FVG+1 | Sess:DEAD_ZONE | Strong1h+1,0,0,-1.0,range,0.3914,1,3.1757,0.1765,4.4791,-1,0.0,1.0863,0.2876,0.0,0.259,1.336,1.0,0.1614,0.2109375,17719,2,3,1.567,0.281,1,1.108,0
ETHUSDT,17719,17767,1787522400,1787566500,LONG,TP1,2464.96,2476.87097831,2703.17956619,2417.31608676,0.0,-0.015521143199865313,0.015521143199865313,15,1.31,62.75,0.38474576271186034,0.007912621024320467,1.8842114327243835,base,adaptive disabled,1.0,82.5,90,90,70,80,DEAD_ZONE,bullish,bullish,FVG,BOS bullish | Vol 1.3x | FVG | ChoCH | StrongTrend1h | Zone:FVG | MTF 15,BOS+2 | BodyStrong+1 | 1h+2 | 4h+2 | Vol+1 | RSI+1 | BTC+2 | FVG+1 | ChoCH+1 | Zone:FVG+1 | Sess:DEAD_ZONE | Strong1h+1,0,0,-1.0,range,0.3632,1,3.1308,0.1111,2.6111,-1,0.0,0.8807,2.3273,0.0,0.0506,0.918,1.0,0.0497,0.75,17719,2,3,1.088,1.274,0,1.424,0
ETHUSDT,17720,17767,1787523300,1787566500,LONG,TP1,2464.96,2477.00447986,2705.84959717,2416.78208057,0.0,-0.011511829621572302,0.011511829621572302,15,1.6,58.05,0.21284582232726235,0.008760723286822309,2.057537731940997,base,adaptive disabled,1.15,73.5,90,75,50,80,DEAD_ZONE,bullish,bullish,FVG,BOS bullish | Vol 1.6x | FVG | ChoCH | BullWick | StrongTrend1h | Zone:FVG | MTF 15 | Risk x1.15,BOS+2 | 1h+2 | 4h+2 | Vol+1 | RSI+1 | BTC+2 | FVG+1 | ChoCH+1 | BullWick+1 | Zone:FVG+1 | Sess:DEAD_ZONE | Strong1h+1 | QualityRisk:1.15,0,0,-1.0,range,0.3839,0,2.9237,0.1765,2.6201,-1,0.0,0.8709,2.3015,10.0,-0.0071,1.052,1.0,0.0884,0.5625,17720,3,4,0.553,1.714,0,1.522,1
XRPUSDT,17720,17734,1787523300,1787536800,LONG,SL,1.52,1.53231482,1.76629634,1.47074073,-0.9375,-0.9490714260483356,0.011571426048335656,14,1.62,54.36,0.15287517531557052,0.014256189397213627,1.3848608598694276,base,adaptive disabled,1.25,74.1,90,78,50,80,DEAD_ZONE,bullish,bullish,FVG,BOS bullish | Vol 1.6x | FVG | ChoCH | StrongTrend1h | Zone:FVG | MTF 14 | Risk x1.25,BOS+2 | 1h+2 | 4h+2 | Vol+1 | RSI+1 | BTC+2 | FVG+1 | ChoCH+1 | Zone:FVG+1 | Sess:DEAD_ZONE | Strong1h+1 | QualityRisk:1.15 | RelStrengthRisk:1.25,0,1,-1.0,bear,0.4456,0,3.0447,0.1765,1.6629,-1,0.0,1.1125,0.9014,0.0,-0.0006,1.292,0.0,-0.0308,0.9375,17720,3,4,0.402,0.093,1,1.256,1
BTCUSDT,17769,17774,1787567400,1787572800,LONG,TRAIL,77753.8,78045.7436101,83592.67220203,76586.02555959,0.3883540635490455,0.37087605427455417,0.017478009274491287,13,1.85,62.5,0.357038025350235,0.0029594016653890012,0.9476968514710451,base,adaptive disabled,1.15,68.0,60,100,50,80,LONDON,neutral,bullish,FVG,BOS bullish | Vol 1.9x | FVG | ChoCH | BullWick | Session:LONDON | Zone:FVG | MTF 13 | Risk x1.15,BOS+2 | 1hN+1 | 4h+2 | Vol+1 | RSI+1 | BTC+2 | FVG+1 | ChoCH+1 | BullWick+1 | Zone:FVG+1 | Sess:LONDON | QualityRisk:1.15,0,0,-1.0,bull,0.1606,6,3.7915,0.0526,1.8477,-1,0.0,0.2781,2.8608,2.176,0.2307,2.512,1.0,0.3168,0.65625,17769,0,1,0.254,0.204,1,0.734,5
BTCUSDT,17770,17774,1787568300,1787572800,LONG,TRAIL,77753.8,78047.08692367,83619.5384734,76580.65230532,0.5776086662806719,0.5515117316075392,0.02609693467313264,13,2.2,58.62,0.3053131416837719,0.003635512476547553,1.164209565670748,base,adaptive disabled,1.15,73.2,60,96,70,80,LONDON,neutral,bullish,FVG,BOS bullish | Vol 2.2x | FVG | ChoCH | Session:LONDON | Zone:FVG | MTF 13 | Risk x1.15,BOS+2 | 1hN+1 | 4h+2 | Vol+2 | RSI+1 | BTC+2 | FVG+1 | ChoCH+1 | Zone:FVG+1 | Sess:LONDON | QualityRisk:1.15,0,0,-1.0,bull,0.214,0,3.2836,0.0526,2.1509,-1,0.0,0.2769,2.8477,3.122,0.1168,1.711,1.0,0.1636,0.984375,17770,1,2,0.251,0.248,1,1.283,6
SOLUSDT,17775,17779,1787572800,1787577300,LONG,TRAIL,95.45,96.15562211,109.56244221,92.62751156,0.2790091143827668,0.2656934043988492,0.013315709983917593,17,1.6,63.08,0.42049469964664044,0.009559728674207088,1.6019373906938312,base,adaptive disabled,1.15,84.5,90,100,70,80,OVERLAP,bullish,bullish,FVG,BOS bullish | Vol 1.6x | FVG | ChoCH | Engulfing | BullWick | Session:OVERLAP | StrongTrend1h | Zone:FVG | MTF 17 | Risk x1.15,BOS+2 | BodyStrong+1 | 1h+2 | 4h+2 | Vol+1 | RSI+1 | BTC+2 | FVG+1 | ChoCH+1 | Engulfing+1 | BullWick+1 | Zone:FVG+1 | Sess:OVERLAP | Strong1h+1 | QualityRisk:1.15,0,0,-1.0,range,0.2774,0,3.6052,0.0526,1.5635,-1,0.0,0.4712,1.6581,10.0,0.0999,1.083,-1.0,-0.0445,0.984375,17775,0,1,1.15,0.086,1,1.476,2
BTCUSDT,17776,17778,1787573700,1787576400,LONG,TRAIL,78076.4,78465.6014537,85860.42907398,76519.5941852,0.1980060893397954,0.18813248076005437,0.009873608579741039,16,1.75,67.95,0.5808527755430437,0.0061618234648696995,1.858005113666416,base,adaptive disabled,1.0,76.5,90,90,50,80,OVERLAP,bullish,bullish,FVG,BOS bullish | Vol 1.8x | FVG | ChoCH | Engulfing | BullWick | Session:OVERLAP | StrongTrend1h | Zone:FVG | MTF 16,BOS+2 | 1h+2 | 4h+2 | Vol+1 | RSI+1 | BTC+2 | FVG+1 | ChoCH+1 | Engulfing+1 | BullWick+1 | Zone:FVG+1 | Sess:OVERLAP | Strong1h+1,0,0,-1.0,bull,0.291,0,3.7698,0.1111,1.2488,-1,0.0,0.0897,3.2132,0.0,0.2715,1.048,1.0,0.2132,0.4921875,17775,0,1,1.348,1.135,1,1.108,0
SOLUSDT,17777,17779,1787574600,1787577300,LONG,TRAIL,95.45,96.17191396,109.88827925,92.56234415,0.2597262412693663,0.2473308064047857,0.012395434864580552,16,3.02,57.16,0.22318840579710011,0.01026224243961468,1.6842463065999145,base,adaptive disabled,1.15,81.7,90,86,70,80,OVERLAP,bullish,bullish,FVG,BOS bullish | Vol 3.0x | FVG | ChoCH | BullWick | Session:OVERLAP | StrongTrend1h | Zone:FVG | MTF 16 | Risk x1.15,BOS+2 | 1h+2 | 4h+2 | Vol+2 | RSI+1 | BTC+2 | FVG+1 | ChoCH+1 | BullWick+1 | Zone:FVG+1 | Sess:OVERLAP | Strong1h+1 | QualityRisk:1.15,0,0,-1.0,range,0.2774,1,3.3814,0.1765,1.932,-1,0.0,0.0693,1.6207,2.2,0.1847,1.338,1.0,0.0672,0.9375,17777,2,3,0.401,0.031,1,2.254,0
SUIUSDT,17780,17788,1787577300,1787585400,LONG,TP1,0.8329,0.84018788,0.9786575,0.8037485,0.0,-0.022857142857142857,0.022857142857142857,15,1.77,59.14,0.3346613545816717,0.01080997243156851,1.0237535256307004,base,adaptive disabled,1.15,68.0,60,100,50,80,NEW_YORK,neutral,bullish,FVG,BOS bullish | Vol 1.8x | FVG | ChoCH | BullWick | Session:NEW_YORK | Zone:FVG | MTF 15 | Risk x1.15,BOS+2 | 1hN+1 | 4h+2 | Vol+1 | RSI+1 | BTC+2 | FVG+1 | ChoCH+1 | BullWick+1 | Zone:FVG+1 | Sess:NEW_YORK | NestedOB_1h+2 | QualityRisk:1.15,0,0,-1.0,bull,0.2168,0,2.7928,0.1111,1.674,-1,0.0,0.8096,1.2486,2.471,0.2035,1.899,1.0,0.0983,2.0,17780,1,1,0.024,0.33,1,0.931,3
XRPUSDT,17781,17785,1787578200,1787582700,LONG,TP1,1.5089,1.52210287,1.7729575,1.4560885,0.0,-0.019999999999999993,0.019999999999999993,14,1.61,65.0,0.47707558859975063,0.010378472255636628,1.177441638730143,base,adaptive disabled,1.15,68.0,60,100,50,80,NEW_YORK,neutral,bullish,FVG,BOS bullish | Vol 1.6x | FVG | ChoCH | Engulfing | BullWick | Session:NEW_YORK | Zone:FVG | MTF 14 | Risk x1.15,BOS+2 | 1hN+1 | 4h+2 | Vol+1 | RSI+1 | BTC+2 | FVG+1 | ChoCH+1 | Engulfing+1 | BullWick+1 | Zone:FVG+1 | Sess:NEW_YORK | QualityRisk:1.15,0,0,-1.0,bull,0.2113,0,3.2521,0.1111,1.3362,-1,0.0,0.6154,1.6209,3.377,0.2557,1.509,1.0,0.2719,1.75,17780,0,1,0.618,0.099,1,0.582,4
BTCUSDT,17782,17782,1787579100,1787580000,LONG,TP1,78076.4,78474.16234284,86031.64685687,76485.35062863,0.0,-0.004140472551349906,0.004140472551349906,16,2.72,68.07,0.39644863199855074,0.0060495649213101015,1.653118485600957,base,adaptive disabled,1.0,90.5,90,100,90,80,OVERLAP,bullish,bullish,FVG,BOS bullish | Vol 2.7x | FVG | ChoCH | BullWick | Session:OVERLAP | StrongTrend1h | Zone:FVG | MTF 16,BOS+2 | BodyStrong+1 | 1h+2 | 4h+2 | Vol+2 | BTC+2 | FVG+1 | ChoCH+1 | BullWick+1 | Zone:FVG+1 | Sess:OVERLAP | Strong1h+1,0,0,-1.0,bull,0.5597,0,4.3872,0.1765,1.8924,-1,0.0,0.2102,1.2661,1.763,0.2991,1.719,1.0,0.33,0.2109375,17778,3,4,2.037,0.197,1,2.466,0
BTCUSDT,17789,17828,1787585400,1787621400,LONG,TRAIL,79292.8,79877.40169466,90984.83389314,76954.39322137,0.04027982892488095,0.03646507775262075,0.0038147511722602043,14,1.32,69.13,0.24238883925503105,0.005620481386667539,1.3332769764121744,base,adaptive disabled,1.0,82.3,90,89,70,80,NEW_YORK,bullish,bullish,FVG,BOS bullish | Vol 1.3x | FVG | ChoCH | Session:NEW_YORK | StrongTrend1h | Zone:FVG | MTF 14,BOS+2 | BodyStrong+1 | 1h+2 | 4h+2 | Vol+1 | BTC+2 | FVG+1 | ChoCH+1 | Zone:FVG+1 | Sess:NEW_YORK | Strong1h+1,0,0,-1.0,bull,0.2602,2,2.9563,0.0526,1.2939,-1,0.0,0.3818,1.2078,0.544,0.2717,1.365,1.0,0.4764,0.28125,17789,3,3,0.854,-1.0,0,0.97,1
