symbol,entry_bar,exit_bar,entry_time,exit_time,direction,outcome,entry,tp1,tp2,sl,gross_r,net_r,cost_r,mtf_score,volume_ratio,rsi,eff_ratio,vol_atr_pct,vol_ratio_regime,adaptive_pack,adaptive_reason,risk_mult,quality_score,trend_score,volatility_score,entry_quality_score,portfolio_risk_score,session,trend_1h,trend_4h,entry_source,signals,score_tags,premium,sniper,knn_score,swing_trend,pullback_frac,run_len_before,impulse6_atr,retrace_bars_ratio,pullback_vol_ratio,post_sl_tp1,post_sl_max_r,mae_r,mfe_tp1,accel_ratio,buy_pressure,absorption,obv_agree,obv_strength,size_mult,signal_bar,zone_age_bars,bos_candles_ago,extension_atr,room_atr,tp1_beyond_level,entry_range_atr,run_bars
BTCUSDT,303,313,1674834300,1674844200,LONG,TRAIL,22930.5,23245.0,24306.33,22655.334,0.6117330084385402,0.5898580084385403,0.021874999999999912,18,2.64,65.13,0.4154342565205684,0.005875207114383701,2.327637322200872,base,adaptive disabled,1.0,72.0,60,90,70,80,NEW_YORK,neutral,bullish,FVG,BOS bullish | Vol 2.6x | FVG | LiqSweep | ChoCH | Engulfing | BullWick | Session:NEW_YORK | Zone:FVG | MTF 18,BOS+2 | 1hN+1 | 4h+2 | Vol+2 | RSI+1 | BTC+2 | FVG+1 | LiqSweep+1 | ChoCH+1 | Engulfing+1 | BullWick+1 | Zone:FVG+1 | Sess:NEW_YORK | NestedOB_1h+2,0,0,-1.0,range,0.7038,1,3.7353,0.0526,1.079,-1,0.0,0.0251,1.0308,0.0,0.1547,1.885,1.0,0.1554,0.65625,302,2,1,0.729,0.232,1,1.417,0
AAVEUSDT,304,389,1674835200,1674912600,LONG,SL,88.09,89.93989,103.50575,85.00685,-1.3054830287206247,-1.319768743006339,0.01428571428571427,15,1.94,56.36,0.26974664679582716,0.01314495388462388,2.2951089482579583,base,adaptive disabled,1.25,80.9,90,82,70,80,NEW_YORK,bullish,bullish,FVG,BOS bullish | Vol 1.9x | FVG | MACD_Div | ChoCH | Session:NEW_YORK | StrongTrend1h | Zone:FVG | MTF 15 | Risk x1.25,BOS+2 | BodyStrong+1 | 1h+2 | 4h+2 | Vol+1 | RSI+1 | BTCok+1 | FVG+1 | MACD_Div+1 | ChoCH+1 | Zone:FVG+1 | Sess:NEW_YORK | Strong1h+1 | QualityRisk:1.15 | RelStrengthRisk:1.25,0,0,-1.0,range,0.3904,0,3.9483,0.0526,1.8854,-1,0.0,1.2001,0.2379,0.0,0.0669,0.947,-1.0,-0.0071,1.25,304,2,3,0.125,2.008,1,2.054,5
DOTUSDT,323,337,1674852300,1674865800,LONG,TRAIL,6.52,6.61599163,7.31993027,6.36001395,0.13712133026598416,0.13024416816341333,0.006877162102570833,16,4.53,71.77,0.6350364963503716,0.0059138388679059115,1.3538466837096015,base,adaptive disabled,1.0,90.5,90,100,90,80,DEAD_ZONE,bullish,bullish,FVG,BOS bullish | Vol 4.5x | FVG | ChoCH | Engulfing | StrongTrend1h | Zone:FVG | MTF 16,BOS+2 | BodyStrong+1 | 1h+2 | 4h+2 | Vol+2 | BTC+2 | FVG+1 | ChoCH+1 | Engulfing+1 | Zone:FVG+1 | Sess:DEAD_ZONE | Strong1h+1,0,0,-1.0,bull,0.4529,0,4.4394,0.1111,1.3267,-1,0.0,0.2563,1.0834,3.955,0.1895,2.416,1.0,0.4348,0.421875,321,0,1,1.469,0.031,1,1.219,4
AVAXUSDT,338,340,1674865800,1674868500,LONG,TRAIL,20.95,21.38995,24.61625,20.21675,0.26609913058302215,0.2600723448687364,0.00602678571428573,14,1.7,70.34,0.3435114503816801,0.021269075657822895,2.3308404676904217,base,adaptive disabled,1.0,82.5,90,90,70,80,OFF_HOURS,bullish,bullish,FVG,BOS bullish | Vol 1.7x | FVG | ChoCH | StrongTrend1h | Zone:FVG | MTF 14,BOS+2 | BodyStrong+1 | 1h+2 | 4h+2 | Vol+1 | BTC+2 | FVG+1 | ChoCH+1 | Zone:FVG+1 | Sess:OFF_HOURS | Strong1h+1,0,0,-1.0,bull,0.2458,0,3.8449,0.25,1.4934,-1,0.0,0.2864,1.932,0.726,0.0707,1.469,1.0,0.5154,0.52734375,337,3,5,2.151,-1.0,0,0.753,0
ADAUSDT,342,512,1674869400,1675023300,LONG,TRAIL,0.39086,0.39827972,0.45269097,0.37849381,0.13688722537014286,0.1328869456760738,0.00400027969406907,15,2.43,71.0,0.46852367688022223,0.009540411737650146,1.8348413409872122,base,adaptive disabled,1.15,88.5,90,90,90,80,OFF_HOURS,bullish,bullish,FVG,BOS bullish | Vol 2.4x | FVG | ChoCH | StrongTrend1h | Zone:FVG | MTF 15 | Risk x1.15,BOS+2 | BodyStrong+1 | 1h+2 | 4h+2 | Vol+2 | BTC+2 | FVG+1 | ChoCH+1 | Zone:FVG+1 | Sess:OFF_HOURS | Strong1h+1 | RelStrengthRisk:1.15,0,0,-1.0,bull,0.4247,0,3.0486,0.25,0.9017,-1,0.0,1.1426,1.0176,2.376,-0.094,2.034,1.0,0.4306,0.31640625,338,0,1,1.471,-1.0,0,0.835,0
SOLUSDT,358,388,1674883800,1674911700,LONG,SL,24.609,24.91958414,27.19720119,24.09135976,-1.3183593749999971,-1.3350729163632031,0.01671354136320616,16,2.45,57.74,0.39094650205761305,0.015380870023033524,2.4382197486287343,base,adaptive disabled,1.25,88.5,90,90,90,80,OFF_HOURS,bullish,bullish,FVG,BOS bullish | Vol 2.5x | FVG | ChoCH | Engulfing | StrongTrend1h | Zone:FVG | MTF 16 | Risk x1.25,BOS+2 | BodyStrong+1 | 1h+2 | 4h+2 | Vol+2 | RSI+1 | BTCok+1 | FVG+1 | ChoCH+1 | Engulfing+1 | Zone:FVG+1 | Sess:OFF_HOURS | Strong1h+1 | QualityRisk:1.15 | RelStrengthRisk:1.25,0,0,-1.0,range,0.7266,0,3.794,0.1111,4.963,-1,0.0,1.5358,0.483,0.0,-0.0069,1.393,1.0,0.2516,0.87890625,358,18,1,0.6,0.6,1,1.762,2
XRPUSDT,393,438,1674915300,1674956700,SHORT,SL,0.40806,0.40508305,0.38325207,0.41302159,-1.534286388032871,-1.5774643813777462,0.043177993344875196,13,3.02,33.31,0.38323353293413165,0.005562689390618981,1.8588427592589154,base,adaptive disabled,1.0,72.0,60,90,70,80,NEW_YORK,neutral,bearish,FVG,BOS bearish | Vol 3.0x | FVG | ChoCH | Session:NEW_YORK | Zone:FVG | MTF 13,BOS+2 | 1hN+1 | 4h+2 | Vol+2 | RSI+1 | BTC+2 | FVG+1 | ChoCH+1 | Zone:FVG+1 | Sess:NEW_YORK,0,0,-1.0,range,0.4007,1,3.4058,0.25,1.5252,-1,0.0,1.2073,0.9641,10.0,0.1688,1.941,1.0,-0.2683,1.3125,390,0,1,1.16,1.495,1,0.57,0
XLMUSDT,416,438,1674936000,1674956700,LONG,TRAIL,0.09284,0.09368925,0.09991709,0.09142458,0.658373486315005,0.6239377711209284,0.034435715194076656,15,1.56,60.65,0.31623931623931484,0.0026555117797042948,0.822766067296899,base,adaptive disabled,1.15,67.4,60,97,50,80,DEAD_ZONE,neutral,bullish,FVG,BOS bullish | Vol 1.6x | FVG | LiqSweep | ChoCH | BullWick | Zone:FVG | MTF 15 | Risk x1.15,BOS+2 | 1hN+1 | 4h+2 | Vol+1 | RSI+1 | BTCok+1 | FVG+1 | LiqSweep+1 | ChoCH+1 | BullWick+1 | Zone:FVG+1 | Sess:DEAD_ZONE | NestedOB_1h+2 | QualityRisk:1.15,0,0,-1.0,range,0.2117,0,2.1937,0.1111,0.9407,-1,0.0,0.5016,1.2953,0.974,0.4558,2.264,1.0,0.0646,1.3125,414,0,1,0.917,0.753,1,0.491,0
AVAXUSDT,438,503,1674955800,1675015200,LONG,TRAIL,20.67,21.0318088,23.68507336,20.06698533,0.4819534489932038,0.46909928410199153,0.012854164891212343,16,2.5,54.47,0.16129032258064369,0.010306996748254879,1.3244490821571924,base,adaptive disabled,1.15,80.3,90,79,70,80,OFF_HOURS,bullish,bullish,FVG,BOS bullish | Vol 2.5x | FVG | MACD_Div | ChoCH | StrongTrend1h | Zone:FVG | MTF 16 | Risk x1.15,BOS+2 | 1h+2 | 4h+2 | Vol+2 | RSI+1 | BTC+2 | FVG+1 | MACD_Div+1 | ChoCH+1 | Zone:FVG+1 | Sess:OFF_HOURS | Strong1h+1 | QualityRisk:1.15,0,0,-1.0,range,0.3175,0,3.6413,0.0526,2.4567,-1,0.0,0.8623,1.2161,0.0,0.0026,1.602,-1.0,-0.0654,0.9375,438,1,1,0.116,0.751,1,1.561,4
BTCUSDT,440,457,1674957600,1674973800,LONG,TRAIL,23102.7,23269.03944,24488.862,22825.4676,0.1668395191633431,0.15453483166334314,0.012304687499999967,13,2.65,67.57,0.5125709651257034,0.0030837780644436146,2.2804984992388286,base,adaptive disabled,1.0,72.0,60,90,70,80,OFF_HOURS,neutral,bullish,FVG,BOS bullish | Vol 2.6x | FVG | ChoCH | Zone:FVG | MTF 13,BOS+2 | 1hN+1 | 4h+2 | Vol+2 | RSI+1 | BTC+2 | FVG+1 | ChoCH+1 | Zone:FVG+1 | Sess:OFF_HOURS,0,0,-1.0,range,0.7168,0,13.0564,0.1765,8.9106,-1,0.0,0.1703,1.1002,0.0,0.3376,2.232,1.0,0.294,0.369140625,436,0,4,2.676,1.348,1,4.31,0
XLMUSDT,469,476,1674983700,1674990900,LONG,TP1,0.09314,0.09381061,0.0987284,0.09202232,0.0,-0.05833333333333355,0.05833333333333355,13,1.33,56.93,0.18584070796460242,0.0022954574644092327,0.8836554806930141,base,adaptive disabled,1.15,64.4,60,82,50,80,LONDON,neutral,bullish,FVG,BOS bullish | Vol 1.3x | FVG | ChoCH | Discount | BullWick | Session:LONDON | Zone:FVG | MTF 13 | Risk x1.15,BOS+2 | 1hN+1 | 4h+2 | Vol+1 | RSI+1 | BTCok+1 | FVG+1 | ChoCH+1 | Discount+1 | BullWick+1 | Zone:FVG+1 | Sess:LONDON | QualityRisk:1.15,0,0,-1.0,range,0.0,1,1.6,0.1111,1.0478,-1,0.0,0.1432,1.0289,1.313,0.082,1.705,-1.0,-0.0701,1.75,468,31,1,0.173,0.562,1,0.476,0
LINKUSDT,481,500,1674994500,1675012500,LONG,TP1,7.326,7.448,7.76556,7.238088,0.0,-0.05208333333333373,0.05208333333333373,16,3.88,59.52,0.3333333333333333,0.007115677697702084,1.6877928423198552,base,adaptive disabled,1.15,84.5,90,100,70,80,OVERLAP,bullish,bullish,FVG,BOS bullish | Vol 3.9x | FVG | ChoCH | BullWick | Session:OVERLAP | StrongTrend1h | Zone:FVG | MTF 16 | Risk x1.15,BOS+2 | 1h+2 | 4h+2 | Vol+2 | RSI+1 | BTC+2 | FVG+1 | ChoCH+1 | BullWick+1 | Zone:FVG+1 | Sess:OVERLAP | Strong1h+1 | QualityRisk:1.15,0,0,-1.0,range,0.7643,0,2.6991,0.3333,1.0669,-1,0.0,0.6825,1.623,2.421,0.1163,1.437,1.0,0.1995,1.5625,477,24,6,0.948,0.747,1,0.976,1
BTCUSDT,515,564,1675025100,1675070100,LONG,SL,23712.4,23919.40893443,25437.47445361,23367.38510928,-0.42949912521387074,-0.43916408849427063,0.009664963280399895,18,2.17,63.0,0.3007894312872495,0.0062822379358224946,2.240097783297418,base,adaptive disabled,1.15,90.7,90,86,100,80,DEAD_ZONE,bullish,bullish,OB,BOS bullish | Vol 2.2x | FVG | OB | ChoCH | BullWick | StrongTrend1h | Zone:OB | MTF 18 | Risk x1.15,BOS+2 | BodyStrong+1 | 1h+2 | 4h+2 | Vol+2 | RSI+1 | BTC+2 | FVG+1 | OB+1 | ChoCH+1 | BullWick+1 | Zone:OB+1 | Sess:DEAD_ZONE | Strong1h+1 | QualityRisk:1.15,0,0,-1.0,range,0.5239,0,2.5905,0.25,1.126,-1,0.0,1.2652,0.8198,1.737,0.2447,1.101,1.0,0.4364,0.3515625,513,5,6,1.355,0.374,1,0.403,1
ADAUSDT,527,529,1675035900,1675038600,LONG,TRAIL,0.3951,0.3982751,0.42155914,0.38980817,0.15944389747970006,0.14684464070085415,0.012599256778845887,15,1.53,55.26,0.12889812889813138,0.008123916292869526,2.1545510250003854,base,adaptive disabled,1.15,71.5,90,65,50,80,DEAD_ZONE,bullish,bullish,FVG,BOS bullish | Vol 1.5x | FVG | ChoCH | Engulfing | BullWick | StrongTrend1h | Zone:FVG | MTF 15 | Risk x1.15,BOS+2 | 1h+2 | 4h+2 | Vol+1 | RSI+1 | BTCok+1 | FVG+1 | ChoCH+1 | Engulfing+1 | BullWick+1 | Zone:FVG+1 | Sess:DEAD_ZONE | Strong1h+1 | QualityRisk:1.15,0,0,-1.0,bull,0.6454,1,2.6048,0.1765,1.9764,-1,0.0,0.1625,1.0393,0.805,0.2526,1.482,1.0,0.0576,0.421875,527,8,2,1.318,1.098,1,1.03,0
XRPUSDT,533,536,1675041300,1675044900,LONG,SL,0.41418,0.4171621,0.4390308,0.40920984,-0.8360834963059496,-0.8595209963059495,0.023437499999999993,18,4.22,63.4,0.40301724137931216,0.006317399447129466,2.2175678183281393,base,adaptive disabled,1.0,88.5,90,90,90,80,OFF_HOURS,bullish,bullish,FVG,BOS bullish | Vol 4.2x | FVG | ChoCH | Engulfing | StrongTrend1h | Zone:FVG | MTF 18,BOS+2 | BodyStrong+1 | 1h+2 | 4h+2 | Vol+2 | RSI+1 | BTCok+1 | FVG+1 | ChoCH+1 | Engulfing+1 | Zone:FVG+1 | Sess:OFF_HOURS | Strong1h+1 | NestedOB_1h+2,0,0,-1.0,range,0.7781,0,6.1671,0.1111,9.6761,-1,0.0,1.2957,1.1334,0.0,0.2242,1.926,1.0,-0.0784,0.703125,531,23,2,1.738,0.052,1,2.01,2
AVAXUSDT,563,564,1675068300,1675070100,LONG,SL,20.94,21.24906713,23.51555945,20.42488811,-3.0,-3.0325210897383865,0.032521089738386744,13,3.31,59.7,0.2967032967032939,0.014748928138617149,3.0559779103362867,base,adaptive disabled,1.15,75.0,60,75,90,80,LONDON,neutral,bullish,FVG,BOS bullish | Vol 3.3x | FVG | ChoCH | Session:LONDON | Zone:FVG | MTF 13 | Risk x1.15,BOS+2 | BodyStrong+1 | 1hN+1 | 4h+2 | Vol+2 | RSI+1 | BTCok+1 | FVG+1 | ChoCH+1 | Zone:FVG+1 | Sess:LONDON | QualityRisk:1.15,0,0,-1.0,range,0.5,0,4.8928,0.1111,6.9369,-1,0.0,1.7666,0.1941,3.857,-0.0006,1.603,1.0,0.3469,2.0,563,0,2,0.827,0.896,1,2.067,2
BTCUSDT,649,678,1675145700,1675172700,SHORT,SL,22778.7,22614.69336,21411.978,23052.0444,-0.22965533590591256,-0.23668658590591263,0.007031250000000048,15,1.87,39.46,0.340811044003447,0.0022177576379927787,0.8027260153961343,base,adaptive disabled,1.25,78.5,90,100,50,80,OFF_HOURS,bearish,bearish,FVG,BOS bearish | Vol 1.9x | FVG | LiqSweep | ChoCH | StrongTrend1h | Zone:FVG | MTF 15 | Risk x1.25,BOS+2 | 1h+2 | 4h+2 | Vol+1 | RSI+1 | BTC+2 | FVG+1 | LiqSweep+1 | ChoCH+1 | Zone:FVG+1 | Sess:OFF_HOURS | Strong1h+1 | QualityRisk:1.15 | TrendPairRisk:1.25,0,0,-1.0,range,0.2112,0,2.6075,0.0526,1.8467,-1,0.0,1.1279,0.1128,0.0,-0.1689,2.626,1.0,-0.351,0.2109375,649,0,1,0.707,4.78,0,0.713,3
DOTUSDT,649,694,1675145700,1675187100,SHORT,SL,6.196,6.14105596,6.057,6.2875734,-0.32479068703356984,-0.33335410446701663,0.008563417433446775,16,1.31,37.17,0.617021276595735,0.003990246427198176,0.9809621816783466,base,adaptive disabled,1.25,84.5,90,100,70,80,OFF_HOURS,bearish,bearish,FVG,BOS bearish | Vol 1.3x | FVG | LiqSweep | ChoCH | StrongTrend1h | Zone:FVG | MTF 16 | Risk x1.25,BOS+2 | BodyStrong+1 | 1h+2 | 4h+2 | Vol+1 | RSI+1 | BTC+2 | FVG+1 | LiqSweep+1 | ChoCH+1 | Zone:FVG+1 | Sess:OFF_HOURS | Strong1h+1 | QualityRisk:1.15 | TrendPairRisk:1.25,0,0,-1.0,range,0.3495,0,2.6858,0.0526,0.9402,-1,0.0,1.3869,0.6006,0.0,-0.0398,0.977,-1.0,0.0615,0.31640625,648,0,1,1.791,6.308,0,0.855,4
SOLUSDT,715,746,1675205100,1675233900,SHORT,TRAIL,24.008,23.6159515,20.74092913,24.66141417,0.5257720000164666,0.5113046829088501,0.014467317107616416,16,5.68,38.9,0.4747474747474744,0.009246887826197193,1.5410416849722792,base,adaptive disabled,1.15,74.0,60,100,70,80,DEAD_ZONE,neutral,bearish,FVG,BOS bearish | Vol 5.7x | FVG | ChoCH | Engulfing | Zone:FVG | MTF 16 | Risk x1.15,BOS+2 | 1hN+1 | 4h+2 | Vol+2 | RSI+1 | BTC+2 | FVG+1 | ChoCH+1 | Engulfing+1 | Zone:FVG+1 | Sess:DEAD_ZONE | NestedOB_1h+2 | QualityRisk:1.15,0,0,-1.0,bear,0.5682,0,2.3988,0.4286,1.9837,-1,0.0,0.3903,1.1325,9.4,-0.0317,2.368,1.0,-0.5323,0.984375,710,3,4,1.01,0.698,1,1.12,2
DOTUSDT,746,748,1675233000,1675235700,SHORT,TRAIL,6.23,6.185144,5.8562,6.30476,0.671523876404501,0.6387113764045007,0.03281250000000022,17,2.96,38.17,0.37777777777778,0.004126849439527153,1.2294080997187937,base,adaptive disabled,1.0,74.0,60,100,70,80,OFF_HOURS,neutral,bearish,FVG,BOS bearish | Vol 3.0x | FVG | LiqSweep | ChoCH | Engulfing | Zone:FVG | MTF 17,BOS+2 | 1hN+1 | 4h+2 | Vol+2 | RSI+1 | BTC+2 | FVG+1 | LiqSweep+1 | ChoCH+1 | Engulfing+1 | Zone:FVG+1 | Sess:OFF_HOURS | NestedOB_1h+2,0,1,-1.0,bull,0.4516,4,3.6031,0.0526,3.0526,-1,0.0,0.0134,1.7389,0.0,-0.0553,1.644,1.0,-0.2091,0.984375,746,0,1,1.029,0.944,1,1.802,3
BTCUSDT,757,798,1675242900,1675280700,SHORT,TP1,23007.2,22841.54816,21626.768,23283.2864,-0.6137345048506568,-0.6356095048506569,0.02187499999999999,14,1.79,37.13,0.37470355731225546,0.002623967870256446,1.3734275266602294,base,adaptive disabled,1.0,68.0,60,100,50,80,LONDON,neutral,bearish,FVG,BOS bearish | Vol 1.8x | FVG | ChoCH | Session:LONDON | Zone:FVG | MTF 14,BOS+2 | 1hN+1 | 4h+2 | Vol+1 | RSI+1 | BTC+2 | FVG+1 | ChoCH+1 | Zone:FVG+1 | Sess:LONDON | NestedOB_1h+2,0,0,-1.0,bear,0.3471,0,3.3371,0.0526,1.7306,-1,0.0,1.1851,1.5472,2.174,0.1122,1.268,1.0,-0.1208,0.65625,757,2,3,0.506,0.629,1,1.409,1
ADAUSDT,820,891,1675299600,1675364400,LONG,TRAIL,0.40276,0.41121796,0.473243,0.3886634,0.3823229094249676,0.3762961237106819,0.0060267857142857085,14,1.51,71.31,0.2873563218390805,0.012907580069759778,1.9273540335333281,base,adaptive disabled,1.0,75.3,90,84,50,80,OFF_HOURS,bullish,bullish,FVG,BOS bullish | Vol 1.5x | FVG | ChoCH | BullWick | StrongTrend1h | Zone:FVG | MTF 14,BOS+2 | 1h+2 | 4h+2 | Vol+1 | BTC+2 | FVG+1 | ChoCH+1 | BullWick+1 | Zone:FVG+1 | Sess:OFF_HOURS | Strong1h+1,0,0,-1.0,bull,0.1931,0,2.9029,0.0526,1.6075,-1,0.0,0.3554,1.3017,0.509,0.0757,1.39,1.0,0.2771,0.52734375,820,0,1,0.751,-1.0,0,1.087,1
XRPUSDT,820,1011,1675299600,1675472400,LONG,EXPIRED,0.41597,0.42366799,0.48011993,0.40314001,-0.28738818190816856,-0.2983305033752936,0.01094232146712506,14,1.66,71.22,0.3012600229095049,0.0075396630793407,1.7269994015568313,base,adaptive disabled,1.0,69.0,65,96,50,80,OFF_HOURS,bullish,neutral,FVG,BOS bullish | Vol 1.7x | FVG | ChoCH | Engulfing | BullWick | StrongTrend1h | Zone:FVG | MTF 14,BOS+2 | 1h+2 | 4hN+1 | Vol+1 | BTC+2 | FVG+1 | ChoCH+1 | Engulfing+1 | BullWick+1 | Zone:FVG+1 | Sess:OFF_HOURS | Strong1h+1,0,0,-1.0,bull,0.1758,2,2.4635,0.0526,1.8399,-1,0.0,0.8161,0.4534,0.403,0.1251,2.194,1.0,0.5085,0.84375,820,0,1,0.408,0.039,1,0.755,1
DOTUSDT,855,867,1675331100,1675342800,LONG,TRAIL,6.557,6.62346443,7.11087024,6.44622595,0.4214660383004801,0.4081477114901848,0.013318326810295284,15,1.35,61.04,0.29487179487179715,0.003967600950628417,0.9265765220198409,base,adaptive disabled,1.15,77.5,90,95,50,80,LONDON,bullish,bullish,FVG,BOS bullish | Vol 1.4x | FVG | LiqSweep | ChoCH | Session:LONDON | StrongTrend1h | Zone:FVG | MTF 15 | Risk x1.15,BOS+2 | 1h+2 | 4h+2 | Vol+1 | RSI+1 | BTC+2 | FVG+1 | LiqSweep+1 | ChoCH+1 | Zone:FVG+1 | Sess:LONDON | Strong1h+1 | QualityRisk:1.15,0,0,-1.0,range,0.2696,2,2.6145,19.0,1.9963,-1,0.0,0.3069,1.6851,0.0,0.0475,2.778,1.0,-0.032,0.5625,855,0,1,1.345,0.896,1,0.486,1
XLMUSDT,868,884,1675342800,1675358100,LONG,TRAIL,0.09334,0.0940139,0.09895584,0.09221683,0.7361975480114179,0.6925679104676803,0.043629637543737554,15,1.46,66.21,0.6212121212121213,0.003815723271032731,1.266547575683397,base,adaptive disabled,1.0,78.5,90,100,50,80,OVERLAP,bullish,bullish,FVG,BOS bullish | Vol 1.5x | FVG | ChoCH | BullWick | Session:OVERLAP | StrongTrend1h | Zone:FVG | MTF 15,BOS+2 | 1h+2 | 4h+2 | Vol+1 | RSI+1 | BTC+2 | FVG+1 | ChoCH+1 | BullWick+1 | Zone:FVG+1 | Sess:OVERLAP | Strong1h+1,0,0,-1.0,range,0.4074,1,2.2955,0.4286,2.4834,-1,0.0,0.9794,1.1278,0.0,-0.0208,2.071,-1.0,-0.0125,1.3125,864,0,3,1.73,0.424,1,1.307,0
DOTUSDT,887,965,1675359900,1675431000,LONG,TRAIL,6.731,6.872351,7.908925,6.495415,0.44171954920729256,0.43368383492157825,0.008035714285714304,15,1.48,66.2,0.3101851851851843,0.02004924259541078,4.38610597185616,base,adaptive disabled,1.0,79.9,90,77,70,80,NEW_YORK,bullish,bullish,FVG,BOS bullish | Vol 1.5x | FVG | ChoCH | Session:NEW_YORK | StrongTrend1h | Zone:FVG | MTF 15,BOS+2 | BodyStrong+1 | 1h+2 | 4h+2 | Vol+1 | RSI+1 | BTC+2 | FVG+1 | ChoCH+1 | Zone:FVG+1 | Sess:NEW_YORK | Strong1h+1,0,1,-1.0,bear,0.4988,1,4.8427,0.4286,3.5446,-1,0.0,1.1503,1.139,2.094,0.0706,1.143,1.0,0.3201,0.703125,883,0,1,1.609,-1.0,0,0.464,0
BTCUSDT,892,944,1675364400,1675412100,LONG,SL,23973.9,24309.02973327,26766.64777721,23415.35044456,-0.2900369330208913,-0.2948656249851618,0.004828691964270518,14,1.56,64.88,0.44027484143764045,0.005164946058340278,2.1019211505215956,base,adaptive disabled,1.0,76.5,90,90,50,80,OFF_HOURS,bullish,bullish,FVG,BOS bullish | Vol 1.6x | FVG | ChoCH | StrongTrend1h | Zone:FVG | MTF 14,BOS+2 | 1h+2 | 4h+2 | Vol+1 | RSI+1 | BTC+2 | FVG+1 | ChoCH+1 | Zone:FVG+1 | Sess:OFF_HOURS | Strong1h+1,0,1,-1.0,bear,0.2774,0,3.2429,0.1765,0.7612,-1,0.0,1.151,0.2957,4.746,-0.113,0.886,-1.0,-0.0757,0.28125,890,0,1,0.715,2.735,1,0.646,7
ADAUSDT,961,973,1675426500,1675438200,LONG,TP1,0.40196,0.40536761,0.43035675,0.39628065,0.0,-0.048768884203298155,0.048768884203298155,13,1.53,63.03,0.44485749690210696,0.004737088261552634,1.142665591665434,base,adaptive disabled,1.15,68.0,60,100,50,80,OVERLAP,neutral,bullish,FVG,BOS bullish | Vol 1.5x | FVG | ChoCH | BullWick | Session:OVERLAP | Zone:FVG | MTF 13 | Risk x1.15,BOS+2 | 1hN+1 | 4h+2 | Vol+1 | RSI+1 | BTC+2 | FVG+1 | ChoCH+1 | BullWick+1 | Zone:FVG+1 | Sess:OVERLAP | QualityRisk:1.15,0,0,-1.0,range,0.3678,0,2.3635,0.0526,1.6989,-1,0.0,1.3364,1.0447,0.0,0.2266,1.484,1.0,0.4567,1.72265625,960,0,5,1.661,2.609,0,1.234,3
DOTUSDT,967,970,1675431900,1675435500,LONG,TP1,6.79,6.8747616,7.49634669,6.64873066,0.0,-0.022530101011302237,0.022530101011302237,21,7.9,55.27,0.1858407079646049,0.011306644425216313,1.8908188446767185,base,adaptive disabled,1.15,81.9,90,72,80,80,NEW_YORK,bullish,bullish,OB,BOS bullish | Vol 7.9x | FVG | OB | LiqSweep | ChoCH | Engulfing | BullWick | Session:NEW_YORK | StrongTrend1h | Zone:OB | 💎PREMIUM | MTF 21 | Risk x1.15,BOS+2 | 1h+2 | 4h+2 | Vol+2 | RSI+1 | BTCok+1 | FVG+1 | OB+1 | LiqSweep+1 | ChoCH+1 | Engulfing+1 | BullWick+1 | Zone:OB+1 | Sess:NEW_YORK | Strong1h+1 | 💎Premium+3 | QualityRisk:1.15,1,0,-1.0,bull,0.5397,0,3.1771,0.1765,3.5985,-1,0.0,0.4672,1.8758,0.627,0.1041,3.806,-1.0,-0.1069,1.171875,967,10,2,0.778,2.766,0,2.075,0
AAVEUSDT,986,1153,1675449000,1675600200,LONG,SL,91.1,93.0131,107.0425,87.9115,-1.2018288380116062,-1.2152216951544637,0.013392857142857184,14,6.1,61.29,0.16585365853658726,0.02833493088534221,4.532070998933909,base,adaptive disabled,1.25,76.3,90,59,70,80,OFF_HOURS,bullish,bullish,FVG,BOS bullish | Vol 6.1x | FVG | ChoCH | StrongTrend1h | Zone:FVG | MTF 14 | Risk x1.25,BOS+2 | 1h+2 | 4h+2 | Vol+2 | RSI+1 | BTCok+1 | FVG+1 | ChoCH+1 | Zone:FVG+1 | Sess:OFF_HOURS | Strong1h+1 | QualityRisk:1.15 | RelStrengthRisk:1.25,0,0,-1.0,bull,0.5007,0,3.6253,0.1765,5.4632,-1,0.0,1.082,0.4704,0.405,-0.0461,2.086,1.0,0.0763,1.171875,986,2,2,0.415,0.938,1,2.922,4
XLMUSDT,1013,1061,1675473300,1675517400,LONG,TRAIL,0.09278,0.09355654,0.09925118,0.09148576,0.982016775589339,0.9443811747734162,0.0376356008159228,17,2.97,63.3,0.5596330275229313,0.002190481092346132,0.676858658265127,base,adaptive disabled,1.15,75.0,60,90,80,80,DEAD_ZONE,neutral,bullish,OB,BOS bullish | Vol 3.0x | FVG | OB | ChoCH | BullWick | Zone:OB | MTF 17 | Risk x1.15,BOS+2 | 1hN+1 | 4h+2 | Vol+2 | RSI+1 | BTC+2 | FVG+1 | OB+1 | ChoCH+1 | BullWick+1 | Zone:OB+1 | Sess:DEAD_ZONE | NestedOB_1h+2 | QualityRisk:1.15,0,0,-1.0,range,0.3766,1,2.589,0.1765,0.9637,-1,0.0,0.5331,1.4681,0.0,0.1301,3.261,1.0,0.2217,1.3125,1008,28,5,1.75,0.693,1,0.729,0
AVAXUSDT,1064,1107,1675519200,1675558800,LONG,SL,21.48,21.79709024,24.12241863,20.95151627,-2.0199297336930244,-2.0483809406961235,0.028451207003099152,13,1.81,66.45,0.49019607843137447,0.00960407863835166,2.2644283189642547,base,adaptive disabled,1.0,66.0,60,90,50,80,NEW_YORK,neutral,bullish,FVG,BOS bullish | Vol 1.8x | FVG | ChoCH | BullWick | Session:NEW_YORK | Zone:FVG | MTF 13,BOS+2 | 1hN+1 | 4h+2 | Vol+1 | RSI+1 | BTC+2 | FVG+1 | ChoCH+1 | BullWick+1 | Zone:FVG+1 | Sess:NEW_YORK,0,0,-1.0,bull,0.3333,0,4.2403,0.1765,3.0701,-1,0.0,1.3813,0.0,2.273,-0.0916,1.23,1.0,0.3993,1.75,1064,1,3,1.106,2.95,0,1.475,0
LINKUSDT,1064,1079,1675519200,1675533600,LONG,TRAIL,7.26,7.31882252,7.75018767,7.16196247,1.0040797641474652,0.9676316687089123,0.03644809543855296,14,2.98,70.76,0.4912280701754279,0.005633660228640018,1.927516606825813,base,adaptive disabled,1.0,72.0,60,90,70,80,NEW_YORK,neutral,bullish,FVG,BOS bullish | Vol 3.0x | FVG | ChoCH | Session:NEW_YORK | Zone:FVG | MTF 14,BOS+2 | 1hN+1 | 4h+2 | Vol+2 | BTC+2 | FVG+1 | ChoCH+1 | Zone:FVG+1 | Sess:NEW_YORK | NestedOB_1h+2,0,0,-1.0,bull,0.4032,0,4.5346,0.1765,2.8949,-1,0.0,0.4284,1.819,3.733,0.097,1.887,1.0,0.0999,1.23046875,1063,1,2,1.789,1.83,1,0.957,0
ADAUSDT,1081,1104,1675534500,1675556100,LONG,SL,0.404,0.4069088,0.42824,0.399152,-0.5836169554455463,-0.6023669554455462,0.01874999999999993,15,1.89,61.09,0.19407407407406504,0.004111827563420608,1.4515842938149583,base,adaptive disabled,1.0,75.1,90,83,50,80,OFF_HOURS,bullish,bullish,FVG,BOS bullish | Vol 1.9x | FVG | ChoCH | BullWick | StrongTrend1h | Zone:FVG | MTF 15,BOS+2 | 1h+2 | 4h+2 | Vol+1 | RSI+1 | BTC+2 | FVG+1 | ChoCH+1 | BullWick+1 | Zone:FVG+1 | Sess:OFF_HOURS | Strong1h+1,0,1,-1.0,bear,0.3565,3,2.7553,-1.0,-1.0,-1,0.0,1.2232,0.4916,0.923,0.1009,1.691,1.0,0.2031,0.5625,1080,0,1,0.394,0.752,1,0.78,2
XLMUSDT,1126,1146,1675575000,1675593900,LONG,TRAIL,0.09284,0.09350845,0.0984104,0.09172592,0.7657663722533341,0.7220163722533343,0.04374999999999987,16,1.32,46.94,0.5223880597015167,0.0015071285873455608,0.7357960416467906,base,adaptive disabled,1.0,66.0,60,90,50,80,OFF_HOURS,neutral,bullish,FVG,BOS bullish | Vol 1.3x | FVG | ChoCH | Discount | BullWick | Zone:FVG | MTF 16,BOS+2 | 1hN+1 | 4h+2 | Vol+1 | RSI+1 | BTC+2 | FVG+1 | ChoCH+1 | Discount+1 | BullWick+1 | Zone:FVG+1 | Sess:OFF_HOURS | NestedOB_1h+2,0,0,-1.0,range,0.2,1,1.7595,0.1111,1.2593,-1,0.0,0.0449,1.2866,0.0,0.3966,2.623,1.0,0.0922,1.3125,1126,2,2,0.251,1.005,1,0.503,0
SOLUSDT,1152,1155,1675598400,1675602000,SHORT,TRAIL,24.229,24.03963567,22.65096389,24.54460722,0.7610329700315457,0.7207289966306838,0.04030397340086194,15,2.4,37.32,0.421319796954316,0.003962971444762751,1.2893395496540412,base,adaptive disabled,1.25,84.5,90,100,70,80,OVERLAP,bearish,bearish,FVG,BOS bearish | Vol 2.4x | FVG | ChoCH | Session:OVERLAP | StrongTrend1h | Zone:FVG | MTF 15 | Risk x1.25,BOS+2 | 1h+2 | 4h+2 | Vol+2 | RSI+1 | BTC+2 | FVG+1 | ChoCH+1 | Zone:FVG+1 | Sess:OVERLAP | Strong1h+1 | QualityRisk:1.15 | TrendPairRisk:1.25,0,0,-1.0,bear,0.2879,5,2.8037,0.0526,2.4814,-1,0.0,0.0349,5.3019,5.03,-0.0196,2.041,1.0,-0.3972,1.3125,1152,0,1,0.608,1.34,1,1.179,4
XRPUSDT,1213,1293,1675653300,1675726200,SHORT,TRAIL,0.39766,0.39337982,0.36199187,0.40479363,0.5141141326365403,0.49739080944764485,0.01672332318889541,19,1.6,39.72,0.5208747514910523,0.0040344985369694985,1.0951330657312854,base,adaptive disabled,1.25,81.5,90,100,60,80,OFF_HOURS,bearish,bearish,OB,BOS bearish | Vol 1.6x | FVG | OB | LiqSweep | ChoCH | StrongTrend1h | Zone:OB | 💎PREMIUM | MTF 19 | Risk x1.25,BOS+2 | 1h+2 | 4h+2 | Vol+1 | RSI+1 | BTC+2 | FVG+1 | OB+1 | LiqSweep+1 | ChoCH+1 | Zone:OB+1 | Sess:OFF_HOURS | Strong1h+1 | 💎Premium+3 | QualityRisk:1.15 | TrendPairRisk:1.25,1,1,-1.0,bull,0.2046,0,4.022,0.0526,1.5874,-1,0.0,0.8369,1.584,0.0,0.0244,1.808,-1.0,0.0686,0.75,1213,27,1,0.477,0.465,1,0.886,3
ADAUSDT,1223,1293,1675662300,1675726200,SHORT,TRAIL,0.38998,0.38179042,0.3217335,0.4036293,0.3094938934597378,0.3030653220311664,0.006428571428571414,16,1.68,39.15,0.5182849936948342,0.00885139143974614,1.8273464700660735,base,adaptive disabled,1.15,76.5,90,90,50,80,OFF_HOURS,bearish,bearish,FVG,BOS bearish | Vol 1.7x | FVG | ChoCH | StrongTrend1h | Zone:FVG | MTF 16 | Risk x1.15,BOS+2 | 1h+2 | 4h+2 | Vol+1 | RSI+1 | BTC+2 | FVG+1 | ChoCH+1 | Zone:FVG+1 | Sess:OFF_HOURS | Strong1h+1 | NestedOB_1h+2 | TrendPairRisk:1.15,0,0,-1.0,range,0.2357,0,3.6218,0.0526,1.8393,-1,0.0,0.4821,1.2589,0.472,-0.2363,0.878,1.0,-0.4657,0.5625,1223,0,1,0.655,0.778,1,1.916,5
AVAXUSDT,1223,1277,1675662300,1675711800,SHORT,SL,19.77,19.41322285,16.79685707,20.36462859,-0.7567749139004596,-0.7667492072656676,0.009974293365208033,13,1.74,31.34,0.5849056603773587,0.00979297045998028,1.953697606775831,base,adaptive disabled,1.15,76.5,90,90,50,80,OFF_HOURS,bearish,bearish,FVG,BOS bearish | Vol 1.7x | FVG | ChoCH | StrongTrend1h | Zone:FVG | MTF 13 | Risk x1.15,BOS+2 | 1h+2 | 4h+2 | Vol+1 | BTC+2 | FVG+1 | ChoCH+1 | Zone:FVG+1 | Sess:OFF_HOURS | Strong1h+1 | TrendPairRisk:1.15,0,0,-1.0,range,0.2769,6,4.1002,0.1111,13.3344,-1,0.0,1.1099,0.1682,1.55,-0.0813,1.173,1.0,-0.725,0.75,1223,0,1,1.047,0.087,1,1.483,5
SOLUSDT,1287,1292,1675719900,1675725300,SHORT,TP1,23.0,22.56493943,19.37449526,23.72510095,0.0,-0.009515916369989563,0.009515916369989563,25,2.35,39.53,0.5158371040724098,0.004707191446535937,0.8839569758744455,base,adaptive disabled,1.25,93.5,90,100,100,80,DEAD_ZONE,bearish,bearish,OB,BOS bearish | Vol 2.4x | FVG | OB | LiqSweep | ChoCH | Engulfing | BearWick | StrongTrend1h | Zone:OB | 💎PREMIUM | MTF 25 | Risk x1.25,BOS+2 | BodyStrong+1 | 1h+2 | 4h+2 | Vol+2 | RSI+1 | BTC+2 | FVG+1 | OB+1 | LiqSweep+1 | ChoCH+1 | Engulfing+1 | BearWick+1 | Zone:OB+1 | Sess:DEAD_ZONE | Strong1h+1 | NestedOB_1h+2 | 💎Premium+3 | QualityRisk:1.15 | TrendPairRisk:1.25,1,0,-1.0,range,0.0,4,2.5561,0.0526,1.4563,-1,0.0,0.2207,1.1033,1.701,-0.2438,2.471,1.0,-0.4137,0.75,1286,22,1,0.558,0.798,1,0.643,3
ETHUSDT,1295,1367,1675727100,1675792800,SHORT,SL,1615.67,1587.26741279,1378.98177324,1663.00764535,-1.5557253525285424,-1.5736440036090613,0.017918651080518943,13,2.01,28.94,0.7175937578655881,0.008887421942309246,2.500862003884215,base,adaptive disabled,1.0,72.0,60,90,70,80,DEAD_ZONE,neutral,bearish,FVG,BOS bearish | Vol 2.0x | FVG | LiqSweep | ChoCH | Zone:FVG | MTF 13,BOS+2 | 1hN+1 | 4h+2 | Vol+2 | BTC+2 | FVG+1 | LiqSweep+1 | ChoCH+1 | Zone:FVG+1 | Sess:DEAD_ZONE,0,0,-1.0,range,0.2109,0,4.3185,0.1111,3.8464,-1,0.0,1.2941,0.0912,0.0,-0.0182,1.518,1.0,-0.529,1.3125,1295,1,2,1.743,0.914,1,1.326,4
BTCUSDT,1296,1367,1675728000,1675792800,SHORT,SL,22741.1,22465.33763903,20443.08032524,23200.70393495,-0.5842802456189015,-0.5940215766259719,0.009741331007070343,13,1.99,32.23,0.6683967704728804,0.0062812440832235444,2.2729017504921747,base,adaptive disabled,1.0,66.0,60,90,50,80,DEAD_ZONE,neutral,bearish,FVG,BOS bearish | Vol 2.0x | FVG | LiqSweep | ChoCH | Zone:FVG | MTF 13,BOS+2 | 1hN+1 | 4h+2 | Vol+1 | RSI+1 | BTC+2 | FVG+1 | LiqSweep+1 | ChoCH+1 | Zone:FVG+1 | Sess:DEAD_ZONE,0,0,-1.0,bear,0.2186,0,3.9101,0.1765,2.8909,-1,0.0,1.3248,0.0044,0.0,0.0418,1.569,1.0,-0.5241,0.4921875,1295,1,2,1.132,0.06,1,0.574,0
XRPUSDT,1359,1367,1675784700,1675792800,SHORT,SL,0.39463,0.39178866,0.3709522,0.39936556,-1.4051928388617156,-1.4489428388617156,0.04374999999999975,13,2.24,38.93,0.42611683848798365,0.0033872938626141828,1.2567176802984004,base,adaptive disabled,1.0,74.0,60,100,70,80,NEW_YORK,neutral,bearish,FVG,BOS bearish | Vol 2.2x | FVG | ChoCH | Session:NEW_YORK | Zone:FVG | MTF 13,BOS+2 | 1hN+1 | 4h+2 | Vol+2 | RSI+1 | BTC+2 | FVG+1 | ChoCH+1 | Zone:FVG+1 | Sess:NEW_YORK,0,0,-1.0,range,0.2381,0,3.351,0.0526,2.2967,-1,0.0,1.2733,0.5913,10.0,-0.0484,2.717,-1.0,0.0381,1.3125,1359,0,2,1.155,0.174,1,0.825,3
AAVEUSDT,1415,1419,1675835100,1675839600,LONG,TRAIL,88.13,88.764536,93.4178,87.07244,0.47204768523772445,0.4486101852377244,0.023437500000000108,16,2.31,43.05,0.14170040485829735,0.006516147187376166,1.0515876806402966,base,adaptive disabled,1.15,85.9,90,77,90,80,OFF_HOURS,bullish,bullish,FVG,BOS bullish | Vol 2.3x | FVG | ChoCH | Discount | StrongTrend1h | Zone:FVG | MTF 16 | Risk x1.15,BOS+2 | BodyStrong+1 | 1h+2 | 4h+2 | Vol+2 | RSI+1 | BTCok+1 | FVG+1 | ChoCH+1 | Discount+1 | Zone:FVG+1 | Sess:OFF_HOURS | Strong1h+1 | QualityRisk:1.15,0,0,-1.0,range,0.9012,0,2.7485,19.0,0.5494,-1,0.0,0.0756,1.4341,0.486,-0.3361,1.292,-1.0,0.0053,0.703125,1415,27,2,2.078,0.447,1,1.788,0
LINKUSDT,1420,1452,1675839600,1675869300,LONG,SL,7.249,7.31445197,7.79443312,7.13991338,-1.1859841289426758,-1.2109035461910973,0.024919417248421633,15,1.58,62.48,0.20930232558139222,0.004002389760752181,0.988314244039541,base,adaptive disabled,1.25,75.5,90,85,50,80,OFF_HOURS,bullish,bullish,FVG,BOS bullish | Vol 1.6x | FVG | MACD_Div | ChoCH | Engulfing | StrongTrend1h | Zone:FVG | MTF 15 | Risk x1.25,BOS+2 | 1h+2 | 4h+2 | Vol+1 | RSI+1 | BTCok+1 | FVG+1 | MACD_Div+1 | ChoCH+1 | Engulfing+1 | Zone:FVG+1 | Sess:OFF_HOURS | Strong1h+1 | QualityRisk:1.15 | RelStrengthRisk:1.25,0,1,-1.0,bear,0.2136,2,3.6672,0.0526,1.5411,-1,0.0,1.3109,0.825,0.0,-0.2116,2.023,-1.0,-0.0152,0.9375,1420,0,3,1.104,1.282,1,0.783,1
XRPUSDT,1648,1839,1676044800,1676217600,SHORT,EXPIRED,0.38049,0.37196,0.34393553,0.38780089,-0.1538800337578597,-0.1655899965667653,0.011709962808905598,15,8.61,32.77,0.5402298850574718,0.007607858900199618,2.041406670878607,base,adaptive disabled,1.15,82.5,90,90,70,80,NEW_YORK,bearish,bearish,FVG,BOS bearish | Vol 8.6x | FVG | ChoCH | Session:NEW_YORK | StrongTrend1h | Zone:FVG | MTF 15 | Risk x1.15,BOS+2 | 1h+2 | 4h+2 | Vol+2 | RSI+1 | BTC+2 | FVG+1 | ChoCH+1 | Zone:FVG+1 | Sess:NEW_YORK | Strong1h+1 | TrendPairRisk:1.15,0,0,-1.0,range,0.3874,4,4.4345,0.0526,8.2908,-1,0.0,0.5389,0.3353,1.709,0.0457,4.356,1.0,-0.6074,0.5625,1648,0,2,1.637,4.59,1,1.976,3
AVAXUSDT,1671,1673,1676065500,1676068200,SHORT,TP1,17.92,17.70520681,16.13005676,18.27798865,0.0,-0.018771544852050515,0.018771544852050515,17,9.37,35.55,0.3333333333333287,0.008399771997429549,1.2760653626164948,base,adaptive disabled,1.15,90.3,90,99,90,80,DEAD_ZONE,bearish,bearish,FVG,BOS bearish | Vol 9.4x | FVG | LiqSweep | ChoCH | StrongTrend1h | Zone:FVG | MTF 17 | Risk x1.15,BOS+2 | BodyStrong+1 | 1h+2 | 4h+2 | Vol+2 | RSI+1 | BTC+2 | FVG+1 | LiqSweep+1 | ChoCH+1 | Zone:FVG+1 | Sess:DEAD_ZONE | Strong1h+1 | TrendPairRisk:1.15,0,1,-1.0,bull,0.4792,7,3.9819,0.0526,9.447,-1,0.0,0.0279,1.1174,0.0,-0.1464,4.398,1.0,-0.3128,0.9375,1671,0,1,1.389,0.833,1,2.13,6
XLMUSDT,1732,1825,1676120400,1676205000,SHORT,SL,0.08541,0.08479505,0.0802854,0.08643492,-1.809897357842575,-1.8682306911759086,0.05833333333333342,13,1.43,38.03,0.12000000000000222,0.0029677198652904376,1.6981293088976983,base,adaptive disabled,1.15,73.3,90,74,50,80,OVERLAP,bearish,bearish,FVG,BOS bearish | Vol 1.4x | FVG | ChoCH | Session:OVERLAP | StrongTrend1h | Zone:FVG | MTF 13 | Risk x1.15,BOS+2 | 1h+2 | 4h+2 | Vol+1 | RSI+1 | BTCok+1 | FVG+1 | ChoCH+1 | Zone:FVG+1 | Sess:OVERLAP | Strong1h+1 | TrendPairRisk:1.15,0,0,-1.0,bear,0.4918,0,3.2892,0.0526,1.3928,-1,0.0,1.0342,0.2114,0.2,-0.0496,0.852,-1.0,0.0668,1.75,1732,10,1,0.193,1.935,1,1.677,1
ETHUSDT,1834,1862,1676212200,1676238300,SHORT,TP1,1529.8,1518.78544,1438.012,1548.1576,0.0,-0.05833333333333319,0.05833333333333319,13,1.6,39.59,0.5386444708680204,0.005236280558719945,3.1169873330529247,base,adaptive disabled,1.0,70.0,60,80,70,80,NEW_YORK,neutral,bearish,FVG,BOS bearish | Vol 1.6x | FVG | ChoCH | Session:NEW_YORK | Zone:FVG | MTF 13,BOS+2 | BodyStrong+1 | 1hN+1 | 4h+2 | Vol+1 | RSI+1 | BTC+2 | FVG+1 | ChoCH+1 | Zone:FVG+1 | Sess:NEW_YORK,0,1,-1.0,bull,0.4668,0,1.8005,0.5385,1.6609,-1,0.0,1.005,1.4308,0.0,0.0662,1.597,1.0,-0.1156,1.75,1829,1,2,1.049,2.085,1,0.924,1
LINKUSDT,1834,1845,1676212200,1676223000,SHORT,SL,6.942,6.88086844,6.43257037,7.04388593,-2.157743959347471,-2.2024575670065465,0.04471360765907525,17,2.25,38.77,0.5833333333333308,0.005578906595847646,1.947596292638263,base,adaptive disabled,1.0,72.0,60,90,70,80,NEW_YORK,neutral,bearish,FVG,BOS bearish | Vol 2.2x | FVG | LiqSweep | ChoCH | Engulfing | Session:NEW_YORK | Zone:FVG | MTF 17,BOS+2 | 1hN+1 | 4h+2 | Vol+2 | RSI+1 | BTC+2 | FVG+1 | LiqSweep+1 | ChoCH+1 | Engulfing+1 | Zone:FVG+1 | Sess:NEW_YORK | NestedOB_1h+2,0,0,-1.0,range,0.3391,1,1.7384,0.3333,1.2091,-1,0.0,1.4428,0.1145,0.0,-0.0991,1.295,1.0,-0.2821,1.640625,1830,1,3,1.391,0.386,1,0.811,0
AVAXUSDT,1879,1883,1676252700,1676257200,SHORT,TRAIL,17.52,17.15208,14.454,18.1332,0.22932974559686706,0.2186154598825813,0.01071428571428573,13,3.34,29.6,0.48387096774193583,0.012560542722885424,2.2194478991463833,base,adaptive disabled,1.15,82.5,90,90,70,80,OFF_HOURS,bearish,bearish,FVG,BOS bearish | Vol 3.3x | FVG | ChoCH | StrongTrend1h | Zone:FVG | MTF 13 | Risk x1.15,BOS+2 | 1h+2 | 4h+2 | Vol+2 | BTCok+1 | FVG+1 | ChoCH+1 | Zone:FVG+1 | Sess:OFF_HOURS | Strong1h+1 | TrendPairRisk:1.15,0,0,-1.0,range,0.2281,0,3.9124,0.0526,3.2078,-1,0.0,0.0326,1.0328,0.536,-0.2545,1.94,1.0,-0.5061,0.9375,1879,0,2,0.995,0.133,1,1.724,2
LINKUSDT,1883,1909,1676256300,1676280600,SHORT,TRAIL,6.685,6.544615,5.515125,6.918975,0.7575428731702075,0.7408018017416361,0.016741071428571425,16,2.13,34.51,0.3085106382978735,0.011572612685374774,2.2434795536774095,base,adaptive disabled,1.15,87.9,90,87,90,80,OFF_HOURS,bearish,bearish,FVG,BOS bearish | Vol 2.1x | FVG | ChoCH | StrongTrend1h | Zone:FVG | MTF 16 | Risk x1.15,BOS+2 | BodyStrong+1 | 1h+2 | 4h+2 | Vol+2 | RSI+1 | BTC+2 | FVG+1 | ChoCH+1 | Zone:FVG+1 | Sess:OFF_HOURS | Strong1h+1 | TrendPairRisk:1.15,0,0,-1.0,range,0.3034,0,3.3939,0.0526,2.2161,-1,0.0,0.4701,1.8948,1.547,-0.0906,1.329,1.0,-0.2776,1.46484375,1883,0,1,0.073,0.073,1,1.606,1
XRPUSDT,1883,1910,1676256300,1676281500,SHORT,TRAIL,0.37028,0.36293318,0.30905652,0.3825247,0.24393206856844107,0.2371280635703603,0.0068040049980808035,15,1.87,34.15,0.34393638170974483,0.009017806440029539,2.391814394655043,base,adaptive disabled,1.15,82.5,90,90,70,80,OFF_HOURS,bearish,bearish,FVG,BOS bearish | Vol 1.9x | FVG | ChoCH | StrongTrend1h | Zone:FVG | MTF 15 | Risk x1.15,BOS+2 | BodyStrong+1 | 1h+2 | 4h+2 | Vol+1 | RSI+1 | BTC+2 | FVG+1 | ChoCH+1 | Zone:FVG+1 | Sess:OFF_HOURS | Strong1h+1 | TrendPairRisk:1.15,0,1,-1.0,bull,0.3544,0,3.8439,0.0526,1.9746,-1,0.0,0.5496,1.029,2.414,0.0949,0.969,1.0,-0.4271,0.5625,1883,0,4,1.24,-1.0,0,1.929,7
DOTUSDT,1885,1910,1676258100,1676281500,SHORT,TRAIL,6.15,6.03199322,5.16661021,6.34667796,0.7418138641462447,0.7308207189305835,0.010993145215661193,17,4.26,39.57,0.1865671641791027,0.010977328588376065,2.339306575078,base,adaptive disabled,1.15,84.9,90,72,90,80,OFF_HOURS,bearish,bearish,FVG,BOS bearish | Vol 4.3x | FVG | ChoCH | Engulfing | StrongTrend1h | Zone:FVG | MTF 17 | Risk x1.15,BOS+2 | BodyStrong+1 | 1h+2 | 4h+2 | Vol+2 | RSI+1 | BTC+2 | FVG+1 | ChoCH+1 | Engulfing+1 | Zone:FVG+1 | Sess:OFF_HOURS | Strong1h+1 | TrendPairRisk:1.15,0,1,-1.0,bull,0.6243,1,2.7208,0.1765,2.5645,-1,0.0,0.4779,1.6863,0.962,0.0397,1.949,1.0,-0.0559,0.87890625,1883,17,5,0.45,0.021,1,0.343,0
BTCUSDT,1911,1944,1676281500,1676312100,SHORT,TRAIL,21605.0,21388.25695583,19798.80796521,21966.23840696,0.1438800498468447,0.13504900303735293,0.00883104680949175,14,1.81,32.81,0.44239457831324935,0.006058039330380718,2.145641105960714,base,adaptive disabled,1.0,72.0,60,90,70,80,LONDON,neutral,bearish,FVG,BOS bearish | Vol 1.8x | FVG | MACD_Div | ChoCH | Session:LONDON | Zone:FVG | MTF 14,BOS+2 | BodyStrong+1 | 1hN+1 | 4h+2 | Vol+1 | RSI+1 | BTC+2 | FVG+1 | MACD_Div+1 | ChoCH+1 | Zone:FVG+1 | Sess:LONDON,0,1,-1.0,bull,0.3052,0,5.343,0.1111,7.8174,-1,0.0,0.2752,1.1954,10.0,-0.1875,1.423,1.0,-0.4482,0.369140625,1911,0,5,2.902,1.36,1,1.273,2
XLMUSDT,1943,1952,1676310300,1676319300,SHORT,SL,0.08262,0.08137502,0.07224513,0.08469497,-0.6614553463423576,-0.6704142710497027,0.008958924707345186,15,1.44,35.44,0.5294117647058705,0.006123177046105215,1.4057793985358744,base,adaptive disabled,1.15,78.5,90,100,50,80,OFF_HOURS,bearish,bearish,FVG,BOS bearish | Vol 1.4x | FVG | ChoCH | BearWick | StrongTrend1h | Zone:FVG | MTF 15 | Risk x1.15,BOS+2 | 1h+2 | 4h+2 | Vol+1 | RSI+1 | BTC+2 | FVG+1 | ChoCH+1 | BearWick+1 | Zone:FVG+1 | Sess:OFF_HOURS | Strong1h+1 | TrendPairRisk:1.15,0,0,-1.0,range,0.0643,6,3.3475,0.0526,1.4055,-1,0.0,1.2193,0.3213,0.0,-0.1321,1.196,1.0,-0.1558,0.5625,1943,33,5,1.537,2.19,1,1.2,5
LINKUSDT,1944,2027,1676311200,1676386800,SHORT,SL,6.517,6.42434914,5.7449095,6.6714181,-1.054687500000002,-1.0665572630005828,0.011869763000580891,17,1.41,35.64,0.380645161290323,0.010180111683853188,1.8700299601761088,base,adaptive disabled,1.15,76.5,90,90,50,80,OFF_HOURS,bearish,bearish,FVG,BOS bearish | Vol 1.4x | FVG | LiqSweep | MACD_Div | ChoCH | BearWick | StrongTrend1h | Zone:FVG | MTF 17 | Risk x1.15,BOS+2 | 1h+2 | 4h+2 | Vol+1 | RSI+1 | BTC+2 | FVG+1 | LiqSweep+1 | MACD_Div+1 | ChoCH+1 | BearWick+1 | Zone:FVG+1 | Sess:OFF_HOURS | Strong1h+1 | TrendPairRisk:1.15,0,1,-1.0,bull,0.474,0,3.2386,0.0526,1.725,-1,0.0,1.5672,0.4317,0.0,-0.0569,1.014,1.0,-0.1516,0.703125,1943,0,5,1.348,0.824,1,1.498,4
AVAXUSDT,1945,2027,1676312100,1676386800,SHORT,SL,17.11,16.75069,14.11575,17.70885,-0.8437500000000017,-0.850178571428573,0.006428571428571404,16,1.3,33.55,0.6136363636363609,0.008195501696664555,1.2904189944277304,base,adaptive disabled,1.15,84.5,90,100,70,80,OFF_HOURS,bearish,bearish,FVG,BOS bearish | Vol 1.3x | FVG | LiqSweep | ChoCH | StrongTrend1h | Zone:FVG | MTF 16 | Risk x1.15,BOS+2 | BodyStrong+1 | 1h+2 | 4h+2 | Vol+1 | RSI+1 | BTC+2 | FVG+1 | LiqSweep+1 | ChoCH+1 | Zone:FVG+1 | Sess:OFF_HOURS | Strong1h+1 | TrendPairRisk:1.15,0,0,-1.0,range,0.3684,0,3.2992,0.1111,2.1478,-1,0.0,1.8035,0.1392,0.0,-0.187,1.042,1.0,-0.4937,0.5625,1942,31,6,2.346,0.733,1,1.1,0
AAVEUSDT,2000,2022,1676361600,1676382300,LONG,SL,81.19,82.99,88.1637621,79.79524758,-2.8125,-2.856158285963039,0.04365828596303841,16,3.34,55.29,0.28431372549019834,0.007212666180463616,1.0343216378803934,base,adaptive disabled,1.15,83.3,90,94,70,80,LONDON,bullish,bullish,FVG,BOS bullish | Vol 3.3x | FVG | LiqSweep | ChoCH | Session:LONDON | StrongTrend1h | Zone:FVG | MTF 16 | Risk x1.15,BOS+2 | 1h+2 | 4h+2 | Vol+2 | RSI+1 | BTC+2 | FVG+1 | LiqSweep+1 | ChoCH+1 | Zone:FVG+1 | Sess:LONDON | Strong1h+1 | QualityRisk:1.15,0,0,-1.0,bull,0.6121,1,2.479,0.1111,2.2543,-1,0.0,1.9358,0.6,0.0,-0.1079,2.449,-1.0,-0.0886,1.875,1999,9,1,0.142,2.178,1,0.708,0
AAVEUSDT,2054,2085,1676410200,1676439000,LONG,TRAIL,82.56,84.2863816,96.94651337,79.68269733,0.4353035268270886,0.42669546474928155,0.008608062077807042,15,1.38,67.86,0.7595628415300557,0.00633197439865926,0.8313570976872819,base,adaptive disabled,1.15,78.5,90,100,50,80,DEAD_ZONE,bullish,bullish,FVG,BOS bullish | Vol 1.4x | FVG | ChoCH | BullWick | StrongTrend1h | Zone:FVG | MTF 15 | Risk x1.15,BOS+2 | 1h+2 | 4h+2 | Vol+1 | RSI+1 | BTC+2 | FVG+1 | ChoCH+1 | BullWick+1 | Zone:FVG+1 | Sess:DEAD_ZONE | Strong1h+1 | QualityRisk:1.15,0,0,-1.0,range,0.3009,0,1.6376,0.0526,1.3566,-1,0.0,0.139,1.0948,1.404,0.0158,0.98,1.0,0.5226,0.75,2053,6,1,0.232,0.881,1,1.081,2
AAVEUSDT,2090,2114,1676442600,1676465100,LONG,TRAIL,83.43,84.47050563,92.10088027,81.69582395,0.3340923777606039,0.3232677847211602,0.010824593039443706,13,1.65,63.79,0.5428571428571415,0.0070203464190413505,1.2825392869113466,base,adaptive disabled,1.25,78.5,90,100,50,80,OFF_HOURS,bullish,bullish,FVG,BOS bullish | Vol 1.6x | FVG | ChoCH | StrongTrend1h | Zone:FVG | MTF 13 | Risk x1.25,BOS+2 | 1h+2 | 4h+2 | Vol+1 | RSI+1 | BTCok+1 | FVG+1 | ChoCH+1 | Zone:FVG+1 | Sess:OFF_HOURS | Strong1h+1 | QualityRisk:1.15 | RelStrengthRisk:1.25,0,0,-1.0,bull,0.4904,0,1.7115,0.3333,1.283,-1,0.0,0.4959,1.4704,0.0,0.0419,1.308,1.0,0.2155,0.5625,2086,4,1,0.37,11.63,0,0.661,1
XRPUSDT,2108,2113,1676458800,1676464200,LONG,TRAIL,0.38395,0.38727201,0.41163338,0.37841332,0.864236329352598,0.8226283621231392,0.04160796722945869,14,1.97,67.6,0.36692913385826625,0.002792965838793631,0.9904587736537613,base,adaptive disabled,1.15,69.8,65,100,50,80,LONDON,bullish,neutral,FVG,BOS bullish | Vol 2.0x | FVG | ChoCH | BullWick | Session:LONDON | StrongTrend1h | Zone:FVG | MTF 14 | Risk x1.15,BOS+2 | 1h+2 | 4hN+1 | Vol+1 | RSI+1 | BTC+2 | FVG+1 | ChoCH+1 | BullWick+1 | Zone:FVG+1 | Sess:LONDON | Strong1h+1 | QualityRisk:1.15,0,0,-1.0,bull,0.2655,8,3.5828,0.0526,0.7962,-1,0.0,0.0632,1.6556,2.505,0.332,2.451,1.0,0.3786,1.5,2107,0,1,0.806,0.274,1,0.831,7
AAVEUSDT,2116,2140,1676466000,1676488500,LONG,TRAIL,83.57,84.42867965,90.72566374,82.13886725,0.4821355670883901,0.4587778457309547,0.0233577213574354,17,2.71,66.17,0.6088888888888909,0.007345633984564657,1.596515554699834,base,adaptive disabled,1.15,84.5,90,100,70,80,OVERLAP,bullish,bullish,FVG,BOS bullish | Vol 2.7x | FVG | LiqSweep | ChoCH | BullWick | Session:OVERLAP | StrongTrend1h | Zone:FVG | MTF 17 | Risk x1.15,BOS+2 | 1h+2 | 4h+2 | Vol+2 | RSI+1 | BTC+2 | FVG+1 | LiqSweep+1 | ChoCH+1 | BullWick+1 | Zone:FVG+1 | Sess:OVERLAP | Strong1h+1 | QualityRisk:1.15,0,1,-1.0,bear,0.5816,0,4.3838,0.1111,1.3813,-1,0.0,0.4891,1.5722,0.0,0.1102,2.334,1.0,0.126,1.0,2113,1,1,0.533,0.603,1,1.647,6
LINKUSDT,2163,2224,1676508300,1676564100,LONG,TP1,7.272,7.424712,8.5446,7.01748,0.0,-0.010044642857142846,0.010044642857142846,14,1.48,71.96,0.43190661478599035,0.011711259031351668,2.263526120592138,base,adaptive disabled,1.15,76.5,90,90,50,80,OFF_HOURS,bullish,bullish,FVG,BOS bullish | Vol 1.5x | FVG | ChoCH | BullWick | StrongTrend1h | Zone:FVG | MTF 14 | Risk x1.15,BOS+2 | 1h+2 | 4h+2 | Vol+1 | BTC+2 | FVG+1 | ChoCH+1 | BullWick+1 | Zone:FVG+1 | Sess:OFF_HOURS | Strong1h+1 | RelStrengthRisk:1.15,0,0,-1.0,bull,0.355,0,3.6323,0.1111,1.8581,-1,0.0,0.5265,1.0412,0.965,-0.0188,0.625,1.0,0.4285,0.87890625,2163,3,5,1.046,0.178,1,2.369,6
XRPUSDT,2188,2241,1676530800,1676579400,LONG,SL,0.39971,0.40502,0.42372548,0.3949069,-1.1250000000000044,-1.1499657512856323,0.02496575128562801,16,1.36,52.92,0.13875598086124943,0.004804630875083785,1.2015480953298434,base,adaptive disabled,1.15,82.7,90,76,80,80,OFF_HOURS,bullish,bullish,OB,BOS bullish | Vol 1.4x | FVG | OB | ChoCH | Engulfing | StrongTrend1h | Zone:OB | MTF 16 | Risk x1.15,BOS+2 | BodyStrong+1 | 1h+2 | 4h+2 | Vol+1 | RSI+1 | BTCok+1 | FVG+1 | OB+1 | ChoCH+1 | Engulfing+1 | Zone:OB+1 | Sess:OFF_HOURS | Strong1h+1 | QualityRisk:1.15,0,0,-1.0,range,1.0,0,1.8258,0.5385,1.9045,-1,0.0,1.5469,0.693,0.0,-0.0636,1.066,1.0,0.1089,0.75,2183,16,1,0.791,2.477,1,0.682,1
AAVEUSDT,2224,2249,1676563200,1676586600,LONG,SL,89.03,90.72535216,103.1579347,86.20441306,-1.4200589418069716,-1.4358131907277283,0.01575424892075693,18,2.96,62.35,0.15637860082304295,0.008647505302770421,1.528912849316992,base,adaptive disabled,1.15,86.1,90,78,90,80,NEW_YORK,bullish,bullish,FVG,BOS bullish | Vol 3.0x | FVG | LiqSweep | MACD_Div | ChoCH | Session:NEW_YORK | StrongTrend1h | Zone:FVG | MTF 18 | Risk x1.15,BOS+2 | BodyStrong+1 | 1h+2 | 4h+2 | Vol+2 | RSI+1 | BTC+2 | FVG+1 | LiqSweep+1 | MACD_Div+1 | ChoCH+1 | Zone:FVG+1 | Sess:NEW_YORK | Strong1h+1 | QualityRisk:1.15,0,0,-1.0,range,0.2474,6,4.4683,0.0526,2.8531,-1,0.0,1.1962,0.6724,5.429,0.055,2.617,1.0,0.1011,1.25,2224,0,1,0.85,0.708,1,1.133,5
BTCUSDT,2225,2250,1676564100,1676587500,LONG,SL,24768.3,25155.29268441,27993.23903675,24123.31219265,-0.5962140320604921,-0.6052143112073967,0.009000279146904709,18,7.39,56.52,0.1875053341298984,0.01664478714831839,6.203832942252178,base,adaptive disabled,1.15,82.9,90,62,90,80,NEW_YORK,bullish,bullish,FVG,BOS bullish | Vol 7.4x | FVG | LiqSweep | MACD_Div | ChoCH | Session:NEW_YORK | StrongTrend1h | Zone:FVG | MTF 18 | Risk x1.15,BOS+2 | BodyStrong+1 | 1h+2 | 4h+2 | Vol+2 | RSI+1 | BTC+2 | FVG+1 | LiqSweep+1 | MACD_Div+1 | ChoCH+1 | Zone:FVG+1 | Sess:NEW_YORK | Strong1h+1 | QualityRisk:1.15,0,0,-1.0,range,0.5025,0,5.4333,0.0526,7.1707,-1,0.0,1.2687,0.7426,0.0,0.0854,1.895,-1.0,-0.2067,0.5859375,2225,1,2,0.402,1.076,1,3.9,5
LINKUSDT,2315,2318,1676645100,1676648700,LONG,TRAIL,7.254,7.371,7.73993854,7.15681229,0.9517664321960227,0.9144468986871045,0.03731953350891827,18,1.6,57.68,0.3167701863353982,0.005734282922246567,1.19830129411099,base,adaptive disabled,1.15,84.1,90,98,70,80,NEW_YORK,bullish,bullish,FVG,BOS bullish | Vol 1.6x | FVG | ChoCH | BullWick | Session:NEW_YORK | StrongTrend1h | Zone:FVG | MTF 18 | Risk x1.15,BOS+2 | BodyStrong+1 | 1h+2 | 4h+2 | Vol+1 | RSI+1 | BTC+2 | FVG+1 | ChoCH+1 | BullWick+1 | Zone:FVG+1 | Sess:NEW_YORK | Strong1h+1 | NestedOB_1h+2 | QualityRisk:1.15,0,0,-1.0,bull,0.6667,1,2.8543,0.0526,3.9058,-1,0.0,0.2881,1.0,1.5,0.1087,1.112,1.0,0.219,1.25,2310,23,5,0.288,0.471,1,1.388,0
ADAUSDT,2324,2328,1676653200,1676657700,LONG,TRAIL,0.40125,0.40683867,0.44782224,0.39193555,0.2631495955209378,0.2461875432795279,0.0169620522414099,14,1.5,52.71,0.13532110091742913,0.007347600789876112,1.6295987868326098,base,adaptive disabled,1.15,72.2,60,76,80,80,NEW_YORK,neutral,bullish,OB,BOS bullish | Vol 1.5x | FVG | OB | ChoCH | Session:NEW_YORK | Zone:OB | MTF 14 | Risk x1.15,BOS+2 | BodyStrong+1 | 1hN+1 | 4h+2 | Vol+1 | RSI+1 | BTC+2 | FVG+1 | OB+1 | ChoCH+1 | Zone:OB+1 | Sess:NEW_YORK | QualityRisk:1.15,0,0,-1.0,range,0.2012,0,2.5515,0.25,1.1858,-1,0.0,0.117,1.0825,2.384,0.1303,0.787,1.0,0.3233,0.984375,2322,6,1,1.35,0.036,1,0.747,1
LINKUSDT,2327,2349,1676655900,1676676600,LONG,TRAIL,7.482,7.639122,8.79135,7.22013,0.4866590531561446,0.47661441029900176,0.010044642857142858,14,1.56,63.4,0.37823834196891154,0.014547544698612039,2.662564368499835,base,adaptive disabled,1.0,82.5,90,90,70,80,OFF_HOURS,bullish,bullish,FVG,BOS bullish | Vol 1.6x | FVG | ChoCH | StrongTrend1h | Zone:FVG | MTF 14,BOS+2 | BodyStrong+1 | 1h+2 | 4h+2 | Vol+1 | RSI+1 | BTCok+1 | FVG+1 | ChoCH+1 | Zone:FVG+1 | Sess:OFF_HOURS | Strong1h+1,0,0,-1.0,bull,0.2986,0,5.1376,0.1111,2.4073,-1,0.0,0.3284,1.0756,0.0,0.0038,1.634,-1.0,-0.0366,0.87890625,2327,1,2,1.235,0.494,1,0.955,0
SOLUSDT,2338,2420,1676665800,1676740500,LONG,TRAIL,23.399,23.890379,27.493825,22.580035,0.08731485777780433,0.0836987863492329,0.003616071428571419,15,1.46,71.9,0.5455680399500581,0.007969984438934208,1.6584879545385298,base,adaptive disabled,1.25,84.5,90,100,70,80,DEAD_ZONE,bullish,bullish,FVG,BOS bullish | Vol 1.5x | FVG | ChoCH | Engulfing | StrongTrend1h | Zone:FVG | MTF 15 | Risk x1.25,BOS+2 | BodyStrong+1 | 1h+2 | 4h+2 | Vol+1 | BTC+2 | FVG+1 | ChoCH+1 | Engulfing+1 | Zone:FVG+1 | Sess:DEAD_ZONE | Strong1h+1 | QualityRisk:1.15 | RelStrengthRisk:1.25,0,0,-1.0,bull,0.1638,0,3.102,0.1111,1.532,-1,0.0,0.8328,1.1132,1.045,0.2091,2.091,1.0,0.4129,0.31640625,2336,0,1,1.84,2.71,1,0.734,4
XLMUSDT,2377,2384,1676700900,1676708100,LONG,SL,0.09111,0.0918173,0.09700413,0.08993117,-0.5964600493709912,-0.6138499614024123,0.017389912031421106,15,1.42,66.25,0.6806722689075497,0.0028538738720425426,0.8551157421443202,base,adaptive disabled,1.25,84.5,90,100,70,80,OFF_HOURS,bullish,bullish,FVG,BOS bullish | Vol 1.4x | FVG | ChoCH | StrongTrend1h | Zone:FVG | MTF 15 | Risk x1.25,BOS+2 | BodyStrong+1 | 1h+2 | 4h+2 | Vol+1 | RSI+1 | BTC+2 | FVG+1 | ChoCH+1 | Zone:FVG+1 | Sess:OFF_HOURS | Strong1h+1 | QualityRisk:1.15 | RelStrengthRisk:1.25,0,1,-1.0,bear,0.1875,5,3.0503,0.1111,2.1355,-1,0.0,1.23,0.1555,0.0,0.055,1.904,1.0,0.4325,0.5625,2377,0,4,2.158,-1.0,0,0.744,4
XLMUSDT,2408,2416,1676728800,1676736900,LONG,TRAIL,0.09099,0.09200128,0.09941732,0.08930454,0.9122138763304958,0.8960182976754105,0.016195578655085262,16,1.85,66.9,0.8072289156626579,0.004782778060526072,1.4010454069504636,base,adaptive disabled,1.0,78.5,90,100,50,80,NEW_YORK,bullish,bullish,FVG,BOS bullish | Vol 1.9x | FVG | ChoCH | Engulfing | BullWick | Session:NEW_YORK | StrongTrend1h | Zone:FVG | MTF 16,BOS+2 | 1h+2 | 4h+2 | Vol+1 | RSI+1 | BTC+2 | FVG+1 | ChoCH+1 | Engulfing+1 | BullWick+1 | Zone:FVG+1 | Sess:NEW_YORK | Strong1h+1,0,1,-1.0,bear,0.2514,0,3.0683,0.1111,1.3897,-1,0.0,0.2314,2.3436,0.0,0.471,1.417,1.0,0.0897,0.75,2407,0,1,1.563,-1.0,0,0.782,0
BTCUSDT,2426,2509,1676745000,1676820600,LONG,TP1,24733.6,24911.68192,26217.616,24436.7968,0.0,-0.009375000000000048,0.009375000000000048,15,1.7,63.03,0.30198537095088784,0.00558942534434386,2.4929746707166602,base,adaptive disabled,1.0,75.7,90,86,50,80,OFF_HOURS,bullish,bullish,FVG,BOS bullish | Vol 1.7x | FVG | ChoCH | BullWick | StrongTrend1h | Zone:FVG | MTF 15,BOS+2 | 1h+2 | 4h+2 | Vol+1 | RSI+1 | BTC+2 | FVG+1 | ChoCH+1 | BullWick+1 | Zone:FVG+1 | Sess:OFF_HOURS | Strong1h+1,0,0,-1.0,bull,0.4372,0,3.9796,0.1111,2.6322,-1,0.0,0.7871,1.8407,2.05,0.0839,1.272,1.0,0.0865,0.28125,2426,0,1,0.528,1.912,1,1.336,2
ETHUSDT,2426,2509,1676745000,1676820600,LONG,TRAIL,1698.83,1711.061576,1800.7598,1678.44404,0.5113813624671192,0.48013136246711896,0.03125000000000025,16,2.13,58.32,0.2007874015748024,0.007189461996450284,3.4959791926419044,base,adaptive disabled,1.15,83.3,90,64,90,80,OFF_HOURS,bullish,bullish,FVG,BOS bullish | Vol 2.1x | FVG | ChoCH | StrongTrend1h | Zone:FVG | MTF 16 | Risk x1.15,BOS+2 | BodyStrong+1 | 1h+2 | 4h+2 | Vol+2 | RSI+1 | BTC+2 | FVG+1 | ChoCH+1 | Zone:FVG+1 | Sess:OFF_HOURS | Strong1h+1 | QualityRisk:1.15,0,1,-1.0,bear,0.613,0,4.4616,0.1111,4.3863,-1,0.0,0.9727,2.29,0.0,0.0206,1.103,1.0,0.021,0.9375,2426,0,1,0.333,0.487,1,1.934,2
XRPUSDT,2452,2513,1676768400,1676824200,LONG,TRAIL,0.39462,0.39746126,0.4182972,0.38988456,0.8370394303380315,0.7932894303380318,0.04374999999999968,14,1.51,57.49,0.22736418511066916,0.002850469897383438,1.158965797024815,base,adaptive disabled,1.15,71.4,60,87,70,80,OFF_HOURS,neutral,bullish,FVG,BOS bullish | Vol 1.5x | FVG | ChoCH | Engulfing | Zone:FVG | MTF 14 | Risk x1.15,BOS+2 | BodyStrong+1 | 1hN+1 | 4h+2 | Vol+1 | RSI+1 | BTC+2 | FVG+1 | ChoCH+1 | Engulfing+1 | Zone:FVG+1 | Sess:OFF_HOURS | QualityRisk:1.15,0,1,-1.0,bear,0.2689,0,2.3294,0.0526,1.5265,-1,0.0,1.2776,1.2107,2.093,0.0166,2.43,-1.0,-0.1527,1.3125,2452,1,2,0.275,1.831,1,0.62,2
AVAXUSDT,2515,2529,1676825100,1676838600,LONG,SL,19.92,20.15749822,21.89915187,19.52416963,-2.343750000000007,-2.3752028670450493,0.03145286704504237,16,7.03,57.45,0.13043478260869654,0.011951611230944258,2.975951196520123,base,adaptive disabled,1.25,86.5,90,65,100,80,NEW_YORK,bullish,bullish,OB,BOS bullish | Vol 7.0x | OB | ChoCH | Session:NEW_YORK | StrongTrend1h | Zone:OB | MTF 16 | Risk x1.25,BOS+2 | BodyStrong+1 | 1h+2 | 4h+2 | Vol+2 | RSI+1 | BTC+2 | OB+1 | ChoCH+1 | Zone:OB+1 | Sess:NEW_YORK | Strong1h+1 | QualityRisk:1.15 | RelStrengthRisk:1.25,0,0,-1.0,bull,0.7969,0,3.8147,0.1765,2.0105,-1,0.0,1.6169,1.0947,0.474,-0.1556,2.056,-1.0,-0.0469,1.5625,2510,5,2,0.556,0.715,1,2.146,0
BTCUSDT,2515,2519,1676825100,1676829600,LONG,SL,24705.9,25037.9,26188.254,24409.4292,-0.245536933991475,-0.2525681839914749,0.007031249999999934,15,17.25,68.6,0.4982951777886003,0.00677918006850195,3.8199280313977426,base,adaptive disabled,1.0,80.5,90,80,70,80,NEW_YORK,bullish,bullish,FVG,BOS bullish | Vol 17.2x | FVG | ChoCH | Engulfing | Session:NEW_YORK | StrongTrend1h | Zone:FVG | MTF 15,BOS+2 | 1h+2 | 4h+2 | Vol+2 | BTC+2 | FVG+1 | ChoCH+1 | Engulfing+1 | Zone:FVG+1 | Sess:NEW_YORK | Strong1h+1,0,0,-1.0,range,0.8933,0,6.7636,0.1765,3.7233,-1,0.0,1.3229,0.703,1.714,-0.1995,3.621,1.0,0.6967,0.2109375,2510,3,4,1.285,0.722,1,3.202,0
ETHUSDT,2515,2528,1676825100,1676837700,LONG,SL,1698.58,1710.809776,1800.4948,1678.19704,-1.875,-1.9166666666666667,0.04166666666666685,15,12.75,57.98,0.23043478260869088,0.00948591090289848,5.3424587175819225,base,adaptive disabled,1.15,77.9,90,67,70,80,NEW_YORK,bullish,bullish,FVG,BOS bullish | Vol 12.8x | FVG | ChoCH | Session:NEW_YORK | StrongTrend1h | Zone:FVG | MTF 15 | Risk x1.15,BOS+2 | 1h+2 | 4h+2 | Vol+2 | RSI+1 | BTC+2 | FVG+1 | ChoCH+1 | Zone:FVG+1 | Sess:NEW_YORK | Strong1h+1 | QualityRisk:1.15,0,1,-1.0,bear,0.8864,0,5.1932,0.1111,2.4789,-1,0.0,1.5636,0.7923,2.972,-0.1872,2.549,-1.0,-0.1914,1.25,2510,3,4,0.802,0.112,1,2.286,0
NEARUSDT,2543,2561,1676850300,1676867400,LONG,TRAIL,2.576,2.630096,3.0268,2.48584,1.1313220940550066,1.1084649511978637,0.022857142857142854,21,2.17,50.06,0.12408759124087884,0.012704793800461136,1.614779292102133,base,adaptive disabled,1.15,77.8,60,74,100,80,DEAD_ZONE,neutral,bullish,OB,BOS bullish | Vol 2.2x | FVG | OB | LiqSweep | MACD_Div | ChoCH | Discount | BullWick | Zone:OB | 💎PREMIUM | MTF 21 | Risk x1.15,BOS+2 | BodyStrong+1 | 1hN+1 | 4h+2 | Vol+2 | RSI+1 | BTCok+1 | FVG+1 | OB+1 | LiqSweep+1 | MACD_Div+1 | ChoCH+1 | Discount+1 | BullWick+1 | Zone:OB+1 | Sess:DEAD_ZONE | 💎Premium+3 | QualityRisk:1.15,1,0,-1.0,bull,0.3964,0,2.1783,0.1111,1.6043,-1,0.0,1.0537,1.3125,0.708,0.2154,1.171,-1.0,-0.1221,2.0,2543,5,2,0.605,0.081,1,1.856,4
AVAXUSDT,2577,2592,1676880900,1676895300,LONG,TRAIL,20.48,20.91008,24.064,19.7632,0.5623953683035717,0.5516810825892859,0.010714285714285727,14,1.52,69.27,0.5517241379310333,0.01153500832135662,1.8725163508431548,base,adaptive disabled,1.15,82.5,90,90,70,80,LONDON,bullish,bullish,FVG,BOS bullish | Vol 1.5x | FVG | ChoCH | Session:LONDON | StrongTrend1h | Zone:FVG | MTF 14 | Risk x1.15,BOS+2 | BodyStrong+1 | 1h+2 | 4h+2 | Vol+1 | BTC+2 | FVG+1 | ChoCH+1 | Zone:FVG+1 | Sess:LONDON | Strong1h+1 | RelStrengthRisk:1.15,0,0,-1.0,range,0.25,0,1.903,0.0526,1.9958,-1,0.0,0.2372,1.0696,1.641,0.2991,1.159,1.0,0.5195,0.9375,2573,1,1,0.059,-1.0,0,1.725,1
LINKUSDT,2577,2609,1676880900,1676910600,LONG,SL,8.32,8.49472,9.776,8.0288,-1.7939557085980442,-1.812789413955187,0.018833705357142867,14,3.15,71.48,0.40999999999999887,0.01458169159843973,2.6303383231426225,base,adaptive disabled,1.0,82.5,90,90,70,80,LONDON,bullish,bullish,FVG,BOS bullish | Vol 3.1x | FVG | ChoCH | Engulfing | Session:LONDON | StrongTrend1h | Zone:FVG | MTF 14,BOS+2 | 1h+2 | 4h+2 | Vol+2 | BTCok+1 | FVG+1 | ChoCH+1 | Engulfing+1 | Zone:FVG+1 | Sess:LONDON | Strong1h+1,0,0,-1.0,range,0.211,0,5.2057,0.0526,3.0353,-1,0.0,1.1848,0.1374,0.777,0.2108,1.916,1.0,0.1669,1.64794921875,2577,0,1,1.659,-1.0,0,1.642,3
XLMUSDT,2577,2600,1676880900,1676902500,LONG,TP2,0.09151,0.09297,0.0932,0.09041188,3.029894273849888,2.964269273849888,0.06562500000000035,14,3.34,64.51,0.3749999999999892,0.002682219228636852,0.8368524002596051,base,adaptive disabled,1.15,80.0,60,100,90,80,LONDON,neutral,bullish,FVG,BOS bullish | Vol 3.3x | FVG | ChoCH | Engulfing | Session:LONDON | Zone:FVG | MTF 14 | Risk x1.15,BOS+2 | BodyStrong+1 | 1hN+1 | 4h+2 | Vol+2 | RSI+1 | BTCok+1 | FVG+1 | ChoCH+1 | Engulfing+1 | Zone:FVG+1 | Sess:LONDON | QualityRisk:1.15,0,0,-1.0,bull,0.67,1,2.6784,0.0526,3.3699,-1,0.0,0.3187,1.2123,2.0,0.312,2.954,1.0,0.3513,1.96875,2577,5,5,1.42,0.968,1,1.129,0
XLMUSDT,2603,2605,1676904300,1676907000,LONG,TRAIL,0.0931,0.09427228,0.10286903,0.09114619,0.26486710580864925,0.2505719594023969,0.014295146406252398,14,4.01,71.8,0.5840000000000062,0.006503908040611285,2.0711583041407486,base,adaptive disabled,1.15,82.5,90,90,70,80,NEW_YORK,bullish,bullish,FVG,BOS bullish | Vol 4.0x | FVG | ChoCH | Session:NEW_YORK | StrongTrend1h | Zone:FVG | MTF 14 | Risk x1.15,BOS+2 | 1h+2 | 4h+2 | Vol+2 | BTC+2 | FVG+1 | ChoCH+1 | Zone:FVG+1 | Sess:NEW_YORK | Strong1h+1 | RelStrengthRisk:1.15,0,0,-1.0,range,0.4619,0,4.8247,0.0526,4.1703,-1,0.0,0.0154,1.0663,2.433,0.0128,1.678,1.0,0.255,0.75,2603,1,2,0.813,0.203,1,2.387,6
XLMUSDT,2617,2651,1676916900,1676948400,LONG,TRAIL,0.09403,0.09536757,0.10517642,0.09180072,0.4979186104930723,0.48526474915667667,0.012653861336395608,15,1.92,63.68,0.17241379310345048,0.005523795368759164,1.4532316517363393,base,adaptive disabled,1.15,80.5,90,80,70,80,OFF_HOURS,bullish,bullish,FVG,BOS bullish | Vol 1.9x | FVG | ChoCH | Engulfing | StrongTrend1h | Zone:FVG | MTF 15 | Risk x1.15,BOS+2 | BodyStrong+1 | 1h+2 | 4h+2 | Vol+1 | RSI+1 | BTCok+1 | FVG+1 | ChoCH+1 | Engulfing+1 | Zone:FVG+1 | Sess:OFF_HOURS | Strong1h+1 | RelStrengthRisk:1.15,0,0,-1.0,bull,0.2127,0,2.6161,0.1111,1.1868,-1,0.0,0.1032,1.1663,0.381,-0.0071,1.62,1.0,0.0731,0.75,2617,1,1,0.654,-1.0,0,1.185,6
AAVEUSDT,2626,2687,1676925000,1676980800,LONG,SL,91.8,93.56547121,106.51226012,88.85754798,-0.44876475165090457,-0.45402949340190174,0.005264741750997202,17,1.69,67.87,0.5807560137456987,0.009548430638976015,1.5202106675228368,base,adaptive disabled,1.25,84.5,90,100,70,80,DEAD_ZONE,bullish,bullish,FVG,BOS bullish | Vol 1.7x | FVG | ChoCH | Engulfing | BullWick | StrongTrend1h | Zone:FVG | MTF 17 | Risk x1.25,BOS+2 | BodyStrong+1 | 1h+2 | 4h+2 | Vol+1 | RSI+1 | BTC+2 | FVG+1 | ChoCH+1 | Engulfing+1 | BullWick+1 | Zone:FVG+1 | Sess:DEAD_ZONE | Strong1h+1 | QualityRisk:1.15 | RelStrengthRisk:1.25,0,0,-1.0,range,0.3585,0,3.8164,0.1111,1.0419,-1,0.0,1.1929,0.5664,0.0,0.1607,1.381,1.0,0.2075,0.421875,2624,0,3,2.038,4.69,0,0.69,0
DOTUSDT,2641,2674,1676938500,1676969100,LONG,SL,7.498,7.611,7.98731745,7.40013651,-2.4609375,-2.5112173592202263,0.050279859220226084,15,2.51,63.19,0.4054054054054012,0.007075998015416311,1.428204139995587,base,adaptive disabled,1.15,74.0,60,100,70,80,DEAD_ZONE,neutral,bullish,FVG,BOS bullish | Vol 2.5x | FVG | ChoCH | BullWick | Zone:FVG | MTF 15 | Risk x1.15,BOS+2 | 1hN+1 | 4h+2 | Vol+2 | RSI+1 | BTCok+1 | FVG+1 | ChoCH+1 | BullWick+1 | Zone:FVG+1 | Sess:DEAD_ZONE | NestedOB_1h+2 | RelStrengthRisk:1.15,0,0,-1.0,bull,0.6754,0,2.3241,0.0526,1.8278,-1,0.0,1.7065,0.4602,1.622,0.2723,1.83,1.0,0.3868,1.640625,2638,13,1,0.555,0.211,1,1.69,1
BTCUSDT,2652,2673,1676948400,1676968200,LONG,TRAIL,24870.1,25059.17106186,26445.69218217,24554.98156357,0.1546739871909341,0.1457951469628044,0.008878840228129684,18,3.19,54.25,0.15692209654293526,0.005956902611501864,1.9368109628220451,base,adaptive disabled,1.15,87.1,90,68,100,80,OFF_HOURS,bullish,bullish,OB,BOS bullish | Vol 3.2x | FVG | OB | ChoCH | Engulfing | StrongTrend1h | Zone:OB | MTF 18 | Risk x1.15,BOS+2 | BodyStrong+1 | 1h+2 | 4h+2 | Vol+2 | RSI+1 | BTC+2 | FVG+1 | OB+1 | ChoCH+1 | Engulfing+1 | Zone:OB+1 | Sess:OFF_HOURS | Strong1h+1 | QualityRisk:1.15,0,0,-1.0,bull,0.5186,0,3.3702,0.1111,5.2589,-1,0.0,0.0733,2.4483,1.954,0.148,1.459,1.0,0.0219,0.28125,2652,4,1,0.348,0.758,1,2.186,3
XLMUSDT,2674,2695,1676968200,1676988000,LONG,SL,0.09649,0.09775913,0.10706611,0.09437478,-0.7126918240183056,-0.7229556500033095,0.01026382598500392,14,1.92,69.6,0.4545454545454469,0.009966636615993238,2.372308683013464,base,adaptive disabled,1.15,76.5,90,90,50,80,LONDON,bullish,bullish,FVG,BOS bullish | Vol 1.9x | FVG | ChoCH | Engulfing | BullWick | Session:LONDON | StrongTrend1h | Zone:FVG | MTF 14 | Risk x1.15,BOS+2 | 1h+2 | 4h+2 | Vol+1 | BTCok+1 | FVG+1 | ChoCH+1 | Engulfing+1 | BullWick+1 | Zone:FVG+1 | Sess:LONDON | Strong1h+1 | RelStrengthRisk:1.15,0,0,-1.0,bull,0.4704,0,4.6514,0.1111,2.7556,-1,0.0,1.4798,0.7722,2.755,0.0264,1.706,1.0,0.377,0.5625,2672,1,2,1.544,-1.0,0,1.702,1
AVAXUSDT,2715,2745,1677005100,1677033000,LONG,SL,21.29,21.73709,25.01575,20.54485,-1.3870948802254597,-1.4011573802254595,0.01406250000000002,13,1.89,65.22,0.4413407821229048,0.017782813472160038,2.3828970052812664,base,adaptive disabled,1.15,72.0,60,90,70,80,OFF_HOURS,neutral,bullish,FVG,BOS bullish | Vol 1.9x | FVG | ChoCH | Zone:FVG | MTF 13 | Risk x1.15,BOS+2 | BodyStrong+1 | 1hN+1 | 4h+2 | Vol+1 | RSI+1 | BTC+2 | FVG+1 | ChoCH+1 | Zone:FVG+1 | Sess:OFF_HOURS | RelStrengthRisk:1.15,0,0,-1.0,bull,0.2179,0,5.0867,0.1111,2.7358,-1,0.0,1.1407,0.6263,2.548,0.305,0.952,1.0,0.5314,1.23046875,2715,1,5,2.565,0.752,1,1.99,7
DOTUSDT,2772,2841,1677056400,1677119400,SHORT,SL,7.011,6.86595697,5.80230808,7.25273838,-0.8516438308223945,-0.8614321503271418,0.009788319504747236,15,1.48,34.58,0.4098360655737709,0.010153606452731749,1.9637623723449233,base,adaptive disabled,1.0,73.8,65,90,70,80,LONDON,bearish,neutral,FVG,BOS bearish | Vol 1.5x | FVG | ChoCH | Engulfing | Session:LONDON | StrongTrend1h | Zone:FVG | MTF 15,BOS+2 | BodyStrong+1 | 1h+2 | 4hN+1 | Vol+1 | RSI+1 | BTC+2 | FVG+1 | ChoCH+1 | Engulfing+1 | Zone:FVG+1 | Sess:LONDON | Strong1h+1,0,0,-1.0,range,0.241,0,3.6727,0.1111,3.9762,-1,0.0,1.059,0.8963,1.786,-0.2525,1.34,1.0,-0.2667,0.84375,2772,0,1,0.923,14.568,0,1.108,1
ADAUSDT,2797,2841,1677078900,1677119400,SHORT,SL,0.38094,0.37566186,0.33695549,0.3897369,-0.6272806329502432,-0.6370240084575242,0.00974337550728098,18,5.82,34.71,0.5004821600771487,0.008373207469040791,1.9032944674966232,base,adaptive disabled,1.15,88.5,90,90,90,80,NEW_YORK,bearish,bearish,FVG,BOS bearish | Vol 5.8x | FVG | LiqSweep | ChoCH | Engulfing | Session:NEW_YORK | StrongTrend1h | Zone:FVG | MTF 18 | Risk x1.15,BOS+2 | BodyStrong+1 | 1h+2 | 4h+2 | Vol+2 | RSI+1 | BTC+2 | FVG+1 | LiqSweep+1 | ChoCH+1 | Engulfing+1 | Zone:FVG+1 | Sess:NEW_YORK | Strong1h+1 | TrendPairRisk:1.15,0,1,-1.0,bull,0.0745,2,3.474,0.0526,5.9098,-1,0.0,1.1436,0.7787,0.0,-0.2121,3.146,1.0,-0.196,0.5625,2797,25,3,1.581,0.311,1,1.85,1
LINKUSDT,2799,2824,1677080700,1677104100,SHORT,SL,7.385,7.2503552,6.26296003,7.60940799,-1.3535614306781136,-1.3700158358889083,0.016454405210794824,16,1.75,37.13,0.44747081712062087,0.00984368574993273,1.7123434746623474,base,adaptive disabled,1.15,78.5,90,100,50,80,NEW_YORK,bearish,bearish,FVG,BOS bearish | Vol 1.8x | FVG | LiqSweep | ChoCH | Engulfing | Session:NEW_YORK | StrongTrend1h | Zone:FVG | MTF 16 | Risk x1.15,BOS+2 | 1h+2 | 4h+2 | Vol+1 | RSI+1 | BTC+2 | FVG+1 | LiqSweep+1 | ChoCH+1 | Engulfing+1 | Zone:FVG+1 | Sess:NEW_YORK | Strong1h+1 | TrendPairRisk:1.15,0,1,-1.0,bull,0.298,0,3.4537,0.1111,2.4605,-1,0.0,1.1051,0.6684,0.0,-0.0658,1.635,1.0,-0.278,1.25,2799,0,2,0.973,0.172,1,1.069,3
XLMUSDT,2908,2985,1677178800,1677249000,SHORT,TRAIL,0.09106,0.0900448,0.08259998,0.092752,0.41555851063829846,0.39537677304964597,0.020181737588652493,17,3.3,37.99,0.36888888888888743,0.0070830436423391175,1.8256545007804235,base,adaptive disabled,1.15,82.5,90,90,70,80,OFF_HOURS,bearish,bearish,FVG,BOS bearish | Vol 3.3x | FVG | ChoCH | Engulfing | StrongTrend1h | Zone:FVG | MTF 17 | Risk x1.15,BOS+2 | 1h+2 | 4h+2 | Vol+2 | RSI+1 | BTCok+1 | FVG+1 | ChoCH+1 | Engulfing+1 | Zone:FVG+1 | Sess:OFF_HOURS | Strong1h+1 | NestedOB_1h+2 | TrendPairRisk:1.15,0,0,-1.0,bear,0.48,2,2.3894,0.25,1.3057,-1,0.0,0.4255,1.0047,1.407,-0.0115,1.713,1.0,-0.138,0.9375,2905,25,5,0.73,0.155,1,0.398,1
BTCUSDT,2924,2983,1677193200,1677247200,SHORT,TRAIL,23907.0,23734.8696,22472.58,24193.884,0.1281332350357651,0.11875823503576503,0.00937500000000006,18,1.56,37.11,0.5691797845898906,0.0038436464060480533,0.7972365989179913,base,adaptive disabled,1.15,82.5,90,90,70,80,DEAD_ZONE,bearish,bearish,FVG,BOS bearish | Vol 1.6x | FVG | LiqSweep | ChoCH | StrongTrend1h | Zone:FVG | MTF 18 | Risk x1.15,BOS+2 | BodyStrong+1 | 1h+2 | 4h+2 | Vol+1 | RSI+1 | BTC+2 | FVG+1 | LiqSweep+1 | ChoCH+1 | Zone:FVG+1 | Sess:DEAD_ZONE | Strong1h+1 | NestedOB_1h+2 | TrendPairRisk:1.15,0,1,-1.0,bull,0.5172,0,2.0651,-1.0,-1.0,-1,0.0,0.7972,1.3478,0.0,-0.0528,1.05,1.0,-0.2461,0.28125,2921,0,1,1.134,0.533,1,0.983,1
LINKUSDT,2929,2952,1677197700,1677219300,LONG,TRAIL,7.914,8.05479001,9.08725008,7.67934998,0.2996483869892708,0.2870008278712277,0.012647559118043113,16,1.33,56.17,0.1707317073170721,0.004995851308670228,0.583843518617722,base,adaptive disabled,1.15,72.5,90,70,50,80,DEAD_ZONE,bullish,bullish,FVG,BOS bullish | Vol 1.3x | FVG | ChoCH | StrongTrend1h | Zone:FVG | MTF 16 | Risk x1.15,BOS+2 | 1h+2 | 4h+2 | Vol+1 | RSI+1 | BTC+2 | FVG+1 | ChoCH+1 | Zone:FVG+1 | Sess:DEAD_ZONE | Strong1h+1 | NestedOB_1h+2 | QualityRisk:1.15,0,1,-1.0,bear,0.2989,1,1.9748,0.1111,1.6123,-1,0.0,0.1662,1.037,0.362,0.1746,1.432,1.0,0.5361,0.9375,2928,2,3,0.232,0.639,1,0.833,0
XRPUSDT,2955,2989,1677221100,1677252600,SHORT,TRAIL,0.38857,0.3825,0.3652558,0.39323284,1.0149393931595516,0.9899393931595513,0.025000000000000293,16,1.68,37.45,0.47297297297297936,0.0037031758437439505,1.4234127984441374,base,adaptive disabled,1.15,84.5,90,100,70,80,OFF_HOURS,bearish,bearish,FVG,BOS bearish | Vol 1.7x | FVG | ChoCH | Engulfing | StrongTrend1h | Zone:FVG | MTF 16 | Risk x1.15,BOS+2 | BodyStrong+1 | 1h+2 | 4h+2 | Vol+1 | RSI+1 | BTC+2 | FVG+1 | ChoCH+1 | Engulfing+1 | Zone:FVG+1 | Sess:OFF_HOURS | Strong1h+1 | TrendPairRisk:1.15,0,1,-1.0,bull,0.5054,1,1.9051,0.0526,1.619,-1,0.0,0.3817,1.4382,0.0,-0.073,1.251,1.0,-0.009,0.75,2955,5,2,1.009,0.735,1,1.34,0
LINKUSDT,2957,2977,1677222900,1677241800,LONG,SL,8.07,8.1915502,9.0829183,7.86741634,-2.10283494730029,-2.1347032628396576,0.03186831553936776,15,2.84,66.74,0.37600000000000744,0.007876803415105995,1.4190777425530334,base,adaptive disabled,1.15,84.5,90,100,70,80,LONDON,bullish,bullish,FVG,BOS bullish | Vol 2.8x | FVG | ChoCH | BullWick | Session:LONDON | StrongTrend1h | Zone:FVG | MTF 15 | Risk x1.15,BOS+2 | 1h+2 | 4h+2 | Vol+2 | RSI+1 | BTCok+1 | FVG+1 | ChoCH+1 | BullWick+1 | Zone:FVG+1 | Sess:LONDON | Strong1h+1 | RelStrengthRisk:1.15,0,0,-1.0,bull,0.2705,5,3.1405,0.0526,2.7316,-1,0.0,1.1403,0.6911,2.293,0.0007,2.616,1.0,0.3403,2.0,2957,0,1,0.737,2.229,1,1.086,4
ETHUSDT,2986,2989,1677249000,1677252600,SHORT,TRAIL,1639.05,1625.67453751,1527.58781262,1661.34243748,0.4165089622133109,0.39445148193816604,0.02205748027514487,13,1.34,30.88,0.5,0.004665467729324002,1.8362791052834728,base,adaptive disabled,1.15,76.5,90,90,50,80,NEW_YORK,bearish,bearish,FVG,BOS bearish | Vol 1.3x | FVG | ChoCH | Session:NEW_YORK | StrongTrend1h | Zone:FVG | MTF 13 | Risk x1.15,BOS+2 | 1h+2 | 4h+2 | Vol+1 | BTC+2 | FVG+1 | ChoCH+1 | Zone:FVG+1 | Sess:NEW_YORK | Strong1h+1 | TrendPairRisk:1.15,0,1,-1.0,bull,0.3695,0,3.5003,0.0526,0.898,-1,0.0,0.1157,1.6889,1.534,-0.1894,1.293,1.0,-0.5314,0.75,2984,0,3,1.645,0.157,1,1.123,3
ADAUSDT,3071,3099,1677325500,1677351600,SHORT,TRAIL,0.36283,0.35944913,0.33465612,0.36846478,0.4140301395972835,0.3886761217829234,0.025354017814360072,16,1.71,38.68,0.5883211678832099,0.004411407678355647,1.5018987884012114,base,adaptive disabled,1.15,84.5,90,100,70,80,OVERLAP,bearish,bearish,FVG,BOS bearish | Vol 1.7x | FVG | ChoCH | BearWick | Session:OVERLAP | StrongTrend1h | Zone:FVG | MTF 16 | Risk x1.15,BOS+2 | BodyStrong+1 | 1h+2 | 4h+2 | Vol+1 | RSI+1 | BTC+2 | FVG+1 | ChoCH+1 | BearWick+1 | Zone:FVG+1 | Sess:OVERLAP | Strong1h+1 | TrendPairRisk:1.15,0,1,-1.0,bull,0.2699,2,2.7107,0.1111,1.8092,-1,0.0,0.5058,1.6061,0.0,-0.1839,1.547,1.0,-0.3858,0.984375,3069,1,3,1.461,0.718,1,1.012,1
LINKUSDT,3102,3107,1677353400,1677358800,SHORT,TRAIL,7.303,7.22085528,6.61846071,7.43990786,0.5957473880608445,0.5757439711642544,0.02000341689659016,13,1.67,39.06,0.47982062780269563,0.0070888069714269905,1.6321978051932158,base,adaptive disabled,1.15,78.5,90,100,50,80,OFF_HOURS,bearish,bearish,FVG,BOS bearish | Vol 1.7x | FVG | ChoCH | StrongTrend1h | Zone:FVG | MTF 13 | Risk x1.15,BOS+2 | 1h+2 | 4h+2 | Vol+1 | RSI+1 | BTCok+1 | FVG+1 | ChoCH+1 | Zone:FVG+1 | Sess:OFF_HOURS | Strong1h+1 | TrendPairRisk:1.15,0,1,-1.0,bull,0.5051,1,3.4183,0.1765,1.63,-1,0.0,0.2264,1.6313,0.0,-0.0918,1.253,1.0,-0.2063,0.9375,3099,1,2,0.822,0.925,1,1.516,0
SOLUSDT,3107,3117,1677357900,1677367800,SHORT,SL,21.668,21.212972,17.8761,22.42638,-0.8129170073050416,-0.82148843587647,0.008571428571428542,14,2.39,28.07,0.5203915171288747,0.009033121421311125,1.5232695281057937,base,adaptive disabled,1.25,84.5,90,100,70,80,DEAD_ZONE,bearish,bearish,FVG,BOS bearish | Vol 2.4x | FVG | ChoCH | BearWick | StrongTrend1h | Zone:FVG | MTF 14 | Risk x1.25,BOS+2 | 1h+2 | 4h+2 | Vol+2 | BTCok+1 | FVG+1 | ChoCH+1 | BearWick+1 | Zone:FVG+1 | Sess:DEAD_ZONE | Strong1h+1 | QualityRisk:1.15 | TrendPairRisk:1.25,0,0,-1.0,bear,0.1472,0,2.7999,0.0526,2.3337,-1,0.0,1.0852,0.567,4.37,-0.0475,3.118,1.0,-0.2264,0.75,3107,0,1,0.394,-1.0,0,0.767,2
XLMUSDT,3107,3202,1677357900,1677444300,SHORT,SL,0.08708,0.08599119,0.07800659,0.08889468,-1.0084422597923597,-1.0276368285317519,0.01919456873939208,14,2.61,30.53,0.5087719298245554,0.005795533484021,1.5530273532470105,base,adaptive disabled,1.15,84.5,90,100,70,80,DEAD_ZONE,bearish,bearish,FVG,BOS bearish | Vol 2.6x | FVG | ChoCH | BearWick | StrongTrend1h | Zone:FVG | MTF 14 | Risk x1.15,BOS+2 | 1h+2 | 4h+2 | Vol+2 | BTCok+1 | FVG+1 | ChoCH+1 | BearWick+1 | Zone:FVG+1 | Sess:DEAD_ZONE | Strong1h+1 | TrendPairRisk:1.15,0,0,-1.0,bear,0.2553,3,2.8456,0.0526,2.6106,-1,0.0,1.0691,0.6429,0.0,0.0354,2.254,1.0,-0.0812,1.0,3107,0,1,0.748,-1.0,0,1.158,2
AVAXUSDT,3108,3194,1677358800,1677437100,SHORT,SL,17.66,17.28914,14.5695,18.2781,-1.693698430674648,-1.711555573531791,0.017857142857142905,16,9.93,33.85,0.4000000000000007,0.010794225917260314,2.446241448512663,base,adaptive disabled,1.15,88.5,90,90,90,80,DEAD_ZONE,bearish,bearish,FVG,BOS bearish | Vol 9.9x | FVG | ChoCH | StrongTrend1h | Zone:FVG | MTF 16 | Risk x1.15,BOS+2 | BodyStrong+1 | 1h+2 | 4h+2 | Vol+2 | RSI+1 | BTC+2 | FVG+1 | ChoCH+1 | Zone:FVG+1 | Sess:DEAD_ZONE | Strong1h+1 | TrendPairRisk:1.15,0,0,-1.0,bear,0.2821,0,3.5084,0.0526,9.68,-1,0.0,1.084,0.4584,5.714,0.1358,5.19,1.0,-0.0304,1.5625,3108,1,2,0.718,-1.0,0,1.914,4
DOTUSDT,3174,3194,1677418200,1677437100,SHORT,SL,6.566,6.5187248,6.17204,6.644792,-1.4992004264392305,-1.5429504264392306,0.04375000000000002,15,1.66,36.53,0.5999999999999968,0.004017322907844351,1.4660996767794596,base,adaptive disabled,1.0,74.0,60,100,70,80,NEW_YORK,neutral,bearish,FVG,BOS bearish | Vol 1.7x | FVG | ChoCH | Engulfing | BearWick | Session:NEW_YORK | Zone:FVG | MTF 15,BOS+2 | BodyStrong+1 | 1hN+1 | 4h+2 | Vol+1 | RSI+1 | BTC+2 | FVG+1 | ChoCH+1 | Engulfing+1 | BearWick+1 | Zone:FVG+1 | Sess:NEW_YORK,0,0,-1.0,range,0.3544,0,3.3554,0.0526,1.2536,-1,0.0,1.2438,0.3173,0.0,0.2116,1.361,1.0,-0.1864,1.3125,3173,0,1,0.864,0.712,1,0.915,3
ETHUSDT,3250,3270,1677486600,1677505500,LONG,TRAIL,1637.62,1649.410864,1735.8772,1617.96856,0.7606537065500782,0.723153706550078,0.037500000000000255,18,1.36,46.02,0.12693935119886787,0.0024697441720857604,1.0392873456458203,base,adaptive disabled,1.15,67.8,65,75,60,80,LONDON,bullish,neutral,OB,BOS bullish | Vol 1.4x | FVG | OB | LiqSweep | ChoCH | Session:LONDON | StrongTrend1h | Zone:OB | 💎PREMIUM | MTF 18 | Risk x1.15,BOS+2 | 1h+2 | 4hN+1 | Vol+1 | RSI+1 | BTC+2 | FVG+1 | OB+1 | LiqSweep+1 | ChoCH+1 | Zone:OB+1 | Sess:LONDON | Strong1h+1 | 💎Premium+3 | QualityRisk:1.15,1,1,-1.0,bear,0.4648,0,2.0478,-1.0,-1.0,-1,0.0,0.2682,2.3221,0.314,-0.2774,0.821,1.0,-0.4304,1.125,3249,28,3,1.028,3.86,0,0.986,0
AVAXUSDT,3391,3397,1677613500,1677619800,SHORT,TRAIL,17.31,17.06004016,15.22700135,17.72659973,0.2970477201221396,0.28769881823975,0.009348901882389567,16,2.16,33.1,0.4716981132075462,0.009642470240906687,2.112906291550682,base,adaptive disabled,1.15,82.5,90,90,70,80,DEAD_ZONE,bearish,bearish,FVG,BOS bearish | Vol 2.2x | FVG | ChoCH | Engulfing | StrongTrend1h | Zone:FVG | MTF 16 | Risk x1.15,BOS+2 | 1h+2 | 4h+2 | Vol+2 | RSI+1 | BTC+2 | FVG+1 | ChoCH+1 | Engulfing+1 | Zone:FVG+1 | Sess:DEAD_ZONE | Strong1h+1 | TrendPairRisk:1.15,0,1,-1.0,bull,0.3043,0,4.7619,0.0526,2.3318,-1,0.0,0.048,1.1602,6.25,-0.0998,1.488,1.0,-0.1207,0.5625,3391,0,1,1.863,-1.0,0,1.449,3
LINKUSDT,3400,3450,1677621600,1677667500,SHORT,SL,7.212,7.06730093,6.00617442,7.45316512,-0.9679571407341155,-0.9791714490055604,0.011214308271444859,14,1.62,33.27,0.2918660287081342,0.010259766173709236,2.1261166873982504,base,adaptive disabled,1.15,75.5,90,85,50,80,DEAD_ZONE,bearish,bearish,FVG,BOS bearish | Vol 1.6x | FVG | ChoCH | StrongTrend1h | Zone:FVG | MTF 14 | Risk x1.15,BOS+2 | 1h+2 | 4h+2 | Vol+1 | RSI+1 | BTC+2 | FVG+1 | ChoCH+1 | Zone:FVG+1 | Sess:DEAD_ZONE | Strong1h+1 | TrendPairRisk:1.15,0,0,-1.0,bear,0.4092,0,4.4951,0.1111,3.9477,-1,0.0,1.1196,0.4769,0.718,0.1314,1.205,1.0,-0.186,0.9375,3400,2,3,0.692,0.041,1,1.342,4
AVAXUSDT,3489,3532,1677701700,1677741300,SHORT,TRAIL,17.43,17.16249752,15.20081269,17.87583746,0.5740601070174725,0.5586664644554501,0.015393642562022495,13,1.62,33.89,0.5999999999999878,0.006710857165895489,1.9875321973106075,base,adaptive disabled,1.0,72.0,60,90,70,80,DEAD_ZONE,neutral,bearish,FVG,BOS bearish | Vol 1.6x | FVG | ChoCH | Zone:FVG | MTF 13,BOS+2 | BodyStrong+1 | 1hN+1 | 4h+2 | Vol+1 | RSI+1 | BTC+2 | FVG+1 | ChoCH+1 | Zone:FVG+1 | Sess:DEAD_ZONE,0,0,-1.0,bear,0.26,0,3.2965,0.1111,5.1867,-1,0.0,0.9645,1.0841,10.0,-0.1325,1.115,1.0,-0.0297,0.984375,3489,0,1,1.055,1.055,1,1.45,4
XLMUSDT,3490,3515,1677702600,1677726000,SHORT,TRAIL,0.08753,0.08689978,0.0822782,0.08858036,0.6747686507483133,0.6419561507483132,0.0328125,13,1.98,39.16,0.43037974683543984,0.005960352033117914,2.1886909386446165,base,adaptive disabled,1.15,72.0,60,90,70,80,DEAD_ZONE,neutral,bearish,FVG,BOS bearish | Vol 2.0x | FVG | ChoCH | Zone:FVG | MTF 13 | Risk x1.15,BOS+2 | BodyStrong+1 | 1hN+1 | 4h+2 | Vol+1 | RSI+1 | BTC+2 | FVG+1 | ChoCH+1 | Zone:FVG+1 | Sess:DEAD_ZONE | RelStrengthRisk:1.15,0,0,-1.0,range,0.5593,0,3.9067,0.1765,2.9848,-1,0.0,0.7045,1.3011,0.0,-0.1385,1.186,1.0,-0.0828,0.984375,3489,0,1,1.302,0.434,1,0.634,0
ETHUSDT,3504,3560,1677715200,1677766500,LONG,SL,1662.32,1684.5732085,1847.76340418,1625.23131916,-0.7670129903708921,-0.7804590334413203,0.013446043070428125,16,1.52,64.71,0.513564668769718,0.003327966554001751,1.1316395421588719,base,adaptive disabled,1.15,84.5,90,100,70,80,DEAD_ZONE,bullish,bullish,FVG,BOS bullish | Vol 1.5x | FVG | ChoCH | BullWick | StrongTrend1h | Zone:FVG | MTF 16 | Risk x1.15,BOS+2 | BodyStrong+1 | 1h+2 | 4h+2 | Vol+1 | RSI+1 | BTC+2 | FVG+1 | ChoCH+1 | BullWick+1 | Zone:FVG+1 | Sess:DEAD_ZONE | Strong1h+1 | QualityRisk:1.15,0,1,-1.0,bear,0.1193,3,2.9486,0.0526,1.4582,-1,0.0,1.1141,0.7024,0.0,0.0832,2.143,1.0,0.0495,0.75,3504,0,1,0.962,0.835,1,0.709,2
AAVEUSDT,3505,3544,1677716100,1677752100,LONG,SL,82.65,83.95442505,93.52020875,80.47595825,-0.879697917484799,-0.8911029422503076,0.011405024765508757,15,1.31,61.21,0.22772277227721965,0.004433877263424156,1.1356268140958712,base,adaptive disabled,1.15,81.9,90,87,70,80,OFF_HOURS,bullish,bullish,FVG,BOS bullish | Vol 1.3x | FVG | ChoCH | StrongTrend1h | Zone:FVG | MTF 15 | Risk x1.15,BOS+2 | BodyStrong+1 | 1h+2 | 4h+2 | Vol+1 | RSI+1 | BTC+2 | FVG+1 | ChoCH+1 | Zone:FVG+1 | Sess:OFF_HOURS | Strong1h+1 | QualityRisk:1.15,0,0,-1.0,range,0.1514,0,2.438,0.0526,1.3295,-1,0.0,1.2511,0.345,0.333,0.0066,1.175,1.0,0.3922,0.75,3505,1,2,0.463,0.555,1,1.111,4
LINKUSDT,3506,3543,1677717000,1677751200,LONG,SL,7.526,7.66030987,8.64524892,7.30215022,-1.4260400434612848,-1.4449517216411785,0.018911678179893667,15,2.5,66.05,0.17910447761194118,0.004734332390979436,1.1750612994568674,base,adaptive disabled,1.15,72.0,65,81,70,80,OFF_HOURS,bullish,neutral,FVG,BOS bullish | Vol 2.5x | FVG | ChoCH | Engulfing | StrongTrend1h | Zone:FVG | MTF 15 | Risk x1.15,BOS+2 | 1h+2 | 4hN+1 | Vol+2 | RSI+1 | BTC+2 | FVG+1 | ChoCH+1 | Engulfing+1 | Zone:FVG+1 | Sess:OFF_HOURS | Strong1h+1 | QualityRisk:1.15,0,0,-1.0,range,0.2329,1,3.4703,0.0526,1.1737,-1,0.0,1.0275,0.2904,0.329,0.025,1.748,1.0,0.1332,1.40625,3505,1,1,0.213,0.244,1,1.674,0
ADAUSDT,3511,3539,1677721500,1677747600,SHORT,TRAIL,0.35693,0.35335821,0.32716509,0.36288298,0.10559312310809378,0.09547517587830298,0.010117947229790801,15,3.5,34.23,0.30769230769231404,0.004832218839566441,1.3558526536824844,base,adaptive disabled,1.15,83.7,90,96,70,80,OFF_HOURS,bearish,bearish,FVG,BOS bearish | Vol 3.5x | FVG | ChoCH | StrongTrend1h | Zone:FVG | MTF 15 | Risk x1.15,BOS+2 | 1h+2 | 4h+2 | Vol+2 | RSI+1 | BTC+2 | FVG+1 | ChoCH+1 | Zone:FVG+1 | Sess:OFF_HOURS | Strong1h+1 | TrendPairRisk:1.15,0,1,-1.0,bull,0.3474,5,4.6191,0.0526,3.4785,-1,0.0,0.1176,1.0443,0.0,-0.0778,2.178,1.0,-0.2013,0.421875,3511,0,3,1.328,0.391,1,1.605,4
DOTUSDT,3521,3555,1677730500,1677762000,SHORT,TRAIL,6.416,6.30938611,5.52755089,6.59368982,0.3323910171106056,0.32426674752667556,0.008124269583930047,15,2.18,33.1,0.6170212765957485,0.008031832334684906,1.9121710462280557,base,adaptive disabled,1.15,82.5,90,90,70,80,OFF_HOURS,bearish,bearish,FVG,BOS bearish | Vol 2.2x | FVG | ChoCH | StrongTrend1h | Zone:FVG | MTF 15 | Risk x1.15,BOS+2 | 1h+2 | 4h+2 | Vol+2 | RSI+1 | BTC+2 | FVG+1 | ChoCH+1 | Zone:FVG+1 | Sess:OFF_HOURS | Strong1h+1 | TrendPairRisk:1.15,0,0,-1.0,range,0.3208,0,2.0184,0.3333,0.895,-1,0.0,0.1407,1.0599,0.0,-0.1104,1.751,1.0,-0.3383,0.5625,3517,1,1,0.208,0.297,1,0.475,1
AVAXUSDT,3555,3562,1677761100,1677768300,SHORT,TRAIL,17.26,17.13294627,16.20121893,17.47175621,0.578495431137543,0.5214392531864918,0.05705617795105117,14,1.76,34.69,0.5000000000000127,0.0048329661919464025,1.1992660393513137,base,adaptive disabled,1.25,78.5,90,100,50,80,OVERLAP,bearish,bearish,FVG,BOS bearish | Vol 1.8x | FVG | ChoCH | BearWick | Session:OVERLAP | StrongTrend1h | Zone:FVG | MTF 14 | Risk x1.25,BOS+2 | 1h+2 | 4h+2 | Vol+1 | RSI+1 | BTCok+1 | FVG+1 | ChoCH+1 | BearWick+1 | Zone:FVG+1 | Sess:OVERLAP | Strong1h+1 | QualityRisk:1.15 | TrendPairRisk:1.25,0,0,-1.0,range,0.3636,4,2.5085,0.0526,1.778,-1,0.0,0.3778,1.1806,0.0,0.0709,1.58,1.0,-0.1607,1.75,3555,0,1,0.836,0.836,1,1.115,3
DOTUSDT,3557,3560,1677762900,1677766500,SHORT,TRAIL,6.337,6.28085052,5.86908763,6.43058247,0.4728449676525953,0.45253026555080217,0.02031470210179314,14,1.31,31.56,0.47169811320755795,0.005380584229064293,1.562326002536444,base,adaptive disabled,1.15,84.5,90,100,70,80,NEW_YORK,bearish,bearish,FVG,BOS bearish | Vol 1.3x | FVG | ChoCH | Session:NEW_YORK | StrongTrend1h | Zone:FVG | MTF 14 | Risk x1.15,BOS+2 | BodyStrong+1 | 1h+2 | 4h+2 | Vol+1 | BTC+2 | FVG+1 | ChoCH+1 | Zone:FVG+1 | Sess:NEW_YORK | Strong1h+1 | TrendPairRisk:1.15,0,0,-1.0,bear,0.3366,1,2.5957,0.1765,1.3095,-1,0.0,0.0855,1.8166,2.174,-0.0535,0.851,1.0,-0.514,0.75,3557,2,3,0.715,1.73,1,1.542,0
SOLUSDT,3557,3606,1677762900,1677807900,SHORT,TRAIL,21.96,21.653,20.6424,22.22352,2.7293943533697647,2.7043943533697647,0.025000000000000026,15,1.99,34.94,0.40182648401826704,0.005350913697778774,1.3246818146482238,base,adaptive disabled,1.25,84.5,90,100,70,80,NEW_YORK,bearish,bearish,FVG,BOS bearish | Vol 2.0x | FVG | ChoCH | Session:NEW_YORK | StrongTrend1h | Zone:FVG | MTF 15 | Risk x1.25,BOS+2 | BodyStrong+1 | 1h+2 | 4h+2 | Vol+1 | RSI+1 | BTC+2 | FVG+1 | ChoCH+1 | Zone:FVG+1 | Sess:NEW_YORK | Strong1h+1 | QualityRisk:1.15 | TrendPairRisk:1.25,0,1,-1.0,bull,0.4966,1,2.8817,0.1765,1.9238,-1,0.0,0.7438,5.4039,0.0,0.0853,1.456,1.0,-0.1235,0.75,3557,2,3,0.781,0.061,1,1.37,0
ADAUSDT,3572,3605,1677776400,1677807000,SHORT,TP1,0.34647,0.34174424,0.30708866,0.35434627,0.0,-0.01319672890848076,0.01319672890848076,15,2.69,28.62,0.6627712854757922,0.005264281689197616,1.2499467763022878,base,adaptive disabled,1.15,84.5,90,100,70,80,NEW_YORK,bearish,bearish,FVG,BOS bearish | Vol 2.7x | FVG | ChoCH | Engulfing | Session:NEW_YORK | StrongTrend1h | Zone:FVG | MTF 15 | Risk x1.15,BOS+2 | 1h+2 | 4h+2 | Vol+2 | BTC+2 | FVG+1 | ChoCH+1 | Engulfing+1 | Zone:FVG+1 | Sess:NEW_YORK | Strong1h+1 | TrendPairRisk:1.15,0,0,-1.0,bear,0.2582,0,2.7331,0.0526,2.6213,-1,0.0,0.6526,2.8503,2.877,0.0606,2.216,-1.0,0.0669,0.75,3572,0,1,0.689,-1.0,0,1.213,1
DOTUSDT,3710,3783,1677900600,1677967200,SHORT,TRAIL,5.984,5.769,5.52569567,6.07566087,0.7939422514754665,0.7856797289835896,0.00826252249187684,14,2.04,29.89,1.0,0.00217288086908836,0.7259836414952687,base,adaptive disabled,1.15,88.5,90,90,90,80,OFF_HOURS,bearish,bearish,FVG,BOS bearish | Vol 2.0x | FVG | ChoCH | StrongTrend1h | Zone:FVG | MTF 14 | Risk x1.15,BOS+2 | BodyStrong+1 | 1h+2 | 4h+2 | Vol+2 | BTCok+1 | FVG+1 | ChoCH+1 | Zone:FVG+1 | Sess:OFF_HOURS | Strong1h+1 | TrendPairRisk:1.15,0,0,-1.0,range,0.1685,0,2.548,0.1111,1.312,-1,0.0,0.5346,1.186,0.0,0.0021,2.398,1.0,-0.2095,0.31640625,3709,0,5,2.095,11.721,1,0.34,10
LINKUSDT,3716,3775,1677906000,1677960000,SHORT,TRAIL,6.908,6.83278582,6.2812152,7.03335696,0.3888894561578443,0.3682244687490877,0.020664987408756646,16,2.47,39.92,0.4999999999999926,0.003812996725428555,1.3915431207633011,base,adaptive disabled,1.15,84.5,90,100,70,80,OFF_HOURS,bearish,bearish,FVG,BOS bearish | Vol 2.5x | FVG | MACD_Div | ChoCH | Engulfing | StrongTrend1h | Zone:FVG | MTF 16 | Risk x1.15,BOS+2 | 1h+2 | 4h+2 | Vol+2 | RSI+1 | BTCok+1 | FVG+1 | MACD_Div+1 | ChoCH+1 | Engulfing+1 | Zone:FVG+1 | Sess:OFF_HOURS | Strong1h+1 | TrendPairRisk:1.15,0,1,-1.0,bull,0.2077,1,2.5495,0.0526,0.5861,-1,0.0,0.5265,1.2232,1.579,-0.0728,2.633,-1.0,0.1055,0.9375,3715,0,1,0.313,2.147,1,1.029,0
ETHUSDT,3761,3779,1677946500,1677963600,SHORT,TRAIL,1564.9,1553.63272,1471.006,1583.6788,0.6640466909493763,0.6307133576160426,0.03333333333333366,15,4.6,35.17,0.5629017447199431,0.002847689824884757,2.3487445918826175,base,adaptive disabled,1.15,82.5,90,90,70,80,NEW_YORK,bearish,bearish,FVG,BOS bearish | Vol 4.6x | FVG | ChoCH | Session:NEW_YORK | StrongTrend1h | Zone:FVG | MTF 15 | Risk x1.15,BOS+2 | 1h+2 | 4h+2 | Vol+2 | RSI+1 | BTC+2 | FVG+1 | ChoCH+1 | Zone:FVG+1 | Sess:NEW_YORK | Strong1h+1 | TrendPairRisk:1.15,0,0,-1.0,bear,0.3802,0,3.5401,0.0526,4.494,-1,0.0,0.0687,1.4112,0.0,0.0082,2.542,1.0,-0.0875,1.0,3761,0,1,0.964,0.653,1,1.809,3
NEARUSDT,3833,3879,1678011300,1678053600,SHORT,TRAIL,2.073,2.04760225,1.86135206,2.11532959,0.5581202180318781,0.5388371644988766,0.01928305353300137,16,1.31,39.22,0.5121951219512126,0.005172588331012941,1.1776259434180996,base,adaptive disabled,1.15,71.0,60,100,60,80,LONDON,neutral,bearish,OB,BOS bearish | Vol 1.3x | FVG | OB | ChoCH | Engulfing | Session:LONDON | Zone:OB | MTF 16 | Risk x1.15,BOS+2 | 1hN+1 | 4h+2 | Vol+1 | RSI+1 | BTC+2 | FVG+1 | OB+1 | ChoCH+1 | Engulfing+1 | Zone:OB+1 | Sess:LONDON | NestedOB_1h+2 | QualityRisk:1.15,0,0,-1.0,range,0.4894,0,2.3581,0.3333,0.7516,-1,0.0,0.4252,1.1812,1.167,-0.1555,0.874,1.0,-0.4787,0.984375,3829,4,5,1.393,4.18,0,0.429,0
XRPUSDT,3844,3861,1678021200,1678037400,SHORT,TRAIL,0.37196,0.36928189,0.3496424,0.37642352,0.9448820661719992,0.8865487328386659,0.058333333333333355,16,1.88,34.7,0.3790322580645004,0.0017965696940181219,0.9267055817236788,base,adaptive disabled,1.25,78.5,90,100,50,80,OVERLAP,bearish,bearish,FVG,BOS bearish | Vol 1.9x | FVG | ChoCH | Engulfing | BearWick | Session:OVERLAP | StrongTrend1h | Zone:FVG | MTF 16 | Risk x1.25,BOS+2 | 1h+2 | 4h+2 | Vol+1 | RSI+1 | BTC+2 | FVG+1 | ChoCH+1 | Engulfing+1 | BearWick+1 | Zone:FVG+1 | Sess:OVERLAP | Strong1h+1 | QualityRisk:1.15 | TrendPairRisk:1.25,0,0,-1.0,bear,0.5619,0,1.6453,0.1111,1.2476,-1,0.0,0.1187,1.0754,1.068,-0.1376,2.075,1.0,-0.3497,1.75,3843,4,1,0.014,0.251,1,1.115,0
SOLUSDT,3865,3885,1678040100,1678059000,SHORT,TRAIL,21.106,20.90085987,19.39649889,21.44790022,0.5556719881607612,0.5313652255035157,0.024306762657245483,16,2.16,34.59,0.48469387755102433,0.006250168854431003,1.8673919987277987,base,adaptive disabled,1.15,72.0,60,90,70,80,OFF_HOURS,neutral,bearish,FVG,BOS bearish | Vol 2.2x | FVG | ChoCH | Engulfing | Zone:FVG | MTF 16 | Risk x1.15,BOS+2 | 1hN+1 | 4h+2 | Vol+2 | RSI+1 | BTC+2 | FVG+1 | ChoCH+1 | Engulfing+1 | Zone:FVG+1 | Sess:OFF_HOURS | NestedOB_1h+2 | QualityRisk:1.15,0,0,-1.0,range,0.2701,2,3.1058,0.0526,2.0975,-1,0.0,0.6552,1.321,0.0,-0.0509,2.016,1.0,-0.2852,0.984375,3865,0,1,0.887,0.034,1,1.069,1
ADAUSDT,3872,3897,1678046400,1678069800,SHORT,TRAIL,0.33729,0.33151,0.33028,0.34133748,0.7143333629813992,0.6955833629813994,0.01874999999999978,14,1.94,32.69,0.36744186046511534,0.0029826856547910344,1.3831081113720136,base,adaptive disabled,1.15,78.5,90,100,50,80,DEAD_ZONE,bearish,bearish,FVG,BOS bearish | Vol 1.9x | FVG | ChoCH | Engulfing | StrongTrend1h | Zone:FVG | MTF 14 | Risk x1.15,BOS+2 | 1h+2 | 4h+2 | Vol+1 | RSI+1 | BTCok+1 | FVG+1 | ChoCH+1 | Engulfing+1 | Zone:FVG+1 | Sess:DEAD_ZONE | Strong1h+1 | TrendPairRisk:1.15,0,0,-1.0,bear,0.3551,0,1.9148,0.1111,1.6061,-1,0.0,0.7906,1.1747,1.082,-0.1333,2.418,1.0,-0.3134,0.5625,3871,6,1,0.31,0.103,1,1.445,2
DOTUSDT,3899,4032,1678070700,1678191300,SHORT,TRAIL,5.911,5.8147504,5.10892001,6.071416,0.23931917639137973,0.23310108561489862,0.0062180907764811276,15,1.56,37.21,0.2978723404255326,0.006895839867215353,2.1750930697322555,base,adaptive disabled,1.15,81.5,90,85,70,80,OFF_HOURS,bearish,bearish,FVG,BOS bearish | Vol 1.6x | FVG | ChoCH | StrongTrend1h | Zone:FVG | MTF 15 | Risk x1.15,BOS+2 | BodyStrong+1 | 1h+2 | 4h+2 | Vol+1 | RSI+1 | BTC+2 | FVG+1 | ChoCH+1 | Zone:FVG+1 | Sess:OFF_HOURS | Strong1h+1 | TrendPairRisk:1.15,0,0,-1.0,bear,0.3017,0,3.8965,0.1765,2.1922,-1,0.0,0.8104,1.0701,2.667,0.0843,1.287,1.0,-0.2029,0.421875,3899,2,4,0.621,4.009,0,1.214,4
ADAUSDT,3937,3986,1678104900,1678149900,SHORT,TRAIL,0.33146,0.32874948,0.31764,0.33597753,0.4532344002142641,0.4312228142369715,0.02201158597729267,14,3.04,31.6,0.5495798319327816,0.004253114824178765,1.316796148952622,base,adaptive disabled,1.15,84.5,90,100,70,80,OVERLAP,bearish,bearish,FVG,BOS bearish | Vol 3.0x | FVG | ChoCH | Session:OVERLAP | StrongTrend1h | Zone:FVG | MTF 14 | Risk x1.15,BOS+2 | 1h+2 | 4h+2 | Vol+2 | BTC+2 | FVG+1 | ChoCH+1 | Zone:FVG+1 | Sess:OVERLAP | Strong1h+1 | TrendPairRisk:1.15,0,0,-1.0,range,0.42,1,3.8866,0.0526,3.1362,-1,0.0,1.2219,1.3392,0.0,-0.015,1.444,1.0,-0.1902,0.75,3937,1,2,0.889,0.044,1,2.109,0
XLMUSDT,3937,3961,1678104900,1678127400,SHORT,SL,0.08215,0.08155852,0.077221,0.0831358,-1.3180919050517477,-1.3618419050517478,0.04375000000000022,16,1.7,35.56,0.41052631578947246,0.0019475407475075992,0.7262556505467226,base,adaptive disabled,1.15,82.5,90,90,70,80,OVERLAP,bearish,bearish,FVG,BOS bearish | Vol 1.7x | FVG | ChoCH | Engulfing | Session:OVERLAP | StrongTrend1h | Zone:FVG | MTF 16 | Risk x1.15,BOS+2 | BodyStrong+1 | 1h+2 | 4h+2 | Vol+1 | RSI+1 | BTC+2 | FVG+1 | ChoCH+1 | Engulfing+1 | Zone:FVG+1 | Sess:OVERLAP | Strong1h+1 | TrendPairRisk:1.15,0,1,-1.0,bull,0.3333,5,3.9707,0.0526,2.5073,-1,0.0,1.0753,0.3889,0.0,0.1254,2.29,1.0,-0.0027,1.3125,3936,0,3,1.886,0.794,1,1.39,4
BTCUSDT,3968,4043,1678132800,1678201200,SHORT,TRAIL,22404.1,22242.79048,21059.854,22672.9492,0.16714469951928274,0.15073844951928278,0.016406249999999966,15,2.19,38.53,0.5045454545454545,0.004126872401570444,2.777607532554193,base,adaptive disabled,1.0,72.0,60,90,70,80,DEAD_ZONE,neutral,bearish,FVG,BOS bearish | Vol 2.2x | FVG | LiqSweep | ChoCH | BearWick | Zone:FVG | MTF 15,BOS+2 | 1hN+1 | 4h+2 | Vol+2 | RSI+1 | BTC+2 | FVG+1 | LiqSweep+1 | ChoCH+1 | BearWick+1 | Zone:FVG+1 | Sess:DEAD_ZONE,0,0,-1.0,bear,0.2132,0,3.5775,0.1765,2.083,-1,0.0,0.5613,1.2337,0.0,-0.0591,1.257,-1.0,0.0539,0.4921875,3968,1,2,1.259,0.863,1,1.747,5
LINKUSDT,3987,4028,1678149900,1678187700,SHORT,TRAIL,6.907,6.808,6.707,6.989884,1.3346966845229522,1.303446684522952,0.03125000000000002,14,1.58,34.17,0.600000000000004,0.00330620892895214,1.0431089170994592,base,adaptive disabled,1.25,78.5,90,100,50,80,OFF_HOURS,bearish,bearish,FVG,BOS bearish | Vol 1.6x | FVG | ChoCH | StrongTrend1h | Zone:FVG | MTF 14 | Risk x1.25,BOS+2 | 1h+2 | 4h+2 | Vol+1 | RSI+1 | BTC+2 | FVG+1 | ChoCH+1 | Zone:FVG+1 | Sess:OFF_HOURS | Strong1h+1 | QualityRisk:1.15 | TrendPairRisk:1.25,0,0,-1.0,range,0.7872,0,2.2424,0.1111,1.4343,-1,0.0,0.8204,1.3838,1.385,-0.334,1.436,1.0,-0.4732,0.9375,3985,18,4,0.652,0.122,1,1.916,4
LINKUSDT,4030,4045,1678188600,1678203000,SHORT,TRAIL,6.812,6.71588587,6.01104893,6.97219021,0.9217557677213861,0.8938490997670835,0.027906667954302636,14,1.83,29.84,0.47368421052630977,0.005489797766791698,1.816077385069022,base,adaptive disabled,1.15,82.5,90,90,70,80,OVERLAP,bearish,bearish,FVG,BOS bearish | Vol 1.8x | FVG | ChoCH | Session:OVERLAP | StrongTrend1h | Zone:FVG | MTF 14 | Risk x1.15,BOS+2 | BodyStrong+1 | 1h+2 | 4h+2 | Vol+1 | BTC+2 | FVG+1 | ChoCH+1 | Zone:FVG+1 | Sess:OVERLAP | Strong1h+1 | TrendPairRisk:1.15,0,0,-1.0,range,0.253,1,3.7619,0.1765,2.3885,-1,0.0,0.2809,1.3734,1.929,-0.2184,1.582,1.0,-0.1821,1.640625,4029,0,1,0.785,4.093,0,1.571,0
ADAUSDT,4033,4041,1678191300,1678199400,SHORT,TRAIL,0.32831,0.32485139,0.29948827,0.33407435,0.5646777173488702,0.5347762106742235,0.029901506674646597,15,1.59,36.09,0.35261401557286165,0.005735079673724122,2.103690948066697,base,adaptive disabled,1.15,82.5,90,90,70,80,OVERLAP,bearish,bearish,FVG,BOS bearish | Vol 1.6x | FVG | ChoCH | Session:OVERLAP | StrongTrend1h | Zone:FVG | MTF 15 | Risk x1.15,BOS+2 | BodyStrong+1 | 1h+2 | 4h+2 | Vol+1 | RSI+1 | BTC+2 | FVG+1 | ChoCH+1 | Zone:FVG+1 | Sess:OVERLAP | Strong1h+1 | TrendPairRisk:1.15,0,0,-1.0,bear,0.4097,0,3.5668,0.1111,1.6265,-1,0.0,0.0,1.0582,2.496,-0.0105,1.434,1.0,-0.1393,1.3125,4029,0,1,0.117,0.268,1,1.783,3
XLMUSDT,4105,4133,1678256100,1678282200,SHORT,SL,0.08111,0.07986721,0.07075343,0.08318131,-0.7902607528568892,-0.799071481333071,0.00881072847618177,15,2.06,30.86,0.5979899497487556,0.006563037086999759,2.0635703173790056,base,adaptive disabled,1.15,88.5,90,90,90,80,OFF_HOURS,bearish,bearish,FVG,BOS bearish | Vol 2.1x | FVG | ChoCH | StrongTrend1h | Zone:FVG | MTF 15 | Risk x1.15,BOS+2 | BodyStrong+1 | 1h+2 | 4h+2 | Vol+2 | BTC+2 | FVG+1 | ChoCH+1 | Zone:FVG+1 | Sess:OFF_HOURS | Strong1h+1 | TrendPairRisk:1.15,0,0,-1.0,range,0.2927,0,4.4671,0.1765,3.7642,-1,0.0,1.4435,0.2736,2.833,-0.2035,1.553,1.0,-0.4472,0.5625,4105,2,4,2.415,-1.0,0,1.328,4
AVAXUSDT,4106,4136,1678257000,1678284900,SHORT,TRAIL,15.97,15.75613643,14.18780357,16.32643929,0.44187047954225545,0.43178952017327005,0.010080959368985416,15,1.55,36.96,0.38095238095237977,0.008799392359102959,2.0288884668114444,base,adaptive disabled,1.15,82.5,90,90,70,80,OFF_HOURS,bearish,bearish,FVG,BOS bearish | Vol 1.6x | FVG | ChoCH | StrongTrend1h | Zone:FVG | MTF 15 | Risk x1.15,BOS+2 | BodyStrong+1 | 1h+2 | 4h+2 | Vol+1 | RSI+1 | BTC+2 | FVG+1 | ChoCH+1 | Zone:FVG+1 | Sess:OFF_HOURS | Strong1h+1 | TrendPairRisk:1.15,0,0,-1.0,bear,0.3488,0,4.1863,0.1111,1.1466,-1,0.0,0.2244,1.9171,1.778,-0.2755,0.909,1.0,-0.6053,0.5625,4105,1,3,1.308,1.047,1,0.654,0
LINKUSDT,4117,4133,1678266900,1678282200,SHORT,TRAIL,6.815,6.73408293,6.14069107,6.94986179,1.2308897872407072,1.1904632142284401,0.04042657301226699,13,1.4,33.52,0.3248407643312111,0.004967713018174158,1.0646429962229724,base,adaptive disabled,1.15,73.6,60,98,70,80,LONDON,neutral,bearish,FVG,BOS bearish | Vol 1.4x | FVG | ChoCH | Session:LONDON | Zone:FVG | MTF 13 | Risk x1.15,BOS+2 | BodyStrong+1 | 1hN+1 | 4h+2 | Vol+1 | RSI+1 | BTC+2 | FVG+1 | ChoCH+1 | Zone:FVG+1 | Sess:LONDON | QualityRisk:1.15,0,0,-1.0,bear,0.3804,0,1.6833,0.3333,0.7598,-1,0.0,0.2447,1.1246,0.773,-0.2489,1.156,1.0,-0.4108,2.0,4113,2,1,0.768,1.624,1,0.856,1
ADAUSDT,4134,4137,1678282200,1678285800,SHORT,TRAIL,0.32225,0.3193224,0.29785333,0.32712933,0.4811111361600809,0.46129796508946264,0.019813171070618238,16,17.24,36.56,0.5356037151702757,0.007424025053542043,1.9227037050604956,base,adaptive disabled,1.15,82.5,90,90,70,80,NEW_YORK,bearish,bearish,FVG,BOS bearish | Vol 17.2x | FVG | ChoCH | BearWick | Session:NEW_YORK | StrongTrend1h | Zone:FVG | MTF 16 | Risk x1.15,BOS+2 | 1h+2 | 4h+2 | Vol+2 | RSI+1 | BTC+2 | FVG+1 | ChoCH+1 | BearWick+1 | Zone:FVG+1 | Sess:NEW_YORK | Strong1h+1 | TrendPairRisk:1.15,0,1,-1.0,bull,0.4597,0,3.5359,0.1111,12.264,-1,0.0,0.4406,1.9162,0.0,-0.1499,7.741,-1.0,0.3056,0.75,4134,2,4,1.165,0.069,1,2.227,6
XRPUSDT,4137,4254,1678284900,1678391100,LONG,SL,0.39423,0.40250883,0.46322025,0.38043195,-1.093904573472338,-1.1046188591866237,0.010714285714285711,14,1.33,67.65,0.3098672821696502,0.010953359891746785,2.0847161106001666,base,adaptive disabled,1.15,75.9,90,87,50,80,NEW_YORK,bullish,bullish,FVG,BOS bullish | Vol 1.3x | FVG | ChoCH | BullWick | Session:NEW_YORK | StrongTrend1h | Zone:FVG | MTF 14 | Risk x1.15,BOS+2 | 1h+2 | 4h+2 | Vol+1 | RSI+1 | BTCok+1 | FVG+1 | ChoCH+1 | BullWick+1 | Zone:FVG+1 | Sess:NEW_YORK | Strong1h+1 | RelStrengthRisk:1.15,0,0,-1.0,range,0.3292,0,4.1402,0.1765,1.6708,-1,0.0,1.1958,0.6027,0.625,0.132,1.331,1.0,0.164,0.9375,4137,3,5,1.362,-1.0,0,0.997,0
AVAXUSDT,4140,4154,1678287600,1678301100,SHORT,TRAIL,15.74,15.4976404,13.72033665,16.14393267,0.5755909765852798,0.5639009095253413,0.011690067059938438,15,2.07,28.33,0.6734693877551019,0.008514810467907868,2.270616124789671,base,adaptive disabled,1.15,82.5,90,90,70,80,NEW_YORK,bearish,bearish,FVG,BOS bearish | Vol 2.1x | FVG | ChoCH | BearWick | Session:NEW_YORK | StrongTrend1h | Zone:FVG | MTF 15 | Risk x1.15,BOS+2 | 1h+2 | 4h+2 | Vol+2 | BTC+2 | FVG+1 | ChoCH+1 | BearWick+1 | Zone:FVG+1 | Sess:NEW_YORK | Strong1h+1 | TrendPairRisk:1.15,0,0,-1.0,range,0.3673,1,3.8325,0.25,2.0431,-1,0.0,0.5694,1.9393,0.0,-0.1251,1.77,1.0,-0.3411,0.75,4139,2,6,2.236,-1.0,0,1.065,0
ETHUSDT,4140,4173,1678287600,1678318200,SHORT,TRAIL,1554.54,1532.0,1461.2676,1573.19448,0.8962994412066106,0.8629661078732775,0.03333333333333307,17,2.1,36.81,0.43337195828505914,0.0038638909009382875,1.8036480279717777,base,adaptive disabled,1.15,82.5,90,90,70,80,NEW_YORK,bearish,bearish,FVG,BOS bearish | Vol 2.1x | FVG | ChoCH | Session:NEW_YORK | StrongTrend1h | Zone:FVG | MTF 17 | Risk x1.15,BOS+2 | 1h+2 | 4h+2 | Vol+2 | RSI+1 | BTC+2 | FVG+1 | ChoCH+1 | Zone:FVG+1 | Sess:NEW_YORK | Strong1h+1 | NestedOB_1h+2 | TrendPairRisk:1.15,0,0,-1.0,range,0.565,0,2.5786,0.25,2.5692,-1,0.0,0.5865,1.488,0.0,-0.069,1.382,1.0,-0.3148,1.0,4138,5,5,0.722,0.119,1,0.913,4
ADAUSDT,4172,4251,1678316400,1678388400,SHORT,TRAIL,0.31818,0.31278917,0.2732564,0.32716472,0.42180988945676695,0.4118498545308038,0.009960034925963191,15,7.05,32.4,0.38325281803543226,0.010286962960867322,1.8897209083359985,base,adaptive disabled,1.15,82.5,90,90,70,80,DEAD_ZONE,bearish,bearish,FVG,BOS bearish | Vol 7.0x | FVG | ChoCH | StrongTrend1h | Zone:FVG | MTF 15 | Risk x1.15,BOS+2 | 1h+2 | 4h+2 | Vol+2 | RSI+1 | BTC+2 | FVG+1 | ChoCH+1 | Zone:FVG+1 | Sess:DEAD_ZONE | Strong1h+1 | TrendPairRisk:1.15,0,1,-1.0,bull,0.4333,2,5.5684,0.0526,6.8377,-1,0.0,0.4497,1.2707,4.857,0.0739,2.82,1.0,-0.3807,0.703125,4172,0,3,1.715,-1.0,0,2.499,1
LINKUSDT,4172,4249,1678316400,1678386600,SHORT,TRAIL,6.584,6.48097671,5.72547261,6.75570548,0.800789817541052,0.7768243622742778,0.02396545526677425,16,4.94,36.93,0.19108280254777224,0.009331675336506555,1.7102186610211958,base,adaptive disabled,1.15,80.9,90,82,70,80,DEAD_ZONE,bearish,bearish,FVG,BOS bearish | Vol 4.9x | FVG | LiqSweep | ChoCH | StrongTrend1h | Zone:FVG | MTF 16 | Risk x1.15,BOS+2 | 1h+2 | 4h+2 | Vol+2 | RSI+1 | BTC+2 | FVG+1 | LiqSweep+1 | ChoCH+1 | Zone:FVG+1 | Sess:DEAD_ZONE | Strong1h+1 | TrendPairRisk:1.15,0,1,-1.0,bull,0.4375,4,4.9009,0.0526,4.9307,-1,0.0,0.6348,1.3589,5.0,-0.0073,2.304,1.0,-0.2821,1.5625,4172,0,1,0.722,-1.0,0,2.144,3
SOLUSDT,4174,4243,1678318200,1678381200,SHORT,TRAIL,18.484,18.095836,15.2493,19.13094,0.42821784091260784,0.4201821266268935,0.008035714285714323,14,1.54,39.5,0.637770897832815,0.014671603443635878,1.5665080591189027,base,adaptive disabled,1.25,78.5,90,100,50,80,DEAD_ZONE,bearish,bearish,FVG,BOS bearish | Vol 1.5x | FVG | ChoCH | StrongTrend1h | Zone:FVG | MTF 14 | Risk x1.25,BOS+2 | 1h+2 | 4h+2 | Vol+1 | RSI+1 | BTC+2 | FVG+1 | ChoCH+1 | Zone:FVG+1 | Sess:DEAD_ZONE | Strong1h+1 | QualityRisk:1.15 | TrendPairRisk:1.25,0,0,-1.0,range,0.4453,0,3.084,0.1765,2.8438,-1,0.0,0.456,1.2057,0.0,0.2061,2.066,1.0,-0.0489,0.703125,4174,2,3,0.149,0.144,1,0.747,0
AVAXUSDT,4244,4253,1678381200,1678390200,SHORT,TRAIL,15.33,15.06592871,13.12940588,15.77011882,0.6589129726377088,0.6449803714369694,0.013932601200739372,17,3.86,33.6,0.935483870967743,0.00737754426470566,1.8947992853309068,base,adaptive disabled,1.15,82.5,90,90,70,80,NEW_YORK,bearish,bearish,FVG,BOS bearish | Vol 3.9x | FVG | LiqSweep | ChoCH | Engulfing | Session:NEW_YORK | StrongTrend1h | Zone:FVG | MTF 17 | Risk x1.15,BOS+2 | 1h+2 | 4h+2 | Vol+2 | RSI+1 | BTC+2 | FVG+1 | LiqSweep+1 | ChoCH+1 | Engulfing+1 | Zone:FVG+1 | Sess:NEW_YORK | Strong1h+1 | TrendPairRisk:1.15,0,1,-1.0,bull,0.1429,3,3.6196,0.0526,3.7724,-1,0.0,0.1363,1.5526,0.0,-0.04,2.208,1.0,-0.2339,1.0,4244,36,1,0.749,0.624,1,1.747,2
ETHUSDT,4278,4301,1678411800,1678433400,SHORT,TRAIL,1431.5,1401.4385,1180.9875,1481.6025,0.6453645027693236,0.6346502170550378,0.010714285714285723,16,2.22,29.35,0.3376963350785233,0.008613905625304742,1.8954052768175305,base,adaptive disabled,1.25,85.5,90,90,80,80,OFF_HOURS,bearish,bearish,OB,BOS bearish | Vol 2.2x | FVG | OB | ChoCH | Engulfing | StrongTrend1h | Zone:OB | MTF 16 | Risk x1.25,BOS+2 | 1h+2 | 4h+2 | Vol+2 | BTC+2 | FVG+1 | OB+1 | ChoCH+1 | Engulfing+1 | Zone:OB+1 | Sess:OFF_HOURS | Strong1h+1 | QualityRisk:1.15 | TrendPairRisk:1.25,0,0,-1.0,range,0.3527,0,2.534,19.0,0.3034,-1,0.0,0.0433,1.4597,0.188,-0.1064,1.441,1.0,-0.3386,0.9375,4278,13,4,0.353,1.837,1,1.538,2
SOLUSDT,4278,4300,1678411800,1678432500,SHORT,TRAIL,17.141,16.781039,14.141325,17.740935,0.3949646628384725,0.3869289485527583,0.008035714285714257,14,1.32,36.23,0.2987721691678064,0.01147320158907835,1.1117410284541962,base,adaptive disabled,1.25,77.5,90,95,50,80,OFF_HOURS,bearish,bearish,FVG,BOS bearish | Vol 1.3x | FVG | ChoCH | StrongTrend1h | Zone:FVG | MTF 14 | Risk x1.25,BOS+2 | 1h+2 | 4h+2 | Vol+1 | RSI+1 | BTC+2 | FVG+1 | ChoCH+1 | Zone:FVG+1 | Sess:OFF_HOURS | Strong1h+1 | QualityRisk:1.15 | TrendPairRisk:1.25,0,1,-1.0,bull,0.4866,0,2.6615,19.0,0.4293,-1,0.0,0.3517,1.5168,0.602,-0.1565,1.04,1.0,-0.4278,0.703125,4277,0,1,0.436,1.509,1,1.343,3
BTCUSDT,4402,4533,1678523400,1678642200,SHORT,SL,20036.7,19683.53382317,17093.64852645,20625.31029471,-0.9474506379361056,-0.9600164391587661,0.012565801222660527,13,2.63,30.31,0.697333723996493,0.012617219912341984,2.660511050849471,base,adaptive disabled,1.0,72.0,60,90,70,80,LONDON,neutral,bearish,FVG,BOS bearish | Vol 2.6x | FVG | LiqSweep | ChoCH | Session:LONDON | Zone:FVG | MTF 13,BOS+2 | 1hN+1 | 4h+2 | Vol+2 | BTC+2 | FVG+1 | LiqSweep+1 | ChoCH+1 | Zone:FVG+1 | Sess:LONDON,0,0,-1.0,bear,0.3977,0,4.441,0.1111,2.114,-1,0.0,1.2968,0.2608,0.0,-0.2164,1.662,1.0,-0.3105,0.9228515625,4401,1,6,2.93,1.085,1,1.06,0
AVAXUSDT,4417,4432,1678536900,1678551300,SHORT,TRAIL,14.28,13.98012,11.781,14.7798,0.9103641456582616,0.8903641456582616,0.019999999999999983,17,1.33,36.47,0.6744186046511625,0.0070363607949386064,0.9499087073231135,base,adaptive disabled,1.25,84.5,90,100,70,80,OVERLAP,bearish,bearish,FVG,BOS bearish | Vol 1.3x | FVG | ChoCH | Session:OVERLAP | StrongTrend1h | Zone:FVG | MTF 17 | Risk x1.25,BOS+2 | BodyStrong+1 | 1h+2 | 4h+2 | Vol+1 | RSI+1 | BTC+2 | FVG+1 | ChoCH+1 | Zone:FVG+1 | Sess:OVERLAP | Strong1h+1 | NestedOB_1h+2 | QualityRisk:1.15 | TrendPairRisk:1.25,0,0,-1.0,range,0.5532,1,1.9464,9.0,0.2752,-1,0.0,0.06,1.2005,2.636,-0.0448,0.908,1.0,-0.0779,1.75,4415,15,3,0.892,0.405,1,0.324,0
DOTUSDT,4433,4450,1678551300,1678567500,SHORT,SL,5.282,5.20549686,4.64447383,5.40950523,-1.1249999999999973,-1.137427725513688,0.012427725513690726,16,2.35,35.5,0.38749999999999923,0.0059974820319018554,0.9087042061650045,base,adaptive disabled,1.25,84.5,90,100,70,80,NEW_YORK,bearish,bearish,FVG,BOS bearish | Vol 2.4x | FVG | ChoCH | Engulfing | Session:NEW_YORK | StrongTrend1h | Zone:FVG | MTF 16 | Risk x1.25,BOS+2 | 1h+2 | 4h+2 | Vol+2 | RSI+1 | BTC+2 | FVG+1 | ChoCH+1 | Engulfing+1 | Zone:FVG+1 | Sess:NEW_YORK | Strong1h+1 | QualityRisk:1.15 | TrendPairRisk:1.25,0,0,-1.0,bear,0.4,3,3.0954,0.0526,5.0297,-1,0.0,1.5372,0.3268,2.818,-0.0575,2.092,1.0,-0.0642,0.75,4432,0,3,0.685,0.74,1,1.37,2
SOLUSDT,4433,4441,1678551300,1678559400,SHORT,SL,17.218,16.90384245,14.60002043,17.74159591,-1.129807335584419,-1.1421388872193428,0.012331551634923943,15,2.35,37.58,0.36526946107784825,0.01033372583126562,1.0603010569164575,base,adaptive disabled,1.25,84.5,90,100,70,80,NEW_YORK,bearish,bearish,FVG,BOS bearish | Vol 2.4x | FVG | ChoCH | Session:NEW_YORK | StrongTrend1h | Zone:FVG | MTF 15 | Risk x1.25,BOS+2 | 1h+2 | 4h+2 | Vol+2 | RSI+1 | BTC+2 | FVG+1 | ChoCH+1 | Zone:FVG+1 | Sess:NEW_YORK | Strong1h+1 | QualityRisk:1.15 | TrendPairRisk:1.25,0,0,-1.0,range,0.3768,3,2.7721,0.0526,2.3197,-1,0.0,1.3541,0.3883,0.0,-0.0452,1.942,1.0,-0.2482,0.9375,4433,0,1,0.676,1.088,1,1.209,2
BTCUSDT,4614,4617,1678714200,1678717800,LONG,TRAIL,22376.2,22810.26850901,25993.43757504,21652.75248499,0.3265613539314369,0.3211244475565555,0.005436906374881428,21,2.95,65.35,0.42061800745871014,0.010924641589086922,2.1269827166804958,base,adaptive disabled,1.15,85.5,90,90,80,80,NEW_YORK,bullish,bullish,OB,BOS bullish | Vol 3.0x | FVG | OB | LiqSweep | ChoCH | Engulfing | Session:NEW_YORK | StrongTrend1h | Zone:OB | 💎PREMIUM | MTF 21 | Risk x1.15,BOS+2 | 1h+2 | 4h+2 | Vol+2 | RSI+1 | BTC+2 | FVG+1 | OB+1 | LiqSweep+1 | ChoCH+1 | Engulfing+1 | Zone:OB+1 | Sess:NEW_YORK | Strong1h+1 | 💎Premium+3 | QualityRisk:1.15,1,0,-1.0,range,0.2744,3,3.9509,0.0526,2.9045,-1,0.0,0.1579,2.6765,0.0,-0.0599,1.761,1.0,0.1498,0.439453125,4614,25,1,1.412,0.652,1,1.678,2
ETHUSDT,4614,4617,1678714200,1678717800,LONG,TRAIL,1591.0,1611.94205123,1765.51709357,1556.09658129,0.9146668486904751,0.8918753850057993,0.022791463684675772,17,2.25,59.06,0.32402912621359603,0.010225442563557919,2.1938735188418166,base,adaptive disabled,1.15,82.1,90,88,70,80,NEW_YORK,bullish,bullish,FVG,BOS bullish | Vol 2.2x | FVG | LiqSweep | ChoCH | Engulfing | Session:NEW_YORK | StrongTrend1h | Zone:FVG | MTF 17 | Risk x1.15,BOS+2 | 1h+2 | 4h+2 | Vol+2 | RSI+1 | BTC+2 | FVG+1 | LiqSweep+1 | ChoCH+1 | Engulfing+1 | Zone:FVG+1 | Sess:NEW_YORK | Strong1h+1 | QualityRisk:1.15,0,1,-1.0,bear,0.4024,3,3.4261,0.0526,2.1994,-1,0.0,0.3008,2.5523,0.0,-0.3002,1.364,-1.0,0.1379,1.25,4614,0,1,0.724,2.272,0,1.65,2
LINKUSDT,4618,4621,1678717800,1678721400,LONG,TRAIL,6.631,6.770251,7.791425,6.398915,0.8280910011418197,0.8146981439989625,0.013392857142857113,18,3.72,67.7,0.4878048780487818,0.01676828410516257,3.359246249118345,base,adaptive disabled,1.0,86.5,90,80,90,80,NEW_YORK,bullish,bullish,FVG,BOS bullish | Vol 3.7x | FVG | LiqSweep | MACD_Div | ChoCH | Session:NEW_YORK | StrongTrend1h | Zone:FVG | MTF 18,BOS+2 | BodyStrong+1 | 1h+2 | 4h+2 | Vol+2 | RSI+1 | BTC+2 | FVG+1 | LiqSweep+1 | MACD_Div+1 | ChoCH+1 | Zone:FVG+1 | Sess:NEW_YORK | Strong1h+1,0,1,-1.0,bear,0.2204,3,4.5077,0.0526,3.7397,-1,0.0,0.0345,1.8456,0.0,0.0658,1.887,1.0,0.4655,1.171875,4618,29,1,2.504,0.417,1,1.97,2
AAVEUSDT,4701,4706,1678792500,1678797900,LONG,TP1,75.7,76.87757517,85.5131264,73.73737472,0.0,-0.02699955031660454,0.02699955031660454,16,1.54,51.77,0.18918918918918962,0.003750366432302784,0.6407160107194927,base,adaptive disabled,1.15,75.9,90,72,60,80,OVERLAP,bullish,bullish,OB,BOS bullish | Vol 1.5x | OB | LiqSweep | ChoCH | BullWick | Session:OVERLAP | StrongTrend1h | Zone:OB | MTF 16 | Risk x1.15,BOS+2 | 1h+2 | 4h+2 | Vol+1 | RSI+1 | BTC+2 | OB+1 | LiqSweep+1 | ChoCH+1 | BullWick+1 | Zone:OB+1 | Sess:OVERLAP | Strong1h+1 | QualityRisk:1.15,0,1,-1.0,bear,0.142,0,1.1047,-1.0,-1.0,-1,0.0,0.3923,1.7069,0.0,-0.0394,1.882,1.0,-0.0369,1.75,4701,27,1,0.066,2.452,1,0.817,1
ADAUSDT,4702,4706,1678793400,1678797900,LONG,TP1,0.34084,0.34399439,0.36712655,0.33558269,0.0,-0.034036608075232656,0.034036608075232656,16,1.9,47.53,0.19127516778522993,0.006282969510491068,1.4081654088044595,base,adaptive disabled,1.0,74.9,90,82,50,80,OVERLAP,bullish,bullish,FVG,BOS bullish | Vol 1.9x | FVG | LiqSweep | ChoCH | Discount | Session:OVERLAP | StrongTrend1h | Zone:FVG | MTF 16,BOS+2 | 1h+2 | 4h+2 | Vol+1 | RSI+1 | BTC+2 | FVG+1 | LiqSweep+1 | ChoCH+1 | Discount+1 | Zone:FVG+1 | Sess:OVERLAP | Strong1h+1,0,0,-1.0,range,0.4964,0,1.5105,9.0,1.9586,-1,0.0,0.2549,4.1212,0.0,-0.1977,1.835,1.0,-0.3077,1.3125,4702,5,4,0.31,0.332,1,1.035,0
ETHUSDT,4706,4706,1678797000,1678797900,LONG,TP1,1671.32,1695.62,1785.60520052,1648.4629599,0.0,-0.05118440510589132,0.05118440510589132,17,1.9,63.37,0.653676175170757,0.005370770222192362,1.3036316998392876,base,adaptive disabled,1.0,78.5,90,100,50,80,OVERLAP,bullish,bullish,FVG,BOS bullish | Vol 1.9x | FVG | LiqSweep | ChoCH | Engulfing | BullWick | Session:OVERLAP | StrongTrend1h | Zone:FVG | MTF 17,BOS+2 | 1h+2 | 4h+2 | Vol+1 | RSI+1 | BTC+2 | FVG+1 | LiqSweep+1 | ChoCH+1 | Engulfing+1 | BullWick+1 | Zone:FVG+1 | Sess:OVERLAP | Strong1h+1,0,1,-1.0,bear,0.5604,0,2.3059,0.3333,1.6416,-1,0.0,0.0669,2.2091,0.0,0.092,1.297,1.0,0.1963,1.75,4701,2,1,0.812,0.544,1,1.235,0
BTCUSDT,4758,4949,1678843800,1679016600,LONG,EXPIRED,24850.0,25371.85,29198.75,23980.25,0.1536102777378559,0.15059688488071304,0.0030133928571428577,14,1.45,54.48,0.2242926155969644,0.01066308472413671,1.159063697065081,base,adaptive disabled,1.15,75.7,90,86,50,80,OFF_HOURS,bullish,bullish,FVG,BOS bullish | Vol 1.4x | FVG | ChoCH | StrongTrend1h | Zone:FVG | MTF 14 | Risk x1.15,BOS+2 | 1h+2 | 4h+2 | Vol+1 | RSI+1 | BTC+2 | FVG+1 | ChoCH+1 | Zone:FVG+1 | Sess:OFF_HOURS | Strong1h+1 | QualityRisk:1.15,0,0,-1.0,range,0.2125,4,3.0174,0.0526,1.4335,-1,0.0,1.1498,1.1498,0.0,0.1333,1.542,1.0,0.0597,0.263671875,4758,0,1,0.606,6.05,0,0.942,3
AAVEUSDT,4759,4797,1678844700,1678879800,LONG,SL,79.84,81.51664,93.812,77.0456,-0.9876896650443727,-0.9962610936158012,0.008571428571428542,15,1.31,61.66,0.4210526315789451,0.005994230003461648,0.6258449352306407,base,adaptive disabled,1.15,76.5,90,90,50,80,OFF_HOURS,bullish,bullish,FVG,BOS bullish | Vol 1.3x | FVG | ChoCH | BullWick | StrongTrend1h | Zone:FVG | MTF 15 | Risk x1.15,BOS+2 | 1h+2 | 4h+2 | Vol+1 | RSI+1 | BTC+2 | FVG+1 | ChoCH+1 | BullWick+1 | Zone:FVG+1 | Sess:OFF_HOURS | Strong1h+1 | QualityRisk:1.15,0,0,-1.0,range,0.1719,5,2.9074,0.0526,1.3623,-1,0.0,1.3348,0.4354,0.0,0.13,1.955,1.0,0.0276,0.75,4759,1,2,0.829,1.832,1,0.669,4
NEARUSDT,4759,4796,1678844700,1678878900,LONG,SL,2.141,2.185961,2.515675,2.066065,-0.9708413958764264,-0.9794128244478548,0.008571428571428574,20,1.68,60.19,0.3877551020408195,0.007789574139577526,0.7771027534854261,base,adaptive disabled,1.15,85.5,90,90,80,80,OFF_HOURS,bullish,bullish,OB,BOS bullish | Vol 1.7x | FVG | OB | LiqSweep | ChoCH | StrongTrend1h | Zone:OB | 💎PREMIUM | MTF 20 | Risk x1.15,BOS+2 | BodyStrong+1 | 1h+2 | 4h+2 | Vol+1 | RSI+1 | BTC+2 | FVG+1 | OB+1 | LiqSweep+1 | ChoCH+1 | Zone:OB+1 | Sess:OFF_HOURS | Strong1h+1 | 💎Premium+3 | QualityRisk:1.15,1,0,-1.0,range,0.1569,5,3.3834,0.0526,1.7307,-1,0.0,1.3478,0.2447,0.0,0.1345,1.702,-1.0,-0.0515,0.75,4759,26,2,0.893,3.007,0,0.987,4
XRPUSDT,4854,4871,1678930200,1678946400,SHORT,SL,0.35901,0.35569358,0.33137317,0.36453737,-0.7557843965574931,-0.7752697937717197,0.019485397214226548,16,1.32,39.79,0.3487544483985787,0.006321472031264747,1.0327380200813148,base,adaptive disabled,1.25,87.5,90,100,80,80,OFF_HOURS,bearish,bearish,OB,BOS bearish | Vol 1.3x | FVG | OB | ChoCH | StrongTrend1h | Zone:OB | MTF 16 | Risk x1.25,BOS+2 | BodyStrong+1 | 1h+2 | 4h+2 | Vol+1 | RSI+1 | BTC+2 | FVG+1 | OB+1 | ChoCH+1 | Zone:OB+1 | Sess:OFF_HOURS | Strong1h+1 | QualityRisk:1.15 | TrendPairRisk:1.25,0,0,-1.0,bear,0.4429,0,2.3209,0.1765,1.5227,-1,0.0,1.0511,0.3649,0.0,-0.0534,1.159,-1.0,0.0207,0.75,4853,4,1,0.167,0.449,1,1.346,0
XRPUSDT,4902,4951,1678973400,1679018400,SHORT,SL,0.36067,0.35694171,0.32960088,0.36688382,-1.0524926695655734,-1.0757099497571463,0.02321728019157284,17,1.44,37.92,0.5098039215686283,0.0057111581003575105,1.448175187038654,base,adaptive disabled,1.15,78.5,90,100,50,80,NEW_YORK,bearish,bearish,FVG,BOS bearish | Vol 1.4x | FVG | ChoCH | Engulfing | Session:NEW_YORK | StrongTrend1h | Zone:FVG | MTF 17 | Risk x1.15,BOS+2 | 1h+2 | 4h+2 | Vol+1 | RSI+1 | BTC+2 | FVG+1 | ChoCH+1 | Engulfing+1 | Zone:FVG+1 | Sess:NEW_YORK | Strong1h+1 | NestedOB_1h+2 | TrendPairRisk:1.15,0,0,-1.0,range,0.3873,1,2.9454,0.0526,1.4625,-1,0.0,1.1555,0.4023,0.0,-0.0486,0.879,1.0,-0.0096,1.0,4902,2,3,0.394,1.625,1,1.643,0
BTCUSDT,4955,4971,1679021100,1679036400,LONG,TRAIL,25565.1,26101.9671,30038.9925,24670.3215,0.12619601439769726,0.12393596975484011,0.0022600446428571418,16,2.1,65.25,0.47070249271608594,0.010668302116926162,2.3702017719382416,base,adaptive disabled,1.0,88.5,90,90,90,80,OFF_HOURS,bullish,bullish,FVG,BOS bullish | Vol 2.1x | FVG | ChoCH | StrongTrend1h | Zone:FVG | MTF 16,BOS+2 | BodyStrong+1 | 1h+2 | 4h+2 | Vol+2 | RSI+1 | BTC+2 | FVG+1 | ChoCH+1 | Zone:FVG+1 | Sess:OFF_HOURS | Strong1h+1,0,0,-1.0,range,0.3117,0,5.1334,0.1765,2.596,-1,0.0,0.0884,1.2226,0.0,0.1992,1.21,1.0,0.459,0.19775390625,4955,2,5,2.671,5.24,0,1.739,6
ADAUSDT,5046,5132,1679103000,1679181300,LONG,SL,0.35178,0.35916738,0.4133415,0.3394677,-0.5191877244325795,-0.5248378360397223,0.005650111607142858,15,3.51,71.5,0.3842105263157918,0.0116604155406302,1.5934657465867759,base,adaptive disabled,1.0,84.5,90,100,70,80,OFF_HOURS,bullish,bullish,FVG,BOS bullish | Vol 3.5x | FVG | ChoCH | Engulfing | StrongTrend1h | Zone:FVG | MTF 15,BOS+2 | 1h+2 | 4h+2 | Vol+2 | BTC+2 | FVG+1 | ChoCH+1 | Engulfing+1 | Zone:FVG+1 | Sess:OFF_HOURS | Strong1h+1,0,0,-1.0,bull,0.2753,0,4.3056,0.0526,2.3067,-1,0.0,1.3523,0.6376,1.003,0.189,2.434,1.0,0.3173,0.494384765625,5045,0,1,1.029,4.743,0,1.751,3
DOTUSDT,5046,5102,1679103000,1679154300,LONG,SL,6.651,6.790671,7.814925,6.418215,-0.4331384109800891,-0.4379598395515176,0.0048214285714285755,14,1.95,71.18,0.4749999999999987,0.010075384743762461,1.272856939315076,base,adaptive disabled,1.0,78.5,90,100,50,80,OFF_HOURS,bullish,bullish,FVG,BOS bullish | Vol 1.9x | FVG | ChoCH | Engulfing | StrongTrend1h | Zone:FVG | MTF 14,BOS+2 | 1h+2 | 4h+2 | Vol+1 | BTC+2 | FVG+1 | ChoCH+1 | Engulfing+1 | Zone:FVG+1 | Sess:OFF_HOURS | Strong1h+1,0,0,-1.0,bull,0.1612,0,2.9762,0.1111,1.3842,-1,0.0,1.1083,0.2649,1.369,0.0929,2.161,1.0,0.3762,0.421875,5045,0,1,0.819,-1.0,0,0.652,3
LINKUSDT,5046,5102,1679103000,1679154300,LONG,SL,7.235,7.386935,8.501125,6.981775,-0.9625826833843427,-0.9732969690986284,0.010714285714285695,14,1.52,62.79,0.2164383561643822,0.009597185138915403,1.2462630416277227,base,adaptive disabled,1.0,75.5,90,85,50,80,OFF_HOURS,bullish,bullish,FVG,BOS bullish | Vol 1.5x | FVG | ChoCH | StrongTrend1h | Zone:FVG | MTF 14,BOS+2 | 1h+2 | 4h+2 | Vol+1 | RSI+1 | BTC+2 | FVG+1 | ChoCH+1 | Zone:FVG+1 | Sess:OFF_HOURS | Strong1h+1,0,0,-1.0,bull,0.2482,0,3.5772,0.0526,1.473,-1,0.0,1.086,0.2896,0.79,0.0811,1.686,1.0,0.0001,0.9375,5046,1,1,0.084,-1.0,0,0.903,3
XRPUSDT,5161,5179,1679206500,1679223600,LONG,TRAIL,0.38225,0.38777853,0.42832109,0.37303578,0.6409929435155681,0.6154700734469405,0.02552287006862763,13,5.17,63.57,0.41065830721003077,0.013433757549502635,3.918179286312938,base,adaptive disabled,1.0,76.0,60,80,90,80,OFF_HOURS,neutral,bullish,FVG,BOS bullish | Vol 5.2x | FVG | ChoCH | Zone:FVG | MTF 13,BOS+2 | BodyStrong+1 | 1hN+1 | 4h+2 | Vol+2 | RSI+1 | BTCok+1 | FVG+1 | ChoCH+1 | Zone:FVG+1 | Sess:OFF_HOURS,0,0,-1.0,range,0.4784,0,5.5033,0.0526,5.0661,-1,0.0,0.751,1.9752,3.316,-0.014,1.706,1.0,0.3789,1.5380859375,5161,0,4,2.025,0.362,1,3.033,6
AVAXUSDT,5179,5194,1679222700,1679237100,LONG,TRAIL,17.45,17.7671769,20.09314087,16.92137183,0.7262311616878108,0.7067346481932689,0.01949651349454188,13,3.06,69.87,0.5652173913043447,0.00875736723887671,1.6784953874611024,base,adaptive disabled,1.15,80.0,60,100,90,80,LONDON,neutral,bullish,FVG,BOS bullish | Vol 3.1x | FVG | ChoCH | Session:LONDON | Zone:FVG | MTF 13 | Risk x1.15,BOS+2 | BodyStrong+1 | 1hN+1 | 4h+2 | Vol+2 | BTC+2 | FVG+1 | ChoCH+1 | Zone:FVG+1 | Sess:LONDON | RelStrengthRisk:1.15,0,0,-1.0,bull,0.2881,3,3.8664,0.0526,2.9855,-1,0.0,0.3405,1.072,0.0,0.2267,1.954,1.0,0.2581,1.4765625,5179,0,4,2.025,1.197,1,1.565,2
NEARUSDT,5180,5197,1679223600,1679239800,LONG,TRAIL,2.122,2.15073672,2.36147263,2.07410547,0.47956937879963524,0.4504937724621264,0.02907560633750883,14,1.99,47.22,0.12987012987013044,0.019369606676021795,3.0991370683125083,base,adaptive disabled,1.25,68.0,60,55,80,80,LONDON,neutral,bullish,OB,BOS bullish | Vol 2.0x | OB | ChoCH | Discount | Session:LONDON | Zone:OB | MTF 14 | Risk x1.25,BOS+2 | BodyStrong+1 | 1hN+1 | 4h+2 | Vol+1 | RSI+1 | BTC+2 | OB+1 | ChoCH+1 | Discount+1 | Zone:OB+1 | Sess:LONDON | QualityRisk:1.15 | RelStrengthRisk:1.25,0,0,-1.0,bull,0.73,1,3.733,0.25,8.4634,-1,0.0,0.4593,1.0092,0.0,-0.3031,1.124,1.0,-0.091,1.640625,5179,7,4,1.579,1.244,1,0.622,0
XLMUSDT,5187,5191,1679229900,1679234400,LONG,TRAIL,0.08715,0.08843131,0.09782758,0.08501448,0.7679628380909573,0.7353150520716272,0.03264778601933016,16,2.35,62.79,0.48333333333332834,0.005362563245304259,1.443199835068306,base,adaptive disabled,1.0,74.0,60,100,70,80,OVERLAP,neutral,bullish,FVG,BOS bullish | Vol 2.4x | FVG | LiqSweep | ChoCH | Session:OVERLAP | Zone:FVG | MTF 16,BOS+2 | 1hN+1 | 4h+2 | Vol+2 | RSI+1 | BTC+2 | FVG+1 | LiqSweep+1 | ChoCH+1 | Zone:FVG+1 | Sess:OVERLAP | NestedOB_1h+2,0,0,-1.0,range,0.2864,0,3.5486,0.1111,0.7062,-1,0.0,0.0843,1.0146,0.0,-0.0143,2.777,-1.0,-0.1003,2.0,5184,0,6,1.716,2.092,1,0.541,0
DOTUSDT,5197,5247,1679238900,1679284800,LONG,SL,6.503,6.61609199,7.44543327,6.31451335,-1.490158586828303,-1.5082716733519372,0.018113086523634456,13,3.25,66.69,0.5163398692810455,0.00650198578587715,1.5066029921221586,base,adaptive disabled,1.0,74.0,60,100,70,80,NEW_YORK,neutral,bullish,FVG,BOS bullish | Vol 3.2x | FVG | ChoCH | Session:NEW_YORK | Zone:FVG | MTF 13,BOS+2 | 1hN+1 | 4h+2 | Vol+2 | RSI+1 | BTC+2 | FVG+1 | ChoCH+1 | Zone:FVG+1 | Sess:NEW_YORK,0,0,-1.0,bull,0.317,4,3.8888,0.0526,3.1715,-1,0.0,1.2627,0.9019,1.646,0.236,1.625,1.0,0.5194,1.3125,5197,0,2,1.043,0.535,1,2.001,3
ADAUSDT,5204,5247,1679245200,1679284800,LONG,SL,0.34838,0.35432935,0.39795789,0.33846442,-0.8017685299296633,-0.8123089118336971,0.010540381904033818,15,1.67,66.61,0.3412042502951585,0.009528904251352775,1.6106637137020228,base,adaptive disabled,1.0,78.5,90,100,50,80,NEW_YORK,bullish,bullish,FVG,BOS bullish | Vol 1.7x | FVG | ChoCH | Engulfing | Session:NEW_YORK | StrongTrend1h | Zone:FVG | MTF 15,BOS+2 | 1h+2 | 4h+2 | Vol+1 | RSI+1 | BTC+2 | FVG+1 | ChoCH+1 | Engulfing+1 | Zone:FVG+1 | Sess:NEW_YORK | Strong1h+1,0,0,-1.0,bull,0.3087,0,2.6687,0.0526,1.6679,-1,0.0,1.2153,0.7463,1.0,-0.0565,1.368,1.0,0.0206,0.75,5204,0,1,0.14,0.97,1,1.222,2
LINKUSDT,5204,5247,1679245200,1679284800,LONG,SL,7.195,7.3133615,8.18134583,6.99773083,-0.7413728156305416,-0.7516308491083526,0.010258033477811044,14,1.57,68.47,0.531249999999999,0.008970472106596414,1.6685078118505283,base,adaptive disabled,1.0,78.5,90,100,50,80,NEW_YORK,bullish,bullish,FVG,BOS bullish | Vol 1.6x | FVG | ChoCH | Engulfing | Session:NEW_YORK | StrongTrend1h | Zone:FVG | MTF 14,BOS+2 | 1h+2 | 4h+2 | Vol+1 | BTC+2 | FVG+1 | ChoCH+1 | Engulfing+1 | Zone:FVG+1 | Sess:NEW_YORK | Strong1h+1,0,0,-1.0,bull,0.2925,0,2.7714,0.0526,1.582,-1,0.0,1.1811,0.7773,6.8,-0.0489,1.201,1.0,0.2926,0.703125,5204,0,1,0.381,0.931,1,1.312,2
XLMUSDT,5265,5278,1679300100,1679312700,LONG,TRAIL,0.08805,0.0892342,0.09791836,0.08607633,0.6282711902192327,0.6104262617357477,0.017844928483485113,18,1.65,54.62,0.2577319587628872,0.005290682650144162,0.9775638432715541,base,adaptive disabled,1.15,76.5,90,90,50,80,LONDON,bullish,bullish,FVG,BOS bullish | Vol 1.6x | FVG | LiqSweep | ChoCH | Engulfing | Session:LONDON | StrongTrend1h | Zone:FVG | MTF 18 | Risk x1.15,BOS+2 | 1h+2 | 4h+2 | Vol+1 | RSI+1 | BTC+2 | FVG+1 | LiqSweep+1 | ChoCH+1 | Engulfing+1 | Zone:FVG+1 | Sess:LONDON | Strong1h+1 | NestedOB_1h+2 | QualityRisk:1.15,0,1,-1.0,bear,0.3493,0,3.6388,-1.0,-1.0,-1,0.0,0.1165,1.14,0.0,0.0828,1.771,1.0,-0.2321,1.0,5265,1,4,0.786,1.178,1,0.93,2
BTCUSDT,5270,5461,1679304600,1679477400,LONG,EXPIRED,28090.2,28680.0942,33005.985,27107.043,0.003776100866900908,-0.001045327704527668,0.0048214285714285755,16,2.18,66.46,0.6487780297304123,0.009691169429785682,1.5901980249637673,base,adaptive disabled,1.0,84.5,90,100,70,80,LONDON,bullish,bullish,FVG,BOS bullish | Vol 2.2x | FVG | ChoCH | Engulfing | Session:LONDON | StrongTrend1h | Zone:FVG | MTF 16,BOS+2 | 1h+2 | 4h+2 | Vol+2 | RSI+1 | BTC+2 | FVG+1 | ChoCH+1 | Engulfing+1 | Zone:FVG+1 | Sess:LONDON | Strong1h+1,0,0,-1.0,bull,0.3522,0,2.3791,0.1111,1.4854,-1,0.0,0.8037,0.6269,9.853,-0.0669,1.472,1.0,0.0911,0.421875,5269,5,1,0.346,0.797,1,0.653,0
SOLUSDT,5286,5303,1679319000,1679335200,LONG,SL,23.365,23.81269088,27.09575732,22.61884854,-1.0968785077496164,-1.1086212643743907,0.011742756624774277,17,1.34,58.77,0.3767752715121132,0.016539983956046767,1.1002378532172974,base,adaptive disabled,1.25,87.5,90,100,80,80,NEW_YORK,bullish,bullish,OB,BOS bullish | Vol 1.3x | FVG | OB | ChoCH | BullWick | Session:NEW_YORK | StrongTrend1h | Zone:OB | MTF 17 | Risk x1.25,BOS+2 | BodyStrong+1 | 1h+2 | 4h+2 | Vol+1 | RSI+1 | BTC+2 | FVG+1 | OB+1 | ChoCH+1 | BullWick+1 | Zone:OB+1 | Sess:NEW_YORK | Strong1h+1 | QualityRisk:1.15 | RelStrengthRisk:1.25,0,0,-1.0,range,0.5495,0,2.7271,0.1111,2.1868,-1,0.0,1.2169,0.7014,0.0,0.1086,1.169,1.0,0.0936,0.9375,5286,19,2,0.477,-1.0,0,1.144,2
XRPUSDT,5361,5364,1679386500,1679390100,LONG,TRAIL,0.38404,0.38948083,0.42938025,0.37497195,0.3287641775243812,0.2970010090372202,0.031763168487160987,15,2.48,58.36,0.17291066282420614,0.009981864631917171,1.7856290524402103,base,adaptive disabled,1.25,77.0,80,80,70,80,LONDON,bullish,bullish,FVG,BOS bullish | Vol 2.5x | FVG | LiqSweep | ChoCH | BullWick | Session:LONDON | Zone:FVG | MTF 15 | Risk x1.25,BOS+2 | 1h+2 | 4h+2 | Vol+2 | RSI+1 | BTCok+1 | FVG+1 | LiqSweep+1 | ChoCH+1 | BullWick+1 | Zone:FVG+1 | Sess:LONDON | QualityRisk:1.15 | RelStrengthRisk:1.25,0,0,-1.0,range,0.3534,0,3.4122,0.0526,2.424,-1,0.0,0.0926,1.0182,4.557,0.1131,2.057,-1.0,-0.0064,1.875,5361,0,1,0.276,0.576,1,1.206,3
XLMUSDT,5412,5453,1679432400,1679470200,LONG,SL,0.0981,0.1001601,0.1152675,0.0946665,-0.5928489515072077,-0.5988757372214933,0.006026785714285704,13,1.83,71.61,0.6101265822784835,0.01885530397059727,2.265365536106282,base,adaptive disabled,1.0,82.5,90,90,70,80,DEAD_ZONE,bullish,bullish,FVG,BOS bullish | Vol 1.8x | FVG | ChoCH | StrongTrend1h | Zone:FVG | MTF 13,BOS+2 | BodyStrong+1 | 1h+2 | 4h+2 | Vol+1 | BTCok+1 | FVG+1 | ChoCH+1 | Zone:FVG+1 | Sess:DEAD_ZONE | Strong1h+1,0,0,-1.0,range,0.2126,0,4.2023,0.1111,1.9112,-1,0.0,1.1417,0.2864,3.371,0.2645,1.225,1.0,0.4233,0.52734375,5412,0,5,2.913,-1.0,0,1.495,8
ADAUSDT,5449,5500,1679465700,1679512500,LONG,SL,0.38129,0.38929709,0.44801575,0.36794485,-0.791015625,-0.7970424107142857,0.0060267857142857015,16,2.1,64.1,0.5108038029386344,0.01095038925899284,1.15476556457092,base,adaptive disabled,1.25,93.5,90,100,100,80,OFF_HOURS,bullish,bullish,OB,BOS bullish | Vol 2.1x | OB | ChoCH | BullWick | StrongTrend1h | Zone:OB | MTF 16 | Risk x1.25,BOS+2 | BodyStrong+1 | 1h+2 | 4h+2 | Vol+2 | RSI+1 | BTCok+1 | OB+1 | ChoCH+1 | BullWick+1 | Zone:OB+1 | Sess:OFF_HOURS | Strong1h+1 | QualityRisk:1.15 | RelStrengthRisk:1.25,0,0,-1.0,bull,0.2786,0,2.5461,0.1111,3.2925,-1,0.0,1.7797,0.4371,0.0,0.1537,1.739,1.0,0.2501,0.52734375,5449,5,6,1.235,1.297,1,1.205,4
LINKUSDT,5454,5474,1679470200,1679489100,LONG,TRAIL,7.489,7.58340541,8.27571177,7.33165765,1.2075579143186863,1.183759490054653,0.023798424264033245,15,1.57,62.39,0.3333333333333333,0.008009617886310778,1.1364415531923526,base,adaptive disabled,1.25,87.5,90,100,80,80,LONDON,bullish,bullish,OB,BOS bullish | Vol 1.6x | OB | ChoCH | Session:LONDON | StrongTrend1h | Zone:OB | MTF 15 | Risk x1.25,BOS+2 | BodyStrong+1 | 1h+2 | 4h+2 | Vol+1 | RSI+1 | BTC+2 | OB+1 | ChoCH+1 | Zone:OB+1 | Sess:LONDON | Strong1h+1 | QualityRisk:1.15 | RelStrengthRisk:1.25,0,0,-1.0,bull,0.4468,1,2.5219,0.1111,1.1912,-1,0.0,0.6546,1.9808,2.486,0.0065,1.33,1.0,0.3911,1.25,5453,4,1,0.344,-1.0,0,0.936,0
AVAXUSDT,5471,5480,1679485500,1679494500,LONG,TP1,17.39,17.54230023,18.65916854,17.13616629,0.0,-0.04795659331457552,0.04795659331457552,15,1.98,51.96,0.2765957446808475,0.004577987655211933,0.884568948051038,base,adaptive disabled,1.25,83.1,90,93,70,80,OVERLAP,bullish,bullish,FVG,BOS bullish | Vol 2.0x | FVG | ChoCH | Session:OVERLAP | StrongTrend1h | Zone:FVG | MTF 15 | Risk x1.25,BOS+2 | BodyStrong+1 | 1h+2 | 4h+2 | Vol+1 | RSI+1 | BTC+2 | FVG+1 | ChoCH+1 | Zone:FVG+1 | Sess:OVERLAP | Strong1h+1 | QualityRisk:1.15 | RelStrengthRisk:1.25,0,1,-1.0,bear,0.5,0,1.7051,0.1111,1.3672,-1,0.0,0.3152,1.4445,0.0,-0.2091,2.059,1.0,-0.2324,1.75,5471,5,5,0.0,0.959,1,0.959,0
BTCUSDT,5479,5483,1679492700,1679497200,LONG,TRAIL,28260.0,28474.36137193,30046.34476608,27902.73104678,0.14445524732797052,0.13555648920374502,0.008898758124225498,15,2.62,65.78,0.4733265375467197,0.004474231300155036,1.8431350901319017,base,adaptive disabled,1.0,82.5,90,90,70,80,NEW_YORK,bullish,bullish,FVG,BOS bullish | Vol 2.6x | FVG | ChoCH | Session:NEW_YORK | StrongTrend1h | Zone:FVG | MTF 15,BOS+2 | 1h+2 | 4h+2 | Vol+2 | RSI+1 | BTC+2 | FVG+1 | ChoCH+1 | Zone:FVG+1 | Sess:NEW_YORK | Strong1h+1,0,0,-1.0,range,0.3319,0,2.8438,0.0526,2.585,-1,0.0,0.087,2.3013,10.0,-0.0477,1.6,1.0,0.3094,0.28125,5479,0,3,1.008,0.01,1,1.634,6
ETHUSDT,5487,5496,1679499900,1679508900,LONG,SL,1798.5,1826.55,1833.99,1775.22756228,-1.1249999999999964,-1.1481840775122683,0.023184077512271917,15,1.36,70.71,0.5715645826721591,0.00827299441129067,2.6769003765755945,base,adaptive disabled,1.0,76.5,90,90,50,80,NEW_YORK,bullish,bullish,FVG,BOS bullish | Vol 1.4x | FVG | ChoCH | Session:NEW_YORK | StrongTrend1h | Zone:FVG | MTF 15,BOS+2 | 1h+2 | 4h+2 | Vol+1 | BTC+2 | FVG+1 | ChoCH+1 | Zone:FVG+1 | Sess:NEW_YORK | Strong1h+1 | NestedOB_1h+2,0,0,-1.0,bull,0.5847,0,2.8865,0.1111,1.1399,-1,0.0,1.7179,0.4806,3.559,-0.1214,1.482,1.0,0.1218,0.75,5486,7,1,0.963,2.775,1,1.175,2
SOLUSDT,5487,5498,1679499900,1679510700,LONG,SL,22.716,23.09083734,25.83964451,22.0912711,-0.791015625,-0.7986856019291928,0.007669976929192797,13,1.56,70.97,0.5868005738880879,0.012399114209195478,2.1791443222757896,base,adaptive disabled,1.15,76.5,90,90,50,80,NEW_YORK,bullish,bullish,FVG,BOS bullish | Vol 1.6x | FVG | ChoCH | Session:NEW_YORK | StrongTrend1h | Zone:FVG | MTF 13 | Risk x1.15,BOS+2 | 1h+2 | 4h+2 | Vol+1 | BTC+2 | FVG+1 | ChoCH+1 | Zone:FVG+1 | Sess:NEW_YORK | Strong1h+1 | QualityRisk:1.15,0,1,-1.0,bear,0.4987,0,3.7091,0.1111,1.2785,-1,0.0,1.5815,0.7577,3.122,-0.0996,1.041,1.0,0.4101,0.52734375,5486,1,2,1.348,0.643,1,1.263,0
DOTUSDT,5530,5550,1679538600,1679557500,SHORT,SL,6.046,5.908,5.56113888,6.14297222,-0.6322687054086236,-0.6462969497862402,0.014028244377616657,18,2.81,35.86,0.42647058823529527,0.004432606373188009,0.6764589774995361,base,adaptive disabled,1.15,88.5,90,90,90,80,OFF_HOURS,bearish,bearish,FVG,BOS bearish | Vol 2.8x | FVG | LiqSweep | ChoCH | BearWick | StrongTrend1h | Zone:FVG | MTF 18 | Risk x1.15,BOS+2 | BodyStrong+1 | 1h+2 | 4h+2 | Vol+2 | RSI+1 | BTC+2 | FVG+1 | LiqSweep+1 | ChoCH+1 | BearWick+1 | Zone:FVG+1 | Sess:OFF_HOURS | Strong1h+1 | TrendPairRisk:1.15,0,1,-1.0,bull,0.4957,0,1.8475,4.0,1.2976,-1,0.0,1.1859,0.1014,0.0,-0.2008,3.775,1.0,-0.3293,0.5625,5528,2,1,0.77,2.309,1,0.308,0
BTCUSDT,5574,5579,1679578200,1679583600,SHORT,SL,27437.3,27237.65788077,25773.61567312,27770.03686538,-0.6328125,-0.6467275327382939,0.013915032738293915,14,4.19,32.89,0.5205247566652577,0.0042243133962600555,1.5010668621780996,base,adaptive disabled,1.0,75.8,65,100,70,80,NEW_YORK,bearish,neutral,FVG,BOS bearish | Vol 4.2x | FVG | ChoCH | Session:NEW_YORK | StrongTrend1h | Zone:FVG | MTF 14,BOS+2 | 1h+2 | 4hN+1 | Vol+2 | RSI+1 | BTC+2 | FVG+1 | ChoCH+1 | Zone:FVG+1 | Sess:NEW_YORK | Strong1h+1,0,0,-1.0,bear,0.3957,5,3.7374,0.0526,4.2682,-1,0.0,2.1714,0.7809,10.0,-0.0959,2.672,1.0,-0.4431,0.421875,5574,0,1,0.788,0.64,1,1.568,4
LINKUSDT,5576,5580,1679580000,1679584500,LONG,TRAIL,7.366,7.42973188,7.89709904,7.25978019,1.7063672021254876,1.671693820578298,0.034673381547189804,13,1.39,60.97,0.254437869822484,0.008547189668648739,1.8454388046589363,base,adaptive disabled,1.15,74.5,90,80,50,80,NEW_YORK,bullish,bullish,FVG,BOS bullish | Vol 1.4x | FVG | ChoCH | Session:NEW_YORK | StrongTrend1h | Zone:FVG | MTF 13 | Risk x1.15,BOS+2 | 1h+2 | 4h+2 | Vol+1 | RSI+1 | BTCok+1 | FVG+1 | ChoCH+1 | Zone:FVG+1 | Sess:NEW_YORK | Strong1h+1 | RelStrengthRisk:1.15,0,0,-1.0,range,0.56,0,2.9339,19.0,1.1086,-1,0.0,0.2542,3.3578,0.0,-0.2589,0.966,1.0,-0.1064,1.25,5576,0,1,0.273,1.691,0,1.442,1
DOTUSDT,5579,5579,1679582700,1679583600,SHORT,SL,6.145,6.09747224,5.74893537,6.22421293,-0.9413413473027705,-0.9642504268242575,0.022909079521487033,14,2.98,38.79,0.47297297297297275,0.004891034880108311,1.2795372553957047,base,adaptive disabled,1.0,80.0,60,100,90,80,NEW_YORK,neutral,bearish,FVG,BOS bearish | Vol 3.0x | FVG | ChoCH | Session:NEW_YORK | Zone:FVG | MTF 14,BOS+2 | BodyStrong+1 | 1hN+1 | 4h+2 | Vol+2 | RSI+1 | BTC+2 | FVG+1 | ChoCH+1 | Zone:FVG+1 | Sess:NEW_YORK,0,0,-1.0,range,0.4757,0,1.9434,0.25,0.9365,-1,0.0,1.3129,0.3156,10.0,-0.191,1.83,1.0,-0.119,0.73828125,5574,0,1,1.349,2.737,0,0.952,1
SOLUSDT,5579,5579,1679582700,1679583600,SHORT,SL,21.605,21.252,20.08710412,21.90857918,-1.225998106984803,-1.2526859549459182,0.026687847961115133,17,2.23,38.59,0.3225806451612935,0.006647623990379862,1.3910153199933888,base,adaptive disabled,1.25,84.1,90,98,70,80,NEW_YORK,bearish,bearish,FVG,BOS bearish | Vol 2.2x | FVG | LiqSweep | ChoCH | BearWick | Session:NEW_YORK | StrongTrend1h | Zone:FVG | MTF 17 | Risk x1.25,BOS+2 | 1h+2 | 4h+2 | Vol+2 | RSI+1 | BTC+2 | FVG+1 | LiqSweep+1 | ChoCH+1 | BearWick+1 | Zone:FVG+1 | Sess:NEW_YORK | Strong1h+1 | QualityRisk:1.15 | TrendPairRisk:1.25,0,0,-1.0,range,0.5448,2,2.089,0.1765,1.0949,-1,0.0,1.479,0.4419,1.892,-0.1669,1.658,1.0,-0.0598,0.9375,5575,1,1,0.769,1.094,1,0.832,1
ADAUSDT,5584,5633,1679587200,1679632200,LONG,SL,0.37875,0.38670375,0.44503125,0.36549375,-0.5318688118811891,-0.5378955975954748,0.006026785714285728,15,3.07,70.53,0.5085536547433961,0.01832379269306449,3.246103504526791,base,adaptive disabled,1.0,80.5,90,80,70,80,NEW_YORK,bullish,bullish,FVG,BOS bullish | Vol 3.1x | FVG | LiqSweep | ChoCH | Session:NEW_YORK | StrongTrend1h | Zone:FVG | MTF 15,BOS+2 | 1h+2 | 4h+2 | Vol+2 | BTC+2 | FVG+1 | LiqSweep+1 | ChoCH+1 | Zone:FVG+1 | Sess:NEW_YORK | Strong1h+1,0,1,-1.0,bear,0.3393,0,5.4686,0.1765,1.556,-1,0.0,1.0584,0.2841,0.0,0.1037,1.451,1.0,0.1261,0.52734375,5582,0,2,2.212,1.684,1,0.669,1
AVAXUSDT,5619,5650,1679618700,1679647500,LONG,SL,17.54,17.70502982,18.9152485,17.2649503,-0.790766177894392,-0.8098972658395889,0.019131087945196794,16,3.71,58.81,0.3749999999999917,0.004931572168593901,1.0627538023381256,base,adaptive disabled,1.15,84.5,90,100,70,80,OFF_HOURS,bullish,bullish,FVG,BOS bullish | Vol 3.7x | FVG | ChoCH | BullWick | StrongTrend1h | Zone:FVG | MTF 16 | Risk x1.15,BOS+2 | 1h+2 | 4h+2 | Vol+2 | RSI+1 | BTC+2 | FVG+1 | ChoCH+1 | BullWick+1 | Zone:FVG+1 | Sess:OFF_HOURS | Strong1h+1 | QualityRisk:1.15,0,0,-1.0,bull,0.4583,0,1.5285,0.0526,3.7062,-1,0.0,1.1998,0.2424,1.0,0.0614,2.633,1.0,0.3359,0.75,5619,5,1,0.235,1.058,1,1.411,2
LINKUSDT,5619,5651,1679618700,1679648400,LONG,SL,7.598,7.73388645,8.73038711,7.37152258,-1.039010864747573,-1.0515915891306045,0.0125807243830312,16,1.34,64.25,0.44827586206896974,0.003941422581516572,0.7227583658954543,base,adaptive disabled,1.0,82.5,90,90,70,80,DEAD_ZONE,bullish,bullish,FVG,BOS bullish | Vol 1.3x | FVG | ChoCH | BullWick | StrongTrend1h | Zone:FVG | MTF 16,BOS+2 | BodyStrong+1 | 1h+2 | 4h+2 | Vol+1 | RSI+1 | BTC+2 | FVG+1 | ChoCH+1 | BullWick+1 | Zone:FVG+1 | Sess:DEAD_ZONE | Strong1h+1,0,0,-1.0,bull,0.3065,0,1.5538,0.1111,1.378,-1,0.0,1.1878,0.1325,2.116,0.1636,1.46,-1.0,-0.0353,0.9375,5615,0,1,0.824,0.165,1,0.777,2
BTCUSDT,5644,5663,1679641200,1679659200,LONG,SL,28230.0,28707.0,28753.3,27891.24,-0.4218750000000015,-0.4312500000000015,0.009375000000000045,17,2.15,60.35,0.3749999999999955,0.002579504151267393,0.7622083997602044,base,adaptive disabled,1.0,88.5,90,90,90,80,OFF_HOURS,bullish,bullish,FVG,BOS bullish | Vol 2.1x | FVG | ChoCH | BullWick | StrongTrend1h | Zone:FVG | MTF 17,BOS+2 | BodyStrong+1 | 1h+2 | 4h+2 | Vol+2 | RSI+1 | BTC+2 | FVG+1 | ChoCH+1 | BullWick+1 | Zone:FVG+1 | Sess:OFF_HOURS | Strong1h+1,0,1,-1.0,bear,0.4762,0,1.3827,0.1765,1.1587,-1,0.0,2.8749,0.1918,0.0,0.1549,1.61,1.0,0.2309,0.28125,5642,3,3,0.893,1.26,1,0.457,0
XRPUSDT,5735,5771,1679723100,1679756400,LONG,TRAIL,0.44346,0.45277266,0.5210655,0.4279389,0.5140557652163817,0.508028979502096,0.006026785714285712,13,1.75,67.03,0.41911970843846574,0.017211241165208436,2.7103545991505578,base,adaptive disabled,1.0,79.0,80,90,70,80,OFF_HOURS,bullish,bullish,FVG,BOS bullish | Vol 1.8x | FVG | ChoCH | Zone:FVG | MTF 13,BOS+2 | BodyStrong+1 | 1h+2 | 4h+2 | Vol+1 | RSI+1 | BTCok+1 | FVG+1 | ChoCH+1 | Zone:FVG+1 | Sess:OFF_HOURS,0,0,-1.0,range,0.3069,0,5.3215,0.1111,2.8375,-1,0.0,0.3292,2.1229,8.081,0.2153,1.385,1.0,0.3172,0.52734375,5735,2,5,2.786,0.506,1,1.267,1
DOTUSDT,5736,5750,1679724000,1679737500,SHORT,TRAIL,6.022,5.97433708,5.62480897,6.10143821,0.2124292579100156,0.19963676799867447,0.012792489911341126,18,4.74,35.44,0.6153846153846206,0.00431750362987281,1.1345648669297115,base,adaptive disabled,1.25,90.5,90,100,90,80,OFF_HOURS,bearish,bearish,FVG,BOS bearish | Vol 4.7x | FVG | LiqSweep | MACD_Div | ChoCH | StrongTrend1h | Zone:FVG | MTF 18 | Risk x1.25,BOS+2 | BodyStrong+1 | 1h+2 | 4h+2 | Vol+2 | RSI+1 | BTC+2 | FVG+1 | LiqSweep+1 | MACD_Div+1 | ChoCH+1 | Zone:FVG+1 | Sess:OFF_HOURS | Strong1h+1 | QualityRisk:1.15 | TrendPairRisk:1.25,0,0,-1.0,range,0.3218,6,3.6207,0.0526,4.7097,-1,0.0,0.3525,1.0281,0.0,0.0664,3.461,1.0,-0.348,0.421875,5736,0,1,1.81,0.489,1,1.37,5
ETHUSDT,5738,5747,1679725800,1679734800,SHORT,TRAIL,1748.48,1735.890944,1643.5712,1769.46176,0.25593658491947713,0.23093658491947702,0.025000000000000126,17,3.94,36.12,0.5571428571428557,0.0030225455036178624,0.9619579602819168,base,adaptive disabled,1.25,90.5,90,100,90,80,OFF_HOURS,bearish,bearish,FVG,BOS bearish | Vol 3.9x | FVG | MACD_Div | ChoCH | StrongTrend1h | Zone:FVG | MTF 17 | Risk x1.25,BOS+2 | BodyStrong+1 | 1h+2 | 4h+2 | Vol+2 | RSI+1 | BTC+2 | FVG+1 | MACD_Div+1 | ChoCH+1 | Zone:FVG+1 | Sess:OFF_HOURS | Strong1h+1 | QualityRisk:1.15 | TrendPairRisk:1.25,0,0,-1.0,range,0.3064,0,2.5511,0.1111,1.4128,-1,0.0,0.2221,1.0271,0.0,-0.0133,3.111,1.0,-0.4221,0.75,5736,0,1,0.783,0.518,1,0.724,0
LINKUSDT,5738,5746,1679725800,1679733900,SHORT,TRAIL,7.184,7.12407017,6.68458474,7.28388305,0.9010537823985171,0.8605964675688237,0.04045731482969338,15,2.26,36.47,0.4152046783625761,0.005434560792397236,1.3041134381670278,base,adaptive disabled,1.0,81.8,65,100,90,80,OFF_HOURS,bearish,neutral,FVG,BOS bearish | Vol 2.3x | FVG | ChoCH | StrongTrend1h | Zone:FVG | MTF 15,BOS+2 | BodyStrong+1 | 1h+2 | 4hN+1 | Vol+2 | RSI+1 | BTC+2 | FVG+1 | ChoCH+1 | Zone:FVG+1 | Sess:OFF_HOURS | Strong1h+1,0,0,-1.0,range,0.4052,1,3.1733,0.0526,1.2504,-1,0.0,0.1101,1.5685,4.733,-0.1612,1.889,1.0,-0.2624,1.40625,5736,0,1,0.81,0.486,1,0.971,0
ADAUSDT,5783,5787,1679766300,1679770800,SHORT,TRAIL,0.3567,0.35303893,0.32619107,0.36280179,0.47014892351261084,0.4504192622164993,0.019729661296111485,15,1.69,37.05,0.23586206896552592,0.005622319769025687,1.4297439552795246,base,adaptive disabled,1.0,67.3,65,88,50,80,OFF_HOURS,bearish,neutral,FVG,BOS bearish | Vol 1.7x | FVG | LiqSweep | ChoCH | Engulfing | StrongTrend1h | Zone:FVG | MTF 15,BOS+2 | 1h+2 | 4hN+1 | Vol+1 | RSI+1 | BTC+2 | FVG+1 | LiqSweep+1 | ChoCH+1 | Engulfing+1 | Zone:FVG+1 | Sess:OFF_HOURS | Strong1h+1,0,1,-1.0,bull,0.4747,2,3.484,19.0,1.234,-1,0.0,0.0311,1.4886,5.897,0.0422,1.779,1.0,-0.1813,0.84375,5783,0,1,0.457,0.225,1,0.95,1
BTCUSDT,5794,5859,1679776200,1679835600,SHORT,SL,27360.0,27032.50095011,24630.84125089,27905.83174982,-0.28190348958400063,-0.2875425899130215,0.0056391003290208585,15,1.34,33.28,0.6228753541076402,0.005960046898367645,1.846754464082548,base,adaptive disabled,1.15,76.5,90,90,50,80,DEAD_ZONE,bearish,bearish,FVG,BOS bearish | Vol 1.3x | FVG | ChoCH | Engulfing | StrongTrend1h | Zone:FVG | MTF 15 | Risk x1.15,BOS+2 | 1h+2 | 4h+2 | Vol+1 | RSI+1 | BTC+2 | FVG+1 | ChoCH+1 | Engulfing+1 | Zone:FVG+1 | Sess:DEAD_ZONE | Strong1h+1 | TrendPairRisk:1.15,0,0,-1.0,bear,0.3227,0,2.7672,0.25,0.9138,-1,0.0,1.1359,0.1832,0.0,-0.0817,0.943,-1.0,0.0379,0.28125,5791,1,2,0.741,0.034,1,0.791,0
SOLUSDT,5794,5863,1679776200,1679839200,SHORT,SL,20.35,19.92265,16.78875,21.06225,-0.42702071998947067,-0.431540809275185,0.004520089285714303,13,1.53,30.67,0.6216216216216273,0.011366460884684093,2.1050480757440195,base,adaptive disabled,1.25,76.5,90,90,50,80,DEAD_ZONE,bearish,bearish,FVG,BOS bearish | Vol 1.5x | FVG | ChoCH | StrongTrend1h | Zone:FVG | MTF 13 | Risk x1.25,BOS+2 | 1h+2 | 4h+2 | Vol+1 | BTC+2 | FVG+1 | ChoCH+1 | Zone:FVG+1 | Sess:DEAD_ZONE | Strong1h+1 | QualityRisk:1.15 | TrendPairRisk:1.25,0,0,-1.0,bear,0.3075,0,2.7079,0.25,1.3043,-1,0.0,1.1092,0.3767,10.0,0.0154,1.287,1.0,-0.2129,0.3955078125,5791,1,3,2.12,-1.0,0,0.602,0
DOTUSDT,5795,5863,1679777100,1679839200,SHORT,SL,5.889,5.77621156,4.94909636,6.07698073,-0.4645589204808393,-0.4698454663411517,0.005286545860312396,15,1.3,37.42,0.38604651162791126,0.006876005857474942,1.7149904609805235,base,adaptive disabled,1.15,84.5,90,100,70,80,DEAD_ZONE,bearish,bearish,FVG,BOS bearish | Vol 1.3x | FVG | ChoCH | StrongTrend1h | Zone:FVG | MTF 15 | Risk x1.15,BOS+2 | BodyStrong+1 | 1h+2 | 4h+2 | Vol+1 | RSI+1 | BTC+2 | FVG+1 | ChoCH+1 | Zone:FVG+1 | Sess:DEAD_ZONE | Strong1h+1 | TrendPairRisk:1.15,0,0,-1.0,range,0.2877,0,2.7829,0.25,1.2753,-1,0.0,1.1065,0.266,3.609,-0.0447,1.432,1.0,-0.3807,0.421875,5794,4,6,2.095,-1.0,0,0.782,0
XRPUSDT,5834,5937,1679812200,1679905800,LONG,TRAIL,0.45559,0.46344925,0.52108373,0.44249125,0.2985614085313486,0.29269208416833686,0.005869324363011741,14,4.08,68.35,0.6002875629043904,0.010200574265776067,1.5418270696488583,base,adaptive disabled,1.15,84.5,90,100,70,80,OFF_HOURS,bullish,bullish,FVG,BOS bullish | Vol 4.1x | FVG | ChoCH | StrongTrend1h | Zone:FVG | MTF 14 | Risk x1.15,BOS+2 | 1h+2 | 4h+2 | Vol+2 | BTC+2 | FVG+1 | ChoCH+1 | Zone:FVG+1 | Sess:OFF_HOURS | Strong1h+1 | RelStrengthRisk:1.15,0,0,-1.0,bull,0.2954,4,4.386,0.0526,4.0362,-1,0.0,1.068,1.42,5.458,0.2901,2.753,1.0,0.4042,0.421875,5834,0,2,1.831,2.728,0,1.482,3
ADAUSDT,5916,5928,1679886000,1679897700,SHORT,TRAIL,0.35241,0.34851251,0.31993095,0.35890581,0.40526123762856575,0.39305456132491773,0.012206676303648063,16,1.56,37.82,0.4671814671814734,0.005211625925942963,1.2857877383548075,base,adaptive disabled,1.15,84.5,90,100,70,80,OFF_HOURS,bearish,bearish,FVG,BOS bearish | Vol 1.6x | FVG | MACD_Div | ChoCH | StrongTrend1h | Zone:FVG | MTF 16 | Risk x1.15,BOS+2 | BodyStrong+1 | 1h+2 | 4h+2 | Vol+1 | RSI+1 | BTC+2 | FVG+1 | MACD_Div+1 | ChoCH+1 | Zone:FVG+1 | Sess:OFF_HOURS | Strong1h+1 | TrendPairRisk:1.15,0,0,-1.0,range,0.4352,0,2.5101,0.25,1.4797,-1,0.0,0.1401,1.5959,0.0,0.0713,1.404,1.0,-0.16,0.5625,5915,4,3,0.256,0.164,1,0.583,0
XLMUSDT,5926,5951,1679895000,1679918400,LONG,TRAIL,0.09245,0.09363499,0.10232491,0.09047502,0.2691482951726086,0.26124900631905057,0.007899288853558006,14,1.55,70.68,0.7184466019417479,0.0047396642432675495,1.6095548701451114,base,adaptive disabled,1.15,78.5,90,100,50,80,OFF_HOURS,bullish,bullish,FVG,BOS bullish | Vol 1.6x | FVG | ChoCH | BullWick | StrongTrend1h | Zone:FVG | MTF 14 | Risk x1.15,BOS+2 | 1h+2 | 4h+2 | Vol+1 | BTC+2 | FVG+1 | ChoCH+1 | BullWick+1 | Zone:FVG+1 | Sess:OFF_HOURS | Strong1h+1 | RelStrengthRisk:1.15,0,0,-1.0,range,0.2788,0,3.4494,0.1111,1.3861,-1,0.0,0.3443,1.6287,0.0,0.1159,1.07,1.0,0.0725,0.421875,5925,1,5,2.783,0.435,1,1.217,0
DOTUSDT,5929,5958,1679897700,1679924700,SHORT,SL,5.961,5.89712618,5.42871815,6.06745637,-0.5349902969639099,-0.5444394144756192,0.00944911751170925,15,2.08,33.74,0.4476190476190468,0.005593340856153616,1.8697295517797796,base,adaptive disabled,1.15,82.5,90,90,70,80,OFF_HOURS,bearish,bearish,FVG,BOS bearish | Vol 2.1x | FVG | ChoCH | StrongTrend1h | Zone:FVG | MTF 15 | Risk x1.15,BOS+2 | 1h+2 | 4h+2 | Vol+2 | RSI+1 | BTC+2 | FVG+1 | ChoCH+1 | Zone:FVG+1 | Sess:OFF_HOURS | Strong1h+1 | TrendPairRisk:1.15,0,0,-1.0,range,0.314,0,3.0281,0.0526,2.1493,-1,0.0,1.2963,0.2661,3.133,0.0808,1.728,-1.0,0.0162,0.421875,5929,0,6,1.425,0.312,1,1.202,1
LINKUSDT,5929,5962,1679897700,1679928300,SHORT,TRAIL,7.145,7.06970943,6.51757854,7.27048429,1.8173340662803177,1.7799675859822661,0.0373664802980516,13,2.42,36.81,0.2586206896551694,0.005507618543664087,1.7917284507979183,base,adaptive disabled,1.0,72.2,60,91,70,80,OFF_HOURS,neutral,bearish,FVG,BOS bearish | Vol 2.4x | FVG | ChoCH | Zone:FVG | MTF 13,BOS+2 | 1hN+1 | 4h+2 | Vol+2 | RSI+1 | BTC+2 | FVG+1 | ChoCH+1 | Zone:FVG+1 | Sess:OFF_HOURS,0,1,-1.0,bull,0.3434,0,3.0215,0.1111,2.9029,-1,0.0,0.51,2.3907,0.789,0.1347,2.054,1.0,-0.0412,1.640625,5929,0,1,0.432,0.118,1,1.177,1
XLMUSDT,5955,5964,1679921100,1679930100,LONG,SL,0.09442,0.09613761,0.10873344,0.09155731,-1.107421875,-1.1171621564311016,0.009740281431101512,13,2.16,70.13,0.6728624535316082,0.007505486437218115,1.7668684885936952,base,adaptive disabled,1.15,84.5,90,100,70,80,OVERLAP,bullish,bullish,FVG,BOS bullish | Vol 2.2x | FVG | ChoCH | Session:OVERLAP | StrongTrend1h | Zone:FVG | MTF 13 | Risk x1.15,BOS+2 | 1h+2 | 4h+2 | Vol+2 | BTCok+1 | FVG+1 | ChoCH+1 | Zone:FVG+1 | Sess:OVERLAP | Strong1h+1 | RelStrengthRisk:1.15,0,0,-1.0,bull,0.2133,0,4.3964,0.1111,2.402,-1,0.0,1.7571,0.1747,4.31,0.1627,1.357,1.0,0.4079,0.73828125,5955,1,4,2.029,10.603,0,1.591,5
XRPUSDT,5956,5967,1679922000,1679932800,LONG,SL,0.47718,0.48720078,0.5606865,0.4604787,-1.429295548849491,-1.4433580488494908,0.014062500000000021,13,1.48,69.38,0.4576379974326054,0.01596777520113619,2.2183291284195574,base,adaptive disabled,1.15,76.5,90,90,50,80,OVERLAP,bullish,bullish,FVG,BOS bullish | Vol 1.5x | FVG | ChoCH | BullWick | Session:OVERLAP | StrongTrend1h | Zone:FVG | MTF 13 | Risk x1.15,BOS+2 | 1h+2 | 4h+2 | Vol+1 | BTCok+1 | FVG+1 | ChoCH+1 | BullWick+1 | Zone:FVG+1 | Sess:OVERLAP | Strong1h+1 | RelStrengthRisk:1.15,0,0,-1.0,range,0.4047,0,4.9593,0.1111,2.049,-1,0.0,1.4077,0.7804,2.157,0.1158,1.206,1.0,0.2938,1.23046875,5956,3,5,2.579,2.555,0,1.229,0
DOTUSDT,5966,6076,1679931000,1680030900,SHORT,SL,5.856,5.733024,4.8312,6.06096,-1.242715804303279,-1.256778304303279,0.014062500000000012,15,1.32,32.95,0.41906873614190654,0.020666028657851332,5.427078830238502,base,adaptive disabled,1.0,70.0,60,80,70,80,NEW_YORK,neutral,bearish,FVG,BOS bearish | Vol 1.3x | FVG | LiqSweep | ChoCH | Engulfing | Session:NEW_YORK | Zone:FVG | MTF 15,BOS+2 | BodyStrong+1 | 1hN+1 | 4h+2 | Vol+1 | RSI+1 | BTC+2 | FVG+1 | LiqSweep+1 | ChoCH+1 | Engulfing+1 | Zone:FVG+1 | Sess:NEW_YORK,0,1,-1.0,bull,0.3069,0,6.7934,0.1111,7.9733,-1,0.0,1.0246,0.5773,0.0,-0.1549,0.885,1.0,-0.3444,1.23046875,5966,0,4,2.929,0.449,1,1.492,2
BTCUSDT,6005,6079,1679966100,1680033600,SHORT,SL,26972.8,26501.0,25056.47887441,27356.06422512,-0.249648268032432,-0.2555862863780979,0.0059380183456659175,16,3.86,33.05,0.6287990557686738,0.004237202782470494,0.9716741890957701,base,adaptive disabled,1.25,90.5,90,100,90,80,OFF_HOURS,bearish,bearish,FVG,BOS bearish | Vol 3.9x | FVG | ChoCH | StrongTrend1h | Zone:FVG | MTF 16 | Risk x1.25,BOS+2 | BodyStrong+1 | 1h+2 | 4h+2 | Vol+2 | RSI+1 | BTC+2 | FVG+1 | ChoCH+1 | Zone:FVG+1 | Sess:OFF_HOURS | Strong1h+1 | QualityRisk:1.15 | TrendPairRisk:1.25,0,0,-1.0,range,0.3678,5,3.6013,0.0526,4.0751,-1,0.0,1.4408,0.7467,0.0,-0.0422,2.344,1.0,-0.2087,0.2109375,6005,0,2,1.669,0.269,1,1.649,4
LINKUSDT,6005,6040,1679966100,1679998500,SHORT,TRAIL,6.826,6.77173009,6.37375074,6.91644985,0.642621297879422,0.6143210851095835,0.028300212769838566,16,1.36,37.46,0.3076923076923068,0.006715582303224325,1.3145272674303208,base,adaptive disabled,1.15,77.7,90,96,50,80,OFF_HOURS,bearish,bearish,FVG,BOS bearish | Vol 1.4x | FVG | LiqSweep | ChoCH | BearWick | StrongTrend1h | Zone:FVG | MTF 16 | Risk x1.15,BOS+2 | 1h+2 | 4h+2 | Vol+1 | RSI+1 | BTC+2 | FVG+1 | LiqSweep+1 | ChoCH+1 | BearWick+1 | Zone:FVG+1 | Sess:OFF_HOURS | Strong1h+1 | TrendPairRisk:1.15,0,1,-1.0,bull,0.5088,0,3.3092,0.0526,2.0101,-1,0.0,1.0171,1.4004,0.0,-0.1416,0.993,1.0,-0.3048,0.9375,6004,2,2,0.29,0.464,1,1.538,1
XRPUSDT,6021,6047,1679980500,1680004800,LONG,TRAIL,0.4844,0.4945724,0.56917,0.467446,0.7273242118379126,0.7172795689807697,0.010044642857142844,15,3.89,67.8,0.36653386454183495,0.01511620673668613,1.849309515280108,base,adaptive disabled,1.0,88.5,90,90,90,80,OFF_HOURS,bullish,bullish,FVG,BOS bullish | Vol 3.9x | FVG | ChoCH | StrongTrend1h | Zone:FVG | MTF 15,BOS+2 | BodyStrong+1 | 1h+2 | 4h+2 | Vol+2 | RSI+1 | BTCok+1 | FVG+1 | ChoCH+1 | Zone:FVG+1 | Sess:OFF_HOURS | Strong1h+1,0,0,-1.0,range,0.3113,6,4.2154,0.0526,3.9392,-1,0.0,0.3657,1.509,0.0,0.1292,2.427,1.0,0.0013,0.87890625,6021,0,1,1.239,0.786,1,1.603,5
XLMUSDT,6025,6049,1679984100,1680006600,LONG,TRAIL,0.09323,0.09496985,0.10772875,0.09033025,0.3045521165617737,0.2973181308733523,0.0072339856884214345,17,2.06,64.87,0.7763578274760438,0.005612886827977093,1.078142012709933,base,adaptive disabled,1.25,84.5,90,100,70,80,OFF_HOURS,bullish,bullish,FVG,BOS bullish | Vol 2.1x | FVG | ChoCH | StrongTrend1h | Zone:FVG | MTF 17 | Risk x1.25,BOS+2 | 1h+2 | 4h+2 | Vol+2 | RSI+1 | BTC+2 | FVG+1 | ChoCH+1 | Zone:FVG+1 | Sess:OFF_HOURS | Strong1h+1 | NestedOB_1h+2 | QualityRisk:1.15 | RelStrengthRisk:1.25,0,1,-1.0,bear,0.1643,3,4.6628,0.0526,2.1232,-1,0.0,0.3207,1.1208,0.0,0.1657,2.503,1.0,0.3563,0.5625,6025,0,4,1.447,0.411,1,0.822,2
XRPUSDT,6052,6069,1680008400,1680024600,LONG,TRAIL,0.49455,0.50493555,0.58109625,0.47724075,0.7080300272975463,0.6892800272975462,0.018750000000000003,16,2.23,63.15,0.5125080179602292,0.017265913516897994,1.8400640076470993,base,adaptive disabled,1.15,88.5,90,90,90,80,OVERLAP,bullish,bullish,FVG,BOS bullish | Vol 2.2x | FVG | ChoCH | Session:OVERLAP | StrongTrend1h | Zone:FVG | MTF 16 | Risk x1.15,BOS+2 | BodyStrong+1 | 1h+2 | 4h+2 | Vol+2 | RSI+1 | BTC+2 | FVG+1 | ChoCH+1 | Zone:FVG+1 | Sess:OVERLAP | Strong1h+1 | RelStrengthRisk:1.15,0,0,-1.0,range,0.4251,0,2.8476,0.25,1.8913,-1,0.0,0.1346,1.4732,0.0,0.0907,1.438,1.0,0.1901,1.640625,6050,2,5,1.716,-1.0,0,0.844,1
AVAXUSDT,6074,6075,1680028200,1680030000,SHORT,SL,16.54,16.3,15.5476,16.73848,-1.52093409915357,-1.5646840991535702,0.04375000000000001,13,3.29,39.71,0.33333333333334125,0.005067336111969315,1.2009586585439618,base,adaptive disabled,1.0,74.0,60,100,70,80,OFF_HOURS,neutral,bearish,FVG,BOS bearish | Vol 3.3x | FVG | ChoCH | Zone:FVG | MTF 13,BOS+2 | 1hN+1 | 4h+2 | Vol+2 | RSI+1 | BTC+2 | FVG+1 | ChoCH+1 | Zone:FVG+1 | Sess:OFF_HOURS,0,0,-1.0,range,0.6452,0,2.3699,0.3333,1.628,-1,0.0,1.4107,0.2917,3.0,0.0677,2.08,1.0,-0.0999,1.3125,6070,4,3,0.79,0.922,1,0.922,1
XLMUSDT,6101,6105,1680052500,1680057000,LONG,TRAIL,0.099,0.10067338,0.11294485,0.09621103,0.2722779377332848,0.2677853517606856,0.004492585972599201,15,2.0,68.69,0.45772594752186613,0.00755511553454784,1.2976941187350046,base,adaptive disabled,1.15,90.5,90,100,90,80,OFF_HOURS,bullish,bullish,FVG,BOS bullish | Vol 2.0x | FVG | ChoCH | StrongTrend1h | Zone:FVG | MTF 15 | Risk x1.15,BOS+2 | BodyStrong+1 | 1h+2 | 4h+2 | Vol+2 | BTC+2 | FVG+1 | ChoCH+1 | Zone:FVG+1 | Sess:OFF_HOURS | Strong1h+1 | RelStrengthRisk:1.15,0,0,-1.0,bull,0.288,0,4.1768,0.0526,2.1487,-1,0.0,0.0179,1.6374,10.0,0.2384,1.324,1.0,0.374,0.31640625,6101,0,4,1.511,1.29,1,1.511,5
ETHUSDT,6124,6131,1680073200,1680080400,LONG,TRAIL,1803.5,1825.41357402,1986.11311686,1766.97737663,0.20791907314734592,0.1968084939348648,0.011110579212481137,14,1.32,71.75,0.5019762845849869,0.009564390519114403,2.9785217614694455,base,adaptive disabled,1.0,82.5,90,90,70,80,OFF_HOURS,bullish,bullish,FVG,BOS bullish | Vol 1.3x | FVG | ChoCH | StrongTrend1h | Zone:FVG | MTF 14,BOS+2 | BodyStrong+1 | 1h+2 | 4h+2 | Vol+1 | BTC+2 | FVG+1 | ChoCH+1 | Zone:FVG+1 | Sess:OFF_HOURS | Strong1h+1,0,0,-1.0,bull,0.3594,0,4.3993,0.1111,2.6325,-1,0.0,0.1095,1.1386,2.953,0.06,1.271,1.0,0.2703,0.5625,6124,1,2,0.863,1.881,1,1.042,0
DOTUSDT,6135,6262,1680083100,1680198300,LONG,SL,6.248,6.35929083,7.17542354,6.06251529,-0.44806590796621504,-0.45375020399255594,0.005684296026340935,14,1.38,68.68,0.3885350318471377,0.006175786548169029,1.6989027359152786,base,adaptive disabled,1.0,84.5,90,100,70,80,LONDON,bullish,bullish,FVG,BOS bullish | Vol 1.4x | FVG | ChoCH | Session:LONDON | StrongTrend1h | Zone:FVG | MTF 14,BOS+2 | BodyStrong+1 | 1h+2 | 4h+2 | Vol+1 | BTC+2 | FVG+1 | ChoCH+1 | Zone:FVG+1 | Sess:LONDON | Strong1h+1,0,0,-1.0,bull,0.2308,1,1.1585,0.3333,0.6552,-1,0.0,1.2023,0.4762,0.656,0.1625,1.188,1.0,0.2229,0.421875,6131,1,2,0.351,4.81,0,0.878,0
AAVEUSDT,6204,6253,1680145200,1680190200,LONG,SL,73.42,74.60242018,83.27350148,71.4492997,-0.6222407334083225,-0.6306232865545315,0.008382553146208973,16,2.05,61.63,0.23699421965317669,0.00994054580297209,2.3392348913800087,base,adaptive disabled,1.15,86.1,90,78,90,80,OFF_HOURS,bullish,bullish,FVG,BOS bullish | Vol 2.0x | FVG | ChoCH | StrongTrend1h | Zone:FVG | MTF 16 | Risk x1.15,BOS+2 | BodyStrong+1 | 1h+2 | 4h+2 | Vol+2 | RSI+1 | BTC+2 | FVG+1 | ChoCH+1 | Zone:FVG+1 | Sess:OFF_HOURS | Strong1h+1 | QualityRisk:1.15,0,0,-1.0,range,0.3852,0,4.079,0.1111,3.1745,-1,0.0,1.1265,0.4905,5.125,0.1207,1.928,1.0,0.1482,0.5625,6204,1,1,0.637,11.812,0,1.062,4
AVAXUSDT,6204,6346,1680145200,1680273900,LONG,TRAIL,17.39,17.66929035,19.71741962,16.92451608,0.24923659017050315,0.24135618234674847,0.007880407823754678,19,2.97,66.52,0.33333333333333676,0.009388541467741474,2.70859421345912,base,adaptive disabled,1.0,88.5,90,90,90,80,OFF_HOURS,bullish,bullish,FVG,BOS bullish | Vol 3.0x | FVG | LiqSweep | ChoCH | StrongTrend1h | Zone:FVG | MTF 19,BOS+2 | BodyStrong+1 | 1h+2 | 4h+2 | Vol+2 | RSI+1 | BTC+2 | FVG+1 | LiqSweep+1 | ChoCH+1 | Zone:FVG+1 | Sess:OFF_HOURS | Strong1h+1 | NestedOB_1h+2,0,1,-1.0,bear,0.3148,0,4.5034,0.1111,2.4405,-1,0.0,1.0742,1.3606,0.0,0.2302,1.666,1.0,0.0536,0.52734375,6203,0,1,1.78,3.666,0,1.361,3
XLMUSDT,6283,6293,1680216300,1680226200,LONG,TRAIL,0.10587,0.10809327,0.12439725,0.10216455,0.6638869772902052,0.6524584058616337,0.011428571428571432,14,2.79,59.95,0.3181818181818239,0.004978897060744946,0.7099638085779637,base,adaptive disabled,1.25,82.1,90,88,70,80,DEAD_ZONE,bullish,bullish,FVG,BOS bullish | Vol 2.8x | FVG | ChoCH | StrongTrend1h | Zone:FVG | MTF 14 | Risk x1.25,BOS+2 | 1h+2 | 4h+2 | Vol+2 | RSI+1 | BTCok+1 | FVG+1 | ChoCH+1 | Zone:FVG+1 | Sess:DEAD_ZONE | Strong1h+1 | QualityRisk:1.15 | RelStrengthRisk:1.25,0,0,-1.0,bull,0.1534,0,2.3909,0.0526,2.8974,-1,0.0,0.2267,1.3404,0.683,-0.1059,3.248,-1.0,-0.1261,1.0,6283,0,1,0.061,1.609,1,0.858,2
LINKUSDT,6308,6320,1680238800,1680250500,LONG,TRAIL,7.356,7.47638318,8.35919319,7.15536136,0.9812416990067315,0.9631966641619978,0.018045034844733777,14,2.2,69.39,0.7611940298507467,0.00455897609496842,1.0709181910972987,base,adaptive disabled,1.15,77.0,60,100,80,80,OFF_HOURS,neutral,bullish,OB,BOS bullish | Vol 2.2x | FVG | OB | ChoCH | Engulfing | Zone:OB | MTF 14 | Risk x1.15,BOS+2 | 1hN+1 | 4h+2 | Vol+2 | BTC+2 | FVG+1 | OB+1 | ChoCH+1 | Engulfing+1 | Zone:OB+1 | Sess:OFF_HOURS | QualityRisk:1.15,0,0,-1.0,bull,0.3299,2,1.992,0.25,0.9768,-1,0.0,0.299,1.9521,1.308,0.0964,1.69,1.0,0.4772,1.23046875,6305,4,2,0.722,0.722,1,0.722,1
SOLUSDT,6315,6317,1680245100,1680247800,SHORT,TRAIL,20.469,20.24483183,18.60093194,20.84261361,0.4855450795810144,0.4670546196108864,0.018490459970127986,15,1.68,35.63,0.4646464646464622,0.006182042354194419,1.7763358601202235,base,adaptive disabled,1.15,75.8,65,100,70,80,OFF_HOURS,bearish,neutral,FVG,BOS bearish | Vol 1.7x | FVG | LiqSweep | ChoCH | StrongTrend1h | Zone:FVG | MTF 15 | Risk x1.15,BOS+2 | BodyStrong+1 | 1h+2 | 4hN+1 | Vol+1 | RSI+1 | BTC+2 | FVG+1 | LiqSweep+1 | ChoCH+1 | Zone:FVG+1 | Sess:OFF_HOURS | Strong1h+1 | QualityRisk:1.15,0,0,-1.0,bear,0.4572,0,3.2501,0.1765,0.9677,-1,0.0,0.0027,1.7888,1.269,-0.2516,1.02,1.0,-0.4854,0.84375,6313,0,1,1.005,1.135,1,0.993,0
DOTUSDT,6318,6321,1680247800,1680251400,LONG,TRAIL,6.18,6.224496,6.5508,6.10584,0.696867415048549,0.661711165048549,0.03515624999999999,17,4.49,48.22,0.14917127071823127,0.008561437707472705,2.49953212311293,base,adaptive disabled,1.0,77.9,90,67,70,80,LONDON,bullish,bullish,FVG,BOS bullish | Vol 4.5x | FVG | LiqSweep | ChoCH | BullWick | Session:LONDON | StrongTrend1h | Zone:FVG | MTF 17,BOS+2 | 1h+2 | 4h+2 | Vol+2 | RSI+1 | BTC+2 | FVG+1 | LiqSweep+1 | ChoCH+1 | BullWick+1 | Zone:FVG+1 | Sess:LONDON | Strong1h+1,0,1,-1.0,bear,0.5913,0,3.5783,0.1765,2.6763,-1,0.0,0.8765,2.0227,1.8,0.0274,1.76,1.0,-0.2821,1.0546875,6318,24,3,1.276,0.965,1,2.551,0
BTCUSDT,6394,6532,1680316200,1680441300,LONG,SL,28592.4,28798.26528,29189.8,28249.2912,-0.31307830599215125,-0.32186736849215125,0.008789062499999955,16,2.52,60.82,0.3614069853851932,0.0068444860236364785,2.1845292257327387,base,adaptive disabled,1.0,82.5,90,90,70,80,OFF_HOURS,bullish,bullish,FVG,BOS bullish | Vol 2.5x | FVG | ChoCH | BullWick | StrongTrend1h | Zone:FVG | MTF 16,BOS+2 | 1h+2 | 4h+2 | Vol+2 | RSI+1 | BTC+2 | FVG+1 | ChoCH+1 | BullWick+1 | Zone:FVG+1 | Sess:OFF_HOURS | Strong1h+1,0,0,-1.0,bull,0.5718,0,4.3443,0.1111,6.1175,-1,0.0,1.3512,0.1438,7.56,-0.1107,1.457,1.0,0.1732,0.263671875,6394,1,1,0.363,0.363,1,1.733,4
ETHUSDT,6394,6540,1680316200,1680448500,LONG,SL,1825.45,1838.59324,1934.977,1803.5446,-0.9703086910076972,-0.9953086910076971,0.02499999999999989,16,7.71,62.85,0.5622270742358073,0.00419126086963533,1.6078294355418588,base,adaptive disabled,1.15,87.5,90,100,80,80,OFF_HOURS,bullish,bullish,OB,BOS bullish | Vol 7.7x | FVG | OB | ChoCH | StrongTrend1h | Zone:OB | MTF 16 | Risk x1.15,BOS+2 | 1h+2 | 4h+2 | Vol+2 | RSI+1 | BTC+2 | FVG+1 | OB+1 | ChoCH+1 | Zone:OB+1 | Sess:OFF_HOURS | Strong1h+1 | QualityRisk:1.15,0,0,-1.0,range,0.7733,0,4.4144,0.1111,6.1556,-1,0.0,1.4709,0.423,3.038,-0.1578,3.45,-1.0,-0.072,0.75,6393,21,1,0.998,2.82,0,1.662,0
AAVEUSDT,6431,6509,1680349500,1680420600,LONG,TRAIL,74.19,74.78471829,79.14598579,73.19880284,1.0063588156366532,0.9539645977194026,0.05239421791725076,17,1.34,58.91,0.46902654867255744,0.0024263345138846476,0.8174541553153347,base,adaptive disabled,1.15,78.5,90,100,50,80,OVERLAP,bullish,bullish,FVG,BOS bullish | Vol 1.3x | FVG | ChoCH | Engulfing | Session:OVERLAP | StrongTrend1h | Zone:FVG | MTF 17 | Risk x1.15,BOS+2 | 1h+2 | 4h+2 | Vol+1 | RSI+1 | BTC+2 | FVG+1 | ChoCH+1 | Engulfing+1 | Zone:FVG+1 | Sess:OVERLAP | Strong1h+1 | NestedOB_1h+2 | QualityRisk:1.15,0,0,-1.0,bull,0.2121,2,3.3144,0.0526,1.5522,-1,0.0,0.6558,1.0425,0.0,0.0478,1.349,1.0,0.0063,1.75,6431,0,1,0.805,0.426,1,0.994,1
XRPUSDT,6484,6491,1680397200,1680404400,SHORT,SL,0.50448,0.49810911,0.45138924,0.51509815,-0.84375,-0.8544399977868085,0.010689997786808444,15,2.06,30.26,0.7341137123745846,0.009422437179166571,1.7603794953757173,base,adaptive disabled,1.15,90.5,90,100,90,80,OFF_HOURS,bearish,bearish,FVG,BOS bearish | Vol 2.1x | FVG | ChoCH | StrongTrend1h | Zone:FVG | MTF 15 | Risk x1.15,BOS+2 | BodyStrong+1 | 1h+2 | 4h+2 | Vol+2 | BTC+2 | FVG+1 | ChoCH+1 | Zone:FVG+1 | Sess:OFF_HOURS | Strong1h+1 | TrendPairRisk:1.15,0,1,-1.0,bull,0.2979,3,3.4382,0.1111,4.4555,-1,0.0,1.5021,0.3343,0.0,-0.057,1.818,1.0,-0.3215,0.5625,6484,0,2,2.233,1.78,1,1.136,2
SOLUSDT,6512,6532,1680422400,1680441300,LONG,SL,21.17,21.35912875,22.74607295,20.85478541,-0.6923854635028185,-0.7074965977939057,0.015111134291087222,13,1.56,63.95,0.5641791044776107,0.005153065023021138,1.6168318345442594,base,adaptive disabled,1.25,78.5,90,100,50,80,LONDON,bullish,bullish,FVG,BOS bullish | Vol 1.6x | FVG | ChoCH | Session:LONDON | StrongTrend1h | Zone:FVG | MTF 13 | Risk x1.25,BOS+2 | 1h+2 | 4h+2 | Vol+1 | RSI+1 | BTCok+1 | FVG+1 | ChoCH+1 | Zone:FVG+1 | Sess:LONDON | Strong1h+1 | QualityRisk:1.15 | RelStrengthRisk:1.25,0,0,-1.0,range,0.3737,0,3.8912,0.1765,2.2549,-1,0.0,1.3483,0.1956,5.4,-0.1017,1.548,1.0,0.23,0.5625,6512,2,5,1.745,0.637,1,1.011,0
XLMUSDT,6541,6558,1680448500,1680464700,LONG,SL,0.10984,0.11116638,0.12089318,0.10762936,-0.741089118988166,-0.7550635788730863,0.013974459884920205,16,3.78,50.26,0.14161220043573033,0.00856918501242819,2.2545117731672026,base,adaptive disabled,1.15,83.7,90,66,90,80,NEW_YORK,bullish,bullish,FVG,BOS bullish | Vol 3.8x | FVG | ChoCH | BullWick | Session:NEW_YORK | StrongTrend1h | Zone:FVG | MTF 16 | Risk x1.15,BOS+2 | BodyStrong+1 | 1h+2 | 4h+2 | Vol+2 | RSI+1 | BTCok+1 | FVG+1 | ChoCH+1 | BullWick+1 | Zone:FVG+1 | Sess:NEW_YORK | Strong1h+1 | QualityRisk:1.15,0,0,-1.0,range,0.4643,0,3.2506,0.1765,1.6169,-1,0.0,1.2756,0.5353,10.0,0.0621,1.469,1.0,0.0318,0.703125,6541,6,3,1.576,0.042,1,2.575,1
ADAUSDT,6584,6598,1680487200,1680500700,SHORT,SL,0.37488,0.36887007,0.32479727,0.38489655,-1.094009726402803,-1.1097988454108447,0.015789119008041672,15,5.02,35.34,0.4777448071216601,0.011229775813549017,2.706164089209102,base,adaptive disabled,1.0,73.8,65,90,70,80,OFF_HOURS,bearish,neutral,FVG,BOS bearish | Vol 5.0x | FVG | MACD_Div | ChoCH | StrongTrend1h | Zone:FVG | MTF 15,BOS+2 | 1h+2 | 4hN+1 | Vol+2 | RSI+1 | BTC+2 | FVG+1 | MACD_Div+1 | ChoCH+1 | Zone:FVG+1 | Sess:OFF_HOURS | Strong1h+1,0,0,-1.0,range,0.3497,0,4.5362,0.0526,4.8776,-1,0.0,1.1062,0.2063,0.0,0.0296,2.669,1.0,-0.0396,1.0546875,6584,0,1,0.975,0.112,1,1.882,3
ETHUSDT,6584,6608,1680487200,1680509700,SHORT,SL,1772.3,1754.11709269,1620.77577244,1802.60484551,-1.1897849797024096,-1.2161020582612436,0.026317078558834115,13,4.98,29.66,0.6452599388379213,0.006641704947768751,2.7837942336596777,base,adaptive disabled,1.0,73.8,65,90,70,80,OFF_HOURS,bearish,neutral,FVG,BOS bearish | Vol 5.0x | FVG | ChoCH | StrongTrend1h | Zone:FVG | MTF 13,BOS+2 | 1h+2 | 4hN+1 | Vol+2 | BTC+2 | FVG+1 | ChoCH+1 | Zone:FVG+1 | Sess:OFF_HOURS | Strong1h+1,0,1,-1.0,bull,0.2793,0,4.8296,0.0526,4.8965,-1,0.0,1.177,0.1408,0.0,0.1145,3.378,1.0,-0.1183,1.125,6584,0,1,0.902,0.04,1,1.475,3
BTCUSDT,6586,6609,1680489000,1680510600,SHORT,SL,27727.7,27376.5703333,24801.61944414,28312.91611117,-0.47376728820006725,-0.48176270952509775,0.007995421325030429,14,1.86,32.67,0.6303720061151696,0.00892654011061205,3.489148967763121,base,adaptive disabled,1.0,71.8,65,80,70,80,OFF_HOURS,bearish,neutral,FVG,BOS bearish | Vol 1.9x | FVG | ChoCH | StrongTrend1h | Zone:FVG | MTF 14,BOS+2 | BodyStrong+1 | 1h+2 | 4hN+1 | Vol+1 | RSI+1 | BTC+2 | FVG+1 | ChoCH+1 | Zone:FVG+1 | Sess:OFF_HOURS | Strong1h+1,0,1,-1.0,bull,0.2664,1,5.3551,0.1765,2.4099,-1,0.0,1.2074,0.403,0.0,0.093,1.846,1.0,-0.3976,0.421875,6585,1,2,0.777,0.884,1,0.576,0
XRPUSDT,6637,6645,1680534900,1680543000,SHORT,TRAIL,0.51019,0.50463829,0.46392575,0.51944285,0.3912308099666671,0.36917533516701073,0.022055474799656374,15,1.4,37.81,0.1739130434782596,0.00755564511745748,1.6758225469161605,base,adaptive disabled,1.15,74.5,90,80,50,80,NEW_YORK,bearish,bearish,FVG,BOS bearish | Vol 1.4x | FVG | ChoCH | Engulfing | Session:NEW_YORK | StrongTrend1h | Zone:FVG | MTF 15 | Risk x1.15,BOS+2 | 1h+2 | 4h+2 | Vol+1 | RSI+1 | BTC+2 | FVG+1 | ChoCH+1 | Engulfing+1 | Zone:FVG+1 | Sess:NEW_YORK | Strong1h+1 | TrendPairRisk:1.15,0,0,-1.0,range,0.4065,0,3.7638,0.0526,1.3705,-1,0.0,0.0184,1.1762,1.179,-0.0184,1.185,-1.0,0.0124,1.0,6637,1,1,0.45,0.397,1,1.182,2
AVAXUSDT,6658,6755,1680553800,1680642000,SHORT,SL,16.98,16.62342,14.0085,17.5743,-2.086488305569579,-2.109345448426722,0.02285714285714284,17,3.38,34.67,0.3249999999999958,0.015486680563061734,3.8097234185354876,base,adaptive disabled,1.0,69.6,60,78,70,80,DEAD_ZONE,neutral,bearish,FVG,BOS bearish | Vol 3.4x | FVG | LiqSweep | ChoCH | Engulfing | Zone:FVG | MTF 17,BOS+2 | 1hN+1 | 4h+2 | Vol+2 | RSI+1 | BTC+2 | FVG+1 | LiqSweep+1 | ChoCH+1 | Engulfing+1 | Zone:FVG+1 | Sess:DEAD_ZONE | NestedOB_1h+2,0,0,-1.0,range,0.2727,0,5.1747,0.0526,3.2414,-1,0.0,1.1274,0.9255,0.0,0.0975,2.361,-1.0,0.2481,2.0,6658,0,1,0.955,0.557,1,1.433,2
BTCUSDT,6658,6659,1680553800,1680555600,SHORT,TP1,27791.6,27433.69148237,24809.02901974,28388.11419605,0.0,-0.01528734573357182,0.01528734573357182,13,2.75,33.16,0.31236673773986706,0.00896751337357087,2.4128795466887163,base,adaptive disabled,1.0,71.4,60,87,70,80,DEAD_ZONE,neutral,bearish,FVG,BOS bearish | Vol 2.8x | FVG | ChoCH | Zone:FVG | MTF 13,BOS+2 | 1hN+1 | 4h+2 | Vol+2 | RSI+1 | BTC+2 | FVG+1 | ChoCH+1 | Zone:FVG+1 | Sess:DEAD_ZONE,0,0,-1.0,range,0.275,0,4.5107,0.0526,2.7676,-1,0.0,0.0422,1.0067,2.694,-0.1386,2.206,-1.0,0.1784,0.8203125,6658,0,1,0.914,1.423,1,1.247,2
DOTUSDT,6685,6772,1680578100,1680657300,LONG,TRAIL,6.425,6.55438138,7.50317819,6.20936436,0.30781089805006423,0.30110688103321115,0.006704017016853075,17,1.42,64.02,0.4999999999999966,0.004394048388864075,0.7620705003183847,base,adaptive disabled,1.15,76.5,90,90,50,80,OFF_HOURS,bullish,bullish,FVG,BOS bullish | Vol 1.4x | FVG | ChoCH | Engulfing | StrongTrend1h | Zone:FVG | MTF 17 | Risk x1.15,BOS+2 | 1h+2 | 4h+2 | Vol+1 | RSI+1 | BTC+2 | FVG+1 | ChoCH+1 | Engulfing+1 | Zone:FVG+1 | Sess:OFF_HOURS | Strong1h+1 | NestedOB_1h+2 | RelStrengthRisk:1.15,0,0,-1.0,range,0.2525,2,2.5773,0.0526,1.4021,-1,0.0,0.2226,1.0357,0.595,0.0924,1.776,1.0,0.218,0.5625,6685,2,1,0.425,1.275,1,0.797,1
AAVEUSDT,6705,6713,1680596100,1680604200,LONG,TRAIL,74.06,74.88138184,80.90484867,72.69103027,1.261954948412189,1.2300026805559816,0.03195226785620738,15,2.51,68.62,0.9379844961240216,0.004814946613360664,1.1110489310345015,base,adaptive disabled,1.15,80.0,60,100,90,80,LONDON,neutral,bullish,FVG,BOS bullish | Vol 2.5x | FVG | ChoCH | Session:LONDON | Zone:FVG | MTF 15 | Risk x1.15,BOS+2 | BodyStrong+1 | 1hN+1 | 4h+2 | Vol+2 | BTC+2 | FVG+1 | ChoCH+1 | Zone:FVG+1 | Sess:LONDON | NestedOB_1h+2 | QualityRisk:1.15,0,0,-1.0,range,0.2483,0,1.9715,0.25,1.1422,-1,0.0,0.1096,1.5949,0.0,0.2521,2.062,1.0,0.5897,1.4765625,6701,0,2,1.972,0.143,1,0.717,1
ETHUSDT,6757,6771,1680642900,1680656400,LONG,TRAIL,1873.43,1887.54133196,1991.02443302,1849.9111134,1.3095858032667176,1.2777232405210817,0.03186256274563598,16,4.31,66.73,0.42310067943175095,0.00618064692091964,1.5758963250823321,base,adaptive disabled,1.0,84.5,90,100,70,80,DEAD_ZONE,bullish,bullish,FVG,BOS bullish | Vol 4.3x | FVG | ChoCH | Engulfing | StrongTrend1h | Zone:FVG | MTF 16,BOS+2 | 1h+2 | 4h+2 | Vol+2 | RSI+1 | BTC+2 | FVG+1 | ChoCH+1 | Engulfing+1 | Zone:FVG+1 | Sess:DEAD_ZONE | Strong1h+1,0,0,-1.0,range,0.4866,0,2.9172,0.1111,2.9528,-1,0.0,0.6029,3.2811,5.458,-0.0586,2.156,1.0,0.3863,1.0,6756,0,1,0.621,2.087,0,0.453,2
AAVEUSDT,6758,6771,1680643800,1680656400,LONG,TRAIL,76.34,77.01357997,81.95316645,75.21736671,0.5812227428245842,0.5608224926235592,0.020400250201024945,15,1.86,60.19,0.24352331606217473,0.004526839088198586,0.9908604072781486,base,adaptive disabled,1.15,79.3,90,89,60,80,DEAD_ZONE,bullish,bullish,OB,BOS bullish | Vol 1.9x | OB | ChoCH | Engulfing | StrongTrend1h | Zone:OB | MTF 15 | Risk x1.15,BOS+2 | 1h+2 | 4h+2 | Vol+1 | RSI+1 | BTC+2 | OB+1 | ChoCH+1 | Engulfing+1 | Zone:OB+1 | Sess:DEAD_ZONE | Strong1h+1 | QualityRisk:1.15,0,0,-1.0,range,0.57,0,1.6835,0.1765,1.1238,-1,0.0,0.4098,2.7465,0.94,0.0477,1.769,1.0,0.4234,0.75,6756,6,3,0.451,-1.0,0,0.511,1
DOTUSDT,6774,6829,1680658200,1680708600,LONG,SL,6.522,6.61623943,7.30732857,6.36493429,-0.5730085834775768,-0.5823514884311787,0.00934290495360188,17,1.66,63.54,0.3300492610837428,0.008071936140836318,2.1874946942002733,base,adaptive disabled,1.0,76.3,90,89,50,80,OFF_HOURS,bullish,bullish,FVG,BOS bullish | Vol 1.7x | FVG | LiqSweep | ChoCH | Engulfing | BullWick | StrongTrend1h | Zone:FVG | MTF 17,BOS+2 | 1h+2 | 4h+2 | Vol+1 | RSI+1 | BTC+2 | FVG+1 | LiqSweep+1 | ChoCH+1 | Engulfing+1 | BullWick+1 | Zone:FVG+1 | Sess:OFF_HOURS | Strong1h+1,0,0,-1.0,range,0.2284,1,5.0521,0.1765,2.7735,-1,0.0,1.3052,0.7534,0.0,0.1907,1.615,1.0,0.1808,0.5625,6773,0,1,0.062,-1.0,0,0.686,0
SOLUSDT,6774,6832,1680658200,1680711300,LONG,SL,21.201,21.48968169,23.60668073,20.71986385,-0.23822397062141323,-0.24240665087080832,0.004182680249395094,16,4.26,70.75,0.45936981757877876,0.009137666527720627,2.272341858315032,base,adaptive disabled,1.15,88.5,90,90,90,80,OFF_HOURS,bullish,bullish,FVG,BOS bullish | Vol 4.3x | FVG | LiqSweep | ChoCH | StrongTrend1h | Zone:FVG | MTF 16 | Risk x1.15,BOS+2 | BodyStrong+1 | 1h+2 | 4h+2 | Vol+2 | BTC+2 | FVG+1 | LiqSweep+1 | ChoCH+1 | Zone:FVG+1 | Sess:OFF_HOURS | Strong1h+1 | QualityRisk:1.15,0,1,-1.0,bear,0.2868,0,5.1194,0.1765,2.5396,-1,0.0,1.4196,0.4191,6.442,0.1973,2.888,1.0,0.4982,0.2373046875,6772,0,1,1.997,0.427,1,0.873,4
LINKUSDT,6779,6827,1680662700,1680706800,LONG,SL,7.553,7.70991721,8.8606434,7.29147132,-1.424915424189806,-1.4411605354334374,0.016245111243631122,14,2.66,64.28,0.5795795795795781,0.008067529801507824,1.8517501997775518,base,adaptive disabled,1.0,79.8,65,90,90,80,OFF_HOURS,bullish,neutral,FVG,BOS bullish | Vol 2.7x | FVG | ChoCH | StrongTrend1h | Zone:FVG | MTF 14,BOS+2 | BodyStrong+1 | 1h+2 | 4hN+1 | Vol+2 | RSI+1 | BTCok+1 | FVG+1 | ChoCH+1 | Zone:FVG+1 | Sess:OFF_HOURS | Strong1h+1,0,0,-1.0,range,0.1798,0,2.5159,0.0526,2.5533,-1,0.0,1.105,0.3441,0.0,0.0994,1.917,1.0,0.3016,1.40625,6779,1,1,0.188,0.329,1,1.387,3
AAVEUSDT,6849,6921,1680725700,1680791400,LONG,TRAIL,78.25,79.30314448,87.02620396,76.49475921,0.3802897037277715,0.36691547032700833,0.013374233400763193,17,2.58,66.45,0.7083333333333324,0.007080105386344054,1.6831341441193273,base,adaptive disabled,1.15,90.5,90,100,90,80,DEAD_ZONE,bullish,bullish,FVG,BOS bullish | Vol 2.6x | FVG | ChoCH | BullWick | StrongTrend1h | Zone:FVG | MTF 17 | Risk x1.15,BOS+2 | BodyStrong+1 | 1h+2 | 4h+2 | Vol+2 | RSI+1 | BTC+2 | FVG+1 | ChoCH+1 | BullWick+1 | Zone:FVG+1 | Sess:DEAD_ZONE | Strong1h+1 | QualityRisk:1.15,0,0,-1.0,bull,0.4286,1,3.1982,0.25,1.2989,-1,0.0,0.4444,1.035,0.0,0.3377,1.263,1.0,0.2489,0.75,6846,0,2,2.046,0.87,1,0.635,0
AVAXUSDT,6864,6922,1680739200,1680792300,LONG,TRAIL,17.92,18.11706003,19.56216694,17.59156661,0.5480563349542458,0.5316877190836122,0.016368615870633582,15,2.26,56.75,0.19999999999998863,0.0037040214370086303,0.9455837582816337,base,adaptive disabled,1.15,87.1,90,83,90,80,DEAD_ZONE,bullish,bullish,FVG,BOS bullish | Vol 2.3x | FVG | ChoCH | StrongTrend1h | Zone:FVG | MTF 15 | Risk x1.15,BOS+2 | BodyStrong+1 | 1h+2 | 4h+2 | Vol+2 | RSI+1 | BTCok+1 | FVG+1 | ChoCH+1 | Zone:FVG+1 | Sess:DEAD_ZONE | Strong1h+1 | QualityRisk:1.15,0,0,-1.0,bull,0.3514,1,2.1919,0.1111,2.5189,-1,0.0,0.883,1.5224,0.227,0.2197,2.214,1.0,0.4428,0.75,6863,12,1,0.0,4.092,0,1.169,0
AAVEUSDT,6926,6965,1680795000,1680831000,LONG,TRAIL,79.34,80.79371649,91.4543041,76.91713918,0.9544502023851239,0.9339836945318168,0.020466507853307093,16,12.16,61.35,0.35408560311284365,0.014420576676786784,3.791650294221314,base,adaptive disabled,1.15,80.5,90,80,70,80,NEW_YORK,bullish,bullish,FVG,BOS bullish | Vol 12.2x | FVG | ChoCH | Engulfing | Session:NEW_YORK | StrongTrend1h | Zone:FVG | MTF 16 | Risk x1.15,BOS+2 | 1h+2 | 4h+2 | Vol+2 | RSI+1 | BTC+2 | FVG+1 | ChoCH+1 | Engulfing+1 | Zone:FVG+1 | Sess:NEW_YORK | Strong1h+1 | QualityRisk:1.15,0,0,-1.0,bull,0.5318,0,4.7353,0.0526,11.8755,-1,0.0,0.1857,1.1419,4.55,-0.1517,3.392,-1.0,-0.2985,1.5625,6926,0,1,0.292,-1.0,0,3.586,2
AVAXUSDT,6931,6994,1680799500,1680857100,LONG,SL,18.16,18.44150281,20.50585679,17.69082864,-1.0657086996955638,-1.081191315684741,0.015482615989177152,16,1.97,63.8,0.48148148148147857,0.006758803578987868,1.518196253938563,base,adaptive disabled,1.15,87.5,90,100,80,80,NEW_YORK,bullish,bullish,OB,BOS bullish | Vol 2.0x | FVG | OB | ChoCH | Session:NEW_YORK | StrongTrend1h | Zone:OB | MTF 16 | Risk x1.15,BOS+2 | BodyStrong+1 | 1h+2 | 4h+2 | Vol+1 | RSI+1 | BTC+2 | FVG+1 | OB+1 | ChoCH+1 | Zone:OB+1 | Sess:NEW_YORK | Strong1h+1 | QualityRisk:1.15,0,0,-1.0,bull,0.3273,1,2.3192,0.25,1.464,-1,0.0,1.1297,0.2842,2.0,0.1694,1.627,1.0,0.4957,1.0,6930,7,2,0.0,0.504,1,0.605,0
XLMUSDT,6941,7132,1680808500,1680981300,SHORT,EXPIRED,0.10489,0.1036683,0.09470915,0.10692617,0.06261756140204519,0.04716354724802075,0.01545401415402444,14,4.1,30.58,0.7923497267759592,0.0025104615243885134,0.808064313247228,base,adaptive disabled,1.25,84.5,90,100,70,80,OFF_HOURS,bearish,bearish,FVG,BOS bearish | Vol 4.1x | FVG | ChoCH | StrongTrend1h | Zone:FVG | MTF 14 | Risk x1.25,BOS+2 | 1h+2 | 4h+2 | Vol+2 | BTC+2 | FVG+1 | ChoCH+1 | Zone:FVG+1 | Sess:OFF_HOURS | Strong1h+1 | QualityRisk:1.15 | TrendPairRisk:1.25,0,0,-1.0,range,0.0995,0,2.8466,0.1111,2.5835,-1,0.0,0.8202,0.8676,0.0,-0.0516,6.827,1.0,-0.3406,0.75,6940,0,1,0.506,0.063,1,0.538,7
DOTUSDT,6974,6983,1680838200,1680847200,SHORT,TRAIL,6.25,6.19380579,5.78171488,6.34365702,0.21170997112656195,0.20044880244961708,0.011261168676944855,16,3.18,32.59,0.3088235294117651,0.005605306539240024,1.8789577552095618,base,adaptive disabled,1.15,81.9,90,87,70,80,OFF_HOURS,bearish,bearish,FVG,BOS bearish | Vol 3.2x | FVG | ChoCH | Engulfing | StrongTrend1h | Zone:FVG | MTF 16 | Risk x1.15,BOS+2 | 1h+2 | 4h+2 | Vol+2 | RSI+1 | BTC+2 | FVG+1 | ChoCH+1 | Engulfing+1 | Zone:FVG+1 | Sess:OFF_HOURS | Strong1h+1 | TrendPairRisk:1.15,0,0,-1.0,range,0.3396,1,3.3394,0.1765,2.3727,-1,0.0,0.0747,1.0677,1.5,-0.1203,2.093,1.0,-0.4224,0.421875,6972,0,1,1.268,2.029,1,0.972,0
DOTUSDT,7060,7158,1680915600,1681004700,SHORT,SL,6.136,6.08526253,5.71318772,6.22056246,-0.6651887847160534,-0.6815151782481242,0.01632639353207087,16,1.95,37.92,0.25581395348837754,0.004075692980476438,1.6805440723103249,base,adaptive disabled,1.15,82.5,90,90,70,80,OFF_HOURS,bearish,bearish,FVG,BOS bearish | Vol 1.9x | FVG | ChoCH | Engulfing | StrongTrend1h | Zone:FVG | MTF 16 | Risk x1.15,BOS+2 | BodyStrong+1 | 1h+2 | 4h+2 | Vol+1 | RSI+1 | BTC+2 | FVG+1 | ChoCH+1 | Engulfing+1 | Zone:FVG+1 | Sess:OFF_HOURS | Strong1h+1 | TrendPairRisk:1.15,0,0,-1.0,range,0.2024,0,4.1566,0.1111,3.2007,-1,0.0,1.3126,0.9658,5.5,-0.1507,2.445,1.0,-0.2686,0.5625,7060,0,1,0.512,0.968,1,0.797,1
SOLUSDT,7061,7078,1680916500,1680932700,SHORT,SL,20.331,20.17260428,19.01103566,20.59499287,-0.5193677200448639,-0.5323637386494573,0.012996018604593415,15,1.5,35.45,0.25065963060687035,0.0041347839950556225,1.6608859788848165,base,adaptive disabled,1.25,82.5,90,90,70,80,OFF_HOURS,bearish,bearish,FVG,BOS bearish | Vol 1.5x | FVG | ChoCH | StrongTrend1h | Zone:FVG | MTF 15 | Risk x1.25,BOS+2 | BodyStrong+1 | 1h+2 | 4h+2 | Vol+1 | RSI+1 | BTC+2 | FVG+1 | ChoCH+1 | Zone:FVG+1 | Sess:OFF_HOURS | Strong1h+1 | QualityRisk:1.15 | TrendPairRisk:1.25,0,1,-1.0,bull,0.1922,1,3.8281,0.1765,1.6481,-1,0.0,1.3334,0.2778,1.284,-0.086,1.848,1.0,-0.0865,0.421875,7060,0,1,1.224,1.742,1,0.621,0
AVAXUSDT,7133,7146,1680981300,1680993900,SHORT,TRAIL,17.55,17.42364,16.497,17.7606,0.4807692307692312,0.4620192307692312,0.01875000000000005,16,8.53,34.22,0.35483870967741493,0.0036137339254311914,1.5999806954937286,base,adaptive disabled,1.15,90.5,90,100,90,80,OFF_HOURS,bearish,bearish,FVG,BOS bearish | Vol 8.5x | FVG | ChoCH | StrongTrend1h | Zone:FVG | MTF 16 | Risk x1.15,BOS+2 | BodyStrong+1 | 1h+2 | 4h+2 | Vol+2 | RSI+1 | BTC+2 | FVG+1 | ChoCH+1 | Zone:FVG+1 | Sess:OFF_HOURS | Strong1h+1 | TrendPairRisk:1.15,0,0,-1.0,range,0.44,0,3.6043,0.1111,6.6896,-1,0.0,0.0,1.7411,3.667,-0.0102,3.659,1.0,-0.4187,0.5625,7132,0,4,2.332,1.272,1,1.06,3
BTCUSDT,7178,7237,1681021800,1681075800,SHORT,SL,27950.0,27748.76,26273.0,28285.4,-0.41833736303666924,-0.4306420505366692,0.012304687499999946,13,1.87,35.06,0.4993597951344291,0.00228279539852304,2.133842998769419,base,adaptive disabled,1.0,66.0,60,90,50,80,OFF_HOURS,neutral,bearish,FVG,BOS bearish | Vol 1.9x | FVG | ChoCH | Engulfing | Zone:FVG | MTF 13,BOS+2 | 1hN+1 | 4h+2 | Vol+1 | RSI+1 | BTC+2 | FVG+1 | ChoCH+1 | Engulfing+1 | Zone:FVG+1 | Sess:OFF_HOURS,0,0,-1.0,bear,0.2723,0,5.1884,0.1111,7.1808,-1,0.0,1.297,0.8259,2.549,0.0185,1.849,1.0,-0.359,0.369140625,7178,0,2,2.086,1.877,1,1.011,3
XRPUSDT,7178,7210,1681021800,1681051500,SHORT,TRAIL,0.50428,0.50063779,0.47392827,0.51035035,0.5393016877115807,0.5112646717240348,0.028037015987546012,14,1.55,34.46,0.36134453781510945,0.0037921089301036575,1.7285525727420386,base,adaptive disabled,1.0,69.8,65,100,50,80,OFF_HOURS,bearish,neutral,FVG,BOS bearish | Vol 1.6x | FVG | LiqSweep | ChoCH | StrongTrend1h | Zone:FVG | MTF 14,BOS+2 | 1h+2 | 4hN+1 | Vol+1 | RSI+1 | BTC+2 | FVG+1 | LiqSweep+1 | ChoCH+1 | Zone:FVG+1 | Sess:OFF_HOURS | Strong1h+1,0,0,-1.0,range,0.272,5,4.4388,0.1111,7.0227,-1,0.0,0.2076,1.7627,1.12,0.0067,1.833,1.0,-0.5465,0.84375,7178,0,2,1.496,0.704,1,0.848,4
DOTUSDT,7179,7336,1681022700,1681164900,SHORT,SL,6.146,6.07376506,5.54404216,6.26639157,-0.9382470155510103,-0.9533227440675502,0.015075728516539847,15,1.35,37.67,0.4634146341463346,0.005427813177697243,2.2188900270787344,base,adaptive disabled,1.0,66.0,60,90,50,80,OFF_HOURS,neutral,bearish,FVG,BOS bearish | Vol 1.4x | FVG | LiqSweep | ChoCH | Zone:FVG | MTF 15,BOS+2 | 1hN+1 | 4h+2 | Vol+1 | RSI+1 | BTC+2 | FVG+1 | LiqSweep+1 | ChoCH+1 | Zone:FVG+1 | Sess:OFF_HOURS | NestedOB_1h+2,0,0,-1.0,range,0.2241,1,4.0224,0.1765,2.5507,-1,0.0,1.3041,0.7337,0.679,-0.242,1.305,1.0,-0.5624,0.73828125,7179,1,2,1.547,0.309,1,1.031,0
XLMUSDT,7211,7228,1681051500,1681067700,SHORT,SL,0.10295,0.10213107,0.09612558,0.10431488,-1.157610925502608,-1.187782076079948,0.03017115057734016,16,1.33,37.19,0.4450867052023244,0.003431539794058611,1.6398080858751773,base,adaptive disabled,1.15,84.5,90,100,70,80,NEW_YORK,bearish,bearish,FVG,BOS bearish | Vol 1.3x | FVG | ChoCH | Engulfing | Session:NEW_YORK | StrongTrend1h | Zone:FVG | MTF 16 | Risk x1.15,BOS+2 | BodyStrong+1 | 1h+2 | 4h+2 | Vol+1 | RSI+1 | BTC+2 | FVG+1 | ChoCH+1 | Engulfing+1 | Zone:FVG+1 | Sess:NEW_YORK | Strong1h+1 | TrendPairRisk:1.15,0,0,-1.0,range,0.2292,0,3.2956,0.1111,2.5898,-1,0.0,1.1576,0.1832,0.0,-0.182,1.887,1.0,-0.5558,1.0,7211,0,1,0.432,0.392,1,0.706,2
XRPUSDT,7256,7317,1681092000,1681147800,SHORT,SL,0.50195,0.49710629,0.46158571,0.51002286,-1.018168437208128,-1.0426508155102419,0.024482378302113625,15,1.94,35.36,0.47181008902076854,0.004623526559011763,1.7471715892903574,base,adaptive disabled,1.0,74.0,60,100,70,80,OFF_HOURS,neutral,bearish,FVG,BOS bearish | Vol 1.9x | FVG | LiqSweep | ChoCH | Zone:FVG | MTF 15,BOS+2 | BodyStrong+1 | 1hN+1 | 4h+2 | Vol+1 | RSI+1 | BTCok+1 | FVG+1 | LiqSweep+1 | ChoCH+1 | Zone:FVG+1 | Sess:OFF_HOURS | NestedOB_1h+2,0,0,-1.0,range,0.2477,0,4.4917,0.1111,1.286,-1,0.0,1.2288,0.1961,0.0,-0.1517,2.248,1.0,-0.2026,0.984375,7255,1,2,2.307,2.074,1,0.609,0
XLMUSDT,7299,7321,1681130700,1681151400,SHORT,SL,0.10304,0.10229811,0.0968576,0.10427648,-1.8540534420289765,-1.91238677536231,0.05833333333333343,14,1.47,34.51,0.2615384615384734,0.0015212399255305521,0.8273943897708146,base,adaptive disabled,1.25,76.7,90,91,50,80,OVERLAP,bearish,bearish,FVG,BOS bearish | Vol 1.5x | FVG | ChoCH | Session:OVERLAP | StrongTrend1h | Zone:FVG | MTF 14 | Risk x1.25,BOS+2 | 1h+2 | 4h+2 | Vol+1 | RSI+1 | BTC+2 | FVG+1 | ChoCH+1 | Zone:FVG+1 | Sess:OVERLAP | Strong1h+1 | QualityRisk:1.15 | TrendPairRisk:1.25,0,0,-1.0,bear,0.2159,0,3.3404,0.0526,1.4807,-1,0.0,1.1646,0.674,0.63,0.0343,1.617,-1.0,0.0134,1.75,7299,1,2,0.364,0.911,1,0.911,5
BTCUSDT,7310,7315,1681140600,1681146000,LONG,TRAIL,28390.0,28594.408,30093.4,28049.32,0.1932898908066203,0.18078989080662028,0.01249999999999999,17,4.46,64.14,0.36581511719778737,0.0038572366282670803,2.9494724751779438,base,adaptive disabled,1.0,82.5,90,90,70,80,NEW_YORK,bullish,bullish,FVG,BOS bullish | Vol 4.5x | FVG | LiqSweep | ChoCH | Engulfing | Session:NEW_YORK | StrongTrend1h | Zone:FVG | MTF 17,BOS+2 | 1h+2 | 4h+2 | Vol+2 | RSI+1 | BTC+2 | FVG+1 | LiqSweep+1 | ChoCH+1 | Engulfing+1 | Zone:FVG+1 | Sess:NEW_YORK | Strong1h+1,0,0,-1.0,range,0.3588,0,5.6084,0.0526,4.3315,-1,0.0,0.0675,3.9015,0.0,-0.0114,1.997,-1.0,-0.177,0.375,7310,0,1,0.856,0.593,1,2.235,1
ADAUSDT,7338,7353,1681165800,1681180200,LONG,TRAIL,0.3954,0.40074188,0.43991566,0.38649687,0.24877135906136585,0.24127694417581436,0.007494414885551501,15,2.94,71.46,0.47563352826510974,0.0065577391477530085,2.255456035778704,base,adaptive disabled,1.0,82.5,90,90,70,80,DEAD_ZONE,bullish,bullish,FVG,BOS bullish | Vol 2.9x | FVG | ChoCH | Engulfing | StrongTrend1h | Zone:FVG | MTF 15,BOS+2 | 1h+2 | 4h+2 | Vol+2 | BTC+2 | FVG+1 | ChoCH+1 | Engulfing+1 | Zone:FVG+1 | Sess:DEAD_ZONE | Strong1h+1,0,1,-1.0,bear,0.2077,0,5.4885,0.0526,2.9706,-1,0.0,0.0348,1.1045,0.0,-0.1151,2.276,-1.0,-0.0351,0.421875,7338,0,1,1.843,2.867,1,1.291,2
AAVEUSDT,7355,7371,1681181100,1681196400,LONG,TRAIL,79.12,80.37671982,89.59266518,77.02546696,0.7251019539897048,0.7038537811750137,0.021248172814690935,15,2.59,65.82,0.2401433691756273,0.00631541341808306,1.546092147416397,base,adaptive disabled,1.15,79.3,65,88,90,80,OFF_HOURS,bullish,neutral,FVG,BOS bullish | Vol 2.6x | FVG | ChoCH | StrongTrend1h | Zone:FVG | MTF 15 | Risk x1.15,BOS+2 | BodyStrong+1 | 1h+2 | 4hN+1 | Vol+2 | RSI+1 | BTC+2 | FVG+1 | ChoCH+1 | Zone:FVG+1 | Sess:OFF_HOURS | Strong1h+1 | QualityRisk:1.15,0,0,-1.0,range,0.1952,0,4.0829,0.0526,2.5102,-1,0.0,0.1576,1.0026,0.663,0.2317,2.429,1.0,0.3168,1.40625,7355,0,2,0.78,0.858,1,1.066,4
BTCUSDT,7355,7546,1681181100,1681353900,LONG,EXPIRED,30118.8,30751.2948,35389.59,29064.642,0.007417057025606976,0.0042027713113212605,0.0032142857142857164,15,1.32,67.87,0.3889760871572324,0.008706725321151779,2.2462197610552654,base,adaptive disabled,1.0,82.5,90,90,70,80,OFF_HOURS,bullish,bullish,FVG,BOS bullish | Vol 1.3x | FVG | ChoCH | StrongTrend1h | Zone:FVG | MTF 15,BOS+2 | BodyStrong+1 | 1h+2 | 4h+2 | Vol+1 | RSI+1 | BTC+2 | FVG+1 | ChoCH+1 | Zone:FVG+1 | Sess:OFF_HOURS | Strong1h+1,0,0,-1.0,bull,0.2824,0,3.9405,0.1765,1.5421,-1,0.0,0.4542,0.7409,0.912,-0.0172,0.898,1.0,0.6638,0.28125,7355,2,3,0.212,-1.0,0,1.471,5
LINKUSDT,7355,7448,1681181100,1681265700,LONG,SL,7.369,7.46400935,8.16074457,7.21065109,-0.8214652377461883,-0.8345536211774353,0.013088383431246861,15,2.36,71.91,0.5072463768115935,0.005682124769182742,1.6641807024209463,base,adaptive disabled,1.0,84.5,90,100,70,80,OFF_HOURS,bullish,bullish,FVG,BOS bullish | Vol 2.4x | FVG | ChoCH | BullWick | StrongTrend1h | Zone:FVG | MTF 15,BOS+2 | 1h+2 | 4h+2 | Vol+2 | BTC+2 | FVG+1 | ChoCH+1 | BullWick+1 | Zone:FVG+1 | Sess:OFF_HOURS | Strong1h+1,0,0,-1.0,range,0.3224,0,3.2621,0.1765,1.5406,-1,0.0,1.2188,0.8631,1.207,0.2056,1.462,1.0,0.5708,0.703125,7353,0,1,0.824,0.956,1,1.219,4
ADAUSDT,7378,7448,1681201800,1681265700,LONG,SL,0.40969,0.41828135,0.48128457,0.39537109,-0.6171471850860148,-0.6235848433993921,0.006437658313377198,14,1.83,70.9,0.5118110236220482,0.007735745546256861,2.0165541495139534,base,adaptive disabled,1.15,76.5,90,90,50,80,LONDON,bullish,bullish,FVG,BOS bullish | Vol 1.8x | FVG | ChoCH | BullWick | Session:LONDON | StrongTrend1h | Zone:FVG | MTF 14 | Risk x1.15,BOS+2 | 1h+2 | 4h+2 | Vol+1 | BTC+2 | FVG+1 | ChoCH+1 | BullWick+1 | Zone:FVG+1 | Sess:LONDON | Strong1h+1 | RelStrengthRisk:1.15,0,0,-1.0,bull,0.2472,0,4.1402,0.1111,2.2515,-1,0.0,1.1537,0.0547,0.934,0.1062,2.08,1.0,0.1454,0.5625,7378,1,3,0.891,-1.0,0,0.881,0
AVAXUSDT,7495,7499,1681307100,1681311600,LONG,TRAIL,18.3,18.57990131,20.63251089,17.83349782,0.9284522528919341,0.9078574938277857,0.020594759064148465,14,1.49,64.75,0.3783783783783759,0.006727521063815249,1.7107124990940528,base,adaptive disabled,1.15,74.0,60,100,70,80,NEW_YORK,neutral,bullish,FVG,BOS bullish | Vol 1.5x | FVG | ChoCH | Engulfing | Session:NEW_YORK | Zone:FVG | MTF 14 | Risk x1.15,BOS+2 | BodyStrong+1 | 1hN+1 | 4h+2 | Vol+1 | RSI+1 | BTC+2 | FVG+1 | ChoCH+1 | Engulfing+1 | Zone:FVG+1 | Sess:NEW_YORK | RelStrengthRisk:1.15,0,0,-1.0,range,0.2745,0,5.2849,0.0526,1.4593,-1,0.0,0.1929,1.4648,0.0,0.2536,1.108,1.0,0.5634,1.3125,7495,1,4,2.28,0.311,1,1.347,2
SOLUSDT,7495,7510,1681307100,1681321500,LONG,TP1,23.834,24.31109979,27.80983161,23.03883368,0.0,-0.01106447473309735,0.01106447473309735,15,2.23,68.58,0.48216106014271504,0.01855156106215157,2.470643897807759,base,adaptive disabled,1.25,82.5,90,90,70,80,OVERLAP,bullish,bullish,FVG,BOS bullish | Vol 2.2x | FVG | ChoCH | BullWick | Session:OVERLAP | StrongTrend1h | Zone:FVG | MTF 15 | Risk x1.25,BOS+2 | 1h+2 | 4h+2 | Vol+2 | BTC+2 | FVG+1 | ChoCH+1 | BullWick+1 | Zone:FVG+1 | Sess:OVERLAP | Strong1h+1 | QualityRisk:1.15 | RelStrengthRisk:1.25,0,0,-1.0,range,0.5357,0,4.7401,0.1111,1.8326,-1,0.0,0.7281,1.1486,0.0,0.0124,1.825,1.0,0.3365,0.9228515625,7492,0,1,1.703,0.395,1,1.156,0
ADAUSDT,7516,7533,1681326000,1681342200,LONG,TP1,0.40224,0.40626403,0.43577358,0.39553328,0.0,-0.013494524894434241,0.013494524894434241,14,1.98,61.0,0.14398943196829284,0.0065093802114136986,1.8468844377181786,base,adaptive disabled,1.15,71.9,90,67,50,80,OFF_HOURS,bullish,bullish,FVG,BOS bullish | Vol 2.0x | FVG | ChoCH | BullWick | StrongTrend1h | Zone:FVG | MTF 14 | Risk x1.15,BOS+2 | 1h+2 | 4h+2 | Vol+1 | RSI+1 | BTCok+1 | FVG+1 | ChoCH+1 | BullWick+1 | Zone:FVG+1 | Sess:OFF_HOURS | Strong1h+1 | RelStrengthRisk:1.15,0,0,-1.0,range,0.3859,0,2.2824,9.0,1.0486,-1,0.0,0.1715,1.1431,0.562,0.0565,2.259,1.0,0.2,0.5625,7516,1,1,0.144,0.371,1,0.876,2
AAVEUSDT,7531,7561,1681339500,1681367400,LONG,SL,78.81,79.63137801,85.65481676,77.44103665,-0.8710970969383522,-0.8883678295697262,0.017270732631373936,14,1.72,57.11,0.3398058252427126,0.004310932456714076,1.0173800597857896,base,adaptive disabled,1.15,78.5,90,100,50,80,DEAD_ZONE,bullish,bullish,FVG,BOS bullish | Vol 1.7x | FVG | ChoCH | BullWick | StrongTrend1h | Zone:FVG | MTF 14 | Risk x1.15,BOS+2 | 1h+2 | 4h+2 | Vol+1 | RSI+1 | BTCok+1 | FVG+1 | ChoCH+1 | BullWick+1 | Zone:FVG+1 | Sess:DEAD_ZONE | Strong1h+1 | QualityRisk:1.15,0,1,-1.0,bear,0.2015,0,1.7728,0.1111,1.2385,-1,0.0,1.2418,0.487,0.0,0.0707,1.118,1.0,0.0399,0.75,7531,5,5,0.067,0.033,1,1.539,1
ADAUSDT,7545,7575,1681352100,1681380000,LONG,TRAIL,0.40755,0.41263657,0.44993808,0.39907238,0.14995364264970454,0.13913707502813152,0.010816567621573014,16,1.81,66.78,0.41248720573183556,0.005359489831053574,1.1575351623004397,base,adaptive disabled,1.15,78.5,90,100,50,80,OFF_HOURS,bullish,bullish,FVG,BOS bullish | Vol 1.8x | FVG | ChoCH | Engulfing | BullWick | StrongTrend1h | Zone:FVG | MTF 16 | Risk x1.15,BOS+2 | 1h+2 | 4h+2 | Vol+1 | RSI+1 | BTC+2 | FVG+1 | ChoCH+1 | Engulfing+1 | BullWick+1 | Zone:FVG+1 | Sess:OFF_HOURS | Strong1h+1 | QualityRisk:1.15,0,0,-1.0,bull,0.248,0,2.4633,0.0526,1.7514,-1,0.0,0.9708,1.0223,2.651,0.3375,1.712,1.0,0.2715,0.5625,7545,0,5,1.15,0.441,1,1.056,2
BTCUSDT,7549,7573,1681355700,1681378200,LONG,TRAIL,30087.6,30308.69707111,31930.07559254,29719.10488149,0.2100673392241955,0.19801121700074886,0.012056122223446606,13,1.3,62.06,0.37418889689979,0.0033541697121290998,1.3364809327503686,base,adaptive disabled,1.0,74.0,60,100,70,80,OFF_HOURS,neutral,bullish,FVG,BOS bullish | Vol 1.3x | FVG | ChoCH | Zone:FVG | MTF 13,BOS+2 | BodyStrong+1 | 1hN+1 | 4h+2 | Vol+1 | RSI+1 | BTC+2 | FVG+1 | ChoCH+1 | Zone:FVG+1 | Sess:OFF_HOURS,0,0,-1.0,bull,0.3155,0,2.8206,0.1765,1.9316,-1,0.0,0.2687,1.413,10.0,0.2038,1.723,1.0,0.3068,0.369140625,7548,0,1,0.331,2.033,1,0.316,0
SOLUSDT,7566,7573,1681371000,1681378200,LONG,TRAIL,24.081,24.39478394,26.69586618,23.55802676,0.4087207215420848,0.3957701903638547,0.012950531178230104,16,2.43,57.61,0.16857610474632082,0.007929345135459502,1.2615588110569047,base,adaptive disabled,1.25,86.5,90,80,90,80,OFF_HOURS,bullish,bullish,FVG,BOS bullish | Vol 2.4x | FVG | ChoCH | Engulfing | StrongTrend1h | Zone:FVG | MTF 16 | Risk x1.25,BOS+2 | BodyStrong+1 | 1h+2 | 4h+2 | Vol+2 | RSI+1 | BTCok+1 | FVG+1 | ChoCH+1 | Engulfing+1 | Zone:FVG+1 | Sess:OFF_HOURS | Strong1h+1 | QualityRisk:1.15 | RelStrengthRisk:1.25,0,0,-1.0,bull,0.3744,2,2.3214,0.1111,1.5252,-1,0.0,0.3404,1.5743,2.943,-0.0687,2.699,1.0,0.0001,0.703125,7564,0,1,0.062,1.797,1,0.642,1
DOTUSDT,7577,7587,1681380900,1681390800,LONG,TRAIL,6.452,6.50825176,6.92076466,6.35824707,0.6569794672017223,0.6337529931064593,0.023226474095262958,16,2.34,65.83,0.5789473684210484,0.005102769678756828,1.5578026862390026,base,adaptive disabled,1.0,90.5,90,100,90,80,LONDON,bullish,bullish,FVG,BOS bullish | Vol 2.3x | FVG | ChoCH | Session:LONDON | StrongTrend1h | Zone:FVG | MTF 16,BOS+2 | BodyStrong+1 | 1h+2 | 4h+2 | Vol+2 | RSI+1 | BTC+2 | FVG+1 | ChoCH+1 | Zone:FVG+1 | Sess:LONDON | Strong1h+1,0,0,-1.0,range,0.3394,0,2.4824,0.25,1.605,-1,0.0,0.0533,1.6177,0.0,0.1271,1.961,1.0,0.379,0.84375,7574,1,3,1.977,0.092,1,1.103,1
BTCUSDT,7596,7634,1681398000,1681433100,LONG,TP1,30380.3,30599.03816,32203.118,30015.7364,0.0,-0.007031250000000045,0.007031250000000045,14,3.48,71.79,0.5244986561918631,0.00487441971433218,2.5786533952515756,base,adaptive disabled,1.0,82.5,90,90,70,80,NEW_YORK,bullish,bullish,FVG,BOS bullish | Vol 3.5x | FVG | ChoCH | Session:NEW_YORK | StrongTrend1h | Zone:FVG | MTF 14,BOS+2 | 1h+2 | 4h+2 | Vol+2 | BTC+2 | FVG+1 | ChoCH+1 | Zone:FVG+1 | Sess:NEW_YORK | Strong1h+1,0,0,-1.0,bull,0.41,4,4.394,0.0526,3.4646,-1,0.0,0.4891,2.1135,0.0,-0.0798,1.824,1.0,0.4825,0.2109375,7596,0,1,1.221,0.374,1,1.906,3
SOLUSDT,7616,7640,1681416000,1681438500,LONG,TRAIL,24.631,25.298,26.61695257,24.23380949,0.5579816093793335,0.5440286702721027,0.013952939107230883,16,1.58,63.06,0.6257309941520477,0.00588435295002369,0.9991631309180591,base,adaptive disabled,1.15,84.5,90,100,70,80,DEAD_ZONE,bullish,bullish,FVG,BOS bullish | Vol 1.6x | FVG | ChoCH | Discount | StrongTrend1h | Zone:FVG | MTF 16 | Risk x1.15,BOS+2 | BodyStrong+1 | 1h+2 | 4h+2 | Vol+1 | RSI+1 | BTC+2 | FVG+1 | ChoCH+1 | Discount+1 | Zone:FVG+1 | Sess:DEAD_ZONE | Strong1h+1 | QualityRisk:1.15,0,0,-1.0,range,0.5088,0,2.266,0.1765,0.9474,-1,0.0,1.1405,1.057,0.0,0.0013,1.226,1.0,0.1227,0.5625,7614,1,2,0.882,3.306,1,0.957,0
ADAUSDT,7638,7646,1681435800,1681443900,LONG,TRAIL,0.4337,0.44220261,0.50455507,0.41952899,0.24211614228184897,0.2360639364658468,0.006052205816002183,18,2.45,68.36,0.3602305475504301,0.018085417439851762,4.177125214506498,base,adaptive disabled,1.0,86.5,90,80,90,80,OFF_HOURS,bullish,bullish,FVG,BOS bullish | Vol 2.5x | FVG | LiqSweep | ChoCH | Engulfing | BullWick | StrongTrend1h | Zone:FVG | MTF 18,BOS+2 | BodyStrong+1 | 1h+2 | 4h+2 | Vol+2 | BTC+2 | FVG+1 | LiqSweep+1 | ChoCH+1 | Engulfing+1 | BullWick+1 | Zone:FVG+1 | Sess:OFF_HOURS | Strong1h+1,0,0,-1.0,bull,0.3411,0,4.6433,0.1111,4.7985,-1,0.0,0.0353,1.1938,3.472,0.1678,2.852,1.0,0.1911,0.494384765625,7638,0,3,1.782,-1.0,0,0.859,1
SOLUSDT,7642,7647,1681439400,1681444800,LONG,TRAIL,24.775,25.24600534,28.70004447,23.98999111,0.30229554151928323,0.2956383219271586,0.0066572195921246165,19,1.62,64.58,0.3044176706827298,0.01737452275983745,3.2024404450650703,base,adaptive disabled,1.15,79.7,90,76,70,80,OFF_HOURS,bullish,bullish,FVG,BOS bullish | Vol 1.6x | FVG | LiqSweep | ChoCH | BullWick | StrongTrend1h | Zone:FVG | MTF 19 | Risk x1.15,BOS+2 | BodyStrong+1 | 1h+2 | 4h+2 | Vol+1 | RSI+1 | BTC+2 | FVG+1 | LiqSweep+1 | ChoCH+1 | BullWick+1 | Zone:FVG+1 | Sess:OFF_HOURS | Strong1h+1 | NestedOB_1h+2 | QualityRisk:1.15,0,1,-1.0,bear,0.4845,0,3.7817,0.1765,1.3376,-1,0.0,0.1822,1.2845,0.0,0.2622,0.826,1.0,0.3956,0.52734375,7637,22,2,1.484,1.761,1,0.543,0
LINKUSDT,7643,7647,1681440300,1681444800,LONG,TRAIL,7.607,7.73786565,8.69754705,7.38889059,0.4448742032725677,0.4350650494630186,0.009809153809549057,16,2.35,67.53,0.5029940119760475,0.007580386379655859,2.4580226791404356,base,adaptive disabled,1.0,88.5,90,90,90,80,OFF_HOURS,bullish,bullish,FVG,BOS bullish | Vol 2.4x | FVG | ChoCH | StrongTrend1h | Zone:FVG | MTF 16,BOS+2 | BodyStrong+1 | 1h+2 | 4h+2 | Vol+2 | RSI+1 | BTC+2 | FVG+1 | ChoCH+1 | Zone:FVG+1 | Sess:OFF_HOURS | Strong1h+1,0,0,-1.0,range,0.3504,0,2.7176,0.1111,2.6441,-1,0.0,0.0183,1.2073,10.0,0.2414,1.57,1.0,0.3967,0.703125,7643,5,1,0.573,-1.0,0,1.496,2
XRPUSDT,7660,7698,1681455600,1681490700,LONG,SL,0.53234,0.54351914,0.6254995,0.5137081,-0.7196578851324876,-0.7276935994182019,0.008035714285714271,15,1.71,67.9,0.40143603133158906,0.014947007464370764,4.336135216532319,base,adaptive disabled,1.15,80.5,90,80,70,80,OFF_HOURS,bullish,bullish,FVG,BOS bullish | Vol 1.7x | FVG | ChoCH | StrongTrend1h | Zone:FVG | MTF 15 | Risk x1.15,BOS+2 | BodyStrong+1 | 1h+2 | 4h+2 | Vol+1 | RSI+1 | BTC+2 | FVG+1 | ChoCH+1 | Zone:FVG+1 | Sess:OFF_HOURS | Strong1h+1 | RelStrengthRisk:1.15,0,0,-1.0,bull,0.4835,1,6.3312,0.25,4.3048,-1,0.0,1.0766,0.2612,3.022,0.0806,1.121,1.0,0.3019,0.703125,7659,2,5,2.78,-1.0,0,0.64,0
ADAUSDT,7661,7680,1681456500,1681474500,LONG,TRAIL,0.43865,0.44317783,0.47638196,0.43110361,0.33393450378260814,0.320855899310801,0.013078604471807122,16,1.32,54.73,0.4058898847631258,0.0066512042578388665,1.2294152743307918,base,adaptive disabled,1.15,87.5,90,100,80,80,LONDON,bullish,bullish,OB,BOS bullish | Vol 1.3x | FVG | OB | ChoCH | Session:LONDON | StrongTrend1h | Zone:OB | MTF 16 | Risk x1.15,BOS+2 | BodyStrong+1 | 1h+2 | 4h+2 | Vol+1 | RSI+1 | BTC+2 | FVG+1 | OB+1 | ChoCH+1 | Zone:OB+1 | Sess:LONDON | Strong1h+1 | QualityRisk:1.15,0,0,-1.0,range,0.5138,0,2.1132,4.0,0.6843,-1,0.0,0.7487,1.1595,0.0,-0.1293,0.813,1.0,0.238,0.5625,7661,13,3,1.34,1.843,0,1.626,0
ETHUSDT,7683,7692,1681476300,1681485300,LONG,SL,2107.46,2122.633712,2165.87,2082.17048,-2.6249999999999845,-2.6833333333333185,0.05833333333333377,17,1.43,57.94,0.2464307883302153,0.004196873727106949,1.2503378152226876,base,adaptive disabled,1.15,76.3,90,89,50,80,OVERLAP,bullish,bullish,FVG,BOS bullish | Vol 1.4x | FVG | ChoCH | Engulfing | Session:OVERLAP | StrongTrend1h | Zone:FVG | MTF 17 | Risk x1.15,BOS+2 | 1h+2 | 4h+2 | Vol+1 | RSI+1 | BTC+2 | FVG+1 | ChoCH+1 | Engulfing+1 | Zone:FVG+1 | Sess:OVERLAP | Strong1h+1 | NestedOB_1h+2 | QualityRisk:1.15,0,0,-1.0,range,0.7416,0,2.1438,0.1765,2.6775,-1,0.0,1.6774,0.2386,0.0,0.0602,0.953,1.0,0.0821,1.75,7682,35,1,0.197,1.198,1,1.413,0
ETHUSDT,7716,7907,1681506000,1681678800,LONG,EXPIRED,2102.15,2146.15930903,2468.89424191,2028.80115162,0.20624045685937215,0.19764257135839194,0.008597885500980222,17,2.06,67.16,0.44877238323795676,0.0076831992102550485,1.639962945687501,base,adaptive disabled,1.0,84.5,90,100,70,80,DEAD_ZONE,bullish,bullish,FVG,BOS bullish | Vol 2.1x | FVG | ChoCH | StrongTrend1h | Zone:FVG | MTF 17,BOS+2 | 1h+2 | 4h+2 | Vol+2 | RSI+1 | BTC+2 | FVG+1 | ChoCH+1 | Zone:FVG+1 | Sess:DEAD_ZONE | Strong1h+1 | NestedOB_1h+2,0,0,-1.0,range,0.2607,0,3.8097,0.1111,1.483,-1,0.0,0.4365,0.9964,1.017,0.4381,1.141,1.0,0.2681,0.75,7715,0,1,1.623,0.952,1,1.051,6
AAVEUSDT,7717,7791,1681506900,1681574400,LONG,TRAIL,82.45,84.15789931,96.68249428,79.60350114,0.7492757260405148,0.73026717723681,0.019008548803704797,15,8.39,63.95,0.426008968609866,0.006547459215517445,1.2653345600236365,base,adaptive disabled,1.15,74.0,60,100,70,80,DEAD_ZONE,neutral,bullish,FVG,BOS bullish | Vol 8.4x | FVG | ChoCH | Zone:FVG | MTF 15 | Risk x1.15,BOS+2 | 1hN+1 | 4h+2 | Vol+2 | RSI+1 | BTC+2 | FVG+1 | ChoCH+1 | Zone:FVG+1 | Sess:DEAD_ZONE | NestedOB_1h+2 | QualityRisk:1.15,0,0,-1.0,range,0.2476,0,3.1899,0.1111,5.6148,-1,0.0,0.4918,1.0832,1.067,0.1362,5.127,1.0,0.5286,1.640625,7716,0,4,1.994,2.078,1,0.63,3
ADAUSDT,7726,7753,1681515000,1681540200,LONG,TRAIL,0.4363,0.44161854,0.48062119,0.42743576,0.31411322346867493,0.303038669981856,0.011074553486818921,14,1.49,58.23,0.14325452016689666,0.002920001188608582,0.5525461899584581,base,adaptive disabled,1.25,80.9,90,67,80,80,DEAD_ZONE,bullish,bullish,OB,BOS bullish | Vol 1.5x | OB | ChoCH | StrongTrend1h | Zone:OB | MTF 14 | Risk x1.25,BOS+2 | BodyStrong+1 | 1h+2 | 4h+2 | Vol+1 | RSI+1 | BTCok+1 | OB+1 | ChoCH+1 | Zone:OB+1 | Sess:DEAD_ZONE | Strong1h+1 | QualityRisk:1.15 | RelStrengthRisk:1.25,0,0,-1.0,bull,0.3462,0,1.9862,0.1111,1.1248,-1,0.0,0.5923,1.0698,0.271,0.2281,2.876,1.0,0.2068,0.5625,7726,7,6,0.431,3.008,0,0.518,0
XLMUSDT,7761,7828,1681546500,1681607700,LONG,SL,0.10699,0.10776033,0.1134094,0.10570612,-1.9491697043337375,-2.0075030376670706,0.058333333333333286,15,1.51,60.05,0.2554744525547475,0.001992909242393462,0.8506533818203882,base,adaptive disabled,1.15,72.0,60,90,70,80,LONDON,neutral,bullish,FVG,BOS bullish | Vol 1.5x | FVG | ChoCH | Session:LONDON | Zone:FVG | MTF 15 | Risk x1.15,BOS+2 | BodyStrong+1 | 1hN+1 | 4h+2 | Vol+1 | RSI+1 | BTC+2 | FVG+1 | ChoCH+1 | Zone:FVG+1 | Sess:LONDON | NestedOB_1h+2 | QualityRisk:1.15,0,0,-1.0,range,0.1739,0,2.8786,0.0526,1.52,-1,0.0,1.254,0.7529,2.5,0.0928,1.917,1.0,0.2415,1.75,7761,0,2,0.828,0.789,1,0.789,7
DOTUSDT,7798,7870,1681579800,1681645500,LONG,SL,6.802,6.86626801,7.33756677,6.69488665,-0.32788717512803056,-0.33592425103873647,0.008037075910705833,14,1.93,68.9,0.43243243243243373,0.005024207099050258,1.604875296234843,base,adaptive disabled,1.15,84.5,90,100,70,80,OFF_HOURS,bullish,bullish,FVG,BOS bullish | Vol 1.9x | FVG | ChoCH | BullWick | StrongTrend1h | Zone:FVG | MTF 14 | Risk x1.15,BOS+2 | BodyStrong+1 | 1h+2 | 4h+2 | Vol+1 | BTCok+1 | FVG+1 | ChoCH+1 | BullWick+1 | Zone:FVG+1 | Sess:OFF_HOURS | Strong1h+1 | RelStrengthRisk:1.15,0,0,-1.0,range,0.4968,0,4.0531,0.0526,5.4654,-1,0.0,1.1203,0.5757,4.0,0.2075,1.278,1.0,0.4559,0.31640625,7797,16,3,1.546,-1.0,0,2.507,5
ADAUSDT,7830,7869,1681608600,1681644600,LONG,SL,0.45096,0.45420691,0.4780176,0.44554848,-0.5673321718355051,-0.5838116640230051,0.016479492187499993,17,3.36,45.9,0.2752538749331901,0.010485205320232139,2.1250488426939493,base,adaptive disabled,1.0,81.1,90,83,70,80,OFF_HOURS,bullish,bullish,FVG,BOS bullish | Vol 3.4x | FVG | LiqSweep | ChoCH | Discount | BullWick | StrongTrend1h | Zone:FVG | MTF 17,BOS+2 | 1h+2 | 4h+2 | Vol+2 | RSI+1 | BTCok+1 | FVG+1 | LiqSweep+1 | ChoCH+1 | Discount+1 | BullWick+1 | Zone:FVG+1 | Sess:OFF_HOURS | Strong1h+1,0,0,-1.0,bull,0.6252,1,3.9504,0.1765,2.39,-1,0.0,1.4063,1.4291,0.0,0.1522,1.95,-1.0,0.2721,0.494384765625,7830,15,3,1.993,3.896,0,1.722,0
DOTUSDT,7888,7900,1681660800,1681672500,LONG,TRAIL,6.755,6.81721003,7.27341688,6.65131662,0.8815404051636947,0.8558874871164627,0.025652918047231955,16,1.67,62.98,0.42372881355932257,0.0037969444621156674,1.2253282200065565,base,adaptive disabled,1.0,74.0,60,100,70,80,NEW_YORK,neutral,bullish,FVG,BOS bullish | Vol 1.7x | FVG | LiqSweep | ChoCH | Session:NEW_YORK | Zone:FVG | MTF 16,BOS+2 | BodyStrong+1 | 1hN+1 | 4h+2 | Vol+1 | RSI+1 | BTC+2 | FVG+1 | LiqSweep+1 | ChoCH+1 | Zone:FVG+1 | Sess:NEW_YORK | NestedOB_1h+2,0,0,-1.0,range,0.2752,3,3.16,0.0526,1.719,-1,0.0,0.2025,2.0093,3.0,0.0798,1.372,1.0,0.0412,0.984375,7888,0,5,1.499,0.284,1,1.215,2
AVAXUSDT,7894,7903,1681666200,1681675200,LONG,TRAIL,19.25,19.46310336,21.02586132,18.89482774,0.52659306782574,0.5052521908664864,0.02134087695925353,17,1.63,65.9,0.5862068965517174,0.003464293575269049,1.3219744283295787,base,adaptive disabled,1.0,74.0,60,100,70,80,OFF_HOURS,neutral,bullish,FVG,BOS bullish | Vol 1.6x | FVG | LiqSweep | MACD_Div | ChoCH | Zone:FVG | MTF 17,BOS+2 | BodyStrong+1 | 1hN+1 | 4h+2 | Vol+1 | RSI+1 | BTC+2 | FVG+1 | LiqSweep+1 | MACD_Div+1 | ChoCH+1 | Zone:FVG+1 | Sess:OFF_HOURS | NestedOB_1h+2,0,1,-1.0,bear,0.1714,0,2.6085,0.0526,1.1636,-1,0.0,0.2252,1.1731,3.0,-0.0227,2.124,-1.0,-0.0317,0.984375,7893,0,5,1.995,0.614,1,0.767,3
XRPUSDT,7901,7922,1681672500,1681692300,LONG,SL,0.52286,0.52662459,0.5542316,0.51658568,-1.125,-1.1500000000000004,0.025000000000000223,16,2.54,65.14,0.514893617021272,0.0033112076316725567,1.384832482352002,base,adaptive disabled,1.0,84.5,90,100,70,80,DEAD_ZONE,bullish,bullish,FVG,BOS bullish | Vol 2.5x | FVG | ChoCH | Engulfing | StrongTrend1h | Zone:FVG | MTF 16,BOS+2 | 1h+2 | 4h+2 | Vol+2 | RSI+1 | BTC+2 | FVG+1 | ChoCH+1 | Engulfing+1 | Zone:FVG+1 | Sess:DEAD_ZONE | Strong1h+1,0,0,-1.0,bull,0.2935,0,2.8238,0.0526,2.6517,-1,0.0,2.3381,0.3984,9.075,0.035,1.84,1.0,0.0694,0.75,7901,0,1,0.661,0.728,1,1.382,1
NEARUSDT,7904,7907,1681675200,1681678800,LONG,TRAIL,2.32,2.34778185,2.55151545,2.27369691,0.7808923080199492,0.7558399842981414,0.02505232372180783,16,2.32,56.89,0.15294117647058714,0.007715443889310403,1.77763827217423,base,adaptive disabled,1.15,89.1,90,78,100,80,DEAD_ZONE,bullish,bullish,OB,BOS bullish | Vol 2.3x | FVG | OB | ChoCH | StrongTrend1h | Zone:OB | MTF 16 | Risk x1.15,BOS+2 | BodyStrong+1 | 1h+2 | 4h+2 | Vol+2 | RSI+1 | BTCok+1 | FVG+1 | OB+1 | ChoCH+1 | Zone:OB+1 | Sess:DEAD_ZONE | Strong1h+1 | QualityRisk:1.15,0,0,-1.0,range,0.5143,0,3.6576,0.1111,1.8311,-1,0.0,0.4319,1.1878,0.722,0.157,0.953,1.0,0.4439,1.25,7904,5,6,0.488,0.325,1,2.438,4
AAVEUSDT,7932,7982,1681700400,1681746300,LONG,SL,83.56,85.25469171,97.68243096,80.73551381,-0.9791603902301256,-0.9902544434108211,0.011094053180695488,17,3.39,59.61,0.2330383480825925,0.008901285161572944,2.122829349821045,base,adaptive disabled,1.25,79.9,90,77,70,80,OFF_HOURS,bullish,bullish,FVG,BOS bullish | Vol 3.4x | FVG | LiqSweep | ChoCH | Engulfing | StrongTrend1h | Zone:FVG | MTF 17 | Risk x1.25,BOS+2 | 1h+2 | 4h+2 | Vol+2 | RSI+1 | BTC+2 | FVG+1 | LiqSweep+1 | ChoCH+1 | Engulfing+1 | Zone:FVG+1 | Sess:OFF_HOURS | Strong1h+1 | QualityRisk:1.15 | RelStrengthRisk:1.25,0,0,-1.0,range,0.296,0,3.7911,0.0526,3.3616,-1,0.0,1.3702,0.3954,0.0,-0.0681,2.012,-1.0,-0.1529,0.9375,7932,0,1,0.124,0.142,1,1.683,3
LINKUSDT,7937,8043,1681704900,1681801200,LONG,TRAIL,8.19,8.36199,9.62325,7.90335,0.3495388540031422,0.34200537186028507,0.0075334821428571465,16,3.29,68.64,0.6943005181347136,0.011046203829128923,2.2925121485660203,base,adaptive disabled,1.0,82.5,90,90,70,80,OFF_HOURS,bullish,bullish,FVG,BOS bullish | Vol 3.3x | FVG | LiqSweep | ChoCH | BullWick | StrongTrend1h | Zone:FVG | MTF 16,BOS+2 | 1h+2 | 4h+2 | Vol+2 | BTC+2 | FVG+1 | LiqSweep+1 | ChoCH+1 | BullWick+1 | Zone:FVG+1 | Sess:OFF_HOURS | Strong1h+1,0,1,-1.0,bear,0.211,1,2.5295,0.25,0.9854,-1,0.0,0.9105,1.0873,0.0,0.3662,2.796,1.0,0.3559,0.6591796875,7933,0,1,1.436,-1.0,0,0.8,0
AVAXUSDT,7975,8042,1681739100,1681800300,LONG,TRAIL,20.85,21.28785,24.49875,20.12025,0.6440561836245249,0.6326276121959535,0.011428571428571385,15,1.33,61.16,0.360000000000002,0.010114723724238888,1.3136497436918462,base,adaptive disabled,1.0,84.5,90,100,70,80,NEW_YORK,bullish,bullish,FVG,BOS bullish | Vol 1.3x | FVG | MACD_Div | ChoCH | Session:NEW_YORK | StrongTrend1h | Zone:FVG | MTF 15,BOS+2 | BodyStrong+1 | 1h+2 | 4h+2 | Vol+1 | RSI+1 | BTCok+1 | FVG+1 | MACD_Div+1 | ChoCH+1 | Zone:FVG+1 | Sess:NEW_YORK | Strong1h+1,0,1,-1.0,bear,0.0588,1,2.2955,0.1765,1.5599,-1,0.0,0.7948,1.416,0.0,0.1667,0.869,1.0,0.2711,1.0,7975,30,3,0.765,1.118,1,1.53,0
XRPUSDT,7984,8045,1681747200,1681803000,SHORT,SL,0.50828,0.50319213,0.46588108,0.51675978,-0.791588932731742,-0.8095710030213015,0.017982070289559296,14,1.34,32.19,0.23260869565217482,0.004818222569249359,1.6596998215765573,base,adaptive disabled,1.15,75.9,90,87,50,80,NEW_YORK,bearish,bearish,FVG,BOS bearish | Vol 1.3x | FVG | ChoCH | Session:NEW_YORK | StrongTrend1h | Zone:FVG | MTF 14 | Risk x1.15,BOS+2 | 1h+2 | 4h+2 | Vol+1 | RSI+1 | BTC+2 | FVG+1 | ChoCH+1 | Zone:FVG+1 | Sess:NEW_YORK | Strong1h+1 | TrendPairRisk:1.15,0,0,-1.0,range,0.231,0,3.3813,0.0526,1.2844,-1,0.0,1.0602,0.2319,0.468,-0.0034,1.281,1.0,-0.4591,0.75,7984,0,1,0.915,5.445,0,1.048,3
BTCUSDT,8020,8022,1681779600,1681782300,SHORT,TRAIL,29376.8,29165.28704,27614.192,29729.3216,0.06789477580948114,0.058519775809481145,0.009374999999999998,15,1.59,37.87,0.45865209471767376,0.0029663462465333427,1.392950707078218,base,adaptive disabled,1.15,84.5,90,100,70,80,OFF_HOURS,bearish,bearish,FVG,BOS bearish | Vol 1.6x | FVG | ChoCH | StrongTrend1h | Zone:FVG | MTF 15 | Risk x1.15,BOS+2 | BodyStrong+1 | 1h+2 | 4h+2 | Vol+1 | RSI+1 | BTC+2 | FVG+1 | ChoCH+1 | Zone:FVG+1 | Sess:OFF_HOURS | Strong1h+1 | TrendPairRisk:1.15,0,0,-1.0,bear,0.3897,0,3.3429,0.1111,4.161,-1,0.0,0.1506,1.3489,0.0,-0.1286,1.73,1.0,-0.3728,0.28125,8020,0,1,0.075,2.022,1,0.92,2
SOLUSDT,8064,8086,1681819200,1681839900,LONG,SL,25.33,25.68786681,28.31222342,24.73355532,-1.1717872141973003,-1.1885091128652538,0.01672189866795365,15,1.62,66.32,0.386466165413527,0.005707693645902991,1.2309592629714483,base,adaptive disabled,1.15,84.5,90,100,70,80,OVERLAP,bullish,bullish,FVG,BOS bullish | Vol 1.6x | FVG | ChoCH | Session:OVERLAP | StrongTrend1h | Zone:FVG | MTF 15 | Risk x1.15,BOS+2 | BodyStrong+1 | 1h+2 | 4h+2 | Vol+1 | RSI+1 | BTC+2 | FVG+1 | ChoCH+1 | Zone:FVG+1 | Sess:OVERLAP | Strong1h+1 | QualityRisk:1.15,0,0,-1.0,bull,0.1914,0,2.3461,0.0526,1.6262,-1,0.0,1.3899,0.204,7.343,-0.0093,1.864,1.0,0.0688,0.984375,8064,0,1,0.102,0.91,1,0.871,2
ETHUSDT,8065,8086,1681820100,1681839900,LONG,SL,2117.02,2134.05300744,2258.96172863,2088.63165427,-1.0350583309596766,-1.0644216701597873,0.0293633392001107,13,1.75,69.75,0.33037365889751275,0.005563515749530568,2.403153202372635,base,adaptive disabled,1.0,76.3,90,89,50,80,OVERLAP,bullish,bullish,FVG,BOS bullish | Vol 1.8x | FVG | ChoCH | Session:OVERLAP | StrongTrend1h | Zone:FVG | MTF 13,BOS+2 | 1h+2 | 4h+2 | Vol+1 | BTC+2 | FVG+1 | ChoCH+1 | Zone:FVG+1 | Sess:OVERLAP | Strong1h+1,0,0,-1.0,range,0.2782,0,4.0163,0.1765,4.3414,-1,0.0,1.191,0.1556,2.89,-0.0001,1.48,1.0,0.062,0.984375,8065,1,2,1.058,5.027,0,1.179,0
DOTUSDT,8113,8139,1681863300,1681887600,LONG,SL,6.9,6.94982414,7.31520115,6.81695977,-0.738346943403216,-0.7570427008692058,0.018695757465989695,17,1.97,53.56,0.16981132075471667,0.0038527191929098037,0.9441913965047407,base,adaptive disabled,1.15,74.5,90,80,50,80,OFF_HOURS,bullish,bullish,FVG,BOS bullish | Vol 2.0x | FVG | ChoCH | BullWick | StrongTrend1h | Zone:FVG | MTF 17 | Risk x1.15,BOS+2 | 1h+2 | 4h+2 | Vol+1 | RSI+1 | BTC+2 | FVG+1 | ChoCH+1 | BullWick+1 | Zone:FVG+1 | Sess:OFF_HOURS | Strong1h+1 | NestedOB_1h+2 | QualityRisk:1.15,0,0,-1.0,bull,0.3814,0,2.1267,0.1765,1.6044,-1,0.0,1.4692,0.2609,0.75,0.3097,1.566,1.0,0.0989,0.5625,8113,8,2,0.304,3.168,0,1.259,0
ETHUSDT,8113,8140,1681863300,1681888500,LONG,SL,2102.5,2123.34693399,2276.2244499,2067.75511002,-1.3160928132546066,-1.3478618734138235,0.031769060159216975,15,1.35,62.31,0.5595286468915246,0.00398460580359542,1.359033814333616,base,adaptive disabled,1.0,68.0,60,100,50,80,OFF_HOURS,neutral,bullish,FVG,BOS bullish | Vol 1.4x | FVG | ChoCH | BullWick | Zone:FVG | MTF 15,BOS+2 | 1hN+1 | 4h+2 | Vol+1 | RSI+1 | BTC+2 | FVG+1 | ChoCH+1 | BullWick+1 | Zone:FVG+1 | Sess:OFF_HOURS | NestedOB_1h+2,0,0,-1.0,range,0.1866,0,2.7773,0.1765,2.0799,-1,0.0,1.0733,0.1142,1.788,0.2985,1.646,1.0,0.2884,1.3125,8113,1,3,0.936,0.041,1,0.823,0
XRPUSDT,8136,8143,1681884000,1681891200,LONG,SL,0.53335,0.54026629,0.59098571,0.52182286,-0.5650794559621922,-0.5754899957838653,0.010410539821673035,16,2.82,64.72,0.503054989816715,0.003676730848519464,1.1273027794435821,base,adaptive disabled,1.15,90.5,90,100,90,80,OFF_HOURS,bullish,bullish,FVG,BOS bullish | Vol 2.8x | FVG | ChoCH | StrongTrend1h | Zone:FVG | MTF 16 | Risk x1.15,BOS+2 | BodyStrong+1 | 1h+2 | 4h+2 | Vol+2 | RSI+1 | BTC+2 | FVG+1 | ChoCH+1 | Zone:FVG+1 | Sess:OFF_HOURS | Strong1h+1 | QualityRisk:1.15,0,0,-1.0,range,0.0085,2,2.6278,0.0526,2.8877,-1,0.0,1.1165,0.0116,0.0,0.2075,2.061,1.0,0.4075,0.5625,8136,26,6,2.057,3.113,1,1.368,1
XLMUSDT,8141,8145,1681888500,1681893000,SHORT,TRAIL,0.10434,0.10356894,0.09791449,0.1056251,3.4124897867870283,3.364535687884219,0.047954098902809224,13,3.06,31.28,0.6774193548387085,0.0025948907609751894,1.0925528070389492,base,adaptive disabled,1.15,80.0,60,100,90,80,LONDON,neutral,bearish,FVG,BOS bearish | Vol 3.1x | FVG | ChoCH | Session:LONDON | Zone:FVG | MTF 13 | Risk x1.15,BOS+2 | BodyStrong+1 | 1hN+1 | 4h+2 | Vol+2 | BTC+2 | FVG+1 | ChoCH+1 | Zone:FVG+1 | Sess:LONDON | QualityRisk:1.15,0,0,-1.0,bear,0.3082,0,4.4511,0.0526,3.0884,-1,0.0,0.0156,12.6449,8.077,-0.1472,3.379,1.0,-0.3077,1.4765625,8141,2,4,2.49,0.868,1,0.905,4
SOLUSDT,8183,8198,1681926300,1681940700,SHORT,TRAIL,23.112,22.73948717,21.777,23.73285471,0.26500765372303914,0.25715527309118413,0.007852380631855034,21,2.37,39.65,0.5022761760242874,0.010547654088114514,1.6671840279072554,base,adaptive disabled,1.25,87.5,90,100,80,80,OFF_HOURS,bearish,bearish,OB,BOS bearish | Vol 2.4x | FVG | OB | LiqSweep | ChoCH | Engulfing | Premium | StrongTrend1h | Zone:OB | 💎PREMIUM | MTF 21 | Risk x1.25,BOS+2 | 1h+2 | 4h+2 | Vol+2 | RSI+1 | BTCok+1 | FVG+1 | OB+1 | LiqSweep+1 | ChoCH+1 | Engulfing+1 | Premium+1 | Zone:OB+1 | Sess:OFF_HOURS | Strong1h+1 | 💎Premium+3 | QualityRisk:1.15 | TrendPairRisk:1.25,1,0,-1.0,range,0.3919,3,3.4974,0.0526,2.3239,-1,0.0,0.2174,1.3181,0.0,0.127,1.38,-1.0,-0.2482,0.52734375,8183,21,1,0.602,6.947,0,1.719,2
XLMUSDT,8204,8282,1681945200,1682016300,SHORT,TRAIL,0.09785,0.09459,0.0899653,0.09942694,0.8560883736857487,0.8456173427651049,0.010471030920643786,14,1.31,37.01,0.2822580645161264,0.00696066693458735,2.0749115365194863,base,adaptive disabled,1.15,81.1,90,83,70,80,DEAD_ZONE,bearish,bearish,FVG,BOS bearish | Vol 1.3x | FVG | ChoCH | StrongTrend1h | Zone:FVG | MTF 14 | Risk x1.15,BOS+2 | BodyStrong+1 | 1h+2 | 4h+2 | Vol+1 | RSI+1 | BTCok+1 | FVG+1 | ChoCH+1 | Zone:FVG+1 | Sess:DEAD_ZONE | Strong1h+1 | TrendPairRisk:1.15,0,0,-1.0,range,0.4091,1,2.8997,0.5385,2.2401,-1,0.0,0.4122,1.0123,7.0,0.1503,1.402,1.0,-0.2258,0.421875,8199,0,1,0.836,8.011,0,0.442,0
SOLUSDT,8207,8273,1681947900,1682008200,SHORT,TRAIL,22.651,21.777,18.91803926,23.39759215,0.2903034558426564,0.2855037014059469,0.004799754436709511,15,1.6,34.23,0.3588070829450141,0.015001765538508549,2.2926053401020585,base,adaptive disabled,1.25,82.5,90,90,70,80,DEAD_ZONE,bearish,bearish,FVG,BOS bearish | Vol 1.6x | FVG | ChoCH | StrongTrend1h | Zone:FVG | MTF 15 | Risk x1.25,BOS+2 | BodyStrong+1 | 1h+2 | 4h+2 | Vol+1 | RSI+1 | BTC+2 | FVG+1 | ChoCH+1 | Zone:FVG+1 | Sess:DEAD_ZONE | Strong1h+1 | QualityRisk:1.15 | TrendPairRisk:1.25,0,0,-1.0,bear,0.4958,0,5.0583,0.1111,5.6283,-1,0.0,0.7072,1.1831,7.264,0.0893,2.08,1.0,-0.4889,0.3955078125,8207,0,1,0.019,4.105,1,0.77,5
ADAUSDT,8257,8271,1681992900,1682006400,SHORT,TRAIL,0.41485,0.4101255,0.37547914,0.42272417,0.7325772113124261,0.7118325248883333,0.02074468642409292,16,2.33,32.12,0.7402597402597351,0.0049678196776254,1.1019622868489163,base,adaptive disabled,1.25,90.5,90,100,90,80,OVERLAP,bearish,bearish,FVG,BOS bearish | Vol 2.3x | FVG | ChoCH | Session:OVERLAP | StrongTrend1h | Zone:FVG | MTF 16 | Risk x1.25,BOS+2 | BodyStrong+1 | 1h+2 | 4h+2 | Vol+2 | RSI+1 | BTC+2 | FVG+1 | ChoCH+1 | Zone:FVG+1 | Sess:OVERLAP | Strong1h+1 | QualityRisk:1.15 | TrendPairRisk:1.25,0,0,-1.0,bear,0.4135,0,3.6151,0.0526,3.2027,-1,0.0,0.4254,2.0362,3.257,-0.1224,1.934,1.0,-0.1093,0.984375,8255,0,2,1.384,0.729,1,1.396,4
LINKUSDT,8303,8331,1682034300,1682060400,SHORT,TRAIL,7.521,7.43037551,6.76579596,7.67204081,0.3227604512978941,0.30408751780395965,0.018672933493934462,14,1.42,39.24,0.22374429223744433,0.005852538631268757,0.8003851107553306,base,adaptive disabled,1.25,75.7,90,86,50,80,DEAD_ZONE,bearish,bearish,FVG,BOS bearish | Vol 1.4x | FVG | ChoCH | BearWick | StrongTrend1h | Zone:FVG | MTF 14 | Risk x1.25,BOS+2 | 1h+2 | 4h+2 | Vol+1 | RSI+1 | BTCok+1 | FVG+1 | ChoCH+1 | BearWick+1 | Zone:FVG+1 | Sess:DEAD_ZONE | Strong1h+1 | QualityRisk:1.15 | TrendPairRisk:1.25,0,1,-1.0,bull,0.3774,2,2.4788,5.6667,0.7052,-1,0.0,0.5892,1.6,0.0,0.0188,2.457,-1.0,0.1786,0.9375,8303,0,1,0.519,0.749,1,0.576,1
AVAXUSDT,8306,8328,1682037000,1682057700,SHORT,TRAIL,18.38,18.19263839,16.81865321,18.69226936,0.40830134599179957,0.3906435136639658,0.017657832327833783,16,1.52,38.97,0.23287671232877047,0.007464734797169929,1.0548244478827624,base,adaptive disabled,1.25,81.9,90,87,70,80,OFF_HOURS,bearish,bearish,FVG,BOS bearish | Vol 1.5x | FVG | ChoCH | BearWick | StrongTrend1h | Zone:FVG | MTF 16 | Risk x1.25,BOS+2 | BodyStrong+1 | 1h+2 | 4h+2 | Vol+1 | RSI+1 | BTC+2 | FVG+1 | ChoCH+1 | BearWick+1 | Zone:FVG+1 | Sess:OFF_HOURS | Strong1h+1 | QualityRisk:1.15 | TrendPairRisk:1.25,0,0,-1.0,range,0.4571,1,1.7993,0.0526,1.6665,-1,0.0,0.4483,1.4411,0.0,0.0149,0.884,-1.0,0.0037,0.75,8306,6,6,0.9,0.491,1,1.718,0
LINKUSDT,8335,8353,1682063100,1682080200,SHORT,TRAIL,7.477,7.38222127,6.68717726,7.63496455,0.33383676907255544,0.32052424895332615,0.013312520119229286,15,6.48,35.11,0.5670995670995668,0.009656035924950415,1.9126574317912786,base,adaptive disabled,1.15,82.5,90,90,70,80,OFF_HOURS,bearish,bearish,FVG,BOS bearish | Vol 6.5x | FVG | ChoCH | StrongTrend1h | Zone:FVG | MTF 15 | Risk x1.15,BOS+2 | 1h+2 | 4h+2 | Vol+2 | RSI+1 | BTC+2 | FVG+1 | ChoCH+1 | Zone:FVG+1 | Sess:OFF_HOURS | Strong1h+1 | TrendPairRisk:1.15,0,0,-1.0,range,0.472,0,3.336,0.25,2.6542,-1,0.0,0.6267,1.551,0.0,0.0318,2.884,1.0,-0.2996,0.703125,8332,0,4,1.468,-1.0,0,0.89,1
ETHUSDT,8336,8347,1682064000,1682074800,SHORT,TRAIL,1930.78,1914.32667649,1793.66897078,1958.20220584,0.2699454611051825,0.25410335480145424,0.0158421063037283,15,9.01,28.03,0.774671990872788,0.006530931460945332,2.03600477915474,base,adaptive disabled,1.15,88.5,90,90,90,80,OFF_HOURS,bearish,bearish,FVG,BOS bearish | Vol 9.0x | FVG | ChoCH | StrongTrend1h | Zone:FVG | MTF 15 | Risk x1.15,BOS+2 | BodyStrong+1 | 1h+2 | 4h+2 | Vol+2 | BTC+2 | FVG+1 | ChoCH+1 | Zone:FVG+1 | Sess:OFF_HOURS | Strong1h+1 | TrendPairRisk:1.15,0,0,-1.0,range,0.6485,0,4.9674,0.3333,2.7802,-1,0.0,0.1488,1.3244,0.0,-0.0639,2.604,1.0,-0.2547,0.5625,8331,2,4,2.532,0.786,1,2.314,0
DOTUSDT,8351,8374,1682077500,1682099100,SHORT,TRAIL,6.053,5.98767912,5.5086593,6.16186814,1.205586868665151,1.17639719940103,0.029189669264120737,15,1.83,38.82,0.2479999999999958,0.004251067661345156,1.0262077334657103,base,adaptive disabled,1.25,76.3,90,89,50,80,OVERLAP,bearish,bearish,FVG,BOS bearish | Vol 1.8x | FVG | ChoCH | BearWick | Session:OVERLAP | StrongTrend1h | Zone:FVG | MTF 15 | Risk x1.25,BOS+2 | 1h+2 | 4h+2 | Vol+1 | RSI+1 | BTC+2 | FVG+1 | ChoCH+1 | BearWick+1 | Zone:FVG+1 | Sess:OVERLAP | Strong1h+1 | QualityRisk:1.15 | TrendPairRisk:1.25,0,0,-1.0,range,0.391,1,2.9065,-1.0,-1.0,-1,0.0,0.4133,2.0361,0.0,-0.0769,1.957,1.0,-0.3472,1.3125,8351,2,3,0.933,1.22,1,0.933,0
AVAXUSDT,8353,8374,1682079300,1682099100,SHORT,TRAIL,17.9,17.59563024,15.36358531,18.40728294,0.788514591087956,0.7744001799074816,0.01411441118047446,16,3.0,35.47,0.4883720930232581,0.007280301429941371,1.6353377087097154,base,adaptive disabled,1.15,84.5,90,100,70,80,OVERLAP,bearish,bearish,FVG,BOS bearish | Vol 3.0x | FVG | ChoCH | Session:OVERLAP | StrongTrend1h | Zone:FVG | MTF 16 | Risk x1.15,BOS+2 | 1h+2 | 4h+2 | Vol+2 | RSI+1 | BTCok+1 | FVG+1 | ChoCH+1 | Zone:FVG+1 | Sess:OVERLAP | Strong1h+1 | NestedOB_1h+2 | TrendPairRisk:1.15,0,0,-1.0,bear,0.3651,1,3.2624,0.0526,3.0916,-1,0.0,0.3351,1.7742,0.0,0.018,1.609,1.0,-0.3029,1.0,8353,3,2,0.093,0.093,1,1.864,0
ETHUSDT,8354,8361,1682080200,1682087400,SHORT,TP1,1918.26,1902.82641531,1789.64679421,1943.98264116,0.0,-0.029829907248918017,0.029829907248918017,16,4.07,37.27,0.5817875210792651,0.006261101344918991,1.951885781876213,base,adaptive disabled,1.15,82.5,90,90,70,80,OVERLAP,bearish,bearish,FVG,BOS bearish | Vol 4.1x | FVG | ChoCH | Session:OVERLAP | StrongTrend1h | Zone:FVG | MTF 16 | Risk x1.15,BOS+2 | 1h+2 | 4h+2 | Vol+2 | RSI+1 | BTCok+1 | FVG+1 | ChoCH+1 | Zone:FVG+1 | Sess:OVERLAP | Strong1h+1 | NestedOB_1h+2 | TrendPairRisk:1.15,0,0,-1.0,range,0.6284,0,2.9673,0.1111,2.9853,-1,0.0,0.2231,1.0153,0.0,0.1164,1.889,1.0,-0.1719,1.0,8353,5,5,0.86,1.602,1,1.229,1
LINKUSDT,8375,8381,1682099100,1682105400,SHORT,TRAIL,7.312,7.18185019,6.22741823,7.52891635,0.6515328374278858,0.6420522242790844,0.009480613148801371,13,1.34,35.01,0.4488888888888877,0.00876216295701294,1.5083146560159484,base,adaptive disabled,1.15,78.5,90,100,50,80,OFF_HOURS,bearish,bearish,FVG,BOS bearish | Vol 1.3x | FVG | ChoCH | StrongTrend1h | Zone:FVG | MTF 13 | Risk x1.15,BOS+2 | 1h+2 | 4h+2 | Vol+1 | RSI+1 | BTCok+1 | FVG+1 | ChoCH+1 | Zone:FVG+1 | Sess:OFF_HOURS | Strong1h+1 | TrendPairRisk:1.15,0,0,-1.0,bear,0.2743,0,2.7402,0.1111,3.3846,-1,0.0,0.1429,2.1667,10.0,-0.0204,1.148,1.0,-0.3093,0.703125,8375,0,1,0.227,-1.0,0,1.172,1
ETHUSDT,8500,8572,1682211600,1682277300,SHORT,TRAIL,1857.89,1841.279037,1719.4653083,1885.57493834,0.5025295642395937,0.46729769057525083,0.0352318736643429,15,1.61,35.36,0.5199004975124447,0.005630077206002217,2.3063156442825,base,adaptive disabled,1.0,72.0,60,90,70,80,OFF_HOURS,neutral,bearish,FVG,BOS bearish | Vol 1.6x | FVG | ChoCH | Zone:FVG | MTF 15,BOS+2 | BodyStrong+1 | 1hN+1 | 4h+2 | Vol+1 | RSI+1 | BTC+2 | FVG+1 | ChoCH+1 | Zone:FVG+1 | Sess:OFF_HOURS | NestedOB_1h+2,0,0,-1.0,range,0.3322,0,5.1493,0.1111,6.3673,-1,0.0,0.9066,1.378,0.0,-0.0751,1.904,1.0,-0.3025,1.3125,8500,0,1,0.937,2.72,1,0.844,4
ADAUSDT,8545,8556,1682252100,1682262900,SHORT,TRAIL,0.39202,0.38919746,0.3684988,0.39672424,1.5945057012397152,1.5452869512397154,0.049218749999999735,16,2.29,34.85,0.5370705244122936,0.004890583941038565,1.7169442911655404,base,adaptive disabled,1.0,80.0,60,100,90,80,LONDON,neutral,bearish,FVG,BOS bearish | Vol 2.3x | FVG | LiqSweep | MACD_Div | ChoCH | Session:LONDON | Zone:FVG | MTF 16,BOS+2 | BodyStrong+1 | 1hN+1 | 4h+2 | Vol+2 | RSI+1 | BTC+2 | FVG+1 | LiqSweep+1 | MACD_Div+1 | ChoCH+1 | Zone:FVG+1 | Sess:LONDON,0,1,-1.0,bull,0.4023,1,1.6294,0.4286,1.5857,-1,0.0,0.2083,2.3525,0.0,-0.0864,1.823,1.0,-0.137,1.4765625,8540,1,2,2.196,1.701,1,0.711,0
AVAXUSDT,8562,8569,1682267400,1682274600,SHORT,TRAIL,16.94,16.6952077,14.90006414,17.34798717,0.47795620631894364,0.46549993226503156,0.012456274053912088,16,1.58,38.47,0.4098360655737661,0.008516665663417173,2.438605268305886,base,adaptive disabled,1.15,82.5,90,90,70,80,NEW_YORK,bearish,bearish,FVG,BOS bearish | Vol 1.6x | FVG | ChoCH | Engulfing | Session:NEW_YORK | StrongTrend1h | Zone:FVG | MTF 16 | Risk x1.15,BOS+2 | BodyStrong+1 | 1h+2 | 4h+2 | Vol+1 | RSI+1 | BTC+2 | FVG+1 | ChoCH+1 | Engulfing+1 | Zone:FVG+1 | Sess:NEW_YORK | Strong1h+1 | TrendPairRisk:1.15,0,0,-1.0,range,0.4182,0,3.5232,0.1111,1.817,-1,0.0,0.1226,1.5115,0.0,-0.1472,0.866,1.0,-0.2882,0.75,8562,4,6,2.273,2.387,1,1.818,1
BTCUSDT,8562,8572,1682267400,1682277300,SHORT,TRAIL,27582.5,27383.906,25927.55,27913.49,0.1887023588325944,0.17229610883259447,0.01640624999999992,15,2.12,38.27,0.4949121184088873,0.004040730207063063,2.228200585978327,base,adaptive disabled,1.0,72.0,60,90,70,80,NEW_YORK,neutral,bearish,FVG,BOS bearish | Vol 2.1x | FVG | ChoCH | Session:NEW_YORK | Zone:FVG | MTF 15,BOS+2 | 1hN+1 | 4h+2 | Vol+2 | RSI+1 | BTC+2 | FVG+1 | ChoCH+1 | Zone:FVG+1 | Sess:NEW_YORK | NestedOB_1h+2,0,0,-1.0,range,0.6464,0,3.9118,0.3333,2.7828,-1,0.0,0.3529,1.2714,10.0,0.0084,1.262,1.0,-0.3527,0.4921875,8557,0,1,0.634,0.682,1,2.343,1
AVAXUSDT,8574,8761,1682278200,1682447400,SHORT,SL,16.68,16.32972,13.761,17.2638,-0.7579650565262073,-0.7665364850976357,0.00857142857142857,14,4.04,28.32,0.5686274509803848,0.007819764788225476,2.2299362587887117,base,adaptive disabled,1.15,82.5,90,90,70,80,OFF_HOURS,bearish,bearish,FVG,BOS bearish | Vol 4.0x | FVG | ChoCH | StrongTrend1h | Zone:FVG | MTF 14 | Risk x1.15,BOS+2 | 1h+2 | 4h+2 | Vol+2 | BTC+2 | FVG+1 | ChoCH+1 | Zone:FVG+1 | Sess:OFF_HOURS | Strong1h+1 | TrendPairRisk:1.15,0,0,-1.0,bear,0.3182,3,2.8772,0.1765,1.7768,-1,0.0,1.0449,0.3997,1.16,-0.0719,1.832,1.0,-0.5522,0.75,8572,2,3,1.055,-1.0,0,0.48,2
SOLUSDT,8574,8722,1682278200,1682412300,SHORT,TRAIL,21.234,20.788086,17.51805,21.97719,0.26187785088604587,0.2554492794574744,0.006428571428571442,15,3.5,29.9,0.4583795782463933,0.010287964833520897,2.0404463586575674,base,adaptive disabled,1.25,88.5,90,90,90,80,OFF_HOURS,bearish,bearish,FVG,BOS bearish | Vol 3.5x | FVG | ChoCH | StrongTrend1h | Zone:FVG | MTF 15 | Risk x1.25,BOS+2 | BodyStrong+1 | 1h+2 | 4h+2 | Vol+2 | BTC+2 | FVG+1 | ChoCH+1 | Zone:FVG+1 | Sess:OFF_HOURS | Strong1h+1 | QualityRisk:1.15 | TrendPairRisk:1.25,0,0,-1.0,bear,0.2883,0,2.7268,0.1765,1.5157,-1,0.0,1.0603,1.119,0.963,-0.0933,1.662,1.0,-0.5798,0.5625,8572,2,3,1.124,1.509,1,0.658,0
XRPUSDT,8574,8595,1682278200,1682298000,SHORT,SL,0.45718,0.44789595,0.37981293,0.47265341,-1.125,-1.1338638509546377,0.008863850954637653,15,3.07,29.74,0.541495480690215,0.007204257371026725,1.92230872005797,base,adaptive disabled,1.15,88.5,90,90,90,80,OFF_HOURS,bearish,bearish,FVG,BOS bearish | Vol 3.1x | FVG | ChoCH | StrongTrend1h | Zone:FVG | MTF 15 | Risk x1.15,BOS+2 | BodyStrong+1 | 1h+2 | 4h+2 | Vol+2 | BTC+2 | FVG+1 | ChoCH+1 | Zone:FVG+1 | Sess:OFF_HOURS | Strong1h+1 | TrendPairRisk:1.15,0,0,-1.0,bear,0.2878,0,2.8605,0.1765,1.1439,-1,0.0,1.849,0.0808,1.026,-0.1292,1.471,1.0,-0.5158,0.75,8572,2,3,0.942,2.043,1,0.573,0
XLMUSDT,8693,8704,1682385300,1682396100,SHORT,TRAIL,0.09296,0.09226076,0.08713296,0.09412541,0.26546451463433096,0.24751718279403453,0.01794733184029646,16,1.56,37.35,0.4893617021276541,0.00286970404941835,0.8941041259536943,base,adaptive disabled,1.25,78.5,90,100,50,80,OFF_HOURS,bearish,bearish,FVG,BOS bearish | Vol 1.6x | FVG | ChoCH | Engulfing | Premium | StrongTrend1h | Zone:FVG | MTF 16 | Risk x1.25,BOS+2 | 1h+2 | 4h+2 | Vol+1 | RSI+1 | BTC+2 | FVG+1 | ChoCH+1 | Engulfing+1 | Premium+1 | Zone:FVG+1 | Sess:OFF_HOURS | Strong1h+1 | QualityRisk:1.15 | TrendPairRisk:1.25,0,0,-1.0,range,0.1835,0,2.9411,0.0526,1.6982,-1,0.0,0.163,1.2442,10.0,-0.1166,2.151,1.0,-0.1985,0.5625,8693,0,2,0.835,1.416,1,0.726,3
DOTUSDT,8748,8770,1682434800,1682455500,SHORT,SL,5.839,5.762,5.45477977,5.91584405,-0.6441617796042776,-0.6612584188365931,0.017096639232315507,17,2.44,33.33,0.5853658536585445,0.006233961741827186,1.7404627472836358,base,adaptive disabled,1.15,90.5,90,100,90,80,NEW_YORK,bearish,bearish,FVG,BOS bearish | Vol 2.4x | FVG | LiqSweep | ChoCH | Session:NEW_YORK | StrongTrend1h | Zone:FVG | MTF 17 | Risk x1.15,BOS+2 | BodyStrong+1 | 1h+2 | 4h+2 | Vol+2 | RSI+1 | BTC+2 | FVG+1 | LiqSweep+1 | ChoCH+1 | Zone:FVG+1 | Sess:NEW_YORK | Strong1h+1 | TrendPairRisk:1.15,0,1,-1.0,bull,0.4239,0,3.8584,0.1111,1.4822,-1,0.0,1.2233,0.8052,0.0,-0.163,1.266,1.0,-0.4313,0.5625,8747,27,2,1.552,0.294,1,0.671,6
ETHUSDT,8748,8760,1682434800,1682446500,SHORT,SL,1816.8,1802.95832331,1701.45269421,1839.86946116,-1.0667782758043485,-1.0982796617691,0.03150138596475141,15,1.35,38.52,0.5518962075848286,0.005002132208571926,1.6602465754473574,base,adaptive disabled,1.15,78.5,90,100,50,80,NEW_YORK,bearish,bearish,FVG,BOS bearish | Vol 1.4x | FVG | LiqSweep | ChoCH | Session:NEW_YORK | StrongTrend1h | Zone:FVG | MTF 15 | Risk x1.15,BOS+2 | 1h+2 | 4h+2 | Vol+1 | RSI+1 | BTC+2 | FVG+1 | LiqSweep+1 | ChoCH+1 | Zone:FVG+1 | Sess:NEW_YORK | Strong1h+1 | TrendPairRisk:1.15,0,1,-1.0,bull,0.5089,0,4.8123,0.1111,2.4725,-1,0.0,1.2657,0.5375,0.0,-0.0282,1.663,1.0,-0.322,1.0,8746,0,1,1.012,1.281,1,1.018,6
SOLUSDT,8839,8862,1682516700,1682538300,LONG,SL,22.732,23.209372,26.7101,21.93638,-1.40625,-1.4169642857142857,0.010714285714285721,17,2.32,61.24,0.3029908972691835,0.008620119932978457,1.8736385434607241,base,adaptive disabled,1.15,87.7,90,86,90,80,NEW_YORK,bullish,bullish,FVG,BOS bullish | Vol 2.3x | FVG | ChoCH | Engulfing | Session:NEW_YORK | StrongTrend1h | Zone:FVG | MTF 17 | Risk x1.15,BOS+2 | BodyStrong+1 | 1h+2 | 4h+2 | Vol+2 | RSI+1 | BTC+2 | FVG+1 | ChoCH+1 | Engulfing+1 | Zone:FVG+1 | Sess:NEW_YORK | Strong1h+1 | QualityRisk:1.15,0,0,-1.0,range,0.2765,0,3.0408,0.1111,1.6488,-1,0.0,1.7923,0.2346,0.702,-0.0382,1.155,1.0,0.1674,0.9375,8839,4,5,0.173,3.459,0,2.012,3
ADAUSDT,8906,8954,1682577000,1682621100,LONG,TRAIL,0.40976,0.41633735,0.46457128,0.39879774,0.25130253706808553,0.24499480490336767,0.006307732164717859,17,1.53,65.17,0.72704296545914,0.004358785870799299,0.5918772394413938,base,adaptive disabled,1.0,82.5,90,90,70,80,OFF_HOURS,bullish,bullish,FVG,BOS bullish | Vol 1.5x | FVG | LiqSweep | ChoCH | StrongTrend1h | Zone:FVG | MTF 17,BOS+2 | BodyStrong+1 | 1h+2 | 4h+2 | Vol+1 | RSI+1 | BTCok+1 | FVG+1 | LiqSweep+1 | ChoCH+1 | Zone:FVG+1 | Sess:OFF_HOURS | Strong1h+1 | NestedOB_1h+2,0,0,-1.0,range,0.3286,2,1.7065,0.0526,1.8114,-1,0.0,0.6531,1.3394,0.0,0.0932,1.256,1.0,0.1352,0.421875,8906,0,6,1.467,1.774,1,1.215,1
BTCUSDT,8957,9148,1682622900,1682795700,LONG,EXPIRED,29616.1,30221.321049,34659.60874163,28607.39825167,-0.08952333422590368,-0.09200063580849448,0.002477301582590792,15,1.74,60.91,0.4231316725978635,0.009603853797576023,2.2222220974707145,base,adaptive disabled,1.0,82.5,90,90,70,80,DEAD_ZONE,bullish,bullish,FVG,BOS bullish | Vol 1.7x | FVG | ChoCH | StrongTrend1h | Zone:FVG | MTF 15,BOS+2 | BodyStrong+1 | 1h+2 | 4h+2 | Vol+1 | RSI+1 | BTC+2 | FVG+1 | ChoCH+1 | Zone:FVG+1 | Sess:DEAD_ZONE | Strong1h+1,0,0,-1.0,range,0.2672,0,3.2864,0.1111,1.2978,-1,0.0,0.7297,0.3243,10.0,0.0186,0.859,1.0,0.4094,0.2109375,8957,2,3,0.141,2.526,1,2.024,0
AVAXUSDT,8958,9149,1682623800,1682796600,LONG,EXPIRED,17.81,18.14950914,20.63924283,17.24415143,-0.23857973167626653,-0.24566157337819042,0.007081841701923892,15,1.43,64.84,0.41935483870967927,0.007869541712222572,1.7352339475548737,base,adaptive disabled,1.0,84.5,90,100,70,80,DEAD_ZONE,bullish,bullish,FVG,BOS bullish | Vol 1.4x | FVG | ChoCH | StrongTrend1h | Zone:FVG | MTF 15,BOS+2 | BodyStrong+1 | 1h+2 | 4h+2 | Vol+1 | RSI+1 | BTC+2 | FVG+1 | ChoCH+1 | Zone:FVG+1 | Sess:DEAD_ZONE | Strong1h+1,0,0,-1.0,bull,0.1786,1,2.3619,0.1765,1.3947,-1,0.0,1.0604,0.3535,1.3,0.1682,1.16,1.0,0.3698,0.5625,8958,3,4,1.039,3.685,0,1.228,0
SOLUSDT,8981,9020,1682644500,1682680500,LONG,TRAIL,22.463,22.7507712,24.86109332,21.98338134,0.34011395636691777,0.32694157739817625,0.013172378968741547,16,3.3,62.08,0.24060150375940031,0.008137046453512068,1.394336526013148,base,adaptive disabled,1.15,82.1,90,88,70,80,OFF_HOURS,bullish,bullish,FVG,BOS bullish | Vol 3.3x | FVG | LiqSweep | ChoCH | StrongTrend1h | Zone:FVG | MTF 16 | Risk x1.15,BOS+2 | 1h+2 | 4h+2 | Vol+2 | RSI+1 | BTC+2 | FVG+1 | LiqSweep+1 | ChoCH+1 | Zone:FVG+1 | Sess:OFF_HOURS | Strong1h+1 | QualityRisk:1.15,0,0,-1.0,range,0.3953,0,3.2976,0.0526,3.7858,-1,0.0,0.5734,1.4421,0.0,-0.1586,2.117,-1.0,-0.1531,0.703125,8981,0,1,0.664,0.297,1,1.561,2
DOTUSDT,9012,9031,1682672400,1682690400,SHORT,TRAIL,5.883,5.81865811,5.34681759,5.99023648,0.6687906018548904,0.6502753307456559,0.018515271109234458,14,1.42,34.47,0.3235294117647026,0.005670148548374185,2.105042648619353,base,adaptive disabled,1.0,73.3,65,88,70,80,LONDON,bearish,neutral,FVG,BOS bearish | Vol 1.4x | FVG | ChoCH | Session:LONDON | StrongTrend1h | Zone:FVG | MTF 14,BOS+2 | BodyStrong+1 | 1h+2 | 4hN+1 | Vol+1 | RSI+1 | BTC+2 | FVG+1 | ChoCH+1 | Zone:FVG+1 | Sess:LONDON | Strong1h+1,0,0,-1.0,bear,0.2389,0,4.3322,0.1111,2.8591,-1,0.0,0.1212,1.7252,3.0,-0.0718,1.587,1.0,-0.3785,0.84375,9012,0,2,1.507,1.318,1,0.895,4
SOLUSDT,9022,9043,1682681400,1682701200,LONG,TP1,22.62,22.87975965,24.78466373,22.18706725,0.0,-0.02057276794144113,0.02057276794144113,15,1.72,59.74,0.46292585170340794,0.00693864727635166,1.5234412328881257,base,adaptive disabled,1.25,84.5,90,100,70,80,OVERLAP,bullish,bullish,FVG,BOS bullish | Vol 1.7x | FVG | ChoCH | Session:OVERLAP | StrongTrend1h | Zone:FVG | MTF 15 | Risk x1.25,BOS+2 | BodyStrong+1 | 1h+2 | 4h+2 | Vol+1 | RSI+1 | BTC+2 | FVG+1 | ChoCH+1 | Zone:FVG+1 | Sess:OVERLAP | Strong1h+1 | QualityRisk:1.15 | RelStrengthRisk:1.25,0,0,-1.0,bull,0.4743,0,4.2209,0.1765,2.6922,-1,0.0,1.0371,1.7247,9.625,-0.071,1.859,1.0,0.2478,0.984375,9022,2,2,0.21,0.488,1,0.925,0
SOLUSDT,9045,9047,1682702100,1682704800,LONG,TRAIL,22.847,23.326787,26.845225,22.047355,0.30071938172563983,0.29469259601135406,0.0060267857142857015,16,3.56,64.0,0.5033670033670045,0.013341271306585847,2.625655816104317,base,adaptive disabled,1.15,82.5,90,90,70,80,OFF_HOURS,bullish,bullish,FVG,BOS bullish | Vol 3.6x | FVG | ChoCH | Engulfing | StrongTrend1h | Zone:FVG | MTF 16 | Risk x1.15,BOS+2 | 1h+2 | 4h+2 | Vol+2 | RSI+1 | BTC+2 | FVG+1 | ChoCH+1 | Engulfing+1 | Zone:FVG+1 | Sess:OFF_HOURS | Strong1h+1 | QualityRisk:1.15,0,1,-1.0,bear,0.2936,0,4.4484,0.0526,3.5297,-1,0.0,0.1351,1.0004,0.0,-0.001,2.393,-1.0,-0.1697,0.52734375,9045,0,4,1.493,0.291,1,1.488,1
XLMUSDT,9064,9169,1682719200,1682814600,LONG,TRAIL,0.09455,0.09585,0.100223,0.0934154,1.0584677419354833,1.0256552419354832,0.032812500000000015,15,1.37,66.97,0.9047619047619375,0.0015834196313883307,0.5719798920705234,base,adaptive disabled,1.0,72.0,60,90,70,80,DEAD_ZONE,neutral,bullish,FVG,BOS bullish | Vol 1.4x | FVG | ChoCH | Zone:FVG | MTF 15,BOS+2 | BodyStrong+1 | 1hN+1 | 4h+2 | Vol+1 | RSI+1 | BTC+2 | FVG+1 | ChoCH+1 | Zone:FVG+1 | Sess:DEAD_ZONE | NestedOB_1h+2,0,0,-1.0,range,0.2735,1,1.2918,0.1765,0.4796,-1,0.0,0.6346,1.1154,0.0,0.2024,1.782,1.0,0.1966,0.984375,9061,2,3,1.655,0.484,1,0.283,0
DOTUSDT,9194,9205,1682836200,1682847000,LONG,TRAIL,6.011,6.0542792,6.37166,5.938868,0.35822996381633887,0.3336205888163388,0.024609375000000044,14,1.65,63.61,0.7777777777777705,0.0018857036550327885,0.757675728604762,base,adaptive disabled,1.0,72.0,60,90,70,80,OFF_HOURS,neutral,bullish,FVG,BOS bullish | Vol 1.6x | FVG | ChoCH | Engulfing | Zone:FVG | MTF 14,BOS+2 | BodyStrong+1 | 1hN+1 | 4h+2 | Vol+1 | RSI+1 | BTC+2 | FVG+1 | ChoCH+1 | Engulfing+1 | Zone:FVG+1 | Sess:OFF_HOURS,0,0,-1.0,range,0.1944,0,2.9048,0.0526,0.9801,-1,0.0,0.1386,1.0167,0.0,0.2381,2.532,1.0,0.2185,0.73828125,9193,0,3,1.815,0.871,1,0.871,2
ETHUSDT,9194,9229,1682836200,1682868600,LONG,TRAIL,1904.0,1917.7088,2018.24,1881.152,0.9139476102941242,0.870197610294124,0.04375000000000009,13,1.49,56.52,0.45596258768511816,0.0017459856219657257,1.0396441282794906,base,adaptive disabled,1.15,74.0,60,100,70,80,OFF_HOURS,neutral,bullish,FVG,BOS bullish | Vol 1.5x | FVG | ChoCH | Zone:FVG | MTF 13 | Risk x1.15,BOS+2 | BodyStrong+1 | 1hN+1 | 4h+2 | Vol+1 | RSI+1 | BTC+2 | FVG+1 | ChoCH+1 | Zone:FVG+1 | Sess:OFF_HOURS | QualityRisk:1.15,0,1,-1.0,bear,0.1129,0,2.946,0.0526,1.4939,-1,0.0,0.2626,2.4721,0.0,0.0302,1.335,1.0,0.0752,1.3125,9194,1,5,0.919,0.822,1,1.114,3
LINKUSDT,9196,9209,1682838000,1682850600,LONG,TRAIL,7.19,7.24601673,7.6568061,7.09663878,0.35020228420322264,0.3339574169553439,0.016244867247878682,15,1.72,68.74,0.8933333333333229,0.002595848505887516,1.0989600998312739,base,adaptive disabled,1.15,84.5,90,100,70,80,OFF_HOURS,bullish,bullish,FVG,BOS bullish | Vol 1.7x | FVG | ChoCH | Engulfing | StrongTrend1h | Zone:FVG | MTF 15 | Risk x1.15,BOS+2 | BodyStrong+1 | 1h+2 | 4h+2 | Vol+1 | BTC+2 | FVG+1 | ChoCH+1 | Engulfing+1 | Zone:FVG+1 | Sess:OFF_HOURS | Strong1h+1 | QualityRisk:1.15,0,0,-1.0,range,0.2347,0,2.8321,0.0526,0.6211,-1,0.0,0.3749,1.3924,0.0,0.1415,1.666,1.0,0.0841,0.52734375,9193,0,5,2.723,0.218,1,0.926,1
DOTUSDT,9210,9230,1682850600,1682869500,LONG,TRAIL,6.031,6.0744232,6.39286,5.958628,0.19819474382358318,0.1841322438235831,0.014062500000000065,14,1.55,69.24,0.5211267605633877,0.0028658338299976747,1.2247345575115989,base,adaptive disabled,1.15,78.5,90,100,50,80,LONDON,bullish,bullish,FVG,BOS bullish | Vol 1.6x | FVG | ChoCH | BullWick | Session:LONDON | StrongTrend1h | Zone:FVG | MTF 14 | Risk x1.15,BOS+2 | 1h+2 | 4h+2 | Vol+1 | BTC+2 | FVG+1 | ChoCH+1 | BullWick+1 | Zone:FVG+1 | Sess:LONDON | Strong1h+1 | RelStrengthRisk:1.15,0,0,-1.0,bull,0.5256,0,2.9101,0.25,2.4656,-1,0.0,0.6909,1.3357,0.974,0.5312,1.065,1.0,0.4623,0.421875,9206,3,4,1.594,0.624,1,0.624,1
LINKUSDT,9231,9233,1682869500,1682872200,LONG,TRAIL,7.21,7.261912,7.6426,7.12348,0.7476595006934794,0.7164095006934794,0.031249999999999948,16,4.92,65.6,0.47651006711408356,0.006076462821799374,2.1838807381851235,base,adaptive disabled,1.0,88.5,90,90,90,80,NEW_YORK,bullish,bullish,FVG,BOS bullish | Vol 4.9x | FVG | ChoCH | Session:NEW_YORK | StrongTrend1h | Zone:FVG | MTF 16,BOS+2 | BodyStrong+1 | 1h+2 | 4h+2 | Vol+2 | RSI+1 | BTC+2 | FVG+1 | ChoCH+1 | Zone:FVG+1 | Sess:NEW_YORK | Strong1h+1,0,0,-1.0,range,0.754,5,4.6578,0.1111,2.5789,-1,0.0,0.0925,1.5989,0.0,0.0609,2.284,1.0,0.3185,0.9375,9229,1,2,1.886,0.077,1,0.77,4
SOLUSDT,9231,9233,1682869500,1682872200,LONG,TRAIL,23.593,23.81291578,25.42563147,23.22647371,0.24554855260177985,0.23106548509794536,0.014483067503834466,17,6.08,66.55,0.5430359937402247,0.007454089412506196,1.932984636890819,base,adaptive disabled,1.15,88.5,90,90,90,80,NEW_YORK,bullish,bullish,FVG,BOS bullish | Vol 6.1x | FVG | LiqSweep | ChoCH | Session:NEW_YORK | StrongTrend1h | Zone:FVG | MTF 17 | Risk x1.15,BOS+2 | BodyStrong+1 | 1h+2 | 4h+2 | Vol+2 | RSI+1 | BTC+2 | FVG+1 | LiqSweep+1 | ChoCH+1 | Zone:FVG+1 | Sess:NEW_YORK | Strong1h+1 | QualityRisk:1.15,0,0,-1.0,range,0.6186,5,6.0078,0.0526,3.2473,-1,0.0,0.1255,1.3778,0.0,0.0929,3.159,1.0,0.1914,0.5625,9229,0,1,1.702,0.093,1,2.213,4
XLMUSDT,9231,9248,1682869500,1682885700,LONG,SL,0.09535,0.09603652,0.101071,0.0942058,-1.032380702674365,-1.0651932026743651,0.032812500000000064,16,2.25,68.0,0.6,0.003949662206607043,2.898444422348488,base,adaptive disabled,1.0,72.0,60,90,70,80,NEW_YORK,neutral,bullish,FVG,BOS bullish | Vol 2.2x | FVG | LiqSweep | ChoCH | Session:NEW_YORK | Zone:FVG | MTF 16,BOS+2 | 1hN+1 | 4h+2 | Vol+2 | RSI+1 | BTC+2 | FVG+1 | LiqSweep+1 | ChoCH+1 | Zone:FVG+1 | Sess:NEW_YORK | NestedOB_1h+2,0,0,-1.0,bull,0.3712,5,5.3089,0.0526,1.1079,-1,0.0,1.2236,0.8011,0.0,-0.0301,1.129,1.0,0.3286,0.984375,9230,0,2,2.228,0.569,1,1.564,4
ETHUSDT,9331,9342,1682959500,1682970300,SHORT,TRAIL,1835.74,1821.21601031,1714.70675259,1859.94664948,0.5217574621566405,0.4914229873006018,0.03033447485603874,14,1.55,31.38,0.4882233207327719,0.00439015727550038,1.9169315574112544,base,adaptive disabled,1.25,82.5,90,90,70,80,NEW_YORK,bearish,bearish,FVG,BOS bearish | Vol 1.6x | FVG | ChoCH | Session:NEW_YORK | StrongTrend1h | Zone:FVG | MTF 14 | Risk x1.25,BOS+2 | BodyStrong+1 | 1h+2 | 4h+2 | Vol+1 | BTC+2 | FVG+1 | ChoCH+1 | Zone:FVG+1 | Sess:NEW_YORK | Strong1h+1 | TrendPairRisk:1.15 | RelStrengthRisk:1.25,0,0,-1.0,range,0.466,0,2.7028,0.1111,1.5587,-1,0.0,0.2867,1.9588,0.0,0.0306,0.902,1.0,-0.1214,1.0,9329,2,3,0.174,0.979,1,0.839,2
XLMUSDT,9331,9340,1682959500,1682968500,SHORT,TRAIL,0.09309,0.09241975,0.0875046,0.09420708,0.39612203244173055,0.37112203244173037,0.02500000000000017,15,1.88,36.09,0.20731707317073564,0.004024013913136997,2.3603356634395247,base,adaptive disabled,1.25,73.3,90,74,50,80,NEW_YORK,bearish,bearish,FVG,BOS bearish | Vol 1.9x | FVG | ChoCH | BearWick | Session:NEW_YORK | StrongTrend1h | Zone:FVG | MTF 15 | Risk x1.25,BOS+2 | 1h+2 | 4h+2 | Vol+1 | RSI+1 | BTC+2 | FVG+1 | ChoCH+1 | BearWick+1 | Zone:FVG+1 | Sess:NEW_YORK | Strong1h+1 | TrendPairRisk:1.15 | RelStrengthRisk:1.25,0,0,-1.0,range,0.5043,0,2.6216,0.1765,1.7292,-1,0.0,0.0358,1.4771,6.8,0.0856,1.248,-1.0,0.0873,0.75,9330,3,1,0.0,1.542,1,0.887,0
ADAUSDT,9417,9421,1683036900,1683041400,SHORT,SL,0.38473,0.38195994,0.3616462,0.38934676,-0.7862656928235408,-0.8112656928235409,0.025000000000000015,16,3.93,38.81,0.3023872679045124,0.00581586208319794,2.23788557157532,base,adaptive disabled,1.25,84.7,90,86,80,80,NEW_YORK,bearish,bearish,OB,BOS bearish | Vol 3.9x | FVG | OB | ChoCH | Session:NEW_YORK | StrongTrend1h | Zone:OB | MTF 16 | Risk x1.25,BOS+2 | 1h+2 | 4h+2 | Vol+2 | RSI+1 | BTC+2 | FVG+1 | OB+1 | ChoCH+1 | Zone:OB+1 | Sess:NEW_YORK | Strong1h+1 | QualityRisk:1.15 | TrendPairRisk:1.25,0,1,-1.0,bull,0.5361,0,4.098,0.0526,3.875,-1,0.0,1.2736,0.5054,3.619,-0.1718,1.845,1.0,-0.0072,0.75,9417,6,2,0.769,0.173,1,2.128,5
LINKUSDT,9417,9436,1683036900,1683054900,SHORT,SL,6.863,6.8131365,6.44747087,6.94610583,-1.2634492670369888,-1.304739992368774,0.041290725331785204,17,2.39,36.33,0.36363636363636487,0.004092424056056393,1.6608019743025408,base,adaptive disabled,1.25,87.5,90,100,80,80,NEW_YORK,bearish,bearish,OB,BOS bearish | Vol 2.4x | FVG | OB | ChoCH | Session:NEW_YORK | StrongTrend1h | Zone:OB | MTF 17 | Risk x1.25,BOS+2 | 1h+2 | 4h+2 | Vol+2 | RSI+1 | BTCok+1 | FVG+1 | OB+1 | ChoCH+1 | Zone:OB+1 | Sess:NEW_YORK | Strong1h+1 | NestedOB_1h+2 | QualityRisk:1.15 | TrendPairRisk:1.25,0,0,-1.0,range,0.5833,0,4.5237,0.0526,3.2247,-1,0.0,1.2514,0.5816,1.231,-0.3254,1.466,1.0,-0.4958,1.25,9415,4,1,0.86,1.809,1,1.99,5
XRPUSDT,9480,9505,1683093600,1683117000,SHORT,TRAIL,0.45816,0.45359665,0.42013208,0.46576558,0.5236287041882444,0.5055567096789498,0.018071994509294493,15,3.33,28.94,0.7931034482758664,0.0045541709795462225,1.7585605943418121,base,adaptive disabled,1.15,84.5,90,100,70,80,OFF_HOURS,bearish,bearish,FVG,BOS bearish | Vol 3.3x | FVG | ChoCH | Engulfing | StrongTrend1h | Zone:FVG | MTF 15 | Risk x1.15,BOS+2 | 1h+2 | 4h+2 | Vol+2 | BTC+2 | FVG+1 | ChoCH+1 | Engulfing+1 | Zone:FVG+1 | Sess:OFF_HOURS | Strong1h+1 | TrendPairRisk:1.15,0,0,-1.0,bear,0.3278,2,3.497,0.0526,3.2885,-1,0.0,0.3668,1.5099,0.0,0.0122,1.707,1.0,-0.4431,0.75,9480,0,3,1.155,0.132,1,1.953,1
XLMUSDT,9510,9541,1683120600,1683149400,SHORT,SL,0.09228,0.09161558,0.0867432,0.09338736,-0.6095578673602035,-0.6283078673602034,0.01874999999999997,16,5.53,37.85,0.3793103448275941,0.0042029292181212105,2.4421645614314857,base,adaptive disabled,1.15,88.5,90,90,90,80,NEW_YORK,bearish,bearish,FVG,BOS bearish | Vol 5.5x | FVG | ChoCH | Session:NEW_YORK | StrongTrend1h | Zone:FVG | MTF 16 | Risk x1.15,BOS+2 | BodyStrong+1 | 1h+2 | 4h+2 | Vol+2 | RSI+1 | BTC+2 | FVG+1 | ChoCH+1 | Zone:FVG+1 | Sess:NEW_YORK | Strong1h+1 | TrendPairRisk:1.15,0,0,-1.0,range,0.3944,1,3.3242,0.1765,4.3119,-1,0.0,1.183,0.5719,7.857,0.0592,2.825,1.0,-0.2045,0.5625,9509,3,6,2.004,1.047,1,0.729,0
ADAUSDT,9511,9541,1683121500,1683149400,SHORT,SL,0.38197,0.37882594,0.3557695,0.3872101,-1.0764047918932818,-1.1051066654262294,0.028701873532947706,14,2.26,29.65,0.7467411545623778,0.004842175383905137,1.8879103807250288,base,adaptive disabled,1.15,82.5,90,90,70,80,OVERLAP,bearish,bearish,FVG,BOS bearish | Vol 2.3x | FVG | ChoCH | Session:OVERLAP | StrongTrend1h | Zone:FVG | MTF 14 | Risk x1.15,BOS+2 | 1h+2 | 4h+2 | Vol+2 | BTC+2 | FVG+1 | ChoCH+1 | Zone:FVG+1 | Sess:OVERLAP | Strong1h+1 | TrendPairRisk:1.15,0,0,-1.0,bear,0.5092,0,3.1677,0.3333,2.1443,-1,0.0,1.3492,0.9987,0.0,-0.0196,1.577,1.0,-0.268,0.984375,9506,1,3,1.32,1.0,1,1.056,1
AAVEUSDT,9588,9595,1683190800,1683198000,LONG,TRAIL,71.47,71.984584,75.7582,70.61236,0.4372463970896862,0.3872463970896864,0.0499999999999998,17,2.32,61.03,0.39325842696628893,0.002799535385315027,0.9094672454033909,base,adaptive disabled,1.15,90.5,90,100,90,80,LONDON,bullish,bullish,FVG,BOS bullish | Vol 2.3x | FVG | ChoCH | BullWick | Session:LONDON | StrongTrend1h | Zone:FVG | MTF 17 | Risk x1.15,BOS+2 | BodyStrong+1 | 1h+2 | 4h+2 | Vol+2 | RSI+1 | BTC+2 | FVG+1 | ChoCH+1 | BullWick+1 | Zone:FVG+1 | Sess:LONDON | Strong1h+1 | QualityRisk:1.15,0,0,-1.0,range,0.1923,4,2.2532,0.0526,2.3293,-1,0.0,0.3148,1.0883,0.0,0.2088,4.534,1.0,0.39,1.5,9588,0,1,0.717,2.407,1,0.512,3
LINKUSDT,9595,9606,1683197100,1683207900,LONG,SL,7.092,7.1430624,7.51752,7.006896,-2.0048998871968404,-2.067399887196841,0.06250000000000044,19,3.49,55.41,0.3695652173912966,0.003147978143400634,1.1708821863014174,base,adaptive disabled,1.15,84.5,90,100,70,80,LONDON,bullish,bullish,FVG,BOS bullish | Vol 3.5x | FVG | MACD_Div | ChoCH | Engulfing | Session:LONDON | StrongTrend1h | Zone:FVG | MTF 19 | Risk x1.15,BOS+2 | 1h+2 | 4h+2 | Vol+2 | RSI+1 | BTC+2 | FVG+1 | MACD_Div+1 | ChoCH+1 | Engulfing+1 | Zone:FVG+1 | Sess:LONDON | Strong1h+1 | NestedOB_1h+2 | QualityRisk:1.15,0,1,-1.0,bear,0.5172,4,3.8996,19.0,6.6257,-1,0.0,1.222,0.3329,0.0,-0.126,2.072,1.0,-0.0897,1.875,9595,0,1,0.896,2.582,1,1.686,3
ETHUSDT,9597,9606,1683198900,1683207900,LONG,SL,1909.04,1922.785088,2023.5824,1886.13152,-0.9075242006453493,-0.9325242006453492,0.024999999999999942,16,1.97,67.13,0.4566473988439287,0.004362515482985769,1.9897673736258767,base,adaptive disabled,1.0,76.5,90,90,50,80,LONDON,bullish,bullish,FVG,BOS bullish | Vol 2.0x | FVG | ChoCH | Engulfing | BullWick | Session:LONDON | StrongTrend1h | Zone:FVG | MTF 16,BOS+2 | 1h+2 | 4h+2 | Vol+1 | RSI+1 | BTC+2 | FVG+1 | ChoCH+1 | Engulfing+1 | BullWick+1 | Zone:FVG+1 | Sess:LONDON | Strong1h+1,0,0,-1.0,bull,0.4643,1,4.4618,0.1765,3.964,-1,0.0,1.3672,0.3114,0.0,0.0142,1.596,1.0,0.1488,0.75,9596,0,2,1.418,1.176,1,0.797,0
BTCUSDT,9598,9606,1683199800,1683207900,LONG,SL,29160.0,29369.952,30909.6,28810.08,-0.40265118634259395,-0.41319806134259396,0.010546875000000053,16,7.29,69.48,0.727296115255982,0.004346682665542137,1.8244007035279965,base,adaptive disabled,1.0,88.5,90,90,90,80,LONDON,bullish,bullish,FVG,BOS bullish | Vol 7.3x | FVG | ChoCH | Engulfing | Session:LONDON | StrongTrend1h | Zone:FVG | MTF 16,BOS+2 | BodyStrong+1 | 1h+2 | 4h+2 | Vol+2 | BTC+2 | FVG+1 | ChoCH+1 | Engulfing+1 | Zone:FVG+1 | Sess:LONDON | Strong1h+1,0,1,-1.0,bear,0.5658,0,4.0652,0.25,3.6116,-1,0.0,1.402,0.4001,0.0,-0.026,2.478,1.0,0.1716,0.31640625,9595,0,1,2.105,0.005,1,1.167,1
XRPUSDT,9621,9654,1683220500,1683251100,SHORT,SL,0.45726,0.45066,0.42808163,0.46309567,-1.139543531419695,-1.1708859479716933,0.03134241655199824,15,2.0,35.45,0.13364055299538746,0.00227908392994582,0.8832312068916385,base,adaptive disabled,1.25,82.7,90,76,80,80,NEW_YORK,bearish,bearish,OB,BOS bearish | Vol 2.0x | FVG | OB | ChoCH | Session:NEW_YORK | StrongTrend1h | Zone:OB | MTF 15 | Risk x1.25,BOS+2 | 1h+2 | 4h+2 | Vol+2 | RSI+1 | BTCok+1 | FVG+1 | OB+1 | ChoCH+1 | Zone:OB+1 | Sess:NEW_YORK | Strong1h+1 | QualityRisk:1.15 | TrendPairRisk:1.25,0,0,-1.0,range,0.374,0,1.4361,0.3333,0.9118,-1,0.0,1.1824,0.1394,0.181,-0.0602,2.448,1.0,-0.7372,1.0,9617,4,1,0.238,0.577,1,0.888,1
BTCUSDT,9653,9655,1683249300,1683252000,LONG,TRAIL,28905.2,29113.31744,30639.512,28558.3376,0.4455921993490775,0.43328751184907754,0.012304687499999939,15,1.7,57.83,0.5641434262947985,0.0022518399359761354,0.8972649062018351,base,adaptive disabled,1.15,68.0,60,100,50,80,OFF_HOURS,neutral,bullish,FVG,BOS bullish | Vol 1.7x | FVG | ChoCH | BullWick | Zone:FVG | MTF 15 | Risk x1.15,BOS+2 | 1hN+1 | 4h+2 | Vol+1 | RSI+1 | BTC+2 | FVG+1 | ChoCH+1 | BullWick+1 | Zone:FVG+1 | Sess:OFF_HOURS | NestedOB_1h+2 | QualityRisk:1.15,0,1,-1.0,bear,0.2781,0,2.4457,0.1111,2.0841,-1,0.0,0.0727,2.1637,0.0,0.0278,1.57,1.0,0.1567,0.369140625,9653,1,1,0.08,4.884,0,1.082,5
ETHUSDT,9657,9697,1683252900,1683289800,LONG,TRAIL,1896.5,1916.30130738,2061.5108948,1863.49782104,0.380077886757208,0.36310748741088555,0.016970399346322416,14,5.54,68.87,0.6091499576390818,0.007941389811783972,3.0982459127316178,base,adaptive disabled,1.0,70.0,60,80,70,80,OFF_HOURS,neutral,bullish,FVG,BOS bullish | Vol 5.5x | FVG | ChoCH | Zone:FVG | MTF 14,BOS+2 | 1hN+1 | 4h+2 | Vol+2 | BTC+2 | FVG+1 | ChoCH+1 | Zone:FVG+1 | Sess:OFF_HOURS | NestedOB_1h+2,0,0,-1.0,bull,0.3336,0,5.2542,0.0526,5.388,-1,0.0,0.1354,1.0353,0.0,0.1106,2.252,-1.0,-0.0623,0.73828125,9657,1,2,2.26,3.2,0,2.458,0
XLMUSDT,9704,9720,1683295200,1683310500,SHORT,SL,0.09317,0.09249918,0.0875798,0.09428804,-1.596543951915847,-1.646543951915847,0.04999999999999997,13,1.55,38.09,0.31386861313868686,0.00748370514467549,4.643389590422204,base,adaptive disabled,1.15,64.7,55,77,60,80,NEW_YORK,bearish,neutral,OB,BOS bearish | Vol 1.6x | FVG | OB | ChoCH | Session:NEW_YORK | Zone:OB | MTF 13 | Risk x1.15,BOS+2 | 1h+2 | 4hN+1 | Vol+1 | RSI+1 | BTC+2 | FVG+1 | OB+1 | ChoCH+1 | Zone:OB+1 | Sess:NEW_YORK | QualityRisk:1.15,0,1,-1.0,bull,0.8054,1,4.6836,0.4286,5.1004,-1,0.0,1.2254,0.2683,0.0,0.0195,0.935,1.0,-0.391,1.5,9701,4,2,0.755,0.227,1,0.642,0
BTCUSDT,9748,9776,1683334800,1683360900,LONG,SL,29650.6,29864.08432,31429.636,29294.7928,-0.31159782601363717,-0.3209728260136372,0.009375000000000017,15,2.05,65.91,0.39384920634920384,0.005588821237431404,1.5646063228375233,base,adaptive disabled,1.0,84.5,90,100,70,80,OFF_HOURS,bullish,bullish,FVG,BOS bullish | Vol 2.0x | FVG | ChoCH | StrongTrend1h | Zone:FVG | MTF 15,BOS+2 | 1h+2 | 4h+2 | Vol+2 | RSI+1 | BTC+2 | FVG+1 | ChoCH+1 | Zone:FVG+1 | Sess:OFF_HOURS | Strong1h+1,0,0,-1.0,bull,0.4994,0,3.8849,0.1111,7.7979,-1,0.0,1.4913,0.1967,0.0,-0.1124,1.829,1.0,0.3384,0.28125,9748,0,1,0.179,0.243,1,1.119,4
DOTUSDT,9748,9769,1683334800,1683354600,LONG,SL,5.847,5.8890984,6.19782,5.776836,-0.5852360184710129,-0.6039860184710129,0.01874999999999997,21,1.73,57.54,0.164556962025327,0.005395265085674732,1.662025607736501,base,adaptive disabled,1.15,83.3,90,79,80,80,OFF_HOURS,bullish,bullish,OB,BOS bullish | Vol 1.7x | FVG | OB | LiqSweep | ChoCH | Engulfing | StrongTrend1h | Zone:OB | 💎PREMIUM | MTF 21 | Risk x1.15,BOS+2 | BodyStrong+1 | 1h+2 | 4h+2 | Vol+1 | RSI+1 | BTC+2 | FVG+1 | OB+1 | LiqSweep+1 | ChoCH+1 | Engulfing+1 | Zone:OB+1 | Sess:OFF_HOURS | Strong1h+1 | 💎Premium+3 | QualityRisk:1.15,1,1,-1.0,bear,0.8065,0,3.3174,0.1111,4.922,-1,0.0,1.1687,0.5938,0.0,-0.0397,1.793,1.0,0.3257,0.5625,9748,4,1,0.214,1.712,1,0.963,3
ETHUSDT,9748,9756,1683334800,1683342900,LONG,SL,1999.75,2030.0,2123.43106581,1975.01378684,-0.7710355613704625,-0.7952884652454225,0.024252903874959944,15,1.47,67.15,0.49920660107901965,0.007935491568668775,1.9811252025802097,base,adaptive disabled,1.0,82.5,90,90,70,80,OFF_HOURS,bullish,bullish,FVG,BOS bullish | Vol 1.5x | FVG | ChoCH | StrongTrend1h | Zone:FVG | MTF 15,BOS+2 | BodyStrong+1 | 1h+2 | 4h+2 | Vol+1 | RSI+1 | BTC+2 | FVG+1 | ChoCH+1 | Zone:FVG+1 | Sess:OFF_HOURS | Strong1h+1,0,0,-1.0,bull,0.5897,0,3.7291,0.1111,3.8939,-1,0.0,1.1045,0.1547,0.0,-0.214,1.646,1.0,0.4917,0.75,9748,1,2,0.689,3.254,1,0.894,4
XRPUSDT,9856,9936,1683432000,1683504900,SHORT,TRAIL,0.45612,0.45283594,0.4287528,0.46159344,0.9838419714110356,0.9588419714110354,0.025000000000000022,15,3.58,39.29,0.6802610114192419,0.0026610915620955936,1.2150810184345773,base,adaptive disabled,1.15,84.5,90,100,70,80,OFF_HOURS,bearish,bearish,FVG,BOS bearish | Vol 3.6x | FVG | ChoCH | StrongTrend1h | Zone:FVG | MTF 15 | Risk x1.15,BOS+2 | 1h+2 | 4h+2 | Vol+2 | RSI+1 | BTC+2 | FVG+1 | ChoCH+1 | Zone:FVG+1 | Sess:OFF_HOURS | Strong1h+1 | TrendPairRisk:1.15,0,0,-1.0,range,0.3085,3,2.7332,0.0526,3.4966,-1,0.0,0.6851,3.2429,0.0,0.0126,2.472,1.0,-0.2657,0.75,9856,0,1,0.445,0.127,1,1.446,2
ADAUSDT,9907,9929,1683477900,1683498600,SHORT,TRAIL,0.38002,0.37728386,0.3572188,0.38458024,0.6360684963949406,0.5923184963949405,0.043750000000000074,17,3.12,39.18,0.2215189873417656,0.0040239596142229,1.6663566676402994,base,adaptive disabled,1.0,77.2,60,86,90,80,NEW_YORK,neutral,bearish,FVG,BOS bearish | Vol 3.1x | FVG | LiqSweep | MACD_Div | ChoCH | Engulfing | Session:NEW_YORK | Zone:FVG | MTF 17,BOS+2 | BodyStrong+1 | 1hN+1 | 4h+2 | Vol+2 | RSI+1 | BTC+2 | FVG+1 | LiqSweep+1 | MACD_Div+1 | ChoCH+1 | Engulfing+1 | Zone:FVG+1 | Sess:NEW_YORK,0,1,-1.0,bull,0.2944,2,2.727,0.0526,3.1411,-1,0.0,0.3267,1.2134,0.0,-0.0408,2.521,1.0,-0.0818,1.3125,9907,0,1,0.798,0.158,1,1.236,1
XLMUSDT,9917,9936,1683486900,1683504900,SHORT,TRAIL,0.09253,0.09186378,0.0869782,0.09364036,1.1505277567635586,1.0921944234302254,0.05833333333333309,15,3.51,38.49,0.14942528735632843,0.0020902122617610717,1.2909150942571355,base,adaptive disabled,1.0,69.4,60,77,70,80,DEAD_ZONE,neutral,bearish,FVG,BOS bearish | Vol 3.5x | FVG | ChoCH | Zone:FVG | MTF 15,BOS+2 | 1hN+1 | 4h+2 | Vol+2 | RSI+1 | BTC+2 | FVG+1 | ChoCH+1 | Zone:FVG+1 | Sess:DEAD_ZONE | NestedOB_1h+2,0,0,-1.0,range,0.3763,2,3.4043,0.0526,3.5301,-1,0.0,0.1981,1.456,0.684,0.1055,1.738,1.0,-0.1802,1.75,9917,0,1,0.923,2.366,1,2.019,1
DOTUSDT,9937,9943,1683504900,1683511200,SHORT,TRAIL,5.642,5.59126658,5.21922153,5.72655569,3.2014773340505296,3.1686359974710516,0.032841336579478256,13,3.34,38.22,0.3980582524271769,0.007685340573976739,2.9035216688995376,base,adaptive disabled,1.0,72.0,60,90,70,80,OFF_HOURS,neutral,bearish,FVG,BOS bearish | Vol 3.3x | FVG | ChoCH | Zone:FVG | MTF 13,BOS+2 | 1hN+1 | 4h+2 | Vol+2 | RSI+1 | BTC+2 | FVG+1 | ChoCH+1 | Zone:FVG+1 | Sess:OFF_HOURS,0,0,-1.0,bear,0.4324,0,4.268,0.0526,3.3394,-1,0.0,0.0828,5.4796,0.0,0.0945,1.502,1.0,-0.2892,1.23046875,9937,0,1,0.464,0.093,1,2.227,3
LINKUSDT,9994,10007,1683556200,1683568800,SHORT,TRAIL,6.708,6.612,6.586,6.788496,0.9521047629695869,0.928667262969587,0.023437499999999965,18,2.16,39.63,0.3543307086614149,0.004133554324911157,1.1951363591770376,base,adaptive disabled,1.25,90.5,90,100,90,80,NEW_YORK,bearish,bearish,FVG,BOS bearish | Vol 2.2x | FVG | LiqSweep | ChoCH | Engulfing | BearWick | Session:NEW_YORK | StrongTrend1h | Zone:FVG | MTF 18 | Risk x1.25,BOS+2 | BodyStrong+1 | 1h+2 | 4h+2 | Vol+2 | RSI+1 | BTCok+1 | FVG+1 | LiqSweep+1 | ChoCH+1 | Engulfing+1 | BearWick+1 | Zone:FVG+1 | Sess:NEW_YORK | Strong1h+1 | QualityRisk:1.15 | TrendPairRisk:1.25,0,1,-1.0,bull,0.4375,0,3.9452,0.0526,1.3043,-1,0.0,0.4969,2.0625,0.0,-0.1318,1.346,1.0,0.1061,0.703125,9993,0,1,1.356,3.658,1,1.192,3
XLMUSDT,10006,10008,1683567000,1683569700,SHORT,TRAIL,0.08933,0.08854137,0.08275809,0.09064438,0.46219510339476294,0.4418060226114277,0.020389080783335265,15,2.12,36.12,0.47517730496454363,0.0038076597669594136,1.551448281322777,base,adaptive disabled,1.15,84.5,90,100,70,80,OFF_HOURS,bearish,bearish,FVG,BOS bearish | Vol 2.1x | FVG | ChoCH | StrongTrend1h | Zone:FVG | MTF 15 | Risk x1.15,BOS+2 | 1h+2 | 4h+2 | Vol+2 | RSI+1 | BTC+2 | FVG+1 | ChoCH+1 | Zone:FVG+1 | Sess:OFF_HOURS | Strong1h+1 | TrendPairRisk:1.15,0,0,-1.0,bear,0.2847,0,4.079,0.1111,1.4202,-1,0.0,0.0533,3.0306,0.0,-0.1414,1.471,1.0,-0.2609,0.75,10005,0,1,0.738,1.407,1,1.055,0
ADAUSDT,10061,10162,1683616500,1683708300,SHORT,TRAIL,0.3636,0.35963882,0.33059014,0.37020197,0.31524681269378463,0.3028550568996808,0.012391755794103856,20,1.33,36.5,0.44559585492227616,0.004625681970920274,1.2148783869586388,base,adaptive disabled,1.25,81.5,90,100,60,80,OFF_HOURS,bearish,bearish,OB,BOS bearish | Vol 1.3x | FVG | OB | LiqSweep | ChoCH | BearWick | StrongTrend1h | Zone:OB | 💎PREMIUM | MTF 20 | Risk x1.25,BOS+2 | 1h+2 | 4h+2 | Vol+1 | RSI+1 | BTC+2 | FVG+1 | OB+1 | LiqSweep+1 | ChoCH+1 | BearWick+1 | Zone:OB+1 | Sess:OFF_HOURS | Strong1h+1 | 💎Premium+3 | QualityRisk:1.15 | TrendPairRisk:1.25,1,0,-1.0,bear,0.4189,0,2.8895,0.1765,1.2399,-1,0.0,0.5816,1.1032,1.746,0.0091,1.0,1.0,-0.2588,0.5625,10060,5,2,0.686,0.053,1,0.686,1
XRPUSDT,10061,10128,1683616500,1683677700,SHORT,SL,0.4236,0.40847,0.39618198,0.4290836,-0.5939300824276006,-0.6113110000729429,0.017380917645342372,16,1.86,37.05,0.35164835164834946,0.005863841965906034,1.4206489857095113,base,adaptive disabled,1.15,78.5,90,100,50,80,OFF_HOURS,bearish,bearish,FVG,BOS bearish | Vol 1.9x | FVG | LiqSweep | ChoCH | BearWick | StrongTrend1h | Zone:FVG | MTF 16 | Risk x1.15,BOS+2 | 1h+2 | 4h+2 | Vol+1 | RSI+1 | BTC+2 | FVG+1 | LiqSweep+1 | ChoCH+1 | BearWick+1 | Zone:FVG+1 | Sess:OFF_HOURS | Strong1h+1 | TrendPairRisk:1.15,0,1,-1.0,bull,0.4497,0,3.8331,0.0526,1.5193,-1,0.0,1.2492,0.2141,4.414,-0.0228,1.266,1.0,-0.3065,0.5625,10060,1,1,0.403,7.785,1,1.531,5
AVAXUSDT,10090,10096,1683642600,1683648900,SHORT,TRAIL,15.36,15.23698674,14.33488953,15.56502209,0.4115410197993781,0.38344648618107385,0.02809453361830426,18,4.42,39.26,0.3124999999999969,0.007169016898474168,2.202321991225571,base,adaptive disabled,1.25,84.9,90,87,80,80,NEW_YORK,bearish,bearish,OB,BOS bearish | Vol 4.4x | FVG | OB | ChoCH | Engulfing | BearWick | Session:NEW_YORK | StrongTrend1h | Zone:OB | MTF 18 | Risk x1.25,BOS+2 | 1h+2 | 4h+2 | Vol+2 | RSI+1 | BTC+2 | FVG+1 | OB+1 | ChoCH+1 | Engulfing+1 | BearWick+1 | Zone:OB+1 | Sess:NEW_YORK | Strong1h+1 | QualityRisk:1.15 | TrendPairRisk:1.25,0,1,-1.0,bull,0.4167,0,3.6911,0.1111,11.4125,-1,0.0,0.3902,1.3007,0.0,-0.0787,4.107,1.0,-0.102,0.9375,10090,16,1,0.308,6.613,0,1.077,5
DOTUSDT,10097,10178,1683648900,1683722700,SHORT,SL,5.313,5.161,4.95273604,5.38505279,-0.8437500000000036,-0.8603409605998636,0.016590960599860215,16,1.96,38.46,0.3333333333333284,0.004334928906580008,1.11056750084924,base,adaptive disabled,1.25,78.3,90,99,50,80,NEW_YORK,bearish,bearish,FVG,BOS bearish | Vol 2.0x | FVG | ChoCH | Engulfing | BearWick | Session:NEW_YORK | StrongTrend1h | Zone:FVG | MTF 16 | Risk x1.25,BOS+2 | 1h+2 | 4h+2 | Vol+1 | RSI+1 | BTC+2 | FVG+1 | ChoCH+1 | Engulfing+1 | BearWick+1 | Zone:FVG+1 | Sess:NEW_YORK | Strong1h+1 | QualityRisk:1.15 | TrendPairRisk:1.25,0,1,-1.0,bull,0.3,2,3.0365,0.0526,1.9532,-1,0.0,1.6932,0.1513,0.0,-0.1267,2.151,1.0,-0.1779,0.5625,10097,0,1,0.694,6.03,1,0.911,1
BTCUSDT,10238,10279,1683775800,1683813600,SHORT,TP1,27453.3,27232.43657504,25612.77145863,27821.40570827,0.0,-0.008390242749875106,0.008390242749875106,15,1.49,38.57,0.29850068150839404,0.002812629577862349,0.8348371388368379,base,adaptive disabled,1.25,77.5,90,95,50,80,OFF_HOURS,bearish,bearish,FVG,BOS bearish | Vol 1.5x | FVG | ChoCH | Premium | StrongTrend1h | Zone:FVG | MTF 15 | Risk x1.25,BOS+2 | 1h+2 | 4h+2 | Vol+1 | RSI+1 | BTC+2 | FVG+1 | ChoCH+1 | Premium+1 | Zone:FVG+1 | Sess:OFF_HOURS | Strong1h+1 | QualityRisk:1.15 | TrendPairRisk:1.25,0,0,-1.0,range,0.2332,0,2.1658,0.0526,1.4501,-1,0.0,0.48,1.5996,3.174,-0.0458,1.696,1.0,-0.2212,0.28125,10238,0,1,0.278,0.073,1,0.879,4
XRPUSDT,10252,10277,1683788400,1683811800,SHORT,TRAIL,0.42724,0.42115,0.4016056,0.43236688,1.0694552534875048,1.0366427534875047,0.0328125,13,3.19,33.36,0.6079470198675428,0.004557990916488227,1.2693412758507292,base,adaptive disabled,1.0,80.0,60,100,90,80,OFF_HOURS,neutral,bearish,FVG,BOS bearish | Vol 3.2x | FVG | ChoCH | Zone:FVG | MTF 13,BOS+2 | BodyStrong+1 | 1hN+1 | 4h+2 | Vol+2 | RSI+1 | BTCok+1 | FVG+1 | ChoCH+1 | Zone:FVG+1 | Sess:OFF_HOURS,0,1,-1.0,bull,0.6109,0,3.1422,0.0526,2.6743,-1,0.0,0.0936,1.1527,0.0,-0.072,1.655,1.0,-0.262,0.984375,10251,0,1,1.466,0.594,1,1.812,3
XLMUSDT,10299,10306,1683830700,1683837900,SHORT,SL,0.08796,0.08711422,0.08091183,0.08936963,-0.7767995857068842,-0.7955193916133985,0.018719805906514356,15,1.75,36.9,0.5416666666666698,0.003642833302586661,1.1422884440406762,base,adaptive disabled,1.25,78.5,90,100,50,80,OFF_HOURS,bearish,bearish,FVG,BOS bearish | Vol 1.8x | FVG | ChoCH | BearWick | StrongTrend1h | Zone:FVG | MTF 15 | Risk x1.25,BOS+2 | 1h+2 | 4h+2 | Vol+1 | RSI+1 | BTC+2 | FVG+1 | ChoCH+1 | BearWick+1 | Zone:FVG+1 | Sess:OFF_HOURS | Strong1h+1 | QualityRisk:1.15 | TrendPairRisk:1.25,0,0,-1.0,range,0.3113,0,3.1112,0.1111,1.3253,-1,0.0,1.057,0.0946,4.875,0.0431,1.844,1.0,-0.4793,0.75,10299,2,4,0.433,1.001,1,0.947,7
SOLUSDT,10333,10343,1683861300,1683871200,SHORT,TP1,20.085,19.87934845,18.37123711,20.42775258,0.0,-0.016481002856346162,0.016481002856346162,15,5.87,36.42,0.39726027397259295,0.007500668183530588,1.3838388731334654,base,adaptive disabled,1.25,84.5,90,100,70,80,OFF_HOURS,bearish,bearish,FVG,BOS bearish | Vol 5.9x | FVG | ChoCH | StrongTrend1h | Zone:FVG | MTF 15 | Risk x1.25,BOS+2 | 1h+2 | 4h+2 | Vol+2 | RSI+1 | BTC+2 | FVG+1 | ChoCH+1 | Zone:FVG+1 | Sess:OFF_HOURS | Strong1h+1 | QualityRisk:1.15 | TrendPairRisk:1.25,0,0,-1.0,range,0.5337,0,2.867,0.1111,3.4657,-1,0.0,0.4055,1.415,4.462,-0.0921,2.654,1.0,-0.3288,0.703125,10332,3,4,1.124,0.244,1,1.072,2
DOTUSDT,10338,10343,1683865800,1683871200,SHORT,TP1,5.222,5.15075377,4.6282814,5.34074372,0.0,-0.007421129302669685,0.007421129302669685,16,1.62,32.57,0.6689655172413781,0.00846211169278447,1.921635190098191,base,adaptive disabled,1.15,76.5,90,90,50,80,OFF_HOURS,bearish,bearish,FVG,BOS bearish | Vol 1.6x | FVG | MACD_Div | ChoCH | BearWick | StrongTrend1h | Zone:FVG | MTF 16 | Risk x1.15,BOS+2 | 1h+2 | 4h+2 | Vol+1 | RSI+1 | BTC+2 | FVG+1 | MACD_Div+1 | ChoCH+1 | BearWick+1 | Zone:FVG+1 | Sess:OFF_HOURS | Strong1h+1 | TrendPairRisk:1.15,0,1,-1.0,bull,0.4417,0,2.0185,0.5385,2.3473,-1,0.0,0.2526,1.0948,0.0,-0.0769,1.605,1.0,-0.4232,0.421875,10333,1,5,2.235,0.649,1,0.613,0
XRPUSDT,10399,10405,1683920700,1683927000,SHORT,SL,0.4227,0.41785166,0.38229716,0.43078057,-1.3465170155075712,-1.3739801152641478,0.02746309975657674,13,1.98,34.68,0.24213406292750939,0.010363051637270937,2.2307119599887955,base,adaptive disabled,1.0,63.8,60,79,50,80,DEAD_ZONE,neutral,bearish,FVG,BOS bearish | Vol 2.0x | FVG | ChoCH | Zone:FVG | MTF 13,BOS+2 | 1hN+1 | 4h+2 | Vol+1 | RSI+1 | BTCok+1 | FVG+1 | ChoCH+1 | Zone:FVG+1 | Sess:DEAD_ZONE | NestedOB_1h+2,0,0,-1.0,bear,0.5693,0,3.5596,0.1111,6.7338,-1,0.0,1.1014,0.6621,0.309,-0.0196,1.076,1.0,-0.477,1.3125,10399,11,1,0.386,0.009,1,1.838,5
XLMUSDT,10476,10515,1683990000,1684026000,SHORT,TRAIL,0.0885,0.0878628,0.08319,0.089562,0.5314265536723125,0.4876765536723128,0.0437499999999997,14,2.14,30.1,0.5619047619047564,0.0028297342155300877,1.6774664448527548,base,adaptive disabled,1.0,80.0,60,100,90,80,NEW_YORK,neutral,bearish,FVG,BOS bearish | Vol 2.1x | FVG | ChoCH | Engulfing | Session:NEW_YORK | Zone:FVG | MTF 14,BOS+2 | BodyStrong+1 | 1hN+1 | 4h+2 | Vol+2 | BTC+2 | FVG+1 | ChoCH+1 | Engulfing+1 | Zone:FVG+1 | Sess:NEW_YORK,0,0,-1.0,range,0.3333,0,2.7248,0.1765,1.3788,-1,0.0,0.4896,1.1613,1.967,-0.3378,1.468,1.0,-0.4636,1.3125,10474,2,4,1.946,0.487,1,0.389,0
BTCUSDT,10521,10614,1684030500,1684115100,SHORT,SL,26790.6,26597.70768,25183.164,27112.0872,-0.2938315613732032,-0.3030600769982031,0.009228515624999907,13,1.65,36.39,0.41973624374715174,0.0057143666206562775,2.860622611359647,base,adaptive disabled,1.0,72.0,60,90,70,80,OFF_HOURS,neutral,bearish,FVG,BOS bearish | Vol 1.6x | FVG | ChoCH | Zone:FVG | MTF 13,BOS+2 | BodyStrong+1 | 1hN+1 | 4h+2 | Vol+1 | RSI+1 | BTC+2 | FVG+1 | ChoCH+1 | Zone:FVG+1 | Sess:OFF_HOURS,0,0,-1.0,range,0.5995,0,1.557,0.5385,1.9271,-1,0.0,1.2735,0.3608,0.0,-0.0883,1.338,1.0,-0.4746,0.27685546875,10517,5,6,1.902,7.097,0,0.365,0
SOLUSDT,10569,10573,1684073700,1684078200,LONG,TRAIL,21.059,21.22701592,22.45913267,20.77897347,0.3535379308524738,0.33097685422876966,0.02256107662370414,16,1.48,54.33,0.17668488160291693,0.0037918592649109576,1.375333506143297,base,adaptive disabled,1.15,80.7,90,81,70,80,NEW_YORK,bullish,bullish,FVG,BOS bullish | Vol 1.5x | FVG | LiqSweep | ChoCH | Session:NEW_YORK | StrongTrend1h | Zone:FVG | MTF 16 | Risk x1.15,BOS+2 | BodyStrong+1 | 1h+2 | 4h+2 | Vol+1 | RSI+1 | BTC+2 | FVG+1 | LiqSweep+1 | ChoCH+1 | Zone:FVG+1 | Sess:NEW_YORK | Strong1h+1 | QualityRisk:1.15,0,1,-1.0,bear,0.3214,0,2.4216,0.1111,1.5178,-1,0.0,0.0643,1.3451,0.0,0.0371,1.191,-1.0,-0.1565,0.75,10569,4,1,0.591,0.831,1,1.239,2
ADAUSDT,10609,10615,1684109700,1684116000,LONG,TRAIL,0.37,0.372664,0.3922,0.36556,0.5675675675675657,0.5488175675675656,0.01875,16,2.92,65.4,0.37176938369780715,0.0036462407390075676,1.2818098875686699,base,adaptive disabled,1.15,87.5,90,100,80,80,OFF_HOURS,bullish,bullish,OB,BOS bullish | Vol 2.9x | FVG | OB | ChoCH | StrongTrend1h | Zone:OB | MTF 16 | Risk x1.15,BOS+2 | 1h+2 | 4h+2 | Vol+2 | RSI+1 | BTC+2 | FVG+1 | OB+1 | ChoCH+1 | Zone:OB+1 | Sess:OFF_HOURS | Strong1h+1 | QualityRisk:1.15,0,0,-1.0,range,0.4406,4,3.5328,0.0526,2.9016,-1,0.0,0.8761,2.1734,1.472,0.313,1.625,1.0,0.4291,0.5625,10609,4,1,0.782,1.351,1,1.795,3
AVAXUSDT,10613,10616,1684113300,1684116900,SHORT,SL,14.97,14.78,14.0718,15.14964,-1.0411447895791606,-1.0739572895791607,0.032812500000000154,14,12.31,30.65,0.5652173913043546,0.006256402731109808,2.3461510241818693,base,adaptive disabled,1.0,78.0,60,90,90,80,OFF_HOURS,neutral,bearish,FVG,BOS bearish | Vol 12.3x | FVG | ChoCH | Zone:FVG | MTF 14,BOS+2 | BodyStrong+1 | 1hN+1 | 4h+2 | Vol+2 | BTCok+1 | FVG+1 | ChoCH+1 | Zone:FVG+1 | Sess:OFF_HOURS | NestedOB_1h+2,0,0,-1.0,range,0.72,0,4.8874,0.1111,3.8666,-1,0.0,1.2803,0.4737,0.0,-0.1374,4.649,1.0,-0.4858,0.984375,10611,0,1,1.833,0.204,1,1.222,5
ETHUSDT,10613,10614,1684113300,1684115100,SHORT,SL,1795.8,1762.69,1760.43,1817.3496,-0.8189247132197319,-0.8439247132197318,0.02499999999999994,14,5.24,34.44,0.42769857433808306,0.005002710035379768,2.038677742611989,base,adaptive disabled,1.15,79.0,80,90,70,80,OFF_HOURS,bearish,bearish,FVG,BOS bearish | Vol 5.2x | FVG | ChoCH | Zone:FVG | MTF 14 | Risk x1.15,BOS+2 | 1h+2 | 4h+2 | Vol+2 | RSI+1 | BTC+2 | FVG+1 | ChoCH+1 | Zone:FVG+1 | Sess:OFF_HOURS | TrendPairRisk:1.15,0,0,-1.0,range,0.6057,0,3.2746,0.1111,3.4283,-1,0.0,1.1852,0.0743,0.0,0.0922,3.45,1.0,-0.1555,0.75,10612,1,2,1.029,0.158,1,1.063,0
SUIUSDT,962,980,1684124100,1684141200,LONG,TRAIL,1.2146,1.2401066,1.427155,1.172089,0.3051599880031075,0.2991332022888218,0.006026785714285719,15,1.31,69.73,0.611825192802054,0.013320418571022286,1.476004842555594,base,adaptive disabled,1.25,84.5,90,100,70,80,OFF_HOURS,bullish,bullish,FVG,BOS bullish | Vol 1.3x | FVG | MACD_Div | ChoCH | StrongTrend1h | Zone:FVG | MTF 15 | Risk x1.25,BOS+2 | BodyStrong+1 | 1h+2 | 4h+2 | Vol+1 | BTC+2 | FVG+1 | MACD_Div+1 | ChoCH+1 | Zone:FVG+1 | Sess:OFF_HOURS | Strong1h+1 | QualityRisk:1.15 | RelStrengthRisk:1.25,0,0,-1.0,range,0.2119,0,3.853,0.1111,1.5529,-1,0.0,0.2376,1.2507,2.92,0.1441,1.752,1.0,0.2696,0.52734375,962,2,6,2.571,2.088,0,0.75,0
SUIUSDT,983,1046,1684143000,1684200600,LONG,SL,1.2286,1.25143066,1.41885552,1.1905489,-2.2548625401105387,-2.2806930680059216,0.02583052789538286,15,2.79,61.63,0.3096774193548413,0.01432208532684287,1.3287833975325867,base,adaptive disabled,1.25,83.9,90,97,70,80,LONDON,bullish,bullish,FVG,BOS bullish | Vol 2.8x | FVG | ChoCH | Session:LONDON | StrongTrend1h | Zone:FVG | MTF 15 | Risk x1.25,BOS+2 | 1h+2 | 4h+2 | Vol+2 | RSI+1 | BTC+2 | FVG+1 | ChoCH+1 | Zone:FVG+1 | Sess:LONDON | Strong1h+1 | QualityRisk:1.15 | RelStrengthRisk:1.25,0,0,-1.0,bull,0.541,0,3.1539,0.0526,2.9164,-1,0.0,1.2536,0.8935,5.647,0.0236,1.649,1.0,0.1434,2.0,983,3,4,0.43,0.244,1,1.692,1
DOTUSDT,10705,10710,1684196100,1684201500,SHORT,TRAIL,5.331,5.264,5.01114,5.394972,1.4244513224535873,1.3869513224535872,0.037500000000000186,15,5.87,32.04,0.35000000000000553,0.003383749981898625,1.2925924931094226,base,adaptive disabled,1.0,78.2,55,100,90,80,DEAD_ZONE,bearish,neutral,FVG,BOS bearish | Vol 5.9x | FVG | ChoCH | Engulfing | Zone:FVG | MTF 15,BOS+2 | BodyStrong+1 | 1h+2 | 4hN+1 | Vol+2 | RSI+1 | BTC+2 | FVG+1 | ChoCH+1 | Engulfing+1 | Zone:FVG+1 | Sess:DEAD_ZONE,0,1,-1.0,bull,0.5172,0,2.7197,0.1111,4.4064,-1,0.0,0.1094,1.4776,1.867,0.1435,2.878,1.0,-0.5261,1.125,10704,0,1,1.156,0.068,1,1.088,2
XRPUSDT,10731,10755,1684219500,1684242000,SHORT,TRAIL,0.42328,0.42023238,0.3978832,0.42835936,0.2812854375354342,0.2437854375354345,0.037499999999999756,15,1.42,36.94,0.24514991181658574,0.0031858111144951137,1.2267381863748494,base,adaptive disabled,1.0,67.5,65,89,50,80,OFF_HOURS,bearish,neutral,FVG,BOS bearish | Vol 1.4x | FVG | ChoCH | Engulfing | BearWick | StrongTrend1h | Zone:FVG | MTF 15,BOS+2 | 1h+2 | 4hN+1 | Vol+1 | RSI+1 | BTC+2 | FVG+1 | ChoCH+1 | Engulfing+1 | BearWick+1 | Zone:FVG+1 | Sess:OFF_HOURS | Strong1h+1,0,1,-1.0,bull,0.521,3,3.2774,19.0,0.5243,-1,0.0,0.6143,1.9097,0.0,0.0359,1.157,-1.0,-0.1376,1.125,10731,1,2,0.817,1.13,1,1.226,2
XLMUSDT,10746,10761,1684233000,1684247400,SHORT,TRAIL,0.08788,0.08724726,0.0826072,0.08893456,0.7467569412835667,0.6811319412835666,0.06562500000000025,14,2.26,28.4,1.0,0.002085278667859878,1.1514648157122225,base,adaptive disabled,1.15,80.0,60,100,90,80,LONDON,neutral,bearish,FVG,BOS bearish | Vol 2.3x | FVG | MACD_Div | ChoCH | Session:LONDON | Zone:FVG | MTF 14 | Risk x1.15,BOS+2 | BodyStrong+1 | 1hN+1 | 4h+2 | Vol+2 | BTC+2 | FVG+1 | MACD_Div+1 | ChoCH+1 | Zone:FVG+1 | Sess:LONDON | QualityRisk:1.15,0,1,-1.0,bull,0.1505,11,3.346,0.0526,2.1873,-1,0.0,0.1328,1.2643,0.0,0.079,2.656,1.0,-0.2811,1.96875,10746,0,2,2.251,0.243,1,0.852,10
ETHUSDT,10808,10832,1684288800,1684311300,LONG,SL,1829.01,1842.178872,1938.7506,1807.06188,-0.7938037517564147,-0.8188037517564146,0.024999999999999984,16,1.66,62.43,0.32650448143404587,0.0037285702334707376,1.4670874703924197,base,adaptive disabled,1.0,78.3,90,99,50,80,OFF_HOURS,bullish,bullish,FVG,BOS bullish | Vol 1.7x | FVG | ChoCH | Engulfing | BullWick | StrongTrend1h | Zone:FVG | MTF 16,BOS+2 | 1h+2 | 4h+2 | Vol+1 | RSI+1 | BTC+2 | FVG+1 | ChoCH+1 | Engulfing+1 | BullWick+1 | Zone:FVG+1 | Sess:OFF_HOURS | Strong1h+1,0,0,-1.0,range,0.4381,0,3.9261,0.1111,3.9878,-1,0.0,1.2238,0.2514,3.37,-0.0117,1.813,1.0,0.3126,0.75,10808,0,1,0.639,0.424,1,0.918,2
LINKUSDT,10808,10831,1684288800,1684310400,LONG,SL,6.713,6.78213722,7.28914354,6.59777129,-0.7688513565759789,-0.785236433263898,0.01638507668791915,15,1.3,65.72,0.5,0.004021366609295776,1.2151838735909657,base,adaptive disabled,1.15,78.5,90,100,50,80,OFF_HOURS,bullish,bullish,FVG,BOS bullish | Vol 1.3x | FVG | ChoCH | BullWick | StrongTrend1h | Zone:FVG | MTF 15 | Risk x1.15,BOS+2 | 1h+2 | 4h+2 | Vol+1 | RSI+1 | BTC+2 | FVG+1 | ChoCH+1 | BullWick+1 | Zone:FVG+1 | Sess:OFF_HOURS | Strong1h+1 | RelStrengthRisk:1.15,0,0,-1.0,range,0.2,0,4.9508,0.1111,2.2974,-1,0.0,1.241,0.217,5.0,0.1426,2.521,1.0,0.3398,0.703125,10808,0,3,2.153,0.387,1,0.517,5
AVAXUSDT,10834,10859,1684312200,1684335600,SHORT,TRAIL,14.82,14.67094518,13.5778765,15.0684247,0.3169974644228246,0.28567811493784984,0.031319349484974814,14,1.65,33.48,0.4482758620689634,0.00494479650149651,1.8419366968197695,base,adaptive disabled,1.0,66.0,60,90,50,80,LONDON,neutral,bearish,FVG,BOS bearish | Vol 1.6x | FVG | ChoCH | Session:LONDON | Zone:FVG | MTF 14,BOS+2 | 1hN+1 | 4h+2 | Vol+1 | RSI+1 | BTC+2 | FVG+1 | ChoCH+1 | Zone:FVG+1 | Sess:LONDON | NestedOB_1h+2,0,0,-1.0,range,0.2593,5,4.5431,0.1111,2.2901,-1,0.0,0.322,1.4089,4.333,-0.1006,1.139,1.0,-0.5579,1.3125,10833,0,1,1.239,0.413,1,0.826,4
SOLUSDT,10848,10873,1684324800,1684348200,SHORT,SL,20.568,20.39988586,19.16704879,20.84819024,-0.6504509222019982,-0.6669675574709497,0.016516635268951578,17,3.26,32.25,0.3948717948717977,0.005631101663740162,1.5929930030986093,base,adaptive disabled,1.25,90.5,90,100,90,80,OVERLAP,bearish,bearish,FVG,BOS bearish | Vol 3.3x | FVG | ChoCH | Engulfing | Session:OVERLAP | StrongTrend1h | Zone:FVG | MTF 17 | Risk x1.25,BOS+2 | BodyStrong+1 | 1h+2 | 4h+2 | Vol+2 | RSI+1 | BTC+2 | FVG+1 | ChoCH+1 | Engulfing+1 | Zone:FVG+1 | Sess:OVERLAP | Strong1h+1 | QualityRisk:1.15 | TrendPairRisk:1.25,0,0,-1.0,range,0.3267,0,2.6602,0.1111,1.9515,-1,0.0,1.2277,0.8923,1.949,-0.0258,1.958,1.0,-0.1823,0.5625,10847,14,1,1.471,0.46,1,0.703,3
DOTUSDT,10854,10859,1684330200,1684335600,SHORT,TRAIL,5.282,5.23247826,4.86931879,5.36453624,0.3392449183534482,0.28804801381793727,0.05119690453551096,14,2.08,37.46,0.528089887640449,0.005705118847116833,1.6941033465783517,base,adaptive disabled,1.0,80.0,60,100,90,80,OVERLAP,neutral,bearish,FVG,BOS bearish | Vol 2.1x | FVG | ChoCH | Session:OVERLAP | Zone:FVG | MTF 14,BOS+2 | BodyStrong+1 | 1hN+1 | 4h+2 | Vol+2 | RSI+1 | BTC+2 | FVG+1 | ChoCH+1 | Zone:FVG+1 | Sess:OVERLAP,0,0,-1.0,bear,0.5263,0,1.7043,0.4286,0.9995,-1,0.0,0.0242,1.2722,1.741,0.0933,1.218,1.0,-0.2991,2.0,10849,2,2,0.243,0.146,1,0.438,1
XRPUSDT,10919,10937,1684388700,1684405800,LONG,TP2,0.44801,0.46037,0.4614,0.44124025,1.4834373499759874,1.4635838841906925,0.019853465785294826,16,1.97,62.31,0.4000000000000013,0.005894567845111202,1.6169672872088934,base,adaptive disabled,1.15,84.5,90,100,70,80,OFF_HOURS,bullish,bullish,FVG,BOS bullish | Vol 2.0x | FVG | ChoCH | StrongTrend1h | Zone:FVG | MTF 16 | Risk x1.15,BOS+2 | BodyStrong+1 | 1h+2 | 4h+2 | Vol+1 | RSI+1 | BTCok+1 | FVG+1 | ChoCH+1 | Zone:FVG+1 | Sess:OFF_HOURS | Strong1h+1 | NestedOB_1h+2 | RelStrengthRisk:1.15,0,0,-1.0,range,0.3381,0,2.5968,0.1111,2.0304,-1,0.0,0.582,1.6359,4.533,0.0908,1.041,1.0,0.1476,0.75,10918,23,2,0.44,0.042,1,1.078,1
AAVEUSDT,10930,10967,1684398600,1684432800,LONG,SL,66.66,67.59723472,74.47028933,65.09794213,-0.8930527010500633,-0.9058550436418908,0.012802342591827364,15,1.45,67.83,0.3773584905660381,0.0101299328621342,2.5691068189620347,base,adaptive disabled,1.15,82.5,90,90,70,80,LONDON,bullish,bullish,FVG,BOS bullish | Vol 1.4x | FVG | ChoCH | Session:LONDON | StrongTrend1h | Zone:FVG | MTF 15 | Risk x1.15,BOS+2 | BodyStrong+1 | 1h+2 | 4h+2 | Vol+1 | RSI+1 | BTC+2 | FVG+1 | ChoCH+1 | Zone:FVG+1 | Sess:LONDON | Strong1h+1 | QualityRisk:1.15,0,0,-1.0,range,0.3679,0,4.6776,0.1111,3.2071,-1,0.0,1.4084,0.1067,0.0,0.073,1.01,1.0,0.1278,0.75,10930,0,2,1.725,-1.0,0,1.433,5
BTCUSDT,10948,10954,1684414800,1684421100,LONG,TP1,27215.3,27411.25016,28848.218,26888.7164,-0.023854918005681392,-0.03322991800568145,0.009375000000000055,23,2.6,46.08,0.27985611510790737,0.004290432515545099,2.504402467086822,base,adaptive disabled,1.15,90.1,90,83,100,80,OVERLAP,bullish,bullish,OB,BOS bullish | Vol 2.6x | FVG | OB | LiqSweep | ChoCH | Engulfing | BullWick | Session:OVERLAP | StrongTrend1h | Zone:OB | 💎PREMIUM | MTF 23 | Risk x1.15,BOS+2 | BodyStrong+1 | 1h+2 | 4h+2 | Vol+2 | RSI+1 | BTC+2 | FVG+1 | OB+1 | LiqSweep+1 | ChoCH+1 | Engulfing+1 | BullWick+1 | Zone:OB+1 | Sess:OVERLAP | Strong1h+1 | 💎Premium+3 | QualityRisk:1.15,1,1,-1.0,bear,1.0,0,3.8496,0.25,4.0807,-1,0.0,0.1081,1.0273,0.0,-0.1119,1.118,1.0,0.254,0.28125,10946,21,1,1.702,1.954,1,1.329,0
XRPUSDT,11004,11051,1684465200,1684508400,LONG,TP1,0.46346,0.473,0.50866815,0.45441837,0.0,-0.015377537014896706,0.015377537014896706,14,1.59,60.73,0.2586206896551733,0.007931811745435894,1.3482304191451873,base,adaptive disabled,1.15,76.7,90,91,50,80,OFF_HOURS,bullish,bullish,FVG,BOS bullish | Vol 1.6x | FVG | ChoCH | BullWick | StrongTrend1h | Zone:FVG | MTF 14 | Risk x1.15,BOS+2 | 1h+2 | 4h+2 | Vol+1 | RSI+1 | BTCok+1 | FVG+1 | ChoCH+1 | BullWick+1 | Zone:FVG+1 | Sess:OFF_HOURS | Strong1h+1 | RelStrengthRisk:1.15,0,1,-1.0,bear,0.4311,0,3.8412,0.1111,3.4845,-1,0.0,0.48,1.1436,0.0,-0.1144,1.586,1.0,0.2178,0.75,11004,0,1,0.277,0.299,1,1.003,5
AAVEUSDT,11046,11237,1684503000,1684675800,LONG,EXPIRED,65.05,65.85,68.953,64.2694,-1.126537279016155,-1.1702872790161554,0.04375000000000042,18,3.03,60.95,0.5072463768115877,0.0026577825609197573,1.0132405163145501,base,adaptive disabled,1.15,74.0,60,100,70,80,OVERLAP,neutral,bullish,FVG,BOS bullish | Vol 3.0x | FVG | LiqSweep | ChoCH | Engulfing | BullWick | Session:OVERLAP | Zone:FVG | MTF 18 | Risk x1.15,BOS+2 | 1hN+1 | 4h+2 | Vol+2 | RSI+1 | BTC+2 | FVG+1 | LiqSweep+1 | ChoCH+1 | Engulfing+1 | BullWick+1 | Zone:FVG+1 | Sess:OVERLAP | NestedOB_1h+2 | QualityRisk:1.15,0,1,-1.0,bear,0.4828,1,2.6904,0.1765,1.6941,-1,0.0,1.0505,0.775,0.0,-0.0728,2.816,1.0,0.1498,1.3125,11044,2,3,1.554,0.299,1,0.897,0
AVAXUSDT,11052,11243,1684508400,1684681200,SHORT,EXPIRED,14.67,14.42,13.7898,14.84604,1.2497159736423546,1.2163826403090214,0.03333333333333326,18,3.68,38.39,0.5999999999999953,0.003192287430024598,1.1747617742570058,base,adaptive disabled,1.25,84.5,90,100,70,80,NEW_YORK,bearish,bearish,FVG,BOS bearish | Vol 3.7x | FVG | ChoCH | BearWick | Session:NEW_YORK | StrongTrend1h | Zone:FVG | MTF 18 | Risk x1.25,BOS+2 | 1h+2 | 4h+2 | Vol+2 | RSI+1 | BTC+2 | FVG+1 | ChoCH+1 | BearWick+1 | Zone:FVG+1 | Sess:NEW_YORK | Strong1h+1 | NestedOB_1h+2 | QualityRisk:1.15 | TrendPairRisk:1.25,0,0,-1.0,range,0.4615,0,2.484,0.25,2.9057,-1,0.0,0.9089,0.96,0.0,-0.3832,3.702,1.0,-0.4136,1.0,11051,2,2,0.248,0.248,1,1.242,1
XRPUSDT,11055,11246,1684511100,1684683900,LONG,SL,0.46389,0.473,0.4917234,0.45832332,-2.34375,-2.3958333333333326,0.05208333333333291,20,4.71,52.74,0.14402035623409706,0.015158744784830147,4.034578332654431,base,adaptive disabled,1.25,78.9,90,57,80,80,NEW_YORK,bullish,bullish,OB,BOS bullish | Vol 4.7x | FVG | OB | LiqSweep | ChoCH | BullWick | Session:NEW_YORK | StrongTrend1h | Zone:OB | 💎PREMIUM | MTF 20 | Risk x1.25,BOS+2 | 1h+2 | 4h+2 | Vol+2 | RSI+1 | BTCok+1 | FVG+1 | OB+1 | LiqSweep+1 | ChoCH+1 | BullWick+1 | Zone:OB+1 | Sess:NEW_YORK | Strong1h+1 | 💎Premium+3 | QualityRisk:1.15 | RelStrengthRisk:1.25,1,1,-1.0,bear,0.8027,0,4.4781,0.1765,5.6873,-1,0.0,1.5611,0.9616,0.0,-0.0092,1.796,1.0,0.1499,1.5625,11055,6,3,0.251,0.685,1,2.623,0
LINKUSDT,11093,11229,1684545300,1684668600,SHORT,TRAIL,6.498,6.4512144,6.10812,6.575976,0.5771006463527274,0.5458506463527272,0.03125000000000016,15,1.81,37.63,0.4716981132075377,0.0034397371879552057,1.5911241449672509,base,adaptive disabled,1.25,81.5,90,100,60,80,OFF_HOURS,bearish,bearish,OB,BOS bearish | Vol 1.8x | FVG | OB | ChoCH | StrongTrend1h | Zone:OB | MTF 15 | Risk x1.25,BOS+2 | 1h+2 | 4h+2 | Vol+1 | RSI+1 | BTC+2 | FVG+1 | OB+1 | ChoCH+1 | Zone:OB+1 | Sess:OFF_HOURS | Strong1h+1 | QualityRisk:1.15 | TrendPairRisk:1.25,0,0,-1.0,range,0.56,4,3.0077,0.1111,1.6367,-1,0.0,0.6027,1.3466,0.0,0.2312,1.347,1.0,-0.0873,0.9375,11092,25,1,0.896,0.704,1,0.832,3
SUIUSDT,1433,1452,1684548000,1684566000,SHORT,TRAIL,1.1237,1.11274933,1.0324444,1.14195112,0.3544303034553413,0.3405773179947232,0.013852985460618172,15,1.86,36.36,0.5497835497835484,0.0030069713737039543,0.8048660044330233,base,adaptive disabled,1.25,84.5,90,100,70,80,OFF_HOURS,bearish,bearish,FVG,BOS bearish | Vol 1.9x | FVG | ChoCH | StrongTrend1h | Zone:FVG | MTF 15 | Risk x1.25,BOS+2 | BodyStrong+1 | 1h+2 | 4h+2 | Vol+1 | RSI+1 | BTC+2 | FVG+1 | ChoCH+1 | Zone:FVG+1 | Sess:OFF_HOURS | Strong1h+1 | QualityRisk:1.15 | TrendPairRisk:1.25,0,1,-1.0,bull,0.3397,0,1.5951,0.3333,1.8459,-1,0.0,0.0986,1.2693,0.0,-0.0401,1.689,1.0,-0.3178,0.5625,1431,3,5,1.707,0.292,1,0.696,1
DOTUSDT,11146,11228,1684593000,1684667700,LONG,SL,5.409,5.4479448,5.73354,5.344092,-0.9243852837862835,-0.9493852837862835,0.02500000000000001,14,1.58,65.02,0.487179487179472,0.0017257933409435247,0.9274413414403279,base,adaptive disabled,1.15,78.5,90,100,50,80,NEW_YORK,bullish,bullish,FVG,BOS bullish | Vol 1.6x | FVG | ChoCH | Engulfing | Session:NEW_YORK | StrongTrend1h | Zone:FVG | MTF 14 | Risk x1.15,BOS+2 | 1h+2 | 4h+2 | Vol+1 | RSI+1 | BTCok+1 | FVG+1 | ChoCH+1 | Engulfing+1 | Zone:FVG+1 | Sess:NEW_YORK | Strong1h+1 | QualityRisk:1.15,0,0,-1.0,range,0.2286,0,2.5741,0.0526,1.5809,-1,0.0,1.402,0.9501,2.375,0.0474,1.999,1.0,0.1319,0.75,11146,0,1,0.297,0.198,1,0.792,1
XLMUSDT,11248,11283,1684684800,1684717200,SHORT,TRAIL,0.0882,0.08756496,0.082908,0.0892584,0.8503401360544158,0.8128401360544159,0.03749999999999997,16,4.12,36.25,0.2500000000000027,0.004395500033186593,4.891092667422956,base,adaptive disabled,1.0,75.8,65,70,90,80,NEW_YORK,bearish,neutral,FVG,BOS bearish | Vol 4.1x | FVG | ChoCH | Engulfing | BearWick | Session:NEW_YORK | StrongTrend1h | Zone:FVG | MTF 16,BOS+2 | BodyStrong+1 | 1h+2 | 4hN+1 | Vol+2 | RSI+1 | BTCok+1 | FVG+1 | ChoCH+1 | Engulfing+1 | BearWick+1 | Zone:FVG+1 | Sess:NEW_YORK | Strong1h+1,0,1,-1.0,bull,0.5111,0,4.7729,0.1111,6.5949,-1,0.0,0.3496,1.5905,1.684,-0.0576,1.849,1.0,-0.1069,1.125,11248,0,4,1.22,3.076,1,2.227,1
LINKUSDT,11270,11283,1684704600,1684717200,SHORT,TP1,6.386,6.3400208,6.00284,6.462632,-0.07340275602881306,-0.09684025602881305,0.02343749999999999,14,1.96,29.37,0.7142857142857062,0.004748877593382424,2.200087147939484,base,adaptive disabled,1.15,82.5,90,90,70,80,DEAD_ZONE,bearish,bearish,FVG,BOS bearish | Vol 2.0x | FVG | ChoCH | StrongTrend1h | Zone:FVG | MTF 14 | Risk x1.15,BOS+2 | BodyStrong+1 | 1h+2 | 4h+2 | Vol+1 | BTC+2 | FVG+1 | ChoCH+1 | Zone:FVG+1 | Sess:DEAD_ZONE | Strong1h+1 | TrendPairRisk:1.15,0,0,-1.0,range,0.3247,5,4.0115,0.1111,4.4838,-1,0.0,0.7308,1.1962,0.0,0.0742,1.678,1.0,-0.1855,0.703125,11270,0,2,2.284,1.449,1,1.17,4
XLMUSDT,11286,11389,1684719000,1684812600,SHORT,SL,0.08766,0.08697407,0.08194395,0.08880321,-0.8069383577820374,-0.8299420054058337,0.023003647623796322,15,1.61,38.25,0.3575757575757592,0.0036914686574768753,2.1698452793259246,base,adaptive disabled,1.15,82.5,90,90,70,80,OFF_HOURS,bearish,bearish,FVG,BOS bearish | Vol 1.6x | FVG | ChoCH | StrongTrend1h | Zone:FVG | MTF 15 | Risk x1.15,BOS+2 | BodyStrong+1 | 1h+2 | 4h+2 | Vol+1 | RSI+1 | BTC+2 | FVG+1 | ChoCH+1 | Zone:FVG+1 | Sess:OFF_HOURS | Strong1h+1 | TrendPairRisk:1.15,0,0,-1.0,range,0.3456,0,5.1884,0.1765,1.3527,-1,0.0,1.1721,0.3062,2.034,-0.1491,1.506,1.0,-0.4304,0.75,11286,2,4,0.772,0.557,1,1.072,1
SOLUSDT,11376,11384,1684800000,1684808100,SHORT,SL,19.584,19.333,18.40896,19.819008,-0.3527473000919116,-0.36329417509191153,0.010546874999999976,16,3.23,31.46,0.8297872340425313,0.0022854951945385994,0.7585907185572396,base,adaptive disabled,1.25,88.5,90,90,90,80,DEAD_ZONE,bearish,bearish,FVG,BOS bearish | Vol 3.2x | FVG | ChoCH | Engulfing | StrongTrend1h | Zone:FVG | MTF 16 | Risk x1.25,BOS+2 | BodyStrong+1 | 1h+2 | 4h+2 | Vol+2 | BTC+2 | FVG+1 | ChoCH+1 | Engulfing+1 | Zone:FVG+1 | Sess:DEAD_ZONE | Strong1h+1 | QualityRisk:1.15 | TrendPairRisk:1.25,0,0,-1.0,range,0.3307,2,3.0732,0.0526,3.2284,-1,0.0,1.1872,0.7092,7.8,-0.2627,2.865,1.0,-0.4226,0.31640625,11376,2,4,1.509,4.437,1,1.127,1
ADAUSDT,11393,11486,1684815300,1684899900,LONG,SL,0.37213,0.37686768,0.41161068,0.36423386,-0.5091688787179582,-0.5171217439787059,0.007952865260747661,16,1.86,65.23,0.39653179190751353,0.0063357128619830685,2.431725793499805,base,adaptive disabled,1.0,82.5,90,90,70,80,OFF_HOURS,bullish,bullish,FVG,BOS bullish | Vol 1.9x | FVG | MACD_Div | ChoCH | StrongTrend1h | Zone:FVG | MTF 16,BOS+2 | BodyStrong+1 | 1h+2 | 4h+2 | Vol+1 | RSI+1 | BTC+2 | FVG+1 | MACD_Div+1 | ChoCH+1 | Zone:FVG+1 | Sess:OFF_HOURS | Strong1h+1,0,0,-1.0,bull,0.3392,0,4.829,0.1111,1.6128,-1,0.0,1.2778,0.2681,2.144,0.0015,1.182,1.0,0.4321,0.421875,11393,2,4,1.732,0.416,1,1.576,5
DOTUSDT,11571,11574,1684975500,1684979100,SHORT,TRAIL,5.215,5.17017847,4.84148729,5.28970254,0.3162543067478007,0.3044738338214451,0.011780472926355565,17,2.07,36.63,0.5056179775280868,0.0041406874726015955,1.4431676071450448,base,adaptive disabled,1.15,90.5,90,100,90,80,OFF_HOURS,bearish,bearish,FVG,BOS bearish | Vol 2.1x | FVG | ChoCH | Engulfing | StrongTrend1h | Zone:FVG | MTF 17 | Risk x1.15,BOS+2 | BodyStrong+1 | 1h+2 | 4h+2 | Vol+2 | RSI+1 | BTC+2 | FVG+1 | ChoCH+1 | Engulfing+1 | Zone:FVG+1 | Sess:OFF_HOURS | Strong1h+1 | TrendPairRisk:1.15,0,1,-1.0,bull,0.0,4,3.5663,0.0526,2.1866,-1,0.0,0.241,1.6956,0.0,-0.1597,1.082,1.0,-0.3864,0.421875,11571,32,1,1.656,1.465,1,1.911,3
SUIUSDT,1912,1952,1684979100,1685016000,SHORT,SL,0.9578,0.9376862,0.790185,0.991323,-0.8992776414700363,-0.9093222843271791,0.010044642857142868,18,3.44,37.41,0.41528239202657485,0.0162116787639416,2.1329311413776746,base,adaptive disabled,1.25,88.5,90,90,90,80,OFF_HOURS,bearish,bearish,FVG,BOS bearish | Vol 3.4x | FVG | MACD_Div | ChoCH | Engulfing | StrongTrend1h | Zone:FVG | MTF 18 | Risk x1.25,BOS+2 | BodyStrong+1 | 1h+2 | 4h+2 | Vol+2 | RSI+1 | BTC+2 | FVG+1 | MACD_Div+1 | ChoCH+1 | Engulfing+1 | Zone:FVG+1 | Sess:OFF_HOURS | Strong1h+1 | QualityRisk:1.15 | TrendPairRisk:1.25,0,1,-1.0,bull,0.3905,0,5.804,0.1111,7.8562,-1,0.0,1.1186,0.1591,0.0,0.0057,2.587,1.0,-0.2145,0.87890625,1912,0,5,2.284,0.513,1,1.329,2
XLMUSDT,11575,11645,1684979100,1685043000,SHORT,SL,0.08588,0.08520536,0.080258,0.0870044,-0.5753068303094988,-0.592491995731057,0.0171851654215582,18,3.06,38.78,0.5217391304347948,0.004895608198464591,2.347988090350055,base,adaptive disabled,1.15,88.5,90,90,90,80,OFF_HOURS,bearish,bearish,FVG,BOS bearish | Vol 3.1x | FVG | LiqSweep | MACD_Div | ChoCH | StrongTrend1h | Zone:FVG | MTF 18 | Risk x1.15,BOS+2 | BodyStrong+1 | 1h+2 | 4h+2 | Vol+2 | RSI+1 | BTC+2 | FVG+1 | LiqSweep+1 | MACD_Div+1 | ChoCH+1 | Zone:FVG+1 | Sess:OFF_HOURS | Strong1h+1 | TrendPairRisk:1.15,0,1,-1.0,bull,0.3504,0,4.7781,0.1111,8.7467,-1,0.0,1.1473,0.0741,0.0,-0.1405,2.476,1.0,-0.1079,0.5625,11575,0,4,1.706,1.408,1,1.237,1
XRPUSDT,11578,11667,1684981800,1685062800,SHORT,SL,0.4517,0.44575,0.424598,0.4571204,-0.84375,-0.8625,0.01875000000000003,15,1.87,33.63,0.6214605067063997,0.005269227801248719,1.7547309208402784,base,adaptive disabled,1.15,78.5,90,100,50,80,OFF_HOURS,bearish,bearish,FVG,BOS bearish | Vol 1.9x | FVG | ChoCH | BearWick | StrongTrend1h | Zone:FVG | MTF 15 | Risk x1.15,BOS+2 | 1h+2 | 4h+2 | Vol+1 | RSI+1 | BTC+2 | FVG+1 | ChoCH+1 | BearWick+1 | Zone:FVG+1 | Sess:OFF_HOURS | Strong1h+1 | TrendPairRisk:1.15,0,0,-1.0,range,0.7673,0,5.183,0.3333,2.9364,-1,0.0,1.5294,0.9395,0.0,-0.1848,1.309,1.0,-0.1379,0.5625,11573,2,3,1.838,2.69,1,0.852,0
DOTUSDT,11632,11687,1685030400,1685080800,SHORT,TRAIL,5.243,5.20019994,4.88633285,5.31433343,0.48298707912966615,0.4540464933482167,0.02894058578144948,13,1.69,31.49,0.739130434782621,0.004195585569180417,1.9986243984477001,base,adaptive disabled,1.0,72.0,60,90,70,80,NEW_YORK,neutral,bearish,FVG,BOS bearish | Vol 1.7x | FVG | LiqSweep | ChoCH | Session:NEW_YORK | Zone:FVG | MTF 13,BOS+2 | BodyStrong+1 | 1hN+1 | 4h+2 | Vol+1 | BTC+2 | FVG+1 | LiqSweep+1 | ChoCH+1 | Zone:FVG+1 | Sess:NEW_YORK,0,0,-1.0,range,0.2113,3,3.3261,0.1111,2.3005,-1,0.0,0.729,1.0748,0.0,-0.1575,1.731,-1.0,0.0019,0.984375,11632,0,2,1.826,0.783,1,0.978,2
ADAUSDT,11677,11721,1685070900,1685111400,SHORT,SL,0.35658,0.35401262,0.3351852,0.36085896,-0.3260959584805633,-0.3366428334805633,0.010546875000000004,17,2.66,34.0,0.5620915032679723,0.00521624842447865,2.2229912041862803,base,adaptive disabled,1.25,85.5,90,90,80,80,OFF_HOURS,bearish,bearish,OB,BOS bearish | Vol 2.7x | FVG | OB | ChoCH | Engulfing | StrongTrend1h | Zone:OB | MTF 17 | Risk x1.25,BOS+2 | 1h+2 | 4h+2 | Vol+2 | RSI+1 | BTC+2 | FVG+1 | OB+1 | ChoCH+1 | Engulfing+1 | Zone:OB+1 | Sess:OFF_HOURS | Strong1h+1 | QualityRisk:1.15 | TrendPairRisk:1.25,0,0,-1.0,range,0.5375,0,2.3015,0.4286,0.9714,-1,0.0,1.061,0.557,10.0,-0.1417,1.78,1.0,-0.2653,0.31640625,11672,27,5,2.127,-1.0,0,0.825,0
SOLUSDT,11689,11721,1685081700,1685111400,SHORT,SL,19.145,18.97634323,17.73952689,19.42609462,-0.550804298566795,-0.5622976482082787,0.011493349641483668,15,2.11,35.96,0.6607142857143101,0.003498381626306049,1.435974007128623,base,adaptive disabled,1.25,84.5,90,100,70,80,OFF_HOURS,bearish,bearish,FVG,BOS bearish | Vol 2.1x | FVG | ChoCH | StrongTrend1h | Zone:FVG | MTF 15 | Risk x1.25,BOS+2 | 1h+2 | 4h+2 | Vol+2 | RSI+1 | BTC+2 | FVG+1 | ChoCH+1 | Zone:FVG+1 | Sess:OFF_HOURS | Strong1h+1 | QualityRisk:1.15 | TrendPairRisk:1.25,0,0,-1.0,bear,0.2083,0,3.9552,0.0526,2.1651,-1,0.0,1.4266,0.2135,3.364,-0.1264,1.869,1.0,-0.1992,0.421875,11689,0,1,0.64,7.176,0,1.13,4
AAVEUSDT,11835,11851,1685213100,1685228400,LONG,TRAIL,65.13,65.61400499,69.16337492,64.32332502,0.4276815428191504,0.40345989161583673,0.024221651203313724,16,1.42,58.68,0.2621359223300965,0.002045492412401473,1.026050463176225,base,adaptive disabled,1.15,82.7,90,91,70,80,OFF_HOURS,bullish,bullish,FVG,BOS bullish | Vol 1.4x | FVG | ChoCH | Engulfing | StrongTrend1h | Zone:FVG | MTF 16 | Risk x1.15,BOS+2 | BodyStrong+1 | 1h+2 | 4h+2 | Vol+1 | RSI+1 | BTC+2 | FVG+1 | ChoCH+1 | Engulfing+1 | Zone:FVG+1 | Sess:OFF_HOURS | Strong1h+1 | QualityRisk:1.15,0,0,-1.0,bull,0.1538,1,1.9772,0.0526,1.3907,-1,0.0,0.1736,1.095,0.0,0.1838,1.607,1.0,0.1681,0.75,11835,3,2,0.205,0.682,1,0.886,0
AVAXUSDT,11849,11852,1685225700,1685229300,LONG,TRAIL,14.46,14.56772485,15.35770705,14.28045859,0.28196837710030104,0.26384720939865497,0.018121167701646047,16,2.06,65.96,0.5384615384615448,0.0016115771374205694,0.7746314107255422,base,adaptive disabled,1.0,82.5,90,90,70,80,DEAD_ZONE,bullish,bullish,FVG,BOS bullish | Vol 2.1x | FVG | ChoCH | Engulfing | StrongTrend1h | Zone:FVG | MTF 16,BOS+2 | 1h+2 | 4h+2 | Vol+2 | RSI+1 | BTC+2 | FVG+1 | ChoCH+1 | Engulfing+1 | Zone:FVG+1 | Sess:DEAD_ZONE | Strong1h+1,0,0,-1.0,bull,0.2105,1,2.7081,0.0526,2.0126,-1,0.0,0.0,1.3924,0.778,0.2779,2.025,1.0,0.6208,0.5625,11849,2,5,1.693,7.447,0,1.016,0
ADAUSDT,11852,11860,1685228400,1685236500,LONG,TRAIL,0.36659,0.36922945,0.3885854,0.36219092,0.3605867590496181,0.34652425904961814,0.014062500000000002,14,2.58,71.79,0.5207100591715931,0.0016095250533710293,0.9808713932101328,base,adaptive disabled,1.15,84.5,90,100,70,80,DEAD_ZONE,bullish,bullish,FVG,BOS bullish | Vol 2.6x | FVG | ChoCH | StrongTrend1h | Zone:FVG | MTF 14 | Risk x1.15,BOS+2 | 1h+2 | 4h+2 | Vol+2 | BTC+2 | FVG+1 | ChoCH+1 | Zone:FVG+1 | Sess:DEAD_ZONE | Strong1h+1 | QualityRisk:1.15,0,0,-1.0,bull,0.1683,5,3.7057,0.0526,2.5317,-1,0.0,0.1591,2.868,1.205,0.2972,2.285,1.0,0.5539,0.421875,11852,0,2,1.23,0.262,1,1.131,4
DOTUSDT,11862,11929,1685237400,1685298600,LONG,TRAIL,5.367,5.40721816,5.7021513,5.29996974,0.2171360740656542,0.2070024278959989,0.0101336461696553,16,3.25,71.83,0.41052631578947546,0.006154086468730678,3.6370651030884305,base,adaptive disabled,1.0,86.5,90,80,90,80,OFF_HOURS,bullish,bullish,FVG,BOS bullish | Vol 3.2x | FVG | ChoCH | Engulfing | StrongTrend1h | Zone:FVG | MTF 16,BOS+2 | BodyStrong+1 | 1h+2 | 4h+2 | Vol+2 | BTC+2 | FVG+1 | ChoCH+1 | Engulfing+1 | Zone:FVG+1 | Sess:OFF_HOURS | Strong1h+1,0,0,-1.0,range,0.274,0,5.203,0.1111,2.2078,-1,0.0,0.2089,1.9394,2.437,0.1142,2.282,1.0,0.2694,0.31640625,11861,0,2,2.566,2.566,1,0.784,3
XRPUSDT,11864,11934,1685239200,1685303100,LONG,TRAIL,0.47191,0.47956,0.5002246,0.46624708,0.4983901856286164,0.4843276856286165,0.014062499999999962,16,3.05,63.52,0.3893129770992361,0.004986693372862225,2.5023121250468736,base,adaptive disabled,1.0,82.5,90,90,70,80,OFF_HOURS,bullish,bullish,FVG,BOS bullish | Vol 3.0x | FVG | ChoCH | Engulfing | StrongTrend1h | Zone:FVG | MTF 16,BOS+2 | 1h+2 | 4h+2 | Vol+2 | RSI+1 | BTC+2 | FVG+1 | ChoCH+1 | Engulfing+1 | Zone:FVG+1 | Sess:OFF_HOURS | Strong1h+1,0,0,-1.0,bull,0.4896,0,3.5138,0.3333,1.6485,-1,0.0,0.2048,1.1869,8.226,0.0947,1.593,1.0,0.2964,0.421875,11860,0,1,0.872,4.892,1,0.318,0
AAVEUSDT,11902,11934,1685273400,1685303100,LONG,TRAIL,66.71,67.190312,70.7126,65.90948,0.6995452955578975,0.6662119622245638,0.03333333333333368,17,2.64,58.76,0.1645569620253333,0.0026942841054977463,1.1962621428427502,base,adaptive disabled,1.15,86.3,90,79,90,80,OVERLAP,bullish,bullish,FVG,BOS bullish | Vol 2.6x | FVG | ChoCH | BullWick | Session:OVERLAP | StrongTrend1h | Zone:FVG | MTF 17 | Risk x1.15,BOS+2 | BodyStrong+1 | 1h+2 | 4h+2 | Vol+2 | RSI+1 | BTC+2 | FVG+1 | ChoCH+1 | BullWick+1 | Zone:FVG+1 | Sess:OVERLAP | Strong1h+1 | QualityRisk:1.15,0,0,-1.0,range,0.4464,0,3.5492,0.0526,2.545,-1,0.0,0.1749,1.853,1.625,0.1912,1.49,1.0,0.2433,1.0,11902,2,2,0.127,-1.0,0,1.775,4
ETHUSDT,11930,11944,1685298600,1685312100,LONG,TRAIL,1845.5,1858.7876,1956.23,1823.354,0.7660525602817642,0.7410525602817641,0.02500000000000005,15,8.76,62.82,0.3200992555831197,0.003963225177794087,2.764844964658883,base,adaptive disabled,1.0,82.1,90,88,70,80,OFF_HOURS,bullish,bullish,FVG,BOS bullish | Vol 8.8x | FVG | ChoCH | StrongTrend1h | Zone:FVG | MTF 15,BOS+2 | 1h+2 | 4h+2 | Vol+2 | RSI+1 | BTC+2 | FVG+1 | ChoCH+1 | Zone:FVG+1 | Sess:OFF_HOURS | Strong1h+1,0,0,-1.0,bull,0.6277,1,4.2084,0.0526,8.7396,-1,0.0,0.051,6.7356,2.687,-0.0887,2.886,1.0,0.4295,0.75,11930,2,3,0.721,0.562,1,3.036,0
XLMUSDT,11949,11978,1685315700,1685342700,LONG,TRAIL,0.08874,0.08937893,0.0940644,0.08767512,0.18223884381338754,0.16817634381338759,0.014062499999999945,15,1.84,70.39,0.8235294117646939,0.0023250651143305874,1.4652892519278031,base,adaptive disabled,1.0,78.5,90,100,50,80,DEAD_ZONE,bullish,bullish,FVG,BOS bullish | Vol 1.8x | FVG | ChoCH | Engulfing | BullWick | StrongTrend1h | Zone:FVG | MTF 15,BOS+2 | 1h+2 | 4h+2 | Vol+1 | BTC+2 | FVG+1 | ChoCH+1 | Engulfing+1 | BullWick+1 | Zone:FVG+1 | Sess:DEAD_ZONE | Strong1h+1,0,0,-1.0,bull,0.2632,0,3.8952,0.0526,1.7611,-1,0.0,0.4226,1.0486,0.0,0.1855,1.766,1.0,0.3393,0.421875,11949,3,4,1.536,1.262,1,1.042,1
BTCUSDT,11956,12147,1685322000,1685494800,LONG,EXPIRED,28191.0,28697.48065494,32411.67212446,27346.86557511,-0.10740106649697899,-0.11021888265855773,0.0028178161615787247,14,1.65,70.51,0.1950419248997453,0.0062150328242718475,2.3467363872315823,base,adaptive disabled,1.0,79.1,90,73,70,80,OFF_HOURS,bullish,bullish,FVG,BOS bullish | Vol 1.6x | FVG | ChoCH | StrongTrend1h | Zone:FVG | MTF 14,BOS+2 | BodyStrong+1 | 1h+2 | 4h+2 | Vol+1 | BTC+2 | FVG+1 | ChoCH+1 | Zone:FVG+1 | Sess:OFF_HOURS | Strong1h+1,0,0,-1.0,bull,0.2857,0,3.1742,0.1765,2.7392,-1,0.0,0.789,0.0488,0.195,-0.1457,1.587,1.0,0.3883,0.2109375,11956,2,2,0.905,-1.0,0,1.038,0
SUIUSDT,2347,2358,1685370600,1685381400,LONG,SL,1.086,1.108806,1.27605,1.04799,-1.6566364114706613,-1.674493554327804,0.01785714285714281,15,2.12,62.27,0.16692189892802675,0.015545417531227998,1.8726805306868441,base,adaptive disabled,1.25,78.5,90,70,70,80,NEW_YORK,bullish,bullish,FVG,BOS bullish | Vol 2.1x | FVG | ChoCH | Session:NEW_YORK | StrongTrend1h | Zone:FVG | MTF 15 | Risk x1.25,BOS+2 | 1h+2 | 4h+2 | Vol+2 | RSI+1 | BTC+2 | FVG+1 | ChoCH+1 | Zone:FVG+1 | Sess:NEW_YORK | Strong1h+1 | QualityRisk:1.15 | RelStrengthRisk:1.25,0,0,-1.0,bull,0.3627,0,2.7135,0.1111,2.4548,-1,0.0,1.2128,0.2587,0.747,0.1002,1.911,1.0,0.0493,1.5625,2347,0,1,0.211,0.71,1,1.107,2
LINKUSDT,12047,12078,1685403900,1685432700,LONG,SL,6.635,6.68499904,7.05165864,6.55166827,-0.7172012989529968,-0.7395948548050115,0.02239355585201476,15,5.3,68.64,0.4418604651162896,0.004861364972648731,1.8884973105799632,base,adaptive disabled,1.0,88.5,90,90,90,80,DEAD_ZONE,bullish,bullish,FVG,BOS bullish | Vol 5.3x | FVG | ChoCH | StrongTrend1h | Zone:FVG | MTF 15,BOS+2 | BodyStrong+1 | 1h+2 | 4h+2 | Vol+2 | BTC+2 | FVG+1 | ChoCH+1 | Zone:FVG+1 | Sess:DEAD_ZONE | Strong1h+1,0,0,-1.0,bull,0.4095,0,3.844,0.1765,2.506,-1,0.0,1.116,0.76,3.353,0.2598,2.758,1.0,0.6046,0.703125,12045,1,2,1.875,0.469,1,0.797,0
XLMUSDT,12050,12065,1685406600,1685421000,LONG,TRAIL,0.08918,0.0898221,0.0945308,0.08810984,0.32238169993272164,0.2973816999327216,0.024999999999999988,14,1.92,56.47,0.2440944881889867,0.0033560686748498442,1.6642371680705814,base,adaptive disabled,1.15,76.3,90,89,50,80,DEAD_ZONE,bullish,bullish,FVG,BOS bullish | Vol 1.9x | FVG | ChoCH | StrongTrend1h | Zone:FVG | MTF 14 | Risk x1.15,BOS+2 | 1h+2 | 4h+2 | Vol+1 | RSI+1 | BTC+2 | FVG+1 | ChoCH+1 | Zone:FVG+1 | Sess:DEAD_ZONE | Strong1h+1 | QualityRisk:1.15,0,0,-1.0,range,0.3276,2,1.5659,0.3333,0.9582,-1,0.0,0.3084,1.2926,0.0,-0.0959,2.005,-1.0,-0.0174,0.75,12045,5,2,0.0,0.13,1,0.565,1
XRPUSDT,12067,12112,1685421900,1685463300,LONG,TRAIL,0.4993,0.50675838,0.56145319,0.48686936,0.23756821853098528,0.22853067098717422,0.009037547543811064,14,1.57,68.27,0.6831831831831887,0.007374028150555632,1.5390518506800848,base,adaptive disabled,1.15,84.5,90,100,70,80,OFF_HOURS,bullish,bullish,FVG,BOS bullish | Vol 1.6x | FVG | ChoCH | StrongTrend1h | Zone:FVG | MTF 14 | Risk x1.15,BOS+2 | BodyStrong+1 | 1h+2 | 4h+2 | Vol+1 | BTC+2 | FVG+1 | ChoCH+1 | Zone:FVG+1 | Sess:OFF_HOURS | Strong1h+1 | RelStrengthRisk:1.15,0,0,-1.0,bull,0.2415,0,3.7671,0.1765,3.1205,-1,0.0,0.4634,3.4994,0.0,0.0049,2.022,1.0,0.3241,0.5625,12067,1,2,0.825,-1.0,0,0.775,7
ETHUSDT,12091,12163,1685443500,1685509200,LONG,SL,1908.9,1922.64408,2023.434,1885.9932,-1.265625,-1.2937499999999997,0.028124999999999754,15,6.29,70.1,0.6765596608116248,0.0025285516383855918,1.4386096129915398,base,adaptive disabled,1.0,84.5,90,100,70,80,LONDON,bullish,bullish,FVG,BOS bullish | Vol 6.3x | FVG | ChoCH | Engulfing | Session:LONDON | StrongTrend1h | Zone:FVG | MTF 15,BOS+2 | 1h+2 | 4h+2 | Vol+2 | BTC+2 | FVG+1 | ChoCH+1 | Engulfing+1 | Zone:FVG+1 | Sess:LONDON | Strong1h+1,0,0,-1.0,range,0.406,3,3.3043,0.0526,6.1873,-1,0.0,1.6982,0.521,3.027,-0.217,2.834,1.0,0.3063,0.84375,12091,0,6,1.648,0.454,1,2.219,2
LINKUSDT,12131,12163,1685479500,1685509200,LONG,SL,6.623,6.68665999,7.15349994,6.51690001,-1.38427734375,-1.4073199317782834,0.023042588028283385,13,1.38,69.02,0.9682539682539852,0.00195885435830471,0.758191863402389,base,adaptive disabled,1.0,72.0,60,90,70,80,DEAD_ZONE,neutral,bullish,FVG,BOS bullish | Vol 1.4x | FVG | ChoCH | BullWick | Zone:FVG | MTF 13,BOS+2 | BodyStrong+1 | 1hN+1 | 4h+2 | Vol+1 | BTC+2 | FVG+1 | ChoCH+1 | BullWick+1 | Zone:FVG+1 | Sess:DEAD_ZONE,0,0,-1.0,bull,0.1963,0,2.2099,0.0526,0.4083,-1,0.0,1.508,0.5812,2.44,0.3469,1.313,1.0,0.4515,0.9228515625,12130,2,5,2.265,1.657,1,0.497,9
SUIUSDT,2483,2489,1685493000,1685499300,SHORT,TP1,1.0051,0.99530298,0.9234582,1.02142836,0.0,-0.018466643312616902,0.018466643312616902,16,1.58,38.88,0.5983606557376978,0.003094869795158984,0.5813290883069451,base,adaptive disabled,1.25,85.5,90,90,80,80,DEAD_ZONE,bearish,bearish,OB,BOS bearish | Vol 1.6x | FVG | OB | ChoCH | StrongTrend1h | Zone:OB | MTF 16 | Risk x1.25,BOS+2 | BodyStrong+1 | 1h+2 | 4h+2 | Vol+1 | RSI+1 | BTC+2 | FVG+1 | OB+1 | ChoCH+1 | Zone:OB+1 | Sess:DEAD_ZONE | Strong1h+1 | QualityRisk:1.15 | TrendPairRisk:1.25,0,0,-1.0,range,0.5366,0,2.9624,0.1111,4.202,-1,0.0,0.2878,2.9295,0.0,0.0142,2.366,1.0,-0.0444,0.75,2481,29,2,0.609,0.588,1,1.258,2
AVAXUSDT,12147,12153,1685493900,1685500200,SHORT,TRAIL,14.45,14.24,13.583,14.6234,0.69339316608996,0.6722994160899601,0.021093749999999894,14,1.64,31.86,0.6000000000000035,0.003009266178155691,0.8817149902056235,base,adaptive disabled,1.15,75.8,65,100,70,80,OFF_HOURS,bearish,neutral,FVG,BOS bearish | Vol 1.6x | FVG | ChoCH | BearWick | StrongTrend1h | Zone:FVG | MTF 14 | Risk x1.15,BOS+2 | BodyStrong+1 | 1h+2 | 4hN+1 | Vol+1 | BTC+2 | FVG+1 | ChoCH+1 | BearWick+1 | Zone:FVG+1 | Sess:OFF_HOURS | Strong1h+1 | QualityRisk:1.15,0,0,-1.0,bear,0.4211,0,2.2245,0.1111,1.5011,-1,0.0,0.0577,1.381,10.0,-0.1369,0.947,1.0,-0.2014,0.6328125,12146,4,5,1.977,0.494,1,1.483,3
XLMUSDT,12161,12167,1685506500,1685512800,LONG,SL,0.09144,0.09229193,0.09853944,0.09002011,-0.5942361732246844,-0.6087260280725951,0.014489854847910823,15,3.51,62.95,0.3288590604026863,0.002661002543005324,0.8548470678908108,base,adaptive disabled,1.15,84.3,90,99,70,80,OFF_HOURS,bullish,bullish,FVG,BOS bullish | Vol 3.5x | FVG | ChoCH | BullWick | StrongTrend1h | Zone:FVG | MTF 15 | Risk x1.15,BOS+2 | 1h+2 | 4h+2 | Vol+2 | RSI+1 | BTCok+1 | FVG+1 | ChoCH+1 | BullWick+1 | Zone:FVG+1 | Sess:OFF_HOURS | Strong1h+1 | QualityRisk:1.15,0,0,-1.0,range,0.1884,0,3.0011,0.1765,1.6277,-1,0.0,1.2677,0.0117,2.13,0.2285,2.769,1.0,0.047,0.5625,12161,3,5,1.3,-1.0,0,1.267,0
XLMUSDT,12191,12216,1685533500,1685556900,LONG,TRAIL,0.09003,0.09067822,0.0954318,0.08894964,1.203302602836085,1.1366359361694185,0.06666666666666651,21,1.47,58.31,0.5177304964538937,0.0036499948896430924,1.2755328309152905,base,adaptive disabled,1.25,71.0,60,100,60,80,OVERLAP,neutral,bullish,OB,BOS bullish | Vol 1.5x | FVG | OB | LiqSweep | MACD_Div | ChoCH | Discount | BullWick | Session:OVERLAP | Zone:OB | 💎PREMIUM | MTF 21 | Risk x1.25,BOS+2 | 1hN+1 | 4h+2 | Vol+1 | RSI+1 | BTCok+1 | FVG+1 | OB+1 | LiqSweep+1 | MACD_Div+1 | ChoCH+1 | Discount+1 | BullWick+1 | Zone:OB+1 | Sess:OVERLAP | NestedOB_1h+2 | 💎Premium+3 | QualityRisk:1.15 | RelStrengthRisk:1.25,1,0,-1.0,range,0.459,0,2.4129,0.1765,1.5189,-1,0.0,0.3517,1.6198,0.0,-0.0287,0.965,-1.0,-0.1458,2.0,12189,4,5,1.81,0.426,1,0.568,0
XRPUSDT,12240,12242,1685577600,1685580300,LONG,SL,0.51495,0.52318,0.54628,0.508684,-0.4322434567507174,-0.4461116042930091,0.013868147542291749,15,1.9,57.62,0.18462697814619758,0.004206390835950374,0.7777419245346365,base,adaptive disabled,1.15,78.9,90,72,70,80,DEAD_ZONE,bullish,bullish,FVG,BOS bullish | Vol 1.9x | FVG | ChoCH | StrongTrend1h | Zone:FVG | MTF 15 | Risk x1.15,BOS+2 | BodyStrong+1 | 1h+2 | 4h+2 | Vol+1 | RSI+1 | BTC+2 | FVG+1 | ChoCH+1 | Zone:FVG+1 | Sess:DEAD_ZONE | Strong1h+1 | QualityRisk:1.15,0,0,-1.0,range,0.5984,0,2.1073,0.1111,1.5576,-1,0.0,1.2688,0.2321,10.0,-0.0481,1.964,1.0,0.0027,0.421875,12240,5,4,0.169,3.912,0,0.965,0
ETHUSDT,12253,12411,1685589300,1685732400,SHORT,SL,1855.8,1828.77657675,1630.60480626,1900.83903875,-1.0108730395583738,-1.0247794753390442,0.013906435780670339,16,4.39,35.24,0.5007720020586686,0.008633476275217012,4.091673101750378,base,adaptive disabled,1.0,71.8,65,80,70,80,OFF_HOURS,bearish,neutral,FVG,BOS bearish | Vol 4.4x | FVG | LiqSweep | ChoCH | Engulfing | StrongTrend1h | Zone:FVG | MTF 16,BOS+2 | 1h+2 | 4hN+1 | Vol+2 | RSI+1 | BTC+2 | FVG+1 | LiqSweep+1 | ChoCH+1 | Engulfing+1 | Zone:FVG+1 | Sess:OFF_HOURS | Strong1h+1,0,1,-1.0,bull,0.3353,0,5.2658,0.0526,4.2117,-1,0.0,1.2536,0.3031,0.0,-0.0021,1.813,-1.0,0.0769,0.84375,12253,0,1,1.654,1.306,1,2.42,2
SUIUSDT,2590,2609,1685589300,1685607300,SHORT,TRAIL,0.9562,0.93812505,0.80557543,0.98632491,0.4317958958217641,0.41691722066555614,0.014878675156207962,16,2.42,37.8,0.2665036674816608,0.011627798703928535,2.206545801338202,base,adaptive disabled,1.25,86.7,90,81,90,80,OFF_HOURS,bearish,bearish,FVG,BOS bearish | Vol 2.4x | FVG | ChoCH | StrongTrend1h | Zone:FVG | MTF 16 | Risk x1.25,BOS+2 | BodyStrong+1 | 1h+2 | 4h+2 | Vol+2 | RSI+1 | BTC+2 | FVG+1 | ChoCH+1 | Zone:FVG+1 | Sess:OFF_HOURS | Strong1h+1 | QualityRisk:1.15 | TrendPairRisk:1.25,0,0,-1.0,range,0.3056,0,4.5354,0.0526,2.3762,-1,0.0,0.2091,1.0014,0.0,0.0118,1.578,1.0,-0.0486,1.171875,2590,0,1,0.818,1.829,1,1.532,2
SOLUSDT,12293,12332,1685625300,1685661300,LONG,SL,20.773,20.9225656,22.01938,20.523724,-1.010927646464168,-1.0437401464641685,0.03281250000000023,14,2.65,66.74,0.5282392026578003,0.004104283273127737,1.3256834972266707,base,adaptive disabled,1.15,80.0,60,100,90,80,OVERLAP,neutral,bullish,FVG,BOS bullish | Vol 2.6x | FVG | ChoCH | Session:OVERLAP | Zone:FVG | MTF 14 | Risk x1.15,BOS+2 | BodyStrong+1 | 1hN+1 | 4h+2 | Vol+2 | RSI+1 | BTC+2 | FVG+1 | ChoCH+1 | Zone:FVG+1 | Sess:OVERLAP | QualityRisk:1.15,0,0,-1.0,bull,0.4305,6,3.6401,0.0526,6.5921,-1,0.0,1.0671,0.6953,3.118,0.3091,1.435,1.0,0.5686,0.984375,12292,0,2,1.616,2.416,1,1.665,5
LINKUSDT,12320,12335,1685649600,1685664000,SHORT,TRAIL,6.387,6.33389301,5.94444173,6.47551165,0.5931422586744202,0.5570622624253387,0.036079996249081314,16,14.68,35.34,0.7222222222222284,0.004809838454239973,2.202906012076227,base,adaptive disabled,1.15,82.5,90,90,70,80,DEAD_ZONE,bearish,bearish,FVG,BOS bearish | Vol 14.7x | FVG | MACD_Div | ChoCH | Engulfing | StrongTrend1h | Zone:FVG | MTF 16 | Risk x1.15,BOS+2 | 1h+2 | 4h+2 | Vol+2 | RSI+1 | BTCok+1 | FVG+1 | MACD_Div+1 | ChoCH+1 | Engulfing+1 | Zone:FVG+1 | Sess:DEAD_ZONE | Strong1h+1 | TrendPairRisk:1.15,0,1,-1.0,bull,0.448,0,3.7926,0.1111,7.2374,-1,0.0,0.1695,1.3746,0.0,0.0583,5.115,1.0,-0.5645,1.25,12319,0,1,1.128,2.358,1,1.076,2
DOTUSDT,12338,12354,1685665800,1685681100,SHORT,SL,5.202,5.1645456,4.88988,5.264424,-0.4933499134948121,-0.507412413494812,0.014062499999999993,16,3.3,31.42,0.5600000000000014,0.0026949906398006994,1.1756896666354688,base,adaptive disabled,1.25,90.5,90,100,90,80,OFF_HOURS,bearish,bearish,FVG,BOS bearish | Vol 3.3x | FVG | ChoCH | Engulfing | StrongTrend1h | Zone:FVG | MTF 16 | Risk x1.25,BOS+2 | BodyStrong+1 | 1h+2 | 4h+2 | Vol+2 | BTC+2 | FVG+1 | ChoCH+1 | Engulfing+1 | Zone:FVG+1 | Sess:OFF_HOURS | Strong1h+1 | QualityRisk:1.15 | TrendPairRisk:1.25,0,0,-1.0,bear,0.4118,3,2.913,0.0526,3.3113,-1,0.0,1.1854,1.2549,3.111,0.0328,2.102,1.0,-0.4504,0.421875,12338,0,2,1.494,0.149,1,1.569,2
LINKUSDT,12338,12351,1685665800,1685678400,SHORT,SL,6.368,6.3221504,5.98592,6.444416,-0.9692014761306496,-1.0004514761306493,0.031249999999999986,16,1.39,35.82,0.2727272727272748,0.0020448760025610457,1.0076519748162036,base,adaptive disabled,1.25,76.9,90,92,50,80,DEAD_ZONE,bearish,bearish,FVG,BOS bearish | Vol 1.4x | FVG | ChoCH | Engulfing | BearWick | StrongTrend1h | Zone:FVG | MTF 16 | Risk x1.25,BOS+2 | 1h+2 | 4h+2 | Vol+1 | RSI+1 | BTC+2 | FVG+1 | ChoCH+1 | Engulfing+1 | BearWick+1 | Zone:FVG+1 | Sess:DEAD_ZONE | Strong1h+1 | QualityRisk:1.15 | TrendPairRisk:1.25,0,0,-1.0,range,0.6136,6,3.3769,0.25,1.51,-1,0.0,1.06,1.4613,0.656,-0.0089,1.262,1.0,-0.6084,0.9375,12334,4,5,0.974,1.364,1,1.299,5
LINKUSDT,12377,12392,1685700900,1685715300,SHORT,TRAIL,6.409,6.35664307,5.97269228,6.49626154,1.30641746638896,1.2476607678479992,0.058756698540960835,17,1.39,37.82,0.3333333333333333,0.002497466906598366,1.1404504238666309,base,adaptive disabled,1.15,74.0,60,100,70,80,LONDON,neutral,bearish,FVG,BOS bearish | Vol 1.4x | FVG | LiqSweep | ChoCH | Premium | Session:LONDON | Zone:FVG | MTF 17 | Risk x1.15,BOS+2 | BodyStrong+1 | 1hN+1 | 4h+2 | Vol+1 | RSI+1 | BTC+2 | FVG+1 | LiqSweep+1 | ChoCH+1 | Premium+1 | Zone:FVG+1 | Sess:LONDON | NestedOB_1h+2 | QualityRisk:1.15,0,0,-1.0,range,0.1798,4,3.6462,0.0526,1.3622,-1,0.0,0.1834,1.2606,0.632,-0.3287,1.236,1.0,-0.3627,2.0,12377,0,1,0.982,0.28,1,1.122,3
DOTUSDT,12395,12525,1685717100,1685835000,SHORT,SL,5.233,5.18997001,4.87441673,5.30471665,-1.3542880209825898,-1.392596070786924,0.03830804980433417,15,1.68,33.19,0.5949367088607578,0.004723043888705311,2.263626125611494,base,adaptive disabled,1.0,72.0,60,90,70,80,NEW_YORK,neutral,bearish,FVG,BOS bearish | Vol 1.7x | FVG | ChoCH | Session:NEW_YORK | Zone:FVG | MTF 15,BOS+2 | BodyStrong+1 | 1hN+1 | 4h+2 | Vol+1 | RSI+1 | BTC+2 | FVG+1 | ChoCH+1 | Zone:FVG+1 | Sess:NEW_YORK | NestedOB_1h+2,0,0,-1.0,bear,0.3896,0,2.8116,0.25,1.585,-1,0.0,1.0318,0.3718,3.615,0.1476,1.123,-1.0,0.1782,1.3125,12393,0,1,0.359,1.196,1,0.538,1
SUIUSDT,2774,2793,1685754900,1685772900,SHORT,TRAIL,0.9361,0.92054259,0.80645491,0.96202902,1.1136170977537934,1.0946633347500239,0.018953763003769546,14,1.68,36.56,0.8565400843881837,0.0057342320552741105,1.0483525429237275,base,adaptive disabled,1.15,74.0,60,100,70,80,OFF_HOURS,neutral,bearish,FVG,BOS bearish | Vol 1.7x | FVG | ChoCH | Engulfing | Zone:FVG | MTF 14 | Risk x1.15,BOS+2 | BodyStrong+1 | 1hN+1 | 4h+2 | Vol+1 | RSI+1 | BTC+2 | FVG+1 | ChoCH+1 | Engulfing+1 | Zone:FVG+1 | Sess:OFF_HOURS | QualityRisk:1.15,0,0,-1.0,range,0.2757,3,2.6126,0.0526,1.3744,-1,0.0,0.0694,1.9926,0.0,-0.2714,1.131,1.0,-0.3827,1.3125,2772,30,2,1.17,2.067,1,0.76,2
XLMUSDT,12457,12635,1685772900,1685934000,LONG,SL,0.09276,0.09362493,0.09996771,0.09131846,-0.6328125,-0.6436711997239064,0.010858699723906445,15,1.82,70.76,0.7179487179487216,0.0020834037359664264,1.3744512090156986,base,adaptive disabled,1.0,84.5,90,100,70,80,OFF_HOURS,bullish,bullish,FVG,BOS bullish | Vol 1.8x | FVG | ChoCH | BullWick | StrongTrend1h | Zone:FVG | MTF 15,BOS+2 | BodyStrong+1 | 1h+2 | 4h+2 | Vol+1 | BTC+2 | FVG+1 | ChoCH+1 | BullWick+1 | Zone:FVG+1 | Sess:OFF_HOURS | Strong1h+1,0,0,-1.0,range,0.0938,0,2.4142,0.1765,1.2649,-1,0.0,1.5747,0.7284,1.302,0.4905,1.047,1.0,0.6186,0.421875,12457,2,6,2.29,0.124,1,1.733,0
ADAUSDT,12497,12556,1685808900,1685862900,LONG,TRAIL,0.37723,0.37994606,0.3998638,0.37270324,0.5235532698883942,0.49855326988839427,0.0249999999999999,18,2.04,59.0,0.3333333333333453,0.0017407227735754495,1.0224842381941577,base,adaptive disabled,1.15,84.5,90,100,70,80,NEW_YORK,bullish,bullish,FVG,BOS bullish | Vol 2.0x | FVG | ChoCH | Engulfing | Session:NEW_YORK | StrongTrend1h | Zone:FVG | MTF 18 | Risk x1.15,BOS+2 | 1h+2 | 4h+2 | Vol+2 | RSI+1 | BTC+2 | FVG+1 | ChoCH+1 | Engulfing+1 | Zone:FVG+1 | Sess:NEW_YORK | Strong1h+1 | NestedOB_1h+2 | QualityRisk:1.15,0,0,-1.0,bull,0.2155,0,3.3525,0.0526,2.0103,-1,0.0,1.0029,1.3917,0.0,0.1384,2.399,1.0,0.2095,0.75,12497,0,2,0.615,0.978,1,0.852,3
SOLUSDT,12499,12547,1685810700,1685854800,LONG,TRAIL,21.204,21.3566688,22.47624,20.949552,0.2321201188455018,0.2133701188455018,0.01875,19,2.21,65.69,0.4018126888217588,0.004202687189406056,2.1643839025543494,base,adaptive disabled,1.15,88.5,90,90,90,80,NEW_YORK,bullish,bullish,FVG,BOS bullish | Vol 2.2x | FVG | ChoCH | Engulfing | Session:NEW_YORK | StrongTrend1h | Zone:FVG | MTF 19 | Risk x1.15,BOS+2 | BodyStrong+1 | 1h+2 | 4h+2 | Vol+2 | RSI+1 | BTC+2 | FVG+1 | ChoCH+1 | Engulfing+1 | Zone:FVG+1 | Sess:NEW_YORK | Strong1h+1 | NestedOB_1h+2 | QualityRisk:1.15,0,1,-1.0,bear,0.5338,0,4.833,0.0526,3.374,-1,0.0,0.9943,1.1463,0.0,0.1083,1.365,1.0,0.1677,0.5625,12498,1,2,1.926,0.145,1,1.508,3
AVAXUSDT,12548,12566,1685854800,1685871900,LONG,TRAIL,14.64,14.745408,15.5184,14.46432,0.38366449358571164,0.36491449358571165,0.01875000000000002,15,1.38,64.34,0.6000000000000071,0.0020496472178817013,0.9947621164187723,base,adaptive disabled,1.15,78.5,90,100,50,80,OFF_HOURS,bullish,bullish,FVG,BOS bullish | Vol 1.4x | FVG | ChoCH | BullWick | StrongTrend1h | Zone:FVG | MTF 15 | Risk x1.15,BOS+2 | 1h+2 | 4h+2 | Vol+1 | RSI+1 | BTC+2 | FVG+1 | ChoCH+1 | BullWick+1 | Zone:FVG+1 | Sess:OFF_HOURS | Strong1h+1 | QualityRisk:1.15,0,0,-1.0,bull,0.1333,1,2.0701,0.1765,0.9329,-1,0.0,0.1708,1.1384,6.0,0.0236,0.999,1.0,0.1593,0.5625,12548,2,3,0.69,3.105,1,1.38,0
ETHUSDT,12558,12584,1685863800,1685888100,LONG,TRAIL,1898.45,1912.11884,2012.357,1875.6686,0.5167867207458715,0.47303672074587166,0.04374999999999985,13,1.37,66.13,0.416666666666664,0.001996884225301122,1.7511842620797224,base,adaptive disabled,1.0,74.0,60,100,70,80,LONDON,neutral,bullish,FVG,BOS bullish | Vol 1.4x | FVG | ChoCH | Session:LONDON | Zone:FVG | MTF 13,BOS+2 | BodyStrong+1 | 1hN+1 | 4h+2 | Vol+1 | RSI+1 | BTC+2 | FVG+1 | ChoCH+1 | Zone:FVG+1 | Sess:LONDON,0,0,-1.0,bull,0.2949,0,4.4141,0.1765,2.4449,-1,0.0,0.0198,1.2027,2.844,0.1592,2.656,1.0,0.354,1.3125,12557,0,2,1.374,1.834,1,0.589,3
SOLUSDT,12578,12582,1685881800,1685886300,LONG,TRAIL,21.688,21.85824181,23.10668172,21.40426366,0.4059116114629619,0.3833387626696066,0.022572848793355343,14,2.44,71.26,0.5384615384615384,0.004223925332894795,1.6953879925867543,base,adaptive disabled,1.25,90.5,90,100,90,80,OVERLAP,bullish,bullish,FVG,BOS bullish | Vol 2.4x | FVG | ChoCH | Session:OVERLAP | StrongTrend1h | Zone:FVG | MTF 14 | Risk x1.25,BOS+2 | BodyStrong+1 | 1h+2 | 4h+2 | Vol+2 | BTCok+1 | FVG+1 | ChoCH+1 | Zone:FVG+1 | Sess:OVERLAP | Strong1h+1 | QualityRisk:1.15 | RelStrengthRisk:1.25,0,0,-1.0,range,0.3425,0,3.4771,0.0526,2.0222,-1,0.0,0.0247,1.7446,0.0,-0.0937,1.645,1.0,0.1108,0.73828125,12577,0,1,1.469,1.44,1,1.6,2
DOTUSDT,12621,12635,1685920500,1685934000,LONG,SL,5.349,5.3875128,5.66994,5.284812,-0.9230697326603093,-0.9480697326603091,0.024999999999999776,17,2.07,58.68,0.14285714285714546,0.0038546216397846622,2.0606807286674704,base,adaptive disabled,1.15,83.9,90,67,90,80,DEAD_ZONE,bullish,bullish,FVG,BOS bullish | Vol 2.1x | FVG | ChoCH | Engulfing | StrongTrend1h | Zone:FVG | MTF 17 | Risk x1.15,BOS+2 | BodyStrong+1 | 1h+2 | 4h+2 | Vol+2 | RSI+1 | BTC+2 | FVG+1 | ChoCH+1 | Engulfing+1 | Zone:FVG+1 | Sess:DEAD_ZONE | Strong1h+1 | QualityRisk:1.15,0,0,-1.0,range,0.5455,1,3.0567,0.0526,2.0826,-1,0.0,1.4489,0.3895,1.077,0.0068,1.569,1.0,0.1199,0.75,12621,9,2,0.208,0.278,1,1.32,0
XRPUSDT,12649,12685,1685945700,1685979000,LONG,SL,0.53639,0.54416147,0.60115227,0.52343755,-1.125,-1.1374236727414504,0.012423672741450457,19,1.65,59.61,0.6075187969924837,0.008626627806187502,1.7129789009433374,base,adaptive disabled,1.25,81.5,90,100,60,80,OFF_HOURS,bullish,bullish,OB,BOS bullish | Vol 1.6x | FVG | OB | LiqSweep | MACD_Div | ChoCH | StrongTrend1h | Zone:OB | 💎PREMIUM | MTF 19 | Risk x1.25,BOS+2 | 1h+2 | 4h+2 | Vol+1 | RSI+1 | BTCok+1 | FVG+1 | OB+1 | LiqSweep+1 | MACD_Div+1 | ChoCH+1 | Zone:OB+1 | Sess:OFF_HOURS | Strong1h+1 | 💎Premium+3 | QualityRisk:1.15 | RelStrengthRisk:1.25,1,1,-1.0,bear,0.3224,2,3.3512,0.1111,2.0438,-1,0.0,1.8908,0.3873,0.0,0.1809,2.414,1.0,0.1176,0.75,12649,25,1,0.88,2.836,0,0.682,1
XLMUSDT,12668,12685,1685962800,1685979000,SHORT,TRAIL,0.09127,0.09061286,0.0857938,0.09236524,1.1555686424893212,1.099318642489321,0.05625000000000014,16,2.37,38.87,0.5116279069767641,0.0019429550924807077,0.81197859725897,base,adaptive disabled,1.15,78.8,65,100,80,80,LONDON,bearish,neutral,OB,BOS bearish | Vol 2.4x | FVG | OB | ChoCH | BearWick | Session:LONDON | StrongTrend1h | Zone:OB | MTF 16 | Risk x1.15,BOS+2 | 1h+2 | 4hN+1 | Vol+2 | RSI+1 | BTC+2 | FVG+1 | OB+1 | ChoCH+1 | BearWick+1 | Zone:OB+1 | Sess:LONDON | Strong1h+1 | QualityRisk:1.15,0,0,-1.0,range,0.6875,0,2.0702,0.1765,1.5972,-1,0.0,0.2374,2.7087,0.0,-0.013,1.654,-1.0,0.3238,1.6875,12667,6,4,1.38,1.486,1,0.743,0
ETHUSDT,12669,12684,1685963700,1685978100,SHORT,TP1,1868.48,1855.026944,1756.3712,1890.90176,0.0,-0.06666666666666682,0.06666666666666682,15,3.25,32.63,0.6056838365896929,0.002032286036339652,0.945821876962208,base,adaptive disabled,1.15,75.8,65,100,70,80,LONDON,bearish,neutral,FVG,BOS bearish | Vol 3.2x | FVG | ChoCH | BearWick | Session:LONDON | StrongTrend1h | Zone:FVG | MTF 15 | Risk x1.15,BOS+2 | 1h+2 | 4hN+1 | Vol+2 | RSI+1 | BTC+2 | FVG+1 | ChoCH+1 | BearWick+1 | Zone:FVG+1 | Sess:LONDON | Strong1h+1 | QualityRisk:1.15,0,0,-1.0,bear,0.5047,0,2.4431,0.0526,1.8184,-1,0.0,0.1262,1.2637,0.0,-0.0289,1.713,1.0,-0.3155,2.0,12667,1,2,0.786,1.208,1,1.627,7
LINKUSDT,12678,12685,1685971800,1685979000,SHORT,TRAIL,6.374,6.3281072,5.99156,6.450488,1.4904298713523494,1.423763204685683,0.06666666666666637,17,2.04,36.46,0.2682926829268298,0.0030453031698386124,1.215075964784706,base,adaptive disabled,1.25,91.9,90,92,100,80,OVERLAP,bearish,bearish,OB,BOS bearish | Vol 2.0x | FVG | OB | ChoCH | Session:OVERLAP | StrongTrend1h | Zone:OB | MTF 17 | Risk x1.25,BOS+2 | BodyStrong+1 | 1h+2 | 4h+2 | Vol+2 | RSI+1 | BTC+2 | FVG+1 | OB+1 | ChoCH+1 | Zone:OB+1 | Sess:OVERLAP | Strong1h+1 | QualityRisk:1.15 | TrendPairRisk:1.25,0,0,-1.0,bear,0.593,1,3.5661,0.1111,1.9275,-1,0.0,0.1177,2.9198,0.917,-0.0443,1.622,1.0,-0.1279,2.0,12676,4,1,0.726,0.198,1,0.859,0
SUIUSDT,3161,3168,1686103200,1686110400,SHORT,TRAIL,0.7993,0.7825147,0.6594225,0.8272755,0.2639027899411998,0.25586707565548555,0.008035714285714273,15,1.55,32.99,0.6758620689655181,0.014537995315799744,1.4322552736365215,base,adaptive disabled,1.25,84.5,90,100,70,80,OFF_HOURS,bearish,bearish,FVG,BOS bearish | Vol 1.6x | FVG | ChoCH | StrongTrend1h | Zone:FVG | MTF 15 | Risk x1.25,BOS+2 | BodyStrong+1 | 1h+2 | 4h+2 | Vol+1 | RSI+1 | BTC+2 | FVG+1 | ChoCH+1 | Zone:FVG+1 | Sess:OFF_HOURS | Strong1h+1 | QualityRisk:1.15 | TrendPairRisk:1.25,0,0,-1.0,range,0.2704,0,4.8216,0.1111,3.1592,-1,0.0,0.0929,1.0664,0.0,-0.109,2.185,1.0,-0.3992,0.703125,3161,0,6,2.666,0.083,1,0.711,4
ADAUSDT,12833,12856,1686111300,1686132900,SHORT,TRAIL,0.34526,0.33848186,0.28877554,0.35655689,0.30099545096039737,0.29583804702002087,0.005157403940376509,14,1.66,28.64,0.47663551401869064,0.003515821982233097,0.863329620325839,base,adaptive disabled,1.25,84.5,90,100,70,80,OFF_HOURS,bearish,bearish,FVG,BOS bearish | Vol 1.7x | FVG | ChoCH | StrongTrend1h | Zone:FVG | MTF 14 | Risk x1.25,BOS+2 | BodyStrong+1 | 1h+2 | 4h+2 | Vol+1 | BTC+2 | FVG+1 | ChoCH+1 | Zone:FVG+1 | Sess:OFF_HOURS | Strong1h+1 | QualityRisk:1.15 | TrendPairRisk:1.25,0,0,-1.0,bear,0.124,1,2.4501,0.1765,1.2986,-1,0.0,0.1496,1.6834,0.752,-0.2553,1.864,1.0,-0.4595,0.421875,12831,0,1,0.621,5.101,0,0.601,0
LINKUSDT,12886,12904,1686159000,1686176100,SHORT,TRAIL,5.956,5.86115952,5.16566269,6.11406746,0.6939284024681621,0.679798359510554,0.014130042957608117,14,1.5,28.82,0.205673758865245,0.004761912892334503,1.475002518424388,base,adaptive disabled,1.15,81.3,90,84,70,80,OFF_HOURS,bearish,bearish,FVG,BOS bearish | Vol 1.5x | FVG | ChoCH | StrongTrend1h | Zone:FVG | MTF 14 | Risk x1.15,BOS+2 | BodyStrong+1 | 1h+2 | 4h+2 | Vol+1 | BTC+2 | FVG+1 | ChoCH+1 | Zone:FVG+1 | Sess:OFF_HOURS | Strong1h+1 | TrendPairRisk:1.15,0,0,-1.0,range,0.1643,0,1.9313,0.0526,1.4766,-1,0.0,0.0949,1.3602,0.319,0.1096,2.025,1.0,-0.5191,0.9375,12886,0,1,0.064,-1.0,0,0.74,2
DOTUSDT,12904,13095,1686175200,1686348000,SHORT,EXPIRED,5.007,4.877,4.66868249,5.0746635,0.062348976922563915,0.049861723824512545,0.012487253098051368,16,2.79,29.71,0.6122448979591917,0.005137289369022853,1.2287906905293158,base,adaptive disabled,1.15,90.5,90,100,90,80,DEAD_ZONE,bearish,bearish,FVG,BOS bearish | Vol 2.8x | FVG | ChoCH | Engulfing | StrongTrend1h | Zone:FVG | MTF 16 | Risk x1.15,BOS+2 | BodyStrong+1 | 1h+2 | 4h+2 | Vol+2 | BTC+2 | FVG+1 | ChoCH+1 | Engulfing+1 | Zone:FVG+1 | Sess:DEAD_ZONE | Strong1h+1 | TrendPairRisk:1.15,0,0,-1.0,range,0.439,2,2.7696,0.0526,2.7836,-1,0.0,0.9163,0.6,0.0,0.1711,1.68,1.0,-0.1896,0.421875,12904,0,3,1.846,4.755,1,1.662,1
AVAXUSDT,12927,13057,1686195900,1686313800,SHORT,SL,13.87,13.70355716,12.48297633,14.14740473,-0.84375,-0.8549998081773876,0.011249808177387575,14,1.69,30.48,0.6551724137931098,0.00624923120932164,1.756033969831917,base,adaptive disabled,1.15,84.5,90,100,70,80,OFF_HOURS,bearish,bearish,FVG,BOS bearish | Vol 1.7x | FVG | ChoCH | StrongTrend1h | Zone:FVG | MTF 14 | Risk x1.15,BOS+2 | BodyStrong+1 | 1h+2 | 4h+2 | Vol+1 | BTC+2 | FVG+1 | ChoCH+1 | Zone:FVG+1 | Sess:OFF_HOURS | Strong1h+1 | TrendPairRisk:1.15,0,0,-1.0,range,0.1852,0,3.8324,0.1111,2.6128,-1,0.0,1.6943,0.9012,0.0,-0.2139,1.935,1.0,-0.3983,0.5625,12927,0,3,2.09,0.697,1,0.871,7
SOLUSDT,12927,13050,1686195900,1686307500,SHORT,SL,18.431,18.07637385,15.47578208,19.02204358,-1.003752919116393,-1.0147159828510501,0.010963063734657314,17,2.6,37.13,0.43429844097995796,0.014245932035805311,1.939394042553739,base,adaptive disabled,1.25,88.5,90,90,90,80,OFF_HOURS,bearish,bearish,FVG,BOS bearish | Vol 2.6x | FVG | LiqSweep | ChoCH | StrongTrend1h | Zone:FVG | MTF 17 | Risk x1.25,BOS+2 | BodyStrong+1 | 1h+2 | 4h+2 | Vol+2 | RSI+1 | BTC+2 | FVG+1 | LiqSweep+1 | ChoCH+1 | Zone:FVG+1 | Sess:OFF_HOURS | Strong1h+1 | QualityRisk:1.15 | TrendPairRisk:1.25,0,0,-1.0,range,0.3108,0,4.3064,0.1111,4.8163,-1,0.0,1.2791,0.141,0.0,-0.0402,1.925,1.0,-0.1801,0.87890625,12927,0,1,0.657,-1.0,0,1.349,4
AVAXUSDT,13091,13108,1686343500,1686359700,SHORT,TRAIL,13.81,13.57971937,11.89099475,14.19380105,0.6668494002296256,0.6526814152801316,0.014167984949494058,14,1.82,29.5,0.6,0.00507738604896274,1.4145597532512042,base,adaptive disabled,1.0,74.0,60,100,70,80,DEAD_ZONE,neutral,bearish,FVG,BOS bearish | Vol 1.8x | FVG | ChoCH | Zone:FVG | MTF 14,BOS+2 | BodyStrong+1 | 1hN+1 | 4h+2 | Vol+1 | BTC+2 | FVG+1 | ChoCH+1 | Zone:FVG+1 | Sess:DEAD_ZONE | NestedOB_1h+2,0,0,-1.0,range,0.1944,1,2.5078,0.1765,1.4135,-1,0.0,0.1824,1.6502,1.286,-0.2051,1.66,1.0,-0.7752,0.984375,13091,2,6,2.508,0.94,1,1.097,0
ADAUSDT,13109,13112,1686359700,1686363300,SHORT,TRAIL,0.29043,0.28433097,0.23960475,0.30059505,0.2109710478551515,0.20293533356943716,0.008035714285714323,15,1.91,34.54,0.31193959414818434,0.017656208978803958,2.2130839019020567,base,adaptive disabled,1.15,81.9,90,87,70,80,OFF_HOURS,bearish,bearish,FVG,BOS bearish | Vol 1.9x | FVG | ChoCH | StrongTrend1h | Zone:FVG | MTF 15 | Risk x1.15,BOS+2 | BodyStrong+1 | 1h+2 | 4h+2 | Vol+1 | RSI+1 | BTC+2 | FVG+1 | ChoCH+1 | Zone:FVG+1 | Sess:OFF_HOURS | Strong1h+1 | TrendPairRisk:1.15,0,0,-1.0,bear,0.3081,0,3.6649,0.0526,1.9605,-1,0.0,0.0512,1.392,1.422,-0.1384,0.922,1.0,-0.2961,0.703125,13109,1,2,0.127,-1.0,0,2.068,4
ADAUSDT,13219,13276,1686458700,1686510900,SHORT,SL,0.2623,0.2567917,0.2163975,0.2714805,-0.4457477806219707,-0.4505692091933992,0.004821428571428552,17,1.66,39.99,0.15204678362573415,0.010283467756773948,0.9227262760846944,base,adaptive disabled,1.25,80.1,90,78,70,80,OFF_HOURS,bearish,bearish,FVG,BOS bearish | Vol 1.7x | FVG | ChoCH | Engulfing | BearWick | StrongTrend1h | Zone:FVG | MTF 17 | Risk x1.25,BOS+2 | BodyStrong+1 | 1h+2 | 4h+2 | Vol+1 | RSI+1 | BTC+2 | FVG+1 | ChoCH+1 | Engulfing+1 | BearWick+1 | Zone:FVG+1 | Sess:OFF_HOURS | Strong1h+1 | QualityRisk:1.15 | TrendPairRisk:1.25,0,0,-1.0,bear,0.1538,0,2.3258,0.1111,2.1076,-1,0.0,1.3267,0.6554,0.117,-0.2986,2.945,1.0,-0.1736,0.421875,13219,0,1,0.181,9.236,0,0.563,1
LINKUSDT,13257,13280,1686492900,1686514500,SHORT,SL,5.138,5.012,4.977,5.22474823,-1.1131351037364026,-1.135345931553869,0.0222108278174666,17,2.61,35.47,0.682242990654211,0.00493706995933621,1.2811696544724591,base,adaptive disabled,1.15,84.5,90,100,70,80,NEW_YORK,bearish,bearish,FVG,BOS bearish | Vol 2.6x | FVG | LiqSweep | ChoCH | Engulfing | Session:NEW_YORK | StrongTrend1h | Zone:FVG | MTF 17 | Risk x1.15,BOS+2 | 1h+2 | 4h+2 | Vol+2 | RSI+1 | BTC+2 | FVG+1 | LiqSweep+1 | ChoCH+1 | Engulfing+1 | Zone:FVG+1 | Sess:NEW_YORK | Strong1h+1 | TrendPairRisk:1.15,0,0,-1.0,bear,0.4359,0,3.9039,0.1111,5.2099,-1,0.0,1.3026,0.3333,0.0,0.0835,1.866,1.0,-0.0924,0.9375,13254,0,1,0.723,7.952,0,1.012,1
BTCUSDT,13308,13427,1686538800,1686646800,SHORT,SL,25796.0,25568.67919404,23901.65995036,26174.86800993,-0.6156110979271961,-0.6323668920523663,0.016755794125170153,14,2.33,39.23,0.2664835164835075,0.00791281884941733,2.7308771326689456,base,adaptive disabled,1.0,70.2,60,81,70,80,OFF_HOURS,neutral,bearish,FVG,BOS bearish | Vol 2.3x | FVG | LiqSweep | ChoCH | Zone:FVG | MTF 14,BOS+2 | 1hN+1 | 4h+2 | Vol+2 | RSI+1 | BTC+2 | FVG+1 | LiqSweep+1 | ChoCH+1 | Zone:FVG+1 | Sess:OFF_HOURS,0,0,-1.0,range,0.4121,0,3.3929,0.1765,3.5546,-1,0.0,1.3303,0.6423,0.79,-0.0977,1.313,1.0,-0.0699,0.615234375,13308,1,2,0.729,0.401,1,1.778,0
DOTUSDT,13309,13402,1686539700,1686624300,SHORT,SL,4.474,4.41400426,3.97403552,4.5739929,-1.2920839254586998,-1.314105957772994,0.022022032314294282,15,1.5,38.39,0.2597402597402616,0.012664391733140044,2.8501213596065496,base,adaptive disabled,1.0,64.2,60,81,50,80,OFF_HOURS,neutral,bearish,FVG,BOS bearish | Vol 1.5x | FVG | ChoCH | Engulfing | Zone:FVG | MTF 15,BOS+2 | 1hN+1 | 4h+2 | Vol+1 | RSI+1 | BTC+2 | FVG+1 | ChoCH+1 | Engulfing+1 | Zone:FVG+1 | Sess:OFF_HOURS | NestedOB_1h+2,0,0,-1.0,range,0.4855,0,3.6216,0.25,3.9098,-1,0.0,1.1601,0.4,0.833,-0.0994,1.177,1.0,-0.446,1.23046875,13308,1,2,0.931,0.379,1,0.69,1
LINKUSDT,13310,13421,1686540600,1686641400,SHORT,SL,5.077,4.98004042,4.26900352,5.2385993,-0.689367882085507,-0.6976517181502363,0.008283836064729252,17,1.32,32.07,0.5730337078651734,0.013097476545169665,2.420226558786379,base,adaptive disabled,1.15,76.5,90,90,50,80,OFF_HOURS,bearish,bearish,FVG,BOS bearish | Vol 1.3x | FVG | ChoCH | BearWick | StrongTrend1h | Zone:FVG | MTF 17 | Risk x1.15,BOS+2 | 1h+2 | 4h+2 | Vol+1 | RSI+1 | BTC+2 | FVG+1 | ChoCH+1 | BearWick+1 | Zone:FVG+1 | Sess:OFF_HOURS | Strong1h+1 | NestedOB_1h+2 | TrendPairRisk:1.15,0,0,-1.0,range,0.4112,0,4.1452,0.3333,3.2808,-1,0.0,1.0705,0.3094,8.5,-0.2403,1.704,1.0,-0.4716,0.6591796875,13307,0,1,1.477,2.694,0,0.881,2
SUIUSDT,3784,3790,1686663900,1686670200,LONG,SL,0.715,0.730015,0.840125,0.689975,-1.406249999999998,-1.4169642857142835,0.01071428571428573,15,1.79,65.16,0.41747572815534223,0.022360926959130806,1.737517742311812,base,adaptive disabled,1.25,78.5,90,100,50,80,NEW_YORK,bullish,bullish,FVG,BOS bullish | Vol 1.8x | FVG | LiqSweep | ChoCH | BullWick | Session:NEW_YORK | StrongTrend1h | Zone:FVG | MTF 15 | Risk x1.25,BOS+2 | 1h+2 | 4h+2 | Vol+1 | RSI+1 | BTCok+1 | FVG+1 | LiqSweep+1 | ChoCH+1 | BullWick+1 | Zone:FVG+1 | Sess:NEW_YORK | Strong1h+1 | QualityRisk:1.15 | RelStrengthRisk:1.25,0,0,-1.0,range,0.3692,0,3.4039,0.0526,1.7632,-1,0.0,1.5225,0.4262,0.0,-0.0592,1.396,-1.0,-0.1385,0.9375,3784,0,1,0.864,3.689,0,1.283,3
SUIUSDT,3838,3854,1686712500,1686727800,LONG,SL,0.7023,0.7170483,0.8252025,0.6777195,-0.8451821565875404,-0.8537535851589689,0.008571428571428572,15,1.58,60.98,0.5555555555555516,0.01017161698553619,1.0322695415787733,base,adaptive disabled,1.15,84.5,90,100,70,80,OFF_HOURS,bullish,bullish,FVG,BOS bullish | Vol 1.6x | FVG | ChoCH | Engulfing | StrongTrend1h | Zone:FVG | MTF 15 | Risk x1.15,BOS+2 | BodyStrong+1 | 1h+2 | 4h+2 | Vol+1 | RSI+1 | BTCok+1 | FVG+1 | ChoCH+1 | Engulfing+1 | Zone:FVG+1 | Sess:OFF_HOURS | Strong1h+1 | QualityRisk:1.15,0,0,-1.0,range,0.3646,0,1.6977,0.1111,1.1705,-1,0.0,1.2449,0.2441,0.0,0.0403,1.405,-1.0,-0.0116,0.75,3837,5,4,0.534,0.863,1,1.054,1
XLMUSDT,13512,13546,1686722400,1686753900,SHORT,TRAIL,0.08219,0.08159302,0.07721517,0.08318497,0.3498517430311494,0.3312655042500806,0.01858623878106882,15,8.16,28.68,0.7362637362637453,0.002843248158034543,1.1810852862692212,base,adaptive disabled,1.25,90.5,90,100,90,80,OFF_HOURS,bearish,bearish,FVG,BOS bearish | Vol 8.2x | FVG | ChoCH | StrongTrend1h | Zone:FVG | MTF 15 | Risk x1.25,BOS+2 | BodyStrong+1 | 1h+2 | 4h+2 | Vol+2 | BTC+2 | FVG+1 | ChoCH+1 | Zone:FVG+1 | Sess:OFF_HOURS | Strong1h+1 | QualityRisk:1.15 | TrendPairRisk:1.25,0,0,-1.0,range,0.36,0,4.1546,0.1111,5.6381,-1,0.0,0.2915,1.1391,5.583,-0.1551,3.536,1.0,-0.4512,0.5625,13511,0,3,2.206,2.154,1,0.769,5
AAVEUSDT,13536,13562,1686744000,1686768300,LONG,TP1,55.61,56.010392,58.9466,54.94268,0.0,-0.03750000000000019,0.03750000000000019,16,2.06,67.0,0.5581395348837259,0.0033482446906851634,1.5407505984996879,base,adaptive disabled,1.15,90.5,90,100,90,80,LONDON,bullish,bullish,FVG,BOS bullish | Vol 2.1x | FVG | ChoCH | BullWick | Session:LONDON | StrongTrend1h | Zone:FVG | MTF 16 | Risk x1.15,BOS+2 | BodyStrong+1 | 1h+2 | 4h+2 | Vol+2 | RSI+1 | BTCok+1 | FVG+1 | ChoCH+1 | BullWick+1 | Zone:FVG+1 | Sess:LONDON | Strong1h+1 | QualityRisk:1.15,0,0,-1.0,bull,0.4933,0,3.2144,0.1765,0.9851,-1,0.0,1.1389,1.0739,3.692,0.2891,1.28,1.0,0.4116,1.125,13532,3,4,2.009,1.339,1,0.402,0
XLMUSDT,13553,13560,1686759300,1686766500,SHORT,TP1,0.08156,0.08097277,0.0766664,0.08253872,0.0,-0.03333333333333325,0.03333333333333325,15,1.89,37.66,0.2808988764045028,0.0026168651631955377,1.3370545459556993,base,adaptive disabled,1.15,77.1,90,93,50,80,NEW_YORK,bearish,bearish,FVG,BOS bearish | Vol 1.9x | FVG | ChoCH | Engulfing | Session:NEW_YORK | StrongTrend1h | Zone:FVG | MTF 15 | Risk x1.15,BOS+2 | 1h+2 | 4h+2 | Vol+1 | RSI+1 | BTC+2 | FVG+1 | ChoCH+1 | Engulfing+1 | Zone:FVG+1 | Sess:NEW_YORK | Strong1h+1 | TrendPairRisk:1.15,0,0,-1.0,bear,0.3021,0,2.6986,0.0526,1.9308,-1,0.0,0.2043,2.2649,1.471,0.2106,1.2,-1.0,0.074,1.0,13553,1,1,0.255,0.051,1,1.578,4
DOTUSDT,13557,13560,1686762900,1686766500,LONG,TRAIL,4.718,4.76168369,5.08203078,4.64519384,0.3313727377257643,0.32112082574812395,0.010251911977640376,15,2.25,65.87,0.37007874015748304,0.006896929974082289,2.682331015810876,base,adaptive disabled,1.15,88.5,90,90,90,80,OFF_HOURS,bullish,bullish,FVG,BOS bullish | Vol 2.2x | FVG | ChoCH | StrongTrend1h | Zone:FVG | MTF 15 | Risk x1.15,BOS+2 | BodyStrong+1 | 1h+2 | 4h+2 | Vol+2 | RSI+1 | BTCok+1 | FVG+1 | ChoCH+1 | Zone:FVG+1 | Sess:OFF_HOURS | Strong1h+1 | RelStrengthRisk:1.15,0,0,-1.0,bull,0.4444,0,5.3352,0.1111,3.8344,-1,0.0,0.3846,1.6482,0.0,0.165,1.667,1.0,0.488,0.3955078125,13557,1,3,1.292,19.207,0,1.348,4
ETHUSDT,13558,13560,1686763800,1686766500,SHORT,TP1,1736.71,1724.205688,1632.5074,1757.55052,0.0,-0.043750000000000074,0.043750000000000074,13,2.93,33.75,0.43994314143567753,0.002699514263912525,1.9909375241147356,base,adaptive disabled,1.0,72.0,60,90,70,80,OFF_HOURS,neutral,bearish,FVG,BOS bearish | Vol 2.9x | FVG | ChoCH | Zone:FVG | MTF 13,BOS+2 | 1hN+1 | 4h+2 | Vol+2 | RSI+1 | BTC+2 | FVG+1 | ChoCH+1 | Zone:FVG+1 | Sess:OFF_HOURS,0,0,-1.0,range,0.3193,0,3.6251,0.0526,2.921,-1,0.0,0.5777,1.2564,1.096,0.0551,1.764,1.0,-0.0957,1.3125,13558,0,1,0.442,0.67,1,1.66,4
BTCUSDT,13602,13630,1686803400,1686829500,SHORT,TRAIL,25033.5,24853.2588,23531.49,25333.902,0.08334924950566341,0.07631799950566337,0.007031250000000043,13,1.45,30.88,0.3355481727574562,0.0017420537253847888,0.6310564446019573,base,adaptive disabled,1.15,76.5,90,90,50,80,OFF_HOURS,bearish,bearish,FVG,BOS bearish | Vol 1.4x | FVG | ChoCH | StrongTrend1h | Zone:FVG | MTF 13 | Risk x1.15,BOS+2 | 1h+2 | 4h+2 | Vol+1 | BTC+2 | FVG+1 | ChoCH+1 | Zone:FVG+1 | Sess:OFF_HOURS | Strong1h+1 | TrendPairRisk:1.15,0,0,-1.0,range,0.2018,3,1.6479,0.0526,1.4737,-1,0.0,0.1355,1.3992,10.0,-0.0353,2.163,1.0,-0.1181,0.2109375,13602,0,1,0.644,3.388,0,0.672,2
DOTUSDT,13608,13612,1686808800,1686813300,SHORT,TRAIL,4.527,4.45693793,3.94314942,4.64377012,0.4281248276528263,0.41831155628682964,0.009813271365996716,14,2.04,35.87,0.47586206896551536,0.008999256944680739,1.8775722444083665,base,adaptive disabled,1.0,76.2,55,90,90,80,OFF_HOURS,bearish,neutral,FVG,BOS bearish | Vol 2.0x | FVG | ChoCH | Zone:FVG | MTF 14,BOS+2 | BodyStrong+1 | 1h+2 | 4hN+1 | Vol+2 | RSI+1 | BTC+2 | FVG+1 | ChoCH+1 | Zone:FVG+1 | Sess:OFF_HOURS,0,1,-1.0,bull,0.3077,0,4.1649,0.1111,2.8367,-1,0.0,0.2055,1.6699,4.6,-0.2036,1.129,1.0,-0.4486,0.6328125,13608,1,6,2.608,1.22,1,1.809,7
ETHUSDT,13608,13659,1686808800,1686855600,SHORT,SL,1648.75,1623.19,1549.825,1668.535,-0.7771038665655767,-0.8021038665655766,0.0249999999999999,16,1.58,32.9,0.21549636803874378,0.002539381004746157,0.8961307717538224,base,adaptive disabled,1.25,81.5,90,85,70,80,OFF_HOURS,bearish,bearish,FVG,BOS bearish | Vol 1.6x | FVG | ChoCH | Engulfing | StrongTrend1h | Zone:FVG | MTF 16 | Risk x1.25,BOS+2 | BodyStrong+1 | 1h+2 | 4h+2 | Vol+1 | RSI+1 | BTC+2 | FVG+1 | ChoCH+1 | Engulfing+1 | Zone:FVG+1 | Sess:OFF_HOURS | Strong1h+1 | QualityRisk:1.15 | TrendPairRisk:1.25,0,0,-1.0,range,0.4745,0,2.1641,0.0526,1.9718,-1,0.0,1.0478,0.8991,1.026,-0.0158,1.772,1.0,-0.1848,0.75,13607,0,5,0.613,0.51,1,1.27,2
ADAUSDT,13615,13752,1686815100,1686939300,SHORT,SL,0.25693,0.25188586,0.21489553,0.26533689,-0.3763653979057657,-0.3802333803731229,0.003867982467357132,15,3.34,30.57,0.45917602996254925,0.008298134183343684,1.292090619685198,base,adaptive disabled,1.15,90.5,90,100,90,80,OFF_HOURS,bearish,bearish,FVG,BOS bearish | Vol 3.3x | FVG | ChoCH | StrongTrend1h | Zone:FVG | MTF 15 | Risk x1.15,BOS+2 | BodyStrong+1 | 1h+2 | 4h+2 | Vol+2 | BTC+2 | FVG+1 | ChoCH+1 | Zone:FVG+1 | Sess:OFF_HOURS | Strong1h+1 | TrendPairRisk:1.15,0,0,-1.0,range,0.3289,0,3.4143,0.1765,1.2056,-1,0.0,1.249,0.9238,0.0,-0.0586,2.453,1.0,-0.21,0.31640625,13612,0,1,1.276,21.843,0,0.824,1
SOLUSDT,13655,13668,1686851100,1686863700,SHORT,SL,14.378,14.076062,11.86185,14.88123,-0.6277028520755916,-0.6337296377898772,0.006026785714285712,14,1.34,35.12,0.44557329462989775,0.012793337130848183,1.7140745694156163,base,adaptive disabled,1.25,84.5,90,100,70,80,OFF_HOURS,bearish,bearish,FVG,BOS bearish | Vol 1.3x | FVG | ChoCH | StrongTrend1h | Zone:FVG | MTF 14 | Risk x1.25,BOS+2 | BodyStrong+1 | 1h+2 | 4h+2 | Vol+1 | RSI+1 | BTCok+1 | FVG+1 | ChoCH+1 | Zone:FVG+1 | Sess:OFF_HOURS | Strong1h+1 | QualityRisk:1.15 | TrendPairRisk:1.25,0,0,-1.0,range,0.3317,0,3.625,0.0526,1.3588,-1,0.0,1.3076,0.3146,0.0,0.049,1.248,-1.0,0.0211,0.52734375,13655,1,2,1.208,1.954,1,1.07,4
AVAXUSDT,13728,13739,1686916800,1686927600,SHORT,TP1,11.34,11.21426242,10.29218683,11.54956263,-0.3817474518238371,-0.4250376128606593,0.04329016103682213,14,2.32,33.93,0.6470588235294155,0.005892407633232718,2.2292942212592686,base,adaptive disabled,1.0,78.0,60,90,90,80,OVERLAP,neutral,bearish,FVG,BOS bearish | Vol 2.3x | FVG | ChoCH | Session:OVERLAP | Zone:FVG | MTF 14,BOS+2 | BodyStrong+1 | 1hN+1 | 4h+2 | Vol+2 | RSI+1 | BTC+2 | FVG+1 | ChoCH+1 | Zone:FVG+1 | Sess:OVERLAP,0,0,-1.0,range,0.2727,0,3.5387,0.1111,2.547,-1,0.0,0.4295,1.1134,1.833,-0.0766,2.295,1.0,-0.317,2.0,13728,1,4,2.022,0.506,1,1.011,5
SUIUSDT,4122,4136,1686968100,1686981600,LONG,TRAIL,0.7231,0.7382851,0.8496425,0.6977915,1.1261038781437078,1.1153895924294224,0.010714285714285733,14,1.45,64.7,0.4291845493562238,0.011261885525876961,1.017792904541903,base,adaptive disabled,1.25,81.5,90,100,60,80,OFF_HOURS,bullish,bullish,OB,BOS bullish | Vol 1.4x | FVG | OB | ChoCH | StrongTrend1h | Zone:OB | MTF 14 | Risk x1.25,BOS+2 | 1h+2 | 4h+2 | Vol+1 | RSI+1 | BTCok+1 | FVG+1 | OB+1 | ChoCH+1 | Zone:OB+1 | Sess:OFF_HOURS | Strong1h+1 | QualityRisk:1.15 | RelStrengthRisk:1.25,0,0,-1.0,bull,0.388,0,2.4156,0.1765,1.5491,-1,0.0,0.0514,3.352,0.0,-0.0235,2.084,1.0,0.2827,0.9375,4122,5,3,0.43,0.496,1,0.695,0
BTCUSDT,13798,13798,1686979800,1686980700,LONG,TP1,26373.2,26563.08704,27955.592,26056.7216,0.0,-0.007031250000000001,0.007031250000000001,14,1.45,64.53,0.5667159034958118,0.0022942484132076027,1.1786622959019513,base,adaptive disabled,1.15,78.5,90,100,50,80,OFF_HOURS,bullish,bullish,FVG,BOS bullish | Vol 1.4x | FVG | ChoCH | StrongTrend1h | Zone:FVG | MTF 14 | Risk x1.15,BOS+2 | 1h+2 | 4h+2 | Vol+1 | RSI+1 | BTC+2 | FVG+1 | ChoCH+1 | Zone:FVG+1 | Sess:OFF_HOURS | Strong1h+1 | QualityRisk:1.15,0,0,-1.0,range,0.2295,0,4.0168,0.1111,2.1284,-1,0.0,0.0098,2.7153,0.0,0.1119,1.752,1.0,0.2185,0.2109375,13798,0,4,1.989,1.121,1,0.827,4
SUIUSDT,4218,4222,1687054500,1687059000,LONG,TRAIL,0.7584,0.77401315,0.88850959,0.73237808,0.5440125094535702,0.5330832621113294,0.010929247342240728,16,2.03,56.45,0.124999999999999,0.011604289418505753,1.320954945649073,base,adaptive disabled,1.15,79.3,90,74,70,80,OFF_HOURS,bullish,bullish,FVG,BOS bullish | Vol 2.0x | FVG | LiqSweep | ChoCH | StrongTrend1h | Zone:FVG | MTF 16 | Risk x1.15,BOS+2 | 1h+2 | 4h+2 | Vol+2 | RSI+1 | BTC+2 | FVG+1 | LiqSweep+1 | ChoCH+1 | Zone:FVG+1 | Sess:OFF_HOURS | Strong1h+1 | QualityRisk:1.15,0,1,-1.0,bear,0.2852,0,3.2634,5.6667,5.148,-1,0.0,0.0423,1.345,0.929,0.002,2.241,1.0,0.0829,0.9375,4218,0,1,0.155,0.842,1,0.907,5
BTCUSDT,13895,14041,1687067100,1687199400,LONG,TRAIL,26582.4,26773.79328,28177.344,26263.4112,0.14636782628614106,0.14241274816114108,0.003955078124999965,14,4.88,69.82,0.708860759493684,0.0023954869878020616,1.9508182663032672,base,adaptive disabled,1.0,88.5,90,90,90,80,OFF_HOURS,bullish,bullish,FVG,BOS bullish | Vol 4.9x | FVG | ChoCH | StrongTrend1h | Zone:FVG | MTF 14,BOS+2 | BodyStrong+1 | 1h+2 | 4h+2 | Vol+2 | BTCok+1 | FVG+1 | ChoCH+1 | Zone:FVG+1 | Sess:OFF_HOURS | Strong1h+1,0,0,-1.0,bull,0.238,3,3.7714,0.1111,7.3858,-1,0.0,1.042,2.6391,1.688,0.2564,3.023,1.0,0.7393,0.11865234375,13895,0,1,1.807,6.074,0,1.615,2
XLMUSDT,13897,13921,1687068900,1687091400,LONG,TRAIL,0.08004,0.08061629,0.0848424,0.07907952,0.5446495502248838,0.5165245502248839,0.02812500000000001,15,1.41,46.7,0.25925925925926435,0.003702645147522081,2.110507736732314,base,adaptive disabled,1.0,66.0,65,81,50,80,OFF_HOURS,bullish,neutral,FVG,BOS bullish | Vol 1.4x | FVG | ChoCH | Engulfing | BullWick | StrongTrend1h | Zone:FVG | MTF 15,BOS+2 | 1h+2 | 4hN+1 | Vol+1 | RSI+1 | BTC+2 | FVG+1 | ChoCH+1 | Engulfing+1 | BullWick+1 | Zone:FVG+1 | Sess:OFF_HOURS | Strong1h+1,0,0,-1.0,bull,0.5309,0,3.6155,0.1765,1.6017,-1,0.0,0.3332,1.1626,0.0,0.2261,0.814,1.0,0.1304,0.84375,13897,16,2,2.19,2.648,1,1.731,0
ETHUSDT,13921,13941,1687090500,1687109400,LONG,TRAIL,1733.24,1745.719328,1837.2344,1712.44112,1.0019770295323638,0.9353103628656972,0.0666666666666665,13,2.16,59.81,0.3009478672985719,0.0015284071776732607,1.0228289670942827,base,adaptive disabled,1.15,73.2,60,96,70,80,OVERLAP,neutral,bullish,FVG,BOS bullish | Vol 2.2x | FVG | ChoCH | Engulfing | Session:OVERLAP | Zone:FVG | MTF 13 | Risk x1.15,BOS+2 | 1hN+1 | 4h+2 | Vol+2 | RSI+1 | BTCok+1 | FVG+1 | ChoCH+1 | Engulfing+1 | Zone:FVG+1 | Sess:OVERLAP | QualityRisk:1.15,0,0,-1.0,range,0.3274,0,2.5344,0.0526,2.2631,-1,0.0,0.1553,1.2068,0.0,-0.1369,1.929,-1.0,-0.1777,2.0,13921,1,1,0.124,1.992,1,1.122,2
SOLUSDT,13922,13953,1687091400,1687120200,LONG,SL,15.645,15.895,16.61652105,15.45069579,-1.1250000000000036,-1.1491554210276795,0.0241554210276761,14,2.81,66.46,0.49206349206349176,0.0038361073957905237,1.1924156229151817,base,adaptive disabled,1.15,84.5,90,100,70,80,OVERLAP,bullish,bullish,FVG,BOS bullish | Vol 2.8x | FVG | ChoCH | Session:OVERLAP | StrongTrend1h | Zone:FVG | MTF 14 | Risk x1.15,BOS+2 | 1h+2 | 4h+2 | Vol+2 | RSI+1 | BTCok+1 | FVG+1 | ChoCH+1 | Zone:FVG+1 | Sess:OVERLAP | Strong1h+1 | QualityRisk:1.15,0,0,-1.0,bull,0.5256,0,2.7484,0.1111,2.2077,-1,0.0,1.6829,0.768,0.0,-0.1663,1.965,-1.0,-0.1154,0.75,13921,9,2,0.325,0.579,1,1.645,1
LINKUSDT,13929,13953,1687097700,1687120200,SHORT,TP1,5.24,5.176,4.9256,5.30288,0.0,-0.04166666666666679,0.04166666666666679,15,1.82,37.93,0.41538461538460364,0.0023619877770189213,0.8285853121939527,base,adaptive disabled,1.25,78.5,90,100,50,80,NEW_YORK,bearish,bearish,FVG,BOS bearish | Vol 1.8x | FVG | ChoCH | BearWick | Session:NEW_YORK | StrongTrend1h | Zone:FVG | MTF 15 | Risk x1.25,BOS+2 | 1h+2 | 4h+2 | Vol+1 | RSI+1 | BTC+2 | FVG+1 | ChoCH+1 | BearWick+1 | Zone:FVG+1 | Sess:NEW_YORK | Strong1h+1 | QualityRisk:1.15 | TrendPairRisk:1.25,0,0,-1.0,range,0.3623,0,2.554,0.0526,1.7706,-1,0.0,0.9542,2.5312,0.0,-0.0678,2.635,1.0,-0.0728,1.25,13929,7,1,0.207,0.207,1,0.69,4
XRPUSDT,13997,14041,1687158900,1687199400,LONG,TRAIL,0.49178,0.49638554,0.53015948,0.4841041,0.44261910655427744,0.423398689404497,0.01922041714978045,15,1.54,59.43,0.254237288135596,0.0036136973792430093,0.8820091826871308,base,adaptive disabled,1.15,79.5,90,90,60,80,OFF_HOURS,bullish,bullish,OB,BOS bullish | Vol 1.5x | FVG | OB | ChoCH | StrongTrend1h | Zone:OB | MTF 15 | Risk x1.15,BOS+2 | 1h+2 | 4h+2 | Vol+1 | RSI+1 | BTC+2 | FVG+1 | OB+1 | ChoCH+1 | Zone:OB+1 | Sess:OFF_HOURS | Strong1h+1 | QualityRisk:1.15,0,0,-1.0,bull,0.4955,0,1.7694,0.25,1.336,-1,0.0,0.8155,1.2463,0.952,0.0384,2.296,-1.0,-0.0182,0.75,13995,5,2,0.017,1.506,1,0.84,1
XLMUSDT,14016,14097,1687176000,1687249800,LONG,SL,0.08027,0.08084794,0.0850862,0.07930676,-1.834952867405852,-1.8932862007391857,0.05833333333333393,13,2.81,64.14,0.4468085106383035,0.002530987958114812,1.0135341290925413,base,adaptive disabled,1.15,74.0,60,100,70,80,OVERLAP,neutral,bullish,FVG,BOS bullish | Vol 2.8x | FVG | ChoCH | BullWick | Session:OVERLAP | Zone:FVG | MTF 13 | Risk x1.15,BOS+2 | 1hN+1 | 4h+2 | Vol+2 | RSI+1 | BTCok+1 | FVG+1 | ChoCH+1 | BullWick+1 | Zone:FVG+1 | Sess:OVERLAP | QualityRisk:1.15,0,0,-1.0,bull,0.2111,0,2.5475,0.1111,1.6985,-1,0.0,1.4015,0.5883,0.0,0.2968,2.79,1.0,0.2224,1.75,14015,0,1,0.902,0.159,1,0.478,3
AVAXUSDT,14030,14034,1687188600,1687193100,SHORT,TP1,11.27,11.18651794,10.57431617,11.40913677,0.0,-0.03239977469650897,0.03239977469650897,15,1.73,38.25,0.5238095238095278,0.004446562684295702,1.6808006946786331,base,adaptive disabled,1.15,84.5,90,100,70,80,NEW_YORK,bearish,bearish,FVG,BOS bearish | Vol 1.7x | FVG | ChoCH | Session:NEW_YORK | StrongTrend1h | Zone:FVG | MTF 15 | Risk x1.15,BOS+2 | BodyStrong+1 | 1h+2 | 4h+2 | Vol+1 | RSI+1 | BTC+2 | FVG+1 | ChoCH+1 | Zone:FVG+1 | Sess:NEW_YORK | Strong1h+1 | TrendPairRisk:1.15,0,0,-1.0,range,0.4444,0,3.8327,0.1111,1.412,-1,0.0,0.2156,1.1979,0.0,0.0576,2.258,1.0,-0.2219,1.0,14030,3,4,0.767,0.256,1,0.767,1
SUIUSDT,4379,4380,1687199400,1687201200,LONG,TP1,0.7706,0.7867826,0.905455,0.743629,-0.1538110377813184,-0.1618467520670327,0.008035714285714295,14,1.75,64.33,0.4693877551020386,0.011042846433950412,1.1622595873266564,base,adaptive disabled,1.15,78.5,90,100,50,80,OFF_HOURS,bullish,bullish,FVG,BOS bullish | Vol 1.8x | FVG | ChoCH | StrongTrend1h | Zone:FVG | MTF 14 | Risk x1.15,BOS+2 | 1h+2 | 4h+2 | Vol+1 | RSI+1 | BTC+2 | FVG+1 | ChoCH+1 | Zone:FVG+1 | Sess:OFF_HOURS | Strong1h+1 | QualityRisk:1.15,0,1,-1.0,bear,0.2515,3,3.2074,0.0526,1.7205,-1,0.0,0.2262,1.1988,0.0,0.0972,1.545,1.0,0.0409,0.703125,4379,0,5,1.85,0.213,1,1.131,2
SOLUSDT,14043,14059,1687200300,1687215600,LONG,TRAIL,15.742,15.98438019,17.76183493,15.33803301,0.3485452641811141,0.3403253397635274,0.00821992441758668,15,1.38,67.22,0.46398659966499506,0.01188398562101529,3.6476845276972774,base,adaptive disabled,1.25,80.5,90,80,70,80,OFF_HOURS,bullish,bullish,FVG,BOS bullish | Vol 1.4x | FVG | ChoCH | StrongTrend1h | Zone:FVG | MTF 15 | Risk x1.25,BOS+2 | BodyStrong+1 | 1h+2 | 4h+2 | Vol+1 | RSI+1 | BTC+2 | FVG+1 | ChoCH+1 | Zone:FVG+1 | Sess:OFF_HOURS | Strong1h+1 | QualityRisk:1.15 | RelStrengthRisk:1.25,0,1,-1.0,bear,0.4547,0,4.0529,0.1111,1.1201,-1,0.0,0.458,1.1882,0.0,0.1376,0.752,1.0,0.0935,0.52734375,14042,1,5,2.341,1.103,1,0.732,0
AAVEUSDT,14069,14098,1687223700,1687250700,LONG,SL,52.13,52.64945054,56.45875452,51.2642491,-0.5043490281095865,-0.5157802084727833,0.011431180363196826,15,1.97,69.62,0.4639175257731886,0.0044681474968611785,1.1467500550716392,base,adaptive disabled,1.15,75.8,65,100,70,80,OFF_HOURS,bullish,neutral,FVG,BOS bullish | Vol 2.0x | FVG | ChoCH | Engulfing | BullWick | StrongTrend1h | Zone:FVG | MTF 15 | Risk x1.15,BOS+2 | BodyStrong+1 | 1h+2 | 4hN+1 | Vol+1 | BTC+2 | FVG+1 | ChoCH+1 | Engulfing+1 | BullWick+1 | Zone:FVG+1 | Sess:OFF_HOURS | Strong1h+1 | QualityRisk:1.15,0,0,-1.0,range,0.2979,2,3.2564,0.0526,2.0778,-1,0.0,1.0858,0.5005,3.214,0.1332,1.445,1.0,0.0565,0.474609375,14069,0,3,1.993,17.934,0,1.361,1
ETHUSDT,14069,14136,1687223700,1687284900,LONG,TRAIL,1741.0,1778.36,1862.47979965,1716.70404007,0.48289278480053804,0.4708004965828072,0.012092288217730866,16,3.51,68.07,0.4743954480796537,0.003960009210031312,1.5811554175274636,base,adaptive disabled,1.0,90.5,90,100,90,80,OFF_HOURS,bullish,bullish,FVG,BOS bullish | Vol 3.5x | FVG | ChoCH | Engulfing | StrongTrend1h | Zone:FVG | MTF 16,BOS+2 | BodyStrong+1 | 1h+2 | 4h+2 | Vol+2 | BTC+2 | FVG+1 | ChoCH+1 | Engulfing+1 | Zone:FVG+1 | Sess:OFF_HOURS | Strong1h+1,0,0,-1.0,bull,0.3483,2,2.6984,0.0526,3.9221,-1,0.0,1.08,1.2762,2.722,0.1746,2.383,1.0,0.4199,0.421875,14069,0,3,1.907,0.283,1,1.475,1
LINKUSDT,14092,14121,1687244400,1687271400,SHORT,TRAIL,5.086,5.01875123,4.52559359,5.19808128,0.2258405685588176,0.2186616614857542,0.0071789070730634095,16,1.42,34.34,0.8249999999999881,0.0043288919217731444,1.1549027974684638,base,adaptive disabled,1.25,84.5,90,100,70,80,OFF_HOURS,bearish,bearish,FVG,BOS bearish | Vol 1.4x | FVG | ChoCH | Engulfing | StrongTrend1h | Zone:FVG | MTF 16 | Risk x1.25,BOS+2 | BodyStrong+1 | 1h+2 | 4h+2 | Vol+1 | RSI+1 | BTC+2 | FVG+1 | ChoCH+1 | Engulfing+1 | Zone:FVG+1 | Sess:OFF_HOURS | Strong1h+1 | QualityRisk:1.15 | TrendPairRisk:1.25,0,0,-1.0,range,0.3,2,1.9915,0.25,0.8631,-1,0.0,0.1517,1.3383,10.0,-0.2756,1.426,1.0,-0.4359,0.3955078125,14088,0,5,2.411,4.297,0,0.576,1
ADAUSDT,14093,14122,1687245300,1687272300,SHORT,TRAIL,0.25918,0.25514063,0.22551855,0.26591229,0.501315302816726,0.49265324280445677,0.008662060012269263,14,1.4,37.54,0.3785046728971883,0.0033826343607732414,0.7837140987636645,base,adaptive disabled,1.15,76.5,90,90,50,80,OFF_HOURS,bearish,bearish,FVG,BOS bearish | Vol 1.4x | FVG | ChoCH | StrongTrend1h | Zone:FVG | MTF 14 | Risk x1.15,BOS+2 | 1h+2 | 4h+2 | Vol+1 | RSI+1 | BTC+2 | FVG+1 | ChoCH+1 | Zone:FVG+1 | Sess:OFF_HOURS | Strong1h+1 | TrendPairRisk:1.15,0,0,-1.0,bear,0.2633,0,1.1262,0.3333,0.6029,-1,0.0,0.1753,1.7527,0.559,-0.2672,1.553,1.0,-0.3809,0.5625,14088,0,1,0.296,0.869,1,0.919,0
AVAXUSDT,14102,14119,1687253400,1687269600,SHORT,TRAIL,11.4,11.31295797,10.67464977,11.54507005,0.8142617997305548,0.7523779029510331,0.06188389677952165,13,3.63,35.28,0.5294117647058763,0.003229252055514678,1.224962946402619,base,adaptive disabled,1.0,74.0,60,100,70,80,LONDON,neutral,bearish,FVG,BOS bearish | Vol 3.6x | FVG | ChoCH | Session:LONDON | Zone:FVG | MTF 13,BOS+2 | 1hN+1 | 4h+2 | Vol+2 | RSI+1 | BTC+2 | FVG+1 | ChoCH+1 | Zone:FVG+1 | Sess:LONDON,0,0,-1.0,range,0.3529,1,3.1366,0.25,1.6279,-1,0.0,0.2757,1.6084,3.0,-0.0996,4.243,1.0,-0.1299,1.96875,14101,3,4,1.711,1.996,1,0.57,0
BTCUSDT,14114,14127,1687264200,1687276800,LONG,TP1,26874.4,27067.89568,28486.864,26551.9072,0.0,-0.012500000000000002,0.012500000000000002,19,2.53,55.52,0.3397570171763801,0.0038543638224103178,1.9984913695443154,base,adaptive disabled,1.15,88.5,90,90,90,80,OVERLAP,bullish,bullish,FVG,BOS bullish | Vol 2.5x | FVG | LiqSweep | MACD_Div | ChoCH | Discount | Session:OVERLAP | StrongTrend1h | Zone:FVG | MTF 19 | Risk x1.15,BOS+2 | BodyStrong+1 | 1h+2 | 4h+2 | Vol+2 | RSI+1 | BTC+2 | FVG+1 | LiqSweep+1 | MACD_Div+1 | ChoCH+1 | Discount+1 | Zone:FVG+1 | Sess:OVERLAP | Strong1h+1 | QualityRisk:1.15,0,0,-1.0,range,0.3841,0,3.8253,0.1111,3.7224,-1,0.0,0.6899,1.3525,0.0,-0.0132,1.355,1.0,0.2508,0.375,14114,1,2,0.501,0.416,1,1.87,5
AAVEUSDT,14115,14120,1687265100,1687270500,LONG,SL,51.37,51.739864,54.4522,50.75356,-3.0,-3.066666666666667,0.06666666666666697,13,2.03,56.29,0.2765957446808475,0.0038675596886951357,1.3319875567891957,base,adaptive disabled,1.15,72.6,60,93,70,80,OVERLAP,neutral,bullish,FVG,BOS bullish | Vol 2.0x | FVG | ChoCH | Session:OVERLAP | Zone:FVG | MTF 13 | Risk x1.15,BOS+2 | 1hN+1 | 4h+2 | Vol+2 | RSI+1 | BTC+2 | FVG+1 | ChoCH+1 | Zone:FVG+1 | Sess:OVERLAP | QualityRisk:1.15,0,0,-1.0,range,0.7391,0,2.764,0.1765,1.2124,-1,0.0,1.5411,0.6489,0.0,-0.2038,1.216,-1.0,-0.0273,2.0,14113,9,1,0.579,1.864,1,0.643,0
AVAXUSDT,14123,14133,1687272300,1687282200,SHORT,SL,11.25,11.10744741,10.06206173,11.48758765,-0.7576151369820786,-0.7718204208004925,0.014205283818413962,15,2.9,28.98,0.6551724137930997,0.0062404818833847985,2.371383115706935,base,adaptive disabled,1.15,88.5,90,90,90,80,NEW_YORK,bearish,bearish,FVG,BOS bearish | Vol 2.9x | FVG | ChoCH | Session:NEW_YORK | StrongTrend1h | Zone:FVG | MTF 15 | Risk x1.15,BOS+2 | BodyStrong+1 | 1h+2 | 4h+2 | Vol+2 | BTC+2 | FVG+1 | ChoCH+1 | Zone:FVG+1 | Sess:NEW_YORK | Strong1h+1 | TrendPairRisk:1.15,0,0,-1.0,range,0.3214,0,4.8332,0.1111,2.9926,-1,0.0,1.0943,0.2806,0.0,-0.1058,2.76,1.0,-0.3764,0.75,14123,1,3,2.101,0.42,1,1.051,4
XRPUSDT,14184,14261,1687327200,1687397400,LONG,TRAIL,0.49788,0.50436758,0.55194317,0.48706737,0.7916089794989731,0.7743416726550323,0.01726730684394085,17,3.8,61.52,0.21726408193123228,0.00715773221888601,1.5431692284751521,base,adaptive disabled,1.15,90.7,90,86,100,80,OFF_HOURS,bullish,bullish,OB,BOS bullish | Vol 3.8x | FVG | OB | ChoCH | StrongTrend1h | Zone:OB | MTF 17 | Risk x1.15,BOS+2 | BodyStrong+1 | 1h+2 | 4h+2 | Vol+2 | RSI+1 | BTC+2 | FVG+1 | OB+1 | ChoCH+1 | Zone:OB+1 | Sess:OFF_HOURS | Strong1h+1 | QualityRisk:1.15,0,0,-1.0,range,0.5528,1,2.5244,0.1765,1.9154,-1,0.0,0.7232,1.5368,0.479,0.0929,2.002,1.0,0.2731,0.9375,14182,5,3,0.94,0.673,1,1.271,0
DOTUSDT,14185,14224,1687328100,1687364100,LONG,TP1,4.733,4.78283388,5.14828236,4.64994353,0.0,-0.012821698297555894,0.012821698297555894,16,1.49,62.58,0.1826086956521742,0.005978575941872164,1.3861328321529836,base,adaptive disabled,1.0,80.7,90,81,70,80,OFF_HOURS,bullish,bullish,FVG,BOS bullish | Vol 1.5x | FVG | ChoCH | Engulfing | StrongTrend1h | Zone:FVG | MTF 16,BOS+2 | BodyStrong+1 | 1h+2 | 4h+2 | Vol+1 | RSI+1 | BTC+2 | FVG+1 | ChoCH+1 | Engulfing+1 | Zone:FVG+1 | Sess:OFF_HOURS | Strong1h+1,0,0,-1.0,bull,0.3382,0,2.6595,0.1111,3.0059,-1,0.0,1.0114,1.0234,0.0,0.0034,1.424,1.0,-0.0856,0.5625,14185,0,1,0.285,1.425,1,1.045,1
AVAXUSDT,14186,14220,1687329000,1687360500,LONG,TRAIL,12.29,12.41347986,13.31899881,12.08420024,0.9566337686691235,0.9342394276844692,0.02239434098465425,16,10.13,63.83,0.2142857142857084,0.007289249201933565,1.438411842527027,base,adaptive disabled,1.15,84.5,90,85,80,80,OFF_HOURS,bullish,bullish,OB,BOS bullish | Vol 10.1x | FVG | OB | ChoCH | StrongTrend1h | Zone:OB | MTF 16 | Risk x1.15,BOS+2 | 1h+2 | 4h+2 | Vol+2 | RSI+1 | BTC+2 | FVG+1 | OB+1 | ChoCH+1 | Zone:OB+1 | Sess:OFF_HOURS | Strong1h+1 | QualityRisk:1.15,0,0,-1.0,bull,0.6087,0,2.7356,0.1111,9.1109,-1,0.0,0.7289,1.8627,0.0,-0.1577,6.058,-1.0,-0.315,0.9375,14185,18,1,0.304,0.608,1,1.064,0
AAVEUSDT,14222,14226,1687361400,1687365900,LONG,TRAIL,54.24,55.01161758,60.67014648,52.9539707,0.3608490879640142,0.3537318317708622,0.007117256193152039,16,2.12,69.6,0.9218750000000041,0.005095939206029757,1.3060164193763335,base,adaptive disabled,1.15,90.5,90,100,90,80,NEW_YORK,bullish,bullish,FVG,BOS bullish | Vol 2.1x | FVG | ChoCH | Engulfing | Session:NEW_YORK | StrongTrend1h | Zone:FVG | MTF 16 | Risk x1.15,BOS+2 | BodyStrong+1 | 1h+2 | 4h+2 | Vol+2 | BTC+2 | FVG+1 | ChoCH+1 | Engulfing+1 | Zone:FVG+1 | Sess:NEW_YORK | Strong1h+1 | QualityRisk:1.15,0,0,-1.0,range,0.2137,5,4.2573,0.0526,2.1225,-1,0.0,0.0933,1.6848,0.0,0.0856,1.939,1.0,0.3746,0.421875,14222,0,3,2.109,6.64,0,1.094,4
ETHUSDT,14228,14258,1687366800,1687394700,LONG,TRAIL,1864.8,1903.50369083,2187.33075695,1800.29384861,0.6156389606923054,0.6047981341210211,0.010840826571284302,15,1.5,63.54,0.3119362282357881,0.013392847705339607,3.6845347412869964,base,adaptive disabled,1.0,79.9,90,77,70,80,NEW_YORK,bullish,bullish,FVG,BOS bullish | Vol 1.5x | FVG | ChoCH | Session:NEW_YORK | StrongTrend1h | Zone:FVG | MTF 15,BOS+2 | BodyStrong+1 | 1h+2 | 4h+2 | Vol+1 | RSI+1 | BTC+2 | FVG+1 | ChoCH+1 | Zone:FVG+1 | Sess:NEW_YORK | Strong1h+1,0,0,-1.0,bull,0.4215,0,4.0903,0.1111,1.8156,-1,0.0,0.1349,1.4182,2.436,0.0467,0.823,1.0,0.2142,0.9375,14228,2,6,1.547,-1.0,0,1.826,0
SOLUSDT,14228,14233,1687366800,1687372200,LONG,TRAIL,16.815,17.04977541,18.77146177,16.42370765,0.4810980843351474,0.4682061890553138,0.012891895279833592,15,1.65,59.73,0.4841772151898738,0.008814166302915491,1.8905256698545987,base,adaptive disabled,1.15,82.5,90,90,70,80,NEW_YORK,bullish,bullish,FVG,BOS bullish | Vol 1.6x | FVG | ChoCH | Session:NEW_YORK | StrongTrend1h | Zone:FVG | MTF 15 | Risk x1.15,BOS+2 | BodyStrong+1 | 1h+2 | 4h+2 | Vol+1 | RSI+1 | BTC+2 | FVG+1 | ChoCH+1 | Zone:FVG+1 | Sess:NEW_YORK | Strong1h+1 | QualityRisk:1.15,0,1,-1.0,bear,0.6353,0,3.904,0.1111,1.525,-1,0.0,0.0102,1.6271,0.0,0.1542,0.966,1.0,0.3105,0.75,14223,25,3,0.869,0.215,1,2.236,0
AVAXUSDT,14255,14259,1687391100,1687395600,LONG,TRAIL,12.91,13.05837536,14.14646137,12.66270773,0.80875961064209,0.7878774374953111,0.02088217314677884,17,4.94,62.54,0.135135135135138,0.0051436451926003155,0.737255810945095,base,adaptive disabled,1.15,80.7,90,66,80,80,DEAD_ZONE,bullish,bullish,OB,BOS bullish | Vol 4.9x | FVG | OB | ChoCH | BullWick | StrongTrend1h | Zone:OB | MTF 17 | Risk x1.15,BOS+2 | 1h+2 | 4h+2 | Vol+2 | RSI+1 | BTC+2 | FVG+1 | OB+1 | ChoCH+1 | BullWick+1 | Zone:OB+1 | Sess:DEAD_ZONE | Strong1h+1 | QualityRisk:1.15,0,1,-1.0,bear,0.4286,0,1.2601,-1.0,-1.0,-1,0.0,0.2426,1.4153,0.0,0.0681,8.621,-1.0,-0.0378,1.0,14253,15,1,0.115,0.916,1,0.687,1
SUIUSDT,4598,4599,1687396500,1687398300,LONG,TP1,0.8333,0.8507993,0.9791275,0.8041345,0.0,-0.01071428571428569,0.01071428571428569,15,1.86,58.65,0.17127071823204265,0.010901933806254172,0.9075280004770336,base,adaptive disabled,1.15,74.5,90,80,50,80,OFF_HOURS,bullish,bullish,FVG,BOS bullish | Vol 1.9x | FVG | ChoCH | BullWick | StrongTrend1h | Zone:FVG | MTF 15 | Risk x1.15,BOS+2 | 1h+2 | 4h+2 | Vol+1 | RSI+1 | BTC+2 | FVG+1 | ChoCH+1 | BullWick+1 | Zone:FVG+1 | Sess:OFF_HOURS | Strong1h+1 | QualityRisk:1.15,0,0,-1.0,bull,0.192,1,2.1345,0.1111,1.4552,-1,0.0,0.2126,2.2344,1.676,0.0573,1.6,1.0,0.042,0.9375,4598,1,2,0.192,0.021,1,1.163,0
BTCUSDT,14268,14414,1687402800,1687535100,LONG,TRAIL,30343.6,30732.40252468,33583.62103898,29695.5957922,0.07529247983688858,0.07232925689113164,0.0029632229457569412,16,3.21,69.45,0.5451263537906137,0.005064849778957051,1.0136211028140134,base,adaptive disabled,1.15,90.5,90,100,90,80,OFF_HOURS,bullish,bullish,FVG,BOS bullish | Vol 3.2x | FVG | ChoCH | BullWick | StrongTrend1h | Zone:FVG | MTF 16 | Risk x1.15,BOS+2 | BodyStrong+1 | 1h+2 | 4h+2 | Vol+2 | BTC+2 | FVG+1 | ChoCH+1 | BullWick+1 | Zone:FVG+1 | Sess:OFF_HOURS | Strong1h+1 | QualityRisk:1.15,0,0,-1.0,bull,0.2603,4,3.0077,0.0526,3.1097,-1,0.0,1.2626,1.8616,1.118,0.2931,2.736,1.0,0.5823,0.158203125,14268,0,2,1.563,2.564,1,1.172,3
ETHUSDT,14271,14462,1687405500,1687578300,LONG,EXPIRED,1918.39,1951.22835348,2192.04294564,1863.65941087,-0.24984885449560476,-0.2577354450998963,0.007886590604291565,14,1.67,70.95,0.44675880864317435,0.005951613692696644,1.1317565143397181,base,adaptive disabled,1.15,78.5,90,100,50,80,OFF_HOURS,bullish,bullish,FVG,BOS bullish | Vol 1.7x | FVG | ChoCH | BullWick | StrongTrend1h | Zone:FVG | MTF 14 | Risk x1.15,BOS+2 | 1h+2 | 4h+2 | Vol+1 | BTC+2 | FVG+1 | ChoCH+1 | BullWick+1 | Zone:FVG+1 | Sess:OFF_HOURS | Strong1h+1 | QualityRisk:1.15,0,0,-1.0,bull,0.3079,0,2.0814,0.25,0.7567,-1,0.0,1.0466,0.5953,0.731,0.3096,1.712,1.0,0.4834,0.5625,14268,1,1,0.338,-1.0,0,0.145,0
NEARUSDT,14289,14300,1687421700,1687432500,LONG,SL,1.366,1.38347876,1.51165637,1.33686873,-1.5,-1.518756477146379,0.018756477146379034,15,1.69,60.95,0.20833333333333237,0.007539870135085627,1.4465779417391624,base,adaptive disabled,1.25,78.3,90,84,60,80,LONDON,bullish,bullish,OB,BOS bullish | Vol 1.7x | FVG | OB | ChoCH | BullWick | Session:LONDON | StrongTrend1h | Zone:OB | MTF 15 | Risk x1.25,BOS+2 | 1h+2 | 4h+2 | Vol+1 | RSI+1 | BTCok+1 | FVG+1 | OB+1 | ChoCH+1 | BullWick+1 | Zone:OB+1 | Sess:LONDON | Strong1h+1 | QualityRisk:1.15 | RelStrengthRisk:1.25,0,0,-1.0,range,0.3,0,2.3367,0.1111,3.5158,-1,0.0,1.991,0.6293,0.0,0.0137,1.531,-1.0,-0.1686,1.0,14289,16,1,0.369,0.984,1,1.107,1
DOTUSDT,14373,14401,1687497300,1687523400,LONG,TRAIL,4.889,4.94150996,5.326583,4.8014834,0.269948786858721,0.2573794571544134,0.01256932970430755,14,1.49,58.09,0.2210526315789387,0.004293538561636622,1.0973380660914025,base,adaptive disabled,1.15,81.7,90,86,70,80,OFF_HOURS,bullish,bullish,FVG,BOS bullish | Vol 1.5x | FVG | ChoCH | StrongTrend1h | Zone:FVG | MTF 14 | Risk x1.15,BOS+2 | BodyStrong+1 | 1h+2 | 4h+2 | Vol+1 | RSI+1 | BTCok+1 | FVG+1 | ChoCH+1 | Zone:FVG+1 | Sess:OFF_HOURS | Strong1h+1 | QualityRisk:1.15,0,0,-1.0,range,0.3,0,2.5923,0.0526,1.5138,-1,0.0,0.3771,1.1046,1.105,0.1118,1.318,1.0,0.0431,0.5625,14373,0,1,0.054,0.324,1,1.134,2
AVAXUSDT,14402,14413,1687523400,1687534200,LONG,TRAIL,12.77,12.861944,13.5362,12.61676,0.9135995823544788,0.8469329156878123,0.06666666666666654,20,2.22,44.59,0.25925925925926074,0.004944917701129983,1.5786649760980729,base,adaptive disabled,1.15,81.2,60,91,100,80,OVERLAP,neutral,bullish,OB,BOS bullish | Vol 2.2x | FVG | OB | ChoCH | Engulfing | Discount | BullWick | Session:OVERLAP | Zone:OB | MTF 20 | Risk x1.15,BOS+2 | BodyStrong+1 | 1hN+1 | 4h+2 | Vol+2 | RSI+1 | BTC+2 | FVG+1 | OB+1 | ChoCH+1 | Engulfing+1 | Discount+1 | BullWick+1 | Zone:OB+1 | Sess:OVERLAP | NestedOB_1h+2 | QualityRisk:1.15,0,0,-1.0,range,0.7143,0,2.1135,0.1111,2.0982,-1,0.0,0.9789,1.9577,0.0,0.079,1.283,-1.0,-0.0989,2.0,14402,19,1,1.537,1.537,1,1.729,1
XLMUSDT,14414,14416,1687534200,1687536900,LONG,TRAIL,0.08807,0.08901527,0.09594724,0.08649455,0.6918658161160386,0.669505220730593,0.02236059538544554,16,3.94,54.94,0.13636363636363888,0.005714304904619616,1.8630750419447535,base,adaptive disabled,1.15,77.7,90,66,70,80,NEW_YORK,bullish,bullish,FVG,BOS bullish | Vol 3.9x | FVG | MACD_Div | ChoCH | Session:NEW_YORK | StrongTrend1h | Zone:FVG | MTF 16 | Risk x1.15,BOS+2 | 1h+2 | 4h+2 | Vol+2 | RSI+1 | BTC+2 | FVG+1 | MACD_Div+1 | ChoCH+1 | Zone:FVG+1 | Sess:NEW_YORK | Strong1h+1 | QualityRisk:1.15,0,0,-1.0,range,0.3389,0,3.7619,0.0526,3.8031,-1,0.0,0.0444,1.8725,0.8,0.0589,1.925,-1.0,-0.0892,1.0,14414,1,2,0.259,0.285,1,2.05,4
AVAXUSDT,14418,14421,1687537800,1687541400,LONG,TRAIL,13.11,13.38531,15.40425,12.65115,0.551650866296178,0.5409365805818923,0.010714285714285716,17,7.04,67.39,0.5844155844155875,0.018952721751385848,4.836734590991677,base,adaptive disabled,1.0,86.5,90,80,90,80,NEW_YORK,bullish,bullish,FVG,BOS bullish | Vol 7.0x | FVG | ChoCH | BullWick | Session:NEW_YORK | StrongTrend1h | Zone:FVG | MTF 17,BOS+2 | BodyStrong+1 | 1h+2 | 4h+2 | Vol+2 | RSI+1 | BTC+2 | FVG+1 | ChoCH+1 | BullWick+1 | Zone:FVG+1 | Sess:NEW_YORK | Strong1h+1,0,0,-1.0,range,0.3288,0,5.1412,0.1111,6.2537,-1,0.0,0.0436,1.3076,0.0,0.2319,2.738,1.0,0.1679,0.9375,14418,1,4,2.479,0.918,1,2.571,8
SOLUSDT,14439,14451,1687556700,1687568400,LONG,TRAIL,17.096,17.34306871,19.15490588,16.68421882,0.2527131035954586,0.24103639219257217,0.011676711402886404,16,1.5,55.28,0.15123094958968414,0.010777778520156212,1.3278547280628468,base,adaptive disabled,1.15,83.1,90,78,80,80,DEAD_ZONE,bullish,bullish,OB,BOS bullish | Vol 1.5x | FVG | OB | ChoCH | StrongTrend1h | Zone:OB | MTF 16 | Risk x1.15,BOS+2 | BodyStrong+1 | 1h+2 | 4h+2 | Vol+1 | RSI+1 | BTC+2 | FVG+1 | OB+1 | ChoCH+1 | Zone:OB+1 | Sess:DEAD_ZONE | Strong1h+1 | QualityRisk:1.15,0,1,-1.0,bear,0.6391,0,2.5924,0.1765,1.0986,-1,0.0,0.4298,1.2952,5.609,0.1747,1.387,1.0,0.1153,0.703125,14439,17,5,0.178,0.369,1,1.081,0
NEARUSDT,14451,14464,1687567500,1687580100,LONG,TRAIL,1.391,1.41104887,1.55807393,1.35758521,0.5681428792459862,0.5564349274677467,0.011707951778239545,22,2.46,60.61,0.42857142857142855,0.009586439698715145,1.3363496940967543,base,adaptive disabled,1.15,93.5,90,100,100,80,OFF_HOURS,bullish,bullish,OB,BOS bullish | Vol 2.5x | FVG | OB | LiqSweep | ChoCH | BullWick | StrongTrend1h | Zone:OB | 💎PREMIUM | MTF 22 | Risk x1.15,BOS+2 | BodyStrong+1 | 1h+2 | 4h+2 | Vol+2 | RSI+1 | BTC+2 | FVG+1 | OB+1 | LiqSweep+1 | ChoCH+1 | BullWick+1 | Zone:OB+1 | Sess:OFF_HOURS | Strong1h+1 | 💎Premium+3 | QualityRisk:1.15,1,0,-1.0,range,0.3684,5,3.3989,0.0526,2.2667,-1,0.0,0.1796,2.045,0.0,0.3756,1.546,1.0,0.1284,0.703125,14450,19,1,1.487,1.275,1,1.381,4
SOLUSDT,14463,14510,1687578300,1687621500,LONG,SL,17.367,17.72392154,20.34134615,16.77213077,-0.7101350661556328,-0.7167038627968711,0.0065687966412382726,16,1.3,66.51,0.5228276877761406,0.006377378616183479,0.7482077556385265,base,adaptive disabled,1.15,76.5,90,90,50,80,OFF_HOURS,bullish,bullish,FVG,BOS bullish | Vol 1.3x | FVG | ChoCH | Engulfing | BullWick | StrongTrend1h | Zone:FVG | MTF 16 | Risk x1.15,BOS+2 | 1h+2 | 4h+2 | Vol+1 | RSI+1 | BTC+2 | FVG+1 | ChoCH+1 | Engulfing+1 | BullWick+1 | Zone:FVG+1 | Sess:OFF_HOURS | Strong1h+1 | QualityRisk:1.15,0,0,-1.0,range,0.3162,0,1.6341,0.1111,0.7833,-1,0.0,1.486,0.1737,0.0,0.1878,1.693,1.0,0.1591,0.5625,14459,0,1,0.306,0.517,1,0.647,0
XLMUSDT,14464,14555,1687579200,1687662000,LONG,TRAIL,0.09013,0.09131646,0.10001716,0.08815257,0.30152774055212805,0.29127238385176446,0.010255356700363592,15,1.7,62.64,0.3866666666666668,0.004177151661968517,0.9143886879985251,base,adaptive disabled,1.25,78.5,90,100,50,80,OFF_HOURS,bullish,bullish,FVG,BOS bullish | Vol 1.7x | FVG | ChoCH | BullWick | StrongTrend1h | Zone:FVG | MTF 15 | Risk x1.25,BOS+2 | 1h+2 | 4h+2 | Vol+1 | RSI+1 | BTC+2 | FVG+1 | ChoCH+1 | BullWick+1 | Zone:FVG+1 | Sess:OFF_HOURS | Strong1h+1 | QualityRisk:1.15 | RelStrengthRisk:1.25,0,0,-1.0,range,0.1576,0,0.7721,0.5385,0.4846,-1,0.0,0.8041,1.0198,0.0,0.2567,2.206,1.0,0.083,0.5625,14459,1,3,1.24,-1.0,0,0.281,1
ETHUSDT,14490,14498,1687602600,1687610700,LONG,TRAIL,1891.43,1905.048296,2004.9158,1868.73284,0.7679374864520467,0.7096041531187137,0.058333333333332904,14,1.44,57.33,0.5524728588661035,0.0015816391509223884,0.7874893695444783,base,adaptive disabled,1.15,72.0,60,90,70,80,LONDON,neutral,bullish,FVG,BOS bullish | Vol 1.4x | FVG | LiqSweep | ChoCH | Session:LONDON | Zone:FVG | MTF 14 | Risk x1.15,BOS+2 | BodyStrong+1 | 1hN+1 | 4h+2 | Vol+1 | RSI+1 | BTC+2 | FVG+1 | LiqSweep+1 | ChoCH+1 | Zone:FVG+1 | Sess:LONDON | QualityRisk:1.15,0,1,-1.0,bear,0.2796,5,1.9156,19.0,3.8385,-1,0.0,0.0987,1.111,0.0,-0.0056,1.628,-1.0,0.0393,1.75,14490,31,1,0.919,1.695,1,0.883,4
BTCUSDT,14499,14563,1687610700,1687669200,LONG,TRAIL,30733.6,30954.88192,31298.4,30364.7968,0.35356763444569084,0.3316926344456908,0.021875000000000092,17,1.5,59.19,0.3363344051446977,0.002631567847688711,1.3781273405984076,base,adaptive disabled,1.15,78.5,90,100,50,80,OVERLAP,bullish,bullish,FVG,BOS bullish | Vol 1.5x | FVG | LiqSweep | ChoCH | Engulfing | Session:OVERLAP | StrongTrend1h | Zone:FVG | MTF 17 | Risk x1.15,BOS+2 | 1h+2 | 4h+2 | Vol+1 | RSI+1 | BTCok+1 | FVG+1 | LiqSweep+1 | ChoCH+1 | Engulfing+1 | Zone:FVG+1 | Sess:OVERLAP | Strong1h+1 | NestedOB_1h+2 | QualityRisk:1.15,0,1,-1.0,bear,0.2702,2,2.432,0.0526,1.6137,-1,0.0,1.3368,1.4253,2.193,0.2017,1.4,1.0,0.2141,0.65625,14499,0,1,0.272,0.58,1,1.072,1
DOTUSDT,14552,14557,1687658400,1687663800,LONG,TRAIL,5.034,5.09278979,5.52391488,4.93601702,0.6228760341847192,0.6026466280164232,0.020229406168295886,14,1.41,58.5,0.17910447761194356,0.0029093614408819747,0.8075094310520805,base,adaptive disabled,1.15,64.2,60,81,50,80,OFF_HOURS,neutral,bullish,FVG,BOS bullish | Vol 1.4x | FVG | ChoCH | Zone:FVG | MTF 14 | Risk x1.15,BOS+2 | 1hN+1 | 4h+2 | Vol+1 | RSI+1 | BTC+2 | FVG+1 | ChoCH+1 | Zone:FVG+1 | Sess:OFF_HOURS | NestedOB_1h+2 | QualityRisk:1.15,0,0,-1.0,bull,0.1505,1,2.4232,0.1765,1.7836,-1,0.0,0.0612,1.1226,1.412,0.1135,2.98,1.0,0.3333,0.984375,14552,1,2,0.053,1.633,1,0.474,0
ETHUSDT,14571,14707,1687675500,1687798800,LONG,SL,1919.44,1949.89330673,2173.21755612,1868.68448878,-0.7363239794395675,-0.7448328879229841,0.00850890848341651,13,1.69,70.88,0.37771631766099883,0.00640230651526653,2.466364458655824,base,adaptive disabled,1.0,82.5,90,90,70,80,OFF_HOURS,bullish,bullish,FVG,BOS bullish | Vol 1.7x | FVG | ChoCH | StrongTrend1h | Zone:FVG | MTF 13,BOS+2 | BodyStrong+1 | 1h+2 | 4h+2 | Vol+1 | BTCok+1 | FVG+1 | ChoCH+1 | Zone:FVG+1 | Sess:OFF_HOURS | Strong1h+1,0,0,-1.0,range,0.211,0,3.1892,0.0526,1.6321,-1,0.0,1.4666,0.1826,0.81,0.1823,1.099,1.0,0.46,0.5625,14571,0,4,0.621,1.64,1,1.536,2
ADAUSDT,14579,14627,1687682700,1687726800,LONG,SL,0.29992,0.30476045,0.34025712,0.29185258,-1.4380759276199804,-1.4589878176666122,0.02091189004663189,15,2.0,62.31,0.3075657894736827,0.013980702409420754,2.731663690770975,base,adaptive disabled,1.15,87.7,90,86,90,80,LONDON,bullish,bullish,FVG,BOS bullish | Vol 2.0x | FVG | ChoCH | Session:LONDON | StrongTrend1h | Zone:FVG | MTF 15 | Risk x1.15,BOS+2 | BodyStrong+1 | 1h+2 | 4h+2 | Vol+2 | RSI+1 | BTCok+1 | FVG+1 | ChoCH+1 | Zone:FVG+1 | Sess:LONDON | Strong1h+1 | RelStrengthRisk:1.15,0,0,-1.0,bull,0.4748,0,5.1941,0.1111,3.0408,-1,0.0,1.2185,0.3326,0.0,-0.0322,1.154,-1.0,-0.1435,1.40625,14579,1,2,0.667,0.785,1,1.73,4
DOTUSDT,14581,14732,1687684500,1687821300,LONG,SL,5.189,5.27860371,5.93569759,5.03966048,-0.6704521348401286,-0.6782700587225677,0.007817923882439164,13,1.74,69.79,0.322033898305081,0.007315336336186526,1.6782046586120236,base,adaptive disabled,1.15,78.1,90,98,50,80,LONDON,bullish,bullish,FVG,BOS bullish | Vol 1.7x | FVG | ChoCH | BullWick | Session:LONDON | StrongTrend1h | Zone:FVG | MTF 13 | Risk x1.15,BOS+2 | 1h+2 | 4h+2 | Vol+1 | BTCok+1 | FVG+1 | ChoCH+1 | BullWick+1 | Zone:FVG+1 | Sess:LONDON | Strong1h+1 | RelStrengthRisk:1.15,0,0,-1.0,bull,0.3577,0,2.7608,0.1111,0.4302,-1,0.0,1.2053,0.6361,1.118,0.4409,1.757,1.0,0.3185,0.5625,14577,0,1,0.102,-1.0,0,0.75,1
AAVEUSDT,14636,14643,1687734000,1687741200,LONG,SL,69.49,73.89,81.65075,67.05785,-0.719271015356785,-0.7256995867853565,0.006428571428571447,15,1.46,51.77,0.21403508771929955,0.009208113051593346,0.5803599901715165,base,adaptive disabled,1.25,73.5,90,75,50,80,DEAD_ZONE,bullish,bullish,FVG,BOS bullish | Vol 1.5x | FVG | ChoCH | Discount | StrongTrend1h | Zone:FVG | MTF 15 | Risk x1.25,BOS+2 | 1h+2 | 4h+2 | Vol+1 | RSI+1 | BTC+2 | FVG+1 | ChoCH+1 | Discount+1 | Zone:FVG+1 | Sess:DEAD_ZONE | Strong1h+1 | QualityRisk:1.15 | RelStrengthRisk:1.25,0,0,-1.0,range,0.3967,6,2.6975,0.0526,1.5516,-1,0.0,1.3363,0.1091,5.083,0.1697,1.191,1.0,0.1021,0.5625,14636,2,1,0.286,8.368,0,1.222,5
SUIUSDT,4978,4987,1687738500,1687747500,SHORT,TRAIL,0.7451,0.7225,0.67549197,0.75902161,0.8000152281237587,0.787972978700021,0.012042249423737604,17,4.01,32.86,0.4224598930481257,0.006157869277844309,0.9589598512092464,base,adaptive disabled,1.25,90.5,90,100,90,80,OFF_HOURS,bearish,bearish,FVG,BOS bearish | Vol 4.0x | FVG | ChoCH | Engulfing | StrongTrend1h | Zone:FVG | MTF 17 | Risk x1.25,BOS+2 | BodyStrong+1 | 1h+2 | 4h+2 | Vol+2 | RSI+1 | BTC+2 | FVG+1 | ChoCH+1 | Engulfing+1 | Zone:FVG+1 | Sess:OFF_HOURS | Strong1h+1 | QualityRisk:1.15 | TrendPairRisk:1.25,0,0,-1.0,range,0.4514,2,2.985,0.0526,4.0628,-1,0.0,0.3735,1.0664,0.0,0.0849,1.863,1.0,-0.1646,0.5625,4978,2,3,1.435,0.602,1,2.152,1
XLMUSDT,14669,14705,1687763700,1687797000,LONG,TRAIL,0.0917,0.09262962,0.09944684,0.09015063,0.703108360172193,0.6720360533636194,0.031072306808573643,16,1.61,61.75,0.3281853281853266,0.0034875170807520204,1.223313685051244,base,adaptive disabled,1.0,73.8,60,99,70,80,LONDON,neutral,bullish,FVG,BOS bullish | Vol 1.6x | FVG | ChoCH | BullWick | Session:LONDON | Zone:FVG | MTF 16,BOS+2 | BodyStrong+1 | 1hN+1 | 4h+2 | Vol+1 | RSI+1 | BTC+2 | FVG+1 | ChoCH+1 | BullWick+1 | Zone:FVG+1 | Sess:LONDON | NestedOB_1h+2,0,1,-1.0,bear,0.2026,2,4.2202,0.0526,1.5922,-1,0.0,0.4389,1.194,0.0,0.1034,1.712,1.0,0.2271,1.3125,14669,0,3,1.397,0.759,1,0.941,1
ADAUSDT,14729,14779,1687817700,1687863600,SHORT,SL,0.27862,0.27538022,0.25162183,0.28401963,-0.7972768504508608,-0.8127568000029597,0.015479949552098811,16,2.53,33.13,0.4423407917383906,0.005478776296082832,1.088047188115781,base,adaptive disabled,1.25,84.5,90,100,70,80,DEAD_ZONE,bearish,bearish,FVG,BOS bearish | Vol 2.5x | FVG | ChoCH | Engulfing | StrongTrend1h | Zone:FVG | MTF 16 | Risk x1.25,BOS+2 | 1h+2 | 4h+2 | Vol+2 | RSI+1 | BTC+2 | FVG+1 | ChoCH+1 | Engulfing+1 | Zone:FVG+1 | Sess:DEAD_ZONE | Strong1h+1 | QualityRisk:1.15 | TrendPairRisk:1.25,0,0,-1.0,range,0.2978,2,2.1714,0.0526,2.7173,-1,0.0,1.1019,0.0617,0.0,0.1144,2.467,-1.0,0.0993,0.75,14729,0,5,0.817,1.893,1,1.026,1
SOLUSDT,14729,14754,1687817700,1687841100,SHORT,SL,16.092,15.82417709,13.86014238,16.53837152,-0.761137269689613,-0.7719524758210438,0.010815206131430617,14,2.91,28.25,0.577608142493619,0.007481515179593921,1.3166687391665344,base,adaptive disabled,1.25,84.5,90,100,70,80,DEAD_ZONE,bearish,bearish,FVG,BOS bearish | Vol 2.9x | FVG | ChoCH | StrongTrend1h | Zone:FVG | MTF 14 | Risk x1.25,BOS+2 | 1h+2 | 4h+2 | Vol+2 | BTC+2 | FVG+1 | ChoCH+1 | Zone:FVG+1 | Sess:DEAD_ZONE | Strong1h+1 | QualityRisk:1.15 | TrendPairRisk:1.25,0,0,-1.0,range,0.3954,0,2.9284,0.0526,3.1226,-1,0.0,1.0485,0.0709,0.0,0.1218,1.729,-1.0,0.3315,0.75,14729,0,6,1.2,3.052,0,1.685,3
XLMUSDT,14745,14767,1687832100,1687852800,LONG,TRAIL,0.09298,0.09446485,0.10535375,0.09050525,0.3023032629558571,0.2938496817860419,0.00845358116981514,15,1.35,67.28,0.8231292517006904,0.004480724566659656,1.0848070015283422,base,adaptive disabled,1.15,78.5,90,100,50,80,OFF_HOURS,bullish,bullish,FVG,BOS bullish | Vol 1.4x | FVG | ChoCH | Engulfing | StrongTrend1h | Zone:FVG | MTF 15 | Risk x1.15,BOS+2 | 1h+2 | 4h+2 | Vol+1 | RSI+1 | BTC+2 | FVG+1 | ChoCH+1 | Engulfing+1 | Zone:FVG+1 | Sess:OFF_HOURS | Strong1h+1 | QualityRisk:1.15,0,0,-1.0,bull,0.1434,0,2.6251,0.1765,2.6071,-1,0.0,0.0,1.091,2.574,0.0776,2.352,1.0,0.5134,0.5625,14744,0,6,1.689,-1.0,0,0.416,0
XRPUSDT,14765,14863,1687850100,1687939200,SHORT,TRAIL,0.48011,0.47219,0.46861,0.48587132,0.9824408729249484,0.9496283729249485,0.03281249999999992,17,1.72,39.45,0.5843793584379389,0.0036086483783185634,1.1576446469047121,base,adaptive disabled,1.15,74.0,60,100,70,80,OFF_HOURS,neutral,bearish,FVG,BOS bearish | Vol 1.7x | FVG | LiqSweep | MACD_Div | ChoCH | Engulfing | BearWick | Zone:FVG | MTF 17 | Risk x1.15,BOS+2 | BodyStrong+1 | 1hN+1 | 4h+2 | Vol+1 | RSI+1 | BTC+2 | FVG+1 | LiqSweep+1 | MACD_Div+1 | ChoCH+1 | Engulfing+1 | BearWick+1 | Zone:FVG+1 | Sess:OFF_HOURS | QualityRisk:1.15,0,1,-1.0,bull,0.4091,0,2.632,0.1111,1.7083,-1,0.0,0.8852,1.2538,0.0,-0.1115,1.418,-1.0,-0.0873,0.984375,14762,0,4,1.942,0.089,1,1.041,1
XLMUSDT,14769,14777,1687853700,1687861800,LONG,TRAIL,0.09359,0.09426385,0.0992054,0.09246692,0.7034227303486753,0.6700893970153423,0.03333333333333297,15,1.35,54.66,0.23265306122448817,0.0089540714261557,2.5076826730324986,base,adaptive disabled,1.15,79.9,90,77,70,80,LONDON,bullish,bullish,FVG,BOS bullish | Vol 1.4x | FVG | ChoCH | Session:LONDON | StrongTrend1h | Zone:FVG | MTF 15 | Risk x1.15,BOS+2 | BodyStrong+1 | 1h+2 | 4h+2 | Vol+1 | RSI+1 | BTC+2 | FVG+1 | ChoCH+1 | Zone:FVG+1 | Sess:LONDON | Strong1h+1 | QualityRisk:1.15,0,0,-1.0,bull,0.6558,0,3.5574,0.1765,2.768,-1,0.0,0.4808,1.9144,0.0,0.0246,0.835,1.0,0.1154,1.0,14769,5,2,1.147,-1.0,0,1.615,0
BTCUSDT,14778,14784,1687861800,1687868100,LONG,TRAIL,30508.0,30727.6576,32338.48,30141.904,0.7310294379752824,0.6900138129752826,0.04101562499999985,13,3.0,59.84,0.18364197530864673,0.006647511060063174,3.736516726038855,base,adaptive disabled,1.15,72.4,60,62,90,80,LONDON,neutral,bullish,FVG,BOS bullish | Vol 3.0x | FVG | ChoCH | Session:LONDON | Zone:FVG | MTF 13 | Risk x1.15,BOS+2 | BodyStrong+1 | 1hN+1 | 4h+2 | Vol+2 | RSI+1 | BTCok+1 | FVG+1 | ChoCH+1 | Zone:FVG+1 | Sess:LONDON | QualityRisk:1.15,0,1,-1.0,bear,0.4409,0,4.5395,0.1111,6.9816,-1,0.0,0.0101,1.3202,0.98,0.0168,1.346,1.0,0.2216,1.23046875,14778,0,1,0.386,0.811,1,2.227,4
SUIUSDT,5129,5194,1687874400,1687933800,SHORT,TRAIL,0.7134,0.6984186,0.588555,0.738369,0.6157635467980321,0.6050492610837463,0.010714285714285706,15,2.05,34.15,0.4707379134860069,0.017940908820102366,2.2509654052038828,base,adaptive disabled,1.25,82.5,90,90,70,80,NEW_YORK,bearish,bearish,FVG,BOS bearish | Vol 2.0x | FVG | ChoCH | Session:NEW_YORK | StrongTrend1h | Zone:FVG | MTF 15 | Risk x1.25,BOS+2 | 1h+2 | 4h+2 | Vol+2 | RSI+1 | BTC+2 | FVG+1 | ChoCH+1 | Zone:FVG+1 | Sess:NEW_YORK | Strong1h+1 | QualityRisk:1.15 | TrendPairRisk:1.25,0,0,-1.0,bear,0.358,0,4.3754,0.1765,3.1364,-1,0.0,0.5887,1.6554,0.0,-0.0368,1.646,1.0,-0.4027,0.9375,5128,0,2,1.501,-1.0,0,0.963,4
XLMUSDT,14798,14805,1687879800,1687887000,LONG,TRAIL,0.09603,0.0980412,0.11279003,0.09267799,0.6544580714257994,0.643714890468702,0.010743180957097377,13,6.05,71.78,0.33576642335766327,0.010008540983192647,2.9181152335397673,base,adaptive disabled,1.15,82.5,90,90,70,80,NEW_YORK,bullish,bullish,FVG,BOS bullish | Vol 6.0x | FVG | ChoCH | Session:NEW_YORK | StrongTrend1h | Zone:FVG | MTF 13 | Risk x1.15,BOS+2 | 1h+2 | 4h+2 | Vol+2 | BTCok+1 | FVG+1 | ChoCH+1 | Zone:FVG+1 | Sess:NEW_YORK | Strong1h+1 | RelStrengthRisk:1.15,0,0,-1.0,bull,0.6066,0,4.4924,0.1765,1.758,-1,0.0,0.1163,1.7054,0.397,0.0778,2.159,1.0,0.6138,0.9375,14793,0,1,0.789,-1.0,0,1.447,0
DOTUSDT,14826,14833,1687905000,1687912200,LONG,SL,5.112,5.1488064,5.41872,5.050656,-1.4765625,-1.509375,0.032812499999999974,14,1.83,53.52,0.1506849315068483,0.002865194400934745,0.8588841569088048,base,adaptive disabled,1.15,69.6,60,78,70,80,DEAD_ZONE,neutral,bullish,FVG,BOS bullish | Vol 1.8x | FVG | ChoCH | Engulfing | Zone:FVG | MTF 14 | Risk x1.15,BOS+2 | BodyStrong+1 | 1hN+1 | 4h+2 | Vol+1 | RSI+1 | BTC+2 | FVG+1 | ChoCH+1 | Engulfing+1 | Zone:FVG+1 | Sess:DEAD_ZONE | QualityRisk:1.15,0,1,-1.0,bear,0.3617,0,2.065,4.0,0.8542,-1,0.0,1.516,0.163,1.571,0.0386,3.883,-1.0,-0.1105,0.984375,14826,1,2,0.059,0.885,1,0.472,0
XLMUSDT,14856,14873,1687932000,1687948200,LONG,SL,0.10474,0.10693954,0.1230695,0.1010741,-0.7863860170762991,-0.7944217313620133,0.008035714285714287,13,2.59,68.05,0.628509719222462,0.012654650489241715,1.55225297298213,base,adaptive disabled,1.0,84.5,90,100,70,80,OFF_HOURS,bullish,bullish,FVG,BOS bullish | Vol 2.6x | FVG | ChoCH | StrongTrend1h | Zone:FVG | MTF 13,BOS+2 | 1h+2 | 4h+2 | Vol+2 | BTCok+1 | FVG+1 | ChoCH+1 | Zone:FVG+1 | Sess:OFF_HOURS | Strong1h+1,0,0,-1.0,range,0.2883,6,4.3108,0.0526,2.57,-1,0.0,1.2875,0.5228,0.0,0.0193,1.967,1.0,0.2671,0.703125,14856,0,1,0.668,-1.0,0,1.315,5
DOTUSDT,14885,14901,1687958100,1687973400,SHORT,TRAIL,4.994,4.9580432,4.69436,5.053928,1.1169653584301158,1.0732153584301158,0.04374999999999985,16,1.5,38.18,0.29523809523809863,0.0074084228849941895,1.7847243512346007,base,adaptive disabled,1.15,83.5,90,95,70,80,OVERLAP,bearish,bearish,FVG,BOS bearish | Vol 1.5x | FVG | LiqSweep | ChoCH | Session:OVERLAP | StrongTrend1h | Zone:FVG | MTF 16 | Risk x1.15,BOS+2 | BodyStrong+1 | 1h+2 | 4h+2 | Vol+1 | RSI+1 | BTC+2 | FVG+1 | LiqSweep+1 | ChoCH+1 | Zone:FVG+1 | Sess:OVERLAP | Strong1h+1 | TrendPairRisk:1.15,0,0,-1.0,range,0.6349,0,2.7884,0.0526,2.046,-1,0.0,0.7509,2.058,0.0,0.1472,0.809,1.0,-0.1676,1.3125,14884,5,4,0.752,0.885,1,1.638,2
ADAUSDT,14887,14901,1687959900,1687973400,SHORT,TRAIL,0.27447,0.27202364,0.25408366,0.27854727,0.5613245811535615,0.5414449995033398,0.019879581650221734,14,1.31,28.99,0.6014362657091457,0.008145097443300013,1.9430889246639282,base,adaptive disabled,1.15,82.5,90,90,70,80,OVERLAP,bearish,bearish,FVG,BOS bearish | Vol 1.3x | FVG | ChoCH | Session:OVERLAP | StrongTrend1h | Zone:FVG | MTF 14 | Risk x1.15,BOS+2 | BodyStrong+1 | 1h+2 | 4h+2 | Vol+1 | BTC+2 | FVG+1 | ChoCH+1 | Zone:FVG+1 | Sess:OVERLAP | Strong1h+1 | TrendPairRisk:1.15,0,0,-1.0,range,0.5525,1,2.4073,0.25,1.1596,-1,0.0,0.4685,1.6596,10.0,-0.1198,0.892,1.0,-0.0314,0.73828125,14884,3,3,1.642,0.195,1,0.675,0
BTCUSDT,14888,14910,1687960800,1687981500,SHORT,TRAIL,30266.7,30048.77976,28450.698,30629.9004,0.46190925175193226,0.43847175175193215,0.023437500000000135,15,2.97,38.71,0.30641233766233583,0.006747170053648403,3.2370371805888807,base,adaptive disabled,1.0,77.0,65,76,90,80,NEW_YORK,bearish,neutral,FVG,BOS bearish | Vol 3.0x | FVG | ChoCH | Session:NEW_YORK | StrongTrend1h | Zone:FVG | MTF 15,BOS+2 | BodyStrong+1 | 1h+2 | 4hN+1 | Vol+2 | RSI+1 | BTC+2 | FVG+1 | ChoCH+1 | Zone:FVG+1 | Sess:NEW_YORK | Strong1h+1,0,0,-1.0,bear,0.688,0,3.9743,0.25,1.8838,-1,0.0,0.6423,1.9893,0.0,0.063,1.563,1.0,-0.1567,0.703125,14885,21,1,0.235,0.235,1,1.716,2
XLMUSDT,14891,14910,1687963500,1687981500,LONG,SL,0.10373,0.10590833,0.12188275,0.10009945,-0.7165753122805109,-0.7246110265662251,0.008035714285714294,16,2.74,68.07,0.7851851851851863,0.012786052038991552,1.3317472340180907,base,adaptive disabled,1.15,90.5,90,100,90,80,NEW_YORK,bullish,bullish,FVG,BOS bullish | Vol 2.7x | FVG | LiqSweep | ChoCH | Session:NEW_YORK | StrongTrend1h | Zone:FVG | MTF 16 | Risk x1.15,BOS+2 | BodyStrong+1 | 1h+2 | 4h+2 | Vol+2 | BTC+2 | FVG+1 | LiqSweep+1 | ChoCH+1 | Zone:FVG+1 | Sess:NEW_YORK | Strong1h+1 | RelStrengthRisk:1.15,0,1,-1.0,bear,0.1689,7,4.6492,0.0526,2.6761,-1,0.0,1.1871,0.6473,0.0,0.0522,1.332,1.0,0.2267,0.703125,14891,36,3,2.67,0.527,1,2.057,6
AVAXUSDT,14904,14911,1687975200,1687982400,SHORT,TRAIL,12.59,12.35542023,10.63516855,12.98096629,0.8248793009750279,0.8152186215338413,0.009660679441186613,13,1.71,31.06,0.9259259259259274,0.005825603443538235,1.4820335160477571,base,adaptive disabled,1.15,78.5,90,100,50,80,OFF_HOURS,bearish,bearish,FVG,BOS bearish | Vol 1.7x | FVG | ChoCH | StrongTrend1h | Zone:FVG | MTF 13 | Risk x1.15,BOS+2 | 1h+2 | 4h+2 | Vol+1 | BTC+2 | FVG+1 | ChoCH+1 | Zone:FVG+1 | Sess:OFF_HOURS | Strong1h+1 | TrendPairRisk:1.15,0,0,-1.0,bear,0.1795,2,3.3819,0.1111,1.1569,-1,0.0,0.0256,2.302,0.0,-0.1117,2.423,1.0,-0.279,0.75,14904,0,1,0.845,-1.0,0,0.705,1
XLMUSDT,14948,15042,1688014800,1688100300,LONG,TRAIL,0.10356,0.10573476,0.121683,0.0999354,0.3455553716272145,0.33698394305578594,0.008571428571428558,18,2.9,65.21,0.45626477541370913,0.00820409073819924,1.0299678864048134,base,adaptive disabled,1.15,84.5,90,100,70,80,OFF_HOURS,bullish,bullish,FVG,BOS bullish | Vol 2.9x | FVG | ChoCH | Engulfing | StrongTrend1h | Zone:FVG | MTF 18 | Risk x1.15,BOS+2 | 1h+2 | 4h+2 | Vol+2 | RSI+1 | BTC+2 | FVG+1 | ChoCH+1 | Engulfing+1 | Zone:FVG+1 | Sess:OFF_HOURS | Strong1h+1 | NestedOB_1h+2 | QualityRisk:1.15,0,0,-1.0,range,0.2647,0,2.9332,0.0526,1.9944,-1,0.0,0.8111,1.1082,1.485,0.2992,2.536,1.0,0.2781,0.75,14947,0,1,0.655,0.781,1,1.221,2
SOLUSDT,15027,15029,1688085900,1688088600,LONG,TRAIL,17.964,18.341244,21.1077,17.33526,0.4808724592041265,0.4708278163469836,0.010044642857142905,16,2.47,59.91,0.1786982248520752,0.01717991074052538,1.8823813449616758,base,adaptive disabled,1.15,87.7,90,71,100,80,OFF_HOURS,bullish,bullish,OB,BOS bullish | Vol 2.5x | OB | ChoCH | StrongTrend1h | Zone:OB | MTF 16 | Risk x1.15,BOS+2 | BodyStrong+1 | 1h+2 | 4h+2 | Vol+2 | RSI+1 | BTC+2 | OB+1 | ChoCH+1 | Zone:OB+1 | Sess:OFF_HOURS | Strong1h+1 | QualityRisk:1.15,0,0,-1.0,bull,0.364,0,2.3838,0.0526,2.3915,-1,0.0,0.0254,1.4155,1.269,0.0965,1.472,1.0,0.2987,0.87890625,15027,4,1,0.231,1.482,1,1.675,3
SUIUSDT,5366,5373,1688087700,1688094900,SHORT,SL,0.674,0.66555198,0.60359986,0.68808003,-1.5753695127070062,-1.600500851205575,0.025131338498568707,14,1.59,39.89,0.36986301369863317,0.008418942606061533,1.1989977429886514,base,adaptive disabled,1.15,74.0,60,100,70,80,OFF_HOURS,neutral,bearish,FVG,BOS bearish | Vol 1.6x | FVG | ChoCH | Engulfing | Zone:FVG | MTF 14 | Risk x1.15,BOS+2 | BodyStrong+1 | 1hN+1 | 4h+2 | Vol+1 | RSI+1 | BTC+2 | FVG+1 | ChoCH+1 | Engulfing+1 | Zone:FVG+1 | Sess:OFF_HOURS | QualityRisk:1.15,0,0,-1.0,range,0.3831,3,3.1441,-1.0,-1.0,-1,0.0,1.2074,0.5445,0.0,0.1153,1.171,-1.0,0.2834,1.3125,5365,18,1,1.026,0.568,1,1.026,2
BTCUSDT,15046,15079,1688103000,1688133600,LONG,SL,30835.7,31213.98265213,33988.05543439,30205.22891312,-0.6591796875000012,-0.6677769697599198,0.008597282259918574,17,4.43,61.28,0.3085137650631918,0.01136573317692525,4.983382683967619,base,adaptive disabled,1.0,85.9,90,77,90,80,OFF_HOURS,bullish,bullish,FVG,BOS bullish | Vol 4.4x | FVG | ChoCH | Engulfing | StrongTrend1h | Zone:FVG | MTF 17,BOS+2 | BodyStrong+1 | 1h+2 | 4h+2 | Vol+2 | RSI+1 | BTC+2 | FVG+1 | ChoCH+1 | Engulfing+1 | Zone:FVG+1 | Sess:OFF_HOURS | Strong1h+1,0,0,-1.0,range,0.4942,0,4.2612,0.1765,2.3123,-1,0.0,2.2272,0.7859,2.873,0.0987,1.356,1.0,0.273,0.439453125,15044,0,1,0.036,0.807,1,0.63,1
XLMUSDT,15058,15065,1688113800,1688121000,LONG,TRAIL,0.10759,0.10984939,0.12641825,0.10382435,0.5078804456069982,0.4993090170355696,0.008571428571428553,15,1.35,68.7,0.33333333333333526,0.009361448160026223,1.6338029050041596,base,adaptive disabled,1.15,84.5,90,100,70,80,LONDON,bullish,bullish,FVG,BOS bullish | Vol 1.4x | FVG | ChoCH | Engulfing | Session:LONDON | StrongTrend1h | Zone:FVG | MTF 15 | Risk x1.15,BOS+2 | BodyStrong+1 | 1h+2 | 4h+2 | Vol+1 | BTC+2 | FVG+1 | ChoCH+1 | Engulfing+1 | Zone:FVG+1 | Sess:LONDON | Strong1h+1 | RelStrengthRisk:1.15,0,0,-1.0,range,0.1789,0,3.8051,0.0526,1.3399,-1,0.0,0.3001,4.4171,0.942,0.0002,1.43,1.0,0.362,0.75,15058,0,1,0.495,-1.0,0,0.942,3
SOLUSDT,15078,15078,1688131800,1688132700,LONG,SL,18.833,19.16216087,21.57600722,18.28439856,-2.4609375,-2.483465979418501,0.02252847941850103,15,1.81,59.03,0.2401746724890865,0.010656546323354688,0.999499636848227,base,adaptive disabled,1.25,76.1,90,88,50,80,OVERLAP,bullish,bullish,FVG,BOS bullish | Vol 1.8x | FVG | ChoCH | BullWick | Session:OVERLAP | StrongTrend1h | Zone:FVG | MTF 15 | Risk x1.25,BOS+2 | 1h+2 | 4h+2 | Vol+1 | RSI+1 | BTC+2 | FVG+1 | ChoCH+1 | BullWick+1 | Zone:FVG+1 | Sess:OVERLAP | Strong1h+1 | QualityRisk:1.15 | RelStrengthRisk:1.25,0,0,-1.0,range,0.7567,0,4.8484,0.1765,2.417,-1,0.0,1.8465,1.2243,0.965,0.104,1.536,1.0,0.135,1.640625,15075,3,1,0.437,0.839,1,0.944,0
ADAUSDT,15130,15321,1688178600,1688351400,LONG,EXPIRED,0.28702,0.29882,0.29975,0.2824671,0.9451393617254985,0.9309551055371349,0.014184256188363551,18,1.34,57.42,0.15068493150684784,0.009960703636601002,1.380736378010792,base,adaptive disabled,1.15,80.1,90,78,70,80,OFF_HOURS,bullish,bullish,FVG,BOS bullish | Vol 1.3x | FVG | LiqSweep | ChoCH | BullWick | StrongTrend1h | Zone:FVG | MTF 18 | Risk x1.15,BOS+2 | BodyStrong+1 | 1h+2 | 4h+2 | Vol+1 | RSI+1 | BTCok+1 | FVG+1 | LiqSweep+1 | ChoCH+1 | BullWick+1 | Zone:FVG+1 | Sess:OFF_HOURS | Strong1h+1 | NestedOB_1h+2 | QualityRisk:1.15,0,0,-1.0,range,0.6703,0,2.34,0.1765,0.9144,-1,0.0,1.2871,0.6568,1.73,0.1279,0.964,-1.0,-0.1745,0.5625,15127,16,4,0.272,0.328,1,0.605,0
LINKUSDT,15153,15173,1688199300,1688218200,LONG,TRAIL,6.204,6.27727698,6.81464147,6.08187171,0.8290462430940487,0.7909469624114158,0.038099280682632984,21,2.05,48.52,0.14444444444444215,0.008188436339026236,1.6110748497289995,base,adaptive disabled,1.0,85.9,90,77,90,80,LONDON,bullish,bullish,FVG,BOS bullish | Vol 2.0x | FVG | LiqSweep | ChoCH | Engulfing | Discount | Session:LONDON | StrongTrend1h | Zone:FVG | MTF 21,BOS+2 | BodyStrong+1 | 1h+2 | 4h+2 | Vol+2 | RSI+1 | BTC+2 | FVG+1 | LiqSweep+1 | ChoCH+1 | Engulfing+1 | Discount+1 | Zone:FVG+1 | Sess:LONDON | Strong1h+1 | NestedOB_1h+2,0,0,-1.0,range,0.4557,0,2.6849,0.1111,3.1028,-1,0.0,0.2702,1.1873,0.0,0.1628,1.423,1.0,0.0126,1.875,15153,1,1,0.526,0.083,1,1.439,2
ETHUSDT,15163,15306,1688208300,1688337900,LONG,TRAIL,1918.7,1932.51464,2033.822,1895.6756,1.6500429978631346,1.6125429978631347,0.03749999999999998,18,2.38,53.01,0.1659056316590599,0.0038440572063886836,1.632309426914258,base,adaptive disabled,1.15,86.3,90,79,90,80,LONDON,bullish,bullish,FVG,BOS bullish | Vol 2.4x | FVG | ChoCH | Engulfing | BullWick | Session:LONDON | StrongTrend1h | Zone:FVG | MTF 18 | Risk x1.15,BOS+2 | BodyStrong+1 | 1h+2 | 4h+2 | Vol+2 | RSI+1 | BTC+2 | FVG+1 | ChoCH+1 | Engulfing+1 | BullWick+1 | Zone:FVG+1 | Sess:LONDON | Strong1h+1 | QualityRisk:1.15,0,1,-1.0,bear,0.5268,0,2.2517,0.1111,2.6728,-1,0.0,1.4637,3.3421,10.0,0.2047,1.458,-1.0,-0.0327,1.125,15163,18,1,0.006,1.785,1,1.633,2
AVAXUSDT,15178,15225,1688221800,1688265000,LONG,SL,12.96,13.15,13.7376,12.80448,-1.4347029320987708,-1.4784529320987705,0.04374999999999973,13,3.96,64.55,0.6666666666666733,0.004348554120023585,1.1271452279187943,base,adaptive disabled,1.15,74.0,60,100,70,80,NEW_YORK,neutral,bullish,FVG,BOS bullish | Vol 4.0x | FVG | ChoCH | Session:NEW_YORK | Zone:FVG | MTF 13 | Risk x1.15,BOS+2 | 1hN+1 | 4h+2 | Vol+2 | RSI+1 | BTC+2 | FVG+1 | ChoCH+1 | Zone:FVG+1 | Sess:NEW_YORK | QualityRisk:1.15,0,0,-1.0,range,0.619,0,2.2308,0.4286,2.2741,-1,0.0,1.4789,0.2632,10.0,0.2068,2.662,1.0,0.364,1.3125,15173,28,1,0.744,0.93,1,0.558,0
AAVEUSDT,15228,15258,1688266800,1688294700,LONG,TRAIL,68.15,69.45,74.38699766,66.90260047,1.3979081746166597,1.3825424581488974,0.01536571646776222,15,3.59,58.43,0.1343283582089609,0.008361149742675567,1.8367557983130258,base,adaptive disabled,1.25,77.7,90,66,70,80,OFF_HOURS,bullish,bullish,FVG,BOS bullish | Vol 3.6x | FVG | ChoCH | BullWick | StrongTrend1h | Zone:FVG | MTF 15 | Risk x1.25,BOS+2 | 1h+2 | 4h+2 | Vol+2 | RSI+1 | BTCok+1 | FVG+1 | ChoCH+1 | BullWick+1 | Zone:FVG+1 | Sess:OFF_HOURS | Strong1h+1 | QualityRisk:1.15 | RelStrengthRisk:1.25,0,0,-1.0,range,0.475,0,2.6019,0.25,2.0044,-1,0.0,0.7215,2.7308,0.818,0.3578,1.76,1.0,0.0454,0.703125,15226,4,5,0.221,3.805,0,1.399,1
LINKUSDT,15265,15306,1688300100,1688337900,LONG,TP1,6.472,6.54795254,7.10493783,6.34541243,0.0,-0.019172498532043752,0.019172498532043752,14,2.98,63.04,0.5087719298245643,0.005771928005239079,1.1246514264928504,base,adaptive disabled,1.15,84.5,90,100,70,80,OVERLAP,bullish,bullish,FVG,BOS bullish | Vol 3.0x | FVG | ChoCH | Session:OVERLAP | StrongTrend1h | Zone:FVG | MTF 14 | Risk x1.15,BOS+2 | 1h+2 | 4h+2 | Vol+2 | RSI+1 | BTCok+1 | FVG+1 | ChoCH+1 | Zone:FVG+1 | Sess:OVERLAP | Strong1h+1 | QualityRisk:1.15,0,0,-1.0,bull,0.4693,5,4.812,0.0526,3.9378,-1,0.0,1.106,1.1981,0.0,0.0338,2.414,1.0,0.2735,0.9375,15263,0,1,1.235,0.095,1,2.343,4
DOTUSDT,15315,15482,1688345100,1688496300,LONG,SL,5.527,5.64095155,6.47659629,5.33708074,-0.7441484607722272,-0.752333353394492,0.008184892622264855,16,2.27,67.99,0.3333333333333333,0.006804276355326482,1.211388000482629,base,adaptive disabled,1.15,93.5,90,100,100,80,OFF_HOURS,bullish,bullish,OB,BOS bullish | Vol 2.3x | OB | ChoCH | BullWick | StrongTrend1h | Zone:OB | MTF 16 | Risk x1.15,BOS+2 | BodyStrong+1 | 1h+2 | 4h+2 | Vol+2 | RSI+1 | BTCok+1 | OB+1 | ChoCH+1 | BullWick+1 | Zone:OB+1 | Sess:OFF_HOURS | Strong1h+1 | QualityRisk:1.15,0,0,-1.0,bull,0.1429,4,1.9773,0.0526,2.1678,-1,0.0,1.0689,0.9565,0.61,0.4007,2.7,1.0,0.3924,0.703125,15315,4,1,0.46,-1.0,0,0.84,3
LINKUSDT,15323,15514,1688352300,1688525100,LONG,EXPIRED,6.592,6.70742074,7.5538395,6.3996321,-0.2193063395712069,-0.2321567163752371,0.012850376804030207,14,1.75,67.04,0.19658119658119846,0.005720058270463054,1.054288454380829,base,adaptive disabled,1.25,75.1,90,83,50,80,OFF_HOURS,bullish,bullish,FVG,BOS bullish | Vol 1.8x | FVG | ChoCH | StrongTrend1h | Zone:FVG | MTF 14 | Risk x1.25,BOS+2 | 1h+2 | 4h+2 | Vol+1 | RSI+1 | BTC+2 | FVG+1 | ChoCH+1 | Zone:FVG+1 | Sess:OFF_HOURS | Strong1h+1 | QualityRisk:1.15 | RelStrengthRisk:1.25,0,0,-1.0,bull,0.1412,3,3.3442,0.0526,1.6807,-1,0.0,1.0501,0.8924,0.511,0.1718,2.819,1.0,0.0106,0.9375,15323,0,1,0.867,-1.0,0,0.619,2
XRPUSDT,15360,15423,1688385600,1688443200,LONG,TRAIL,0.48523,0.49266,0.52159114,0.47795777,1.6532067880141295,1.6065002069516494,0.046706581062480206,14,1.62,59.11,0.3106575963718885,0.0027073270919694384,0.7422817879845119,base,adaptive disabled,1.15,75.9,90,87,50,80,OVERLAP,bullish,bullish,FVG,BOS bullish | Vol 1.6x | FVG | ChoCH | Engulfing | Session:OVERLAP | StrongTrend1h | Zone:FVG | MTF 14 | Risk x1.15,BOS+2 | 1h+2 | 4h+2 | Vol+1 | RSI+1 | BTCok+1 | FVG+1 | ChoCH+1 | Engulfing+1 | Zone:FVG+1 | Sess:OVERLAP | Strong1h+1 | QualityRisk:1.15,0,0,-1.0,range,0.2458,0,2.8442,0.0526,2.3752,-1,0.0,0.9254,1.1131,0.0,-0.1383,1.566,-1.0,-0.1292,1.75,15360,0,5,0.701,0.987,1,1.034,1
ETHUSDT,15424,15487,1688443200,1688500800,LONG,SL,1960.0,1974.112,2077.6,1936.48,-1.4112723214285705,-1.4550223214285707,0.04375000000000004,13,3.09,63.85,0.6999999999999883,0.002519768857213748,1.0775367888613292,base,adaptive disabled,1.15,80.0,60,100,90,80,OFF_HOURS,neutral,bullish,FVG,BOS bullish | Vol 3.1x | FVG | ChoCH | Zone:FVG | MTF 13 | Risk x1.15,BOS+2 | BodyStrong+1 | 1hN+1 | 4h+2 | Vol+2 | RSI+1 | BTCok+1 | FVG+1 | ChoCH+1 | Zone:FVG+1 | Sess:OFF_HOURS | QualityRisk:1.15,0,0,-1.0,bull,0.4461,0,2.8175,0.1111,2.1162,-1,0.0,1.2164,0.4613,0.0,0.1885,1.854,1.0,0.2737,1.3125,15423,0,1,0.994,0.098,1,0.635,2
XLMUSDT,15486,15547,1688499000,1688554800,SHORT,TRAIL,0.10367,0.10231758,0.0923998,0.10592404,0.36684131603698333,0.35908000190768663,0.007761314129296734,14,1.61,35.02,0.47717842323651194,0.006285382704091729,1.882741495215741,base,adaptive disabled,1.15,82.5,90,90,70,80,DEAD_ZONE,bearish,bearish,FVG,BOS bearish | Vol 1.6x | FVG | ChoCH | StrongTrend1h | Zone:FVG | MTF 14 | Risk x1.15,BOS+2 | BodyStrong+1 | 1h+2 | 4h+2 | Vol+1 | RSI+1 | BTCok+1 | FVG+1 | ChoCH+1 | Zone:FVG+1 | Sess:DEAD_ZONE | Strong1h+1 | TrendPairRisk:1.15,0,0,-1.0,range,0.3308,0,3.544,0.1111,2.5975,-1,0.0,0.5058,3.2904,4.423,-0.1024,1.074,1.0,-0.4454,0.421875,15486,1,5,1.224,10.379,0,1.498,8
AAVEUSDT,15517,15531,1688526900,1688540400,LONG,TRAIL,78.85,80.50585,92.64875,76.09025,0.44297490714738963,0.43440347857596107,0.00857142857142858,17,1.42,56.0,0.14373088685015337,0.010022639563186959,1.0691273188854338,base,adaptive disabled,1.25,82.9,90,77,80,80,OFF_HOURS,bullish,bullish,OB,BOS bullish | Vol 1.4x | FVG | OB | ChoCH | Engulfing | StrongTrend1h | Zone:OB | MTF 17 | Risk x1.25,BOS+2 | BodyStrong+1 | 1h+2 | 4h+2 | Vol+1 | RSI+1 | BTC+2 | FVG+1 | OB+1 | ChoCH+1 | Engulfing+1 | Zone:OB+1 | Sess:OFF_HOURS | Strong1h+1 | QualityRisk:1.15 | RelStrengthRisk:1.25,0,0,-1.0,range,0.33,0,2.2513,0.1765,1.499,-1,0.0,0.4783,1.081,0.922,-0.0313,1.343,1.0,0.2502,0.75,15517,4,5,0.026,0.169,1,1.054,3
ADAUSDT,15529,15546,1688537700,1688553900,LONG,SL,0.29502,0.29795013,0.31943779,0.29013644,-1.4765625,-1.5003492713307505,0.023786771330750477,17,3.97,61.42,0.35234899328858454,0.0034673026797853953,1.0142553802375531,base,adaptive disabled,1.25,80.0,60,100,90,80,OFF_HOURS,neutral,bullish,FVG,BOS bullish | Vol 4.0x | FVG | ChoCH | Engulfing | BullWick | Zone:FVG | MTF 17 | Risk x1.25,BOS+2 | BodyStrong+1 | 1hN+1 | 4h+2 | Vol+2 | RSI+1 | BTCok+1 | FVG+1 | ChoCH+1 | Engulfing+1 | BullWick+1 | Zone:FVG+1 | Sess:OFF_HOURS | NestedOB_1h+2 | QualityRisk:1.15 | RelStrengthRisk:1.25,0,0,-1.0,range,0.2863,5,3.1216,0.0526,2.4572,-1,0.0,2.6538,0.3037,1.099,0.3032,3.606,1.0,0.4146,0.984375,15528,34,1,0.668,0.31,1,1.232,4
ETHUSDT,15607,15634,1688607900,1688633100,SHORT,SL,1906.46,1892.733488,1792.0724,1929.33752,-0.9107193437050858,-0.9357193437050859,0.024999999999999994,14,1.62,39.67,0.1805825242718482,0.002791970545681923,1.186426168061129,base,adaptive disabled,1.25,74.7,90,81,50,80,OFF_HOURS,bearish,bearish,FVG,BOS bearish | Vol 1.6x | FVG | ChoCH | StrongTrend1h | Zone:FVG | MTF 14 | Risk x1.25,BOS+2 | 1h+2 | 4h+2 | Vol+1 | RSI+1 | BTC+2 | FVG+1 | ChoCH+1 | Zone:FVG+1 | Sess:OFF_HOURS | Strong1h+1 | QualityRisk:1.15 | TrendPairRisk:1.25,0,0,-1.0,bear,0.4633,0,3.3695,0.1111,1.7251,-1,0.0,1.2899,0.1559,0.0,-0.0342,1.937,1.0,-0.369,0.75,15605,1,2,0.587,0.059,1,0.621,4
LINKUSDT,15608,15626,1688608800,1688625900,SHORT,SL,6.301,6.2556328,5.92294,6.376612,-0.7160321774321573,-0.7394696774321573,0.023437500000000135,19,2.96,37.65,0.24855491329479334,0.0052782679260835,1.2272950385362917,base,adaptive disabled,1.15,82.3,90,89,70,80,OFF_HOURS,bearish,bearish,FVG,BOS bearish | Vol 3.0x | FVG | ChoCH | Engulfing | BearWick | StrongTrend1h | Zone:FVG | MTF 19 | Risk x1.15,BOS+2 | 1h+2 | 4h+2 | Vol+2 | RSI+1 | BTC+2 | FVG+1 | ChoCH+1 | Engulfing+1 | BearWick+1 | Zone:FVG+1 | Sess:OFF_HOURS | Strong1h+1 | NestedOB_1h+2 | TrendPairRisk:1.15,0,1,-1.0,bull,0.7724,0,3.4115,0.1765,1.7467,-1,0.0,1.0316,0.7274,0.0,-0.2145,3.032,1.0,-0.2634,0.703125,15605,4,2,1.35,0.975,1,1.162,0
XRPUSDT,15608,15636,1688608800,1688634900,SHORT,SL,0.47653,0.46941,0.46743,0.48224836,-0.42863578893249143,-0.44269828893249147,0.014062500000000056,17,2.24,39.95,0.3280423280423326,0.0038114834028544647,1.3680915429194018,base,adaptive disabled,1.15,84.3,90,99,70,80,OFF_HOURS,bearish,bearish,FVG,BOS bearish | Vol 2.2x | FVG | MACD_Div | ChoCH | BearWick | StrongTrend1h | Zone:FVG | MTF 17 | Risk x1.15,BOS+2 | 1h+2 | 4h+2 | Vol+2 | RSI+1 | BTC+2 | FVG+1 | MACD_Div+1 | ChoCH+1 | BearWick+1 | Zone:FVG+1 | Sess:OFF_HOURS | Strong1h+1 | TrendPairRisk:1.15,0,1,-1.0,bull,0.4982,0,3.3941,0.1765,1.0959,-1,0.0,1.2364,0.0787,0.0,-0.3087,1.55,1.0,-0.531,0.421875,15605,1,4,1.52,4.125,1,1.368,0
AAVEUSDT,15642,15650,1688639400,1688647500,LONG,SL,76.77,78.38217,90.20475,74.08305,-1.9037326243510306,-1.9238219100653162,0.020089285714285744,16,2.18,63.81,0.3232514177693764,0.016867137482514876,2.4811559236813117,base,adaptive disabled,1.25,88.1,90,88,90,80,LONDON,bullish,bullish,FVG,BOS bullish | Vol 2.2x | FVG | ChoCH | Session:LONDON | StrongTrend1h | Zone:FVG | MTF 16 | Risk x1.25,BOS+2 | BodyStrong+1 | 1h+2 | 4h+2 | Vol+2 | RSI+1 | BTC+2 | FVG+1 | ChoCH+1 | Zone:FVG+1 | Sess:LONDON | Strong1h+1 | QualityRisk:1.15 | RelStrengthRisk:1.25,0,0,-1.0,range,0.3526,0,1.7569,0.4286,1.2315,-1,0.0,1.3398,0.2109,1.693,0.126,1.281,1.0,0.3495,1.7578125,15637,1,3,1.658,0.071,1,1.219,0
SUIUSDT,6032,6223,1688687100,1688859900,SHORT,EXPIRED,0.6488,0.6351752,0.53526,0.671508,-0.08360214461863445,-0.09163785890434875,0.008035714285714304,17,1.5,36.67,0.5894736842105276,0.010909614571351383,1.592803727665222,base,adaptive disabled,1.25,84.5,90,100,70,80,DEAD_ZONE,bearish,bearish,FVG,BOS bearish | Vol 1.5x | FVG | LiqSweep | ChoCH | Engulfing | StrongTrend1h | Zone:FVG | MTF 17 | Risk x1.25,BOS+2 | BodyStrong+1 | 1h+2 | 4h+2 | Vol+1 | RSI+1 | BTC+2 | FVG+1 | LiqSweep+1 | ChoCH+1 | Engulfing+1 | Zone:FVG+1 | Sess:DEAD_ZONE | Strong1h+1 | QualityRisk:1.15 | TrendPairRisk:1.25,0,0,-1.0,bear,0.0521,4,3.2777,0.1111,2.1172,-1,0.0,0.894,0.7193,0.0,-0.0082,1.411,1.0,-0.6129,0.703125,6032,37,3,1.832,0.328,1,1.06,3
BTCUSDT,15698,15889,1688689800,1688862600,SHORT,EXPIRED,30081.0,29828.12625001,27973.71875011,30502.45624998,-0.10998416947713872,-0.11751189143855358,0.007527721961414844,15,10.62,36.03,0.3705996131528018,0.006387792114547358,1.6237756873253024,base,adaptive disabled,1.15,84.5,90,100,70,80,OFF_HOURS,bearish,bearish,FVG,BOS bearish | Vol 10.6x | FVG | ChoCH | StrongTrend1h | Zone:FVG | MTF 15 | Risk x1.15,BOS+2 | 1h+2 | 4h+2 | Vol+2 | RSI+1 | BTC+2 | FVG+1 | ChoCH+1 | Zone:FVG+1 | Sess:OFF_HOURS | Strong1h+1 | TrendPairRisk:1.15,0,0,-1.0,range,0.5874,1,3.6872,0.1111,5.6421,-1,0.0,0.8969,0.8107,2.351,0.413,4.256,1.0,-0.1851,0.263671875,15697,3,5,1.591,0.964,1,0.6,0
AAVEUSDT,15816,15824,1688796000,1688804100,LONG,TP1,74.64,75.17910723,79.13256026,73.74148795,0.0,-0.024921201668914914,0.024921201668914914,17,1.59,53.66,0.14814814814815336,0.0074607347504653185,1.3246356912927204,base,adaptive disabled,1.15,82.9,90,77,80,80,OFF_HOURS,bullish,bullish,OB,BOS bullish | Vol 1.6x | FVG | OB | ChoCH | Engulfing | StrongTrend1h | Zone:OB | MTF 17 | Risk x1.15,BOS+2 | BodyStrong+1 | 1h+2 | 4h+2 | Vol+1 | RSI+1 | BTC+2 | FVG+1 | OB+1 | ChoCH+1 | Engulfing+1 | Zone:OB+1 | Sess:OFF_HOURS | Strong1h+1 | QualityRisk:1.15,0,1,-1.0,bear,0.7055,0,2.5186,9.0,0.8235,-1,0.0,0.8013,1.3541,2.0,-0.0826,1.487,-1.0,-0.2086,0.75,15816,15,2,0.683,1.409,0,1.067,0
AAVEUSDT,15830,15855,1688808600,1688832000,LONG,SL,76.66,78.26986,90.0755,73.9769,-0.5912004770601165,-0.5976290484886878,0.006428571428571438,14,1.53,70.48,0.7863501483679523,0.007063695754286273,1.2000255855309274,base,adaptive disabled,1.15,84.5,90,100,70,80,LONDON,bullish,bullish,FVG,BOS bullish | Vol 1.5x | FVG | ChoCH | Session:LONDON | StrongTrend1h | Zone:FVG | MTF 14 | Risk x1.15,BOS+2 | BodyStrong+1 | 1h+2 | 4h+2 | Vol+1 | BTC+2 | FVG+1 | ChoCH+1 | Zone:FVG+1 | Sess:LONDON | Strong1h+1 | QualityRisk:1.15,0,0,-1.0,range,0.1941,0,5.2942,0.1111,1.771,-1,0.0,1.0585,0.1801,0.0,0.0864,1.76,1.0,0.1779,0.5625,15830,2,4,2.114,2.475,1,0.867,0
AVAXUSDT,15848,15861,1688824800,1688837400,LONG,TRAIL,13.65,13.82907363,15.14228027,13.35154395,0.8899970364145726,0.8614124257156105,0.028584610698962173,17,2.77,58.07,0.313432835820896,0.01235242306247075,1.6786942942021332,base,adaptive disabled,1.25,92.9,90,97,100,80,NEW_YORK,bullish,bullish,OB,BOS bullish | Vol 2.8x | FVG | OB | ChoCH | Session:NEW_YORK | StrongTrend1h | Zone:OB | MTF 17 | Risk x1.25,BOS+2 | BodyStrong+1 | 1h+2 | 4h+2 | Vol+2 | RSI+1 | BTC+2 | FVG+1 | OB+1 | ChoCH+1 | Zone:OB+1 | Sess:NEW_YORK | Strong1h+1 | QualityRisk:1.15 | RelStrengthRisk:1.25,0,0,-1.0,range,0.5476,0,3.0427,0.1111,2.9729,-1,0.0,0.067,1.1727,0.0,-0.0468,1.503,1.0,0.0832,1.5625,15848,4,3,0.553,0.738,1,1.844,3
LINKUSDT,15853,15870,1688829300,1688845500,SHORT,TRAIL,6.171,6.1265688,5.80074,6.245052,1.3293023821098797,1.2746148821098797,0.0546875,14,1.59,39.9,0.4181818181818194,0.003569655413929444,1.1638955415605117,base,adaptive disabled,1.15,74.0,60,100,70,80,NEW_YORK,neutral,bearish,FVG,BOS bearish | Vol 1.6x | FVG | LiqSweep | ChoCH | Session:NEW_YORK | Zone:FVG | MTF 14 | Risk x1.15,BOS+2 | BodyStrong+1 | 1hN+1 | 4h+2 | Vol+1 | RSI+1 | BTC+2 | FVG+1 | LiqSweep+1 | ChoCH+1 | Zone:FVG+1 | Sess:NEW_YORK | QualityRisk:1.15,0,0,-1.0,range,0.4167,4,2.9295,0.0526,1.5905,-1,0.0,0.3646,1.778,3.0,-0.1422,1.119,1.0,-0.1781,1.640625,15853,0,1,1.323,0.236,1,1.418,3
AVAXUSDT,15894,15901,1688866200,1688873400,LONG,TRAIL,13.83,14.08337116,15.94142634,13.40771473,0.27972796683152024,0.27235913296241554,0.007368833869104652,18,2.98,67.96,0.49999999999999595,0.00698780274791271,1.369609338600903,base,adaptive disabled,1.15,84.5,90,100,70,80,OFF_HOURS,bullish,bullish,FVG,BOS bullish | Vol 3.0x | FVG | ChoCH | Engulfing | StrongTrend1h | Zone:FVG | MTF 18 | Risk x1.15,BOS+2 | 1h+2 | 4h+2 | Vol+2 | RSI+1 | BTC+2 | FVG+1 | ChoCH+1 | Engulfing+1 | Zone:FVG+1 | Sess:OFF_HOURS | Strong1h+1 | NestedOB_1h+2 | RelStrengthRisk:1.15,0,0,-1.0,range,0.2558,0,4.2535,0.0526,2.9999,-1,0.0,0.0947,1.263,3.143,0.0954,2.226,1.0,0.2039,0.5625,15894,0,3,2.431,0.122,1,1.337,1
SOLUSDT,15894,15950,1688866200,1688917500,LONG,SL,22.172,22.637612,26.0521,21.39598,-0.5314074540604631,-0.5374342397747487,0.006026785714285722,17,1.43,62.84,0.24570446735395424,0.010895440751807164,1.749519376022423,base,adaptive disabled,1.15,82.3,90,89,70,80,OFF_HOURS,bullish,bullish,FVG,BOS bullish | Vol 1.4x | FVG | LiqSweep | ChoCH | Engulfing | StrongTrend1h | Zone:FVG | MTF 17 | Risk x1.15,BOS+2 | BodyStrong+1 | 1h+2 | 4h+2 | Vol+1 | RSI+1 | BTC+2 | FVG+1 | LiqSweep+1 | ChoCH+1 | Engulfing+1 | Zone:FVG+1 | Sess:OFF_HOURS | Strong1h+1 | QualityRisk:1.15,0,1,-1.0,bear,0.2734,0,4.7647,0.1111,5.3174,-1,0.0,1.1391,0.0258,0.99,0.1841,1.668,1.0,0.3787,0.52734375,15894,0,2,1.469,1.851,1,0.856,3
AVAXUSDT,15930,15958,1688898600,1688924700,LONG,SL,14.07,14.24410966,15.52091386,13.77981723,-1.033831195422117,-1.0532258686482359,0.01939467322611887,14,1.67,64.5,0.5294117647058842,0.006380648055312607,1.117410990694595,base,adaptive disabled,1.15,78.5,90,100,50,80,LONDON,bullish,bullish,FVG,BOS bullish | Vol 1.7x | FVG | ChoCH | BullWick | Session:LONDON | StrongTrend1h | Zone:FVG | MTF 14 | Risk x1.15,BOS+2 | 1h+2 | 4h+2 | Vol+1 | RSI+1 | BTCok+1 | FVG+1 | ChoCH+1 | BullWick+1 | Zone:FVG+1 | Sess:LONDON | Strong1h+1 | QualityRisk:1.15,0,0,-1.0,range,0.3,5,2.619,0.0526,1.7323,-1,0.0,1.1372,0.6318,0.0,0.1414,1.339,1.0,0.1465,1.0,15930,1,2,0.998,0.873,1,1.247,4
BTCUSDT,15986,16059,1688949000,1689015600,SHORT,SL,30085.5,29700.4,28280.37,30446.526,-0.6114409869372261,-0.6278472369372261,0.016406249999999924,14,3.16,36.88,0.20169533782099663,0.004398627593872012,3.5910348251812847,base,adaptive disabled,1.0,66.8,60,64,70,80,OFF_HOURS,neutral,bearish,FVG,BOS bearish | Vol 3.2x | FVG | ChoCH | Engulfing | Zone:FVG | MTF 14,BOS+2 | 1hN+1 | 4h+2 | Vol+2 | RSI+1 | BTC+2 | FVG+1 | ChoCH+1 | Engulfing+1 | Zone:FVG+1 | Sess:OFF_HOURS,0,0,-1.0,bear,0.4266,0,3.644,0.1111,7.4412,-1,0.0,1.3002,0.2218,0.81,0.0852,1.582,1.0,-0.396,0.4921875,15986,0,1,0.197,0.571,1,2.0,1
ETHUSDT,15986,16058,1688949000,1689014700,SHORT,SL,1854.47,1841.00458226,1742.25818554,1876.91236289,-1.96875,-2.01213209638495,0.04338209638494994,14,4.53,35.2,0.3420195439739379,0.0048129089226868075,2.739396240171931,base,adaptive disabled,1.0,72.0,60,90,70,80,OFF_HOURS,neutral,bearish,FVG,BOS bearish | Vol 4.5x | FVG | ChoCH | Engulfing | Zone:FVG | MTF 14,BOS+2 | 1hN+1 | 4h+2 | Vol+2 | RSI+1 | BTC+2 | FVG+1 | ChoCH+1 | Engulfing+1 | Zone:FVG+1 | Sess:OFF_HOURS,0,0,-1.0,bear,0.3166,0,4.1202,0.0526,4.3467,-1,0.0,1.5337,0.4189,0.0,0.0853,2.741,1.0,-0.214,1.3125,15986,0,1,0.379,0.723,1,1.653,1
XRPUSDT,15986,16026,1688949000,1688985900,SHORT,SL,0.46634,0.46298235,0.4383596,0.47193608,-1.3556364455118592,-1.399386445511859,0.04374999999999997,13,2.09,33.72,0.3611111111111096,0.007444939669977962,4.483571745282279,base,adaptive disabled,1.0,70.0,60,80,70,80,OFF_HOURS,neutral,bearish,FVG,BOS bearish | Vol 2.1x | FVG | ChoCH | Zone:FVG | MTF 13,BOS+2 | 1hN+1 | 4h+2 | Vol+2 | RSI+1 | BTC+2 | FVG+1 | ChoCH+1 | Zone:FVG+1 | Sess:OFF_HOURS,0,0,-1.0,bear,0.5211,0,5.0295,0.1111,14.9698,-1,0.0,1.1544,0.6969,1.542,0.172,0.984,1.0,-0.4567,1.3125,15986,0,1,0.667,0.092,1,2.121,1
ADAUSDT,16065,16177,1689020100,1689121800,LONG,TRAIL,0.29091,0.29460366,0.32169049,0.2847539,0.24465063108136775,0.2366762540407089,0.007974377040658863,14,1.42,66.99,0.6385542168674582,0.005100294243509212,1.2283137208044577,base,adaptive disabled,1.0,78.5,90,100,50,80,DEAD_ZONE,bullish,bullish,FVG,BOS bullish | Vol 1.4x | FVG | ChoCH | StrongTrend1h | Zone:FVG | MTF 14,BOS+2 | 1h+2 | 4h+2 | Vol+1 | RSI+1 | BTC+2 | FVG+1 | ChoCH+1 | Zone:FVG+1 | Sess:DEAD_ZONE | Strong1h+1,0,0,-1.0,bull,0.2693,0,2.6318,0.0526,1.419,-1,0.0,0.7602,1.2156,6.082,0.0226,1.059,-1.0,-0.3578,0.421875,16065,0,1,0.075,0.709,1,1.342,1
BTCUSDT,16142,16333,1689089400,1689262200,LONG,EXPIRED,30487.5,31058.8,32316.75,30121.65,0.44853167281673195,0.4321254228167319,0.016406250000000063,14,8.1,57.95,0.2471228290437292,0.005383696394212611,3.5406197727186317,base,adaptive disabled,1.15,67.8,60,69,70,80,NEW_YORK,neutral,bullish,FVG,BOS bullish | Vol 8.1x | FVG | MACD_Div | ChoCH | Session:NEW_YORK | Zone:FVG | MTF 14 | Risk x1.15,BOS+2 | 1hN+1 | 4h+2 | Vol+2 | RSI+1 | BTC+2 | FVG+1 | MACD_Div+1 | ChoCH+1 | Zone:FVG+1 | Sess:NEW_YORK | QualityRisk:1.15,0,1,-1.0,bear,0.6201,0,4.8335,0.0526,7.8871,-1,0.0,0.8121,0.8687,4.188,-0.1842,2.609,-1.0,-0.3152,0.4921875,16142,36,6,1.203,0.653,1,3.104,1
AVAXUSDT,16195,16239,1689137100,1689177600,SHORT,TRAIL,13.2,13.10496,12.408,13.3584,0.45198421962802604,0.43792171962802606,0.01406249999999997,17,1.33,36.47,0.5200000000000035,0.003043370440887117,0.8071018409293673,base,adaptive disabled,1.25,84.5,90,100,70,80,OFF_HOURS,bearish,bearish,FVG,BOS bearish | Vol 1.3x | FVG | MACD_Div | ChoCH | BearWick | StrongTrend1h | Zone:FVG | MTF 17 | Risk x1.25,BOS+2 | BodyStrong+1 | 1h+2 | 4h+2 | Vol+1 | RSI+1 | BTC+2 | FVG+1 | MACD_Div+1 | ChoCH+1 | BearWick+1 | Zone:FVG+1 | Sess:OFF_HOURS | Strong1h+1 | QualityRisk:1.15 | TrendPairRisk:1.25,0,0,-1.0,range,0.4444,0,1.6272,0.1765,0.5577,-1,0.0,1.0732,1.9992,0.0,-0.0459,1.309,1.0,-0.1287,0.421875,16193,3,4,1.424,13.831,0,0.407,0
XRPUSDT,16201,16242,1689142500,1689180300,LONG,SL,0.47428,0.47769482,0.5027368,0.46858864,-1.3260231297967444,-1.3697731297967444,0.043750000000000164,15,2.1,45.36,0.15500000000000438,0.002399500031977768,1.4561273658670544,base,adaptive disabled,1.0,75.6,60,78,90,80,OFF_HOURS,neutral,bullish,FVG,BOS bullish | Vol 2.1x | FVG | ChoCH | Discount | Zone:FVG | MTF 15,BOS+2 | BodyStrong+1 | 1hN+1 | 4h+2 | Vol+2 | RSI+1 | BTC+2 | FVG+1 | ChoCH+1 | Discount+1 | Zone:FVG+1 | Sess:OFF_HOURS,0,0,-1.0,range,0.6398,0,2.3409,0.1111,1.739,-1,0.0,1.3547,0.8727,0.0,-0.0492,0.896,-1.0,0.1115,1.3125,16201,36,2,1.094,0.729,1,2.341,2
SOLUSDT,16203,16227,1689144300,1689166800,LONG,TRAIL,22.052,22.224739,23.49149169,21.76410166,0.8127869024878772,0.7955526940516631,0.01723420843621409,17,1.9,55.68,0.5226130653266156,0.005314751970272168,1.242973482074397,base,adaptive disabled,1.15,78.5,90,100,50,80,OFF_HOURS,bullish,bullish,FVG,BOS bullish | Vol 1.9x | FVG | ChoCH | Engulfing | StrongTrend1h | Zone:FVG | MTF 17 | Risk x1.15,BOS+2 | 1h+2 | 4h+2 | Vol+1 | RSI+1 | BTC+2 | FVG+1 | ChoCH+1 | Engulfing+1 | Zone:FVG+1 | Sess:OFF_HOURS | Strong1h+1 | NestedOB_1h+2 | QualityRisk:1.15,0,1,-1.0,bear,0.371,0,2.1098,-1.0,-1.0,-1,0.0,0.3856,5.1754,0.0,-0.0861,1.636,1.0,-0.0283,0.5625,16203,0,1,0.248,1.819,1,1.163,1
SOLUSDT,16230,16233,1689168600,1689172200,LONG,TRAIL,22.222,22.48075885,24.37832377,21.79073525,1.000509257944213,0.9666943275563249,0.03381493038788815,15,2.15,64.04,0.45623342175066606,0.019871030128053243,5.378425488017641,base,adaptive disabled,1.25,86.5,90,80,90,80,OVERLAP,bullish,bullish,FVG,BOS bullish | Vol 2.1x | FVG | ChoCH | Session:OVERLAP | StrongTrend1h | Zone:FVG | MTF 15 | Risk x1.25,BOS+2 | BodyStrong+1 | 1h+2 | 4h+2 | Vol+2 | RSI+1 | BTCok+1 | FVG+1 | ChoCH+1 | Zone:FVG+1 | Sess:OVERLAP | Strong1h+1 | QualityRisk:1.15 | RelStrengthRisk:1.25,0,0,-1.0,bull,0.7211,0,6.4087,0.25,14.4067,-1,0.0,0.0788,1.3951,0.0,-0.0556,0.982,1.0,0.518,1.640625,16228,0,1,0.972,0.393,1,2.283,1
LINKUSDT,16251,16312,1689187500,1689243300,LONG,TRAIL,6.313,6.40270541,7.06054507,6.16349099,0.2680649480589849,0.2591581374426883,0.008906810616296633,15,1.52,66.48,0.7852348993288589,0.005917319108382836,1.7599797691214802,base,adaptive disabled,1.0,84.5,90,100,70,80,OFF_HOURS,bullish,bullish,FVG,BOS bullish | Vol 1.5x | FVG | ChoCH | Engulfing | StrongTrend1h | Zone:FVG | MTF 15,BOS+2 | BodyStrong+1 | 1h+2 | 4h+2 | Vol+1 | RSI+1 | BTCok+1 | FVG+1 | ChoCH+1 | Engulfing+1 | Zone:FVG+1 | Sess:OFF_HOURS | Strong1h+1,0,1,-1.0,bear,0.1781,3,3.2532,0.0526,1.5373,-1,0.0,0.7959,1.1036,0.0,0.2249,1.727,1.0,0.2094,0.52734375,16251,0,1,1.898,5.897,0,0.881,2
AAVEUSDT,16273,16335,1689207300,1689264000,LONG,TRAIL,75.53,76.99231046,87.71592051,73.0928159,1.764331221428869,1.739538674981516,0.024792546447352952,15,3.05,60.51,0.44023323615160365,0.01475642221596152,2.9326447519760603,base,adaptive disabled,1.25,78.0,60,90,90,80,DEAD_ZONE,neutral,bullish,FVG,BOS bullish | Vol 3.0x | FVG | LiqSweep | ChoCH | Zone:FVG | MTF 15 | Risk x1.25,BOS+2 | BodyStrong+1 | 1hN+1 | 4h+2 | Vol+2 | RSI+1 | BTC+2 | FVG+1 | LiqSweep+1 | ChoCH+1 | Zone:FVG+1 | Sess:DEAD_ZONE | QualityRisk:1.15 | RelStrengthRisk:1.25,0,0,-1.0,range,0.4109,1,5.7473,0.1111,2.8864,-1,0.0,0.4144,1.8737,0.0,0.3521,1.091,1.0,0.1523,2.0,16272,0,3,2.586,2.73,1,1.704,0
AVAXUSDT,16279,16300,1689212700,1689232500,SHORT,SL,12.98,12.886544,12.2012,13.13576,-0.7704160246533184,-0.7954160246533186,0.02500000000000016,15,1.73,37.66,0.2857142857142948,0.003347596695072188,0.8757312954375672,base,adaptive disabled,1.25,77.3,90,94,50,80,OFF_HOURS,bearish,bearish,FVG,BOS bearish | Vol 1.7x | FVG | ChoCH | BearWick | StrongTrend1h | Zone:FVG | MTF 15 | Risk x1.25,BOS+2 | 1h+2 | 4h+2 | Vol+1 | RSI+1 | BTC+2 | FVG+1 | ChoCH+1 | BearWick+1 | Zone:FVG+1 | Sess:OFF_HOURS | Strong1h+1 | QualityRisk:1.15 | TrendPairRisk:1.25,0,0,-1.0,range,0.625,0,3.1167,0.0526,1.241,-1,0.0,1.0272,0.856,0.0,0.2283,1.295,1.0,-0.1607,0.75,16277,2,1,0.223,2.226,0,1.558,7
ETHUSDT,16287,16333,1689219900,1689262200,SHORT,SL,1867.98,1854.530544,1755.9012,1890.39576,-1.6351218963800367,-1.6726218963800363,0.03749999999999985,13,1.36,38.51,0.22750642673521698,0.001570872114412799,0.837674211248451,base,adaptive disabled,1.15,69.7,55,87,70,80,OFF_HOURS,bearish,neutral,FVG,BOS bearish | Vol 1.4x | FVG | ChoCH | Zone:FVG | MTF 13 | Risk x1.15,BOS+2 | BodyStrong+1 | 1h+2 | 4hN+1 | Vol+1 | RSI+1 | BTC+2 | FVG+1 | ChoCH+1 | Zone:FVG+1 | Sess:OFF_HOURS | QualityRisk:1.15,0,0,-1.0,bear,0.2015,0,2.6913,0.0526,1.3287,-1,0.0,1.4722,0.3703,0.0,0.0285,2.025,1.0,-0.251,1.125,16287,0,1,0.231,0.147,1,0.674,4
DOTUSDT,16289,16300,1689221700,1689232500,SHORT,SL,5.112,5.07346293,4.79085775,5.17622845,-0.8670223242192512,-0.8938842522277894,0.026861928008538326,14,2.6,38.23,0.2098765432098665,0.0027398036841154608,0.947789421143294,base,adaptive disabled,1.15,72.8,65,85,70,80,OFF_HOURS,bearish,neutral,FVG,BOS bearish | Vol 2.6x | FVG | ChoCH | StrongTrend1h | Zone:FVG | MTF 14 | Risk x1.15,BOS+2 | 1h+2 | 4hN+1 | Vol+2 | RSI+1 | BTC+2 | FVG+1 | ChoCH+1 | Zone:FVG+1 | Sess:OFF_HOURS | Strong1h+1 | QualityRisk:1.15,0,0,-1.0,range,0.2687,1,2.2983,0.0526,2.5459,-1,0.0,1.1054,0.2595,1.889,0.1995,1.977,1.0,-0.0121,0.84375,16289,2,3,0.0,0.525,1,1.313,0
DOTUSDT,16322,16333,1689251400,1689262200,LONG,TP1,5.222,5.27403402,5.65561681,5.13527664,0.0,-0.023709442300205927,0.023709442300205927,14,1.59,57.93,0.18840579710144553,0.004197772844777023,1.4683809411310191,base,adaptive disabled,1.15,80.9,90,82,70,80,OVERLAP,bullish,bullish,FVG,BOS bullish | Vol 1.6x | FVG | ChoCH | Session:OVERLAP | StrongTrend1h | Zone:FVG | MTF 14 | Risk x1.15,BOS+2 | BodyStrong+1 | 1h+2 | 4h+2 | Vol+1 | RSI+1 | BTCok+1 | FVG+1 | ChoCH+1 | Zone:FVG+1 | Sess:OVERLAP | Strong1h+1 | QualityRisk:1.15,0,0,-1.0,bull,0.3839,0,2.2569,0.1111,1.4241,-1,0.0,0.0922,1.3837,0.0,0.2233,0.878,1.0,0.3715,0.984375,16322,9,4,1.636,0.169,1,1.806,0
BTCUSDT,16336,16344,1689264000,1689272100,LONG,TRAIL,30848.4,31153.89839649,33394.21997073,30339.23600585,0.15501053129602965,0.1464905725011389,0.008519958794890765,16,6.52,67.91,0.4371366693263444,0.00967054252731374,6.030392433624259,base,adaptive disabled,1.0,80.5,90,80,70,80,NEW_YORK,bullish,bullish,FVG,BOS bullish | Vol 6.5x | FVG | ChoCH | Engulfing | Session:NEW_YORK | StrongTrend1h | Zone:FVG | MTF 16,BOS+2 | 1h+2 | 4h+2 | Vol+2 | RSI+1 | BTC+2 | FVG+1 | ChoCH+1 | Engulfing+1 | Zone:FVG+1 | Sess:NEW_YORK | Strong1h+1,0,0,-1.0,bull,0.4741,0,5.4622,0.0526,6.4161,-1,0.0,0.2522,2.0524,0.0,0.227,2.209,1.0,0.0828,0.3515625,16336,0,2,1.854,0.561,1,2.951,2
AAVEUSDT,16346,16371,1689273000,1689296400,LONG,TRAIL,78.1,79.7401,91.7675,75.3665,0.5624657033107755,0.5517514175964898,0.010714285714285746,15,1.61,67.29,0.3419354838709691,0.011147922400088018,1.8478893108865466,base,adaptive disabled,1.15,76.5,90,90,50,80,OFF_HOURS,bullish,bullish,FVG,BOS bullish | Vol 1.6x | FVG | ChoCH | Engulfing | StrongTrend1h | Zone:FVG | MTF 15 | Risk x1.15,BOS+2 | 1h+2 | 4h+2 | Vol+1 | RSI+1 | BTC+2 | FVG+1 | ChoCH+1 | Engulfing+1 | Zone:FVG+1 | Sess:OFF_HOURS | Strong1h+1 | QualityRisk:1.15,0,0,-1.0,range,0.2733,0,2.6479,0.0526,1.5542,-1,0.0,0.2597,1.7926,0.484,0.2209,1.01,-1.0,-0.031,0.9375,16346,2,3,0.083,-1.0,0,1.594,1
SUIUSDT,6684,6708,1689273900,1689296400,LONG,TRAIL,0.6959,0.7105139,0.8176825,0.6715435,0.6389464824584835,0.6282321967441977,0.010714285714285713,17,1.64,63.74,0.26637554585152906,0.024888969058629747,5.302956150230287,base,adaptive disabled,1.15,81.7,90,71,80,80,OFF_HOURS,bullish,bullish,OB,BOS bullish | Vol 1.6x | FVG | OB | ChoCH | BullWick | StrongTrend1h | Zone:OB | MTF 17 | Risk x1.15,BOS+2 | BodyStrong+1 | 1h+2 | 4h+2 | Vol+1 | RSI+1 | BTC+2 | FVG+1 | OB+1 | ChoCH+1 | BullWick+1 | Zone:OB+1 | Sess:OFF_HOURS | Strong1h+1 | QualityRisk:1.15,0,0,-1.0,range,0.3502,0,3.5826,0.1765,1.9177,-1,0.0,0.4065,2.5592,0.57,0.3471,0.998,1.0,0.3309,0.9375,6684,5,2,0.641,-1.0,0,1.646,0
SOLUSDT,16369,16370,1689293700,1689295500,LONG,TP1,25.854,26.34890581,29.97821505,25.02915699,0.0,-0.008815541153703917,0.008815541153703917,17,1.33,64.08,0.45328719723183236,0.013632976352726407,1.2189032941894138,base,adaptive disabled,1.15,78.5,90,100,50,80,OFF_HOURS,bullish,bullish,FVG,BOS bullish | Vol 1.3x | FVG | LiqSweep | ChoCH | Discount | BullWick | StrongTrend1h | Zone:FVG | MTF 17 | Risk x1.15,BOS+2 | 1h+2 | 4h+2 | Vol+1 | RSI+1 | BTC+2 | FVG+1 | LiqSweep+1 | ChoCH+1 | Discount+1 | BullWick+1 | Zone:FVG+1 | Sess:OFF_HOURS | Strong1h+1 | QualityRisk:1.15,0,0,-1.0,range,0.4629,0,1.7816,9.0,0.4112,-1,0.0,0.2946,3.3421,0.0,0.1669,1.276,1.0,0.2342,0.703125,16369,1,2,0.4,2.662,0,1.04,2
DOTUSDT,16371,16441,1689295500,1689359400,LONG,SL,5.608,5.725768,6.5894,5.41172,-0.44531906746739414,-0.44983915675310837,0.0045200892857142905,14,2.13,70.02,0.5942028985507193,0.018194013118260653,2.9718783303427423,base,adaptive disabled,1.0,82.5,90,90,70,80,OFF_HOURS,bullish,bullish,FVG,BOS bullish | Vol 2.1x | FVG | ChoCH | StrongTrend1h | Zone:FVG | MTF 14,BOS+2 | 1h+2 | 4h+2 | Vol+2 | BTC+2 | FVG+1 | ChoCH+1 | Zone:FVG+1 | Sess:OFF_HOURS | Strong1h+1,0,0,-1.0,bull,0.3712,0,4.5305,0.1765,6.8463,-1,0.0,1.1871,0.6708,0.0,-0.0036,1.944,1.0,0.0381,0.3955078125,16371,1,2,1.267,-1.0,0,1.095,0
AAVEUSDT,16373,16377,1689297300,1689301800,LONG,TRAIL,79.62,81.29202,93.5535,76.8333,0.5380320713334382,0.5279874284762954,0.01004464285714282,15,2.78,59.78,0.31884057971014435,0.015431130713373471,2.2002463170022146,base,adaptive disabled,1.25,88.1,90,88,90,80,OFF_HOURS,bullish,bullish,FVG,BOS bullish | Vol 2.8x | FVG | ChoCH | StrongTrend1h | Zone:FVG | MTF 15 | Risk x1.25,BOS+2 | BodyStrong+1 | 1h+2 | 4h+2 | Vol+2 | RSI+1 | BTCok+1 | FVG+1 | ChoCH+1 | Zone:FVG+1 | Sess:OFF_HOURS | Strong1h+1 | QualityRisk:1.15 | RelStrengthRisk:1.25,0,1,-1.0,bear,0.389,0,3.4172,0.1111,6.0189,-1,0.0,0.1758,1.1244,0.0,0.0239,1.491,1.0,0.1983,0.87890625,16373,1,6,1.555,-1.0,0,1.863,2
SUIUSDT,6710,6762,1689297300,1689345000,LONG,TRAIL,0.7104,0.7253184,0.83472,0.685536,0.3605551701254812,0.35302168798262407,0.007533482142857145,15,4.84,59.97,0.2685337726523886,0.026171844626425814,2.8019979504841612,base,adaptive disabled,1.15,86.9,90,82,90,80,OFF_HOURS,bullish,bullish,FVG,BOS bullish | Vol 4.8x | FVG | ChoCH | StrongTrend1h | Zone:FVG | MTF 15 | Risk x1.15,BOS+2 | BodyStrong+1 | 1h+2 | 4h+2 | Vol+2 | RSI+1 | BTCok+1 | FVG+1 | ChoCH+1 | Zone:FVG+1 | Sess:OFF_HOURS | Strong1h+1 | QualityRisk:1.15,0,0,-1.0,range,0.528,0,4.5432,0.0526,4.7457,-1,0.0,0.3137,1.0323,6.792,0.1573,1.633,1.0,0.1228,0.6591796875,6710,1,4,1.546,0.445,1,2.962,4
XLMUSDT,16387,16397,1689309900,1689319800,LONG,SL,0.15178,0.15496738,0.1783415,0.1464677,-0.9331233646443184,-0.9431680075014612,0.010044642857142872,17,2.27,56.59,0.3823823823823814,0.03526582582671254,1.1732730920080228,base,adaptive disabled,1.25,90.5,90,100,90,80,OFF_HOURS,bullish,bullish,FVG,BOS bullish | Vol 2.3x | FVG | MACD_Div | ChoCH | Discount | StrongTrend1h | Zone:FVG | MTF 17 | Risk x1.25,BOS+2 | BodyStrong+1 | 1h+2 | 4h+2 | Vol+2 | RSI+1 | BTCok+1 | FVG+1 | MACD_Div+1 | ChoCH+1 | Discount+1 | Zone:FVG+1 | Sess:OFF_HOURS | Strong1h+1 | QualityRisk:1.15 | RelStrengthRisk:1.25,0,0,-1.0,bull,0.389,0,3.0913,0.1111,2.9726,-1,0.0,1.0711,0.6745,0.0,-0.0011,1.669,-1.0,0.1563,0.87890625,16387,0,1,1.161,10.99,0,1.358,4
NEARUSDT,16399,16408,1689320700,1689329700,LONG,TRAIL,1.5071,1.53477582,1.73773182,1.46097364,1.0113522940028155,0.9917483191823442,0.01960397482047136,16,3.63,62.98,0.6222664015904493,0.008585858776511468,1.144908936033804,base,adaptive disabled,1.15,87.5,90,100,80,80,LONDON,bullish,bullish,OB,BOS bullish | Vol 3.6x | OB | ChoCH | Engulfing | BullWick | Session:LONDON | StrongTrend1h | Zone:OB | MTF 16 | Risk x1.15,BOS+2 | 1h+2 | 4h+2 | Vol+2 | RSI+1 | BTCok+1 | OB+1 | ChoCH+1 | Engulfing+1 | BullWick+1 | Zone:OB+1 | Sess:LONDON | Strong1h+1 | QualityRisk:1.15,0,0,-1.0,range,0.1847,0,1.7977,0.0526,3.5567,-1,0.0,0.336,1.8211,0.0,0.1932,3.362,-1.0,-0.0364,1.5,16399,26,1,0.264,0.132,1,1.08,3
AAVEUSDT,16425,16427,1689344100,1689346800,LONG,TRAIL,81.21,82.91541,95.42175,78.36765,1.0595875771808585,1.0461947200380013,0.013392857142857161,16,4.24,63.18,0.34839924670433386,0.024482621318472928,3.7863315508346203,base,adaptive disabled,1.15,86.5,90,80,90,80,NEW_YORK,bullish,bullish,FVG,BOS bullish | Vol 4.2x | FVG | ChoCH | Session:NEW_YORK | StrongTrend1h | Zone:FVG | MTF 16 | Risk x1.15,BOS+2 | BodyStrong+1 | 1h+2 | 4h+2 | Vol+2 | RSI+1 | BTC+2 | FVG+1 | ChoCH+1 | Zone:FVG+1 | Sess:NEW_YORK | Strong1h+1 | QualityRisk:1.15,0,1,-1.0,bear,0.5129,0,5.9916,0.1111,13.7725,-1,0.0,0.1759,1.6829,5.968,0.2349,2.126,1.0,0.3363,1.171875,16425,0,1,1.967,0.386,1,1.993,1
AVAXUSDT,16432,16439,1689350400,1689357600,LONG,SL,15.57,15.89697,18.29475,15.02505,-1.2472474538948528,-1.26064031103771,0.01339285714285714,15,3.35,60.5,0.3684210526315782,0.016907090584241183,1.6199106166131738,base,adaptive disabled,1.0,84.5,90,100,70,80,NEW_YORK,bullish,bullish,FVG,BOS bullish | Vol 3.4x | FVG | LiqSweep | ChoCH | Session:NEW_YORK | StrongTrend1h | Zone:FVG | MTF 15,BOS+2 | 1h+2 | 4h+2 | Vol+2 | RSI+1 | BTCok+1 | FVG+1 | LiqSweep+1 | ChoCH+1 | Zone:FVG+1 | Sess:NEW_YORK | Strong1h+1,0,1,-1.0,bear,0.4103,0,4.0927,0.0526,3.2607,-1,0.0,1.1561,0.6117,10.0,0.0869,1.992,1.0,0.1187,1.171875,16432,0,1,0.315,2.099,0,1.679,4
AAVEUSDT,16466,16499,1689381000,1689411600,LONG,TRAIL,80.2,81.79293225,93.47443541,77.54511292,0.47459645628317654,0.46553392395129295,0.009062532331883555,17,1.31,49.97,0.19512195121951315,0.008394167114032713,0.994145015670647,base,adaptive disabled,1.25,84.1,90,83,80,80,OFF_HOURS,bullish,bullish,OB,BOS bullish | Vol 1.3x | FVG | OB | ChoCH | Discount | StrongTrend1h | Zone:OB | MTF 17 | Risk x1.25,BOS+2 | BodyStrong+1 | 1h+2 | 4h+2 | Vol+1 | RSI+1 | BTC+2 | FVG+1 | OB+1 | ChoCH+1 | Discount+1 | Zone:OB+1 | Sess:OFF_HOURS | Strong1h+1 | QualityRisk:1.15 | RelStrengthRisk:1.25,0,0,-1.0,range,0.3994,1,2.2151,0.1765,1.2682,-1,0.0,0.6705,1.6071,0.0,-0.1025,1.451,1.0,0.1309,0.75,16465,22,3,0.336,1.812,1,0.537,0
SOLUSDT,16486,16489,1689399000,1689402600,LONG,TRAIL,27.599,28.178579,32.428825,26.633035,0.557570667674293,0.5495349533885787,0.008035714285714281,17,1.57,59.97,0.18438177874186795,0.014506746561135283,1.1067841695821918,base,adaptive disabled,1.25,74.9,90,82,50,80,OFF_HOURS,bullish,bullish,FVG,BOS bullish | Vol 1.6x | FVG | LiqSweep | ChoCH | StrongTrend1h | Zone:FVG | MTF 17 | Risk x1.25,BOS+2 | 1h+2 | 4h+2 | Vol+1 | RSI+1 | BTC+2 | FVG+1 | LiqSweep+1 | ChoCH+1 | Zone:FVG+1 | Sess:OFF_HOURS | Strong1h+1 | NestedOB_1h+2 | QualityRisk:1.15 | RelStrengthRisk:1.25,0,1,-1.0,bear,0.4781,0,3.001,0.0526,1.7179,-1,0.0,0.0507,1.5529,4.113,-0.0546,1.044,-1.0,-0.1081,0.703125,16486,1,1,0.171,0.79,1,1.5,5
AAVEUSDT,16514,16527,1689424200,1689436800,LONG,SL,81.77,83.48717,88.04,78.90805,-1.8221841751253498,-1.84218417512535,0.02000000000000005,13,1.62,60.78,0.22222222222222424,0.007895368518444553,1.2586146285300845,base,adaptive disabled,1.25,75.7,90,86,50,80,OVERLAP,bullish,bullish,FVG,BOS bullish | Vol 1.6x | FVG | ChoCH | Session:OVERLAP | StrongTrend1h | Zone:FVG | MTF 13 | Risk x1.25,BOS+2 | 1h+2 | 4h+2 | Vol+1 | RSI+1 | BTCok+1 | FVG+1 | ChoCH+1 | Zone:FVG+1 | Sess:OVERLAP | Strong1h+1 | QualityRisk:1.15 | RelStrengthRisk:1.25,0,0,-1.0,range,0.3183,0,2.7819,4.0,0.8183,-1,0.0,1.1041,0.1456,0.323,0.0756,1.722,1.0,0.2124,1.75,16514,1,1,0.195,0.016,1,0.944,3
AVAXUSDT,16524,16551,1689433200,1689458400,LONG,SL,15.11,15.53,15.79,14.74192261,-0.7067976927352141,-0.7183433285592457,0.011545635824031467,13,3.53,70.83,0.3023255813953467,0.010337025963697712,1.8787544689149787,base,adaptive disabled,1.15,81.7,90,86,70,80,NEW_YORK,bullish,bullish,FVG,BOS bullish | Vol 3.5x | FVG | ChoCH | Session:NEW_YORK | StrongTrend1h | Zone:FVG | MTF 13 | Risk x1.15,BOS+2 | 1h+2 | 4h+2 | Vol+2 | BTCok+1 | FVG+1 | ChoCH+1 | Zone:FVG+1 | Sess:NEW_YORK | Strong1h+1 | RelStrengthRisk:1.15,0,0,-1.0,range,0.48,5,4.5338,0.0526,3.5606,-1,0.0,1.1139,0.2857,0.765,0.0807,2.121,1.0,0.5722,0.703125,16524,1,2,1.11,6.477,0,1.665,4
SOLUSDT,16602,16617,1689503400,1689517800,LONG,TRAIL,27.957,28.49772719,32.46305991,27.05578802,0.7500316407245288,0.7337453226043458,0.016286318120183014,13,1.45,55.9,0.21771217712177332,0.009902349702361028,1.4126161237826185,base,adaptive disabled,1.25,71.2,60,86,70,80,LONDON,neutral,bullish,FVG,BOS bullish | Vol 1.4x | FVG | ChoCH | Session:LONDON | Zone:FVG | MTF 13 | Risk x1.25,BOS+2 | BodyStrong+1 | 1hN+1 | 4h+2 | Vol+1 | RSI+1 | BTC+2 | FVG+1 | ChoCH+1 | Zone:FVG+1 | Sess:LONDON | QualityRisk:1.15 | RelStrengthRisk:1.25,0,0,-1.0,bull,0.3561,0,2.2241,0.1111,1.8276,-1,0.0,0.3706,1.3352,0.696,0.1376,1.01,1.0,0.2378,1.3125,16602,4,1,1.153,0.005,1,1.433,2
SOLUSDT,16619,16639,1689518700,1689537600,LONG,SL,28.42,29.01682,33.3935,27.4253,-0.9905624811500956,-1.0012767668643812,0.010714285714285699,17,2.2,66.66,0.4657142857142846,0.011017724797191127,1.5717295554812478,base,adaptive disabled,1.25,84.5,90,100,70,80,NEW_YORK,bullish,bullish,FVG,BOS bullish | Vol 2.2x | FVG | ChoCH | Engulfing | BullWick | Session:NEW_YORK | StrongTrend1h | Zone:FVG | MTF 17 | Risk x1.25,BOS+2 | 1h+2 | 4h+2 | Vol+2 | RSI+1 | BTC+2 | FVG+1 | ChoCH+1 | Engulfing+1 | BullWick+1 | Zone:FVG+1 | Sess:NEW_YORK | Strong1h+1 | QualityRisk:1.15 | RelStrengthRisk:1.25,0,0,-1.0,range,0.2453,0,3.1702,0.1111,2.1934,-1,0.0,1.1059,0.1273,1.68,0.0144,1.56,1.0,0.1736,0.9375,16619,1,4,1.093,2.884,0,1.41,2
LINKUSDT,16657,16698,1689552900,1689590700,SHORT,TRAIL,6.618,6.53975685,6.392,6.74840525,0.9300934011475763,0.894410165618332,0.035683235529244434,14,2.26,33.76,0.41333333333333666,0.006706180428866577,1.892819426075532,base,adaptive disabled,1.0,73.8,65,90,70,80,OFF_HOURS,bearish,neutral,FVG,BOS bearish | Vol 2.3x | FVG | ChoCH | StrongTrend1h | Zone:FVG | MTF 14,BOS+2 | 1h+2 | 4hN+1 | Vol+2 | RSI+1 | BTC+2 | FVG+1 | ChoCH+1 | Zone:FVG+1 | Sess:OFF_HOURS | Strong1h+1,0,0,-1.0,bear,0.3791,0,3.4562,0.0526,2.2386,-1,0.0,0.8665,2.3133,2.296,0.1465,1.439,1.0,-0.0001,1.7578125,16657,2,1,0.093,0.093,1,1.574,1
BTCUSDT,16699,16725,1689590700,1689615000,SHORT,TP1,30125.6,29908.69568,28318.064,30487.1072,-0.003676015996364127,-0.022133047246364126,0.01845703125,13,2.4,28.17,0.5980861244019112,0.004271087411893612,3.400480612464667,base,adaptive disabled,1.0,76.0,60,80,90,80,LONDON,neutral,bearish,FVG,BOS bearish | Vol 2.4x | FVG | ChoCH | Session:LONDON | Zone:FVG | MTF 13,BOS+2 | BodyStrong+1 | 1hN+1 | 4h+2 | Vol+2 | BTC+2 | FVG+1 | ChoCH+1 | Zone:FVG+1 | Sess:LONDON,0,0,-1.0,range,0.4681,2,5.3169,0.1111,8.4241,-1,0.0,0.5239,1.0401,8.0,0.1708,1.541,1.0,-0.6008,0.5537109375,16699,0,6,2.571,0.629,1,1.559,1
ETHUSDT,16700,16705,1689591600,1689597000,SHORT,TRAIL,1916.46,1902.36845327,1799.03044394,1939.94591121,0.8241377065139647,0.7690574293029534,0.0550802772110113,14,2.5,30.03,0.6101843722563517,0.0030437768794762143,1.7078154268557084,base,adaptive disabled,1.0,75.8,65,100,70,80,LONDON,bearish,neutral,FVG,BOS bearish | Vol 2.5x | FVG | ChoCH | Engulfing | Session:LONDON | StrongTrend1h | Zone:FVG | MTF 14,BOS+2 | 1h+2 | 4hN+1 | Vol+2 | BTC+2 | FVG+1 | ChoCH+1 | Engulfing+1 | Zone:FVG+1 | Sess:LONDON | Strong1h+1,0,0,-1.0,bear,0.613,0,8.8943,0.1765,6.0019,-1,0.0,0.1222,1.085,2.736,-0.0374,3.121,1.0,-0.2203,1.6875,16697,0,5,2.644,0.765,1,2.259,2
ADAUSDT,16726,16731,1689615000,1689620400,SHORT,TRAIL,0.31184,0.30783895,0.27849796,0.31850841,0.5298419150892062,0.5134015267507568,0.016440388338449463,17,2.32,37.9,0.34124629080118946,0.01041027205868715,1.7377993838924966,base,adaptive disabled,1.15,90.5,90,100,90,80,OFF_HOURS,bearish,bearish,FVG,BOS bearish | Vol 2.3x | FVG | LiqSweep | ChoCH | StrongTrend1h | Zone:FVG | MTF 17 | Risk x1.15,BOS+2 | BodyStrong+1 | 1h+2 | 4h+2 | Vol+2 | RSI+1 | BTC+2 | FVG+1 | LiqSweep+1 | ChoCH+1 | Zone:FVG+1 | Sess:OFF_HOURS | Strong1h+1 | TrendPairRisk:1.15,0,0,-1.0,range,0.5176,0,3.9678,0.0526,2.9694,-1,0.0,0.1305,1.5821,0.0,0.006,1.241,1.0,-0.2017,0.87890625,16725,20,2,0.996,1.91,0,2.01,1
ETHUSDT,16733,16924,1689621300,1689794100,SHORT,EXPIRED,1888.49,1866.32979778,1703.82164816,1925.42367037,-0.48208043830007175,-0.4974200185347019,0.015339580234630196,15,3.54,30.95,0.5021190344573389,0.006324809410395688,2.2361456682357987,base,adaptive disabled,1.15,82.5,90,90,70,80,OFF_HOURS,bearish,bearish,FVG,BOS bearish | Vol 3.5x | FVG | ChoCH | Engulfing | StrongTrend1h | Zone:FVG | MTF 15 | Risk x1.15,BOS+2 | 1h+2 | 4h+2 | Vol+2 | BTC+2 | FVG+1 | ChoCH+1 | Engulfing+1 | Zone:FVG+1 | Sess:OFF_HOURS | Strong1h+1 | TrendPairRisk:1.15,0,0,-1.0,bear,0.3651,0,3.5186,0.1111,2.0873,-1,0.0,0.9831,0.5911,5.056,-0.0384,1.81,1.0,-0.4101,0.75,16732,0,1,0.896,2.584,1,0.716,2
ADAUSDT,16780,16820,1689663600,1689700500,SHORT,TRAIL,0.30665,0.30142423,0.26310194,0.31535961,0.27125209969217684,0.26333024670450006,0.0079218529876768,15,1.48,34.23,0.39887640449439177,0.00964147357333704,1.9560139518250321,base,adaptive disabled,1.15,82.5,90,90,70,80,OFF_HOURS,bearish,bearish,FVG,BOS bearish | Vol 1.5x | FVG | ChoCH | StrongTrend1h | Zone:FVG | MTF 15 | Risk x1.15,BOS+2 | BodyStrong+1 | 1h+2 | 4h+2 | Vol+1 | RSI+1 | BTC+2 | FVG+1 | ChoCH+1 | Zone:FVG+1 | Sess:OFF_HOURS | Strong1h+1 | TrendPairRisk:1.15,0,0,-1.0,range,0.2689,0,3.4951,0.0526,1.4391,-1,0.0,0.2744,1.4027,0.763,-0.126,1.073,-1.0,0.0836,0.5625,16780,0,5,0.926,0.523,1,1.375,1
SUIUSDT,7133,7189,1689678000,1689729300,LONG,TRAIL,0.7491,0.7648311,0.8801925,0.7228815,0.5673474836470435,0.5530617693613292,0.014285714285714268,15,1.92,57.79,0.3534136546184732,0.01611312771862612,1.102430902059029,base,adaptive disabled,1.15,78.5,90,100,50,80,LONDON,bullish,bullish,FVG,BOS bullish | Vol 1.9x | FVG | LiqSweep | ChoCH | Session:LONDON | StrongTrend1h | Zone:FVG | MTF 15 | Risk x1.15,BOS+2 | 1h+2 | 4h+2 | Vol+1 | RSI+1 | BTC+2 | FVG+1 | LiqSweep+1 | ChoCH+1 | Zone:FVG+1 | Sess:LONDON | Strong1h+1 | QualityRisk:1.15,0,0,-1.0,range,0.2417,0,2.9186,0.0526,1.862,-1,0.0,1.2167,1.1379,0.0,-0.1143,1.475,1.0,0.0315,1.25,7133,0,1,0.066,1.342,1,1.304,3
XRPUSDT,16799,16804,1689680700,1689686100,LONG,TRAIL,0.75047,0.76622987,0.88180225,0.72420355,0.7698033042150794,0.7469461613579365,0.02285714285714291,15,1.77,62.75,0.38856775850995573,0.012305294774818482,2.155753828394766,base,adaptive disabled,1.15,82.5,90,90,70,80,OVERLAP,bullish,bullish,FVG,BOS bullish | Vol 1.8x | FVG | ChoCH | Session:OVERLAP | StrongTrend1h | Zone:FVG | MTF 15 | Risk x1.15,BOS+2 | BodyStrong+1 | 1h+2 | 4h+2 | Vol+1 | RSI+1 | BTC+2 | FVG+1 | ChoCH+1 | Zone:FVG+1 | Sess:OVERLAP | Strong1h+1 | RelStrengthRisk:1.15,0,0,-1.0,range,0.4702,0,3.9255,0.1111,2.2844,-1,0.0,0.3019,1.2716,1.598,0.0282,1.156,1.0,0.2953,2.0,16799,2,3,0.753,0.634,1,1.532,5
DOTUSDT,16802,16819,1689683400,1689699600,SHORT,TRAIL,5.215,5.16013138,4.75776154,5.30644769,0.45210272670638374,0.43526190013657096,0.01684082656981278,15,1.95,31.61,0.37878787878788,0.008459208567331988,1.9691566378408807,base,adaptive disabled,1.15,76.5,90,90,50,80,OVERLAP,bearish,bearish,FVG,BOS bearish | Vol 1.9x | FVG | ChoCH | Engulfing | BearWick | Session:OVERLAP | StrongTrend1h | Zone:FVG | MTF 15 | Risk x1.15,BOS+2 | 1h+2 | 4h+2 | Vol+1 | BTC+2 | FVG+1 | ChoCH+1 | Engulfing+1 | BearWick+1 | Zone:FVG+1 | Sess:OVERLAP | Strong1h+1 | TrendPairRisk:1.15,0,1,-1.0,bull,0.475,0,4.0425,0.0526,2.0862,-1,0.0,0.2843,2.3875,10.0,-0.2309,1.354,1.0,-0.2239,0.73828125,16801,0,1,1.371,0.07,1,1.617,3
AVAXUSDT,16822,16835,1689701400,1689714000,SHORT,TRAIL,13.86,13.72100387,12.70169894,14.09166021,0.22662502118943928,0.20867631951123572,0.01794870167820352,15,1.7,37.74,0.4222222222222257,0.009654846575618716,1.902004775410672,base,adaptive disabled,1.15,82.5,90,90,70,80,OFF_HOURS,bearish,bearish,FVG,BOS bearish | Vol 1.7x | FVG | ChoCH | StrongTrend1h | Zone:FVG | MTF 15 | Risk x1.15,BOS+2 | BodyStrong+1 | 1h+2 | 4h+2 | Vol+1 | RSI+1 | BTC+2 | FVG+1 | ChoCH+1 | Zone:FVG+1 | Sess:OFF_HOURS | Strong1h+1 | TrendPairRisk:1.15,0,0,-1.0,range,0.65,1,4.3639,0.1765,9.1203,-1,0.0,0.6475,1.2231,0.0,0.3085,2.22,1.0,-0.3019,0.75,16822,2,2,0.764,0.873,1,0.764,0
XRPUSDT,16829,16846,1689707700,1689723900,LONG,TRAIL,0.75895,0.77352828,0.88043569,0.73465286,0.4602393532736759,0.45086849727992523,0.009370855993750687,15,1.48,58.92,0.18901453957996978,0.010208214947282484,1.2625888413601711,base,adaptive disabled,1.25,74.9,90,82,50,80,DEAD_ZONE,bullish,bullish,FVG,BOS bullish | Vol 1.5x | FVG | ChoCH | Engulfing | StrongTrend1h | Zone:FVG | MTF 15 | Risk x1.25,BOS+2 | 1h+2 | 4h+2 | Vol+1 | RSI+1 | BTC+2 | FVG+1 | ChoCH+1 | Engulfing+1 | Zone:FVG+1 | Sess:DEAD_ZONE | Strong1h+1 | QualityRisk:1.15 | RelStrengthRisk:1.25,0,1,-1.0,bear,0.4522,0,2.7487,0.0526,1.55,-1,0.0,0.2222,1.435,0.0,0.1089,1.052,1.0,0.0646,0.75,16829,3,4,0.556,0.366,1,1.406,1
XRPUSDT,16849,16852,1689725700,1689729300,LONG,TRAIL,0.77255,0.7873392,0.89579336,0.74790133,0.4040785973442007,0.39467585877859046,0.00940273856561026,16,2.87,69.75,0.6076817558299097,0.008155765565403391,1.109724911531912,base,adaptive disabled,1.15,90.5,90,100,90,80,DEAD_ZONE,bullish,bullish,FVG,BOS bullish | Vol 2.9x | FVG | ChoCH | Engulfing | StrongTrend1h | Zone:FVG | MTF 16 | Risk x1.15,BOS+2 | BodyStrong+1 | 1h+2 | 4h+2 | Vol+2 | BTC+2 | FVG+1 | ChoCH+1 | Engulfing+1 | Zone:FVG+1 | Sess:DEAD_ZONE | Strong1h+1 | QualityRisk:1.15,0,0,-1.0,bull,0.4063,0,3.5318,0.1111,2.3923,-1,0.0,0.0434,1.1333,5.253,0.0867,2.217,1.0,0.3866,0.75,16847,0,1,1.183,0.439,1,1.188,3
XLMUSDT,16854,16858,1689730200,1689734700,LONG,TRAIL,0.13242,0.13520082,0.1555935,0.1277853,0.3398278205709067,0.32911353485662104,0.010714285714285671,18,1.43,59.74,0.4272300469483573,0.013847403643940853,1.5180068314158872,base,adaptive disabled,1.15,87.5,90,100,80,80,OFF_HOURS,bullish,bullish,OB,BOS bullish | Vol 1.4x | FVG | OB | ChoCH | Engulfing | BullWick | StrongTrend1h | Zone:OB | MTF 18 | Risk x1.15,BOS+2 | BodyStrong+1 | 1h+2 | 4h+2 | Vol+1 | RSI+1 | BTC+2 | FVG+1 | OB+1 | ChoCH+1 | Engulfing+1 | BullWick+1 | Zone:OB+1 | Sess:OFF_HOURS | Strong1h+1 | QualityRisk:1.15,0,0,-1.0,bull,0.2519,0,1.9192,0.1111,1.3616,-1,0.0,0.1856,1.2766,0.0,0.1898,0.861,1.0,0.4019,0.9375,16854,4,1,1.046,0.014,1,1.663,3
AVAXUSDT,16885,16923,1689758100,1689793200,SHORT,SL,13.86,13.66937376,12.27144797,14.17771041,-2.0144130625118652,-2.0493127688198833,0.03489970630801804,15,2.65,38.68,0.28205128205128344,0.00649338748469807,1.4902324277490169,base,adaptive disabled,1.0,78.6,60,93,90,80,LONDON,neutral,bearish,FVG,BOS bearish | Vol 2.6x | FVG | ChoCH | Engulfing | Session:LONDON | Zone:FVG | MTF 15,BOS+2 | BodyStrong+1 | 1hN+1 | 4h+2 | Vol+2 | RSI+1 | BTC+2 | FVG+1 | ChoCH+1 | Engulfing+1 | Zone:FVG+1 | Sess:LONDON,0,0,-1.0,range,0.2647,0,3.2491,0.0526,2.6091,-1,0.0,1.0702,0.4721,2.2,0.0206,1.997,-1.0,0.0252,2.0,16885,0,1,1.034,0.443,1,1.329,2
DOTUSDT,16885,16966,1689758100,1689831900,SHORT,SL,5.184,5.12742388,4.71253229,5.27829354,-2.0461369888117487,-2.0894315771790963,0.043294588367347425,13,2.52,39.45,0.24590163934426276,0.005338009072106843,1.4544669982542495,base,adaptive disabled,1.0,71.8,60,89,70,80,LONDON,neutral,bearish,FVG,BOS bearish | Vol 2.5x | FVG | ChoCH | Session:LONDON | Zone:FVG | MTF 13,BOS+2 | 1hN+1 | 4h+2 | Vol+2 | RSI+1 | BTC+2 | FVG+1 | ChoCH+1 | Zone:FVG+1 | Sess:LONDON,0,0,-1.0,bear,0.3019,0,3.5479,0.0526,2.5074,-1,0.0,1.1135,0.9898,2.727,-0.0002,1.599,1.0,-0.0705,1.96875,16885,0,4,1.035,0.591,1,1.577,2
XRPUSDT,16904,16919,1689775200,1689789600,LONG,TRAIL,0.79671,0.81344091,0.93613425,0.76882515,0.7270973306293548,0.7128116163436404,0.014285714285714249,15,1.48,61.85,0.39600886917959743,0.011290907389034877,1.4056059229346476,base,adaptive disabled,1.15,84.5,90,100,70,80,NEW_YORK,bullish,bullish,FVG,BOS bullish | Vol 1.5x | FVG | ChoCH | BullWick | Session:NEW_YORK | StrongTrend1h | Zone:FVG | MTF 15 | Risk x1.15,BOS+2 | BodyStrong+1 | 1h+2 | 4h+2 | Vol+1 | RSI+1 | BTCok+1 | FVG+1 | ChoCH+1 | BullWick+1 | Zone:FVG+1 | Sess:NEW_YORK | Strong1h+1 | RelStrengthRisk:1.15,0,0,-1.0,range,0.4024,0,3.0895,0.0526,2.3124,-1,0.0,0.1313,1.9228,1.491,0.0718,0.97,1.0,0.3603,1.25,16902,31,2,0.196,2.715,0,1.645,2
XLMUSDT,16906,16914,1689777000,1689785100,LONG,TRAIL,0.14092,0.14387932,0.165581,0.1359878,0.8515469770082325,0.8372612627225182,0.014285714285714292,16,1.43,55.5,0.14775725593667724,0.013796970952648119,1.1378490296586241,base,adaptive disabled,1.25,82.9,90,77,80,80,NEW_YORK,bullish,bullish,OB,BOS bullish | Vol 1.4x | FVG | OB | ChoCH | Session:NEW_YORK | StrongTrend1h | Zone:OB | MTF 16 | Risk x1.25,BOS+2 | BodyStrong+1 | 1h+2 | 4h+2 | Vol+1 | RSI+1 | BTC+2 | FVG+1 | OB+1 | ChoCH+1 | Zone:OB+1 | Sess:NEW_YORK | Strong1h+1 | QualityRisk:1.15 | RelStrengthRisk:1.25,0,0,-1.0,bull,0.416,0,2.5568,0.1765,1.7524,-1,0.0,0.1845,1.7572,0.58,0.0122,1.091,1.0,0.2552,1.25,16906,5,6,0.273,2.169,0,1.315,0
XRPUSDT,16923,16927,1689792300,1689796800,LONG,TRAIL,0.82763,0.84501023,0.97246525,0.79866295,0.2207805533571768,0.21626046407146252,0.004520089285714287,14,1.35,69.28,0.5878745400385499,0.021595412760090697,2.4516946025027004,base,adaptive disabled,1.15,82.5,90,90,70,80,OFF_HOURS,bullish,bullish,FVG,BOS bullish | Vol 1.4x | FVG | ChoCH | StrongTrend1h | Zone:FVG | MTF 14 | Risk x1.15,BOS+2 | BodyStrong+1 | 1h+2 | 4h+2 | Vol+1 | BTC+2 | FVG+1 | ChoCH+1 | Zone:FVG+1 | Sess:OFF_HOURS | Strong1h+1 | RelStrengthRisk:1.15,0,0,-1.0,range,0.3763,0,4.2922,0.1111,2.4351,-1,0.0,0.2082,1.5748,0.0,-0.0911,1.052,1.0,0.3048,0.3955078125,16923,0,6,2.438,11.608,0,1.278,4
XRPUSDT,16957,16984,1689822900,1689848100,LONG,SL,0.83606,0.85361726,0.9823705,0.8067979,-0.7532781310979038,-0.7618495596693322,0.008571428571428553,16,2.52,67.38,0.734713076199432,0.008734526904862086,0.9436700982960547,base,adaptive disabled,1.15,90.5,90,100,90,80,OFF_HOURS,bullish,bullish,FVG,BOS bullish | Vol 2.5x | FVG | ChoCH | Engulfing | StrongTrend1h | Zone:FVG | MTF 16 | Risk x1.15,BOS+2 | BodyStrong+1 | 1h+2 | 4h+2 | Vol+2 | RSI+1 | BTCok+1 | FVG+1 | ChoCH+1 | Engulfing+1 | Zone:FVG+1 | Sess:OFF_HOURS | Strong1h+1 | QualityRisk:1.15,0,0,-1.0,range,0.3318,0,2.3513,0.1765,1.6931,-1,0.0,1.232,0.4243,0.0,0.0766,1.85,1.0,0.1544,0.75,16954,0,1,0.964,1.525,1,0.811,1
XLMUSDT,16958,16960,1689823800,1689826500,LONG,TP1,0.17199,0.17560179,0.20208825,0.16597035,0.0,-0.004520089285714275,0.004520089285714275,13,1.95,68.94,0.6292246520874746,0.03147267316522058,1.644632618986364,base,adaptive disabled,1.0,84.5,90,100,70,80,OFF_HOURS,bullish,bullish,FVG,BOS bullish | Vol 1.9x | FVG | ChoCH | StrongTrend1h | Zone:FVG | MTF 13,BOS+2 | BodyStrong+1 | 1h+2 | 4h+2 | Vol+1 | BTCok+1 | FVG+1 | ChoCH+1 | Zone:FVG+1 | Sess:OFF_HOURS | Strong1h+1,0,1,-1.0,bear,0.2564,0,4.3063,0.1765,2.5942,-1,0.0,0.319,1.0521,0.0,-0.0384,1.354,1.0,0.5297,0.3955078125,16958,2,6,2.546,6.485,0,1.439,8
XLMUSDT,16988,16995,1689850800,1689858000,LONG,TRAIL,0.16586,0.16934306,0.1948855,0.1600549,0.47372138292190846,0.4594356686361942,0.014285714285714268,15,1.43,50.66,0.1234633885622663,0.03774176245904796,2.0186742690170987,base,adaptive disabled,1.15,77.3,90,64,70,80,LONDON,bullish,bullish,FVG,BOS bullish | Vol 1.4x | FVG | LiqSweep | ChoCH | Session:LONDON | StrongTrend1h | Zone:FVG | MTF 15 | Risk x1.15,BOS+2 | BodyStrong+1 | 1h+2 | 4h+2 | Vol+1 | RSI+1 | BTCok+1 | FVG+1 | LiqSweep+1 | ChoCH+1 | Zone:FVG+1 | Sess:LONDON | Strong1h+1 | QualityRisk:1.15,0,1,-1.0,bear,0.7041,0,3.5781,-1.0,-1.0,-1,0.0,0.2877,1.0738,0.286,-0.2519,1.006,1.0,-0.2719,1.25,16988,0,1,0.721,0.334,1,1.421,1
XLMUSDT,17020,17021,1689879600,1689881400,LONG,TP1,0.16521,0.16867941,0.19412175,0.15942765,0.0,-0.008571428571428584,0.008571428571428584,18,1.38,54.84,0.3877551020408161,0.010083805245613262,0.718393385607472,base,adaptive disabled,1.25,79.5,90,90,60,80,OFF_HOURS,bullish,bullish,OB,BOS bullish | Vol 1.4x | FVG | OB | LiqSweep | ChoCH | StrongTrend1h | Zone:OB | 💎PREMIUM | MTF 18 | Risk x1.25,BOS+2 | 1h+2 | 4h+2 | Vol+1 | RSI+1 | BTCok+1 | FVG+1 | OB+1 | LiqSweep+1 | ChoCH+1 | Zone:OB+1 | Sess:OFF_HOURS | Strong1h+1 | 💎Premium+3 | QualityRisk:1.15 | RelStrengthRisk:1.25,1,0,-1.0,bull,0.1749,2,2.2684,0.0526,1.394,-1,0.0,0.0951,1.0895,0.0,-0.0834,1.237,1.0,0.2067,0.75,17020,28,3,0.445,1.434,1,1.115,1
SUIUSDT,7381,7408,1689901200,1689926400,SHORT,TRAIL,0.6852,0.67896641,0.63325341,0.69558932,0.3681665402548044,0.3533272629970049,0.014839277257799464,15,1.44,37.61,0.3856209150326785,0.0075624138480133276,1.5320560762552602,base,adaptive disabled,1.25,84.5,90,100,70,80,OFF_HOURS,bearish,bearish,FVG,BOS bearish | Vol 1.4x | FVG | ChoCH | StrongTrend1h | Zone:FVG | MTF 15 | Risk x1.25,BOS+2 | BodyStrong+1 | 1h+2 | 4h+2 | Vol+1 | RSI+1 | BTC+2 | FVG+1 | ChoCH+1 | Zone:FVG+1 | Sess:OFF_HOURS | Strong1h+1 | QualityRisk:1.15 | TrendPairRisk:1.25,0,1,-1.0,bull,0.4407,1,2.639,5.6667,0.7254,-1,0.0,1.0492,1.4277,9.833,0.0168,1.439,1.0,-0.153,0.5625,7381,1,2,1.188,0.765,1,1.003,0
XLMUSDT,17050,17070,1689906600,1689925500,LONG,SL,0.16851,0.17204871,0.19799925,0.16261215,-1.0570589282535177,-1.0677732139678036,0.010714285714285749,16,1.76,64.31,0.48592057761732654,0.01505325462581509,1.2740950572495706,base,adaptive disabled,1.15,84.5,90,100,70,80,OFF_HOURS,bullish,bullish,FVG,BOS bullish | Vol 1.8x | FVG | ChoCH | Engulfing | StrongTrend1h | Zone:FVG | MTF 16 | Risk x1.15,BOS+2 | BodyStrong+1 | 1h+2 | 4h+2 | Vol+1 | RSI+1 | BTC+2 | FVG+1 | ChoCH+1 | Engulfing+1 | Zone:FVG+1 | Sess:OFF_HOURS | Strong1h+1 | RelStrengthRisk:1.15,0,1,-1.0,bear,0.2543,3,3.0624,0.0526,1.734,-1,0.0,1.1733,0.4408,0.0,0.0721,1.781,1.0,0.1052,0.9375,17050,0,1,0.849,1.309,1,0.988,2
LINKUSDT,17137,17171,1689984900,1690016400,LONG,TRAIL,8.157,8.23365868,8.79582232,8.02923554,0.7337721303717777,0.7098306133020073,0.02394151706977045,17,1.88,52.16,0.29468599033815784,0.006707170809877472,1.336362886501446,base,adaptive disabled,1.15,83.5,90,95,70,80,OFF_HOURS,bullish,bullish,FVG,BOS bullish | Vol 1.9x | FVG | ChoCH | BullWick | StrongTrend1h | Zone:FVG | MTF 17 | Risk x1.15,BOS+2 | BodyStrong+1 | 1h+2 | 4h+2 | Vol+1 | RSI+1 | BTCok+1 | FVG+1 | ChoCH+1 | BullWick+1 | Zone:FVG+1 | Sess:OFF_HOURS | Strong1h+1 | NestedOB_1h+2 | QualityRisk:1.15,0,0,-1.0,range,0.2411,1,1.8707,0.1111,1.8715,-1,0.0,0.7592,2.909,0.0,0.2362,1.576,1.0,0.338,0.9375,17137,37,2,0.421,1.777,1,1.193,0
AAVEUSDT,17141,17177,1689988500,1690021800,LONG,SL,74.37,75.25286365,81.72719705,72.89856059,-0.8658613404951566,-0.8829193823210175,0.017058041825860817,15,4.37,63.16,0.5935828877005285,0.005666856977849434,1.3159504438267722,base,adaptive disabled,1.15,81.8,65,100,90,80,OFF_HOURS,bullish,neutral,FVG,BOS bullish | Vol 4.4x | FVG | ChoCH | BullWick | StrongTrend1h | Zone:FVG | MTF 15 | Risk x1.15,BOS+2 | BodyStrong+1 | 1h+2 | 4hN+1 | Vol+2 | RSI+1 | BTCok+1 | FVG+1 | ChoCH+1 | BullWick+1 | Zone:FVG+1 | Sess:OFF_HOURS | Strong1h+1 | QualityRisk:1.15,0,0,-1.0,range,0.4851,0,2.2194,0.25,1.3234,-1,0.0,1.2641,0.3171,2.581,0.373,2.361,1.0,0.3837,0.84375,17137,7,6,1.537,0.911,1,1.195,2
XLMUSDT,17172,17209,1690016400,1690050600,LONG,SL,0.16554,0.16901634,0.1945095,0.1597461,-0.8259798290011922,-0.8350200075726207,0.009040178571428586,14,4.44,71.31,0.5891181988743001,0.023976760412167425,3.408125232155979,base,adaptive disabled,1.0,86.5,90,80,90,80,LONDON,bullish,bullish,FVG,BOS bullish | Vol 4.4x | FVG | ChoCH | Session:LONDON | StrongTrend1h | Zone:FVG | MTF 14,BOS+2 | BodyStrong+1 | 1h+2 | 4h+2 | Vol+2 | BTCok+1 | FVG+1 | ChoCH+1 | Zone:FVG+1 | Sess:LONDON | Strong1h+1,0,0,-1.0,range,0.2789,0,5.5818,0.0526,4.2723,-1,0.0,1.1495,0.7479,8.156,0.1995,2.465,1.0,0.2513,0.791015625,17172,0,2,2.891,1.289,1,1.802,5
XRPUSDT,17199,17209,1690040700,1690050600,SHORT,TRAIL,0.76859,0.76187917,0.71266643,0.77977471,1.1837588994260955,1.1562717316765516,0.02748716774954383,15,2.86,33.73,0.3711725168035783,0.004970155146051533,1.4145245627324081,base,adaptive disabled,1.15,84.5,90,100,70,80,NEW_YORK,bearish,bearish,FVG,BOS bearish | Vol 2.9x | FVG | ChoCH | Engulfing | Session:NEW_YORK | StrongTrend1h | Zone:FVG | MTF 15 | Risk x1.15,BOS+2 | 1h+2 | 4h+2 | Vol+2 | RSI+1 | BTCok+1 | FVG+1 | ChoCH+1 | Engulfing+1 | Zone:FVG+1 | Sess:NEW_YORK | Strong1h+1 | TrendPairRisk:1.15,0,0,-1.0,range,0.5365,0,2.9173,0.1111,2.7509,-1,0.0,0.2593,4.1709,3.576,-0.0588,1.855,1.0,-0.1306,1.0,17198,6,3,0.795,0.216,1,1.252,2
ETHUSDT,17212,17230,1690052400,1690069500,SHORT,TRAIL,1886.37,1872.788136,1773.1878,1909.00644,1.3041541094800904,1.2713416094800907,0.032812499999999675,14,4.41,33.23,0.5311091073038807,0.0015528474024153497,1.6935910282528361,base,adaptive disabled,1.0,80.0,60,100,90,80,OFF_HOURS,neutral,bearish,FVG,BOS bearish | Vol 4.4x | FVG | ChoCH | Zone:FVG | MTF 14,BOS+2 | BodyStrong+1 | 1hN+1 | 4h+2 | Vol+2 | RSI+1 | BTC+2 | FVG+1 | ChoCH+1 | Zone:FVG+1 | Sess:OFF_HOURS,0,1,-1.0,bull,0.4966,2,3.2901,0.1765,1.336,-1,0.0,0.1162,3.046,0.0,-0.1187,2.676,1.0,-0.2598,0.984375,17209,1,2,1.475,0.57,1,0.896,1
SOLUSDT,17212,17228,1690052400,1690067700,SHORT,TRAIL,25.426,25.15551619,23.17196827,25.87680635,0.38321956312283195,0.3665635962647786,0.01665596685805333,16,2.02,34.83,0.4875776397515541,0.006615410090056055,1.7994611803979168,base,adaptive disabled,1.15,80.0,60,100,90,80,OFF_HOURS,neutral,bearish,FVG,BOS bearish | Vol 2.0x | FVG | ChoCH | Zone:FVG | MTF 16 | Risk x1.15,BOS+2 | BodyStrong+1 | 1hN+1 | 4h+2 | Vol+2 | RSI+1 | BTC+2 | FVG+1 | ChoCH+1 | Zone:FVG+1 | Sess:OFF_HOURS | NestedOB_1h+2 | QualityRisk:1.15,0,0,-1.0,range,0.3793,0,3.9152,0.25,2.2889,-1,0.0,0.1531,1.3162,0.0,-0.2153,1.592,1.0,-0.2016,0.73828125,17210,0,2,1.471,1.461,1,0.956,1
DOTUSDT,17269,17308,1690103700,1690139700,LONG,TRAIL,5.42,5.459024,5.7452,5.35496,0.5650369003690101,0.54003690036901,0.02500000000000009,17,1.68,56.96,0.27891156462584904,0.008312138553851397,2.3370233766055306,base,adaptive disabled,1.25,84.1,90,83,80,80,LONDON,bullish,bullish,OB,BOS bullish | Vol 1.7x | FVG | OB | ChoCH | Engulfing | Session:LONDON | StrongTrend1h | Zone:OB | MTF 17 | Risk x1.25,BOS+2 | BodyStrong+1 | 1h+2 | 4h+2 | Vol+1 | RSI+1 | BTC+2 | FVG+1 | OB+1 | ChoCH+1 | Engulfing+1 | Zone:OB+1 | Sess:LONDON | Strong1h+1 | QualityRisk:1.15 | RelStrengthRisk:1.25,0,0,-1.0,range,0.6698,0,3.1737,0.0526,1.9323,-1,0.0,0.8149,1.64,0.0,-0.2012,0.803,1.0,-0.1558,0.75,17269,4,1,0.581,1.277,1,2.09,3
AVAXUSDT,17320,17336,1690149600,1690164900,SHORT,TRAIL,13.53,13.36951289,12.19260739,13.79747852,0.23658441806840858,0.22804845226450032,0.008535965803908262,16,1.3,30.03,0.7777777777777705,0.00444008975417502,1.5174006735004457,base,adaptive disabled,1.15,84.5,90,100,70,80,DEAD_ZONE,bearish,bearish,FVG,BOS bearish | Vol 1.3x | FVG | LiqSweep | ChoCH | Engulfing | StrongTrend1h | Zone:FVG | MTF 16 | Risk x1.15,BOS+2 | BodyStrong+1 | 1h+2 | 4h+2 | Vol+1 | BTC+2 | FVG+1 | LiqSweep+1 | ChoCH+1 | Engulfing+1 | Zone:FVG+1 | Sess:DEAD_ZONE | Strong1h+1 | TrendPairRisk:1.15,0,0,-1.0,bear,0.2414,4,4.2124,0.0526,1.2869,-1,0.0,0.2617,1.3085,0.0,0.0551,0.885,-1.0,0.0132,0.421875,17320,0,2,1.896,3.791,0,1.474,3
SUIUSDT,7659,7674,1690151400,1690165800,SHORT,TRAIL,0.6777,0.66599869,0.58018906,0.69720219,0.3634207235187401,0.3556019862384655,0.007818737280274641,15,1.84,30.68,0.5409836065573747,0.0073840511438496665,1.9667136222517023,base,adaptive disabled,1.25,82.5,90,90,70,80,DEAD_ZONE,bearish,bearish,FVG,BOS bearish | Vol 1.8x | FVG | ChoCH | Engulfing | StrongTrend1h | Zone:FVG | MTF 15 | Risk x1.25,BOS+2 | BodyStrong+1 | 1h+2 | 4h+2 | Vol+1 | BTC+2 | FVG+1 | ChoCH+1 | Engulfing+1 | Zone:FVG+1 | Sess:DEAD_ZONE | Strong1h+1 | QualityRisk:1.15 | TrendPairRisk:1.25,0,0,-1.0,bear,0.2453,0,4.1688,0.1765,1.0855,-1,0.0,0.1795,1.3246,0.0,-0.0277,1.24,1.0,-0.3798,0.5625,7657,0,1,1.913,0.971,1,0.514,0
SOLUSDT,17338,17367,1690165800,1690192800,SHORT,TP1,24.38,23.98570764,21.09423031,25.03715394,0.0,-0.0046953895612343085,0.0046953895612343085,13,1.61,30.66,0.5822222222222256,0.006375188531212705,1.4721372850050962,base,adaptive disabled,1.25,78.5,90,100,50,80,OFF_HOURS,bearish,bearish,FVG,BOS bearish | Vol 1.6x | FVG | ChoCH | StrongTrend1h | Zone:FVG | MTF 13 | Risk x1.25,BOS+2 | 1h+2 | 4h+2 | Vol+1 | BTC+2 | FVG+1 | ChoCH+1 | Zone:FVG+1 | Sess:OFF_HOURS | Strong1h+1 | QualityRisk:1.15 | TrendPairRisk:1.25,0,1,-1.0,bull,0.2648,0,3.4768,0.0526,1.5927,-1,0.0,0.4869,3.8398,10.0,-0.0638,1.276,1.0,-0.4004,0.31640625,17338,0,5,2.295,2.92,1,1.258,6
XRPUSDT,17338,17357,1690165800,1690183800,SHORT,TRAIL,0.729,0.71832842,0.64007015,0.74678597,0.36633509445928425,0.35096483351765445,0.0153702609416298,15,3.36,34.75,0.42754598474652633,0.009231678932598778,2.0066411762561915,base,adaptive disabled,1.15,82.5,90,90,70,80,OFF_HOURS,bearish,bearish,FVG,BOS bearish | Vol 3.4x | FVG | ChoCH | StrongTrend1h | Zone:FVG | MTF 15 | Risk x1.15,BOS+2 | 1h+2 | 4h+2 | Vol+2 | RSI+1 | BTC+2 | FVG+1 | ChoCH+1 | Zone:FVG+1 | Sess:OFF_HOURS | Strong1h+1 | TrendPairRisk:1.15,0,1,-1.0,bull,0.334,0,4.1742,0.1111,5.7624,-1,0.0,0.2435,1.0064,0.0,0.1164,3.549,1.0,-0.2196,0.9375,17338,0,1,0.686,3.464,0,0.947,1
XLMUSDT,17428,17450,1690246800,1690267500,SHORT,TRAIL,0.14387,0.14179002,0.12653682,0.14733664,0.2920695543811875,0.2803973191620704,0.011672235219117094,15,3.18,35.05,0.31868131868132027,0.008358288933945543,1.4178962481501682,base,adaptive disabled,1.15,84.1,90,98,70,80,OFF_HOURS,bearish,bearish,FVG,BOS bearish | Vol 3.2x | FVG | ChoCH | StrongTrend1h | Zone:FVG | MTF 15 | Risk x1.15,BOS+2 | 1h+2 | 4h+2 | Vol+2 | RSI+1 | BTC+2 | FVG+1 | ChoCH+1 | Zone:FVG+1 | Sess:OFF_HOURS | Strong1h+1 | TrendPairRisk:1.15,0,1,-1.0,bull,0.3102,6,4.2182,0.0526,3.114,-1,0.0,0.7385,1.1154,3.816,-0.0302,2.431,1.0,-0.552,0.703125,17428,0,1,1.026,22.027,0,1.308,5
SOLUSDT,17432,17477,1690250400,1690291800,SHORT,TRAIL,23.363,22.866,21.479045,23.739791,0.5248371278772571,0.5150277120223801,0.009809415854877086,21,2.15,36.38,0.38461538461538136,0.006764656355211907,1.1396513199621703,base,adaptive disabled,1.25,90.5,90,100,90,80,OFF_HOURS,bearish,bearish,FVG,BOS bearish | Vol 2.1x | FVG | LiqSweep | MACD_Div | ChoCH | Engulfing | StrongTrend1h | Zone:FVG | MTF 21 | Risk x1.25,BOS+2 | BodyStrong+1 | 1h+2 | 4h+2 | Vol+2 | RSI+1 | BTC+2 | FVG+1 | LiqSweep+1 | MACD_Div+1 | ChoCH+1 | Engulfing+1 | Zone:FVG+1 | Sess:OFF_HOURS | Strong1h+1 | NestedOB_1h+2 | QualityRisk:1.15 | TrendPairRisk:1.25,0,0,-1.0,range,0.4745,0,2.219,0.25,1.1006,-1,0.0,0.4591,1.2938,10.0,-0.0833,1.734,1.0,-0.3001,0.3955078125,17429,22,2,1.21,2.327,1,0.509,1
XRPUSDT,17432,17451,1690250400,1690268400,SHORT,TRAIL,0.69926,0.6866,0.68038,0.71184338,0.557431707538036,0.5449284294044979,0.012503278133538017,15,2.3,37.53,0.4646017699115138,0.006998665599495697,1.2799432949019447,base,adaptive disabled,1.15,84.5,90,100,70,80,OFF_HOURS,bearish,bearish,FVG,BOS bearish | Vol 2.3x | FVG | ChoCH | StrongTrend1h | Zone:FVG | MTF 15 | Risk x1.15,BOS+2 | 1h+2 | 4h+2 | Vol+2 | RSI+1 | BTC+2 | FVG+1 | ChoCH+1 | Zone:FVG+1 | Sess:OFF_HOURS | Strong1h+1 | TrendPairRisk:1.15,0,0,-1.0,range,0.3675,0,2.0731,0.3333,1.8316,-1,0.0,0.0795,1.0806,0.0,-0.0052,1.761,1.0,-0.3057,0.5625,17428,0,1,0.922,4.353,0,0.759,0
DOTUSDT,17478,17594,1690291800,1690397100,SHORT,SL,5.163,5.034,4.74514371,5.24657126,-0.5855781042430164,-0.5994785168968403,0.01390041265382392,17,2.05,31.06,0.44000000000000145,0.005367424065884159,1.8531926158499834,base,adaptive disabled,1.15,88.5,90,90,90,80,NEW_YORK,bearish,bearish,FVG,BOS bearish | Vol 2.0x | FVG | ChoCH | Session:NEW_YORK | StrongTrend1h | Zone:FVG | MTF 17 | Risk x1.15,BOS+2 | BodyStrong+1 | 1h+2 | 4h+2 | Vol+2 | BTC+2 | FVG+1 | ChoCH+1 | Zone:FVG+1 | Sess:NEW_YORK | Strong1h+1 | NestedOB_1h+2 | TrendPairRisk:1.15,0,0,-1.0,range,0.2826,4,3.9269,0.0526,2.0137,-1,0.0,1.3162,0.3798,0.0,-0.3383,1.385,1.0,-0.3146,0.5625,17478,0,2,2.049,0.626,1,1.48,3
ADAUSDT,17506,17592,1690317000,1690395300,SHORT,SL,0.30258,0.29996487,0.28078726,0.30693855,-1.125,-1.145826651065148,0.020826651065148,15,2.43,35.78,0.7917808219178122,0.0034604544215136135,0.9634984520469522,base,adaptive disabled,1.25,84.5,90,100,70,80,DEAD_ZONE,bearish,bearish,FVG,BOS bearish | Vol 2.4x | FVG | ChoCH | StrongTrend1h | Zone:FVG | MTF 15 | Risk x1.25,BOS+2 | 1h+2 | 4h+2 | Vol+2 | RSI+1 | BTC+2 | FVG+1 | ChoCH+1 | Zone:FVG+1 | Sess:DEAD_ZONE | Strong1h+1 | QualityRisk:1.15 | TrendPairRisk:1.25,0,1,-1.0,bull,0.254,5,2.74,0.0526,2.4063,-1,0.0,1.5051,0.9139,0.0,-0.0396,2.403,1.0,-0.3185,0.75,17506,0,2,0.928,0.073,1,1.01,4
LINKUSDT,17523,17527,1690332300,1690336800,SHORT,TRAIL,7.367,7.29437593,6.76179944,7.48804011,0.17039806060982776,0.14757401492778072,0.022824045682047045,13,1.33,36.31,0.4228187919463068,0.007368751484357614,1.6722599959724826,base,adaptive disabled,1.15,78.5,90,100,50,80,OFF_HOURS,bearish,bearish,FVG,BOS bearish | Vol 1.3x | FVG | ChoCH | StrongTrend1h | Zone:FVG | MTF 13 | Risk x1.15,BOS+2 | 1h+2 | 4h+2 | Vol+1 | RSI+1 | BTCok+1 | FVG+1 | ChoCH+1 | Zone:FVG+1 | Sess:OFF_HOURS | Strong1h+1 | TrendPairRisk:1.15,0,0,-1.0,range,0.2764,2,2.9962,0.1111,6.8441,-1,0.0,0.0248,1.3356,3.5,-0.1251,1.295,1.0,-0.4453,0.9375,17523,0,1,0.936,0.562,1,1.03,1
BTCUSDT,17529,17602,1690337700,1690404300,SHORT,SL,29194.0,28983.8032,27442.36,29544.328,-0.4000899023557915,-0.41239458985579147,0.012304687499999955,13,3.63,34.29,0.4857142857142987,0.0016214143281370675,1.1822455639924903,base,adaptive disabled,1.15,74.0,60,100,70,80,OFF_HOURS,neutral,bearish,FVG,BOS bearish | Vol 3.6x | FVG | ChoCH | Zone:FVG | MTF 13 | Risk x1.15,BOS+2 | 1hN+1 | 4h+2 | Vol+2 | RSI+1 | BTC+2 | FVG+1 | ChoCH+1 | Zone:FVG+1 | Sess:OFF_HOURS | QualityRisk:1.15,0,0,-1.0,bear,0.6104,0,2.278,0.1765,2.0627,-1,0.0,1.3841,0.2512,3.317,0.0782,2.231,1.0,-0.2833,0.369140625,17527,4,5,1.282,1.704,1,0.794,2
XLMUSDT,17633,17656,1690431300,1690452900,LONG,TRAIL,0.15724,0.16277,0.184757,0.1517366,0.9369208125885838,0.926206526874298,0.01071428571428573,14,1.47,62.58,0.2819722650231124,0.011667243090317863,1.1503588480304026,base,adaptive disabled,1.25,83.1,90,93,70,80,OFF_HOURS,bullish,bullish,FVG,BOS bullish | Vol 1.5x | FVG | ChoCH | StrongTrend1h | Zone:FVG | MTF 14 | Risk x1.25,BOS+2 | BodyStrong+1 | 1h+2 | 4h+2 | Vol+1 | RSI+1 | BTCok+1 | FVG+1 | ChoCH+1 | Zone:FVG+1 | Sess:OFF_HOURS | Strong1h+1 | QualityRisk:1.15 | RelStrengthRisk:1.25,0,0,-1.0,range,0.3631,1,2.8648,0.1765,2.0617,-1,0.0,0.1744,1.1826,0.0,-0.2044,1.493,1.0,0.0682,0.9375,17632,1,4,0.803,2.247,1,0.772,0
LINKUSDT,17643,17673,1690440300,1690468200,LONG,TRAIL,7.935,8.101635,9.323625,7.657275,0.3375641371860679,0.3268498514717822,0.01071428571428574,15,1.36,59.13,0.25085910652920684,0.0087843414438297,1.3677736354182328,base,adaptive disabled,1.15,82.5,90,90,70,80,OFF_HOURS,bullish,bullish,FVG,BOS bullish | Vol 1.4x | FVG | ChoCH | StrongTrend1h | Zone:FVG | MTF 15 | Risk x1.15,BOS+2 | BodyStrong+1 | 1h+2 | 4h+2 | Vol+1 | RSI+1 | BTC+2 | FVG+1 | ChoCH+1 | Zone:FVG+1 | Sess:OFF_HOURS | Strong1h+1 | QualityRisk:1.15,0,0,-1.0,bull,0.7661,0,2.2492,0.4286,0.6825,-1,0.0,0.0612,1.1822,0.403,0.1277,0.83,1.0,0.158,0.9375,17639,8,1,0.922,2.323,1,0.479,0
ETHUSDT,17659,17850,1690454700,1690627500,LONG,EXPIRED,1878.08,1891.602176,1990.7648,1855.54304,-0.3539186296643354,-0.39141862966433555,0.03750000000000016,15,1.81,63.87,0.4336198662846243,0.002807545103520139,1.8527820538795343,base,adaptive disabled,1.0,73.8,65,90,70,80,LONDON,bullish,neutral,FVG,BOS bullish | Vol 1.8x | FVG | LiqSweep | ChoCH | Session:LONDON | StrongTrend1h | Zone:FVG | MTF 15,BOS+2 | BodyStrong+1 | 1h+2 | 4hN+1 | Vol+1 | RSI+1 | BTC+2 | FVG+1 | LiqSweep+1 | ChoCH+1 | Zone:FVG+1 | Sess:LONDON | Strong1h+1,0,1,-1.0,bear,0.3208,0,1.8202,0.25,0.9224,-1,0.0,1.0201,0.3897,0.0,0.2906,1.205,1.0,0.127,1.125,17654,1,2,1.307,1.41,1,0.429,0
DOTUSDT,17693,17884,1690485300,1690658100,SHORT,EXPIRED,5.206,5.14959834,4.73598621,5.30000276,-0.5026448159607233,-0.5275664246454045,0.024921608684681303,15,2.29,32.53,0.5238095238095429,0.003979297615062453,1.3916930192677337,base,adaptive disabled,1.0,78.2,55,100,90,80,DEAD_ZONE,bearish,neutral,FVG,BOS bearish | Vol 2.3x | FVG | ChoCH | BearWick | Zone:FVG | MTF 15,BOS+2 | BodyStrong+1 | 1h+2 | 4hN+1 | Vol+2 | RSI+1 | BTC+2 | FVG+1 | ChoCH+1 | BearWick+1 | Zone:FVG+1 | Sess:DEAD_ZONE,0,0,-1.0,bear,0.3103,0,3.4112,0.1765,2.5024,-1,0.0,0.7021,0.851,2.588,-0.1425,2.435,1.0,-0.3378,1.125,17693,1,3,0.941,0.294,1,0.941,6
LINKUSDT,17716,17732,1690506000,1690521300,LONG,SL,8.052,8.16780726,9.01706051,7.8589879,-0.986013312118772,-1.0016574090432653,0.01564409692449335,17,3.77,65.13,0.4479166666666637,0.006172197222817249,1.1830044677213405,base,adaptive disabled,1.25,84.5,90,100,70,80,OFF_HOURS,bullish,bullish,FVG,BOS bullish | Vol 3.8x | FVG | ChoCH | Engulfing | BullWick | StrongTrend1h | Zone:FVG | MTF 17 | Risk x1.25,BOS+2 | 1h+2 | 4h+2 | Vol+2 | RSI+1 | BTC+2 | FVG+1 | ChoCH+1 | Engulfing+1 | BullWick+1 | Zone:FVG+1 | Sess:OFF_HOURS | Strong1h+1 | QualityRisk:1.15 | RelStrengthRisk:1.25,0,0,-1.0,bull,0.2147,0,3.349,0.0526,3.7114,-1,0.0,1.1191,0.1382,2.0,0.2068,3.975,1.0,0.1638,0.9375,17716,0,1,1.075,0.8,1,0.95,2
AAVEUSDT,17717,17770,1690506900,1690555500,LONG,TRAIL,72.82,73.56711818,79.04598487,71.57480303,0.853780587018299,0.823078215489078,0.030702371529220916,14,3.26,56.69,0.27272727272727454,0.004430362576867849,1.1876653456079358,base,adaptive disabled,1.25,78.4,60,92,90,80,OFF_HOURS,neutral,bullish,FVG,BOS bullish | Vol 3.3x | FVG | ChoCH | Zone:FVG | MTF 14 | Risk x1.25,BOS+2 | BodyStrong+1 | 1hN+1 | 4h+2 | Vol+2 | RSI+1 | BTC+2 | FVG+1 | ChoCH+1 | Zone:FVG+1 | Sess:OFF_HOURS | QualityRisk:1.15 | RelStrengthRisk:1.25,0,0,-1.0,bull,0.3356,0,3.5611,0.1111,2.617,-1,0.0,0.4417,1.4456,2.6,0.2345,2.425,1.0,0.1964,1.3125,17717,2,3,0.69,2.217,1,1.344,6
SUIUSDT,8075,8099,1690525800,1690548300,SHORT,SL,0.628,0.6149,0.58074005,0.63745199,-0.6784285637204445,-0.693377796633302,0.01494923291285756,14,1.47,31.48,0.7924528301886801,0.0038308599071021857,1.2141910477475797,base,adaptive disabled,1.25,84.5,90,100,70,80,OFF_HOURS,bearish,bearish,FVG,BOS bearish | Vol 1.5x | FVG | ChoCH | Engulfing | StrongTrend1h | Zone:FVG | MTF 14 | Risk x1.25,BOS+2 | BodyStrong+1 | 1h+2 | 4h+2 | Vol+1 | BTCok+1 | FVG+1 | ChoCH+1 | Engulfing+1 | Zone:FVG+1 | Sess:OFF_HOURS | Strong1h+1 | QualityRisk:1.15 | TrendPairRisk:1.25,0,0,-1.0,range,0.3113,0,2.3699,0.25,1.119,-1,0.0,1.4283,0.1298,0.0,-0.1175,0.991,1.0,-0.3819,0.5625,8072,1,6,2.463,0.511,1,0.743,0
XLMUSDT,17758,17764,1690543800,1690550100,LONG,TRAIL,0.16253,0.16594313,0.17261,0.15684145,0.4023295699255513,0.3882670699255513,0.014062499999999966,17,1.32,65.05,0.5322195704057288,0.01614430807157174,2.5818105359749213,base,adaptive disabled,1.15,82.5,90,90,70,80,OVERLAP,bullish,bullish,FVG,BOS bullish | Vol 1.3x | FVG | LiqSweep | ChoCH | Discount | Session:OVERLAP | StrongTrend1h | Zone:FVG | MTF 17 | Risk x1.15,BOS+2 | BodyStrong+1 | 1h+2 | 4h+2 | Vol+1 | RSI+1 | BTC+2 | FVG+1 | LiqSweep+1 | ChoCH+1 | Discount+1 | Zone:FVG+1 | Sess:OVERLAP | Strong1h+1 | RelStrengthRisk:1.15,0,0,-1.0,range,0.4156,0,5.076,0.1111,3.3872,-1,0.0,0.0527,1.1485,10.0,0.0528,1.232,1.0,0.4979,1.23046875,17758,1,3,2.389,0.707,1,1.072,3
AAVEUSDT,17774,17838,1690558200,1690616700,LONG,SL,73.52,74.55,75.17,72.60514554,-0.424247808771682,-0.4378089822068533,0.013561173435171306,15,2.29,68.22,0.4557823129251672,0.005246441963328832,1.3157714620462841,base,adaptive disabled,1.15,90.5,90,100,90,80,NEW_YORK,bullish,bullish,FVG,BOS bullish | Vol 2.3x | FVG | ChoCH | Session:NEW_YORK | StrongTrend1h | Zone:FVG | MTF 15 | Risk x1.15,BOS+2 | BodyStrong+1 | 1h+2 | 4h+2 | Vol+2 | BTC+2 | FVG+1 | ChoCH+1 | Zone:FVG+1 | Sess:NEW_YORK | Strong1h+1 | QualityRisk:1.15,0,0,-1.0,range,0.4057,1,3.0542,0.1765,1.861,-1,0.0,1.0603,0.2136,0.0,0.1178,1.551,1.0,0.2972,0.421875,17772,1,2,1.299,3.967,0,0.597,0
